ClaimId,ClaimNumber,PolicyId,ClaimType,LossDate,ReportDate,FinalizedDate,Status,ReserveAmount,PaidAmount,CycleTimeDays,AdjusterId,CatastropheCode,FNOLChannel,IsLitigated
INS-CL-000001,CLM-985252,INS-PL-000002,Collision,2026-03-06,2026-03-11,2026-03-28,Closed,11518.14,10693.02,17.5,E-0236,,Phone,false
INS-CL-000002,CLM-511135,INS-PL-000015,Water Damage,2025-10-05,2025-10-11,2025-11-04,Closed,6493.95,6699.17,24.3,E-0246,,Phone,false
INS-CL-000003,CLM-431078,INS-PL-000023,Liability,2026-05-04,2026-05-05,2026-05-28,Closed,36777.38,27122.97,23.0,E-0265,,Mobile App,false
INS-CL-000004,CLM-627785,INS-PL-000027,Theft,2026-05-05,2026-05-05,2026-05-22,Closed,13400.74,7432.22,17.8,E-0258,,Mobile App,false
INS-CL-000005,CLM-315820,INS-PL-000034,Hail Damage,2026-06-15,2026-06-20,2026-07-24,Closed,16803.73,10713.33,34.3,E-0236,CAT-2026-HAIL-MW,Web,false
INS-CL-000006,CLM-852536,INS-PL-000036,Fire,2025-01-10,2025-01-16,2025-02-06,Closed,9669.87,8373.92,21.5,E-0264,,Agent,false
INS-CL-000007,CLM-789746,INS-PL-000038,Water Damage,2026-01-22,2026-01-26,2026-05-01,Closed,10920.91,7517.63,95.1,E-0263,,Phone,false
INS-CL-000008,CLM-218040,INS-PL-000060,Glass,2026-02-15,2026-02-15,2026-03-24,Closed,21924.21,11162.54,37.1,E-0252,,Phone,false
INS-CL-000009,CLM-557428,INS-PL-000061,Hail Damage,2026-06-15,2026-06-20,2026-07-11,Closed,15048.63,11899.35,21.6,E-0246,CAT-2026-HAIL-MW,Mobile App,false
INS-CL-000010,CLM-187614,INS-PL-000062,Collision,2024-09-22,2024-09-27,2024-10-22,Closed,1239.9,1299.82,25.3,E-0264,,Mobile App,false
INS-CL-000011,CLM-865207,INS-PL-000063,Liability,2026-07-10,2026-07-16,2026-07-26,Closed,47443.02,34199.07,11.0,E-0243,,Mobile App,false
INS-CL-000012,CLM-657888,INS-PL-000064,Theft,2025-10-29,2025-10-30,2025-11-11,Closed,5854.53,3476.39,12.3,E-0259,,Web,false
INS-CL-000013,CLM-156418,INS-PL-000068,Hail Damage,2026-06-17,2026-06-23,,Under Review,9549.11,0,,E-0241,CAT-2026-HAIL-MW,Phone,false
INS-CL-000014,CLM-123062,INS-PL-000076,Hail Damage,2026-06-18,2026-06-21,2026-07-25,Closed,11755.01,10022.26,34.9,E-0251,CAT-2026-HAIL-MW,Mobile App,false
INS-CL-000015,CLM-705137,INS-PL-000090,Theft,2026-04-13,2026-04-14,2026-04-25,Closed,2878.13,2228.21,11.4,E-0260,,Mobile App,false
INS-CL-000016,CLM-361807,INS-PL-000105,Theft,2026-01-07,2026-01-09,2026-01-19,Closed,9134.07,5033.88,10.0,E-0259,,Agent,false
INS-CL-000017,CLM-239627,INS-PL-000116,Fire,2026-06-29,2026-07-03,2026-07-13,Closed,13437.02,12331.84,10.6,E-0265,,Phone,false
INS-CL-000018,CLM-800895,INS-PL-000128,Theft,2026-07-19,2026-07-22,2026-08-09,Closed,12056.1,11595.72,18.4,E-0251,,Phone,false
INS-CL-000019,CLM-308107,INS-PL-000135,Theft,2025-07-19,2025-07-19,2025-08-04,Closed,2879.9,2486.72,16.3,E-0263,,Agent,false
INS-CL-000020,CLM-600556,INS-PL-000138,Hail Damage,2026-06-14,2026-06-20,2026-06-30,Closed,26515.21,20067.29,10.5,E-0241,CAT-2026-HAIL-MW,Mobile App,false
INS-CL-000021,CLM-387519,INS-PL-000140,Wind,2026-03-16,2026-03-19,2026-04-01,Closed,5775.99,3576.85,13.4,E-0255,,Mobile App,false
INS-CL-000022,CLM-370570,INS-PL-000142,Glass,2025-11-24,2025-11-30,2025-12-30,Closed,7234.33,6237.04,30.8,E-0241,,Phone,false
INS-CL-000023,CLM-599326,INS-PL-000155,Glass,2026-04-25,2026-04-30,2026-05-28,Closed,3037.61,1891.73,28.8,E-0251,,Agent,false
INS-CL-000024,CLM-337757,INS-PL-000175,Wind,2026-02-18,2026-02-20,2026-03-24,Closed,1240.08,753.33,32.5,E-0261,,Phone,false
INS-CL-000025,CLM-779808,INS-PL-000183,Liability,2026-01-18,2026-01-19,2026-02-25,Closed,17915.31,11681.55,37.6,E-0245,,Mobile App,false
INS-CL-000026,CLM-816829,INS-PL-000226,Wind,2026-08-10,2026-08-13,2026-08-28,Closed,15487.04,9337.73,15.4,E-0253,,Phone,false
INS-CL-000027,CLM-879405,INS-PL-000240,Glass,2025-05-25,2025-05-28,2025-06-15,Closed,20584.0,15161.61,18.3,E-0243,,Phone,false
INS-CL-000028,CLM-628676,INS-PL-000242,Fire,2024-09-03,2024-09-06,2024-09-23,Closed,83280.06,77459.69,17.7,E-0249,,Phone,false
INS-CL-000029,CLM-880063,INS-PL-000252,Hail Damage,2026-06-17,2026-06-22,2026-07-08,Closed,5982.82,5363.19,16.7,E-0263,CAT-2026-HAIL-MW,Phone,false
INS-CL-000030,CLM-934908,INS-PL-000256,Fire,2024-09-01,2024-09-01,2024-10-13,Closed,18375.2,17571.57,42.0,E-0261,,Phone,false
INS-CL-000031,CLM-346645,INS-PL-000279,Collision,2025-10-17,2025-10-17,2025-10-24,Closed,1280.88,752.18,7.5,E-0258,,Mobile App,false
INS-CL-000032,CLM-755916,INS-PL-000281,Wind,2026-08-26,2026-09-01,,Open,4898.99,0,,E-0238,,Mobile App,false
INS-CL-000033,CLM-719921,INS-PL-000297,Hail Damage,2026-06-17,2026-06-17,2026-06-26,Closed,14605.48,11888.06,9.1,E-0248,CAT-2026-HAIL-MW,Phone,false
INS-CL-000034,CLM-894623,INS-PL-000304,Wind,2025-02-18,2025-02-20,2025-03-10,Closed,6710.51,5390.22,18.0,E-0250,,Phone,false
INS-CL-000035,CLM-609147,INS-PL-000308,Theft,2026-08-20,2026-08-21,,Open,74687.65,0,,E-0256,,Mobile App,false
INS-CL-000036,CLM-738515,INS-PL-000313,Collision,2025-12-27,2025-12-29,2026-01-14,Closed,8033.39,8328.02,16.5,E-0256,,Mobile App,false
INS-CL-000037,CLM-704497,INS-PL-000331,Wind,2024-11-06,2024-11-09,2024-11-15,Closed,9992.18,8970.13,6.5,E-0259,,Web,false
INS-CL-000038,CLM-479776,INS-PL-000344,Fire,2026-08-29,2026-09-04,,Under Review,14106.02,0,,E-0260,,Phone,false
INS-CL-000039,CLM-376437,INS-PL-000348,Water Damage,2024-11-13,2024-11-19,2024-12-04,Closed,20500.77,16829.48,15.6,E-0250,,Agent,false
INS-CL-000040,CLM-673203,INS-PL-000350,Liability,2024-10-06,2024-10-09,2024-10-21,Closed,4152.06,4233.98,13.0,E-0244,,Phone,false
INS-CL-000041,CLM-878222,INS-PL-000354,Water Damage,2024-10-22,2024-10-25,2024-11-13,Closed,3306.03,2136.91,19.3,E-0252,,Phone,false
INS-CL-000042,CLM-974579,INS-PL-000356,Hail Damage,2026-06-16,2026-06-22,2026-07-14,Closed,15793.57,10673.31,22.5,E-0245,CAT-2026-HAIL-MW,Mobile App,false
INS-CL-000043,CLM-708574,INS-PL-000381,Glass,2026-05-01,2026-05-05,2026-05-19,Closed,12381.51,9732.9,14.6,E-0259,,Mobile App,false
INS-CL-000044,CLM-949075,INS-PL-000387,Wind,2026-08-31,2026-09-02,,Open,15291.14,0,,E-0256,,Agent,false
INS-CL-000045,CLM-302567,INS-PL-000399,Water Damage,2025-04-12,2025-04-13,2025-04-24,Closed,4723.38,3788.07,11.1,E-0263,,Mobile App,false
INS-CL-000046,CLM-800618,INS-PL-000401,Fire,2026-08-01,2026-08-01,2026-08-12,Closed,11408.31,11128.55,11.1,E-0236,,Phone,false
INS-CL-000047,CLM-295936,INS-PL-000409,Fire,2025-05-06,2025-05-08,2025-05-27,Closed,28525.48,16883.03,19.3,E-0251,,Agent,false
INS-CL-000048,CLM-642125,INS-PL-000410,Theft,2024-09-20,2024-09-20,2024-10-27,Closed,6597.23,4729.98,37.5,E-0262,,Mobile App,false
INS-CL-000049,CLM-888271,INS-PL-000434,Glass,2025-12-17,2025-12-22,2026-01-12,Closed,5641.15,2859.53,21.3,E-0243,,Agent,false
INS-CL-000050,CLM-516370,INS-PL-000438,Liability,2025-08-25,2025-08-30,2025-09-26,Closed,17383.41,13864.56,27.2,E-0252,,Web,false
INS-CL-000051,CLM-480858,INS-PL-000439,Hail Damage,2026-06-18,2026-06-22,2026-07-07,Closed,5216.23,2612.62,15.4,E-0263,CAT-2026-HAIL-MW,Web,false
INS-CL-000052,CLM-539521,INS-PL-000440,Water Damage,2024-10-02,2024-10-02,2024-11-20,Closed,6183.62,6180.97,49.1,E-0249,,Phone,false
INS-CL-000053,CLM-194826,INS-PL-000445,Glass,2026-06-24,2026-06-27,2026-07-15,Closed,7936.47,4976.49,18.9,E-0251,,Agent,false
INS-CL-000054,CLM-199019,INS-PL-000459,Wind,2025-02-05,2025-02-05,2025-03-04,Closed,6084.55,5764.03,27.8,E-0249,,Phone,false
INS-CL-000055,CLM-572523,INS-PL-000466,Fire,2026-03-20,2026-03-24,2026-04-17,Closed,4144.99,2664.67,24.8,E-0255,,Mobile App,false
INS-CL-000056,CLM-564098,INS-PL-000479,Hail Damage,2026-06-17,2026-06-20,2026-08-24,Closed,5090.48,5007.34,65.9,E-0248,CAT-2026-HAIL-MW,Phone,false
INS-CL-000057,CLM-663220,INS-PL-000485,Glass,2026-07-20,2026-07-22,2026-08-29,Closed,7936.22,6003.52,38.9,E-0253,,Web,false
INS-CL-000058,CLM-814501,INS-PL-000503,Theft,2025-01-19,2025-01-19,2025-02-11,Closed,1763.0,1439.7,23.6,E-0239,,Agent,false
INS-CL-000059,CLM-943046,INS-PL-000507,Wind,2026-08-24,2026-08-24,,Under Review,4117.54,0,,E-0243,,Phone,false
INS-CL-000060,CLM-436876,INS-PL-000511,Theft,2026-08-29,2026-09-02,,Under Review,15276.69,0,,E-0244,,Agent,false
INS-CL-000061,CLM-759053,INS-PL-000517,Fire,2024-09-13,2024-09-18,2024-10-25,Closed,7721.98,6149.99,37.4,E-0245,,Agent,false
INS-CL-000062,CLM-554818,INS-PL-000522,Theft,2026-08-15,2026-08-19,,Under Review,58917.61,0,,E-0243,,Agent,false
INS-CL-000063,CLM-350109,INS-PL-000541,Fire,2026-07-04,2026-07-08,,Awaiting Documents,3733.34,0,,E-0247,,Mobile App,false
INS-CL-000064,CLM-612776,INS-PL-000554,Theft,2025-04-17,2025-04-20,2025-05-12,Closed,3777.35,3313.65,22.9,E-0247,,Mobile App,false
INS-CL-000065,CLM-900421,INS-PL-000567,Glass,2026-05-27,2026-06-02,2026-06-15,Closed,3968.15,4001.11,13.8,E-0249,,Agent,false
INS-CL-000066,CLM-947698,INS-PL-000582,Water Damage,2025-03-13,2025-03-14,2025-04-02,Closed,14241.75,13300.2,19.3,E-0254,,Web,false
INS-CL-000067,CLM-243373,INS-PL-000603,Liability,2026-08-21,2026-08-24,,Under Review,6495.68,0,,E-0241,,Phone,false
INS-CL-000068,CLM-584031,INS-PL-000630,Fire,2026-08-14,2026-08-19,2026-08-30,Closed,41100.24,35802.2,11.6,E-0258,,Web,false
INS-CL-000069,CLM-709122,INS-PL-000633,Glass,2025-12-16,2025-12-16,2026-01-01,Closed,31141.75,28187.86,16.9,E-0246,,Mobile App,false
INS-CL-000070,CLM-880096,INS-PL-000652,Glass,2025-07-28,2025-07-29,2025-08-08,Closed,17329.75,12252.97,10.9,E-0254,,Agent,false
INS-CL-000071,CLM-303623,INS-PL-000655,Hail Damage,2026-06-14,2026-06-14,2026-07-02,Closed,8556.51,7121.72,18.1,E-0244,CAT-2026-HAIL-MW,Web,false
INS-CL-000072,CLM-664007,INS-PL-000659,Glass,2025-06-03,2025-06-08,2025-07-31,Closed,3942.12,2030.1,53.9,E-0249,,Mobile App,false
INS-CL-000073,CLM-509882,INS-PL-000667,Theft,2026-08-05,2026-08-07,,Awaiting Documents,5052.7,0,,E-0264,,Phone,false
INS-CL-000074,CLM-106660,INS-PL-000670,Collision,2024-11-23,2024-11-28,2024-12-09,Closed,7252.74,5723.77,11.1,E-0247,,Mobile App,false
INS-CL-000075,CLM-807522,INS-PL-000673,Liability,2025-03-02,2025-03-03,2025-04-08,Closed,6714.15,5443.32,36.5,E-0244,,Web,false
INS-CL-000076,CLM-104045,INS-PL-000679,Glass,2025-06-02,2025-06-05,2025-06-19,Closed,7545.49,6690.9,14.4,E-0242,,Web,false
INS-CL-000077,CLM-505070,INS-PL-000687,Liability,2025-01-22,2025-01-27,2025-02-08,Closed,6025.65,4461.79,12.4,E-0240,,Web,false
INS-CL-000078,CLM-704991,INS-PL-000705,Collision,2026-04-25,2026-04-29,2026-05-18,Closed,31648.97,31731.19,19.3,E-0237,,Mobile App,false
INS-CL-000079,CLM-412079,INS-PL-000711,Glass,2025-07-14,2025-07-16,2025-08-02,Closed,3151.68,2099.96,17.7,E-0245,,Mobile App,false
INS-CL-000080,CLM-883805,INS-PL-000716,Fire,2025-08-15,2025-08-17,2025-09-08,Closed,28359.11,24650.84,22.7,E-0238,,Mobile App,false
INS-CL-000081,CLM-635822,INS-PL-000717,Collision,2024-09-15,2024-09-18,2024-10-04,Closed,14550.0,8694.67,16.9,E-0255,,Mobile App,false
INS-CL-000082,CLM-504078,INS-PL-000729,Wind,2025-02-16,2025-02-16,2025-03-21,Closed,96245.87,91740.8,33.1,E-0248,,Phone,false
INS-CL-000083,CLM-412233,INS-PL-000743,Fire,2025-09-10,2025-09-13,2025-09-24,Closed,1580.87,1161.78,11.2,E-0256,,Mobile App,false
INS-CL-000084,CLM-820764,INS-PL-000749,Fire,2026-01-06,2026-01-10,2026-01-18,Closed,844.94,675.14,8.6,E-0237,,Mobile App,false
INS-CL-000085,CLM-312700,INS-PL-000755,Theft,2024-09-01,2024-09-06,2024-10-01,Closed,8187.76,5135.14,25.3,E-0240,,Mobile App,false
INS-CL-000086,CLM-922821,INS-PL-000757,Collision,2026-08-09,2026-08-12,,Open,9098.86,0,,E-0249,,Phone,false
INS-CL-000087,CLM-929966,INS-PL-000775,Liability,2026-06-02,2026-06-05,2026-06-14,Closed,4656.47,2578.03,9.1,E-0238,,Phone,false
INS-CL-000088,CLM-977792,INS-PL-000788,Glass,2026-02-22,2026-02-22,2026-03-11,Closed,11024.14,10236.14,17.3,E-0257,,Agent,false
INS-CL-000089,CLM-338154,INS-PL-000796,Liability,2025-12-07,2025-12-08,2025-12-27,Closed,36926.69,22753.57,19.8,E-0236,,Mobile App,false
INS-CL-000090,CLM-586899,INS-PL-000798,Fire,2026-07-09,2026-07-09,2026-08-23,Closed,25553.24,18064.74,46.0,E-0260,,Mobile App,true
INS-CL-000091,CLM-628969,INS-PL-000802,Fire,2026-04-08,2026-04-13,2026-04-30,Closed,2083.38,1163.6,17.4,E-0257,,Mobile App,false
INS-CL-000092,CLM-499713,INS-PL-000808,Water Damage,2025-08-15,2025-08-21,2025-09-04,Closed,9945.74,9720.6,14.4,E-0242,,Mobile App,false
INS-CL-000093,CLM-260469,INS-PL-000811,Water Damage,2025-11-11,2025-11-15,2025-11-28,Closed,4357.23,2562.57,13.5,E-0238,,Phone,false
INS-CL-000094,CLM-931158,INS-PL-000818,Glass,2026-08-24,2026-08-30,,Open,9951.2,0,,E-0240,,Phone,false
INS-CL-000095,CLM-183936,INS-PL-000824,Liability,2025-03-25,2025-03-29,2025-04-10,Closed,3329.77,2863.57,12.8,E-0263,,Mobile App,false
INS-CL-000096,CLM-534980,INS-PL-000838,Liability,2025-12-02,2025-12-06,2025-12-19,Closed,5989.06,5177.03,13.9,E-0258,,Mobile App,false
INS-CL-000097,CLM-710697,INS-PL-000843,Collision,2026-04-25,2026-05-01,2026-05-12,Closed,17382.04,11447.08,11.3,E-0251,,Agent,false
INS-CL-000098,CLM-510246,INS-PL-000845,Fire,2026-03-11,2026-03-17,2026-03-27,Closed,1669.44,1632.1,10.1,E-0245,,Web,false
INS-CL-000099,CLM-955435,INS-PL-000865,Liability,2025-10-11,2025-10-11,2025-10-20,Closed,14326.0,13976.94,9.3,E-0261,,Mobile App,false
INS-CL-000100,CLM-518857,INS-PL-000877,Water Damage,2026-07-03,2026-07-03,2026-07-15,Closed,4743.9,4324.57,12.9,E-0247,,Web,false
INS-CL-000101,CLM-270486,INS-PL-000891,Fire,2025-11-05,2025-11-11,2025-12-24,Closed,14366.94,7751.51,43.6,E-0240,,Phone,false
INS-CL-000102,CLM-435517,INS-PL-000896,Wind,2025-01-02,2025-01-02,2025-01-11,Closed,39740.17,35830.76,9.7,E-0246,,Mobile App,false
INS-CL-000103,CLM-462139,INS-PL-000900,Fire,2024-10-03,2024-10-05,2024-11-18,Closed,22288.0,14231.95,44.5,E-0241,,Phone,false
INS-CL-000104,CLM-336417,INS-PL-000918,Hail Damage,2026-06-16,2026-06-21,2026-08-17,Closed,1384.17,1054.34,57.2,E-0236,CAT-2026-HAIL-MW,Mobile App,false
INS-CL-000105,CLM-155809,INS-PL-000937,Theft,2025-06-28,2025-07-04,2025-07-23,Closed,1974.87,2014.31,19.2,E-0242,,Mobile App,false
INS-CL-000106,CLM-916091,INS-PL-000938,Wind,2026-01-28,2026-02-03,2026-03-16,Closed,2871.63,1905.47,41.6,E-0236,,Web,false
INS-CL-000107,CLM-252427,INS-PL-000946,Glass,2026-01-04,2026-01-04,2026-01-21,Closed,1271.06,982.69,17.6,E-0236,,Phone,false
INS-CL-000108,CLM-242418,INS-PL-000954,Theft,2026-01-17,2026-01-22,2026-02-16,Closed,8307.35,6627.87,25.8,E-0241,,Agent,false
INS-CL-000109,CLM-450206,INS-PL-000960,Liability,2024-12-03,2024-12-06,2025-01-12,Closed,8517.51,8267.9,37.0,E-0263,,Mobile App,false
INS-CL-000110,CLM-481286,INS-PL-000970,Theft,2025-01-31,2025-02-04,2025-03-02,Closed,52572.01,33130.28,26.2,E-0252,,Phone,false
INS-CL-000111,CLM-369483,INS-PL-000971,Wind,2026-04-16,2026-04-21,2026-05-03,Closed,4790.89,4284.66,12.2,E-0259,,Phone,false
INS-CL-000112,CLM-535482,INS-PL-000987,Theft,2026-07-12,2026-07-12,2026-07-21,Closed,25457.8,15709.41,9.8,E-0265,,Mobile App,false
INS-CL-000113,CLM-816962,INS-PL-000990,Water Damage,2025-07-21,2025-07-21,2025-07-30,Closed,14473.59,13826.4,9.0,E-0240,,Mobile App,false
INS-CL-000114,CLM-934284,INS-PL-000992,Collision,2025-06-11,2025-06-14,2025-06-26,Closed,16752.75,15984.11,12.2,E-0261,,Mobile App,false
INS-CL-000115,CLM-966955,INS-PL-000995,Collision,2026-08-16,2026-08-22,,Awaiting Documents,2943.5,0,,E-0240,,Mobile App,false
INS-CL-000116,CLM-366930,INS-PL-001001,Water Damage,2025-10-08,2025-10-08,2025-11-02,Closed,11122.77,8535.32,25.2,E-0247,,Agent,false
INS-CL-000117,CLM-297441,INS-PL-001014,Fire,2024-12-15,2024-12-21,2025-01-09,Closed,12280.73,12098.21,19.7,E-0242,,Web,false
INS-CL-000118,CLM-465450,INS-PL-001037,Wind,2025-03-31,2025-04-06,2025-04-25,Closed,20589.69,20191.9,19.9,E-0265,,Agent,false
INS-CL-000119,CLM-820290,INS-PL-001039,Fire,2026-08-23,2026-08-27,,Open,1875.47,0,,E-0256,,Phone,false
INS-CL-000120,CLM-291475,INS-PL-001043,Hail Damage,2026-06-15,2026-06-15,2026-07-12,Closed,5162.57,2845.37,27.4,E-0250,CAT-2026-HAIL-MW,Mobile App,true
INS-CL-000121,CLM-318351,INS-PL-001045,Liability,2024-11-06,2024-11-07,2024-11-25,Closed,8278.57,7414.48,18.1,E-0251,,Phone,false
INS-CL-000122,CLM-773065,INS-PL-001055,Wind,2024-09-10,2024-09-12,2024-09-23,Closed,13134.57,7541.14,11.9,E-0236,,Mobile App,false
INS-CL-000123,CLM-215584,INS-PL-001084,Water Damage,2026-07-14,2026-07-15,2026-08-16,Closed,6252.69,4792.44,32.2,E-0255,,Mobile App,false
INS-CL-000124,CLM-387796,INS-PL-001096,Hail Damage,2026-06-15,2026-06-21,2026-07-10,Closed,59416.74,58515.38,19.1,E-0247,CAT-2026-HAIL-MW,Mobile App,false
INS-CL-000125,CLM-488374,INS-PL-001099,Hail Damage,2026-06-14,2026-06-16,2026-07-08,Closed,33744.06,22803.65,22.8,E-0251,CAT-2026-HAIL-MW,Agent,false
INS-CL-000126,CLM-113551,INS-PL-001100,Water Damage,2025-12-28,2026-01-01,2026-01-14,Closed,8948.54,6296.78,13.7,E-0243,,Phone,true
INS-CL-000127,CLM-552212,INS-PL-001103,Theft,2025-03-23,2025-03-27,2025-04-10,Closed,41201.65,24861.61,14.1,E-0257,,Web,false
INS-CL-000128,CLM-229478,INS-PL-001109,Glass,2025-01-20,2025-01-23,2025-02-11,Closed,28712.19,25592.95,19.9,E-0253,,Mobile App,false
INS-CL-000129,CLM-973830,INS-PL-001167,Hail Damage,2026-06-17,2026-06-22,2026-07-11,Closed,15806.01,13427.22,19.5,E-0245,CAT-2026-HAIL-MW,Phone,false
INS-CL-000130,CLM-428370,INS-PL-001178,Collision,2025-05-10,2025-05-14,2025-05-21,Closed,46820.93,46609.55,7.1,E-0265,,Mobile App,false
INS-CL-000131,CLM-290561,INS-PL-001186,Theft,2026-02-07,2026-02-07,2026-02-22,Closed,56334.85,29780.24,15.3,E-0258,,Agent,false
INS-CL-000132,CLM-203396,INS-PL-001216,Collision,2025-06-05,2025-06-08,2025-06-24,Closed,5447.61,4113.93,16.7,E-0243,,Phone,false
INS-CL-000133,CLM-770348,INS-PL-001230,Glass,2026-07-26,2026-07-27,2026-08-12,Closed,35142.26,30271.58,16.6,E-0260,,Agent,false
INS-CL-000134,CLM-154947,INS-PL-001232,Fire,2026-07-18,2026-07-24,2026-08-15,Closed,7971.32,6337.36,22.6,E-0256,,Phone,false
INS-CL-000135,CLM-649636,INS-PL-001249,Hail Damage,2026-06-17,2026-06-17,2026-07-06,Closed,3512.81,3110.2,19.3,E-0262,CAT-2026-HAIL-MW,Agent,false
INS-CL-000136,CLM-315265,INS-PL-001250,Wind,2026-03-11,2026-03-17,2026-04-23,Closed,21072.52,11835.01,37.3,E-0257,,Phone,false
INS-CL-000137,CLM-356144,INS-PL-001252,Fire,2025-09-10,2025-09-15,2025-10-09,Closed,6755.65,6112.44,24.4,E-0242,,Mobile App,false
INS-CL-000138,CLM-968009,INS-PL-001289,Theft,2024-12-19,2024-12-21,2025-01-08,Closed,13872.74,12136.88,18.5,E-0260,,Phone,false
INS-CL-000139,CLM-311888,INS-PL-001303,Glass,2026-05-22,2026-05-27,2026-06-19,Closed,3836.62,2668.97,23.6,E-0261,,Mobile App,false
INS-CL-000140,CLM-252403,INS-PL-001331,Hail Damage,2026-06-17,2026-06-20,2026-07-02,Closed,6734.73,6065.08,12.9,E-0256,CAT-2026-HAIL-MW,Mobile App,false
INS-CL-000141,CLM-110150,INS-PL-001337,Wind,2025-07-27,2025-07-29,2025-08-14,Closed,10516.47,10074.77,16.0,E-0254,,Agent,false
INS-CL-000142,CLM-284820,INS-PL-001347,Collision,2024-09-10,2024-09-14,2024-10-06,Closed,15394.73,14521.21,22.3,E-0245,,Phone,false
INS-CL-000143,CLM-921911,INS-PL-001358,Theft,2026-08-15,2026-08-18,,Open,2850.76,0,,E-0263,,Agent,false
INS-CL-000144,CLM-497847,INS-PL-001362,Theft,2025-11-17,2025-11-17,2025-12-26,Closed,5680.73,3271.06,39.1,E-0238,,Web,false
INS-CL-000145,CLM-359289,INS-PL-001367,Water Damage,2025-02-28,2025-03-06,2025-03-16,Closed,27595.3,23716.72,10.4,E-0265,,Mobile App,false
INS-CL-000146,CLM-421588,INS-PL-001395,Fire,2024-09-02,2024-09-05,2024-10-01,Closed,7499.49,4111.3,26.3,E-0241,,Mobile App,false
INS-CL-000147,CLM-588597,INS-PL-001408,Glass,2024-10-04,2024-10-08,2024-10-25,Closed,12925.15,8304.65,17.7,E-0257,,Mobile App,false
INS-CL-000148,CLM-120070,INS-PL-001417,Wind,2025-05-17,2025-05-22,2025-06-04,Closed,5941.49,5194.82,13.4,E-0256,,Phone,false
INS-CL-000149,CLM-947591,INS-PL-001429,Hail Damage,2026-06-16,2026-06-16,2026-06-30,Closed,6480.88,3351.1,14.4,E-0251,CAT-2026-HAIL-MW,Mobile App,false
INS-CL-000150,CLM-500610,INS-PL-001432,Hail Damage,2026-06-15,2026-06-17,2026-06-27,Closed,118374.12,75465.98,10.9,E-0251,CAT-2026-HAIL-MW,Agent,false
INS-CL-000151,CLM-713169,INS-PL-001438,Wind,2026-02-25,2026-02-26,2026-03-10,Closed,9627.84,8637.73,12.0,E-0245,,Phone,false
INS-CL-000152,CLM-547232,INS-PL-001440,Collision,2025-05-09,2025-05-10,2025-05-13,Closed,3713.75,3072.3,3.5,E-0237,,Mobile App,false
INS-CL-000153,CLM-504200,INS-PL-001464,Glass,2026-08-05,2026-08-08,,Open,2865.68,0,,E-0262,,Agent,false
INS-CL-000154,CLM-511021,INS-PL-001480,Collision,2025-11-20,2025-11-22,2025-11-29,Closed,18955.21,10360.9,7.3,E-0263,,Mobile App,false
INS-CL-000155,CLM-266886,INS-PL-001489,Theft,2026-01-05,2026-01-09,2026-02-23,Closed,22824.99,19534.32,45.7,E-0258,,Mobile App,false
INS-CL-000156,CLM-272735,INS-PL-001502,Liability,2025-03-25,2025-03-27,2025-04-14,Closed,185143.42,164640.26,18.5,E-0258,,Mobile App,false
INS-CL-000157,CLM-634094,INS-PL-001505,Water Damage,2024-10-13,2024-10-16,2024-11-20,Closed,9837.41,6472.12,35.9,E-0238,,Phone,false
INS-CL-000158,CLM-868524,INS-PL-001508,Liability,2026-07-31,2026-08-06,2026-08-27,Closed,10602.14,10537.44,21.7,E-0240,,Phone,false
INS-CL-000159,CLM-419920,INS-PL-001519,Wind,2026-05-05,2026-05-08,2026-05-27,Closed,16061.0,11721.63,19.1,E-0254,,Agent,false
INS-CL-000160,CLM-802578,INS-PL-001520,Fire,2025-10-11,2025-10-11,2025-11-09,Closed,8029.66,6339.48,29.4,E-0249,,Phone,false
INS-CL-000161,CLM-628948,INS-PL-001525,Collision,2026-08-18,2026-08-24,,Under Review,24735.3,0,,E-0242,,Agent,false
INS-CL-000162,CLM-867316,INS-PL-001530,Collision,2026-05-31,2026-06-06,2026-06-23,Closed,11880.13,9375.46,17.9,E-0248,,Mobile App,false
INS-CL-000163,CLM-924202,INS-PL-001544,Water Damage,2024-09-03,2024-09-07,2024-09-17,Closed,22438.32,18403.68,10.3,E-0264,,Phone,false
INS-CL-000164,CLM-554307,INS-PL-001552,Liability,2026-08-29,2026-09-02,,Open,6715.25,0,,E-0257,,Phone,true
INS-CL-000165,CLM-127900,INS-PL-001553,Water Damage,2026-08-16,2026-08-20,,Awaiting Documents,31557.73,0,,E-0251,,Mobile App,true
INS-CL-000166,CLM-184510,INS-PL-001561,Fire,2025-01-30,2025-02-04,2025-02-23,Closed,4437.67,2968.51,19.6,E-0247,,Web,false
INS-CL-000167,CLM-173606,INS-PL-001604,Wind,2024-10-15,2024-10-16,2024-11-02,Closed,16031.36,12139.68,17.4,E-0254,,Mobile App,false
INS-CL-000168,CLM-569473,INS-PL-001607,Hail Damage,2026-06-15,2026-06-15,2026-06-28,Closed,16094.6,14933.64,13.8,E-0253,CAT-2026-HAIL-MW,Phone,true
INS-CL-000169,CLM-627962,INS-PL-001614,Hail Damage,2026-06-16,2026-06-21,2026-07-27,Closed,9159.93,8712.72,36.6,E-0253,CAT-2026-HAIL-MW,Phone,false
INS-CL-000170,CLM-418443,INS-PL-001624,Hail Damage,2026-06-14,2026-06-15,2026-06-28,Closed,9838.68,7786.92,13.1,E-0244,CAT-2026-HAIL-MW,Phone,false
INS-CL-000171,CLM-810373,INS-PL-001635,Glass,2025-07-08,2025-07-13,2025-08-01,Closed,2558.36,1867.91,19.7,E-0245,,Mobile App,false
INS-CL-000172,CLM-297710,INS-PL-001639,Liability,2026-02-10,2026-02-13,2026-03-11,Closed,16726.47,12203.32,26.8,E-0243,,Agent,false
INS-CL-000173,CLM-607685,INS-PL-001645,Hail Damage,2026-06-16,2026-06-17,2026-06-24,Closed,1454.92,919.73,7.8,E-0261,CAT-2026-HAIL-MW,Mobile App,false
INS-CL-000174,CLM-899241,INS-PL-001675,Theft,2024-10-13,2024-10-18,2024-11-12,Closed,13029.92,8197.93,25.3,E-0251,,Mobile App,false
INS-CL-000175,CLM-625999,INS-PL-001679,Hail Damage,2026-06-18,2026-06-18,2026-07-08,Closed,17751.84,10536.24,20.4,E-0254,CAT-2026-HAIL-MW,Agent,false
INS-CL-000176,CLM-275073,INS-PL-001683,Collision,2025-12-17,2025-12-19,2026-01-05,Closed,14741.94,14538.03,17.7,E-0247,,Phone,false
INS-CL-000177,CLM-335650,INS-PL-001689,Fire,2026-05-03,2026-05-06,2026-05-23,Closed,12471.82,10882.52,17.4,E-0255,,Phone,false
INS-CL-000178,CLM-472146,INS-PL-001734,Theft,2026-08-26,2026-09-01,,Under Review,7202.24,0,,E-0258,,Phone,false
INS-CL-000179,CLM-239558,INS-PL-001738,Water Damage,2026-06-19,2026-06-23,2026-06-26,Closed,6220.47,3965.31,3.7,E-0253,,Agent,false
INS-CL-000180,CLM-795531,INS-PL-001745,Fire,2026-06-22,2026-06-28,2026-07-20,Closed,2671.89,2148.96,22.0,E-0258,,Mobile App,false
INS-CL-000181,CLM-620574,INS-PL-001747,Liability,2024-10-09,2024-10-14,2024-11-14,Closed,22725.19,17418.88,31.2,E-0260,,Mobile App,false
INS-CL-000182,CLM-166596,INS-PL-001748,Wind,2026-05-05,2026-05-11,2026-05-20,Closed,24745.92,21197.02,9.2,E-0263,,Phone,false
INS-CL-000183,CLM-535402,INS-PL-001756,Glass,2024-11-25,2024-11-29,2024-12-16,Closed,4958.68,4074.98,17.6,E-0257,,Phone,false
INS-CL-000184,CLM-263832,INS-PL-001785,Hail Damage,2026-06-16,2026-06-21,2026-07-20,Closed,2831.7,2340.29,30.0,E-0248,CAT-2026-HAIL-MW,Mobile App,false
INS-CL-000185,CLM-756233,INS-PL-001801,Wind,2026-05-07,2026-05-09,2026-06-17,Closed,11839.87,8503.13,39.4,E-0265,,Phone,false
INS-CL-000186,CLM-698790,INS-PL-001805,Fire,2024-10-07,2024-10-07,2024-10-29,Closed,68485.13,64518.65,22.5,E-0253,,Mobile App,false
INS-CL-000187,CLM-844238,INS-PL-001814,Water Damage,2026-04-28,2026-04-29,2026-05-29,Closed,10530.59,10032.12,30.7,E-0260,,Phone,false
INS-CL-000188,CLM-594257,INS-PL-001820,Water Damage,2026-08-01,2026-08-06,2026-08-29,Closed,3817.51,2646.38,23.6,E-0260,,Agent,true
INS-CL-000189,CLM-974711,INS-PL-001834,Water Damage,2026-07-16,2026-07-18,2026-08-11,Closed,1404.44,1405.56,24.6,E-0240,,Mobile App,false
INS-CL-000190,CLM-571395,INS-PL-001843,Theft,2025-11-28,2025-12-03,2025-12-15,Closed,1846.55,1181.59,12.4,E-0253,,Phone,false
INS-CL-000191,CLM-192386,INS-PL-001845,Water Damage,2025-03-17,2025-03-19,2025-03-30,Closed,1809.66,1254.93,12.0,E-0254,,Phone,false
INS-CL-000192,CLM-888924,INS-PL-001851,Liability,2026-07-29,2026-08-03,2026-08-26,Closed,27819.9,19899.99,23.1,E-0252,,Phone,false
INS-CL-000193,CLM-793805,INS-PL-001854,Collision,2026-01-31,2026-02-05,2026-02-22,Closed,19916.64,18617.01,17.0,E-0264,,Mobile App,false
INS-CL-000194,CLM-592871,INS-PL-001867,Theft,2025-06-13,2025-06-13,2025-07-25,Closed,18683.44,9464.05,42.1,E-0239,,Agent,false
INS-CL-000195,CLM-326215,INS-PL-001873,Hail Damage,2026-06-17,2026-06-21,2026-07-05,Closed,8441.91,8240.4,14.8,E-0244,CAT-2026-HAIL-MW,Mobile App,false
INS-CL-000196,CLM-248300,INS-PL-001885,Hail Damage,2026-06-14,2026-06-18,2026-07-08,Closed,12448.72,9122.44,20.8,E-0249,CAT-2026-HAIL-MW,Web,false
INS-CL-000197,CLM-350871,INS-PL-001889,Theft,2026-03-02,2026-03-06,2026-03-29,Closed,24394.87,22404.88,23.4,E-0240,,Phone,false
INS-CL-000198,CLM-431435,INS-PL-001895,Water Damage,2026-02-27,2026-03-01,2026-03-12,Closed,5373.44,5296.76,11.5,E-0240,,Phone,false
INS-CL-000199,CLM-119766,INS-PL-001905,Glass,2026-07-21,2026-07-21,2026-07-29,Closed,51355.03,36264.81,8.2,E-0236,,Mobile App,false
INS-CL-000200,CLM-550414,INS-PL-001907,Hail Damage,2026-06-18,2026-06-20,2026-07-30,Closed,45023.9,30299.01,40.6,E-0236,CAT-2026-HAIL-MW,Mobile App,false
INS-CL-000201,CLM-451322,INS-PL-001909,Water Damage,2025-09-28,2025-10-04,2025-10-20,Closed,42809.76,29993.46,17.0,E-0258,,Mobile App,false
INS-CL-000202,CLM-513987,INS-PL-001919,Collision,2026-05-05,2026-05-08,2026-05-16,Closed,32395.47,29031.66,8.1,E-0252,,Mobile App,false
INS-CL-000203,CLM-926790,INS-PL-001933,Fire,2024-12-30,2025-01-04,2025-01-14,Closed,3309.22,1784.43,10.7,E-0237,,Phone,false
INS-CL-000204,CLM-176695,INS-PL-001941,Collision,2024-09-06,2024-09-08,2024-10-08,Closed,19481.88,15959.55,30.3,E-0256,,Phone,false
INS-CL-000205,CLM-970033,INS-PL-001947,Collision,2026-06-14,2026-06-14,2026-06-30,Closed,2813.7,2068.1,16.7,E-0239,,Agent,false
INS-CL-000206,CLM-971301,INS-PL-001948,Water Damage,2024-11-05,2024-11-11,2025-01-04,Closed,6116.78,5671.84,54.9,E-0240,,Web,false
INS-CL-000207,CLM-430425,INS-PL-001955,Glass,2026-01-22,2026-01-24,2026-02-04,Closed,11985.02,10871.41,11.4,E-0240,,Mobile App,false
INS-CL-000208,CLM-588150,INS-PL-001976,Fire,2025-07-15,2025-07-20,2025-08-10,Closed,2962.29,2875.5,21.8,E-0263,,Mobile App,false
INS-CL-000209,CLM-816625,INS-PL-002000,Wind,2026-08-13,2026-08-14,2026-08-27,Closed,4906.13,4693.39,13.2,E-0240,,Web,false
INS-CL-000210,CLM-280482,INS-PL-002005,Theft,2026-03-03,2026-03-03,2026-03-23,Closed,14739.21,8502.35,21.0,E-0264,,Agent,false
INS-CL-000211,CLM-926758,INS-PL-002020,Hail Damage,2026-06-18,2026-06-19,2026-07-22,Closed,7485.69,4763.32,33.9,E-0265,CAT-2026-HAIL-MW,Phone,false
INS-CL-000212,CLM-998223,INS-PL-002026,Liability,2026-07-14,2026-07-15,,Under Review,11035.33,0,,E-0248,,Mobile App,false
INS-CL-000213,CLM-535383,INS-PL-002032,Liability,2024-10-11,2024-10-14,2024-11-05,Closed,23924.8,22326.76,22.1,E-0258,,Phone,false
INS-CL-000214,CLM-477573,INS-PL-002040,Water Damage,2025-02-15,2025-02-17,2025-02-28,Closed,22500.45,13219.74,11.5,E-0244,,Agent,false
INS-CL-000215,CLM-702866,INS-PL-002047,Theft,2025-04-13,2025-04-15,2025-04-24,Closed,4091.99,3640.26,9.2,E-0242,,Mobile App,false
INS-CL-000216,CLM-298623,INS-PL-002058,Collision,2025-04-28,2025-05-03,2025-06-08,Closed,3455.64,3295.33,36.1,E-0236,,Agent,false
INS-CL-000217,CLM-685731,INS-PL-002061,Water Damage,2025-01-12,2025-01-17,2025-02-16,Closed,4982.46,5179.73,30.0,E-0256,,Phone,false
INS-CL-000218,CLM-669645,INS-PL-002072,Hail Damage,2026-06-14,2026-06-18,2026-07-04,Closed,12545.53,8582.42,16.4,E-0263,CAT-2026-HAIL-MW,Mobile App,false
INS-CL-000219,CLM-683220,INS-PL-002074,Hail Damage,2026-06-18,2026-06-24,2026-07-03,Closed,6074.05,4025.51,9.3,E-0241,CAT-2026-HAIL-MW,Agent,false
INS-CL-000220,CLM-842849,INS-PL-002080,Theft,2024-09-22,2024-09-28,2024-10-29,Closed,13248.55,7417.83,31.1,E-0256,,Phone,false
INS-CL-000221,CLM-311931,INS-PL-002087,Hail Damage,2026-06-14,2026-06-15,2026-06-27,Closed,4153.37,2225.31,12.7,E-0250,CAT-2026-HAIL-MW,Phone,false
INS-CL-000222,CLM-419697,INS-PL-002094,Glass,2026-08-30,2026-08-30,,Open,9953.66,0,,E-0239,,Phone,false
INS-CL-000223,CLM-278986,INS-PL-002102,Water Damage,2024-09-30,2024-10-03,2024-10-22,Closed,2966.82,1550.57,19.6,E-0250,,Web,false
INS-CL-000224,CLM-607078,INS-PL-002105,Theft,2025-12-09,2025-12-12,2026-01-06,Closed,1809.81,1048.36,25.2,E-0247,,Mobile App,false
INS-CL-000225,CLM-384977,INS-PL-002107,Glass,2024-11-21,2024-11-26,2024-12-03,Closed,23053.12,14827.73,7.1,E-0241,,Phone,false
INS-CL-000226,CLM-649908,INS-PL-002111,Theft,2026-07-20,2026-07-24,,Open,17956.11,0,,E-0255,,Agent,false
INS-CL-000227,CLM-168191,INS-PL-002127,Theft,2026-02-19,2026-02-20,2026-03-03,Closed,6588.54,5646.48,11.2,E-0252,,Agent,false
INS-CL-000228,CLM-502465,INS-PL-002146,Glass,2024-10-01,2024-10-05,2024-10-27,Closed,3909.46,3469.35,22.6,E-0248,,Mobile App,false
INS-CL-000229,CLM-825280,INS-PL-002153,Wind,2025-02-20,2025-02-23,2025-03-14,Closed,19175.71,16880.91,19.8,E-0240,,Agent,false
INS-CL-000230,CLM-364653,INS-PL-002155,Theft,2025-10-04,2025-10-09,2025-10-18,Closed,14933.88,8979.67,9.3,E-0254,,Mobile App,false
INS-CL-000231,CLM-853886,INS-PL-002158,Collision,2024-10-09,2024-10-12,2024-10-27,Closed,6529.93,3368.55,15.6,E-0253,,Web,false
INS-CL-000232,CLM-966004,INS-PL-002165,Theft,2025-03-15,2025-03-17,2025-04-03,Closed,11223.15,9023.29,17.1,E-0240,,Web,false
INS-CL-000233,CLM-257608,INS-PL-002173,Hail Damage,2026-06-14,2026-06-17,2026-07-03,Closed,6712.54,4637.49,16.9,E-0247,CAT-2026-HAIL-MW,Web,false
INS-CL-000234,CLM-968702,INS-PL-002206,Hail Damage,2026-06-15,2026-06-17,,Open,4171.69,0,,E-0242,CAT-2026-HAIL-MW,Agent,false
INS-CL-000235,CLM-480062,INS-PL-002210,Wind,2025-05-14,2025-05-17,2025-05-31,Closed,33906.08,20812.96,14.7,E-0254,,Agent,false
INS-CL-000236,CLM-487898,INS-PL-002213,Collision,2025-05-18,2025-05-19,2025-06-08,Closed,55691.47,37573.72,20.8,E-0257,,Phone,false
INS-CL-000237,CLM-377320,INS-PL-002219,Hail Damage,2026-06-16,2026-06-20,2026-07-30,Closed,2289.12,1160.66,40.0,E-0238,CAT-2026-HAIL-MW,Mobile App,true
INS-CL-000238,CLM-692867,INS-PL-002226,Water Damage,2025-02-27,2025-03-05,2025-03-12,Closed,13921.05,7472.75,7.4,E-0252,,Phone,false
INS-CL-000239,CLM-586949,INS-PL-002231,Hail Damage,2026-06-18,2026-06-22,2026-07-28,Closed,13859.73,12207.34,37.0,E-0254,CAT-2026-HAIL-MW,Mobile App,false
INS-CL-000240,CLM-609028,INS-PL-002241,Liability,2025-12-30,2026-01-02,2026-01-14,Closed,50087.63,47723.93,12.5,E-0262,,Web,false
INS-CL-000241,CLM-858142,INS-PL-002243,Theft,2025-10-20,2025-10-26,2025-11-20,Closed,12751.25,12454.6,25.8,E-0260,,Phone,false
INS-CL-000242,CLM-234353,INS-PL-002254,Theft,2025-01-08,2025-01-14,2025-01-22,Closed,13940.63,13274.43,8.8,E-0256,,Agent,false
INS-CL-000243,CLM-425823,INS-PL-002262,Wind,2026-01-19,2026-01-24,2026-02-18,Closed,20090.32,19360.21,25.7,E-0250,,Phone,false
INS-CL-000244,CLM-935588,INS-PL-002275,Glass,2024-11-18,2024-11-22,2024-12-28,Closed,8840.53,7889.44,36.1,E-0236,,Mobile App,false
INS-CL-000245,CLM-597076,INS-PL-002276,Collision,2026-05-28,2026-05-29,2026-06-17,Closed,2363.62,1980.74,19.5,E-0264,,Agent,false
INS-CL-000246,CLM-834041,INS-PL-002324,Fire,2025-02-13,2025-02-18,2025-03-05,Closed,3452.21,1841.82,15.3,E-0248,,Web,false
INS-CL-000247,CLM-462814,INS-PL-002327,Collision,2026-05-22,2026-05-26,2026-06-19,Closed,3637.6,2976.05,24.4,E-0250,,Phone,false
INS-CL-000248,CLM-554682,INS-PL-002341,Liability,2025-04-21,2025-04-21,2025-05-08,Closed,9738.17,10025.71,18.0,E-0259,,Agent,false
INS-CL-000249,CLM-735928,INS-PL-002365,Fire,2025-11-11,2025-11-12,2025-12-18,Closed,30004.5,28411.38,36.9,E-0257,,Agent,false
INS-CL-000250,CLM-706787,INS-PL-002371,Fire,2025-03-18,2025-03-18,2025-03-27,Closed,1446.47,1293.81,9.8,E-0240,,Phone,false
INS-CL-000251,CLM-606496,INS-PL-002376,Water Damage,2026-08-24,2026-08-29,,Awaiting Documents,11883.78,0,,E-0247,,Phone,false
INS-CL-000252,CLM-143184,INS-PL-002383,Liability,2025-07-02,2025-07-06,2025-07-17,Closed,15012.45,14645.94,11.1,E-0265,,Mobile App,false
INS-CL-000253,CLM-850108,INS-PL-002384,Liability,2026-06-05,2026-06-10,2026-06-21,Closed,6480.21,4570.8,12.0,E-0236,,Mobile App,false
INS-CL-000254,CLM-236875,INS-PL-002387,Liability,2024-09-10,2024-09-12,2024-09-28,Closed,2959.79,1681.27,16.4,E-0255,,Phone,false
INS-CL-000255,CLM-526276,INS-PL-002397,Collision,2025-05-19,2025-05-24,2025-06-03,Closed,1332.68,862.86,11.0,E-0265,,Mobile App,false
INS-CL-000256,CLM-127755,INS-PL-002403,Hail Damage,2026-06-16,2026-06-18,2026-07-04,Closed,1854.76,1541.78,16.9,E-0244,CAT-2026-HAIL-MW,Mobile App,false
INS-CL-000257,CLM-597501,INS-PL-002412,Hail Damage,2026-06-15,2026-06-20,2026-07-18,Closed,1009.75,591.93,28.6,E-0254,CAT-2026-HAIL-MW,Agent,false
INS-CL-000258,CLM-138404,INS-PL-002425,Theft,2025-10-08,2025-10-09,2025-10-22,Closed,10266.4,9303.29,13.1,E-0246,,Phone,true
INS-CL-000259,CLM-666605,INS-PL-002426,Water Damage,2025-05-03,2025-05-07,2025-05-21,Closed,6676.77,5394.77,14.9,E-0254,,Phone,false
INS-CL-000260,CLM-200489,INS-PL-002432,Liability,2024-11-01,2024-11-03,2024-11-24,Closed,7136.71,4345.78,21.9,E-0244,,Phone,false
INS-CL-000261,CLM-950600,INS-PL-002439,Hail Damage,2026-06-15,2026-06-18,2026-07-07,Closed,2183.07,1236.9,19.5,E-0252,CAT-2026-HAIL-MW,Mobile App,false
INS-CL-000262,CLM-967026,INS-PL-002440,Water Damage,2025-05-08,2025-05-08,2025-05-25,Closed,3106.89,2553.99,17.3,E-0244,,Phone,false
INS-CL-000263,CLM-339920,INS-PL-002450,Water Damage,2026-03-18,2026-03-20,2026-04-16,Closed,4308.91,3264.93,27.8,E-0239,,Agent,false
INS-CL-000264,CLM-214165,INS-PL-002456,Wind,2026-01-27,2026-02-02,2026-02-15,Closed,2458.88,1349.16,13.2,E-0241,,Mobile App,false
INS-CL-000265,CLM-294599,INS-PL-002483,Glass,2025-07-12,2025-07-12,2025-07-17,Closed,968.37,911.08,5.6,E-0243,,Phone,false
INS-CL-000266,CLM-735620,INS-PL-002496,Collision,2024-09-01,2024-09-06,2024-10-17,Closed,52687.55,48051.2,41.0,E-0259,,Mobile App,false
INS-CL-000267,CLM-354329,INS-PL-002499,Theft,2025-11-09,2025-11-09,2025-11-24,Closed,709.03,744.26,15.7,E-0250,,Agent,false
INS-CL-000268,CLM-153069,INS-PL-002519,Water Damage,2024-09-01,2024-09-03,2024-09-10,Closed,34552.37,29279.69,8.0,E-0242,,Phone,false
INS-CL-000269,CLM-597421,INS-PL-002533,Collision,2026-05-28,2026-05-29,2026-07-04,Closed,18813.27,15209.32,36.1,E-0244,,Phone,false
INS-CL-000270,CLM-508705,INS-PL-002536,Fire,2026-06-22,2026-06-25,2026-06-29,Closed,2414.21,1943.29,5.0,E-0243,,Phone,false
INS-CL-000271,CLM-830464,INS-PL-002539,Wind,2026-04-20,2026-04-25,2026-04-30,Closed,18639.69,19123.14,5.2,E-0252,,Mobile App,false
INS-CL-000272,CLM-922230,INS-PL-002545,Glass,2026-05-18,2026-05-21,2026-06-05,Closed,10628.65,10765.79,15.3,E-0252,,Web,false
INS-CL-000273,CLM-198940,INS-PL-002562,Hail Damage,2026-06-15,2026-06-20,2026-07-13,Closed,5988.18,5972.88,23.2,E-0238,CAT-2026-HAIL-MW,Phone,false
INS-CL-000274,CLM-106838,INS-PL-002565,Wind,2026-07-30,2026-08-02,2026-08-18,Closed,11824.55,10202.84,17.0,E-0237,,Mobile App,false
INS-CL-000275,CLM-248596,INS-PL-002577,Hail Damage,2026-06-17,2026-06-18,2026-07-02,Closed,12947.52,12541.91,14.3,E-0239,CAT-2026-HAIL-MW,Phone,false
INS-CL-000276,CLM-731124,INS-PL-002588,Liability,2026-06-10,2026-06-10,2026-07-01,Closed,18243.62,11609.89,21.4,E-0259,,Mobile App,false
INS-CL-000277,CLM-513678,INS-PL-002592,Hail Damage,2026-06-16,2026-06-19,2026-07-28,Closed,6886.24,7044.7,39.8,E-0255,CAT-2026-HAIL-MW,Phone,false
INS-CL-000278,CLM-535370,INS-PL-002600,Theft,2026-02-23,2026-03-01,2026-04-11,Closed,7987.87,6823.73,41.3,E-0260,,Mobile App,true
INS-CL-000279,CLM-231326,INS-PL-002611,Water Damage,2025-05-31,2025-06-05,2025-06-12,Closed,8329.26,8565.25,7.9,E-0261,,Web,false
INS-CL-000280,CLM-490901,INS-PL-002614,Hail Damage,2026-06-15,2026-06-16,2026-07-13,Closed,3038.55,2579.42,27.6,E-0238,CAT-2026-HAIL-MW,Phone,false
INS-CL-000281,CLM-453097,INS-PL-002623,Liability,2025-01-27,2025-01-30,2025-02-17,Closed,3647.43,2945.63,19.0,E-0250,,Phone,false
INS-CL-000282,CLM-109778,INS-PL-002653,Liability,2024-11-10,2024-11-14,2024-12-13,Closed,5974.81,5373.88,29.4,E-0241,,Phone,false
INS-CL-000283,CLM-649584,INS-PL-002654,Fire,2024-11-16,2024-11-18,2024-11-30,Closed,6907.62,6157.25,12.9,E-0239,,Phone,false
INS-CL-000284,CLM-902902,INS-PL-002657,Collision,2025-11-11,2025-11-16,2026-01-12,Closed,8654.02,5117.93,58.0,E-0251,,Web,false
INS-CL-000285,CLM-408680,INS-PL-002665,Liability,2026-06-30,2026-07-05,2026-07-17,Closed,33079.69,27095.62,12.6,E-0260,,Phone,false
INS-CL-000286,CLM-387404,INS-PL-002685,Fire,2025-07-08,2025-07-14,2025-08-07,Closed,21226.17,13513.42,25.0,E-0265,,Mobile App,false
INS-CL-000287,CLM-152544,INS-PL-002739,Fire,2026-06-23,2026-06-26,2026-07-04,Closed,36284.25,32439.04,8.9,E-0237,,Phone,false
INS-CL-000288,CLM-694026,INS-PL-002742,Theft,2024-09-01,2024-09-02,2024-10-10,Closed,10876.42,10327.74,38.5,E-0238,,Mobile App,false
INS-CL-000289,CLM-551933,INS-PL-002746,Liability,2024-09-09,2024-09-09,2024-10-01,Closed,24493.96,19791.15,22.5,E-0257,,Phone,false
INS-CL-000290,CLM-109186,INS-PL-002755,Glass,2025-10-18,2025-10-19,2025-10-28,Closed,12824.91,11844.95,9.9,E-0256,,Mobile App,false
INS-CL-000291,CLM-178700,INS-PL-002774,Liability,2026-03-29,2026-03-29,2026-04-12,Closed,7382.2,5119.44,14.5,E-0240,,Agent,false
INS-CL-000292,CLM-259552,INS-PL-002806,Water Damage,2025-12-04,2025-12-08,2026-01-02,Closed,12167.84,7932.45,25.4,E-0239,,Mobile App,false
INS-CL-000293,CLM-802058,INS-PL-002809,Fire,2026-01-17,2026-01-18,2026-03-07,Closed,10580.13,10272.99,48.8,E-0258,,Phone,false
INS-CL-000294,CLM-553492,INS-PL-002843,Glass,2024-10-17,2024-10-20,2024-11-01,Closed,2359.9,1879.44,12.0,E-0246,,Mobile App,false
INS-CL-000295,CLM-777198,INS-PL-002856,Glass,2026-05-26,2026-05-26,2026-06-06,Closed,17455.3,17148.51,11.7,E-0242,,Phone,false
INS-CL-000296,CLM-964350,INS-PL-002862,Collision,2024-09-12,2024-09-16,2024-10-11,Closed,9168.04,5035.45,25.9,E-0258,,Agent,false
INS-CL-000297,CLM-353322,INS-PL-002885,Fire,2025-02-21,2025-02-23,2025-04-11,Closed,4011.32,3853.23,47.9,E-0256,,Phone,false
INS-CL-000298,CLM-311427,INS-PL-002891,Theft,2026-06-21,2026-06-24,2026-07-11,Closed,2629.29,1614.08,17.5,E-0262,,Phone,false
INS-CL-000299,CLM-426995,INS-PL-002896,Glass,2026-01-13,2026-01-15,2026-02-02,Closed,13181.19,13372.33,18.9,E-0258,,Agent,false
INS-CL-000300,CLM-342988,INS-PL-002910,Hail Damage,2026-06-16,2026-06-19,2026-07-07,Closed,5661.94,3602.48,18.5,E-0243,CAT-2026-HAIL-MW,Mobile App,false
INS-CL-000301,CLM-270759,INS-PL-002913,Liability,2025-03-26,2025-03-27,2025-04-15,Closed,26928.42,24244.4,19.1,E-0246,,Web,false
INS-CL-000302,CLM-161725,INS-PL-002914,Water Damage,2026-03-07,2026-03-07,2026-03-14,Closed,11839.32,9669.51,8.0,E-0256,,Agent,false
INS-CL-000303,CLM-210117,INS-PL-002918,Theft,2025-01-17,2025-01-21,2025-02-12,Closed,4076.2,2614.15,22.6,E-0256,,Mobile App,false
INS-CL-000304,CLM-826282,INS-PL-002920,Liability,2026-06-03,2026-06-09,2026-06-27,Closed,2413.19,2036.53,18.6,E-0241,,Phone,false
INS-CL-000305,CLM-321644,INS-PL-002922,Collision,2025-04-25,2025-04-26,2025-05-12,Closed,12535.23,8809.75,16.8,E-0239,,Mobile App,false
INS-CL-000306,CLM-935791,INS-PL-002944,Glass,2025-05-20,2025-05-26,2025-06-06,Closed,38938.54,38111.35,11.6,E-0237,,Mobile App,false
INS-CL-000307,CLM-877535,INS-PL-002949,Liability,2025-09-26,2025-09-26,2025-10-03,Closed,50037.41,28497.19,7.6,E-0241,,Mobile App,false
INS-CL-000308,CLM-650033,INS-PL-002960,Hail Damage,2026-06-14,2026-06-17,2026-07-08,Closed,7926.72,4153.39,21.8,E-0237,CAT-2026-HAIL-MW,Phone,false
INS-CL-000309,CLM-898884,INS-PL-002964,Water Damage,2025-05-31,2025-06-05,2025-06-22,Closed,6528.49,6511.96,17.0,E-0237,,Agent,false
INS-CL-000310,CLM-419047,INS-PL-002985,Theft,2024-11-13,2024-11-15,2024-12-04,Closed,16862.69,15502.57,19.3,E-0252,,Web,false
INS-CL-000311,CLM-644456,INS-PL-002991,Collision,2026-05-26,2026-06-01,2026-06-21,Closed,22000.84,18633.15,20.6,E-0255,,Web,false
INS-CL-000312,CLM-396164,INS-PL-003005,Hail Damage,2026-06-16,2026-06-17,2026-07-25,Closed,2512.44,2126.83,38.7,E-0242,CAT-2026-HAIL-MW,Mobile App,false
INS-CL-000313,CLM-433758,INS-PL-003012,Liability,2025-09-06,2025-09-08,2025-09-20,Closed,3702.29,3092.18,12.6,E-0252,,Web,false
INS-CL-000314,CLM-976695,INS-PL-003027,Hail Damage,2026-06-14,2026-06-19,2026-08-11,Closed,15644.18,15890.53,53.1,E-0263,CAT-2026-HAIL-MW,Mobile App,false
INS-CL-000315,CLM-879835,INS-PL-003038,Fire,2026-04-09,2026-04-11,2026-04-22,Closed,15386.3,12795.65,11.3,E-0254,,Mobile App,false
INS-CL-000316,CLM-328243,INS-PL-003041,Hail Damage,2026-06-14,2026-06-17,2026-08-02,Closed,29223.42,19921.38,46.7,E-0250,CAT-2026-HAIL-MW,Phone,false
INS-CL-000317,CLM-708494,INS-PL-003078,Glass,2026-08-31,2026-09-03,,Under Review,16709.78,0,,E-0257,,Phone,false
INS-CL-000318,CLM-892326,INS-PL-003082,Collision,2026-06-07,2026-06-08,2026-06-16,Closed,34182.98,22763.27,8.5,E-0248,,Mobile App,false
INS-CL-000319,CLM-998067,INS-PL-003087,Liability,2024-12-23,2024-12-28,2025-01-14,Closed,6440.87,5904.21,17.5,E-0265,,Mobile App,false
INS-CL-000320,CLM-343671,INS-PL-003094,Hail Damage,2026-06-15,2026-06-16,2026-07-18,Closed,17967.55,13307.55,32.4,E-0240,CAT-2026-HAIL-MW,Phone,false
INS-CL-000321,CLM-523593,INS-PL-003098,Theft,2026-07-17,2026-07-20,2026-08-11,Closed,13150.85,10914.91,22.1,E-0250,,Phone,false
INS-CL-000322,CLM-199306,INS-PL-003106,Glass,2024-10-01,2024-10-05,2024-10-12,Closed,13421.39,12971.37,7.4,E-0258,,Mobile App,false
INS-CL-000323,CLM-684932,INS-PL-003110,Fire,2025-02-21,2025-02-23,2025-03-12,Closed,5457.23,4699.99,17.3,E-0256,,Mobile App,false
INS-CL-000324,CLM-468893,INS-PL-003126,Fire,2026-08-21,2026-08-26,,Open,6070.63,0,,E-0249,,Phone,false
INS-CL-000325,CLM-697100,INS-PL-003134,Collision,2025-05-19,2025-05-23,2025-06-23,Closed,31289.08,16014.32,31.5,E-0249,,Phone,false
INS-CL-000326,CLM-506710,INS-PL-003138,Fire,2024-10-20,2024-10-25,2024-11-18,Closed,66529.2,58902.73,24.4,E-0265,,Mobile App,false
INS-CL-000327,CLM-108168,INS-PL-003147,Hail Damage,2026-06-16,2026-06-22,2026-07-19,Closed,5409.05,2868.24,27.1,E-0237,CAT-2026-HAIL-MW,Web,false
INS-CL-000328,CLM-675428,INS-PL-003154,Collision,2025-01-27,2025-01-28,2025-02-16,Closed,21147.76,19324.23,19.8,E-0237,,Mobile App,false
INS-CL-000329,CLM-915114,INS-PL-003157,Hail Damage,2026-06-17,2026-06-23,2026-08-11,Closed,10946.16,9114.12,49.3,E-0261,CAT-2026-HAIL-MW,Mobile App,false
INS-CL-000330,CLM-594033,INS-PL-003163,Collision,2026-01-02,2026-01-07,2026-02-19,Closed,6661.39,6222.49,43.9,E-0249,,Web,false
INS-CL-000331,CLM-860068,INS-PL-003164,Water Damage,2025-01-31,2025-01-31,2025-02-24,Closed,39532.02,39025.83,24.5,E-0239,,Mobile App,false
INS-CL-000332,CLM-702654,INS-PL-003171,Glass,2026-06-08,2026-06-08,2026-06-19,Closed,8002.02,4126.59,11.9,E-0253,,Mobile App,false
INS-CL-000333,CLM-850616,INS-PL-003175,Wind,2026-08-13,2026-08-16,,Under Review,5055.77,0,,E-0244,,Mobile App,false
INS-CL-000334,CLM-881443,INS-PL-003178,Collision,2025-12-05,2025-12-09,2026-01-03,Closed,16583.76,13072.6,25.3,E-0249,,Phone,false
INS-CL-000335,CLM-282134,INS-PL-003184,Water Damage,2025-01-14,2025-01-15,2025-01-31,Closed,7584.88,4389.13,16.0,E-0236,,Phone,false
INS-CL-000336,CLM-978040,INS-PL-003186,Liability,2025-09-04,2025-09-04,2025-10-09,Closed,12489.96,8141.86,35.4,E-0242,,Agent,true
INS-CL-000337,CLM-327153,INS-PL-003214,Water Damage,2024-12-22,2024-12-28,2025-01-18,Closed,118027.92,94474.31,21.8,E-0236,,Phone,false
INS-CL-000338,CLM-808184,INS-PL-003217,Collision,2025-11-28,2025-12-01,2025-12-13,Closed,2337.73,1223.83,12.2,E-0264,,Mobile App,false
INS-CL-000339,CLM-253157,INS-PL-003227,Water Damage,2026-08-31,2026-09-06,,Awaiting Documents,5022.34,0,,E-0265,,Agent,false
INS-CL-000340,CLM-856089,INS-PL-003253,Hail Damage,2026-06-16,2026-06-16,2026-07-11,Closed,17800.82,10343.27,25.4,E-0240,CAT-2026-HAIL-MW,Agent,false
INS-CL-000341,CLM-619372,INS-PL-003255,Liability,2024-12-13,2024-12-15,2025-01-11,Closed,1896.83,1789.21,27.6,E-0236,,Phone,false
INS-CL-000342,CLM-333688,INS-PL-003263,Theft,2024-12-22,2024-12-24,2025-01-15,Closed,15352.56,15207.62,22.9,E-0257,,Agent,false
INS-CL-000343,CLM-648484,INS-PL-003272,Glass,2024-10-21,2024-10-27,2024-11-05,Closed,1398.78,933.58,9.4,E-0241,,Mobile App,false
INS-CL-000344,CLM-944030,INS-PL-003275,Fire,2026-07-17,2026-07-20,2026-08-24,Closed,20897.77,20766.94,35.8,E-0265,,Mobile App,false
INS-CL-000345,CLM-454309,INS-PL-003283,Glass,2025-11-11,2025-11-13,2025-11-25,Closed,6983.38,6609.06,13.0,E-0238,,Agent,false
INS-CL-000346,CLM-643055,INS-PL-003286,Wind,2025-10-19,2025-10-25,2025-11-30,Closed,7416.75,7502.7,36.5,E-0244,,Agent,false
INS-CL-000347,CLM-105837,INS-PL-003317,Glass,2024-10-20,2024-10-21,2024-11-09,Closed,10600.06,8742.76,19.9,E-0262,,Mobile App,false
INS-CL-000348,CLM-472575,INS-PL-003329,Liability,2025-09-01,2025-09-03,2025-09-19,Closed,2573.89,1730.86,16.1,E-0248,,Phone,false
INS-CL-000349,CLM-835528,INS-PL-003352,Hail Damage,2026-06-17,2026-06-22,2026-07-12,Closed,24732.18,21198.81,20.0,E-0253,CAT-2026-HAIL-MW,Mobile App,false
INS-CL-000350,CLM-846346,INS-PL-003357,Fire,2024-09-22,2024-09-23,2024-10-23,Closed,4347.71,3890.47,30.7,E-0264,,Mobile App,false
INS-CL-000351,CLM-226414,INS-PL-003367,Collision,2026-08-27,2026-09-01,,Under Review,8026.79,0,,E-0240,,Phone,false
INS-CL-000352,CLM-401702,INS-PL-003370,Fire,2026-04-17,2026-04-20,2026-05-03,Closed,27147.02,19405.37,13.1,E-0240,,Mobile App,false
INS-CL-000353,CLM-686335,INS-PL-003375,Wind,2026-03-09,2026-03-13,2026-04-01,Closed,3688.34,2151.89,19.5,E-0248,,Agent,false
INS-CL-000354,CLM-993771,INS-PL-003384,Liability,2025-12-16,2025-12-19,2026-01-01,Closed,12501.83,8299.88,13.5,E-0260,,Mobile App,false
INS-CL-000355,CLM-149199,INS-PL-003386,Liability,2025-10-30,2025-10-31,2025-11-22,Closed,16425.1,16791.77,22.8,E-0243,,Mobile App,false
INS-CL-000356,CLM-590384,INS-PL-003397,Water Damage,2024-09-05,2024-09-11,2024-09-26,Closed,79290.2,57665.22,15.4,E-0241,,Phone,false
INS-CL-000357,CLM-452622,INS-PL-003402,Wind,2025-09-08,2025-09-13,2025-10-06,Closed,7309.48,4972.28,23.5,E-0237,,Mobile App,false
INS-CL-000358,CLM-137733,INS-PL-003434,Glass,2025-07-15,2025-07-18,2025-08-07,Closed,19737.08,18012.25,20.9,E-0236,,Agent,false
INS-CL-000359,CLM-289462,INS-PL-003451,Theft,2026-03-18,2026-03-19,2026-03-31,Closed,13469.63,7417.65,12.6,E-0260,,Agent,false
INS-CL-000360,CLM-755907,INS-PL-003470,Theft,2025-09-03,2025-09-09,2025-10-09,Closed,13178.09,9227.98,30.1,E-0254,,Mobile App,false
INS-CL-000361,CLM-752445,INS-PL-003519,Wind,2024-09-07,2024-09-10,2024-09-21,Closed,3622.53,2184.55,11.5,E-0257,,Mobile App,false
INS-CL-000362,CLM-507737,INS-PL-003527,Liability,2026-01-19,2026-01-22,2026-02-12,Closed,38773.99,24740.86,21.7,E-0256,,Phone,false
INS-CL-000363,CLM-563996,INS-PL-003547,Liability,2025-07-18,2025-07-20,2025-09-08,Closed,3909.69,2908.61,50.7,E-0264,,Mobile App,false
INS-CL-000364,CLM-742610,INS-PL-003557,Water Damage,2025-02-15,2025-02-21,2025-03-16,Closed,8881.01,9161.57,23.2,E-0251,,Phone,false
INS-CL-000365,CLM-138518,INS-PL-003558,Liability,2025-05-24,2025-05-28,2025-06-19,Closed,123770.68,83279.44,23.0,E-0243,,Mobile App,false
INS-CL-000366,CLM-467149,INS-PL-003605,Fire,2024-09-03,2024-09-04,2024-11-05,Closed,7895.26,6726.33,62.5,E-0260,,Web,false
INS-CL-000367,CLM-167724,INS-PL-003609,Fire,2025-02-14,2025-02-14,2025-03-15,Closed,7636.24,7447.04,29.9,E-0236,,Agent,false
INS-CL-000368,CLM-223051,INS-PL-003624,Fire,2026-03-17,2026-03-21,2026-04-05,Closed,5528.89,2988.95,15.5,E-0244,,Web,false
INS-CL-000369,CLM-666806,INS-PL-003630,Collision,2026-03-09,2026-03-15,2026-04-12,Closed,77052.99,50227.7,28.2,E-0240,,Agent,true
INS-CL-000370,CLM-304465,INS-PL-003662,Glass,2025-04-15,2025-04-15,2025-05-12,Closed,21498.95,19948.7,27.5,E-0261,,Mobile App,false
INS-CL-000371,CLM-340320,INS-PL-003686,Glass,2025-04-15,2025-04-21,2025-05-13,Closed,12742.17,12139.05,22.7,E-0245,,Phone,false
INS-CL-000372,CLM-741297,INS-PL-003689,Liability,2026-07-14,2026-07-16,2026-08-11,Closed,4875.14,4916.61,26.1,E-0257,,Mobile App,false
INS-CL-000373,CLM-803254,INS-PL-003704,Water Damage,2026-01-11,2026-01-12,2026-02-08,Closed,11750.1,10595.06,27.1,E-0253,,Agent,true
INS-CL-000374,CLM-887337,INS-PL-003709,Hail Damage,2026-06-16,2026-06-16,2026-06-27,Closed,3784.88,2404.54,11.8,E-0265,CAT-2026-HAIL-MW,Mobile App,false
INS-CL-000375,CLM-246993,INS-PL-003724,Collision,2024-09-08,2024-09-08,2024-10-04,Closed,9292.48,5671.13,26.5,E-0242,,Agent,false
INS-CL-000376,CLM-695289,INS-PL-003725,Hail Damage,2026-06-18,2026-06-18,2026-07-11,Closed,8655.26,5187.18,23.9,E-0251,CAT-2026-HAIL-MW,Mobile App,false
INS-CL-000377,CLM-629767,INS-PL-003726,Wind,2026-03-14,2026-03-16,2026-03-30,Closed,68771.4,51804.86,14.9,E-0262,,Mobile App,false
INS-CL-000378,CLM-712946,INS-PL-003736,Collision,2024-11-09,2024-11-09,2024-11-26,Closed,18106.57,15172.8,17.7,E-0241,,Phone,false
INS-CL-000379,CLM-478903,INS-PL-003737,Collision,2025-10-14,2025-10-17,2025-10-31,Closed,101587.39,53818.46,14.9,E-0244,,Mobile App,false
INS-CL-000380,CLM-180095,INS-PL-003739,Theft,2026-05-11,2026-05-17,2026-05-27,Closed,22252.68,23215.03,10.7,E-0263,,Mobile App,false
INS-CL-000381,CLM-632392,INS-PL-003748,Theft,2024-09-17,2024-09-21,2024-10-09,Closed,6634.92,6341.38,18.1,E-0259,,Agent,false
INS-CL-000382,CLM-408031,INS-PL-003756,Theft,2025-11-20,2025-11-25,2025-12-16,Closed,11265.38,7808.01,21.5,E-0254,,Web,false
INS-CL-000383,CLM-692672,INS-PL-003761,Collision,2026-06-05,2026-06-08,2026-07-02,Closed,8837.4,5716.02,24.6,E-0262,,Mobile App,false
INS-CL-000384,CLM-144973,INS-PL-003768,Liability,2025-03-22,2025-03-22,2025-04-09,Closed,6607.17,4476.34,18.6,E-0252,,Phone,false
INS-CL-000385,CLM-518140,INS-PL-003781,Hail Damage,2026-06-15,2026-06-19,2026-07-10,Closed,6008.46,5580.64,21.6,E-0263,CAT-2026-HAIL-MW,Agent,false
INS-CL-000386,CLM-247472,INS-PL-003792,Water Damage,2025-01-20,2025-01-22,2025-02-19,Closed,999.55,907.83,28.8,E-0253,,Mobile App,false
INS-CL-000387,CLM-953167,INS-PL-003797,Glass,2026-05-25,2026-05-28,2026-06-19,Closed,2373.79,2019.67,22.9,E-0255,,Agent,false
INS-CL-000388,CLM-689532,INS-PL-003809,Collision,2024-09-13,2024-09-14,2024-09-28,Closed,46544.14,44746.34,14.2,E-0260,,Mobile App,false
INS-CL-000389,CLM-647527,INS-PL-003828,Hail Damage,2026-06-16,2026-06-18,2026-07-24,Closed,33505.19,30919.33,36.7,E-0256,CAT-2026-HAIL-MW,Phone,false
INS-CL-000390,CLM-740366,INS-PL-003843,Theft,2025-03-01,2025-03-07,2025-04-10,Closed,5170.09,4867.48,34.9,E-0261,,Phone,false
INS-CL-000391,CLM-932484,INS-PL-003859,Theft,2025-05-26,2025-05-29,2025-06-21,Closed,8302.31,4948.03,23.4,E-0237,,Phone,false
INS-CL-000392,CLM-985369,INS-PL-003879,Collision,2025-04-02,2025-04-02,2025-04-18,Closed,22867.84,21530.01,16.6,E-0238,,Mobile App,false
INS-CL-000393,CLM-876722,INS-PL-003885,Hail Damage,2026-06-15,2026-06-15,2026-07-26,Closed,15082.31,8820.74,41.5,E-0260,CAT-2026-HAIL-MW,Mobile App,false
INS-CL-000394,CLM-321894,INS-PL-003888,Liability,2025-10-17,2025-10-23,2025-11-22,Closed,21777.6,11158.82,30.3,E-0241,,Phone,false
INS-CL-000395,CLM-646286,INS-PL-003891,Glass,2024-09-19,2024-09-24,2024-10-06,Closed,49998.48,40530.9,12.3,E-0262,,Agent,false
INS-CL-000396,CLM-360619,INS-PL-003904,Hail Damage,2026-06-14,2026-06-20,2026-07-13,Closed,4018.9,2946.96,23.2,E-0245,CAT-2026-HAIL-MW,Agent,false
INS-CL-000397,CLM-995793,INS-PL-003914,Liability,2026-05-14,2026-05-16,2026-06-20,Closed,26283.2,19423.53,36.0,E-0253,,Mobile App,false
INS-CL-000398,CLM-978627,INS-PL-003923,Glass,2026-07-26,2026-07-30,2026-08-14,Closed,13022.13,8202.82,15.5,E-0244,,Phone,false
INS-CL-000399,CLM-967585,INS-PL-003928,Theft,2024-09-07,2024-09-07,2024-09-20,Closed,12798.09,6978.03,13.0,E-0263,,Agent,false
INS-CL-000400,CLM-151688,INS-PL-003952,Hail Damage,2026-06-14,2026-06-16,2026-06-26,Closed,6558.79,3659.89,10.1,E-0256,CAT-2026-HAIL-MW,Agent,false
INS-CL-000401,CLM-810467,INS-PL-003953,Glass,2026-03-26,2026-03-27,2026-04-05,Closed,5947.8,4870.25,9.1,E-0254,,Phone,false
INS-CL-000402,CLM-358153,INS-PL-003961,Liability,2024-10-04,2024-10-10,2024-11-06,Closed,37249.37,20530.7,27.4,E-0251,,Agent,false
INS-CL-000403,CLM-860205,INS-PL-003966,Fire,2025-03-26,2025-03-28,2025-04-23,Closed,1122.84,1012.0,26.9,E-0254,,Mobile App,false
INS-CL-000404,CLM-182133,INS-PL-003977,Theft,2024-09-07,2024-09-11,2024-09-25,Closed,13283.0,10952.69,15.0,E-0250,,Phone,false
INS-CL-000405,CLM-783248,INS-PL-003983,Liability,2024-11-18,2024-11-24,2024-12-10,Closed,12654.4,13147.84,16.0,E-0239,,Mobile App,false
INS-CL-000406,CLM-670290,INS-PL-003994,Wind,2025-06-12,2025-06-13,2025-07-11,Closed,4991.16,3248.47,28.9,E-0237,,Phone,false
INS-CL-000407,CLM-683550,INS-PL-003995,Fire,2026-02-10,2026-02-13,2026-03-09,Closed,14992.44,12632.71,24.6,E-0265,,Phone,false
INS-CL-000408,CLM-582613,INS-PL-004012,Water Damage,2024-10-20,2024-10-22,2024-11-22,Closed,24185.11,18672.49,31.7,E-0248,,Phone,false
INS-CL-000409,CLM-299498,INS-PL-004018,Glass,2024-12-26,2024-12-26,2025-01-11,Closed,3159.22,2462.6,16.2,E-0263,,Phone,false
INS-CL-000410,CLM-865485,INS-PL-004039,Collision,2024-10-12,2024-10-17,2024-11-04,Closed,13993.2,13860.28,18.9,E-0236,,Web,false
INS-CL-000411,CLM-602471,INS-PL-004045,Theft,2026-08-25,2026-08-26,,Open,3963.7,0,,E-0254,,Phone,false
INS-CL-000412,CLM-755261,INS-PL-004069,Theft,2025-03-08,2025-03-12,2025-04-12,Closed,6813.04,4586.66,31.4,E-0252,,Mobile App,false
INS-CL-000413,CLM-663011,INS-PL-004082,Wind,2025-01-23,2025-01-28,2025-02-10,Closed,5266.72,4706.18,13.6,E-0244,,Phone,false
INS-CL-000414,CLM-834526,INS-PL-004089,Collision,2024-10-24,2024-10-25,2024-11-10,Closed,5236.96,4509.3,16.4,E-0264,,Agent,false
INS-CL-000415,CLM-598384,INS-PL-004092,Hail Damage,2026-06-14,2026-06-18,2026-07-03,Closed,3953.37,2167.7,15.2,E-0265,CAT-2026-HAIL-MW,Mobile App,false
INS-CL-000416,CLM-459967,INS-PL-004115,Wind,2025-01-20,2025-01-23,2025-02-11,Closed,75686.48,68329.79,19.8,E-0239,,Web,false
INS-CL-000417,CLM-933980,INS-PL-004146,Glass,2026-07-04,2026-07-08,2026-08-02,Closed,8138.63,7123.3,25.8,E-0251,,Agent,false
INS-CL-000418,CLM-379719,INS-PL-004158,Fire,2026-01-03,2026-01-07,2026-01-13,Closed,34956.46,20348.05,6.8,E-0264,,Mobile App,false
INS-CL-000419,CLM-259072,INS-PL-004159,Fire,2025-05-04,2025-05-05,2025-06-02,Closed,5549.32,3633.2,28.3,E-0239,,Phone,false
INS-CL-000420,CLM-719499,INS-PL-004161,Wind,2024-09-05,2024-09-11,2024-10-04,Closed,6494.12,5003.36,23.5,E-0253,,Mobile App,false
INS-CL-000421,CLM-753314,INS-PL-004165,Theft,2025-03-01,2025-03-05,2025-03-14,Closed,3191.97,2586.4,9.5,E-0241,,Agent,false
INS-CL-000422,CLM-468317,INS-PL-004166,Fire,2024-12-08,2024-12-11,2024-12-20,Closed,2739.77,2208.43,9.5,E-0248,,Phone,false
INS-CL-000423,CLM-828934,INS-PL-004189,Collision,2026-07-26,2026-08-01,,Awaiting Documents,14132.2,0,,E-0258,,Phone,false
INS-CL-000424,CLM-959949,INS-PL-004190,Liability,2025-08-26,2025-08-29,2025-09-16,Closed,10413.95,5544.57,18.5,E-0253,,Mobile App,false
INS-CL-000425,CLM-245395,INS-PL-004197,Water Damage,2026-06-17,2026-06-19,2026-07-06,Closed,12184.93,10555.54,17.8,E-0263,,Phone,false
INS-CL-000426,CLM-889988,INS-PL-004200,Liability,2024-09-25,2024-09-27,2024-10-07,Closed,8748.81,5061.95,10.2,E-0241,,Web,false
INS-CL-000427,CLM-551954,INS-PL-004217,Liability,2024-09-27,2024-10-02,2024-11-03,Closed,7217.47,7559.22,33.0,E-0251,,Agent,false
INS-CL-000428,CLM-448497,INS-PL-004221,Liability,2025-12-21,2025-12-21,2026-01-05,Closed,13266.61,13143.73,15.2,E-0237,,Mobile App,false
INS-CL-000429,CLM-134027,INS-PL-004229,Theft,2025-03-11,2025-03-11,2025-03-29,Closed,63004.9,60242.05,18.5,E-0250,,Mobile App,false
INS-CL-000430,CLM-540823,INS-PL-004239,Fire,2026-07-15,2026-07-18,2026-08-06,Closed,19584.96,12977.25,19.2,E-0240,,Web,false
INS-CL-000431,CLM-511660,INS-PL-004244,Water Damage,2025-03-11,2025-03-12,2025-04-07,Closed,5930.16,5206.25,26.6,E-0257,,Phone,false
INS-CL-000432,CLM-117556,INS-PL-004256,Collision,2026-07-17,2026-07-19,2026-07-29,Closed,8933.67,8559.28,10.1,E-0240,,Mobile App,false
INS-CL-000433,CLM-684937,INS-PL-004261,Hail Damage,2026-06-14,2026-06-17,2026-07-01,Closed,22760.79,14527.9,14.8,E-0259,CAT-2026-HAIL-MW,Phone,false
INS-CL-000434,CLM-817946,INS-PL-004271,Collision,2025-08-10,2025-08-13,2025-09-02,Closed,11609.93,8202.88,21.0,E-0243,,Phone,false
INS-CL-000435,CLM-966834,INS-PL-004294,Water Damage,2025-02-03,2025-02-08,2025-02-26,Closed,15499.01,11018.59,19.0,E-0258,,Mobile App,false
INS-CL-000436,CLM-593443,INS-PL-004301,Glass,2026-02-15,2026-02-19,2026-03-10,Closed,3941.42,2131.55,19.8,E-0258,,Agent,false
INS-CL-000437,CLM-814402,INS-PL-004309,Hail Damage,2026-06-16,2026-06-17,2026-07-30,Closed,3098.4,1851.78,43.4,E-0253,CAT-2026-HAIL-MW,Phone,false
INS-CL-000438,CLM-897760,INS-PL-004310,Theft,2026-02-12,2026-02-18,2026-02-27,Closed,5279.7,4771.96,9.4,E-0248,,Mobile App,false
INS-CL-000439,CLM-499302,INS-PL-004311,Fire,2026-03-21,2026-03-26,2026-04-15,Closed,12740.37,7041.17,20.2,E-0249,,Phone,false
INS-CL-000440,CLM-705392,INS-PL-004322,Fire,2026-08-25,2026-08-29,,Under Review,9410.4,0,,E-0239,,Phone,true
INS-CL-000441,CLM-743956,INS-PL-004324,Glass,2025-04-07,2025-04-07,2025-06-13,Closed,4217.66,2292.3,67.3,E-0246,,Phone,false
INS-CL-000442,CLM-916705,INS-PL-004332,Glass,2024-11-12,2024-11-17,2024-12-20,Closed,15451.21,13857.62,33.4,E-0245,,Phone,false
INS-CL-000443,CLM-379390,INS-PL-004345,Glass,2024-09-21,2024-09-24,2024-10-24,Closed,5808.8,3066.59,30.1,E-0264,,Phone,false
INS-CL-000444,CLM-944214,INS-PL-004349,Theft,2026-08-03,2026-08-03,,Awaiting Documents,12594.01,0,,E-0250,,Mobile App,false
INS-CL-000445,CLM-826455,INS-PL-004357,Collision,2025-03-09,2025-03-14,2025-03-25,Closed,9419.28,6680.18,11.9,E-0240,,Agent,false
INS-CL-000446,CLM-509557,INS-PL-004370,Liability,2024-11-22,2024-11-26,2025-01-17,Closed,14580.1,9859.67,52.3,E-0263,,Mobile App,false
INS-CL-000447,CLM-941169,INS-PL-004409,Fire,2025-08-07,2025-08-10,2025-08-26,Closed,15408.73,9363.88,16.4,E-0253,,Phone,false
INS-CL-000448,CLM-388604,INS-PL-004428,Liability,2024-09-25,2024-09-30,2024-10-30,Closed,7058.73,4675.97,30.4,E-0263,,Mobile App,false
INS-CL-000449,CLM-964170,INS-PL-004432,Hail Damage,2026-06-18,2026-06-18,2026-07-03,Closed,28288.01,28051.11,15.7,E-0238,CAT-2026-HAIL-MW,Mobile App,false
INS-CL-000450,CLM-102275,INS-PL-004436,Hail Damage,2026-06-17,2026-06-19,2026-07-15,Closed,23303.88,17112.71,26.3,E-0240,CAT-2026-HAIL-MW,Phone,false
INS-CL-000451,CLM-555435,INS-PL-004447,Glass,2024-10-10,2024-10-13,2024-11-21,Closed,4311.57,3492.01,39.1,E-0254,,Phone,false
INS-CL-000452,CLM-644061,INS-PL-004456,Liability,2026-08-17,2026-08-20,2026-08-27,Closed,16656.02,11675.0,7.8,E-0243,,Mobile App,false
INS-CL-000453,CLM-384529,INS-PL-004458,Glass,2026-03-03,2026-03-09,2026-03-25,Closed,9940.1,8935.23,16.4,E-0258,,Agent,false
INS-CL-000454,CLM-444856,INS-PL-004479,Collision,2024-09-06,2024-09-10,2024-09-20,Closed,25381.19,19043.77,10.9,E-0262,,Mobile App,false
INS-CL-000455,CLM-196743,INS-PL-004488,Theft,2025-04-29,2025-05-05,2025-05-23,Closed,13965.99,8666.69,18.7,E-0239,,Agent,false
INS-CL-000456,CLM-896729,INS-PL-004514,Fire,2024-11-21,2024-11-24,2024-12-11,Closed,2987.47,1873.98,17.7,E-0242,,Mobile App,false
INS-CL-000457,CLM-136738,INS-PL-004518,Wind,2024-09-26,2024-09-28,2024-10-05,Closed,5970.15,5384.75,7.9,E-0253,,Phone,false
INS-CL-000458,CLM-553530,INS-PL-004524,Theft,2025-09-26,2025-09-27,2025-10-09,Closed,33395.91,32691.16,12.6,E-0260,,Mobile App,false
INS-CL-000459,CLM-762207,INS-PL-004527,Water Damage,2024-10-03,2024-10-06,2024-10-22,Closed,2442.5,1878.36,16.4,E-0258,,Mobile App,false
INS-CL-000460,CLM-406625,INS-PL-004541,Collision,2025-01-01,2025-01-06,2025-01-24,Closed,3836.96,3063.08,18.2,E-0261,,Mobile App,false
INS-CL-000461,CLM-167432,INS-PL-004543,Collision,2026-02-03,2026-02-03,2026-03-07,Closed,4470.64,2974.28,32.1,E-0262,,Mobile App,false
INS-CL-000462,CLM-921761,INS-PL-004544,Water Damage,2025-04-01,2025-04-04,2025-06-01,Closed,9269.39,9563.36,58.0,E-0264,,Phone,false
INS-CL-000463,CLM-810811,INS-PL-004550,Hail Damage,2026-06-15,2026-06-20,2026-08-28,Closed,11618.44,7660.48,69.5,E-0244,CAT-2026-HAIL-MW,Mobile App,false
INS-CL-000464,CLM-607403,INS-PL-004551,Collision,2024-10-24,2024-10-27,2024-11-24,Closed,18203.73,13263.89,28.7,E-0247,,Web,false
INS-CL-000465,CLM-643522,INS-PL-004574,Fire,2025-02-10,2025-02-14,2025-03-06,Closed,4956.52,4991.35,20.1,E-0253,,Mobile App,false
INS-CL-000466,CLM-823859,INS-PL-004586,Water Damage,2026-07-18,2026-07-18,2026-08-01,Closed,31090.91,16374.5,14.5,E-0244,,Phone,false
INS-CL-000467,CLM-934641,INS-PL-004621,Wind,2026-02-08,2026-02-13,2026-03-10,Closed,16280.08,16955.65,25.4,E-0248,,Agent,false
INS-CL-000468,CLM-180275,INS-PL-004625,Collision,2026-05-31,2026-06-06,2026-06-20,Closed,1729.3,1177.43,14.1,E-0264,,Agent,false
INS-CL-000469,CLM-169008,INS-PL-004628,Water Damage,2026-07-27,2026-07-29,2026-08-19,Closed,23766.38,16890.03,21.9,E-0256,,Mobile App,false
INS-CL-000470,CLM-762657,INS-PL-004632,Collision,2024-09-17,2024-09-20,2024-11-16,Closed,3926.29,3285.58,57.9,E-0247,,Mobile App,false
INS-CL-000471,CLM-371703,INS-PL-004639,Hail Damage,2026-06-15,2026-06-21,2026-08-09,Closed,7411.5,6889.53,49.1,E-0246,CAT-2026-HAIL-MW,Mobile App,false
INS-CL-000472,CLM-498759,INS-PL-004652,Collision,2026-08-24,2026-08-30,,Under Review,14701.92,0,,E-0252,,Phone,false
INS-CL-000473,CLM-482162,INS-PL-004662,Wind,2024-09-12,2024-09-18,2024-10-06,Closed,3440.14,3508.3,18.0,E-0243,,Mobile App,false
INS-CL-000474,CLM-566670,INS-PL-004673,Collision,2025-10-27,2025-11-02,2025-11-24,Closed,8377.39,5918.16,22.9,E-0239,,Agent,false
INS-CL-000475,CLM-475060,INS-PL-004681,Wind,2026-07-25,2026-07-30,2026-08-18,Closed,7519.15,3955.05,19.4,E-0237,,Phone,false
INS-CL-000476,CLM-944558,INS-PL-004688,Collision,2024-12-09,2024-12-10,2025-01-04,Closed,18104.58,10205.48,26.0,E-0263,,Mobile App,false
INS-CL-000477,CLM-295904,INS-PL-004694,Liability,2025-03-05,2025-03-05,2025-04-06,Closed,13803.19,8809.45,32.3,E-0240,,Mobile App,false
INS-CL-000478,CLM-309597,INS-PL-004703,Glass,2024-12-18,2024-12-19,2024-12-26,Closed,10747.3,9091.47,8.0,E-0245,,Phone,false
INS-CL-000479,CLM-723490,INS-PL-004708,Hail Damage,2026-06-15,2026-06-17,2026-07-14,Closed,4732.14,3250.57,27.4,E-0264,CAT-2026-HAIL-MW,Phone,false
INS-CL-000480,CLM-957753,INS-PL-004710,Collision,2024-11-17,2024-11-18,2024-12-08,Closed,1223.76,1215.58,21.0,E-0263,,Phone,false
INS-CL-000481,CLM-219256,INS-PL-004729,Theft,2025-01-25,2025-01-26,2025-03-15,Closed,1707.18,1466.39,48.0,E-0240,,Mobile App,false
INS-CL-000482,CLM-441743,INS-PL-004735,Collision,2026-02-04,2026-02-04,2026-02-17,Closed,2895.3,2694.82,13.8,E-0263,,Phone,false
INS-CL-000483,CLM-662216,INS-PL-004742,Hail Damage,2026-06-14,2026-06-16,2026-07-12,Closed,13486.79,12151.51,27.0,E-0250,CAT-2026-HAIL-MW,Agent,false
INS-CL-000484,CLM-254070,INS-PL-004744,Glass,2025-06-27,2025-06-29,2025-07-20,Closed,4510.31,2493.65,21.2,E-0265,,Mobile App,false
INS-CL-000485,CLM-439615,INS-PL-004749,Water Damage,2026-08-25,2026-08-31,,Under Review,4346.61,0,,E-0251,,Phone,false
INS-CL-000486,CLM-283870,INS-PL-004757,Hail Damage,2026-06-16,2026-06-22,2026-07-22,Closed,1819.63,1286.88,30.2,E-0242,CAT-2026-HAIL-MW,Mobile App,false
INS-CL-000487,CLM-925438,INS-PL-004768,Water Damage,2025-12-01,2025-12-02,2025-12-27,Closed,14479.42,15129.24,25.5,E-0245,,Mobile App,false
INS-CL-000488,CLM-834835,INS-PL-004770,Fire,2025-02-16,2025-02-19,2025-03-04,Closed,3073.76,2269.47,14.0,E-0250,,Mobile App,false
INS-CL-000489,CLM-510711,INS-PL-004777,Theft,2026-06-09,2026-06-12,2026-07-15,Closed,8872.45,7965.26,33.9,E-0253,,Agent,false
INS-CL-000490,CLM-167888,INS-PL-004788,Glass,2025-01-26,2025-01-27,2025-03-09,Closed,5586.25,4546.08,41.7,E-0252,,Phone,false
INS-CL-000491,CLM-311897,INS-PL-004793,Glass,2024-12-29,2024-12-31,2025-01-24,Closed,7617.19,6427.76,24.2,E-0259,,Mobile App,false
INS-CL-000492,CLM-651491,INS-PL-004800,Fire,2026-08-09,2026-08-09,2026-08-27,Closed,8004.84,6594.54,18.8,E-0252,,Agent,false
INS-CL-000493,CLM-280761,INS-PL-004801,Theft,2024-09-19,2024-09-24,2024-10-05,Closed,1027.21,1072.85,11.4,E-0237,,Phone,false
INS-CL-000494,CLM-491079,INS-PL-004804,Wind,2025-07-11,2025-07-16,2025-09-10,Closed,6277.8,3607.63,56.7,E-0254,,Mobile App,false
INS-CL-000495,CLM-100512,INS-PL-004811,Theft,2026-03-13,2026-03-13,2026-04-09,Closed,13832.36,8554.91,27.4,E-0259,,Phone,false
INS-CL-000496,CLM-226692,INS-PL-004812,Fire,2026-08-21,2026-08-27,,Awaiting Documents,12357.11,0,,E-0265,,Phone,false
INS-CL-000497,CLM-405367,INS-PL-004824,Collision,2024-09-22,2024-09-23,2024-10-05,Closed,12745.9,10768.22,12.6,E-0257,,Agent,false
INS-CL-000498,CLM-852661,INS-PL-004862,Theft,2026-04-18,2026-04-22,2026-05-04,Closed,2855.0,2802.83,12.0,E-0236,,Phone,false
INS-CL-000499,CLM-912763,INS-PL-004863,Water Damage,2025-10-31,2025-10-31,2025-11-20,Closed,4933.18,3827.69,20.0,E-0243,,Agent,false
INS-CL-000500,CLM-533795,INS-PL-004864,Glass,2024-09-04,2024-09-07,2024-09-26,Closed,3244.32,3399.24,19.6,E-0247,,Mobile App,false
INS-CL-000501,CLM-674069,INS-PL-004870,Water Damage,2025-09-07,2025-09-09,2025-10-11,Closed,3999.07,2566.73,32.4,E-0242,,Mobile App,false
INS-CL-000502,CLM-846036,INS-PL-004874,Liability,2025-11-03,2025-11-07,2025-11-17,Closed,18537.87,10182.39,10.9,E-0236,,Phone,false
INS-CL-000503,CLM-524462,INS-PL-004876,Hail Damage,2026-06-18,2026-06-20,2026-07-24,Closed,5003.06,3599.4,34.4,E-0254,CAT-2026-HAIL-MW,Phone,false
INS-CL-000504,CLM-225274,INS-PL-004880,Water Damage,2026-03-19,2026-03-19,2026-04-07,Closed,14441.7,14710.51,19.5,E-0261,,Phone,false
INS-CL-000505,CLM-186931,INS-PL-004883,Collision,2026-01-17,2026-01-22,2026-02-05,Closed,4415.45,2689.93,14.4,E-0257,,Phone,false
INS-CL-000506,CLM-336869,INS-PL-004892,Glass,2024-09-21,2024-09-27,2024-10-26,Closed,50500.64,39457.66,29.9,E-0256,,Mobile App,false
INS-CL-000507,CLM-548160,INS-PL-004895,Wind,2025-02-28,2025-03-04,2025-03-24,Closed,26533.52,19741.0,20.8,E-0260,,Mobile App,false
INS-CL-000508,CLM-428197,INS-PL-004898,Fire,2024-10-18,2024-10-21,2024-11-05,Closed,2530.93,1687.76,15.9,E-0258,,Web,false
INS-CL-000509,CLM-918512,INS-PL-004912,Glass,2026-08-22,2026-08-23,,Under Review,5414.51,0,,E-0243,,Web,false
INS-CL-000510,CLM-406659,INS-PL-004917,Theft,2025-03-04,2025-03-08,2025-03-18,Closed,18993.7,16083.73,10.7,E-0254,,Mobile App,false
INS-CL-000511,CLM-772107,INS-PL-004942,Theft,2025-05-20,2025-05-25,2025-06-15,Closed,24651.41,24817.46,21.9,E-0256,,Mobile App,false
INS-CL-000512,CLM-831209,INS-PL-004944,Hail Damage,2026-06-16,2026-06-17,2026-07-02,Closed,45192.37,46365.34,15.1,E-0261,CAT-2026-HAIL-MW,Mobile App,false
INS-CL-000513,CLM-875241,INS-PL-004948,Water Damage,2024-10-07,2024-10-09,2024-10-22,Closed,42284.16,38415.79,13.1,E-0246,,Agent,false
INS-CL-000514,CLM-615880,INS-PL-004956,Collision,2025-06-06,2025-06-10,2025-06-30,Closed,5805.38,3705.19,20.4,E-0254,,Phone,false
INS-CL-000515,CLM-776221,INS-PL-004958,Hail Damage,2026-06-16,2026-06-17,2026-07-12,Closed,9671.59,5658.29,25.4,E-0247,CAT-2026-HAIL-MW,Mobile App,false
INS-CL-000516,CLM-188923,INS-PL-004962,Hail Damage,2026-06-16,2026-06-18,2026-07-11,Closed,40258.38,30776.13,23.6,E-0237,CAT-2026-HAIL-MW,Phone,false
INS-CL-000517,CLM-929182,INS-PL-004976,Wind,2025-10-26,2025-10-29,2025-12-05,Closed,37300.57,23141.88,37.9,E-0258,,Agent,false
INS-CL-000518,CLM-324461,INS-PL-004989,Water Damage,2024-09-03,2024-09-03,2024-09-26,Closed,16635.74,16711.04,23.7,E-0241,,Agent,false
INS-CL-000519,CLM-748945,INS-PL-005005,Water Damage,2026-08-01,2026-08-06,2026-08-23,Closed,630.61,481.1,18.0,E-0243,,Mobile App,false
INS-CL-000520,CLM-807812,INS-PL-005008,Collision,2026-04-16,2026-04-21,2026-05-04,Closed,6950.31,5596.48,13.6,E-0240,,Web,false
INS-CL-000521,CLM-665225,INS-PL-005015,Hail Damage,2026-06-18,2026-06-19,2026-07-25,Closed,8404.38,4983.31,36.6,E-0263,CAT-2026-HAIL-MW,Mobile App,false
INS-CL-000522,CLM-556476,INS-PL-005021,Theft,2024-09-30,2024-10-04,2024-10-30,Closed,3316.98,1799.43,27.0,E-0243,,Mobile App,false
INS-CL-000523,CLM-350332,INS-PL-005027,Hail Damage,2026-06-18,2026-06-21,2026-07-25,Closed,40415.34,39569.84,34.7,E-0237,CAT-2026-HAIL-MW,Phone,false
INS-CL-000524,CLM-695647,INS-PL-005037,Theft,2026-01-30,2026-02-03,2026-02-12,Closed,1061.33,754.67,9.2,E-0254,,Web,false
INS-CL-000525,CLM-460658,INS-PL-005047,Wind,2024-11-26,2024-11-29,2024-12-08,Closed,43095.01,36051.81,9.2,E-0253,,Mobile App,false
INS-CL-000526,CLM-821685,INS-PL-005067,Water Damage,2026-08-31,2026-09-06,,Under Review,2009.08,0,,E-0264,,Mobile App,false
INS-CL-000527,CLM-449606,INS-PL-005071,Collision,2024-09-11,2024-09-17,2024-09-29,Closed,9951.0,5269.9,12.4,E-0240,,Mobile App,false
INS-CL-000528,CLM-970226,INS-PL-005093,Collision,2025-12-06,2025-12-07,2026-01-02,Closed,6903.2,5080.95,26.5,E-0238,,Phone,true
INS-CL-000529,CLM-912592,INS-PL-005098,Wind,2025-07-06,2025-07-06,2025-07-25,Closed,7740.85,6682.48,19.3,E-0241,,Agent,false
INS-CL-000530,CLM-208157,INS-PL-005103,Wind,2026-03-12,2026-03-17,2026-05-16,Closed,26654.91,20921.29,60.4,E-0255,,Phone,false
INS-CL-000531,CLM-545120,INS-PL-005110,Liability,2025-12-01,2025-12-03,2025-12-30,Closed,17270.56,17406.97,27.3,E-0241,,Agent,false
INS-CL-000532,CLM-227787,INS-PL-005114,Theft,2026-08-25,2026-08-27,,Under Review,7481.49,0,,E-0239,,Mobile App,false
INS-CL-000533,CLM-363121,INS-PL-005128,Glass,2024-12-28,2024-12-29,2025-01-09,Closed,26041.37,24905.78,11.2,E-0245,,Phone,false
INS-CL-000534,CLM-825633,INS-PL-005137,Glass,2025-05-10,2025-05-13,2025-05-25,Closed,13567.71,7912.78,13.0,E-0264,,Phone,false
INS-CL-000535,CLM-964832,INS-PL-005144,Water Damage,2026-03-05,2026-03-08,2026-04-10,Closed,9671.45,6402.66,33.0,E-0259,,Mobile App,false
INS-CL-000536,CLM-487982,INS-PL-005149,Theft,2025-08-08,2025-08-12,2025-09-01,Closed,11429.21,10777.71,20.9,E-0258,,Web,false
INS-CL-000537,CLM-529126,INS-PL-005157,Water Damage,2024-12-22,2024-12-23,2025-01-09,Closed,16302.59,10619.53,17.5,E-0253,,Phone,false
INS-CL-000538,CLM-163946,INS-PL-005168,Collision,2024-09-21,2024-09-22,2024-10-04,Closed,18102.65,18905.83,12.8,E-0250,,Phone,false
INS-CL-000539,CLM-782631,INS-PL-005176,Water Damage,2024-09-04,2024-09-06,2024-09-15,Closed,10577.22,6179.63,9.9,E-0249,,Mobile App,false
INS-CL-000540,CLM-784917,INS-PL-005183,Fire,2024-09-03,2024-09-09,2024-09-26,Closed,4641.08,3135.2,17.8,E-0239,,Mobile App,false
INS-CL-000541,CLM-163490,INS-PL-005193,Water Damage,2025-06-28,2025-06-28,2025-07-11,Closed,15181.63,10634.68,13.2,E-0258,,Phone,false
INS-CL-000542,CLM-380108,INS-PL-005207,Water Damage,2026-08-11,2026-08-11,2026-08-18,Closed,5262.19,5160.52,7.6,E-0258,,Phone,false
INS-CL-000543,CLM-148081,INS-PL-005208,Collision,2024-09-07,2024-09-10,2024-10-06,Closed,34043.84,35481.89,26.5,E-0247,,Phone,false
INS-CL-000544,CLM-410588,INS-PL-005210,Theft,2026-06-10,2026-06-15,2026-07-19,Closed,5122.35,3373.52,34.3,E-0255,,Agent,false
INS-CL-000545,CLM-116310,INS-PL-005211,Glass,2024-11-03,2024-11-05,2024-11-11,Closed,27126.39,17590.63,6.7,E-0253,,Agent,false
INS-CL-000546,CLM-861578,INS-PL-005234,Collision,2025-03-26,2025-03-28,2025-04-03,Closed,2974.63,1515.26,6.5,E-0246,,Web,false
INS-CL-000547,CLM-650491,INS-PL-005251,Theft,2026-03-15,2026-03-15,2026-04-22,Closed,42346.1,33719.38,38.7,E-0263,,Agent,false
INS-CL-000548,CLM-934998,INS-PL-005254,Glass,2026-04-28,2026-05-03,2026-05-14,Closed,4400.65,2240.57,11.1,E-0251,,Agent,false
INS-CL-000549,CLM-143226,INS-PL-005256,Glass,2026-08-11,2026-08-15,2026-08-23,Closed,110700.51,72486.82,8.6,E-0262,,Web,false
INS-CL-000550,CLM-376022,INS-PL-005269,Fire,2024-12-09,2024-12-15,2025-01-05,Closed,7280.49,4484.02,21.3,E-0252,,Mobile App,false
INS-CL-000551,CLM-821779,INS-PL-005274,Collision,2026-08-26,2026-09-01,,Open,4864.7,0,,E-0244,,Phone,false
INS-CL-000552,CLM-995513,INS-PL-005288,Fire,2024-11-17,2024-11-20,2024-12-02,Closed,4410.59,4030.74,12.7,E-0255,,Web,false
INS-CL-000553,CLM-211059,INS-PL-005290,Wind,2024-09-30,2024-09-30,2024-10-13,Closed,2160.0,1555.98,13.8,E-0242,,Mobile App,false
INS-CL-000554,CLM-439007,INS-PL-005299,Collision,2026-02-06,2026-02-10,2026-02-18,Closed,7723.3,4859.5,8.7,E-0263,,Web,false
INS-CL-000555,CLM-419237,INS-PL-005311,Wind,2025-05-12,2025-05-17,2025-07-02,Closed,13738.91,14264.17,46.3,E-0239,,Web,false
INS-CL-000556,CLM-986701,INS-PL-005319,Liability,2025-09-14,2025-09-18,2025-10-09,Closed,34752.84,27585.29,21.0,E-0259,,Phone,false
INS-CL-000557,CLM-683242,INS-PL-005321,Theft,2024-10-03,2024-10-06,2024-10-17,Closed,3640.01,3818.41,11.6,E-0249,,Phone,false
INS-CL-000558,CLM-883666,INS-PL-005324,Fire,2025-03-13,2025-03-19,2025-04-09,Closed,5657.66,2925.2,21.9,E-0255,,Phone,false
INS-CL-000559,CLM-289097,INS-PL-005340,Glass,2025-07-23,2025-07-29,2025-08-05,Closed,14111.19,10742.94,7.5,E-0236,,Phone,false
INS-CL-000560,CLM-816728,INS-PL-005345,Fire,2026-08-02,2026-08-06,2026-08-21,Closed,4227.76,3581.74,15.5,E-0251,,Web,false
INS-CL-000561,CLM-604285,INS-PL-005359,Hail Damage,2026-06-16,2026-06-16,2026-07-03,Closed,17074.12,13801.38,17.7,E-0244,CAT-2026-HAIL-MW,Mobile App,false
INS-CL-000562,CLM-367583,INS-PL-005362,Liability,2024-09-20,2024-09-23,2024-10-14,Closed,19224.45,15418.06,21.3,E-0253,,Mobile App,false
INS-CL-000563,CLM-211514,INS-PL-005381,Water Damage,2025-12-31,2026-01-04,2026-01-17,Closed,41095.14,22305.24,13.8,E-0242,,Agent,false
INS-CL-000564,CLM-985858,INS-PL-005392,Glass,2026-08-14,2026-08-15,,Under Review,5748.84,0,,E-0250,,Mobile App,false
INS-CL-000565,CLM-774814,INS-PL-005401,Water Damage,2025-03-12,2025-03-17,2025-04-05,Closed,2710.66,2709.12,19.9,E-0252,,Phone,false
INS-CL-000566,CLM-906624,INS-PL-005418,Liability,2026-06-15,2026-06-18,2026-07-08,Closed,23792.87,14164.06,21.0,E-0250,,Mobile App,false
INS-CL-000567,CLM-492323,INS-PL-005425,Water Damage,2025-04-30,2025-05-02,2025-05-26,Closed,3553.86,3331.8,24.5,E-0259,,Mobile App,false
INS-CL-000568,CLM-479196,INS-PL-005436,Hail Damage,2026-06-18,2026-06-20,2026-07-14,Closed,13583.78,7520.54,24.5,E-0247,CAT-2026-HAIL-MW,Agent,false
INS-CL-000569,CLM-638948,INS-PL-005438,Glass,2026-07-08,2026-07-10,2026-07-28,Closed,1331.11,714.76,18.8,E-0251,,Phone,false
INS-CL-000570,CLM-825801,INS-PL-005445,Water Damage,2024-09-05,2024-09-07,2024-09-28,Closed,4005.72,2439.77,22.0,E-0261,,Mobile App,false
INS-CL-000571,CLM-429108,INS-PL-005452,Liability,2025-02-02,2025-02-07,2025-02-21,Closed,9724.18,9334.22,14.3,E-0247,,Mobile App,false
INS-CL-000572,CLM-555092,INS-PL-005458,Hail Damage,2026-06-17,2026-06-20,2026-07-09,Closed,2868.41,1940.52,19.9,E-0265,CAT-2026-HAIL-MW,Mobile App,false
INS-CL-000573,CLM-910453,INS-PL-005462,Water Damage,2026-05-13,2026-05-15,2026-06-03,Closed,64085.99,54215.08,19.2,E-0240,,Phone,false
INS-CL-000574,CLM-648320,INS-PL-005488,Liability,2026-02-10,2026-02-13,2026-02-26,Closed,1468.65,861.62,13.4,E-0242,,Mobile App,false
INS-CL-000575,CLM-630755,INS-PL-005500,Wind,2026-07-24,2026-07-29,2026-08-24,Closed,9239.77,5041.27,26.2,E-0251,,Agent,false
INS-CL-000576,CLM-293559,INS-PL-005501,Theft,2025-01-09,2025-01-11,2025-02-07,Closed,5007.63,2870.72,27.1,E-0238,,Web,false
INS-CL-000577,CLM-504647,INS-PL-005507,Glass,2026-03-27,2026-04-02,2026-04-11,Closed,18494.18,15343.89,9.1,E-0247,,Phone,false
INS-CL-000578,CLM-954638,INS-PL-005513,Fire,2026-07-24,2026-07-28,2026-08-09,Closed,11831.92,11611.98,12.3,E-0238,,Phone,false
INS-CL-000579,CLM-763201,INS-PL-005526,Liability,2026-08-09,2026-08-11,2026-08-20,Closed,7282.61,5897.51,9.4,E-0248,,Phone,false
INS-CL-000580,CLM-972269,INS-PL-005551,Glass,2024-10-05,2024-10-07,2024-10-29,Closed,6075.14,6326.42,23.0,E-0263,,Phone,false
INS-CL-000581,CLM-338009,INS-PL-005552,Water Damage,2024-10-23,2024-10-27,2024-11-15,Closed,8731.8,5021.35,19.2,E-0259,,Mobile App,false
INS-CL-000582,CLM-550002,INS-PL-005556,Water Damage,2026-08-19,2026-08-24,,Under Review,29004.24,0,,E-0240,,Mobile App,false
INS-CL-000583,CLM-520988,INS-PL-005574,Water Damage,2026-07-02,2026-07-08,2026-08-14,Closed,23214.26,20988.35,37.6,E-0252,,Mobile App,false
INS-CL-000584,CLM-755332,INS-PL-005609,Glass,2024-11-17,2024-11-18,2025-01-07,Closed,8807.82,6109.7,50.1,E-0256,,Phone,false
INS-CL-000585,CLM-225075,INS-PL-005614,Fire,2025-06-27,2025-07-01,2025-07-18,Closed,1500.21,1238.26,17.3,E-0246,,Mobile App,false
INS-CL-000586,CLM-506614,INS-PL-005618,Water Damage,2026-01-30,2026-02-02,2026-02-28,Closed,36842.45,30234.5,26.1,E-0265,,Mobile App,false
INS-CL-000587,CLM-936428,INS-PL-005627,Glass,2025-11-18,2025-11-18,2025-12-10,Closed,9904.15,5867.71,22.4,E-0255,,Web,false
INS-CL-000588,CLM-439433,INS-PL-005630,Glass,2026-01-27,2026-01-29,2026-02-06,Closed,5799.89,5408.86,8.7,E-0246,,Phone,false
INS-CL-000589,CLM-465405,INS-PL-005640,Glass,2025-02-19,2025-02-20,2025-03-10,Closed,1359.18,1175.65,18.5,E-0263,,Agent,false
INS-CL-000590,CLM-714394,INS-PL-005651,Water Damage,2025-02-19,2025-02-24,2025-03-27,Closed,6586.19,6527.45,31.7,E-0257,,Phone,false
INS-CL-000591,CLM-428794,INS-PL-005674,Collision,2024-09-16,2024-09-16,2024-09-24,Closed,41395.2,35002.39,8.6,E-0245,,Mobile App,false
INS-CL-000592,CLM-837572,INS-PL-005680,Liability,2025-05-07,2025-05-13,2025-06-07,Closed,25098.02,16610.2,25.1,E-0253,,Phone,false
INS-CL-000593,CLM-790800,INS-PL-005690,Theft,2026-08-19,2026-08-22,,Awaiting Documents,10337.21,0,,E-0261,,Mobile App,false
INS-CL-000594,CLM-932608,INS-PL-005697,Hail Damage,2026-06-14,2026-06-19,2026-07-11,Closed,2974.68,2215.54,22.4,E-0242,CAT-2026-HAIL-MW,Phone,false
INS-CL-000595,CLM-385589,INS-PL-005704,Glass,2024-12-26,2024-12-31,2025-01-12,Closed,12848.44,6590.18,12.9,E-0242,,Mobile App,false
INS-CL-000596,CLM-736680,INS-PL-005708,Fire,2026-04-25,2026-04-28,2026-05-13,Closed,11142.19,5916.34,15.6,E-0238,,Phone,false
INS-CL-000597,CLM-122080,INS-PL-005721,Water Damage,2026-07-07,2026-07-11,2026-07-22,Closed,6132.19,3809.64,12.0,E-0254,,Web,false
INS-CL-000598,CLM-939670,INS-PL-005757,Liability,2026-07-25,2026-07-25,2026-08-14,Closed,7226.92,4378.57,20.3,E-0251,,Web,false
INS-CL-000599,CLM-503275,INS-PL-005771,Water Damage,2026-07-02,2026-07-08,2026-07-31,Closed,1000.02,638.82,23.6,E-0250,,Phone,false
INS-CL-000600,CLM-185277,INS-PL-005779,Collision,2026-01-28,2026-02-03,2026-02-13,Closed,24877.87,20117.16,10.6,E-0240,,Agent,false
INS-CL-000601,CLM-540711,INS-PL-005788,Collision,2026-03-07,2026-03-09,2026-04-05,Closed,23949.24,22605.38,27.9,E-0259,,Mobile App,false
INS-CL-000602,CLM-262529,INS-PL-005792,Theft,2025-01-18,2025-01-24,2025-02-08,Closed,25985.6,16183.23,15.1,E-0258,,Agent,false
INS-CL-000603,CLM-193236,INS-PL-005806,Liability,2024-12-29,2025-01-04,2025-01-31,Closed,38019.33,38635.83,27.2,E-0261,,Mobile App,false
INS-CL-000604,CLM-260568,INS-PL-005830,Wind,2025-02-12,2025-02-16,2025-03-04,Closed,12671.4,11181.09,16.2,E-0242,,Mobile App,false
INS-CL-000605,CLM-673414,INS-PL-005832,Theft,2025-06-19,2025-06-24,2025-07-20,Closed,3155.18,1850.15,26.2,E-0261,,Agent,false
INS-CL-000606,CLM-712701,INS-PL-005834,Fire,2024-10-30,2024-11-04,2024-11-28,Closed,4004.25,2920.44,24.7,E-0243,,Mobile App,false
INS-CL-000607,CLM-455645,INS-PL-005870,Water Damage,2026-08-13,2026-08-13,2026-08-28,Closed,3173.87,3272.46,15.6,E-0250,,Web,false
INS-CL-000608,CLM-465103,INS-PL-005876,Hail Damage,2026-06-15,2026-06-20,2026-07-18,Closed,18811.63,17732.62,28.1,E-0247,CAT-2026-HAIL-MW,Mobile App,false
INS-CL-000609,CLM-524967,INS-PL-005886,Theft,2026-03-23,2026-03-27,2026-04-10,Closed,10290.68,8341.02,15.0,E-0263,,Web,false
INS-CL-000610,CLM-224438,INS-PL-005920,Wind,2024-12-16,2024-12-19,2024-12-31,Closed,27408.65,13717.54,12.7,E-0255,,Mobile App,false
INS-CL-000611,CLM-847442,INS-PL-005931,Wind,2025-01-27,2025-01-31,2025-03-02,Closed,17949.86,12830.62,30.2,E-0251,,Phone,false
INS-CL-000612,CLM-216322,INS-PL-005934,Fire,2024-10-03,2024-10-09,2024-11-09,Closed,28508.7,27549.8,31.9,E-0249,,Mobile App,false
INS-CL-000613,CLM-129017,INS-PL-005938,Collision,2026-05-07,2026-05-08,2026-06-07,Closed,8392.94,6395.07,30.6,E-0252,,Phone,false
INS-CL-000614,CLM-950181,INS-PL-005940,Wind,2026-03-16,2026-03-18,2026-04-01,Closed,51751.4,27270.15,14.5,E-0253,,Phone,false
INS-CL-000615,CLM-676508,INS-PL-005941,Wind,2026-08-22,2026-08-22,,Under Review,20442.33,0,,E-0243,,Mobile App,false
INS-CL-000616,CLM-123456,INS-PL-005955,Wind,2026-05-22,2026-05-28,2026-06-16,Closed,9120.43,6541.6,19.9,E-0256,,Agent,false
INS-CL-000617,CLM-453366,INS-PL-005956,Hail Damage,2026-06-17,2026-06-21,2026-07-15,Closed,20100.63,12034.98,24.4,E-0247,CAT-2026-HAIL-MW,Mobile App,false
INS-CL-000618,CLM-127424,INS-PL-005961,Glass,2024-09-05,2024-09-10,2024-10-19,Closed,7779.97,7799.46,39.3,E-0265,,Phone,false
INS-CL-000619,CLM-358948,INS-PL-005966,Theft,2026-06-29,2026-07-02,2026-07-15,Closed,25009.34,25531.09,13.8,E-0236,,Agent,false
INS-CL-000620,CLM-549138,INS-PL-005968,Glass,2026-02-13,2026-02-19,2026-03-08,Closed,31482.3,30918.7,17.8,E-0262,,Mobile App,false
INS-CL-000621,CLM-697798,INS-PL-005975,Fire,2025-08-04,2025-08-10,2025-08-19,Closed,3367.11,1970.45,9.9,E-0262,,Web,false
INS-CL-000622,CLM-628174,INS-PL-005993,Water Damage,2024-10-13,2024-10-17,2024-10-25,Closed,4438.19,3904.44,8.4,E-0240,,Mobile App,false
INS-CL-000623,CLM-438353,INS-PL-006020,Collision,2024-12-20,2024-12-21,2025-01-03,Closed,13787.54,9724.05,13.1,E-0258,,Mobile App,false
INS-CL-000624,CLM-743997,INS-PL-006033,Theft,2025-08-14,2025-08-18,2025-08-23,Closed,3140.15,1587.73,5.8,E-0246,,Mobile App,false
INS-CL-000625,CLM-894227,INS-PL-006038,Theft,2025-09-12,2025-09-15,2025-10-06,Closed,2772.07,2372.87,21.1,E-0245,,Agent,false
INS-CL-000626,CLM-321138,INS-PL-006049,Theft,2025-08-14,2025-08-15,2025-08-29,Closed,18284.07,11634.69,14.1,E-0257,,Web,false
INS-CL-000627,CLM-562194,INS-PL-006057,Hail Damage,2026-06-17,2026-06-23,2026-07-01,Closed,5871.6,5762.01,8.8,E-0253,CAT-2026-HAIL-MW,Phone,false
INS-CL-000628,CLM-202442,INS-PL-006096,Hail Damage,2026-06-15,2026-06-15,2026-08-05,Closed,7414.98,6642.37,51.7,E-0255,CAT-2026-HAIL-MW,Phone,false
INS-CL-000629,CLM-223369,INS-PL-006112,Theft,2026-07-20,2026-07-26,,Under Review,14819.78,0,,E-0253,,Agent,false
INS-CL-000630,CLM-891030,INS-PL-006125,Wind,2024-12-10,2024-12-12,2024-12-29,Closed,12737.36,10987.98,17.4,E-0264,,Mobile App,false
INS-CL-000631,CLM-888180,INS-PL-006133,Theft,2024-09-13,2024-09-19,2024-10-03,Closed,59584.07,50402.24,14.8,E-0245,,Phone,false
INS-CL-000632,CLM-757645,INS-PL-006138,Theft,2024-10-26,2024-10-30,2024-11-17,Closed,37127.77,37952.07,18.8,E-0254,,Mobile App,false
INS-CL-000633,CLM-943060,INS-PL-006157,Water Damage,2025-09-29,2025-10-01,2025-10-10,Closed,21474.09,11948.9,9.2,E-0259,,Agent,false
INS-CL-000634,CLM-511393,INS-PL-006162,Collision,2025-07-02,2025-07-07,2025-07-22,Closed,14134.03,7673.72,15.8,E-0243,,Web,false
INS-CL-000635,CLM-875900,INS-PL-006184,Fire,2025-06-29,2025-07-03,2025-07-13,Closed,30371.0,18077.9,10.5,E-0263,,Mobile App,false
INS-CL-000636,CLM-747769,INS-PL-006190,Water Damage,2025-03-28,2025-04-02,2025-04-18,Closed,3759.96,2885.24,16.1,E-0257,,Agent,false
INS-CL-000637,CLM-725034,INS-PL-006208,Fire,2025-02-04,2025-02-05,2025-04-08,Closed,11642.83,5955.08,62.5,E-0244,,Mobile App,true
INS-CL-000638,CLM-360242,INS-PL-006213,Water Damage,2026-01-06,2026-01-08,2026-01-24,Closed,5078.07,3088.97,16.0,E-0256,,Web,false
INS-CL-000639,CLM-823513,INS-PL-006231,Glass,2026-07-26,2026-07-31,,Awaiting Documents,31727.73,0,,E-0248,,Phone,false
INS-CL-000640,CLM-116615,INS-PL-006237,Water Damage,2025-02-24,2025-03-02,2025-03-12,Closed,79255.13,70024.24,10.5,E-0236,,Mobile App,false
INS-CL-000641,CLM-360580,INS-PL-006246,Liability,2026-04-11,2026-04-17,2026-04-26,Closed,32555.09,19129.67,9.5,E-0257,,Phone,false
INS-CL-000642,CLM-689453,INS-PL-006253,Glass,2025-01-08,2025-01-08,2025-01-28,Closed,3996.18,4119.98,20.2,E-0257,,Phone,false
INS-CL-000643,CLM-182152,INS-PL-006261,Glass,2026-08-03,2026-08-04,,Under Review,3876.98,0,,E-0253,,Mobile App,false
INS-CL-000644,CLM-641143,INS-PL-006270,Fire,2026-02-17,2026-02-19,2026-02-26,Closed,18104.49,14272.36,7.1,E-0264,,Agent,false
INS-CL-000645,CLM-547777,INS-PL-006271,Fire,2026-02-26,2026-03-01,2026-03-08,Closed,29845.5,18348.67,7.1,E-0254,,Mobile App,false
INS-CL-000646,CLM-450588,INS-PL-006274,Glass,2026-08-04,2026-08-07,2026-08-27,Closed,69436.78,50675.68,20.0,E-0251,,Phone,false
INS-CL-000647,CLM-961341,INS-PL-006275,Water Damage,2026-06-16,2026-06-17,2026-07-14,Closed,17791.68,10956.33,27.4,E-0236,,Phone,false
INS-CL-000648,CLM-593634,INS-PL-006279,Wind,2025-05-17,2025-05-22,2025-06-15,Closed,4199.28,4345.03,24.5,E-0254,,Agent,false
INS-CL-000649,CLM-254840,INS-PL-006296,Wind,2025-06-25,2025-06-29,2025-08-03,Closed,65412.21,43346.2,35.8,E-0244,,Agent,false
INS-CL-000650,CLM-837189,INS-PL-006297,Hail Damage,2026-06-18,2026-06-19,2026-07-18,Closed,7488.13,5842.32,29.2,E-0262,CAT-2026-HAIL-MW,Phone,false
INS-CL-000651,CLM-918546,INS-PL-006304,Theft,2024-11-15,2024-11-21,2024-12-19,Closed,5068.54,4017.33,28.9,E-0256,,Mobile App,false
INS-CL-000652,CLM-751363,INS-PL-006306,Hail Damage,2026-06-15,2026-06-16,2026-07-01,Closed,3280.42,3425.95,15.8,E-0263,CAT-2026-HAIL-MW,Mobile App,false
INS-CL-000653,CLM-584132,INS-PL-006309,Theft,2026-02-25,2026-02-28,2026-03-19,Closed,25657.99,22322.96,19.3,E-0263,,Web,false
INS-CL-000654,CLM-386698,INS-PL-006314,Collision,2025-03-26,2025-03-30,2025-04-22,Closed,36472.37,32862.0,23.1,E-0263,,Mobile App,false
INS-CL-000655,CLM-631016,INS-PL-006319,Fire,2026-08-01,2026-08-05,2026-08-16,Closed,2922.81,1497.55,11.4,E-0246,,Phone,false
INS-CL-000656,CLM-385223,INS-PL-006330,Wind,2026-07-20,2026-07-22,2026-08-11,Closed,2744.1,1968.07,20.8,E-0264,,Mobile App,false
INS-CL-000657,CLM-489996,INS-PL-006347,Liability,2025-02-13,2025-02-17,2025-02-27,Closed,6004.04,5394.41,10.8,E-0249,,Mobile App,false
INS-CL-000658,CLM-643385,INS-PL-006350,Liability,2025-04-19,2025-04-23,2025-06-14,Closed,30145.49,31446.36,52.5,E-0241,,Agent,false
INS-CL-000659,CLM-237705,INS-PL-006366,Collision,2025-12-30,2026-01-04,2026-01-15,Closed,12786.17,9451.82,12.0,E-0240,,Phone,false
INS-CL-000660,CLM-509483,INS-PL-006370,Theft,2026-08-12,2026-08-16,2026-08-30,Closed,13384.08,10653.68,14.6,E-0259,,Phone,false
INS-CL-000661,CLM-684737,INS-PL-006378,Fire,2025-05-25,2025-05-30,2025-06-27,Closed,4434.48,2496.98,28.6,E-0241,,Phone,false
INS-CL-000662,CLM-420926,INS-PL-006389,Wind,2024-11-30,2024-12-02,2024-12-17,Closed,6744.67,6249.58,15.5,E-0238,,Agent,false
INS-CL-000663,CLM-470709,INS-PL-006426,Fire,2026-05-14,2026-05-15,2026-06-04,Closed,22435.58,12814.91,20.5,E-0239,,Phone,false
INS-CL-000664,CLM-131423,INS-PL-006427,Hail Damage,2026-06-18,2026-06-23,2026-07-19,Closed,1976.05,1565.38,26.4,E-0242,CAT-2026-HAIL-MW,Phone,false
INS-CL-000665,CLM-252258,INS-PL-006435,Glass,2025-04-16,2025-04-20,2025-05-13,Closed,18122.25,11763.97,23.3,E-0250,,Mobile App,false
INS-CL-000666,CLM-576275,INS-PL-006437,Hail Damage,2026-06-15,2026-06-15,2026-06-30,Closed,9137.36,8369.21,15.7,E-0241,CAT-2026-HAIL-MW,Mobile App,false
INS-CL-000667,CLM-816291,INS-PL-006439,Fire,2025-03-29,2025-03-31,2025-04-11,Closed,35188.41,21408.51,11.7,E-0239,,Phone,false
INS-CL-000668,CLM-772601,INS-PL-006461,Glass,2024-10-03,2024-10-08,2024-10-27,Closed,20471.3,15580.96,19.8,E-0248,,Mobile App,false
INS-CL-000669,CLM-190144,INS-PL-006463,Wind,2025-08-08,2025-08-10,2025-08-25,Closed,10480.98,7527.7,15.4,E-0254,,Phone,false
INS-CL-000670,CLM-764312,INS-PL-006470,Water Damage,2026-06-13,2026-06-16,2026-06-21,Closed,7524.74,6529.02,5.6,E-0244,,Phone,false
INS-CL-000671,CLM-464298,INS-PL-006494,Water Damage,2024-10-10,2024-10-12,2024-10-21,Closed,20014.08,17020.65,9.5,E-0240,,Agent,false
INS-CL-000672,CLM-555073,INS-PL-006498,Collision,2026-03-11,2026-03-16,2026-04-11,Closed,23224.7,24153.95,26.3,E-0250,,Web,false
INS-CL-000673,CLM-832950,INS-PL-006518,Collision,2024-10-31,2024-11-01,2024-11-21,Closed,3655.16,2678.65,20.6,E-0260,,Phone,false
INS-CL-000674,CLM-150692,INS-PL-006520,Hail Damage,2026-06-16,2026-06-20,2026-08-16,Closed,2341.3,2442.8,58.0,E-0243,CAT-2026-HAIL-MW,Mobile App,false
INS-CL-000675,CLM-287450,INS-PL-006544,Hail Damage,2026-06-17,2026-06-23,2026-07-08,Closed,5046.25,5110.07,15.6,E-0259,CAT-2026-HAIL-MW,Agent,false
INS-CL-000676,CLM-104175,INS-PL-006550,Theft,2026-04-15,2026-04-18,2026-04-30,Closed,5127.67,4431.9,13.0,E-0258,,Mobile App,false
INS-CL-000677,CLM-279661,INS-PL-006552,Wind,2026-07-31,2026-08-05,2026-08-21,Closed,6443.26,3586.84,16.7,E-0256,,Mobile App,false
INS-CL-000678,CLM-849666,INS-PL-006566,Fire,2026-04-15,2026-04-20,2026-06-18,Closed,4218.73,2355.18,60.0,E-0256,,Mobile App,false
INS-CL-000679,CLM-937618,INS-PL-006568,Collision,2025-06-11,2025-06-12,2025-06-23,Closed,58526.65,55499.38,11.8,E-0262,,Mobile App,false
INS-CL-000680,CLM-901785,INS-PL-006594,Fire,2026-04-29,2026-04-30,2026-05-24,Closed,5311.13,3179.62,24.0,E-0260,,Mobile App,false
INS-CL-000681,CLM-964607,INS-PL-006603,Water Damage,2025-04-30,2025-05-04,2025-07-14,Closed,10681.77,5687.06,71.8,E-0253,,Mobile App,false
INS-CL-000682,CLM-309866,INS-PL-006607,Water Damage,2026-05-13,2026-05-13,2026-05-21,Closed,9358.74,5754.08,8.4,E-0251,,Agent,false
INS-CL-000683,CLM-334166,INS-PL-006613,Fire,2024-11-30,2024-12-02,2024-12-23,Closed,4311.0,3443.34,21.3,E-0243,,Mobile App,false
INS-CL-000684,CLM-284749,INS-PL-006628,Collision,2025-06-20,2025-06-22,2025-08-01,Closed,11622.34,7020.42,40.6,E-0239,,Mobile App,false
INS-CL-000685,CLM-185393,INS-PL-006642,Liability,2026-05-02,2026-05-06,2026-05-19,Closed,10726.1,7265.68,13.5,E-0246,,Agent,false
INS-CL-000686,CLM-592252,INS-PL-006644,Liability,2025-02-15,2025-02-19,2025-03-12,Closed,7271.6,4374.55,21.3,E-0254,,Agent,false
INS-CL-000687,CLM-121953,INS-PL-006650,Fire,2026-07-27,2026-07-29,2026-08-10,Closed,32322.38,22326.3,12.0,E-0242,,Phone,false
INS-CL-000688,CLM-891901,INS-PL-006693,Glass,2025-07-01,2025-07-06,2025-08-02,Closed,13562.36,11604.03,27.3,E-0260,,Web,false
INS-CL-000689,CLM-383865,INS-PL-006708,Theft,2026-04-05,2026-04-08,2026-04-18,Closed,5995.78,6104.2,10.0,E-0252,,Web,false
INS-CL-000690,CLM-175713,INS-PL-006713,Fire,2026-04-12,2026-04-18,2026-04-25,Closed,26078.21,23982.74,7.8,E-0245,,Phone,false
INS-CL-000691,CLM-282096,INS-PL-006715,Hail Damage,2026-06-14,2026-06-16,2026-07-08,Closed,14178.64,13338.71,22.4,E-0262,CAT-2026-HAIL-MW,Web,false
INS-CL-000692,CLM-330083,INS-PL-006716,Liability,2025-05-13,2025-05-15,2025-05-29,Closed,15061.38,7967.65,14.7,E-0243,,Phone,true
INS-CL-000693,CLM-957794,INS-PL-006747,Water Damage,2024-11-04,2024-11-08,2024-12-02,Closed,6003.46,6124.98,24.4,E-0245,,Mobile App,false
INS-CL-000694,CLM-853612,INS-PL-006750,Water Damage,2026-08-10,2026-08-14,2026-08-24,Closed,15939.07,11519.18,10.9,E-0250,,Phone,false
INS-CL-000695,CLM-543851,INS-PL-006755,Liability,2025-07-19,2025-07-19,2025-08-08,Closed,24626.17,15690.19,20.9,E-0263,,Phone,false
INS-CL-000696,CLM-299699,INS-PL-006756,Water Damage,2026-08-25,2026-08-29,,Open,3665.19,0,,E-0257,,Mobile App,false
INS-CL-000697,CLM-116108,INS-PL-006761,Collision,2025-08-12,2025-08-13,2025-08-31,Closed,17058.48,9264.62,18.3,E-0245,,Phone,false
INS-CL-000698,CLM-329202,INS-PL-006763,Hail Damage,2026-06-17,2026-06-17,2026-07-10,Closed,31861.74,20595.57,23.1,E-0238,CAT-2026-HAIL-MW,Phone,false
INS-CL-000699,CLM-805000,INS-PL-006764,Fire,2026-03-16,2026-03-19,2026-04-01,Closed,7174.3,6090.0,13.7,E-0240,,Phone,false
INS-CL-000700,CLM-423791,INS-PL-006768,Glass,2024-10-02,2024-10-02,2024-11-16,Closed,12005.19,6052.93,45.1,E-0241,,Agent,false
INS-CL-000701,CLM-959065,INS-PL-006793,Hail Damage,2026-06-16,2026-06-19,2026-07-28,Closed,12865.24,6878.15,39.5,E-0255,CAT-2026-HAIL-MW,Agent,false
INS-CL-000702,CLM-137884,INS-PL-006794,Liability,2026-07-02,2026-07-06,2026-08-09,Closed,31644.6,30140.42,34.8,E-0262,,Web,false
INS-CL-000703,CLM-289703,INS-PL-006822,Fire,2024-09-02,2024-09-06,2024-09-30,Closed,7239.69,6652.9,24.3,E-0253,,Agent,false
INS-CL-000704,CLM-890509,INS-PL-006829,Collision,2025-02-02,2025-02-05,2025-03-02,Closed,6112.42,4480.8,25.0,E-0254,,Phone,false
INS-CL-000705,CLM-575534,INS-PL-006845,Wind,2024-09-24,2024-09-25,2024-10-16,Closed,6488.51,6145.02,21.2,E-0248,,Mobile App,false
INS-CL-000706,CLM-180353,INS-PL-006848,Glass,2025-03-13,2025-03-13,2025-04-15,Closed,4345.63,3143.99,33.8,E-0245,,Mobile App,false
INS-CL-000707,CLM-312934,INS-PL-006871,Theft,2025-12-07,2025-12-10,2025-12-27,Closed,4384.14,3459.9,17.8,E-0252,,Agent,false
INS-CL-000708,CLM-349034,INS-PL-006873,Hail Damage,2026-06-14,2026-06-17,2026-07-17,Closed,39441.49,37649.24,30.3,E-0250,CAT-2026-HAIL-MW,Web,false
INS-CL-000709,CLM-174302,INS-PL-006879,Liability,2026-08-29,2026-09-01,,Awaiting Documents,41307.35,0,,E-0240,,Phone,false
INS-CL-000710,CLM-398590,INS-PL-006885,Water Damage,2025-05-13,2025-05-19,2025-06-15,Closed,4042.27,3015.41,27.2,E-0241,,Mobile App,false
INS-CL-000711,CLM-344699,INS-PL-006903,Theft,2024-09-24,2024-09-27,2024-10-16,Closed,28297.75,27231.28,19.9,E-0261,,Mobile App,false
INS-CL-000712,CLM-844235,INS-PL-006927,Fire,2024-09-26,2024-09-28,2024-10-27,Closed,8429.99,4488.12,30.0,E-0251,,Phone,false
INS-CL-000713,CLM-831862,INS-PL-006932,Theft,2025-11-05,2025-11-09,2025-11-17,Closed,4834.09,4668.7,8.0,E-0261,,Mobile App,false
INS-CL-000714,CLM-545534,INS-PL-006934,Wind,2026-08-26,2026-08-28,,Awaiting Documents,4056.16,0,,E-0241,,Phone,false
INS-CL-000715,CLM-180596,INS-PL-006936,Wind,2026-08-31,2026-08-31,,Under Review,4935.43,0,,E-0255,,Phone,false
INS-CL-000716,CLM-431191,INS-PL-006950,Fire,2026-08-27,2026-09-02,,Awaiting Documents,63969.09,0,,E-0242,,Mobile App,false
INS-CL-000717,CLM-941206,INS-PL-006955,Wind,2026-01-07,2026-01-08,2026-02-10,Closed,5499.94,4904.73,33.8,E-0240,,Mobile App,false
INS-CL-000718,CLM-411041,INS-PL-006956,Hail Damage,2026-06-18,2026-06-19,2026-07-28,Closed,7522.67,4592.69,39.9,E-0237,CAT-2026-HAIL-MW,Web,false
INS-CL-000719,CLM-758143,INS-PL-006957,Theft,2025-03-18,2025-03-24,2025-04-15,Closed,8562.75,6540.02,22.2,E-0236,,Phone,false
INS-CL-000720,CLM-579439,INS-PL-006968,Hail Damage,2026-06-14,2026-06-16,2026-08-13,Closed,2108.39,1951.77,58.2,E-0263,CAT-2026-HAIL-MW,Agent,false
INS-CL-000721,CLM-305296,INS-PL-006969,Water Damage,2026-07-22,2026-07-26,2026-08-15,Closed,46792.27,26055.9,20.9,E-0256,,Phone,false
INS-CL-000722,CLM-876544,INS-PL-006994,Theft,2024-12-10,2024-12-13,2024-12-24,Closed,27703.43,28148.22,11.6,E-0240,,Web,false
INS-CL-000723,CLM-839659,INS-PL-007009,Collision,2025-01-21,2025-01-24,2025-01-30,Closed,43283.02,23954.61,6.5,E-0258,,Mobile App,false
INS-CL-000724,CLM-430263,INS-PL-007023,Hail Damage,2026-06-18,2026-06-18,2026-07-11,Closed,6024.81,3748.18,23.9,E-0255,CAT-2026-HAIL-MW,Mobile App,false
INS-CL-000725,CLM-708544,INS-PL-007038,Theft,2026-03-26,2026-03-29,2026-04-10,Closed,17516.56,14475.07,12.2,E-0248,,Mobile App,false
INS-CL-000726,CLM-655160,INS-PL-007041,Collision,2025-02-01,2025-02-02,2025-02-16,Closed,2703.35,2369.38,14.7,E-0258,,Mobile App,false
INS-CL-000727,CLM-795339,INS-PL-007049,Water Damage,2025-10-31,2025-11-04,2025-11-21,Closed,19439.71,17047.97,17.4,E-0257,,Mobile App,false
INS-CL-000728,CLM-936631,INS-PL-007051,Glass,2025-07-19,2025-07-22,2025-08-05,Closed,3443.8,3374.96,14.9,E-0261,,Phone,false
INS-CL-000729,CLM-814842,INS-PL-007065,Water Damage,2025-10-16,2025-10-16,2025-11-17,Closed,3633.44,3513.09,33.0,E-0261,,Mobile App,false
INS-CL-000730,CLM-807840,INS-PL-007067,Theft,2024-09-04,2024-09-09,2024-10-27,Closed,3411.21,2840.72,48.7,E-0261,,Mobile App,false
INS-CL-000731,CLM-460714,INS-PL-007084,Glass,2024-09-02,2024-09-04,2024-09-25,Closed,3642.84,2614.32,21.5,E-0247,,Mobile App,false
INS-CL-000732,CLM-754748,INS-PL-007085,Fire,2026-03-28,2026-04-03,2026-04-15,Closed,41206.51,36660.19,12.9,E-0236,,Agent,false
INS-CL-000733,CLM-757764,INS-PL-007118,Liability,2025-10-21,2025-10-22,2025-11-10,Closed,24395.22,21250.58,19.7,E-0254,,Mobile App,false
INS-CL-000734,CLM-325062,INS-PL-007124,Wind,2025-03-27,2025-03-29,2025-04-12,Closed,8680.6,6676.94,14.5,E-0261,,Phone,false
INS-CL-000735,CLM-796914,INS-PL-007125,Wind,2026-08-17,2026-08-19,,Awaiting Documents,65285.19,0,,E-0260,,Mobile App,false
INS-CL-000736,CLM-280624,INS-PL-007129,Collision,2024-11-01,2024-11-04,2024-11-14,Closed,1340.71,697.85,11.0,E-0238,,Mobile App,false
INS-CL-000737,CLM-773447,INS-PL-007135,Wind,2026-07-19,2026-07-22,2026-08-03,Closed,13165.14,7798.82,12.0,E-0252,,Mobile App,false
INS-CL-000738,CLM-619615,INS-PL-007155,Collision,2025-04-15,2025-04-16,2025-04-29,Closed,22483.86,20514.65,13.3,E-0253,,Mobile App,false
INS-CL-000739,CLM-669129,INS-PL-007169,Wind,2025-01-21,2025-01-24,2025-02-14,Closed,16098.53,14551.84,22.0,E-0260,,Phone,false
INS-CL-000740,CLM-984645,INS-PL-007178,Water Damage,2025-06-13,2025-06-18,2025-07-11,Closed,77755.08,60750.53,23.3,E-0251,,Phone,false
INS-CL-000741,CLM-370613,INS-PL-007188,Theft,2025-05-02,2025-05-08,2025-05-20,Closed,3889.13,2061.93,12.9,E-0255,,Phone,false
INS-CL-000742,CLM-303859,INS-PL-007191,Glass,2024-09-02,2024-09-02,2024-09-24,Closed,16497.39,13151.23,22.1,E-0245,,Agent,false
INS-CL-000743,CLM-414024,INS-PL-007198,Liability,2025-08-09,2025-08-14,2025-09-22,Closed,3287.74,2646.61,39.2,E-0259,,Mobile App,false
INS-CL-000744,CLM-835245,INS-PL-007201,Theft,2024-09-23,2024-09-24,2024-11-06,Closed,12309.22,9741.48,43.2,E-0238,,Mobile App,false
INS-CL-000745,CLM-747977,INS-PL-007203,Hail Damage,2026-06-15,2026-06-21,2026-07-08,Closed,9544.93,4778.81,17.1,E-0248,CAT-2026-HAIL-MW,Agent,false
INS-CL-000746,CLM-196860,INS-PL-007204,Water Damage,2026-04-07,2026-04-11,2026-04-26,Closed,33413.36,30619.62,15.3,E-0240,,Phone,false
INS-CL-000747,CLM-583031,INS-PL-007222,Glass,2026-08-29,2026-09-03,,Open,16149.1,0,,E-0236,,Phone,false
INS-CL-000748,CLM-431860,INS-PL-007231,Glass,2026-05-20,2026-05-24,2026-06-24,Closed,22297.17,13884.68,32.0,E-0259,,Mobile App,false
INS-CL-000749,CLM-801425,INS-PL-007237,Hail Damage,2026-06-18,2026-06-22,2026-07-21,Closed,6498.22,3754.07,29.3,E-0246,CAT-2026-HAIL-MW,Phone,false
INS-CL-000750,CLM-639616,INS-PL-007245,Water Damage,2026-05-11,2026-05-11,2026-06-21,Closed,25967.64,15379.28,41.6,E-0263,,Phone,false
INS-CL-000751,CLM-979644,INS-PL-007246,Water Damage,2025-01-22,2025-01-23,2025-03-13,Closed,53052.11,43750.17,49.0,E-0253,,Phone,false
INS-CL-000752,CLM-783680,INS-PL-007255,Liability,2025-09-16,2025-09-21,2025-10-02,Closed,4837.31,5068.51,11.5,E-0254,,Mobile App,false
INS-CL-000753,CLM-134123,INS-PL-007257,Water Damage,2024-09-15,2024-09-18,2024-10-06,Closed,28788.56,20652.61,18.3,E-0258,,Web,false
INS-CL-000754,CLM-932598,INS-PL-007263,Water Damage,2024-11-05,2024-11-08,2024-12-01,Closed,2363.52,1785.59,23.0,E-0242,,Mobile App,false
INS-CL-000755,CLM-589705,INS-PL-007278,Liability,2024-10-09,2024-10-11,2024-10-30,Closed,11934.91,7503.76,19.1,E-0239,,Agent,false
INS-CL-000756,CLM-157131,INS-PL-007279,Hail Damage,2026-06-14,2026-06-20,2026-07-06,Closed,2563.16,2319.92,16.9,E-0243,CAT-2026-HAIL-MW,Phone,false
INS-CL-000757,CLM-147491,INS-PL-007288,Water Damage,2025-03-06,2025-03-09,2025-03-25,Closed,3657.1,2880.04,16.0,E-0241,,Mobile App,false
INS-CL-000758,CLM-441184,INS-PL-007313,Theft,2025-12-28,2026-01-01,2026-01-17,Closed,16976.11,11092.62,16.3,E-0254,,Phone,false
INS-CL-000759,CLM-189291,INS-PL-007327,Glass,2026-08-14,2026-08-20,2026-08-27,Closed,19117.5,14965.86,8.0,E-0256,,Phone,false
INS-CL-000760,CLM-317960,INS-PL-007332,Collision,2025-01-09,2025-01-15,2025-01-31,Closed,5573.36,3149.48,16.3,E-0239,,Mobile App,false
INS-CL-000761,CLM-306874,INS-PL-007354,Theft,2025-05-29,2025-06-03,2025-06-16,Closed,43737.56,29435.72,13.1,E-0249,,Agent,false
INS-CL-000762,CLM-386275,INS-PL-007360,Glass,2024-11-15,2024-11-19,2024-12-02,Closed,30220.12,24068.48,13.2,E-0261,,Mobile App,false
INS-CL-000763,CLM-174549,INS-PL-007378,Water Damage,2024-12-12,2024-12-12,2024-12-28,Closed,25199.37,21953.46,16.4,E-0254,,Phone,false
INS-CL-000764,CLM-997809,INS-PL-007394,Hail Damage,2026-06-16,2026-06-19,2026-06-28,Closed,122662.79,109413.24,9.9,E-0262,CAT-2026-HAIL-MW,Phone,false
INS-CL-000765,CLM-257077,INS-PL-007421,Liability,2024-11-14,2024-11-15,2024-11-29,Closed,1841.37,1233.95,14.8,E-0246,,Mobile App,false
INS-CL-000766,CLM-622079,INS-PL-007453,Hail Damage,2026-06-14,2026-06-19,2026-07-02,Closed,29240.69,19334.42,13.1,E-0261,CAT-2026-HAIL-MW,Phone,false
INS-CL-000767,CLM-587168,INS-PL-007457,Collision,2024-09-03,2024-09-08,2024-09-26,Closed,123766.07,120198.25,18.5,E-0252,,Mobile App,false
INS-CL-000768,CLM-793957,INS-PL-007459,Fire,2025-09-21,2025-09-21,2025-10-09,Closed,1900.51,1583.55,18.3,E-0236,,Web,false
INS-CL-000769,CLM-804126,INS-PL-007462,Glass,2025-08-06,2025-08-12,2025-09-10,Closed,40233.25,39894.22,29.7,E-0254,,Phone,false
INS-CL-000770,CLM-432104,INS-PL-007488,Glass,2025-01-29,2025-01-29,2025-02-09,Closed,18203.61,17426.12,11.4,E-0236,,Phone,false
INS-CL-000771,CLM-619745,INS-PL-007489,Hail Damage,2026-06-18,2026-06-19,2026-07-30,Closed,14347.2,14185.68,41.1,E-0265,CAT-2026-HAIL-MW,Mobile App,false
INS-CL-000772,CLM-128454,INS-PL-007494,Hail Damage,2026-06-18,2026-06-18,2026-06-30,Closed,18782.38,9828.16,12.2,E-0261,CAT-2026-HAIL-MW,Phone,false
INS-CL-000773,CLM-931765,INS-PL-007502,Fire,2024-09-10,2024-09-13,2024-09-27,Closed,12572.86,10155.21,14.4,E-0250,,Phone,false
INS-CL-000774,CLM-790549,INS-PL-007508,Collision,2024-11-06,2024-11-08,2024-11-20,Closed,3472.77,2052.28,12.1,E-0238,,Mobile App,false
INS-CL-000775,CLM-557954,INS-PL-007523,Fire,2024-12-22,2024-12-27,2025-02-19,Closed,3952.2,3675.94,54.6,E-0248,,Mobile App,false
INS-CL-000776,CLM-334536,INS-PL-007537,Theft,2026-08-05,2026-08-06,2026-08-20,Closed,3421.81,3002.96,14.9,E-0248,,Phone,false
INS-CL-000777,CLM-215790,INS-PL-007560,Wind,2024-12-24,2024-12-28,2025-01-12,Closed,4785.34,3586.56,15.5,E-0236,,Phone,true
INS-CL-000778,CLM-167261,INS-PL-007567,Collision,2024-11-29,2024-12-01,2024-12-24,Closed,6456.87,6233.22,23.0,E-0243,,Phone,false
INS-CL-000779,CLM-275159,INS-PL-007572,Water Damage,2025-04-16,2025-04-18,2025-04-22,Closed,7439.33,4419.28,4.9,E-0243,,Mobile App,false
INS-CL-000780,CLM-466530,INS-PL-007573,Theft,2025-06-19,2025-06-19,2025-07-04,Closed,2598.77,2439.7,15.6,E-0239,,Phone,false
INS-CL-000781,CLM-118869,INS-PL-007601,Fire,2024-09-21,2024-09-25,2024-10-15,Closed,15979.72,8952.51,20.1,E-0236,,Agent,false
INS-CL-000782,CLM-261240,INS-PL-007609,Fire,2025-06-05,2025-06-10,2025-06-20,Closed,4483.72,4128.68,10.5,E-0261,,Mobile App,false
INS-CL-000783,CLM-851235,INS-PL-007617,Glass,2025-07-06,2025-07-07,2025-07-22,Closed,12923.56,11175.14,15.6,E-0240,,Phone,false
INS-CL-000784,CLM-198241,INS-PL-007628,Theft,2026-07-13,2026-07-17,2026-08-01,Closed,15398.22,10760.11,15.5,E-0241,,Phone,false
INS-CL-000785,CLM-317904,INS-PL-007632,Theft,2026-07-03,2026-07-08,2026-07-15,Closed,11153.17,10426.68,7.4,E-0240,,Phone,false
INS-CL-000786,CLM-484326,INS-PL-007636,Water Damage,2026-08-01,2026-08-07,2026-08-25,Closed,9225.99,7892.11,18.4,E-0240,,Mobile App,false
INS-CL-000787,CLM-486159,INS-PL-007639,Fire,2024-11-07,2024-11-09,2024-12-03,Closed,36464.09,25579.42,24.4,E-0238,,Phone,false
INS-CL-000788,CLM-670667,INS-PL-007658,Water Damage,2026-07-20,2026-07-23,2026-08-07,Closed,8837.15,8351.97,15.6,E-0262,,Agent,false
INS-CL-000789,CLM-701766,INS-PL-007661,Glass,2024-12-20,2024-12-23,2025-01-08,Closed,11113.22,7110.48,17.0,E-0238,,Phone,false
INS-CL-000790,CLM-242121,INS-PL-007668,Liability,2024-09-29,2024-10-05,2024-11-13,Closed,15103.83,14732.03,39.5,E-0240,,Agent,false
INS-CL-000791,CLM-155991,INS-PL-007683,Water Damage,2024-11-04,2024-11-10,2024-11-30,Closed,3400.06,3150.46,20.3,E-0240,,Agent,false
INS-CL-000792,CLM-415066,INS-PL-007695,Theft,2025-08-22,2025-08-23,2025-09-01,Closed,43038.79,31829.75,9.4,E-0244,,Phone,false
INS-CL-000793,CLM-959285,INS-PL-007707,Wind,2025-05-21,2025-05-25,2025-06-10,Closed,14822.91,9394.48,16.4,E-0240,,Phone,true
INS-CL-000794,CLM-144053,INS-PL-007712,Hail Damage,2026-06-16,2026-06-20,2026-07-15,Closed,71104.49,48007.31,25.2,E-0241,CAT-2026-HAIL-MW,Mobile App,false
INS-CL-000795,CLM-838611,INS-PL-007714,Theft,2025-09-14,2025-09-15,2025-10-02,Closed,31524.55,25506.72,17.5,E-0263,,Mobile App,false
INS-CL-000796,CLM-683584,INS-PL-007737,Liability,2026-08-08,2026-08-14,2026-08-29,Closed,20137.12,18056.35,15.2,E-0238,,Mobile App,false
INS-CL-000797,CLM-326904,INS-PL-007775,Fire,2025-02-10,2025-02-11,2025-02-24,Closed,31911.69,28186.22,13.1,E-0253,,Phone,false
INS-CL-000798,CLM-895261,INS-PL-007778,Glass,2026-07-05,2026-07-10,2026-08-05,Closed,13442.36,7266.67,26.8,E-0238,,Phone,false
INS-CL-000799,CLM-106310,INS-PL-007779,Water Damage,2025-10-06,2025-10-09,2025-11-06,Closed,10915.21,5661.16,28.4,E-0256,,Mobile App,false
INS-CL-000800,CLM-204771,INS-PL-007790,Glass,2024-09-27,2024-09-29,2024-10-14,Closed,21225.23,20699.85,15.9,E-0265,,Phone,false
INS-CL-000801,CLM-514054,INS-PL-007791,Fire,2026-04-02,2026-04-03,2026-04-16,Closed,10608.97,8030.73,13.0,E-0242,,Web,false
INS-CL-000802,CLM-215064,INS-PL-007807,Hail Damage,2026-06-17,2026-06-23,,Awaiting Documents,1837.99,0,,E-0240,CAT-2026-HAIL-MW,Mobile App,false
INS-CL-000803,CLM-612483,INS-PL-007814,Fire,2025-07-22,2025-07-25,2025-08-05,Closed,9408.27,6955.9,11.3,E-0257,,Mobile App,false
INS-CL-000804,CLM-850699,INS-PL-007826,Water Damage,2026-03-18,2026-03-24,2026-04-05,Closed,9182.21,7684.76,12.3,E-0255,,Mobile App,false
INS-CL-000805,CLM-466194,INS-PL-007832,Glass,2025-01-10,2025-01-13,2025-01-24,Closed,4959.76,3781.45,11.1,E-0250,,Phone,false
INS-CL-000806,CLM-662914,INS-PL-007856,Wind,2024-10-22,2024-10-26,2024-11-13,Closed,8775.08,6706.43,18.2,E-0250,,Phone,false
INS-CL-000807,CLM-255744,INS-PL-007857,Glass,2026-07-08,2026-07-14,2026-08-12,Closed,3206.01,2364.23,29.5,E-0252,,Agent,false
INS-CL-000808,CLM-463548,INS-PL-007862,Theft,2026-05-06,2026-05-08,2026-05-28,Closed,2314.69,1459.49,20.1,E-0236,,Agent,false
INS-CL-000809,CLM-830615,INS-PL-007874,Liability,2024-09-26,2024-09-27,2024-10-07,Closed,22978.23,23035.43,10.1,E-0237,,Mobile App,false
INS-CL-000810,CLM-407611,INS-PL-007902,Wind,2025-11-05,2025-11-08,2025-11-26,Closed,17204.62,11971.57,18.6,E-0258,,Mobile App,false
INS-CL-000811,CLM-266472,INS-PL-007918,Water Damage,2025-12-09,2025-12-13,2025-12-31,Closed,15267.37,12270.3,18.5,E-0257,,Mobile App,false
INS-CL-000812,CLM-383749,INS-PL-007919,Liability,2026-01-10,2026-01-11,2026-01-21,Closed,19865.12,19658.54,10.5,E-0256,,Agent,false
INS-CL-000813,CLM-603080,INS-PL-007944,Water Damage,2026-08-08,2026-08-13,,Under Review,5686.39,0,,E-0240,,Mobile App,false
INS-CL-000814,CLM-796255,INS-PL-007946,Theft,2025-06-06,2025-06-06,2025-06-14,Closed,5870.23,3470.2,8.7,E-0238,,Phone,false
INS-CL-000815,CLM-732634,INS-PL-007958,Water Damage,2026-06-08,2026-06-14,2026-06-23,Closed,9157.14,6523.52,9.1,E-0259,,Web,false
INS-CL-000816,CLM-691252,INS-PL-007972,Glass,2026-02-18,2026-02-19,2026-03-02,Closed,9789.84,8491.23,11.1,E-0244,,Agent,false
INS-CL-000817,CLM-812122,INS-PL-007983,Glass,2026-05-11,2026-05-12,2026-05-23,Closed,27283.25,21681.03,11.4,E-0259,,Mobile App,false
INS-CL-000818,CLM-438008,INS-PL-008004,Liability,2025-12-20,2025-12-22,2026-01-24,Closed,4548.57,3254.35,33.7,E-0254,,Mobile App,false
INS-CL-000819,CLM-704385,INS-PL-008029,Wind,2025-08-05,2025-08-08,2025-08-23,Closed,25522.85,18293.25,15.7,E-0263,,Agent,false
INS-CL-000820,CLM-917639,INS-PL-008045,Glass,2024-11-16,2024-11-22,2024-12-21,Closed,17151.66,15432.56,29.1,E-0262,,Mobile App,false
INS-CL-000821,CLM-205568,INS-PL-008051,Liability,2025-01-14,2025-01-19,2025-02-24,Closed,2787.06,1449.66,36.6,E-0254,,Phone,false
INS-CL-000822,CLM-909161,INS-PL-008078,Hail Damage,2026-06-18,2026-06-24,2026-07-15,Closed,4601.74,3657.98,21.8,E-0238,CAT-2026-HAIL-MW,Phone,true
INS-CL-000823,CLM-206668,INS-PL-008080,Water Damage,2026-08-19,2026-08-20,,Under Review,6892.89,0,,E-0243,,Mobile App,false
INS-CL-000824,CLM-568513,INS-PL-008087,Glass,2025-10-16,2025-10-21,2025-11-21,Closed,10719.64,7870.43,31.1,E-0243,,Mobile App,false
INS-CL-000825,CLM-154457,INS-PL-008089,Collision,2026-07-15,2026-07-15,2026-07-22,Closed,945.54,775.09,7.3,E-0251,,Phone,false
INS-CL-000826,CLM-393164,INS-PL-008095,Fire,2025-10-07,2025-10-13,2025-10-26,Closed,2672.12,1750.24,13.9,E-0238,,Mobile App,false
INS-CL-000827,CLM-236945,INS-PL-008106,Collision,2026-08-20,2026-08-21,,Under Review,17700.34,0,,E-0249,,Mobile App,false
INS-CL-000828,CLM-780774,INS-PL-008116,Collision,2025-02-14,2025-02-17,2025-03-11,Closed,51710.57,45227.32,22.4,E-0257,,Mobile App,false
INS-CL-000829,CLM-546302,INS-PL-008136,Collision,2025-07-20,2025-07-21,2025-08-03,Closed,8112.89,4954.96,13.9,E-0261,,Agent,false
INS-CL-000830,CLM-930673,INS-PL-008142,Water Damage,2026-05-03,2026-05-07,2026-05-24,Closed,15016.54,9498.76,17.9,E-0240,,Web,false
INS-CL-000831,CLM-666484,INS-PL-008152,Collision,2024-11-02,2024-11-08,2024-11-22,Closed,15146.36,14197.22,14.0,E-0249,,Mobile App,false
INS-CL-000832,CLM-126869,INS-PL-008155,Water Damage,2024-09-01,2024-09-07,2024-09-27,Closed,3020.03,2710.3,20.7,E-0245,,Phone,false
INS-CL-000833,CLM-775908,INS-PL-008158,Wind,2025-02-06,2025-02-10,2025-02-22,Closed,37397.07,21596.95,12.3,E-0257,,Phone,false
INS-CL-000834,CLM-428357,INS-PL-008172,Wind,2025-02-08,2025-02-13,2025-02-23,Closed,2193.95,1353.0,10.8,E-0253,,Phone,false
INS-CL-000835,CLM-796032,INS-PL-008184,Collision,2025-04-25,2025-04-27,2025-05-04,Closed,7071.53,4091.29,7.7,E-0247,,Mobile App,false
INS-CL-000836,CLM-836761,INS-PL-008189,Water Damage,2025-11-06,2025-11-06,2025-11-28,Closed,20084.88,16559.44,22.6,E-0241,,Mobile App,false
INS-CL-000837,CLM-404471,INS-PL-008198,Glass,2024-11-18,2024-11-22,2024-12-19,Closed,23753.0,21764.98,27.0,E-0249,,Phone,false
INS-CL-000838,CLM-213421,INS-PL-008199,Fire,2024-10-29,2024-10-30,2024-11-10,Closed,4496.94,2677.61,11.9,E-0236,,Mobile App,false
INS-CL-000839,CLM-524326,INS-PL-008202,Theft,2026-03-09,2026-03-09,2026-03-19,Closed,21065.38,18173.2,10.3,E-0239,,Phone,false
INS-CL-000840,CLM-226105,INS-PL-008215,Collision,2026-01-19,2026-01-20,2026-03-10,Closed,2337.47,1514.0,49.6,E-0236,,Phone,false
INS-CL-000841,CLM-688782,INS-PL-008217,Theft,2026-08-05,2026-08-10,,Under Review,38362.87,0,,E-0252,,Agent,false
INS-CL-000842,CLM-277953,INS-PL-008222,Glass,2026-03-03,2026-03-06,2026-03-12,Closed,12989.15,7871.94,6.7,E-0240,,Mobile App,false
INS-CL-000843,CLM-819704,INS-PL-008242,Water Damage,2026-08-03,2026-08-07,2026-08-14,Closed,13045.02,12400.11,7.1,E-0236,,Web,false
INS-CL-000844,CLM-606285,INS-PL-008279,Fire,2026-02-06,2026-02-07,2026-02-26,Closed,3571.91,2650.11,19.1,E-0251,,Phone,false
INS-CL-000845,CLM-813572,INS-PL-008300,Wind,2024-11-05,2024-11-07,2024-11-17,Closed,51219.63,32175.47,10.6,E-0256,,Phone,false
INS-CL-000846,CLM-316772,INS-PL-008311,Glass,2026-08-27,2026-08-30,,Awaiting Documents,13312.88,0,,E-0245,,Mobile App,false
INS-CL-000847,CLM-506009,INS-PL-008313,Theft,2024-09-09,2024-09-10,2024-09-26,Closed,49547.18,50401.81,16.8,E-0238,,Mobile App,false
INS-CL-000848,CLM-159471,INS-PL-008323,Wind,2025-11-22,2025-11-27,2025-12-19,Closed,18687.82,10911.23,22.9,E-0257,,Phone,false
INS-CL-000849,CLM-905768,INS-PL-008330,Theft,2025-05-06,2025-05-09,2025-06-09,Closed,6738.27,3394.07,31.4,E-0251,,Mobile App,false
INS-CL-000850,CLM-275176,INS-PL-008337,Glass,2026-08-27,2026-09-02,,Awaiting Documents,1119.43,0,,E-0246,,Phone,false
INS-CL-000851,CLM-789890,INS-PL-008341,Fire,2026-03-11,2026-03-15,2026-04-02,Closed,3400.23,3317.17,18.3,E-0256,,Phone,false
INS-CL-000852,CLM-589465,INS-PL-008349,Collision,2025-01-18,2025-01-18,2025-02-13,Closed,12989.89,12302.61,26.4,E-0242,,Phone,false
INS-CL-000853,CLM-167798,INS-PL-008350,Liability,2025-12-29,2025-12-31,2026-01-18,Closed,3244.89,1947.13,18.4,E-0237,,Phone,false
INS-CL-000854,CLM-117705,INS-PL-008355,Water Damage,2026-08-16,2026-08-17,2026-08-25,Closed,10652.76,5798.08,8.5,E-0245,,Mobile App,false
INS-CL-000855,CLM-799434,INS-PL-008365,Hail Damage,2026-06-16,2026-06-17,2026-07-05,Closed,20876.45,14988.35,18.2,E-0250,CAT-2026-HAIL-MW,Mobile App,false
INS-CL-000856,CLM-138744,INS-PL-008402,Fire,2025-10-12,2025-10-12,2025-10-19,Closed,3881.13,3170.52,7.2,E-0237,,Mobile App,false
INS-CL-000857,CLM-307969,INS-PL-008406,Wind,2026-08-08,2026-08-11,2026-08-26,Closed,16903.26,15815.1,15.3,E-0243,,Mobile App,false
INS-CL-000858,CLM-459398,INS-PL-008417,Water Damage,2026-07-02,2026-07-06,2026-08-02,Closed,10564.66,6571.64,27.0,E-0262,,Phone,false
INS-CL-000859,CLM-209999,INS-PL-008424,Collision,2024-09-14,2024-09-16,2024-10-03,Closed,6098.96,3894.18,17.7,E-0256,,Agent,false
INS-CL-000860,CLM-794554,INS-PL-008439,Glass,2026-03-06,2026-03-10,2026-04-09,Closed,1695.95,1167.83,30.2,E-0238,,Mobile App,false
INS-CL-000861,CLM-357110,INS-PL-008449,Fire,2024-09-03,2024-09-05,2024-09-12,Closed,2480.15,2590.45,7.7,E-0249,,Phone,false
INS-CL-000862,CLM-470383,INS-PL-008494,Glass,2026-02-10,2026-02-15,2026-02-28,Closed,8259.14,6350.23,13.8,E-0238,,Phone,false
INS-CL-000863,CLM-489793,INS-PL-008497,Glass,2026-01-18,2026-01-21,2026-02-07,Closed,12104.49,9625.42,17.5,E-0237,,Agent,false
INS-CL-000864,CLM-401623,INS-PL-008501,Water Damage,2024-11-09,2024-11-14,2024-11-30,Closed,23703.15,20003.84,16.3,E-0263,,Phone,false
INS-CL-000865,CLM-394588,INS-PL-008515,Liability,2025-11-19,2025-11-20,2025-12-28,Closed,306282.74,256200.41,38.5,E-0263,,Mobile App,false
INS-CL-000866,CLM-626960,INS-PL-008542,Hail Damage,2026-06-14,2026-06-16,2026-06-26,Closed,5161.45,3211.89,10.3,E-0247,CAT-2026-HAIL-MW,Agent,false
INS-CL-000867,CLM-555356,INS-PL-008544,Wind,2025-02-15,2025-02-18,2025-03-07,Closed,1132.1,785.86,17.3,E-0251,,Mobile App,false
INS-CL-000868,CLM-695408,INS-PL-008554,Theft,2025-02-26,2025-02-26,2025-03-19,Closed,23463.86,17892.61,21.2,E-0264,,Agent,false
INS-CL-000869,CLM-936676,INS-PL-008556,Wind,2026-08-12,2026-08-18,,Open,14236.63,0,,E-0242,,Mobile App,true
INS-CL-000870,CLM-198358,INS-PL-008570,Wind,2026-06-06,2026-06-06,2026-06-15,Closed,1467.17,909.65,9.4,E-0259,,Agent,false
INS-CL-000871,CLM-447859,INS-PL-008573,Water Damage,2025-04-20,2025-04-26,2025-05-05,Closed,46363.06,29283.56,9.4,E-0262,,Web,false
INS-CL-000872,CLM-897132,INS-PL-008574,Glass,2025-02-06,2025-02-12,2025-02-24,Closed,8598.54,5426.11,12.0,E-0257,,Phone,false
INS-CL-000873,CLM-698452,INS-PL-008577,Liability,2025-12-28,2026-01-01,2026-01-29,Closed,14275.75,11046.04,28.8,E-0243,,Phone,false
INS-CL-000874,CLM-429982,INS-PL-008589,Glass,2024-12-07,2024-12-13,2025-01-08,Closed,3597.13,3526.93,26.6,E-0244,,Agent,false
INS-CL-000875,CLM-626061,INS-PL-008600,Glass,2024-09-05,2024-09-06,2024-09-19,Closed,21186.77,17777.61,13.8,E-0264,,Agent,false
INS-CL-000876,CLM-477730,INS-PL-008603,Hail Damage,2026-06-15,2026-06-17,2026-07-02,Closed,13883.46,8304.93,15.0,E-0249,CAT-2026-HAIL-MW,Mobile App,false
INS-CL-000877,CLM-127661,INS-PL-008608,Hail Damage,2026-06-14,2026-06-19,2026-07-29,Closed,871.54,619.76,40.5,E-0257,CAT-2026-HAIL-MW,Agent,false
INS-CL-000878,CLM-470646,INS-PL-008625,Hail Damage,2026-06-18,2026-06-24,2026-07-31,Closed,1229.21,1104.2,37.9,E-0241,CAT-2026-HAIL-MW,Agent,false
INS-CL-000879,CLM-611417,INS-PL-008628,Fire,2026-07-12,2026-07-13,2026-08-02,Closed,3467.96,1934.97,20.2,E-0241,,Mobile App,false
INS-CL-000880,CLM-576539,INS-PL-008629,Theft,2024-11-24,2024-11-27,2025-01-04,Closed,642.86,348.27,38.5,E-0254,,Phone,false
INS-CL-000881,CLM-570494,INS-PL-008640,Hail Damage,2026-06-15,2026-06-20,2026-07-01,Closed,3702.08,2600.87,11.4,E-0240,CAT-2026-HAIL-MW,Mobile App,false
INS-CL-000882,CLM-881621,INS-PL-008704,Liability,2024-11-11,2024-11-14,2024-12-01,Closed,69305.67,69404.05,17.3,E-0250,,Phone,false
INS-CL-000883,CLM-744338,INS-PL-008705,Theft,2026-06-15,2026-06-18,2026-06-28,Closed,12039.9,9927.26,10.1,E-0261,,Mobile App,false
INS-CL-000884,CLM-266731,INS-PL-008714,Glass,2026-06-22,2026-06-23,2026-07-08,Closed,4488.25,2278.61,15.1,E-0253,,Phone,false
INS-CL-000885,CLM-537643,INS-PL-008724,Liability,2025-05-02,2025-05-03,2025-05-13,Closed,6259.47,6316.56,10.5,E-0256,,Web,false
INS-CL-000886,CLM-451545,INS-PL-008727,Hail Damage,2026-06-15,2026-06-17,2026-07-07,Closed,16699.34,17415.19,20.9,E-0260,CAT-2026-HAIL-MW,Mobile App,false
INS-CL-000887,CLM-941565,INS-PL-008731,Collision,2025-12-10,2025-12-16,2026-01-09,Closed,12044.24,8387.22,24.7,E-0253,,Mobile App,false
INS-CL-000888,CLM-999227,INS-PL-008737,Fire,2026-04-30,2026-05-03,2026-05-22,Closed,13048.47,7864.17,19.7,E-0257,,Mobile App,false
INS-CL-000889,CLM-908792,INS-PL-008759,Theft,2024-09-13,2024-09-14,2024-09-30,Closed,11565.37,7798.03,16.6,E-0265,,Phone,false
INS-CL-000890,CLM-483797,INS-PL-008775,Theft,2026-08-22,2026-08-26,,Awaiting Documents,16671.96,0,,E-0265,,Mobile App,false
INS-CL-000891,CLM-463629,INS-PL-008783,Water Damage,2024-11-20,2024-11-26,2024-12-12,Closed,35456.64,27744.05,16.7,E-0256,,Agent,false
INS-CL-000892,CLM-706839,INS-PL-008804,Theft,2024-11-24,2024-11-27,2024-12-12,Closed,79116.29,54124.99,15.6,E-0249,,Phone,false
INS-CL-000893,CLM-565157,INS-PL-008805,Wind,2026-08-27,2026-09-02,,Under Review,29197.23,0,,E-0262,,Phone,false
INS-CL-000894,CLM-276398,INS-PL-008817,Collision,2026-07-16,2026-07-17,2026-07-23,Closed,16318.9,16960.08,6.9,E-0259,,Phone,false
INS-CL-000895,CLM-880969,INS-PL-008822,Fire,2024-09-01,2024-09-01,2024-09-23,Closed,21487.45,11546.62,22.6,E-0241,,Mobile App,false
INS-CL-000896,CLM-392378,INS-PL-008825,Water Damage,2025-12-17,2025-12-23,2026-01-04,Closed,24767.79,24592.01,12.4,E-0261,,Phone,false
INS-CL-000897,CLM-607721,INS-PL-008840,Theft,2025-01-25,2025-01-25,2025-02-06,Closed,19319.93,18147.35,12.9,E-0264,,Web,false
INS-CL-000898,CLM-880731,INS-PL-008846,Theft,2025-08-21,2025-08-27,2025-09-28,Closed,41464.43,25551.42,32.7,E-0241,,Mobile App,false
INS-CL-000899,CLM-133755,INS-PL-008860,Hail Damage,2026-06-17,2026-06-19,2026-07-12,Closed,130145.11,80664.04,23.8,E-0238,CAT-2026-HAIL-MW,Phone,false
INS-CL-000900,CLM-174706,INS-PL-008868,Hail Damage,2026-06-17,2026-06-23,2026-06-30,Closed,1602.96,1432.63,7.7,E-0247,CAT-2026-HAIL-MW,Mobile App,false
INS-CL-000901,CLM-389753,INS-PL-008870,Theft,2024-12-20,2024-12-23,2025-01-25,Closed,57058.76,30297.13,34.0,E-0237,,Mobile App,false
INS-CL-000902,CLM-302954,INS-PL-008901,Glass,2025-09-08,2025-09-12,2025-09-26,Closed,12349.65,10743.08,14.2,E-0248,,Web,false
INS-CL-000903,CLM-150557,INS-PL-008909,Theft,2026-07-18,2026-07-21,2026-08-03,Closed,5400.35,2700.79,13.5,E-0253,,Web,false
INS-CL-000904,CLM-972282,INS-PL-008956,Fire,2024-10-11,2024-10-13,2024-10-27,Closed,6221.58,5596.02,14.9,E-0257,,Agent,false
INS-CL-000905,CLM-172873,INS-PL-008959,Water Damage,2025-07-06,2025-07-12,2025-07-25,Closed,11906.93,7222.48,13.6,E-0242,,Mobile App,false
INS-CL-000906,CLM-377817,INS-PL-008961,Water Damage,2026-03-23,2026-03-26,2026-04-03,Closed,18294.26,18993.5,8.3,E-0243,,Phone,false
INS-CL-000907,CLM-729164,INS-PL-008966,Hail Damage,2026-06-15,2026-06-18,2026-07-04,Closed,9699.37,9977.16,16.0,E-0242,CAT-2026-HAIL-MW,Mobile App,false
INS-CL-000908,CLM-206361,INS-PL-008980,Water Damage,2025-07-21,2025-07-23,2025-08-10,Closed,22795.39,19664.13,18.7,E-0251,,Web,false
INS-CL-000909,CLM-997785,INS-PL-008989,Hail Damage,2026-06-17,2026-06-22,2026-07-23,Closed,10230.64,9211.92,31.7,E-0250,CAT-2026-HAIL-MW,Mobile App,false
INS-CL-000910,CLM-334265,INS-PL-008991,Fire,2026-07-24,2026-07-29,,Awaiting Documents,6544.69,0,,E-0251,,Mobile App,false
INS-CL-000911,CLM-628023,INS-PL-008992,Collision,2025-09-12,2025-09-18,2025-10-06,Closed,28907.11,20985.51,18.7,E-0240,,Phone,false
