CaseId,ApplicationId,CreatedDate,CaseType,Channel,Status,HandleTimeMinutes,AgentId,CSAT,AgentforceHandled
LN-CS-000001,LN-AP-000001,2026-04-19T07:43:08.000Z,Rate Lock Question,Email,Open,5.9,E-0133,1,false
LN-CS-000002,LN-AP-000002,2025-10-02T10:43:27.000Z,Rate Lock Question,Mobile App,Closed,11.2,E-0117,3,false
LN-CS-000003,LN-AP-000004,2026-05-10T18:40:56.000Z,Appraisal Scheduling,Phone,Closed,10.6,E-0064,2,false
LN-CS-000004,LN-AP-000005,2024-10-26T08:13:19.000Z,Appraisal Scheduling,Chat,Closed,4.3,E-0086,,false
LN-CS-000005,LN-AP-000006,2026-05-25T18:04:11.000Z,Payoff Request,Mobile App,Open,12.2,E-0065,2,true
LN-CS-000006,LN-AP-000006,2026-05-19T18:55:49.000Z,Status Inquiry,Chat,Open,5.0,E-0130,,false
LN-CS-000007,LN-AP-000007,2026-02-08T08:04:31.000Z,Appraisal Scheduling,Mobile App,Closed,11.8,E-0092,5,true
LN-CS-000008,LN-AP-000008,2026-04-07T13:17:35.000Z,Appraisal Scheduling,Chat,Closed,15.2,E-0084,2,false
LN-CS-000009,LN-AP-000008,2026-04-29T08:00:16.000Z,Payoff Request,Email,Closed,10.2,E-0110,1,true
LN-CS-000010,LN-AP-000010,2025-09-02T08:52:26.000Z,Document Upload Issue,Chat,Open,3.5,E-0134,3,false
LN-CS-000011,LN-AP-000011,2026-04-07T08:33:30.000Z,Document Upload Issue,Mobile App,Closed,7.1,E-0065,,false
LN-CS-000012,LN-AP-000012,2026-05-08T11:51:15.000Z,Status Inquiry,Mobile App,Open,5.7,E-0135,,false
LN-CS-000013,LN-AP-000013,2026-01-10T08:09:51.000Z,Rate Lock Question,Phone,Closed,8.1,E-0116,,false
LN-CS-000014,LN-AP-000014,2025-09-05T16:10:29.000Z,Document Upload Issue,Email,Closed,3.6,E-0137,2,false
LN-CS-000015,LN-AP-000017,2025-11-08T11:22:46.000Z,Status Inquiry,Mobile App,Closed,5.3,E-0081,3,false
LN-CS-000016,LN-AP-000020,2025-08-10T09:55:52.000Z,Document Upload Issue,Chat,Closed,12.4,E-0128,,false
LN-CS-000017,LN-AP-000024,2026-03-23T13:17:20.000Z,Document Upload Issue,Chat,Closed,10.7,E-0093,,false
LN-CS-000018,LN-AP-000026,2026-01-16T19:41:27.000Z,Rate Lock Question,Phone,Closed,4.3,E-0071,1,false
LN-CS-000019,LN-AP-000027,2025-04-19T18:28:38.000Z,Status Inquiry,Email,Open,6.5,E-0099,,true
LN-CS-000020,LN-AP-000028,2026-02-21T13:40:27.000Z,Payoff Request,Email,Closed,6.1,E-0075,5,true
LN-CS-000021,LN-AP-000029,2026-07-20T16:56:05.000Z,Appraisal Scheduling,Email,Closed,6.8,E-0107,,false
LN-CS-000022,LN-AP-000031,2024-12-25T10:27:38.000Z,Rate Lock Question,Mobile App,Closed,4.3,E-0099,1,true
LN-CS-000023,LN-AP-000032,2025-06-14T19:08:05.000Z,Payoff Request,Mobile App,Closed,3.3,E-0109,,false
LN-CS-000024,LN-AP-000033,2025-04-01T10:15:08.000Z,Document Upload Issue,Email,Closed,7.0,E-0084,,false
LN-CS-000025,LN-AP-000034,2026-02-09T18:49:37.000Z,Status Inquiry,Mobile App,Open,6.9,E-0063,2,false
LN-CS-000026,LN-AP-000036,2026-01-22T15:29:00.000Z,Payoff Request,Email,Closed,13.7,E-0088,2,false
LN-CS-000027,LN-AP-000038,2025-11-02T14:51:55.000Z,Status Inquiry,Phone,Open,5.4,E-0072,,false
LN-CS-000028,LN-AP-000038,2025-11-04T13:59:24.000Z,Appraisal Scheduling,Chat,Closed,19.3,E-0097,1,false
LN-CS-000029,LN-AP-000043,2026-01-14T11:36:04.000Z,Payoff Request,Mobile App,Closed,5.1,E-0134,5,true
LN-CS-000030,LN-AP-000046,2025-03-06T12:56:45.000Z,Payoff Request,Chat,Open,16.0,E-0066,,false
LN-CS-000031,LN-AP-000047,2025-08-11T14:07:55.000Z,Status Inquiry,Email,Closed,8.2,E-0117,,true
LN-CS-000032,LN-AP-000054,2025-05-12T11:05:20.000Z,Appraisal Scheduling,Mobile App,Closed,13.2,E-0105,,false
LN-CS-000033,LN-AP-000054,2025-05-05T19:21:16.000Z,Rate Lock Question,Chat,Closed,3.2,E-0080,3,false
LN-CS-000034,LN-AP-000059,2025-07-21T08:15:00.000Z,Payoff Request,Mobile App,Closed,16.4,E-0125,,false
LN-CS-000035,LN-AP-000060,2025-02-07T17:12:27.000Z,Document Upload Issue,Chat,Closed,14.0,E-0091,3,true
LN-CS-000036,LN-AP-000060,2025-01-12T08:46:29.000Z,Status Inquiry,Chat,Open,8.2,E-0085,,true
LN-CS-000037,LN-AP-000061,2024-11-14T11:39:16.000Z,Status Inquiry,Email,Closed,7.5,E-0110,,true
LN-CS-000038,LN-AP-000066,2025-05-19T09:40:58.000Z,Appraisal Scheduling,Chat,Closed,18.2,E-0088,,false
LN-CS-000039,LN-AP-000067,2026-02-23T14:25:10.000Z,Rate Lock Question,Chat,Closed,9.6,E-0078,,true
LN-CS-000040,LN-AP-000068,2026-08-19T19:00:39.000Z,Document Upload Issue,Chat,Open,13.8,E-0099,3,false
LN-CS-000041,LN-AP-000076,2025-01-24T17:10:44.000Z,Payoff Request,Phone,Open,11.2,E-0074,2,false
LN-CS-000042,LN-AP-000078,2026-02-24T12:53:13.000Z,Document Upload Issue,Email,Closed,11.9,E-0068,2,true
LN-CS-000043,LN-AP-000079,2025-11-02T17:02:37.000Z,Status Inquiry,Phone,Closed,2.6,E-0085,4,false
LN-CS-000044,LN-AP-000082,2026-08-11T16:17:14.000Z,Appraisal Scheduling,Chat,Closed,7.2,E-0140,,true
LN-CS-000045,LN-AP-000082,2026-08-24T13:29:04.000Z,Rate Lock Question,Mobile App,Closed,18.2,E-0121,,false
LN-CS-000046,LN-AP-000084,2026-04-03T13:01:13.000Z,Document Upload Issue,Chat,Closed,6.1,E-0080,,false
LN-CS-000047,LN-AP-000087,2025-05-01T13:35:05.000Z,Payoff Request,Mobile App,Closed,12.6,E-0132,,true
LN-CS-000048,LN-AP-000092,2025-11-09T19:25:06.000Z,Payoff Request,Chat,Open,17.6,E-0137,,false
LN-CS-000049,LN-AP-000096,2026-01-06T14:59:04.000Z,Rate Lock Question,Phone,Open,5.5,E-0123,4,true
LN-CS-000050,LN-AP-000097,2025-11-21T07:06:15.000Z,Payoff Request,Chat,Closed,4.2,E-0101,3,false
LN-CS-000051,LN-AP-000101,2026-04-05T18:20:53.000Z,Status Inquiry,Phone,Closed,5.4,E-0091,3,true
LN-CS-000052,LN-AP-000102,2026-01-12T12:14:13.000Z,Status Inquiry,Chat,Closed,16.3,E-0119,,false
LN-CS-000053,LN-AP-000104,2026-04-13T07:06:08.000Z,Document Upload Issue,Email,Closed,14.2,E-0138,3,false
LN-CS-000054,LN-AP-000107,2025-01-01T18:15:23.000Z,Status Inquiry,Phone,Open,5.7,E-0112,,true
LN-CS-000055,LN-AP-000107,2024-12-20T16:21:27.000Z,Status Inquiry,Mobile App,Open,10.2,E-0101,5,false
LN-CS-000056,LN-AP-000108,2025-01-03T18:53:48.000Z,Appraisal Scheduling,Phone,Open,14.4,E-0118,5,false
LN-CS-000057,LN-AP-000109,2026-04-19T17:59:22.000Z,Document Upload Issue,Mobile App,Closed,8.8,E-0114,1,false
LN-CS-000058,LN-AP-000111,2025-02-03T09:08:19.000Z,Payoff Request,Email,Closed,6.1,E-0110,4,false
LN-CS-000059,LN-AP-000115,2025-05-20T15:53:57.000Z,Rate Lock Question,Mobile App,Closed,31.0,E-0083,5,false
LN-CS-000060,LN-AP-000118,2024-12-17T09:48:50.000Z,Appraisal Scheduling,Email,Closed,7.1,E-0120,2,true
LN-CS-000061,LN-AP-000118,2024-12-14T12:30:43.000Z,Status Inquiry,Email,Closed,4.4,E-0099,,false
LN-CS-000062,LN-AP-000122,2026-03-15T14:49:34.000Z,Appraisal Scheduling,Mobile App,Open,2.7,E-0097,3,false
LN-CS-000063,LN-AP-000122,2026-03-15T12:31:21.000Z,Document Upload Issue,Mobile App,Open,6.4,E-0101,,false
LN-CS-000064,LN-AP-000123,2025-06-24T17:13:01.000Z,Rate Lock Question,Email,Closed,18.7,E-0101,,true
LN-CS-000065,LN-AP-000124,2026-06-15T12:11:56.000Z,Appraisal Scheduling,Chat,Open,5.9,E-0094,,false
LN-CS-000066,LN-AP-000127,2025-02-02T18:55:48.000Z,Rate Lock Question,Mobile App,Closed,12.5,E-0066,,true
LN-CS-000067,LN-AP-000127,2025-02-03T18:03:56.000Z,Status Inquiry,Phone,Closed,9.0,E-0139,2,false
LN-CS-000068,LN-AP-000128,2026-02-11T17:05:41.000Z,Appraisal Scheduling,Phone,Closed,8.3,E-0086,,false
LN-CS-000069,LN-AP-000130,2026-07-01T18:44:34.000Z,Appraisal Scheduling,Phone,Closed,11.7,E-0123,4,false
LN-CS-000070,LN-AP-000133,2025-11-30T16:53:33.000Z,Rate Lock Question,Email,Open,2.8,E-0114,5,false
LN-CS-000071,LN-AP-000133,2025-12-24T10:01:46.000Z,Status Inquiry,Phone,Closed,3.3,E-0110,,true
LN-CS-000072,LN-AP-000136,2024-12-14T11:41:47.000Z,Rate Lock Question,Phone,Open,10.7,E-0121,,true
LN-CS-000073,LN-AP-000137,2025-04-20T17:26:53.000Z,Status Inquiry,Phone,Closed,9.6,E-0112,2,true
LN-CS-000074,LN-AP-000138,2025-12-21T11:26:20.000Z,Document Upload Issue,Mobile App,Open,7.4,E-0098,2,true
LN-CS-000075,LN-AP-000138,2025-12-11T16:35:37.000Z,Appraisal Scheduling,Mobile App,Open,10.2,E-0102,,false
LN-CS-000076,LN-AP-000141,2025-10-29T12:31:42.000Z,Appraisal Scheduling,Phone,Open,7.2,E-0107,,true
LN-CS-000077,LN-AP-000141,2025-11-02T14:24:29.000Z,Payoff Request,Mobile App,Closed,8.5,E-0097,,true
LN-CS-000078,LN-AP-000142,2025-05-10T11:33:59.000Z,Document Upload Issue,Phone,Closed,40.1,E-0078,,false
LN-CS-000079,LN-AP-000142,2025-05-06T14:00:37.000Z,Payoff Request,Email,Open,6.3,E-0119,3,false
LN-CS-000080,LN-AP-000143,2025-10-31T18:28:18.000Z,Payoff Request,Chat,Open,5.1,E-0127,,false
LN-CS-000081,LN-AP-000144,2026-02-17T07:22:41.000Z,Status Inquiry,Phone,Open,14.3,E-0091,5,true
LN-CS-000082,LN-AP-000149,2025-05-07T13:39:27.000Z,Status Inquiry,Phone,Closed,13.6,E-0065,,true
LN-CS-000083,LN-AP-000152,2026-08-09T15:17:50.000Z,Payoff Request,Phone,Closed,8.4,E-0098,1,false
LN-CS-000084,LN-AP-000156,2025-03-14T16:04:14.000Z,Status Inquiry,Email,Open,4.5,E-0126,5,false
LN-CS-000085,LN-AP-000160,2026-02-08T15:33:55.000Z,Document Upload Issue,Mobile App,Closed,20.5,E-0084,,true
LN-CS-000086,LN-AP-000161,2025-05-25T15:15:52.000Z,Appraisal Scheduling,Chat,Open,5.4,E-0137,3,true
LN-CS-000087,LN-AP-000162,2025-11-27T11:37:39.000Z,Document Upload Issue,Phone,Closed,10.5,E-0084,1,false
LN-CS-000088,LN-AP-000162,2025-12-06T16:57:59.000Z,Document Upload Issue,Mobile App,Closed,9.7,E-0110,,false
LN-CS-000089,LN-AP-000163,2026-02-07T12:57:51.000Z,Document Upload Issue,Email,Closed,4.3,E-0136,,false
LN-CS-000090,LN-AP-000164,2025-09-29T10:16:46.000Z,Document Upload Issue,Phone,Closed,14.2,E-0070,4,false
LN-CS-000091,LN-AP-000166,2025-05-29T17:53:11.000Z,Payoff Request,Email,Closed,5.0,E-0104,,false
LN-CS-000092,LN-AP-000170,2026-03-03T08:06:20.000Z,Rate Lock Question,Mobile App,Closed,13.5,E-0071,,true
LN-CS-000093,LN-AP-000171,2025-09-20T11:45:32.000Z,Document Upload Issue,Mobile App,Open,7.5,E-0112,3,false
LN-CS-000094,LN-AP-000171,2025-09-01T07:14:26.000Z,Status Inquiry,Mobile App,Open,18.3,E-0103,5,false
LN-CS-000095,LN-AP-000172,2026-02-08T16:14:28.000Z,Document Upload Issue,Email,Closed,9.5,E-0136,5,false
LN-CS-000096,LN-AP-000174,2025-11-09T09:13:57.000Z,Rate Lock Question,Mobile App,Open,2.8,E-0076,,false
LN-CS-000097,LN-AP-000175,2025-06-02T17:07:38.000Z,Payoff Request,Phone,Open,15.4,E-0104,2,true
LN-CS-000098,LN-AP-000176,2025-05-03T11:01:38.000Z,Document Upload Issue,Mobile App,Closed,9.7,E-0140,3,true
LN-CS-000099,LN-AP-000177,2026-03-09T10:35:32.000Z,Rate Lock Question,Email,Closed,9.0,E-0137,,true
LN-CS-000100,LN-AP-000177,2026-02-10T07:07:29.000Z,Payoff Request,Chat,Closed,8.6,E-0069,,false
LN-CS-000101,LN-AP-000179,2025-10-20T11:11:47.000Z,Appraisal Scheduling,Mobile App,Open,8.6,E-0098,,false
LN-CS-000102,LN-AP-000182,2025-05-14T14:14:23.000Z,Status Inquiry,Chat,Closed,5.3,E-0084,2,false
LN-CS-000103,LN-AP-000184,2025-12-27T16:21:44.000Z,Rate Lock Question,Mobile App,Open,4.6,E-0062,,false
LN-CS-000104,LN-AP-000186,2026-02-25T11:00:15.000Z,Rate Lock Question,Phone,Closed,8.5,E-0061,1,false
LN-CS-000105,LN-AP-000189,2025-07-01T13:52:59.000Z,Document Upload Issue,Phone,Closed,3.1,E-0084,,true
LN-CS-000106,LN-AP-000193,2025-11-10T17:38:07.000Z,Document Upload Issue,Email,Closed,9.5,E-0107,3,true
LN-CS-000107,LN-AP-000194,2025-06-15T13:45:25.000Z,Status Inquiry,Phone,Open,7.1,E-0089,2,false
LN-CS-000108,LN-AP-000195,2025-12-20T16:45:07.000Z,Payoff Request,Phone,Closed,27.6,E-0067,1,false
LN-CS-000109,LN-AP-000196,2024-12-09T07:01:14.000Z,Payoff Request,Chat,Closed,9.8,E-0115,2,false
LN-CS-000110,LN-AP-000197,2026-08-24T19:06:47.000Z,Rate Lock Question,Chat,Closed,9.3,E-0106,1,true
LN-CS-000111,LN-AP-000198,2026-03-12T15:09:42.000Z,Payoff Request,Email,Closed,19.9,E-0061,1,false
LN-CS-000112,LN-AP-000199,2026-04-05T10:13:24.000Z,Status Inquiry,Mobile App,Closed,7.4,E-0099,,false
LN-CS-000113,LN-AP-000202,2026-02-15T07:16:11.000Z,Appraisal Scheduling,Chat,Closed,24.1,E-0099,,true
LN-CS-000114,LN-AP-000206,2026-03-15T08:37:14.000Z,Status Inquiry,Phone,Open,11.2,E-0113,2,false
LN-CS-000115,LN-AP-000210,2025-08-19T13:39:15.000Z,Status Inquiry,Email,Closed,13.3,E-0108,,false
LN-CS-000116,LN-AP-000217,2025-04-26T17:52:22.000Z,Rate Lock Question,Chat,Closed,6.9,E-0067,2,true
LN-CS-000117,LN-AP-000219,2025-09-21T17:07:50.000Z,Rate Lock Question,Phone,Closed,12.1,E-0083,,true
LN-CS-000118,LN-AP-000220,2026-05-29T08:35:48.000Z,Document Upload Issue,Phone,Open,7.2,E-0137,5,true
LN-CS-000119,LN-AP-000221,2025-08-28T14:27:18.000Z,Status Inquiry,Email,Open,7.4,E-0118,,false
LN-CS-000120,LN-AP-000222,2026-03-30T10:21:26.000Z,Document Upload Issue,Mobile App,Closed,12.3,E-0137,1,false
LN-CS-000121,LN-AP-000222,2026-03-08T12:36:22.000Z,Appraisal Scheduling,Email,Closed,7.8,E-0082,,true
LN-CS-000122,LN-AP-000224,2025-08-20T07:52:50.000Z,Rate Lock Question,Mobile App,Open,4.1,E-0138,,false
LN-CS-000123,LN-AP-000225,2025-09-12T18:20:41.000Z,Payoff Request,Phone,Closed,13.0,E-0089,5,true
LN-CS-000124,LN-AP-000228,2025-04-05T13:17:25.000Z,Status Inquiry,Chat,Open,14.6,E-0110,,false
LN-CS-000125,LN-AP-000229,2025-02-04T12:38:41.000Z,Status Inquiry,Mobile App,Open,6.6,E-0081,5,false
LN-CS-000126,LN-AP-000230,2025-05-01T10:12:59.000Z,Document Upload Issue,Mobile App,Open,3.6,E-0121,,true
LN-CS-000127,LN-AP-000230,2025-05-11T12:36:01.000Z,Appraisal Scheduling,Email,Closed,3.9,E-0094,5,false
LN-CS-000128,LN-AP-000232,2025-08-29T10:15:17.000Z,Appraisal Scheduling,Phone,Closed,8.4,E-0113,,true
LN-CS-000129,LN-AP-000233,2025-04-01T15:07:00.000Z,Appraisal Scheduling,Chat,Closed,35.8,E-0098,,true
LN-CS-000130,LN-AP-000234,2025-09-09T17:15:02.000Z,Appraisal Scheduling,Mobile App,Closed,4.4,E-0061,,false
LN-CS-000131,LN-AP-000234,2025-10-03T14:17:55.000Z,Status Inquiry,Phone,Closed,5.9,E-0128,,true
LN-CS-000132,LN-AP-000236,2025-04-14T15:09:37.000Z,Status Inquiry,Phone,Closed,31.8,E-0099,,false
LN-CS-000133,LN-AP-000236,2025-04-07T08:30:54.000Z,Document Upload Issue,Phone,Open,11.0,E-0085,,false
LN-CS-000134,LN-AP-000237,2026-02-14T19:17:35.000Z,Status Inquiry,Phone,Closed,9.4,E-0120,3,false
LN-CS-000135,LN-AP-000244,2025-11-23T11:53:25.000Z,Status Inquiry,Mobile App,Closed,18.8,E-0110,2,false
LN-CS-000136,LN-AP-000245,2025-11-23T11:41:47.000Z,Rate Lock Question,Phone,Closed,10.7,E-0068,,true
LN-CS-000137,LN-AP-000247,2025-03-07T15:55:44.000Z,Document Upload Issue,Phone,Open,10.5,E-0066,2,true
LN-CS-000138,LN-AP-000248,2026-05-22T15:11:28.000Z,Payoff Request,Email,Closed,9.8,E-0073,4,false
LN-CS-000139,LN-AP-000250,2026-01-03T07:35:23.000Z,Appraisal Scheduling,Email,Closed,16.3,E-0111,,true
LN-CS-000140,LN-AP-000251,2024-12-22T10:10:36.000Z,Rate Lock Question,Chat,Open,9.2,E-0093,,true
LN-CS-000141,LN-AP-000253,2025-07-04T14:05:06.000Z,Payoff Request,Mobile App,Closed,7.8,E-0085,2,true
LN-CS-000142,LN-AP-000253,2025-07-31T17:02:14.000Z,Rate Lock Question,Chat,Closed,5.0,E-0089,2,false
LN-CS-000143,LN-AP-000257,2025-12-08T16:59:57.000Z,Status Inquiry,Email,Closed,11.6,E-0123,5,true
LN-CS-000144,LN-AP-000258,2025-10-04T19:44:42.000Z,Appraisal Scheduling,Mobile App,Open,6.9,E-0090,5,false
LN-CS-000145,LN-AP-000258,2025-10-06T11:55:09.000Z,Document Upload Issue,Email,Open,7.0,E-0106,,false
LN-CS-000146,LN-AP-000259,2026-05-18T11:06:19.000Z,Rate Lock Question,Chat,Closed,6.4,E-0097,5,false
LN-CS-000147,LN-AP-000259,2026-05-24T07:53:50.000Z,Payoff Request,Mobile App,Open,5.4,E-0111,,false
LN-CS-000148,LN-AP-000262,2026-06-29T10:48:45.000Z,Appraisal Scheduling,Phone,Closed,10.3,E-0098,2,false
LN-CS-000149,LN-AP-000262,2026-06-19T09:04:50.000Z,Document Upload Issue,Email,Closed,10.3,E-0123,,false
LN-CS-000150,LN-AP-000266,2025-01-13T12:20:13.000Z,Appraisal Scheduling,Email,Closed,10.0,E-0079,2,true
LN-CS-000151,LN-AP-000268,2026-04-19T07:00:20.000Z,Payoff Request,Email,Closed,12.3,E-0094,3,false
LN-CS-000152,LN-AP-000268,2026-04-01T10:37:26.000Z,Status Inquiry,Email,Open,4.7,E-0076,2,true
LN-CS-000153,LN-AP-000269,2026-06-05T13:16:55.000Z,Payoff Request,Phone,Closed,7.3,E-0117,2,false
LN-CS-000154,LN-AP-000272,2025-07-08T16:35:55.000Z,Rate Lock Question,Email,Closed,5.2,E-0066,,false
LN-CS-000155,LN-AP-000275,2026-08-31T07:44:48.000Z,Rate Lock Question,Mobile App,Closed,7.6,E-0083,,true
LN-CS-000156,LN-AP-000279,2025-12-14T08:44:56.000Z,Document Upload Issue,Email,Closed,17.3,E-0093,,false
LN-CS-000157,LN-AP-000280,2026-05-26T12:31:55.000Z,Status Inquiry,Email,Closed,15.1,E-0089,,false
LN-CS-000158,LN-AP-000281,2025-12-24T14:53:43.000Z,Document Upload Issue,Phone,Open,5.1,E-0137,,false
LN-CS-000159,LN-AP-000282,2025-10-29T13:25:42.000Z,Appraisal Scheduling,Phone,Closed,16.3,E-0124,3,false
LN-CS-000160,LN-AP-000286,2025-07-08T08:46:16.000Z,Status Inquiry,Mobile App,Closed,3.0,E-0114,2,true
LN-CS-000161,LN-AP-000286,2025-06-29T15:34:05.000Z,Appraisal Scheduling,Email,Open,13.2,E-0069,,false
LN-CS-000162,LN-AP-000294,2024-11-22T09:18:15.000Z,Status Inquiry,Email,Closed,12.9,E-0105,5,false
LN-CS-000163,LN-AP-000295,2026-02-25T10:36:10.000Z,Document Upload Issue,Email,Closed,6.2,E-0109,1,true
LN-CS-000164,LN-AP-000296,2025-01-08T07:24:40.000Z,Document Upload Issue,Phone,Closed,10.0,E-0118,2,false
LN-CS-000165,LN-AP-000301,2024-10-15T13:02:40.000Z,Appraisal Scheduling,Phone,Open,3.3,E-0131,3,true
LN-CS-000166,LN-AP-000302,2025-10-21T11:16:15.000Z,Document Upload Issue,Email,Open,7.7,E-0093,,true
LN-CS-000167,LN-AP-000307,2025-12-20T09:46:12.000Z,Status Inquiry,Email,Open,9.1,E-0135,4,false
LN-CS-000168,LN-AP-000309,2026-04-06T13:33:13.000Z,Status Inquiry,Phone,Closed,12.7,E-0076,3,true
LN-CS-000169,LN-AP-000310,2026-03-09T17:46:59.000Z,Appraisal Scheduling,Mobile App,Closed,6.3,E-0076,2,false
LN-CS-000170,LN-AP-000312,2026-06-07T12:01:16.000Z,Rate Lock Question,Phone,Open,5.4,E-0075,,true
LN-CS-000171,LN-AP-000312,2026-06-26T09:04:11.000Z,Payoff Request,Mobile App,Open,5.4,E-0123,5,false
LN-CS-000172,LN-AP-000313,2025-03-06T11:41:12.000Z,Rate Lock Question,Email,Open,5.9,E-0071,1,true
LN-CS-000173,LN-AP-000313,2025-03-16T13:50:20.000Z,Status Inquiry,Mobile App,Closed,4.0,E-0064,,false
LN-CS-000174,LN-AP-000314,2026-05-14T08:48:45.000Z,Payoff Request,Phone,Closed,8.7,E-0138,,false
LN-CS-000175,LN-AP-000316,2026-06-16T07:53:35.000Z,Payoff Request,Chat,Closed,5.0,E-0090,,false
LN-CS-000176,LN-AP-000319,2025-07-29T17:24:48.000Z,Document Upload Issue,Phone,Closed,12.7,E-0139,1,false
LN-CS-000177,LN-AP-000320,2025-08-15T11:05:46.000Z,Appraisal Scheduling,Mobile App,Closed,4.8,E-0083,4,true
LN-CS-000178,LN-AP-000321,2025-10-21T16:10:33.000Z,Payoff Request,Chat,Open,12.9,E-0088,2,true
LN-CS-000179,LN-AP-000321,2025-11-24T16:56:07.000Z,Rate Lock Question,Mobile App,Open,6.4,E-0080,3,false
LN-CS-000180,LN-AP-000323,2025-01-09T13:14:12.000Z,Rate Lock Question,Mobile App,Open,10.2,E-0066,5,false
LN-CS-000181,LN-AP-000326,2025-05-31T18:34:14.000Z,Rate Lock Question,Phone,Closed,2.9,E-0135,,false
LN-CS-000182,LN-AP-000326,2025-06-05T13:31:02.000Z,Rate Lock Question,Chat,Closed,3.7,E-0061,,true
LN-CS-000183,LN-AP-000330,2025-11-13T10:29:54.000Z,Status Inquiry,Email,Closed,8.5,E-0117,,false
LN-CS-000184,LN-AP-000330,2025-11-24T18:01:17.000Z,Appraisal Scheduling,Mobile App,Closed,5.9,E-0077,,false
LN-CS-000185,LN-AP-000332,2024-11-20T07:33:04.000Z,Payoff Request,Email,Closed,5.8,E-0077,,false
LN-CS-000186,LN-AP-000334,2025-02-17T19:10:29.000Z,Rate Lock Question,Chat,Closed,12.0,E-0115,4,true
LN-CS-000187,LN-AP-000335,2025-06-13T10:24:34.000Z,Rate Lock Question,Mobile App,Closed,9.6,E-0102,,false
LN-CS-000188,LN-AP-000337,2025-12-24T10:52:56.000Z,Document Upload Issue,Phone,Open,5.9,E-0088,,false
LN-CS-000189,LN-AP-000338,2025-08-29T08:50:44.000Z,Status Inquiry,Chat,Open,11.5,E-0127,5,false
LN-CS-000190,LN-AP-000339,2025-04-27T11:47:23.000Z,Document Upload Issue,Mobile App,Closed,15.8,E-0077,,true
LN-CS-000191,LN-AP-000339,2025-04-11T18:47:06.000Z,Status Inquiry,Email,Closed,7.2,E-0131,1,false
LN-CS-000192,LN-AP-000343,2024-12-09T16:31:49.000Z,Payoff Request,Chat,Open,9.3,E-0137,3,true
LN-CS-000193,LN-AP-000344,2026-08-09T17:39:20.000Z,Payoff Request,Email,Closed,3.2,E-0124,,true
LN-CS-000194,LN-AP-000345,2025-07-13T10:06:22.000Z,Rate Lock Question,Email,Closed,9.1,E-0080,,false
LN-CS-000195,LN-AP-000350,2024-12-07T08:44:17.000Z,Document Upload Issue,Phone,Open,7.4,E-0128,5,false
LN-CS-000196,LN-AP-000351,2024-10-29T10:37:59.000Z,Status Inquiry,Phone,Closed,6.5,E-0109,,true
LN-CS-000197,LN-AP-000354,2024-11-27T18:27:14.000Z,Document Upload Issue,Chat,Open,12.7,E-0075,4,false
LN-CS-000198,LN-AP-000356,2025-12-19T07:52:04.000Z,Rate Lock Question,Chat,Open,13.5,E-0093,,false
LN-CS-000199,LN-AP-000357,2026-02-21T07:12:19.000Z,Appraisal Scheduling,Phone,Closed,3.0,E-0138,,true
LN-CS-000200,LN-AP-000359,2025-11-07T09:15:33.000Z,Appraisal Scheduling,Phone,Closed,9.8,E-0138,4,false
LN-CS-000201,LN-AP-000364,2024-11-14T12:01:28.000Z,Status Inquiry,Mobile App,Closed,8.5,E-0067,,true
LN-CS-000202,LN-AP-000365,2026-08-31T14:15:21.000Z,Appraisal Scheduling,Chat,Open,11.2,E-0069,4,false
LN-CS-000203,LN-AP-000368,2025-03-06T09:49:06.000Z,Document Upload Issue,Mobile App,Open,10.8,E-0080,4,false
LN-CS-000204,LN-AP-000372,2026-05-30T10:10:38.000Z,Status Inquiry,Email,Closed,2.6,E-0122,,true
LN-CS-000205,LN-AP-000374,2025-08-20T09:10:57.000Z,Payoff Request,Phone,Closed,3.7,E-0089,1,false
LN-CS-000206,LN-AP-000375,2025-05-18T08:28:57.000Z,Status Inquiry,Email,Closed,14.0,E-0091,5,true
LN-CS-000207,LN-AP-000376,2025-09-26T09:39:04.000Z,Status Inquiry,Chat,Closed,12.4,E-0063,,true
LN-CS-000208,LN-AP-000377,2026-05-30T09:17:04.000Z,Appraisal Scheduling,Mobile App,Open,3.8,E-0119,,true
LN-CS-000209,LN-AP-000378,2026-03-26T14:29:43.000Z,Appraisal Scheduling,Chat,Open,11.4,E-0101,4,true
LN-CS-000210,LN-AP-000378,2026-03-24T15:30:03.000Z,Payoff Request,Mobile App,Open,13.0,E-0132,,false
LN-CS-000211,LN-AP-000379,2025-04-04T19:35:03.000Z,Status Inquiry,Chat,Closed,5.6,E-0137,1,false
LN-CS-000212,LN-AP-000380,2025-01-01T11:07:05.000Z,Payoff Request,Email,Open,6.5,E-0128,5,true
LN-CS-000213,LN-AP-000381,2025-01-18T16:13:15.000Z,Status Inquiry,Mobile App,Open,4.4,E-0093,4,false
LN-CS-000214,LN-AP-000382,2026-01-12T13:36:13.000Z,Appraisal Scheduling,Chat,Closed,10.0,E-0124,1,true
LN-CS-000215,LN-AP-000383,2025-08-12T12:59:12.000Z,Appraisal Scheduling,Phone,Closed,6.0,E-0134,5,true
LN-CS-000216,LN-AP-000383,2025-08-23T10:49:45.000Z,Document Upload Issue,Chat,Open,7.1,E-0131,,false
LN-CS-000217,LN-AP-000384,2025-05-10T17:58:37.000Z,Document Upload Issue,Phone,Open,7.5,E-0090,4,true
LN-CS-000218,LN-AP-000389,2026-05-14T12:12:40.000Z,Appraisal Scheduling,Chat,Open,3.5,E-0078,2,false
LN-CS-000219,LN-AP-000392,2024-11-21T13:43:35.000Z,Appraisal Scheduling,Mobile App,Open,5.2,E-0081,2,false
LN-CS-000220,LN-AP-000392,2024-11-27T15:01:52.000Z,Rate Lock Question,Mobile App,Closed,10.0,E-0091,,false
LN-CS-000221,LN-AP-000394,2024-11-05T07:12:20.000Z,Rate Lock Question,Email,Closed,5.6,E-0121,3,false
LN-CS-000222,LN-AP-000396,2026-08-23T19:34:57.000Z,Appraisal Scheduling,Email,Closed,7.3,E-0067,,false
LN-CS-000223,LN-AP-000397,2026-01-06T16:37:04.000Z,Appraisal Scheduling,Chat,Closed,3.9,E-0118,2,true
LN-CS-000224,LN-AP-000398,2026-08-27T12:37:34.000Z,Appraisal Scheduling,Phone,Closed,21.2,E-0082,5,true
LN-CS-000225,LN-AP-000400,2026-08-11T09:01:35.000Z,Appraisal Scheduling,Mobile App,Closed,5.6,E-0073,5,true
LN-CS-000226,LN-AP-000400,2026-08-15T08:32:42.000Z,Appraisal Scheduling,Chat,Closed,18.0,E-0134,2,true
LN-CS-000227,LN-AP-000402,2026-07-03T14:57:36.000Z,Appraisal Scheduling,Phone,Open,6.9,E-0089,4,true
LN-CS-000228,LN-AP-000404,2024-10-30T16:38:40.000Z,Status Inquiry,Chat,Closed,8.5,E-0079,2,false
LN-CS-000229,LN-AP-000406,2025-03-30T12:06:17.000Z,Document Upload Issue,Phone,Closed,10.9,E-0119,2,true
LN-CS-000230,LN-AP-000406,2025-03-28T11:28:00.000Z,Document Upload Issue,Phone,Closed,5.0,E-0107,,false
LN-CS-000231,LN-AP-000409,2026-08-18T19:04:18.000Z,Status Inquiry,Email,Closed,14.0,E-0136,,false
LN-CS-000232,LN-AP-000410,2026-08-08T10:38:41.000Z,Rate Lock Question,Chat,Closed,8.4,E-0113,4,true
LN-CS-000233,LN-AP-000411,2026-01-09T14:08:18.000Z,Payoff Request,Email,Open,5.3,E-0117,2,false
LN-CS-000234,LN-AP-000412,2025-08-12T17:23:52.000Z,Document Upload Issue,Email,Open,20.5,E-0110,5,false
LN-CS-000235,LN-AP-000414,2024-10-21T15:59:58.000Z,Document Upload Issue,Mobile App,Closed,14.3,E-0071,3,false
LN-CS-000236,LN-AP-000418,2025-05-12T13:23:13.000Z,Rate Lock Question,Email,Closed,8.2,E-0103,,true
LN-CS-000237,LN-AP-000419,2025-04-25T07:03:13.000Z,Document Upload Issue,Phone,Closed,7.5,E-0105,3,false
LN-CS-000238,LN-AP-000422,2026-07-18T07:50:12.000Z,Payoff Request,Email,Closed,12.6,E-0072,3,true
LN-CS-000239,LN-AP-000425,2025-01-13T18:27:02.000Z,Status Inquiry,Chat,Closed,4.2,E-0106,1,false
LN-CS-000240,LN-AP-000426,2026-05-09T17:25:45.000Z,Status Inquiry,Mobile App,Closed,5.0,E-0125,3,false
LN-CS-000241,LN-AP-000427,2026-04-17T07:54:39.000Z,Status Inquiry,Phone,Closed,14.6,E-0102,2,false
LN-CS-000242,LN-AP-000432,2025-08-06T18:46:25.000Z,Status Inquiry,Email,Closed,7.7,E-0118,4,false
LN-CS-000243,LN-AP-000434,2026-08-30T18:54:44.000Z,Appraisal Scheduling,Phone,Closed,6.6,E-0081,3,false
LN-CS-000244,LN-AP-000441,2025-02-26T10:13:10.000Z,Document Upload Issue,Phone,Open,4.1,E-0083,,false
LN-CS-000245,LN-AP-000441,2025-02-26T12:57:01.000Z,Payoff Request,Email,Open,12.9,E-0111,2,false
LN-CS-000246,LN-AP-000442,2025-04-02T11:35:51.000Z,Document Upload Issue,Chat,Closed,6.1,E-0089,1,false
LN-CS-000247,LN-AP-000443,2025-07-16T15:48:44.000Z,Status Inquiry,Mobile App,Closed,6.5,E-0090,,true
LN-CS-000248,LN-AP-000444,2026-08-03T13:42:35.000Z,Status Inquiry,Chat,Open,5.3,E-0085,2,false
LN-CS-000249,LN-AP-000445,2025-09-20T07:29:15.000Z,Rate Lock Question,Mobile App,Closed,4.1,E-0131,,false
LN-CS-000250,LN-AP-000445,2025-10-08T12:07:56.000Z,Payoff Request,Phone,Open,12.8,E-0140,4,false
LN-CS-000251,LN-AP-000449,2026-07-30T09:20:20.000Z,Rate Lock Question,Mobile App,Open,5.9,E-0116,,true
LN-CS-000252,LN-AP-000450,2026-06-24T09:30:17.000Z,Payoff Request,Email,Closed,6.8,E-0093,,false
LN-CS-000253,LN-AP-000451,2025-01-24T09:51:24.000Z,Rate Lock Question,Email,Open,12.7,E-0106,,false
LN-CS-000254,LN-AP-000453,2025-06-19T15:11:09.000Z,Rate Lock Question,Chat,Closed,3.2,E-0070,,false
LN-CS-000255,LN-AP-000456,2025-01-30T07:17:02.000Z,Payoff Request,Phone,Closed,11.1,E-0080,,false
LN-CS-000256,LN-AP-000456,2025-02-13T12:44:19.000Z,Payoff Request,Mobile App,Closed,5.4,E-0134,5,false
LN-CS-000257,LN-AP-000457,2024-12-24T18:36:16.000Z,Rate Lock Question,Chat,Open,14.1,E-0124,,true
LN-CS-000258,LN-AP-000459,2025-02-02T15:55:53.000Z,Document Upload Issue,Phone,Closed,6.7,E-0077,,false
LN-CS-000259,LN-AP-000460,2025-12-27T07:55:14.000Z,Status Inquiry,Phone,Open,14.5,E-0101,,false
LN-CS-000260,LN-AP-000460,2025-12-12T09:48:26.000Z,Payoff Request,Mobile App,Closed,10.1,E-0118,3,false
LN-CS-000261,LN-AP-000463,2026-08-14T09:54:59.000Z,Status Inquiry,Mobile App,Closed,20.0,E-0111,,false
LN-CS-000262,LN-AP-000464,2025-03-15T17:30:45.000Z,Appraisal Scheduling,Chat,Closed,10.5,E-0140,1,false
LN-CS-000263,LN-AP-000468,2025-03-29T09:16:26.000Z,Rate Lock Question,Chat,Open,5.5,E-0093,4,false
LN-CS-000264,LN-AP-000469,2025-11-14T16:38:59.000Z,Document Upload Issue,Chat,Closed,7.1,E-0093,3,false
LN-CS-000265,LN-AP-000469,2025-10-29T10:28:02.000Z,Payoff Request,Email,Open,5.2,E-0073,5,true
LN-CS-000266,LN-AP-000470,2025-10-19T16:38:13.000Z,Payoff Request,Mobile App,Open,12.2,E-0094,,false
LN-CS-000267,LN-AP-000471,2024-12-28T19:02:54.000Z,Status Inquiry,Phone,Closed,18.6,E-0072,3,false
LN-CS-000268,LN-AP-000473,2026-07-15T15:58:53.000Z,Document Upload Issue,Mobile App,Closed,5.4,E-0064,2,true
LN-CS-000269,LN-AP-000475,2024-10-24T08:29:31.000Z,Appraisal Scheduling,Chat,Open,7.4,E-0086,,false
LN-CS-000270,LN-AP-000476,2025-06-29T07:54:51.000Z,Document Upload Issue,Chat,Closed,11.2,E-0139,3,false
LN-CS-000271,LN-AP-000478,2025-01-27T08:54:53.000Z,Document Upload Issue,Mobile App,Open,8.9,E-0119,,false
LN-CS-000272,LN-AP-000479,2025-10-05T12:08:05.000Z,Payoff Request,Email,Open,6.9,E-0132,,false
LN-CS-000273,LN-AP-000479,2025-09-29T17:42:19.000Z,Document Upload Issue,Phone,Closed,12.1,E-0069,4,false
LN-CS-000274,LN-AP-000481,2024-12-07T15:10:17.000Z,Payoff Request,Email,Closed,7.1,E-0063,1,true
LN-CS-000275,LN-AP-000482,2025-03-21T08:19:45.000Z,Appraisal Scheduling,Email,Open,5.2,E-0067,5,false
LN-CS-000276,LN-AP-000486,2025-07-01T16:37:36.000Z,Payoff Request,Mobile App,Closed,14.4,E-0073,,true
LN-CS-000277,LN-AP-000489,2026-01-22T11:31:43.000Z,Appraisal Scheduling,Email,Open,5.6,E-0090,,true
LN-CS-000278,LN-AP-000491,2025-01-20T18:05:00.000Z,Payoff Request,Mobile App,Open,6.6,E-0107,1,true
LN-CS-000279,LN-AP-000494,2025-03-24T17:47:27.000Z,Payoff Request,Chat,Closed,1.9,E-0074,,true
LN-CS-000280,LN-AP-000495,2026-08-09T14:24:24.000Z,Status Inquiry,Phone,Closed,12.2,E-0117,,false
LN-CS-000281,LN-AP-000497,2026-03-19T18:23:52.000Z,Payoff Request,Mobile App,Closed,8.6,E-0137,,true
LN-CS-000282,LN-AP-000497,2026-03-13T08:12:56.000Z,Payoff Request,Chat,Open,7.4,E-0073,3,true
LN-CS-000283,LN-AP-000498,2025-03-12T18:32:00.000Z,Payoff Request,Email,Closed,28.1,E-0079,,true
LN-CS-000284,LN-AP-000499,2024-12-15T15:51:11.000Z,Rate Lock Question,Mobile App,Closed,6.2,E-0122,,true
LN-CS-000285,LN-AP-000503,2025-04-04T15:56:59.000Z,Payoff Request,Mobile App,Closed,9.2,E-0069,2,false
LN-CS-000286,LN-AP-000503,2025-03-26T17:23:49.000Z,Rate Lock Question,Mobile App,Closed,4.5,E-0090,2,false
LN-CS-000287,LN-AP-000504,2026-07-17T10:51:36.000Z,Payoff Request,Chat,Closed,5.2,E-0084,3,false
LN-CS-000288,LN-AP-000504,2026-07-27T12:27:31.000Z,Status Inquiry,Mobile App,Closed,4.2,E-0112,,true
LN-CS-000289,LN-AP-000505,2025-07-07T16:12:44.000Z,Status Inquiry,Phone,Closed,7.4,E-0066,,false
LN-CS-000290,LN-AP-000506,2025-01-02T19:12:14.000Z,Status Inquiry,Mobile App,Closed,16.1,E-0069,,false
LN-CS-000291,LN-AP-000507,2026-04-07T10:38:08.000Z,Appraisal Scheduling,Email,Closed,3.7,E-0087,,false
LN-CS-000292,LN-AP-000508,2025-05-22T16:34:42.000Z,Appraisal Scheduling,Email,Closed,6.4,E-0139,5,false
LN-CS-000293,LN-AP-000511,2025-06-23T15:18:34.000Z,Document Upload Issue,Phone,Closed,9.3,E-0081,,true
LN-CS-000294,LN-AP-000513,2025-11-04T13:09:39.000Z,Appraisal Scheduling,Email,Closed,9.6,E-0088,4,true
LN-CS-000295,LN-AP-000514,2026-06-07T19:30:12.000Z,Payoff Request,Chat,Closed,9.1,E-0136,,true
LN-CS-000296,LN-AP-000515,2026-08-06T14:30:04.000Z,Payoff Request,Email,Open,3.8,E-0111,1,false
LN-CS-000297,LN-AP-000515,2026-08-08T18:05:19.000Z,Document Upload Issue,Chat,Closed,8.2,E-0112,4,false
LN-CS-000298,LN-AP-000516,2025-06-12T15:30:10.000Z,Document Upload Issue,Email,Closed,11.7,E-0103,4,false
LN-CS-000299,LN-AP-000519,2025-07-29T16:42:18.000Z,Payoff Request,Email,Closed,5.4,E-0065,4,true
LN-CS-000300,LN-AP-000519,2025-08-12T11:37:39.000Z,Document Upload Issue,Chat,Closed,12.6,E-0075,,true
LN-CS-000301,LN-AP-000520,2026-04-04T09:39:55.000Z,Appraisal Scheduling,Chat,Closed,7.6,E-0127,4,true
LN-CS-000302,LN-AP-000521,2026-08-16T11:48:03.000Z,Status Inquiry,Phone,Closed,10.0,E-0108,5,false
LN-CS-000303,LN-AP-000527,2025-04-09T13:41:02.000Z,Status Inquiry,Chat,Open,6.1,E-0085,,true
LN-CS-000304,LN-AP-000529,2025-12-30T17:02:02.000Z,Status Inquiry,Mobile App,Closed,12.7,E-0121,5,true
LN-CS-000305,LN-AP-000530,2025-09-02T12:34:40.000Z,Status Inquiry,Chat,Closed,11.5,E-0076,2,false
LN-CS-000306,LN-AP-000532,2024-10-27T16:15:09.000Z,Rate Lock Question,Mobile App,Closed,5.4,E-0113,,false
LN-CS-000307,LN-AP-000535,2025-08-03T15:43:05.000Z,Appraisal Scheduling,Phone,Open,1.9,E-0083,5,true
LN-CS-000308,LN-AP-000539,2025-10-30T08:56:18.000Z,Payoff Request,Chat,Open,8.4,E-0079,3,false
LN-CS-000309,LN-AP-000542,2026-04-02T17:29:45.000Z,Appraisal Scheduling,Phone,Closed,4.4,E-0085,4,false
LN-CS-000310,LN-AP-000543,2025-10-15T18:24:24.000Z,Status Inquiry,Email,Closed,8.9,E-0071,3,false
LN-CS-000311,LN-AP-000543,2025-10-15T08:49:53.000Z,Document Upload Issue,Mobile App,Closed,22.3,E-0134,,false
LN-CS-000312,LN-AP-000550,2026-04-06T18:10:06.000Z,Document Upload Issue,Email,Open,4.6,E-0096,,false
LN-CS-000313,LN-AP-000551,2025-07-26T13:04:28.000Z,Status Inquiry,Chat,Closed,4.5,E-0083,1,false
LN-CS-000314,LN-AP-000552,2025-12-02T12:03:07.000Z,Document Upload Issue,Email,Closed,8.1,E-0126,2,false
LN-CS-000315,LN-AP-000554,2026-07-07T12:12:24.000Z,Status Inquiry,Email,Closed,5.4,E-0092,3,false
LN-CS-000316,LN-AP-000557,2026-01-05T16:43:14.000Z,Appraisal Scheduling,Chat,Closed,6.6,E-0107,,true
LN-CS-000317,LN-AP-000557,2026-01-03T17:40:46.000Z,Document Upload Issue,Mobile App,Open,13.5,E-0065,,true
LN-CS-000318,LN-AP-000560,2026-08-24T19:52:57.000Z,Payoff Request,Chat,Closed,13.7,E-0077,4,true
LN-CS-000319,LN-AP-000560,2026-08-23T18:06:26.000Z,Document Upload Issue,Phone,Closed,6.3,E-0070,,false
LN-CS-000320,LN-AP-000562,2026-03-10T08:56:41.000Z,Payoff Request,Email,Closed,16.4,E-0131,,false
LN-CS-000321,LN-AP-000563,2025-06-12T12:24:19.000Z,Payoff Request,Mobile App,Closed,11.0,E-0062,4,true
LN-CS-000322,LN-AP-000565,2026-02-13T13:11:18.000Z,Status Inquiry,Mobile App,Closed,5.8,E-0107,2,true
LN-CS-000323,LN-AP-000566,2026-03-28T13:25:22.000Z,Rate Lock Question,Mobile App,Closed,10.1,E-0086,,true
LN-CS-000324,LN-AP-000567,2026-01-28T07:42:26.000Z,Payoff Request,Email,Open,8.0,E-0110,3,true
LN-CS-000325,LN-AP-000568,2025-07-13T08:33:00.000Z,Appraisal Scheduling,Mobile App,Closed,6.4,E-0082,,true
LN-CS-000326,LN-AP-000570,2025-01-02T08:50:42.000Z,Status Inquiry,Email,Closed,7.6,E-0070,2,true
LN-CS-000327,LN-AP-000571,2026-04-21T14:59:30.000Z,Appraisal Scheduling,Chat,Closed,6.4,E-0114,,false
LN-CS-000328,LN-AP-000572,2026-04-17T16:37:47.000Z,Document Upload Issue,Mobile App,Closed,16.7,E-0097,2,true
LN-CS-000329,LN-AP-000574,2026-04-28T18:38:23.000Z,Payoff Request,Phone,Closed,17.7,E-0101,,false
LN-CS-000330,LN-AP-000575,2025-10-17T07:54:28.000Z,Status Inquiry,Mobile App,Open,2.8,E-0122,5,false
LN-CS-000331,LN-AP-000576,2026-08-01T15:49:31.000Z,Appraisal Scheduling,Phone,Closed,10.2,E-0097,1,false
LN-CS-000332,LN-AP-000578,2026-06-25T17:21:17.000Z,Payoff Request,Email,Closed,9.8,E-0121,2,true
LN-CS-000333,LN-AP-000578,2026-07-03T14:41:53.000Z,Status Inquiry,Email,Closed,26.9,E-0129,3,true
LN-CS-000334,LN-AP-000581,2026-01-10T08:51:24.000Z,Rate Lock Question,Phone,Open,8.2,E-0097,,false
LN-CS-000335,LN-AP-000581,2026-01-10T13:18:46.000Z,Status Inquiry,Email,Open,4.7,E-0066,,true
LN-CS-000336,LN-AP-000584,2026-02-10T11:16:09.000Z,Rate Lock Question,Email,Closed,6.8,E-0092,,false
LN-CS-000337,LN-AP-000584,2026-02-15T12:12:21.000Z,Rate Lock Question,Chat,Closed,6.7,E-0131,1,false
LN-CS-000338,LN-AP-000587,2026-06-20T09:01:00.000Z,Document Upload Issue,Chat,Closed,6.5,E-0117,,true
LN-CS-000339,LN-AP-000588,2024-11-13T16:53:05.000Z,Rate Lock Question,Mobile App,Closed,6.2,E-0090,4,false
LN-CS-000340,LN-AP-000589,2026-04-09T18:42:56.000Z,Appraisal Scheduling,Email,Open,3.7,E-0096,3,true
LN-CS-000341,LN-AP-000590,2026-05-12T13:54:33.000Z,Payoff Request,Email,Open,6.2,E-0130,2,true
LN-CS-000342,LN-AP-000592,2025-07-20T18:48:03.000Z,Status Inquiry,Chat,Closed,5.5,E-0106,2,true
LN-CS-000343,LN-AP-000593,2025-01-15T07:28:47.000Z,Appraisal Scheduling,Email,Open,5.7,E-0110,2,true
LN-CS-000344,LN-AP-000596,2026-05-02T16:18:54.000Z,Appraisal Scheduling,Chat,Closed,11.9,E-0077,,true
LN-CS-000345,LN-AP-000597,2024-11-26T07:06:12.000Z,Status Inquiry,Phone,Closed,12.1,E-0111,2,false
LN-CS-000346,LN-AP-000598,2026-05-29T10:10:32.000Z,Appraisal Scheduling,Mobile App,Closed,5.1,E-0067,2,true
LN-CS-000347,LN-AP-000602,2026-03-24T12:45:46.000Z,Rate Lock Question,Phone,Closed,10.9,E-0072,,false
LN-CS-000348,LN-AP-000603,2025-08-04T07:56:03.000Z,Status Inquiry,Email,Closed,12.2,E-0071,5,false
LN-CS-000349,LN-AP-000605,2025-04-03T17:21:42.000Z,Appraisal Scheduling,Email,Closed,11.3,E-0120,,true
LN-CS-000350,LN-AP-000607,2026-05-29T17:59:16.000Z,Appraisal Scheduling,Email,Closed,7.7,E-0089,5,true
LN-CS-000351,LN-AP-000607,2026-06-05T08:43:16.000Z,Payoff Request,Phone,Closed,15.0,E-0106,,true
LN-CS-000352,LN-AP-000609,2026-07-29T08:39:13.000Z,Payoff Request,Mobile App,Closed,26.7,E-0139,,true
LN-CS-000353,LN-AP-000612,2025-10-23T10:22:38.000Z,Status Inquiry,Email,Open,8.9,E-0131,1,true
LN-CS-000354,LN-AP-000613,2024-10-19T12:20:36.000Z,Appraisal Scheduling,Phone,Open,5.3,E-0115,,false
LN-CS-000355,LN-AP-000613,2024-11-17T12:02:04.000Z,Payoff Request,Mobile App,Closed,4.6,E-0067,1,false
LN-CS-000356,LN-AP-000616,2026-07-25T18:10:17.000Z,Appraisal Scheduling,Email,Closed,6.4,E-0138,,false
LN-CS-000357,LN-AP-000616,2026-07-31T14:09:21.000Z,Status Inquiry,Mobile App,Open,11.9,E-0069,4,false
LN-CS-000358,LN-AP-000617,2026-07-06T15:53:51.000Z,Rate Lock Question,Chat,Closed,10.9,E-0099,5,false
LN-CS-000359,LN-AP-000618,2024-11-19T17:01:20.000Z,Rate Lock Question,Chat,Open,5.2,E-0113,,true
LN-CS-000360,LN-AP-000618,2024-11-21T12:13:49.000Z,Document Upload Issue,Email,Closed,8.6,E-0119,4,true
LN-CS-000361,LN-AP-000620,2025-04-07T09:20:55.000Z,Status Inquiry,Phone,Open,8.8,E-0099,,true
LN-CS-000362,LN-AP-000620,2025-04-12T10:55:19.000Z,Payoff Request,Chat,Closed,9.0,E-0108,4,false
LN-CS-000363,LN-AP-000621,2025-04-30T19:47:47.000Z,Appraisal Scheduling,Mobile App,Closed,5.8,E-0133,,false
LN-CS-000364,LN-AP-000622,2025-07-13T15:57:54.000Z,Status Inquiry,Phone,Closed,3.4,E-0126,1,false
LN-CS-000365,LN-AP-000624,2026-06-07T16:43:24.000Z,Payoff Request,Chat,Closed,4.3,E-0125,2,true
LN-CS-000366,LN-AP-000624,2026-05-31T07:04:48.000Z,Rate Lock Question,Chat,Closed,5.3,E-0087,,true
LN-CS-000367,LN-AP-000625,2025-05-01T17:31:51.000Z,Document Upload Issue,Email,Open,21.3,E-0117,4,false
LN-CS-000368,LN-AP-000628,2026-05-04T12:01:07.000Z,Payoff Request,Email,Closed,3.7,E-0092,,false
LN-CS-000369,LN-AP-000629,2025-03-11T07:44:46.000Z,Appraisal Scheduling,Phone,Open,3.7,E-0128,,true
LN-CS-000370,LN-AP-000631,2025-05-08T16:46:04.000Z,Rate Lock Question,Mobile App,Closed,4.8,E-0116,,true
LN-CS-000371,LN-AP-000634,2026-06-07T14:40:07.000Z,Status Inquiry,Phone,Closed,5.4,E-0138,4,false
LN-CS-000372,LN-AP-000636,2026-08-31T18:47:59.000Z,Rate Lock Question,Mobile App,Closed,18.0,E-0087,,false
LN-CS-000373,LN-AP-000641,2024-11-30T10:07:16.000Z,Document Upload Issue,Mobile App,Closed,9.7,E-0122,5,false
LN-CS-000374,LN-AP-000642,2026-03-29T08:37:08.000Z,Rate Lock Question,Email,Closed,3.9,E-0138,2,true
LN-CS-000375,LN-AP-000647,2025-09-17T16:36:00.000Z,Appraisal Scheduling,Phone,Closed,20.0,E-0121,,false
LN-CS-000376,LN-AP-000648,2025-06-06T19:06:24.000Z,Appraisal Scheduling,Email,Open,13.6,E-0130,4,false
LN-CS-000377,LN-AP-000649,2025-09-17T16:47:15.000Z,Status Inquiry,Chat,Closed,11.9,E-0080,5,false
LN-CS-000378,LN-AP-000652,2025-06-20T14:45:11.000Z,Appraisal Scheduling,Email,Closed,10.4,E-0105,,true
LN-CS-000379,LN-AP-000653,2026-06-29T17:25:25.000Z,Document Upload Issue,Email,Open,8.5,E-0063,5,true
LN-CS-000380,LN-AP-000654,2026-06-03T14:21:54.000Z,Appraisal Scheduling,Email,Open,3.9,E-0126,,false
LN-CS-000381,LN-AP-000655,2025-08-12T13:19:46.000Z,Document Upload Issue,Chat,Closed,9.0,E-0138,,false
LN-CS-000382,LN-AP-000655,2025-08-15T15:31:47.000Z,Payoff Request,Chat,Open,8.6,E-0096,,true
LN-CS-000383,LN-AP-000657,2026-08-30T12:01:39.000Z,Status Inquiry,Chat,Closed,14.7,E-0113,,true
LN-CS-000384,LN-AP-000657,2026-08-30T09:41:11.000Z,Rate Lock Question,Mobile App,Open,8.7,E-0113,,false
LN-CS-000385,LN-AP-000659,2025-12-19T19:32:58.000Z,Document Upload Issue,Email,Open,12.1,E-0117,,false
LN-CS-000386,LN-AP-000662,2025-11-30T13:03:06.000Z,Rate Lock Question,Chat,Closed,12.1,E-0091,4,true
LN-CS-000387,LN-AP-000663,2026-07-23T07:06:12.000Z,Rate Lock Question,Phone,Closed,4.3,E-0062,,true
LN-CS-000388,LN-AP-000664,2025-01-19T15:02:38.000Z,Document Upload Issue,Chat,Closed,13.3,E-0070,,true
LN-CS-000389,LN-AP-000664,2025-01-11T13:16:52.000Z,Rate Lock Question,Phone,Open,8.9,E-0127,1,false
LN-CS-000390,LN-AP-000668,2025-11-01T13:34:28.000Z,Appraisal Scheduling,Mobile App,Closed,3.2,E-0138,5,false
LN-CS-000391,LN-AP-000669,2026-06-05T18:37:52.000Z,Rate Lock Question,Email,Closed,5.3,E-0083,3,false
LN-CS-000392,LN-AP-000670,2024-11-28T07:16:42.000Z,Status Inquiry,Chat,Open,3.7,E-0106,2,false
LN-CS-000393,LN-AP-000670,2024-12-19T13:08:02.000Z,Payoff Request,Mobile App,Closed,13.0,E-0064,,false
LN-CS-000394,LN-AP-000672,2026-07-07T19:59:06.000Z,Status Inquiry,Mobile App,Closed,7.3,E-0077,5,false
LN-CS-000395,LN-AP-000672,2026-07-27T09:36:49.000Z,Status Inquiry,Email,Open,10.1,E-0074,4,true
LN-CS-000396,LN-AP-000673,2025-12-22T12:08:48.000Z,Rate Lock Question,Mobile App,Closed,4.2,E-0087,1,false
LN-CS-000397,LN-AP-000677,2025-06-18T19:49:19.000Z,Appraisal Scheduling,Chat,Open,12.3,E-0126,,true
LN-CS-000398,LN-AP-000677,2025-07-07T09:35:44.000Z,Document Upload Issue,Phone,Open,14.2,E-0096,5,false
LN-CS-000399,LN-AP-000681,2026-06-19T15:31:14.000Z,Status Inquiry,Phone,Open,8.5,E-0096,4,false
LN-CS-000400,LN-AP-000681,2026-06-16T08:52:50.000Z,Payoff Request,Mobile App,Closed,7.1,E-0136,,false
LN-CS-000401,LN-AP-000684,2025-09-03T07:04:17.000Z,Document Upload Issue,Chat,Closed,6.0,E-0081,,true
LN-CS-000402,LN-AP-000685,2024-12-23T10:38:27.000Z,Payoff Request,Phone,Closed,15.9,E-0123,,true
LN-CS-000403,LN-AP-000691,2026-02-08T11:16:31.000Z,Status Inquiry,Phone,Closed,4.3,E-0071,5,false
LN-CS-000404,LN-AP-000695,2026-03-24T13:27:39.000Z,Status Inquiry,Email,Closed,10.4,E-0117,5,false
LN-CS-000405,LN-AP-000699,2025-12-27T14:42:04.000Z,Payoff Request,Phone,Open,14.3,E-0063,,true
LN-CS-000406,LN-AP-000699,2025-12-21T10:18:28.000Z,Rate Lock Question,Mobile App,Closed,7.7,E-0100,,false
LN-CS-000407,LN-AP-000701,2025-08-24T09:10:50.000Z,Appraisal Scheduling,Phone,Closed,10.9,E-0127,1,false
LN-CS-000408,LN-AP-000702,2026-02-11T13:17:30.000Z,Payoff Request,Phone,Open,4.2,E-0078,3,false
LN-CS-000409,LN-AP-000703,2025-06-19T17:48:49.000Z,Rate Lock Question,Phone,Open,15.5,E-0076,,false
LN-CS-000410,LN-AP-000706,2025-06-03T16:33:54.000Z,Rate Lock Question,Chat,Closed,23.7,E-0131,,true
LN-CS-000411,LN-AP-000707,2025-07-03T14:41:51.000Z,Appraisal Scheduling,Mobile App,Closed,11.8,E-0108,1,false
LN-CS-000412,LN-AP-000707,2025-06-29T17:43:49.000Z,Appraisal Scheduling,Mobile App,Open,27.0,E-0095,2,false
LN-CS-000413,LN-AP-000708,2025-04-09T12:46:35.000Z,Document Upload Issue,Chat,Open,7.7,E-0086,3,true
LN-CS-000414,LN-AP-000709,2026-01-20T12:39:39.000Z,Document Upload Issue,Chat,Closed,4.8,E-0075,,true
LN-CS-000415,LN-AP-000711,2025-06-16T18:03:57.000Z,Document Upload Issue,Email,Open,10.7,E-0103,1,true
LN-CS-000416,LN-AP-000712,2025-10-10T11:51:18.000Z,Payoff Request,Phone,Closed,9.2,E-0114,,false
LN-CS-000417,LN-AP-000714,2025-01-21T15:40:04.000Z,Document Upload Issue,Mobile App,Open,8.8,E-0073,,true
LN-CS-000418,LN-AP-000715,2025-02-08T16:02:35.000Z,Appraisal Scheduling,Mobile App,Open,3.9,E-0079,4,false
LN-CS-000419,LN-AP-000720,2026-08-16T09:44:57.000Z,Rate Lock Question,Phone,Closed,2.6,E-0105,2,false
LN-CS-000420,LN-AP-000721,2024-11-05T09:08:49.000Z,Payoff Request,Email,Open,13.8,E-0115,3,false
LN-CS-000421,LN-AP-000725,2025-03-04T09:34:27.000Z,Status Inquiry,Email,Closed,7.2,E-0075,,true
LN-CS-000422,LN-AP-000725,2025-02-18T11:45:55.000Z,Rate Lock Question,Phone,Closed,8.4,E-0137,1,true
LN-CS-000423,LN-AP-000726,2026-01-19T07:03:02.000Z,Appraisal Scheduling,Mobile App,Closed,16.2,E-0108,4,false
LN-CS-000424,LN-AP-000729,2025-02-20T19:25:54.000Z,Document Upload Issue,Mobile App,Open,7.2,E-0128,4,true
LN-CS-000425,LN-AP-000731,2026-03-13T19:32:20.000Z,Status Inquiry,Mobile App,Closed,6.0,E-0069,5,true
LN-CS-000426,LN-AP-000733,2025-04-21T10:22:26.000Z,Rate Lock Question,Chat,Closed,19.2,E-0062,1,false
LN-CS-000427,LN-AP-000737,2025-10-15T17:17:14.000Z,Appraisal Scheduling,Chat,Closed,5.4,E-0096,4,false
LN-CS-000428,LN-AP-000737,2025-09-25T19:45:01.000Z,Payoff Request,Phone,Closed,5.9,E-0087,3,true
LN-CS-000429,LN-AP-000738,2025-07-23T09:19:46.000Z,Document Upload Issue,Mobile App,Closed,4.5,E-0122,,false
LN-CS-000430,LN-AP-000739,2025-07-24T10:20:10.000Z,Appraisal Scheduling,Email,Closed,6.7,E-0076,,true
LN-CS-000431,LN-AP-000740,2025-12-26T10:49:33.000Z,Status Inquiry,Email,Open,8.4,E-0076,3,true
LN-CS-000432,LN-AP-000741,2025-12-16T13:07:30.000Z,Appraisal Scheduling,Phone,Closed,7.0,E-0108,,false
LN-CS-000433,LN-AP-000741,2025-12-30T11:16:04.000Z,Rate Lock Question,Chat,Open,7.1,E-0063,2,true
LN-CS-000434,LN-AP-000742,2026-02-07T12:04:21.000Z,Rate Lock Question,Email,Closed,9.1,E-0091,,true
LN-CS-000435,LN-AP-000742,2026-01-22T14:19:23.000Z,Payoff Request,Chat,Closed,17.5,E-0093,,false
LN-CS-000436,LN-AP-000747,2025-12-05T17:50:02.000Z,Status Inquiry,Email,Closed,5.3,E-0124,4,false
LN-CS-000437,LN-AP-000747,2025-12-25T11:51:59.000Z,Document Upload Issue,Phone,Closed,8.8,E-0110,2,false
LN-CS-000438,LN-AP-000750,2026-08-10T13:50:25.000Z,Document Upload Issue,Mobile App,Closed,11.7,E-0100,,true
LN-CS-000439,LN-AP-000750,2026-07-01T09:04:43.000Z,Status Inquiry,Phone,Closed,4.2,E-0132,,false
LN-CS-000440,LN-AP-000753,2025-04-07T09:40:07.000Z,Document Upload Issue,Chat,Closed,9.8,E-0099,5,false
LN-CS-000441,LN-AP-000753,2025-04-08T16:54:24.000Z,Rate Lock Question,Mobile App,Closed,9.0,E-0101,,true
LN-CS-000442,LN-AP-000755,2025-08-07T07:18:54.000Z,Status Inquiry,Email,Closed,17.9,E-0101,3,false
LN-CS-000443,LN-AP-000755,2025-08-01T10:14:06.000Z,Rate Lock Question,Phone,Closed,7.3,E-0113,,false
LN-CS-000444,LN-AP-000757,2025-08-11T17:44:23.000Z,Appraisal Scheduling,Email,Open,8.7,E-0091,5,true
LN-CS-000445,LN-AP-000757,2025-08-14T07:41:02.000Z,Document Upload Issue,Mobile App,Open,9.5,E-0100,,true
LN-CS-000446,LN-AP-000758,2025-07-31T18:59:47.000Z,Rate Lock Question,Mobile App,Open,5.8,E-0107,5,false
LN-CS-000447,LN-AP-000762,2024-12-09T19:02:12.000Z,Appraisal Scheduling,Mobile App,Closed,13.5,E-0068,,true
LN-CS-000448,LN-AP-000764,2026-06-24T15:56:50.000Z,Status Inquiry,Email,Closed,7.3,E-0073,3,false
LN-CS-000449,LN-AP-000765,2026-04-21T15:18:15.000Z,Document Upload Issue,Phone,Open,7.5,E-0077,,false
LN-CS-000450,LN-AP-000767,2026-05-14T16:12:02.000Z,Rate Lock Question,Phone,Closed,17.4,E-0080,,false
LN-CS-000451,LN-AP-000768,2025-06-13T08:26:06.000Z,Status Inquiry,Chat,Open,11.7,E-0086,4,false
LN-CS-000452,LN-AP-000770,2026-02-15T11:32:18.000Z,Payoff Request,Email,Closed,5.9,E-0120,,false
LN-CS-000453,LN-AP-000772,2025-04-29T07:13:43.000Z,Rate Lock Question,Chat,Open,5.4,E-0117,2,true
LN-CS-000454,LN-AP-000773,2025-06-29T12:13:56.000Z,Appraisal Scheduling,Chat,Closed,15.8,E-0086,2,true
LN-CS-000455,LN-AP-000773,2025-06-15T08:16:27.000Z,Document Upload Issue,Mobile App,Closed,12.1,E-0125,,false
LN-CS-000456,LN-AP-000775,2026-04-09T11:39:09.000Z,Document Upload Issue,Chat,Closed,16.9,E-0075,,false
LN-CS-000457,LN-AP-000775,2026-04-28T11:26:38.000Z,Status Inquiry,Email,Closed,9.1,E-0092,5,true
LN-CS-000458,LN-AP-000778,2025-08-14T19:12:15.000Z,Appraisal Scheduling,Mobile App,Closed,7.6,E-0108,,false
LN-CS-000459,LN-AP-000779,2024-10-30T11:31:05.000Z,Appraisal Scheduling,Mobile App,Closed,5.0,E-0070,,true
LN-CS-000460,LN-AP-000780,2025-09-10T16:10:29.000Z,Document Upload Issue,Email,Open,5.9,E-0076,,false
LN-CS-000461,LN-AP-000781,2026-06-13T16:24:20.000Z,Status Inquiry,Phone,Closed,7.6,E-0117,4,true
LN-CS-000462,LN-AP-000783,2025-08-17T18:56:32.000Z,Appraisal Scheduling,Chat,Open,16.6,E-0139,2,true
LN-CS-000463,LN-AP-000784,2026-02-22T12:28:26.000Z,Status Inquiry,Email,Open,30.7,E-0114,4,false
LN-CS-000464,LN-AP-000785,2026-02-10T14:37:00.000Z,Payoff Request,Mobile App,Closed,17.0,E-0064,,true
LN-CS-000465,LN-AP-000795,2025-08-17T10:47:15.000Z,Payoff Request,Chat,Open,11.5,E-0107,3,true
LN-CS-000466,LN-AP-000800,2026-07-28T15:33:51.000Z,Appraisal Scheduling,Email,Open,12.4,E-0107,5,true
LN-CS-000467,LN-AP-000803,2025-05-03T14:26:25.000Z,Status Inquiry,Email,Closed,20.5,E-0070,,true
LN-CS-000468,LN-AP-000804,2025-07-07T08:47:59.000Z,Payoff Request,Email,Closed,8.6,E-0132,4,true
LN-CS-000469,LN-AP-000804,2025-07-22T15:19:39.000Z,Status Inquiry,Mobile App,Open,10.1,E-0066,5,true
LN-CS-000470,LN-AP-000807,2025-02-03T15:33:19.000Z,Status Inquiry,Chat,Closed,5.5,E-0129,,true
LN-CS-000471,LN-AP-000811,2026-08-29T08:47:29.000Z,Appraisal Scheduling,Email,Closed,8.4,E-0066,,false
LN-CS-000472,LN-AP-000815,2025-06-06T13:08:55.000Z,Status Inquiry,Mobile App,Closed,16.7,E-0077,2,true
LN-CS-000473,LN-AP-000816,2025-04-12T17:26:38.000Z,Payoff Request,Mobile App,Closed,21.7,E-0131,,true
LN-CS-000474,LN-AP-000817,2025-10-19T17:05:24.000Z,Payoff Request,Phone,Open,9.5,E-0116,3,false
LN-CS-000475,LN-AP-000820,2025-10-12T14:09:46.000Z,Status Inquiry,Chat,Open,7.6,E-0071,,true
LN-CS-000476,LN-AP-000824,2026-01-21T14:42:27.000Z,Status Inquiry,Phone,Open,4.1,E-0097,,false
LN-CS-000477,LN-AP-000824,2026-01-17T09:36:46.000Z,Rate Lock Question,Mobile App,Open,6.5,E-0117,1,false
LN-CS-000478,LN-AP-000825,2026-01-07T12:35:54.000Z,Document Upload Issue,Mobile App,Closed,10.3,E-0137,4,true
LN-CS-000479,LN-AP-000826,2025-07-23T10:46:32.000Z,Document Upload Issue,Mobile App,Closed,15.8,E-0093,,true
LN-CS-000480,LN-AP-000828,2025-11-30T19:28:51.000Z,Rate Lock Question,Phone,Closed,11.8,E-0113,,false
LN-CS-000481,LN-AP-000828,2025-11-19T12:47:47.000Z,Appraisal Scheduling,Mobile App,Open,20.8,E-0075,,false
LN-CS-000482,LN-AP-000829,2026-08-31T12:35:18.000Z,Document Upload Issue,Chat,Closed,6.7,E-0085,,true
LN-CS-000483,LN-AP-000831,2025-08-07T16:09:55.000Z,Status Inquiry,Mobile App,Open,12.8,E-0103,5,false
LN-CS-000484,LN-AP-000831,2025-07-15T09:20:53.000Z,Status Inquiry,Phone,Open,6.1,E-0099,2,true
LN-CS-000485,LN-AP-000832,2026-03-10T14:50:22.000Z,Status Inquiry,Phone,Closed,4.9,E-0076,,true
LN-CS-000486,LN-AP-000834,2025-04-14T10:01:48.000Z,Document Upload Issue,Mobile App,Closed,6.2,E-0102,5,true
LN-CS-000487,LN-AP-000834,2025-04-06T14:12:17.000Z,Payoff Request,Phone,Closed,5.9,E-0095,1,false
LN-CS-000488,LN-AP-000835,2026-04-03T11:38:42.000Z,Rate Lock Question,Mobile App,Closed,2.5,E-0091,,false
LN-CS-000489,LN-AP-000837,2025-04-25T08:06:22.000Z,Rate Lock Question,Mobile App,Closed,13.2,E-0124,,true
LN-CS-000490,LN-AP-000840,2025-10-18T11:53:27.000Z,Document Upload Issue,Email,Closed,10.9,E-0123,3,false
LN-CS-000491,LN-AP-000842,2025-09-15T07:50:06.000Z,Rate Lock Question,Phone,Closed,14.0,E-0080,,false
LN-CS-000492,LN-AP-000842,2025-10-12T10:32:35.000Z,Document Upload Issue,Mobile App,Closed,5.5,E-0072,,false
LN-CS-000493,LN-AP-000846,2024-10-09T18:19:49.000Z,Status Inquiry,Chat,Closed,8.0,E-0088,3,true
LN-CS-000494,LN-AP-000847,2025-02-25T18:53:59.000Z,Status Inquiry,Phone,Closed,16.6,E-0103,,true
LN-CS-000495,LN-AP-000849,2025-01-17T15:17:20.000Z,Status Inquiry,Phone,Open,16.4,E-0136,,false
LN-CS-000496,LN-AP-000850,2025-12-25T19:07:55.000Z,Status Inquiry,Phone,Closed,6.2,E-0116,2,false
LN-CS-000497,LN-AP-000851,2024-10-31T16:38:36.000Z,Rate Lock Question,Phone,Open,7.9,E-0101,1,false
LN-CS-000498,LN-AP-000852,2026-08-09T07:05:57.000Z,Status Inquiry,Phone,Closed,7.2,E-0061,,true
LN-CS-000499,LN-AP-000853,2025-03-06T16:47:57.000Z,Status Inquiry,Email,Closed,7.6,E-0109,3,true
LN-CS-000500,LN-AP-000855,2024-12-31T09:56:05.000Z,Payoff Request,Chat,Closed,7.4,E-0140,,true
LN-CS-000501,LN-AP-000858,2025-11-17T07:30:53.000Z,Rate Lock Question,Mobile App,Closed,5.0,E-0076,,false
LN-CS-000502,LN-AP-000859,2026-07-09T19:29:42.000Z,Rate Lock Question,Chat,Closed,3.9,E-0089,,false
LN-CS-000503,LN-AP-000859,2026-07-15T10:31:29.000Z,Payoff Request,Chat,Closed,5.8,E-0133,4,true
LN-CS-000504,LN-AP-000860,2024-10-28T15:49:59.000Z,Payoff Request,Phone,Open,5.4,E-0124,,false
LN-CS-000505,LN-AP-000860,2024-10-31T17:20:24.000Z,Document Upload Issue,Chat,Closed,7.3,E-0101,,false
LN-CS-000506,LN-AP-000864,2025-07-21T13:45:58.000Z,Payoff Request,Chat,Closed,4.4,E-0133,,true
LN-CS-000507,LN-AP-000864,2025-07-08T10:16:30.000Z,Rate Lock Question,Email,Closed,9.1,E-0114,,false
LN-CS-000508,LN-AP-000869,2025-08-13T07:24:40.000Z,Document Upload Issue,Mobile App,Closed,3.6,E-0082,,true
LN-CS-000509,LN-AP-000871,2025-06-26T15:12:32.000Z,Status Inquiry,Mobile App,Closed,13.4,E-0090,,false
LN-CS-000510,LN-AP-000872,2025-09-20T13:43:01.000Z,Document Upload Issue,Phone,Open,9.6,E-0062,5,false
LN-CS-000511,LN-AP-000872,2025-09-06T16:51:31.000Z,Rate Lock Question,Email,Closed,6.8,E-0087,1,false
LN-CS-000512,LN-AP-000873,2025-11-16T15:52:18.000Z,Status Inquiry,Email,Closed,4.9,E-0126,4,false
LN-CS-000513,LN-AP-000875,2026-03-22T12:37:58.000Z,Appraisal Scheduling,Chat,Closed,11.6,E-0108,4,false
LN-CS-000514,LN-AP-000876,2026-08-19T14:34:38.000Z,Document Upload Issue,Mobile App,Closed,15.3,E-0104,1,false
LN-CS-000515,LN-AP-000877,2025-10-31T17:15:56.000Z,Appraisal Scheduling,Chat,Closed,8.3,E-0110,3,true
LN-CS-000516,LN-AP-000880,2026-03-07T16:58:18.000Z,Rate Lock Question,Email,Open,5.1,E-0091,,false
LN-CS-000517,LN-AP-000882,2025-05-03T07:50:44.000Z,Payoff Request,Chat,Closed,17.9,E-0073,,false
LN-CS-000518,LN-AP-000883,2025-09-28T10:41:08.000Z,Rate Lock Question,Chat,Closed,4.3,E-0104,,false
LN-CS-000519,LN-AP-000885,2026-04-17T11:09:23.000Z,Document Upload Issue,Email,Open,5.6,E-0079,,true
LN-CS-000520,LN-AP-000885,2026-04-08T18:27:03.000Z,Rate Lock Question,Chat,Closed,14.0,E-0064,2,true
LN-CS-000521,LN-AP-000891,2025-12-30T19:52:24.000Z,Appraisal Scheduling,Chat,Open,11.4,E-0121,,false
LN-CS-000522,LN-AP-000892,2026-03-04T07:46:26.000Z,Payoff Request,Phone,Closed,4.4,E-0098,1,false
LN-CS-000523,LN-AP-000894,2026-03-09T07:16:19.000Z,Status Inquiry,Chat,Closed,10.7,E-0061,5,false
LN-CS-000524,LN-AP-000895,2025-05-23T18:58:58.000Z,Appraisal Scheduling,Phone,Closed,9.8,E-0073,5,true
LN-CS-000525,LN-AP-000895,2025-05-07T14:25:28.000Z,Payoff Request,Chat,Closed,21.9,E-0120,,false
LN-CS-000526,LN-AP-000898,2025-10-14T07:42:38.000Z,Rate Lock Question,Chat,Closed,4.9,E-0111,3,false
LN-CS-000527,LN-AP-000900,2025-03-03T19:39:23.000Z,Rate Lock Question,Chat,Closed,16.3,E-0108,5,true
LN-CS-000528,LN-AP-000902,2025-09-17T11:26:26.000Z,Rate Lock Question,Mobile App,Closed,6.1,E-0110,,true
LN-CS-000529,LN-AP-000903,2025-06-24T09:20:15.000Z,Payoff Request,Phone,Open,5.8,E-0089,,false
LN-CS-000530,LN-AP-000905,2026-05-04T13:07:19.000Z,Document Upload Issue,Mobile App,Open,9.1,E-0086,3,false
LN-CS-000531,LN-AP-000907,2026-08-19T17:05:30.000Z,Rate Lock Question,Email,Open,12.9,E-0085,,true
LN-CS-000532,LN-AP-000908,2026-02-04T10:56:18.000Z,Rate Lock Question,Chat,Open,5.1,E-0121,4,false
LN-CS-000533,LN-AP-000908,2026-02-07T18:54:25.000Z,Appraisal Scheduling,Chat,Closed,8.2,E-0124,,false
LN-CS-000534,LN-AP-000909,2025-07-31T09:47:15.000Z,Rate Lock Question,Chat,Closed,9.2,E-0081,,false
LN-CS-000535,LN-AP-000910,2025-08-23T12:09:04.000Z,Appraisal Scheduling,Mobile App,Closed,5.5,E-0086,,false
LN-CS-000536,LN-AP-000911,2024-12-01T08:15:34.000Z,Status Inquiry,Chat,Closed,2.1,E-0082,,false
LN-CS-000537,LN-AP-000913,2025-01-08T10:23:31.000Z,Payoff Request,Email,Open,13.2,E-0122,1,true
LN-CS-000538,LN-AP-000914,2026-06-03T11:41:51.000Z,Rate Lock Question,Email,Closed,18.5,E-0062,,false
LN-CS-000539,LN-AP-000914,2026-05-30T09:12:08.000Z,Appraisal Scheduling,Phone,Closed,7.2,E-0112,,false
LN-CS-000540,LN-AP-000918,2025-04-24T17:41:59.000Z,Rate Lock Question,Mobile App,Open,6.6,E-0129,,false
LN-CS-000541,LN-AP-000918,2025-04-13T12:17:46.000Z,Payoff Request,Phone,Closed,9.2,E-0127,,true
LN-CS-000542,LN-AP-000921,2025-10-02T09:42:48.000Z,Rate Lock Question,Phone,Closed,11.1,E-0109,,true
LN-CS-000543,LN-AP-000922,2025-03-15T09:33:18.000Z,Appraisal Scheduling,Email,Open,12.1,E-0063,,true
LN-CS-000544,LN-AP-000924,2025-01-05T12:49:36.000Z,Payoff Request,Chat,Closed,5.0,E-0090,3,false
LN-CS-000545,LN-AP-000925,2024-10-26T07:54:43.000Z,Rate Lock Question,Chat,Closed,8.1,E-0126,,true
LN-CS-000546,LN-AP-000927,2026-08-19T07:46:22.000Z,Document Upload Issue,Mobile App,Closed,2.5,E-0137,2,false
LN-CS-000547,LN-AP-000927,2026-07-21T19:25:39.000Z,Document Upload Issue,Phone,Open,6.5,E-0140,4,false
LN-CS-000548,LN-AP-000930,2024-12-26T07:07:20.000Z,Appraisal Scheduling,Email,Open,7.2,E-0121,,false
LN-CS-000549,LN-AP-000931,2025-07-30T11:16:03.000Z,Status Inquiry,Phone,Closed,5.6,E-0067,5,false
LN-CS-000550,LN-AP-000932,2025-04-17T12:18:58.000Z,Appraisal Scheduling,Chat,Closed,5.1,E-0062,4,true
LN-CS-000551,LN-AP-000933,2026-08-20T12:47:16.000Z,Rate Lock Question,Email,Closed,7.7,E-0121,,false
LN-CS-000552,LN-AP-000934,2026-06-18T19:26:02.000Z,Status Inquiry,Chat,Closed,20.3,E-0115,,false
LN-CS-000553,LN-AP-000939,2025-02-20T11:52:18.000Z,Status Inquiry,Mobile App,Closed,3.7,E-0115,2,false
LN-CS-000554,LN-AP-000940,2025-12-02T17:21:12.000Z,Status Inquiry,Email,Closed,6.9,E-0083,,true
LN-CS-000555,LN-AP-000942,2025-12-30T17:02:59.000Z,Document Upload Issue,Phone,Closed,4.5,E-0117,1,false
LN-CS-000556,LN-AP-000944,2025-09-03T08:27:42.000Z,Payoff Request,Email,Open,2.4,E-0137,,true
LN-CS-000557,LN-AP-000945,2026-05-05T19:12:52.000Z,Appraisal Scheduling,Mobile App,Closed,9.7,E-0086,1,true
LN-CS-000558,LN-AP-000947,2025-10-05T16:42:17.000Z,Appraisal Scheduling,Email,Open,10.8,E-0118,4,true
LN-CS-000559,LN-AP-000951,2024-11-26T17:58:03.000Z,Payoff Request,Chat,Closed,7.7,E-0128,,false
LN-CS-000560,LN-AP-000952,2026-01-24T17:34:36.000Z,Status Inquiry,Phone,Closed,10.0,E-0091,,false
LN-CS-000561,LN-AP-000953,2025-12-26T08:55:33.000Z,Appraisal Scheduling,Phone,Closed,8.9,E-0072,,false
LN-CS-000562,LN-AP-000957,2026-05-30T19:39:39.000Z,Rate Lock Question,Chat,Closed,9.7,E-0089,,false
LN-CS-000563,LN-AP-000962,2024-10-15T13:02:28.000Z,Rate Lock Question,Email,Open,17.7,E-0135,,false
LN-CS-000564,LN-AP-000963,2026-02-02T18:48:54.000Z,Document Upload Issue,Mobile App,Open,11.6,E-0108,,false
LN-CS-000565,LN-AP-000963,2026-02-03T15:42:07.000Z,Document Upload Issue,Chat,Closed,8.7,E-0124,,true
LN-CS-000566,LN-AP-000964,2025-09-14T07:24:22.000Z,Payoff Request,Email,Closed,7.8,E-0104,2,true
LN-CS-000567,LN-AP-000966,2026-08-19T10:19:26.000Z,Appraisal Scheduling,Email,Closed,8.5,E-0086,5,false
LN-CS-000568,LN-AP-000969,2026-01-01T08:17:29.000Z,Status Inquiry,Mobile App,Closed,16.1,E-0108,,false
LN-CS-000569,LN-AP-000970,2025-01-25T12:45:59.000Z,Appraisal Scheduling,Phone,Open,8.6,E-0123,3,false
LN-CS-000570,LN-AP-000971,2025-02-06T19:36:50.000Z,Rate Lock Question,Chat,Closed,8.2,E-0063,4,true
LN-CS-000571,LN-AP-000972,2026-02-16T16:17:24.000Z,Document Upload Issue,Email,Closed,5.0,E-0132,,false
LN-CS-000572,LN-AP-000973,2025-09-15T14:15:26.000Z,Status Inquiry,Mobile App,Closed,9.6,E-0121,3,true
LN-CS-000573,LN-AP-000978,2026-01-31T14:21:56.000Z,Status Inquiry,Email,Open,8.5,E-0090,,true
LN-CS-000574,LN-AP-000981,2026-03-04T14:03:15.000Z,Rate Lock Question,Phone,Closed,4.4,E-0064,,true
LN-CS-000575,LN-AP-000987,2026-07-22T10:50:42.000Z,Status Inquiry,Mobile App,Open,5.3,E-0096,,true
LN-CS-000576,LN-AP-000988,2025-06-14T10:38:12.000Z,Status Inquiry,Phone,Closed,7.8,E-0122,,true
LN-CS-000577,LN-AP-000988,2025-05-10T07:07:19.000Z,Document Upload Issue,Mobile App,Closed,9.2,E-0098,4,false
LN-CS-000578,LN-AP-000991,2025-07-22T15:25:31.000Z,Appraisal Scheduling,Mobile App,Closed,7.8,E-0080,4,false
LN-CS-000579,LN-AP-000991,2025-07-21T09:31:46.000Z,Appraisal Scheduling,Chat,Closed,9.1,E-0112,,true
LN-CS-000580,LN-AP-000992,2025-08-20T17:17:31.000Z,Rate Lock Question,Mobile App,Open,7.3,E-0104,,true
LN-CS-000581,LN-AP-000993,2025-12-14T09:58:20.000Z,Document Upload Issue,Email,Open,7.4,E-0104,5,false
LN-CS-000582,LN-AP-000996,2026-08-20T12:26:31.000Z,Appraisal Scheduling,Mobile App,Closed,3.4,E-0113,2,false
LN-CS-000583,LN-AP-001000,2026-04-26T10:51:20.000Z,Document Upload Issue,Phone,Closed,6.9,E-0062,2,false
LN-CS-000584,LN-AP-001001,2026-04-05T07:16:14.000Z,Status Inquiry,Phone,Closed,4.0,E-0071,,true
LN-CS-000585,LN-AP-001002,2026-08-16T09:40:42.000Z,Payoff Request,Email,Open,18.7,E-0136,3,false
LN-CS-000586,LN-AP-001003,2025-10-06T17:35:08.000Z,Payoff Request,Phone,Closed,6.5,E-0115,,true
LN-CS-000587,LN-AP-001004,2024-10-28T15:28:41.000Z,Document Upload Issue,Phone,Open,8.3,E-0090,,false
LN-CS-000588,LN-AP-001008,2024-10-24T07:17:56.000Z,Status Inquiry,Chat,Closed,5.4,E-0082,5,false
LN-CS-000589,LN-AP-001008,2024-10-31T18:11:57.000Z,Payoff Request,Phone,Closed,10.1,E-0088,3,false
LN-CS-000590,LN-AP-001010,2026-03-06T11:17:11.000Z,Payoff Request,Chat,Open,8.5,E-0091,,false
LN-CS-000591,LN-AP-001011,2025-05-11T19:33:56.000Z,Rate Lock Question,Mobile App,Closed,6.7,E-0126,5,true
LN-CS-000592,LN-AP-001016,2026-08-21T08:18:52.000Z,Rate Lock Question,Chat,Open,8.9,E-0096,5,false
LN-CS-000593,LN-AP-001017,2025-08-13T14:38:13.000Z,Payoff Request,Phone,Open,4.8,E-0135,1,false
LN-CS-000594,LN-AP-001020,2026-02-17T08:44:04.000Z,Document Upload Issue,Phone,Open,20.9,E-0095,,true
LN-CS-000595,LN-AP-001020,2026-02-16T13:12:57.000Z,Payoff Request,Chat,Closed,7.5,E-0081,,false
LN-CS-000596,LN-AP-001021,2026-07-18T18:16:56.000Z,Rate Lock Question,Mobile App,Closed,3.6,E-0069,3,false
LN-CS-000597,LN-AP-001023,2024-12-11T07:13:59.000Z,Payoff Request,Email,Closed,6.6,E-0077,,false
LN-CS-000598,LN-AP-001025,2024-10-23T12:27:19.000Z,Payoff Request,Email,Closed,16.5,E-0117,3,true
LN-CS-000599,LN-AP-001027,2025-11-24T15:24:46.000Z,Status Inquiry,Phone,Open,3.1,E-0088,4,true
LN-CS-000600,LN-AP-001029,2026-05-26T17:32:25.000Z,Status Inquiry,Chat,Open,8.4,E-0068,2,false
LN-CS-000601,LN-AP-001029,2026-05-23T17:21:00.000Z,Rate Lock Question,Email,Open,18.3,E-0138,2,true
LN-CS-000602,LN-AP-001030,2024-11-27T18:02:46.000Z,Document Upload Issue,Chat,Closed,3.8,E-0075,,false
LN-CS-000603,LN-AP-001030,2024-12-18T13:10:40.000Z,Rate Lock Question,Phone,Closed,3.9,E-0111,,false
LN-CS-000604,LN-AP-001032,2024-12-03T08:17:37.000Z,Payoff Request,Chat,Open,2.3,E-0108,5,true
LN-CS-000605,LN-AP-001032,2024-12-11T11:35:53.000Z,Status Inquiry,Email,Closed,4.3,E-0087,,true
LN-CS-000606,LN-AP-001035,2026-05-23T18:00:59.000Z,Status Inquiry,Email,Closed,5.5,E-0100,1,true
LN-CS-000607,LN-AP-001037,2025-09-19T07:52:25.000Z,Appraisal Scheduling,Chat,Closed,8.6,E-0085,5,true
LN-CS-000608,LN-AP-001038,2026-06-10T16:35:35.000Z,Payoff Request,Phone,Closed,21.0,E-0100,,true
LN-CS-000609,LN-AP-001044,2025-02-23T12:45:54.000Z,Payoff Request,Email,Open,9.8,E-0140,4,false
LN-CS-000610,LN-AP-001047,2024-10-29T08:58:44.000Z,Status Inquiry,Mobile App,Closed,14.3,E-0097,,false
LN-CS-000611,LN-AP-001048,2026-08-19T09:52:08.000Z,Appraisal Scheduling,Email,Closed,14.0,E-0095,,false
LN-CS-000612,LN-AP-001051,2026-05-30T15:47:05.000Z,Appraisal Scheduling,Email,Closed,5.0,E-0088,5,false
LN-CS-000613,LN-AP-001054,2025-05-18T09:15:32.000Z,Document Upload Issue,Chat,Closed,11.1,E-0064,1,false
LN-CS-000614,LN-AP-001055,2025-03-24T14:26:58.000Z,Payoff Request,Email,Closed,12.0,E-0109,3,true
LN-CS-000615,LN-AP-001057,2025-02-06T11:11:58.000Z,Status Inquiry,Mobile App,Closed,10.3,E-0083,,false
LN-CS-000616,LN-AP-001058,2025-08-16T08:18:26.000Z,Status Inquiry,Phone,Closed,7.2,E-0081,,true
LN-CS-000617,LN-AP-001059,2025-11-02T10:23:12.000Z,Payoff Request,Mobile App,Open,5.5,E-0099,,false
LN-CS-000618,LN-AP-001059,2025-11-11T11:58:05.000Z,Document Upload Issue,Chat,Closed,11.3,E-0084,1,false
LN-CS-000619,LN-AP-001063,2024-11-17T11:53:00.000Z,Document Upload Issue,Chat,Closed,3.9,E-0075,,true
LN-CS-000620,LN-AP-001065,2024-11-17T07:16:07.000Z,Appraisal Scheduling,Phone,Closed,9.6,E-0092,,true
LN-CS-000621,LN-AP-001066,2026-07-23T11:41:47.000Z,Payoff Request,Mobile App,Closed,11.2,E-0062,5,false
LN-CS-000622,LN-AP-001067,2025-07-10T10:14:46.000Z,Status Inquiry,Mobile App,Closed,7.2,E-0063,,false
LN-CS-000623,LN-AP-001068,2026-01-22T12:31:01.000Z,Payoff Request,Phone,Closed,8.2,E-0072,4,false
LN-CS-000624,LN-AP-001076,2025-06-11T19:15:34.000Z,Rate Lock Question,Phone,Closed,9.0,E-0075,,false
LN-CS-000625,LN-AP-001078,2024-11-15T16:12:47.000Z,Payoff Request,Email,Closed,4.9,E-0123,5,false
LN-CS-000626,LN-AP-001080,2025-05-30T08:14:10.000Z,Rate Lock Question,Chat,Closed,7.2,E-0139,2,false
LN-CS-000627,LN-AP-001084,2026-08-05T17:49:59.000Z,Appraisal Scheduling,Phone,Closed,10.3,E-0113,,false
LN-CS-000628,LN-AP-001085,2026-08-27T17:35:25.000Z,Status Inquiry,Chat,Closed,9.5,E-0129,4,true
LN-CS-000629,LN-AP-001085,2026-08-24T07:02:30.000Z,Document Upload Issue,Chat,Open,6.1,E-0094,4,false
LN-CS-000630,LN-AP-001087,2025-11-26T07:40:17.000Z,Document Upload Issue,Email,Open,16.0,E-0073,1,false
LN-CS-000631,LN-AP-001088,2026-06-09T17:34:57.000Z,Appraisal Scheduling,Mobile App,Open,5.5,E-0095,,true
LN-CS-000632,LN-AP-001090,2025-12-05T16:01:34.000Z,Rate Lock Question,Chat,Closed,12.4,E-0139,,false
LN-CS-000633,LN-AP-001090,2025-11-29T17:17:45.000Z,Rate Lock Question,Chat,Closed,11.9,E-0088,,true
LN-CS-000634,LN-AP-001092,2025-09-18T15:46:55.000Z,Status Inquiry,Email,Closed,9.6,E-0091,,false
LN-CS-000635,LN-AP-001095,2026-02-04T09:24:33.000Z,Document Upload Issue,Email,Closed,15.4,E-0119,,false
LN-CS-000636,LN-AP-001100,2026-04-09T17:56:26.000Z,Rate Lock Question,Chat,Closed,8.6,E-0107,,true
LN-CS-000637,LN-AP-001101,2025-06-22T15:54:56.000Z,Rate Lock Question,Email,Closed,6.5,E-0073,,false
LN-CS-000638,LN-AP-001101,2025-06-21T09:10:31.000Z,Status Inquiry,Mobile App,Closed,2.5,E-0091,,false
LN-CS-000639,LN-AP-001103,2025-07-10T16:07:45.000Z,Status Inquiry,Phone,Closed,7.8,E-0090,,true
LN-CS-000640,LN-AP-001104,2025-11-10T12:31:21.000Z,Payoff Request,Mobile App,Closed,12.6,E-0089,,false
LN-CS-000641,LN-AP-001106,2025-08-07T19:14:19.000Z,Payoff Request,Mobile App,Open,10.0,E-0134,5,false
LN-CS-000642,LN-AP-001106,2025-08-06T08:14:36.000Z,Rate Lock Question,Phone,Closed,12.6,E-0090,5,true
LN-CS-000643,LN-AP-001109,2025-10-31T18:29:02.000Z,Payoff Request,Mobile App,Closed,5.2,E-0114,,false
LN-CS-000644,LN-AP-001111,2025-06-18T15:37:06.000Z,Payoff Request,Chat,Closed,8.5,E-0133,,true
LN-CS-000645,LN-AP-001113,2024-12-08T18:16:13.000Z,Appraisal Scheduling,Mobile App,Open,4.1,E-0088,1,false
LN-CS-000646,LN-AP-001113,2024-12-08T11:27:47.000Z,Rate Lock Question,Phone,Open,7.8,E-0128,4,false
LN-CS-000647,LN-AP-001119,2025-11-14T18:26:08.000Z,Document Upload Issue,Email,Closed,3.5,E-0125,,false
LN-CS-000648,LN-AP-001119,2025-11-10T11:53:51.000Z,Document Upload Issue,Chat,Closed,10.2,E-0120,3,false
LN-CS-000649,LN-AP-001124,2025-07-08T07:31:52.000Z,Document Upload Issue,Email,Open,8.7,E-0127,5,false
LN-CS-000650,LN-AP-001130,2026-07-13T15:37:03.000Z,Document Upload Issue,Mobile App,Closed,12.4,E-0084,5,true
LN-CS-000651,LN-AP-001132,2025-04-08T11:17:15.000Z,Document Upload Issue,Mobile App,Closed,10.1,E-0067,5,false
LN-CS-000652,LN-AP-001135,2025-05-10T18:01:33.000Z,Appraisal Scheduling,Email,Closed,11.5,E-0131,2,true
LN-CS-000653,LN-AP-001137,2026-06-28T11:48:11.000Z,Payoff Request,Mobile App,Open,17.8,E-0108,,true
LN-CS-000654,LN-AP-001139,2025-01-11T16:00:26.000Z,Document Upload Issue,Mobile App,Closed,6.6,E-0070,4,false
LN-CS-000655,LN-AP-001140,2026-07-30T14:38:35.000Z,Status Inquiry,Phone,Closed,6.9,E-0109,1,true
LN-CS-000656,LN-AP-001142,2025-11-07T13:22:10.000Z,Payoff Request,Email,Open,18.1,E-0090,1,true
LN-CS-000657,LN-AP-001149,2026-01-30T14:41:11.000Z,Appraisal Scheduling,Email,Open,24.9,E-0091,,false
LN-CS-000658,LN-AP-001150,2025-12-24T17:41:53.000Z,Rate Lock Question,Phone,Closed,4.4,E-0088,,true
LN-CS-000659,LN-AP-001151,2025-04-30T19:58:22.000Z,Payoff Request,Phone,Open,12.5,E-0112,,true
LN-CS-000660,LN-AP-001152,2025-04-30T08:59:51.000Z,Payoff Request,Mobile App,Closed,11.1,E-0082,5,true
LN-CS-000661,LN-AP-001153,2024-12-28T14:42:17.000Z,Rate Lock Question,Phone,Closed,5.9,E-0084,1,true
LN-CS-000662,LN-AP-001154,2025-10-30T19:40:04.000Z,Payoff Request,Phone,Open,15.5,E-0099,,false
LN-CS-000663,LN-AP-001154,2025-10-31T16:25:20.000Z,Status Inquiry,Phone,Open,6.1,E-0102,,true
LN-CS-000664,LN-AP-001155,2026-02-14T13:36:55.000Z,Payoff Request,Email,Closed,23.1,E-0106,,true
LN-CS-000665,LN-AP-001155,2026-02-14T17:22:30.000Z,Payoff Request,Mobile App,Closed,7.6,E-0103,,false
LN-CS-000666,LN-AP-001156,2025-06-19T15:56:10.000Z,Appraisal Scheduling,Chat,Open,10.5,E-0087,1,false
LN-CS-000667,LN-AP-001157,2026-03-09T11:53:23.000Z,Document Upload Issue,Mobile App,Open,13.0,E-0117,,false
LN-CS-000668,LN-AP-001164,2025-04-21T15:05:16.000Z,Rate Lock Question,Phone,Closed,9.5,E-0134,,false
LN-CS-000669,LN-AP-001164,2025-05-07T18:10:08.000Z,Status Inquiry,Email,Closed,6.4,E-0129,,true
LN-CS-000670,LN-AP-001167,2026-08-12T08:17:44.000Z,Appraisal Scheduling,Phone,Closed,4.6,E-0084,2,true
LN-CS-000671,LN-AP-001168,2026-08-19T07:13:51.000Z,Status Inquiry,Email,Closed,5.6,E-0066,,true
LN-CS-000672,LN-AP-001169,2026-03-04T16:40:02.000Z,Payoff Request,Mobile App,Open,7.3,E-0121,,false
LN-CS-000673,LN-AP-001172,2025-06-05T07:02:27.000Z,Rate Lock Question,Mobile App,Closed,5.7,E-0091,,true
LN-CS-000674,LN-AP-001173,2025-03-15T13:06:01.000Z,Status Inquiry,Mobile App,Closed,13.4,E-0096,,false
LN-CS-000675,LN-AP-001173,2025-03-23T10:32:35.000Z,Rate Lock Question,Email,Closed,12.7,E-0124,,false
LN-CS-000676,LN-AP-001176,2026-06-02T13:28:30.000Z,Rate Lock Question,Mobile App,Closed,5.5,E-0136,,false
LN-CS-000677,LN-AP-001180,2025-04-19T07:14:12.000Z,Rate Lock Question,Phone,Open,9.1,E-0105,,false
LN-CS-000678,LN-AP-001182,2025-04-21T10:00:10.000Z,Rate Lock Question,Chat,Open,6.8,E-0122,,true
LN-CS-000679,LN-AP-001183,2025-04-12T12:57:58.000Z,Appraisal Scheduling,Email,Open,17.9,E-0066,1,false
LN-CS-000680,LN-AP-001185,2026-03-08T11:30:00.000Z,Appraisal Scheduling,Mobile App,Open,11.3,E-0090,1,false
LN-CS-000681,LN-AP-001187,2026-03-01T13:04:44.000Z,Status Inquiry,Email,Closed,6.5,E-0127,4,false
LN-CS-000682,LN-AP-001188,2025-09-08T15:34:42.000Z,Document Upload Issue,Phone,Closed,5.3,E-0067,,false
LN-CS-000683,LN-AP-001192,2026-07-14T18:40:52.000Z,Rate Lock Question,Chat,Open,16.7,E-0089,,false
LN-CS-000684,LN-AP-001192,2026-07-14T12:19:14.000Z,Rate Lock Question,Phone,Closed,7.0,E-0073,4,false
LN-CS-000685,LN-AP-001193,2025-08-27T12:00:39.000Z,Rate Lock Question,Phone,Open,3.4,E-0138,4,false
LN-CS-000686,LN-AP-001200,2025-05-21T09:34:25.000Z,Appraisal Scheduling,Email,Closed,6.7,E-0112,1,false
LN-CS-000687,LN-AP-001201,2025-03-26T18:32:15.000Z,Status Inquiry,Phone,Closed,4.7,E-0101,2,false
LN-CS-000688,LN-AP-001205,2026-03-29T12:00:00.000Z,Rate Lock Question,Mobile App,Open,14.6,E-0092,5,false
LN-CS-000689,LN-AP-001206,2025-03-02T10:22:46.000Z,Status Inquiry,Phone,Open,6.6,E-0071,,false
LN-CS-000690,LN-AP-001209,2025-10-19T17:50:20.000Z,Status Inquiry,Email,Closed,11.3,E-0095,5,false
LN-CS-000691,LN-AP-001210,2026-04-27T17:17:47.000Z,Appraisal Scheduling,Mobile App,Open,8.8,E-0137,1,true
LN-CS-000692,LN-AP-001213,2025-03-29T08:42:30.000Z,Status Inquiry,Email,Open,5.1,E-0130,1,true
LN-CS-000693,LN-AP-001215,2024-12-13T08:23:23.000Z,Payoff Request,Chat,Open,13.9,E-0082,5,false
LN-CS-000694,LN-AP-001216,2025-09-23T14:57:57.000Z,Document Upload Issue,Email,Closed,4.6,E-0137,,false
LN-CS-000695,LN-AP-001217,2026-06-04T18:31:20.000Z,Status Inquiry,Email,Open,10.2,E-0115,,false
LN-CS-000696,LN-AP-001218,2024-12-21T11:12:05.000Z,Document Upload Issue,Chat,Closed,6.0,E-0067,2,false
LN-CS-000697,LN-AP-001222,2026-06-29T10:00:02.000Z,Document Upload Issue,Phone,Closed,7.2,E-0119,2,false
LN-CS-000698,LN-AP-001222,2026-05-19T07:59:42.000Z,Payoff Request,Mobile App,Closed,15.0,E-0069,4,false
LN-CS-000699,LN-AP-001224,2025-09-19T12:56:13.000Z,Document Upload Issue,Email,Closed,7.5,E-0098,2,false
LN-CS-000700,LN-AP-001226,2025-01-06T19:44:18.000Z,Document Upload Issue,Email,Closed,4.6,E-0100,4,false
LN-CS-000701,LN-AP-001231,2025-11-03T15:24:02.000Z,Status Inquiry,Email,Closed,6.4,E-0103,,false
LN-CS-000702,LN-AP-001231,2025-11-03T19:08:19.000Z,Document Upload Issue,Chat,Open,6.0,E-0113,,false
LN-CS-000703,LN-AP-001232,2025-10-31T13:44:16.000Z,Document Upload Issue,Email,Closed,11.0,E-0064,3,false
LN-CS-000704,LN-AP-001233,2025-05-01T13:09:18.000Z,Rate Lock Question,Mobile App,Closed,23.2,E-0070,5,true
LN-CS-000705,LN-AP-001234,2025-01-07T14:33:36.000Z,Appraisal Scheduling,Phone,Open,7.1,E-0092,,true
LN-CS-000706,LN-AP-001236,2025-04-27T12:04:03.000Z,Rate Lock Question,Chat,Closed,5.0,E-0100,,false
LN-CS-000707,LN-AP-001236,2025-04-15T15:04:29.000Z,Status Inquiry,Mobile App,Closed,5.6,E-0099,,false
LN-CS-000708,LN-AP-001237,2025-11-21T19:10:50.000Z,Appraisal Scheduling,Chat,Closed,9.9,E-0094,2,true
LN-CS-000709,LN-AP-001238,2025-02-22T13:31:11.000Z,Payoff Request,Chat,Closed,4.4,E-0126,2,false
LN-CS-000710,LN-AP-001241,2025-03-18T14:52:21.000Z,Rate Lock Question,Email,Open,10.2,E-0083,3,false
LN-CS-000711,LN-AP-001241,2025-03-01T17:56:41.000Z,Rate Lock Question,Email,Open,6.5,E-0130,1,false
LN-CS-000712,LN-AP-001242,2025-06-04T15:34:16.000Z,Document Upload Issue,Mobile App,Closed,8.0,E-0089,1,true
LN-CS-000713,LN-AP-001245,2026-08-16T14:04:15.000Z,Document Upload Issue,Mobile App,Open,5.8,E-0074,,true
LN-CS-000714,LN-AP-001246,2026-06-22T08:14:34.000Z,Rate Lock Question,Phone,Closed,8.4,E-0128,,true
LN-CS-000715,LN-AP-001250,2026-08-29T08:46:29.000Z,Rate Lock Question,Mobile App,Closed,12.3,E-0115,4,true
LN-CS-000716,LN-AP-001252,2026-08-06T11:43:51.000Z,Payoff Request,Mobile App,Closed,10.5,E-0084,,false
LN-CS-000717,LN-AP-001252,2026-07-06T08:10:31.000Z,Document Upload Issue,Email,Closed,1.6,E-0086,4,true
LN-CS-000718,LN-AP-001254,2026-01-07T13:55:26.000Z,Document Upload Issue,Mobile App,Closed,18.5,E-0099,1,false
LN-CS-000719,LN-AP-001256,2026-07-21T16:46:31.000Z,Status Inquiry,Email,Closed,16.7,E-0067,1,false
LN-CS-000720,LN-AP-001256,2026-07-13T13:27:15.000Z,Appraisal Scheduling,Mobile App,Closed,6.6,E-0099,,true
LN-CS-000721,LN-AP-001259,2025-01-22T09:41:28.000Z,Document Upload Issue,Chat,Open,7.2,E-0074,3,false
LN-CS-000722,LN-AP-001262,2026-08-11T13:01:23.000Z,Rate Lock Question,Chat,Open,6.3,E-0093,,false
LN-CS-000723,LN-AP-001265,2026-05-29T16:08:29.000Z,Payoff Request,Chat,Closed,6.7,E-0085,1,true
LN-CS-000724,LN-AP-001265,2026-05-21T14:20:42.000Z,Payoff Request,Phone,Closed,10.1,E-0115,,false
LN-CS-000725,LN-AP-001266,2025-11-14T14:26:32.000Z,Status Inquiry,Chat,Closed,10.9,E-0128,,false
LN-CS-000726,LN-AP-001269,2025-01-24T08:04:22.000Z,Rate Lock Question,Chat,Closed,12.7,E-0062,,true
LN-CS-000727,LN-AP-001270,2026-01-01T11:06:46.000Z,Payoff Request,Chat,Closed,6.1,E-0117,2,false
LN-CS-000728,LN-AP-001271,2025-04-07T14:45:49.000Z,Rate Lock Question,Email,Closed,9.4,E-0138,3,false
LN-CS-000729,LN-AP-001273,2026-08-11T13:56:32.000Z,Appraisal Scheduling,Chat,Closed,5.9,E-0087,,false
LN-CS-000730,LN-AP-001275,2024-10-22T13:43:14.000Z,Status Inquiry,Chat,Closed,5.5,E-0065,,false
LN-CS-000731,LN-AP-001275,2024-11-07T13:47:22.000Z,Status Inquiry,Email,Closed,5.2,E-0092,4,true
LN-CS-000732,LN-AP-001277,2024-10-27T13:04:49.000Z,Document Upload Issue,Phone,Closed,6.8,E-0130,,false
LN-CS-000733,LN-AP-001279,2025-06-27T15:01:05.000Z,Payoff Request,Phone,Closed,6.6,E-0123,,true
LN-CS-000734,LN-AP-001281,2025-06-18T07:37:05.000Z,Status Inquiry,Mobile App,Closed,3.2,E-0095,,true
LN-CS-000735,LN-AP-001284,2025-06-02T13:23:13.000Z,Appraisal Scheduling,Chat,Closed,3.6,E-0081,1,false
LN-CS-000736,LN-AP-001287,2026-08-16T15:56:15.000Z,Status Inquiry,Phone,Closed,7.7,E-0102,,false
LN-CS-000737,LN-AP-001288,2025-02-06T18:34:31.000Z,Status Inquiry,Chat,Closed,10.1,E-0123,2,false
LN-CS-000738,LN-AP-001290,2026-01-04T14:29:45.000Z,Status Inquiry,Email,Closed,7.0,E-0100,,true
LN-CS-000739,LN-AP-001291,2026-07-15T09:35:36.000Z,Document Upload Issue,Mobile App,Closed,5.1,E-0085,5,false
LN-CS-000740,LN-AP-001292,2024-10-18T16:40:06.000Z,Rate Lock Question,Chat,Closed,10.5,E-0125,,true
LN-CS-000741,LN-AP-001293,2026-04-08T07:14:10.000Z,Appraisal Scheduling,Phone,Closed,4.6,E-0097,,false
LN-CS-000742,LN-AP-001299,2025-03-04T17:27:23.000Z,Appraisal Scheduling,Email,Closed,9.8,E-0135,5,true
LN-CS-000743,LN-AP-001303,2025-02-28T19:55:27.000Z,Appraisal Scheduling,Phone,Open,7.5,E-0136,,false
LN-CS-000744,LN-AP-001307,2026-05-16T10:23:45.000Z,Appraisal Scheduling,Mobile App,Open,6.2,E-0138,,false
LN-CS-000745,LN-AP-001308,2025-08-17T09:51:17.000Z,Appraisal Scheduling,Phone,Open,10.8,E-0113,2,false
LN-CS-000746,LN-AP-001308,2025-08-12T08:18:32.000Z,Rate Lock Question,Mobile App,Closed,10.9,E-0067,2,false
LN-CS-000747,LN-AP-001309,2025-06-23T07:13:19.000Z,Document Upload Issue,Phone,Open,10.1,E-0103,4,false
LN-CS-000748,LN-AP-001309,2025-06-12T18:01:08.000Z,Document Upload Issue,Mobile App,Open,5.7,E-0106,,false
LN-CS-000749,LN-AP-001311,2025-01-09T08:56:05.000Z,Payoff Request,Mobile App,Closed,9.8,E-0072,,true
LN-CS-000750,LN-AP-001313,2026-08-23T10:02:38.000Z,Appraisal Scheduling,Email,Open,12.2,E-0089,5,false
LN-CS-000751,LN-AP-001314,2026-06-03T18:56:47.000Z,Appraisal Scheduling,Chat,Closed,11.2,E-0116,,false
LN-CS-000752,LN-AP-001314,2026-06-14T13:23:50.000Z,Status Inquiry,Phone,Closed,8.9,E-0098,4,false
LN-CS-000753,LN-AP-001318,2025-02-27T16:26:59.000Z,Status Inquiry,Email,Open,7.7,E-0061,,false
LN-CS-000754,LN-AP-001322,2025-05-04T11:19:46.000Z,Appraisal Scheduling,Phone,Closed,5.4,E-0090,2,false
LN-CS-000755,LN-AP-001326,2024-12-05T19:57:38.000Z,Appraisal Scheduling,Email,Closed,7.3,E-0134,,false
LN-CS-000756,LN-AP-001326,2024-12-18T12:18:05.000Z,Document Upload Issue,Phone,Open,12.2,E-0117,5,false
LN-CS-000757,LN-AP-001330,2025-04-16T11:01:06.000Z,Appraisal Scheduling,Email,Open,7.5,E-0073,,true
LN-CS-000758,LN-AP-001330,2025-03-23T09:55:05.000Z,Status Inquiry,Email,Open,7.7,E-0118,2,false
LN-CS-000759,LN-AP-001331,2025-01-06T17:20:04.000Z,Document Upload Issue,Chat,Open,4.9,E-0119,5,true
LN-CS-000760,LN-AP-001331,2025-01-12T11:07:42.000Z,Payoff Request,Phone,Open,14.6,E-0082,,true
LN-CS-000761,LN-AP-001332,2025-11-02T15:20:05.000Z,Status Inquiry,Email,Open,14.5,E-0122,4,false
LN-CS-000762,LN-AP-001333,2025-10-13T09:01:16.000Z,Document Upload Issue,Mobile App,Closed,12.9,E-0129,2,false
LN-CS-000763,LN-AP-001334,2025-05-12T15:43:57.000Z,Status Inquiry,Chat,Open,6.7,E-0125,5,false
LN-CS-000764,LN-AP-001337,2026-03-17T08:41:52.000Z,Appraisal Scheduling,Email,Closed,5.0,E-0100,4,false
LN-CS-000765,LN-AP-001337,2026-03-21T16:28:06.000Z,Document Upload Issue,Mobile App,Open,8.6,E-0080,2,false
LN-CS-000766,LN-AP-001338,2025-09-18T08:09:20.000Z,Appraisal Scheduling,Phone,Closed,15.7,E-0130,5,true
LN-CS-000767,LN-AP-001338,2025-09-18T14:47:27.000Z,Status Inquiry,Chat,Closed,9.7,E-0113,1,false
LN-CS-000768,LN-AP-001345,2026-04-16T07:47:41.000Z,Status Inquiry,Email,Closed,9.7,E-0064,,true
LN-CS-000769,LN-AP-001351,2025-06-13T15:44:01.000Z,Rate Lock Question,Phone,Closed,6.3,E-0122,4,false
LN-CS-000770,LN-AP-001351,2025-06-18T09:00:04.000Z,Appraisal Scheduling,Phone,Open,6.4,E-0070,,false
LN-CS-000771,LN-AP-001353,2026-07-16T18:52:51.000Z,Rate Lock Question,Phone,Open,10.2,E-0068,,true
LN-CS-000772,LN-AP-001355,2025-08-30T10:31:39.000Z,Rate Lock Question,Chat,Open,12.5,E-0127,,true
LN-CS-000773,LN-AP-001357,2025-12-31T10:42:28.000Z,Payoff Request,Chat,Closed,9.7,E-0102,4,true
LN-CS-000774,LN-AP-001358,2025-06-28T10:27:46.000Z,Document Upload Issue,Mobile App,Closed,10.0,E-0134,2,false
LN-CS-000775,LN-AP-001359,2025-05-31T16:40:12.000Z,Payoff Request,Chat,Open,9.6,E-0089,4,false
LN-CS-000776,LN-AP-001361,2026-07-10T13:35:56.000Z,Rate Lock Question,Chat,Closed,11.1,E-0111,2,false
LN-CS-000777,LN-AP-001361,2026-07-15T17:39:02.000Z,Payoff Request,Email,Open,15.2,E-0071,,false
LN-CS-000778,LN-AP-001362,2025-02-23T17:10:48.000Z,Status Inquiry,Phone,Open,6.5,E-0103,5,false
LN-CS-000779,LN-AP-001365,2026-02-04T10:49:44.000Z,Payoff Request,Phone,Closed,9.0,E-0112,1,true
LN-CS-000780,LN-AP-001365,2026-01-27T10:19:46.000Z,Appraisal Scheduling,Phone,Open,10.8,E-0108,,false
LN-CS-000781,LN-AP-001367,2025-06-27T16:44:59.000Z,Rate Lock Question,Chat,Closed,6.8,E-0074,,true
LN-CS-000782,LN-AP-001368,2026-04-28T07:55:08.000Z,Appraisal Scheduling,Mobile App,Closed,5.2,E-0080,4,false
LN-CS-000783,LN-AP-001369,2026-03-07T10:52:29.000Z,Appraisal Scheduling,Chat,Open,9.1,E-0100,,false
LN-CS-000784,LN-AP-001372,2025-10-04T18:48:24.000Z,Appraisal Scheduling,Phone,Open,10.8,E-0134,2,false
LN-CS-000785,LN-AP-001373,2025-04-09T16:05:39.000Z,Status Inquiry,Phone,Closed,12.5,E-0085,4,false
LN-CS-000786,LN-AP-001374,2025-02-15T09:44:08.000Z,Rate Lock Question,Email,Closed,5.9,E-0080,,false
LN-CS-000787,LN-AP-001379,2024-11-18T08:07:26.000Z,Appraisal Scheduling,Mobile App,Closed,10.3,E-0107,1,true
LN-CS-000788,LN-AP-001383,2026-08-13T10:15:11.000Z,Document Upload Issue,Phone,Closed,9.4,E-0098,2,true
LN-CS-000789,LN-AP-001385,2025-03-21T15:09:23.000Z,Status Inquiry,Phone,Closed,5.4,E-0089,1,false
LN-CS-000790,LN-AP-001388,2025-02-22T17:53:22.000Z,Payoff Request,Mobile App,Open,17.6,E-0102,,false
LN-CS-000791,LN-AP-001390,2025-11-03T17:02:22.000Z,Payoff Request,Chat,Closed,9.7,E-0137,2,true
LN-CS-000792,LN-AP-001393,2025-07-20T11:07:20.000Z,Payoff Request,Mobile App,Closed,8.3,E-0124,4,false
LN-CS-000793,LN-AP-001394,2025-06-20T09:01:34.000Z,Rate Lock Question,Email,Closed,15.6,E-0067,,true
LN-CS-000794,LN-AP-001398,2025-02-09T07:51:43.000Z,Status Inquiry,Email,Open,16.6,E-0096,3,true
LN-CS-000795,LN-AP-001400,2025-05-18T11:55:13.000Z,Appraisal Scheduling,Mobile App,Closed,9.8,E-0127,2,false
LN-CS-000796,LN-AP-001400,2025-04-27T08:14:54.000Z,Rate Lock Question,Chat,Open,7.1,E-0078,,true
LN-CS-000797,LN-AP-001401,2025-07-15T14:24:35.000Z,Document Upload Issue,Mobile App,Closed,11.3,E-0108,4,false
LN-CS-000798,LN-AP-001401,2025-07-20T15:22:27.000Z,Document Upload Issue,Email,Closed,9.0,E-0078,1,false
LN-CS-000799,LN-AP-001402,2026-01-10T11:12:11.000Z,Appraisal Scheduling,Phone,Closed,5.8,E-0114,,true
LN-CS-000800,LN-AP-001404,2026-08-27T11:35:40.000Z,Rate Lock Question,Mobile App,Open,6.7,E-0134,4,true
LN-CS-000801,LN-AP-001405,2025-01-01T19:41:37.000Z,Payoff Request,Chat,Open,8.3,E-0078,3,false
LN-CS-000802,LN-AP-001407,2026-08-24T09:38:14.000Z,Status Inquiry,Mobile App,Closed,5.8,E-0130,,true
LN-CS-000803,LN-AP-001407,2026-08-21T10:18:37.000Z,Payoff Request,Email,Open,9.7,E-0074,,false
LN-CS-000804,LN-AP-001408,2026-01-11T17:02:43.000Z,Payoff Request,Phone,Open,3.8,E-0064,5,false
LN-CS-000805,LN-AP-001409,2026-07-07T14:06:25.000Z,Rate Lock Question,Email,Closed,5.4,E-0083,3,true
LN-CS-000806,LN-AP-001409,2026-07-18T14:25:22.000Z,Status Inquiry,Chat,Open,9.2,E-0102,,false
LN-CS-000807,LN-AP-001415,2025-07-11T15:06:27.000Z,Rate Lock Question,Mobile App,Closed,9.9,E-0095,,true
LN-CS-000808,LN-AP-001416,2025-02-26T19:56:04.000Z,Appraisal Scheduling,Phone,Closed,3.6,E-0069,3,true
LN-CS-000809,LN-AP-001417,2026-06-03T12:31:16.000Z,Appraisal Scheduling,Mobile App,Open,11.8,E-0119,,false
LN-CS-000810,LN-AP-001417,2026-07-12T17:08:29.000Z,Payoff Request,Email,Closed,12.5,E-0089,4,false
LN-CS-000811,LN-AP-001421,2025-02-23T12:55:09.000Z,Status Inquiry,Mobile App,Closed,18.6,E-0092,,true
LN-CS-000812,LN-AP-001430,2025-04-22T15:41:15.000Z,Payoff Request,Email,Closed,13.3,E-0066,,false
LN-CS-000813,LN-AP-001433,2025-09-20T14:05:27.000Z,Document Upload Issue,Chat,Open,2.7,E-0118,,false
LN-CS-000814,LN-AP-001434,2026-01-11T07:19:59.000Z,Document Upload Issue,Chat,Closed,9.0,E-0111,,true
LN-CS-000815,LN-AP-001434,2026-01-05T14:03:28.000Z,Document Upload Issue,Mobile App,Open,14.8,E-0118,,false
LN-CS-000816,LN-AP-001441,2025-11-08T07:39:14.000Z,Payoff Request,Phone,Closed,10.6,E-0097,,true
LN-CS-000817,LN-AP-001448,2024-10-23T15:59:45.000Z,Payoff Request,Email,Closed,6.0,E-0065,4,true
LN-CS-000818,LN-AP-001449,2025-05-29T19:53:32.000Z,Rate Lock Question,Phone,Closed,5.9,E-0065,,true
LN-CS-000819,LN-AP-001454,2026-01-07T15:38:55.000Z,Appraisal Scheduling,Email,Closed,7.6,E-0100,,true
LN-CS-000820,LN-AP-001454,2026-01-06T09:53:31.000Z,Document Upload Issue,Mobile App,Closed,3.8,E-0140,1,false
LN-CS-000821,LN-AP-001457,2026-07-13T10:38:00.000Z,Rate Lock Question,Chat,Closed,6.9,E-0104,,false
LN-CS-000822,LN-AP-001458,2025-11-23T07:09:31.000Z,Rate Lock Question,Phone,Closed,7.6,E-0092,,false
LN-CS-000823,LN-AP-001460,2025-02-05T09:36:03.000Z,Payoff Request,Mobile App,Closed,6.8,E-0092,,false
LN-CS-000824,LN-AP-001462,2025-11-22T09:52:04.000Z,Rate Lock Question,Email,Closed,12.1,E-0094,,false
LN-CS-000825,LN-AP-001464,2025-03-24T07:36:31.000Z,Document Upload Issue,Chat,Open,13.6,E-0094,1,false
LN-CS-000826,LN-AP-001467,2026-05-22T19:06:37.000Z,Document Upload Issue,Phone,Closed,15.1,E-0134,,false
LN-CS-000827,LN-AP-001467,2026-05-05T16:02:25.000Z,Status Inquiry,Phone,Closed,11.8,E-0123,1,false
LN-CS-000828,LN-AP-001470,2025-12-06T16:39:44.000Z,Rate Lock Question,Chat,Open,11.4,E-0072,,true
LN-CS-000829,LN-AP-001473,2025-08-22T10:56:01.000Z,Document Upload Issue,Email,Closed,6.1,E-0134,2,false
LN-CS-000830,LN-AP-001474,2025-04-15T13:45:28.000Z,Rate Lock Question,Email,Closed,8.6,E-0078,2,false
LN-CS-000831,LN-AP-001476,2026-02-25T17:22:21.000Z,Rate Lock Question,Mobile App,Closed,14.9,E-0119,2,false
LN-CS-000832,LN-AP-001477,2025-07-14T08:15:37.000Z,Appraisal Scheduling,Email,Closed,9.2,E-0130,,false
LN-CS-000833,LN-AP-001478,2026-08-27T14:20:17.000Z,Payoff Request,Email,Open,3.6,E-0122,1,false
LN-CS-000834,LN-AP-001478,2026-08-16T12:11:33.000Z,Document Upload Issue,Mobile App,Closed,4.8,E-0104,4,false
LN-CS-000835,LN-AP-001485,2026-04-07T16:14:22.000Z,Document Upload Issue,Chat,Open,11.3,E-0111,4,false
LN-CS-000836,LN-AP-001485,2026-04-07T15:24:25.000Z,Document Upload Issue,Mobile App,Closed,12.2,E-0066,,false
LN-CS-000837,LN-AP-001486,2026-05-11T16:57:15.000Z,Appraisal Scheduling,Phone,Closed,6.5,E-0108,1,true
LN-CS-000838,LN-AP-001487,2026-03-21T13:12:53.000Z,Appraisal Scheduling,Chat,Open,11.3,E-0126,,false
LN-CS-000839,LN-AP-001489,2024-11-22T09:57:12.000Z,Rate Lock Question,Email,Closed,9.6,E-0093,2,false
LN-CS-000840,LN-AP-001489,2024-12-01T18:06:42.000Z,Status Inquiry,Email,Closed,30.8,E-0090,,false
LN-CS-000841,LN-AP-001490,2025-09-11T09:32:36.000Z,Status Inquiry,Chat,Closed,5.8,E-0097,3,true
LN-CS-000842,LN-AP-001491,2026-08-30T18:52:31.000Z,Rate Lock Question,Phone,Closed,10.3,E-0132,,false
LN-CS-000843,LN-AP-001496,2025-05-04T14:54:49.000Z,Payoff Request,Email,Closed,13.5,E-0075,,true
LN-CS-000844,LN-AP-001497,2025-05-09T10:30:45.000Z,Document Upload Issue,Phone,Closed,5.8,E-0107,4,true
LN-CS-000845,LN-AP-001500,2025-11-25T12:46:48.000Z,Document Upload Issue,Mobile App,Closed,4.3,E-0122,,false
LN-CS-000846,LN-AP-001500,2025-10-29T13:27:04.000Z,Status Inquiry,Mobile App,Open,3.7,E-0112,,true
LN-CS-000847,LN-AP-001503,2025-08-19T09:05:49.000Z,Payoff Request,Email,Open,2.6,E-0119,4,true
LN-CS-000848,LN-AP-001505,2026-08-27T07:23:43.000Z,Payoff Request,Mobile App,Closed,5.9,E-0125,,true
LN-CS-000849,LN-AP-001505,2026-08-24T16:34:53.000Z,Appraisal Scheduling,Chat,Open,10.1,E-0094,,false
LN-CS-000850,LN-AP-001507,2025-09-28T10:07:06.000Z,Payoff Request,Email,Closed,12.6,E-0113,,true
LN-CS-000851,LN-AP-001507,2025-09-24T15:22:13.000Z,Document Upload Issue,Phone,Closed,3.1,E-0066,,true
LN-CS-000852,LN-AP-001512,2026-05-03T17:07:06.000Z,Rate Lock Question,Chat,Closed,4.0,E-0078,,true
LN-CS-000853,LN-AP-001513,2025-01-01T19:38:50.000Z,Payoff Request,Email,Closed,9.0,E-0109,,false
LN-CS-000854,LN-AP-001514,2025-08-13T15:00:18.000Z,Payoff Request,Mobile App,Closed,4.9,E-0092,5,true
LN-CS-000855,LN-AP-001514,2025-08-13T09:29:47.000Z,Document Upload Issue,Email,Closed,19.4,E-0108,5,false
LN-CS-000856,LN-AP-001516,2024-12-16T09:49:54.000Z,Payoff Request,Phone,Open,7.7,E-0118,4,true
LN-CS-000857,LN-AP-001518,2026-01-15T16:13:58.000Z,Appraisal Scheduling,Email,Closed,5.6,E-0118,,false
LN-CS-000858,LN-AP-001520,2025-05-03T18:30:15.000Z,Payoff Request,Mobile App,Closed,9.6,E-0066,1,false
LN-CS-000859,LN-AP-001522,2026-01-30T19:53:57.000Z,Document Upload Issue,Phone,Open,4.8,E-0138,,false
LN-CS-000860,LN-AP-001522,2026-01-25T12:57:19.000Z,Payoff Request,Chat,Closed,18.9,E-0138,5,false
LN-CS-000861,LN-AP-001524,2025-03-21T08:01:40.000Z,Payoff Request,Phone,Closed,8.1,E-0097,,false
LN-CS-000862,LN-AP-001525,2026-07-15T17:46:12.000Z,Rate Lock Question,Chat,Closed,14.2,E-0097,,true
LN-CS-000863,LN-AP-001525,2026-07-13T07:10:28.000Z,Appraisal Scheduling,Mobile App,Closed,11.1,E-0095,,false
LN-CS-000864,LN-AP-001526,2025-11-17T16:08:13.000Z,Appraisal Scheduling,Mobile App,Closed,20.2,E-0138,4,true
LN-CS-000865,LN-AP-001528,2025-09-02T18:13:57.000Z,Appraisal Scheduling,Mobile App,Open,8.5,E-0119,4,true
LN-CS-000866,LN-AP-001528,2025-08-26T15:49:24.000Z,Payoff Request,Mobile App,Open,12.6,E-0092,1,false
LN-CS-000867,LN-AP-001531,2025-08-10T12:25:02.000Z,Rate Lock Question,Chat,Closed,8.8,E-0099,,false
LN-CS-000868,LN-AP-001531,2025-08-23T07:27:20.000Z,Rate Lock Question,Phone,Closed,10.0,E-0089,1,false
LN-CS-000869,LN-AP-001533,2026-05-19T10:38:40.000Z,Status Inquiry,Mobile App,Closed,5.8,E-0088,5,true
LN-CS-000870,LN-AP-001534,2026-01-04T16:51:48.000Z,Status Inquiry,Email,Closed,10.9,E-0068,3,false
LN-CS-000871,LN-AP-001537,2024-11-26T14:54:25.000Z,Status Inquiry,Phone,Open,21.7,E-0106,,true
LN-CS-000872,LN-AP-001537,2024-11-24T17:02:12.000Z,Document Upload Issue,Chat,Closed,5.3,E-0135,,false
LN-CS-000873,LN-AP-001538,2024-12-21T07:51:23.000Z,Rate Lock Question,Chat,Closed,8.4,E-0065,1,true
LN-CS-000874,LN-AP-001539,2025-11-08T15:03:39.000Z,Rate Lock Question,Email,Open,3.0,E-0077,,false
LN-CS-000875,LN-AP-001541,2025-08-03T18:02:12.000Z,Document Upload Issue,Phone,Open,10.4,E-0100,,false
LN-CS-000876,LN-AP-001542,2026-08-22T17:19:43.000Z,Document Upload Issue,Phone,Open,3.9,E-0072,,false
LN-CS-000877,LN-AP-001543,2025-03-21T12:23:49.000Z,Payoff Request,Chat,Closed,10.9,E-0063,4,true
LN-CS-000878,LN-AP-001544,2025-03-05T19:58:29.000Z,Document Upload Issue,Phone,Open,3.2,E-0066,,true
LN-CS-000879,LN-AP-001546,2026-05-31T19:20:32.000Z,Appraisal Scheduling,Phone,Closed,5.3,E-0079,,false
LN-CS-000880,LN-AP-001546,2026-05-29T10:39:48.000Z,Status Inquiry,Email,Closed,11.4,E-0094,2,false
LN-CS-000881,LN-AP-001550,2026-03-04T13:14:45.000Z,Appraisal Scheduling,Phone,Open,3.7,E-0078,1,false
LN-CS-000882,LN-AP-001550,2026-03-02T10:50:11.000Z,Status Inquiry,Chat,Closed,2.4,E-0120,5,true
LN-CS-000883,LN-AP-001551,2025-06-16T19:08:38.000Z,Rate Lock Question,Chat,Open,8.5,E-0077,,true
LN-CS-000884,LN-AP-001552,2025-12-27T12:33:22.000Z,Status Inquiry,Email,Closed,6.9,E-0111,,false
LN-CS-000885,LN-AP-001552,2025-12-14T15:42:04.000Z,Payoff Request,Email,Open,21.9,E-0107,,false
LN-CS-000886,LN-AP-001553,2025-10-09T18:28:24.000Z,Status Inquiry,Mobile App,Open,12.6,E-0084,,true
LN-CS-000887,LN-AP-001553,2025-09-24T09:41:23.000Z,Payoff Request,Chat,Closed,8.7,E-0099,,false
LN-CS-000888,LN-AP-001554,2025-03-26T14:42:16.000Z,Document Upload Issue,Email,Closed,5.6,E-0122,,true
LN-CS-000889,LN-AP-001555,2025-10-18T11:33:01.000Z,Status Inquiry,Phone,Open,8.1,E-0100,,true
LN-CS-000890,LN-AP-001558,2025-06-10T18:04:11.000Z,Rate Lock Question,Email,Closed,14.3,E-0109,5,false
LN-CS-000891,LN-AP-001561,2025-02-10T18:50:48.000Z,Document Upload Issue,Phone,Closed,11.1,E-0098,3,true
LN-CS-000892,LN-AP-001565,2026-01-30T17:42:50.000Z,Rate Lock Question,Chat,Open,8.7,E-0125,,false
LN-CS-000893,LN-AP-001568,2025-03-08T09:01:16.000Z,Appraisal Scheduling,Email,Open,3.7,E-0113,1,true
LN-CS-000894,LN-AP-001569,2026-01-08T10:46:46.000Z,Appraisal Scheduling,Mobile App,Closed,7.9,E-0140,,false
LN-CS-000895,LN-AP-001570,2024-11-22T19:30:27.000Z,Status Inquiry,Phone,Open,9.3,E-0110,5,true
LN-CS-000896,LN-AP-001571,2024-12-15T13:15:06.000Z,Document Upload Issue,Email,Closed,6.9,E-0114,,false
LN-CS-000897,LN-AP-001572,2026-08-19T12:00:13.000Z,Rate Lock Question,Mobile App,Closed,5.9,E-0103,1,false
LN-CS-000898,LN-AP-001572,2026-07-29T15:52:49.000Z,Appraisal Scheduling,Email,Open,8.3,E-0120,,false
LN-CS-000899,LN-AP-001573,2025-05-23T15:10:36.000Z,Payoff Request,Mobile App,Closed,9.6,E-0064,2,true
LN-CS-000900,LN-AP-001575,2026-08-11T08:57:58.000Z,Rate Lock Question,Chat,Closed,6.6,E-0125,3,true
LN-CS-000901,LN-AP-001578,2025-09-23T13:47:59.000Z,Appraisal Scheduling,Mobile App,Closed,9.1,E-0094,,false
LN-CS-000902,LN-AP-001580,2025-07-07T13:08:09.000Z,Payoff Request,Chat,Closed,10.5,E-0091,,true
LN-CS-000903,LN-AP-001583,2026-07-25T07:14:51.000Z,Payoff Request,Mobile App,Open,17.1,E-0099,,false
LN-CS-000904,LN-AP-001587,2025-06-30T18:39:27.000Z,Status Inquiry,Email,Closed,11.0,E-0075,,true
LN-CS-000905,LN-AP-001588,2025-04-21T10:35:33.000Z,Rate Lock Question,Email,Closed,11.4,E-0098,,false
LN-CS-000906,LN-AP-001593,2024-12-02T14:53:08.000Z,Status Inquiry,Email,Open,9.4,E-0132,4,true
LN-CS-000907,LN-AP-001593,2024-12-05T09:23:50.000Z,Rate Lock Question,Chat,Open,6.5,E-0064,,false
LN-CS-000908,LN-AP-001595,2026-01-02T15:19:56.000Z,Appraisal Scheduling,Email,Open,12.8,E-0128,3,false
LN-CS-000909,LN-AP-001599,2025-09-20T07:24:40.000Z,Rate Lock Question,Email,Closed,7.9,E-0109,1,false
LN-CS-000910,LN-AP-001603,2024-12-16T07:19:48.000Z,Appraisal Scheduling,Mobile App,Open,2.0,E-0104,,false
LN-CS-000911,LN-AP-001608,2024-12-22T11:20:01.000Z,Payoff Request,Mobile App,Closed,5.7,E-0107,1,true
LN-CS-000912,LN-AP-001608,2024-12-23T08:18:32.000Z,Appraisal Scheduling,Mobile App,Closed,3.6,E-0113,,true
LN-CS-000913,LN-AP-001609,2025-05-28T10:04:49.000Z,Document Upload Issue,Mobile App,Closed,13.7,E-0127,3,true
LN-CS-000914,LN-AP-001610,2026-02-03T14:24:04.000Z,Payoff Request,Mobile App,Open,7.9,E-0105,5,false
LN-CS-000915,LN-AP-001611,2026-07-04T09:22:03.000Z,Document Upload Issue,Phone,Closed,3.7,E-0134,3,false
LN-CS-000916,LN-AP-001612,2026-05-18T18:23:54.000Z,Rate Lock Question,Mobile App,Closed,4.1,E-0117,4,true
LN-CS-000917,LN-AP-001615,2026-04-02T07:34:11.000Z,Document Upload Issue,Email,Closed,4.8,E-0107,,false
LN-CS-000918,LN-AP-001616,2025-09-20T15:36:40.000Z,Payoff Request,Mobile App,Open,6.8,E-0103,,true
LN-CS-000919,LN-AP-001618,2026-06-19T08:22:04.000Z,Rate Lock Question,Mobile App,Closed,7.6,E-0131,1,false
LN-CS-000920,LN-AP-001618,2026-07-14T07:34:46.000Z,Document Upload Issue,Chat,Closed,4.1,E-0062,1,false
LN-CS-000921,LN-AP-001623,2026-03-01T08:02:46.000Z,Document Upload Issue,Mobile App,Open,13.3,E-0091,,false
LN-CS-000922,LN-AP-001625,2024-12-10T17:40:29.000Z,Rate Lock Question,Chat,Closed,5.3,E-0110,,true
LN-CS-000923,LN-AP-001626,2025-07-17T15:49:35.000Z,Payoff Request,Mobile App,Closed,7.0,E-0134,4,true
LN-CS-000924,LN-AP-001628,2025-10-01T08:52:13.000Z,Document Upload Issue,Chat,Closed,7.9,E-0088,1,false
LN-CS-000925,LN-AP-001630,2025-10-12T17:36:06.000Z,Rate Lock Question,Mobile App,Closed,8.9,E-0064,,false
LN-CS-000926,LN-AP-001633,2025-11-22T14:42:31.000Z,Rate Lock Question,Chat,Open,11.6,E-0130,5,false
LN-CS-000927,LN-AP-001634,2025-07-07T13:53:23.000Z,Appraisal Scheduling,Email,Closed,9.4,E-0126,,false
LN-CS-000928,LN-AP-001634,2025-07-24T18:52:26.000Z,Document Upload Issue,Phone,Closed,3.9,E-0083,3,true
LN-CS-000929,LN-AP-001639,2024-12-28T16:29:10.000Z,Rate Lock Question,Phone,Closed,2.9,E-0081,1,false
LN-CS-000930,LN-AP-001641,2025-12-02T13:53:40.000Z,Payoff Request,Phone,Open,3.5,E-0114,,false
LN-CS-000931,LN-AP-001644,2025-06-10T15:50:06.000Z,Document Upload Issue,Mobile App,Closed,10.3,E-0064,3,false
LN-CS-000932,LN-AP-001645,2025-07-04T09:17:48.000Z,Payoff Request,Mobile App,Open,3.5,E-0134,1,false
LN-CS-000933,LN-AP-001647,2025-06-27T18:00:47.000Z,Appraisal Scheduling,Chat,Closed,3.9,E-0099,3,false
LN-CS-000934,LN-AP-001648,2026-02-17T13:45:42.000Z,Document Upload Issue,Phone,Closed,4.4,E-0126,,false
LN-CS-000935,LN-AP-001654,2024-12-17T09:27:57.000Z,Document Upload Issue,Chat,Closed,7.8,E-0135,2,false
LN-CS-000936,LN-AP-001656,2025-03-11T19:10:01.000Z,Payoff Request,Email,Closed,3.6,E-0092,3,false
LN-CS-000937,LN-AP-001658,2025-08-18T07:54:51.000Z,Rate Lock Question,Chat,Open,4.5,E-0100,3,true
LN-CS-000938,LN-AP-001658,2025-08-30T19:35:39.000Z,Status Inquiry,Email,Closed,15.5,E-0095,3,false
LN-CS-000939,LN-AP-001659,2025-02-26T16:46:10.000Z,Payoff Request,Phone,Closed,8.8,E-0081,,true
LN-CS-000940,LN-AP-001659,2025-03-23T16:08:37.000Z,Payoff Request,Chat,Closed,3.7,E-0100,2,false
LN-CS-000941,LN-AP-001660,2025-08-19T09:55:41.000Z,Document Upload Issue,Phone,Closed,8.7,E-0074,1,false
LN-CS-000942,LN-AP-001661,2025-01-29T14:53:38.000Z,Rate Lock Question,Email,Open,22.9,E-0095,,false
LN-CS-000943,LN-AP-001662,2025-03-16T07:10:07.000Z,Document Upload Issue,Chat,Open,8.1,E-0136,3,true
LN-CS-000944,LN-AP-001663,2025-03-01T19:11:21.000Z,Document Upload Issue,Chat,Closed,3.0,E-0114,,false
LN-CS-000945,LN-AP-001664,2025-07-06T13:06:09.000Z,Rate Lock Question,Email,Open,7.6,E-0097,,false
LN-CS-000946,LN-AP-001667,2024-11-08T11:17:05.000Z,Payoff Request,Chat,Open,8.6,E-0131,,false
LN-CS-000947,LN-AP-001667,2024-11-16T11:31:27.000Z,Rate Lock Question,Phone,Closed,5.0,E-0099,2,true
LN-CS-000948,LN-AP-001670,2026-05-03T07:44:43.000Z,Payoff Request,Email,Closed,7.2,E-0128,3,false
LN-CS-000949,LN-AP-001673,2025-04-25T13:31:47.000Z,Appraisal Scheduling,Email,Closed,11.7,E-0135,,true
LN-CS-000950,LN-AP-001675,2025-12-23T09:06:37.000Z,Payoff Request,Mobile App,Closed,15.5,E-0065,,false
LN-CS-000951,LN-AP-001680,2025-07-13T15:57:16.000Z,Document Upload Issue,Mobile App,Open,11.9,E-0085,,true
LN-CS-000952,LN-AP-001682,2026-04-23T15:15:39.000Z,Appraisal Scheduling,Mobile App,Closed,6.9,E-0080,1,true
LN-CS-000953,LN-AP-001683,2025-06-08T16:24:31.000Z,Payoff Request,Email,Closed,5.4,E-0129,2,false
LN-CS-000954,LN-AP-001686,2026-04-21T12:47:39.000Z,Document Upload Issue,Chat,Closed,10.5,E-0115,4,false
LN-CS-000955,LN-AP-001686,2026-04-03T09:24:44.000Z,Document Upload Issue,Email,Open,5.5,E-0084,5,true
LN-CS-000956,LN-AP-001688,2025-10-07T08:30:15.000Z,Payoff Request,Chat,Closed,3.6,E-0101,,true
LN-CS-000957,LN-AP-001690,2025-03-28T07:50:25.000Z,Payoff Request,Chat,Open,3.6,E-0096,,true
LN-CS-000958,LN-AP-001690,2025-04-29T09:36:09.000Z,Appraisal Scheduling,Chat,Closed,13.2,E-0100,2,false
LN-CS-000959,LN-AP-001692,2025-01-29T18:00:58.000Z,Appraisal Scheduling,Phone,Open,11.0,E-0080,,false
LN-CS-000960,LN-AP-001699,2025-04-12T16:30:38.000Z,Document Upload Issue,Email,Open,2.6,E-0073,,true
LN-CS-000961,LN-AP-001700,2025-06-19T09:24:59.000Z,Status Inquiry,Email,Closed,7.5,E-0112,1,true
LN-CS-000962,LN-AP-001700,2025-06-04T19:40:32.000Z,Rate Lock Question,Chat,Open,3.8,E-0065,1,false
LN-CS-000963,LN-AP-001705,2025-01-11T14:55:19.000Z,Document Upload Issue,Mobile App,Open,5.4,E-0132,,true
LN-CS-000964,LN-AP-001706,2025-10-31T16:11:17.000Z,Appraisal Scheduling,Chat,Closed,5.6,E-0088,,true
LN-CS-000965,LN-AP-001714,2026-06-02T19:49:31.000Z,Rate Lock Question,Email,Closed,8.1,E-0121,,false
LN-CS-000966,LN-AP-001716,2026-05-25T18:08:18.000Z,Document Upload Issue,Mobile App,Open,4.3,E-0133,5,true
LN-CS-000967,LN-AP-001718,2026-06-18T12:59:03.000Z,Document Upload Issue,Chat,Open,11.9,E-0135,,false
LN-CS-000968,LN-AP-001721,2025-02-17T10:46:03.000Z,Appraisal Scheduling,Phone,Closed,8.5,E-0119,,true
LN-CS-000969,LN-AP-001724,2025-05-01T08:36:09.000Z,Status Inquiry,Mobile App,Closed,10.0,E-0089,5,false
LN-CS-000970,LN-AP-001725,2026-02-27T10:20:51.000Z,Rate Lock Question,Mobile App,Open,15.0,E-0123,,false
LN-CS-000971,LN-AP-001730,2025-02-22T16:12:36.000Z,Document Upload Issue,Email,Closed,3.0,E-0112,,true
LN-CS-000972,LN-AP-001730,2025-02-16T14:28:14.000Z,Rate Lock Question,Phone,Open,6.0,E-0124,,false
LN-CS-000973,LN-AP-001731,2026-02-20T18:11:03.000Z,Rate Lock Question,Phone,Closed,3.4,E-0070,,false
LN-CS-000974,LN-AP-001735,2026-01-17T19:22:41.000Z,Payoff Request,Email,Closed,9.0,E-0113,,true
LN-CS-000975,LN-AP-001738,2026-02-01T07:06:14.000Z,Payoff Request,Email,Closed,5.0,E-0089,,true
LN-CS-000976,LN-AP-001738,2026-02-15T10:12:23.000Z,Appraisal Scheduling,Email,Open,15.0,E-0138,3,true
LN-CS-000977,LN-AP-001744,2025-10-02T10:50:56.000Z,Document Upload Issue,Phone,Open,19.1,E-0126,5,false
LN-CS-000978,LN-AP-001745,2025-07-09T16:46:49.000Z,Appraisal Scheduling,Mobile App,Open,23.2,E-0123,,true
LN-CS-000979,LN-AP-001748,2025-05-08T12:40:49.000Z,Rate Lock Question,Mobile App,Closed,11.5,E-0093,3,false
LN-CS-000980,LN-AP-001748,2025-05-09T09:32:11.000Z,Payoff Request,Email,Open,6.6,E-0086,,false
LN-CS-000981,LN-AP-001749,2026-02-19T15:19:18.000Z,Document Upload Issue,Phone,Open,5.8,E-0140,,true
LN-CS-000982,LN-AP-001750,2025-10-07T09:10:26.000Z,Rate Lock Question,Email,Open,5.5,E-0084,3,true
LN-CS-000983,LN-AP-001752,2025-05-15T15:36:31.000Z,Status Inquiry,Chat,Closed,4.4,E-0116,5,true
LN-CS-000984,LN-AP-001753,2026-05-30T08:23:11.000Z,Status Inquiry,Email,Open,16.7,E-0128,5,false
LN-CS-000985,LN-AP-001756,2026-08-03T10:15:43.000Z,Document Upload Issue,Mobile App,Closed,8.2,E-0108,2,true
LN-CS-000986,LN-AP-001757,2026-07-24T18:44:47.000Z,Payoff Request,Chat,Closed,14.7,E-0126,,false
LN-CS-000987,LN-AP-001766,2026-01-17T16:55:14.000Z,Rate Lock Question,Phone,Open,9.3,E-0093,1,false
LN-CS-000988,LN-AP-001767,2025-03-05T18:28:24.000Z,Appraisal Scheduling,Email,Closed,12.4,E-0126,,false
LN-CS-000989,LN-AP-001769,2025-10-22T15:49:48.000Z,Rate Lock Question,Chat,Closed,8.9,E-0114,,true
LN-CS-000990,LN-AP-001769,2025-10-28T19:21:55.000Z,Status Inquiry,Mobile App,Closed,11.4,E-0088,4,true
LN-CS-000991,LN-AP-001770,2026-06-04T08:20:43.000Z,Appraisal Scheduling,Mobile App,Open,10.8,E-0086,,false
LN-CS-000992,LN-AP-001772,2026-02-07T08:22:21.000Z,Appraisal Scheduling,Email,Open,6.9,E-0117,,false
LN-CS-000993,LN-AP-001773,2026-03-31T07:30:53.000Z,Payoff Request,Phone,Closed,11.5,E-0083,1,true
LN-CS-000994,LN-AP-001776,2025-09-23T18:58:55.000Z,Appraisal Scheduling,Phone,Open,6.1,E-0125,,false
LN-CS-000995,LN-AP-001778,2026-08-19T17:07:24.000Z,Payoff Request,Phone,Open,11.5,E-0105,4,true
LN-CS-000996,LN-AP-001779,2026-02-04T11:41:05.000Z,Document Upload Issue,Phone,Closed,9.5,E-0135,,false
LN-CS-000997,LN-AP-001780,2025-12-14T11:29:15.000Z,Rate Lock Question,Email,Closed,12.8,E-0122,,true
LN-CS-000998,LN-AP-001781,2025-07-21T13:09:37.000Z,Status Inquiry,Phone,Open,8.7,E-0065,4,false
LN-CS-000999,LN-AP-001781,2025-08-12T07:43:55.000Z,Status Inquiry,Email,Open,8.9,E-0097,3,true
LN-CS-001000,LN-AP-001782,2026-07-15T07:46:22.000Z,Status Inquiry,Chat,Closed,7.0,E-0071,1,false
LN-CS-001001,LN-AP-001783,2025-11-12T15:13:49.000Z,Payoff Request,Phone,Closed,8.8,E-0136,2,false
LN-CS-001002,LN-AP-001784,2026-03-13T15:25:14.000Z,Rate Lock Question,Phone,Open,16.8,E-0080,4,false
LN-CS-001003,LN-AP-001786,2026-08-26T09:33:59.000Z,Document Upload Issue,Chat,Open,2.5,E-0114,4,false
LN-CS-001004,LN-AP-001787,2026-04-08T09:45:36.000Z,Appraisal Scheduling,Chat,Open,9.3,E-0084,2,true
LN-CS-001005,LN-AP-001789,2026-03-20T17:27:35.000Z,Rate Lock Question,Phone,Closed,10.8,E-0116,,true
LN-CS-001006,LN-AP-001789,2026-04-10T12:13:21.000Z,Appraisal Scheduling,Mobile App,Open,9.8,E-0094,2,false
LN-CS-001007,LN-AP-001791,2026-05-23T07:35:11.000Z,Status Inquiry,Mobile App,Closed,9.9,E-0111,2,true
LN-CS-001008,LN-AP-001792,2026-02-09T12:50:47.000Z,Document Upload Issue,Email,Open,10.3,E-0123,3,false
LN-CS-001009,LN-AP-001794,2026-06-05T12:24:36.000Z,Status Inquiry,Mobile App,Open,6.4,E-0115,5,false
LN-CS-001010,LN-AP-001795,2025-03-15T10:20:59.000Z,Document Upload Issue,Phone,Open,21.5,E-0084,,false
LN-CS-001011,LN-AP-001798,2025-07-21T18:34:19.000Z,Document Upload Issue,Phone,Open,5.8,E-0106,,false
LN-CS-001012,LN-AP-001800,2025-04-21T18:13:11.000Z,Document Upload Issue,Email,Closed,12.1,E-0139,2,false
LN-CS-001013,LN-AP-001801,2025-09-13T12:00:50.000Z,Status Inquiry,Phone,Closed,6.3,E-0079,5,true
LN-CS-001014,LN-AP-001802,2025-12-17T12:51:32.000Z,Payoff Request,Chat,Closed,14.2,E-0093,5,true
LN-CS-001015,LN-AP-001807,2025-02-21T14:32:19.000Z,Status Inquiry,Chat,Closed,6.8,E-0131,,true
LN-CS-001016,LN-AP-001810,2024-10-08T13:38:23.000Z,Rate Lock Question,Email,Closed,4.1,E-0066,,false
LN-CS-001017,LN-AP-001811,2026-04-15T13:50:49.000Z,Payoff Request,Phone,Closed,9.6,E-0084,,false
LN-CS-001018,LN-AP-001811,2026-04-20T19:57:16.000Z,Rate Lock Question,Mobile App,Open,6.0,E-0097,,false
LN-CS-001019,LN-AP-001813,2025-10-30T19:59:43.000Z,Appraisal Scheduling,Mobile App,Open,5.1,E-0109,4,true
LN-CS-001020,LN-AP-001814,2025-10-22T19:54:04.000Z,Status Inquiry,Mobile App,Closed,8.4,E-0122,,false
LN-CS-001021,LN-AP-001816,2024-11-21T17:30:12.000Z,Rate Lock Question,Phone,Closed,11.4,E-0062,3,false
LN-CS-001022,LN-AP-001819,2025-12-30T16:34:22.000Z,Rate Lock Question,Mobile App,Closed,10.5,E-0082,,true
LN-CS-001023,LN-AP-001822,2025-03-08T11:28:46.000Z,Status Inquiry,Mobile App,Open,2.9,E-0087,,false
LN-CS-001024,LN-AP-001824,2026-05-14T15:23:24.000Z,Rate Lock Question,Phone,Closed,7.4,E-0140,,true
LN-CS-001025,LN-AP-001828,2025-04-22T10:55:45.000Z,Document Upload Issue,Mobile App,Closed,9.1,E-0115,1,false
LN-CS-001026,LN-AP-001831,2026-07-08T16:31:28.000Z,Rate Lock Question,Phone,Closed,4.0,E-0100,,false
LN-CS-001027,LN-AP-001832,2024-11-19T14:31:51.000Z,Appraisal Scheduling,Chat,Closed,10.0,E-0104,3,true
LN-CS-001028,LN-AP-001832,2024-12-08T07:56:35.000Z,Status Inquiry,Email,Closed,14.4,E-0135,,false
LN-CS-001029,LN-AP-001833,2026-01-15T11:48:04.000Z,Appraisal Scheduling,Mobile App,Closed,11.4,E-0125,,false
LN-CS-001030,LN-AP-001834,2026-03-18T15:58:19.000Z,Status Inquiry,Chat,Closed,4.1,E-0120,,false
LN-CS-001031,LN-AP-001834,2026-03-29T15:37:18.000Z,Rate Lock Question,Mobile App,Open,13.9,E-0118,,true
LN-CS-001032,LN-AP-001836,2025-03-22T16:04:33.000Z,Appraisal Scheduling,Chat,Closed,9.8,E-0100,4,true
LN-CS-001033,LN-AP-001838,2026-01-04T19:34:06.000Z,Status Inquiry,Chat,Closed,8.6,E-0140,5,false
LN-CS-001034,LN-AP-001838,2025-12-24T11:00:47.000Z,Appraisal Scheduling,Phone,Closed,10.4,E-0115,,false
LN-CS-001035,LN-AP-001839,2026-07-26T18:20:16.000Z,Appraisal Scheduling,Phone,Open,7.7,E-0121,1,true
LN-CS-001036,LN-AP-001841,2025-07-31T07:05:06.000Z,Document Upload Issue,Email,Closed,2.4,E-0138,2,true
LN-CS-001037,LN-AP-001842,2025-09-11T16:33:24.000Z,Document Upload Issue,Chat,Open,12.0,E-0124,3,false
LN-CS-001038,LN-AP-001842,2025-09-11T14:35:16.000Z,Payoff Request,Phone,Closed,14.7,E-0091,4,true
LN-CS-001039,LN-AP-001845,2024-11-10T07:16:39.000Z,Document Upload Issue,Mobile App,Closed,7.5,E-0093,,true
LN-CS-001040,LN-AP-001846,2026-08-26T10:07:25.000Z,Rate Lock Question,Mobile App,Closed,9.8,E-0072,,false
LN-CS-001041,LN-AP-001848,2025-03-24T07:21:48.000Z,Appraisal Scheduling,Phone,Closed,11.3,E-0066,5,true
LN-CS-001042,LN-AP-001851,2025-08-26T15:34:28.000Z,Status Inquiry,Phone,Closed,8.5,E-0068,,false
LN-CS-001043,LN-AP-001858,2026-07-13T09:18:36.000Z,Document Upload Issue,Mobile App,Closed,4.1,E-0092,,true
LN-CS-001044,LN-AP-001859,2024-12-08T18:18:24.000Z,Status Inquiry,Chat,Closed,5.0,E-0103,5,true
LN-CS-001045,LN-AP-001861,2025-11-11T16:10:36.000Z,Status Inquiry,Email,Open,12.0,E-0138,,true
LN-CS-001046,LN-AP-001866,2026-01-29T10:29:09.000Z,Payoff Request,Email,Closed,8.0,E-0121,,false
LN-CS-001047,LN-AP-001866,2026-02-17T14:49:30.000Z,Rate Lock Question,Mobile App,Closed,9.6,E-0138,5,false
LN-CS-001048,LN-AP-001867,2024-10-11T07:10:56.000Z,Rate Lock Question,Chat,Closed,3.1,E-0131,2,true
LN-CS-001049,LN-AP-001869,2025-02-01T16:37:46.000Z,Document Upload Issue,Mobile App,Open,8.9,E-0130,,true
LN-CS-001050,LN-AP-001870,2026-01-11T19:11:06.000Z,Rate Lock Question,Chat,Closed,6.7,E-0072,,true
LN-CS-001051,LN-AP-001872,2025-10-02T18:28:41.000Z,Appraisal Scheduling,Phone,Closed,17.4,E-0112,3,false
LN-CS-001052,LN-AP-001875,2025-05-29T07:22:06.000Z,Rate Lock Question,Chat,Closed,10.0,E-0120,2,true
LN-CS-001053,LN-AP-001879,2026-03-22T11:16:02.000Z,Status Inquiry,Chat,Closed,21.3,E-0120,,true
LN-CS-001054,LN-AP-001880,2025-06-17T09:11:43.000Z,Appraisal Scheduling,Email,Open,6.4,E-0104,4,true
LN-CS-001055,LN-AP-001881,2025-11-03T10:55:43.000Z,Rate Lock Question,Email,Open,17.4,E-0066,1,false
LN-CS-001056,LN-AP-001882,2026-07-19T07:25:21.000Z,Document Upload Issue,Phone,Open,4.9,E-0124,4,false
LN-CS-001057,LN-AP-001883,2025-06-06T18:04:20.000Z,Document Upload Issue,Email,Closed,4.1,E-0123,,false
LN-CS-001058,LN-AP-001884,2025-06-08T16:37:19.000Z,Status Inquiry,Chat,Closed,7.9,E-0131,,true
LN-CS-001059,LN-AP-001886,2025-08-27T08:20:34.000Z,Payoff Request,Email,Closed,2.5,E-0075,,false
LN-CS-001060,LN-AP-001888,2025-01-28T15:59:40.000Z,Document Upload Issue,Phone,Open,9.5,E-0087,1,false
LN-CS-001061,LN-AP-001889,2025-06-14T12:01:32.000Z,Appraisal Scheduling,Email,Open,7.9,E-0118,2,false
LN-CS-001062,LN-AP-001890,2026-07-26T13:30:57.000Z,Status Inquiry,Phone,Closed,6.0,E-0120,,false
LN-CS-001063,LN-AP-001890,2026-07-31T12:34:17.000Z,Rate Lock Question,Mobile App,Closed,14.2,E-0118,,false
LN-CS-001064,LN-AP-001891,2025-04-19T10:39:30.000Z,Appraisal Scheduling,Email,Closed,8.5,E-0072,1,false
LN-CS-001065,LN-AP-001892,2026-03-19T08:33:09.000Z,Appraisal Scheduling,Email,Closed,3.3,E-0065,4,true
LN-CS-001066,LN-AP-001895,2025-08-03T13:56:57.000Z,Document Upload Issue,Mobile App,Closed,15.0,E-0105,1,false
LN-CS-001067,LN-AP-001897,2026-01-15T15:41:17.000Z,Status Inquiry,Phone,Closed,2.6,E-0061,4,true
LN-CS-001068,LN-AP-001901,2025-11-21T14:31:13.000Z,Payoff Request,Mobile App,Open,12.8,E-0093,3,false
LN-CS-001069,LN-AP-001903,2025-12-04T08:20:21.000Z,Rate Lock Question,Email,Closed,11.9,E-0071,,false
LN-CS-001070,LN-AP-001903,2025-12-08T15:38:09.000Z,Appraisal Scheduling,Email,Closed,11.7,E-0122,3,false
LN-CS-001071,LN-AP-001904,2026-03-27T17:26:17.000Z,Payoff Request,Mobile App,Open,5.5,E-0061,,false
LN-CS-001072,LN-AP-001904,2026-04-03T18:10:18.000Z,Appraisal Scheduling,Email,Closed,4.6,E-0089,,true
LN-CS-001073,LN-AP-001905,2025-03-22T11:57:20.000Z,Rate Lock Question,Mobile App,Closed,5.1,E-0069,,false
LN-CS-001074,LN-AP-001907,2025-09-23T14:08:52.000Z,Status Inquiry,Mobile App,Open,5.8,E-0127,2,false
LN-CS-001075,LN-AP-001909,2026-03-02T16:44:52.000Z,Status Inquiry,Phone,Closed,14.5,E-0137,,false
LN-CS-001076,LN-AP-001911,2026-07-29T09:29:22.000Z,Document Upload Issue,Phone,Closed,4.7,E-0106,,true
LN-CS-001077,LN-AP-001912,2026-07-26T10:58:21.000Z,Status Inquiry,Mobile App,Open,5.6,E-0097,,false
LN-CS-001078,LN-AP-001916,2026-04-12T14:25:39.000Z,Appraisal Scheduling,Mobile App,Closed,7.2,E-0140,5,true
LN-CS-001079,LN-AP-001916,2026-03-24T10:03:51.000Z,Document Upload Issue,Phone,Open,8.8,E-0066,,false
LN-CS-001080,LN-AP-001917,2025-05-01T17:19:21.000Z,Rate Lock Question,Mobile App,Closed,15.9,E-0099,1,true
LN-CS-001081,LN-AP-001917,2025-04-24T15:48:35.000Z,Document Upload Issue,Phone,Open,10.4,E-0106,,false
LN-CS-001082,LN-AP-001921,2025-10-09T11:51:28.000Z,Payoff Request,Email,Open,9.6,E-0084,,false
LN-CS-001083,LN-AP-001925,2025-11-13T19:22:55.000Z,Status Inquiry,Chat,Closed,11.2,E-0079,,true
LN-CS-001084,LN-AP-001926,2025-11-11T11:24:18.000Z,Status Inquiry,Email,Closed,14.3,E-0094,,false
LN-CS-001085,LN-AP-001927,2025-11-07T07:07:24.000Z,Rate Lock Question,Mobile App,Closed,7.9,E-0133,5,false
LN-CS-001086,LN-AP-001935,2025-08-19T15:49:53.000Z,Appraisal Scheduling,Mobile App,Open,8.7,E-0086,3,false
LN-CS-001087,LN-AP-001936,2025-04-04T19:27:19.000Z,Rate Lock Question,Mobile App,Closed,8.6,E-0119,4,true
LN-CS-001088,LN-AP-001937,2025-12-10T08:27:35.000Z,Document Upload Issue,Phone,Closed,5.6,E-0117,,false
LN-CS-001089,LN-AP-001937,2025-12-01T07:20:23.000Z,Payoff Request,Phone,Closed,14.4,E-0127,1,false
LN-CS-001090,LN-AP-001938,2025-02-13T17:16:58.000Z,Appraisal Scheduling,Mobile App,Open,5.3,E-0096,,true
LN-CS-001091,LN-AP-001940,2025-07-10T16:33:08.000Z,Status Inquiry,Email,Closed,5.7,E-0105,4,false
LN-CS-001092,LN-AP-001940,2025-07-10T08:10:34.000Z,Appraisal Scheduling,Mobile App,Open,15.9,E-0110,2,false
LN-CS-001093,LN-AP-001943,2024-11-30T14:38:42.000Z,Payoff Request,Mobile App,Open,19.2,E-0085,,false
LN-CS-001094,LN-AP-001944,2025-09-10T19:51:26.000Z,Appraisal Scheduling,Email,Open,12.7,E-0063,5,false
LN-CS-001095,LN-AP-001945,2026-05-18T16:53:44.000Z,Document Upload Issue,Chat,Open,4.5,E-0110,5,false
LN-CS-001096,LN-AP-001946,2025-09-12T10:55:07.000Z,Payoff Request,Mobile App,Closed,13.6,E-0110,3,true
LN-CS-001097,LN-AP-001947,2025-03-07T10:57:56.000Z,Document Upload Issue,Chat,Closed,7.7,E-0139,,false
LN-CS-001098,LN-AP-001948,2026-05-22T13:43:32.000Z,Document Upload Issue,Phone,Closed,7.6,E-0140,,false
LN-CS-001099,LN-AP-001951,2025-08-10T15:45:41.000Z,Status Inquiry,Chat,Open,5.0,E-0105,2,false
LN-CS-001100,LN-AP-001951,2025-08-10T10:33:25.000Z,Appraisal Scheduling,Chat,Open,7.2,E-0131,,false
LN-CS-001101,LN-AP-001952,2026-08-21T09:20:43.000Z,Status Inquiry,Email,Open,6.3,E-0096,5,false
LN-CS-001102,LN-AP-001952,2026-08-29T13:19:17.000Z,Status Inquiry,Phone,Closed,10.6,E-0114,,false
LN-CS-001103,LN-AP-001954,2026-08-25T15:42:53.000Z,Rate Lock Question,Phone,Open,14.8,E-0079,,true
LN-CS-001104,LN-AP-001956,2026-02-14T15:31:28.000Z,Payoff Request,Mobile App,Closed,5.7,E-0093,,false
LN-CS-001105,LN-AP-001957,2026-08-31T11:33:38.000Z,Appraisal Scheduling,Mobile App,Closed,14.1,E-0136,4,false
LN-CS-001106,LN-AP-001959,2025-04-27T11:11:13.000Z,Payoff Request,Email,Closed,7.2,E-0105,,true
LN-CS-001107,LN-AP-001962,2026-05-02T10:31:47.000Z,Payoff Request,Email,Open,8.4,E-0139,,false
LN-CS-001108,LN-AP-001965,2025-12-06T15:16:15.000Z,Status Inquiry,Mobile App,Open,9.9,E-0073,,true
LN-CS-001109,LN-AP-001965,2025-12-10T10:50:11.000Z,Document Upload Issue,Email,Closed,6.9,E-0114,,true
LN-CS-001110,LN-AP-001966,2025-07-21T11:21:01.000Z,Payoff Request,Email,Closed,7.7,E-0140,,false
LN-CS-001111,LN-AP-001967,2026-01-02T10:18:53.000Z,Document Upload Issue,Mobile App,Open,8.9,E-0098,1,false
LN-CS-001112,LN-AP-001967,2026-01-02T13:59:07.000Z,Status Inquiry,Chat,Open,11.4,E-0095,2,true
LN-CS-001113,LN-AP-001971,2025-03-19T09:17:43.000Z,Document Upload Issue,Chat,Open,4.7,E-0062,1,true
LN-CS-001114,LN-AP-001974,2024-12-12T18:04:11.000Z,Document Upload Issue,Email,Closed,14.6,E-0100,3,true
LN-CS-001115,LN-AP-001976,2026-02-21T12:45:31.000Z,Status Inquiry,Chat,Open,7.5,E-0131,1,true
LN-CS-001116,LN-AP-001977,2025-01-29T08:09:12.000Z,Payoff Request,Phone,Closed,9.7,E-0062,,false
LN-CS-001117,LN-AP-001980,2025-05-30T12:53:40.000Z,Document Upload Issue,Chat,Open,7.9,E-0096,4,true
LN-CS-001118,LN-AP-001980,2025-05-16T12:27:35.000Z,Appraisal Scheduling,Phone,Closed,6.2,E-0135,4,false
LN-CS-001119,LN-AP-001983,2025-01-12T10:17:19.000Z,Appraisal Scheduling,Phone,Closed,4.7,E-0088,,false
LN-CS-001120,LN-AP-001984,2025-07-20T07:32:34.000Z,Payoff Request,Phone,Closed,8.3,E-0105,1,true
LN-CS-001121,LN-AP-001985,2026-01-24T15:52:06.000Z,Appraisal Scheduling,Chat,Closed,5.0,E-0090,1,false
LN-CS-001122,LN-AP-001986,2026-02-26T13:47:38.000Z,Document Upload Issue,Mobile App,Closed,8.5,E-0137,,false
LN-CS-001123,LN-AP-001987,2024-11-11T09:01:55.000Z,Rate Lock Question,Phone,Closed,8.6,E-0088,,false
LN-CS-001124,LN-AP-001988,2026-08-17T18:35:08.000Z,Payoff Request,Phone,Closed,6.7,E-0102,,false
LN-CS-001125,LN-AP-001991,2024-11-07T08:24:10.000Z,Status Inquiry,Chat,Open,16.6,E-0102,,true
LN-CS-001126,LN-AP-001991,2024-10-05T10:18:31.000Z,Document Upload Issue,Phone,Closed,9.2,E-0106,4,false
LN-CS-001127,LN-AP-001993,2026-04-20T08:08:43.000Z,Rate Lock Question,Email,Closed,13.6,E-0092,1,false
LN-CS-001128,LN-AP-001998,2025-11-28T17:04:59.000Z,Rate Lock Question,Email,Open,5.2,E-0109,2,true
LN-CS-001129,LN-AP-002000,2025-03-08T08:02:10.000Z,Rate Lock Question,Email,Closed,13.2,E-0086,,true
LN-CS-001130,LN-AP-002000,2025-03-02T08:40:49.000Z,Status Inquiry,Phone,Open,12.4,E-0093,4,false
LN-CS-001131,LN-AP-002003,2025-08-17T07:20:33.000Z,Payoff Request,Email,Closed,16.5,E-0103,,false
LN-CS-001132,LN-AP-002003,2025-08-05T13:17:06.000Z,Document Upload Issue,Phone,Closed,5.4,E-0109,4,false
LN-CS-001133,LN-AP-002005,2025-09-22T09:12:40.000Z,Payoff Request,Mobile App,Open,11.2,E-0140,,false
LN-CS-001134,LN-AP-002006,2025-10-09T17:40:56.000Z,Status Inquiry,Mobile App,Closed,11.4,E-0112,4,true
LN-CS-001135,LN-AP-002008,2025-09-06T19:37:06.000Z,Rate Lock Question,Chat,Closed,6.0,E-0082,,true
LN-CS-001136,LN-AP-002010,2026-03-14T10:05:07.000Z,Rate Lock Question,Email,Closed,4.4,E-0138,2,false
LN-CS-001137,LN-AP-002010,2026-03-12T07:51:50.000Z,Payoff Request,Email,Open,8.7,E-0126,5,false
LN-CS-001138,LN-AP-002013,2025-08-08T12:58:59.000Z,Rate Lock Question,Chat,Open,15.2,E-0097,,false
LN-CS-001139,LN-AP-002013,2025-08-11T14:39:33.000Z,Document Upload Issue,Mobile App,Closed,17.4,E-0097,1,false
LN-CS-001140,LN-AP-002014,2025-10-28T10:17:22.000Z,Payoff Request,Mobile App,Closed,10.7,E-0110,1,false
LN-CS-001141,LN-AP-002015,2025-01-01T12:09:01.000Z,Payoff Request,Email,Open,4.2,E-0107,4,true
LN-CS-001142,LN-AP-002016,2026-05-08T17:49:17.000Z,Document Upload Issue,Chat,Closed,8.0,E-0130,3,true
LN-CS-001143,LN-AP-002022,2026-05-05T15:03:19.000Z,Appraisal Scheduling,Mobile App,Closed,6.9,E-0106,,false
LN-CS-001144,LN-AP-002023,2026-05-10T10:54:44.000Z,Appraisal Scheduling,Phone,Closed,15.2,E-0126,,false
LN-CS-001145,LN-AP-002026,2025-11-20T18:54:54.000Z,Rate Lock Question,Mobile App,Closed,18.2,E-0092,,false
LN-CS-001146,LN-AP-002026,2025-12-05T07:56:53.000Z,Rate Lock Question,Email,Closed,5.7,E-0110,,true
LN-CS-001147,LN-AP-002030,2026-01-08T13:16:53.000Z,Document Upload Issue,Email,Closed,19.8,E-0085,5,false
LN-CS-001148,LN-AP-002033,2026-01-26T12:22:44.000Z,Appraisal Scheduling,Phone,Open,11.9,E-0090,,false
LN-CS-001149,LN-AP-002039,2025-08-14T13:57:19.000Z,Payoff Request,Email,Open,14.1,E-0124,,false
LN-CS-001150,LN-AP-002039,2025-08-16T13:00:28.000Z,Document Upload Issue,Chat,Closed,5.9,E-0106,2,false
LN-CS-001151,LN-AP-002040,2025-09-12T18:22:08.000Z,Document Upload Issue,Mobile App,Closed,6.0,E-0130,5,false
LN-CS-001152,LN-AP-002044,2025-06-19T07:00:58.000Z,Payoff Request,Email,Open,10.2,E-0077,3,true
LN-CS-001153,LN-AP-002047,2025-06-18T16:10:26.000Z,Rate Lock Question,Chat,Open,12.8,E-0075,,false
LN-CS-001154,LN-AP-002047,2025-06-28T17:30:47.000Z,Document Upload Issue,Mobile App,Closed,4.6,E-0115,3,true
LN-CS-001155,LN-AP-002048,2024-12-07T11:28:34.000Z,Rate Lock Question,Mobile App,Open,6.0,E-0105,3,true
LN-CS-001156,LN-AP-002049,2025-09-14T14:20:46.000Z,Document Upload Issue,Email,Open,9.5,E-0098,,true
LN-CS-001157,LN-AP-002056,2026-03-15T09:40:22.000Z,Rate Lock Question,Mobile App,Open,5.0,E-0080,,false
LN-CS-001158,LN-AP-002060,2025-08-11T19:54:18.000Z,Payoff Request,Mobile App,Open,14.9,E-0107,,false
LN-CS-001159,LN-AP-002061,2026-02-08T12:07:32.000Z,Payoff Request,Mobile App,Closed,11.6,E-0105,5,false
LN-CS-001160,LN-AP-002066,2025-05-12T15:51:02.000Z,Rate Lock Question,Mobile App,Closed,15.5,E-0070,1,true
LN-CS-001161,LN-AP-002066,2025-05-04T07:10:27.000Z,Status Inquiry,Chat,Open,7.6,E-0086,5,false
LN-CS-001162,LN-AP-002067,2025-03-14T15:42:36.000Z,Payoff Request,Mobile App,Closed,8.8,E-0072,,false
LN-CS-001163,LN-AP-002068,2025-06-12T15:20:14.000Z,Status Inquiry,Phone,Closed,17.2,E-0135,,false
LN-CS-001164,LN-AP-002069,2025-08-20T19:17:13.000Z,Status Inquiry,Mobile App,Closed,8.0,E-0128,,false
LN-CS-001165,LN-AP-002070,2026-08-12T13:30:55.000Z,Payoff Request,Chat,Closed,4.6,E-0114,,false
LN-CS-001166,LN-AP-002072,2024-11-13T09:16:57.000Z,Rate Lock Question,Phone,Open,8.0,E-0071,,false
LN-CS-001167,LN-AP-002072,2024-11-12T07:33:00.000Z,Document Upload Issue,Chat,Closed,5.3,E-0119,,true
LN-CS-001168,LN-AP-002073,2025-10-16T08:53:38.000Z,Appraisal Scheduling,Email,Closed,7.2,E-0087,,false
LN-CS-001169,LN-AP-002075,2025-11-29T07:53:35.000Z,Document Upload Issue,Phone,Closed,6.2,E-0078,1,false
LN-CS-001170,LN-AP-002080,2026-06-25T07:17:14.000Z,Rate Lock Question,Mobile App,Closed,5.5,E-0101,,false
LN-CS-001171,LN-AP-002086,2025-01-11T16:31:02.000Z,Appraisal Scheduling,Mobile App,Closed,7.4,E-0085,,true
LN-CS-001172,LN-AP-002086,2025-01-11T10:28:43.000Z,Status Inquiry,Email,Closed,10.2,E-0120,,false
LN-CS-001173,LN-AP-002089,2026-07-21T10:33:18.000Z,Status Inquiry,Phone,Open,7.0,E-0096,,false
LN-CS-001174,LN-AP-002092,2025-02-05T18:29:59.000Z,Rate Lock Question,Mobile App,Closed,7.2,E-0106,,false
LN-CS-001175,LN-AP-002093,2026-01-26T10:14:49.000Z,Document Upload Issue,Phone,Open,7.5,E-0108,1,true
LN-CS-001176,LN-AP-002094,2025-06-01T10:51:27.000Z,Rate Lock Question,Mobile App,Closed,7.3,E-0113,4,false
LN-CS-001177,LN-AP-002098,2025-01-12T16:25:13.000Z,Rate Lock Question,Chat,Closed,10.4,E-0112,1,true
LN-CS-001178,LN-AP-002100,2026-02-23T09:52:16.000Z,Document Upload Issue,Email,Closed,4.8,E-0114,5,false
LN-CS-001179,LN-AP-002100,2026-02-11T17:12:23.000Z,Appraisal Scheduling,Mobile App,Open,6.5,E-0077,3,false
LN-CS-001180,LN-AP-002102,2025-02-22T09:12:11.000Z,Appraisal Scheduling,Email,Open,13.7,E-0093,,false
LN-CS-001181,LN-AP-002103,2024-12-19T10:53:22.000Z,Status Inquiry,Email,Open,13.4,E-0116,,false
LN-CS-001182,LN-AP-002107,2025-06-21T12:02:05.000Z,Document Upload Issue,Chat,Closed,7.5,E-0101,,false
LN-CS-001183,LN-AP-002109,2024-12-05T10:40:32.000Z,Document Upload Issue,Mobile App,Closed,12.8,E-0081,2,false
LN-CS-001184,LN-AP-002110,2025-10-08T07:12:28.000Z,Status Inquiry,Chat,Open,11.3,E-0139,,false
LN-CS-001185,LN-AP-002115,2026-03-21T09:31:20.000Z,Status Inquiry,Email,Closed,11.6,E-0100,,true
LN-CS-001186,LN-AP-002116,2026-08-22T16:24:09.000Z,Appraisal Scheduling,Phone,Closed,4.1,E-0135,4,false
LN-CS-001187,LN-AP-002117,2026-04-23T09:50:09.000Z,Appraisal Scheduling,Email,Open,4.8,E-0073,,true
LN-CS-001188,LN-AP-002120,2024-10-24T15:52:23.000Z,Document Upload Issue,Email,Closed,5.9,E-0093,,false
LN-CS-001189,LN-AP-002122,2025-06-10T07:20:50.000Z,Status Inquiry,Email,Open,7.4,E-0066,1,true
LN-CS-001190,LN-AP-002123,2025-07-12T09:43:23.000Z,Document Upload Issue,Chat,Closed,5.1,E-0090,,true
LN-CS-001191,LN-AP-002125,2024-10-12T13:27:59.000Z,Document Upload Issue,Mobile App,Closed,2.5,E-0085,3,false
LN-CS-001192,LN-AP-002126,2025-03-19T12:02:40.000Z,Document Upload Issue,Chat,Closed,14.9,E-0113,3,true
LN-CS-001193,LN-AP-002126,2025-04-07T19:05:48.000Z,Rate Lock Question,Mobile App,Closed,9.9,E-0124,,true
LN-CS-001194,LN-AP-002127,2026-06-12T09:56:46.000Z,Status Inquiry,Chat,Closed,6.0,E-0099,,true
LN-CS-001195,LN-AP-002129,2026-05-19T11:10:59.000Z,Payoff Request,Email,Closed,3.5,E-0116,1,false
LN-CS-001196,LN-AP-002129,2026-05-19T17:10:37.000Z,Status Inquiry,Mobile App,Open,5.6,E-0089,,false
LN-CS-001197,LN-AP-002130,2026-07-08T17:22:30.000Z,Document Upload Issue,Chat,Closed,14.4,E-0135,,true
LN-CS-001198,LN-AP-002131,2025-08-19T16:29:00.000Z,Payoff Request,Email,Closed,8.1,E-0131,,true
LN-CS-001199,LN-AP-002132,2024-11-17T13:38:34.000Z,Rate Lock Question,Email,Open,5.7,E-0114,1,true
LN-CS-001200,LN-AP-002133,2026-05-12T12:22:00.000Z,Payoff Request,Chat,Closed,4.6,E-0075,2,true
LN-CS-001201,LN-AP-002137,2024-11-30T19:45:58.000Z,Status Inquiry,Chat,Closed,14.1,E-0080,2,false
LN-CS-001202,LN-AP-002139,2025-02-16T07:30:40.000Z,Status Inquiry,Mobile App,Closed,15.7,E-0128,3,true
LN-CS-001203,LN-AP-002142,2025-05-30T17:29:47.000Z,Appraisal Scheduling,Email,Open,17.3,E-0077,4,false
LN-CS-001204,LN-AP-002143,2026-03-06T14:04:27.000Z,Appraisal Scheduling,Phone,Closed,3.7,E-0062,,false
LN-CS-001205,LN-AP-002145,2026-03-07T12:09:04.000Z,Status Inquiry,Chat,Closed,10.0,E-0079,5,true
LN-CS-001206,LN-AP-002145,2026-03-21T12:06:07.000Z,Appraisal Scheduling,Chat,Open,8.7,E-0127,,false
LN-CS-001207,LN-AP-002149,2025-05-28T07:08:37.000Z,Appraisal Scheduling,Chat,Closed,11.9,E-0076,,false
LN-CS-001208,LN-AP-002150,2025-06-14T10:51:28.000Z,Status Inquiry,Mobile App,Open,15.2,E-0072,4,true
LN-CS-001209,LN-AP-002154,2025-05-01T13:01:04.000Z,Rate Lock Question,Mobile App,Closed,15.6,E-0096,,true
LN-CS-001210,LN-AP-002155,2026-05-18T10:50:04.000Z,Rate Lock Question,Mobile App,Open,16.4,E-0098,,false
LN-CS-001211,LN-AP-002156,2025-01-03T18:37:54.000Z,Appraisal Scheduling,Chat,Closed,8.8,E-0062,,false
LN-CS-001212,LN-AP-002158,2026-03-18T13:35:41.000Z,Appraisal Scheduling,Chat,Closed,8.4,E-0117,2,false
LN-CS-001213,LN-AP-002159,2026-07-26T11:05:32.000Z,Status Inquiry,Mobile App,Closed,7.0,E-0089,,false
LN-CS-001214,LN-AP-002160,2025-10-01T10:26:05.000Z,Rate Lock Question,Email,Closed,12.9,E-0065,,false
LN-CS-001215,LN-AP-002160,2025-10-13T19:13:01.000Z,Payoff Request,Chat,Open,7.3,E-0133,4,false
LN-CS-001216,LN-AP-002161,2025-08-19T08:23:03.000Z,Payoff Request,Mobile App,Closed,3.0,E-0117,5,false
LN-CS-001217,LN-AP-002162,2024-11-26T08:14:22.000Z,Status Inquiry,Mobile App,Closed,14.6,E-0117,4,true
LN-CS-001218,LN-AP-002164,2025-06-28T17:20:39.000Z,Rate Lock Question,Email,Open,2.9,E-0103,5,false
LN-CS-001219,LN-AP-002165,2025-07-09T08:54:21.000Z,Rate Lock Question,Email,Open,6.6,E-0116,,true
LN-CS-001220,LN-AP-002166,2026-06-19T15:59:24.000Z,Payoff Request,Chat,Open,11.7,E-0103,,false
LN-CS-001221,LN-AP-002166,2026-07-06T14:04:55.000Z,Appraisal Scheduling,Phone,Open,11.7,E-0140,,false
LN-CS-001222,LN-AP-002172,2026-02-26T07:30:51.000Z,Payoff Request,Phone,Open,4.6,E-0112,,false
LN-CS-001223,LN-AP-002177,2024-11-08T09:32:39.000Z,Rate Lock Question,Phone,Closed,7.6,E-0077,,false
LN-CS-001224,LN-AP-002178,2025-03-19T07:02:23.000Z,Status Inquiry,Mobile App,Closed,7.0,E-0096,,false
LN-CS-001225,LN-AP-002179,2026-07-17T10:46:57.000Z,Status Inquiry,Email,Open,2.7,E-0094,2,false
LN-CS-001226,LN-AP-002181,2025-10-18T07:19:09.000Z,Status Inquiry,Phone,Closed,11.8,E-0101,,false
LN-CS-001227,LN-AP-002182,2025-10-02T08:26:33.000Z,Rate Lock Question,Chat,Closed,6.5,E-0077,,false
LN-CS-001228,LN-AP-002183,2025-12-05T17:08:39.000Z,Document Upload Issue,Email,Closed,5.1,E-0121,,true
LN-CS-001229,LN-AP-002184,2025-11-02T19:17:03.000Z,Status Inquiry,Email,Closed,8.0,E-0091,,false
LN-CS-001230,LN-AP-002184,2025-11-18T14:34:42.000Z,Document Upload Issue,Phone,Open,12.9,E-0084,2,false
LN-CS-001231,LN-AP-002185,2025-05-19T11:47:47.000Z,Payoff Request,Mobile App,Open,5.1,E-0120,,false
LN-CS-001232,LN-AP-002187,2025-05-27T12:18:55.000Z,Rate Lock Question,Phone,Open,6.3,E-0066,4,false
LN-CS-001233,LN-AP-002190,2025-03-01T19:01:09.000Z,Payoff Request,Phone,Closed,16.0,E-0061,,true
LN-CS-001234,LN-AP-002191,2025-04-27T08:31:15.000Z,Appraisal Scheduling,Phone,Open,13.9,E-0099,2,false
LN-CS-001235,LN-AP-002193,2026-04-12T14:33:37.000Z,Rate Lock Question,Email,Open,3.4,E-0090,,true
LN-CS-001236,LN-AP-002194,2025-11-18T08:01:52.000Z,Document Upload Issue,Mobile App,Closed,6.3,E-0126,,false
LN-CS-001237,LN-AP-002195,2026-08-26T10:19:53.000Z,Payoff Request,Phone,Closed,8.0,E-0115,,false
LN-CS-001238,LN-AP-002197,2025-10-05T13:45:37.000Z,Status Inquiry,Chat,Closed,7.7,E-0081,3,true
LN-CS-001239,LN-AP-002197,2025-10-13T17:15:41.000Z,Status Inquiry,Phone,Closed,5.1,E-0081,,true
LN-CS-001240,LN-AP-002199,2025-06-30T19:34:20.000Z,Payoff Request,Mobile App,Closed,9.4,E-0110,2,false
LN-CS-001241,LN-AP-002205,2026-01-18T12:29:45.000Z,Document Upload Issue,Email,Open,12.3,E-0138,5,false
LN-CS-001242,LN-AP-002205,2026-01-16T16:39:04.000Z,Rate Lock Question,Phone,Open,9.7,E-0133,3,true
LN-CS-001243,LN-AP-002206,2024-11-03T10:03:41.000Z,Rate Lock Question,Mobile App,Open,4.8,E-0135,5,false
LN-CS-001244,LN-AP-002208,2026-08-05T19:07:39.000Z,Rate Lock Question,Phone,Open,7.8,E-0072,,false
LN-CS-001245,LN-AP-002208,2026-08-27T18:54:53.000Z,Rate Lock Question,Phone,Closed,5.3,E-0078,4,true
LN-CS-001246,LN-AP-002211,2025-03-15T13:48:44.000Z,Document Upload Issue,Chat,Closed,5.0,E-0096,1,true
LN-CS-001247,LN-AP-002214,2026-08-13T13:42:50.000Z,Payoff Request,Chat,Open,9.5,E-0134,,false
LN-CS-001248,LN-AP-002214,2026-07-08T10:56:59.000Z,Rate Lock Question,Mobile App,Open,2.7,E-0083,,false
LN-CS-001249,LN-AP-002216,2026-06-25T08:25:49.000Z,Status Inquiry,Chat,Open,6.5,E-0120,2,true
LN-CS-001250,LN-AP-002217,2025-12-20T14:59:37.000Z,Status Inquiry,Mobile App,Closed,6.5,E-0091,1,true
LN-CS-001251,LN-AP-002219,2025-07-18T11:49:19.000Z,Appraisal Scheduling,Phone,Open,13.7,E-0110,,false
LN-CS-001252,LN-AP-002220,2025-07-17T16:25:40.000Z,Document Upload Issue,Chat,Closed,4.4,E-0089,4,true
LN-CS-001253,LN-AP-002221,2025-11-16T16:57:05.000Z,Appraisal Scheduling,Mobile App,Open,15.4,E-0075,3,false
LN-CS-001254,LN-AP-002221,2025-11-08T19:22:48.000Z,Document Upload Issue,Email,Closed,9.4,E-0111,,false
LN-CS-001255,LN-AP-002224,2026-06-15T14:15:44.000Z,Rate Lock Question,Phone,Open,5.8,E-0127,5,false
LN-CS-001256,LN-AP-002224,2026-07-06T10:23:17.000Z,Document Upload Issue,Mobile App,Closed,8.6,E-0138,3,true
LN-CS-001257,LN-AP-002226,2025-02-27T13:52:31.000Z,Document Upload Issue,Mobile App,Closed,6.1,E-0108,4,false
LN-CS-001258,LN-AP-002227,2025-08-21T14:59:06.000Z,Document Upload Issue,Email,Closed,5.4,E-0097,4,false
LN-CS-001259,LN-AP-002231,2025-04-06T14:40:35.000Z,Rate Lock Question,Mobile App,Closed,31.5,E-0094,,false
LN-CS-001260,LN-AP-002233,2026-08-30T07:06:12.000Z,Document Upload Issue,Chat,Closed,5.8,E-0069,3,true
LN-CS-001261,LN-AP-002234,2025-07-20T13:41:10.000Z,Rate Lock Question,Chat,Closed,5.7,E-0112,1,true
LN-CS-001262,LN-AP-002235,2025-07-07T09:39:05.000Z,Document Upload Issue,Phone,Closed,6.1,E-0117,5,true
LN-CS-001263,LN-AP-002236,2026-02-15T18:22:24.000Z,Rate Lock Question,Mobile App,Open,13.3,E-0126,2,true
LN-CS-001264,LN-AP-002237,2026-07-29T15:19:10.000Z,Payoff Request,Phone,Open,3.1,E-0097,5,false
LN-CS-001265,LN-AP-002238,2026-06-04T14:09:26.000Z,Payoff Request,Chat,Open,4.8,E-0077,,true
LN-CS-001266,LN-AP-002241,2026-08-26T08:17:43.000Z,Rate Lock Question,Email,Closed,8.2,E-0118,,true
LN-CS-001267,LN-AP-002241,2026-08-18T10:22:25.000Z,Document Upload Issue,Mobile App,Open,7.1,E-0097,,false
LN-CS-001268,LN-AP-002244,2026-08-28T08:33:49.000Z,Status Inquiry,Mobile App,Closed,8.4,E-0073,4,false
LN-CS-001269,LN-AP-002249,2026-07-03T07:04:25.000Z,Status Inquiry,Chat,Closed,7.1,E-0070,,false
LN-CS-001270,LN-AP-002252,2025-11-01T13:49:04.000Z,Payoff Request,Chat,Closed,6.2,E-0104,5,true
LN-CS-001271,LN-AP-002252,2025-10-04T10:48:43.000Z,Rate Lock Question,Mobile App,Open,8.3,E-0113,,false
LN-CS-001272,LN-AP-002257,2025-08-29T12:31:26.000Z,Document Upload Issue,Mobile App,Open,7.6,E-0123,,false
LN-CS-001273,LN-AP-002258,2026-05-30T16:48:11.000Z,Payoff Request,Phone,Open,6.2,E-0129,5,false
LN-CS-001274,LN-AP-002262,2025-12-16T17:05:32.000Z,Document Upload Issue,Phone,Closed,9.7,E-0080,2,false
LN-CS-001275,LN-AP-002263,2026-07-17T18:37:41.000Z,Document Upload Issue,Chat,Closed,9.8,E-0116,4,false
LN-CS-001276,LN-AP-002263,2026-07-21T14:50:39.000Z,Payoff Request,Email,Closed,7.7,E-0086,,false
LN-CS-001277,LN-AP-002264,2025-07-22T10:27:51.000Z,Payoff Request,Email,Closed,6.8,E-0064,5,false
LN-CS-001278,LN-AP-002267,2025-07-05T14:02:41.000Z,Payoff Request,Chat,Closed,6.9,E-0124,,false
LN-CS-001279,LN-AP-002268,2026-04-15T15:22:36.000Z,Payoff Request,Mobile App,Closed,6.0,E-0073,4,false
LN-CS-001280,LN-AP-002269,2025-10-16T12:51:11.000Z,Appraisal Scheduling,Email,Closed,4.8,E-0110,,true
LN-CS-001281,LN-AP-002272,2025-09-17T17:57:00.000Z,Status Inquiry,Chat,Closed,4.4,E-0078,4,false
LN-CS-001282,LN-AP-002279,2025-01-20T08:29:05.000Z,Payoff Request,Mobile App,Closed,7.9,E-0104,1,false
LN-CS-001283,LN-AP-002280,2026-07-24T18:36:43.000Z,Status Inquiry,Phone,Closed,12.1,E-0083,,false
LN-CS-001284,LN-AP-002281,2026-03-22T11:38:34.000Z,Rate Lock Question,Phone,Closed,14.3,E-0091,2,false
LN-CS-001285,LN-AP-002282,2025-09-08T12:44:12.000Z,Appraisal Scheduling,Email,Open,6.0,E-0101,1,false
LN-CS-001286,LN-AP-002284,2025-05-10T16:50:17.000Z,Payoff Request,Chat,Closed,10.0,E-0120,,false
LN-CS-001287,LN-AP-002285,2025-01-18T17:06:41.000Z,Rate Lock Question,Chat,Closed,5.1,E-0071,,true
LN-CS-001288,LN-AP-002285,2025-01-08T15:55:19.000Z,Status Inquiry,Email,Open,5.3,E-0137,,false
LN-CS-001289,LN-AP-002289,2026-02-11T14:25:19.000Z,Status Inquiry,Phone,Closed,10.3,E-0091,,false
LN-CS-001290,LN-AP-002290,2025-09-19T16:26:43.000Z,Payoff Request,Chat,Open,9.8,E-0135,4,true
LN-CS-001291,LN-AP-002292,2025-12-01T11:16:42.000Z,Appraisal Scheduling,Email,Closed,11.3,E-0138,,false
LN-CS-001292,LN-AP-002292,2025-12-01T12:03:19.000Z,Appraisal Scheduling,Mobile App,Closed,3.6,E-0079,,false
LN-CS-001293,LN-AP-002294,2026-08-20T18:02:49.000Z,Appraisal Scheduling,Mobile App,Open,8.4,E-0105,3,false
LN-CS-001294,LN-AP-002295,2026-06-05T15:12:58.000Z,Payoff Request,Email,Closed,14.8,E-0126,,false
LN-CS-001295,LN-AP-002296,2025-03-31T19:07:16.000Z,Payoff Request,Mobile App,Closed,12.7,E-0098,1,false
LN-CS-001296,LN-AP-002297,2025-12-03T14:38:00.000Z,Payoff Request,Chat,Closed,8.6,E-0121,,false
LN-CS-001297,LN-AP-002298,2026-01-13T10:04:02.000Z,Appraisal Scheduling,Mobile App,Open,14.3,E-0109,,true
LN-CS-001298,LN-AP-002301,2026-08-23T17:36:24.000Z,Status Inquiry,Chat,Closed,11.0,E-0095,2,true
LN-CS-001299,LN-AP-002302,2026-08-24T19:18:48.000Z,Status Inquiry,Phone,Closed,14.5,E-0136,,false
LN-CS-001300,LN-AP-002304,2025-12-30T09:31:05.000Z,Document Upload Issue,Phone,Closed,6.2,E-0069,,true
LN-CS-001301,LN-AP-002308,2026-05-28T09:16:36.000Z,Document Upload Issue,Phone,Closed,7.6,E-0099,3,false
LN-CS-001302,LN-AP-002310,2026-07-19T15:49:58.000Z,Document Upload Issue,Chat,Open,3.2,E-0074,2,false
LN-CS-001303,LN-AP-002318,2026-06-21T13:24:47.000Z,Rate Lock Question,Chat,Open,13.8,E-0138,5,false
LN-CS-001304,LN-AP-002318,2026-06-06T19:45:12.000Z,Document Upload Issue,Phone,Closed,7.1,E-0103,2,true
LN-CS-001305,LN-AP-002321,2025-11-25T14:31:38.000Z,Appraisal Scheduling,Phone,Closed,21.8,E-0094,,false
LN-CS-001306,LN-AP-002321,2025-11-09T15:06:16.000Z,Status Inquiry,Mobile App,Closed,11.7,E-0075,,false
LN-CS-001307,LN-AP-002323,2025-11-19T12:55:31.000Z,Status Inquiry,Email,Closed,6.1,E-0130,,false
LN-CS-001308,LN-AP-002325,2026-08-02T14:46:00.000Z,Rate Lock Question,Mobile App,Open,12.9,E-0111,,false
LN-CS-001309,LN-AP-002328,2026-07-09T11:00:28.000Z,Rate Lock Question,Phone,Closed,4.4,E-0062,5,false
LN-CS-001310,LN-AP-002329,2026-05-11T17:14:27.000Z,Document Upload Issue,Mobile App,Open,5.3,E-0100,,false
LN-CS-001311,LN-AP-002333,2025-03-12T09:12:14.000Z,Status Inquiry,Mobile App,Closed,8.0,E-0074,,false
LN-CS-001312,LN-AP-002337,2025-10-06T08:41:30.000Z,Appraisal Scheduling,Mobile App,Open,12.9,E-0061,5,true
LN-CS-001313,LN-AP-002337,2025-10-13T10:18:34.000Z,Rate Lock Question,Chat,Open,10.8,E-0070,,true
LN-CS-001314,LN-AP-002339,2026-04-14T16:31:36.000Z,Appraisal Scheduling,Email,Open,19.2,E-0087,,false
LN-CS-001315,LN-AP-002340,2025-06-03T12:48:23.000Z,Appraisal Scheduling,Phone,Closed,8.7,E-0116,5,true
LN-CS-001316,LN-AP-002341,2025-03-10T10:43:36.000Z,Appraisal Scheduling,Email,Closed,4.6,E-0062,,false
LN-CS-001317,LN-AP-002345,2025-12-15T08:10:15.000Z,Payoff Request,Chat,Closed,7.3,E-0128,,false
LN-CS-001318,LN-AP-002347,2026-01-29T17:07:26.000Z,Document Upload Issue,Chat,Closed,7.2,E-0127,,false
LN-CS-001319,LN-AP-002349,2026-08-11T19:52:21.000Z,Status Inquiry,Mobile App,Open,12.4,E-0080,,false
LN-CS-001320,LN-AP-002350,2026-06-21T18:03:53.000Z,Status Inquiry,Mobile App,Closed,7.4,E-0115,,false
LN-CS-001321,LN-AP-002351,2025-11-09T19:03:29.000Z,Document Upload Issue,Phone,Open,4.4,E-0071,,true
LN-CS-001322,LN-AP-002351,2025-10-26T17:28:09.000Z,Status Inquiry,Phone,Closed,9.8,E-0135,2,false
LN-CS-001323,LN-AP-002352,2026-01-06T09:39:33.000Z,Document Upload Issue,Chat,Open,7.2,E-0074,3,false
LN-CS-001324,LN-AP-002353,2026-08-22T11:34:49.000Z,Document Upload Issue,Email,Closed,5.7,E-0065,,false
LN-CS-001325,LN-AP-002354,2024-10-25T14:44:56.000Z,Appraisal Scheduling,Mobile App,Closed,7.3,E-0087,,true
LN-CS-001326,LN-AP-002357,2026-08-29T19:53:45.000Z,Appraisal Scheduling,Mobile App,Closed,8.9,E-0085,2,false
LN-CS-001327,LN-AP-002358,2026-07-10T08:55:35.000Z,Rate Lock Question,Mobile App,Open,4.3,E-0103,,true
LN-CS-001328,LN-AP-002359,2025-12-11T14:27:57.000Z,Appraisal Scheduling,Mobile App,Open,10.1,E-0117,1,true
LN-CS-001329,LN-AP-002360,2025-02-10T07:53:49.000Z,Payoff Request,Email,Closed,6.9,E-0124,4,false
LN-CS-001330,LN-AP-002360,2025-01-21T16:01:54.000Z,Payoff Request,Chat,Open,10.2,E-0112,,false
LN-CS-001331,LN-AP-002362,2026-07-09T15:38:19.000Z,Payoff Request,Chat,Closed,11.0,E-0093,2,true
LN-CS-001332,LN-AP-002363,2025-12-15T16:32:42.000Z,Rate Lock Question,Email,Closed,6.0,E-0105,,false
LN-CS-001333,LN-AP-002366,2026-08-10T12:24:03.000Z,Payoff Request,Chat,Closed,6.3,E-0117,1,false
LN-CS-001334,LN-AP-002367,2025-02-06T17:40:19.000Z,Document Upload Issue,Phone,Open,18.4,E-0113,,true
LN-CS-001335,LN-AP-002370,2026-03-05T18:23:22.000Z,Payoff Request,Phone,Open,28.0,E-0127,,true
LN-CS-001336,LN-AP-002373,2025-03-31T19:13:07.000Z,Status Inquiry,Email,Closed,3.7,E-0072,5,false
LN-CS-001337,LN-AP-002374,2026-06-27T12:20:54.000Z,Status Inquiry,Phone,Closed,6.1,E-0085,1,true
LN-CS-001338,LN-AP-002376,2026-02-25T12:36:45.000Z,Status Inquiry,Mobile App,Closed,14.3,E-0079,,false
LN-CS-001339,LN-AP-002376,2026-02-22T16:52:34.000Z,Appraisal Scheduling,Chat,Closed,6.3,E-0130,4,false
LN-CS-001340,LN-AP-002377,2025-11-01T17:20:42.000Z,Rate Lock Question,Email,Closed,7.1,E-0072,2,false
LN-CS-001341,LN-AP-002378,2026-01-29T18:06:56.000Z,Status Inquiry,Mobile App,Open,8.1,E-0094,,false
LN-CS-001342,LN-AP-002378,2026-01-30T13:07:05.000Z,Document Upload Issue,Email,Closed,3.8,E-0062,4,true
LN-CS-001343,LN-AP-002379,2025-07-21T16:29:50.000Z,Payoff Request,Phone,Closed,4.9,E-0128,,false
LN-CS-001344,LN-AP-002381,2025-03-30T12:41:14.000Z,Document Upload Issue,Phone,Closed,3.9,E-0064,1,false
LN-CS-001345,LN-AP-002381,2025-03-29T10:59:59.000Z,Appraisal Scheduling,Mobile App,Open,16.3,E-0106,1,false
LN-CS-001346,LN-AP-002382,2026-01-07T17:34:44.000Z,Appraisal Scheduling,Email,Closed,9.0,E-0134,,false
LN-CS-001347,LN-AP-002385,2024-12-01T17:50:19.000Z,Payoff Request,Phone,Open,8.8,E-0120,3,false
LN-CS-001348,LN-AP-002387,2026-06-26T12:33:13.000Z,Payoff Request,Email,Closed,6.8,E-0073,,false
LN-CS-001349,LN-AP-002394,2024-12-23T07:16:55.000Z,Document Upload Issue,Phone,Closed,17.7,E-0078,2,false
LN-CS-001350,LN-AP-002397,2025-09-08T19:23:24.000Z,Document Upload Issue,Chat,Closed,12.2,E-0070,,true
LN-CS-001351,LN-AP-002403,2026-08-04T16:08:16.000Z,Document Upload Issue,Chat,Closed,7.5,E-0131,4,false
LN-CS-001352,LN-AP-002404,2026-03-03T15:21:31.000Z,Rate Lock Question,Phone,Closed,3.4,E-0112,5,true
LN-CS-001353,LN-AP-002404,2026-03-04T13:30:33.000Z,Payoff Request,Email,Closed,11.5,E-0087,,false
LN-CS-001354,LN-AP-002405,2025-01-01T11:38:25.000Z,Rate Lock Question,Mobile App,Closed,2.0,E-0089,1,false
LN-CS-001355,LN-AP-002406,2024-12-10T19:04:20.000Z,Document Upload Issue,Phone,Open,14.3,E-0088,4,false
LN-CS-001356,LN-AP-002407,2025-11-18T09:22:56.000Z,Document Upload Issue,Email,Closed,8.5,E-0131,,true
LN-CS-001357,LN-AP-002408,2024-12-31T11:02:31.000Z,Document Upload Issue,Phone,Closed,4.1,E-0131,1,true
LN-CS-001358,LN-AP-002408,2025-01-30T15:35:35.000Z,Appraisal Scheduling,Phone,Closed,5.2,E-0118,4,true
LN-CS-001359,LN-AP-002409,2026-01-08T18:32:33.000Z,Appraisal Scheduling,Phone,Closed,8.5,E-0106,,true
LN-CS-001360,LN-AP-002410,2024-12-28T18:28:43.000Z,Status Inquiry,Phone,Closed,8.4,E-0136,3,false
LN-CS-001361,LN-AP-002415,2026-05-16T15:55:18.000Z,Status Inquiry,Chat,Closed,4.1,E-0073,,true
LN-CS-001362,LN-AP-002417,2025-09-22T10:55:35.000Z,Rate Lock Question,Chat,Closed,6.7,E-0088,,false
LN-CS-001363,LN-AP-002418,2025-01-18T11:37:31.000Z,Document Upload Issue,Email,Closed,3.6,E-0099,,true
LN-CS-001364,LN-AP-002419,2025-04-03T10:51:06.000Z,Rate Lock Question,Email,Closed,3.1,E-0070,,true
LN-CS-001365,LN-AP-002422,2025-10-31T15:44:13.000Z,Payoff Request,Phone,Open,10.7,E-0101,2,false
LN-CS-001366,LN-AP-002426,2026-02-18T19:25:38.000Z,Rate Lock Question,Phone,Closed,8.5,E-0122,,false
LN-CS-001367,LN-AP-002428,2026-01-03T10:04:19.000Z,Status Inquiry,Mobile App,Closed,7.7,E-0116,4,false
LN-CS-001368,LN-AP-002428,2026-01-01T08:49:14.000Z,Appraisal Scheduling,Mobile App,Open,5.2,E-0097,,true
LN-CS-001369,LN-AP-002432,2025-01-13T14:18:46.000Z,Payoff Request,Chat,Closed,11.2,E-0114,,false
LN-CS-001370,LN-AP-002434,2026-07-19T08:19:22.000Z,Rate Lock Question,Phone,Closed,2.4,E-0100,,false
LN-CS-001371,LN-AP-002435,2025-03-26T12:05:23.000Z,Status Inquiry,Mobile App,Closed,11.0,E-0124,4,false
LN-CS-001372,LN-AP-002436,2025-09-19T07:45:43.000Z,Rate Lock Question,Chat,Closed,11.3,E-0133,,false
LN-CS-001373,LN-AP-002437,2025-11-16T13:43:39.000Z,Rate Lock Question,Mobile App,Closed,7.6,E-0111,,true
LN-CS-001374,LN-AP-002438,2026-08-06T15:36:24.000Z,Appraisal Scheduling,Phone,Open,10.9,E-0129,4,false
LN-CS-001375,LN-AP-002439,2026-01-15T18:04:09.000Z,Appraisal Scheduling,Phone,Open,4.6,E-0103,,true
LN-CS-001376,LN-AP-002439,2026-01-24T07:18:16.000Z,Payoff Request,Phone,Closed,4.7,E-0081,2,true
LN-CS-001377,LN-AP-002443,2025-02-07T19:18:17.000Z,Document Upload Issue,Chat,Closed,4.5,E-0136,1,true
LN-CS-001378,LN-AP-002445,2025-12-23T12:20:03.000Z,Rate Lock Question,Mobile App,Closed,14.0,E-0079,,false
LN-CS-001379,LN-AP-002445,2025-12-24T17:52:43.000Z,Appraisal Scheduling,Phone,Open,6.6,E-0130,,false
LN-CS-001380,LN-AP-002449,2026-08-26T15:42:41.000Z,Document Upload Issue,Email,Closed,8.1,E-0074,,true
LN-CS-001381,LN-AP-002449,2026-08-15T07:45:08.000Z,Status Inquiry,Email,Open,5.4,E-0114,,true
LN-CS-001382,LN-AP-002453,2025-02-03T09:18:13.000Z,Appraisal Scheduling,Phone,Closed,12.1,E-0093,,true
LN-CS-001383,LN-AP-002456,2025-08-20T11:59:59.000Z,Appraisal Scheduling,Mobile App,Open,10.7,E-0121,3,true
LN-CS-001384,LN-AP-002459,2026-01-07T07:56:15.000Z,Rate Lock Question,Mobile App,Open,5.6,E-0098,2,true
LN-CS-001385,LN-AP-002459,2026-01-06T08:56:27.000Z,Rate Lock Question,Email,Open,3.3,E-0140,2,true
LN-CS-001386,LN-AP-002460,2026-08-25T12:44:57.000Z,Document Upload Issue,Email,Closed,5.1,E-0093,4,true
LN-CS-001387,LN-AP-002461,2026-05-18T19:13:18.000Z,Document Upload Issue,Phone,Closed,14.1,E-0085,,false
LN-CS-001388,LN-AP-002462,2024-12-28T14:13:57.000Z,Appraisal Scheduling,Chat,Closed,5.3,E-0135,,true
LN-CS-001389,LN-AP-002467,2025-01-13T10:10:15.000Z,Status Inquiry,Chat,Closed,9.8,E-0126,1,true
LN-CS-001390,LN-AP-002467,2025-01-10T09:53:41.000Z,Document Upload Issue,Chat,Closed,17.6,E-0107,,true
LN-CS-001391,LN-AP-002470,2026-03-11T12:01:35.000Z,Document Upload Issue,Mobile App,Open,4.5,E-0101,,true
LN-CS-001392,LN-AP-002471,2026-08-18T19:44:58.000Z,Rate Lock Question,Phone,Closed,20.5,E-0137,1,true
LN-CS-001393,LN-AP-002472,2025-08-20T09:11:31.000Z,Rate Lock Question,Email,Open,8.3,E-0069,,false
LN-CS-001394,LN-AP-002478,2024-11-21T18:41:23.000Z,Appraisal Scheduling,Chat,Open,8.8,E-0084,,false
LN-CS-001395,LN-AP-002478,2024-11-11T15:04:53.000Z,Document Upload Issue,Mobile App,Closed,28.0,E-0075,3,true
LN-CS-001396,LN-AP-002482,2025-01-03T07:46:34.000Z,Payoff Request,Mobile App,Closed,7.4,E-0088,1,false
LN-CS-001397,LN-AP-002483,2025-06-20T16:51:13.000Z,Document Upload Issue,Email,Closed,4.5,E-0103,4,false
LN-CS-001398,LN-AP-002485,2025-05-20T11:16:28.000Z,Status Inquiry,Chat,Open,9.6,E-0132,,false
LN-CS-001399,LN-AP-002487,2025-05-16T11:14:52.000Z,Document Upload Issue,Chat,Closed,7.8,E-0137,1,true
LN-CS-001400,LN-AP-002488,2026-06-23T17:00:50.000Z,Appraisal Scheduling,Chat,Closed,14.4,E-0092,1,true
LN-CS-001401,LN-AP-002488,2026-06-17T19:24:38.000Z,Status Inquiry,Phone,Closed,17.9,E-0074,5,false
LN-CS-001402,LN-AP-002491,2024-11-19T16:46:09.000Z,Rate Lock Question,Email,Closed,18.0,E-0072,3,true
LN-CS-001403,LN-AP-002496,2026-06-15T13:27:05.000Z,Appraisal Scheduling,Phone,Open,7.9,E-0129,,true
LN-CS-001404,LN-AP-002496,2026-06-07T07:08:14.000Z,Rate Lock Question,Email,Open,6.1,E-0091,4,false
LN-CS-001405,LN-AP-002497,2026-04-23T17:36:27.000Z,Document Upload Issue,Email,Open,3.7,E-0067,1,true
LN-CS-001406,LN-AP-002497,2026-04-23T12:49:27.000Z,Rate Lock Question,Email,Open,11.2,E-0115,5,true
LN-CS-001407,LN-AP-002498,2025-01-02T17:50:54.000Z,Document Upload Issue,Chat,Open,15.9,E-0096,4,false
LN-CS-001408,LN-AP-002499,2024-10-28T19:50:09.000Z,Document Upload Issue,Email,Open,10.9,E-0072,1,false
LN-CS-001409,LN-AP-002502,2025-10-24T08:26:26.000Z,Appraisal Scheduling,Mobile App,Closed,11.0,E-0085,,false
LN-CS-001410,LN-AP-002503,2025-07-03T15:43:28.000Z,Rate Lock Question,Chat,Closed,10.6,E-0125,4,false
LN-CS-001411,LN-AP-002505,2025-11-02T08:26:08.000Z,Payoff Request,Mobile App,Closed,10.8,E-0111,,false
LN-CS-001412,LN-AP-002506,2026-05-29T10:21:20.000Z,Payoff Request,Mobile App,Open,10.4,E-0078,,true
LN-CS-001413,LN-AP-002507,2025-08-30T09:53:45.000Z,Appraisal Scheduling,Phone,Closed,8.8,E-0076,,false
LN-CS-001414,LN-AP-002508,2025-04-14T09:16:43.000Z,Payoff Request,Phone,Closed,18.7,E-0115,,false
LN-CS-001415,LN-AP-002513,2025-10-13T14:59:20.000Z,Payoff Request,Phone,Closed,10.2,E-0098,1,true
LN-CS-001416,LN-AP-002514,2025-08-05T11:56:17.000Z,Rate Lock Question,Email,Open,6.9,E-0102,5,false
LN-CS-001417,LN-AP-002516,2025-08-01T18:57:28.000Z,Status Inquiry,Chat,Open,9.3,E-0061,,true
LN-CS-001418,LN-AP-002517,2025-05-12T10:41:09.000Z,Document Upload Issue,Mobile App,Closed,12.2,E-0078,2,false
LN-CS-001419,LN-AP-002517,2025-05-08T14:04:10.000Z,Appraisal Scheduling,Chat,Open,8.8,E-0102,3,false
LN-CS-001420,LN-AP-002519,2025-05-22T15:05:35.000Z,Document Upload Issue,Phone,Open,27.6,E-0129,,false
LN-CS-001421,LN-AP-002520,2025-10-05T13:01:18.000Z,Document Upload Issue,Email,Open,8.3,E-0093,5,true
LN-CS-001422,LN-AP-002526,2025-04-09T07:08:46.000Z,Appraisal Scheduling,Phone,Closed,16.7,E-0088,5,false
LN-CS-001423,LN-AP-002526,2025-04-21T15:33:07.000Z,Rate Lock Question,Phone,Closed,8.9,E-0098,4,true
LN-CS-001424,LN-AP-002528,2025-11-28T19:35:25.000Z,Appraisal Scheduling,Chat,Open,9.8,E-0077,2,true
LN-CS-001425,LN-AP-002529,2025-01-15T14:25:33.000Z,Status Inquiry,Email,Closed,6.3,E-0066,3,false
LN-CS-001426,LN-AP-002531,2024-12-11T18:03:33.000Z,Appraisal Scheduling,Chat,Closed,5.4,E-0097,2,false
LN-CS-001427,LN-AP-002533,2025-05-24T09:40:51.000Z,Payoff Request,Phone,Open,22.3,E-0091,,true
LN-CS-001428,LN-AP-002535,2024-12-05T15:37:18.000Z,Payoff Request,Email,Closed,5.9,E-0113,,false
LN-CS-001429,LN-AP-002535,2024-12-10T09:31:11.000Z,Status Inquiry,Mobile App,Closed,9.5,E-0064,,true
LN-CS-001430,LN-AP-002540,2025-09-25T17:17:48.000Z,Appraisal Scheduling,Email,Closed,2.0,E-0104,,false
LN-CS-001431,LN-AP-002541,2026-06-18T09:43:07.000Z,Document Upload Issue,Phone,Closed,5.7,E-0072,,false
LN-CS-001432,LN-AP-002549,2024-11-07T15:56:53.000Z,Appraisal Scheduling,Phone,Closed,9.1,E-0098,4,true
LN-CS-001433,LN-AP-002552,2025-12-18T07:21:46.000Z,Rate Lock Question,Mobile App,Closed,10.6,E-0110,2,true
LN-CS-001434,LN-AP-002554,2025-07-11T18:30:11.000Z,Appraisal Scheduling,Mobile App,Closed,10.8,E-0100,3,true
LN-CS-001435,LN-AP-002555,2026-06-15T15:04:45.000Z,Rate Lock Question,Chat,Closed,10.2,E-0079,5,false
LN-CS-001436,LN-AP-002557,2025-03-30T17:12:43.000Z,Appraisal Scheduling,Mobile App,Closed,7.0,E-0135,,false
LN-CS-001437,LN-AP-002564,2024-11-21T16:26:55.000Z,Rate Lock Question,Email,Closed,4.7,E-0122,3,false
LN-CS-001438,LN-AP-002572,2026-03-26T10:26:18.000Z,Document Upload Issue,Email,Closed,8.2,E-0066,2,true
LN-CS-001439,LN-AP-002575,2026-01-16T10:09:42.000Z,Appraisal Scheduling,Email,Closed,10.4,E-0072,,true
LN-CS-001440,LN-AP-002578,2025-08-09T13:44:33.000Z,Appraisal Scheduling,Chat,Open,6.6,E-0103,3,true
LN-CS-001441,LN-AP-002578,2025-08-22T18:41:57.000Z,Status Inquiry,Mobile App,Closed,19.5,E-0104,2,true
LN-CS-001442,LN-AP-002581,2025-10-14T16:36:35.000Z,Appraisal Scheduling,Email,Closed,7.5,E-0065,,true
LN-CS-001443,LN-AP-002584,2025-05-04T08:16:06.000Z,Appraisal Scheduling,Mobile App,Closed,4.1,E-0067,5,false
LN-CS-001444,LN-AP-002584,2025-04-27T18:20:06.000Z,Document Upload Issue,Phone,Closed,4.3,E-0077,,false
LN-CS-001445,LN-AP-002586,2025-12-08T17:11:38.000Z,Payoff Request,Mobile App,Open,9.8,E-0138,5,false
LN-CS-001446,LN-AP-002593,2025-03-06T14:00:22.000Z,Appraisal Scheduling,Chat,Closed,25.2,E-0115,,false
LN-CS-001447,LN-AP-002597,2025-07-25T12:57:16.000Z,Document Upload Issue,Mobile App,Open,7.7,E-0107,,true
LN-CS-001448,LN-AP-002598,2025-07-18T09:00:18.000Z,Status Inquiry,Phone,Closed,5.3,E-0113,5,true
LN-CS-001449,LN-AP-002600,2025-02-17T10:28:38.000Z,Document Upload Issue,Mobile App,Open,8.9,E-0066,,true
LN-CS-001450,LN-AP-002600,2025-02-26T09:25:07.000Z,Status Inquiry,Mobile App,Closed,16.8,E-0133,,true
LN-CS-001451,LN-AP-002601,2024-11-27T18:01:20.000Z,Payoff Request,Email,Closed,10.6,E-0132,4,false
LN-CS-001452,LN-AP-002606,2024-12-17T17:17:45.000Z,Rate Lock Question,Chat,Open,7.5,E-0099,3,false
LN-CS-001453,LN-AP-002608,2025-03-30T18:31:55.000Z,Document Upload Issue,Phone,Closed,8.3,E-0078,,false
LN-CS-001454,LN-AP-002609,2026-06-11T19:02:16.000Z,Payoff Request,Phone,Closed,5.7,E-0089,,false
LN-CS-001455,LN-AP-002611,2026-04-07T15:20:53.000Z,Appraisal Scheduling,Mobile App,Closed,5.3,E-0136,,true
LN-CS-001456,LN-AP-002612,2025-11-07T10:47:15.000Z,Appraisal Scheduling,Chat,Closed,13.6,E-0116,,false
LN-CS-001457,LN-AP-002614,2025-07-09T18:18:36.000Z,Status Inquiry,Chat,Closed,18.8,E-0082,,false
LN-CS-001458,LN-AP-002614,2025-07-16T10:12:26.000Z,Appraisal Scheduling,Mobile App,Closed,3.5,E-0100,3,false
LN-CS-001459,LN-AP-002617,2026-04-06T15:22:07.000Z,Appraisal Scheduling,Phone,Closed,23.6,E-0108,,true
LN-CS-001460,LN-AP-002624,2025-08-03T11:57:10.000Z,Status Inquiry,Phone,Closed,8.9,E-0067,3,false
LN-CS-001461,LN-AP-002625,2025-10-19T10:55:54.000Z,Rate Lock Question,Email,Open,5.4,E-0089,4,true
LN-CS-001462,LN-AP-002626,2025-06-29T09:23:03.000Z,Payoff Request,Email,Closed,12.9,E-0127,3,true
LN-CS-001463,LN-AP-002627,2025-04-21T07:40:26.000Z,Appraisal Scheduling,Chat,Closed,8.1,E-0061,1,false
LN-CS-001464,LN-AP-002628,2026-07-21T08:09:36.000Z,Rate Lock Question,Mobile App,Closed,10.5,E-0085,,false
LN-CS-001465,LN-AP-002629,2025-06-11T18:22:26.000Z,Status Inquiry,Mobile App,Closed,12.6,E-0064,,false
LN-CS-001466,LN-AP-002632,2025-07-01T16:26:22.000Z,Appraisal Scheduling,Mobile App,Closed,4.7,E-0127,,false
LN-CS-001467,LN-AP-002636,2025-01-23T18:32:37.000Z,Document Upload Issue,Email,Open,13.1,E-0137,1,false
LN-CS-001468,LN-AP-002636,2025-01-22T09:49:46.000Z,Rate Lock Question,Chat,Closed,4.8,E-0080,1,true
LN-CS-001469,LN-AP-002637,2025-08-21T09:15:16.000Z,Status Inquiry,Chat,Open,6.9,E-0133,5,false
LN-CS-001470,LN-AP-002638,2026-01-26T11:06:22.000Z,Rate Lock Question,Phone,Closed,10.7,E-0061,4,false
LN-CS-001471,LN-AP-002639,2025-10-08T07:29:50.000Z,Rate Lock Question,Mobile App,Closed,9.1,E-0108,4,false
LN-CS-001472,LN-AP-002641,2026-01-11T16:57:12.000Z,Document Upload Issue,Email,Closed,13.1,E-0119,,true
LN-CS-001473,LN-AP-002643,2025-04-23T13:09:03.000Z,Rate Lock Question,Mobile App,Closed,12.3,E-0116,,false
LN-CS-001474,LN-AP-002644,2025-03-03T15:08:43.000Z,Payoff Request,Email,Closed,11.7,E-0100,5,true
LN-CS-001475,LN-AP-002645,2024-10-01T11:33:50.000Z,Rate Lock Question,Email,Closed,9.3,E-0134,,false
LN-CS-001476,LN-AP-002645,2024-10-01T10:15:54.000Z,Document Upload Issue,Email,Closed,9.0,E-0068,,false
LN-CS-001477,LN-AP-002647,2025-10-27T08:18:23.000Z,Rate Lock Question,Chat,Closed,14.6,E-0093,,false
LN-CS-001478,LN-AP-002652,2025-03-10T16:19:02.000Z,Document Upload Issue,Phone,Closed,11.7,E-0061,1,false
LN-CS-001479,LN-AP-002657,2026-07-25T11:22:30.000Z,Rate Lock Question,Email,Closed,3.8,E-0079,,false
LN-CS-001480,LN-AP-002660,2025-03-06T12:14:23.000Z,Document Upload Issue,Email,Closed,5.6,E-0124,4,true
LN-CS-001481,LN-AP-002660,2025-03-08T19:16:35.000Z,Status Inquiry,Phone,Open,15.2,E-0094,,false
LN-CS-001482,LN-AP-002665,2025-03-25T09:04:47.000Z,Payoff Request,Mobile App,Closed,6.2,E-0108,4,false
LN-CS-001483,LN-AP-002667,2025-08-07T09:14:58.000Z,Payoff Request,Mobile App,Closed,6.7,E-0082,4,false
LN-CS-001484,LN-AP-002669,2024-10-27T19:24:28.000Z,Rate Lock Question,Chat,Closed,6.5,E-0110,1,true
LN-CS-001485,LN-AP-002669,2024-10-27T09:55:19.000Z,Rate Lock Question,Chat,Closed,3.4,E-0112,,false
LN-CS-001486,LN-AP-002670,2026-05-14T12:26:18.000Z,Payoff Request,Phone,Closed,9.7,E-0065,5,false
LN-CS-001487,LN-AP-002676,2025-04-19T19:46:32.000Z,Status Inquiry,Email,Open,14.9,E-0099,,false
LN-CS-001488,LN-AP-002678,2025-11-02T13:34:27.000Z,Status Inquiry,Mobile App,Open,13.7,E-0091,4,true
LN-CS-001489,LN-AP-002680,2026-02-11T14:49:38.000Z,Rate Lock Question,Email,Closed,3.9,E-0087,1,false
LN-CS-001490,LN-AP-002685,2025-11-10T13:01:05.000Z,Appraisal Scheduling,Email,Closed,15.1,E-0111,,false
LN-CS-001491,LN-AP-002687,2026-07-22T10:44:04.000Z,Document Upload Issue,Mobile App,Open,8.3,E-0069,2,true
LN-CS-001492,LN-AP-002691,2026-06-06T19:38:14.000Z,Document Upload Issue,Phone,Closed,7.4,E-0112,,false
LN-CS-001493,LN-AP-002693,2025-06-19T08:00:56.000Z,Status Inquiry,Chat,Closed,9.5,E-0065,,false
LN-CS-001494,LN-AP-002694,2025-10-27T15:40:42.000Z,Status Inquiry,Mobile App,Closed,13.1,E-0081,2,false
LN-CS-001495,LN-AP-002697,2025-09-18T18:12:24.000Z,Appraisal Scheduling,Mobile App,Open,5.9,E-0119,1,false
LN-CS-001496,LN-AP-002700,2026-02-12T11:35:37.000Z,Rate Lock Question,Chat,Closed,8.6,E-0074,2,false
LN-CS-001497,LN-AP-002703,2026-08-18T09:56:47.000Z,Appraisal Scheduling,Email,Closed,10.4,E-0091,,true
LN-CS-001498,LN-AP-002703,2026-08-25T17:16:32.000Z,Appraisal Scheduling,Phone,Closed,7.9,E-0101,,true
LN-CS-001499,LN-AP-002704,2026-06-08T19:48:39.000Z,Status Inquiry,Mobile App,Closed,9.3,E-0135,,false
LN-CS-001500,LN-AP-002706,2025-03-22T18:18:27.000Z,Document Upload Issue,Phone,Closed,9.2,E-0091,,true
LN-CS-001501,LN-AP-002707,2026-03-29T10:13:15.000Z,Document Upload Issue,Mobile App,Closed,3.9,E-0104,2,false
LN-CS-001502,LN-AP-002708,2025-03-17T10:01:05.000Z,Document Upload Issue,Email,Closed,13.4,E-0090,,true
LN-CS-001503,LN-AP-002713,2024-11-03T15:28:15.000Z,Rate Lock Question,Email,Open,10.7,E-0096,,false
LN-CS-001504,LN-AP-002713,2024-10-21T07:58:58.000Z,Document Upload Issue,Phone,Closed,5.5,E-0115,3,true
LN-CS-001505,LN-AP-002714,2026-08-06T14:31:22.000Z,Appraisal Scheduling,Mobile App,Closed,10.9,E-0096,1,true
LN-CS-001506,LN-AP-002714,2026-08-09T15:01:52.000Z,Payoff Request,Mobile App,Closed,9.0,E-0105,,false
LN-CS-001507,LN-AP-002715,2025-09-03T08:17:18.000Z,Status Inquiry,Mobile App,Closed,6.4,E-0118,,false
LN-CS-001508,LN-AP-002716,2026-05-31T19:32:14.000Z,Document Upload Issue,Phone,Open,11.4,E-0123,,true
LN-CS-001509,LN-AP-002717,2025-04-18T10:56:18.000Z,Payoff Request,Chat,Closed,3.4,E-0064,,true
LN-CS-001510,LN-AP-002719,2025-09-06T12:20:36.000Z,Appraisal Scheduling,Email,Open,6.5,E-0105,,true
LN-CS-001511,LN-AP-002720,2025-05-15T07:11:29.000Z,Status Inquiry,Chat,Open,18.5,E-0094,4,false
LN-CS-001512,LN-AP-002724,2025-10-04T11:48:31.000Z,Status Inquiry,Email,Open,6.0,E-0074,2,false
LN-CS-001513,LN-AP-002726,2026-05-13T13:19:16.000Z,Rate Lock Question,Phone,Closed,7.8,E-0119,,false
LN-CS-001514,LN-AP-002728,2026-05-26T10:38:14.000Z,Rate Lock Question,Mobile App,Open,7.8,E-0076,,false
LN-CS-001515,LN-AP-002730,2026-03-29T15:09:03.000Z,Appraisal Scheduling,Chat,Closed,12.4,E-0140,4,true
LN-CS-001516,LN-AP-002731,2025-07-11T18:29:03.000Z,Status Inquiry,Phone,Closed,12.1,E-0085,,false
LN-CS-001517,LN-AP-002734,2024-10-20T09:44:53.000Z,Appraisal Scheduling,Phone,Open,7.1,E-0109,,true
LN-CS-001518,LN-AP-002738,2026-01-24T13:42:23.000Z,Document Upload Issue,Email,Closed,5.8,E-0139,,false
LN-CS-001519,LN-AP-002739,2025-01-29T07:30:37.000Z,Status Inquiry,Email,Closed,16.2,E-0125,,false
LN-CS-001520,LN-AP-002739,2025-01-29T09:33:37.000Z,Payoff Request,Email,Open,6.4,E-0114,,false
LN-CS-001521,LN-AP-002741,2025-07-19T09:30:31.000Z,Document Upload Issue,Email,Open,10.1,E-0136,1,true
LN-CS-001522,LN-AP-002744,2024-11-05T11:41:22.000Z,Rate Lock Question,Chat,Open,8.4,E-0100,,false
LN-CS-001523,LN-AP-002747,2025-07-27T16:20:54.000Z,Appraisal Scheduling,Chat,Open,9.4,E-0121,1,false
LN-CS-001524,LN-AP-002749,2026-04-08T13:43:15.000Z,Status Inquiry,Phone,Open,6.8,E-0070,5,false
LN-CS-001525,LN-AP-002752,2025-10-29T09:00:26.000Z,Document Upload Issue,Mobile App,Open,11.7,E-0066,,false
LN-CS-001526,LN-AP-002752,2025-10-16T14:36:17.000Z,Appraisal Scheduling,Chat,Closed,13.3,E-0071,,true
LN-CS-001527,LN-AP-002754,2026-07-06T19:25:51.000Z,Document Upload Issue,Email,Open,7.3,E-0132,4,true
LN-CS-001528,LN-AP-002754,2026-07-19T09:21:39.000Z,Rate Lock Question,Mobile App,Closed,6.5,E-0069,2,false
LN-CS-001529,LN-AP-002761,2025-10-12T08:54:12.000Z,Document Upload Issue,Chat,Open,19.6,E-0063,1,true
LN-CS-001530,LN-AP-002763,2025-12-16T12:28:35.000Z,Status Inquiry,Mobile App,Open,11.1,E-0109,,false
LN-CS-001531,LN-AP-002764,2025-12-05T19:43:37.000Z,Rate Lock Question,Email,Closed,7.6,E-0125,2,false
LN-CS-001532,LN-AP-002765,2025-08-11T14:48:41.000Z,Document Upload Issue,Phone,Closed,4.9,E-0105,2,false
LN-CS-001533,LN-AP-002766,2025-12-13T10:16:02.000Z,Appraisal Scheduling,Mobile App,Open,9.8,E-0125,,false
LN-CS-001534,LN-AP-002768,2025-04-14T10:15:35.000Z,Appraisal Scheduling,Chat,Closed,11.5,E-0137,3,false
LN-CS-001535,LN-AP-002769,2024-12-16T09:21:24.000Z,Payoff Request,Chat,Closed,4.7,E-0099,1,true
LN-CS-001536,LN-AP-002769,2024-12-05T17:03:07.000Z,Rate Lock Question,Phone,Open,8.8,E-0096,5,true
LN-CS-001537,LN-AP-002771,2025-04-30T07:37:06.000Z,Payoff Request,Phone,Closed,4.0,E-0108,3,true
LN-CS-001538,LN-AP-002772,2026-07-21T17:33:52.000Z,Appraisal Scheduling,Phone,Closed,4.7,E-0067,1,false
LN-CS-001539,LN-AP-002774,2026-01-01T12:06:09.000Z,Appraisal Scheduling,Phone,Closed,13.7,E-0075,4,true
LN-CS-001540,LN-AP-002775,2024-12-12T09:26:05.000Z,Payoff Request,Phone,Open,12.4,E-0102,1,false
LN-CS-001541,LN-AP-002776,2026-07-20T11:22:55.000Z,Rate Lock Question,Phone,Open,9.9,E-0072,,false
LN-CS-001542,LN-AP-002777,2025-10-09T13:02:13.000Z,Payoff Request,Phone,Closed,4.5,E-0106,4,true
LN-CS-001543,LN-AP-002780,2026-08-27T15:54:43.000Z,Status Inquiry,Phone,Open,6.7,E-0101,,false
LN-CS-001544,LN-AP-002782,2025-11-04T09:51:13.000Z,Document Upload Issue,Chat,Closed,7.5,E-0077,,false
LN-CS-001545,LN-AP-002783,2025-07-03T10:21:55.000Z,Status Inquiry,Email,Closed,10.6,E-0073,2,true
LN-CS-001546,LN-AP-002787,2026-08-06T17:27:17.000Z,Status Inquiry,Phone,Closed,11.8,E-0090,,true
LN-CS-001547,LN-AP-002789,2025-11-30T10:45:48.000Z,Document Upload Issue,Phone,Open,10.7,E-0110,,true
LN-CS-001548,LN-AP-002791,2025-12-15T10:55:14.000Z,Status Inquiry,Phone,Closed,3.7,E-0070,,true
LN-CS-001549,LN-AP-002792,2025-11-18T14:13:33.000Z,Status Inquiry,Mobile App,Closed,5.8,E-0128,1,false
LN-CS-001550,LN-AP-002792,2025-11-20T10:01:04.000Z,Rate Lock Question,Email,Closed,9.6,E-0105,,true
LN-CS-001551,LN-AP-002801,2026-03-18T14:08:10.000Z,Status Inquiry,Chat,Closed,6.8,E-0102,,true
LN-CS-001552,LN-AP-002805,2024-12-21T14:31:35.000Z,Status Inquiry,Email,Closed,14.4,E-0084,3,false
LN-CS-001553,LN-AP-002805,2024-12-26T13:10:43.000Z,Status Inquiry,Phone,Closed,2.9,E-0071,,false
LN-CS-001554,LN-AP-002807,2025-05-26T09:49:14.000Z,Rate Lock Question,Email,Closed,15.1,E-0133,5,false
LN-CS-001555,LN-AP-002809,2025-05-01T12:07:27.000Z,Payoff Request,Email,Open,2.0,E-0090,,false
LN-CS-001556,LN-AP-002811,2026-04-15T19:56:30.000Z,Status Inquiry,Mobile App,Closed,10.2,E-0073,,true
LN-CS-001557,LN-AP-002812,2026-08-07T17:07:40.000Z,Payoff Request,Phone,Open,4.6,E-0120,4,true
LN-CS-001558,LN-AP-002812,2026-07-22T12:04:10.000Z,Rate Lock Question,Chat,Open,4.5,E-0061,1,false
LN-CS-001559,LN-AP-002816,2025-01-22T09:27:20.000Z,Rate Lock Question,Mobile App,Closed,7.9,E-0138,5,false
LN-CS-001560,LN-AP-002817,2025-11-21T08:32:22.000Z,Payoff Request,Phone,Open,5.2,E-0095,,false
LN-CS-001561,LN-AP-002817,2025-11-17T18:56:08.000Z,Document Upload Issue,Phone,Closed,19.3,E-0127,,false
LN-CS-001562,LN-AP-002819,2026-02-05T13:53:22.000Z,Rate Lock Question,Email,Closed,9.0,E-0083,1,false
LN-CS-001563,LN-AP-002821,2025-03-17T14:54:18.000Z,Status Inquiry,Phone,Closed,11.2,E-0064,,true
LN-CS-001564,LN-AP-002822,2025-03-05T12:18:23.000Z,Status Inquiry,Phone,Open,4.0,E-0118,1,false
LN-CS-001565,LN-AP-002822,2025-03-18T18:20:03.000Z,Rate Lock Question,Mobile App,Open,5.6,E-0107,,true
LN-CS-001566,LN-AP-002823,2024-12-23T15:36:13.000Z,Rate Lock Question,Chat,Closed,21.8,E-0109,,false
LN-CS-001567,LN-AP-002824,2024-12-06T15:26:20.000Z,Status Inquiry,Mobile App,Closed,7.7,E-0101,,true
LN-CS-001568,LN-AP-002825,2024-12-26T14:55:28.000Z,Payoff Request,Mobile App,Open,7.9,E-0136,,true
LN-CS-001569,LN-AP-002825,2024-12-27T11:14:34.000Z,Rate Lock Question,Chat,Closed,11.9,E-0098,1,true
LN-CS-001570,LN-AP-002826,2026-07-03T07:02:28.000Z,Document Upload Issue,Email,Open,8.6,E-0066,,true
LN-CS-001571,LN-AP-002830,2025-09-14T18:57:49.000Z,Rate Lock Question,Chat,Open,5.5,E-0068,,true
LN-CS-001572,LN-AP-002831,2026-06-29T12:33:33.000Z,Rate Lock Question,Email,Closed,2.6,E-0127,,true
LN-CS-001573,LN-AP-002832,2025-12-11T07:01:46.000Z,Payoff Request,Phone,Closed,8.0,E-0102,2,false
LN-CS-001574,LN-AP-002833,2025-05-20T08:02:54.000Z,Payoff Request,Mobile App,Closed,4.7,E-0066,2,false
LN-CS-001575,LN-AP-002833,2025-05-09T19:18:25.000Z,Rate Lock Question,Chat,Closed,4.9,E-0066,2,true
LN-CS-001576,LN-AP-002834,2025-09-12T13:41:28.000Z,Document Upload Issue,Email,Open,4.0,E-0130,4,false
LN-CS-001577,LN-AP-002835,2024-11-09T08:27:58.000Z,Rate Lock Question,Email,Closed,9.9,E-0109,,false
LN-CS-001578,LN-AP-002836,2026-07-04T18:52:23.000Z,Document Upload Issue,Email,Open,8.3,E-0098,,true
LN-CS-001579,LN-AP-002838,2026-03-13T17:01:29.000Z,Appraisal Scheduling,Phone,Closed,8.8,E-0073,,true
LN-CS-001580,LN-AP-002841,2025-07-06T19:26:15.000Z,Document Upload Issue,Chat,Closed,9.9,E-0099,,false
LN-CS-001581,LN-AP-002842,2026-01-30T19:26:09.000Z,Status Inquiry,Phone,Closed,8.2,E-0136,4,false
LN-CS-001582,LN-AP-002842,2026-01-15T14:03:12.000Z,Status Inquiry,Chat,Closed,10.3,E-0093,,true
LN-CS-001583,LN-AP-002844,2026-05-27T16:44:47.000Z,Appraisal Scheduling,Mobile App,Open,10.0,E-0102,1,true
LN-CS-001584,LN-AP-002844,2026-05-10T13:49:16.000Z,Payoff Request,Email,Closed,10.9,E-0072,5,true
LN-CS-001585,LN-AP-002846,2025-07-29T12:15:13.000Z,Payoff Request,Mobile App,Open,5.4,E-0085,3,false
LN-CS-001586,LN-AP-002846,2025-08-08T18:50:26.000Z,Rate Lock Question,Chat,Open,4.5,E-0080,,true
LN-CS-001587,LN-AP-002847,2025-02-16T11:16:09.000Z,Document Upload Issue,Email,Closed,13.5,E-0114,,false
LN-CS-001588,LN-AP-002848,2024-12-27T17:32:37.000Z,Appraisal Scheduling,Mobile App,Open,7.3,E-0076,4,false
LN-CS-001589,LN-AP-002848,2024-12-03T17:20:46.000Z,Appraisal Scheduling,Mobile App,Closed,8.3,E-0094,,true
LN-CS-001590,LN-AP-002851,2025-07-23T14:48:37.000Z,Status Inquiry,Mobile App,Open,11.9,E-0120,,false
LN-CS-001591,LN-AP-002853,2026-04-04T11:11:15.000Z,Payoff Request,Chat,Open,6.9,E-0131,1,true
LN-CS-001592,LN-AP-002856,2025-05-03T07:40:27.000Z,Rate Lock Question,Phone,Closed,7.7,E-0113,,false
LN-CS-001593,LN-AP-002858,2026-03-27T13:42:56.000Z,Document Upload Issue,Chat,Closed,9.5,E-0061,1,false
LN-CS-001594,LN-AP-002859,2025-07-09T11:37:00.000Z,Payoff Request,Mobile App,Closed,3.9,E-0096,,true
LN-CS-001595,LN-AP-002861,2025-04-29T07:03:44.000Z,Appraisal Scheduling,Email,Open,10.5,E-0116,2,true
LN-CS-001596,LN-AP-002862,2025-04-26T11:12:25.000Z,Payoff Request,Phone,Open,2.7,E-0092,5,false
LN-CS-001597,LN-AP-002866,2026-05-30T12:45:44.000Z,Status Inquiry,Mobile App,Closed,9.7,E-0109,4,true
LN-CS-001598,LN-AP-002867,2026-06-07T11:22:53.000Z,Document Upload Issue,Chat,Closed,5.9,E-0073,5,true
LN-CS-001599,LN-AP-002868,2025-07-01T07:55:20.000Z,Appraisal Scheduling,Email,Open,11.8,E-0113,,false
LN-CS-001600,LN-AP-002872,2026-03-30T10:12:56.000Z,Status Inquiry,Chat,Open,5.6,E-0065,,true
LN-CS-001601,LN-AP-002873,2025-01-30T15:42:00.000Z,Document Upload Issue,Chat,Open,10.7,E-0107,,false
LN-CS-001602,LN-AP-002874,2026-08-18T18:42:06.000Z,Document Upload Issue,Phone,Closed,17.3,E-0118,,false
LN-CS-001603,LN-AP-002876,2025-01-29T07:52:25.000Z,Appraisal Scheduling,Email,Closed,6.3,E-0100,,false
LN-CS-001604,LN-AP-002878,2025-10-28T16:52:16.000Z,Appraisal Scheduling,Chat,Closed,8.4,E-0075,,true
LN-CS-001605,LN-AP-002878,2025-10-28T16:57:05.000Z,Payoff Request,Phone,Open,14.0,E-0074,,false
LN-CS-001606,LN-AP-002882,2026-06-15T11:42:53.000Z,Appraisal Scheduling,Email,Open,7.1,E-0104,,false
LN-CS-001607,LN-AP-002883,2026-05-27T09:33:53.000Z,Payoff Request,Chat,Open,8.4,E-0065,,false
LN-CS-001608,LN-AP-002886,2025-09-29T19:41:52.000Z,Status Inquiry,Chat,Open,9.2,E-0100,4,true
LN-CS-001609,LN-AP-002890,2026-03-11T17:34:25.000Z,Payoff Request,Mobile App,Open,10.9,E-0062,5,true
LN-CS-001610,LN-AP-002890,2026-03-31T11:08:37.000Z,Appraisal Scheduling,Mobile App,Closed,10.9,E-0075,,true
LN-CS-001611,LN-AP-002898,2026-07-31T18:01:30.000Z,Document Upload Issue,Phone,Closed,6.6,E-0116,5,false
LN-CS-001612,LN-AP-002903,2026-03-18T18:09:20.000Z,Rate Lock Question,Chat,Open,5.5,E-0088,,true
LN-CS-001613,LN-AP-002907,2025-07-06T16:24:32.000Z,Rate Lock Question,Chat,Open,6.3,E-0128,,true
LN-CS-001614,LN-AP-002908,2025-02-26T16:20:01.000Z,Payoff Request,Chat,Closed,4.8,E-0113,3,true
LN-CS-001615,LN-AP-002909,2025-06-20T16:51:10.000Z,Document Upload Issue,Chat,Closed,7.9,E-0132,,true
LN-CS-001616,LN-AP-002910,2025-03-22T14:08:00.000Z,Status Inquiry,Mobile App,Open,12.1,E-0111,,false
LN-CS-001617,LN-AP-002914,2026-07-03T07:14:32.000Z,Status Inquiry,Phone,Closed,7.3,E-0128,2,true
LN-CS-001618,LN-AP-002917,2025-10-02T14:28:13.000Z,Status Inquiry,Phone,Closed,18.8,E-0078,1,false
LN-CS-001619,LN-AP-002918,2025-03-21T17:08:17.000Z,Appraisal Scheduling,Phone,Closed,16.5,E-0074,,false
LN-CS-001620,LN-AP-002919,2025-05-04T10:57:12.000Z,Document Upload Issue,Email,Closed,12.4,E-0070,,false
LN-CS-001621,LN-AP-002921,2025-11-03T13:24:03.000Z,Status Inquiry,Email,Open,5.6,E-0085,5,true
LN-CS-001622,LN-AP-002923,2025-01-30T18:00:58.000Z,Payoff Request,Chat,Open,8.8,E-0104,4,false
LN-CS-001623,LN-AP-002924,2025-06-21T16:27:48.000Z,Document Upload Issue,Mobile App,Closed,8.2,E-0134,2,false
LN-CS-001624,LN-AP-002925,2025-03-01T10:14:59.000Z,Appraisal Scheduling,Email,Closed,7.4,E-0103,3,true
LN-CS-001625,LN-AP-002926,2024-12-19T07:05:48.000Z,Status Inquiry,Mobile App,Open,9.1,E-0115,,false
LN-CS-001626,LN-AP-002927,2024-10-30T16:12:44.000Z,Document Upload Issue,Mobile App,Closed,9.3,E-0066,,false
LN-CS-001627,LN-AP-002930,2026-03-27T07:24:57.000Z,Document Upload Issue,Mobile App,Open,11.8,E-0103,4,false
LN-CS-001628,LN-AP-002930,2026-04-08T19:59:13.000Z,Rate Lock Question,Chat,Closed,9.6,E-0097,,false
LN-CS-001629,LN-AP-002932,2025-04-10T16:53:52.000Z,Document Upload Issue,Phone,Open,20.9,E-0108,2,true
LN-CS-001630,LN-AP-002933,2025-05-29T19:21:39.000Z,Payoff Request,Email,Closed,7.6,E-0094,4,false
LN-CS-001631,LN-AP-002933,2025-06-01T19:33:28.000Z,Status Inquiry,Mobile App,Open,8.7,E-0092,5,false
LN-CS-001632,LN-AP-002934,2025-01-28T16:58:21.000Z,Appraisal Scheduling,Chat,Closed,8.5,E-0136,4,true
LN-CS-001633,LN-AP-002934,2025-02-04T07:35:27.000Z,Document Upload Issue,Mobile App,Open,14.7,E-0118,4,false
LN-CS-001634,LN-AP-002936,2025-06-26T13:34:09.000Z,Document Upload Issue,Chat,Open,10.0,E-0117,2,true
LN-CS-001635,LN-AP-002939,2025-04-25T14:22:35.000Z,Appraisal Scheduling,Chat,Open,9.7,E-0079,5,false
LN-CS-001636,LN-AP-002942,2025-05-02T10:59:05.000Z,Appraisal Scheduling,Phone,Closed,16.1,E-0111,2,false
LN-CS-001637,LN-AP-002942,2025-05-11T11:32:39.000Z,Rate Lock Question,Mobile App,Closed,8.2,E-0066,2,false
LN-CS-001638,LN-AP-002943,2026-03-01T12:45:15.000Z,Document Upload Issue,Phone,Open,10.7,E-0109,3,false
LN-CS-001639,LN-AP-002945,2025-06-19T11:46:21.000Z,Status Inquiry,Email,Open,4.5,E-0116,,true
LN-CS-001640,LN-AP-002947,2025-03-25T19:26:48.000Z,Appraisal Scheduling,Phone,Closed,6.7,E-0073,1,true
LN-CS-001641,LN-AP-002950,2025-10-16T08:57:36.000Z,Payoff Request,Email,Open,12.3,E-0109,,false
LN-CS-001642,LN-AP-002951,2026-04-25T19:22:34.000Z,Document Upload Issue,Email,Closed,11.3,E-0099,4,true
LN-CS-001643,LN-AP-002952,2026-04-28T11:58:43.000Z,Document Upload Issue,Email,Open,5.1,E-0114,1,false
LN-CS-001644,LN-AP-002953,2025-05-20T10:16:59.000Z,Document Upload Issue,Chat,Closed,6.7,E-0107,,false
LN-CS-001645,LN-AP-002955,2025-11-02T15:50:52.000Z,Payoff Request,Phone,Closed,6.2,E-0068,1,false
LN-CS-001646,LN-AP-002960,2026-04-05T12:38:52.000Z,Status Inquiry,Mobile App,Closed,14.1,E-0123,4,true
LN-CS-001647,LN-AP-002963,2026-05-01T11:29:15.000Z,Payoff Request,Email,Closed,7.1,E-0083,,false
LN-CS-001648,LN-AP-002963,2026-05-21T10:20:31.000Z,Document Upload Issue,Phone,Closed,8.4,E-0086,4,false
LN-CS-001649,LN-AP-002970,2026-05-28T18:14:31.000Z,Appraisal Scheduling,Chat,Open,6.7,E-0122,5,false
LN-CS-001650,LN-AP-002971,2026-04-01T13:21:16.000Z,Payoff Request,Phone,Open,10.1,E-0095,1,true
LN-CS-001651,LN-AP-002977,2025-05-25T11:13:52.000Z,Payoff Request,Mobile App,Open,7.2,E-0067,,false
LN-CS-001652,LN-AP-002979,2024-11-10T11:59:58.000Z,Payoff Request,Mobile App,Open,10.1,E-0082,3,false
LN-CS-001653,LN-AP-002982,2025-04-21T07:24:39.000Z,Rate Lock Question,Email,Closed,4.7,E-0077,1,false
LN-CS-001654,LN-AP-002983,2025-04-26T07:15:56.000Z,Status Inquiry,Chat,Open,2.7,E-0128,2,false
LN-CS-001655,LN-AP-002984,2026-05-24T17:53:49.000Z,Status Inquiry,Mobile App,Open,7.0,E-0074,,true
LN-CS-001656,LN-AP-002990,2026-08-08T08:35:39.000Z,Document Upload Issue,Phone,Closed,13.6,E-0083,,true
LN-CS-001657,LN-AP-002994,2026-07-22T12:44:11.000Z,Appraisal Scheduling,Phone,Closed,16.1,E-0139,,true
LN-CS-001658,LN-AP-002996,2025-05-30T13:35:48.000Z,Appraisal Scheduling,Email,Closed,1.9,E-0082,,false
LN-CS-001659,LN-AP-003000,2025-12-20T07:36:07.000Z,Rate Lock Question,Email,Closed,6.0,E-0087,3,true
LN-CS-001660,LN-AP-003000,2025-12-28T10:47:10.000Z,Rate Lock Question,Mobile App,Closed,5.6,E-0098,,false
LN-CS-001661,LN-AP-003006,2025-05-13T07:59:37.000Z,Appraisal Scheduling,Chat,Open,18.1,E-0125,,false
LN-CS-001662,LN-AP-003007,2026-02-19T19:27:01.000Z,Payoff Request,Mobile App,Open,8.3,E-0071,,false
LN-CS-001663,LN-AP-003008,2025-12-15T18:45:18.000Z,Rate Lock Question,Chat,Closed,6.4,E-0098,5,true
LN-CS-001664,LN-AP-003008,2025-11-09T13:10:41.000Z,Status Inquiry,Chat,Closed,17.5,E-0078,,false
LN-CS-001665,LN-AP-003009,2026-08-26T19:32:48.000Z,Appraisal Scheduling,Email,Closed,5.0,E-0120,1,false
LN-CS-001666,LN-AP-003010,2026-03-27T18:43:20.000Z,Document Upload Issue,Email,Open,6.1,E-0065,4,false
LN-CS-001667,LN-AP-003010,2026-03-06T09:23:51.000Z,Document Upload Issue,Phone,Open,6.8,E-0085,,false
LN-CS-001668,LN-AP-003014,2025-05-21T17:55:29.000Z,Payoff Request,Phone,Open,4.6,E-0085,,false
LN-CS-001669,LN-AP-003017,2024-11-11T11:07:55.000Z,Document Upload Issue,Chat,Closed,16.7,E-0078,4,true
LN-CS-001670,LN-AP-003022,2026-02-01T16:52:40.000Z,Status Inquiry,Chat,Closed,8.8,E-0062,,false
LN-CS-001671,LN-AP-003025,2026-01-14T07:17:09.000Z,Rate Lock Question,Email,Open,4.8,E-0078,1,true
LN-CS-001672,LN-AP-003027,2025-12-20T13:27:53.000Z,Appraisal Scheduling,Phone,Closed,5.9,E-0093,,false
LN-CS-001673,LN-AP-003028,2026-02-07T08:17:28.000Z,Rate Lock Question,Chat,Open,11.7,E-0084,1,false
LN-CS-001674,LN-AP-003031,2025-05-12T18:27:02.000Z,Appraisal Scheduling,Email,Closed,7.8,E-0112,,false
LN-CS-001675,LN-AP-003034,2025-02-24T11:49:28.000Z,Document Upload Issue,Chat,Closed,8.3,E-0071,2,true
LN-CS-001676,LN-AP-003035,2026-02-18T18:07:19.000Z,Appraisal Scheduling,Phone,Open,7.6,E-0083,,true
LN-CS-001677,LN-AP-003040,2025-04-20T14:29:44.000Z,Document Upload Issue,Chat,Closed,7.3,E-0124,4,true
LN-CS-001678,LN-AP-003040,2025-05-10T14:34:30.000Z,Appraisal Scheduling,Mobile App,Open,10.0,E-0130,3,false
LN-CS-001679,LN-AP-003041,2025-05-11T18:14:55.000Z,Appraisal Scheduling,Phone,Open,13.8,E-0099,,false
LN-CS-001680,LN-AP-003043,2026-01-07T17:53:10.000Z,Status Inquiry,Mobile App,Closed,6.5,E-0080,,true
LN-CS-001681,LN-AP-003045,2025-12-11T18:09:44.000Z,Document Upload Issue,Phone,Closed,10.1,E-0114,,true
LN-CS-001682,LN-AP-003048,2025-04-22T16:16:03.000Z,Rate Lock Question,Email,Closed,7.8,E-0095,,true
LN-CS-001683,LN-AP-003054,2024-12-14T18:36:58.000Z,Payoff Request,Mobile App,Open,9.4,E-0111,,false
LN-CS-001684,LN-AP-003054,2024-12-25T18:38:21.000Z,Document Upload Issue,Mobile App,Closed,4.9,E-0096,,true
LN-CS-001685,LN-AP-003055,2025-01-19T16:24:54.000Z,Document Upload Issue,Chat,Closed,7.1,E-0069,,true
LN-CS-001686,LN-AP-003057,2025-06-20T14:35:24.000Z,Rate Lock Question,Email,Closed,19.0,E-0061,,false
LN-CS-001687,LN-AP-003058,2026-08-26T15:02:07.000Z,Appraisal Scheduling,Phone,Closed,8.3,E-0088,,false
LN-CS-001688,LN-AP-003059,2026-03-30T18:30:59.000Z,Appraisal Scheduling,Chat,Open,9.4,E-0103,,false
LN-CS-001689,LN-AP-003063,2024-11-02T09:10:13.000Z,Payoff Request,Phone,Open,4.3,E-0133,3,false
LN-CS-001690,LN-AP-003064,2025-01-16T17:51:33.000Z,Rate Lock Question,Email,Open,6.4,E-0087,2,false
LN-CS-001691,LN-AP-003065,2025-03-11T08:44:36.000Z,Document Upload Issue,Mobile App,Closed,1.4,E-0109,1,true
LN-CS-001692,LN-AP-003067,2025-12-03T13:33:51.000Z,Rate Lock Question,Email,Closed,12.1,E-0080,,false
LN-CS-001693,LN-AP-003070,2026-07-02T16:38:45.000Z,Document Upload Issue,Mobile App,Closed,14.9,E-0113,,false
LN-CS-001694,LN-AP-003071,2025-05-18T15:45:06.000Z,Rate Lock Question,Email,Open,2.4,E-0071,,false
LN-CS-001695,LN-AP-003079,2025-05-07T07:53:50.000Z,Appraisal Scheduling,Email,Open,11.1,E-0139,5,true
LN-CS-001696,LN-AP-003080,2025-04-22T18:28:39.000Z,Payoff Request,Mobile App,Open,4.2,E-0079,,true
LN-CS-001697,LN-AP-003082,2025-04-19T18:37:57.000Z,Status Inquiry,Email,Closed,4.2,E-0134,1,false
LN-CS-001698,LN-AP-003083,2025-03-10T15:53:10.000Z,Rate Lock Question,Phone,Closed,15.9,E-0117,3,true
LN-CS-001699,LN-AP-003083,2025-03-10T16:59:17.000Z,Payoff Request,Chat,Closed,15.4,E-0075,,false
LN-CS-001700,LN-AP-003087,2026-08-21T10:31:29.000Z,Payoff Request,Chat,Closed,6.0,E-0069,,true
LN-CS-001701,LN-AP-003089,2025-05-09T17:25:40.000Z,Document Upload Issue,Phone,Closed,13.1,E-0093,4,true
LN-CS-001702,LN-AP-003090,2025-03-25T17:13:05.000Z,Appraisal Scheduling,Email,Open,4.7,E-0071,,false
LN-CS-001703,LN-AP-003090,2025-03-25T12:29:59.000Z,Payoff Request,Mobile App,Closed,19.6,E-0105,,false
LN-CS-001704,LN-AP-003091,2025-05-17T15:03:58.000Z,Rate Lock Question,Email,Closed,3.3,E-0129,2,false
LN-CS-001705,LN-AP-003093,2026-08-16T10:47:05.000Z,Rate Lock Question,Phone,Open,4.0,E-0140,4,false
LN-CS-001706,LN-AP-003096,2026-05-21T17:24:21.000Z,Status Inquiry,Mobile App,Open,8.8,E-0098,2,true
LN-CS-001707,LN-AP-003098,2026-08-14T19:57:31.000Z,Status Inquiry,Phone,Closed,6.3,E-0067,3,false
LN-CS-001708,LN-AP-003098,2026-07-23T10:48:22.000Z,Document Upload Issue,Email,Closed,3.8,E-0084,,false
LN-CS-001709,LN-AP-003100,2025-05-02T15:07:38.000Z,Document Upload Issue,Email,Closed,4.7,E-0106,,true
LN-CS-001710,LN-AP-003104,2025-04-11T09:39:13.000Z,Appraisal Scheduling,Chat,Closed,5.9,E-0101,,false
LN-CS-001711,LN-AP-003105,2025-07-11T15:15:20.000Z,Status Inquiry,Email,Closed,10.0,E-0070,1,false
LN-CS-001712,LN-AP-003105,2025-07-01T18:12:06.000Z,Payoff Request,Mobile App,Closed,6.1,E-0079,,true
LN-CS-001713,LN-AP-003107,2025-01-12T17:44:44.000Z,Rate Lock Question,Phone,Closed,9.3,E-0102,,false
LN-CS-001714,LN-AP-003110,2024-12-29T11:16:27.000Z,Document Upload Issue,Email,Open,5.4,E-0090,,false
LN-CS-001715,LN-AP-003110,2024-12-22T13:17:36.000Z,Appraisal Scheduling,Mobile App,Open,8.6,E-0094,,false
LN-CS-001716,LN-AP-003111,2025-03-31T17:43:06.000Z,Payoff Request,Chat,Closed,3.0,E-0073,3,false
LN-CS-001717,LN-AP-003112,2026-07-06T13:55:47.000Z,Payoff Request,Chat,Closed,8.2,E-0122,5,true
LN-CS-001718,LN-AP-003114,2025-01-17T14:39:39.000Z,Status Inquiry,Phone,Closed,9.4,E-0100,,false
LN-CS-001719,LN-AP-003115,2025-05-13T13:43:38.000Z,Rate Lock Question,Phone,Open,6.9,E-0068,,false
LN-CS-001720,LN-AP-003115,2025-06-04T11:10:00.000Z,Document Upload Issue,Chat,Open,11.5,E-0077,,true
LN-CS-001721,LN-AP-003116,2025-04-08T11:45:57.000Z,Status Inquiry,Email,Open,10.5,E-0118,2,false
LN-CS-001722,LN-AP-003119,2026-05-02T18:27:04.000Z,Status Inquiry,Phone,Closed,5.7,E-0103,,true
LN-CS-001723,LN-AP-003119,2026-04-22T18:33:15.000Z,Rate Lock Question,Mobile App,Closed,12.5,E-0136,2,false
LN-CS-001724,LN-AP-003123,2024-12-12T08:05:19.000Z,Payoff Request,Phone,Closed,8.6,E-0126,,true
LN-CS-001725,LN-AP-003125,2024-10-30T10:37:14.000Z,Status Inquiry,Email,Closed,7.9,E-0120,3,false
LN-CS-001726,LN-AP-003125,2024-10-25T12:48:15.000Z,Rate Lock Question,Chat,Closed,5.2,E-0062,,true
LN-CS-001727,LN-AP-003126,2026-07-18T19:49:39.000Z,Appraisal Scheduling,Email,Closed,12.2,E-0079,,true
LN-CS-001728,LN-AP-003128,2025-02-24T07:54:58.000Z,Payoff Request,Phone,Closed,23.9,E-0079,,true
LN-CS-001729,LN-AP-003129,2026-07-05T19:14:59.000Z,Appraisal Scheduling,Phone,Open,8.5,E-0109,5,false
LN-CS-001730,LN-AP-003133,2026-02-02T11:52:06.000Z,Appraisal Scheduling,Chat,Open,9.7,E-0128,,false
LN-CS-001731,LN-AP-003133,2026-01-16T10:10:49.000Z,Status Inquiry,Email,Closed,4.6,E-0076,3,false
LN-CS-001732,LN-AP-003137,2026-03-04T13:35:21.000Z,Payoff Request,Email,Closed,3.8,E-0092,4,true
LN-CS-001733,LN-AP-003140,2025-03-31T17:36:44.000Z,Status Inquiry,Phone,Open,8.6,E-0124,1,false
LN-CS-001734,LN-AP-003143,2025-02-27T07:40:38.000Z,Status Inquiry,Phone,Closed,17.2,E-0071,,true
LN-CS-001735,LN-AP-003146,2026-01-20T11:29:53.000Z,Document Upload Issue,Phone,Closed,3.9,E-0107,1,false
LN-CS-001736,LN-AP-003148,2025-06-22T18:29:19.000Z,Payoff Request,Email,Open,6.2,E-0081,2,false
LN-CS-001737,LN-AP-003163,2025-09-11T10:43:20.000Z,Status Inquiry,Phone,Open,4.6,E-0067,1,false
LN-CS-001738,LN-AP-003164,2025-11-29T12:12:42.000Z,Payoff Request,Chat,Open,6.8,E-0116,,false
LN-CS-001739,LN-AP-003164,2025-11-23T17:29:49.000Z,Document Upload Issue,Chat,Closed,4.6,E-0094,4,false
LN-CS-001740,LN-AP-003168,2025-11-28T07:34:01.000Z,Document Upload Issue,Mobile App,Closed,10.4,E-0066,,false
LN-CS-001741,LN-AP-003170,2026-01-11T09:04:15.000Z,Payoff Request,Mobile App,Closed,8.7,E-0132,,false
LN-CS-001742,LN-AP-003171,2026-08-17T07:57:15.000Z,Status Inquiry,Phone,Closed,7.1,E-0080,2,false
LN-CS-001743,LN-AP-003173,2026-08-06T11:14:16.000Z,Payoff Request,Email,Closed,9.6,E-0112,3,true
LN-CS-001744,LN-AP-003175,2026-05-11T08:43:09.000Z,Rate Lock Question,Chat,Closed,9.5,E-0064,,false
LN-CS-001745,LN-AP-003175,2026-05-16T15:48:10.000Z,Rate Lock Question,Chat,Closed,16.9,E-0070,,true
LN-CS-001746,LN-AP-003178,2026-07-20T08:21:03.000Z,Appraisal Scheduling,Phone,Closed,9.9,E-0073,2,false
LN-CS-001747,LN-AP-003178,2026-07-11T17:22:31.000Z,Payoff Request,Chat,Open,4.8,E-0100,,true
LN-CS-001748,LN-AP-003181,2025-06-24T13:03:27.000Z,Status Inquiry,Mobile App,Open,16.6,E-0120,5,true
LN-CS-001749,LN-AP-003182,2025-06-25T13:36:56.000Z,Status Inquiry,Email,Closed,10.7,E-0066,3,true
LN-CS-001750,LN-AP-003183,2025-11-02T16:41:19.000Z,Appraisal Scheduling,Chat,Closed,14.1,E-0078,4,false
LN-CS-001751,LN-AP-003185,2026-02-04T18:35:37.000Z,Payoff Request,Email,Closed,5.0,E-0071,1,false
LN-CS-001752,LN-AP-003185,2026-01-21T14:15:38.000Z,Document Upload Issue,Phone,Closed,13.1,E-0131,,false
LN-CS-001753,LN-AP-003186,2026-05-08T08:47:53.000Z,Rate Lock Question,Phone,Open,8.7,E-0107,3,false
LN-CS-001754,LN-AP-003189,2026-02-23T10:40:03.000Z,Rate Lock Question,Chat,Closed,6.7,E-0117,1,false
LN-CS-001755,LN-AP-003193,2025-03-27T09:57:51.000Z,Appraisal Scheduling,Mobile App,Closed,7.1,E-0118,5,false
LN-CS-001756,LN-AP-003195,2025-12-10T17:15:48.000Z,Appraisal Scheduling,Phone,Open,7.3,E-0080,,false
LN-CS-001757,LN-AP-003195,2025-12-10T18:50:08.000Z,Rate Lock Question,Chat,Closed,8.3,E-0073,1,false
LN-CS-001758,LN-AP-003197,2026-06-28T16:58:02.000Z,Rate Lock Question,Chat,Open,4.1,E-0087,3,false
LN-CS-001759,LN-AP-003199,2025-06-07T12:29:22.000Z,Payoff Request,Email,Open,6.5,E-0107,,false
LN-CS-001760,LN-AP-003200,2025-10-28T14:42:46.000Z,Appraisal Scheduling,Email,Closed,5.8,E-0074,,false
LN-CS-001761,LN-AP-003201,2025-08-20T12:30:52.000Z,Payoff Request,Email,Closed,10.4,E-0116,1,true
LN-CS-001762,LN-AP-003203,2025-04-13T10:52:14.000Z,Appraisal Scheduling,Phone,Closed,6.4,E-0066,5,false
LN-CS-001763,LN-AP-003204,2025-05-29T15:43:21.000Z,Status Inquiry,Mobile App,Open,9.7,E-0140,,true
LN-CS-001764,LN-AP-003206,2024-11-29T10:11:08.000Z,Status Inquiry,Email,Closed,7.4,E-0124,4,true
LN-CS-001765,LN-AP-003210,2026-02-10T17:37:35.000Z,Status Inquiry,Mobile App,Open,7.3,E-0061,,false
LN-CS-001766,LN-AP-003210,2026-02-09T09:52:24.000Z,Status Inquiry,Mobile App,Closed,12.5,E-0077,,false
LN-CS-001767,LN-AP-003214,2025-12-13T09:59:44.000Z,Document Upload Issue,Mobile App,Closed,9.2,E-0077,1,false
LN-CS-001768,LN-AP-003214,2025-12-12T13:44:11.000Z,Appraisal Scheduling,Phone,Closed,4.1,E-0111,,true
LN-CS-001769,LN-AP-003215,2026-05-03T11:40:32.000Z,Appraisal Scheduling,Chat,Closed,5.5,E-0102,4,false
LN-CS-001770,LN-AP-003216,2026-07-13T16:48:08.000Z,Appraisal Scheduling,Email,Closed,6.2,E-0131,5,false
LN-CS-001771,LN-AP-003217,2026-08-24T07:13:06.000Z,Payoff Request,Mobile App,Closed,7.6,E-0097,5,false
LN-CS-001772,LN-AP-003220,2025-01-20T11:45:23.000Z,Status Inquiry,Chat,Open,13.3,E-0109,,true
LN-CS-001773,LN-AP-003222,2026-06-02T17:58:31.000Z,Rate Lock Question,Email,Closed,9.8,E-0121,5,true
LN-CS-001774,LN-AP-003223,2026-05-27T19:25:03.000Z,Rate Lock Question,Email,Closed,2.3,E-0115,3,false
LN-CS-001775,LN-AP-003229,2025-01-17T13:00:39.000Z,Appraisal Scheduling,Chat,Closed,2.8,E-0072,3,true
LN-CS-001776,LN-AP-003229,2025-01-23T18:46:44.000Z,Document Upload Issue,Email,Closed,11.0,E-0075,,true
LN-CS-001777,LN-AP-003230,2024-11-16T16:41:53.000Z,Appraisal Scheduling,Email,Closed,7.3,E-0119,,false
LN-CS-001778,LN-AP-003231,2026-01-14T19:36:55.000Z,Document Upload Issue,Chat,Closed,6.2,E-0067,,true
LN-CS-001779,LN-AP-003231,2026-01-10T13:58:29.000Z,Document Upload Issue,Chat,Closed,6.8,E-0075,3,false
LN-CS-001780,LN-AP-003235,2026-01-08T09:43:23.000Z,Appraisal Scheduling,Email,Closed,4.0,E-0079,3,false
LN-CS-001781,LN-AP-003236,2025-06-06T11:46:56.000Z,Status Inquiry,Mobile App,Closed,3.0,E-0132,5,false
LN-CS-001782,LN-AP-003237,2026-01-13T10:11:02.000Z,Status Inquiry,Email,Closed,7.2,E-0082,,false
LN-CS-001783,LN-AP-003238,2025-03-14T14:00:23.000Z,Document Upload Issue,Phone,Closed,10.1,E-0082,1,false
LN-CS-001784,LN-AP-003238,2025-03-14T12:41:34.000Z,Rate Lock Question,Email,Closed,7.0,E-0066,,true
LN-CS-001785,LN-AP-003239,2025-11-10T17:28:15.000Z,Appraisal Scheduling,Email,Open,13.7,E-0105,,true
LN-CS-001786,LN-AP-003239,2025-10-02T15:04:24.000Z,Status Inquiry,Phone,Open,6.1,E-0084,5,true
LN-CS-001787,LN-AP-003243,2025-01-02T14:41:01.000Z,Status Inquiry,Chat,Open,5.9,E-0087,,true
LN-CS-001788,LN-AP-003244,2025-07-04T07:51:54.000Z,Rate Lock Question,Chat,Closed,12.3,E-0063,3,false
LN-CS-001789,LN-AP-003246,2026-07-03T08:45:21.000Z,Status Inquiry,Email,Open,15.2,E-0082,5,false
LN-CS-001790,LN-AP-003247,2026-08-28T11:49:08.000Z,Document Upload Issue,Phone,Closed,6.5,E-0090,,true
LN-CS-001791,LN-AP-003248,2026-01-27T12:55:27.000Z,Status Inquiry,Phone,Closed,13.6,E-0116,5,false
LN-CS-001792,LN-AP-003250,2025-02-12T16:23:24.000Z,Document Upload Issue,Phone,Closed,8.5,E-0137,,false
LN-CS-001793,LN-AP-003251,2025-02-24T17:34:49.000Z,Status Inquiry,Phone,Open,3.2,E-0066,,true
LN-CS-001794,LN-AP-003253,2026-04-28T12:33:28.000Z,Payoff Request,Phone,Open,4.1,E-0131,4,true
LN-CS-001795,LN-AP-003255,2025-06-28T12:25:16.000Z,Document Upload Issue,Chat,Closed,9.7,E-0079,,true
LN-CS-001796,LN-AP-003256,2026-08-31T10:11:47.000Z,Rate Lock Question,Chat,Closed,16.7,E-0084,2,false
LN-CS-001797,LN-AP-003257,2025-08-12T07:30:14.000Z,Rate Lock Question,Phone,Open,13.5,E-0085,,true
LN-CS-001798,LN-AP-003259,2024-11-12T11:28:28.000Z,Document Upload Issue,Email,Closed,9.4,E-0098,,true
LN-CS-001799,LN-AP-003259,2024-11-04T16:17:38.000Z,Payoff Request,Phone,Closed,3.9,E-0077,,false
LN-CS-001800,LN-AP-003263,2025-05-17T14:52:34.000Z,Status Inquiry,Email,Closed,6.4,E-0116,3,false
LN-CS-001801,LN-AP-003264,2026-07-09T13:57:35.000Z,Rate Lock Question,Phone,Closed,14.6,E-0065,3,true
LN-CS-001802,LN-AP-003267,2026-07-30T15:43:45.000Z,Appraisal Scheduling,Email,Closed,13.4,E-0113,,false
LN-CS-001803,LN-AP-003267,2026-08-22T13:24:22.000Z,Appraisal Scheduling,Chat,Open,5.3,E-0137,,false
LN-CS-001804,LN-AP-003268,2026-07-23T09:26:38.000Z,Status Inquiry,Email,Closed,9.8,E-0070,4,false
LN-CS-001805,LN-AP-003269,2025-02-19T12:02:50.000Z,Payoff Request,Phone,Closed,8.1,E-0077,,false
LN-CS-001806,LN-AP-003270,2024-11-08T18:47:33.000Z,Document Upload Issue,Phone,Closed,28.5,E-0096,,false
LN-CS-001807,LN-AP-003273,2025-01-26T14:17:44.000Z,Rate Lock Question,Email,Open,6.8,E-0121,5,true
LN-CS-001808,LN-AP-003276,2026-03-01T19:51:55.000Z,Rate Lock Question,Mobile App,Closed,12.8,E-0073,,true
LN-CS-001809,LN-AP-003278,2024-12-11T14:21:40.000Z,Payoff Request,Chat,Closed,11.5,E-0104,1,true
LN-CS-001810,LN-AP-003279,2025-08-18T07:14:50.000Z,Status Inquiry,Chat,Closed,4.3,E-0088,,false
LN-CS-001811,LN-AP-003282,2025-09-09T12:07:22.000Z,Payoff Request,Mobile App,Open,6.4,E-0080,4,false
LN-CS-001812,LN-AP-003285,2024-11-12T10:21:01.000Z,Document Upload Issue,Chat,Closed,15.5,E-0114,,true
LN-CS-001813,LN-AP-003285,2024-11-13T11:25:44.000Z,Document Upload Issue,Mobile App,Closed,3.1,E-0097,3,false
LN-CS-001814,LN-AP-003286,2026-05-30T12:01:49.000Z,Status Inquiry,Phone,Closed,7.8,E-0090,4,true
LN-CS-001815,LN-AP-003287,2026-01-27T14:12:22.000Z,Payoff Request,Email,Closed,6.6,E-0106,,true
LN-CS-001816,LN-AP-003287,2026-01-30T18:42:48.000Z,Payoff Request,Email,Open,31.2,E-0099,,true
LN-CS-001817,LN-AP-003290,2025-05-13T18:55:39.000Z,Document Upload Issue,Email,Closed,6.9,E-0140,4,false
LN-CS-001818,LN-AP-003291,2024-11-14T12:53:46.000Z,Rate Lock Question,Chat,Open,6.5,E-0119,5,false
LN-CS-001819,LN-AP-003292,2025-03-02T16:39:14.000Z,Status Inquiry,Phone,Open,9.8,E-0128,,false
LN-CS-001820,LN-AP-003292,2025-03-30T18:31:07.000Z,Rate Lock Question,Phone,Closed,7.7,E-0073,3,true
LN-CS-001821,LN-AP-003293,2025-10-11T19:54:12.000Z,Appraisal Scheduling,Phone,Closed,10.0,E-0066,3,true
LN-CS-001822,LN-AP-003294,2026-06-13T12:10:35.000Z,Rate Lock Question,Phone,Closed,10.2,E-0138,,true
LN-CS-001823,LN-AP-003294,2026-06-10T11:25:50.000Z,Appraisal Scheduling,Chat,Closed,33.2,E-0106,,false
LN-CS-001824,LN-AP-003297,2024-10-06T09:33:38.000Z,Status Inquiry,Mobile App,Open,7.0,E-0130,,false
LN-CS-001825,LN-AP-003300,2026-05-06T09:45:43.000Z,Payoff Request,Mobile App,Open,6.9,E-0127,4,false
LN-CS-001826,LN-AP-003302,2025-07-15T16:16:05.000Z,Status Inquiry,Chat,Open,13.7,E-0117,,false
LN-CS-001827,LN-AP-003303,2026-04-29T08:49:39.000Z,Document Upload Issue,Chat,Open,4.8,E-0128,,true
LN-CS-001828,LN-AP-003304,2025-05-26T14:19:02.000Z,Appraisal Scheduling,Phone,Open,6.6,E-0112,,true
LN-CS-001829,LN-AP-003305,2026-04-10T17:14:46.000Z,Payoff Request,Email,Closed,10.6,E-0105,5,false
LN-CS-001830,LN-AP-003309,2026-04-28T13:43:23.000Z,Status Inquiry,Email,Closed,6.1,E-0078,,false
LN-CS-001831,LN-AP-003310,2025-08-16T10:31:35.000Z,Appraisal Scheduling,Email,Open,4.6,E-0116,,true
LN-CS-001832,LN-AP-003311,2024-10-25T09:25:40.000Z,Document Upload Issue,Phone,Open,16.4,E-0092,2,true
LN-CS-001833,LN-AP-003313,2025-07-03T08:07:09.000Z,Appraisal Scheduling,Phone,Closed,3.9,E-0103,2,true
LN-CS-001834,LN-AP-003314,2026-01-17T18:47:20.000Z,Status Inquiry,Phone,Closed,5.2,E-0107,,true
LN-CS-001835,LN-AP-003314,2026-02-15T16:41:25.000Z,Status Inquiry,Chat,Closed,10.7,E-0103,2,false
LN-CS-001836,LN-AP-003318,2026-08-31T18:30:53.000Z,Payoff Request,Email,Closed,8.7,E-0076,3,false
LN-CS-001837,LN-AP-003323,2025-04-24T16:48:38.000Z,Appraisal Scheduling,Email,Open,9.5,E-0066,,false
LN-CS-001838,LN-AP-003323,2025-04-12T17:28:04.000Z,Document Upload Issue,Mobile App,Closed,5.7,E-0077,,true
LN-CS-001839,LN-AP-003324,2026-08-29T08:21:36.000Z,Status Inquiry,Mobile App,Closed,28.9,E-0090,5,true
LN-CS-001840,LN-AP-003325,2026-04-12T19:38:07.000Z,Rate Lock Question,Email,Closed,7.4,E-0064,2,false
LN-CS-001841,LN-AP-003326,2025-05-23T11:05:59.000Z,Appraisal Scheduling,Email,Closed,8.1,E-0088,3,false
LN-CS-001842,LN-AP-003327,2025-09-09T11:43:28.000Z,Rate Lock Question,Chat,Closed,2.3,E-0098,,true
LN-CS-001843,LN-AP-003327,2025-09-06T10:48:37.000Z,Appraisal Scheduling,Mobile App,Open,20.5,E-0100,3,false
LN-CS-001844,LN-AP-003331,2025-07-12T12:36:18.000Z,Rate Lock Question,Email,Closed,3.0,E-0091,,false
LN-CS-001845,LN-AP-003335,2025-01-18T09:09:50.000Z,Document Upload Issue,Phone,Closed,7.5,E-0099,2,true
LN-CS-001846,LN-AP-003339,2025-12-19T13:22:22.000Z,Status Inquiry,Mobile App,Closed,7.4,E-0114,4,false
LN-CS-001847,LN-AP-003339,2026-01-03T09:14:32.000Z,Payoff Request,Mobile App,Closed,7.4,E-0097,4,false
LN-CS-001848,LN-AP-003340,2025-01-06T09:58:59.000Z,Appraisal Scheduling,Email,Open,10.5,E-0062,,true
LN-CS-001849,LN-AP-003340,2024-12-29T14:49:08.000Z,Document Upload Issue,Mobile App,Closed,6.2,E-0135,4,true
LN-CS-001850,LN-AP-003342,2026-07-15T16:28:55.000Z,Payoff Request,Chat,Closed,6.1,E-0097,,false
LN-CS-001851,LN-AP-003344,2025-04-26T10:03:23.000Z,Status Inquiry,Mobile App,Closed,9.3,E-0100,3,false
LN-CS-001852,LN-AP-003345,2024-10-31T09:40:48.000Z,Rate Lock Question,Email,Closed,8.0,E-0096,3,false
LN-CS-001853,LN-AP-003347,2025-02-06T08:44:27.000Z,Rate Lock Question,Chat,Closed,7.4,E-0119,,false
LN-CS-001854,LN-AP-003349,2025-12-13T10:47:22.000Z,Appraisal Scheduling,Email,Open,7.5,E-0074,,false
LN-CS-001855,LN-AP-003350,2025-10-27T12:00:39.000Z,Appraisal Scheduling,Chat,Closed,6.8,E-0068,1,false
LN-CS-001856,LN-AP-003353,2025-08-19T13:11:24.000Z,Appraisal Scheduling,Email,Open,8.7,E-0078,5,false
LN-CS-001857,LN-AP-003356,2026-03-05T08:54:07.000Z,Payoff Request,Mobile App,Open,5.6,E-0088,4,false
LN-CS-001858,LN-AP-003360,2025-06-11T17:23:20.000Z,Appraisal Scheduling,Chat,Closed,9.9,E-0128,2,false
LN-CS-001859,LN-AP-003360,2025-06-26T15:54:58.000Z,Document Upload Issue,Email,Closed,5.4,E-0090,,false
LN-CS-001860,LN-AP-003361,2025-06-09T10:27:01.000Z,Document Upload Issue,Phone,Closed,12.1,E-0078,5,true
LN-CS-001861,LN-AP-003362,2025-04-20T14:08:09.000Z,Payoff Request,Chat,Closed,3.9,E-0104,2,false
LN-CS-001862,LN-AP-003368,2026-01-30T18:16:05.000Z,Status Inquiry,Chat,Closed,3.4,E-0130,,false
LN-CS-001863,LN-AP-003368,2026-02-10T13:39:38.000Z,Status Inquiry,Mobile App,Open,9.3,E-0120,3,false
LN-CS-001864,LN-AP-003370,2026-02-24T09:35:52.000Z,Rate Lock Question,Mobile App,Open,5.9,E-0130,1,true
LN-CS-001865,LN-AP-003373,2026-05-28T11:11:02.000Z,Rate Lock Question,Mobile App,Open,5.2,E-0062,4,false
LN-CS-001866,LN-AP-003375,2026-06-19T14:34:11.000Z,Document Upload Issue,Chat,Closed,8.6,E-0075,2,false
LN-CS-001867,LN-AP-003375,2026-07-01T16:35:48.000Z,Appraisal Scheduling,Chat,Closed,3.5,E-0062,4,true
LN-CS-001868,LN-AP-003389,2026-02-06T08:58:17.000Z,Rate Lock Question,Mobile App,Open,5.6,E-0089,3,true
LN-CS-001869,LN-AP-003389,2026-02-09T07:20:05.000Z,Status Inquiry,Mobile App,Closed,10.2,E-0090,3,false
LN-CS-001870,LN-AP-003390,2025-04-19T16:25:22.000Z,Rate Lock Question,Email,Open,15.4,E-0089,,true
LN-CS-001871,LN-AP-003391,2025-01-21T14:19:35.000Z,Appraisal Scheduling,Mobile App,Open,12.2,E-0092,,true
LN-CS-001872,LN-AP-003394,2025-07-29T14:39:20.000Z,Payoff Request,Chat,Closed,21.0,E-0130,,false
LN-CS-001873,LN-AP-003394,2025-07-31T12:22:37.000Z,Document Upload Issue,Phone,Closed,9.5,E-0100,,false
LN-CS-001874,LN-AP-003395,2026-04-07T12:35:32.000Z,Status Inquiry,Chat,Closed,15.3,E-0092,2,true
LN-CS-001875,LN-AP-003398,2025-08-14T18:10:17.000Z,Appraisal Scheduling,Email,Open,3.3,E-0095,,false
LN-CS-001876,LN-AP-003401,2026-08-26T15:36:58.000Z,Appraisal Scheduling,Phone,Open,7.4,E-0088,,false
LN-CS-001877,LN-AP-003407,2024-12-01T13:04:51.000Z,Status Inquiry,Phone,Open,12.4,E-0127,5,false
LN-CS-001878,LN-AP-003407,2024-11-30T11:16:30.000Z,Payoff Request,Email,Open,7.1,E-0076,1,true
LN-CS-001879,LN-AP-003408,2025-02-05T15:35:26.000Z,Rate Lock Question,Email,Closed,6.9,E-0082,4,false
LN-CS-001880,LN-AP-003408,2025-02-02T17:26:46.000Z,Payoff Request,Mobile App,Closed,7.1,E-0072,,false
LN-CS-001881,LN-AP-003412,2025-10-31T11:57:22.000Z,Payoff Request,Mobile App,Closed,9.2,E-0072,2,false
LN-CS-001882,LN-AP-003416,2025-12-11T13:08:43.000Z,Appraisal Scheduling,Mobile App,Closed,5.9,E-0062,,false
LN-CS-001883,LN-AP-003418,2024-12-11T09:40:08.000Z,Rate Lock Question,Email,Open,10.1,E-0081,3,true
LN-CS-001884,LN-AP-003418,2024-12-22T11:40:26.000Z,Payoff Request,Chat,Closed,14.0,E-0090,,false
LN-CS-001885,LN-AP-003420,2025-11-18T08:46:49.000Z,Rate Lock Question,Phone,Open,9.1,E-0116,,true
LN-CS-001886,LN-AP-003422,2025-05-31T08:00:26.000Z,Appraisal Scheduling,Chat,Closed,6.3,E-0062,3,true
LN-CS-001887,LN-AP-003423,2026-05-28T16:20:46.000Z,Status Inquiry,Phone,Closed,5.9,E-0119,5,false
LN-CS-001888,LN-AP-003424,2026-08-08T07:52:34.000Z,Status Inquiry,Chat,Closed,3.0,E-0074,4,true
LN-CS-001889,LN-AP-003426,2025-02-13T15:45:52.000Z,Appraisal Scheduling,Phone,Closed,8.9,E-0093,4,true
LN-CS-001890,LN-AP-003428,2025-11-22T09:40:41.000Z,Rate Lock Question,Chat,Closed,5.5,E-0091,5,false
LN-CS-001891,LN-AP-003429,2025-02-12T09:23:17.000Z,Document Upload Issue,Chat,Closed,7.9,E-0095,,false
LN-CS-001892,LN-AP-003430,2025-10-03T13:33:21.000Z,Payoff Request,Chat,Closed,7.6,E-0062,,false
LN-CS-001893,LN-AP-003434,2024-10-15T14:29:36.000Z,Payoff Request,Chat,Open,9.0,E-0103,,false
LN-CS-001894,LN-AP-003438,2026-04-16T18:02:03.000Z,Document Upload Issue,Email,Closed,11.3,E-0104,4,false
LN-CS-001895,LN-AP-003440,2025-04-20T11:29:15.000Z,Payoff Request,Chat,Closed,3.5,E-0125,2,true
LN-CS-001896,LN-AP-003441,2026-01-29T17:42:22.000Z,Document Upload Issue,Chat,Closed,8.6,E-0070,4,true
LN-CS-001897,LN-AP-003442,2024-10-21T17:53:29.000Z,Rate Lock Question,Phone,Closed,16.0,E-0126,,false
LN-CS-001898,LN-AP-003448,2025-04-03T10:22:50.000Z,Appraisal Scheduling,Phone,Closed,3.6,E-0106,5,false
LN-CS-001899,LN-AP-003450,2025-01-28T19:59:20.000Z,Payoff Request,Email,Closed,4.8,E-0106,,false
LN-CS-001900,LN-AP-003450,2025-02-08T15:55:26.000Z,Payoff Request,Email,Closed,5.7,E-0083,3,false
LN-CS-001901,LN-AP-003452,2025-07-22T11:20:06.000Z,Status Inquiry,Chat,Closed,6.9,E-0075,4,false
LN-CS-001902,LN-AP-003454,2025-07-27T16:47:18.000Z,Document Upload Issue,Mobile App,Closed,7.9,E-0134,1,false
LN-CS-001903,LN-AP-003454,2025-07-29T12:34:04.000Z,Payoff Request,Mobile App,Closed,10.0,E-0138,3,false
LN-CS-001904,LN-AP-003458,2026-02-21T07:39:37.000Z,Status Inquiry,Email,Open,9.6,E-0073,,true
LN-CS-001905,LN-AP-003459,2025-08-27T12:58:29.000Z,Status Inquiry,Chat,Closed,6.9,E-0080,,true
LN-CS-001906,LN-AP-003460,2026-08-22T13:09:50.000Z,Status Inquiry,Mobile App,Closed,6.4,E-0140,,true
LN-CS-001907,LN-AP-003463,2025-09-09T18:36:48.000Z,Rate Lock Question,Email,Open,4.7,E-0140,,false
LN-CS-001908,LN-AP-003466,2026-08-10T13:24:08.000Z,Status Inquiry,Chat,Closed,6.2,E-0066,5,false
LN-CS-001909,LN-AP-003467,2026-06-07T18:57:35.000Z,Appraisal Scheduling,Email,Closed,25.5,E-0120,,false
LN-CS-001910,LN-AP-003468,2025-05-31T19:32:42.000Z,Appraisal Scheduling,Chat,Closed,3.2,E-0063,,false
LN-CS-001911,LN-AP-003470,2025-01-02T19:00:58.000Z,Rate Lock Question,Phone,Closed,8.4,E-0138,5,false
LN-CS-001912,LN-AP-003471,2026-02-15T14:41:06.000Z,Rate Lock Question,Email,Closed,11.0,E-0076,,false
LN-CS-001913,LN-AP-003471,2026-03-08T07:38:58.000Z,Document Upload Issue,Phone,Open,6.6,E-0073,1,true
LN-CS-001914,LN-AP-003475,2025-02-15T07:24:20.000Z,Rate Lock Question,Chat,Open,16.2,E-0067,5,true
LN-CS-001915,LN-AP-003479,2026-07-05T07:53:19.000Z,Document Upload Issue,Chat,Open,15.0,E-0117,3,false
LN-CS-001916,LN-AP-003479,2026-06-30T12:45:11.000Z,Rate Lock Question,Mobile App,Closed,10.5,E-0094,,true
LN-CS-001917,LN-AP-003480,2025-07-16T15:06:06.000Z,Appraisal Scheduling,Email,Closed,10.3,E-0068,4,true
LN-CS-001918,LN-AP-003480,2025-08-10T13:26:28.000Z,Document Upload Issue,Email,Open,7.8,E-0082,,true
LN-CS-001919,LN-AP-003486,2026-08-20T19:29:31.000Z,Document Upload Issue,Mobile App,Closed,9.4,E-0077,,false
LN-CS-001920,LN-AP-003491,2026-02-21T08:04:58.000Z,Appraisal Scheduling,Phone,Closed,9.8,E-0137,2,true
LN-CS-001921,LN-AP-003495,2026-04-06T17:18:23.000Z,Appraisal Scheduling,Email,Open,2.5,E-0111,1,false
LN-CS-001922,LN-AP-003498,2026-07-05T10:59:49.000Z,Document Upload Issue,Chat,Open,4.0,E-0130,,true
LN-CS-001923,LN-AP-003510,2025-07-26T07:28:49.000Z,Rate Lock Question,Mobile App,Closed,4.0,E-0137,5,true
LN-CS-001924,LN-AP-003511,2025-05-11T12:32:16.000Z,Status Inquiry,Chat,Closed,7.8,E-0079,,true
LN-CS-001925,LN-AP-003512,2025-04-18T13:45:33.000Z,Rate Lock Question,Phone,Closed,17.9,E-0076,,false
LN-CS-001926,LN-AP-003513,2025-12-16T18:08:54.000Z,Appraisal Scheduling,Phone,Open,23.2,E-0095,4,false
LN-CS-001927,LN-AP-003514,2024-12-11T19:13:23.000Z,Rate Lock Question,Phone,Closed,9.9,E-0063,2,false
LN-CS-001928,LN-AP-003515,2025-08-05T14:28:57.000Z,Document Upload Issue,Mobile App,Open,5.3,E-0140,1,false
LN-CS-001929,LN-AP-003516,2026-07-06T18:19:40.000Z,Document Upload Issue,Email,Open,25.0,E-0125,,true
LN-CS-001930,LN-AP-003517,2025-12-28T07:55:11.000Z,Payoff Request,Chat,Open,8.3,E-0088,2,false
LN-CS-001931,LN-AP-003518,2025-02-20T19:10:23.000Z,Appraisal Scheduling,Chat,Open,8.1,E-0107,,true
LN-CS-001932,LN-AP-003518,2025-02-20T13:52:36.000Z,Appraisal Scheduling,Mobile App,Closed,7.4,E-0138,,true
LN-CS-001933,LN-AP-003519,2025-10-11T19:45:08.000Z,Rate Lock Question,Mobile App,Closed,16.2,E-0110,,false
LN-CS-001934,LN-AP-003520,2025-11-30T15:43:45.000Z,Payoff Request,Chat,Open,4.8,E-0119,5,true
LN-CS-001935,LN-AP-003522,2025-02-23T07:02:27.000Z,Appraisal Scheduling,Email,Closed,9.8,E-0134,4,false
LN-CS-001936,LN-AP-003523,2026-02-07T09:35:09.000Z,Rate Lock Question,Chat,Closed,8.5,E-0082,3,false
LN-CS-001937,LN-AP-003523,2026-02-02T10:23:13.000Z,Payoff Request,Mobile App,Open,15.3,E-0085,1,false
LN-CS-001938,LN-AP-003525,2026-02-02T14:35:04.000Z,Status Inquiry,Phone,Closed,8.7,E-0109,,false
LN-CS-001939,LN-AP-003526,2026-03-25T15:41:50.000Z,Document Upload Issue,Phone,Open,8.6,E-0117,,false
LN-CS-001940,LN-AP-003527,2026-07-04T07:06:16.000Z,Appraisal Scheduling,Chat,Open,8.2,E-0119,,false
LN-CS-001941,LN-AP-003528,2025-12-05T14:01:03.000Z,Rate Lock Question,Mobile App,Closed,6.5,E-0100,,false
LN-CS-001942,LN-AP-003530,2026-07-06T15:02:49.000Z,Payoff Request,Mobile App,Closed,19.4,E-0094,2,true
LN-CS-001943,LN-AP-003531,2025-05-20T08:20:14.000Z,Payoff Request,Email,Closed,4.9,E-0109,3,false
LN-CS-001944,LN-AP-003532,2025-01-02T18:56:07.000Z,Status Inquiry,Mobile App,Closed,19.6,E-0127,,false
LN-CS-001945,LN-AP-003534,2026-04-28T17:59:02.000Z,Status Inquiry,Mobile App,Closed,6.5,E-0140,,true
LN-CS-001946,LN-AP-003534,2026-04-06T18:09:00.000Z,Status Inquiry,Chat,Open,9.2,E-0114,,false
LN-CS-001947,LN-AP-003535,2026-05-07T19:35:45.000Z,Appraisal Scheduling,Email,Open,4.6,E-0118,,false
LN-CS-001948,LN-AP-003539,2025-09-21T11:43:34.000Z,Appraisal Scheduling,Chat,Closed,9.0,E-0073,,true
LN-CS-001949,LN-AP-003540,2025-09-16T17:52:11.000Z,Appraisal Scheduling,Chat,Closed,8.2,E-0107,4,true
LN-CS-001950,LN-AP-003540,2025-09-23T08:57:54.000Z,Document Upload Issue,Email,Closed,13.3,E-0102,,false
LN-CS-001951,LN-AP-003541,2026-01-07T14:51:12.000Z,Payoff Request,Phone,Closed,8.5,E-0104,,true
LN-CS-001952,LN-AP-003542,2026-07-22T11:04:12.000Z,Payoff Request,Email,Closed,7.6,E-0135,,false
LN-CS-001953,LN-AP-003544,2025-09-02T15:11:24.000Z,Appraisal Scheduling,Mobile App,Closed,4.8,E-0096,5,false
LN-CS-001954,LN-AP-003546,2026-07-05T07:38:49.000Z,Appraisal Scheduling,Phone,Closed,7.7,E-0110,,true
LN-CS-001955,LN-AP-003547,2025-08-10T19:06:32.000Z,Payoff Request,Email,Open,2.6,E-0107,4,true
LN-CS-001956,LN-AP-003549,2025-01-19T10:28:33.000Z,Appraisal Scheduling,Email,Closed,10.4,E-0097,1,true
LN-CS-001957,LN-AP-003550,2024-11-05T16:44:06.000Z,Status Inquiry,Chat,Closed,13.8,E-0116,,true
LN-CS-001958,LN-AP-003554,2025-02-21T14:56:29.000Z,Status Inquiry,Mobile App,Closed,6.8,E-0122,5,true
LN-CS-001959,LN-AP-003556,2025-05-03T10:53:50.000Z,Document Upload Issue,Phone,Closed,7.3,E-0089,,false
LN-CS-001960,LN-AP-003558,2025-01-30T12:57:12.000Z,Status Inquiry,Mobile App,Closed,13.0,E-0140,5,false
LN-CS-001961,LN-AP-003558,2025-02-01T09:19:41.000Z,Status Inquiry,Email,Closed,14.2,E-0126,4,false
LN-CS-001962,LN-AP-003566,2025-01-30T13:03:33.000Z,Appraisal Scheduling,Chat,Closed,7.8,E-0136,4,false
LN-CS-001963,LN-AP-003567,2026-01-19T12:24:13.000Z,Appraisal Scheduling,Email,Closed,5.0,E-0098,,true
LN-CS-001964,LN-AP-003570,2025-02-20T10:17:23.000Z,Document Upload Issue,Email,Open,2.2,E-0124,4,true
LN-CS-001965,LN-AP-003574,2026-08-14T17:13:40.000Z,Payoff Request,Mobile App,Open,13.2,E-0061,4,true
LN-CS-001966,LN-AP-003576,2025-10-25T17:20:26.000Z,Status Inquiry,Phone,Closed,7.6,E-0111,1,false
LN-CS-001967,LN-AP-003576,2025-10-13T09:49:32.000Z,Payoff Request,Mobile App,Closed,4.6,E-0074,,true
LN-CS-001968,LN-AP-003577,2025-06-11T11:11:25.000Z,Status Inquiry,Mobile App,Open,6.9,E-0096,,false
LN-CS-001969,LN-AP-003580,2024-12-19T19:38:52.000Z,Rate Lock Question,Email,Closed,2.4,E-0132,3,true
LN-CS-001970,LN-AP-003582,2026-04-18T07:23:09.000Z,Payoff Request,Phone,Open,6.5,E-0084,5,true
LN-CS-001971,LN-AP-003582,2026-05-03T10:53:20.000Z,Payoff Request,Mobile App,Closed,7.2,E-0067,5,false
LN-CS-001972,LN-AP-003585,2025-08-31T13:42:40.000Z,Rate Lock Question,Email,Closed,3.9,E-0078,2,true
LN-CS-001973,LN-AP-003586,2025-03-04T16:17:12.000Z,Status Inquiry,Phone,Open,9.6,E-0123,,false
LN-CS-001974,LN-AP-003589,2024-11-04T17:53:47.000Z,Appraisal Scheduling,Email,Closed,18.0,E-0110,,true
LN-CS-001975,LN-AP-003593,2025-04-26T08:18:02.000Z,Payoff Request,Email,Closed,5.6,E-0134,,false
LN-CS-001976,LN-AP-003593,2025-05-04T11:30:59.000Z,Status Inquiry,Phone,Closed,10.8,E-0133,,true
LN-CS-001977,LN-AP-003594,2026-07-18T19:41:41.000Z,Appraisal Scheduling,Phone,Closed,15.0,E-0098,,false
LN-CS-001978,LN-AP-003596,2026-07-09T17:26:50.000Z,Appraisal Scheduling,Email,Closed,5.2,E-0138,,false
LN-CS-001979,LN-AP-003597,2025-07-02T16:01:54.000Z,Payoff Request,Phone,Closed,7.2,E-0128,,false
LN-CS-001980,LN-AP-003599,2025-02-15T18:42:16.000Z,Appraisal Scheduling,Email,Closed,9.1,E-0076,,true
LN-CS-001981,LN-AP-003599,2025-02-12T16:52:23.000Z,Status Inquiry,Phone,Closed,18.4,E-0112,,false
LN-CS-001982,LN-AP-003605,2025-05-03T13:32:28.000Z,Appraisal Scheduling,Email,Open,7.8,E-0125,,false
LN-CS-001983,LN-AP-003606,2024-11-21T13:39:19.000Z,Appraisal Scheduling,Phone,Closed,10.4,E-0087,2,false
LN-CS-001984,LN-AP-003606,2024-11-06T13:13:55.000Z,Document Upload Issue,Chat,Closed,4.8,E-0082,,true
LN-CS-001985,LN-AP-003609,2026-01-01T15:45:32.000Z,Payoff Request,Email,Closed,18.2,E-0128,,false
LN-CS-001986,LN-AP-003616,2024-11-15T17:29:20.000Z,Appraisal Scheduling,Email,Open,6.2,E-0094,,false
LN-CS-001987,LN-AP-003617,2026-04-30T14:13:08.000Z,Payoff Request,Mobile App,Closed,6.4,E-0121,3,false
LN-CS-001988,LN-AP-003617,2026-05-06T09:42:12.000Z,Payoff Request,Phone,Open,14.7,E-0083,4,false
LN-CS-001989,LN-AP-003618,2025-09-15T19:03:49.000Z,Rate Lock Question,Email,Closed,8.6,E-0123,5,true
LN-CS-001990,LN-AP-003623,2025-04-18T17:25:13.000Z,Status Inquiry,Mobile App,Open,8.5,E-0136,,true
LN-CS-001991,LN-AP-003624,2025-11-06T13:45:30.000Z,Status Inquiry,Email,Closed,7.6,E-0063,,false
LN-CS-001992,LN-AP-003626,2025-10-09T17:40:12.000Z,Rate Lock Question,Chat,Closed,12.5,E-0065,1,true
LN-CS-001993,LN-AP-003628,2025-07-11T13:25:37.000Z,Payoff Request,Email,Open,8.8,E-0084,,false
LN-CS-001994,LN-AP-003629,2025-09-04T13:22:58.000Z,Status Inquiry,Phone,Closed,7.0,E-0064,1,false
LN-CS-001995,LN-AP-003630,2025-07-15T17:07:27.000Z,Document Upload Issue,Email,Closed,18.7,E-0063,4,true
LN-CS-001996,LN-AP-003631,2025-04-25T14:39:14.000Z,Status Inquiry,Mobile App,Closed,8.4,E-0083,2,false
LN-CS-001997,LN-AP-003633,2026-05-05T13:39:55.000Z,Rate Lock Question,Mobile App,Closed,7.5,E-0089,,true
LN-CS-001998,LN-AP-003633,2026-05-17T11:39:46.000Z,Status Inquiry,Mobile App,Open,4.2,E-0078,5,false
LN-CS-001999,LN-AP-003634,2026-06-04T07:14:04.000Z,Appraisal Scheduling,Email,Open,6.4,E-0068,2,false
LN-CS-002000,LN-AP-003635,2024-12-04T13:04:47.000Z,Appraisal Scheduling,Chat,Closed,4.2,E-0140,,true
LN-CS-002001,LN-AP-003636,2026-08-08T12:43:30.000Z,Appraisal Scheduling,Email,Closed,12.4,E-0126,5,true
LN-CS-002002,LN-AP-003637,2025-04-09T11:11:20.000Z,Payoff Request,Phone,Closed,8.1,E-0093,,true
LN-CS-002003,LN-AP-003645,2025-01-23T13:03:34.000Z,Rate Lock Question,Mobile App,Open,12.0,E-0112,4,false
LN-CS-002004,LN-AP-003646,2026-05-14T08:16:32.000Z,Document Upload Issue,Chat,Open,6.8,E-0107,1,true
LN-CS-002005,LN-AP-003648,2024-11-11T16:10:02.000Z,Rate Lock Question,Mobile App,Closed,7.2,E-0130,3,true
LN-CS-002006,LN-AP-003650,2026-08-31T10:22:20.000Z,Payoff Request,Phone,Closed,5.5,E-0131,4,false
LN-CS-002007,LN-AP-003652,2026-03-02T10:28:47.000Z,Rate Lock Question,Chat,Open,6.7,E-0131,,false
LN-CS-002008,LN-AP-003654,2026-03-19T09:18:35.000Z,Document Upload Issue,Email,Closed,3.4,E-0135,,true
LN-CS-002009,LN-AP-003655,2025-02-07T17:53:43.000Z,Appraisal Scheduling,Phone,Closed,6.6,E-0088,,true
LN-CS-002010,LN-AP-003657,2025-11-09T14:50:41.000Z,Document Upload Issue,Mobile App,Closed,19.0,E-0071,,false
LN-CS-002011,LN-AP-003659,2026-04-16T08:19:15.000Z,Appraisal Scheduling,Phone,Closed,7.9,E-0070,,false
LN-CS-002012,LN-AP-003659,2026-04-15T17:49:31.000Z,Rate Lock Question,Mobile App,Closed,4.6,E-0112,,true
LN-CS-002013,LN-AP-003662,2026-01-20T12:25:19.000Z,Rate Lock Question,Mobile App,Open,11.3,E-0119,,false
LN-CS-002014,LN-AP-003663,2025-05-19T09:52:57.000Z,Status Inquiry,Email,Closed,7.5,E-0108,,false
LN-CS-002015,LN-AP-003668,2025-02-06T13:02:00.000Z,Rate Lock Question,Chat,Closed,4.5,E-0113,,false
LN-CS-002016,LN-AP-003669,2025-02-21T11:36:22.000Z,Appraisal Scheduling,Phone,Open,4.7,E-0120,3,false
LN-CS-002017,LN-AP-003672,2025-01-06T07:46:59.000Z,Payoff Request,Email,Closed,16.1,E-0110,,true
LN-CS-002018,LN-AP-003674,2024-12-23T12:53:10.000Z,Document Upload Issue,Chat,Closed,7.5,E-0130,,false
LN-CS-002019,LN-AP-003676,2026-08-01T16:46:51.000Z,Appraisal Scheduling,Mobile App,Closed,5.7,E-0124,1,false
LN-CS-002020,LN-AP-003677,2025-03-16T08:23:14.000Z,Rate Lock Question,Mobile App,Closed,8.2,E-0086,5,true
LN-CS-002021,LN-AP-003678,2025-11-02T12:11:44.000Z,Payoff Request,Mobile App,Closed,13.8,E-0130,,false
LN-CS-002022,LN-AP-003681,2024-10-24T13:20:05.000Z,Document Upload Issue,Mobile App,Open,12.5,E-0062,1,false
LN-CS-002023,LN-AP-003682,2025-02-09T17:50:06.000Z,Document Upload Issue,Mobile App,Open,8.1,E-0073,,false
LN-CS-002024,LN-AP-003686,2026-06-24T12:07:57.000Z,Rate Lock Question,Email,Closed,6.9,E-0063,,true
LN-CS-002025,LN-AP-003688,2025-06-22T08:02:48.000Z,Rate Lock Question,Phone,Closed,7.9,E-0132,2,true
LN-CS-002026,LN-AP-003689,2025-08-09T14:02:54.000Z,Appraisal Scheduling,Chat,Closed,6.1,E-0082,2,false
LN-CS-002027,LN-AP-003690,2026-01-24T18:03:24.000Z,Status Inquiry,Mobile App,Open,6.8,E-0111,4,false
LN-CS-002028,LN-AP-003691,2025-02-18T18:13:19.000Z,Rate Lock Question,Phone,Open,6.1,E-0093,3,false
LN-CS-002029,LN-AP-003693,2024-11-29T11:57:58.000Z,Rate Lock Question,Phone,Closed,4.6,E-0095,,true
LN-CS-002030,LN-AP-003696,2025-09-13T17:09:05.000Z,Rate Lock Question,Chat,Open,6.2,E-0073,,false
LN-CS-002031,LN-AP-003696,2025-08-21T18:49:39.000Z,Appraisal Scheduling,Mobile App,Closed,4.4,E-0130,,true
LN-CS-002032,LN-AP-003698,2026-01-31T08:05:43.000Z,Appraisal Scheduling,Mobile App,Closed,13.9,E-0106,2,true
LN-CS-002033,LN-AP-003701,2025-03-28T10:04:13.000Z,Rate Lock Question,Email,Open,8.7,E-0097,,true
LN-CS-002034,LN-AP-003702,2025-09-24T14:04:10.000Z,Appraisal Scheduling,Phone,Closed,6.6,E-0109,,false
LN-CS-002035,LN-AP-003704,2025-06-05T07:38:30.000Z,Status Inquiry,Phone,Open,4.2,E-0117,2,false
LN-CS-002036,LN-AP-003707,2025-08-11T11:57:09.000Z,Status Inquiry,Mobile App,Closed,7.5,E-0063,1,false
LN-CS-002037,LN-AP-003710,2025-03-08T09:57:18.000Z,Status Inquiry,Chat,Closed,14.5,E-0099,5,false
LN-CS-002038,LN-AP-003713,2026-02-21T18:49:04.000Z,Status Inquiry,Chat,Closed,4.1,E-0113,1,true
LN-CS-002039,LN-AP-003713,2026-03-11T12:34:57.000Z,Document Upload Issue,Mobile App,Open,5.7,E-0119,2,true
LN-CS-002040,LN-AP-003714,2026-05-23T09:52:10.000Z,Document Upload Issue,Email,Open,20.5,E-0104,,true
LN-CS-002041,LN-AP-003716,2024-10-28T16:28:56.000Z,Appraisal Scheduling,Phone,Closed,3.3,E-0126,4,false
LN-CS-002042,LN-AP-003718,2025-03-15T09:29:59.000Z,Appraisal Scheduling,Email,Open,4.6,E-0066,,true
LN-CS-002043,LN-AP-003719,2026-08-21T16:10:26.000Z,Payoff Request,Email,Closed,5.3,E-0114,1,true
LN-CS-002044,LN-AP-003721,2026-08-18T09:53:17.000Z,Status Inquiry,Email,Closed,10.4,E-0127,4,true
LN-CS-002045,LN-AP-003722,2025-11-04T13:57:07.000Z,Appraisal Scheduling,Chat,Closed,15.2,E-0064,3,false
LN-CS-002046,LN-AP-003722,2025-11-07T12:45:58.000Z,Document Upload Issue,Mobile App,Closed,13.6,E-0063,4,true
LN-CS-002047,LN-AP-003723,2024-10-13T11:25:07.000Z,Status Inquiry,Chat,Closed,8.4,E-0104,2,false
LN-CS-002048,LN-AP-003729,2025-10-18T18:28:41.000Z,Rate Lock Question,Chat,Closed,5.8,E-0090,1,false
LN-CS-002049,LN-AP-003731,2026-03-06T09:33:26.000Z,Rate Lock Question,Chat,Closed,9.0,E-0079,,true
LN-CS-002050,LN-AP-003732,2026-05-30T11:33:26.000Z,Document Upload Issue,Phone,Closed,9.5,E-0117,1,false
LN-CS-002051,LN-AP-003733,2025-05-15T07:51:21.000Z,Appraisal Scheduling,Chat,Closed,5.7,E-0129,1,true
LN-CS-002052,LN-AP-003734,2026-08-10T12:58:37.000Z,Status Inquiry,Email,Open,14.5,E-0106,,true
LN-CS-002053,LN-AP-003740,2026-08-30T10:32:36.000Z,Payoff Request,Chat,Closed,4.9,E-0101,2,false
LN-CS-002054,LN-AP-003743,2025-04-12T12:04:46.000Z,Payoff Request,Email,Closed,8.0,E-0140,,false
LN-CS-002055,LN-AP-003746,2026-06-30T12:48:39.000Z,Rate Lock Question,Chat,Open,22.5,E-0130,,true
LN-CS-002056,LN-AP-003750,2025-06-16T19:58:45.000Z,Appraisal Scheduling,Email,Closed,6.0,E-0121,,false
LN-CS-002057,LN-AP-003751,2026-05-16T13:08:36.000Z,Status Inquiry,Chat,Open,10.3,E-0082,,false
LN-CS-002058,LN-AP-003751,2026-05-08T11:45:21.000Z,Status Inquiry,Mobile App,Closed,8.3,E-0096,4,false
LN-CS-002059,LN-AP-003755,2025-12-31T08:55:39.000Z,Rate Lock Question,Email,Open,7.9,E-0106,,false
LN-CS-002060,LN-AP-003760,2025-04-24T18:32:41.000Z,Status Inquiry,Chat,Closed,7.5,E-0096,4,false
LN-CS-002061,LN-AP-003763,2025-04-29T09:00:53.000Z,Appraisal Scheduling,Mobile App,Closed,2.8,E-0113,,true
LN-CS-002062,LN-AP-003764,2025-11-10T09:39:09.000Z,Status Inquiry,Email,Closed,8.6,E-0113,1,true
LN-CS-002063,LN-AP-003764,2025-11-10T12:33:13.000Z,Document Upload Issue,Mobile App,Closed,13.1,E-0065,,false
LN-CS-002064,LN-AP-003765,2024-11-24T14:24:29.000Z,Rate Lock Question,Phone,Closed,7.9,E-0073,2,true
LN-CS-002065,LN-AP-003765,2024-11-22T14:38:32.000Z,Status Inquiry,Phone,Closed,2.8,E-0091,,true
LN-CS-002066,LN-AP-003769,2024-10-13T08:40:47.000Z,Document Upload Issue,Phone,Closed,8.7,E-0067,1,false
LN-CS-002067,LN-AP-003770,2025-09-08T17:37:53.000Z,Rate Lock Question,Phone,Open,7.4,E-0123,,false
LN-CS-002068,LN-AP-003771,2025-06-07T19:33:34.000Z,Document Upload Issue,Phone,Closed,22.8,E-0114,,false
LN-CS-002069,LN-AP-003778,2024-10-19T13:45:53.000Z,Appraisal Scheduling,Chat,Closed,10.2,E-0112,3,false
LN-CS-002070,LN-AP-003778,2024-10-14T08:25:49.000Z,Document Upload Issue,Mobile App,Open,8.3,E-0066,1,true
LN-CS-002071,LN-AP-003782,2026-05-30T18:28:13.000Z,Payoff Request,Email,Closed,9.2,E-0077,1,false
LN-CS-002072,LN-AP-003785,2025-08-28T14:27:48.000Z,Status Inquiry,Chat,Closed,4.7,E-0075,,false
LN-CS-002073,LN-AP-003789,2024-11-23T10:11:20.000Z,Payoff Request,Mobile App,Closed,10.9,E-0083,,false
LN-CS-002074,LN-AP-003791,2025-10-25T08:14:58.000Z,Status Inquiry,Chat,Closed,7.2,E-0122,,true
LN-CS-002075,LN-AP-003792,2026-07-23T15:42:42.000Z,Payoff Request,Chat,Open,9.0,E-0087,5,false
LN-CS-002076,LN-AP-003792,2026-07-23T10:53:37.000Z,Rate Lock Question,Email,Open,4.1,E-0078,,true
LN-CS-002077,LN-AP-003793,2025-04-04T18:25:04.000Z,Document Upload Issue,Mobile App,Open,6.4,E-0137,2,false
LN-CS-002078,LN-AP-003794,2024-11-20T17:35:32.000Z,Document Upload Issue,Mobile App,Open,9.9,E-0131,,true
LN-CS-002079,LN-AP-003795,2025-09-20T09:59:12.000Z,Document Upload Issue,Phone,Closed,5.6,E-0096,4,false
LN-CS-002080,LN-AP-003796,2026-08-31T12:21:04.000Z,Document Upload Issue,Email,Open,11.0,E-0069,3,true
LN-CS-002081,LN-AP-003798,2026-03-11T11:05:13.000Z,Document Upload Issue,Phone,Closed,30.8,E-0127,2,false
LN-CS-002082,LN-AP-003804,2026-06-25T07:21:47.000Z,Status Inquiry,Chat,Closed,11.7,E-0066,4,true
LN-CS-002083,LN-AP-003805,2025-07-09T15:47:30.000Z,Payoff Request,Email,Closed,10.7,E-0079,,false
LN-CS-002084,LN-AP-003806,2024-11-20T13:38:41.000Z,Rate Lock Question,Mobile App,Closed,25.9,E-0104,2,false
LN-CS-002085,LN-AP-003807,2026-08-24T07:43:20.000Z,Appraisal Scheduling,Mobile App,Closed,8.1,E-0137,,false
LN-CS-002086,LN-AP-003808,2025-04-20T12:28:50.000Z,Rate Lock Question,Mobile App,Open,13.2,E-0076,,false
LN-CS-002087,LN-AP-003810,2025-06-29T16:31:22.000Z,Rate Lock Question,Mobile App,Open,7.7,E-0117,,true
LN-CS-002088,LN-AP-003814,2025-07-03T19:31:16.000Z,Payoff Request,Mobile App,Closed,5.0,E-0107,3,false
LN-CS-002089,LN-AP-003815,2025-05-28T07:42:10.000Z,Payoff Request,Email,Closed,6.6,E-0113,3,false
LN-CS-002090,LN-AP-003815,2025-06-27T09:11:50.000Z,Document Upload Issue,Chat,Closed,16.5,E-0129,1,true
LN-CS-002091,LN-AP-003817,2025-10-15T15:38:56.000Z,Rate Lock Question,Mobile App,Closed,11.4,E-0135,,false
LN-CS-002092,LN-AP-003819,2024-12-04T13:20:43.000Z,Status Inquiry,Chat,Closed,5.5,E-0128,,false
LN-CS-002093,LN-AP-003826,2026-08-31T16:41:39.000Z,Appraisal Scheduling,Mobile App,Open,17.3,E-0064,3,true
LN-CS-002094,LN-AP-003826,2026-08-31T18:25:33.000Z,Appraisal Scheduling,Email,Closed,7.1,E-0100,,false
LN-CS-002095,LN-AP-003828,2024-11-20T19:45:31.000Z,Rate Lock Question,Email,Closed,7.6,E-0062,,true
LN-CS-002096,LN-AP-003830,2025-10-03T19:04:28.000Z,Payoff Request,Email,Closed,5.4,E-0115,,false
LN-CS-002097,LN-AP-003832,2026-05-15T14:49:15.000Z,Rate Lock Question,Email,Closed,5.1,E-0092,4,true
LN-CS-002098,LN-AP-003833,2024-12-07T15:26:16.000Z,Appraisal Scheduling,Email,Closed,18.0,E-0076,,true
LN-CS-002099,LN-AP-003833,2024-12-08T18:27:13.000Z,Payoff Request,Mobile App,Closed,6.1,E-0112,,false
LN-CS-002100,LN-AP-003837,2025-05-18T10:52:55.000Z,Document Upload Issue,Chat,Open,7.7,E-0095,,false
LN-CS-002101,LN-AP-003838,2026-06-04T07:04:53.000Z,Rate Lock Question,Chat,Open,3.2,E-0110,,false
LN-CS-002102,LN-AP-003843,2026-04-15T08:58:57.000Z,Payoff Request,Chat,Closed,11.6,E-0064,,false
LN-CS-002103,LN-AP-003844,2025-10-29T17:58:25.000Z,Document Upload Issue,Phone,Open,7.9,E-0065,,true
LN-CS-002104,LN-AP-003846,2025-07-15T07:11:21.000Z,Document Upload Issue,Email,Closed,25.3,E-0069,,false
LN-CS-002105,LN-AP-003850,2026-08-05T07:19:43.000Z,Appraisal Scheduling,Phone,Closed,4.3,E-0068,5,true
LN-CS-002106,LN-AP-003854,2025-06-02T12:49:36.000Z,Status Inquiry,Email,Open,3.4,E-0111,,false
LN-CS-002107,LN-AP-003856,2024-10-10T11:59:35.000Z,Rate Lock Question,Phone,Closed,11.5,E-0102,,false
LN-CS-002108,LN-AP-003857,2025-09-23T16:41:42.000Z,Document Upload Issue,Email,Open,5.2,E-0061,3,true
LN-CS-002109,LN-AP-003857,2025-09-24T12:20:45.000Z,Payoff Request,Phone,Open,13.9,E-0069,,true
LN-CS-002110,LN-AP-003858,2026-01-14T10:27:02.000Z,Appraisal Scheduling,Email,Closed,3.8,E-0108,3,false
LN-CS-002111,LN-AP-003863,2025-01-21T14:41:11.000Z,Appraisal Scheduling,Email,Closed,2.5,E-0136,,true
LN-CS-002112,LN-AP-003863,2025-02-02T08:57:37.000Z,Payoff Request,Phone,Open,16.4,E-0075,1,true
LN-CS-002113,LN-AP-003865,2025-01-30T07:50:20.000Z,Document Upload Issue,Mobile App,Closed,5.5,E-0099,2,false
LN-CS-002114,LN-AP-003865,2025-02-28T17:09:04.000Z,Appraisal Scheduling,Mobile App,Closed,12.6,E-0123,4,false
LN-CS-002115,LN-AP-003868,2025-02-07T19:11:16.000Z,Payoff Request,Phone,Closed,18.8,E-0086,,false
LN-CS-002116,LN-AP-003869,2026-07-16T13:35:58.000Z,Rate Lock Question,Phone,Closed,4.2,E-0077,1,false
LN-CS-002117,LN-AP-003869,2026-07-12T14:07:03.000Z,Status Inquiry,Chat,Closed,5.5,E-0089,4,false
LN-CS-002118,LN-AP-003871,2025-04-14T09:48:35.000Z,Payoff Request,Phone,Closed,5.2,E-0079,,false
LN-CS-002119,LN-AP-003872,2025-05-09T08:27:38.000Z,Rate Lock Question,Chat,Closed,6.1,E-0140,4,true
LN-CS-002120,LN-AP-003873,2024-12-02T09:39:58.000Z,Status Inquiry,Email,Closed,17.1,E-0110,4,false
LN-CS-002121,LN-AP-003874,2026-04-16T13:00:18.000Z,Document Upload Issue,Email,Closed,15.1,E-0065,,true
LN-CS-002122,LN-AP-003875,2025-02-12T19:35:52.000Z,Appraisal Scheduling,Email,Closed,10.8,E-0110,,true
LN-CS-002123,LN-AP-003881,2024-12-11T13:39:04.000Z,Rate Lock Question,Chat,Open,7.3,E-0130,2,true
LN-CS-002124,LN-AP-003886,2025-05-30T15:44:25.000Z,Document Upload Issue,Chat,Closed,8.4,E-0122,,false
LN-CS-002125,LN-AP-003888,2026-07-25T19:46:54.000Z,Document Upload Issue,Phone,Closed,4.8,E-0097,,false
LN-CS-002126,LN-AP-003889,2026-02-04T14:14:09.000Z,Status Inquiry,Chat,Open,5.6,E-0114,4,false
LN-CS-002127,LN-AP-003891,2026-08-20T13:04:16.000Z,Appraisal Scheduling,Mobile App,Open,7.6,E-0092,,false
LN-CS-002128,LN-AP-003892,2025-01-06T07:58:43.000Z,Appraisal Scheduling,Phone,Closed,3.8,E-0089,5,true
LN-CS-002129,LN-AP-003902,2025-08-12T13:24:51.000Z,Document Upload Issue,Email,Closed,11.3,E-0126,1,true
LN-CS-002130,LN-AP-003906,2025-08-22T11:38:03.000Z,Document Upload Issue,Phone,Closed,7.5,E-0101,,false
LN-CS-002131,LN-AP-003908,2025-03-19T11:36:12.000Z,Document Upload Issue,Email,Closed,13.1,E-0090,4,true
LN-CS-002132,LN-AP-003910,2024-11-29T14:35:18.000Z,Status Inquiry,Chat,Closed,3.9,E-0070,5,true
LN-CS-002133,LN-AP-003912,2025-07-09T16:22:58.000Z,Payoff Request,Phone,Open,9.0,E-0137,,false
LN-CS-002134,LN-AP-003916,2026-03-03T19:30:04.000Z,Payoff Request,Email,Closed,8.8,E-0068,4,true
LN-CS-002135,LN-AP-003916,2026-02-28T12:08:59.000Z,Payoff Request,Chat,Open,3.3,E-0121,4,false
LN-CS-002136,LN-AP-003918,2024-11-23T11:06:25.000Z,Payoff Request,Phone,Open,23.2,E-0118,2,false
LN-CS-002137,LN-AP-003920,2025-06-27T09:23:18.000Z,Document Upload Issue,Mobile App,Closed,10.1,E-0075,,true
LN-CS-002138,LN-AP-003923,2026-07-02T14:46:29.000Z,Document Upload Issue,Email,Closed,9.5,E-0063,,false
LN-CS-002139,LN-AP-003925,2025-06-25T09:35:29.000Z,Rate Lock Question,Mobile App,Closed,11.0,E-0131,,false
LN-CS-002140,LN-AP-003927,2024-11-10T11:03:17.000Z,Payoff Request,Chat,Closed,5.4,E-0109,1,false
LN-CS-002141,LN-AP-003927,2024-11-19T10:03:22.000Z,Payoff Request,Email,Closed,10.3,E-0068,,true
LN-CS-002142,LN-AP-003928,2026-08-27T10:01:11.000Z,Document Upload Issue,Phone,Closed,6.6,E-0077,2,true
LN-CS-002143,LN-AP-003934,2025-06-11T17:51:55.000Z,Payoff Request,Email,Closed,16.5,E-0088,,false
LN-CS-002144,LN-AP-003935,2026-08-31T13:23:01.000Z,Appraisal Scheduling,Phone,Closed,8.9,E-0093,,true
LN-CS-002145,LN-AP-003936,2024-11-07T13:55:41.000Z,Document Upload Issue,Mobile App,Open,4.7,E-0095,,false
LN-CS-002146,LN-AP-003937,2026-03-29T19:58:07.000Z,Rate Lock Question,Email,Closed,14.8,E-0090,,true
LN-CS-002147,LN-AP-003937,2026-04-19T07:36:55.000Z,Document Upload Issue,Email,Closed,17.1,E-0105,1,true
LN-CS-002148,LN-AP-003938,2025-05-19T19:05:18.000Z,Status Inquiry,Chat,Open,4.2,E-0097,,false
LN-CS-002149,LN-AP-003938,2025-05-10T16:29:51.000Z,Appraisal Scheduling,Email,Open,8.0,E-0065,4,true
LN-CS-002150,LN-AP-003939,2026-08-26T12:45:58.000Z,Rate Lock Question,Chat,Closed,5.6,E-0061,3,false
LN-CS-002151,LN-AP-003940,2025-08-19T08:55:58.000Z,Appraisal Scheduling,Email,Closed,9.4,E-0118,,false
LN-CS-002152,LN-AP-003942,2025-05-09T13:40:37.000Z,Payoff Request,Chat,Closed,10.7,E-0139,,false
LN-CS-002153,LN-AP-003943,2024-12-13T10:53:08.000Z,Appraisal Scheduling,Mobile App,Closed,5.3,E-0113,5,true
LN-CS-002154,LN-AP-003943,2024-12-14T18:13:05.000Z,Payoff Request,Email,Closed,3.2,E-0136,,true
LN-CS-002155,LN-AP-003944,2025-07-20T12:47:12.000Z,Document Upload Issue,Email,Closed,14.5,E-0135,,false
LN-CS-002156,LN-AP-003946,2025-08-19T07:54:18.000Z,Document Upload Issue,Mobile App,Closed,11.3,E-0066,2,true
LN-CS-002157,LN-AP-003946,2025-08-19T12:29:17.000Z,Document Upload Issue,Mobile App,Open,3.4,E-0095,,false
LN-CS-002158,LN-AP-003948,2024-11-03T19:13:32.000Z,Document Upload Issue,Chat,Open,8.4,E-0064,4,false
LN-CS-002159,LN-AP-003949,2026-05-06T08:03:48.000Z,Document Upload Issue,Email,Closed,9.7,E-0091,,true
LN-CS-002160,LN-AP-003951,2024-12-26T07:55:43.000Z,Rate Lock Question,Email,Open,12.7,E-0083,,true
LN-CS-002161,LN-AP-003952,2025-02-27T18:07:59.000Z,Rate Lock Question,Chat,Closed,7.0,E-0076,,false
LN-CS-002162,LN-AP-003954,2025-01-26T15:23:12.000Z,Appraisal Scheduling,Email,Open,11.9,E-0066,,false
LN-CS-002163,LN-AP-003954,2025-01-24T17:26:44.000Z,Appraisal Scheduling,Phone,Open,6.2,E-0128,,false
LN-CS-002164,LN-AP-003955,2025-09-19T11:55:54.000Z,Appraisal Scheduling,Chat,Open,4.8,E-0071,,true
LN-CS-002165,LN-AP-003961,2025-04-10T10:26:37.000Z,Document Upload Issue,Email,Open,13.1,E-0120,,true
LN-CS-002166,LN-AP-003962,2025-07-02T13:24:14.000Z,Rate Lock Question,Email,Closed,6.2,E-0107,3,false
LN-CS-002167,LN-AP-003963,2026-07-07T07:55:47.000Z,Document Upload Issue,Chat,Open,10.8,E-0101,4,false
LN-CS-002168,LN-AP-003964,2024-12-15T11:56:17.000Z,Rate Lock Question,Mobile App,Closed,10.4,E-0110,,true
LN-CS-002169,LN-AP-003965,2025-09-24T08:50:19.000Z,Payoff Request,Chat,Closed,8.5,E-0108,,false
LN-CS-002170,LN-AP-003967,2025-01-07T11:52:10.000Z,Appraisal Scheduling,Phone,Open,5.9,E-0111,3,false
LN-CS-002171,LN-AP-003968,2026-05-01T07:45:33.000Z,Status Inquiry,Chat,Closed,9.4,E-0093,,false
LN-CS-002172,LN-AP-003971,2025-04-14T17:21:06.000Z,Rate Lock Question,Chat,Open,9.5,E-0104,2,true
LN-CS-002173,LN-AP-003972,2026-08-02T13:59:43.000Z,Appraisal Scheduling,Chat,Closed,19.1,E-0110,5,true
LN-CS-002174,LN-AP-003975,2025-08-31T08:30:44.000Z,Document Upload Issue,Chat,Open,13.4,E-0089,2,false
LN-CS-002175,LN-AP-003976,2024-12-22T10:30:10.000Z,Status Inquiry,Mobile App,Open,5.1,E-0125,,false
LN-CS-002176,LN-AP-003977,2025-09-05T12:02:08.000Z,Rate Lock Question,Chat,Open,10.9,E-0080,,true
LN-CS-002177,LN-AP-003977,2025-08-22T13:28:40.000Z,Appraisal Scheduling,Email,Closed,15.9,E-0061,1,false
LN-CS-002178,LN-AP-003983,2026-08-12T13:04:03.000Z,Appraisal Scheduling,Chat,Closed,9.6,E-0132,4,false
LN-CS-002179,LN-AP-003984,2025-03-17T17:43:38.000Z,Status Inquiry,Chat,Closed,9.2,E-0088,4,true
LN-CS-002180,LN-AP-003990,2025-04-21T14:20:11.000Z,Document Upload Issue,Chat,Closed,12.2,E-0134,5,true
LN-CS-002181,LN-AP-003991,2026-04-03T09:58:58.000Z,Document Upload Issue,Phone,Closed,9.4,E-0126,,true
LN-CS-002182,LN-AP-003993,2026-07-31T18:49:29.000Z,Status Inquiry,Chat,Closed,7.6,E-0085,,false
LN-CS-002183,LN-AP-003994,2025-02-13T15:01:19.000Z,Rate Lock Question,Phone,Closed,7.1,E-0096,,false
LN-CS-002184,LN-AP-003994,2025-02-03T11:08:55.000Z,Appraisal Scheduling,Email,Closed,15.7,E-0064,,false
LN-CS-002185,LN-AP-003998,2026-01-11T09:30:21.000Z,Status Inquiry,Email,Open,5.1,E-0124,4,false
LN-CS-002186,LN-AP-003999,2026-07-11T19:18:11.000Z,Payoff Request,Phone,Closed,6.5,E-0072,1,true
LN-CS-002187,LN-AP-004002,2025-05-09T07:02:20.000Z,Payoff Request,Mobile App,Closed,9.7,E-0137,2,true
LN-CS-002188,LN-AP-004002,2025-04-28T17:13:18.000Z,Rate Lock Question,Email,Closed,2.4,E-0137,1,false
LN-CS-002189,LN-AP-004005,2025-06-11T18:49:15.000Z,Appraisal Scheduling,Chat,Open,7.3,E-0076,2,true
LN-CS-002190,LN-AP-004010,2025-11-17T17:05:05.000Z,Rate Lock Question,Phone,Closed,14.6,E-0111,,true
LN-CS-002191,LN-AP-004011,2025-12-08T11:56:33.000Z,Document Upload Issue,Phone,Closed,3.3,E-0085,1,false
LN-CS-002192,LN-AP-004015,2025-09-03T10:47:43.000Z,Rate Lock Question,Email,Open,11.4,E-0084,,true
LN-CS-002193,LN-AP-004017,2025-11-28T17:05:48.000Z,Appraisal Scheduling,Chat,Open,6.4,E-0118,4,true
LN-CS-002194,LN-AP-004019,2026-08-28T08:55:23.000Z,Document Upload Issue,Mobile App,Open,11.9,E-0081,3,true
LN-CS-002195,LN-AP-004019,2026-08-25T14:48:37.000Z,Rate Lock Question,Email,Closed,6.9,E-0117,1,true
LN-CS-002196,LN-AP-004022,2025-11-12T17:19:17.000Z,Payoff Request,Email,Open,10.8,E-0069,,false
LN-CS-002197,LN-AP-004022,2025-11-05T18:46:36.000Z,Status Inquiry,Phone,Open,5.9,E-0134,5,false
LN-CS-002198,LN-AP-004023,2026-03-14T08:30:57.000Z,Status Inquiry,Chat,Closed,26.9,E-0102,2,false
LN-CS-002199,LN-AP-004024,2025-10-17T13:31:07.000Z,Rate Lock Question,Phone,Closed,9.8,E-0085,,false
LN-CS-002200,LN-AP-004024,2025-10-18T07:08:14.000Z,Status Inquiry,Phone,Open,4.3,E-0130,1,false
LN-CS-002201,LN-AP-004028,2026-05-20T12:42:49.000Z,Rate Lock Question,Chat,Open,7.1,E-0140,,false
LN-CS-002202,LN-AP-004028,2026-06-01T11:01:14.000Z,Rate Lock Question,Phone,Open,28.1,E-0077,3,true
LN-CS-002203,LN-AP-004029,2026-08-15T19:20:29.000Z,Rate Lock Question,Chat,Open,13.4,E-0131,,false
LN-CS-002204,LN-AP-004032,2025-11-11T16:47:50.000Z,Document Upload Issue,Chat,Closed,9.7,E-0108,,true
LN-CS-002205,LN-AP-004033,2025-01-03T12:37:52.000Z,Document Upload Issue,Email,Open,4.3,E-0093,5,true
LN-CS-002206,LN-AP-004034,2026-05-30T12:06:13.000Z,Document Upload Issue,Chat,Closed,8.4,E-0091,4,true
LN-CS-002207,LN-AP-004035,2026-08-14T07:22:46.000Z,Status Inquiry,Phone,Closed,6.2,E-0106,5,false
LN-CS-002208,LN-AP-004038,2026-08-31T09:54:50.000Z,Payoff Request,Chat,Closed,6.8,E-0119,4,false
LN-CS-002209,LN-AP-004039,2025-05-22T17:15:51.000Z,Document Upload Issue,Phone,Closed,6.7,E-0075,,false
LN-CS-002210,LN-AP-004043,2025-01-28T12:50:22.000Z,Status Inquiry,Chat,Open,6.5,E-0073,,true
LN-CS-002211,LN-AP-004044,2025-06-15T16:57:27.000Z,Document Upload Issue,Chat,Closed,6.1,E-0105,2,true
LN-CS-002212,LN-AP-004046,2025-08-28T09:28:20.000Z,Payoff Request,Chat,Closed,10.1,E-0083,,false
LN-CS-002213,LN-AP-004048,2025-08-10T12:06:24.000Z,Payoff Request,Phone,Closed,15.5,E-0094,2,false
LN-CS-002214,LN-AP-004048,2025-09-07T08:27:49.000Z,Rate Lock Question,Phone,Closed,7.8,E-0120,4,true
LN-CS-002215,LN-AP-004049,2026-02-15T15:00:07.000Z,Payoff Request,Chat,Closed,8.3,E-0078,3,true
LN-CS-002216,LN-AP-004053,2025-09-15T11:32:09.000Z,Payoff Request,Mobile App,Closed,5.0,E-0117,4,false
LN-CS-002217,LN-AP-004055,2025-09-23T16:35:30.000Z,Document Upload Issue,Email,Closed,2.4,E-0073,,false
LN-CS-002218,LN-AP-004056,2024-12-28T14:57:43.000Z,Rate Lock Question,Email,Closed,11.6,E-0079,,true
LN-CS-002219,LN-AP-004059,2025-05-21T18:31:32.000Z,Appraisal Scheduling,Chat,Closed,14.6,E-0089,,false
LN-CS-002220,LN-AP-004060,2026-02-09T10:35:42.000Z,Rate Lock Question,Mobile App,Closed,22.2,E-0101,,false
LN-CS-002221,LN-AP-004064,2025-04-27T07:03:30.000Z,Payoff Request,Chat,Closed,4.3,E-0067,5,true
LN-CS-002222,LN-AP-004066,2025-07-08T17:48:42.000Z,Payoff Request,Mobile App,Open,7.8,E-0124,2,false
LN-CS-002223,LN-AP-004067,2025-11-20T09:11:54.000Z,Document Upload Issue,Email,Closed,5.9,E-0096,3,false
LN-CS-002224,LN-AP-004068,2025-05-17T12:03:00.000Z,Document Upload Issue,Phone,Closed,8.7,E-0121,2,false
LN-CS-002225,LN-AP-004070,2025-09-02T08:04:37.000Z,Payoff Request,Phone,Closed,3.6,E-0130,,true
LN-CS-002226,LN-AP-004071,2026-02-20T07:23:03.000Z,Status Inquiry,Email,Closed,3.2,E-0116,5,false
LN-CS-002227,LN-AP-004073,2026-01-13T16:37:48.000Z,Appraisal Scheduling,Chat,Open,4.0,E-0103,2,false
LN-CS-002228,LN-AP-004075,2025-12-11T16:35:42.000Z,Appraisal Scheduling,Phone,Closed,18.9,E-0062,1,true
LN-CS-002229,LN-AP-004076,2025-05-02T11:09:46.000Z,Payoff Request,Email,Closed,4.8,E-0061,4,false
LN-CS-002230,LN-AP-004078,2025-12-26T09:33:34.000Z,Document Upload Issue,Chat,Closed,9.4,E-0079,,false
LN-CS-002231,LN-AP-004079,2025-05-22T07:43:48.000Z,Status Inquiry,Chat,Closed,15.5,E-0096,,true
LN-CS-002232,LN-AP-004085,2025-06-30T14:33:04.000Z,Rate Lock Question,Phone,Closed,12.3,E-0087,,true
LN-CS-002233,LN-AP-004085,2025-06-29T10:23:36.000Z,Appraisal Scheduling,Email,Open,6.2,E-0088,,true
LN-CS-002234,LN-AP-004086,2025-12-21T10:49:53.000Z,Rate Lock Question,Email,Closed,6.8,E-0082,3,false
LN-CS-002235,LN-AP-004087,2025-08-15T10:59:30.000Z,Document Upload Issue,Phone,Closed,4.0,E-0140,,false
LN-CS-002236,LN-AP-004089,2026-03-07T15:26:11.000Z,Status Inquiry,Mobile App,Open,10.2,E-0073,,false
LN-CS-002237,LN-AP-004089,2026-03-25T17:07:24.000Z,Payoff Request,Mobile App,Closed,4.1,E-0119,,false
LN-CS-002238,LN-AP-004090,2026-02-14T19:34:32.000Z,Rate Lock Question,Email,Closed,7.5,E-0115,5,true
LN-CS-002239,LN-AP-004094,2026-03-16T10:14:56.000Z,Document Upload Issue,Email,Closed,6.9,E-0096,4,false
LN-CS-002240,LN-AP-004095,2025-08-15T18:49:49.000Z,Payoff Request,Chat,Closed,10.5,E-0126,,false
LN-CS-002241,LN-AP-004095,2025-07-29T10:16:34.000Z,Document Upload Issue,Phone,Closed,7.0,E-0081,,true
LN-CS-002242,LN-AP-004097,2025-03-04T13:29:21.000Z,Payoff Request,Phone,Closed,4.8,E-0114,,false
LN-CS-002243,LN-AP-004103,2026-08-25T14:16:28.000Z,Document Upload Issue,Chat,Closed,6.5,E-0116,,false
LN-CS-002244,LN-AP-004103,2026-08-22T13:12:49.000Z,Status Inquiry,Chat,Closed,14.3,E-0095,5,true
LN-CS-002245,LN-AP-004106,2025-09-19T08:43:51.000Z,Payoff Request,Phone,Open,20.0,E-0120,2,false
LN-CS-002246,LN-AP-004108,2026-07-18T07:17:43.000Z,Appraisal Scheduling,Phone,Closed,14.4,E-0101,,false
LN-CS-002247,LN-AP-004109,2026-04-23T17:02:11.000Z,Appraisal Scheduling,Mobile App,Open,7.8,E-0118,2,false
LN-CS-002248,LN-AP-004112,2026-06-08T19:01:21.000Z,Payoff Request,Email,Open,3.0,E-0084,2,false
LN-CS-002249,LN-AP-004114,2025-09-12T10:39:24.000Z,Appraisal Scheduling,Phone,Closed,15.9,E-0078,1,false
LN-CS-002250,LN-AP-004115,2025-08-18T08:44:58.000Z,Appraisal Scheduling,Mobile App,Closed,6.6,E-0120,3,false
LN-CS-002251,LN-AP-004118,2026-06-03T15:22:05.000Z,Appraisal Scheduling,Email,Closed,7.3,E-0068,2,false
LN-CS-002252,LN-AP-004120,2026-08-17T15:39:34.000Z,Status Inquiry,Chat,Closed,4.5,E-0125,1,false
LN-CS-002253,LN-AP-004121,2025-02-15T13:18:21.000Z,Appraisal Scheduling,Email,Closed,8.3,E-0067,,false
LN-CS-002254,LN-AP-004121,2025-02-23T09:18:28.000Z,Appraisal Scheduling,Phone,Closed,8.2,E-0113,4,false
LN-CS-002255,LN-AP-004123,2025-12-09T18:20:55.000Z,Appraisal Scheduling,Chat,Closed,25.1,E-0074,,true
LN-CS-002256,LN-AP-004124,2025-01-15T14:15:47.000Z,Payoff Request,Email,Closed,6.0,E-0083,,true
LN-CS-002257,LN-AP-004124,2025-01-09T12:58:55.000Z,Status Inquiry,Email,Closed,12.5,E-0071,3,false
LN-CS-002258,LN-AP-004128,2025-03-25T13:37:34.000Z,Appraisal Scheduling,Email,Closed,10.2,E-0131,5,true
LN-CS-002259,LN-AP-004133,2026-01-10T17:48:58.000Z,Appraisal Scheduling,Phone,Open,8.8,E-0074,,false
LN-CS-002260,LN-AP-004133,2026-01-23T13:11:35.000Z,Rate Lock Question,Phone,Closed,5.3,E-0121,,false
LN-CS-002261,LN-AP-004137,2024-12-05T13:52:41.000Z,Status Inquiry,Email,Closed,14.0,E-0124,,false
LN-CS-002262,LN-AP-004139,2025-05-30T09:36:22.000Z,Status Inquiry,Mobile App,Closed,8.8,E-0061,,false
LN-CS-002263,LN-AP-004142,2025-05-17T15:10:37.000Z,Rate Lock Question,Phone,Closed,2.6,E-0077,5,false
LN-CS-002264,LN-AP-004142,2025-05-17T15:26:39.000Z,Payoff Request,Chat,Open,13.5,E-0076,,true
LN-CS-002265,LN-AP-004144,2025-10-23T18:58:11.000Z,Appraisal Scheduling,Chat,Closed,11.3,E-0108,,false
LN-CS-002266,LN-AP-004145,2025-12-01T15:53:55.000Z,Rate Lock Question,Phone,Closed,3.6,E-0110,,true
LN-CS-002267,LN-AP-004145,2025-12-17T16:36:37.000Z,Status Inquiry,Email,Closed,17.8,E-0085,3,false
LN-CS-002268,LN-AP-004146,2025-07-07T08:15:46.000Z,Rate Lock Question,Mobile App,Closed,4.8,E-0126,,false
LN-CS-002269,LN-AP-004148,2024-12-03T10:39:58.000Z,Appraisal Scheduling,Chat,Closed,7.8,E-0122,1,false
LN-CS-002270,LN-AP-004148,2024-11-22T16:05:46.000Z,Rate Lock Question,Email,Open,9.2,E-0135,3,false
LN-CS-002271,LN-AP-004150,2025-12-16T12:47:07.000Z,Appraisal Scheduling,Chat,Closed,8.3,E-0135,3,false
LN-CS-002272,LN-AP-004152,2025-09-06T19:57:48.000Z,Document Upload Issue,Phone,Closed,5.3,E-0122,5,false
LN-CS-002273,LN-AP-004153,2026-06-04T07:43:41.000Z,Payoff Request,Phone,Closed,3.6,E-0111,3,false
LN-CS-002274,LN-AP-004154,2025-05-29T07:05:55.000Z,Document Upload Issue,Chat,Closed,5.5,E-0118,4,true
LN-CS-002275,LN-AP-004156,2025-11-23T10:00:19.000Z,Status Inquiry,Phone,Closed,15.2,E-0115,,true
LN-CS-002276,LN-AP-004161,2026-06-16T16:29:51.000Z,Rate Lock Question,Chat,Closed,5.3,E-0089,3,false
LN-CS-002277,LN-AP-004162,2024-12-22T08:47:30.000Z,Payoff Request,Phone,Closed,11.9,E-0104,,false
LN-CS-002278,LN-AP-004163,2025-10-05T13:31:00.000Z,Document Upload Issue,Phone,Open,5.1,E-0070,4,false
LN-CS-002279,LN-AP-004163,2025-10-16T15:23:28.000Z,Status Inquiry,Phone,Open,6.0,E-0131,3,true
LN-CS-002280,LN-AP-004164,2025-01-04T19:29:18.000Z,Rate Lock Question,Chat,Closed,11.9,E-0105,,true
LN-CS-002281,LN-AP-004167,2025-06-04T19:03:45.000Z,Rate Lock Question,Phone,Closed,12.2,E-0077,4,true
LN-CS-002282,LN-AP-004167,2025-05-28T14:42:58.000Z,Status Inquiry,Phone,Open,7.3,E-0111,,false
LN-CS-002283,LN-AP-004168,2025-04-06T07:07:35.000Z,Document Upload Issue,Email,Closed,8.0,E-0080,,false
LN-CS-002284,LN-AP-004170,2025-08-04T16:10:59.000Z,Document Upload Issue,Mobile App,Open,8.2,E-0066,,false
LN-CS-002285,LN-AP-004174,2026-06-07T08:48:43.000Z,Rate Lock Question,Mobile App,Open,32.8,E-0062,4,true
LN-CS-002286,LN-AP-004177,2026-04-29T11:49:15.000Z,Status Inquiry,Email,Closed,8.5,E-0066,,true
LN-CS-002287,LN-AP-004178,2025-07-15T13:34:49.000Z,Status Inquiry,Email,Closed,5.9,E-0126,2,true
LN-CS-002288,LN-AP-004181,2026-07-27T10:30:16.000Z,Document Upload Issue,Email,Closed,4.3,E-0133,5,false
LN-CS-002289,LN-AP-004182,2025-03-15T16:45:49.000Z,Appraisal Scheduling,Mobile App,Closed,13.9,E-0100,,false
LN-CS-002290,LN-AP-004183,2024-10-28T16:46:53.000Z,Status Inquiry,Mobile App,Closed,3.8,E-0061,3,true
LN-CS-002291,LN-AP-004187,2024-11-04T09:24:38.000Z,Payoff Request,Mobile App,Closed,12.5,E-0082,,false
LN-CS-002292,LN-AP-004188,2025-02-18T16:05:31.000Z,Payoff Request,Email,Closed,3.7,E-0085,4,true
LN-CS-002293,LN-AP-004188,2025-01-30T07:37:35.000Z,Payoff Request,Email,Closed,10.0,E-0104,,true
LN-CS-002294,LN-AP-004191,2025-12-18T16:36:50.000Z,Rate Lock Question,Phone,Open,6.0,E-0062,,false
LN-CS-002295,LN-AP-004192,2025-04-21T09:42:22.000Z,Rate Lock Question,Phone,Open,5.8,E-0111,,false
LN-CS-002296,LN-AP-004193,2026-04-13T16:59:35.000Z,Appraisal Scheduling,Email,Closed,5.1,E-0082,,false
LN-CS-002297,LN-AP-004197,2025-09-08T19:24:35.000Z,Payoff Request,Email,Closed,2.7,E-0118,,false
LN-CS-002298,LN-AP-004198,2025-05-11T18:23:59.000Z,Appraisal Scheduling,Chat,Closed,3.7,E-0090,,true
LN-CS-002299,LN-AP-004198,2025-05-22T11:17:09.000Z,Document Upload Issue,Phone,Closed,9.8,E-0122,4,true
LN-CS-002300,LN-AP-004200,2026-03-09T11:17:18.000Z,Appraisal Scheduling,Phone,Closed,12.4,E-0115,,false
