ApplicationId,ApplicantName,ProductName,RequestedAmount,Channel,LoanOfficerId,BranchId,SubmittedDate,DecisionDate,FundedDate,Status,CurrentStage,CycleTimeDays,CreditScore,DTIRatio,InterestRate,IsFunded,DocumentsOutstanding,LoanOfficerName,BranchName,Region,SubmittedMonth
LN-AP-000001,Ben Nelson,Auto Loan,10148.45,Branch,E-0233,BR-025,2026-03-23,2026-04-25,2026-04-25,Funded,Funded,36.3,638,0.145,6.866,true,0,Jamal Adams,Cumulus CA Branch 1,Pacific,2026-03-01
LN-AP-000002,Elena Bailey,30-Year Fixed Mortgage,447969.45,Branch,E-0220,BR-005,2025-09-19,2025-10-16,2025-10-16,Funded,Funded,29.8,645,0.314,7.963,true,0,Luis Adams,Cumulus CT Branch 1,Northeast,2025-09-01
LN-AP-000003,Ines Roberts,Auto Loan,24474.45,Loan Officer,E-0233,BR-025,2025-05-24,2025-07-23,2025-07-23,Funded,Funded,64.4,786,0.233,5.259,true,0,Jamal Adams,Cumulus CA Branch 1,Pacific,2025-05-01
LN-AP-000004,Diego Jackson,Personal Loan,30246.1,Digital,E-0214,BR-027,2026-05-06,2026-05-28,2026-05-28,Funded,Funded,26.4,800,0.13,8.542,true,0,Amara Clark,Cumulus WA Branch 1,Pacific,2026-05-01
LN-AP-000005,Hannah Wright,30-Year Fixed Mortgage,672177.06,Branch,E-0233,BR-025,2024-10-26,,,Withdrawn,Application Submitted,,566,0.271,5.763,false,0,Jamal Adams,Cumulus CA Branch 1,Pacific,2024-10-01
LN-AP-000006,Hannah Allen,Refinance,502758.16,Digital,E-0221,BR-016,2026-05-09,2026-06-01,2026-06-01,Funded,Funded,25.6,650,0.283,8.447,true,0,Fatima Parker,Cumulus OH Branch 2,Midwest,2026-05-01
LN-AP-000007,Ben Adams,15-Year Fixed Mortgage,164772.57,Digital,E-0225,BR-021,2026-01-28,2026-03-07,2026-03-07,Funded,Funded,41.7,801,0.156,5.394,true,0,Henry Okafor,Cumulus UT Branch 1,Mountain West,2026-01-01
LN-AP-000008,Ben Wright,HELOC,68940.33,Loan Officer,E-0208,BR-027,2026-04-07,2026-05-15,2026-05-15,Funded,Funded,41.6,677,0.351,7.501,true,0,Yuki Campbell,Cumulus WA Branch 1,Pacific,2026-04-01
LN-AP-000009,Ines Edwards,Auto Loan,70179.47,Branch,E-0231,BR-010,2025-11-02,,,Withdrawn,Appraisal,,645,0.37,5.409,false,0,Maya Edwards,Cumulus GA Branch 2,Southeast,2025-11-01
LN-AP-000010,Elena Davis,Refinance,338407.21,Branch,E-0214,BR-027,2025-07-26,,,Withdrawn,Appraisal,,582,0.319,5.868,false,0,Amara Clark,Cumulus WA Branch 1,Pacific,2025-07-01
LN-AP-000011,Amara White,Personal Loan,13819.17,Digital,E-0215,BR-011,2026-03-26,,,In Progress,Underwriting,,740,0.421,7.349,false,1,Henry Patel,Cumulus NC Branch 1,Southeast,2026-03-01
LN-AP-000012,Julian Carter,HELOC,78717.68,Branch,E-0206,BR-020,2026-03-15,2026-05-26,2026-05-26,Funded,Funded,74.0,695,0.312,5.262,true,0,Ben Taylor,Cumulus CO Branch 2,Mountain West,2026-03-01
LN-AP-000013,Derek Nguyen,30-Year Fixed Mortgage,385301.06,Branch,E-0218,BR-012,2025-12-26,2026-01-26,2026-01-26,Funded,Funded,33.6,784,0.303,6.843,true,0,Carlos Scott,Cumulus NC Branch 2,Southeast,2025-12-01
LN-AP-000014,Mei Edwards,Refinance,459246.91,Digital,E-0234,BR-028,2025-08-12,2025-09-18,2025-09-18,Funded,Funded,40.7,652,0.227,6.926,true,0,Henry Taylor,Cumulus WA Branch 2,Pacific,2025-08-01
LN-AP-000015,Noah Young,Auto Loan,47525.1,Branch,E-0218,BR-012,2025-01-02,,,Withdrawn,Document Collection,,817,0.184,7.519,false,0,Carlos Scott,Cumulus NC Branch 2,Southeast,2025-01-01
LN-AP-000016,Ravi Phillips,Auto Loan,128000,Digital,E-0232,BR-018,2026-03-23,2026-04-19,2026-04-19,Funded,Funded,30.2,566,0.33,5.631,true,0,Tom Hall,Cumulus MN Branch 2,Midwest,2026-03-01
LN-AP-000017,Marcus Bailey,30-Year Fixed Mortgage,633011.36,Branch,E-0221,BR-016,2025-10-30,,,Withdrawn,Underwriting,,780,0.326,7.503,false,0,Fatima Parker,Cumulus OH Branch 2,Midwest,2025-10-01
LN-AP-000018,Nora Harris,30-Year Fixed Mortgage,1680000,Digital,E-0207,BR-022,2025-04-01,,,In Progress,Conditional Approval,,811,0.364,7.689,false,5,Priya Davis,Cumulus UT Branch 2,Mountain West,2025-04-01
LN-AP-000019,Ines Morris,15-Year Fixed Mortgage,436397.38,Digital,E-0234,BR-028,2025-07-30,2025-07-30,,Denied,Application Submitted,,716,0.404,5.684,false,0,Henry Taylor,Cumulus WA Branch 2,Pacific,2025-07-01
LN-AP-000020,Lauren Taylor,30-Year Fixed Mortgage,342010.35,Broker,E-0210,BR-019,2025-07-17,,,In Progress,Underwriting,,706,0.271,6.475,false,6,Luis Garcia,Cumulus CO Branch 1,Mountain West,2025-07-01
LN-AP-000021,Nina King,30-Year Fixed Mortgage,294221.14,Digital,E-0210,BR-019,2024-10-26,2024-10-26,,Denied,Application Submitted,,782,0.391,8.002,false,0,Luis Garcia,Cumulus CO Branch 1,Mountain West,2024-10-01
LN-AP-000022,Chloe Baker,Personal Loan,21109.5,Digital,E-0222,BR-026,2026-06-09,2026-07-06,2026-07-06,Funded,Funded,29.5,814,0.384,7.076,true,0,Rosa Carter,Cumulus CA Branch 2,Pacific,2026-06-01
LN-AP-000023,Nora Green,15-Year Fixed Mortgage,468284.71,Branch,E-0216,BR-013,2025-03-26,2025-05-08,,Denied,Document Collection,,808,0.341,5.878,false,0,Daniel Morris,Cumulus IL Branch 1,Midwest,2025-03-01
LN-AP-000024,Priya Moore,30-Year Fixed Mortgage,626925.18,Branch,E-0235,BR-008,2026-03-21,2026-04-30,2026-04-30,Funded,Funded,44.0,801,0.265,7.887,true,0,Ava Harris,Cumulus FL Branch 2,Southeast,2026-03-01
LN-AP-000025,Zara Adams,Auto Loan,16495.47,Loan Officer,E-0216,BR-013,2025-08-02,2025-09-01,2025-09-01,Funded,Funded,33.6,828,0.445,5.883,true,0,Daniel Morris,Cumulus IL Branch 1,Midwest,2025-08-01
LN-AP-000026,Henry Green,30-Year Fixed Mortgage,194958.68,Digital,E-0213,BR-023,2025-12-20,,,Withdrawn,Appraisal,,698,0.476,6.179,false,0,Jamal Lewis,Cumulus AZ Branch 1,Mountain West,2025-12-01
LN-AP-000027,Luis Davis,30-Year Fixed Mortgage,531359.89,Digital,E-0207,BR-022,2025-04-08,2025-05-07,2025-05-07,Funded,Funded,33.0,683,0.37,5.301,true,0,Priya Davis,Cumulus UT Branch 2,Mountain West,2025-04-01
LN-AP-000028,Amara Roberts,Refinance,341625.0,Digital,E-0223,BR-001,2026-02-02,,,Withdrawn,Underwriting,,645,0.14,6.425,false,0,Noah Adams,Cumulus NY Branch 1,Northeast,2026-02-01
LN-AP-000029,Sara Allen,30-Year Fixed Mortgage,203941.3,Digital,E-0217,BR-015,2026-06-17,,,In Progress,Underwriting,,790,0.281,6.864,false,3,Amara Green,Cumulus OH Branch 1,Midwest,2026-06-01
LN-AP-000030,Lauren Martinez,30-Year Fixed Mortgage,435711.29,Broker,E-0224,BR-027,2026-05-25,2026-07-04,2026-07-04,Funded,Funded,43.8,611,0.351,5.342,true,0,Priya Davis,Cumulus WA Branch 1,Pacific,2026-05-01
LN-AP-000031,Aisha Okafor,HELOC,45300.36,Loan Officer,E-0209,BR-006,2024-12-09,2025-01-13,2025-01-13,Funded,Funded,38.2,786,0.224,6.297,true,0,Yuki Stewart,Cumulus CT Branch 2,Northeast,2024-12-01
LN-AP-000032,Felix Mitchell,30-Year Fixed Mortgage,211133.45,Digital,E-0211,BR-012,2025-06-02,2025-06-21,2025-06-21,Funded,Funded,23.2,645,0.296,7.115,true,0,Priya Young,Cumulus NC Branch 2,Southeast,2025-06-01
LN-AP-000033,Jamal Phillips,HELOC,109937.33,Branch,E-0232,BR-018,2025-03-22,2025-05-10,2025-05-10,Funded,Funded,53.5,568,0.52,8.51,true,0,Tom Hall,Cumulus MN Branch 2,Midwest,2025-03-01
LN-AP-000034,Ravi Phillips,Auto Loan,34172.81,Loan Officer,E-0206,BR-020,2026-01-11,2026-02-15,2026-02-15,Funded,Funded,37.7,560,0.379,7.496,true,0,Ben Taylor,Cumulus CO Branch 2,Mountain West,2026-01-01
LN-AP-000035,Olivia Moore,15-Year Fixed Mortgage,604814.11,Digital,E-0230,BR-009,2025-08-24,2025-09-07,2025-09-07,Funded,Funded,18.9,566,0.179,6.792,true,0,Jamal Wright,Cumulus GA Branch 1,Southeast,2025-08-01
LN-AP-000036,Olivia Johnson,30-Year Fixed Mortgage,713475.43,Digital,E-0231,BR-010,2025-12-24,2026-01-26,2026-01-26,Funded,Funded,36.2,777,0.449,8.799,true,0,Maya Edwards,Cumulus GA Branch 2,Southeast,2025-12-01
LN-AP-000037,Rosa Lewis,30-Year Fixed Mortgage,980842.78,Digital,E-0235,BR-008,2026-07-29,2026-08-20,,Denied,Underwriting,,604,0.38,8.348,false,0,Ava Harris,Cumulus FL Branch 2,Southeast,2026-07-01
LN-AP-000038,Ava Moore,30-Year Fixed Mortgage,645426.5,Digital,E-0222,BR-026,2025-11-01,2025-12-12,2025-12-12,Funded,Funded,44.4,810,0.463,6.097,true,0,Rosa Carter,Cumulus CA Branch 2,Pacific,2025-11-01
LN-AP-000039,Ava Parker,30-Year Fixed Mortgage,182386.66,Loan Officer,E-0217,BR-015,2025-02-01,2025-03-14,2025-03-14,Funded,Funded,43.6,790,0.14,6.554,true,0,Amara Green,Cumulus OH Branch 1,Midwest,2025-02-01
LN-AP-000040,Aisha Hall,30-Year Fixed Mortgage,217077.8,Digital,E-0219,BR-025,2026-03-28,2026-04-18,2026-04-18,Funded,Funded,24.5,739,0.289,8.805,true,0,Rosa Hall,Cumulus CA Branch 1,Pacific,2026-03-01
LN-AP-000041,Maya Carter,Personal Loan,13385.52,Loan Officer,E-0233,BR-025,2026-01-02,2026-02-09,2026-02-09,Funded,Funded,42.3,660,0.211,6.649,true,0,Jamal Adams,Cumulus CA Branch 1,Pacific,2026-01-01
LN-AP-000042,Chloe Kim,30-Year Fixed Mortgage,409676.62,Loan Officer,E-0207,BR-022,2025-11-04,2025-12-13,2025-12-13,Funded,Funded,41.7,726,0.379,6.047,true,0,Priya Davis,Cumulus UT Branch 2,Mountain West,2025-11-01
LN-AP-000043,Noah Wright,HELOC,99231.62,Branch,E-0233,BR-025,2026-01-06,2026-02-15,2026-02-15,Funded,Funded,42.4,594,0.335,8.066,true,0,Jamal Adams,Cumulus CA Branch 1,Pacific,2026-01-01
LN-AP-000044,Diego Scott,15-Year Fixed Mortgage,148592.52,Branch,E-0235,BR-008,2025-06-30,2025-08-12,2025-08-12,Funded,Funded,47.1,569,0.371,6.172,true,0,Ava Harris,Cumulus FL Branch 2,Southeast,2025-06-01
LN-AP-000045,Elena Adams,Refinance,393356.65,Broker,E-0233,BR-025,2026-06-18,2026-07-13,2026-07-13,Funded,Funded,28.6,795,0.349,6.675,true,0,Jamal Adams,Cumulus CA Branch 1,Pacific,2026-06-01
LN-AP-000046,Felix Scott,15-Year Fixed Mortgage,119670.38,Digital,E-0223,BR-001,2025-02-23,2025-03-20,2025-03-20,Funded,Funded,28.5,648,0.339,6.802,true,0,Noah Adams,Cumulus NY Branch 1,Northeast,2025-02-01
LN-AP-000047,Diego Lopez,Auto Loan,21627.6,Branch,E-0229,BR-025,2025-07-09,2025-08-19,2025-08-19,Funded,Funded,44.4,713,0.31,7.416,true,0,Marcus Wilson,Cumulus CA Branch 1,Pacific,2025-07-01
LN-AP-000048,Sara Roberts,Auto Loan,36841.3,Digital,E-0207,BR-022,2025-04-14,2025-06-06,2025-06-06,Funded,Funded,56.4,644,0.427,6.75,true,0,Priya Davis,Cumulus UT Branch 2,Mountain West,2025-04-01
LN-AP-000049,Mei Wilson,Personal Loan,18759.01,Digital,E-0230,BR-009,2025-07-12,2025-08-06,2025-08-06,Funded,Funded,27.7,743,0.194,6.645,true,0,Jamal Wright,Cumulus GA Branch 1,Southeast,2025-07-01
LN-AP-000050,Nora Phillips,Auto Loan,26555.07,Digital,E-0209,BR-006,2025-02-11,2025-02-11,,Denied,Application Submitted,,687,0.425,5.651,false,0,Yuki Stewart,Cumulus CT Branch 2,Northeast,2025-02-01
LN-AP-000051,Jamal King,HELOC,114019.41,Branch,E-0219,BR-025,2025-02-12,2025-03-04,2025-03-04,Funded,Funded,23.6,648,0.392,6.014,true,0,Rosa Hall,Cumulus CA Branch 1,Pacific,2025-02-01
LN-AP-000052,Carlos Campbell,Refinance,838314.11,Digital,E-0225,BR-021,2025-01-24,2025-03-03,,Denied,Document Collection,,828,0.49,6.847,false,0,Henry Okafor,Cumulus UT Branch 1,Mountain West,2025-01-01
LN-AP-000053,Hannah Okafor,Refinance,298005.79,Broker,E-0222,BR-026,2025-02-06,2025-03-10,2025-03-10,Funded,Funded,35.7,761,0.39,5.502,true,0,Rosa Carter,Cumulus CA Branch 2,Pacific,2025-02-01
LN-AP-000054,Tom Lewis,30-Year Fixed Mortgage,113218.32,Digital,E-0219,BR-025,2025-04-29,2025-05-19,2025-05-19,Funded,Funded,22.3,788,0.304,8.619,true,0,Rosa Hall,Cumulus CA Branch 1,Pacific,2025-04-01
LN-AP-000055,Noah Okafor,Personal Loan,23353.77,Digital,E-0224,BR-027,2025-04-14,,,In Progress,Appraisal,,632,0.404,6.441,false,3,Priya Davis,Cumulus WA Branch 1,Pacific,2025-04-01
LN-AP-000056,Ben King,30-Year Fixed Mortgage,682397.79,Branch,E-0213,BR-023,2025-05-06,2025-06-09,2025-06-09,Funded,Funded,38.2,730,0.284,6.881,true,0,Jamal Lewis,Cumulus AZ Branch 1,Mountain West,2025-05-01
LN-AP-000057,Sara Turner,Auto Loan,29187.74,Broker,E-0219,BR-025,2026-04-05,,,Withdrawn,Appraisal,,760,0.481,6.692,false,0,Rosa Hall,Cumulus CA Branch 1,Pacific,2026-04-01
LN-AP-000058,Nora Lopez,Auto Loan,17736.21,Branch,E-0230,BR-009,2025-02-18,2025-03-19,2025-03-19,Funded,Funded,33.1,659,0.503,6.388,true,0,Jamal Wright,Cumulus GA Branch 1,Southeast,2025-02-01
LN-AP-000059,Samuel Walker,Auto Loan,34364.52,Digital,E-0208,BR-027,2025-07-03,2025-07-29,2025-07-29,Funded,Funded,29.8,686,0.273,8.131,true,0,Yuki Campbell,Cumulus WA Branch 1,Pacific,2025-07-01
LN-AP-000060,Zara Okafor,Auto Loan,20474.7,Branch,E-0230,BR-009,2025-01-12,,,Withdrawn,Conditional Approval,,768,0.13,8.855,false,0,Jamal Wright,Cumulus GA Branch 1,Southeast,2025-01-01
LN-AP-000061,Aisha Collins,30-Year Fixed Mortgage,771432.82,Loan Officer,E-0234,BR-028,2024-11-14,2024-11-14,,Denied,Application Submitted,,647,0.183,6.677,false,0,Henry Taylor,Cumulus WA Branch 2,Pacific,2024-11-01
LN-AP-000062,Sofia Roberts,HELOC,151116.56,Digital,E-0224,BR-027,2025-03-07,2025-04-05,2025-04-05,Funded,Funded,32.9,636,0.155,8.002,true,0,Priya Davis,Cumulus WA Branch 1,Pacific,2025-03-01
LN-AP-000063,Nora Davis,Personal Loan,9131.16,Digital,E-0212,BR-004,2025-06-09,2025-07-16,2025-07-16,Funded,Funded,40.6,647,0.468,6.512,true,0,Isabella Phillips,Cumulus MA Branch 2,Northeast,2025-06-01
LN-AP-000064,Zara Kim,Auto Loan,33813.97,Digital,E-0233,BR-025,2025-02-16,2025-03-15,2025-03-15,Funded,Funded,30.4,584,0.221,6.056,true,0,Jamal Adams,Cumulus CA Branch 1,Pacific,2025-02-01
LN-AP-000065,Owen Martinez,30-Year Fixed Mortgage,274045.31,Digital,E-0214,BR-027,2026-06-23,2026-07-17,,Denied,Underwriting,,775,0.137,5.951,false,0,Amara Clark,Cumulus WA Branch 1,Pacific,2026-06-01
LN-AP-000066,Ravi Silva,Auto Loan,15989.65,Loan Officer,E-0224,BR-027,2025-05-08,2025-06-08,2025-06-08,Funded,Funded,35.3,595,0.319,6.122,true,0,Priya Davis,Cumulus WA Branch 1,Pacific,2025-05-01
LN-AP-000067,Julian Collins,Auto Loan,56890.03,Branch,E-0210,BR-019,2026-02-17,2026-03-14,2026-03-14,Funded,Funded,28.7,701,0.422,5.858,true,0,Luis Garcia,Cumulus CO Branch 1,Mountain West,2026-02-01
LN-AP-000068,Julian Brown,Auto Loan,48554.49,Digital,E-0220,BR-005,2026-08-01,2026-08-29,2026-08-29,Funded,Funded,32.6,755,0.219,6.708,true,0,Luis Adams,Cumulus CT Branch 1,Northeast,2026-08-01
LN-AP-000069,Olivia Turner,Refinance,332733.53,Digital,E-0230,BR-009,2026-06-17,,,In Progress,Document Collection,,605,0.217,5.899,false,2,Jamal Wright,Cumulus GA Branch 1,Southeast,2026-06-01
LN-AP-000070,Tom Kim,HELOC,142251.08,Digital,E-0215,BR-011,2025-12-13,2025-12-13,,Denied,Application Submitted,,560,0.431,5.395,false,0,Henry Patel,Cumulus NC Branch 1,Southeast,2025-12-01
LN-AP-000071,Derek Roberts,Personal Loan,18838.24,Broker,E-0209,BR-006,2026-08-11,,,In Progress,Funded,,798,0.391,7.639,false,4,Yuki Stewart,Cumulus CT Branch 2,Northeast,2026-08-01
LN-AP-000072,Jonathan Roberts,Refinance,227449.47,Digital,E-0234,BR-028,2026-07-09,,,Withdrawn,Application Submitted,,745,0.423,5.743,false,0,Henry Taylor,Cumulus WA Branch 2,Pacific,2026-07-01
LN-AP-000073,Hannah Walker,HELOC,84063.09,Broker,E-0223,BR-001,2025-07-15,,,Withdrawn,Appraisal,,584,0.44,5.117,false,0,Noah Adams,Cumulus NY Branch 1,Northeast,2025-07-01
LN-AP-000074,Olivia Lewis,Refinance,1302652.78,Loan Officer,E-0213,BR-023,2026-06-17,2026-07-22,2026-07-22,Funded,Funded,38.4,751,0.515,8.815,true,0,Jamal Lewis,Cumulus AZ Branch 1,Mountain West,2026-06-01
LN-AP-000075,Zara Nelson,15-Year Fixed Mortgage,164855.62,Broker,E-0229,BR-025,2025-02-16,2025-03-12,2025-03-12,Funded,Funded,26.5,643,0.277,5.38,true,0,Marcus Wilson,Cumulus CA Branch 1,Pacific,2025-02-01
LN-AP-000076,Ben Clark,30-Year Fixed Mortgage,383413.08,Digital,E-0235,BR-008,2025-01-24,,,In Progress,Conditional Approval,,649,0.502,5.533,false,2,Ava Harris,Cumulus FL Branch 2,Southeast,2025-01-01
LN-AP-000077,Iris White,30-Year Fixed Mortgage,639273.18,Branch,E-0209,BR-006,2026-08-08,,,In Progress,Funded,,807,0.163,6.227,false,5,Yuki Stewart,Cumulus CT Branch 2,Northeast,2026-08-01
LN-AP-000078,Aisha Green,Auto Loan,30408.07,Digital,E-0207,BR-022,2026-02-16,,,Withdrawn,Underwriting,,703,0.192,8.694,false,0,Priya Davis,Cumulus UT Branch 2,Mountain West,2026-02-01
LN-AP-000079,Lauren Morris,30-Year Fixed Mortgage,699955.4,Digital,E-0222,BR-026,2025-10-27,2025-11-23,2025-11-23,Funded,Funded,28.8,654,0.312,5.849,true,0,Rosa Carter,Cumulus CA Branch 2,Pacific,2025-10-01
LN-AP-000080,Zara Evans,HELOC,75838.85,Digital,E-0221,BR-016,2026-05-06,2026-06-09,2026-06-09,Funded,Funded,37.7,633,0.186,7.997,true,0,Fatima Parker,Cumulus OH Branch 2,Midwest,2026-05-01
LN-AP-000081,Samuel Turner,Personal Loan,14128.22,Broker,E-0219,BR-025,2025-08-15,2025-09-25,2025-09-25,Funded,Funded,43.5,810,0.486,6.298,true,0,Rosa Hall,Cumulus CA Branch 1,Pacific,2025-08-01
LN-AP-000082,Naomi Green,15-Year Fixed Mortgage,346659.14,Digital,E-0235,BR-008,2026-08-05,,,In Progress,Funded,,720,0.154,6.989,false,0,Ava Harris,Cumulus FL Branch 2,Southeast,2026-08-01
LN-AP-000083,Nora Bailey,30-Year Fixed Mortgage,255072.86,Digital,E-0224,BR-027,2025-12-26,2026-01-22,2026-01-22,Funded,Funded,31.1,573,0.162,7.395,true,0,Priya Davis,Cumulus WA Branch 1,Pacific,2025-12-01
LN-AP-000084,Chloe Taylor,30-Year Fixed Mortgage,510521.32,Digital,E-0212,BR-004,2026-02-26,2026-04-09,2026-04-09,Funded,Funded,43.9,719,0.142,7.691,true,0,Isabella Phillips,Cumulus MA Branch 2,Northeast,2026-02-01
LN-AP-000085,Hannah Bailey,30-Year Fixed Mortgage,318484.61,Digital,E-0224,BR-027,2026-02-13,2026-03-18,2026-03-18,Funded,Funded,37.1,711,0.451,6.831,true,0,Priya Davis,Cumulus WA Branch 1,Pacific,2026-02-01
LN-AP-000086,Nora Wilson,30-Year Fixed Mortgage,341994.43,Loan Officer,E-0206,BR-020,2026-06-27,2026-08-07,2026-08-07,Funded,Funded,44.4,595,0.441,5.786,true,0,Ben Taylor,Cumulus CO Branch 2,Mountain West,2026-06-01
LN-AP-000087,Andre Harris,30-Year Fixed Mortgage,327515.64,Branch,E-0217,BR-015,2025-04-30,2025-06-16,2025-06-16,Funded,Funded,50.8,801,0.457,8.386,true,0,Amara Green,Cumulus OH Branch 1,Midwest,2025-04-01
LN-AP-000088,Yuki Lewis,Auto Loan,50664.28,Broker,E-0234,BR-028,2025-07-04,2025-08-22,2025-08-22,Funded,Funded,51.2,683,0.268,7.722,true,0,Henry Taylor,Cumulus WA Branch 2,Pacific,2025-07-01
LN-AP-000089,Layla Kim,Auto Loan,35943.4,Loan Officer,E-0233,BR-025,2025-03-17,2025-04-13,2025-04-13,Funded,Funded,30.6,785,0.515,5.148,true,0,Jamal Adams,Cumulus CA Branch 1,Pacific,2025-03-01
LN-AP-000090,Owen Johnson,30-Year Fixed Mortgage,627998.21,Digital,E-0223,BR-001,2025-01-13,2025-02-03,2025-02-03,Funded,Funded,23.5,617,0.158,7.265,true,0,Noah Adams,Cumulus NY Branch 1,Northeast,2025-01-01
LN-AP-000091,Zara Edwards,15-Year Fixed Mortgage,226501.16,Loan Officer,E-0228,BR-013,2025-06-09,2025-06-29,2025-06-29,Funded,Funded,23.7,807,0.4,6.984,true,0,Kenji Silva,Cumulus IL Branch 1,Midwest,2025-06-01
LN-AP-000092,Mateo Okafor,30-Year Fixed Mortgage,217163.64,Digital,E-0227,BR-016,2025-10-13,2025-11-09,2025-11-09,Funded,Funded,30.3,575,0.139,7.903,true,0,Zara Young,Cumulus OH Branch 2,Midwest,2025-10-01
LN-AP-000093,Zara Walker,HELOC,73746.28,Broker,E-0208,BR-027,2025-09-10,2025-10-04,2025-10-04,Funded,Funded,28.4,603,0.207,8.501,true,0,Yuki Campbell,Cumulus WA Branch 1,Pacific,2025-09-01
LN-AP-000094,Layla Carter,Personal Loan,17154.7,Digital,E-0207,BR-022,2026-04-29,,,In Progress,Application Submitted,,751,0.396,5.349,false,3,Priya Davis,Cumulus UT Branch 2,Mountain West,2026-04-01
LN-AP-000095,Mei Lopez,HELOC,151626.6,Loan Officer,E-0217,BR-015,2025-12-17,2026-01-18,,Denied,Appraisal,,781,0.259,5.629,false,0,Amara Green,Cumulus OH Branch 1,Midwest,2025-12-01
LN-AP-000096,Leo Walker,HELOC,129031.35,Loan Officer,E-0233,BR-025,2025-12-21,2026-01-19,2026-01-19,Funded,Funded,32.9,752,0.329,6.41,true,0,Jamal Adams,Cumulus CA Branch 1,Pacific,2025-12-01
LN-AP-000097,Isabella Young,30-Year Fixed Mortgage,211350.09,Digital,E-0222,BR-026,2025-10-25,,,Abandoned,Conditional Approval,,821,0.224,6.438,false,0,Rosa Carter,Cumulus CA Branch 2,Pacific,2025-10-01
LN-AP-000098,Marcus Moore,Personal Loan,24738.17,Digital,E-0208,BR-027,2026-07-08,2026-07-15,,Denied,Document Collection,,745,0.443,5.949,false,0,Yuki Campbell,Cumulus WA Branch 1,Pacific,2026-07-01
LN-AP-000099,Aisha Miller,Auto Loan,73301.51,Digital,E-0230,BR-009,2026-08-05,,,Withdrawn,Underwriting,,675,0.259,5.911,false,0,Jamal Wright,Cumulus GA Branch 1,Southeast,2026-08-01
LN-AP-000100,Aisha Green,30-Year Fixed Mortgage,351723.17,Digital,E-0211,BR-012,2025-01-13,,,Withdrawn,Document Collection,,670,0.187,7.594,false,0,Priya Young,Cumulus NC Branch 2,Southeast,2025-01-01
LN-AP-000101,Iris Anderson,30-Year Fixed Mortgage,314256.83,Branch,E-0212,BR-004,2026-02-08,2026-04-08,2026-04-08,Funded,Funded,63.2,569,0.241,7.319,true,0,Isabella Phillips,Cumulus MA Branch 2,Northeast,2026-02-01
LN-AP-000102,Priya Nelson,15-Year Fixed Mortgage,252960.81,Broker,E-0235,BR-008,2026-01-07,2026-02-17,2026-02-17,Funded,Funded,44.0,824,0.443,6.779,true,0,Ava Harris,Cumulus FL Branch 2,Southeast,2026-01-01
LN-AP-000103,Isabella Bailey,15-Year Fixed Mortgage,262876.83,Branch,E-0217,BR-015,2024-10-02,,,In Progress,Conditional Approval,,738,0.303,6.007,false,3,Amara Green,Cumulus OH Branch 1,Midwest,2024-10-01
LN-AP-000104,Noah Johnson,30-Year Fixed Mortgage,810439.45,Loan Officer,E-0222,BR-026,2026-03-22,2026-04-26,2026-04-26,Funded,Funded,37.2,599,0.151,8.257,true,0,Rosa Carter,Cumulus CA Branch 2,Pacific,2026-03-01
LN-AP-000105,Nora Kim,Auto Loan,19385.77,Broker,E-0226,BR-010,2026-08-23,,,In Progress,Funded,,766,0.375,6.81,false,4,Andre Evans,Cumulus GA Branch 2,Southeast,2026-08-01
LN-AP-000106,Ravi Allen,HELOC,95800.57,Loan Officer,E-0233,BR-025,2024-10-08,2024-11-06,2024-11-06,Funded,Funded,31.4,703,0.409,5.789,true,0,Jamal Adams,Cumulus CA Branch 1,Pacific,2024-10-01
LN-AP-000107,Owen Baker,15-Year Fixed Mortgage,367570.37,Broker,E-0216,BR-013,2024-12-04,2025-01-05,2025-01-05,Funded,Funded,33.4,649,0.183,6.521,true,0,Daniel Morris,Cumulus IL Branch 1,Midwest,2024-12-01
LN-AP-000108,Luis Allen,Refinance,261838.11,Loan Officer,E-0217,BR-015,2024-12-06,2025-01-13,2025-01-13,Funded,Funded,41.5,715,0.264,5.205,true,0,Amara Green,Cumulus OH Branch 1,Midwest,2024-12-01
LN-AP-000109,Carlos Allen,HELOC,236002.25,Digital,E-0218,BR-012,2026-03-22,2026-04-19,2026-04-19,Funded,Funded,32.4,805,0.441,5.964,true,0,Carlos Scott,Cumulus NC Branch 2,Southeast,2026-03-01
LN-AP-000110,Nora Jackson,30-Year Fixed Mortgage,491860.18,Loan Officer,E-0233,BR-025,2025-03-23,2025-04-20,,Denied,Document Collection,,604,0.26,5.111,false,0,Jamal Adams,Cumulus CA Branch 1,Pacific,2025-03-01
LN-AP-000111,Ava Brown,30-Year Fixed Mortgage,354272.33,Branch,E-0206,BR-020,2025-01-08,2025-02-06,2025-02-06,Funded,Funded,32.3,626,0.288,7.134,true,0,Ben Taylor,Cumulus CO Branch 2,Mountain West,2025-01-01
LN-AP-000112,Isabella Young,Refinance,467038.62,Digital,E-0213,BR-023,2026-01-04,2026-02-16,2026-02-16,Funded,Funded,46.5,735,0.35,6.533,true,0,Jamal Lewis,Cumulus AZ Branch 1,Mountain West,2026-01-01
LN-AP-000113,Ava Ruiz,15-Year Fixed Mortgage,187455.0,Digital,E-0220,BR-005,2026-03-22,2026-04-11,2026-04-11,Funded,Funded,23.4,604,0.202,8.762,true,0,Luis Adams,Cumulus CT Branch 1,Northeast,2026-03-01
LN-AP-000114,Julian Miller,Refinance,360338.5,Digital,E-0235,BR-008,2024-11-27,2024-12-23,2024-12-23,Funded,Funded,29.9,692,0.343,8.261,true,0,Ava Harris,Cumulus FL Branch 2,Southeast,2024-11-01
LN-AP-000115,Ben Adams,Refinance,393407.0,Loan Officer,E-0222,BR-026,2025-05-20,,,Withdrawn,Application Submitted,,621,0.147,8.321,false,0,Rosa Carter,Cumulus CA Branch 2,Pacific,2025-05-01
LN-AP-000116,Sofia Silva,Personal Loan,21087.44,Digital,E-0224,BR-027,2026-03-21,,,Withdrawn,Document Collection,,643,0.16,7.083,false,0,Priya Davis,Cumulus WA Branch 1,Pacific,2026-03-01
LN-AP-000117,Noah Martinez,Refinance,300131.71,Branch,E-0218,BR-012,2024-10-04,,,In Progress,Underwriting,,609,0.131,5.678,false,6,Carlos Scott,Cumulus NC Branch 2,Southeast,2024-10-01
LN-AP-000118,Hannah Campbell,Refinance,277137.37,Loan Officer,E-0213,BR-023,2024-12-10,2024-12-28,,Denied,Document Collection,,696,0.152,8.462,false,0,Jamal Lewis,Cumulus AZ Branch 1,Mountain West,2024-12-01
LN-AP-000119,Isabella Phillips,30-Year Fixed Mortgage,377160.55,Broker,E-0209,BR-006,2025-08-11,,,In Progress,Application Submitted,,686,0.428,5.562,false,4,Yuki Stewart,Cumulus CT Branch 2,Northeast,2025-08-01
LN-AP-000120,Lauren Ashford,Personal Loan,6041.31,Digital,E-0223,BR-001,2026-07-31,,,In Progress,Funded,,738,0.425,7.222,false,1,Noah Adams,Cumulus NY Branch 1,Northeast,2026-07-01
LN-AP-000121,Naomi Parker,Auto Loan,31872.59,Broker,E-0226,BR-010,2025-02-26,2025-03-27,2025-03-27,Funded,Funded,33.0,709,0.322,6.139,true,0,Andre Evans,Cumulus GA Branch 2,Southeast,2025-02-01
LN-AP-000122,Sofia Brown,30-Year Fixed Mortgage,708308.41,Branch,E-0219,BR-025,2026-02-25,2026-03-23,2026-03-23,Funded,Funded,30.1,773,0.373,6.131,true,0,Rosa Hall,Cumulus CA Branch 1,Pacific,2026-02-01
LN-AP-000123,Sara Green,Personal Loan,18876.53,Branch,E-0207,BR-022,2025-06-13,2025-07-19,2025-07-19,Funded,Funded,39.8,800,0.361,6.042,true,0,Priya Davis,Cumulus UT Branch 2,Mountain West,2025-06-01
LN-AP-000124,Yuki Scott,Personal Loan,9867.13,Digital,E-0228,BR-013,2026-05-12,2026-06-20,2026-06-20,Funded,Funded,43.2,597,0.134,8.134,true,0,Kenji Silva,Cumulus IL Branch 1,Midwest,2026-05-01
LN-AP-000125,Fatima Miller,HELOC,192719.23,Digital,E-0211,BR-012,2026-05-21,2026-06-19,2026-06-19,Funded,Funded,33.6,568,0.312,5.373,true,0,Priya Young,Cumulus NC Branch 2,Southeast,2026-05-01
LN-AP-000126,Iris Green,30-Year Fixed Mortgage,789444.83,Loan Officer,E-0208,BR-027,2025-08-20,2025-09-21,2025-09-21,Funded,Funded,36.3,776,0.385,8.809,true,0,Yuki Campbell,Cumulus WA Branch 1,Pacific,2025-08-01
LN-AP-000127,Derek Nguyen,Refinance,286328.87,Digital,E-0207,BR-022,2025-01-30,,,Abandoned,Appraisal,,620,0.415,7.387,false,0,Priya Davis,Cumulus UT Branch 2,Mountain West,2025-01-01
LN-AP-000128,Henry Taylor,15-Year Fixed Mortgage,501754.12,Digital,E-0223,BR-001,2026-02-03,,,Withdrawn,Conditional Approval,,773,0.374,8.718,false,0,Noah Adams,Cumulus NY Branch 1,Northeast,2026-02-01
LN-AP-000129,Grace Anderson,30-Year Fixed Mortgage,419466.57,Branch,E-0223,BR-001,2025-10-06,2025-12-05,2025-12-05,Funded,Funded,65.0,755,0.422,6.664,true,0,Noah Adams,Cumulus NY Branch 1,Northeast,2025-10-01
LN-AP-000130,Fatima Okafor,HELOC,42131.9,Loan Officer,E-0229,BR-025,2026-06-18,2026-07-18,2026-07-18,Funded,Funded,33.0,587,0.329,6.867,true,0,Marcus Wilson,Cumulus CA Branch 1,Pacific,2026-06-01
LN-AP-000131,Noah Silva,15-Year Fixed Mortgage,282555.76,Digital,E-0233,BR-025,2025-03-16,2025-04-16,2025-04-16,Funded,Funded,34.3,653,0.406,8.348,true,0,Jamal Adams,Cumulus CA Branch 1,Pacific,2025-03-01
LN-AP-000132,Aisha Davis,15-Year Fixed Mortgage,246079.96,Branch,E-0222,BR-026,2026-03-25,2026-04-27,2026-04-27,Funded,Funded,36.1,570,0.371,6.435,true,0,Rosa Carter,Cumulus CA Branch 2,Pacific,2026-03-01
LN-AP-000133,Leo Collins,Personal Loan,5111.94,Branch,E-0210,BR-019,2025-11-17,2026-01-02,2026-01-02,Funded,Funded,49.2,702,0.231,5.537,true,0,Luis Garcia,Cumulus CO Branch 1,Mountain West,2025-11-01
LN-AP-000134,Olivia Stewart,Auto Loan,83444.12,Digital,E-0228,BR-013,2026-08-03,2026-08-24,2026-08-24,Funded,Funded,24.5,579,0.218,7.55,true,0,Kenji Silva,Cumulus IL Branch 1,Midwest,2026-08-01
LN-AP-000135,Wei Miller,Refinance,211217.86,Branch,E-0229,BR-025,2025-06-06,2025-07-08,2025-07-08,Funded,Funded,35.5,655,0.441,5.67,true,0,Marcus Wilson,Cumulus CA Branch 1,Pacific,2025-06-01
LN-AP-000136,Diego Roberts,Auto Loan,57249.33,Digital,E-0206,BR-020,2024-10-23,2024-12-14,2024-12-14,Funded,Funded,54.8,818,0.468,7.064,true,0,Ben Taylor,Cumulus CO Branch 2,Mountain West,2024-10-01
LN-AP-000137,Grace Clark,15-Year Fixed Mortgage,148647.34,Loan Officer,E-0223,BR-001,2025-03-30,2025-04-29,2025-04-29,Funded,Funded,34.0,825,0.251,7.704,true,0,Noah Adams,Cumulus NY Branch 1,Northeast,2025-03-01
LN-AP-000138,Isabella Scott,Auto Loan,27915.86,Digital,E-0220,BR-005,2025-12-01,2025-12-27,2025-12-27,Funded,Funded,29.5,779,0.316,7.165,true,0,Luis Adams,Cumulus CT Branch 1,Northeast,2025-12-01
LN-AP-000139,Layla Kim,Personal Loan,14472.28,Loan Officer,E-0223,BR-001,2026-06-27,2026-08-03,2026-08-03,Funded,Funded,39.1,662,0.267,5.378,true,0,Noah Adams,Cumulus NY Branch 1,Northeast,2026-06-01
LN-AP-000140,Grace Evans,15-Year Fixed Mortgage,424758.8,Digital,E-0234,BR-028,2025-07-01,2025-07-27,2025-07-27,Funded,Funded,29.9,695,0.462,5.312,true,0,Henry Taylor,Cumulus WA Branch 2,Pacific,2025-07-01
LN-AP-000141,Fatima Edwards,30-Year Fixed Mortgage,167540.21,Branch,E-0215,BR-011,2025-10-20,,,In Progress,Document Collection,,762,0.321,8.108,false,4,Henry Patel,Cumulus NC Branch 1,Southeast,2025-10-01
LN-AP-000142,Ravi Hall,Refinance,345745.32,Loan Officer,E-0235,BR-008,2025-04-22,,,Withdrawn,Document Collection,,688,0.347,5.484,false,0,Ava Harris,Cumulus FL Branch 2,Southeast,2025-04-01
LN-AP-000143,Grace Adams,Personal Loan,13567.18,Digital,E-0226,BR-010,2025-10-31,,,In Progress,Application Submitted,,613,0.327,7.023,false,6,Andre Evans,Cumulus GA Branch 2,Southeast,2025-10-01
LN-AP-000144,Grace Ruiz,Auto Loan,27709.23,Branch,E-0208,BR-027,2026-01-11,2026-02-24,2026-02-24,Funded,Funded,47.4,796,0.461,7.471,true,0,Yuki Campbell,Cumulus WA Branch 1,Pacific,2026-01-01
LN-AP-000145,Noah Martinez,HELOC,165414.22,Broker,E-0210,BR-019,2026-02-19,2026-03-04,,Denied,Document Collection,,675,0.162,8.632,false,0,Luis Garcia,Cumulus CO Branch 1,Mountain West,2026-02-01
LN-AP-000146,Leo White,HELOC,152624.11,Loan Officer,E-0216,BR-013,2024-12-17,2025-01-21,2025-01-21,Funded,Funded,38.1,740,0.178,7.587,true,0,Daniel Morris,Cumulus IL Branch 1,Midwest,2024-12-01
LN-AP-000147,Felix Wilson,Auto Loan,38725.34,Digital,E-0215,BR-011,2024-12-23,2025-01-13,2025-01-13,Funded,Funded,23.8,798,0.295,5.221,true,0,Henry Patel,Cumulus NC Branch 1,Southeast,2024-12-01
LN-AP-000148,Nina Mitchell,15-Year Fixed Mortgage,391034.32,Loan Officer,E-0213,BR-023,2024-11-18,,,In Progress,Application Submitted,,679,0.489,7.279,false,4,Jamal Lewis,Cumulus AZ Branch 1,Mountain West,2024-11-01
LN-AP-000149,Luis Miller,30-Year Fixed Mortgage,582862.77,Broker,E-0230,BR-009,2025-04-16,2025-05-21,2025-05-21,Funded,Funded,39.7,799,0.514,7.527,true,0,Jamal Wright,Cumulus GA Branch 1,Southeast,2025-04-01
LN-AP-000150,Emma Collins,HELOC,120527.41,Loan Officer,E-0227,BR-016,2026-04-19,2026-05-13,2026-05-13,Funded,Funded,26.5,694,0.27,6.925,true,0,Zara Young,Cumulus OH Branch 2,Midwest,2026-04-01
LN-AP-000151,Ines Wilson,Refinance,746744.72,Branch,E-0214,BR-027,2025-10-03,,,Withdrawn,Application Submitted,,710,0.318,7.743,false,0,Amara Clark,Cumulus WA Branch 1,Pacific,2025-10-01
LN-AP-000152,Grace Ruiz,30-Year Fixed Mortgage,597165.99,Digital,E-0231,BR-010,2026-07-27,,,In Progress,Appraisal,,611,0.138,8.258,false,3,Maya Edwards,Cumulus GA Branch 2,Southeast,2026-07-01
LN-AP-000153,Owen Parker,Auto Loan,64942.88,Digital,E-0224,BR-027,2024-11-04,2024-11-21,,Denied,Underwriting,,821,0.413,8.055,false,0,Priya Davis,Cumulus WA Branch 1,Pacific,2024-11-01
LN-AP-000154,Nora Carter,Auto Loan,41973.68,Digital,E-0226,BR-010,2025-05-14,2025-07-01,2025-07-01,Funded,Funded,51.8,647,0.314,5.15,true,0,Andre Evans,Cumulus GA Branch 2,Southeast,2025-05-01
LN-AP-000155,Ines Lewis,Auto Loan,35860.73,Digital,E-0231,BR-010,2026-06-28,,,Abandoned,Underwriting,,696,0.468,5.417,false,0,Maya Edwards,Cumulus GA Branch 2,Southeast,2026-06-01
LN-AP-000156,Nora Jackson,Personal Loan,18359.6,Broker,E-0227,BR-016,2025-02-22,2025-04-01,2025-04-01,Funded,Funded,42.3,754,0.42,7.723,true,0,Zara Young,Cumulus OH Branch 2,Midwest,2025-02-01
LN-AP-000157,Leo Stewart,30-Year Fixed Mortgage,187041.23,Digital,E-0226,BR-010,2025-11-19,2025-12-26,2025-12-26,Funded,Funded,40.3,683,0.372,6.31,true,0,Andre Evans,Cumulus GA Branch 2,Southeast,2025-11-01
LN-AP-000158,Derek Evans,30-Year Fixed Mortgage,297664.51,Digital,E-0234,BR-028,2026-06-24,2026-07-18,2026-07-18,Funded,Funded,29.2,593,0.443,8.106,true,0,Henry Taylor,Cumulus WA Branch 2,Pacific,2026-06-01
LN-AP-000159,Sofia Turner,Personal Loan,6244.5,Loan Officer,E-0220,BR-005,2025-06-11,2025-06-11,,Denied,Application Submitted,,563,0.441,6.891,false,0,Luis Adams,Cumulus CT Branch 1,Northeast,2025-06-01
LN-AP-000160,Kenji Young,30-Year Fixed Mortgage,516463.67,Loan Officer,E-0223,BR-001,2026-01-22,2026-02-18,2026-02-18,Funded,Funded,30.6,634,0.22,5.152,true,0,Noah Adams,Cumulus NY Branch 1,Northeast,2026-01-01
LN-AP-000161,Felix Okafor,30-Year Fixed Mortgage,247454.24,Loan Officer,E-0231,BR-010,2025-05-01,2025-05-27,,Denied,Document Collection,,663,0.353,6.999,false,0,Maya Edwards,Cumulus GA Branch 2,Southeast,2025-05-01
LN-AP-000162,Lauren Martinez,30-Year Fixed Mortgage,713918.03,Digital,E-0235,BR-008,2025-11-21,,,In Progress,Conditional Approval,,757,0.156,7.318,false,5,Ava Harris,Cumulus FL Branch 2,Southeast,2025-11-01
LN-AP-000163,Yuki Roberts,HELOC,101047.5,Branch,E-0233,BR-025,2026-01-30,2026-02-18,2026-02-18,Funded,Funded,22.0,753,0.336,7.915,true,0,Jamal Adams,Cumulus CA Branch 1,Pacific,2026-01-01
LN-AP-000164,Marcus Walker,Auto Loan,23634.36,Branch,E-0232,BR-018,2025-09-08,2025-11-03,2025-11-03,Funded,Funded,60.3,752,0.226,8.766,true,0,Tom Hall,Cumulus MN Branch 2,Midwest,2025-09-01
LN-AP-000165,Felix Wright,Refinance,504568.55,Branch,E-0210,BR-019,2025-08-09,2025-09-29,2025-09-29,Funded,Funded,54.9,680,0.347,6.003,true,0,Luis Garcia,Cumulus CO Branch 1,Mountain West,2025-08-01
LN-AP-000166,Felix Jackson,30-Year Fixed Mortgage,771948.72,Loan Officer,E-0234,BR-028,2025-05-25,,,Withdrawn,Document Collection,,664,0.274,8.053,false,0,Henry Taylor,Cumulus WA Branch 2,Pacific,2025-05-01
LN-AP-000167,Emma Miller,Auto Loan,30654.35,Loan Officer,E-0223,BR-001,2026-04-11,2026-06-08,2026-06-08,Funded,Funded,61.1,670,0.424,7.607,true,0,Noah Adams,Cumulus NY Branch 1,Northeast,2026-04-01
LN-AP-000168,Lauren Baker,Personal Loan,6629.52,Broker,E-0223,BR-001,2025-05-14,2025-06-06,2025-06-06,Funded,Funded,25.3,747,0.456,8.492,true,0,Noah Adams,Cumulus NY Branch 1,Northeast,2025-05-01
LN-AP-000169,Owen Vaughn,Refinance,1314361.22,Digital,E-0210,BR-019,2025-02-02,2025-03-02,2025-03-02,Funded,Funded,31.9,779,0.416,7.982,true,0,Luis Garcia,Cumulus CO Branch 1,Mountain West,2025-02-01
LN-AP-000170,Kenji Scott,HELOC,31395.4,Digital,E-0213,BR-023,2026-02-27,2026-03-23,2026-03-23,Funded,Funded,27.4,743,0.504,6.947,true,0,Jamal Lewis,Cumulus AZ Branch 1,Mountain West,2026-02-01
LN-AP-000171,Yuki Parker,30-Year Fixed Mortgage,362121.06,Broker,E-0222,BR-026,2025-08-17,2025-09-22,2025-09-22,Funded,Funded,39.6,718,0.47,8.152,true,0,Rosa Carter,Cumulus CA Branch 2,Pacific,2025-08-01
LN-AP-000172,Nina Kim,HELOC,54458.38,Digital,E-0221,BR-016,2026-02-02,2026-02-28,2026-02-28,Funded,Funded,29.6,585,0.429,8.13,true,0,Fatima Parker,Cumulus OH Branch 2,Midwest,2026-02-01
LN-AP-000173,Grace Kim,Refinance,129009.74,Digital,E-0223,BR-001,2025-03-08,2025-04-02,2025-04-02,Funded,Funded,29.9,593,0.313,7.07,true,0,Noah Adams,Cumulus NY Branch 1,Northeast,2025-03-01
LN-AP-000174,Sara Bailey,Auto Loan,48293.68,Digital,E-0233,BR-025,2025-10-28,2025-11-17,,Denied,Appraisal,,642,0.235,7.15,false,0,Jamal Adams,Cumulus CA Branch 1,Pacific,2025-10-01
LN-AP-000175,Sara Garcia,HELOC,96897.78,Digital,E-0208,BR-027,2025-05-26,2025-06-12,2025-06-12,Funded,Funded,21.6,798,0.193,7.904,true,0,Yuki Campbell,Cumulus WA Branch 1,Pacific,2025-05-01
LN-AP-000176,Kenji Allen,Auto Loan,30439.14,Branch,E-0226,BR-010,2025-04-16,2025-05-23,2025-05-23,Funded,Funded,40.6,763,0.195,6.203,true,0,Andre Evans,Cumulus GA Branch 2,Southeast,2025-04-01
LN-AP-000177,Ava Phillips,Personal Loan,6833.7,Broker,E-0219,BR-025,2026-01-27,2026-03-11,2026-03-11,Funded,Funded,47.7,647,0.497,8.036,true,0,Rosa Hall,Cumulus CA Branch 1,Pacific,2026-01-01
LN-AP-000178,Hannah Morris,15-Year Fixed Mortgage,283075.33,Digital,E-0234,BR-028,2025-02-05,2025-03-20,2025-03-20,Funded,Funded,45.9,820,0.454,6.203,true,0,Henry Taylor,Cumulus WA Branch 2,Pacific,2025-02-01
LN-AP-000179,Wei Davis,Personal Loan,11740.91,Broker,E-0217,BR-015,2025-10-20,,,Withdrawn,Application Submitted,,681,0.27,6.645,false,0,Amara Green,Cumulus OH Branch 1,Midwest,2025-10-01
LN-AP-000180,Emma Taylor,30-Year Fixed Mortgage,380912.4,Branch,E-0218,BR-012,2025-08-13,,,In Progress,Application Submitted,,616,0.509,8.09,false,3,Carlos Scott,Cumulus NC Branch 2,Southeast,2025-08-01
LN-AP-000181,Priya Young,Personal Loan,19455.09,Branch,E-0222,BR-026,2025-02-26,,,Withdrawn,Appraisal,,580,0.406,5.739,false,0,Rosa Carter,Cumulus CA Branch 2,Pacific,2025-02-01
LN-AP-000182,Derek Harris,HELOC,136374.04,Broker,E-0232,BR-018,2025-04-13,2025-05-23,2025-05-23,Funded,Funded,42.4,736,0.499,7.807,true,0,Tom Hall,Cumulus MN Branch 2,Midwest,2025-04-01
LN-AP-000183,Emma Scott,Personal Loan,12428.83,Branch,E-0214,BR-027,2025-01-12,,,In Progress,Application Submitted,,563,0.474,5.759,false,2,Amara Clark,Cumulus WA Branch 1,Pacific,2025-01-01
LN-AP-000184,Layla Bailey,30-Year Fixed Mortgage,720597.75,Branch,E-0225,BR-021,2025-12-09,,,Withdrawn,Document Collection,,787,0.304,6.173,false,0,Henry Okafor,Cumulus UT Branch 1,Mountain West,2025-12-01
LN-AP-000185,Layla Stewart,Auto Loan,30682.72,Loan Officer,E-0218,BR-012,2025-10-12,,,Withdrawn,Application Submitted,,587,0.193,7.812,false,0,Carlos Scott,Cumulus NC Branch 2,Southeast,2025-10-01
LN-AP-000186,Marcus Clark,Auto Loan,26088.07,Loan Officer,E-0232,BR-018,2026-02-21,2026-03-20,2026-03-20,Funded,Funded,31.7,785,0.268,6.332,true,0,Tom Hall,Cumulus MN Branch 2,Midwest,2026-02-01
LN-AP-000187,Hannah Stewart,Refinance,238184.35,Loan Officer,E-0207,BR-022,2025-04-25,,,In Progress,Document Collection,,683,0.205,7.689,false,2,Priya Davis,Cumulus UT Branch 2,Mountain West,2025-04-01
LN-AP-000188,Priya Vaughn,Auto Loan,16826.05,Broker,E-0209,BR-006,2024-12-19,2025-01-15,2025-01-15,Funded,Funded,30.6,728,0.442,7.884,true,0,Yuki Stewart,Cumulus CT Branch 2,Northeast,2024-12-01
LN-AP-000189,Ethan King,Refinance,453632.39,Loan Officer,E-0229,BR-025,2025-07-01,2025-08-07,2025-08-07,Funded,Funded,40.3,618,0.471,5.982,true,0,Marcus Wilson,Cumulus CA Branch 1,Pacific,2025-07-01
LN-AP-000190,Sara Hall,Refinance,541604.81,Broker,E-0211,BR-012,2026-02-28,,,In Progress,Application Submitted,,668,0.349,7.712,false,2,Priya Young,Cumulus NC Branch 2,Southeast,2026-02-01
LN-AP-000191,Ben Clark,30-Year Fixed Mortgage,750070.5,Digital,E-0226,BR-010,2025-11-16,,,In Progress,Appraisal,,683,0.472,7.247,false,2,Andre Evans,Cumulus GA Branch 2,Southeast,2025-11-01
LN-AP-000192,Ava Young,Auto Loan,23643.67,Branch,E-0209,BR-006,2024-12-12,2025-01-05,2025-01-05,Funded,Funded,28.3,627,0.264,5.239,true,0,Yuki Stewart,Cumulus CT Branch 2,Northeast,2024-12-01
LN-AP-000193,Tom Johnson,30-Year Fixed Mortgage,571282.84,Digital,E-0224,BR-027,2025-10-24,2025-11-27,2025-11-27,Funded,Funded,39.3,757,0.36,6.741,true,0,Priya Davis,Cumulus WA Branch 1,Pacific,2025-10-01
LN-AP-000194,Maya Johnson,30-Year Fixed Mortgage,192597.8,Loan Officer,E-0206,BR-020,2025-06-09,,,In Progress,Appraisal,,697,0.33,6.867,false,1,Ben Taylor,Cumulus CO Branch 2,Mountain West,2025-06-01
LN-AP-000195,Mateo Collins,30-Year Fixed Mortgage,412309.28,Branch,E-0225,BR-021,2025-12-11,2026-01-15,2026-01-15,Funded,Funded,40.0,768,0.33,8.864,true,0,Henry Okafor,Cumulus UT Branch 1,Mountain West,2025-12-01
LN-AP-000196,Luis Mitchell,Refinance,297609.88,Digital,E-0211,BR-012,2024-11-12,2024-12-12,2024-12-12,Funded,Funded,33.9,826,0.186,5.998,true,0,Priya Young,Cumulus NC Branch 2,Southeast,2024-11-01
LN-AP-000197,Felix Jackson,Auto Loan,17681.26,Digital,E-0231,BR-010,2026-08-18,,,In Progress,Funded,,648,0.345,5.454,false,5,Maya Edwards,Cumulus GA Branch 2,Southeast,2026-08-01
LN-AP-000198,Felix Miller,HELOC,227728.2,Digital,E-0231,BR-010,2026-02-18,2026-04-01,2026-04-01,Funded,Funded,45.6,799,0.373,6.374,true,0,Maya Edwards,Cumulus GA Branch 2,Southeast,2026-02-01
LN-AP-000199,Tom Bailey,30-Year Fixed Mortgage,499518.3,Broker,E-0232,BR-018,2026-03-07,2026-04-16,2026-04-16,Funded,Funded,43.4,620,0.244,7.206,true,0,Tom Hall,Cumulus MN Branch 2,Midwest,2026-03-01
LN-AP-000200,Jonathan Davis,HELOC,96306.06,Branch,E-0229,BR-025,2026-04-18,2026-05-23,2026-05-23,Funded,Funded,39.3,675,0.255,6.449,true,0,Marcus Wilson,Cumulus CA Branch 1,Pacific,2026-04-01
LN-AP-000201,Layla Okafor,HELOC,42549.06,Digital,E-0231,BR-010,2025-05-18,2025-07-02,2025-07-02,Funded,Funded,50.0,710,0.236,6.008,true,0,Maya Edwards,Cumulus GA Branch 2,Southeast,2025-05-01
LN-AP-000202,Sofia Garcia,30-Year Fixed Mortgage,989108.02,Digital,E-0208,BR-027,2026-02-10,,,In Progress,Underwriting,,670,0.332,7.55,false,5,Yuki Campbell,Cumulus WA Branch 1,Pacific,2026-02-01
LN-AP-000203,Grace Edwards,30-Year Fixed Mortgage,164738.4,Digital,E-0222,BR-026,2025-01-16,2025-02-11,2025-02-11,Funded,Funded,30.1,797,0.492,8.115,true,0,Rosa Carter,Cumulus CA Branch 2,Pacific,2025-01-01
LN-AP-000204,Layla Green,30-Year Fixed Mortgage,646992.7,Broker,E-0212,BR-004,2024-11-22,2024-12-22,2024-12-22,Funded,Funded,33.9,818,0.264,7.967,true,0,Isabella Phillips,Cumulus MA Branch 2,Northeast,2024-11-01
LN-AP-000205,Tom Parker,30-Year Fixed Mortgage,460602.44,Branch,E-0234,BR-028,2025-04-16,2025-05-14,2025-05-14,Funded,Funded,33.3,582,0.28,8.309,true,0,Henry Taylor,Cumulus WA Branch 2,Pacific,2025-04-01
LN-AP-000206,Mei Garcia,Auto Loan,25122.99,Digital,E-0232,BR-018,2026-03-14,,,Withdrawn,Application Submitted,,599,0.276,5.914,false,0,Tom Hall,Cumulus MN Branch 2,Midwest,2026-03-01
LN-AP-000207,Diego Clark,HELOC,90793.84,Loan Officer,E-0213,BR-023,2026-02-01,,,Withdrawn,Document Collection,,702,0.442,6.282,false,0,Jamal Lewis,Cumulus AZ Branch 1,Mountain West,2026-02-01
LN-AP-000208,Fatima Nguyen,30-Year Fixed Mortgage,558412.66,Digital,E-0220,BR-005,2025-02-04,2025-03-02,,Denied,Conditional Approval,,747,0.389,5.852,false,0,Luis Adams,Cumulus CT Branch 1,Northeast,2025-02-01
LN-AP-000209,Owen Green,15-Year Fixed Mortgage,466731.36,Digital,E-0215,BR-011,2026-07-24,,,In Progress,Underwriting,,771,0.369,5.421,false,1,Henry Patel,Cumulus NC Branch 1,Southeast,2026-07-01
LN-AP-000210,Sofia Hall,30-Year Fixed Mortgage,572721.99,Digital,E-0232,BR-018,2025-07-30,,,Abandoned,Appraisal,,671,0.174,8.401,false,0,Tom Hall,Cumulus MN Branch 2,Midwest,2025-07-01
LN-AP-000211,Luis Adams,Refinance,417697.99,Digital,E-0224,BR-027,2026-02-22,2026-03-13,,Denied,Underwriting,,633,0.3,7.113,false,0,Priya Davis,Cumulus WA Branch 1,Pacific,2026-02-01
LN-AP-000212,Andre Hall,HELOC,30279.28,Broker,E-0212,BR-004,2024-10-28,,,Withdrawn,Conditional Approval,,663,0.209,5.19,false,0,Isabella Phillips,Cumulus MA Branch 2,Northeast,2024-10-01
LN-AP-000213,Naomi Mitchell,30-Year Fixed Mortgage,1100869.99,Loan Officer,E-0210,BR-019,2025-11-15,2026-01-16,2026-01-16,Funded,Funded,65.1,758,0.484,6.732,true,0,Luis Garcia,Cumulus CO Branch 1,Mountain West,2025-11-01
LN-AP-000214,Noah Morris,HELOC,73051.19,Digital,E-0211,BR-012,2025-03-13,2025-04-10,2025-04-10,Funded,Funded,30.8,631,0.186,8.838,true,0,Priya Young,Cumulus NC Branch 2,Southeast,2025-03-01
LN-AP-000215,Fatima Wilson,30-Year Fixed Mortgage,593492.87,Digital,E-0207,BR-022,2024-12-19,2025-01-10,2025-01-10,Funded,Funded,25.4,699,0.361,6.347,true,0,Priya Davis,Cumulus UT Branch 2,Mountain West,2024-12-01
LN-AP-000216,Jamal Baker,HELOC,105119.35,Loan Officer,E-0216,BR-013,2025-02-18,2025-03-22,2025-03-22,Funded,Funded,35.8,647,0.203,7.236,true,0,Daniel Morris,Cumulus IL Branch 1,Midwest,2025-02-01
LN-AP-000217,Isabella Allen,Auto Loan,10747.55,Broker,E-0226,BR-010,2025-04-26,,,Withdrawn,Document Collection,,817,0.307,5.218,false,0,Andre Evans,Cumulus GA Branch 2,Southeast,2025-04-01
LN-AP-000218,Mateo Hall,30-Year Fixed Mortgage,546031.73,Loan Officer,E-0230,BR-009,2024-12-31,2025-01-28,,Denied,Document Collection,,817,0.307,7.772,false,0,Jamal Wright,Cumulus GA Branch 1,Southeast,2024-12-01
LN-AP-000219,Leo Collins,30-Year Fixed Mortgage,618609.43,Digital,E-0218,BR-012,2025-09-03,2025-10-04,2025-10-04,Funded,Funded,35.2,580,0.343,8.113,true,0,Carlos Scott,Cumulus NC Branch 2,Southeast,2025-09-01
LN-AP-000220,Andre Moore,30-Year Fixed Mortgage,1521447.69,Branch,E-0226,BR-010,2026-05-03,2026-05-29,2026-05-29,Funded,Funded,29.6,685,0.272,6.392,true,0,Andre Evans,Cumulus GA Branch 2,Southeast,2026-05-01
LN-AP-000221,Diego Roberts,30-Year Fixed Mortgage,566095.9,Digital,E-0226,BR-010,2025-08-18,,,Withdrawn,Appraisal,,755,0.384,7.472,false,0,Andre Evans,Cumulus GA Branch 2,Southeast,2025-08-01
LN-AP-000222,Mateo Edwards,15-Year Fixed Mortgage,295243.8,Digital,E-0217,BR-015,2026-03-07,,,Withdrawn,Conditional Approval,,731,0.357,7.727,false,0,Amara Green,Cumulus OH Branch 1,Midwest,2026-03-01
LN-AP-000223,Priya Collins,30-Year Fixed Mortgage,416478.26,Digital,E-0212,BR-004,2026-08-01,,,In Progress,Conditional Approval,,689,0.163,6.324,false,1,Isabella Phillips,Cumulus MA Branch 2,Northeast,2026-08-01
LN-AP-000224,Olivia Thomas,30-Year Fixed Mortgage,515447.37,Digital,E-0221,BR-016,2025-08-10,,,Withdrawn,Underwriting,,825,0.144,7.831,false,0,Fatima Parker,Cumulus OH Branch 2,Midwest,2025-08-01
LN-AP-000225,Rosa King,Auto Loan,17241.1,Branch,E-0207,BR-022,2025-08-28,,,Withdrawn,Appraisal,,706,0.302,6.337,false,0,Priya Davis,Cumulus UT Branch 2,Mountain West,2025-08-01
LN-AP-000226,Olivia Edwards,15-Year Fixed Mortgage,317531.64,Digital,E-0221,BR-016,2026-08-23,,,In Progress,Funded,,635,0.324,6.791,false,1,Fatima Parker,Cumulus OH Branch 2,Midwest,2026-08-01
LN-AP-000227,Maya Martinez,HELOC,69041.02,Broker,E-0230,BR-009,2024-11-04,2024-12-04,2024-12-04,Funded,Funded,34.8,740,0.368,6.681,true,0,Jamal Wright,Cumulus GA Branch 1,Southeast,2024-11-01
LN-AP-000228,Emma Davis,Auto Loan,58660.3,Loan Officer,E-0226,BR-010,2025-03-10,2025-04-12,2025-04-12,Funded,Funded,35.7,804,0.161,7.716,true,0,Andre Evans,Cumulus GA Branch 2,Southeast,2025-03-01
LN-AP-000229,Samuel Johnson,30-Year Fixed Mortgage,242566.82,Digital,E-0208,BR-027,2025-01-27,,,Withdrawn,Document Collection,,672,0.493,5.186,false,0,Yuki Campbell,Cumulus WA Branch 1,Pacific,2025-01-01
LN-AP-000230,Samuel Walker,Personal Loan,17866.93,Digital,E-0230,BR-009,2025-04-25,2025-05-15,2025-05-15,Funded,Funded,23.4,773,0.141,7.175,true,0,Jamal Wright,Cumulus GA Branch 1,Southeast,2025-04-01
LN-AP-000231,Emma Anderson,Personal Loan,9078.44,Branch,E-0216,BR-013,2025-11-16,2026-01-11,2026-01-11,Funded,Funded,58.7,808,0.266,6.067,true,0,Daniel Morris,Cumulus IL Branch 1,Midwest,2025-11-01
LN-AP-000232,Zara Okafor,Refinance,163787.27,Branch,E-0210,BR-019,2025-08-08,,,In Progress,Conditional Approval,,598,0.136,5.356,false,2,Luis Garcia,Cumulus CO Branch 1,Mountain West,2025-08-01
LN-AP-000233,Yuki Lopez,Personal Loan,11053.05,Branch,E-0228,BR-013,2025-03-21,,,Withdrawn,Underwriting,,787,0.216,7.246,false,0,Kenji Silva,Cumulus IL Branch 1,Midwest,2025-03-01
LN-AP-000234,Ava Campbell,15-Year Fixed Mortgage,614535.64,Branch,E-0234,BR-028,2025-09-09,2025-10-31,2025-10-31,Funded,Funded,55.2,669,0.456,7.787,true,0,Henry Taylor,Cumulus WA Branch 2,Pacific,2025-09-01
LN-AP-000235,Rosa Miller,30-Year Fixed Mortgage,666319.86,Digital,E-0209,BR-006,2026-07-30,,,In Progress,Funded,,573,0.518,8.539,false,3,Yuki Stewart,Cumulus CT Branch 2,Northeast,2026-07-01
LN-AP-000236,Nora Patel,HELOC,69353.3,Digital,E-0212,BR-004,2025-03-29,,,Withdrawn,Document Collection,,577,0.245,6.62,false,0,Isabella Phillips,Cumulus MA Branch 2,Northeast,2025-03-01
LN-AP-000237,Elena Parker,HELOC,293367.17,Loan Officer,E-0226,BR-010,2026-02-06,2026-03-07,2026-03-07,Funded,Funded,31.8,652,0.295,5.14,true,0,Andre Evans,Cumulus GA Branch 2,Southeast,2026-02-01
LN-AP-000238,Chloe Davis,HELOC,26883.8,Loan Officer,E-0227,BR-016,2026-07-31,,,Withdrawn,Document Collection,,575,0.268,7.678,false,0,Zara Young,Cumulus OH Branch 2,Midwest,2026-07-01
LN-AP-000239,Noah Martinez,30-Year Fixed Mortgage,334592.96,Broker,E-0233,BR-025,2025-12-08,,,Withdrawn,Document Collection,,823,0.482,7.241,false,0,Jamal Adams,Cumulus CA Branch 1,Pacific,2025-12-01
LN-AP-000240,Mateo Garcia,30-Year Fixed Mortgage,595455.27,Digital,E-0209,BR-006,2025-04-14,2025-06-12,2025-06-12,Funded,Funded,62.4,635,0.392,8.66,true,0,Yuki Stewart,Cumulus CT Branch 2,Northeast,2025-04-01
LN-AP-000241,Wei Taylor,Auto Loan,18905.09,Digital,E-0235,BR-008,2026-08-19,,,In Progress,Funded,,573,0.366,7.139,false,4,Ava Harris,Cumulus FL Branch 2,Southeast,2026-08-01
LN-AP-000242,Hannah Lopez,15-Year Fixed Mortgage,267041.24,Digital,E-0218,BR-012,2025-11-12,2025-12-14,2025-12-14,Funded,Funded,34.9,700,0.416,6.138,true,0,Carlos Scott,Cumulus NC Branch 2,Southeast,2025-11-01
LN-AP-000243,Yuki Harris,Personal Loan,12727.1,Branch,E-0215,BR-011,2024-11-06,2024-12-02,2024-12-02,Funded,Funded,29.7,716,0.186,6.955,true,0,Henry Patel,Cumulus NC Branch 1,Southeast,2024-11-01
LN-AP-000244,Marcus Clark,HELOC,57752.88,Branch,E-0218,BR-012,2025-10-22,2025-11-24,2025-11-24,Funded,Funded,38.0,823,0.263,6.749,true,0,Carlos Scott,Cumulus NC Branch 2,Southeast,2025-10-01
LN-AP-000245,Naomi Evans,Auto Loan,15749.01,Digital,E-0211,BR-012,2025-11-01,2025-11-27,2025-11-27,Funded,Funded,30.1,733,0.323,7.967,true,0,Priya Young,Cumulus NC Branch 2,Southeast,2025-11-01
LN-AP-000246,Priya Mitchell,HELOC,67038.01,Loan Officer,E-0229,BR-025,2025-05-15,2025-07-02,2025-07-02,Funded,Funded,51.2,585,0.34,7.235,true,0,Marcus Wilson,Cumulus CA Branch 1,Pacific,2025-05-01
LN-AP-000247,Owen Patel,30-Year Fixed Mortgage,283819.27,Branch,E-0229,BR-025,2025-03-03,,,In Progress,Document Collection,,633,0.398,6.957,false,5,Marcus Wilson,Cumulus CA Branch 1,Pacific,2025-03-01
LN-AP-000248,Ava Thomas,Refinance,512396.03,Digital,E-0215,BR-011,2026-05-19,2026-05-27,,Denied,Document Collection,,633,0.203,5.497,false,0,Henry Patel,Cumulus NC Branch 1,Southeast,2026-05-01
LN-AP-000249,Olivia Lewis,30-Year Fixed Mortgage,645871.81,Loan Officer,E-0233,BR-025,2025-11-26,,,Withdrawn,Appraisal,,693,0.296,5.11,false,0,Jamal Adams,Cumulus CA Branch 1,Pacific,2025-11-01
LN-AP-000250,Victor Silva,15-Year Fixed Mortgage,331639.68,Digital,E-0235,BR-008,2025-12-22,2026-01-22,2026-01-22,Funded,Funded,35.1,763,0.432,7.476,true,0,Ava Harris,Cumulus FL Branch 2,Southeast,2025-12-01
LN-AP-000251,Amara Green,30-Year Fixed Mortgage,674825.39,Digital,E-0226,BR-010,2024-12-16,2025-01-10,2025-01-10,Funded,Funded,29.9,668,0.312,6.547,true,0,Andre Evans,Cumulus GA Branch 2,Southeast,2024-12-01
LN-AP-000252,Carlos Johnson,HELOC,161431.95,Digital,E-0221,BR-016,2026-05-31,2026-06-21,2026-06-21,Funded,Funded,24.3,723,0.316,7.73,true,0,Fatima Parker,Cumulus OH Branch 2,Midwest,2026-05-01
LN-AP-000253,Ava Baker,30-Year Fixed Mortgage,259985.66,Broker,E-0218,BR-012,2025-06-27,2025-08-06,2025-08-06,Funded,Funded,43.6,659,0.184,7.324,true,0,Carlos Scott,Cumulus NC Branch 2,Southeast,2025-06-01
LN-AP-000254,Sofia Evans,Personal Loan,7704.96,Branch,E-0228,BR-013,2026-06-29,2026-07-26,,Denied,Appraisal,,706,0.385,7.591,false,0,Kenji Silva,Cumulus IL Branch 1,Midwest,2026-06-01
LN-AP-000255,Aisha Harris,Auto Loan,23067.64,Broker,E-0221,BR-016,2025-04-14,2025-05-28,2025-05-28,Funded,Funded,47.3,677,0.301,5.76,true,0,Fatima Parker,Cumulus OH Branch 2,Midwest,2025-04-01
LN-AP-000256,Jonathan Collins,30-Year Fixed Mortgage,636717.36,Broker,E-0227,BR-016,2026-01-11,2026-03-06,2026-03-06,Funded,Funded,56.9,704,0.461,6.984,true,0,Zara Young,Cumulus OH Branch 2,Midwest,2026-01-01
LN-AP-000257,Leo Kim,30-Year Fixed Mortgage,347552.35,Branch,E-0228,BR-013,2025-12-08,,,Withdrawn,Application Submitted,,803,0.193,6.387,false,0,Kenji Silva,Cumulus IL Branch 1,Midwest,2025-12-01
LN-AP-000258,Henry Clark,HELOC,67230.21,Digital,E-0206,BR-020,2025-09-23,,,Abandoned,Appraisal,,692,0.169,7.755,false,0,Ben Taylor,Cumulus CO Branch 2,Mountain West,2025-09-01
LN-AP-000259,Elena Chen,30-Year Fixed Mortgage,211809.71,Loan Officer,E-0215,BR-011,2026-04-16,2026-05-27,2026-05-27,Funded,Funded,44.4,817,0.443,7.738,true,0,Henry Patel,Cumulus NC Branch 1,Southeast,2026-04-01
LN-AP-000260,Maya Young,30-Year Fixed Mortgage,267733.12,Branch,E-0235,BR-008,2025-02-26,,,Withdrawn,Appraisal,,659,0.438,6.399,false,0,Ava Harris,Cumulus FL Branch 2,Southeast,2025-02-01
LN-AP-000261,Emma Wright,Personal Loan,15540.79,Branch,E-0233,BR-025,2025-03-04,2025-04-17,2025-04-17,Funded,Funded,48.1,792,0.424,5.329,true,0,Jamal Adams,Cumulus CA Branch 1,Pacific,2025-03-01
LN-AP-000262,Jamal Young,30-Year Fixed Mortgage,515859.22,Branch,E-0223,BR-001,2026-05-18,2026-07-03,2026-07-03,Funded,Funded,48.8,561,0.254,8.678,true,0,Noah Adams,Cumulus NY Branch 1,Northeast,2026-05-01
LN-AP-000263,Maya Johnson,Auto Loan,49192.58,Digital,E-0206,BR-020,2025-08-23,2025-10-11,2025-10-11,Funded,Funded,51.9,638,0.472,5.739,true,0,Ben Taylor,Cumulus CO Branch 2,Mountain West,2025-08-01
LN-AP-000264,Victor King,Auto Loan,36968.05,Branch,E-0226,BR-010,2025-12-05,2026-01-13,2026-01-13,Funded,Funded,43.8,699,0.122,6.247,true,0,Andre Evans,Cumulus GA Branch 2,Southeast,2025-12-01
LN-AP-000265,Wei Parker,HELOC,50478.83,Loan Officer,E-0218,BR-012,2024-11-13,2024-12-16,2024-12-16,Funded,Funded,36.0,659,0.128,5.919,true,0,Carlos Scott,Cumulus NC Branch 2,Southeast,2024-11-01
LN-AP-000266,Marcus Lewis,Auto Loan,45140.56,Loan Officer,E-0214,BR-027,2024-12-15,2025-01-19,2025-01-19,Funded,Funded,38.1,723,0.287,7.954,true,0,Amara Clark,Cumulus WA Branch 1,Pacific,2024-12-01
LN-AP-000267,Henry Allen,30-Year Fixed Mortgage,313007.84,Broker,E-0230,BR-009,2024-12-01,,,Withdrawn,Conditional Approval,,610,0.199,8.788,false,0,Jamal Wright,Cumulus GA Branch 1,Southeast,2024-12-01
LN-AP-000268,Mateo Anderson,15-Year Fixed Mortgage,316313.44,Branch,E-0215,BR-011,2026-03-25,,,In Progress,Appraisal,,718,0.499,8.512,false,2,Henry Patel,Cumulus NC Branch 1,Southeast,2026-03-01
LN-AP-000269,Marcus Moore,15-Year Fixed Mortgage,397152.85,Digital,E-0226,BR-010,2026-05-16,,,Withdrawn,Appraisal,,714,0.312,6.021,false,0,Andre Evans,Cumulus GA Branch 2,Southeast,2026-05-01
LN-AP-000270,Samuel Green,HELOC,213375.47,Branch,E-0206,BR-020,2026-03-24,2026-05-12,,Denied,Conditional Approval,,736,0.268,5.172,false,0,Ben Taylor,Cumulus CO Branch 2,Mountain West,2026-03-01
LN-AP-000271,Felix Morris,Personal Loan,27140.45,Branch,E-0230,BR-009,2025-08-21,2025-09-17,,Denied,Appraisal,,748,0.254,7.79,false,0,Jamal Wright,Cumulus GA Branch 1,Southeast,2025-08-01
LN-AP-000272,Owen Turner,HELOC,99361.49,Digital,E-0214,BR-027,2025-06-30,2025-08-07,2025-08-07,Funded,Funded,41.8,767,0.163,8.859,true,0,Amara Clark,Cumulus WA Branch 1,Pacific,2025-06-01
LN-AP-000273,Tom Moore,30-Year Fixed Mortgage,99034.97,Loan Officer,E-0225,BR-021,2026-03-18,,,In Progress,Appraisal,,757,0.208,7.154,false,4,Henry Okafor,Cumulus UT Branch 1,Mountain West,2026-03-01
LN-AP-000274,Ben Carter,15-Year Fixed Mortgage,368806.91,Loan Officer,E-0213,BR-023,2025-08-29,2025-10-13,2025-10-13,Funded,Funded,47.9,805,0.447,6.941,true,0,Jamal Lewis,Cumulus AZ Branch 1,Mountain West,2025-08-01
LN-AP-000275,Nora Hall,15-Year Fixed Mortgage,529575.16,Loan Officer,E-0217,BR-015,2026-08-31,,,In Progress,Funded,,563,0.438,6.201,false,5,Amara Green,Cumulus OH Branch 1,Midwest,2026-08-01
LN-AP-000276,Kenji Green,15-Year Fixed Mortgage,263103.25,Digital,E-0211,BR-012,2024-10-05,,,In Progress,Conditional Approval,,800,0.381,5.541,false,3,Priya Young,Cumulus NC Branch 2,Southeast,2024-10-01
LN-AP-000277,Ethan Patel,30-Year Fixed Mortgage,538301.2,Loan Officer,E-0214,BR-027,2025-11-19,,,In Progress,Document Collection,,647,0.125,7.12,false,2,Amara Clark,Cumulus WA Branch 1,Pacific,2025-11-01
LN-AP-000278,Ravi Kim,15-Year Fixed Mortgage,291077.92,Digital,E-0226,BR-010,2024-12-19,2025-01-30,2025-01-30,Funded,Funded,45.1,817,0.43,6.326,true,0,Andre Evans,Cumulus GA Branch 2,Southeast,2024-12-01
LN-AP-000279,Fatima Young,30-Year Fixed Mortgage,316795.96,Broker,E-0218,BR-012,2025-11-27,2025-12-30,2025-12-30,Funded,Funded,36.7,728,0.298,7.676,true,0,Carlos Scott,Cumulus NC Branch 2,Southeast,2025-11-01
LN-AP-000280,Owen Stewart,30-Year Fixed Mortgage,414017.62,Broker,E-0223,BR-001,2026-05-12,2026-06-21,2026-06-21,Funded,Funded,43.3,815,0.327,6.034,true,0,Noah Adams,Cumulus NY Branch 1,Northeast,2026-05-01
LN-AP-000281,Diego Hall,HELOC,113502.62,Branch,E-0209,BR-006,2025-12-24,,,Withdrawn,Application Submitted,,830,0.419,6.611,false,0,Yuki Stewart,Cumulus CT Branch 2,Northeast,2025-12-01
LN-AP-000282,Marcus Lopez,30-Year Fixed Mortgage,513381.72,Branch,E-0233,BR-025,2025-10-21,2025-12-07,2025-12-07,Funded,Funded,50.4,737,0.499,7.73,true,0,Jamal Adams,Cumulus CA Branch 1,Pacific,2025-10-01
LN-AP-000283,Grace Collins,30-Year Fixed Mortgage,309353.14,Loan Officer,E-0223,BR-001,2025-09-21,2025-09-21,,Denied,Application Submitted,,575,0.378,8.343,false,0,Noah Adams,Cumulus NY Branch 1,Northeast,2025-09-01
LN-AP-000284,Noah Baker,15-Year Fixed Mortgage,406443.01,Digital,E-0232,BR-018,2025-05-13,2025-05-13,,Denied,Application Submitted,,812,0.287,8.136,false,0,Tom Hall,Cumulus MN Branch 2,Midwest,2025-05-01
LN-AP-000285,Iris Thomas,HELOC,108941.98,Broker,E-0216,BR-013,2026-07-17,,,In Progress,Funded,,583,0.432,8.76,false,3,Daniel Morris,Cumulus IL Branch 1,Midwest,2026-07-01
LN-AP-000286,Sofia Chen,15-Year Fixed Mortgage,501512.11,Branch,E-0233,BR-025,2025-06-17,,,Withdrawn,Underwriting,,583,0.511,6.564,false,0,Jamal Adams,Cumulus CA Branch 1,Pacific,2025-06-01
LN-AP-000287,Owen Silva,30-Year Fixed Mortgage,251999.82,Branch,E-0210,BR-019,2026-03-19,2026-04-03,,Denied,Underwriting,,660,0.219,7.395,false,0,Luis Garcia,Cumulus CO Branch 1,Mountain West,2026-03-01
LN-AP-000288,Marcus Young,Auto Loan,72764.62,Digital,E-0209,BR-006,2025-08-03,2025-09-16,2025-09-16,Funded,Funded,46.8,707,0.472,5.111,true,0,Yuki Stewart,Cumulus CT Branch 2,Northeast,2025-08-01
LN-AP-000289,Andre Harris,Refinance,369094.83,Branch,E-0221,BR-016,2025-12-29,2026-02-25,2026-02-25,Funded,Funded,62.1,650,0.469,6.954,true,0,Fatima Parker,Cumulus OH Branch 2,Midwest,2025-12-01
LN-AP-000290,Derek Mitchell,30-Year Fixed Mortgage,604588.45,Branch,E-0222,BR-026,2025-05-03,,,In Progress,Appraisal,,797,0.509,5.812,false,4,Rosa Carter,Cumulus CA Branch 2,Pacific,2025-05-01
LN-AP-000291,Diego Adams,Auto Loan,18082.75,Broker,E-0218,BR-012,2025-06-17,2025-08-04,2025-08-04,Funded,Funded,49.7,570,0.516,8.099,true,0,Carlos Scott,Cumulus NC Branch 2,Southeast,2025-06-01
LN-AP-000292,Luis Lopez,30-Year Fixed Mortgage,298252.63,Digital,E-0223,BR-001,2026-01-08,2026-02-05,2026-02-05,Funded,Funded,31.5,753,0.494,6.056,true,0,Noah Adams,Cumulus NY Branch 1,Northeast,2026-01-01
LN-AP-000293,Kenji Campbell,Auto Loan,51045.39,Digital,E-0216,BR-013,2026-07-07,2026-08-05,2026-08-05,Funded,Funded,31.4,758,0.512,8.542,true,0,Daniel Morris,Cumulus IL Branch 1,Midwest,2026-07-01
LN-AP-000294,Priya Green,HELOC,153667.11,Loan Officer,E-0216,BR-013,2024-11-19,,,In Progress,Appraisal,,796,0.441,6.061,false,0,Daniel Morris,Cumulus IL Branch 1,Midwest,2024-11-01
LN-AP-000295,Derek Green,HELOC,123700.32,Branch,E-0219,BR-025,2026-01-30,2026-03-19,2026-03-19,Funded,Funded,51.5,714,0.45,6.206,true,0,Rosa Hall,Cumulus CA Branch 1,Pacific,2026-01-01
LN-AP-000296,Rosa Parker,15-Year Fixed Mortgage,445718.44,Broker,E-0216,BR-013,2025-01-03,2025-02-16,2025-02-16,Funded,Funded,46.7,634,0.129,5.65,true,0,Daniel Morris,Cumulus IL Branch 1,Midwest,2025-01-01
LN-AP-000297,Priya Lopez,HELOC,67930.05,Loan Officer,E-0209,BR-006,2025-03-07,2025-04-07,2025-04-07,Funded,Funded,33.0,699,0.21,6.709,true,0,Yuki Stewart,Cumulus CT Branch 2,Northeast,2025-03-01
LN-AP-000298,Victor Baker,HELOC,35091.98,Digital,E-0235,BR-008,2026-06-11,2026-07-14,2026-07-14,Funded,Funded,36.1,805,0.336,8.672,true,0,Ava Harris,Cumulus FL Branch 2,Southeast,2026-06-01
LN-AP-000299,Kenji Allen,HELOC,77212.59,Loan Officer,E-0227,BR-016,2025-12-31,2026-02-18,2026-02-18,Funded,Funded,52.1,720,0.136,5.306,true,0,Zara Young,Cumulus OH Branch 2,Midwest,2025-12-01
LN-AP-000300,Rosa Martinez,30-Year Fixed Mortgage,741851.54,Loan Officer,E-0206,BR-020,2025-07-27,2025-08-31,2025-08-31,Funded,Funded,37.0,828,0.309,7.753,true,0,Ben Taylor,Cumulus CO Branch 2,Mountain West,2025-07-01
LN-AP-000301,Hannah Hall,15-Year Fixed Mortgage,201533.86,Digital,E-0221,BR-016,2024-10-08,,,Abandoned,Appraisal,,562,0.382,6.649,false,0,Fatima Parker,Cumulus OH Branch 2,Midwest,2024-10-01
LN-AP-000302,Felix Johnson,30-Year Fixed Mortgage,489249.73,Branch,E-0223,BR-001,2025-10-21,2025-12-08,2025-12-08,Funded,Funded,51.6,826,0.457,5.933,true,0,Noah Adams,Cumulus NY Branch 1,Northeast,2025-10-01
LN-AP-000303,Amara Moore,Auto Loan,33370.16,Digital,E-0210,BR-019,2025-06-29,2025-07-27,2025-07-27,Funded,Funded,31.4,747,0.144,7.793,true,0,Luis Garcia,Cumulus CO Branch 1,Mountain West,2025-06-01
LN-AP-000304,Jonathan Lopez,15-Year Fixed Mortgage,312798.51,Digital,E-0232,BR-018,2025-08-20,2025-09-08,2025-09-08,Funded,Funded,23.8,769,0.425,7.701,true,0,Tom Hall,Cumulus MN Branch 2,Midwest,2025-08-01
LN-AP-000305,Lauren Wilson,30-Year Fixed Mortgage,342948.75,Branch,E-0209,BR-006,2025-04-23,2025-05-13,2025-05-13,Funded,Funded,22.2,594,0.452,5.133,true,0,Yuki Stewart,Cumulus CT Branch 2,Northeast,2025-04-01
LN-AP-000306,Nina Jackson,Personal Loan,40566.99,Branch,E-0216,BR-013,2024-12-10,,,In Progress,Appraisal,,575,0.307,7.014,false,3,Daniel Morris,Cumulus IL Branch 1,Midwest,2024-12-01
LN-AP-000307,Ines Stewart,Auto Loan,42061.58,Digital,E-0214,BR-027,2025-11-28,2025-12-25,2025-12-25,Funded,Funded,30.7,594,0.453,7.047,true,0,Amara Clark,Cumulus WA Branch 1,Pacific,2025-11-01
LN-AP-000308,Felix Lewis,HELOC,134997.32,Digital,E-0224,BR-027,2025-02-08,2025-02-25,,Denied,Underwriting,,629,0.243,6.023,false,0,Priya Davis,Cumulus WA Branch 1,Pacific,2025-02-01
LN-AP-000309,Kenji Wright,Personal Loan,12523.75,Branch,E-0219,BR-025,2026-04-06,,,Withdrawn,Application Submitted,,802,0.203,6.85,false,0,Rosa Hall,Cumulus CA Branch 1,Pacific,2026-04-01
LN-AP-000310,Sofia Patel,Personal Loan,10379.75,Digital,E-0212,BR-004,2026-03-07,2026-04-02,,Denied,Document Collection,,756,0.266,7.741,false,0,Isabella Phillips,Cumulus MA Branch 2,Northeast,2026-03-01
LN-AP-000311,Iris Chen,Personal Loan,13049.34,Digital,E-0214,BR-027,2026-02-17,2026-03-18,2026-03-18,Funded,Funded,32.9,661,0.151,6.472,true,0,Amara Clark,Cumulus WA Branch 1,Pacific,2026-02-01
LN-AP-000312,Emma Lopez,30-Year Fixed Mortgage,464393.01,Digital,E-0233,BR-025,2026-05-25,2026-07-04,2026-07-04,Funded,Funded,43.2,717,0.142,7.7,true,0,Jamal Adams,Cumulus CA Branch 1,Pacific,2026-05-01
LN-AP-000313,Jamal Ruiz,Refinance,453758.51,Branch,E-0226,BR-010,2025-03-01,2025-03-22,2025-03-22,Funded,Funded,24.5,566,0.143,8.513,true,0,Andre Evans,Cumulus GA Branch 2,Southeast,2025-03-01
LN-AP-000314,Kenji Baker,Personal Loan,15044.02,Broker,E-0227,BR-016,2026-05-14,,,Withdrawn,Application Submitted,,604,0.408,5.155,false,0,Zara Young,Cumulus OH Branch 2,Midwest,2026-05-01
LN-AP-000315,Aisha Harris,30-Year Fixed Mortgage,337824.07,Digital,E-0208,BR-027,2025-10-22,2025-11-26,2025-11-26,Funded,Funded,38.8,824,0.242,8.801,true,0,Yuki Campbell,Cumulus WA Branch 1,Pacific,2025-10-01
LN-AP-000316,Jonathan Hall,HELOC,46607.99,Branch,E-0228,BR-013,2026-05-31,2026-06-24,2026-06-24,Funded,Funded,28.0,777,0.244,7.119,true,0,Kenji Silva,Cumulus IL Branch 1,Midwest,2026-05-01
LN-AP-000317,Zara Brown,Personal Loan,6567.45,Branch,E-0234,BR-028,2026-02-16,2026-03-08,,Denied,Conditional Approval,,571,0.358,8.029,false,0,Henry Taylor,Cumulus WA Branch 2,Pacific,2026-02-01
LN-AP-000318,Hannah Young,HELOC,50230.1,Broker,E-0224,BR-027,2026-06-18,2026-08-19,2026-08-19,Funded,Funded,65.2,598,0.255,8.366,true,0,Priya Davis,Cumulus WA Branch 1,Pacific,2026-06-01
LN-AP-000319,Emma Stewart,Auto Loan,51116.36,Broker,E-0207,BR-022,2025-07-22,2025-08-25,2025-08-25,Funded,Funded,38.1,724,0.184,8.777,true,0,Priya Davis,Cumulus UT Branch 2,Mountain West,2025-07-01
LN-AP-000320,Emma Edwards,Auto Loan,40666.76,Loan Officer,E-0215,BR-011,2025-07-28,2025-08-27,2025-08-27,Funded,Funded,34.3,780,0.498,7.924,true,0,Henry Patel,Cumulus NC Branch 1,Southeast,2025-07-01
LN-AP-000321,Ravi Martinez,Personal Loan,20631.49,Loan Officer,E-0209,BR-006,2025-10-20,,,Withdrawn,Document Collection,,671,0.514,7.989,false,0,Yuki Stewart,Cumulus CT Branch 2,Northeast,2025-10-01
LN-AP-000322,Wei Lopez,Personal Loan,7577.58,Branch,E-0209,BR-006,2025-04-23,2025-06-29,2025-06-29,Funded,Funded,70.5,740,0.423,6.182,true,0,Yuki Stewart,Cumulus CT Branch 2,Northeast,2025-04-01
LN-AP-000323,Jonathan Taylor,15-Year Fixed Mortgage,257157.44,Digital,E-0231,BR-010,2024-12-09,2025-01-09,2025-01-09,Funded,Funded,35.1,774,0.461,6.61,true,0,Maya Edwards,Cumulus GA Branch 2,Southeast,2024-12-01
LN-AP-000324,Layla Allen,Refinance,277945.89,Loan Officer,E-0230,BR-009,2024-10-19,2024-11-12,2024-11-12,Funded,Funded,27.2,794,0.519,8.474,true,0,Jamal Wright,Cumulus GA Branch 1,Southeast,2024-10-01
LN-AP-000325,Luis Brown,Personal Loan,15079.8,Digital,E-0218,BR-012,2026-08-13,,,In Progress,Document Collection,,737,0.344,7.222,false,2,Carlos Scott,Cumulus NC Branch 2,Southeast,2026-08-01
LN-AP-000326,Tom Young,15-Year Fixed Mortgage,211262.91,Loan Officer,E-0208,BR-027,2025-05-02,2025-06-16,2025-06-16,Funded,Funded,46.9,753,0.442,7.393,true,0,Yuki Campbell,Cumulus WA Branch 1,Pacific,2025-05-01
LN-AP-000327,Sara Evans,HELOC,73561.53,Branch,E-0208,BR-027,2025-08-24,2025-10-07,2025-10-07,Funded,Funded,47.0,811,0.295,5.929,true,0,Yuki Campbell,Cumulus WA Branch 1,Pacific,2025-08-01
LN-AP-000328,Maya Nelson,Personal Loan,9767.59,Branch,E-0208,BR-027,2025-07-07,2025-08-17,2025-08-17,Funded,Funded,44.6,671,0.389,5.571,true,0,Yuki Campbell,Cumulus WA Branch 1,Pacific,2025-07-01
LN-AP-000329,Naomi White,Auto Loan,73951.4,Loan Officer,E-0234,BR-028,2025-01-01,2025-02-18,2025-02-18,Funded,Funded,52.0,718,0.391,7.263,true,0,Henry Taylor,Cumulus WA Branch 2,Pacific,2025-01-01
LN-AP-000330,Luis Carter,Auto Loan,39744.99,Branch,E-0219,BR-025,2025-11-13,2025-12-13,2025-12-13,Funded,Funded,33.6,700,0.277,6.383,true,0,Rosa Hall,Cumulus CA Branch 1,Pacific,2025-11-01
LN-AP-000331,Leo Chen,Refinance,388332.55,Loan Officer,E-0227,BR-016,2025-06-13,2025-08-04,2025-08-04,Funded,Funded,54.6,673,0.36,8.667,true,0,Zara Young,Cumulus OH Branch 2,Midwest,2025-06-01
LN-AP-000332,Sara Ruiz,15-Year Fixed Mortgage,203487.45,Loan Officer,E-0235,BR-008,2024-10-20,2024-12-10,2024-12-10,Funded,Funded,54.3,605,0.506,8.224,true,0,Ava Harris,Cumulus FL Branch 2,Southeast,2024-10-01
LN-AP-000333,Henry Baker,30-Year Fixed Mortgage,233128.83,Loan Officer,E-0207,BR-022,2025-12-09,,,In Progress,Application Submitted,,612,0.341,8.28,false,5,Priya Davis,Cumulus UT Branch 2,Mountain West,2025-12-01
LN-AP-000334,Ines Baker,Auto Loan,32706.85,Branch,E-0215,BR-011,2025-02-11,2025-03-15,2025-03-15,Funded,Funded,36.3,767,0.198,8.409,true,0,Henry Patel,Cumulus NC Branch 1,Southeast,2025-02-01
LN-AP-000335,Maya Clark,Refinance,621426.81,Branch,E-0235,BR-008,2025-05-15,2025-07-10,2025-07-10,Funded,Funded,58.8,748,0.326,8.89,true,0,Ava Harris,Cumulus FL Branch 2,Southeast,2025-05-01
LN-AP-000336,Felix Scott,Auto Loan,39406.72,Branch,E-0228,BR-013,2026-07-10,2026-08-04,2026-08-04,Funded,Funded,28.2,830,0.284,5.654,true,0,Kenji Silva,Cumulus IL Branch 1,Midwest,2026-07-01
LN-AP-000337,Mei Johnson,15-Year Fixed Mortgage,385771.28,Loan Officer,E-0230,BR-009,2025-12-19,2026-01-16,2026-01-16,Funded,Funded,31.8,604,0.347,8.17,true,0,Jamal Wright,Cumulus GA Branch 1,Southeast,2025-12-01
LN-AP-000338,Noah White,30-Year Fixed Mortgage,761078.93,Branch,E-0235,BR-008,2025-08-03,,,In Progress,Conditional Approval,,813,0.3,6.607,false,1,Ava Harris,Cumulus FL Branch 2,Southeast,2025-08-01
LN-AP-000339,Leo Mitchell,Personal Loan,11051.77,Digital,E-0223,BR-001,2025-03-21,2025-04-27,2025-04-27,Funded,Funded,40.4,827,0.217,8.873,true,0,Noah Adams,Cumulus NY Branch 1,Northeast,2025-03-01
LN-AP-000340,Daniel Stewart,15-Year Fixed Mortgage,357736.3,Loan Officer,E-0226,BR-010,2025-11-21,,,In Progress,Appraisal,,756,0.493,5.15,false,3,Andre Evans,Cumulus GA Branch 2,Southeast,2025-11-01
LN-AP-000341,Owen Patel,Personal Loan,31882.01,Loan Officer,E-0224,BR-027,2025-11-19,2025-12-18,2025-12-18,Funded,Funded,33.8,684,0.133,5.841,true,0,Priya Davis,Cumulus WA Branch 1,Pacific,2025-11-01
LN-AP-000342,Daniel Chen,Auto Loan,43603.77,Loan Officer,E-0217,BR-015,2026-05-17,2026-06-22,2026-06-22,Funded,Funded,40.0,786,0.134,5.819,true,0,Amara Green,Cumulus OH Branch 1,Midwest,2026-05-01
LN-AP-000343,Noah Miller,Personal Loan,15840.52,Branch,E-0211,BR-012,2024-11-27,2024-12-15,2024-12-15,Funded,Funded,24.0,628,0.308,5.479,true,0,Priya Young,Cumulus NC Branch 2,Southeast,2024-11-01
LN-AP-000344,Leo Lopez,15-Year Fixed Mortgage,317851.71,Branch,E-0211,BR-012,2026-08-07,,,In Progress,Funded,,809,0.183,5.407,false,6,Priya Young,Cumulus NC Branch 2,Southeast,2026-08-01
LN-AP-000345,Hannah Evans,Auto Loan,31304.22,Branch,E-0231,BR-010,2025-06-15,2025-07-14,2025-07-14,Funded,Funded,32.8,731,0.448,7.461,true,0,Maya Edwards,Cumulus GA Branch 2,Southeast,2025-06-01
LN-AP-000346,Mateo Silva,Personal Loan,13186.42,Digital,E-0228,BR-013,2026-04-07,2026-05-09,2026-05-09,Funded,Funded,35.0,810,0.394,6.342,true,0,Kenji Silva,Cumulus IL Branch 1,Midwest,2026-04-01
LN-AP-000347,Julian Kim,Auto Loan,19208.95,Loan Officer,E-0222,BR-026,2026-05-12,2026-06-22,2026-06-22,Funded,Funded,44.6,711,0.385,7.223,true,0,Rosa Carter,Cumulus CA Branch 2,Pacific,2026-05-01
LN-AP-000348,Diego Taylor,30-Year Fixed Mortgage,281770.46,Loan Officer,E-0223,BR-001,2025-08-27,2025-10-05,2025-10-05,Funded,Funded,41.4,788,0.494,6.891,true,0,Noah Adams,Cumulus NY Branch 1,Northeast,2025-08-01
LN-AP-000349,Nina Davis,30-Year Fixed Mortgage,527794.38,Loan Officer,E-0210,BR-019,2025-03-25,,,In Progress,Underwriting,,639,0.302,5.631,false,1,Luis Garcia,Cumulus CO Branch 1,Mountain West,2025-03-01
LN-AP-000350,Nora Stewart,30-Year Fixed Mortgage,420300.65,Digital,E-0218,BR-012,2024-11-19,2024-12-21,2024-12-21,Funded,Funded,36.1,664,0.173,7.028,true,0,Carlos Scott,Cumulus NC Branch 2,Southeast,2024-11-01
LN-AP-000351,Iris Adams,30-Year Fixed Mortgage,384951.8,Loan Officer,E-0222,BR-026,2024-10-20,2024-11-04,2024-11-04,Funded,Funded,19.7,739,0.207,7.352,true,0,Rosa Carter,Cumulus CA Branch 2,Pacific,2024-10-01
LN-AP-000352,Rosa Lopez,Personal Loan,17100.09,Digital,E-0226,BR-010,2026-04-28,,,Withdrawn,Appraisal,,705,0.385,8.009,false,0,Andre Evans,Cumulus GA Branch 2,Southeast,2026-04-01
LN-AP-000353,Marcus Silva,30-Year Fixed Mortgage,529885.15,Branch,E-0213,BR-023,2025-01-12,2025-02-15,2025-02-15,Funded,Funded,38.0,777,0.385,5.665,true,0,Jamal Lewis,Cumulus AZ Branch 1,Mountain West,2025-01-01
LN-AP-000354,Grace Martinez,Personal Loan,12753.86,Digital,E-0217,BR-015,2024-10-18,2024-12-02,2024-12-02,Funded,Funded,48.4,676,0.223,5.621,true,0,Amara Green,Cumulus OH Branch 1,Midwest,2024-10-01
LN-AP-000355,Iris Ashford,Auto Loan,31264.51,Loan Officer,E-0226,BR-010,2025-03-12,2025-04-19,2025-04-19,Funded,Funded,41.3,751,0.259,7.414,true,0,Andre Evans,Cumulus GA Branch 2,Southeast,2025-03-01
LN-AP-000356,Luis Campbell,30-Year Fixed Mortgage,229434.3,Branch,E-0215,BR-011,2025-11-25,2025-12-19,2025-12-19,Funded,Funded,26.9,573,0.264,5.464,true,0,Henry Patel,Cumulus NC Branch 1,Southeast,2025-11-01
LN-AP-000357,Diego Adams,Personal Loan,8060.38,Branch,E-0233,BR-025,2026-02-21,,,In Progress,Application Submitted,,710,0.494,8.708,false,6,Jamal Adams,Cumulus CA Branch 1,Pacific,2026-02-01
LN-AP-000358,Olivia Hall,Personal Loan,14503.34,Loan Officer,E-0223,BR-001,2026-06-03,2026-07-01,2026-07-01,Funded,Funded,32.0,667,0.49,6.452,true,0,Noah Adams,Cumulus NY Branch 1,Northeast,2026-06-01
LN-AP-000359,Diego Lewis,30-Year Fixed Mortgage,714802.8,Branch,E-0215,BR-011,2025-10-27,2025-11-19,,Denied,Underwriting,,590,0.376,6.867,false,0,Henry Patel,Cumulus NC Branch 1,Southeast,2025-10-01
LN-AP-000360,Priya Collins,30-Year Fixed Mortgage,1070439.23,Loan Officer,E-0226,BR-010,2026-06-06,2026-07-30,2026-07-30,Funded,Funded,57.9,743,0.42,5.863,true,0,Andre Evans,Cumulus GA Branch 2,Southeast,2026-06-01
LN-AP-000361,Diego Campbell,Auto Loan,27355.46,Loan Officer,E-0230,BR-009,2024-10-18,2024-11-17,2024-11-17,Funded,Funded,33.2,575,0.493,5.646,true,0,Jamal Wright,Cumulus GA Branch 1,Southeast,2024-10-01
LN-AP-000362,Henry Stewart,15-Year Fixed Mortgage,301978.56,Branch,E-0231,BR-010,2025-03-16,2025-04-13,2025-04-13,Funded,Funded,31.1,638,0.51,7.688,true,0,Maya Edwards,Cumulus GA Branch 2,Southeast,2025-03-01
LN-AP-000363,Samuel Kim,Refinance,845722.18,Digital,E-0232,BR-018,2025-02-08,,,Withdrawn,Underwriting,,748,0.354,8.057,false,0,Tom Hall,Cumulus MN Branch 2,Midwest,2025-02-01
LN-AP-000364,Zara Adams,Refinance,288372.37,Branch,E-0215,BR-011,2024-10-20,2024-11-21,2024-11-21,Funded,Funded,36.0,679,0.392,5.286,true,0,Henry Patel,Cumulus NC Branch 1,Southeast,2024-10-01
LN-AP-000365,Amara Martinez,HELOC,58018.06,Digital,E-0225,BR-021,2026-08-24,,,In Progress,Funded,,658,0.394,8.486,false,3,Henry Okafor,Cumulus UT Branch 1,Mountain West,2026-08-01
LN-AP-000366,Grace King,Personal Loan,14039.64,Loan Officer,E-0231,BR-010,2025-12-19,2026-01-12,2026-01-12,Funded,Funded,27.6,670,0.484,6.658,true,0,Maya Edwards,Cumulus GA Branch 2,Southeast,2025-12-01
LN-AP-000367,Naomi Wilson,HELOC,36147.76,Branch,E-0224,BR-027,2026-08-22,,,In Progress,Funded,,690,0.442,6.76,false,0,Priya Davis,Cumulus WA Branch 1,Pacific,2026-08-01
LN-AP-000368,Layla Miller,30-Year Fixed Mortgage,726549.22,Digital,E-0234,BR-028,2025-03-05,,,Abandoned,Document Collection,,710,0.266,7.993,false,0,Henry Taylor,Cumulus WA Branch 2,Pacific,2025-03-01
LN-AP-000369,Lauren Anderson,Auto Loan,59616.16,Digital,E-0235,BR-008,2025-03-04,2025-03-24,2025-03-24,Funded,Funded,22.9,599,0.165,6.463,true,0,Ava Harris,Cumulus FL Branch 2,Southeast,2025-03-01
LN-AP-000370,Daniel Wright,Auto Loan,28095.49,Branch,E-0207,BR-022,2026-03-04,2026-04-22,,Denied,Underwriting,,574,0.275,7.736,false,0,Priya Davis,Cumulus UT Branch 2,Mountain West,2026-03-01
LN-AP-000371,Yuki Davis,Auto Loan,61646.82,Branch,E-0225,BR-021,2026-01-26,,,Withdrawn,Document Collection,,783,0.516,6.579,false,0,Henry Okafor,Cumulus UT Branch 1,Mountain West,2026-01-01
LN-AP-000372,Leo Lopez,15-Year Fixed Mortgage,467756.77,Broker,E-0222,BR-026,2026-05-09,2026-06-12,2026-06-12,Funded,Funded,36.8,678,0.51,5.678,true,0,Rosa Carter,Cumulus CA Branch 2,Pacific,2026-05-01
LN-AP-000373,Maya Brown,15-Year Fixed Mortgage,177728.42,Broker,E-0221,BR-016,2025-09-03,,,Withdrawn,Document Collection,,616,0.252,8.767,false,0,Fatima Parker,Cumulus OH Branch 2,Midwest,2025-09-01
LN-AP-000374,Nora Kim,30-Year Fixed Mortgage,346639.33,Digital,E-0216,BR-013,2025-08-08,,,Withdrawn,Appraisal,,798,0.321,8.013,false,0,Daniel Morris,Cumulus IL Branch 1,Midwest,2025-08-01
LN-AP-000375,Ethan Campbell,30-Year Fixed Mortgage,594849.2,Digital,E-0218,BR-012,2025-05-08,,,Withdrawn,Conditional Approval,,694,0.439,7.53,false,0,Carlos Scott,Cumulus NC Branch 2,Southeast,2025-05-01
LN-AP-000376,Maya Jackson,HELOC,67281.13,Digital,E-0228,BR-013,2025-09-21,,,Withdrawn,Document Collection,,583,0.148,6.13,false,0,Kenji Silva,Cumulus IL Branch 1,Midwest,2025-09-01
LN-AP-000377,Priya Silva,15-Year Fixed Mortgage,639913.46,Digital,E-0231,BR-010,2026-05-27,,,Withdrawn,Document Collection,,681,0.467,7.557,false,0,Maya Edwards,Cumulus GA Branch 2,Southeast,2026-05-01
LN-AP-000378,Daniel Stewart,HELOC,110619.68,Loan Officer,E-0207,BR-022,2026-03-14,2026-04-08,2026-04-08,Funded,Funded,28.9,603,0.136,8.12,true,0,Priya Davis,Cumulus UT Branch 2,Mountain West,2026-03-01
LN-AP-000379,Hannah Harris,Auto Loan,26583.96,Digital,E-0232,BR-018,2025-03-21,2025-04-19,2025-04-19,Funded,Funded,33.0,665,0.184,6.763,true,0,Tom Hall,Cumulus MN Branch 2,Midwest,2025-03-01
LN-AP-000380,Julian Allen,30-Year Fixed Mortgage,133319.73,Loan Officer,E-0232,BR-018,2024-12-23,2025-02-14,2025-02-14,Funded,Funded,56.2,810,0.34,5.802,true,0,Tom Hall,Cumulus MN Branch 2,Midwest,2024-12-01
LN-AP-000381,Marcus Lopez,Refinance,253323.54,Broker,E-0206,BR-020,2024-12-21,,,In Progress,Document Collection,,727,0.303,6.836,false,1,Ben Taylor,Cumulus CO Branch 2,Mountain West,2024-12-01
LN-AP-000382,Fatima Hall,Auto Loan,64220.54,Branch,E-0223,BR-001,2026-01-09,,,Withdrawn,Appraisal,,656,0.221,8.562,false,0,Noah Adams,Cumulus NY Branch 1,Northeast,2026-01-01
LN-AP-000383,Naomi Lewis,30-Year Fixed Mortgage,324912.4,Branch,E-0213,BR-023,2025-08-06,,,Withdrawn,Underwriting,,675,0.187,5.313,false,0,Jamal Lewis,Cumulus AZ Branch 1,Mountain West,2025-08-01
LN-AP-000384,Andre Johnson,15-Year Fixed Mortgage,160786.11,Branch,E-0227,BR-016,2025-04-13,2025-05-13,2025-05-13,Funded,Funded,33.1,829,0.149,7.796,true,0,Zara Young,Cumulus OH Branch 2,Midwest,2025-04-01
LN-AP-000385,Daniel Garcia,Auto Loan,60264.68,Loan Officer,E-0226,BR-010,2026-01-09,2026-02-04,2026-02-04,Funded,Funded,29.3,659,0.412,7.558,true,0,Andre Evans,Cumulus GA Branch 2,Southeast,2026-01-01
LN-AP-000386,Ben Taylor,Personal Loan,8514.27,Branch,E-0229,BR-025,2025-09-24,2025-10-31,2025-10-31,Funded,Funded,39.9,642,0.193,6.392,true,0,Marcus Wilson,Cumulus CA Branch 1,Pacific,2025-09-01
LN-AP-000387,Henry Allen,HELOC,74650.56,Digital,E-0216,BR-013,2025-07-07,2025-07-31,2025-07-31,Funded,Funded,26.2,756,0.507,7.198,true,0,Daniel Morris,Cumulus IL Branch 1,Midwest,2025-07-01
LN-AP-000388,Mateo Turner,Auto Loan,16930.17,Branch,E-0225,BR-021,2025-07-21,2025-08-31,2025-08-31,Funded,Funded,44.7,701,0.244,5.705,true,0,Henry Okafor,Cumulus UT Branch 1,Mountain West,2025-07-01
LN-AP-000389,Amara Wilson,30-Year Fixed Mortgage,291078.29,Digital,E-0232,BR-018,2026-05-02,2026-07-06,2026-07-06,Funded,Funded,67.8,586,0.283,5.83,true,0,Tom Hall,Cumulus MN Branch 2,Midwest,2026-05-01
LN-AP-000390,Diego Carter,Auto Loan,16888.83,Loan Officer,E-0210,BR-019,2026-02-16,2026-03-18,2026-03-18,Funded,Funded,32.8,744,0.482,6.805,true,0,Luis Garcia,Cumulus CO Branch 1,Mountain West,2026-02-01
LN-AP-000391,Maya Mitchell,Auto Loan,50624.02,Branch,E-0209,BR-006,2025-10-02,2025-11-19,2025-11-19,Funded,Funded,51.4,801,0.507,8.301,true,0,Yuki Stewart,Cumulus CT Branch 2,Northeast,2025-10-01
LN-AP-000392,Ben Moore,Auto Loan,25751.6,Digital,E-0209,BR-006,2024-11-09,2024-12-09,2024-12-09,Funded,Funded,34.0,696,0.17,6.682,true,0,Yuki Stewart,Cumulus CT Branch 2,Northeast,2024-11-01
LN-AP-000393,Grace Davis,Personal Loan,7896.36,Branch,E-0216,BR-013,2024-12-28,,,In Progress,Application Submitted,,787,0.482,7.569,false,5,Daniel Morris,Cumulus IL Branch 1,Midwest,2024-12-01
LN-AP-000394,Julian Baker,Auto Loan,82508.26,Loan Officer,E-0227,BR-016,2024-10-28,2024-12-03,2024-12-03,Funded,Funded,39.0,819,0.509,7.472,true,0,Zara Young,Cumulus OH Branch 2,Midwest,2024-10-01
LN-AP-000395,Nina Young,HELOC,87015.73,Branch,E-0227,BR-016,2026-07-14,,,Withdrawn,Underwriting,,775,0.391,8.024,false,0,Zara Young,Cumulus OH Branch 2,Midwest,2026-07-01
LN-AP-000396,Mateo Ashford,30-Year Fixed Mortgage,327275.94,Branch,E-0228,BR-013,2026-08-20,2026-08-31,,Denied,Underwriting,,755,0.435,5.846,false,0,Kenji Silva,Cumulus IL Branch 1,Midwest,2026-08-01
LN-AP-000397,Emma Patel,15-Year Fixed Mortgage,382627.02,Digital,E-0229,BR-025,2025-12-31,2026-01-10,,Denied,Document Collection,,708,0.388,7.707,false,0,Marcus Wilson,Cumulus CA Branch 1,Pacific,2025-12-01
LN-AP-000398,Julian Adams,30-Year Fixed Mortgage,547225.24,Loan Officer,E-0216,BR-013,2026-08-17,,,In Progress,Funded,,642,0.469,8.721,false,1,Daniel Morris,Cumulus IL Branch 1,Midwest,2026-08-01
LN-AP-000399,Andre Taylor,Auto Loan,33870.81,Broker,E-0220,BR-005,2025-09-02,,,Withdrawn,Application Submitted,,715,0.493,5.782,false,0,Luis Adams,Cumulus CT Branch 1,Northeast,2025-09-01
LN-AP-000400,Felix Patel,HELOC,52451.0,Digital,E-0211,BR-012,2026-08-10,,,In Progress,Funded,,602,0.201,6.825,false,1,Priya Young,Cumulus NC Branch 2,Southeast,2026-08-01
LN-AP-000401,Daniel Kim,Personal Loan,38125.87,Digital,E-0214,BR-027,2025-06-14,,,In Progress,Underwriting,,636,0.378,8.075,false,5,Amara Clark,Cumulus WA Branch 1,Pacific,2025-06-01
LN-AP-000402,Henry Adams,Refinance,195315.38,Digital,E-0223,BR-001,2026-07-03,2026-07-03,,Denied,Application Submitted,,595,0.164,5.673,false,0,Noah Adams,Cumulus NY Branch 1,Northeast,2026-07-01
LN-AP-000403,Nina Harris,Personal Loan,18213.42,Branch,E-0212,BR-004,2025-10-13,,,Withdrawn,Application Submitted,,574,0.146,5.736,false,0,Isabella Phillips,Cumulus MA Branch 2,Northeast,2025-10-01
LN-AP-000404,Sofia Taylor,15-Year Fixed Mortgage,273227.88,Digital,E-0220,BR-005,2024-10-16,2024-11-09,2024-11-09,Funded,Funded,27.5,678,0.158,6.697,true,0,Luis Adams,Cumulus CT Branch 1,Northeast,2024-10-01
LN-AP-000405,Owen Hall,HELOC,86904.41,Digital,E-0208,BR-027,2025-04-21,2025-05-17,,Denied,Appraisal,,726,0.417,5.835,false,0,Yuki Campbell,Cumulus WA Branch 1,Pacific,2025-04-01
LN-AP-000406,Naomi Ruiz,30-Year Fixed Mortgage,880473.22,Digital,E-0235,BR-008,2025-03-18,2025-04-08,2025-04-08,Funded,Funded,23.9,740,0.205,7.267,true,0,Ava Harris,Cumulus FL Branch 2,Southeast,2025-03-01
LN-AP-000407,Sofia Johnson,Personal Loan,6809.17,Digital,E-0217,BR-015,2025-01-13,2025-02-03,2025-02-03,Funded,Funded,23.8,706,0.266,7.174,true,0,Amara Green,Cumulus OH Branch 1,Midwest,2025-01-01
LN-AP-000408,Lauren Adams,Personal Loan,21345.13,Loan Officer,E-0224,BR-027,2025-08-21,2025-10-02,2025-10-02,Funded,Funded,45.0,564,0.47,7.494,true,0,Priya Davis,Cumulus WA Branch 1,Pacific,2025-08-01
LN-AP-000409,Iris Parker,Auto Loan,31186.11,Broker,E-0235,BR-008,2026-08-16,,,In Progress,Funded,,704,0.237,5.488,false,0,Ava Harris,Cumulus FL Branch 2,Southeast,2026-08-01
LN-AP-000410,Olivia Hall,Personal Loan,6566.62,Digital,E-0207,BR-022,2026-07-30,2026-08-24,2026-08-24,Funded,Funded,27.2,710,0.303,6.461,true,0,Priya Davis,Cumulus UT Branch 2,Mountain West,2026-07-01
LN-AP-000411,Julian Wright,30-Year Fixed Mortgage,545979.78,Branch,E-0210,BR-019,2025-12-07,,,Withdrawn,Document Collection,,639,0.352,8.03,false,0,Luis Garcia,Cumulus CO Branch 1,Mountain West,2025-12-01
LN-AP-000412,Nina Young,30-Year Fixed Mortgage,280036.44,Branch,E-0231,BR-010,2025-07-19,,,In Progress,Underwriting,,789,0.17,8.703,false,4,Maya Edwards,Cumulus GA Branch 2,Southeast,2025-07-01
LN-AP-000413,Julian Carter,15-Year Fixed Mortgage,298557.91,Digital,E-0207,BR-022,2025-07-28,2025-09-02,2025-09-02,Funded,Funded,39.1,609,0.416,7.538,true,0,Priya Davis,Cumulus UT Branch 2,Mountain West,2025-07-01
LN-AP-000414,Grace Ruiz,Personal Loan,7239.9,Branch,E-0231,BR-010,2024-10-13,,,In Progress,Underwriting,,820,0.208,8.9,false,0,Maya Edwards,Cumulus GA Branch 2,Southeast,2024-10-01
LN-AP-000415,Diego Collins,Personal Loan,11182.04,Digital,E-0219,BR-025,2026-01-20,2026-03-02,2026-03-02,Funded,Funded,44.5,822,0.29,5.604,true,0,Rosa Hall,Cumulus CA Branch 1,Pacific,2026-01-01
LN-AP-000416,Mateo Lewis,30-Year Fixed Mortgage,269708.96,Digital,E-0210,BR-019,2025-09-19,,,Withdrawn,Appraisal,,728,0.275,8.463,false,0,Luis Garcia,Cumulus CO Branch 1,Mountain West,2025-09-01
LN-AP-000417,Mei Turner,30-Year Fixed Mortgage,91999.3,Digital,E-0231,BR-010,2026-06-20,2026-07-31,2026-07-31,Funded,Funded,44.3,619,0.489,8.245,true,0,Maya Edwards,Cumulus GA Branch 2,Southeast,2026-06-01
LN-AP-000418,Marcus Chen,30-Year Fixed Mortgage,235940.18,Broker,E-0230,BR-009,2025-04-19,2025-05-13,,Denied,Conditional Approval,,830,0.394,6.64,false,0,Jamal Wright,Cumulus GA Branch 1,Southeast,2025-04-01
LN-AP-000419,Yuki Campbell,Refinance,449347.46,Branch,E-0225,BR-021,2025-04-15,,,In Progress,Underwriting,,822,0.342,7.074,false,3,Henry Okafor,Cumulus UT Branch 1,Mountain West,2025-04-01
LN-AP-000420,Grace Young,30-Year Fixed Mortgage,435075.2,Loan Officer,E-0207,BR-022,2025-06-22,2025-08-01,2025-08-01,Funded,Funded,44.6,690,0.151,8.272,true,0,Priya Davis,Cumulus UT Branch 2,Mountain West,2025-06-01
LN-AP-000421,Zara Patel,15-Year Fixed Mortgage,202979.02,Digital,E-0213,BR-023,2026-01-27,2026-02-20,2026-02-20,Funded,Funded,27.5,599,0.31,6.979,true,0,Jamal Lewis,Cumulus AZ Branch 1,Mountain West,2026-01-01
LN-AP-000422,Olivia Brown,Personal Loan,9717.8,Digital,E-0207,BR-022,2026-07-05,2026-07-29,2026-07-29,Funded,Funded,27.2,786,0.46,6.062,true,0,Priya Davis,Cumulus UT Branch 2,Mountain West,2026-07-01
LN-AP-000423,Derek Turner,Auto Loan,61347.42,Digital,E-0221,BR-016,2026-03-31,2026-04-28,2026-04-28,Funded,Funded,32.4,605,0.277,8.353,true,0,Fatima Parker,Cumulus OH Branch 2,Midwest,2026-03-01
LN-AP-000424,Marcus White,Auto Loan,72146.26,Loan Officer,E-0213,BR-023,2025-11-15,,,Withdrawn,Application Submitted,,704,0.32,5.308,false,0,Jamal Lewis,Cumulus AZ Branch 1,Mountain West,2025-11-01
LN-AP-000425,Noah Wright,HELOC,104456.22,Loan Officer,E-0230,BR-009,2024-12-31,,,Withdrawn,Underwriting,,664,0.367,8.222,false,0,Jamal Wright,Cumulus GA Branch 1,Southeast,2024-12-01
LN-AP-000426,Isabella Garcia,Auto Loan,28740.98,Branch,E-0227,BR-016,2026-04-14,2026-05-13,2026-05-13,Funded,Funded,32.7,791,0.495,7.617,true,0,Zara Young,Cumulus OH Branch 2,Midwest,2026-04-01
LN-AP-000427,Elena Lewis,HELOC,37210.25,Broker,E-0224,BR-027,2026-03-31,2026-05-06,2026-05-06,Funded,Funded,39.3,726,0.503,8.801,true,0,Priya Davis,Cumulus WA Branch 1,Pacific,2026-03-01
LN-AP-000428,Derek Green,Auto Loan,30898.14,Digital,E-0213,BR-023,2025-07-19,2025-08-19,,Denied,Underwriting,,609,0.48,6.544,false,0,Jamal Lewis,Cumulus AZ Branch 1,Mountain West,2025-07-01
LN-AP-000429,Felix Lewis,Refinance,408752.48,Loan Officer,E-0223,BR-001,2026-05-30,2026-07-01,2026-07-01,Funded,Funded,35.4,736,0.206,5.748,true,0,Noah Adams,Cumulus NY Branch 1,Northeast,2026-05-01
LN-AP-000430,Ava White,15-Year Fixed Mortgage,247530.19,Digital,E-0217,BR-015,2025-01-13,2025-01-30,2025-01-30,Funded,Funded,21.0,800,0.398,7.93,true,0,Amara Green,Cumulus OH Branch 1,Midwest,2025-01-01
LN-AP-000431,Ethan Moore,30-Year Fixed Mortgage,736936.74,Branch,E-0226,BR-010,2025-05-07,2025-06-09,2025-06-09,Funded,Funded,36.7,785,0.333,5.502,true,0,Andre Evans,Cumulus GA Branch 2,Southeast,2025-05-01
LN-AP-000432,Isabella Evans,15-Year Fixed Mortgage,473889.71,Digital,E-0214,BR-027,2025-07-31,2025-08-20,2025-08-20,Funded,Funded,22.7,829,0.448,7.909,true,0,Amara Clark,Cumulus WA Branch 1,Pacific,2025-07-01
LN-AP-000433,Sara Parker,15-Year Fixed Mortgage,203088.04,Loan Officer,E-0215,BR-011,2025-12-19,2026-01-22,,Denied,Appraisal,,801,0.284,8.685,false,0,Henry Patel,Cumulus NC Branch 1,Southeast,2025-12-01
LN-AP-000434,Victor Wright,30-Year Fixed Mortgage,483261.77,Branch,E-0222,BR-026,2026-08-29,,,In Progress,Underwriting,,745,0.354,5.548,false,1,Rosa Carter,Cumulus CA Branch 2,Pacific,2026-08-01
LN-AP-000435,Yuki Campbell,30-Year Fixed Mortgage,234266.32,Digital,E-0233,BR-025,2024-11-22,2024-12-18,2024-12-18,Funded,Funded,30.3,602,0.139,6.335,true,0,Jamal Adams,Cumulus CA Branch 1,Pacific,2024-11-01
LN-AP-000436,Julian Hall,Auto Loan,29870.82,Branch,E-0206,BR-020,2025-06-06,2025-07-22,2025-07-22,Funded,Funded,48.8,779,0.404,6.862,true,0,Ben Taylor,Cumulus CO Branch 2,Mountain West,2025-06-01
LN-AP-000437,Chloe Davis,Personal Loan,15646.79,Loan Officer,E-0228,BR-013,2026-03-31,2026-03-31,,Denied,Application Submitted,,797,0.405,6.441,false,0,Kenji Silva,Cumulus IL Branch 1,Midwest,2026-03-01
LN-AP-000438,Felix Patel,HELOC,163724.75,Loan Officer,E-0230,BR-009,2024-11-05,,,In Progress,Conditional Approval,,819,0.405,6.291,false,1,Jamal Wright,Cumulus GA Branch 1,Southeast,2024-11-01
LN-AP-000439,Yuki Stewart,Personal Loan,23060.71,Branch,E-0231,BR-010,2024-12-09,2025-01-02,,Denied,Appraisal,,672,0.305,6.372,false,0,Maya Edwards,Cumulus GA Branch 2,Southeast,2024-12-01
LN-AP-000440,Emma Campbell,Refinance,415892.6,Digital,E-0212,BR-004,2025-02-27,2025-04-10,2025-04-10,Funded,Funded,46.3,687,0.222,8.089,true,0,Isabella Phillips,Cumulus MA Branch 2,Northeast,2025-02-01
LN-AP-000441,Zara White,30-Year Fixed Mortgage,398899.31,Loan Officer,E-0209,BR-006,2025-02-26,,,In Progress,Application Submitted,,802,0.198,8.391,false,1,Yuki Stewart,Cumulus CT Branch 2,Northeast,2025-02-01
LN-AP-000442,Isabella Ashford,Refinance,321876.33,Broker,E-0233,BR-025,2025-03-27,2025-04-24,2025-04-24,Funded,Funded,32.4,643,0.471,7.446,true,0,Jamal Adams,Cumulus CA Branch 1,Pacific,2025-03-01
LN-AP-000443,Leo Young,HELOC,195189.46,Digital,E-0222,BR-026,2025-07-15,,,Withdrawn,Application Submitted,,791,0.136,8.842,false,0,Rosa Carter,Cumulus CA Branch 2,Pacific,2025-07-01
LN-AP-000444,Kenji Brown,30-Year Fixed Mortgage,497643.31,Digital,E-0209,BR-006,2026-07-23,,,In Progress,Funded,,666,0.454,6.21,false,5,Yuki Stewart,Cumulus CT Branch 2,Northeast,2026-07-01
LN-AP-000445,Emma Turner,30-Year Fixed Mortgage,424355.9,Digital,E-0211,BR-012,2025-09-16,2025-10-18,2025-10-18,Funded,Funded,35.1,638,0.444,7.318,true,0,Priya Young,Cumulus NC Branch 2,Southeast,2025-09-01
LN-AP-000446,Aisha Green,Auto Loan,38132.47,Digital,E-0210,BR-019,2025-09-15,2025-10-17,2025-10-17,Funded,Funded,36.1,638,0.514,6.618,true,0,Luis Garcia,Cumulus CO Branch 1,Mountain West,2025-09-01
LN-AP-000447,Jamal Vaughn,30-Year Fixed Mortgage,790759.14,Digital,E-0218,BR-012,2026-08-25,,,In Progress,Funded,,692,0.456,6.566,false,5,Carlos Scott,Cumulus NC Branch 2,Southeast,2026-08-01
LN-AP-000448,Samuel Evans,Refinance,675646.21,Loan Officer,E-0212,BR-004,2024-11-23,,,Withdrawn,Application Submitted,,692,0.18,5.337,false,0,Isabella Phillips,Cumulus MA Branch 2,Northeast,2024-11-01
LN-AP-000449,Fatima Nguyen,Auto Loan,33512.7,Digital,E-0235,BR-008,2026-07-26,2026-08-30,2026-08-30,Funded,Funded,38.3,583,0.358,7.32,true,0,Ava Harris,Cumulus FL Branch 2,Southeast,2026-07-01
LN-AP-000450,Lauren Harris,30-Year Fixed Mortgage,331356.3,Digital,E-0226,BR-010,2026-06-05,2026-07-08,2026-07-08,Funded,Funded,37.2,609,0.221,8.57,true,0,Andre Evans,Cumulus GA Branch 2,Southeast,2026-06-01
LN-AP-000451,Ethan Thomas,Auto Loan,41039.73,Digital,E-0221,BR-016,2025-01-24,2025-01-24,,Denied,Application Submitted,,805,0.148,6.814,false,0,Fatima Parker,Cumulus OH Branch 2,Midwest,2025-01-01
LN-AP-000452,Luis Vaughn,30-Year Fixed Mortgage,376769.89,Digital,E-0209,BR-006,2025-04-28,2025-05-18,2025-05-18,Funded,Funded,23.6,825,0.166,5.489,true,0,Yuki Stewart,Cumulus CT Branch 2,Northeast,2025-04-01
LN-AP-000453,Noah Edwards,30-Year Fixed Mortgage,326944.26,Loan Officer,E-0207,BR-022,2025-05-25,,,In Progress,Appraisal,,807,0.506,5.652,false,2,Priya Davis,Cumulus UT Branch 2,Mountain West,2025-05-01
LN-AP-000454,Isabella Allen,Refinance,265033.09,Branch,E-0206,BR-020,2026-07-22,,,In Progress,Funded,,611,0.43,6.193,false,5,Ben Taylor,Cumulus CO Branch 2,Mountain West,2026-07-01
LN-AP-000455,Jamal Nelson,HELOC,84268.15,Loan Officer,E-0226,BR-010,2025-06-28,2025-08-15,2025-08-15,Funded,Funded,51.8,825,0.4,7.063,true,0,Andre Evans,Cumulus GA Branch 2,Southeast,2025-06-01
LN-AP-000456,Samuel Bailey,30-Year Fixed Mortgage,84000.0,Digital,E-0217,BR-015,2025-01-20,2025-02-13,,Denied,Underwriting,,574,0.341,7.473,false,0,Amara Green,Cumulus OH Branch 1,Midwest,2025-01-01
LN-AP-000457,Chloe White,30-Year Fixed Mortgage,250056.04,Loan Officer,E-0222,BR-026,2024-11-11,2024-12-30,2024-12-30,Funded,Funded,53.9,572,0.159,7.31,true,0,Rosa Carter,Cumulus CA Branch 2,Pacific,2024-11-01
LN-AP-000458,Leo Wilson,15-Year Fixed Mortgage,479297.4,Branch,E-0214,BR-027,2025-07-15,,,In Progress,Underwriting,,823,0.267,7.565,false,1,Amara Clark,Cumulus WA Branch 1,Pacific,2025-07-01
LN-AP-000459,Andre Roberts,Auto Loan,28410.34,Digital,E-0213,BR-023,2025-01-29,2025-02-25,2025-02-25,Funded,Funded,31.7,815,0.148,5.855,true,0,Jamal Lewis,Cumulus AZ Branch 1,Mountain West,2025-01-01
LN-AP-000460,Noah Anderson,30-Year Fixed Mortgage,532993.71,Branch,E-0209,BR-006,2025-11-30,2026-01-03,2026-01-03,Funded,Funded,39.0,580,0.485,8.876,true,0,Yuki Stewart,Cumulus CT Branch 2,Northeast,2025-11-01
LN-AP-000461,Jamal Moore,HELOC,63247.57,Loan Officer,E-0228,BR-013,2025-04-12,,,Withdrawn,Underwriting,,724,0.284,5.833,false,0,Kenji Silva,Cumulus IL Branch 1,Midwest,2025-04-01
LN-AP-000462,Felix Brown,30-Year Fixed Mortgage,227615.59,Branch,E-0220,BR-005,2025-07-22,2025-08-22,2025-08-22,Funded,Funded,35.1,705,0.28,6.148,true,0,Luis Adams,Cumulus CT Branch 1,Northeast,2025-07-01
LN-AP-000463,Owen Wilson,30-Year Fixed Mortgage,609384.49,Branch,E-0225,BR-021,2026-08-03,2026-08-30,2026-08-30,Funded,Funded,30.2,721,0.473,7.889,true,0,Henry Okafor,Cumulus UT Branch 1,Mountain West,2026-08-01
LN-AP-000464,Sara Evans,Refinance,322553.03,Loan Officer,E-0211,BR-012,2025-02-22,2025-03-21,2025-03-21,Funded,Funded,30.5,675,0.32,8.323,true,0,Priya Young,Cumulus NC Branch 2,Southeast,2025-02-01
LN-AP-000465,Derek Wilson,30-Year Fixed Mortgage,266281.55,Broker,E-0207,BR-022,2024-10-25,2024-11-25,2024-11-25,Funded,Funded,34.5,643,0.286,7.494,true,0,Priya Davis,Cumulus UT Branch 2,Mountain West,2024-10-01
LN-AP-000466,Ines Moore,HELOC,111515.35,Digital,E-0230,BR-009,2026-04-15,2026-05-26,2026-05-26,Funded,Funded,44.1,715,0.157,7.099,true,0,Jamal Wright,Cumulus GA Branch 1,Southeast,2026-04-01
LN-AP-000467,Grace Clark,HELOC,64957.42,Digital,E-0210,BR-019,2024-12-22,2025-01-31,2025-01-31,Funded,Funded,41.5,694,0.351,7.067,true,0,Luis Garcia,Cumulus CO Branch 1,Mountain West,2024-12-01
LN-AP-000468,Henry Hall,Personal Loan,13900.65,Digital,E-0226,BR-010,2025-03-23,2025-03-30,,Denied,Document Collection,,594,0.273,8.178,false,0,Andre Evans,Cumulus GA Branch 2,Southeast,2025-03-01
LN-AP-000469,Lauren Kim,30-Year Fixed Mortgage,190571.09,Digital,E-0212,BR-004,2025-10-23,2025-11-15,2025-11-15,Funded,Funded,26.3,635,0.123,7.404,true,0,Isabella Phillips,Cumulus MA Branch 2,Northeast,2025-10-01
LN-AP-000470,Jonathan Morris,30-Year Fixed Mortgage,425008.1,Loan Officer,E-0224,BR-027,2025-10-11,,,In Progress,Document Collection,,656,0.203,7.337,false,2,Priya Davis,Cumulus WA Branch 1,Pacific,2025-10-01
LN-AP-000471,Samuel Ruiz,Auto Loan,23986.79,Digital,E-0218,BR-012,2024-12-24,,,Abandoned,Conditional Approval,,571,0.324,5.489,false,0,Carlos Scott,Cumulus NC Branch 2,Southeast,2024-12-01
LN-AP-000472,Mei Adams,30-Year Fixed Mortgage,816340.08,Digital,E-0230,BR-009,2026-02-12,2026-03-15,2026-03-15,Funded,Funded,34.8,761,0.35,5.887,true,0,Jamal Wright,Cumulus GA Branch 1,Southeast,2026-02-01
LN-AP-000473,Victor Okafor,Personal Loan,27733.19,Broker,E-0235,BR-008,2026-07-15,,,In Progress,Application Submitted,,730,0.395,5.334,false,1,Ava Harris,Cumulus FL Branch 2,Southeast,2026-07-01
LN-AP-000474,Layla Turner,Auto Loan,35849.73,Branch,E-0226,BR-010,2025-07-30,2025-08-30,2025-08-30,Funded,Funded,34.8,656,0.132,5.756,true,0,Andre Evans,Cumulus GA Branch 2,Southeast,2025-07-01
LN-AP-000475,Nora Harris,Personal Loan,6833.47,Digital,E-0235,BR-008,2024-10-23,,,Abandoned,Appraisal,,722,0.453,7.043,false,0,Ava Harris,Cumulus FL Branch 2,Southeast,2024-10-01
LN-AP-000476,Maya Silva,15-Year Fixed Mortgage,619433.28,Broker,E-0218,BR-012,2025-06-25,2025-08-03,2025-08-03,Funded,Funded,43.2,593,0.329,8.848,true,0,Carlos Scott,Cumulus NC Branch 2,Southeast,2025-06-01
LN-AP-000477,Marcus Turner,30-Year Fixed Mortgage,792565.74,Digital,E-0209,BR-006,2025-11-18,2025-12-27,2025-12-27,Funded,Funded,41.7,597,0.49,5.113,true,0,Yuki Stewart,Cumulus CT Branch 2,Northeast,2025-11-01
LN-AP-000478,Jonathan Carter,15-Year Fixed Mortgage,593457.5,Branch,E-0235,BR-008,2024-12-17,2025-02-03,2025-02-03,Funded,Funded,51.0,825,0.165,5.326,true,0,Ava Harris,Cumulus FL Branch 2,Southeast,2024-12-01
LN-AP-000479,Ava Hall,30-Year Fixed Mortgage,648759.67,Loan Officer,E-0232,BR-018,2025-09-09,2025-10-11,,Denied,Appraisal,,598,0.227,8.441,false,0,Tom Hall,Cumulus MN Branch 2,Midwest,2025-09-01
LN-AP-000480,Isabella Moore,Personal Loan,24854.05,Digital,E-0235,BR-008,2026-05-30,,,In Progress,Appraisal,,723,0.393,7.321,false,4,Ava Harris,Cumulus FL Branch 2,Southeast,2026-05-01
LN-AP-000481,Leo Patel,Auto Loan,37671.37,Digital,E-0217,BR-015,2024-12-07,2024-12-07,,Denied,Application Submitted,,714,0.362,8.325,false,0,Amara Green,Cumulus OH Branch 1,Midwest,2024-12-01
LN-AP-000482,Ava Nelson,Personal Loan,21453.83,Loan Officer,E-0235,BR-008,2025-03-21,,,Withdrawn,Application Submitted,,809,0.268,8.714,false,0,Ava Harris,Cumulus FL Branch 2,Southeast,2025-03-01
LN-AP-000483,Amara Anderson,HELOC,32220.58,Digital,E-0217,BR-015,2025-01-03,,,Withdrawn,Document Collection,,753,0.465,7.371,false,0,Amara Green,Cumulus OH Branch 1,Midwest,2025-01-01
LN-AP-000484,Ben Phillips,HELOC,83502.9,Digital,E-0234,BR-028,2026-01-01,2026-01-30,2026-01-30,Funded,Funded,32.4,609,0.274,7.732,true,0,Henry Taylor,Cumulus WA Branch 2,Pacific,2026-01-01
LN-AP-000485,Victor Nguyen,Personal Loan,16508.66,Loan Officer,E-0222,BR-026,2026-08-11,,,In Progress,Funded,,759,0.315,8.364,false,2,Rosa Carter,Cumulus CA Branch 2,Pacific,2026-08-01
LN-AP-000486,Henry Campbell,30-Year Fixed Mortgage,239037.33,Digital,E-0230,BR-009,2025-06-30,2025-07-29,2025-07-29,Funded,Funded,32.8,710,0.411,5.605,true,0,Jamal Wright,Cumulus GA Branch 1,Southeast,2025-06-01
LN-AP-000487,Sara Moore,30-Year Fixed Mortgage,195197.81,Digital,E-0214,BR-027,2026-07-19,2026-08-19,2026-08-19,Funded,Funded,33.8,572,0.146,7.167,true,0,Amara Clark,Cumulus WA Branch 1,Pacific,2026-07-01
LN-AP-000488,Priya Scott,Auto Loan,48814.93,Digital,E-0206,BR-020,2025-07-29,2025-08-26,2025-08-26,Funded,Funded,32.3,750,0.32,7.348,true,0,Ben Taylor,Cumulus CO Branch 2,Mountain West,2025-07-01
LN-AP-000489,Kenji Baker,Auto Loan,57893.22,Digital,E-0221,BR-016,2026-01-21,2026-02-11,2026-02-11,Funded,Funded,25.7,698,0.262,6.267,true,0,Fatima Parker,Cumulus OH Branch 2,Midwest,2026-01-01
LN-AP-000490,Leo Moore,Personal Loan,10943.89,Digital,E-0226,BR-010,2025-12-18,,,Abandoned,Conditional Approval,,669,0.323,7.17,false,0,Andre Evans,Cumulus GA Branch 2,Southeast,2025-12-01
LN-AP-000491,Noah Morris,30-Year Fixed Mortgage,354192.59,Branch,E-0214,BR-027,2024-12-28,2025-02-06,2025-02-06,Funded,Funded,44.0,713,0.428,8.339,true,0,Amara Clark,Cumulus WA Branch 1,Pacific,2024-12-01
LN-AP-000492,Priya Morris,HELOC,101600.48,Digital,E-0226,BR-010,2025-12-08,2026-01-06,2026-01-06,Funded,Funded,31.3,640,0.122,6.908,true,0,Andre Evans,Cumulus GA Branch 2,Southeast,2025-12-01
LN-AP-000493,Kenji Edwards,HELOC,187465.57,Loan Officer,E-0225,BR-021,2025-08-22,2025-09-30,,Denied,Conditional Approval,,606,0.512,5.369,false,0,Henry Okafor,Cumulus UT Branch 1,Mountain West,2025-08-01
LN-AP-000494,Elena Patel,Refinance,446930.88,Branch,E-0217,BR-015,2025-03-01,2025-04-25,2025-04-25,Funded,Funded,60.6,566,0.24,5.916,true,0,Amara Green,Cumulus OH Branch 1,Midwest,2025-03-01
LN-AP-000495,Kenji Thomas,Personal Loan,9477.29,Digital,E-0219,BR-025,2026-08-09,,,Abandoned,Application Submitted,,661,0.12,5.571,false,0,Rosa Hall,Cumulus CA Branch 1,Pacific,2026-08-01
LN-AP-000496,Fatima Baker,Auto Loan,21489.97,Loan Officer,E-0226,BR-010,2026-03-05,2026-04-03,2026-04-03,Funded,Funded,31.8,820,0.147,8.642,true,0,Andre Evans,Cumulus GA Branch 2,Southeast,2026-03-01
LN-AP-000497,Victor Collins,15-Year Fixed Mortgage,585194.96,Digital,E-0222,BR-026,2026-02-01,2026-03-19,2026-03-19,Funded,Funded,47.5,698,0.471,8.033,true,0,Rosa Carter,Cumulus CA Branch 2,Pacific,2026-02-01
LN-AP-000498,Diego Martinez,30-Year Fixed Mortgage,360158.07,Digital,E-0222,BR-026,2025-02-21,2025-03-24,,Denied,Appraisal,,710,0.211,5.479,false,0,Rosa Carter,Cumulus CA Branch 2,Pacific,2025-02-01
LN-AP-000499,Jonathan Hall,15-Year Fixed Mortgage,136971.08,Broker,E-0209,BR-006,2024-11-12,,,In Progress,Conditional Approval,,660,0.135,7.943,false,4,Yuki Stewart,Cumulus CT Branch 2,Northeast,2024-11-01
LN-AP-000500,Julian Edwards,Refinance,436710.83,Digital,E-0226,BR-010,2025-10-01,2025-10-26,2025-10-26,Funded,Funded,29.3,768,0.473,7.728,true,0,Andre Evans,Cumulus GA Branch 2,Southeast,2025-10-01
LN-AP-000501,Jonathan Ashford,15-Year Fixed Mortgage,380760.84,Digital,E-0218,BR-012,2025-12-15,2026-01-21,2026-01-21,Funded,Funded,40.2,702,0.393,8.79,true,0,Carlos Scott,Cumulus NC Branch 2,Southeast,2025-12-01
LN-AP-000502,Hannah Turner,30-Year Fixed Mortgage,559837.37,Digital,E-0221,BR-016,2025-03-08,,,In Progress,Conditional Approval,,603,0.497,6.263,false,4,Fatima Parker,Cumulus OH Branch 2,Midwest,2025-03-01
LN-AP-000503,Felix Silva,Auto Loan,113407.37,Digital,E-0217,BR-015,2025-03-01,,,Abandoned,Conditional Approval,,620,0.477,6.43,false,0,Amara Green,Cumulus OH Branch 1,Midwest,2025-03-01
LN-AP-000504,Victor Wilson,Personal Loan,6325.05,Loan Officer,E-0235,BR-008,2026-07-01,2026-08-06,,Denied,Conditional Approval,,685,0.261,7.534,false,0,Ava Harris,Cumulus FL Branch 2,Southeast,2026-07-01
LN-AP-000505,Tom Lewis,Personal Loan,3816.4,Digital,E-0221,BR-016,2025-06-21,2025-07-19,2025-07-19,Funded,Funded,32.2,605,0.33,8.057,true,0,Fatima Parker,Cumulus OH Branch 2,Midwest,2025-06-01
LN-AP-000506,Tom Kim,30-Year Fixed Mortgage,250893.36,Loan Officer,E-0231,BR-010,2024-12-26,2025-01-29,2025-01-29,Funded,Funded,37.7,665,0.438,7.211,true,0,Maya Edwards,Cumulus GA Branch 2,Southeast,2024-12-01
LN-AP-000507,Ava Bailey,Personal Loan,8843.77,Loan Officer,E-0213,BR-023,2026-04-06,2026-05-07,2026-05-07,Funded,Funded,33.7,808,0.306,8.707,true,0,Jamal Lewis,Cumulus AZ Branch 1,Mountain West,2026-04-01
LN-AP-000508,Rosa Ruiz,Auto Loan,29165.61,Broker,E-0210,BR-019,2025-05-15,,,Withdrawn,Appraisal,,561,0.361,6.639,false,0,Luis Garcia,Cumulus CO Branch 1,Mountain West,2025-05-01
LN-AP-000509,Nora Young,Personal Loan,23755.41,Digital,E-0212,BR-004,2026-07-12,2026-08-04,2026-08-04,Funded,Funded,26.1,631,0.318,7.993,true,0,Isabella Phillips,Cumulus MA Branch 2,Northeast,2026-07-01
LN-AP-000510,Julian Brown,HELOC,30385.49,Digital,E-0224,BR-027,2025-12-24,2026-01-14,2026-01-14,Funded,Funded,23.8,570,0.293,7.532,true,0,Priya Davis,Cumulus WA Branch 1,Pacific,2025-12-01
LN-AP-000511,Sara Silva,Auto Loan,34976.76,Digital,E-0226,BR-010,2025-06-12,2025-07-12,2025-07-12,Funded,Funded,33.1,619,0.359,5.416,true,0,Andre Evans,Cumulus GA Branch 2,Southeast,2025-06-01
LN-AP-000512,Isabella Taylor,HELOC,80094.49,Digital,E-0220,BR-005,2024-12-20,2025-01-28,2025-01-28,Funded,Funded,42.1,698,0.361,5.109,true,0,Luis Adams,Cumulus CT Branch 1,Northeast,2024-12-01
LN-AP-000513,Felix Green,30-Year Fixed Mortgage,201182.78,Branch,E-0223,BR-001,2025-11-04,2025-11-04,,Denied,Application Submitted,,694,0.514,5.787,false,0,Noah Adams,Cumulus NY Branch 1,Northeast,2025-11-01
LN-AP-000514,Hannah Garcia,30-Year Fixed Mortgage,341805.32,Loan Officer,E-0226,BR-010,2026-05-31,2026-07-20,2026-07-20,Funded,Funded,53.0,653,0.177,6.497,true,0,Andre Evans,Cumulus GA Branch 2,Southeast,2026-05-01
LN-AP-000515,Tom Miller,15-Year Fixed Mortgage,344974.88,Digital,E-0230,BR-009,2026-07-31,2026-08-30,2026-08-30,Funded,Funded,33.6,579,0.45,7.758,true,0,Jamal Wright,Cumulus GA Branch 1,Southeast,2026-07-01
LN-AP-000516,Samuel Thomas,HELOC,108061.23,Digital,E-0206,BR-020,2025-06-11,2025-07-12,2025-07-12,Funded,Funded,35.0,774,0.492,8.108,true,0,Ben Taylor,Cumulus CO Branch 2,Mountain West,2025-06-01
LN-AP-000517,Ben Adams,30-Year Fixed Mortgage,1051028.91,Digital,E-0216,BR-013,2025-10-03,2025-11-03,,Denied,Conditional Approval,,723,0.398,6.848,false,0,Daniel Morris,Cumulus IL Branch 1,Midwest,2025-10-01
LN-AP-000518,Olivia Scott,Refinance,468318.11,Digital,E-0216,BR-013,2025-05-19,,,Withdrawn,Application Submitted,,793,0.492,6.99,false,0,Daniel Morris,Cumulus IL Branch 1,Midwest,2025-05-01
LN-AP-000519,Olivia Edwards,Auto Loan,73577.1,Digital,E-0235,BR-008,2025-07-16,2025-08-19,2025-08-19,Funded,Funded,37.0,686,0.132,6.981,true,0,Ava Harris,Cumulus FL Branch 2,Southeast,2025-07-01
LN-AP-000520,Chloe Parker,HELOC,54685.41,Digital,E-0229,BR-025,2026-03-04,2026-04-08,2026-04-08,Funded,Funded,38.6,574,0.311,7.366,true,0,Marcus Wilson,Cumulus CA Branch 1,Pacific,2026-03-01
LN-AP-000521,Ethan Johnson,30-Year Fixed Mortgage,559654.61,Digital,E-0214,BR-027,2026-08-03,,,In Progress,Funded,,752,0.206,7.351,false,2,Amara Clark,Cumulus WA Branch 1,Pacific,2026-08-01
LN-AP-000522,Victor Allen,15-Year Fixed Mortgage,360912.24,Loan Officer,E-0212,BR-004,2024-11-04,2024-12-03,2024-12-03,Funded,Funded,31.9,625,0.267,8.616,true,0,Isabella Phillips,Cumulus MA Branch 2,Northeast,2024-11-01
LN-AP-000523,Ben Allen,15-Year Fixed Mortgage,642462.48,Branch,E-0223,BR-001,2025-12-23,2026-01-11,,Denied,Document Collection,,818,0.52,8.017,false,0,Noah Adams,Cumulus NY Branch 1,Northeast,2025-12-01
LN-AP-000524,Noah King,Auto Loan,8337.75,Digital,E-0210,BR-019,2026-04-09,2026-04-22,,Denied,Document Collection,,564,0.164,5.563,false,0,Luis Garcia,Cumulus CO Branch 1,Mountain West,2026-04-01
LN-AP-000525,Lauren Ashford,30-Year Fixed Mortgage,438883.77,Digital,E-0214,BR-027,2024-11-17,2024-12-14,2024-12-14,Funded,Funded,29.7,588,0.435,6.796,true,0,Amara Clark,Cumulus WA Branch 1,Pacific,2024-11-01
LN-AP-000526,Kenji Kim,Refinance,342686.23,Branch,E-0208,BR-027,2026-01-13,,,In Progress,Underwriting,,658,0.517,6.962,false,3,Yuki Campbell,Cumulus WA Branch 1,Pacific,2026-01-01
LN-AP-000527,Mei Morris,Auto Loan,24777.45,Branch,E-0226,BR-010,2025-04-08,2025-04-28,2025-04-28,Funded,Funded,21.7,759,0.393,5.457,true,0,Andre Evans,Cumulus GA Branch 2,Southeast,2025-04-01
LN-AP-000528,Maya Turner,Auto Loan,31417.93,Branch,E-0217,BR-015,2026-03-01,2026-03-28,2026-03-28,Funded,Funded,30.5,598,0.515,8.202,true,0,Amara Green,Cumulus OH Branch 1,Midwest,2026-03-01
LN-AP-000529,Layla Brown,30-Year Fixed Mortgage,229178.88,Branch,E-0214,BR-027,2025-12-29,,,In Progress,Document Collection,,753,0.314,7.502,false,6,Amara Clark,Cumulus WA Branch 1,Pacific,2025-12-01
LN-AP-000530,Ravi Stewart,Auto Loan,51464.14,Loan Officer,E-0235,BR-008,2025-08-24,2025-09-18,2025-09-18,Funded,Funded,29.7,723,0.359,5.659,true,0,Ava Harris,Cumulus FL Branch 2,Southeast,2025-08-01
LN-AP-000531,Jonathan Ruiz,30-Year Fixed Mortgage,423561.48,Loan Officer,E-0208,BR-027,2025-05-18,2025-07-01,2025-07-01,Funded,Funded,48.2,722,0.317,5.48,true,0,Yuki Campbell,Cumulus WA Branch 1,Pacific,2025-05-01
LN-AP-000532,Amara Nelson,HELOC,136862.42,Branch,E-0225,BR-021,2024-10-18,2024-11-21,2024-11-21,Funded,Funded,38.3,579,0.424,8.671,true,0,Henry Okafor,Cumulus UT Branch 1,Mountain West,2024-10-01
LN-AP-000533,Ben Anderson,Personal Loan,8376.94,Branch,E-0219,BR-025,2025-01-26,2025-04-03,2025-04-03,Funded,Funded,71.1,748,0.399,8.792,true,0,Rosa Hall,Cumulus CA Branch 1,Pacific,2025-01-01
LN-AP-000534,Jonathan Jackson,Refinance,750443.88,Loan Officer,E-0213,BR-023,2025-12-15,,,Withdrawn,Application Submitted,,652,0.224,7.571,false,0,Jamal Lewis,Cumulus AZ Branch 1,Mountain West,2025-12-01
LN-AP-000535,Sofia Johnson,Personal Loan,25334.38,Branch,E-0210,BR-019,2025-08-01,,,In Progress,Appraisal,,627,0.454,7.62,false,0,Luis Garcia,Cumulus CO Branch 1,Mountain West,2025-08-01
LN-AP-000536,Jamal Silva,Refinance,157541.01,Digital,E-0228,BR-013,2024-11-17,2024-12-14,2024-12-14,Funded,Funded,30.2,561,0.37,6.066,true,0,Kenji Silva,Cumulus IL Branch 1,Midwest,2024-11-01
LN-AP-000537,Ben Adams,30-Year Fixed Mortgage,873850.4,Loan Officer,E-0217,BR-015,2025-06-23,,,Withdrawn,Conditional Approval,,579,0.278,6.856,false,0,Amara Green,Cumulus OH Branch 1,Midwest,2025-06-01
LN-AP-000538,Henry Ashford,30-Year Fixed Mortgage,183358.98,Branch,E-0233,BR-025,2025-04-10,2025-06-18,2025-06-18,Funded,Funded,73.7,809,0.162,7.12,true,0,Jamal Adams,Cumulus CA Branch 1,Pacific,2025-04-01
LN-AP-000539,Samuel Davis,Refinance,952304.29,Digital,E-0234,BR-028,2025-10-30,,,In Progress,Application Submitted,,609,0.275,7.751,false,1,Henry Taylor,Cumulus WA Branch 2,Pacific,2025-10-01
LN-AP-000540,Grace Walker,15-Year Fixed Mortgage,191250.38,Branch,E-0211,BR-012,2026-04-27,2026-05-29,2026-05-29,Funded,Funded,35.3,697,0.232,5.906,true,0,Priya Young,Cumulus NC Branch 2,Southeast,2026-04-01
LN-AP-000541,Marcus Scott,30-Year Fixed Mortgage,669967.82,Loan Officer,E-0210,BR-019,2026-01-11,2026-02-18,2026-02-18,Funded,Funded,39.9,602,0.46,6.039,true,0,Luis Garcia,Cumulus CO Branch 1,Mountain West,2026-01-01
LN-AP-000542,Ben Brown,HELOC,32616.77,Loan Officer,E-0219,BR-025,2026-03-03,2026-04-21,2026-04-21,Funded,Funded,52.9,789,0.229,6.946,true,0,Rosa Hall,Cumulus CA Branch 1,Pacific,2026-03-01
LN-AP-000543,Maya Silva,30-Year Fixed Mortgage,768966.48,Digital,E-0211,BR-012,2025-10-15,,,In Progress,Application Submitted,,755,0.305,6.472,false,6,Priya Young,Cumulus NC Branch 2,Southeast,2025-10-01
LN-AP-000544,Sara Nelson,30-Year Fixed Mortgage,317474.61,Branch,E-0226,BR-010,2025-08-18,2025-09-29,2025-09-29,Funded,Funded,45.3,632,0.238,6.871,true,0,Andre Evans,Cumulus GA Branch 2,Southeast,2025-08-01
LN-AP-000545,Fatima Vaughn,30-Year Fixed Mortgage,750321.87,Digital,E-0233,BR-025,2025-03-14,,,Abandoned,Document Collection,,699,0.316,7.575,false,0,Jamal Adams,Cumulus CA Branch 1,Pacific,2025-03-01
LN-AP-000546,Owen Lewis,30-Year Fixed Mortgage,168083.71,Branch,E-0221,BR-016,2025-10-22,2025-11-30,2025-11-30,Funded,Funded,41.8,793,0.419,8.095,true,0,Fatima Parker,Cumulus OH Branch 2,Midwest,2025-10-01
LN-AP-000547,Henry Davis,30-Year Fixed Mortgage,510366.42,Branch,E-0224,BR-027,2026-05-21,,,Withdrawn,Application Submitted,,706,0.21,7.165,false,0,Priya Davis,Cumulus WA Branch 1,Pacific,2026-05-01
LN-AP-000548,Mateo Scott,Personal Loan,20386.72,Digital,E-0206,BR-020,2025-12-30,2026-02-04,2026-02-04,Funded,Funded,39.1,794,0.318,8.135,true,0,Ben Taylor,Cumulus CO Branch 2,Mountain West,2025-12-01
LN-AP-000549,Mateo Lewis,30-Year Fixed Mortgage,435238.08,Digital,E-0211,BR-012,2025-12-11,2025-12-11,,Denied,Application Submitted,,614,0.269,6.414,false,0,Priya Young,Cumulus NC Branch 2,Southeast,2025-12-01
LN-AP-000550,Felix Jackson,Auto Loan,57245.33,Branch,E-0211,BR-012,2026-03-30,2026-05-05,,Denied,Underwriting,,575,0.163,8.041,false,0,Priya Young,Cumulus NC Branch 2,Southeast,2026-03-01
LN-AP-000551,Derek Anderson,Auto Loan,104233.62,Branch,E-0224,BR-027,2025-06-28,2025-08-07,2025-08-07,Funded,Funded,44.0,606,0.455,5.79,true,0,Priya Davis,Cumulus WA Branch 1,Pacific,2025-06-01
LN-AP-000552,Elena Stewart,15-Year Fixed Mortgage,347912.5,Digital,E-0209,BR-006,2025-11-03,2025-12-10,2025-12-10,Funded,Funded,40.6,690,0.232,7.387,true,0,Yuki Stewart,Cumulus CT Branch 2,Northeast,2025-11-01
LN-AP-000553,Marcus Thomas,Auto Loan,46583.86,Branch,E-0206,BR-020,2024-10-10,,,Withdrawn,Underwriting,,727,0.457,6.865,false,0,Ben Taylor,Cumulus CO Branch 2,Mountain West,2024-10-01
LN-AP-000554,Leo Miller,HELOC,112028.89,Digital,E-0233,BR-025,2026-06-21,2026-07-09,,Denied,Underwriting,,598,0.274,6.486,false,0,Jamal Adams,Cumulus CA Branch 1,Pacific,2026-06-01
LN-AP-000555,Aisha White,Auto Loan,18512.12,Loan Officer,E-0213,BR-023,2026-06-09,2026-07-16,2026-07-16,Funded,Funded,40.4,671,0.394,8.859,true,0,Jamal Lewis,Cumulus AZ Branch 1,Mountain West,2026-06-01
LN-AP-000556,Ravi Wright,HELOC,187653.83,Digital,E-0213,BR-023,2025-08-22,2025-09-12,2025-09-12,Funded,Funded,25.1,615,0.319,7.096,true,0,Jamal Lewis,Cumulus AZ Branch 1,Mountain West,2025-08-01
LN-AP-000557,Mateo Davis,30-Year Fixed Mortgage,259796.06,Loan Officer,E-0210,BR-019,2025-12-14,2026-01-06,2026-01-06,Funded,Funded,26.8,594,0.497,8.673,true,0,Luis Garcia,Cumulus CO Branch 1,Mountain West,2025-12-01
LN-AP-000558,Amara Scott,15-Year Fixed Mortgage,342851.78,Digital,E-0211,BR-012,2025-07-18,2025-09-01,2025-09-01,Funded,Funded,47.2,784,0.469,6.721,true,0,Priya Young,Cumulus NC Branch 2,Southeast,2025-07-01
LN-AP-000559,Yuki Kim,HELOC,144575.08,Loan Officer,E-0221,BR-016,2025-09-02,2025-10-06,2025-10-06,Funded,Funded,38.1,713,0.277,5.884,true,0,Fatima Parker,Cumulus OH Branch 2,Midwest,2025-09-01
LN-AP-000560,Samuel Mitchell,Auto Loan,27286.35,Loan Officer,E-0234,BR-028,2026-07-16,2026-08-29,2026-08-29,Funded,Funded,49.1,779,0.198,8.133,true,0,Henry Taylor,Cumulus WA Branch 2,Pacific,2026-07-01
LN-AP-000561,Ravi Morris,Refinance,388121.92,Broker,E-0207,BR-022,2026-03-06,,,In Progress,Appraisal,,713,0.468,5.701,false,1,Priya Davis,Cumulus UT Branch 2,Mountain West,2026-03-01
LN-AP-000562,Ava Silva,HELOC,37314.84,Digital,E-0233,BR-025,2026-03-09,,,In Progress,Conditional Approval,,825,0.302,5.488,false,3,Jamal Adams,Cumulus CA Branch 1,Pacific,2026-03-01
LN-AP-000563,Aisha Phillips,Personal Loan,13075.94,Digital,E-0218,BR-012,2025-05-21,2025-06-23,2025-06-23,Funded,Funded,35.3,725,0.455,8.74,true,0,Carlos Scott,Cumulus NC Branch 2,Southeast,2025-05-01
LN-AP-000564,Felix Taylor,15-Year Fixed Mortgage,158646.89,Branch,E-0228,BR-013,2025-01-18,2025-02-26,2025-02-26,Funded,Funded,41.3,705,0.41,6.213,true,0,Kenji Silva,Cumulus IL Branch 1,Midwest,2025-01-01
LN-AP-000565,Owen Roberts,30-Year Fixed Mortgage,557855.71,Digital,E-0230,BR-009,2026-02-10,2026-03-10,2026-03-10,Funded,Funded,31.8,753,0.173,6.597,true,0,Jamal Wright,Cumulus GA Branch 1,Southeast,2026-02-01
LN-AP-000566,Iris Scott,Refinance,370710.65,Loan Officer,E-0218,BR-012,2026-03-12,2026-04-21,2026-04-21,Funded,Funded,44.1,750,0.365,6.184,true,0,Carlos Scott,Cumulus NC Branch 2,Southeast,2026-03-01
LN-AP-000567,Grace Parker,30-Year Fixed Mortgage,421589.09,Branch,E-0218,BR-012,2026-01-09,,,In Progress,Underwriting,,636,0.261,8.572,false,2,Carlos Scott,Cumulus NC Branch 2,Southeast,2026-01-01
LN-AP-000568,Daniel Miller,Personal Loan,11156.9,Branch,E-0224,BR-027,2025-05-31,2025-07-29,2025-07-29,Funded,Funded,62.4,685,0.442,6.264,true,0,Priya Davis,Cumulus WA Branch 1,Pacific,2025-05-01
LN-AP-000569,Victor Kim,30-Year Fixed Mortgage,201571.39,Loan Officer,E-0217,BR-015,2026-05-29,2026-07-05,2026-07-05,Funded,Funded,40.9,594,0.185,6.526,true,0,Amara Green,Cumulus OH Branch 1,Midwest,2026-05-01
LN-AP-000570,Andre Adams,Refinance,640958.83,Branch,E-0228,BR-013,2024-12-30,2025-01-29,2025-01-29,Funded,Funded,34.1,593,0.42,7.218,true,0,Kenji Silva,Cumulus IL Branch 1,Midwest,2024-12-01
LN-AP-000571,Carlos Jackson,Auto Loan,65197.56,Loan Officer,E-0226,BR-010,2026-03-22,2026-05-09,2026-05-09,Funded,Funded,51.5,660,0.22,5.961,true,0,Andre Evans,Cumulus GA Branch 2,Southeast,2026-03-01
LN-AP-000572,Ravi Ruiz,HELOC,32129.0,Digital,E-0211,BR-012,2026-04-15,2026-05-09,2026-05-09,Funded,Funded,27.9,688,0.429,7.526,true,0,Priya Young,Cumulus NC Branch 2,Southeast,2026-04-01
LN-AP-000573,Lauren Davis,30-Year Fixed Mortgage,702040.91,Broker,E-0208,BR-027,2025-03-12,2025-04-13,2025-04-13,Funded,Funded,35.4,797,0.382,6.169,true,0,Yuki Campbell,Cumulus WA Branch 1,Pacific,2025-03-01
LN-AP-000574,Henry Morris,Personal Loan,12174.47,Loan Officer,E-0225,BR-021,2026-04-28,,,Withdrawn,Application Submitted,,576,0.312,5.894,false,0,Henry Okafor,Cumulus UT Branch 1,Mountain West,2026-04-01
LN-AP-000575,Rosa Martinez,Auto Loan,56511.94,Branch,E-0230,BR-009,2025-10-12,2025-11-16,2025-11-16,Funded,Funded,39.1,829,0.292,7.955,true,0,Jamal Wright,Cumulus GA Branch 1,Southeast,2025-10-01
LN-AP-000576,Samuel White,15-Year Fixed Mortgage,138779.65,Digital,E-0211,BR-012,2026-07-17,,,Abandoned,Conditional Approval,,747,0.389,7.351,false,0,Priya Young,Cumulus NC Branch 2,Southeast,2026-07-01
LN-AP-000577,Emma Martinez,HELOC,81372.88,Digital,E-0235,BR-008,2026-04-18,2026-04-18,,Denied,Application Submitted,,646,0.419,6.038,false,0,Ava Harris,Cumulus FL Branch 2,Southeast,2026-04-01
LN-AP-000578,Ava Turner,30-Year Fixed Mortgage,296320.87,Branch,E-0219,BR-025,2026-06-06,2026-07-10,,Denied,Conditional Approval,,648,0.404,8.379,false,0,Rosa Hall,Cumulus CA Branch 1,Pacific,2026-06-01
LN-AP-000579,Derek Garcia,Auto Loan,33510.65,Loan Officer,E-0217,BR-015,2024-11-14,2024-12-18,2024-12-18,Funded,Funded,36.6,693,0.198,5.73,true,0,Amara Green,Cumulus OH Branch 1,Midwest,2024-11-01
LN-AP-000580,Jamal Lewis,30-Year Fixed Mortgage,286022.15,Digital,E-0208,BR-027,2026-08-30,,,In Progress,Funded,,603,0.379,5.972,false,0,Yuki Campbell,Cumulus WA Branch 1,Pacific,2026-08-01
LN-AP-000581,Layla Jackson,30-Year Fixed Mortgage,275496.63,Digital,E-0230,BR-009,2026-01-10,,,In Progress,Application Submitted,,710,0.369,6.493,false,6,Jamal Wright,Cumulus GA Branch 1,Southeast,2026-01-01
LN-AP-000582,Wei Green,30-Year Fixed Mortgage,396561.98,Digital,E-0213,BR-023,2025-07-06,,,In Progress,Appraisal,,584,0.127,7.331,false,0,Jamal Lewis,Cumulus AZ Branch 1,Mountain West,2025-07-01
LN-AP-000583,Olivia Martinez,15-Year Fixed Mortgage,240442.18,Loan Officer,E-0228,BR-013,2024-12-15,2025-01-14,2025-01-14,Funded,Funded,34.5,820,0.458,6.995,true,0,Kenji Silva,Cumulus IL Branch 1,Midwest,2024-12-01
LN-AP-000584,Diego Martinez,30-Year Fixed Mortgage,710435.04,Branch,E-0210,BR-019,2026-02-01,,,In Progress,Document Collection,,619,0.427,5.93,false,3,Luis Garcia,Cumulus CO Branch 1,Mountain West,2026-02-01
LN-AP-000585,Nora Kim,Auto Loan,18837.43,Loan Officer,E-0207,BR-022,2026-08-08,,,In Progress,Funded,,705,0.292,5.801,false,6,Priya Davis,Cumulus UT Branch 2,Mountain West,2026-08-01
LN-AP-000586,Victor Jackson,Refinance,441027.44,Branch,E-0223,BR-001,2026-08-30,,,In Progress,Conditional Approval,,771,0.287,7.703,false,2,Noah Adams,Cumulus NY Branch 1,Northeast,2026-08-01
LN-AP-000587,Carlos King,30-Year Fixed Mortgage,474665.86,Branch,E-0213,BR-023,2026-06-16,2026-07-14,2026-07-14,Funded,Funded,30.3,826,0.212,6.727,true,0,Jamal Lewis,Cumulus AZ Branch 1,Mountain West,2026-06-01
LN-AP-000588,Olivia Johnson,Auto Loan,33964.99,Loan Officer,E-0231,BR-010,2024-10-09,2024-11-21,2024-11-21,Funded,Funded,47.1,675,0.344,6.659,true,0,Maya Edwards,Cumulus GA Branch 2,Southeast,2024-10-01
LN-AP-000589,Luis Turner,Auto Loan,24460.27,Digital,E-0231,BR-010,2026-04-09,2026-04-27,2026-04-27,Funded,Funded,21.5,822,0.483,8.392,true,0,Maya Edwards,Cumulus GA Branch 2,Southeast,2026-04-01
LN-AP-000590,Sara Brown,15-Year Fixed Mortgage,397986.91,Branch,E-0217,BR-015,2026-04-20,2026-05-15,2026-05-15,Funded,Funded,28.7,655,0.44,7.288,true,0,Amara Green,Cumulus OH Branch 1,Midwest,2026-04-01
LN-AP-000591,Leo Wright,Auto Loan,37712.03,Digital,E-0216,BR-013,2025-12-12,2026-01-21,2026-01-21,Funded,Funded,42.9,804,0.271,5.11,true,0,Daniel Morris,Cumulus IL Branch 1,Midwest,2025-12-01
LN-AP-000592,Andre Patel,30-Year Fixed Mortgage,232788.29,Digital,E-0214,BR-027,2025-07-12,,,Abandoned,Document Collection,,567,0.256,6.012,false,0,Amara Clark,Cumulus WA Branch 1,Pacific,2025-07-01
LN-AP-000593,Fatima Ruiz,15-Year Fixed Mortgage,293429.56,Digital,E-0209,BR-006,2024-12-31,,,Abandoned,Appraisal,,672,0.185,5.711,false,0,Yuki Stewart,Cumulus CT Branch 2,Northeast,2024-12-01
LN-AP-000594,Amara Stewart,15-Year Fixed Mortgage,704757.65,Digital,E-0208,BR-027,2025-01-04,2025-01-04,,Denied,Application Submitted,,830,0.367,7.399,false,0,Yuki Campbell,Cumulus WA Branch 1,Pacific,2025-01-01
LN-AP-000595,Samuel Wright,15-Year Fixed Mortgage,333117.12,Digital,E-0227,BR-016,2026-04-22,2026-05-28,2026-05-28,Funded,Funded,39.1,729,0.386,5.871,true,0,Zara Young,Cumulus OH Branch 2,Midwest,2026-04-01
LN-AP-000596,Ravi White,Auto Loan,23572.15,Digital,E-0211,BR-012,2026-04-08,2026-05-02,2026-05-02,Funded,Funded,27.8,721,0.316,5.984,true,0,Priya Young,Cumulus NC Branch 2,Southeast,2026-04-01
LN-AP-000597,Yuki Davis,30-Year Fixed Mortgage,336256.54,Branch,E-0207,BR-022,2024-11-20,,,Withdrawn,Appraisal,,747,0.217,5.867,false,0,Priya Davis,Cumulus UT Branch 2,Mountain West,2024-11-01
LN-AP-000598,Kenji Wright,30-Year Fixed Mortgage,204990.31,Digital,E-0213,BR-023,2026-05-01,2026-06-09,2026-06-09,Funded,Funded,43.0,605,0.124,5.373,true,0,Jamal Lewis,Cumulus AZ Branch 1,Mountain West,2026-05-01
LN-AP-000599,Layla Morris,HELOC,231908.07,Digital,E-0233,BR-025,2026-03-07,2026-04-08,2026-04-08,Funded,Funded,36.0,783,0.425,6.556,true,0,Jamal Adams,Cumulus CA Branch 1,Pacific,2026-03-01
LN-AP-000600,Sofia Phillips,30-Year Fixed Mortgage,433794.4,Branch,E-0233,BR-025,2025-01-06,,,Withdrawn,Conditional Approval,,688,0.437,7.662,false,0,Jamal Adams,Cumulus CA Branch 1,Pacific,2025-01-01
LN-AP-000601,Zara Phillips,HELOC,66679.87,Loan Officer,E-0229,BR-025,2024-10-13,2024-11-08,2024-11-08,Funded,Funded,30.5,721,0.214,7.121,true,0,Marcus Wilson,Cumulus CA Branch 1,Pacific,2024-10-01
LN-AP-000602,Ben Nguyen,Auto Loan,18636.78,Branch,E-0227,BR-016,2026-02-27,2026-04-08,2026-04-08,Funded,Funded,44.4,756,0.157,5.615,true,0,Zara Young,Cumulus OH Branch 2,Midwest,2026-02-01
LN-AP-000603,Priya Taylor,Auto Loan,36938.83,Digital,E-0234,BR-028,2025-07-26,2025-08-12,2025-08-12,Funded,Funded,21.0,571,0.456,7.626,true,0,Henry Taylor,Cumulus WA Branch 2,Pacific,2025-07-01
LN-AP-000604,Julian Nguyen,Personal Loan,26277.3,Digital,E-0222,BR-026,2025-03-13,2025-03-29,,Denied,Underwriting,,596,0.363,6.89,false,0,Rosa Carter,Cumulus CA Branch 2,Pacific,2025-03-01
LN-AP-000605,Ava Ruiz,30-Year Fixed Mortgage,394740.61,Loan Officer,E-0207,BR-022,2025-04-02,2025-05-12,2025-05-12,Funded,Funded,42.7,757,0.42,8.36,true,0,Priya Davis,Cumulus UT Branch 2,Mountain West,2025-04-01
LN-AP-000606,Ben Davis,Personal Loan,2800.0,Broker,E-0210,BR-019,2025-03-31,2025-04-30,2025-04-30,Funded,Funded,34.1,676,0.247,8.409,true,0,Luis Garcia,Cumulus CO Branch 1,Mountain West,2025-03-01
LN-AP-000607,Rosa Walker,30-Year Fixed Mortgage,383994.85,Broker,E-0209,BR-006,2026-05-06,,,In Progress,Appraisal,,687,0.447,6.613,false,3,Yuki Stewart,Cumulus CT Branch 2,Northeast,2026-05-01
LN-AP-000608,Nora Anderson,Auto Loan,26182.98,Branch,E-0232,BR-018,2024-12-20,2025-01-19,2025-01-19,Funded,Funded,32.0,780,0.156,6.269,true,0,Tom Hall,Cumulus MN Branch 2,Midwest,2024-12-01
LN-AP-000609,Noah Thomas,15-Year Fixed Mortgage,458024.55,Digital,E-0234,BR-028,2026-07-17,,,Withdrawn,Underwriting,,827,0.302,5.744,false,0,Henry Taylor,Cumulus WA Branch 2,Pacific,2026-07-01
LN-AP-000610,Aisha Wright,15-Year Fixed Mortgage,226445.52,Branch,E-0233,BR-025,2026-01-07,2026-01-28,2026-01-28,Funded,Funded,25.3,791,0.335,6.858,true,0,Jamal Adams,Cumulus CA Branch 1,Pacific,2026-01-01
LN-AP-000611,Hannah Taylor,30-Year Fixed Mortgage,281862.67,Loan Officer,E-0214,BR-027,2025-03-19,2025-04-21,2025-04-21,Funded,Funded,36.3,618,0.138,7.037,true,0,Amara Clark,Cumulus WA Branch 1,Pacific,2025-03-01
LN-AP-000612,Henry Morris,Refinance,447972.47,Digital,E-0214,BR-027,2025-09-27,2025-10-29,2025-10-29,Funded,Funded,36.2,823,0.137,6.891,true,0,Amara Clark,Cumulus WA Branch 1,Pacific,2025-09-01
LN-AP-000613,Mei Kim,HELOC,138514.76,Digital,E-0211,BR-012,2024-10-17,2024-11-22,2024-11-22,Funded,Funded,39.3,691,0.229,5.625,true,0,Priya Young,Cumulus NC Branch 2,Southeast,2024-10-01
LN-AP-000614,Grace Walker,30-Year Fixed Mortgage,244402.03,Loan Officer,E-0216,BR-013,2025-07-20,,,Withdrawn,Appraisal,,748,0.137,8.054,false,0,Daniel Morris,Cumulus IL Branch 1,Midwest,2025-07-01
LN-AP-000615,Samuel Lewis,15-Year Fixed Mortgage,134457.49,Digital,E-0221,BR-016,2025-10-25,2025-11-12,2025-11-12,Funded,Funded,21.7,670,0.35,6.424,true,0,Fatima Parker,Cumulus OH Branch 2,Midwest,2025-10-01
LN-AP-000616,Henry Jackson,HELOC,67682.07,Digital,E-0228,BR-013,2026-07-02,2026-07-31,2026-07-31,Funded,Funded,31.8,702,0.26,8.778,true,0,Kenji Silva,Cumulus IL Branch 1,Midwest,2026-07-01
LN-AP-000617,Owen Ruiz,Personal Loan,8923.82,Digital,E-0218,BR-012,2026-06-19,,,In Progress,Conditional Approval,,681,0.227,5.285,false,3,Carlos Scott,Cumulus NC Branch 2,Southeast,2026-06-01
LN-AP-000618,Ethan Ruiz,30-Year Fixed Mortgage,269957.04,Loan Officer,E-0209,BR-006,2024-10-30,2024-12-20,2024-12-20,Funded,Funded,54.1,770,0.319,7.189,true,0,Yuki Stewart,Cumulus CT Branch 2,Northeast,2024-10-01
LN-AP-000619,Layla Stewart,30-Year Fixed Mortgage,244938.52,Digital,E-0223,BR-001,2025-06-12,2025-07-13,2025-07-13,Funded,Funded,34.3,645,0.255,7.435,true,0,Noah Adams,Cumulus NY Branch 1,Northeast,2025-06-01
LN-AP-000620,Leo Lopez,Refinance,416515.85,Loan Officer,E-0232,BR-018,2025-04-03,2025-04-27,2025-04-27,Funded,Funded,28.1,669,0.45,7.212,true,0,Tom Hall,Cumulus MN Branch 2,Midwest,2025-04-01
LN-AP-000621,Priya Thomas,30-Year Fixed Mortgage,347714.07,Digital,E-0215,BR-011,2025-04-03,2025-04-30,2025-04-30,Funded,Funded,31.4,716,0.291,6.168,true,0,Henry Patel,Cumulus NC Branch 1,Southeast,2025-04-01
LN-AP-000622,Priya Collins,30-Year Fixed Mortgage,362554.61,Loan Officer,E-0234,BR-028,2025-07-13,,,In Progress,Application Submitted,,809,0.368,8.463,false,0,Henry Taylor,Cumulus WA Branch 2,Pacific,2025-07-01
LN-AP-000623,Fatima Adams,Auto Loan,16280.65,Digital,E-0234,BR-028,2024-12-22,2025-01-18,2025-01-18,Funded,Funded,30.5,783,0.163,8.665,true,0,Henry Taylor,Cumulus WA Branch 2,Pacific,2024-12-01
LN-AP-000624,Diego Garcia,30-Year Fixed Mortgage,667366.44,Digital,E-0211,BR-012,2026-05-21,2026-06-10,2026-06-10,Funded,Funded,23.6,744,0.449,7.905,true,0,Priya Young,Cumulus NC Branch 2,Southeast,2026-05-01
LN-AP-000625,Iris Phillips,30-Year Fixed Mortgage,583938.9,Loan Officer,E-0210,BR-019,2025-04-20,2025-05-20,2025-05-20,Funded,Funded,32.2,650,0.137,8.317,true,0,Luis Garcia,Cumulus CO Branch 1,Mountain West,2025-04-01
LN-AP-000626,Maya Chen,15-Year Fixed Mortgage,451334.32,Loan Officer,E-0232,BR-018,2025-07-07,2025-08-02,2025-08-02,Funded,Funded,29.9,759,0.455,6.364,true,0,Tom Hall,Cumulus MN Branch 2,Midwest,2025-07-01
LN-AP-000627,Carlos Vaughn,Auto Loan,40512.14,Digital,E-0234,BR-028,2025-01-31,2025-03-04,2025-03-04,Funded,Funded,35.4,644,0.511,7.951,true,0,Henry Taylor,Cumulus WA Branch 2,Pacific,2025-01-01
LN-AP-000628,Owen Thomas,15-Year Fixed Mortgage,470250.53,Digital,E-0228,BR-013,2026-04-11,2026-05-12,2026-05-12,Funded,Funded,33.8,822,0.23,7.549,true,0,Kenji Silva,Cumulus IL Branch 1,Midwest,2026-04-01
LN-AP-000629,Chloe Scott,30-Year Fixed Mortgage,486775.72,Digital,E-0233,BR-025,2025-02-27,2025-03-13,,Denied,Document Collection,,822,0.122,5.616,false,0,Jamal Adams,Cumulus CA Branch 1,Pacific,2025-02-01
LN-AP-000630,Owen Jackson,Auto Loan,18968.64,Branch,E-0211,BR-012,2025-12-14,2026-01-16,2026-01-16,Funded,Funded,36.8,718,0.484,8.519,true,0,Priya Young,Cumulus NC Branch 2,Southeast,2025-12-01
LN-AP-000631,Sara Miller,HELOC,78607.72,Branch,E-0209,BR-006,2025-05-07,2025-06-09,,Denied,Appraisal,,676,0.139,7.457,false,0,Yuki Stewart,Cumulus CT Branch 2,Northeast,2025-05-01
LN-AP-000632,Elena Collins,HELOC,128632.15,Branch,E-0218,BR-012,2026-03-22,2026-04-20,2026-04-20,Funded,Funded,32.1,653,0.278,8.292,true,0,Carlos Scott,Cumulus NC Branch 2,Southeast,2026-03-01
LN-AP-000633,Jamal Lopez,Refinance,395019.61,Digital,E-0233,BR-025,2025-09-19,,,In Progress,Application Submitted,,681,0.153,8.711,false,3,Jamal Adams,Cumulus CA Branch 1,Pacific,2025-09-01
LN-AP-000634,Chloe Vaughn,15-Year Fixed Mortgage,320622.04,Loan Officer,E-0207,BR-022,2026-05-10,2026-07-07,2026-07-07,Funded,Funded,61.4,676,0.355,6.258,true,0,Priya Davis,Cumulus UT Branch 2,Mountain West,2026-05-01
LN-AP-000635,Ben Bailey,HELOC,106403.51,Loan Officer,E-0227,BR-016,2024-11-23,,,Withdrawn,Document Collection,,744,0.267,8.488,false,0,Zara Young,Cumulus OH Branch 2,Midwest,2024-11-01
LN-AP-000636,Elena Ashford,30-Year Fixed Mortgage,558540.11,Digital,E-0213,BR-023,2026-08-07,,,In Progress,Funded,,580,0.456,6.408,false,4,Jamal Lewis,Cumulus AZ Branch 1,Mountain West,2026-08-01
LN-AP-000637,Julian Harris,HELOC,65771.61,Branch,E-0226,BR-010,2025-07-07,2025-08-12,2025-08-12,Funded,Funded,39.2,662,0.375,7.412,true,0,Andre Evans,Cumulus GA Branch 2,Southeast,2025-07-01
LN-AP-000638,Daniel Johnson,Auto Loan,43209.05,Digital,E-0214,BR-027,2025-03-20,2025-04-24,2025-04-24,Funded,Funded,39.5,633,0.25,8.699,true,0,Amara Clark,Cumulus WA Branch 1,Pacific,2025-03-01
LN-AP-000639,Naomi Green,30-Year Fixed Mortgage,374686.07,Loan Officer,E-0208,BR-027,2026-07-04,2026-08-07,2026-08-07,Funded,Funded,37.8,784,0.408,7.793,true,0,Yuki Campbell,Cumulus WA Branch 1,Pacific,2026-07-01
LN-AP-000640,Yuki Morris,Personal Loan,7167.3,Loan Officer,E-0221,BR-016,2025-09-06,2025-10-15,2025-10-15,Funded,Funded,43.5,720,0.516,8.374,true,0,Fatima Parker,Cumulus OH Branch 2,Midwest,2025-09-01
LN-AP-000641,Hannah Mitchell,HELOC,140432.1,Loan Officer,E-0217,BR-015,2024-11-09,2024-12-23,,Denied,Document Collection,,608,0.295,8.841,false,0,Amara Green,Cumulus OH Branch 1,Midwest,2024-11-01
LN-AP-000642,Henry Lewis,Auto Loan,25869.28,Branch,E-0208,BR-027,2026-03-03,2026-04-06,2026-04-06,Funded,Funded,38.0,608,0.188,6.913,true,0,Yuki Campbell,Cumulus WA Branch 1,Pacific,2026-03-01
LN-AP-000643,Priya Turner,HELOC,34617.18,Branch,E-0218,BR-012,2024-11-29,2024-12-25,2024-12-25,Funded,Funded,30.4,738,0.437,7.373,true,0,Carlos Scott,Cumulus NC Branch 2,Southeast,2024-11-01
LN-AP-000644,Carlos Lopez,30-Year Fixed Mortgage,304983.19,Loan Officer,E-0217,BR-015,2026-07-20,,,In Progress,Application Submitted,,660,0.476,5.31,false,5,Amara Green,Cumulus OH Branch 1,Midwest,2026-07-01
LN-AP-000645,Naomi Wilson,30-Year Fixed Mortgage,265198.24,Broker,E-0211,BR-012,2026-01-03,,,Withdrawn,Appraisal,,824,0.127,7.6,false,0,Priya Young,Cumulus NC Branch 2,Southeast,2026-01-01
LN-AP-000646,Ravi Wilson,15-Year Fixed Mortgage,335430.32,Broker,E-0223,BR-001,2025-03-09,2025-04-18,2025-04-18,Funded,Funded,43.6,788,0.367,8.353,true,0,Noah Adams,Cumulus NY Branch 1,Northeast,2025-03-01
LN-AP-000647,Carlos Stewart,Auto Loan,52390.47,Branch,E-0234,BR-028,2025-08-20,,,Withdrawn,Appraisal,,584,0.445,5.307,false,0,Henry Taylor,Cumulus WA Branch 2,Pacific,2025-08-01
LN-AP-000648,Layla Nguyen,15-Year Fixed Mortgage,269601.25,Broker,E-0216,BR-013,2025-06-02,2025-06-20,,Denied,Underwriting,,741,0.39,5.656,false,0,Daniel Morris,Cumulus IL Branch 1,Midwest,2025-06-01
LN-AP-000649,Rosa Lopez,Auto Loan,15064.98,Broker,E-0222,BR-026,2025-08-29,2025-09-29,2025-09-29,Funded,Funded,35.6,763,0.308,5.608,true,0,Rosa Carter,Cumulus CA Branch 2,Pacific,2025-08-01
LN-AP-000650,Nora Nguyen,Personal Loan,12926.49,Loan Officer,E-0231,BR-010,2026-03-18,2026-04-13,2026-04-13,Funded,Funded,30.2,652,0.24,5.399,true,0,Maya Edwards,Cumulus GA Branch 2,Southeast,2026-03-01
LN-AP-000651,Andre Thomas,15-Year Fixed Mortgage,381164.64,Loan Officer,E-0214,BR-027,2025-10-06,2025-11-27,2025-11-27,Funded,Funded,55.5,711,0.174,5.788,true,0,Amara Clark,Cumulus WA Branch 1,Pacific,2025-10-01
LN-AP-000652,Luis Bailey,Refinance,193522.1,Branch,E-0235,BR-008,2025-05-27,2025-07-05,2025-07-05,Funded,Funded,43.3,724,0.209,7.731,true,0,Ava Harris,Cumulus FL Branch 2,Southeast,2025-05-01
LN-AP-000653,Tom Ruiz,15-Year Fixed Mortgage,346829.86,Digital,E-0211,BR-012,2026-06-25,2026-07-20,2026-07-20,Funded,Funded,28.6,639,0.286,5.596,true,0,Priya Young,Cumulus NC Branch 2,Southeast,2026-06-01
LN-AP-000654,Mateo Garcia,Personal Loan,10836.51,Loan Officer,E-0228,BR-013,2026-05-29,2026-07-02,2026-07-02,Funded,Funded,36.5,732,0.428,6.471,true,0,Kenji Silva,Cumulus IL Branch 1,Midwest,2026-05-01
LN-AP-000655,Chloe Walker,Auto Loan,26373.64,Loan Officer,E-0228,BR-013,2025-07-17,2025-08-26,2025-08-26,Funded,Funded,45.1,826,0.205,7.553,true,0,Kenji Silva,Cumulus IL Branch 1,Midwest,2025-07-01
LN-AP-000656,Owen Young,Personal Loan,24709.86,Broker,E-0222,BR-026,2025-08-08,2025-09-09,2025-09-09,Funded,Funded,35.8,750,0.478,5.956,true,0,Rosa Carter,Cumulus CA Branch 2,Pacific,2025-08-01
LN-AP-000657,Maya Adams,Auto Loan,58509.28,Branch,E-0213,BR-023,2026-08-30,,,In Progress,Funded,,699,0.3,7.136,false,6,Jamal Lewis,Cumulus AZ Branch 1,Mountain West,2026-08-01
LN-AP-000658,Olivia Ashford,Auto Loan,40540.02,Broker,E-0231,BR-010,2025-02-26,2025-04-09,2025-04-09,Funded,Funded,43.9,796,0.484,7.612,true,0,Maya Edwards,Cumulus GA Branch 2,Southeast,2025-02-01
LN-AP-000659,Nora Carter,Auto Loan,19558.6,Digital,E-0230,BR-009,2025-11-15,2025-12-28,2025-12-28,Funded,Funded,45.7,721,0.505,6.113,true,0,Jamal Wright,Cumulus GA Branch 1,Southeast,2025-11-01
LN-AP-000660,Hannah Wright,30-Year Fixed Mortgage,189208.73,Digital,E-0234,BR-028,2024-10-01,,,Withdrawn,Conditional Approval,,668,0.269,6.665,false,0,Henry Taylor,Cumulus WA Branch 2,Pacific,2024-10-01
LN-AP-000661,Olivia Wright,15-Year Fixed Mortgage,999173.71,Branch,E-0206,BR-020,2025-10-07,2025-10-28,2025-10-28,Funded,Funded,24.1,659,0.486,8.765,true,0,Ben Taylor,Cumulus CO Branch 2,Mountain West,2025-10-01
LN-AP-000662,Grace Johnson,Auto Loan,27325.96,Loan Officer,E-0223,BR-001,2025-11-05,2025-12-05,2025-12-05,Funded,Funded,33.6,654,0.175,8.262,true,0,Noah Adams,Cumulus NY Branch 1,Northeast,2025-11-01
LN-AP-000663,Daniel King,Auto Loan,15668.16,Branch,E-0208,BR-027,2026-07-23,,,Withdrawn,Application Submitted,,729,0.28,6.344,false,0,Yuki Campbell,Cumulus WA Branch 1,Pacific,2026-07-01
LN-AP-000664,Rosa Baker,HELOC,51344.49,Digital,E-0235,BR-008,2025-01-05,2025-02-11,2025-02-11,Funded,Funded,40.9,657,0.275,8.733,true,0,Ava Harris,Cumulus FL Branch 2,Southeast,2025-01-01
LN-AP-000665,Henry Johnson,30-Year Fixed Mortgage,411748.94,Branch,E-0229,BR-025,2025-06-20,2025-07-27,2025-07-27,Funded,Funded,38.8,598,0.277,7.274,true,0,Marcus Wilson,Cumulus CA Branch 1,Pacific,2025-06-01
LN-AP-000666,Yuki Nelson,30-Year Fixed Mortgage,492861.66,Branch,E-0233,BR-025,2026-05-04,,,In Progress,Underwriting,,716,0.34,6.556,false,0,Jamal Adams,Cumulus CA Branch 1,Pacific,2026-05-01
LN-AP-000667,Jonathan Campbell,Auto Loan,29514.01,Digital,E-0209,BR-006,2026-04-02,2026-05-03,2026-05-03,Funded,Funded,34.3,826,0.516,7.172,true,0,Yuki Stewart,Cumulus CT Branch 2,Northeast,2026-04-01
LN-AP-000668,Noah Okafor,Personal Loan,11728.06,Loan Officer,E-0208,BR-027,2025-10-16,2025-11-08,,Denied,Appraisal,,804,0.244,7.167,false,0,Yuki Campbell,Cumulus WA Branch 1,Pacific,2025-10-01
LN-AP-000669,Maya Johnson,HELOC,174813.07,Loan Officer,E-0208,BR-027,2026-05-19,2026-06-20,,Denied,Document Collection,,581,0.297,5.491,false,0,Yuki Campbell,Cumulus WA Branch 1,Pacific,2026-05-01
LN-AP-000670,Lauren Hall,30-Year Fixed Mortgage,324960.5,Digital,E-0225,BR-021,2024-11-18,2024-12-19,2024-12-19,Funded,Funded,33.9,638,0.254,6.973,true,0,Henry Okafor,Cumulus UT Branch 1,Mountain West,2024-11-01
LN-AP-000671,Andre Carter,Auto Loan,51177.37,Loan Officer,E-0224,BR-027,2025-10-05,2025-11-21,2025-11-21,Funded,Funded,49.7,642,0.408,5.39,true,0,Priya Davis,Cumulus WA Branch 1,Pacific,2025-10-01
LN-AP-000672,Marcus Moore,30-Year Fixed Mortgage,314290.2,Loan Officer,E-0223,BR-001,2026-07-05,2026-08-10,2026-08-10,Funded,Funded,40.1,783,0.32,5.11,true,0,Noah Adams,Cumulus NY Branch 1,Northeast,2026-07-01
LN-AP-000673,Leo Campbell,30-Year Fixed Mortgage,606112.31,Digital,E-0225,BR-021,2025-11-20,2025-12-23,2025-12-23,Funded,Funded,36.7,685,0.232,5.756,true,0,Henry Okafor,Cumulus UT Branch 1,Mountain West,2025-11-01
LN-AP-000674,Lauren Walker,Auto Loan,55534.88,Broker,E-0231,BR-010,2026-01-24,2026-03-01,2026-03-01,Funded,Funded,38.9,633,0.38,6.451,true,0,Maya Edwards,Cumulus GA Branch 2,Southeast,2026-01-01
LN-AP-000675,Aisha Roberts,HELOC,49819.71,Digital,E-0220,BR-005,2025-03-27,2025-04-24,,Denied,Underwriting,,757,0.164,5.585,false,0,Luis Adams,Cumulus CT Branch 1,Northeast,2025-03-01
LN-AP-000676,Tom Edwards,15-Year Fixed Mortgage,147383.12,Broker,E-0230,BR-009,2025-11-15,2025-12-18,2025-12-18,Funded,Funded,37.0,601,0.426,5.55,true,0,Jamal Wright,Cumulus GA Branch 1,Southeast,2025-11-01
LN-AP-000677,Fatima Scott,Personal Loan,12926.21,Digital,E-0208,BR-027,2025-06-18,2025-07-12,2025-07-12,Funded,Funded,26.6,786,0.125,8.776,true,0,Yuki Campbell,Cumulus WA Branch 1,Pacific,2025-06-01
LN-AP-000678,Zara Thomas,Personal Loan,4910.42,Digital,E-0228,BR-013,2025-07-05,,,Abandoned,Conditional Approval,,785,0.442,6.014,false,0,Kenji Silva,Cumulus IL Branch 1,Midwest,2025-07-01
LN-AP-000679,Priya Parker,Auto Loan,28414.62,Loan Officer,E-0234,BR-028,2025-03-10,2025-04-07,2025-04-07,Funded,Funded,30.0,638,0.438,5.371,true,0,Henry Taylor,Cumulus WA Branch 2,Pacific,2025-03-01
LN-AP-000680,Hannah Mitchell,HELOC,111088.31,Loan Officer,E-0207,BR-022,2025-08-11,2025-09-16,2025-09-16,Funded,Funded,40.0,804,0.353,8.318,true,0,Priya Davis,Cumulus UT Branch 2,Mountain West,2025-08-01
LN-AP-000681,Noah Roberts,Auto Loan,38319.11,Loan Officer,E-0215,BR-011,2026-06-08,2026-07-29,2026-07-29,Funded,Funded,54.8,721,0.361,6.662,true,0,Henry Patel,Cumulus NC Branch 1,Southeast,2026-06-01
LN-AP-000682,Diego Bailey,30-Year Fixed Mortgage,950547.54,Loan Officer,E-0219,BR-025,2025-01-01,,,Withdrawn,Application Submitted,,678,0.216,8.367,false,0,Rosa Hall,Cumulus CA Branch 1,Pacific,2025-01-01
LN-AP-000683,Lauren Davis,Personal Loan,22271.59,Broker,E-0216,BR-013,2026-07-17,,,In Progress,Appraisal,,758,0.175,6.29,false,1,Daniel Morris,Cumulus IL Branch 1,Midwest,2026-07-01
LN-AP-000684,Hannah Adams,Auto Loan,26438.84,Branch,E-0225,BR-021,2025-08-27,2025-10-04,,Denied,Document Collection,,811,0.446,5.82,false,0,Henry Okafor,Cumulus UT Branch 1,Mountain West,2025-08-01
LN-AP-000685,Fatima Okafor,Personal Loan,9973.18,Branch,E-0210,BR-019,2024-11-20,2025-01-08,2025-01-08,Funded,Funded,52.1,603,0.456,7.203,true,0,Luis Garcia,Cumulus CO Branch 1,Mountain West,2024-11-01
LN-AP-000686,Sara Phillips,Auto Loan,57479.99,Digital,E-0219,BR-025,2026-05-24,2026-06-21,2026-06-21,Funded,Funded,31.4,696,0.285,7.173,true,0,Rosa Hall,Cumulus CA Branch 1,Pacific,2026-05-01
LN-AP-000687,Leo Taylor,15-Year Fixed Mortgage,574287.31,Digital,E-0215,BR-011,2025-11-22,,,In Progress,Application Submitted,,686,0.446,6.489,false,2,Henry Patel,Cumulus NC Branch 1,Southeast,2025-11-01
LN-AP-000688,Diego Collins,Refinance,628928.86,Digital,E-0220,BR-005,2025-09-30,,,Abandoned,Document Collection,,729,0.159,7.031,false,0,Luis Adams,Cumulus CT Branch 1,Northeast,2025-09-01
LN-AP-000689,Sofia Patel,30-Year Fixed Mortgage,360441.36,Digital,E-0212,BR-004,2025-06-03,,,In Progress,Conditional Approval,,815,0.486,5.591,false,6,Isabella Phillips,Cumulus MA Branch 2,Northeast,2025-06-01
LN-AP-000690,Andre Mitchell,Auto Loan,23203.67,Loan Officer,E-0221,BR-016,2024-12-01,2025-01-04,2025-01-04,Funded,Funded,38.7,701,0.207,5.796,true,0,Fatima Parker,Cumulus OH Branch 2,Midwest,2024-12-01
LN-AP-000691,Zara Anderson,HELOC,69297.05,Loan Officer,E-0209,BR-006,2026-02-06,2026-03-14,2026-03-14,Funded,Funded,39.7,561,0.233,8.861,true,0,Yuki Stewart,Cumulus CT Branch 2,Northeast,2026-02-01
LN-AP-000692,Priya Evans,30-Year Fixed Mortgage,600923.41,Digital,E-0216,BR-013,2025-01-30,,,Withdrawn,Application Submitted,,807,0.269,6.099,false,0,Daniel Morris,Cumulus IL Branch 1,Midwest,2025-01-01
LN-AP-000693,Victor Bailey,Personal Loan,18502.44,Digital,E-0225,BR-021,2025-05-28,2025-07-06,2025-07-06,Funded,Funded,41.9,749,0.342,8.498,true,0,Henry Okafor,Cumulus UT Branch 1,Mountain West,2025-05-01
LN-AP-000694,Layla King,HELOC,189371.94,Branch,E-0234,BR-028,2025-03-02,2025-04-09,2025-04-09,Funded,Funded,40.3,804,0.517,5.833,true,0,Henry Taylor,Cumulus WA Branch 2,Pacific,2025-03-01
LN-AP-000695,Victor Allen,30-Year Fixed Mortgage,213900.44,Branch,E-0231,BR-010,2026-02-25,2026-04-08,2026-04-08,Funded,Funded,44.3,746,0.364,8.73,true,0,Maya Edwards,Cumulus GA Branch 2,Southeast,2026-02-01
LN-AP-000696,Andre Hall,Personal Loan,6364.35,Digital,E-0207,BR-022,2026-03-08,,,In Progress,Appraisal,,740,0.249,6.924,false,4,Priya Davis,Cumulus UT Branch 2,Mountain West,2026-03-01
LN-AP-000697,Owen Martinez,Auto Loan,41475.48,Digital,E-0219,BR-025,2025-07-27,2025-08-29,2025-08-29,Funded,Funded,35.9,687,0.365,8.427,true,0,Rosa Hall,Cumulus CA Branch 1,Pacific,2025-07-01
LN-AP-000698,Noah Chen,Refinance,172029.88,Digital,E-0218,BR-012,2026-01-02,2026-02-10,2026-02-10,Funded,Funded,42.9,766,0.456,6.132,true,0,Carlos Scott,Cumulus NC Branch 2,Southeast,2026-01-01
LN-AP-000699,Ben Lopez,Refinance,576995.21,Loan Officer,E-0234,BR-028,2025-12-11,2026-01-12,2026-01-12,Funded,Funded,36.0,631,0.349,5.677,true,0,Henry Taylor,Cumulus WA Branch 2,Pacific,2025-12-01
LN-AP-000700,Lauren Johnson,30-Year Fixed Mortgage,159088.58,Loan Officer,E-0210,BR-019,2026-01-08,,,Withdrawn,Appraisal,,622,0.33,6.089,false,0,Luis Garcia,Cumulus CO Branch 1,Mountain West,2026-01-01
LN-AP-000701,Iris Clark,Auto Loan,20511.84,Branch,E-0235,BR-008,2025-07-20,2025-08-30,2025-08-30,Funded,Funded,44.8,814,0.15,5.532,true,0,Ava Harris,Cumulus FL Branch 2,Southeast,2025-07-01
LN-AP-000702,Diego Bailey,30-Year Fixed Mortgage,297965.23,Loan Officer,E-0233,BR-025,2025-12-29,2026-02-19,2026-02-19,Funded,Funded,55.7,696,0.302,6.407,true,0,Jamal Adams,Cumulus CA Branch 1,Pacific,2025-12-01
LN-AP-000703,Fatima Lewis,30-Year Fixed Mortgage,251621.31,Loan Officer,E-0228,BR-013,2025-05-14,2025-07-02,2025-07-02,Funded,Funded,52.1,713,0.265,7.183,true,0,Kenji Silva,Cumulus IL Branch 1,Midwest,2025-05-01
LN-AP-000704,Kenji Mitchell,HELOC,130193.57,Digital,E-0229,BR-025,2026-06-05,,,In Progress,Underwriting,,710,0.31,6.517,false,0,Marcus Wilson,Cumulus CA Branch 1,Pacific,2026-06-01
LN-AP-000705,Chloe White,30-Year Fixed Mortgage,252509.92,Digital,E-0232,BR-018,2024-10-01,2024-10-21,2024-10-21,Funded,Funded,23.7,681,0.371,7.356,true,0,Tom Hall,Cumulus MN Branch 2,Midwest,2024-10-01
LN-AP-000706,Lauren Green,Auto Loan,21191.75,Branch,E-0232,BR-018,2025-06-02,2025-07-10,2025-07-10,Funded,Funded,40.6,726,0.515,5.775,true,0,Tom Hall,Cumulus MN Branch 2,Midwest,2025-06-01
LN-AP-000707,Ravi Green,30-Year Fixed Mortgage,490852.56,Digital,E-0210,BR-019,2025-06-23,2025-07-15,,Denied,Appraisal,,664,0.449,8.318,false,0,Luis Garcia,Cumulus CO Branch 1,Mountain West,2025-06-01
LN-AP-000708,Ravi Okafor,30-Year Fixed Mortgage,165781.82,Digital,E-0227,BR-016,2025-03-26,2025-04-12,,Denied,Underwriting,,820,0.356,7.092,false,0,Zara Young,Cumulus OH Branch 2,Midwest,2025-03-01
LN-AP-000709,Julian Young,HELOC,72549.64,Loan Officer,E-0222,BR-026,2026-01-13,2026-03-02,2026-03-02,Funded,Funded,51.5,697,0.427,5.173,true,0,Rosa Carter,Cumulus CA Branch 2,Pacific,2026-01-01
LN-AP-000710,Henry Nguyen,Auto Loan,60423.35,Branch,E-0208,BR-027,2025-07-07,2025-08-25,2025-08-25,Funded,Funded,53.3,605,0.407,8.329,true,0,Yuki Campbell,Cumulus WA Branch 1,Pacific,2025-07-01
LN-AP-000711,Emma Morris,HELOC,41854.88,Digital,E-0207,BR-022,2025-06-10,2025-06-30,2025-06-30,Funded,Funded,22.5,827,0.159,7.014,true,0,Priya Davis,Cumulus UT Branch 2,Mountain West,2025-06-01
LN-AP-000712,Marcus Silva,Refinance,345785.98,Digital,E-0224,BR-027,2025-10-10,,,In Progress,Application Submitted,,767,0.229,7.951,false,4,Priya Davis,Cumulus WA Branch 1,Pacific,2025-10-01
LN-AP-000713,Luis Nguyen,Auto Loan,32511.43,Digital,E-0219,BR-025,2025-09-02,2025-09-24,,Denied,Appraisal,,725,0.333,8.872,false,0,Rosa Hall,Cumulus CA Branch 1,Pacific,2025-09-01
LN-AP-000714,Noah White,HELOC,35107.14,Broker,E-0216,BR-013,2025-01-10,2025-02-17,2025-02-17,Funded,Funded,41.6,638,0.519,7.418,true,0,Daniel Morris,Cumulus IL Branch 1,Midwest,2025-01-01
LN-AP-000715,Samuel Jackson,Auto Loan,22200.62,Digital,E-0235,BR-008,2025-01-20,2025-02-10,2025-02-10,Funded,Funded,25.2,763,0.149,5.265,true,0,Ava Harris,Cumulus FL Branch 2,Southeast,2025-01-01
LN-AP-000716,Owen Ashford,15-Year Fixed Mortgage,148315.58,Digital,E-0226,BR-010,2026-03-08,2026-04-28,2026-04-28,Funded,Funded,54.3,611,0.401,5.165,true,0,Andre Evans,Cumulus GA Branch 2,Southeast,2026-03-01
LN-AP-000717,Amara Thomas,Refinance,254016.93,Digital,E-0226,BR-010,2025-07-27,,,Abandoned,Conditional Approval,,646,0.334,7.792,false,0,Andre Evans,Cumulus GA Branch 2,Southeast,2025-07-01
LN-AP-000718,Yuki Brown,Auto Loan,96101.97,Digital,E-0215,BR-011,2025-06-15,2025-07-12,2025-07-12,Funded,Funded,30.8,691,0.475,5.265,true,0,Henry Patel,Cumulus NC Branch 1,Southeast,2025-06-01
LN-AP-000719,Ines Collins,Auto Loan,39686.83,Loan Officer,E-0235,BR-008,2026-02-21,,,Withdrawn,Document Collection,,624,0.437,5.122,false,0,Ava Harris,Cumulus FL Branch 2,Southeast,2026-02-01
LN-AP-000720,Wei Edwards,30-Year Fixed Mortgage,1020417.89,Branch,E-0232,BR-018,2026-08-06,2026-08-29,,Denied,Document Collection,,701,0.328,6.799,false,0,Tom Hall,Cumulus MN Branch 2,Midwest,2026-08-01
LN-AP-000721,Zara Davis,30-Year Fixed Mortgage,371488.55,Loan Officer,E-0208,BR-027,2024-10-12,2024-11-10,2024-11-10,Funded,Funded,32.5,600,0.243,6.891,true,0,Yuki Campbell,Cumulus WA Branch 1,Pacific,2024-10-01
LN-AP-000722,Nora Chen,Personal Loan,23615.13,Branch,E-0228,BR-013,2024-11-17,2024-12-22,2024-12-22,Funded,Funded,39.0,608,0.28,5.858,true,0,Kenji Silva,Cumulus IL Branch 1,Midwest,2024-11-01
LN-AP-000723,Derek Johnson,Refinance,588965.68,Branch,E-0210,BR-019,2025-05-09,2025-06-11,,Denied,Appraisal,,706,0.305,5.625,false,0,Luis Garcia,Cumulus CO Branch 1,Mountain West,2025-05-01
LN-AP-000724,Sara Lewis,Auto Loan,21940.62,Digital,E-0213,BR-023,2025-08-30,2025-09-24,2025-09-24,Funded,Funded,28.7,749,0.252,5.179,true,0,Jamal Lewis,Cumulus AZ Branch 1,Mountain West,2025-08-01
LN-AP-000725,Hannah Nelson,15-Year Fixed Mortgage,264427.54,Broker,E-0222,BR-026,2025-02-14,2025-03-08,2025-03-08,Funded,Funded,26.2,567,0.166,5.738,true,0,Rosa Carter,Cumulus CA Branch 2,Pacific,2025-02-01
LN-AP-000726,Derek Green,Personal Loan,36989.59,Branch,E-0209,BR-006,2025-12-26,,,Withdrawn,Underwriting,,628,0.374,6.717,false,0,Yuki Stewart,Cumulus CT Branch 2,Northeast,2025-12-01
LN-AP-000727,Marcus Garcia,HELOC,340000,Digital,E-0232,BR-018,2025-04-08,2025-05-08,2025-05-08,Funded,Funded,33.5,620,0.241,6.584,true,0,Tom Hall,Cumulus MN Branch 2,Midwest,2025-04-01
LN-AP-000728,Jonathan Patel,HELOC,47491.74,Branch,E-0223,BR-001,2025-08-03,2025-08-26,2025-08-26,Funded,Funded,28.2,705,0.197,5.453,true,0,Noah Adams,Cumulus NY Branch 1,Northeast,2025-08-01
LN-AP-000729,Ines Parker,HELOC,92278.91,Digital,E-0235,BR-008,2025-01-29,2025-03-01,2025-03-01,Funded,Funded,33.4,628,0.244,5.721,true,0,Ava Harris,Cumulus FL Branch 2,Southeast,2025-01-01
LN-AP-000730,Luis Scott,Refinance,522742.03,Broker,E-0218,BR-012,2026-04-24,2026-05-17,2026-05-17,Funded,Funded,26.9,591,0.256,8.755,true,0,Carlos Scott,Cumulus NC Branch 2,Southeast,2026-04-01
LN-AP-000731,Elena Vaughn,Auto Loan,63351.33,Digital,E-0219,BR-025,2026-02-11,2026-03-14,2026-03-14,Funded,Funded,34.4,568,0.274,6.267,true,0,Rosa Hall,Cumulus CA Branch 1,Pacific,2026-02-01
LN-AP-000732,Grace Taylor,Refinance,240696.34,Branch,E-0211,BR-012,2025-12-20,2026-01-21,2026-01-21,Funded,Funded,36.2,766,0.165,8.243,true,0,Priya Young,Cumulus NC Branch 2,Southeast,2025-12-01
LN-AP-000733,Sofia Martinez,30-Year Fixed Mortgage,152942.8,Digital,E-0234,BR-028,2025-04-15,2025-05-14,2025-05-14,Funded,Funded,33.1,714,0.266,7.451,true,0,Henry Taylor,Cumulus WA Branch 2,Pacific,2025-04-01
LN-AP-000734,Marcus Hall,Auto Loan,60442.85,Digital,E-0220,BR-005,2025-12-21,2026-01-13,2026-01-13,Funded,Funded,27.0,694,0.16,6.691,true,0,Luis Adams,Cumulus CT Branch 1,Northeast,2025-12-01
LN-AP-000735,Yuki Lopez,Auto Loan,10664.99,Loan Officer,E-0212,BR-004,2026-04-15,2026-05-08,2026-05-08,Funded,Funded,27.5,697,0.127,8.81,true,0,Isabella Phillips,Cumulus MA Branch 2,Northeast,2026-04-01
LN-AP-000736,Hannah Scott,30-Year Fixed Mortgage,384012.91,Digital,E-0224,BR-027,2025-02-26,2025-03-31,2025-03-31,Funded,Funded,36.2,643,0.12,7.697,true,0,Priya Davis,Cumulus WA Branch 1,Pacific,2025-02-01
LN-AP-000737,Naomi Nguyen,Personal Loan,19769.86,Branch,E-0220,BR-005,2025-09-18,2025-10-28,2025-10-28,Funded,Funded,41.8,681,0.2,7.145,true,0,Luis Adams,Cumulus CT Branch 1,Northeast,2025-09-01
LN-AP-000738,Iris Mitchell,Personal Loan,9603.57,Broker,E-0209,BR-006,2025-06-27,2025-08-14,2025-08-14,Funded,Funded,51.8,797,0.224,5.998,true,0,Yuki Stewart,Cumulus CT Branch 2,Northeast,2025-06-01
LN-AP-000739,Aisha Jackson,Auto Loan,53275.91,Branch,E-0207,BR-022,2025-06-24,2025-07-28,2025-07-28,Funded,Funded,37.0,590,0.507,6.811,true,0,Priya Davis,Cumulus UT Branch 2,Mountain West,2025-06-01
LN-AP-000740,Ravi Edwards,30-Year Fixed Mortgage,419620.66,Loan Officer,E-0222,BR-026,2025-12-14,2026-01-03,2026-01-03,Funded,Funded,22.8,602,0.483,6.845,true,0,Rosa Carter,Cumulus CA Branch 2,Pacific,2025-12-01
LN-AP-000741,Derek Morris,Auto Loan,64038.63,Loan Officer,E-0209,BR-006,2025-12-12,,,Withdrawn,Appraisal,,761,0.162,7.375,false,0,Yuki Stewart,Cumulus CT Branch 2,Northeast,2025-12-01
LN-AP-000742,Jonathan Nelson,Refinance,697521.88,Broker,E-0210,BR-019,2026-01-18,,,Withdrawn,Underwriting,,580,0.471,6.727,false,0,Luis Garcia,Cumulus CO Branch 1,Mountain West,2026-01-01
LN-AP-000743,Nina Brown,30-Year Fixed Mortgage,342969.0,Digital,E-0234,BR-028,2026-03-11,2026-04-15,2026-04-15,Funded,Funded,39.1,778,0.372,8.668,true,0,Henry Taylor,Cumulus WA Branch 2,Pacific,2026-03-01
LN-AP-000744,Mateo Taylor,30-Year Fixed Mortgage,193497.49,Loan Officer,E-0225,BR-021,2025-03-03,2025-04-08,2025-04-08,Funded,Funded,40.1,786,0.331,6.066,true,0,Henry Okafor,Cumulus UT Branch 1,Mountain West,2025-03-01
LN-AP-000745,Tom Green,30-Year Fixed Mortgage,735017.08,Digital,E-0233,BR-025,2024-10-16,,,Abandoned,Application Submitted,,800,0.278,6.101,false,0,Jamal Adams,Cumulus CA Branch 1,Pacific,2024-10-01
LN-AP-000746,Henry Moore,HELOC,67051.96,Loan Officer,E-0208,BR-027,2026-03-16,2026-04-16,2026-04-16,Funded,Funded,34.7,696,0.126,6.664,true,0,Yuki Campbell,Cumulus WA Branch 1,Pacific,2026-03-01
LN-AP-000747,Yuki Stewart,30-Year Fixed Mortgage,209433.38,Loan Officer,E-0206,BR-020,2025-12-04,2026-01-12,2026-01-12,Funded,Funded,41.2,712,0.331,6.701,true,0,Ben Taylor,Cumulus CO Branch 2,Mountain West,2025-12-01
LN-AP-000748,Kenji Morris,Auto Loan,20503.83,Digital,E-0206,BR-020,2026-03-10,2026-04-13,2026-04-13,Funded,Funded,38.9,828,0.144,8.145,true,0,Ben Taylor,Cumulus CO Branch 2,Mountain West,2026-03-01
LN-AP-000749,Priya Chen,Personal Loan,15908.87,Digital,E-0235,BR-008,2026-06-27,2026-08-02,2026-08-02,Funded,Funded,39.8,782,0.141,6.214,true,0,Ava Harris,Cumulus FL Branch 2,Southeast,2026-06-01
LN-AP-000750,Hannah Allen,Auto Loan,55748.02,Branch,E-0235,BR-008,2026-06-24,2026-08-17,2026-08-17,Funded,Funded,57.6,797,0.348,8.681,true,0,Ava Harris,Cumulus FL Branch 2,Southeast,2026-06-01
LN-AP-000751,Luis Davis,Personal Loan,12631.29,Digital,E-0212,BR-004,2025-06-26,2025-08-07,2025-08-07,Funded,Funded,44.6,718,0.433,7.536,true,0,Isabella Phillips,Cumulus MA Branch 2,Northeast,2025-06-01
LN-AP-000752,Amara Campbell,15-Year Fixed Mortgage,674556.86,Loan Officer,E-0234,BR-028,2024-12-19,,,Withdrawn,Underwriting,,601,0.154,5.816,false,0,Henry Taylor,Cumulus WA Branch 2,Pacific,2024-12-01
LN-AP-000753,Priya Turner,30-Year Fixed Mortgage,348019.6,Digital,E-0233,BR-025,2025-04-04,2025-04-25,2025-04-25,Funded,Funded,25.7,807,0.31,5.856,true,0,Jamal Adams,Cumulus CA Branch 1,Pacific,2025-04-01
LN-AP-000754,Sofia Mitchell,HELOC,56314.78,Digital,E-0227,BR-016,2025-03-12,,,Abandoned,Application Submitted,,711,0.499,6.097,false,0,Zara Young,Cumulus OH Branch 2,Midwest,2025-03-01
LN-AP-000755,Ravi Adams,30-Year Fixed Mortgage,644541.28,Broker,E-0216,BR-013,2025-07-24,2025-08-11,,Denied,Conditional Approval,,709,0.283,6.113,false,0,Daniel Morris,Cumulus IL Branch 1,Midwest,2025-07-01
LN-AP-000756,Ines Taylor,HELOC,111983.35,Digital,E-0210,BR-019,2025-07-03,,,Abandoned,Application Submitted,,690,0.494,7.114,false,0,Luis Garcia,Cumulus CO Branch 1,Mountain West,2025-07-01
LN-AP-000757,Ethan Collins,Auto Loan,61906.47,Loan Officer,E-0212,BR-004,2025-07-30,2025-08-28,2025-08-28,Funded,Funded,32.0,642,0.272,6.823,true,0,Isabella Phillips,Cumulus MA Branch 2,Northeast,2025-07-01
LN-AP-000758,Ben Harris,Refinance,250984.04,Branch,E-0228,BR-013,2025-07-31,2025-08-29,2025-08-29,Funded,Funded,32.2,710,0.36,8.886,true,0,Kenji Silva,Cumulus IL Branch 1,Midwest,2025-07-01
LN-AP-000759,Emma Adams,Auto Loan,84741.1,Loan Officer,E-0218,BR-012,2026-04-11,2026-05-08,2026-05-08,Funded,Funded,29.7,790,0.138,8.625,true,0,Carlos Scott,Cumulus NC Branch 2,Southeast,2026-04-01
LN-AP-000760,Felix Wright,HELOC,56183.24,Branch,E-0227,BR-016,2026-03-11,2026-04-28,2026-04-28,Funded,Funded,51.0,723,0.229,7.611,true,0,Zara Young,Cumulus OH Branch 2,Midwest,2026-03-01
LN-AP-000761,Henry Mitchell,30-Year Fixed Mortgage,429335.81,Loan Officer,E-0230,BR-009,2025-06-30,2025-07-24,2025-07-24,Funded,Funded,27.6,746,0.301,5.177,true,0,Jamal Wright,Cumulus GA Branch 1,Southeast,2025-06-01
LN-AP-000762,Olivia Edwards,Refinance,332573.3,Loan Officer,E-0215,BR-011,2024-11-30,2024-12-15,2024-12-15,Funded,Funded,18.4,738,0.417,7.765,true,0,Henry Patel,Cumulus NC Branch 1,Southeast,2024-11-01
LN-AP-000763,Amara White,Auto Loan,22118.57,Digital,E-0219,BR-025,2026-06-07,2026-07-15,,Denied,Appraisal,,724,0.268,7.653,false,0,Rosa Hall,Cumulus CA Branch 1,Pacific,2026-06-01
LN-AP-000764,Fatima Scott,Refinance,639669.13,Branch,E-0214,BR-027,2026-05-23,2026-07-10,2026-07-10,Funded,Funded,51.6,680,0.127,5.38,true,0,Amara Clark,Cumulus WA Branch 1,Pacific,2026-05-01
LN-AP-000765,Sofia Baker,Auto Loan,21031.36,Branch,E-0235,BR-008,2026-04-11,2026-05-08,2026-05-08,Funded,Funded,30.7,594,0.206,8.477,true,0,Ava Harris,Cumulus FL Branch 2,Southeast,2026-04-01
LN-AP-000766,Wei Campbell,HELOC,38327.05,Loan Officer,E-0206,BR-020,2025-10-11,2025-11-07,,Denied,Appraisal,,631,0.511,6.397,false,0,Ben Taylor,Cumulus CO Branch 2,Mountain West,2025-10-01
LN-AP-000767,Henry Okafor,Refinance,489996.64,Digital,E-0231,BR-010,2026-05-06,2026-06-05,2026-06-05,Funded,Funded,33.0,775,0.406,7.936,true,0,Maya Edwards,Cumulus GA Branch 2,Southeast,2026-05-01
LN-AP-000768,Naomi Moore,30-Year Fixed Mortgage,293724.12,Digital,E-0216,BR-013,2025-06-12,,,In Progress,Conditional Approval,,690,0.317,6.876,false,3,Daniel Morris,Cumulus IL Branch 1,Midwest,2025-06-01
LN-AP-000769,Victor Wilson,Auto Loan,24915.72,Branch,E-0208,BR-027,2025-05-10,2025-06-10,2025-06-10,Funded,Funded,33.5,685,0.165,7.963,true,0,Yuki Campbell,Cumulus WA Branch 1,Pacific,2025-05-01
LN-AP-000770,Ethan Jackson,HELOC,75115.16,Loan Officer,E-0231,BR-010,2026-02-12,2026-03-16,2026-03-16,Funded,Funded,35.1,593,0.153,5.588,true,0,Maya Edwards,Cumulus GA Branch 2,Southeast,2026-02-01
LN-AP-000771,Ava Parker,Personal Loan,10710.88,Branch,E-0220,BR-005,2025-11-06,2025-11-26,,Denied,Appraisal,,773,0.261,8.805,false,0,Luis Adams,Cumulus CT Branch 1,Northeast,2025-11-01
LN-AP-000772,Ava Harris,Personal Loan,20126.98,Digital,E-0212,BR-004,2025-04-20,,,In Progress,Underwriting,,729,0.499,8.7,false,5,Isabella Phillips,Cumulus MA Branch 2,Northeast,2025-04-01
LN-AP-000773,Wei Harris,Auto Loan,33449.48,Digital,E-0206,BR-020,2025-06-11,2025-07-04,2025-07-04,Funded,Funded,26.6,758,0.259,7.0,true,0,Ben Taylor,Cumulus CO Branch 2,Mountain West,2025-06-01
LN-AP-000774,Maya Roberts,HELOC,75015.83,Digital,E-0210,BR-019,2025-12-14,2026-01-16,2026-01-16,Funded,Funded,35.1,756,0.386,8.043,true,0,Luis Garcia,Cumulus CO Branch 1,Mountain West,2025-12-01
LN-AP-000775,Samuel Harris,HELOC,35657.93,Loan Officer,E-0206,BR-020,2026-04-09,2026-05-01,2026-05-01,Funded,Funded,25.8,694,0.51,6.784,true,0,Ben Taylor,Cumulus CO Branch 2,Mountain West,2026-04-01
LN-AP-000776,Zara Taylor,30-Year Fixed Mortgage,863084.19,Digital,E-0232,BR-018,2026-04-08,2026-05-12,2026-05-12,Funded,Funded,37.4,670,0.415,8.73,true,0,Tom Hall,Cumulus MN Branch 2,Midwest,2026-04-01
LN-AP-000777,Lauren Wilson,30-Year Fixed Mortgage,690286.7,Digital,E-0232,BR-018,2025-03-04,2025-04-02,2025-04-02,Funded,Funded,33.0,762,0.36,5.132,true,0,Tom Hall,Cumulus MN Branch 2,Midwest,2025-03-01
LN-AP-000778,Naomi Clark,30-Year Fixed Mortgage,276111.86,Digital,E-0233,BR-025,2025-08-03,2025-08-20,2025-08-20,Funded,Funded,19.7,768,0.284,6.942,true,0,Jamal Adams,Cumulus CA Branch 1,Pacific,2025-08-01
LN-AP-000779,Grace Lewis,Personal Loan,25731.04,Digital,E-0213,BR-023,2024-10-28,2024-12-05,2024-12-05,Funded,Funded,41.4,720,0.435,5.9,true,0,Jamal Lewis,Cumulus AZ Branch 1,Mountain West,2024-10-01
LN-AP-000780,Ava Adams,Personal Loan,14618.67,Branch,E-0211,BR-012,2025-08-21,,,In Progress,Conditional Approval,,676,0.239,6.867,false,3,Priya Young,Cumulus NC Branch 2,Southeast,2025-08-01
LN-AP-000781,Layla Anderson,Auto Loan,26922.54,Digital,E-0221,BR-016,2026-06-05,2026-07-09,2026-07-09,Funded,Funded,36.5,670,0.42,5.117,true,0,Fatima Parker,Cumulus OH Branch 2,Midwest,2026-06-01
LN-AP-000782,Wei Garcia,HELOC,107376.98,Digital,E-0219,BR-025,2025-02-12,2025-03-11,2025-03-11,Funded,Funded,31.5,744,0.189,5.591,true,0,Rosa Hall,Cumulus CA Branch 1,Pacific,2025-02-01
LN-AP-000783,Elena Turner,15-Year Fixed Mortgage,314526.37,Branch,E-0235,BR-008,2025-08-15,2025-09-20,2025-09-20,Funded,Funded,39.3,714,0.476,8.655,true,0,Ava Harris,Cumulus FL Branch 2,Southeast,2025-08-01
LN-AP-000784,Kenji Walker,30-Year Fixed Mortgage,690805.47,Digital,E-0213,BR-023,2026-02-01,,,Abandoned,Underwriting,,567,0.252,8.641,false,0,Jamal Lewis,Cumulus AZ Branch 1,Mountain West,2026-02-01
LN-AP-000785,Fatima Thomas,Auto Loan,45394.12,Loan Officer,E-0207,BR-022,2026-01-25,2026-02-18,2026-02-18,Funded,Funded,27.4,768,0.194,8.296,true,0,Priya Davis,Cumulus UT Branch 2,Mountain West,2026-01-01
LN-AP-000786,Maya King,Refinance,615150.97,Digital,E-0214,BR-027,2025-07-11,2025-08-04,2025-08-04,Funded,Funded,28.2,677,0.504,8.555,true,0,Amara Clark,Cumulus WA Branch 1,Pacific,2025-07-01
LN-AP-000787,Henry Patel,Refinance,263958.17,Branch,E-0222,BR-026,2025-01-02,2025-01-02,,Denied,Application Submitted,,685,0.321,6.881,false,0,Rosa Carter,Cumulus CA Branch 2,Pacific,2025-01-01
LN-AP-000788,Layla Nelson,30-Year Fixed Mortgage,221450.07,Branch,E-0209,BR-006,2025-01-04,2025-01-22,2025-01-22,Funded,Funded,22.6,741,0.473,7.261,true,0,Yuki Stewart,Cumulus CT Branch 2,Northeast,2025-01-01
LN-AP-000789,Carlos Nelson,Auto Loan,113305.28,Loan Officer,E-0214,BR-027,2026-05-29,2026-07-02,2026-07-02,Funded,Funded,38.4,655,0.249,5.655,true,0,Amara Clark,Cumulus WA Branch 1,Pacific,2026-05-01
LN-AP-000790,Aisha Roberts,15-Year Fixed Mortgage,347183.82,Digital,E-0234,BR-028,2025-10-05,2025-11-13,2025-11-13,Funded,Funded,43.0,685,0.315,6.618,true,0,Henry Taylor,Cumulus WA Branch 2,Pacific,2025-10-01
LN-AP-000791,Aisha Mitchell,30-Year Fixed Mortgage,179753.12,Branch,E-0230,BR-009,2025-07-22,,,Withdrawn,Application Submitted,,815,0.504,5.688,false,0,Jamal Wright,Cumulus GA Branch 1,Southeast,2025-07-01
LN-AP-000792,Andre White,HELOC,117992.37,Broker,E-0228,BR-013,2026-01-07,,,Withdrawn,Conditional Approval,,748,0.473,6.827,false,0,Kenji Silva,Cumulus IL Branch 1,Midwest,2026-01-01
LN-AP-000793,Noah Allen,Personal Loan,37968.96,Loan Officer,E-0213,BR-023,2025-01-31,2025-02-24,2025-02-24,Funded,Funded,28.0,650,0.334,5.3,true,0,Jamal Lewis,Cumulus AZ Branch 1,Mountain West,2025-01-01
LN-AP-000794,Fatima Scott,Auto Loan,91495.35,Digital,E-0213,BR-023,2025-07-20,2025-09-10,2025-09-10,Funded,Funded,55.9,803,0.391,8.887,true,0,Jamal Lewis,Cumulus AZ Branch 1,Mountain West,2025-07-01
LN-AP-000795,Jonathan Taylor,Refinance,347955.42,Loan Officer,E-0208,BR-027,2025-07-05,2025-08-21,2025-08-21,Funded,Funded,50.4,790,0.168,7.26,true,0,Yuki Campbell,Cumulus WA Branch 1,Pacific,2025-07-01
LN-AP-000796,Diego Turner,30-Year Fixed Mortgage,980174.7,Branch,E-0208,BR-027,2025-01-26,2025-02-28,2025-02-28,Funded,Funded,37.1,569,0.429,6.033,true,0,Yuki Campbell,Cumulus WA Branch 1,Pacific,2025-01-01
LN-AP-000797,Mei Baker,30-Year Fixed Mortgage,475445.56,Branch,E-0210,BR-019,2025-08-23,,,Withdrawn,Document Collection,,635,0.319,6.89,false,0,Luis Garcia,Cumulus CO Branch 1,Mountain West,2025-08-01
LN-AP-000798,Nora Morris,Auto Loan,46348.94,Branch,E-0234,BR-028,2025-01-04,2025-02-02,2025-02-02,Funded,Funded,33.4,631,0.287,6.596,true,0,Henry Taylor,Cumulus WA Branch 2,Pacific,2025-01-01
LN-AP-000799,Diego King,15-Year Fixed Mortgage,552972.78,Loan Officer,E-0208,BR-027,2025-04-27,2025-06-02,2025-06-02,Funded,Funded,38.6,725,0.334,8.458,true,0,Yuki Campbell,Cumulus WA Branch 1,Pacific,2025-04-01
LN-AP-000800,Sofia Edwards,30-Year Fixed Mortgage,445615.75,Digital,E-0206,BR-020,2026-07-10,2026-08-04,2026-08-04,Funded,Funded,28.4,825,0.279,6.332,true,0,Ben Taylor,Cumulus CO Branch 2,Mountain West,2026-07-01
LN-AP-000801,Nina White,30-Year Fixed Mortgage,331405.74,Loan Officer,E-0234,BR-028,2026-04-03,2026-05-10,2026-05-10,Funded,Funded,39.7,690,0.376,8.615,true,0,Henry Taylor,Cumulus WA Branch 2,Pacific,2026-04-01
LN-AP-000802,Ava Young,15-Year Fixed Mortgage,355110.68,Digital,E-0207,BR-022,2025-08-27,2025-09-24,2025-09-24,Funded,Funded,30.9,826,0.385,8.309,true,0,Priya Davis,Cumulus UT Branch 2,Mountain West,2025-08-01
LN-AP-000803,Grace Brown,HELOC,250760.32,Broker,E-0206,BR-020,2025-04-21,2025-05-09,2025-05-09,Funded,Funded,21.2,762,0.217,5.545,true,0,Ben Taylor,Cumulus CO Branch 2,Mountain West,2025-04-01
LN-AP-000804,Zara Green,HELOC,139044.69,Branch,E-0206,BR-020,2025-06-04,2025-08-22,2025-08-22,Funded,Funded,81.1,612,0.499,7.235,true,0,Ben Taylor,Cumulus CO Branch 2,Mountain West,2025-06-01
LN-AP-000805,Ines Carter,Personal Loan,33016.33,Branch,E-0224,BR-027,2024-12-18,2025-01-25,2025-01-25,Funded,Funded,40.4,647,0.285,6.664,true,0,Priya Davis,Cumulus WA Branch 1,Pacific,2024-12-01
LN-AP-000806,Iris Brown,30-Year Fixed Mortgage,257983.59,Loan Officer,E-0234,BR-028,2025-02-25,,,In Progress,Conditional Approval,,692,0.405,7.342,false,0,Henry Taylor,Cumulus WA Branch 2,Pacific,2025-02-01
LN-AP-000807,Ava Martinez,30-Year Fixed Mortgage,431652.27,Loan Officer,E-0211,BR-012,2025-02-01,2025-02-25,2025-02-25,Funded,Funded,27.2,794,0.484,5.539,true,0,Priya Young,Cumulus NC Branch 2,Southeast,2025-02-01
LN-AP-000808,Samuel Carter,15-Year Fixed Mortgage,296649.83,Broker,E-0216,BR-013,2025-02-17,2025-03-10,,Denied,Document Collection,,628,0.159,6.912,false,0,Daniel Morris,Cumulus IL Branch 1,Midwest,2025-02-01
LN-AP-000809,Julian Nguyen,Auto Loan,13506.86,Digital,E-0234,BR-028,2025-12-15,2026-01-21,2026-01-21,Funded,Funded,41.5,704,0.335,6.271,true,0,Henry Taylor,Cumulus WA Branch 2,Pacific,2025-12-01
LN-AP-000810,Aisha Okafor,Auto Loan,44733.16,Digital,E-0235,BR-008,2025-08-14,2025-09-30,2025-09-30,Funded,Funded,51.3,561,0.18,7.303,true,0,Ava Harris,Cumulus FL Branch 2,Southeast,2025-08-01
LN-AP-000811,Isabella Phillips,30-Year Fixed Mortgage,418879.71,Loan Officer,E-0223,BR-001,2026-07-20,,,In Progress,Funded,,805,0.384,8.247,false,1,Noah Adams,Cumulus NY Branch 1,Northeast,2026-07-01
LN-AP-000812,Fatima Roberts,30-Year Fixed Mortgage,256329.82,Loan Officer,E-0220,BR-005,2026-01-25,2026-02-12,2026-02-12,Funded,Funded,22.6,756,0.454,5.405,true,0,Luis Adams,Cumulus CT Branch 1,Northeast,2026-01-01
LN-AP-000813,Lauren Garcia,30-Year Fixed Mortgage,371354.69,Digital,E-0215,BR-011,2025-02-24,2025-03-28,2025-03-28,Funded,Funded,35.6,820,0.434,7.153,true,0,Henry Patel,Cumulus NC Branch 1,Southeast,2025-02-01
LN-AP-000814,Ava White,15-Year Fixed Mortgage,313419.71,Broker,E-0218,BR-012,2025-04-01,2025-04-21,2025-04-21,Funded,Funded,23.8,691,0.173,6.878,true,0,Carlos Scott,Cumulus NC Branch 2,Southeast,2025-04-01
LN-AP-000815,Luis Young,HELOC,40468.11,Branch,E-0212,BR-004,2025-05-13,2025-06-20,2025-06-20,Funded,Funded,40.8,563,0.463,8.487,true,0,Isabella Phillips,Cumulus MA Branch 2,Northeast,2025-05-01
LN-AP-000816,Ethan Stewart,Auto Loan,18680.39,Digital,E-0229,BR-025,2025-03-30,2025-04-16,,Denied,Document Collection,,597,0.223,6.358,false,0,Marcus Wilson,Cumulus CA Branch 1,Pacific,2025-03-01
LN-AP-000817,Derek Miller,30-Year Fixed Mortgage,1037114.94,Digital,E-0207,BR-022,2025-10-16,,,In Progress,Appraisal,,745,0.315,8.024,false,2,Priya Davis,Cumulus UT Branch 2,Mountain West,2025-10-01
LN-AP-000818,Yuki Parker,HELOC,244681.76,Loan Officer,E-0230,BR-009,2026-05-25,2026-05-25,,Denied,Application Submitted,,581,0.51,8.612,false,0,Jamal Wright,Cumulus GA Branch 1,Southeast,2026-05-01
LN-AP-000819,Ben Evans,Auto Loan,61171.01,Loan Officer,E-0217,BR-015,2026-08-22,,,In Progress,Conditional Approval,,821,0.314,5.423,false,1,Amara Green,Cumulus OH Branch 1,Midwest,2026-08-01
LN-AP-000820,Wei Anderson,30-Year Fixed Mortgage,890319.53,Loan Officer,E-0231,BR-010,2025-10-02,2025-10-21,,Denied,Appraisal,,782,0.203,6.012,false,0,Maya Edwards,Cumulus GA Branch 2,Southeast,2025-10-01
LN-AP-000821,Ethan Martinez,Personal Loan,13556.25,Loan Officer,E-0220,BR-005,2025-06-14,2025-07-31,2025-07-31,Funded,Funded,51.4,788,0.464,6.964,true,0,Luis Adams,Cumulus CT Branch 1,Northeast,2025-06-01
LN-AP-000822,Zara Roberts,30-Year Fixed Mortgage,535440.77,Broker,E-0212,BR-004,2026-07-19,,,In Progress,Conditional Approval,,732,0.259,6.271,false,2,Isabella Phillips,Cumulus MA Branch 2,Northeast,2026-07-01
LN-AP-000823,Nina Miller,30-Year Fixed Mortgage,151491.11,Broker,E-0226,BR-010,2025-04-06,2025-05-08,2025-05-08,Funded,Funded,34.8,800,0.32,7.155,true,0,Andre Evans,Cumulus GA Branch 2,Southeast,2025-04-01
LN-AP-000824,Owen Stewart,Refinance,371684.35,Digital,E-0210,BR-019,2025-12-26,2026-01-21,2026-01-21,Funded,Funded,29.7,792,0.486,7.432,true,0,Luis Garcia,Cumulus CO Branch 1,Mountain West,2025-12-01
LN-AP-000825,Chloe Clark,30-Year Fixed Mortgage,528523.62,Digital,E-0212,BR-004,2025-12-21,2026-01-11,2026-01-11,Funded,Funded,23.7,628,0.44,6.152,true,0,Isabella Phillips,Cumulus MA Branch 2,Northeast,2025-12-01
LN-AP-000826,Fatima Ashford,Personal Loan,8182.74,Digital,E-0232,BR-018,2025-07-12,2025-08-04,,Denied,Conditional Approval,,649,0.409,8.581,false,0,Tom Hall,Cumulus MN Branch 2,Midwest,2025-07-01
LN-AP-000827,Kenji Roberts,Refinance,427104.3,Loan Officer,E-0220,BR-005,2026-03-13,2026-04-25,2026-04-25,Funded,Funded,45.4,650,0.272,5.174,true,0,Luis Adams,Cumulus CT Branch 1,Northeast,2026-03-01
LN-AP-000828,Jonathan Clark,HELOC,73036.7,Loan Officer,E-0211,BR-012,2025-11-08,2025-12-09,2025-12-09,Funded,Funded,33.4,737,0.443,7.882,true,0,Priya Young,Cumulus NC Branch 2,Southeast,2025-11-01
LN-AP-000829,Sara Bailey,Auto Loan,37886.46,Digital,E-0211,BR-012,2026-08-29,,,In Progress,Funded,,713,0.49,8.541,false,5,Priya Young,Cumulus NC Branch 2,Southeast,2026-08-01
LN-AP-000830,Nina Wright,Personal Loan,6178.88,Branch,E-0224,BR-027,2026-04-14,2026-05-24,2026-05-24,Funded,Funded,43.3,642,0.371,8.619,true,0,Priya Davis,Cumulus WA Branch 1,Pacific,2026-04-01
LN-AP-000831,Layla Anderson,30-Year Fixed Mortgage,280331.07,Broker,E-0235,BR-008,2025-07-07,2025-08-22,2025-08-22,Funded,Funded,50.0,760,0.218,7.842,true,0,Ava Harris,Cumulus FL Branch 2,Southeast,2025-07-01
LN-AP-000832,Ethan White,Refinance,662433.85,Digital,E-0235,BR-008,2026-02-13,2026-03-24,2026-03-24,Funded,Funded,42.4,732,0.123,8.024,true,0,Ava Harris,Cumulus FL Branch 2,Southeast,2026-02-01
LN-AP-000833,Jamal Scott,30-Year Fixed Mortgage,482939.82,Loan Officer,E-0228,BR-013,2025-12-15,2026-01-26,2026-01-26,Funded,Funded,46.6,572,0.504,5.678,true,0,Kenji Silva,Cumulus IL Branch 1,Midwest,2025-12-01
LN-AP-000834,Luis Stewart,30-Year Fixed Mortgage,258108.42,Digital,E-0211,BR-012,2025-04-02,,,Withdrawn,Appraisal,,796,0.407,8.493,false,0,Priya Young,Cumulus NC Branch 2,Southeast,2025-04-01
LN-AP-000835,Daniel Patel,Personal Loan,12378.74,Digital,E-0214,BR-027,2026-03-24,2026-04-25,2026-04-25,Funded,Funded,34.6,669,0.393,5.536,true,0,Amara Clark,Cumulus WA Branch 1,Pacific,2026-03-01
LN-AP-000836,Fatima White,Personal Loan,5994.64,Digital,E-0210,BR-019,2025-07-16,2025-08-31,,Denied,Conditional Approval,,658,0.268,5.419,false,0,Luis Garcia,Cumulus CO Branch 1,Mountain West,2025-07-01
LN-AP-000837,Felix Lopez,HELOC,141488.33,Digital,E-0230,BR-009,2025-04-06,2025-05-06,,Denied,Conditional Approval,,604,0.299,7.474,false,0,Jamal Wright,Cumulus GA Branch 1,Southeast,2025-04-01
LN-AP-000838,Chloe Ashford,Refinance,225517.08,Digital,E-0233,BR-025,2026-04-09,2026-05-08,2026-05-08,Funded,Funded,32.6,669,0.137,6.969,true,0,Jamal Adams,Cumulus CA Branch 1,Pacific,2026-04-01
LN-AP-000839,Iris Hall,30-Year Fixed Mortgage,677825.24,Branch,E-0217,BR-015,2025-06-30,,,Withdrawn,Appraisal,,612,0.5,8.382,false,0,Amara Green,Cumulus OH Branch 1,Midwest,2025-06-01
LN-AP-000840,Wei Okafor,Personal Loan,13861.91,Digital,E-0213,BR-023,2025-09-07,2025-10-21,2025-10-21,Funded,Funded,47.0,816,0.198,7.686,true,0,Jamal Lewis,Cumulus AZ Branch 1,Mountain West,2025-09-01
LN-AP-000841,Nina Harris,Auto Loan,52758.06,Broker,E-0217,BR-015,2026-04-28,2026-06-24,2026-06-24,Funded,Funded,59.5,719,0.514,5.834,true,0,Amara Green,Cumulus OH Branch 1,Midwest,2026-04-01
LN-AP-000842,Derek Patel,Auto Loan,34390.67,Digital,E-0212,BR-004,2025-09-09,2025-10-13,2025-10-13,Funded,Funded,36.5,575,0.147,6.964,true,0,Isabella Phillips,Cumulus MA Branch 2,Northeast,2025-09-01
LN-AP-000843,Felix Ruiz,HELOC,35075.93,Branch,E-0231,BR-010,2025-06-05,,,Withdrawn,Underwriting,,643,0.326,5.637,false,0,Maya Edwards,Cumulus GA Branch 2,Southeast,2025-06-01
LN-AP-000844,Ines Moore,Personal Loan,16288.05,Digital,E-0235,BR-008,2024-12-11,2025-01-14,,Denied,Appraisal,,573,0.299,8.476,false,0,Ava Harris,Cumulus FL Branch 2,Southeast,2024-12-01
LN-AP-000845,Elena Green,HELOC,56096.3,Branch,E-0232,BR-018,2024-10-02,2024-10-25,2024-10-25,Funded,Funded,27.0,772,0.419,8.297,true,0,Tom Hall,Cumulus MN Branch 2,Midwest,2024-10-01
LN-AP-000846,Jonathan Turner,HELOC,70274.44,Digital,E-0225,BR-021,2024-10-05,2024-10-30,2024-10-30,Funded,Funded,28.9,663,0.229,7.575,true,0,Henry Okafor,Cumulus UT Branch 1,Mountain West,2024-10-01
LN-AP-000847,Nora Taylor,30-Year Fixed Mortgage,740084.38,Loan Officer,E-0220,BR-005,2025-01-18,,,In Progress,Underwriting,,635,0.339,6.146,false,4,Luis Adams,Cumulus CT Branch 1,Northeast,2025-01-01
LN-AP-000848,Zara Wilson,30-Year Fixed Mortgage,204551.58,Loan Officer,E-0227,BR-016,2025-11-01,2025-12-08,2025-12-08,Funded,Funded,39.6,586,0.328,8.776,true,0,Zara Young,Cumulus OH Branch 2,Midwest,2025-11-01
LN-AP-000849,Maya Nguyen,30-Year Fixed Mortgage,208884.11,Loan Officer,E-0219,BR-025,2025-01-01,,,In Progress,Conditional Approval,,798,0.434,6.923,false,0,Rosa Hall,Cumulus CA Branch 1,Pacific,2025-01-01
LN-AP-000850,Fatima Nguyen,Refinance,586649.8,Loan Officer,E-0218,BR-012,2025-12-07,2026-01-18,2026-01-18,Funded,Funded,45.5,562,0.442,6.552,true,0,Carlos Scott,Cumulus NC Branch 2,Southeast,2025-12-01
LN-AP-000851,Nora Allen,30-Year Fixed Mortgage,552504.26,Digital,E-0214,BR-027,2024-10-11,2024-11-01,2024-11-01,Funded,Funded,24.6,601,0.278,6.658,true,0,Amara Clark,Cumulus WA Branch 1,Pacific,2024-10-01
LN-AP-000852,Chloe Brown,15-Year Fixed Mortgage,167615.63,Broker,E-0216,BR-013,2026-08-03,,,In Progress,Funded,,673,0.349,7.302,false,1,Daniel Morris,Cumulus IL Branch 1,Midwest,2026-08-01
LN-AP-000853,Fatima White,30-Year Fixed Mortgage,652111.55,Loan Officer,E-0224,BR-027,2025-02-09,2025-03-09,2025-03-09,Funded,Funded,32.4,686,0.278,7.899,true,0,Priya Davis,Cumulus WA Branch 1,Pacific,2025-02-01
LN-AP-000854,Fatima Edwards,30-Year Fixed Mortgage,510056.68,Digital,E-0218,BR-012,2026-05-30,2026-07-15,2026-07-15,Funded,Funded,49.4,717,0.517,7.689,true,0,Carlos Scott,Cumulus NC Branch 2,Southeast,2026-05-01
LN-AP-000855,Layla Roberts,30-Year Fixed Mortgage,356798.93,Digital,E-0215,BR-011,2024-12-16,,,Abandoned,Appraisal,,653,0.286,8.451,false,0,Henry Patel,Cumulus NC Branch 1,Southeast,2024-12-01
LN-AP-000856,Ava Morris,HELOC,76941.06,Digital,E-0210,BR-019,2025-09-28,2025-10-18,2025-10-18,Funded,Funded,24.4,646,0.467,6.975,true,0,Luis Garcia,Cumulus CO Branch 1,Mountain West,2025-09-01
LN-AP-000857,Jamal Morris,HELOC,114098.49,Digital,E-0231,BR-010,2024-10-17,2024-11-11,2024-11-11,Funded,Funded,28.6,737,0.5,5.192,true,0,Maya Edwards,Cumulus GA Branch 2,Southeast,2024-10-01
LN-AP-000858,Leo Lewis,Refinance,297268.16,Branch,E-0211,BR-012,2025-10-20,2025-11-24,2025-11-24,Funded,Funded,38.6,652,0.496,8.233,true,0,Priya Young,Cumulus NC Branch 2,Southeast,2025-10-01
LN-AP-000859,Marcus Taylor,Refinance,447070.99,Digital,E-0231,BR-010,2026-06-24,2026-07-17,2026-07-17,Funded,Funded,28.1,578,0.433,7.786,true,0,Maya Edwards,Cumulus GA Branch 2,Southeast,2026-06-01
LN-AP-000860,Noah Collins,30-Year Fixed Mortgage,521368.93,Branch,E-0230,BR-009,2024-10-14,2024-11-08,,Denied,Document Collection,,619,0.415,8.199,false,0,Jamal Wright,Cumulus GA Branch 1,Southeast,2024-10-01
LN-AP-000861,Henry Johnson,Personal Loan,29932.26,Branch,E-0227,BR-016,2024-11-04,2025-01-05,2025-01-05,Funded,Funded,64.4,736,0.194,8.768,true,0,Zara Young,Cumulus OH Branch 2,Midwest,2024-11-01
LN-AP-000862,Samuel Martinez,Auto Loan,24921.99,Branch,E-0229,BR-025,2025-01-20,2025-03-01,2025-03-01,Funded,Funded,43.4,726,0.213,7.882,true,0,Marcus Wilson,Cumulus CA Branch 1,Pacific,2025-01-01
LN-AP-000863,Ava Green,HELOC,154806.53,Branch,E-0216,BR-013,2024-11-19,,,Withdrawn,Appraisal,,699,0.392,6.579,false,0,Daniel Morris,Cumulus IL Branch 1,Midwest,2024-11-01
LN-AP-000864,Noah Silva,30-Year Fixed Mortgage,500662.63,Loan Officer,E-0233,BR-025,2025-07-07,2025-07-31,2025-07-31,Funded,Funded,27.5,650,0.51,5.166,true,0,Jamal Adams,Cumulus CA Branch 1,Pacific,2025-07-01
LN-AP-000865,Aisha Hall,Auto Loan,32868.28,Loan Officer,E-0215,BR-011,2025-06-11,,,Withdrawn,Application Submitted,,676,0.176,7.455,false,0,Henry Patel,Cumulus NC Branch 1,Southeast,2025-06-01
LN-AP-000866,Hannah Taylor,Personal Loan,5450.69,Loan Officer,E-0220,BR-005,2026-01-25,2026-02-25,2026-02-25,Funded,Funded,34.7,815,0.4,5.137,true,0,Luis Adams,Cumulus CT Branch 1,Northeast,2026-01-01
LN-AP-000867,Grace Ashford,Auto Loan,11652.15,Digital,E-0223,BR-001,2026-04-20,2026-05-20,2026-05-20,Funded,Funded,32.7,821,0.244,8.851,true,0,Noah Adams,Cumulus NY Branch 1,Northeast,2026-04-01
LN-AP-000868,Grace Davis,30-Year Fixed Mortgage,376179.86,Broker,E-0211,BR-012,2025-09-05,2025-10-27,2025-10-27,Funded,Funded,55.2,685,0.273,7.833,true,0,Priya Young,Cumulus NC Branch 2,Southeast,2025-09-01
LN-AP-000869,Leo Moore,30-Year Fixed Mortgage,609892.94,Loan Officer,E-0227,BR-016,2025-08-13,,,In Progress,Application Submitted,,578,0.289,8.341,false,4,Zara Young,Cumulus OH Branch 2,Midwest,2025-08-01
LN-AP-000870,Aisha Thomas,Refinance,328856.48,Loan Officer,E-0219,BR-025,2026-08-21,,,In Progress,Funded,,606,0.336,8.606,false,6,Rosa Hall,Cumulus CA Branch 1,Pacific,2026-08-01
LN-AP-000871,Ravi Morris,Auto Loan,51254.14,Loan Officer,E-0225,BR-021,2025-06-02,2025-07-01,2025-07-01,Funded,Funded,32.3,725,0.485,6.469,true,0,Henry Okafor,Cumulus UT Branch 1,Mountain West,2025-06-01
LN-AP-000872,Priya Roberts,Auto Loan,24966.08,Digital,E-0231,BR-010,2025-09-04,2025-10-08,2025-10-08,Funded,Funded,37.5,639,0.296,5.463,true,0,Maya Edwards,Cumulus GA Branch 2,Southeast,2025-09-01
LN-AP-000873,Derek Martinez,Personal Loan,14953.82,Branch,E-0227,BR-016,2025-11-11,2025-12-02,2025-12-02,Funded,Funded,24.4,594,0.204,6.266,true,0,Zara Young,Cumulus OH Branch 2,Midwest,2025-11-01
LN-AP-000874,Noah Morris,HELOC,198280.86,Loan Officer,E-0218,BR-012,2026-06-26,2026-07-30,,Denied,Conditional Approval,,687,0.476,6.674,false,0,Carlos Scott,Cumulus NC Branch 2,Southeast,2026-06-01
LN-AP-000875,Sara Phillips,15-Year Fixed Mortgage,233388.21,Branch,E-0214,BR-027,2026-03-16,2026-04-21,2026-04-21,Funded,Funded,39.5,792,0.15,5.42,true,0,Amara Clark,Cumulus WA Branch 1,Pacific,2026-03-01
LN-AP-000876,Fatima Green,Personal Loan,16387.69,Broker,E-0208,BR-027,2026-08-16,,,In Progress,Funded,,782,0.263,5.237,false,0,Yuki Campbell,Cumulus WA Branch 1,Pacific,2026-08-01
LN-AP-000877,Aisha Nguyen,30-Year Fixed Mortgage,221719.88,Loan Officer,E-0230,BR-009,2025-09-28,2025-11-18,2025-11-18,Funded,Funded,54.6,628,0.156,8.763,true,0,Jamal Wright,Cumulus GA Branch 1,Southeast,2025-09-01
LN-AP-000878,Chloe Edwards,15-Year Fixed Mortgage,164532.96,Digital,E-0234,BR-028,2026-05-15,2026-06-07,2026-06-07,Funded,Funded,26.1,604,0.295,5.957,true,0,Henry Taylor,Cumulus WA Branch 2,Pacific,2026-05-01
LN-AP-000879,Lauren Miller,15-Year Fixed Mortgage,280014.2,Digital,E-0220,BR-005,2025-03-05,2025-04-02,2025-04-02,Funded,Funded,31.3,738,0.346,5.11,true,0,Luis Adams,Cumulus CT Branch 1,Northeast,2025-03-01
LN-AP-000880,Chloe Martinez,Refinance,253694.36,Digital,E-0216,BR-013,2026-02-24,,,Abandoned,Document Collection,,661,0.32,6.03,false,0,Daniel Morris,Cumulus IL Branch 1,Midwest,2026-02-01
LN-AP-000881,Samuel Evans,30-Year Fixed Mortgage,298095.07,Loan Officer,E-0234,BR-028,2024-12-06,,,Withdrawn,Appraisal,,815,0.208,7.52,false,0,Henry Taylor,Cumulus WA Branch 2,Pacific,2024-12-01
LN-AP-000882,Mateo Wilson,HELOC,96012.36,Digital,E-0225,BR-021,2025-04-03,2025-05-16,2025-05-16,Funded,Funded,45.7,608,0.214,6.962,true,0,Henry Okafor,Cumulus UT Branch 1,Mountain West,2025-04-01
LN-AP-000883,Nora Miller,30-Year Fixed Mortgage,235502.76,Digital,E-0209,BR-006,2025-09-27,2025-10-22,2025-10-22,Funded,Funded,27.8,803,0.277,7.397,true,0,Yuki Stewart,Cumulus CT Branch 2,Northeast,2025-09-01
LN-AP-000884,Tom Edwards,Auto Loan,30703.75,Digital,E-0209,BR-006,2025-02-02,2025-03-02,2025-03-02,Funded,Funded,32.0,596,0.379,5.485,true,0,Yuki Stewart,Cumulus CT Branch 2,Northeast,2025-02-01
LN-AP-000885,Leo Young,15-Year Fixed Mortgage,337782.43,Digital,E-0232,BR-018,2026-03-17,2026-04-18,2026-04-18,Funded,Funded,35.3,624,0.489,7.581,true,0,Tom Hall,Cumulus MN Branch 2,Midwest,2026-03-01
LN-AP-000886,Owen Clark,Personal Loan,20837.83,Digital,E-0235,BR-008,2026-03-05,2026-03-30,2026-03-30,Funded,Funded,27.9,695,0.178,8.295,true,0,Ava Harris,Cumulus FL Branch 2,Southeast,2026-03-01
LN-AP-000887,Lauren Miller,Auto Loan,57986.59,Digital,E-0217,BR-015,2026-08-11,,,In Progress,Appraisal,,668,0.234,5.297,false,0,Amara Green,Cumulus OH Branch 1,Midwest,2026-08-01
LN-AP-000888,Diego Anderson,Refinance,974959.9,Digital,E-0220,BR-005,2025-05-08,2025-05-26,2025-05-26,Funded,Funded,23.2,791,0.152,6.109,true,0,Luis Adams,Cumulus CT Branch 1,Northeast,2025-05-01
LN-AP-000889,Felix Edwards,Auto Loan,57666.3,Loan Officer,E-0235,BR-008,2025-06-14,2025-07-20,2025-07-20,Funded,Funded,40.3,605,0.145,6.511,true,0,Ava Harris,Cumulus FL Branch 2,Southeast,2025-06-01
LN-AP-000890,Mateo Harris,Auto Loan,43715.8,Loan Officer,E-0222,BR-026,2024-10-11,,,Withdrawn,Appraisal,,654,0.435,8.103,false,0,Rosa Carter,Cumulus CA Branch 2,Pacific,2024-10-01
LN-AP-000891,Aisha King,30-Year Fixed Mortgage,487135.97,Digital,E-0212,BR-004,2025-12-09,2026-01-17,2026-01-17,Funded,Funded,41.9,764,0.405,5.444,true,0,Isabella Phillips,Cumulus MA Branch 2,Northeast,2025-12-01
LN-AP-000892,Amara Collins,Personal Loan,13245.29,Digital,E-0215,BR-011,2026-03-02,2026-03-19,2026-03-19,Funded,Funded,19.9,623,0.5,6.082,true,0,Henry Patel,Cumulus NC Branch 1,Southeast,2026-03-01
LN-AP-000893,Elena Ruiz,30-Year Fixed Mortgage,331899.14,Branch,E-0207,BR-022,2025-04-21,2025-06-03,2025-06-03,Funded,Funded,45.9,781,0.382,6.899,true,0,Priya Davis,Cumulus UT Branch 2,Mountain West,2025-04-01
LN-AP-000894,Wei Kim,15-Year Fixed Mortgage,596631.1,Broker,E-0235,BR-008,2026-02-05,,,In Progress,Appraisal,,638,0.145,8.797,false,4,Ava Harris,Cumulus FL Branch 2,Southeast,2026-02-01
LN-AP-000895,Nina Clark,Personal Loan,43530.33,Loan Officer,E-0233,BR-025,2025-05-02,2025-06-01,2025-06-01,Funded,Funded,32.8,627,0.463,8.753,true,0,Jamal Adams,Cumulus CA Branch 1,Pacific,2025-05-01
LN-AP-000896,Andre Lopez,HELOC,107627.76,Branch,E-0207,BR-022,2024-12-01,,,Withdrawn,Document Collection,,805,0.162,6.986,false,0,Priya Davis,Cumulus UT Branch 2,Mountain West,2024-12-01
LN-AP-000897,Andre Davis,Auto Loan,22344.96,Digital,E-0222,BR-026,2025-08-21,2025-09-18,2025-09-18,Funded,Funded,30.9,727,0.308,7.454,true,0,Rosa Carter,Cumulus CA Branch 2,Pacific,2025-08-01
LN-AP-000898,Diego Taylor,HELOC,175759.13,Branch,E-0223,BR-001,2025-10-14,2025-10-14,,Denied,Application Submitted,,587,0.224,8.867,false,0,Noah Adams,Cumulus NY Branch 1,Northeast,2025-10-01
LN-AP-000899,Daniel Brown,Refinance,379535.17,Broker,E-0206,BR-020,2025-10-25,2025-12-07,,Denied,Conditional Approval,,674,0.4,6.758,false,0,Ben Taylor,Cumulus CO Branch 2,Mountain West,2025-10-01
LN-AP-000900,Grace Roberts,15-Year Fixed Mortgage,652906.98,Digital,E-0210,BR-019,2025-02-22,2025-04-14,2025-04-14,Funded,Funded,54.6,638,0.214,8.25,true,0,Luis Garcia,Cumulus CO Branch 1,Mountain West,2025-02-01
LN-AP-000901,Diego Allen,30-Year Fixed Mortgage,263090.66,Digital,E-0233,BR-025,2024-10-29,,,Abandoned,Conditional Approval,,618,0.42,8.237,false,0,Jamal Adams,Cumulus CA Branch 1,Pacific,2024-10-01
LN-AP-000902,Ethan Walker,15-Year Fixed Mortgage,186371.21,Branch,E-0225,BR-021,2025-09-05,2025-10-12,2025-10-12,Funded,Funded,40.0,596,0.264,7.16,true,0,Henry Okafor,Cumulus UT Branch 1,Mountain West,2025-09-01
LN-AP-000903,Chloe Davis,Personal Loan,10173.64,Branch,E-0214,BR-027,2025-06-24,,,Withdrawn,Application Submitted,,755,0.303,6.251,false,0,Amara Clark,Cumulus WA Branch 1,Pacific,2025-06-01
LN-AP-000904,Emma Martinez,HELOC,105668.2,Digital,E-0231,BR-010,2024-10-28,2024-11-18,2024-11-18,Funded,Funded,24.1,751,0.275,8.141,true,0,Maya Edwards,Cumulus GA Branch 2,Southeast,2024-10-01
LN-AP-000905,Hannah Turner,30-Year Fixed Mortgage,135093.43,Loan Officer,E-0222,BR-026,2026-04-12,2026-05-11,2026-05-11,Funded,Funded,32.5,825,0.332,5.48,true,0,Rosa Carter,Cumulus CA Branch 2,Pacific,2026-04-01
LN-AP-000906,Felix Hall,30-Year Fixed Mortgage,218955.7,Digital,E-0207,BR-022,2026-07-09,2026-08-05,2026-08-05,Funded,Funded,29.8,771,0.407,8.662,true,0,Priya Davis,Cumulus UT Branch 2,Mountain West,2026-07-01
LN-AP-000907,Isabella Jackson,Auto Loan,35291.69,Branch,E-0216,BR-013,2026-07-26,,,In Progress,Funded,,804,0.278,7.416,false,6,Daniel Morris,Cumulus IL Branch 1,Midwest,2026-07-01
LN-AP-000908,Isabella Phillips,Personal Loan,9048.4,Digital,E-0212,BR-004,2026-01-25,,,Abandoned,Document Collection,,822,0.375,5.497,false,0,Isabella Phillips,Cumulus MA Branch 2,Northeast,2026-01-01
LN-AP-000909,Marcus Walker,15-Year Fixed Mortgage,210126.5,Digital,E-0223,BR-001,2025-07-03,,,Withdrawn,Underwriting,,784,0.261,5.401,false,0,Noah Adams,Cumulus NY Branch 1,Northeast,2025-07-01
LN-AP-000910,Grace King,HELOC,57614.76,Digital,E-0215,BR-011,2025-08-03,2025-08-29,2025-08-29,Funded,Funded,30.3,593,0.352,7.964,true,0,Henry Patel,Cumulus NC Branch 1,Southeast,2025-08-01
LN-AP-000911,Noah King,15-Year Fixed Mortgage,241898.97,Branch,E-0206,BR-020,2024-11-29,2025-01-01,2025-01-01,Funded,Funded,35.4,628,0.508,8.316,true,0,Ben Taylor,Cumulus CO Branch 2,Mountain West,2024-11-01
LN-AP-000912,Jamal Edwards,30-Year Fixed Mortgage,445458.11,Digital,E-0231,BR-010,2025-09-25,,,In Progress,Appraisal,,723,0.162,5.129,false,4,Maya Edwards,Cumulus GA Branch 2,Southeast,2025-09-01
LN-AP-000913,Naomi White,HELOC,91876.61,Branch,E-0208,BR-027,2025-01-02,2025-01-28,2025-01-28,Funded,Funded,28.9,804,0.277,7.826,true,0,Yuki Campbell,Cumulus WA Branch 1,Pacific,2025-01-01
LN-AP-000914,Layla Carter,Personal Loan,17128.7,Digital,E-0212,BR-004,2026-05-29,2026-06-10,,Denied,Document Collection,,791,0.48,8.1,false,0,Isabella Phillips,Cumulus MA Branch 2,Northeast,2026-05-01
LN-AP-000915,Ravi Wright,30-Year Fixed Mortgage,419711.02,Branch,E-0234,BR-028,2025-05-09,2025-06-14,2025-06-14,Funded,Funded,39.5,801,0.457,6.886,true,0,Henry Taylor,Cumulus WA Branch 2,Pacific,2025-05-01
LN-AP-000916,Iris King,30-Year Fixed Mortgage,1099734.96,Loan Officer,E-0225,BR-021,2026-06-06,2026-07-08,2026-07-08,Funded,Funded,35.0,578,0.489,5.987,true,0,Henry Okafor,Cumulus UT Branch 1,Mountain West,2026-06-01
LN-AP-000917,Owen Collins,30-Year Fixed Mortgage,626852.83,Digital,E-0210,BR-019,2025-09-08,2025-09-27,2025-09-27,Funded,Funded,22.9,755,0.4,6.275,true,0,Luis Garcia,Cumulus CO Branch 1,Mountain West,2025-09-01
LN-AP-000918,Diego Evans,30-Year Fixed Mortgage,544536.61,Digital,E-0229,BR-025,2025-03-25,2025-04-27,2025-04-27,Funded,Funded,35.9,567,0.2,5.691,true,0,Marcus Wilson,Cumulus CA Branch 1,Pacific,2025-03-01
LN-AP-000919,Jamal Moore,Auto Loan,22401.19,Branch,E-0213,BR-023,2026-04-24,2026-06-11,2026-06-11,Funded,Funded,52.2,622,0.432,8.878,true,0,Jamal Lewis,Cumulus AZ Branch 1,Mountain West,2026-04-01
LN-AP-000920,Sara Hall,Refinance,725692.7,Branch,E-0214,BR-027,2025-06-19,2025-07-05,,Denied,Document Collection,,760,0.26,6.334,false,0,Amara Clark,Cumulus WA Branch 1,Pacific,2025-06-01
LN-AP-000921,Elena Stewart,Refinance,529390.06,Branch,E-0228,BR-013,2025-09-06,2025-10-16,2025-10-16,Funded,Funded,44.4,783,0.387,7.746,true,0,Kenji Silva,Cumulus IL Branch 1,Midwest,2025-09-01
LN-AP-000922,Ethan Bailey,30-Year Fixed Mortgage,561460.21,Broker,E-0230,BR-009,2025-03-09,,,Withdrawn,Conditional Approval,,560,0.289,7.359,false,0,Jamal Wright,Cumulus GA Branch 1,Southeast,2025-03-01
LN-AP-000923,Naomi Young,30-Year Fixed Mortgage,670701.85,Loan Officer,E-0228,BR-013,2025-07-03,2025-08-30,2025-08-30,Funded,Funded,60.9,776,0.378,6.512,true,0,Kenji Silva,Cumulus IL Branch 1,Midwest,2025-07-01
LN-AP-000924,Ava Walker,15-Year Fixed Mortgage,818830.09,Digital,E-0235,BR-008,2024-12-23,2025-01-24,2025-01-24,Funded,Funded,34.7,599,0.487,6.686,true,0,Ava Harris,Cumulus FL Branch 2,Southeast,2024-12-01
LN-AP-000925,Ava Okafor,Auto Loan,36790.54,Loan Officer,E-0214,BR-027,2024-10-01,2024-10-31,2024-10-31,Funded,Funded,32.9,714,0.286,5.14,true,0,Amara Clark,Cumulus WA Branch 1,Pacific,2024-10-01
LN-AP-000926,Sofia Phillips,30-Year Fixed Mortgage,373971.16,Loan Officer,E-0232,BR-018,2025-12-24,,,In Progress,Document Collection,,650,0.157,5.232,false,2,Tom Hall,Cumulus MN Branch 2,Midwest,2025-12-01
LN-AP-000927,Sara Lewis,HELOC,137639.96,Branch,E-0231,BR-010,2026-07-21,2026-08-19,2026-08-19,Funded,Funded,31.8,670,0.141,7.836,true,0,Maya Edwards,Cumulus GA Branch 2,Southeast,2026-07-01
LN-AP-000928,Maya Chen,15-Year Fixed Mortgage,226912.84,Digital,E-0227,BR-016,2026-08-21,,,In Progress,Underwriting,,682,0.405,6.01,false,0,Zara Young,Cumulus OH Branch 2,Midwest,2026-08-01
LN-AP-000929,Ines Harris,Auto Loan,70206.02,Branch,E-0233,BR-025,2026-03-11,2026-04-10,2026-04-10,Funded,Funded,34.2,774,0.253,5.653,true,0,Jamal Adams,Cumulus CA Branch 1,Pacific,2026-03-01
LN-AP-000930,Sara Nguyen,Personal Loan,9696.09,Branch,E-0220,BR-005,2024-12-26,,,In Progress,Document Collection,,823,0.238,8.587,false,3,Luis Adams,Cumulus CT Branch 1,Northeast,2024-12-01
LN-AP-000931,Ava Okafor,15-Year Fixed Mortgage,250611.4,Branch,E-0208,BR-027,2025-07-16,,,In Progress,Document Collection,,623,0.246,7.238,false,5,Yuki Campbell,Cumulus WA Branch 1,Pacific,2025-07-01
LN-AP-000932,Priya Campbell,Personal Loan,12733.78,Loan Officer,E-0227,BR-016,2025-04-17,2025-04-17,,Denied,Application Submitted,,588,0.223,6.85,false,0,Zara Young,Cumulus OH Branch 2,Midwest,2025-04-01
LN-AP-000933,Priya Garcia,HELOC,69838.66,Digital,E-0231,BR-010,2026-08-01,2026-08-31,2026-08-31,Funded,Funded,33.1,601,0.484,8.892,true,0,Maya Edwards,Cumulus GA Branch 2,Southeast,2026-08-01
LN-AP-000934,Henry Mitchell,Refinance,214005.76,Digital,E-0223,BR-001,2026-06-03,2026-06-25,2026-06-25,Funded,Funded,25.0,620,0.403,8.29,true,0,Noah Adams,Cumulus NY Branch 1,Northeast,2026-06-01
LN-AP-000935,Ines Collins,30-Year Fixed Mortgage,300634.29,Branch,E-0210,BR-019,2024-12-23,,,In Progress,Conditional Approval,,603,0.244,8.694,false,1,Luis Garcia,Cumulus CO Branch 1,Mountain West,2024-12-01
LN-AP-000936,Emma King,Personal Loan,25158.7,Digital,E-0224,BR-027,2025-08-23,,,Withdrawn,Underwriting,,783,0.18,5.415,false,0,Priya Davis,Cumulus WA Branch 1,Pacific,2025-08-01
LN-AP-000937,Carlos Miller,15-Year Fixed Mortgage,371137.87,Branch,E-0222,BR-026,2024-10-15,2024-11-02,2024-11-02,Funded,Funded,22.6,799,0.152,7.416,true,0,Rosa Carter,Cumulus CA Branch 2,Pacific,2024-10-01
LN-AP-000938,Ava Ashford,HELOC,75089.76,Digital,E-0206,BR-020,2026-01-04,2026-02-09,2026-02-09,Funded,Funded,38.8,642,0.394,8.481,true,0,Ben Taylor,Cumulus CO Branch 2,Mountain West,2026-01-01
LN-AP-000939,Priya Nelson,Auto Loan,128000,Branch,E-0219,BR-025,2025-02-08,2025-04-09,2025-04-09,Funded,Funded,63.7,675,0.338,7.097,true,0,Rosa Hall,Cumulus CA Branch 1,Pacific,2025-02-01
LN-AP-000940,Julian Walker,HELOC,112729.23,Branch,E-0214,BR-027,2025-11-10,2025-12-19,2025-12-19,Funded,Funded,42.7,691,0.122,5.877,true,0,Amara Clark,Cumulus WA Branch 1,Pacific,2025-11-01
LN-AP-000941,Felix Stewart,15-Year Fixed Mortgage,225243.63,Branch,E-0215,BR-011,2026-05-25,2026-07-05,2026-07-05,Funded,Funded,44.5,689,0.31,6.025,true,0,Henry Patel,Cumulus NC Branch 1,Southeast,2026-05-01
LN-AP-000942,Grace White,30-Year Fixed Mortgage,958015.77,Loan Officer,E-0225,BR-021,2025-12-30,2026-02-05,2026-02-05,Funded,Funded,40.0,747,0.326,5.911,true,0,Henry Okafor,Cumulus UT Branch 1,Mountain West,2025-12-01
LN-AP-000943,Diego Martinez,HELOC,105936.86,Branch,E-0216,BR-013,2025-05-02,2025-05-29,2025-05-29,Funded,Funded,31.1,769,0.371,7.743,true,0,Daniel Morris,Cumulus IL Branch 1,Midwest,2025-05-01
LN-AP-000944,Sara Brown,Auto Loan,26879.67,Branch,E-0219,BR-025,2025-07-27,2025-09-24,2025-09-24,Funded,Funded,62.3,637,0.208,8.393,true,0,Rosa Hall,Cumulus CA Branch 1,Pacific,2025-07-01
LN-AP-000945,Owen Morris,30-Year Fixed Mortgage,225378.46,Digital,E-0219,BR-025,2026-04-21,2026-05-13,2026-05-13,Funded,Funded,25.3,804,0.31,8.037,true,0,Rosa Hall,Cumulus CA Branch 1,Pacific,2026-04-01
LN-AP-000946,Ethan Morris,Auto Loan,34711.53,Branch,E-0215,BR-011,2025-02-23,2025-03-18,2025-03-18,Funded,Funded,27.0,618,0.31,7.01,true,0,Henry Patel,Cumulus NC Branch 1,Southeast,2025-02-01
LN-AP-000947,Ravi Bailey,30-Year Fixed Mortgage,730707.43,Digital,E-0224,BR-027,2025-09-07,2025-10-10,2025-10-10,Funded,Funded,36.0,751,0.38,6.434,true,0,Priya Davis,Cumulus WA Branch 1,Pacific,2025-09-01
LN-AP-000948,Isabella Lewis,30-Year Fixed Mortgage,322345.11,Digital,E-0216,BR-013,2026-01-06,2026-01-28,2026-01-28,Funded,Funded,25.4,663,0.169,6.125,true,0,Daniel Morris,Cumulus IL Branch 1,Midwest,2026-01-01
LN-AP-000949,Hannah Taylor,15-Year Fixed Mortgage,182115.91,Loan Officer,E-0229,BR-025,2026-07-13,2026-08-28,2026-08-28,Funded,Funded,49.6,814,0.423,5.734,true,0,Marcus Wilson,Cumulus CA Branch 1,Pacific,2026-07-01
LN-AP-000950,Daniel Kim,30-Year Fixed Mortgage,320780.44,Digital,E-0225,BR-021,2025-07-09,,,Abandoned,Conditional Approval,,712,0.178,5.341,false,0,Henry Okafor,Cumulus UT Branch 1,Mountain West,2025-07-01
LN-AP-000951,Tom Young,30-Year Fixed Mortgage,924614.15,Digital,E-0234,BR-028,2024-11-04,,,In Progress,Document Collection,,711,0.505,6.87,false,2,Henry Taylor,Cumulus WA Branch 2,Pacific,2024-11-01
LN-AP-000952,Ravi Garcia,Refinance,632327.26,Loan Officer,E-0207,BR-022,2026-01-05,2026-01-29,2026-01-29,Funded,Funded,27.5,784,0.263,7.808,true,0,Priya Davis,Cumulus UT Branch 2,Mountain West,2026-01-01
LN-AP-000953,Zara Collins,Refinance,652265.24,Loan Officer,E-0225,BR-021,2025-12-26,,,In Progress,Application Submitted,,673,0.254,8.178,false,3,Henry Okafor,Cumulus UT Branch 1,Mountain West,2025-12-01
LN-AP-000954,Yuki Lewis,Auto Loan,60587.84,Digital,E-0223,BR-001,2025-07-14,2025-08-16,2025-08-16,Funded,Funded,36.1,827,0.345,6.519,true,0,Noah Adams,Cumulus NY Branch 1,Northeast,2025-07-01
LN-AP-000955,Jamal White,HELOC,77967.28,Loan Officer,E-0213,BR-023,2025-05-23,2025-07-04,2025-07-04,Funded,Funded,46.0,686,0.349,5.45,true,0,Jamal Lewis,Cumulus AZ Branch 1,Mountain West,2025-05-01
LN-AP-000956,Naomi Hall,Personal Loan,15666.05,Digital,E-0206,BR-020,2026-02-08,2026-03-14,2026-03-14,Funded,Funded,36.4,680,0.441,8.015,true,0,Ben Taylor,Cumulus CO Branch 2,Mountain West,2026-02-01
LN-AP-000957,Isabella Garcia,30-Year Fixed Mortgage,439462.7,Digital,E-0221,BR-016,2026-05-08,2026-06-02,2026-06-02,Funded,Funded,28.1,658,0.479,6.129,true,0,Fatima Parker,Cumulus OH Branch 2,Midwest,2026-05-01
LN-AP-000958,Kenji Lopez,Personal Loan,18455.09,Loan Officer,E-0225,BR-021,2025-11-25,2026-01-01,2026-01-01,Funded,Funded,41.8,727,0.452,5.457,true,0,Henry Okafor,Cumulus UT Branch 1,Mountain West,2025-11-01
LN-AP-000959,Amara Ashford,30-Year Fixed Mortgage,529401.8,Loan Officer,E-0215,BR-011,2025-09-09,2025-10-20,2025-10-20,Funded,Funded,43.6,803,0.308,5.284,true,0,Henry Patel,Cumulus NC Branch 1,Southeast,2025-09-01
LN-AP-000960,Elena Morris,Auto Loan,28028.33,Loan Officer,E-0221,BR-016,2025-01-22,2025-03-03,2025-03-03,Funded,Funded,44.2,577,0.366,6.402,true,0,Fatima Parker,Cumulus OH Branch 2,Midwest,2025-01-01
LN-AP-000961,Julian Turner,30-Year Fixed Mortgage,390182.24,Broker,E-0222,BR-026,2026-08-29,,,In Progress,Funded,,763,0.178,7.244,false,6,Rosa Carter,Cumulus CA Branch 2,Pacific,2026-08-01
LN-AP-000962,Daniel Kim,30-Year Fixed Mortgage,297989.88,Branch,E-0208,BR-027,2024-10-03,,,Withdrawn,Underwriting,,815,0.228,5.805,false,0,Yuki Campbell,Cumulus WA Branch 1,Pacific,2024-10-01
LN-AP-000963,Leo Walker,Auto Loan,16308.92,Digital,E-0210,BR-019,2026-01-27,2026-02-19,2026-02-19,Funded,Funded,26.6,612,0.121,7.393,true,0,Luis Garcia,Cumulus CO Branch 1,Mountain West,2026-01-01
LN-AP-000964,Mei Brown,30-Year Fixed Mortgage,495908.64,Broker,E-0231,BR-010,2025-08-26,2025-10-05,2025-10-05,Funded,Funded,44.0,588,0.169,5.272,true,0,Maya Edwards,Cumulus GA Branch 2,Southeast,2025-08-01
LN-AP-000965,Yuki Jackson,Personal Loan,9527.22,Digital,E-0225,BR-021,2026-03-03,,,In Progress,Conditional Approval,,674,0.127,7.428,false,2,Henry Okafor,Cumulus UT Branch 1,Mountain West,2026-03-01
LN-AP-000966,Wei Adams,Auto Loan,32055.63,Digital,E-0231,BR-010,2026-08-17,,,In Progress,Funded,,622,0.357,7.487,false,4,Maya Edwards,Cumulus GA Branch 2,Southeast,2026-08-01
LN-AP-000967,Isabella White,Personal Loan,11629.49,Digital,E-0228,BR-013,2026-04-22,,,Withdrawn,Appraisal,,577,0.414,7.264,false,0,Kenji Silva,Cumulus IL Branch 1,Midwest,2026-04-01
LN-AP-000968,Naomi Moore,HELOC,69185.17,Digital,E-0214,BR-027,2025-07-07,2025-08-05,2025-08-05,Funded,Funded,32.3,785,0.36,6.43,true,0,Amara Clark,Cumulus WA Branch 1,Pacific,2025-07-01
LN-AP-000969,Diego Bailey,Personal Loan,18821.28,Digital,E-0218,BR-012,2026-01-01,,,Withdrawn,Application Submitted,,630,0.432,8.573,false,0,Carlos Scott,Cumulus NC Branch 2,Southeast,2026-01-01
LN-AP-000970,Andre Miller,30-Year Fixed Mortgage,494316.49,Loan Officer,E-0211,BR-012,2025-01-13,,,Withdrawn,Conditional Approval,,714,0.381,6.274,false,0,Priya Young,Cumulus NC Branch 2,Southeast,2025-01-01
LN-AP-000971,Yuki Wright,30-Year Fixed Mortgage,270670.43,Digital,E-0217,BR-015,2025-01-04,2025-02-10,2025-02-10,Funded,Funded,39.7,721,0.331,5.225,true,0,Amara Green,Cumulus OH Branch 1,Midwest,2025-01-01
LN-AP-000972,Grace Lopez,HELOC,52418.15,Loan Officer,E-0231,BR-010,2026-01-27,,,Withdrawn,Conditional Approval,,618,0.404,8.028,false,0,Maya Edwards,Cumulus GA Branch 2,Southeast,2026-01-01
LN-AP-000973,Yuki King,30-Year Fixed Mortgage,1211686.54,Broker,E-0217,BR-015,2025-09-04,2025-09-28,2025-09-28,Funded,Funded,27.6,671,0.223,6.932,true,0,Amara Green,Cumulus OH Branch 1,Midwest,2025-09-01
LN-AP-000974,Ravi Miller,Auto Loan,37669.41,Loan Officer,E-0207,BR-022,2025-07-21,2025-08-19,2025-08-19,Funded,Funded,32.2,755,0.484,6.487,true,0,Priya Davis,Cumulus UT Branch 2,Mountain West,2025-07-01
LN-AP-000975,Chloe Garcia,HELOC,68641.48,Branch,E-0219,BR-025,2025-10-04,2025-11-20,2025-11-20,Funded,Funded,49.6,729,0.214,5.855,true,0,Rosa Hall,Cumulus CA Branch 1,Pacific,2025-10-01
LN-AP-000976,Hannah Silva,30-Year Fixed Mortgage,430656.35,Branch,E-0232,BR-018,2025-09-21,,,In Progress,Document Collection,,745,0.426,8.149,false,5,Tom Hall,Cumulus MN Branch 2,Midwest,2025-09-01
LN-AP-000977,Naomi Clark,Auto Loan,26625.56,Branch,E-0233,BR-025,2026-07-04,2026-08-05,2026-08-05,Funded,Funded,34.9,633,0.126,7.795,true,0,Jamal Adams,Cumulus CA Branch 1,Pacific,2026-07-01
LN-AP-000978,Sara Nelson,HELOC,123225.03,Branch,E-0215,BR-011,2026-01-31,,,Withdrawn,Underwriting,,761,0.123,7.681,false,0,Henry Patel,Cumulus NC Branch 1,Southeast,2026-01-01
LN-AP-000979,Derek Parker,30-Year Fixed Mortgage,180677.49,Digital,E-0226,BR-010,2024-12-21,,,Withdrawn,Application Submitted,,608,0.298,7.97,false,0,Andre Evans,Cumulus GA Branch 2,Southeast,2024-12-01
LN-AP-000980,Felix Collins,30-Year Fixed Mortgage,302868.59,Loan Officer,E-0208,BR-027,2026-06-09,,,Withdrawn,Application Submitted,,694,0.391,7.172,false,0,Yuki Campbell,Cumulus WA Branch 1,Pacific,2026-06-01
LN-AP-000981,Nora Nelson,Refinance,428309.12,Digital,E-0213,BR-023,2026-03-02,,,In Progress,Underwriting,,637,0.481,6.651,false,3,Jamal Lewis,Cumulus AZ Branch 1,Mountain West,2026-03-01
LN-AP-000982,Aisha Lewis,30-Year Fixed Mortgage,763665.91,Branch,E-0233,BR-025,2025-01-23,2025-03-12,2025-03-12,Funded,Funded,52.7,818,0.311,7.356,true,0,Jamal Adams,Cumulus CA Branch 1,Pacific,2025-01-01
LN-AP-000983,Layla Roberts,30-Year Fixed Mortgage,962740.0,Digital,E-0225,BR-021,2026-08-28,2026-08-28,,Denied,Application Submitted,,810,0.382,7.119,false,0,Henry Okafor,Cumulus UT Branch 1,Mountain West,2026-08-01
LN-AP-000984,Henry Phillips,15-Year Fixed Mortgage,251075.88,Loan Officer,E-0213,BR-023,2025-01-27,2025-02-23,2025-02-23,Funded,Funded,29.8,594,0.293,6.295,true,0,Jamal Lewis,Cumulus AZ Branch 1,Mountain West,2025-01-01
LN-AP-000985,Yuki Garcia,HELOC,65664.72,Broker,E-0225,BR-021,2025-09-14,2025-10-27,2025-10-27,Funded,Funded,44.6,650,0.144,8.292,true,0,Henry Okafor,Cumulus UT Branch 1,Mountain West,2025-09-01
LN-AP-000986,Tom Evans,Personal Loan,13859.54,Broker,E-0213,BR-023,2025-12-25,,,In Progress,Conditional Approval,,589,0.366,5.547,false,1,Jamal Lewis,Cumulus AZ Branch 1,Mountain West,2025-12-01
LN-AP-000987,Victor Ruiz,30-Year Fixed Mortgage,385133.14,Digital,E-0208,BR-027,2026-07-16,2026-07-31,,Denied,Document Collection,,630,0.297,5.518,false,0,Yuki Campbell,Cumulus WA Branch 1,Pacific,2026-07-01
LN-AP-000988,Lauren Young,30-Year Fixed Mortgage,202553.56,Digital,E-0210,BR-019,2025-05-04,2025-06-19,2025-06-19,Funded,Funded,49.5,657,0.166,5.489,true,0,Luis Garcia,Cumulus CO Branch 1,Mountain West,2025-05-01
LN-AP-000989,Maya Morris,Refinance,395454.77,Branch,E-0219,BR-025,2025-10-05,2025-11-11,2025-11-11,Funded,Funded,40.5,625,0.36,8.617,true,0,Rosa Hall,Cumulus CA Branch 1,Pacific,2025-10-01
LN-AP-000990,Noah Harris,30-Year Fixed Mortgage,1176990.88,Loan Officer,E-0225,BR-021,2025-03-07,,,In Progress,Conditional Approval,,789,0.495,8.362,false,1,Henry Okafor,Cumulus UT Branch 1,Mountain West,2025-03-01
LN-AP-000991,Carlos Johnson,Auto Loan,21932.45,Digital,E-0232,BR-018,2025-07-11,2025-07-29,,Denied,Conditional Approval,,611,0.3,8.609,false,0,Tom Hall,Cumulus MN Branch 2,Midwest,2025-07-01
LN-AP-000992,Amara Adams,HELOC,95248.54,Loan Officer,E-0227,BR-016,2025-07-03,2025-08-31,2025-08-31,Funded,Funded,62.9,562,0.145,6.878,true,0,Zara Young,Cumulus OH Branch 2,Midwest,2025-07-01
LN-AP-000993,Hannah White,Auto Loan,40463.24,Loan Officer,E-0233,BR-025,2025-11-21,2025-12-20,2025-12-20,Funded,Funded,32.1,577,0.173,8.876,true,0,Jamal Adams,Cumulus CA Branch 1,Pacific,2025-11-01
LN-AP-000994,Sofia Davis,30-Year Fixed Mortgage,188859.36,Digital,E-0209,BR-006,2026-06-07,2026-07-01,,Denied,Underwriting,,742,0.348,8.489,false,0,Yuki Stewart,Cumulus CT Branch 2,Northeast,2026-06-01
LN-AP-000995,Priya Green,Auto Loan,21609.81,Broker,E-0220,BR-005,2024-10-10,2024-11-21,,Denied,Appraisal,,761,0.415,6.888,false,0,Luis Adams,Cumulus CT Branch 1,Northeast,2024-10-01
LN-AP-000996,Ethan Vaughn,30-Year Fixed Mortgage,311036.38,Branch,E-0207,BR-022,2026-08-14,,,In Progress,Funded,,660,0.124,5.229,false,1,Priya Davis,Cumulus UT Branch 2,Mountain West,2026-08-01
LN-AP-000997,Jonathan Bailey,HELOC,121639.94,Loan Officer,E-0227,BR-016,2025-12-15,2026-01-17,2026-01-17,Funded,Funded,35.9,790,0.481,5.597,true,0,Zara Young,Cumulus OH Branch 2,Midwest,2025-12-01
LN-AP-000998,Jamal Green,15-Year Fixed Mortgage,396460.81,Digital,E-0210,BR-019,2025-06-25,2025-08-05,2025-08-05,Funded,Funded,43.3,632,0.175,5.945,true,0,Luis Garcia,Cumulus CO Branch 1,Mountain West,2025-06-01
LN-AP-000999,Olivia Anderson,Refinance,512501.2,Digital,E-0211,BR-012,2025-02-02,2025-03-14,,Denied,Conditional Approval,,819,0.363,6.474,false,0,Priya Young,Cumulus NC Branch 2,Southeast,2025-02-01
LN-AP-001000,Sofia Campbell,HELOC,153255.78,Digital,E-0230,BR-009,2026-04-18,2026-05-21,2026-05-21,Funded,Funded,37.0,567,0.318,8.221,true,0,Jamal Wright,Cumulus GA Branch 1,Southeast,2026-04-01
LN-AP-001001,Diego Patel,Refinance,503690.5,Branch,E-0212,BR-004,2026-03-20,2026-04-21,,Denied,Appraisal,,611,0.355,7.347,false,0,Isabella Phillips,Cumulus MA Branch 2,Northeast,2026-03-01
LN-AP-001002,Nina Vaughn,Auto Loan,46524.71,Digital,E-0206,BR-020,2026-08-08,,,In Progress,Funded,,730,0.25,7.297,false,1,Ben Taylor,Cumulus CO Branch 2,Mountain West,2026-08-01
LN-AP-001003,Luis Stewart,Auto Loan,27225.27,Digital,E-0218,BR-012,2025-09-19,,,Abandoned,Conditional Approval,,738,0.179,8.279,false,0,Carlos Scott,Cumulus NC Branch 2,Southeast,2025-09-01
LN-AP-001004,Carlos Bailey,30-Year Fixed Mortgage,646993.82,Loan Officer,E-0210,BR-019,2024-10-10,2024-11-27,2024-11-27,Funded,Funded,52.2,640,0.397,6.79,true,0,Luis Garcia,Cumulus CO Branch 1,Mountain West,2024-10-01
LN-AP-001005,Yuki Mitchell,15-Year Fixed Mortgage,402044.74,Digital,E-0206,BR-020,2026-06-08,2026-07-15,2026-07-15,Funded,Funded,39.8,626,0.256,8.564,true,0,Ben Taylor,Cumulus CO Branch 2,Mountain West,2026-06-01
LN-AP-001006,Victor Parker,30-Year Fixed Mortgage,272280.96,Loan Officer,E-0235,BR-008,2025-02-10,2025-03-14,,Denied,Underwriting,,567,0.472,6.597,false,0,Ava Harris,Cumulus FL Branch 2,Southeast,2025-02-01
LN-AP-001007,Ben Lewis,Refinance,193435.13,Digital,E-0229,BR-025,2025-11-23,2025-12-16,2025-12-16,Funded,Funded,25.7,692,0.362,6.232,true,0,Marcus Wilson,Cumulus CA Branch 1,Pacific,2025-11-01
LN-AP-001008,Jamal Green,Auto Loan,14941.5,Broker,E-0228,BR-013,2024-10-14,2024-12-20,2024-12-20,Funded,Funded,70.5,621,0.445,8.183,true,0,Kenji Silva,Cumulus IL Branch 1,Midwest,2024-10-01
LN-AP-001009,Victor Thomas,HELOC,100011.81,Branch,E-0224,BR-027,2025-12-28,,,Withdrawn,Document Collection,,572,0.509,7.541,false,0,Priya Davis,Cumulus WA Branch 1,Pacific,2025-12-01
LN-AP-001010,Ethan Young,30-Year Fixed Mortgage,1358145.56,Broker,E-0211,BR-012,2026-02-05,2026-03-21,2026-03-21,Funded,Funded,47.5,605,0.393,7.689,true,0,Priya Young,Cumulus NC Branch 2,Southeast,2026-02-01
LN-AP-001011,Lauren Nguyen,30-Year Fixed Mortgage,583668.71,Loan Officer,E-0234,BR-028,2025-05-07,2025-05-30,2025-05-30,Funded,Funded,28.5,687,0.2,5.962,true,0,Henry Taylor,Cumulus WA Branch 2,Pacific,2025-05-01
LN-AP-001012,Iris Okafor,30-Year Fixed Mortgage,400153.32,Digital,E-0228,BR-013,2024-11-14,2024-11-30,2024-11-30,Funded,Funded,19.5,734,0.312,7.545,true,0,Kenji Silva,Cumulus IL Branch 1,Midwest,2024-11-01
LN-AP-001013,Mei Wilson,Auto Loan,24103.69,Digital,E-0214,BR-027,2026-05-28,2026-07-07,2026-07-07,Funded,Funded,44.2,663,0.205,8.138,true,0,Amara Clark,Cumulus WA Branch 1,Pacific,2026-05-01
LN-AP-001014,Hannah Patel,Auto Loan,17003.18,Digital,E-0234,BR-028,2025-05-02,2025-05-28,2025-05-28,Funded,Funded,30.2,699,0.152,8.053,true,0,Henry Taylor,Cumulus WA Branch 2,Pacific,2025-05-01
LN-AP-001015,Elena Carter,Auto Loan,91741.09,Digital,E-0232,BR-018,2025-07-31,2025-08-23,2025-08-23,Funded,Funded,26.4,684,0.161,5.871,true,0,Tom Hall,Cumulus MN Branch 2,Midwest,2025-07-01
LN-AP-001016,Mateo Nelson,Auto Loan,41224.85,Broker,E-0208,BR-027,2026-08-08,,,In Progress,Funded,,648,0.424,6.442,false,1,Yuki Campbell,Cumulus WA Branch 1,Pacific,2026-08-01
LN-AP-001017,Elena Okafor,Personal Loan,16782.26,Branch,E-0210,BR-019,2025-07-19,2025-08-22,2025-08-22,Funded,Funded,36.0,627,0.332,5.927,true,0,Luis Garcia,Cumulus CO Branch 1,Mountain West,2025-07-01
LN-AP-001018,Marcus Anderson,30-Year Fixed Mortgage,286728.65,Digital,E-0230,BR-009,2024-10-03,2024-11-13,2024-11-13,Funded,Funded,44.5,572,0.271,7.033,true,0,Jamal Wright,Cumulus GA Branch 1,Southeast,2024-10-01
LN-AP-001019,Ravi Green,Auto Loan,20311.74,Branch,E-0214,BR-027,2025-11-19,2025-12-22,2025-12-22,Funded,Funded,36.0,807,0.506,5.43,true,0,Amara Clark,Cumulus WA Branch 1,Pacific,2025-11-01
LN-AP-001020,Wei Harris,30-Year Fixed Mortgage,528242.43,Branch,E-0222,BR-026,2026-01-28,2026-03-02,2026-03-02,Funded,Funded,35.3,679,0.338,7.754,true,0,Rosa Carter,Cumulus CA Branch 2,Pacific,2026-01-01
LN-AP-001021,Ravi Evans,15-Year Fixed Mortgage,226214.42,Branch,E-0231,BR-010,2026-07-08,2026-08-26,2026-08-26,Funded,Funded,52.2,698,0.259,5.257,true,0,Maya Edwards,Cumulus GA Branch 2,Southeast,2026-07-01
LN-AP-001022,Lauren Patel,Auto Loan,51284.91,Digital,E-0229,BR-025,2025-05-08,2025-05-28,2025-05-28,Funded,Funded,23.8,686,0.2,6.73,true,0,Marcus Wilson,Cumulus CA Branch 1,Pacific,2025-05-01
LN-AP-001023,Leo Lewis,HELOC,57065.17,Digital,E-0230,BR-009,2024-12-02,2024-12-23,2024-12-23,Funded,Funded,24.8,703,0.256,6.141,true,0,Jamal Wright,Cumulus GA Branch 1,Southeast,2024-12-01
LN-AP-001024,Yuki Silva,Refinance,369014.33,Loan Officer,E-0235,BR-008,2026-08-04,2026-08-26,2026-08-26,Funded,Funded,25.9,701,0.136,6.385,true,0,Ava Harris,Cumulus FL Branch 2,Southeast,2026-08-01
LN-AP-001025,Priya Harris,15-Year Fixed Mortgage,264044.14,Broker,E-0209,BR-006,2024-10-07,2024-10-31,2024-10-31,Funded,Funded,28.9,823,0.25,5.802,true,0,Yuki Stewart,Cumulus CT Branch 2,Northeast,2024-10-01
LN-AP-001026,Amara Anderson,30-Year Fixed Mortgage,548935.17,Digital,E-0232,BR-018,2025-05-08,,,In Progress,Document Collection,,717,0.517,6.827,false,2,Tom Hall,Cumulus MN Branch 2,Midwest,2025-05-01
LN-AP-001027,Derek White,15-Year Fixed Mortgage,526417.42,Digital,E-0232,BR-018,2025-10-25,2025-12-05,2025-12-05,Funded,Funded,44.5,700,0.284,6.168,true,0,Tom Hall,Cumulus MN Branch 2,Midwest,2025-10-01
LN-AP-001028,Marcus Davis,HELOC,79207.0,Digital,E-0207,BR-022,2026-02-08,2026-03-18,2026-03-18,Funded,Funded,41.4,615,0.142,5.15,true,0,Priya Davis,Cumulus UT Branch 2,Mountain West,2026-02-01
LN-AP-001029,Luis Wilson,30-Year Fixed Mortgage,455479.76,Digital,E-0231,BR-010,2026-05-07,2026-06-01,,Denied,Underwriting,,767,0.333,8.696,false,0,Maya Edwards,Cumulus GA Branch 2,Southeast,2026-05-01
LN-AP-001030,Jonathan Wilson,Auto Loan,27642.86,Digital,E-0209,BR-006,2024-11-23,2024-12-21,2024-12-21,Funded,Funded,30.1,778,0.153,8.508,true,0,Yuki Stewart,Cumulus CT Branch 2,Northeast,2024-11-01
LN-AP-001031,Lauren Young,30-Year Fixed Mortgage,216965.8,Digital,E-0223,BR-001,2026-06-28,2026-07-23,2026-07-23,Funded,Funded,28.7,764,0.377,5.253,true,0,Noah Adams,Cumulus NY Branch 1,Northeast,2026-06-01
LN-AP-001032,Diego Edwards,Personal Loan,12339.6,Digital,E-0215,BR-011,2024-11-05,,,In Progress,Underwriting,,591,0.188,6.967,false,3,Henry Patel,Cumulus NC Branch 1,Southeast,2024-11-01
LN-AP-001033,Sara Ruiz,15-Year Fixed Mortgage,500873.59,Branch,E-0228,BR-013,2026-03-01,2026-04-11,2026-04-11,Funded,Funded,45.0,589,0.343,6.492,true,0,Kenji Silva,Cumulus IL Branch 1,Midwest,2026-03-01
LN-AP-001034,Emma Edwards,30-Year Fixed Mortgage,317531.22,Digital,E-0215,BR-011,2026-05-04,,,Withdrawn,Application Submitted,,656,0.2,7.264,false,0,Henry Patel,Cumulus NC Branch 1,Southeast,2026-05-01
LN-AP-001035,Priya Thomas,30-Year Fixed Mortgage,751338.37,Branch,E-0210,BR-019,2026-05-23,,,Withdrawn,Document Collection,,668,0.209,8.444,false,0,Luis Garcia,Cumulus CO Branch 1,Mountain West,2026-05-01
LN-AP-001036,Layla Walker,Auto Loan,45171.63,Digital,E-0220,BR-005,2025-10-23,2025-11-22,2025-11-22,Funded,Funded,34.9,645,0.408,6.249,true,0,Luis Adams,Cumulus CT Branch 1,Northeast,2025-10-01
LN-AP-001037,Nora Anderson,30-Year Fixed Mortgage,596416.87,Branch,E-0235,BR-008,2025-09-11,2025-10-04,,Denied,Document Collection,,571,0.447,7.273,false,0,Ava Harris,Cumulus FL Branch 2,Southeast,2025-09-01
LN-AP-001038,Luis Nguyen,30-Year Fixed Mortgage,1299688.14,Digital,E-0211,BR-012,2026-05-07,2026-06-13,2026-06-13,Funded,Funded,40.5,697,0.147,7.972,true,0,Priya Young,Cumulus NC Branch 2,Southeast,2026-05-01
LN-AP-001039,Mateo Garcia,Refinance,413270.24,Broker,E-0222,BR-026,2026-04-19,,,Withdrawn,Application Submitted,,583,0.134,5.971,false,0,Rosa Carter,Cumulus CA Branch 2,Pacific,2026-04-01
LN-AP-001040,Julian Edwards,HELOC,76334.8,Digital,E-0228,BR-013,2025-10-24,2025-12-11,2025-12-11,Funded,Funded,51.4,777,0.371,7.805,true,0,Kenji Silva,Cumulus IL Branch 1,Midwest,2025-10-01
LN-AP-001041,Julian White,HELOC,51254.14,Branch,E-0212,BR-004,2025-08-22,2025-09-27,2025-09-27,Funded,Funded,39.0,691,0.126,7.334,true,0,Isabella Phillips,Cumulus MA Branch 2,Northeast,2025-08-01
LN-AP-001042,Owen Nelson,30-Year Fixed Mortgage,286481.74,Broker,E-0226,BR-010,2025-03-18,2025-04-04,,Denied,Document Collection,,829,0.202,8.761,false,0,Andre Evans,Cumulus GA Branch 2,Southeast,2025-03-01
LN-AP-001043,Lauren Vaughn,Personal Loan,9835.72,Broker,E-0218,BR-012,2026-02-14,2026-02-14,,Denied,Application Submitted,,768,0.393,6.744,false,0,Carlos Scott,Cumulus NC Branch 2,Southeast,2026-02-01
LN-AP-001044,Owen Nelson,15-Year Fixed Mortgage,354250.82,Digital,E-0208,BR-027,2025-02-23,,,Withdrawn,Application Submitted,,778,0.236,8.16,false,0,Yuki Campbell,Cumulus WA Branch 1,Pacific,2025-02-01
LN-AP-001045,Sara Silva,15-Year Fixed Mortgage,737460.99,Broker,E-0217,BR-015,2026-01-24,2026-03-07,2026-03-07,Funded,Funded,44.5,568,0.427,8.174,true,0,Amara Green,Cumulus OH Branch 1,Midwest,2026-01-01
LN-AP-001046,Emma Lewis,HELOC,88992.72,Digital,E-0231,BR-010,2024-10-11,2024-11-26,2024-11-26,Funded,Funded,49.6,649,0.432,7.558,true,0,Maya Edwards,Cumulus GA Branch 2,Southeast,2024-10-01
LN-AP-001047,Naomi Jackson,HELOC,53914.65,Loan Officer,E-0224,BR-027,2024-10-09,2024-11-05,2024-11-05,Funded,Funded,30.7,637,0.131,8.838,true,0,Priya Davis,Cumulus WA Branch 1,Pacific,2024-10-01
LN-AP-001048,Luis Mitchell,30-Year Fixed Mortgage,410702.13,Digital,E-0228,BR-013,2026-08-17,,,In Progress,Funded,,676,0.405,6.489,false,0,Kenji Silva,Cumulus IL Branch 1,Midwest,2026-08-01
LN-AP-001049,Derek Adams,30-Year Fixed Mortgage,257458.43,Loan Officer,E-0222,BR-026,2024-12-13,2025-01-09,2025-01-09,Funded,Funded,31.0,746,0.367,7.849,true,0,Rosa Carter,Cumulus CA Branch 2,Pacific,2024-12-01
LN-AP-001050,Olivia Jackson,30-Year Fixed Mortgage,561807.26,Digital,E-0217,BR-015,2025-11-20,2025-12-29,2025-12-29,Funded,Funded,42.5,597,0.123,8.739,true,0,Amara Green,Cumulus OH Branch 1,Midwest,2025-11-01
LN-AP-001051,Fatima King,15-Year Fixed Mortgage,605577.88,Broker,E-0215,BR-011,2026-05-22,2026-06-20,2026-06-20,Funded,Funded,32.6,605,0.282,6.551,true,0,Henry Patel,Cumulus NC Branch 1,Southeast,2026-05-01
LN-AP-001052,Maya Clark,15-Year Fixed Mortgage,121706.06,Digital,E-0221,BR-016,2026-07-14,,,In Progress,Funded,,785,0.138,5.532,false,0,Fatima Parker,Cumulus OH Branch 2,Midwest,2026-07-01
LN-AP-001053,Layla Thomas,30-Year Fixed Mortgage,593589.15,Branch,E-0221,BR-016,2024-11-07,2024-12-06,2024-12-06,Funded,Funded,32.4,789,0.162,6.538,true,0,Fatima Parker,Cumulus OH Branch 2,Midwest,2024-11-01
LN-AP-001054,Maya Nguyen,Personal Loan,24178.06,Loan Officer,E-0229,BR-025,2025-05-08,2025-06-01,2025-06-01,Funded,Funded,26.9,825,0.464,8.616,true,0,Marcus Wilson,Cumulus CA Branch 1,Pacific,2025-05-01
LN-AP-001055,Olivia White,Personal Loan,4874.21,Branch,E-0219,BR-025,2025-02-28,2025-03-29,2025-03-29,Funded,Funded,33.1,765,0.349,5.505,true,0,Rosa Hall,Cumulus CA Branch 1,Pacific,2025-02-01
LN-AP-001056,Tom Chen,30-Year Fixed Mortgage,197718.49,Digital,E-0225,BR-021,2025-08-09,2025-09-01,2025-09-01,Funded,Funded,26.3,791,0.393,5.222,true,0,Henry Okafor,Cumulus UT Branch 1,Mountain West,2025-08-01
LN-AP-001057,Jonathan Brown,Refinance,194512.66,Loan Officer,E-0211,BR-012,2025-02-06,,,Withdrawn,Application Submitted,,731,0.153,6.575,false,0,Priya Young,Cumulus NC Branch 2,Southeast,2025-02-01
LN-AP-001058,Diego Thomas,30-Year Fixed Mortgage,799503.23,Loan Officer,E-0215,BR-011,2025-08-02,2025-09-06,2025-09-06,Funded,Funded,38.9,728,0.261,6.973,true,0,Henry Patel,Cumulus NC Branch 1,Southeast,2025-08-01
LN-AP-001059,Olivia Garcia,30-Year Fixed Mortgage,288275.69,Branch,E-0218,BR-012,2025-10-28,2025-12-13,2025-12-13,Funded,Funded,50.7,723,0.268,7.676,true,0,Carlos Scott,Cumulus NC Branch 2,Southeast,2025-10-01
LN-AP-001060,Jamal Adams,15-Year Fixed Mortgage,606011.33,Branch,E-0210,BR-019,2025-08-05,2025-10-05,2025-10-05,Funded,Funded,64.8,715,0.461,6.075,true,0,Luis Garcia,Cumulus CO Branch 1,Mountain West,2025-08-01
LN-AP-001061,Olivia Carter,Personal Loan,18214.63,Loan Officer,E-0224,BR-027,2025-07-14,,,In Progress,Document Collection,,810,0.319,8.63,false,5,Priya Davis,Cumulus WA Branch 1,Pacific,2025-07-01
LN-AP-001062,Felix Mitchell,Auto Loan,27094.2,Branch,E-0229,BR-025,2025-05-04,2025-06-17,2025-06-17,Funded,Funded,47.9,767,0.358,6.364,true,0,Marcus Wilson,Cumulus CA Branch 1,Pacific,2025-05-01
LN-AP-001063,Ava Nelson,30-Year Fixed Mortgage,478224.86,Loan Officer,E-0227,BR-016,2024-11-17,,,In Progress,Application Submitted,,643,0.483,7.683,false,2,Zara Young,Cumulus OH Branch 2,Midwest,2024-11-01
LN-AP-001064,Nina Harris,Auto Loan,27547.1,Branch,E-0222,BR-026,2026-01-21,2026-02-22,2026-02-22,Funded,Funded,36.0,735,0.498,8.6,true,0,Rosa Carter,Cumulus CA Branch 2,Pacific,2026-01-01
LN-AP-001065,Zara Edwards,15-Year Fixed Mortgage,499944.35,Branch,E-0221,BR-016,2024-11-01,,,In Progress,Conditional Approval,,709,0.433,6.878,false,1,Fatima Parker,Cumulus OH Branch 2,Midwest,2024-11-01
LN-AP-001066,Hannah Turner,Personal Loan,27102.25,Digital,E-0220,BR-005,2026-07-13,2026-08-10,2026-08-10,Funded,Funded,32.1,783,0.315,8.203,true,0,Luis Adams,Cumulus CT Branch 1,Northeast,2026-07-01
LN-AP-001067,Victor Parker,Personal Loan,18211.58,Branch,E-0221,BR-016,2025-06-26,,,Withdrawn,Underwriting,,568,0.185,7.395,false,0,Fatima Parker,Cumulus OH Branch 2,Midwest,2025-06-01
LN-AP-001068,Sofia King,Auto Loan,41846.58,Digital,E-0217,BR-015,2026-01-02,2026-01-28,2026-01-28,Funded,Funded,28.6,678,0.36,8.335,true,0,Amara Green,Cumulus OH Branch 1,Midwest,2026-01-01
LN-AP-001069,Mei Jackson,15-Year Fixed Mortgage,415451.75,Digital,E-0215,BR-011,2025-02-21,2025-03-18,,Denied,Conditional Approval,,788,0.268,6.686,false,0,Henry Patel,Cumulus NC Branch 1,Southeast,2025-02-01
LN-AP-001070,Amara Allen,Refinance,352043.22,Digital,E-0234,BR-028,2026-08-14,,,In Progress,Underwriting,,754,0.166,7.076,false,5,Henry Taylor,Cumulus WA Branch 2,Pacific,2026-08-01
LN-AP-001071,Mei Miller,30-Year Fixed Mortgage,308484.53,Digital,E-0216,BR-013,2025-02-16,2025-03-06,,Denied,Underwriting,,684,0.506,5.708,false,0,Daniel Morris,Cumulus IL Branch 1,Midwest,2025-02-01
LN-AP-001072,Fatima Evans,Auto Loan,26962.56,Branch,E-0220,BR-005,2025-07-21,2025-08-23,2025-08-23,Funded,Funded,36.7,707,0.172,5.253,true,0,Luis Adams,Cumulus CT Branch 1,Northeast,2025-07-01
LN-AP-001073,Sofia Martinez,15-Year Fixed Mortgage,313112.58,Branch,E-0217,BR-015,2025-12-15,2026-01-29,2026-01-29,Funded,Funded,48.7,791,0.273,6.637,true,0,Amara Green,Cumulus OH Branch 1,Midwest,2025-12-01
LN-AP-001074,Nina Phillips,30-Year Fixed Mortgage,555242.54,Digital,E-0226,BR-010,2026-06-10,2026-07-16,2026-07-16,Funded,Funded,40.1,653,0.181,6.626,true,0,Andre Evans,Cumulus GA Branch 2,Southeast,2026-06-01
LN-AP-001075,Felix Turner,15-Year Fixed Mortgage,435518.95,Digital,E-0216,BR-013,2025-10-06,2025-10-20,,Denied,Underwriting,,755,0.227,6.656,false,0,Daniel Morris,Cumulus IL Branch 1,Midwest,2025-10-01
LN-AP-001076,Samuel Scott,Refinance,514390.43,Digital,E-0231,BR-010,2025-05-29,2025-06-20,2025-06-20,Funded,Funded,26.6,689,0.389,5.946,true,0,Maya Edwards,Cumulus GA Branch 2,Southeast,2025-05-01
LN-AP-001077,Ravi Anderson,HELOC,47954.77,Branch,E-0208,BR-027,2025-05-11,,,Withdrawn,Application Submitted,,626,0.368,7.903,false,0,Yuki Campbell,Cumulus WA Branch 1,Pacific,2025-05-01
LN-AP-001078,Luis Morris,HELOC,108303.69,Digital,E-0232,BR-018,2024-11-05,2024-12-01,2024-12-01,Funded,Funded,29.8,811,0.424,7.7,true,0,Tom Hall,Cumulus MN Branch 2,Midwest,2024-11-01
LN-AP-001079,Amara Lewis,30-Year Fixed Mortgage,349283.92,Digital,E-0233,BR-025,2024-11-17,2024-12-13,2024-12-13,Funded,Funded,29.6,823,0.333,7.308,true,0,Jamal Adams,Cumulus CA Branch 1,Pacific,2024-11-01
LN-AP-001080,Marcus Moore,HELOC,56324.07,Branch,E-0215,BR-011,2025-05-18,2025-07-02,2025-07-02,Funded,Funded,47.7,643,0.265,8.171,true,0,Henry Patel,Cumulus NC Branch 1,Southeast,2025-05-01
LN-AP-001081,Samuel Harris,30-Year Fixed Mortgage,253577.17,Digital,E-0222,BR-026,2026-01-21,2026-02-27,2026-02-27,Funded,Funded,41.2,567,0.153,7.625,true,0,Rosa Carter,Cumulus CA Branch 2,Pacific,2026-01-01
LN-AP-001082,Samuel Patel,30-Year Fixed Mortgage,450590.8,Broker,E-0219,BR-025,2025-10-29,2025-12-03,2025-12-03,Funded,Funded,37.8,588,0.499,6.034,true,0,Rosa Hall,Cumulus CA Branch 1,Pacific,2025-10-01
LN-AP-001083,Isabella Stewart,Refinance,554300.98,Loan Officer,E-0206,BR-020,2025-04-14,2025-05-24,2025-05-24,Funded,Funded,42.9,683,0.34,6.96,true,0,Ben Taylor,Cumulus CO Branch 2,Mountain West,2025-04-01
LN-AP-001084,Mei Miller,Auto Loan,19040.12,Broker,E-0235,BR-008,2026-07-14,2026-08-14,2026-08-14,Funded,Funded,34.3,790,0.283,6.021,true,0,Ava Harris,Cumulus FL Branch 2,Southeast,2026-07-01
LN-AP-001085,Jamal Thomas,30-Year Fixed Mortgage,196778.07,Digital,E-0207,BR-022,2026-08-20,,,In Progress,Funded,,750,0.331,7.236,false,5,Priya Davis,Cumulus UT Branch 2,Mountain West,2026-08-01
LN-AP-001086,Rosa Ruiz,HELOC,54770.2,Digital,E-0224,BR-027,2025-03-06,2025-03-28,2025-03-28,Funded,Funded,26.1,596,0.415,7.549,true,0,Priya Davis,Cumulus WA Branch 1,Pacific,2025-03-01
LN-AP-001087,Victor Martinez,HELOC,340000,Broker,E-0211,BR-012,2025-11-25,,,In Progress,Document Collection,,589,0.189,7.95,false,0,Priya Young,Cumulus NC Branch 2,Southeast,2025-11-01
LN-AP-001088,Andre Johnson,Auto Loan,22713.09,Branch,E-0223,BR-001,2026-05-20,2026-06-16,2026-06-16,Funded,Funded,31.6,622,0.468,8.092,true,0,Noah Adams,Cumulus NY Branch 1,Northeast,2026-05-01
LN-AP-001089,Owen Roberts,30-Year Fixed Mortgage,813565.86,Digital,E-0227,BR-016,2026-04-01,2026-05-11,2026-05-11,Funded,Funded,44.2,761,0.292,8.139,true,0,Zara Young,Cumulus OH Branch 2,Midwest,2026-04-01
LN-AP-001090,Luis Scott,30-Year Fixed Mortgage,366548.55,Digital,E-0219,BR-025,2025-11-13,2025-12-13,2025-12-13,Funded,Funded,33.4,800,0.426,6.877,true,0,Rosa Hall,Cumulus CA Branch 1,Pacific,2025-11-01
LN-AP-001091,Ethan Turner,Refinance,628438.16,Digital,E-0219,BR-025,2025-09-25,2025-10-19,2025-10-19,Funded,Funded,27.1,820,0.517,8.781,true,0,Rosa Hall,Cumulus CA Branch 1,Pacific,2025-09-01
LN-AP-001092,Sara Ruiz,Auto Loan,26561.97,Digital,E-0208,BR-027,2025-09-18,2025-10-13,2025-10-13,Funded,Funded,29.0,737,0.475,7.295,true,0,Yuki Campbell,Cumulus WA Branch 1,Pacific,2025-09-01
LN-AP-001093,Rosa Mitchell,30-Year Fixed Mortgage,404394.12,Digital,E-0222,BR-026,2026-03-03,2026-04-03,2026-04-03,Funded,Funded,34.0,595,0.462,8.469,true,0,Rosa Carter,Cumulus CA Branch 2,Pacific,2026-03-01
LN-AP-001094,Olivia Ruiz,Auto Loan,26367.91,Digital,E-0212,BR-004,2026-08-21,,,In Progress,Funded,,601,0.449,6.712,false,1,Isabella Phillips,Cumulus MA Branch 2,Northeast,2026-08-01
LN-AP-001095,Sara Phillips,Auto Loan,27515.63,Broker,E-0226,BR-010,2026-01-24,2026-03-06,2026-03-06,Funded,Funded,44.0,730,0.185,8.519,true,0,Andre Evans,Cumulus GA Branch 2,Southeast,2026-01-01
LN-AP-001096,Mateo Okafor,15-Year Fixed Mortgage,460331.56,Digital,E-0235,BR-008,2025-01-23,2025-02-22,2025-02-22,Funded,Funded,33.7,730,0.511,5.952,true,0,Ava Harris,Cumulus FL Branch 2,Southeast,2025-01-01
LN-AP-001097,Nina Stewart,Personal Loan,14153.83,Digital,E-0232,BR-018,2025-03-29,2025-03-29,,Denied,Application Submitted,,751,0.46,7.598,false,0,Tom Hall,Cumulus MN Branch 2,Midwest,2025-03-01
LN-AP-001098,Chloe Collins,Personal Loan,42715.44,Branch,E-0216,BR-013,2025-03-08,2025-03-31,2025-03-31,Funded,Funded,27.2,763,0.309,6.648,true,0,Daniel Morris,Cumulus IL Branch 1,Midwest,2025-03-01
LN-AP-001099,Henry Davis,15-Year Fixed Mortgage,236973.23,Branch,E-0222,BR-026,2026-08-14,,,In Progress,Appraisal,,631,0.508,5.347,false,1,Rosa Carter,Cumulus CA Branch 2,Pacific,2026-08-01
LN-AP-001100,Noah Evans,30-Year Fixed Mortgage,595849.33,Branch,E-0221,BR-016,2026-03-30,2026-04-22,,Denied,Conditional Approval,,665,0.503,7.536,false,0,Fatima Parker,Cumulus OH Branch 2,Midwest,2026-03-01
LN-AP-001101,Elena Clark,30-Year Fixed Mortgage,262856.94,Digital,E-0213,BR-023,2025-06-10,,,In Progress,Underwriting,,675,0.368,5.265,false,3,Jamal Lewis,Cumulus AZ Branch 1,Mountain West,2025-06-01
LN-AP-001102,Derek Ashford,30-Year Fixed Mortgage,221062.1,Branch,E-0232,BR-018,2026-08-29,,,In Progress,Conditional Approval,,580,0.199,5.442,false,1,Tom Hall,Cumulus MN Branch 2,Midwest,2026-08-01
LN-AP-001103,Naomi Kim,30-Year Fixed Mortgage,497894.47,Digital,E-0207,BR-022,2025-07-06,,,In Progress,Conditional Approval,,698,0.478,6.052,false,0,Priya Davis,Cumulus UT Branch 2,Mountain West,2025-07-01
LN-AP-001104,Ethan Campbell,30-Year Fixed Mortgage,977893.57,Digital,E-0222,BR-026,2025-10-22,2025-11-14,2025-11-14,Funded,Funded,26.4,767,0.24,5.981,true,0,Rosa Carter,Cumulus CA Branch 2,Pacific,2025-10-01
LN-AP-001105,Maya Stewart,Refinance,1520000,Branch,E-0230,BR-009,2026-06-27,,,Withdrawn,Appraisal,,731,0.156,6.237,false,0,Jamal Wright,Cumulus GA Branch 1,Southeast,2026-06-01
LN-AP-001106,Mateo Lewis,Personal Loan,7124.13,Branch,E-0213,BR-023,2025-07-18,2025-08-17,2025-08-17,Funded,Funded,34.2,772,0.161,8.702,true,0,Jamal Lewis,Cumulus AZ Branch 1,Mountain West,2025-07-01
LN-AP-001107,Noah Scott,30-Year Fixed Mortgage,482896.32,Broker,E-0206,BR-020,2026-08-25,,,In Progress,Funded,,772,0.503,7.872,false,3,Ben Taylor,Cumulus CO Branch 2,Mountain West,2026-08-01
LN-AP-001108,Andre Parker,30-Year Fixed Mortgage,265954.57,Branch,E-0224,BR-027,2025-04-28,,,Withdrawn,Conditional Approval,,727,0.204,7.761,false,0,Priya Davis,Cumulus WA Branch 1,Pacific,2025-04-01
LN-AP-001109,Ethan Edwards,30-Year Fixed Mortgage,184345.21,Loan Officer,E-0215,BR-011,2025-10-18,2025-11-16,2025-11-16,Funded,Funded,33.3,752,0.294,8.147,true,0,Henry Patel,Cumulus NC Branch 1,Southeast,2025-10-01
LN-AP-001110,Owen Mitchell,30-Year Fixed Mortgage,278454.84,Digital,E-0224,BR-027,2024-10-20,2024-11-21,2024-11-21,Funded,Funded,36.8,822,0.182,6.384,true,0,Priya Davis,Cumulus WA Branch 1,Pacific,2024-10-01
LN-AP-001111,Kenji Green,30-Year Fixed Mortgage,557737.58,Loan Officer,E-0220,BR-005,2025-06-03,,,In Progress,Appraisal,,588,0.251,7.092,false,6,Luis Adams,Cumulus CT Branch 1,Northeast,2025-06-01
LN-AP-001112,Victor Moore,30-Year Fixed Mortgage,459133.62,Digital,E-0211,BR-012,2025-02-09,2025-03-16,2025-03-16,Funded,Funded,37.8,577,0.511,7.42,true,0,Priya Young,Cumulus NC Branch 2,Southeast,2025-02-01
LN-AP-001113,Marcus Moore,Refinance,922125.6,Branch,E-0208,BR-027,2024-12-08,,,Withdrawn,Application Submitted,,582,0.246,7.48,false,0,Yuki Campbell,Cumulus WA Branch 1,Pacific,2024-12-01
LN-AP-001114,Victor Okafor,30-Year Fixed Mortgage,325156.93,Digital,E-0225,BR-021,2025-04-17,2025-05-05,2025-05-05,Funded,Funded,21.0,768,0.47,5.427,true,0,Henry Okafor,Cumulus UT Branch 1,Mountain West,2025-04-01
LN-AP-001115,Lauren King,Refinance,190790.95,Digital,E-0211,BR-012,2025-07-30,2025-08-28,2025-08-28,Funded,Funded,33.2,646,0.372,6.113,true,0,Priya Young,Cumulus NC Branch 2,Southeast,2025-07-01
LN-AP-001116,Luis Phillips,15-Year Fixed Mortgage,369771.6,Digital,E-0223,BR-001,2024-12-09,2024-12-28,,Denied,Underwriting,,597,0.304,5.682,false,0,Noah Adams,Cumulus NY Branch 1,Northeast,2024-12-01
LN-AP-001117,Priya Scott,HELOC,67780.57,Loan Officer,E-0233,BR-025,2026-02-17,2026-03-23,2026-03-23,Funded,Funded,36.9,787,0.486,6.423,true,0,Jamal Adams,Cumulus CA Branch 1,Pacific,2026-02-01
LN-AP-001118,Kenji Green,Auto Loan,46585.87,Loan Officer,E-0215,BR-011,2024-12-30,2025-01-20,2025-01-20,Funded,Funded,25.0,794,0.389,6.453,true,0,Henry Patel,Cumulus NC Branch 1,Southeast,2024-12-01
LN-AP-001119,Jonathan Thomas,30-Year Fixed Mortgage,386987.29,Branch,E-0212,BR-004,2025-10-25,2025-11-25,2025-11-25,Funded,Funded,35.4,619,0.182,5.627,true,0,Isabella Phillips,Cumulus MA Branch 2,Northeast,2025-10-01
LN-AP-001120,Layla Edwards,Personal Loan,7578.25,Branch,E-0232,BR-018,2025-10-08,2025-11-06,,Denied,Conditional Approval,,640,0.228,8.089,false,0,Tom Hall,Cumulus MN Branch 2,Midwest,2025-10-01
LN-AP-001121,Wei Wright,Auto Loan,59215.95,Loan Officer,E-0228,BR-013,2025-05-29,2025-07-04,2025-07-04,Funded,Funded,39.4,764,0.361,6.236,true,0,Kenji Silva,Cumulus IL Branch 1,Midwest,2025-05-01
LN-AP-001122,Ava Chen,15-Year Fixed Mortgage,171631.6,Loan Officer,E-0221,BR-016,2026-01-27,2026-03-11,2026-03-11,Funded,Funded,47.4,664,0.516,7.786,true,0,Fatima Parker,Cumulus OH Branch 2,Midwest,2026-01-01
LN-AP-001123,Ben Turner,30-Year Fixed Mortgage,310093.56,Loan Officer,E-0216,BR-013,2025-02-11,2025-03-09,2025-03-09,Funded,Funded,29.8,711,0.17,5.584,true,0,Daniel Morris,Cumulus IL Branch 1,Midwest,2025-02-01
LN-AP-001124,Carlos Moore,30-Year Fixed Mortgage,475213.47,Branch,E-0230,BR-009,2025-06-11,2025-07-13,2025-07-13,Funded,Funded,36.3,628,0.265,8.885,true,0,Jamal Wright,Cumulus GA Branch 1,Southeast,2025-06-01
LN-AP-001125,Rosa Collins,HELOC,94305.47,Digital,E-0206,BR-020,2025-01-23,2025-02-20,2025-02-20,Funded,Funded,31.7,767,0.216,7.009,true,0,Ben Taylor,Cumulus CO Branch 2,Mountain West,2025-01-01
LN-AP-001126,Olivia Chen,30-Year Fixed Mortgage,1292574.08,Digital,E-0212,BR-004,2026-03-27,,,Abandoned,Appraisal,,576,0.383,7.816,false,0,Isabella Phillips,Cumulus MA Branch 2,Northeast,2026-03-01
LN-AP-001127,Ava Evans,Refinance,360298.76,Digital,E-0218,BR-012,2026-08-13,,,In Progress,Funded,,763,0.403,7.378,false,5,Carlos Scott,Cumulus NC Branch 2,Southeast,2026-08-01
LN-AP-001128,Samuel Adams,Refinance,447657.71,Digital,E-0222,BR-026,2025-11-19,,,In Progress,Conditional Approval,,759,0.191,5.872,false,3,Rosa Carter,Cumulus CA Branch 2,Pacific,2025-11-01
LN-AP-001129,Jamal Collins,30-Year Fixed Mortgage,458025.14,Loan Officer,E-0226,BR-010,2025-03-18,2025-04-20,2025-04-20,Funded,Funded,37.2,624,0.153,7.88,true,0,Andre Evans,Cumulus GA Branch 2,Southeast,2025-03-01
LN-AP-001130,Isabella Okafor,Personal Loan,9387.18,Loan Officer,E-0232,BR-018,2026-06-30,2026-08-26,2026-08-26,Funded,Funded,59.6,717,0.205,6.654,true,0,Tom Hall,Cumulus MN Branch 2,Midwest,2026-06-01
LN-AP-001131,Derek Ruiz,HELOC,68853.55,Broker,E-0221,BR-016,2025-09-18,2025-10-23,,Denied,Appraisal,,800,0.451,7.16,false,0,Fatima Parker,Cumulus OH Branch 2,Midwest,2025-09-01
LN-AP-001132,Mateo Ruiz,HELOC,101659.3,Branch,E-0216,BR-013,2025-04-06,2025-04-30,2025-04-30,Funded,Funded,26.2,695,0.237,6.772,true,0,Daniel Morris,Cumulus IL Branch 1,Midwest,2025-04-01
LN-AP-001133,Isabella Hall,15-Year Fixed Mortgage,356086.56,Digital,E-0230,BR-009,2026-03-21,2026-04-29,2026-04-29,Funded,Funded,42.4,595,0.416,7.85,true,0,Jamal Wright,Cumulus GA Branch 1,Southeast,2026-03-01
LN-AP-001134,Luis Lopez,Personal Loan,8311.08,Digital,E-0226,BR-010,2025-11-29,2025-11-29,,Denied,Application Submitted,,814,0.279,5.562,false,0,Andre Evans,Cumulus GA Branch 2,Southeast,2025-11-01
LN-AP-001135,Noah Green,30-Year Fixed Mortgage,736513.54,Digital,E-0212,BR-004,2025-04-17,2025-05-20,2025-05-20,Funded,Funded,36.4,725,0.261,7.155,true,0,Isabella Phillips,Cumulus MA Branch 2,Northeast,2025-04-01
LN-AP-001136,Ines Anderson,15-Year Fixed Mortgage,263647.21,Branch,E-0206,BR-020,2026-07-02,2026-08-10,2026-08-10,Funded,Funded,41.9,666,0.344,5.525,true,0,Ben Taylor,Cumulus CO Branch 2,Mountain West,2026-07-01
LN-AP-001137,Nina Clark,30-Year Fixed Mortgage,278504.64,Digital,E-0212,BR-004,2026-06-21,2026-08-04,2026-08-04,Funded,Funded,48.2,658,0.184,7.603,true,0,Isabella Phillips,Cumulus MA Branch 2,Northeast,2026-06-01
LN-AP-001138,Tom Collins,30-Year Fixed Mortgage,668615.94,Branch,E-0216,BR-013,2026-04-24,2026-06-01,2026-06-01,Funded,Funded,41.5,766,0.518,6.905,true,0,Daniel Morris,Cumulus IL Branch 1,Midwest,2026-04-01
LN-AP-001139,Ben Edwards,30-Year Fixed Mortgage,304739.14,Branch,E-0206,BR-020,2024-12-28,,,In Progress,Conditional Approval,,777,0.374,6.306,false,4,Ben Taylor,Cumulus CO Branch 2,Mountain West,2024-12-01
LN-AP-001140,Chloe Lopez,Refinance,476915.03,Broker,E-0218,BR-012,2026-06-27,2026-08-06,2026-08-06,Funded,Funded,43.9,561,0.434,7.109,true,0,Carlos Scott,Cumulus NC Branch 2,Southeast,2026-06-01
LN-AP-001141,Sofia Clark,Personal Loan,13039.2,Branch,E-0233,BR-025,2025-11-30,,,In Progress,Application Submitted,,590,0.24,7.206,false,2,Jamal Adams,Cumulus CA Branch 1,Pacific,2025-11-01
LN-AP-001142,Priya Chen,Personal Loan,15128.01,Digital,E-0217,BR-015,2025-10-28,,,Withdrawn,Appraisal,,700,0.459,5.911,false,0,Amara Green,Cumulus OH Branch 1,Midwest,2025-10-01
LN-AP-001143,Diego Turner,Auto Loan,36390.72,Digital,E-0226,BR-010,2025-02-04,2025-03-24,2025-03-24,Funded,Funded,49.6,684,0.122,7.282,true,0,Andre Evans,Cumulus GA Branch 2,Southeast,2025-02-01
LN-AP-001144,Yuki Collins,30-Year Fixed Mortgage,674501.28,Digital,E-0210,BR-019,2024-12-04,,,Withdrawn,Appraisal,,678,0.477,5.336,false,0,Luis Garcia,Cumulus CO Branch 1,Mountain West,2024-12-01
LN-AP-001145,Derek Patel,30-Year Fixed Mortgage,771260.29,Digital,E-0225,BR-021,2026-02-04,2026-03-11,2026-03-11,Funded,Funded,39.4,570,0.161,7.898,true,0,Henry Okafor,Cumulus UT Branch 1,Mountain West,2026-02-01
LN-AP-001146,Nora White,Personal Loan,5859.14,Branch,E-0224,BR-027,2026-05-09,,,Withdrawn,Document Collection,,819,0.401,8.221,false,0,Priya Davis,Cumulus WA Branch 1,Pacific,2026-05-01
LN-AP-001147,Isabella Bailey,30-Year Fixed Mortgage,373412.77,Loan Officer,E-0221,BR-016,2026-03-09,2026-04-05,2026-04-05,Funded,Funded,30.9,745,0.441,8.048,true,0,Fatima Parker,Cumulus OH Branch 2,Midwest,2026-03-01
LN-AP-001148,Naomi Vaughn,15-Year Fixed Mortgage,338559.94,Digital,E-0221,BR-016,2026-06-28,,,Abandoned,Conditional Approval,,781,0.171,7.373,false,0,Fatima Parker,Cumulus OH Branch 2,Midwest,2026-06-01
LN-AP-001149,Sofia Ashford,Auto Loan,40877.15,Digital,E-0215,BR-011,2026-01-20,2026-02-24,2026-02-24,Funded,Funded,38.4,721,0.134,8.398,true,0,Henry Patel,Cumulus NC Branch 1,Southeast,2026-01-01
LN-AP-001150,Yuki Nelson,HELOC,154043.23,Loan Officer,E-0222,BR-026,2025-12-24,,,Withdrawn,Application Submitted,,663,0.309,8.592,false,0,Rosa Carter,Cumulus CA Branch 2,Pacific,2025-12-01
LN-AP-001151,Daniel Bailey,Refinance,203686.39,Branch,E-0219,BR-025,2025-04-30,2025-05-10,,Denied,Document Collection,,597,0.262,8.507,false,0,Rosa Hall,Cumulus CA Branch 1,Pacific,2025-04-01
LN-AP-001152,Zara Roberts,Personal Loan,8579.42,Branch,E-0220,BR-005,2025-04-01,2025-05-08,,Denied,Document Collection,,809,0.329,7.193,false,0,Luis Adams,Cumulus CT Branch 1,Northeast,2025-04-01
LN-AP-001153,Leo Harris,HELOC,41011.06,Digital,E-0235,BR-008,2024-12-24,2025-01-23,2025-01-23,Funded,Funded,35.0,694,0.207,6.451,true,0,Ava Harris,Cumulus FL Branch 2,Southeast,2024-12-01
LN-AP-001154,Felix Carter,Auto Loan,75914.03,Branch,E-0217,BR-015,2025-10-24,2025-11-16,2025-11-16,Funded,Funded,27.7,814,0.515,7.535,true,0,Amara Green,Cumulus OH Branch 1,Midwest,2025-10-01
LN-AP-001155,Derek King,HELOC,115848.44,Digital,E-0235,BR-008,2026-02-14,2026-02-14,,Denied,Application Submitted,,819,0.469,6.732,false,0,Ava Harris,Cumulus FL Branch 2,Southeast,2026-02-01
LN-AP-001156,Sofia Taylor,HELOC,183880.04,Digital,E-0232,BR-018,2025-06-17,,,In Progress,Underwriting,,609,0.201,6.594,false,2,Tom Hall,Cumulus MN Branch 2,Midwest,2025-06-01
LN-AP-001157,Sara Kim,Refinance,633617.73,Digital,E-0209,BR-006,2026-02-16,,,Withdrawn,Appraisal,,727,0.504,6.284,false,0,Yuki Stewart,Cumulus CT Branch 2,Northeast,2026-02-01
LN-AP-001158,Noah Jackson,HELOC,92180.04,Digital,E-0220,BR-005,2026-03-08,2026-04-02,2026-04-02,Funded,Funded,28.5,820,0.37,5.549,true,0,Luis Adams,Cumulus CT Branch 1,Northeast,2026-03-01
LN-AP-001159,Wei Chen,30-Year Fixed Mortgage,383100.41,Broker,E-0222,BR-026,2025-03-14,2025-04-21,2025-04-21,Funded,Funded,41.3,726,0.336,7.191,true,0,Rosa Carter,Cumulus CA Branch 2,Pacific,2025-03-01
LN-AP-001160,Nora Nelson,Personal Loan,27572.97,Digital,E-0235,BR-008,2025-11-08,2025-11-30,2025-11-30,Funded,Funded,24.5,692,0.307,5.983,true,0,Ava Harris,Cumulus FL Branch 2,Southeast,2025-11-01
LN-AP-001161,Noah King,HELOC,62410.9,Broker,E-0219,BR-025,2025-06-07,2025-07-02,2025-07-02,Funded,Funded,29.6,813,0.215,5.489,true,0,Rosa Hall,Cumulus CA Branch 1,Pacific,2025-06-01
LN-AP-001162,Luis Adams,Personal Loan,14409.36,Loan Officer,E-0209,BR-006,2025-02-21,2025-03-25,2025-03-25,Funded,Funded,34.5,619,0.244,6.205,true,0,Yuki Stewart,Cumulus CT Branch 2,Northeast,2025-02-01
LN-AP-001163,Aisha Wilson,30-Year Fixed Mortgage,876516.89,Loan Officer,E-0226,BR-010,2025-08-06,2025-09-23,2025-09-23,Funded,Funded,52.1,611,0.451,6.081,true,0,Andre Evans,Cumulus GA Branch 2,Southeast,2025-08-01
LN-AP-001164,Marcus Nguyen,HELOC,51353.88,Branch,E-0214,BR-027,2025-04-14,,,Withdrawn,Document Collection,,721,0.182,7.111,false,0,Amara Clark,Cumulus WA Branch 1,Pacific,2025-04-01
LN-AP-001165,Mateo Bailey,30-Year Fixed Mortgage,1025291.39,Digital,E-0208,BR-027,2026-07-18,2026-08-12,2026-08-12,Funded,Funded,29.5,762,0.465,6.007,true,0,Yuki Campbell,Cumulus WA Branch 1,Pacific,2026-07-01
LN-AP-001166,Amara Hall,Personal Loan,19481.97,Branch,E-0232,BR-018,2026-03-18,,,Withdrawn,Application Submitted,,710,0.345,7.338,false,0,Tom Hall,Cumulus MN Branch 2,Midwest,2026-03-01
LN-AP-001167,Leo Miller,30-Year Fixed Mortgage,514151.42,Branch,E-0228,BR-013,2026-07-05,,,In Progress,Appraisal,,608,0.48,5.38,false,1,Kenji Silva,Cumulus IL Branch 1,Midwest,2026-07-01
LN-AP-001168,Jamal Patel,Auto Loan,83634.44,Loan Officer,E-0224,BR-027,2026-07-27,,,In Progress,Funded,,611,0.288,5.557,false,0,Priya Davis,Cumulus WA Branch 1,Pacific,2026-07-01
LN-AP-001169,Ben Bailey,Personal Loan,9931.57,Loan Officer,E-0221,BR-016,2026-03-02,,,In Progress,Conditional Approval,,664,0.12,7.713,false,1,Fatima Parker,Cumulus OH Branch 2,Midwest,2026-03-01
LN-AP-001170,Sara Martinez,Refinance,450676.06,Branch,E-0227,BR-016,2025-10-04,2025-11-14,2025-11-14,Funded,Funded,45.6,728,0.306,7.535,true,0,Zara Young,Cumulus OH Branch 2,Midwest,2025-10-01
LN-AP-001171,Jamal Scott,30-Year Fixed Mortgage,609994.93,Branch,E-0235,BR-008,2026-04-29,2026-06-04,2026-06-04,Funded,Funded,40.3,656,0.122,7.831,true,0,Ava Harris,Cumulus FL Branch 2,Southeast,2026-04-01
LN-AP-001172,Tom Young,Auto Loan,30026.95,Digital,E-0206,BR-020,2025-04-23,2025-06-09,2025-06-09,Funded,Funded,51.5,679,0.443,7.872,true,0,Ben Taylor,Cumulus CO Branch 2,Mountain West,2025-04-01
LN-AP-001173,Kenji Taylor,Refinance,329245.0,Loan Officer,E-0226,BR-010,2025-03-06,2025-03-27,2025-03-27,Funded,Funded,23.8,578,0.219,7.479,true,0,Andre Evans,Cumulus GA Branch 2,Southeast,2025-03-01
LN-AP-001174,Nora Ashford,30-Year Fixed Mortgage,296094.52,Loan Officer,E-0228,BR-013,2026-05-01,2026-05-01,,Denied,Application Submitted,,656,0.49,5.343,false,0,Kenji Silva,Cumulus IL Branch 1,Midwest,2026-05-01
LN-AP-001175,Henry Chen,30-Year Fixed Mortgage,294986.98,Branch,E-0225,BR-021,2025-11-02,,,In Progress,Application Submitted,,578,0.342,6.229,false,2,Henry Okafor,Cumulus UT Branch 1,Mountain West,2025-11-01
LN-AP-001176,Yuki Harris,Auto Loan,27476.66,Digital,E-0211,BR-012,2026-05-02,2026-06-09,2026-06-09,Funded,Funded,41.1,678,0.396,5.918,true,0,Priya Young,Cumulus NC Branch 2,Southeast,2026-05-01
LN-AP-001177,Mateo Scott,30-Year Fixed Mortgage,1031390.52,Broker,E-0216,BR-013,2025-08-22,2025-10-02,2025-10-02,Funded,Funded,43.8,727,0.49,7.09,true,0,Daniel Morris,Cumulus IL Branch 1,Midwest,2025-08-01
LN-AP-001178,Owen Davis,30-Year Fixed Mortgage,385177.1,Digital,E-0208,BR-027,2025-12-08,2025-12-28,2025-12-28,Funded,Funded,23.5,582,0.466,6.517,true,0,Yuki Campbell,Cumulus WA Branch 1,Pacific,2025-12-01
LN-AP-001179,Jamal Ruiz,15-Year Fixed Mortgage,409002.36,Branch,E-0223,BR-001,2024-10-07,,,Withdrawn,Application Submitted,,714,0.256,6.335,false,0,Noah Adams,Cumulus NY Branch 1,Northeast,2024-10-01
LN-AP-001180,Noah Edwards,Refinance,310966.44,Digital,E-0210,BR-019,2025-04-14,2025-05-11,2025-05-11,Funded,Funded,31.9,637,0.422,8.602,true,0,Luis Garcia,Cumulus CO Branch 1,Mountain West,2025-04-01
LN-AP-001181,Emma Turner,Auto Loan,36718.07,Broker,E-0210,BR-019,2026-01-22,2026-02-15,2026-02-15,Funded,Funded,26.9,636,0.47,8.183,true,0,Luis Garcia,Cumulus CO Branch 1,Mountain West,2026-01-01
LN-AP-001182,Priya Carter,15-Year Fixed Mortgage,489292.31,Branch,E-0211,BR-012,2025-04-09,,,Withdrawn,Conditional Approval,,673,0.449,6.324,false,0,Priya Young,Cumulus NC Branch 2,Southeast,2025-04-01
LN-AP-001183,Mei Wilson,Auto Loan,14993.83,Digital,E-0223,BR-001,2025-04-02,2025-04-24,,Denied,Underwriting,,571,0.438,5.892,false,0,Noah Adams,Cumulus NY Branch 1,Northeast,2025-04-01
LN-AP-001184,Naomi Kim,15-Year Fixed Mortgage,544482.26,Digital,E-0222,BR-026,2025-03-31,2025-04-28,2025-04-28,Funded,Funded,32.4,580,0.246,8.694,true,0,Rosa Carter,Cumulus CA Branch 2,Pacific,2025-03-01
LN-AP-001185,Nina Ashford,Personal Loan,12905.08,Broker,E-0223,BR-001,2026-03-04,,,In Progress,Appraisal,,792,0.228,5.612,false,3,Noah Adams,Cumulus NY Branch 1,Northeast,2026-03-01
LN-AP-001186,Wei Young,Auto Loan,37604.25,Branch,E-0228,BR-013,2025-12-26,,,Withdrawn,Underwriting,,791,0.234,6.92,false,0,Kenji Silva,Cumulus IL Branch 1,Midwest,2025-12-01
LN-AP-001187,Henry Carter,15-Year Fixed Mortgage,295114.08,Digital,E-0226,BR-010,2026-02-02,2026-03-08,2026-03-08,Funded,Funded,36.7,620,0.291,7.495,true,0,Andre Evans,Cumulus GA Branch 2,Southeast,2026-02-01
LN-AP-001188,Victor King,Refinance,514781.02,Digital,E-0224,BR-027,2025-08-28,2025-10-16,2025-10-16,Funded,Funded,53.0,575,0.42,6.537,true,0,Priya Davis,Cumulus WA Branch 1,Pacific,2025-08-01
LN-AP-001189,Tom Mitchell,Personal Loan,23787.75,Branch,E-0206,BR-020,2025-05-26,,,In Progress,Underwriting,,685,0.222,5.707,false,0,Ben Taylor,Cumulus CO Branch 2,Mountain West,2025-05-01
LN-AP-001190,Samuel Moore,30-Year Fixed Mortgage,477352.99,Loan Officer,E-0210,BR-019,2025-01-26,,,In Progress,Conditional Approval,,734,0.298,6.811,false,1,Luis Garcia,Cumulus CO Branch 1,Mountain West,2025-01-01
LN-AP-001191,Hannah Phillips,Auto Loan,14391.6,Branch,E-0207,BR-022,2026-01-10,2026-02-12,2026-02-12,Funded,Funded,36.3,627,0.359,8.478,true,0,Priya Davis,Cumulus UT Branch 2,Mountain West,2026-01-01
LN-AP-001192,Andre Kim,Personal Loan,10770.49,Loan Officer,E-0209,BR-006,2026-07-14,2026-07-14,,Denied,Application Submitted,,693,0.288,5.221,false,0,Yuki Stewart,Cumulus CT Branch 2,Northeast,2026-07-01
LN-AP-001193,Fatima Campbell,Auto Loan,27856.92,Broker,E-0225,BR-021,2025-08-05,2025-09-05,2025-09-05,Funded,Funded,33.8,676,0.183,7.276,true,0,Henry Okafor,Cumulus UT Branch 1,Mountain West,2025-08-01
LN-AP-001194,Victor Morris,Auto Loan,20460.18,Digital,E-0233,BR-025,2025-11-09,2025-12-14,2025-12-14,Funded,Funded,38.4,662,0.477,5.213,true,0,Jamal Adams,Cumulus CA Branch 1,Pacific,2025-11-01
LN-AP-001195,Ines Thomas,Auto Loan,71772.29,Branch,E-0230,BR-009,2025-07-01,,,Withdrawn,Document Collection,,577,0.19,8.862,false,0,Jamal Wright,Cumulus GA Branch 1,Southeast,2025-07-01
LN-AP-001196,Priya Baker,30-Year Fixed Mortgage,430247.36,Digital,E-0221,BR-016,2025-01-14,2025-03-06,2025-03-06,Funded,Funded,54.5,714,0.23,6.901,true,0,Fatima Parker,Cumulus OH Branch 2,Midwest,2025-01-01
LN-AP-001197,Andre Chen,30-Year Fixed Mortgage,949656.06,Digital,E-0224,BR-027,2025-10-01,,,In Progress,Application Submitted,,740,0.44,8.036,false,3,Priya Davis,Cumulus WA Branch 1,Pacific,2025-10-01
LN-AP-001198,Jonathan Roberts,30-Year Fixed Mortgage,522846.5,Digital,E-0230,BR-009,2025-06-04,,,Withdrawn,Appraisal,,561,0.307,8.397,false,0,Jamal Wright,Cumulus GA Branch 1,Southeast,2025-06-01
LN-AP-001199,Ben Baker,Personal Loan,16541.12,Digital,E-0206,BR-020,2024-10-10,2024-12-05,2024-12-05,Funded,Funded,60.6,772,0.409,6.458,true,0,Ben Taylor,Cumulus CO Branch 2,Mountain West,2024-10-01
LN-AP-001200,Jamal Nelson,Personal Loan,18205.68,Branch,E-0209,BR-006,2025-04-20,2025-05-22,,Denied,Appraisal,,689,0.143,7.575,false,0,Yuki Stewart,Cumulus CT Branch 2,Northeast,2025-04-01
LN-AP-001201,Daniel Bailey,30-Year Fixed Mortgage,552890.46,Digital,E-0218,BR-012,2025-03-07,2025-04-09,2025-04-09,Funded,Funded,36.4,739,0.226,6.616,true,0,Carlos Scott,Cumulus NC Branch 2,Southeast,2025-03-01
LN-AP-001202,Layla Lopez,HELOC,51367.04,Loan Officer,E-0226,BR-010,2025-01-07,2025-02-16,,Denied,Conditional Approval,,730,0.184,7.536,false,0,Andre Evans,Cumulus GA Branch 2,Southeast,2025-01-01
LN-AP-001203,Julian Ruiz,Personal Loan,7352.5,Branch,E-0223,BR-001,2026-03-19,2026-04-15,,Denied,Conditional Approval,,795,0.422,5.121,false,0,Noah Adams,Cumulus NY Branch 1,Northeast,2026-03-01
LN-AP-001204,Yuki King,HELOC,49499.57,Branch,E-0229,BR-025,2025-09-10,2025-10-10,2025-10-10,Funded,Funded,33.7,623,0.513,8.59,true,0,Marcus Wilson,Cumulus CA Branch 1,Pacific,2025-09-01
LN-AP-001205,Victor Young,30-Year Fixed Mortgage,1160928.78,Digital,E-0218,BR-012,2026-03-14,2026-04-12,2026-04-12,Funded,Funded,31.6,773,0.452,7.054,true,0,Carlos Scott,Cumulus NC Branch 2,Southeast,2026-03-01
LN-AP-001206,Zara Allen,HELOC,27379.1,Loan Officer,E-0226,BR-010,2025-02-28,2025-04-05,2025-04-05,Funded,Funded,39.1,780,0.336,8.494,true,0,Andre Evans,Cumulus GA Branch 2,Southeast,2025-02-01
LN-AP-001207,Lauren Clark,30-Year Fixed Mortgage,565222.83,Loan Officer,E-0216,BR-013,2024-10-21,2024-11-29,2024-11-29,Funded,Funded,43.8,678,0.495,5.251,true,0,Daniel Morris,Cumulus IL Branch 1,Midwest,2024-10-01
LN-AP-001208,Ava Morris,HELOC,82201.51,Loan Officer,E-0213,BR-023,2025-03-19,,,In Progress,Appraisal,,616,0.131,6.302,false,1,Jamal Lewis,Cumulus AZ Branch 1,Mountain West,2025-03-01
LN-AP-001209,Nora Johnson,Auto Loan,17425.86,Loan Officer,E-0233,BR-025,2025-10-05,2025-10-31,2025-10-31,Funded,Funded,29.7,693,0.131,6.4,true,0,Jamal Adams,Cumulus CA Branch 1,Pacific,2025-10-01
LN-AP-001210,Hannah Martinez,Personal Loan,23552.46,Loan Officer,E-0229,BR-025,2026-04-06,2026-05-07,2026-05-07,Funded,Funded,35.3,632,0.352,7.889,true,0,Marcus Wilson,Cumulus CA Branch 1,Pacific,2026-04-01
LN-AP-001211,Henry Garcia,HELOC,101670.06,Branch,E-0222,BR-026,2026-07-21,2026-08-31,2026-08-31,Funded,Funded,43.9,703,0.157,8.525,true,0,Rosa Carter,Cumulus CA Branch 2,Pacific,2026-07-01
LN-AP-001212,Ethan Lewis,30-Year Fixed Mortgage,391607.97,Broker,E-0212,BR-004,2026-06-03,2026-07-08,2026-07-08,Funded,Funded,39.7,739,0.441,5.393,true,0,Isabella Phillips,Cumulus MA Branch 2,Northeast,2026-06-01
LN-AP-001213,Isabella Nelson,30-Year Fixed Mortgage,573966.3,Broker,E-0208,BR-027,2025-02-12,2025-04-21,2025-04-21,Funded,Funded,70.5,615,0.48,8.579,true,0,Yuki Campbell,Cumulus WA Branch 1,Pacific,2025-02-01
LN-AP-001214,Yuki Nguyen,30-Year Fixed Mortgage,247271.56,Broker,E-0216,BR-013,2025-03-03,2025-04-07,2025-04-07,Funded,Funded,38.7,805,0.262,6.775,true,0,Daniel Morris,Cumulus IL Branch 1,Midwest,2025-03-01
LN-AP-001215,Priya Silva,15-Year Fixed Mortgage,242845.42,Digital,E-0223,BR-001,2024-11-19,2024-12-18,2024-12-18,Funded,Funded,32.3,784,0.435,6.897,true,0,Noah Adams,Cumulus NY Branch 1,Northeast,2024-11-01
LN-AP-001216,Aisha Lopez,Personal Loan,11994.08,Digital,E-0230,BR-009,2025-09-01,2025-09-29,2025-09-29,Funded,Funded,32.3,740,0.427,6.147,true,0,Jamal Wright,Cumulus GA Branch 1,Southeast,2025-09-01
LN-AP-001217,Hannah Morris,30-Year Fixed Mortgage,664378.79,Branch,E-0227,BR-016,2026-05-24,2026-06-19,,Denied,Underwriting,,652,0.351,7.625,false,0,Zara Young,Cumulus OH Branch 2,Midwest,2026-05-01
LN-AP-001218,Marcus Young,30-Year Fixed Mortgage,179881.39,Broker,E-0223,BR-001,2024-12-15,2025-01-11,2025-01-11,Funded,Funded,31.8,743,0.143,7.056,true,0,Noah Adams,Cumulus NY Branch 1,Northeast,2024-12-01
LN-AP-001219,Rosa Bailey,Auto Loan,40639.92,Branch,E-0217,BR-015,2025-06-14,2025-07-23,2025-07-23,Funded,Funded,41.2,731,0.35,7.825,true,0,Amara Green,Cumulus OH Branch 1,Midwest,2025-06-01
LN-AP-001220,Ines Lewis,Refinance,641387.74,Branch,E-0222,BR-026,2026-06-03,2026-07-26,2026-07-26,Funded,Funded,56.4,561,0.296,6.303,true,0,Rosa Carter,Cumulus CA Branch 2,Pacific,2026-06-01
LN-AP-001221,Diego Allen,15-Year Fixed Mortgage,189786.5,Loan Officer,E-0232,BR-018,2025-08-27,2025-10-12,2025-10-12,Funded,Funded,49.3,735,0.126,6.211,true,0,Tom Hall,Cumulus MN Branch 2,Midwest,2025-08-01
LN-AP-001222,Zara Patel,HELOC,210677.36,Loan Officer,E-0233,BR-025,2026-05-18,2026-07-02,2026-07-02,Funded,Funded,49.1,649,0.508,6.969,true,0,Jamal Adams,Cumulus CA Branch 1,Pacific,2026-05-01
LN-AP-001223,Ines Lopez,15-Year Fixed Mortgage,211261.84,Loan Officer,E-0212,BR-004,2026-04-01,2026-05-02,2026-05-02,Funded,Funded,35.1,649,0.342,8.395,true,0,Isabella Phillips,Cumulus MA Branch 2,Northeast,2026-04-01
LN-AP-001224,Noah Ruiz,15-Year Fixed Mortgage,216839.02,Branch,E-0208,BR-027,2025-09-11,2025-11-04,2025-11-04,Funded,Funded,57.4,687,0.493,6.549,true,0,Yuki Campbell,Cumulus WA Branch 1,Pacific,2025-09-01
LN-AP-001225,Nina Thomas,Refinance,447724.76,Branch,E-0216,BR-013,2025-12-30,2026-02-04,2026-02-04,Funded,Funded,37.9,595,0.393,7.48,true,0,Daniel Morris,Cumulus IL Branch 1,Midwest,2025-12-01
LN-AP-001226,Sara Johnson,30-Year Fixed Mortgage,223636.74,Loan Officer,E-0208,BR-027,2024-12-04,,,In Progress,Document Collection,,825,0.352,7.908,false,1,Yuki Campbell,Cumulus WA Branch 1,Pacific,2024-12-01
LN-AP-001227,Mateo Miller,Personal Loan,10978.88,Branch,E-0220,BR-005,2025-12-30,2026-01-24,2026-01-24,Funded,Funded,29.0,810,0.382,6.711,true,0,Luis Adams,Cumulus CT Branch 1,Northeast,2025-12-01
LN-AP-001228,Lauren Baker,Refinance,554691.31,Digital,E-0235,BR-008,2026-01-11,2026-02-09,2026-02-09,Funded,Funded,31.5,800,0.318,8.276,true,0,Ava Harris,Cumulus FL Branch 2,Southeast,2026-01-01
LN-AP-001229,Chloe Collins,30-Year Fixed Mortgage,389227.78,Branch,E-0226,BR-010,2025-08-15,2025-10-20,2025-10-20,Funded,Funded,70.3,750,0.12,7.477,true,0,Andre Evans,Cumulus GA Branch 2,Southeast,2025-08-01
LN-AP-001230,Owen Moore,15-Year Fixed Mortgage,328088.3,Branch,E-0209,BR-006,2025-02-22,2025-04-17,2025-04-17,Funded,Funded,56.9,590,0.209,6.678,true,0,Yuki Stewart,Cumulus CT Branch 2,Northeast,2025-02-01
LN-AP-001231,Noah Allen,30-Year Fixed Mortgage,439228.06,Digital,E-0232,BR-018,2025-11-03,,,Withdrawn,Application Submitted,,587,0.211,8.614,false,0,Tom Hall,Cumulus MN Branch 2,Midwest,2025-11-01
LN-AP-001232,Leo Nguyen,30-Year Fixed Mortgage,325300.84,Loan Officer,E-0234,BR-028,2025-10-20,,,Withdrawn,Appraisal,,778,0.517,8.579,false,0,Henry Taylor,Cumulus WA Branch 2,Pacific,2025-10-01
LN-AP-001233,Hannah Scott,Personal Loan,12820.22,Branch,E-0215,BR-011,2025-04-28,2025-05-23,2025-05-23,Funded,Funded,28.5,740,0.484,6.115,true,0,Henry Patel,Cumulus NC Branch 1,Southeast,2025-04-01
LN-AP-001234,Amara Wilson,30-Year Fixed Mortgage,383027.05,Broker,E-0225,BR-021,2025-01-07,,,Withdrawn,Application Submitted,,759,0.227,7.605,false,0,Henry Okafor,Cumulus UT Branch 1,Mountain West,2025-01-01
LN-AP-001235,Nina Edwards,15-Year Fixed Mortgage,343660.52,Loan Officer,E-0233,BR-025,2025-12-11,,,Withdrawn,Underwriting,,733,0.157,5.39,false,0,Jamal Adams,Cumulus CA Branch 1,Pacific,2025-12-01
LN-AP-001236,Aisha Campbell,15-Year Fixed Mortgage,493736.04,Branch,E-0225,BR-021,2025-04-07,2025-05-17,2025-05-17,Funded,Funded,44.4,767,0.159,7.429,true,0,Henry Okafor,Cumulus UT Branch 1,Mountain West,2025-04-01
LN-AP-001237,Zara Okafor,30-Year Fixed Mortgage,289546.51,Digital,E-0211,BR-012,2025-11-20,2025-12-22,2025-12-22,Funded,Funded,34.6,723,0.352,8.155,true,0,Priya Young,Cumulus NC Branch 2,Southeast,2025-11-01
LN-AP-001238,Naomi Lewis,15-Year Fixed Mortgage,211089.8,Loan Officer,E-0231,BR-010,2025-02-14,2025-03-19,2025-03-19,Funded,Funded,35.5,708,0.504,5.829,true,0,Maya Edwards,Cumulus GA Branch 2,Southeast,2025-02-01
LN-AP-001239,Layla Baker,30-Year Fixed Mortgage,698256.9,Branch,E-0232,BR-018,2025-03-05,2025-04-18,2025-04-18,Funded,Funded,47.4,753,0.328,6.318,true,0,Tom Hall,Cumulus MN Branch 2,Midwest,2025-03-01
LN-AP-001240,Nora Carter,Refinance,311735.21,Digital,E-0233,BR-025,2026-08-23,,,In Progress,Funded,,578,0.328,6.426,false,2,Jamal Adams,Cumulus CA Branch 1,Pacific,2026-08-01
LN-AP-001241,Luis Chen,Refinance,417975.62,Branch,E-0233,BR-025,2025-02-25,,,Withdrawn,Conditional Approval,,645,0.353,5.586,false,0,Jamal Adams,Cumulus CA Branch 1,Pacific,2025-02-01
LN-AP-001242,Ava King,Auto Loan,42031.61,Loan Officer,E-0232,BR-018,2025-05-30,2025-07-04,2025-07-04,Funded,Funded,38.2,712,0.156,7.08,true,0,Tom Hall,Cumulus MN Branch 2,Midwest,2025-05-01
LN-AP-001243,Julian Edwards,HELOC,65495.99,Digital,E-0209,BR-006,2026-07-31,,,Withdrawn,Application Submitted,,702,0.333,8.112,false,0,Yuki Stewart,Cumulus CT Branch 2,Northeast,2026-07-01
LN-AP-001244,Kenji Morris,15-Year Fixed Mortgage,561473.12,Loan Officer,E-0224,BR-027,2024-11-20,2024-12-28,2024-12-28,Funded,Funded,41.8,667,0.259,6.314,true,0,Priya Davis,Cumulus WA Branch 1,Pacific,2024-11-01
LN-AP-001245,Ava Campbell,30-Year Fixed Mortgage,584310.84,Digital,E-0220,BR-005,2026-08-12,2026-08-30,2026-08-30,Funded,Funded,19.7,583,0.474,7.031,true,0,Luis Adams,Cumulus CT Branch 1,Northeast,2026-08-01
LN-AP-001246,Luis Edwards,Personal Loan,16178.32,Digital,E-0228,BR-013,2026-06-16,,,Withdrawn,Appraisal,,611,0.28,6.772,false,0,Kenji Silva,Cumulus IL Branch 1,Midwest,2026-06-01
LN-AP-001247,Hannah Patel,30-Year Fixed Mortgage,837610.44,Loan Officer,E-0229,BR-025,2025-09-01,,,In Progress,Appraisal,,566,0.144,7.127,false,3,Marcus Wilson,Cumulus CA Branch 1,Pacific,2025-09-01
LN-AP-001248,Andre Nguyen,Auto Loan,60239.3,Branch,E-0235,BR-008,2026-05-17,2026-07-02,2026-07-02,Funded,Funded,48.3,566,0.206,6.013,true,0,Ava Harris,Cumulus FL Branch 2,Southeast,2026-05-01
LN-AP-001249,Lauren Silva,30-Year Fixed Mortgage,382369.98,Digital,E-0217,BR-015,2026-07-12,2026-08-13,2026-08-13,Funded,Funded,35.8,701,0.337,8.468,true,0,Amara Green,Cumulus OH Branch 1,Midwest,2026-07-01
LN-AP-001250,Priya Chen,Personal Loan,22742.83,Digital,E-0217,BR-015,2026-08-10,,,In Progress,Funded,,636,0.158,7.997,false,4,Amara Green,Cumulus OH Branch 1,Midwest,2026-08-01
LN-AP-001251,Derek Green,HELOC,89251.6,Digital,E-0207,BR-022,2026-01-13,2026-01-28,,Denied,Document Collection,,808,0.355,5.785,false,0,Priya Davis,Cumulus UT Branch 2,Mountain West,2026-01-01
LN-AP-001252,Naomi Kim,HELOC,94790.9,Digital,E-0232,BR-018,2026-07-03,2026-08-12,2026-08-12,Funded,Funded,44.8,601,0.393,8.799,true,0,Tom Hall,Cumulus MN Branch 2,Midwest,2026-07-01
LN-AP-001253,Nina Hall,HELOC,106723.55,Digital,E-0223,BR-001,2025-03-15,2025-04-05,2025-04-05,Funded,Funded,24.4,599,0.127,6.307,true,0,Noah Adams,Cumulus NY Branch 1,Northeast,2025-03-01
LN-AP-001254,Nora Baker,Auto Loan,18029.58,Broker,E-0209,BR-006,2025-12-12,2026-01-22,2026-01-22,Funded,Funded,45.0,637,0.173,7.9,true,0,Yuki Stewart,Cumulus CT Branch 2,Northeast,2025-12-01
LN-AP-001255,Ines Campbell,Auto Loan,35299.51,Digital,E-0235,BR-008,2024-12-11,2025-01-17,2025-01-17,Funded,Funded,39.6,767,0.173,6.199,true,0,Ava Harris,Cumulus FL Branch 2,Southeast,2024-12-01
LN-AP-001256,Olivia Edwards,15-Year Fixed Mortgage,522171.53,Digital,E-0216,BR-013,2026-07-05,2026-07-30,,Denied,Document Collection,,739,0.152,6.795,false,0,Daniel Morris,Cumulus IL Branch 1,Midwest,2026-07-01
LN-AP-001257,Nora Patel,Auto Loan,9329.52,Loan Officer,E-0217,BR-015,2024-10-13,2024-11-17,2024-11-17,Funded,Funded,38.6,769,0.329,6.373,true,0,Amara Green,Cumulus OH Branch 1,Midwest,2024-10-01
LN-AP-001258,Julian Mitchell,30-Year Fixed Mortgage,329464.8,Broker,E-0214,BR-027,2025-08-23,,,Withdrawn,Appraisal,,717,0.421,8.431,false,0,Amara Clark,Cumulus WA Branch 1,Pacific,2025-08-01
LN-AP-001259,Isabella Miller,Personal Loan,12943.23,Digital,E-0227,BR-016,2025-01-09,2025-02-19,2025-02-19,Funded,Funded,43.9,627,0.17,5.492,true,0,Zara Young,Cumulus OH Branch 2,Midwest,2025-01-01
LN-AP-001260,Carlos Campbell,30-Year Fixed Mortgage,529234.26,Digital,E-0232,BR-018,2026-01-06,,,In Progress,Conditional Approval,,654,0.376,7.907,false,1,Tom Hall,Cumulus MN Branch 2,Midwest,2026-01-01
LN-AP-001261,Victor Collins,15-Year Fixed Mortgage,559968.26,Loan Officer,E-0217,BR-015,2026-07-07,2026-07-30,2026-07-30,Funded,Funded,26.6,583,0.236,7.112,true,0,Amara Green,Cumulus OH Branch 1,Midwest,2026-07-01
LN-AP-001262,Olivia Anderson,HELOC,114720.58,Loan Officer,E-0232,BR-018,2026-08-11,2026-08-11,,Denied,Application Submitted,,680,0.16,8.29,false,0,Tom Hall,Cumulus MN Branch 2,Midwest,2026-08-01
LN-AP-001263,Grace Nguyen,Auto Loan,35153.58,Branch,E-0220,BR-005,2026-05-11,2026-06-17,2026-06-17,Funded,Funded,40.8,651,0.494,6.201,true,0,Luis Adams,Cumulus CT Branch 1,Northeast,2026-05-01
LN-AP-001264,Nina Harris,30-Year Fixed Mortgage,183691.82,Branch,E-0219,BR-025,2024-10-09,,,In Progress,Conditional Approval,,784,0.168,5.63,false,2,Rosa Hall,Cumulus CA Branch 1,Pacific,2024-10-01
LN-AP-001265,Owen Roberts,Auto Loan,18581.48,Branch,E-0228,BR-013,2026-05-21,2026-06-21,2026-06-21,Funded,Funded,34.9,787,0.198,7.488,true,0,Kenji Silva,Cumulus IL Branch 1,Midwest,2026-05-01
LN-AP-001266,Diego Kim,Auto Loan,39188.31,Branch,E-0228,BR-013,2025-11-11,2025-12-17,2025-12-17,Funded,Funded,39.0,767,0.263,8.428,true,0,Kenji Silva,Cumulus IL Branch 1,Midwest,2025-11-01
LN-AP-001267,Carlos Thomas,15-Year Fixed Mortgage,437674.62,Loan Officer,E-0233,BR-025,2025-01-30,2025-03-15,2025-03-15,Funded,Funded,47.5,720,0.363,8.575,true,0,Jamal Adams,Cumulus CA Branch 1,Pacific,2025-01-01
LN-AP-001268,Daniel White,Auto Loan,42179.03,Branch,E-0224,BR-027,2025-05-01,,,Withdrawn,Document Collection,,604,0.154,5.229,false,0,Priya Davis,Cumulus WA Branch 1,Pacific,2025-05-01
LN-AP-001269,Sara Garcia,Auto Loan,24624.96,Digital,E-0217,BR-015,2024-12-31,2025-02-05,2025-02-05,Funded,Funded,40.0,576,0.265,5.641,true,0,Amara Green,Cumulus OH Branch 1,Midwest,2024-12-01
LN-AP-001270,Amara Edwards,30-Year Fixed Mortgage,765365.99,Branch,E-0231,BR-010,2025-12-21,2026-01-06,2026-01-06,Funded,Funded,19.5,706,0.345,6.694,true,0,Maya Edwards,Cumulus GA Branch 2,Southeast,2025-12-01
LN-AP-001271,Chloe Lewis,Refinance,780352.86,Digital,E-0218,BR-012,2025-04-07,,,Withdrawn,Application Submitted,,793,0.293,6.217,false,0,Carlos Scott,Cumulus NC Branch 2,Southeast,2025-04-01
LN-AP-001272,Maya Scott,30-Year Fixed Mortgage,339099.99,Branch,E-0220,BR-005,2025-07-16,,,In Progress,Application Submitted,,830,0.429,5.304,false,4,Luis Adams,Cumulus CT Branch 1,Northeast,2025-07-01
LN-AP-001273,Samuel Wright,Auto Loan,37746.74,Loan Officer,E-0229,BR-025,2026-07-05,2026-08-13,2026-08-13,Funded,Funded,42.1,792,0.518,5.469,true,0,Marcus Wilson,Cumulus CA Branch 1,Pacific,2026-07-01
LN-AP-001274,Henry Kim,Refinance,391366.63,Loan Officer,E-0208,BR-027,2025-01-22,2025-03-01,2025-03-01,Funded,Funded,40.6,802,0.151,5.548,true,0,Yuki Campbell,Cumulus WA Branch 1,Pacific,2025-01-01
LN-AP-001275,Grace Baker,30-Year Fixed Mortgage,286633.83,Digital,E-0209,BR-006,2024-10-21,2024-11-07,,Denied,Conditional Approval,,591,0.126,6.722,false,0,Yuki Stewart,Cumulus CT Branch 2,Northeast,2024-10-01
LN-AP-001276,Jamal Evans,HELOC,56306.43,Digital,E-0213,BR-023,2025-11-22,2025-12-15,2025-12-15,Funded,Funded,25.8,829,0.224,6.539,true,0,Jamal Lewis,Cumulus AZ Branch 1,Mountain West,2025-11-01
LN-AP-001277,Rosa Scott,30-Year Fixed Mortgage,571389.5,Digital,E-0230,BR-009,2024-10-13,2024-11-04,2024-11-04,Funded,Funded,24.9,821,0.326,7.408,true,0,Jamal Wright,Cumulus GA Branch 1,Southeast,2024-10-01
LN-AP-001278,Olivia Bailey,30-Year Fixed Mortgage,561942.83,Loan Officer,E-0229,BR-025,2025-04-25,2025-05-31,2025-05-31,Funded,Funded,40.1,693,0.265,8.619,true,0,Marcus Wilson,Cumulus CA Branch 1,Pacific,2025-04-01
LN-AP-001279,Mateo Campbell,30-Year Fixed Mortgage,554080.36,Branch,E-0224,BR-027,2025-06-26,2025-08-03,2025-08-03,Funded,Funded,43.1,693,0.354,6.388,true,0,Priya Davis,Cumulus WA Branch 1,Pacific,2025-06-01
LN-AP-001280,Noah Clark,30-Year Fixed Mortgage,837323.96,Branch,E-0234,BR-028,2026-03-09,2026-04-01,2026-04-01,Funded,Funded,27.2,679,0.373,5.603,true,0,Henry Taylor,Cumulus WA Branch 2,Pacific,2026-03-01
LN-AP-001281,Jamal Ruiz,30-Year Fixed Mortgage,494731.24,Loan Officer,E-0209,BR-006,2025-05-14,2025-07-19,2025-07-19,Funded,Funded,67.9,593,0.271,7.44,true,0,Yuki Stewart,Cumulus CT Branch 2,Northeast,2025-05-01
LN-AP-001282,Jonathan Evans,30-Year Fixed Mortgage,334478.93,Digital,E-0228,BR-013,2026-07-02,2026-07-17,,Denied,Underwriting,,820,0.451,8.629,false,0,Kenji Silva,Cumulus IL Branch 1,Midwest,2026-07-01
LN-AP-001283,Olivia Wright,HELOC,131536.08,Loan Officer,E-0234,BR-028,2026-01-18,2026-02-04,,Denied,Underwriting,,788,0.307,8.495,false,0,Henry Taylor,Cumulus WA Branch 2,Pacific,2026-01-01
LN-AP-001284,Ava Ashford,Refinance,387137.28,Loan Officer,E-0211,BR-012,2025-04-28,2025-06-05,2025-06-05,Funded,Funded,41.9,595,0.291,6.895,true,0,Priya Young,Cumulus NC Branch 2,Southeast,2025-04-01
LN-AP-001285,Victor Lopez,15-Year Fixed Mortgage,283920.08,Loan Officer,E-0233,BR-025,2025-09-05,2025-10-14,2025-10-14,Funded,Funded,42.1,662,0.249,8.87,true,0,Jamal Adams,Cumulus CA Branch 1,Pacific,2025-09-01
LN-AP-001286,Mateo Phillips,Auto Loan,26662.28,Digital,E-0222,BR-026,2025-03-11,2025-04-02,2025-04-02,Funded,Funded,26.0,568,0.279,7.554,true,0,Rosa Carter,Cumulus CA Branch 2,Pacific,2025-03-01
LN-AP-001287,Ben Wilson,30-Year Fixed Mortgage,436530.75,Branch,E-0219,BR-025,2026-07-28,,,Withdrawn,Document Collection,,742,0.263,5.522,false,0,Rosa Hall,Cumulus CA Branch 1,Pacific,2026-07-01
LN-AP-001288,Wei Allen,30-Year Fixed Mortgage,1680000,Digital,E-0213,BR-023,2025-01-19,2025-02-21,2025-02-21,Funded,Funded,36.0,676,0.133,7.928,true,0,Jamal Lewis,Cumulus AZ Branch 1,Mountain West,2025-01-01
LN-AP-001289,Victor Harris,30-Year Fixed Mortgage,234627.95,Broker,E-0212,BR-004,2026-02-21,2026-04-16,2026-04-16,Funded,Funded,57.2,650,0.127,8.818,true,0,Isabella Phillips,Cumulus MA Branch 2,Northeast,2026-02-01
LN-AP-001290,Sara Adams,30-Year Fixed Mortgage,340717.33,Branch,E-0222,BR-026,2025-12-08,2026-01-23,2026-01-23,Funded,Funded,49.6,641,0.378,8.447,true,0,Rosa Carter,Cumulus CA Branch 2,Pacific,2025-12-01
LN-AP-001291,Naomi Lopez,Personal Loan,14699.56,Branch,E-0223,BR-001,2026-07-11,,,In Progress,Funded,,711,0.214,7.186,false,6,Noah Adams,Cumulus NY Branch 1,Northeast,2026-07-01
LN-AP-001292,Derek Okafor,Auto Loan,31035.47,Loan Officer,E-0230,BR-009,2024-10-17,,,Withdrawn,Document Collection,,716,0.268,5.115,false,0,Jamal Wright,Cumulus GA Branch 1,Southeast,2024-10-01
LN-AP-001293,Felix Allen,Refinance,601936.85,Loan Officer,E-0233,BR-025,2026-01-28,2026-04-23,,Denied,Appraisal,,567,0.374,8.713,false,0,Jamal Adams,Cumulus CA Branch 1,Pacific,2026-01-01
LN-AP-001294,Daniel King,Auto Loan,26298.8,Digital,E-0223,BR-001,2025-06-18,2025-07-09,2025-07-09,Funded,Funded,24.5,646,0.309,8.786,true,0,Noah Adams,Cumulus NY Branch 1,Northeast,2025-06-01
LN-AP-001295,Chloe Scott,HELOC,99642.71,Digital,E-0209,BR-006,2025-03-31,,,Withdrawn,Application Submitted,,649,0.251,6.589,false,0,Yuki Stewart,Cumulus CT Branch 2,Northeast,2025-03-01
LN-AP-001296,Ravi Bailey,Auto Loan,44790.45,Branch,E-0225,BR-021,2025-10-05,2025-11-06,2025-11-06,Funded,Funded,35.0,626,0.134,6.411,true,0,Henry Okafor,Cumulus UT Branch 1,Mountain West,2025-10-01
LN-AP-001297,Marcus Campbell,15-Year Fixed Mortgage,279889.82,Loan Officer,E-0225,BR-021,2026-04-03,2026-05-03,2026-05-03,Funded,Funded,32.7,616,0.294,7.341,true,0,Henry Okafor,Cumulus UT Branch 1,Mountain West,2026-04-01
LN-AP-001298,Kenji Young,Refinance,397652.18,Digital,E-0206,BR-020,2024-12-27,,,In Progress,Document Collection,,817,0.488,5.329,false,5,Ben Taylor,Cumulus CO Branch 2,Mountain West,2024-12-01
LN-AP-001299,Luis Wilson,15-Year Fixed Mortgage,392624.82,Branch,E-0221,BR-016,2025-03-04,2025-03-29,2025-03-29,Funded,Funded,27.3,596,0.448,7.695,true,0,Fatima Parker,Cumulus OH Branch 2,Midwest,2025-03-01
LN-AP-001300,Priya Okafor,Personal Loan,7467.47,Loan Officer,E-0212,BR-004,2024-11-12,2024-12-16,2024-12-16,Funded,Funded,37.9,702,0.467,6.278,true,0,Isabella Phillips,Cumulus MA Branch 2,Northeast,2024-11-01
LN-AP-001301,Andre Davis,Personal Loan,18714.8,Branch,E-0224,BR-027,2025-11-08,2025-12-22,2025-12-22,Funded,Funded,47.5,757,0.356,6.375,true,0,Priya Davis,Cumulus WA Branch 1,Pacific,2025-11-01
LN-AP-001302,Noah Harris,15-Year Fixed Mortgage,536326.37,Digital,E-0226,BR-010,2025-08-25,,,Withdrawn,Underwriting,,738,0.187,7.413,false,0,Andre Evans,Cumulus GA Branch 2,Southeast,2025-08-01
LN-AP-001303,Kenji Bailey,HELOC,64096.67,Loan Officer,E-0222,BR-026,2025-02-16,2025-03-16,2025-03-16,Funded,Funded,30.6,610,0.417,7.575,true,0,Rosa Carter,Cumulus CA Branch 2,Pacific,2025-02-01
LN-AP-001304,Wei Nelson,Personal Loan,14563.11,Branch,E-0216,BR-013,2026-01-23,2026-02-19,2026-02-19,Funded,Funded,30.9,665,0.464,7.862,true,0,Daniel Morris,Cumulus IL Branch 1,Midwest,2026-01-01
LN-AP-001305,Iris Thomas,HELOC,74798.32,Loan Officer,E-0231,BR-010,2025-05-01,2025-06-04,2025-06-04,Funded,Funded,37.2,570,0.326,6.675,true,0,Maya Edwards,Cumulus GA Branch 2,Southeast,2025-05-01
LN-AP-001306,Yuki Ashford,Personal Loan,7757.9,Branch,E-0225,BR-021,2025-07-15,2025-08-18,2025-08-18,Funded,Funded,38.2,637,0.4,7.314,true,0,Henry Okafor,Cumulus UT Branch 1,Mountain West,2025-07-01
LN-AP-001307,Mateo Vaughn,Refinance,331725.67,Loan Officer,E-0229,BR-025,2026-04-08,,,Withdrawn,Underwriting,,767,0.277,6.703,false,0,Marcus Wilson,Cumulus CA Branch 1,Pacific,2026-04-01
LN-AP-001308,Carlos Young,Refinance,622731.27,Loan Officer,E-0207,BR-022,2025-08-12,,,In Progress,Appraisal,,745,0.199,5.411,false,0,Priya Davis,Cumulus UT Branch 2,Mountain West,2025-08-01
LN-AP-001309,Yuki King,30-Year Fixed Mortgage,473848.09,Digital,E-0215,BR-011,2025-06-10,2025-07-14,2025-07-14,Funded,Funded,36.7,727,0.495,6.739,true,0,Henry Patel,Cumulus NC Branch 1,Southeast,2025-06-01
LN-AP-001310,Sofia Garcia,Auto Loan,44271.93,Branch,E-0208,BR-027,2024-12-10,,,Withdrawn,Conditional Approval,,612,0.338,5.64,false,0,Yuki Campbell,Cumulus WA Branch 1,Pacific,2024-12-01
LN-AP-001311,Grace Ruiz,HELOC,76655.5,Branch,E-0207,BR-022,2024-11-21,2025-01-24,2025-01-24,Funded,Funded,68.2,661,0.497,6.322,true,0,Priya Davis,Cumulus UT Branch 2,Mountain West,2024-11-01
LN-AP-001312,Rosa Thomas,Personal Loan,10650.69,Branch,E-0217,BR-015,2026-08-30,,,In Progress,Document Collection,,691,0.272,7.431,false,2,Amara Green,Cumulus OH Branch 1,Midwest,2026-08-01
LN-AP-001313,Derek Roberts,HELOC,68375.8,Branch,E-0206,BR-020,2026-08-16,,,In Progress,Funded,,611,0.335,8.115,false,1,Ben Taylor,Cumulus CO Branch 2,Mountain West,2026-08-01
LN-AP-001314,Olivia Morris,Personal Loan,15261.92,Digital,E-0210,BR-019,2026-05-31,2026-06-15,2026-06-15,Funded,Funded,19.2,709,0.161,6.211,true,0,Luis Garcia,Cumulus CO Branch 1,Mountain West,2026-05-01
LN-AP-001315,Ben Edwards,30-Year Fixed Mortgage,344760.02,Digital,E-0227,BR-016,2025-10-25,2025-11-19,2025-11-19,Funded,Funded,28.2,779,0.172,5.966,true,0,Zara Young,Cumulus OH Branch 2,Midwest,2025-10-01
LN-AP-001316,Leo King,30-Year Fixed Mortgage,487572.45,Loan Officer,E-0223,BR-001,2024-11-15,2024-12-20,2024-12-20,Funded,Funded,38.3,725,0.46,7.868,true,0,Noah Adams,Cumulus NY Branch 1,Northeast,2024-11-01
LN-AP-001317,Owen Evans,Personal Loan,34014.61,Branch,E-0229,BR-025,2025-07-13,2025-08-18,2025-08-18,Funded,Funded,39.8,773,0.142,7.804,true,0,Marcus Wilson,Cumulus CA Branch 1,Pacific,2025-07-01
LN-AP-001318,Olivia Davis,30-Year Fixed Mortgage,256416.66,Digital,E-0206,BR-020,2025-02-10,2025-03-16,2025-03-16,Funded,Funded,38.3,769,0.264,6.882,true,0,Ben Taylor,Cumulus CO Branch 2,Mountain West,2025-02-01
LN-AP-001319,Julian Lewis,HELOC,110575.34,Branch,E-0228,BR-013,2026-06-19,2026-07-23,2026-07-23,Funded,Funded,37.6,610,0.309,6.756,true,0,Kenji Silva,Cumulus IL Branch 1,Midwest,2026-06-01
LN-AP-001320,Chloe Campbell,Auto Loan,19396.39,Loan Officer,E-0206,BR-020,2025-01-23,2025-02-14,2025-02-14,Funded,Funded,26.9,725,0.464,6.329,true,0,Ben Taylor,Cumulus CO Branch 2,Mountain West,2025-01-01
LN-AP-001321,Elena Anderson,Personal Loan,12990.21,Loan Officer,E-0207,BR-022,2025-02-08,,,Withdrawn,Conditional Approval,,702,0.401,5.986,false,0,Priya Davis,Cumulus UT Branch 2,Mountain West,2025-02-01
LN-AP-001322,Marcus Anderson,HELOC,75567.88,Branch,E-0218,BR-012,2025-04-23,2025-05-19,2025-05-19,Funded,Funded,29.1,659,0.394,7.303,true,0,Carlos Scott,Cumulus NC Branch 2,Southeast,2025-04-01
LN-AP-001323,Grace Lewis,30-Year Fixed Mortgage,679137.6,Loan Officer,E-0224,BR-027,2025-09-01,2025-10-07,2025-10-07,Funded,Funded,39.0,715,0.178,5.994,true,0,Priya Davis,Cumulus WA Branch 1,Pacific,2025-09-01
LN-AP-001324,Victor Davis,30-Year Fixed Mortgage,532693.15,Branch,E-0223,BR-001,2026-07-05,,,In Progress,Funded,,749,0.182,5.157,false,3,Noah Adams,Cumulus NY Branch 1,Northeast,2026-07-01
LN-AP-001325,Diego Scott,HELOC,60533.51,Loan Officer,E-0234,BR-028,2026-07-14,2026-08-28,2026-08-28,Funded,Funded,48.4,562,0.213,8.204,true,0,Henry Taylor,Cumulus WA Branch 2,Pacific,2026-07-01
LN-AP-001326,Mei Wright,HELOC,70414.76,Digital,E-0224,BR-027,2024-11-26,2025-01-06,2025-01-06,Funded,Funded,44.9,801,0.485,5.962,true,0,Priya Davis,Cumulus WA Branch 1,Pacific,2024-11-01
LN-AP-001327,Carlos Patel,30-Year Fixed Mortgage,230364.69,Digital,E-0210,BR-019,2025-09-21,2025-10-16,2025-10-16,Funded,Funded,28.5,813,0.456,6.454,true,0,Luis Garcia,Cumulus CO Branch 1,Mountain West,2025-09-01
LN-AP-001328,Iris Campbell,30-Year Fixed Mortgage,283845.15,Broker,E-0226,BR-010,2026-05-25,,,Withdrawn,Document Collection,,807,0.266,8.597,false,0,Andre Evans,Cumulus GA Branch 2,Southeast,2026-05-01
LN-AP-001329,Diego Johnson,15-Year Fixed Mortgage,267010.47,Digital,E-0233,BR-025,2026-02-12,2026-03-25,2026-03-25,Funded,Funded,44.2,797,0.261,6.193,true,0,Jamal Adams,Cumulus CA Branch 1,Pacific,2026-02-01
LN-AP-001330,Luis King,Auto Loan,23108.53,Loan Officer,E-0231,BR-010,2025-03-20,2025-05-11,2025-05-11,Funded,Funded,54.6,734,0.153,6.356,true,0,Maya Edwards,Cumulus GA Branch 2,Southeast,2025-03-01
LN-AP-001331,Sara Ruiz,30-Year Fixed Mortgage,421084.4,Branch,E-0208,BR-027,2024-12-05,2025-01-15,2025-01-15,Funded,Funded,43.8,593,0.451,6.881,true,0,Yuki Campbell,Cumulus WA Branch 1,Pacific,2024-12-01
LN-AP-001332,Kenji Bailey,15-Year Fixed Mortgage,504481.09,Digital,E-0232,BR-018,2025-10-19,2025-11-05,,Denied,Appraisal,,786,0.235,7.316,false,0,Tom Hall,Cumulus MN Branch 2,Midwest,2025-10-01
LN-AP-001333,Samuel Lewis,Personal Loan,13992.37,Digital,E-0221,BR-016,2025-09-24,2025-10-18,2025-10-18,Funded,Funded,27.4,748,0.142,6.584,true,0,Fatima Parker,Cumulus OH Branch 2,Midwest,2025-09-01
LN-AP-001334,Iris Stewart,HELOC,190267.74,Loan Officer,E-0219,BR-025,2025-04-16,2025-05-27,2025-05-27,Funded,Funded,45.3,774,0.325,7.928,true,0,Rosa Hall,Cumulus CA Branch 1,Pacific,2025-04-01
LN-AP-001335,Leo Bailey,15-Year Fixed Mortgage,281194.57,Digital,E-0220,BR-005,2025-12-08,2026-01-27,2026-01-27,Funded,Funded,53.2,590,0.438,7.304,true,0,Luis Adams,Cumulus CT Branch 1,Northeast,2025-12-01
LN-AP-001336,Isabella Jackson,Personal Loan,8018.84,Digital,E-0206,BR-020,2025-04-14,2025-05-14,2025-05-14,Funded,Funded,33.9,624,0.185,7.918,true,0,Ben Taylor,Cumulus CO Branch 2,Mountain West,2025-04-01
LN-AP-001337,Grace Silva,Refinance,305931.51,Loan Officer,E-0218,BR-012,2026-02-21,,,Withdrawn,Conditional Approval,,711,0.378,8.607,false,0,Carlos Scott,Cumulus NC Branch 2,Southeast,2026-02-01
LN-AP-001338,Kenji Kim,Personal Loan,5215.49,Digital,E-0222,BR-026,2025-09-18,2025-09-18,,Denied,Application Submitted,,785,0.499,6.645,false,0,Rosa Carter,Cumulus CA Branch 2,Pacific,2025-09-01
LN-AP-001339,Carlos Evans,15-Year Fixed Mortgage,427194.19,Loan Officer,E-0231,BR-010,2025-02-26,2025-02-26,,Denied,Application Submitted,,648,0.308,7.821,false,0,Maya Edwards,Cumulus GA Branch 2,Southeast,2025-02-01
LN-AP-001340,Jamal Anderson,HELOC,59468.74,Digital,E-0234,BR-028,2026-06-11,2026-07-17,2026-07-17,Funded,Funded,40.0,781,0.329,8.701,true,0,Henry Taylor,Cumulus WA Branch 2,Pacific,2026-06-01
LN-AP-001341,Aisha White,HELOC,25234.68,Digital,E-0208,BR-027,2024-11-04,2024-12-04,2024-12-04,Funded,Funded,32.0,741,0.123,5.534,true,0,Yuki Campbell,Cumulus WA Branch 1,Pacific,2024-11-01
LN-AP-001342,Amara Vaughn,15-Year Fixed Mortgage,243962.09,Loan Officer,E-0234,BR-028,2025-01-09,2025-01-29,,Denied,Appraisal,,577,0.461,5.808,false,0,Henry Taylor,Cumulus WA Branch 2,Pacific,2025-01-01
LN-AP-001343,Jonathan Evans,HELOC,225949.18,Digital,E-0222,BR-026,2024-12-22,2025-01-21,,Denied,Conditional Approval,,783,0.252,6.41,false,0,Rosa Carter,Cumulus CA Branch 2,Pacific,2024-12-01
LN-AP-001344,Victor Johnson,15-Year Fixed Mortgage,540981.52,Branch,E-0213,BR-023,2026-03-12,2026-03-12,,Denied,Application Submitted,,781,0.451,8.696,false,0,Jamal Lewis,Cumulus AZ Branch 1,Mountain West,2026-03-01
LN-AP-001345,Nora Parker,HELOC,29033.07,Branch,E-0212,BR-004,2026-04-07,2026-05-01,2026-05-01,Funded,Funded,27.2,679,0.278,6.2,true,0,Isabella Phillips,Cumulus MA Branch 2,Northeast,2026-04-01
LN-AP-001346,Jonathan Turner,Auto Loan,23550.91,Broker,E-0209,BR-006,2025-01-06,2025-02-13,2025-02-13,Funded,Funded,40.9,770,0.182,8.449,true,0,Yuki Stewart,Cumulus CT Branch 2,Northeast,2025-01-01
LN-AP-001347,Nora King,Auto Loan,20990.3,Loan Officer,E-0211,BR-012,2025-12-01,2026-01-06,2026-01-06,Funded,Funded,39.0,604,0.431,5.76,true,0,Priya Young,Cumulus NC Branch 2,Southeast,2025-12-01
LN-AP-001348,Victor Ruiz,30-Year Fixed Mortgage,1059283.26,Broker,E-0207,BR-022,2025-12-31,2026-01-21,2026-01-21,Funded,Funded,24.5,634,0.473,7.904,true,0,Priya Davis,Cumulus UT Branch 2,Mountain West,2025-12-01
LN-AP-001349,Olivia Turner,30-Year Fixed Mortgage,411915.87,Branch,E-0217,BR-015,2024-11-28,,,In Progress,Application Submitted,,732,0.22,7.94,false,1,Amara Green,Cumulus OH Branch 1,Midwest,2024-11-01
LN-AP-001350,Ava Johnson,Personal Loan,8740.59,Branch,E-0208,BR-027,2025-02-09,,,Withdrawn,Application Submitted,,679,0.296,7.621,false,0,Yuki Campbell,Cumulus WA Branch 1,Pacific,2025-02-01
LN-AP-001351,Luis Campbell,Auto Loan,35831.08,Loan Officer,E-0225,BR-021,2025-05-30,,,Withdrawn,Appraisal,,710,0.493,8.114,false,0,Henry Okafor,Cumulus UT Branch 1,Mountain West,2025-05-01
LN-AP-001352,Lauren Bailey,30-Year Fixed Mortgage,163328.79,Branch,E-0210,BR-019,2025-12-16,2026-01-21,2026-01-21,Funded,Funded,40.5,716,0.405,5.491,true,0,Luis Garcia,Cumulus CO Branch 1,Mountain West,2025-12-01
LN-AP-001353,Nina Ashford,30-Year Fixed Mortgage,440113.94,Loan Officer,E-0216,BR-013,2026-07-03,2026-08-12,2026-08-12,Funded,Funded,44.1,634,0.397,6.145,true,0,Daniel Morris,Cumulus IL Branch 1,Midwest,2026-07-01
LN-AP-001354,Carlos Nelson,30-Year Fixed Mortgage,360525.01,Digital,E-0215,BR-011,2025-06-28,,,Withdrawn,Application Submitted,,723,0.256,5.461,false,0,Henry Patel,Cumulus NC Branch 1,Southeast,2025-06-01
LN-AP-001355,Hannah Garcia,Refinance,202832.09,Loan Officer,E-0217,BR-015,2025-08-30,2025-08-30,,Denied,Application Submitted,,777,0.448,7.631,false,0,Amara Green,Cumulus OH Branch 1,Midwest,2025-08-01
LN-AP-001356,Isabella Carter,HELOC,61465.13,Branch,E-0234,BR-028,2025-09-08,2025-10-20,2025-10-20,Funded,Funded,44.4,667,0.366,7.84,true,0,Henry Taylor,Cumulus WA Branch 2,Pacific,2025-09-01
LN-AP-001357,Hannah Anderson,Refinance,228418.19,Broker,E-0213,BR-023,2025-12-20,,,In Progress,Appraisal,,775,0.364,8.02,false,1,Jamal Lewis,Cumulus AZ Branch 1,Mountain West,2025-12-01
LN-AP-001358,Ravi Adams,Auto Loan,24239.53,Branch,E-0218,BR-012,2025-05-25,,,Withdrawn,Appraisal,,590,0.16,7.003,false,0,Carlos Scott,Cumulus NC Branch 2,Southeast,2025-05-01
LN-AP-001359,Wei Nelson,Refinance,266847.96,Branch,E-0209,BR-006,2025-05-29,2025-06-24,,Denied,Document Collection,,586,0.404,6.245,false,0,Yuki Stewart,Cumulus CT Branch 2,Northeast,2025-05-01
LN-AP-001360,Olivia Phillips,Auto Loan,18041.77,Broker,E-0227,BR-016,2025-08-06,2025-09-05,2025-09-05,Funded,Funded,32.0,652,0.154,8.6,true,0,Zara Young,Cumulus OH Branch 2,Midwest,2025-08-01
LN-AP-001361,Hannah Edwards,Auto Loan,43533.74,Digital,E-0214,BR-027,2026-07-08,2026-07-26,2026-07-26,Funded,Funded,22.2,798,0.445,6.027,true,0,Amara Clark,Cumulus WA Branch 1,Pacific,2026-07-01
LN-AP-001362,Wei Ashford,30-Year Fixed Mortgage,679331.87,Branch,E-0228,BR-013,2025-02-15,,,Withdrawn,Document Collection,,643,0.424,7.649,false,0,Kenji Silva,Cumulus IL Branch 1,Midwest,2025-02-01
LN-AP-001363,Jamal Young,30-Year Fixed Mortgage,116328.12,Digital,E-0207,BR-022,2025-05-02,2025-05-12,,Denied,Document Collection,,755,0.426,7.214,false,0,Priya Davis,Cumulus UT Branch 2,Mountain West,2025-05-01
LN-AP-001364,Amara Harris,30-Year Fixed Mortgage,434333.66,Broker,E-0209,BR-006,2026-03-29,2026-05-24,2026-05-24,Funded,Funded,59.8,697,0.488,5.915,true,0,Yuki Stewart,Cumulus CT Branch 2,Northeast,2026-03-01
LN-AP-001365,Rosa Morris,HELOC,78596.21,Digital,E-0232,BR-018,2025-12-31,2026-02-04,2026-02-04,Funded,Funded,38.5,774,0.404,6.42,true,0,Tom Hall,Cumulus MN Branch 2,Midwest,2025-12-01
LN-AP-001366,Olivia Lopez,Refinance,509308.0,Loan Officer,E-0219,BR-025,2025-03-26,,,In Progress,Appraisal,,647,0.152,5.482,false,3,Rosa Hall,Cumulus CA Branch 1,Pacific,2025-03-01
LN-AP-001367,Sofia Carter,Auto Loan,47221.43,Digital,E-0235,BR-008,2025-06-17,2025-07-16,2025-07-16,Funded,Funded,31.7,643,0.306,6.202,true,0,Ava Harris,Cumulus FL Branch 2,Southeast,2025-06-01
LN-AP-001368,Sofia Mitchell,Refinance,367692.93,Loan Officer,E-0212,BR-004,2026-04-21,,,Withdrawn,Conditional Approval,,679,0.187,7.419,false,0,Isabella Phillips,Cumulus MA Branch 2,Northeast,2026-04-01
LN-AP-001369,Emma Stewart,Auto Loan,18900.38,Broker,E-0213,BR-023,2026-02-17,2026-03-16,2026-03-16,Funded,Funded,31.2,793,0.182,8.863,true,0,Jamal Lewis,Cumulus AZ Branch 1,Mountain West,2026-02-01
LN-AP-001370,Emma Roberts,Auto Loan,36001.14,Digital,E-0220,BR-005,2025-12-24,2026-01-16,2026-01-16,Funded,Funded,27.5,583,0.258,7.455,true,0,Luis Adams,Cumulus CT Branch 1,Northeast,2025-12-01
LN-AP-001371,Sara Thomas,Auto Loan,18651.43,Broker,E-0215,BR-011,2025-05-18,2025-06-23,2025-06-23,Funded,Funded,40.6,679,0.358,6.329,true,0,Henry Patel,Cumulus NC Branch 1,Southeast,2025-05-01
LN-AP-001372,Aisha Okafor,30-Year Fixed Mortgage,960197.26,Branch,E-0212,BR-004,2025-09-29,2025-11-20,2025-11-20,Funded,Funded,54.7,674,0.37,7.194,true,0,Isabella Phillips,Cumulus MA Branch 2,Northeast,2025-09-01
LN-AP-001373,Olivia Nelson,30-Year Fixed Mortgage,476058.97,Loan Officer,E-0214,BR-027,2025-02-18,2025-04-16,2025-04-16,Funded,Funded,60.0,770,0.167,8.66,true,0,Amara Clark,Cumulus WA Branch 1,Pacific,2025-02-01
LN-AP-001374,Mei Nelson,30-Year Fixed Mortgage,249631.28,Digital,E-0214,BR-027,2025-02-01,2025-02-23,2025-02-23,Funded,Funded,25.4,829,0.136,5.754,true,0,Amara Clark,Cumulus WA Branch 1,Pacific,2025-02-01
LN-AP-001375,Andre Brown,Personal Loan,17606.92,Digital,E-0218,BR-012,2025-12-01,2025-12-30,2025-12-30,Funded,Funded,33.0,560,0.277,7.406,true,0,Carlos Scott,Cumulus NC Branch 2,Southeast,2025-12-01
LN-AP-001376,Jamal Patel,30-Year Fixed Mortgage,294873.21,Branch,E-0222,BR-026,2025-08-06,2025-09-11,2025-09-11,Funded,Funded,38.9,808,0.512,5.332,true,0,Rosa Carter,Cumulus CA Branch 2,Pacific,2025-08-01
LN-AP-001377,Ethan Moore,30-Year Fixed Mortgage,139447.56,Digital,E-0233,BR-025,2025-10-09,2025-11-04,2025-11-04,Funded,Funded,29.4,734,0.201,7.439,true,0,Jamal Adams,Cumulus CA Branch 1,Pacific,2025-10-01
LN-AP-001378,Jonathan Lewis,Auto Loan,21652.48,Loan Officer,E-0226,BR-010,2024-12-06,2024-12-26,,Denied,Underwriting,,587,0.449,8.419,false,0,Andre Evans,Cumulus GA Branch 2,Southeast,2024-12-01
LN-AP-001379,Amara Baker,30-Year Fixed Mortgage,680138.87,Branch,E-0232,BR-018,2024-11-18,,,Withdrawn,Application Submitted,,817,0.422,5.304,false,0,Tom Hall,Cumulus MN Branch 2,Midwest,2024-11-01
LN-AP-001380,Grace Campbell,Personal Loan,17351.13,Loan Officer,E-0215,BR-011,2026-03-04,2026-04-06,2026-04-06,Funded,Funded,37.1,576,0.167,5.657,true,0,Henry Patel,Cumulus NC Branch 1,Southeast,2026-03-01
LN-AP-001381,Owen Allen,15-Year Fixed Mortgage,219155.14,Branch,E-0215,BR-011,2025-05-26,2025-07-21,2025-07-21,Funded,Funded,59.0,660,0.372,6.506,true,0,Henry Patel,Cumulus NC Branch 1,Southeast,2025-05-01
LN-AP-001382,Ravi Lopez,Refinance,602706.24,Loan Officer,E-0230,BR-009,2026-03-19,,,In Progress,Application Submitted,,761,0.307,8.097,false,1,Jamal Wright,Cumulus GA Branch 1,Southeast,2026-03-01
LN-AP-001383,Iris Garcia,HELOC,61543.76,Digital,E-0230,BR-009,2026-08-13,2026-08-13,,Denied,Application Submitted,,686,0.155,5.754,false,0,Jamal Wright,Cumulus GA Branch 1,Southeast,2026-08-01
LN-AP-001384,Nina Adams,30-Year Fixed Mortgage,319842.13,Loan Officer,E-0225,BR-021,2025-01-05,2025-02-15,2025-02-15,Funded,Funded,46.2,699,0.218,7.667,true,0,Henry Okafor,Cumulus UT Branch 1,Mountain West,2025-01-01
LN-AP-001385,Andre Baker,30-Year Fixed Mortgage,1320793.08,Broker,E-0206,BR-020,2025-03-05,2025-03-28,2025-03-28,Funded,Funded,26.4,725,0.328,6.164,true,0,Ben Taylor,Cumulus CO Branch 2,Mountain West,2025-03-01
LN-AP-001386,Sara Adams,Personal Loan,32236.58,Digital,E-0209,BR-006,2025-08-21,2025-10-03,,Denied,Appraisal,,702,0.467,5.944,false,0,Yuki Stewart,Cumulus CT Branch 2,Northeast,2025-08-01
LN-AP-001387,Mei Brown,15-Year Fixed Mortgage,390154.72,Digital,E-0226,BR-010,2026-06-04,2026-06-15,,Denied,Underwriting,,674,0.459,7.796,false,0,Andre Evans,Cumulus GA Branch 2,Southeast,2026-06-01
LN-AP-001388,Chloe Vaughn,15-Year Fixed Mortgage,426155.98,Branch,E-0232,BR-018,2025-02-13,2025-03-22,2025-03-22,Funded,Funded,39.8,634,0.156,8.261,true,0,Tom Hall,Cumulus MN Branch 2,Midwest,2025-02-01
LN-AP-001389,Leo Adams,30-Year Fixed Mortgage,294608.92,Digital,E-0211,BR-012,2025-01-01,2025-01-31,2025-01-31,Funded,Funded,34.0,606,0.495,5.999,true,0,Priya Young,Cumulus NC Branch 2,Southeast,2025-01-01
LN-AP-001390,Olivia Vaughn,Auto Loan,43283.46,Branch,E-0227,BR-016,2025-10-29,2025-11-16,2025-11-16,Funded,Funded,21.2,646,0.453,7.415,true,0,Zara Young,Cumulus OH Branch 2,Midwest,2025-10-01
LN-AP-001391,Ethan Green,Personal Loan,26730.07,Loan Officer,E-0229,BR-025,2026-02-20,2026-04-04,2026-04-04,Funded,Funded,46.2,641,0.159,7.98,true,0,Marcus Wilson,Cumulus CA Branch 1,Pacific,2026-02-01
LN-AP-001392,Ava Roberts,30-Year Fixed Mortgage,282784.6,Branch,E-0222,BR-026,2025-04-18,2025-05-18,2025-05-18,Funded,Funded,35.3,804,0.436,7.714,true,0,Rosa Carter,Cumulus CA Branch 2,Pacific,2025-04-01
LN-AP-001393,Maya Davis,30-Year Fixed Mortgage,231178.2,Digital,E-0207,BR-022,2025-06-25,2025-07-28,2025-07-28,Funded,Funded,36.0,660,0.289,5.869,true,0,Priya Davis,Cumulus UT Branch 2,Mountain West,2025-06-01
LN-AP-001394,Mei Clark,Auto Loan,50367.17,Branch,E-0223,BR-001,2025-05-25,2025-06-26,,Denied,Conditional Approval,,810,0.171,7.469,false,0,Noah Adams,Cumulus NY Branch 1,Northeast,2025-05-01
LN-AP-001395,Jonathan Morris,HELOC,128222.28,Branch,E-0234,BR-028,2025-10-26,2025-11-30,2025-11-30,Funded,Funded,37.9,622,0.227,5.932,true,0,Henry Taylor,Cumulus WA Branch 2,Pacific,2025-10-01
LN-AP-001396,Ethan Campbell,Auto Loan,36995.46,Digital,E-0234,BR-028,2024-10-29,2024-11-09,,Denied,Document Collection,,809,0.313,6.04,false,0,Henry Taylor,Cumulus WA Branch 2,Pacific,2024-10-01
LN-AP-001397,Nina Roberts,30-Year Fixed Mortgage,420148.05,Digital,E-0230,BR-009,2025-11-23,2025-12-21,2025-12-21,Funded,Funded,32.0,650,0.333,6.756,true,0,Jamal Wright,Cumulus GA Branch 1,Southeast,2025-11-01
LN-AP-001398,Carlos Kim,15-Year Fixed Mortgage,411280.13,Digital,E-0225,BR-021,2025-01-20,2025-02-11,2025-02-11,Funded,Funded,24.4,686,0.265,8.434,true,0,Henry Okafor,Cumulus UT Branch 1,Mountain West,2025-01-01
LN-AP-001399,Julian Kim,HELOC,82314.97,Loan Officer,E-0215,BR-011,2025-08-16,2025-09-01,,Denied,Underwriting,,611,0.466,8.668,false,0,Henry Patel,Cumulus NC Branch 1,Southeast,2025-08-01
LN-AP-001400,Naomi Vaughn,Refinance,598129.59,Digital,E-0215,BR-011,2025-04-27,2025-05-24,,Denied,Appraisal,,576,0.235,6.557,false,0,Henry Patel,Cumulus NC Branch 1,Southeast,2025-04-01
LN-AP-001401,Ravi Chen,Refinance,173958.67,Digital,E-0220,BR-005,2025-07-11,,,Withdrawn,Appraisal,,730,0.233,7.917,false,0,Luis Adams,Cumulus CT Branch 1,Northeast,2025-07-01
LN-AP-001402,Sofia Kim,Auto Loan,14466.78,Branch,E-0227,BR-016,2025-12-10,2026-01-18,2026-01-18,Funded,Funded,41.9,578,0.325,7.621,true,0,Zara Young,Cumulus OH Branch 2,Midwest,2025-12-01
LN-AP-001403,Mateo Anderson,30-Year Fixed Mortgage,191715.91,Digital,E-0230,BR-009,2025-09-08,2025-10-05,2025-10-05,Funded,Funded,29.7,814,0.294,5.756,true,0,Jamal Wright,Cumulus GA Branch 1,Southeast,2025-09-01
LN-AP-001404,Iris Ashford,Auto Loan,23298.98,Branch,E-0210,BR-019,2026-08-26,,,In Progress,Funded,,572,0.152,7.919,false,1,Luis Garcia,Cumulus CO Branch 1,Mountain West,2026-08-01
LN-AP-001405,Iris Collins,30-Year Fixed Mortgage,618530.51,Loan Officer,E-0206,BR-020,2024-11-26,2025-01-15,2025-01-15,Funded,Funded,53.0,599,0.436,6.035,true,0,Ben Taylor,Cumulus CO Branch 2,Mountain West,2024-11-01
LN-AP-001406,Naomi Ashford,Refinance,248735.14,Branch,E-0217,BR-015,2025-02-15,2025-03-13,,Denied,Underwriting,,632,0.486,5.361,false,0,Amara Green,Cumulus OH Branch 1,Midwest,2025-02-01
LN-AP-001407,Hannah White,Auto Loan,22016.77,Broker,E-0214,BR-027,2026-08-20,,,In Progress,Funded,,669,0.369,5.602,false,3,Amara Clark,Cumulus WA Branch 1,Pacific,2026-08-01
LN-AP-001408,Mei Young,HELOC,62709.63,Digital,E-0221,BR-016,2025-12-15,2026-01-14,2026-01-14,Funded,Funded,33.0,766,0.303,5.405,true,0,Fatima Parker,Cumulus OH Branch 2,Midwest,2025-12-01
LN-AP-001409,Layla King,15-Year Fixed Mortgage,319896.73,Loan Officer,E-0228,BR-013,2026-06-29,,,In Progress,Appraisal,,694,0.246,8.172,false,0,Kenji Silva,Cumulus IL Branch 1,Midwest,2026-06-01
LN-AP-001410,Emma Allen,Refinance,435880.89,Loan Officer,E-0206,BR-020,2025-09-09,2025-10-11,2025-10-11,Funded,Funded,34.9,704,0.244,8.577,true,0,Ben Taylor,Cumulus CO Branch 2,Mountain West,2025-09-01
LN-AP-001411,Ines Adams,HELOC,186276.6,Digital,E-0235,BR-008,2025-11-23,,,Withdrawn,Underwriting,,720,0.259,8.087,false,0,Ava Harris,Cumulus FL Branch 2,Southeast,2025-11-01
LN-AP-001412,Maya Parker,30-Year Fixed Mortgage,243284.81,Digital,E-0228,BR-013,2024-10-04,2024-10-19,,Denied,Document Collection,,597,0.124,7.533,false,0,Kenji Silva,Cumulus IL Branch 1,Midwest,2024-10-01
LN-AP-001413,Layla Anderson,Auto Loan,45300.24,Loan Officer,E-0217,BR-015,2025-12-31,2026-02-23,2026-02-23,Funded,Funded,57.8,696,0.495,6.28,true,0,Amara Green,Cumulus OH Branch 1,Midwest,2025-12-01
LN-AP-001414,Kenji Roberts,Personal Loan,17049.03,Digital,E-0233,BR-025,2026-06-12,2026-07-13,2026-07-13,Funded,Funded,34.1,770,0.224,7.643,true,0,Jamal Adams,Cumulus CA Branch 1,Pacific,2026-06-01
LN-AP-001415,Jamal Lewis,30-Year Fixed Mortgage,560070.25,Digital,E-0224,BR-027,2025-07-11,,,In Progress,Application Submitted,,717,0.416,5.705,false,3,Priya Davis,Cumulus WA Branch 1,Pacific,2025-07-01
LN-AP-001416,Hannah Scott,HELOC,167073.13,Branch,E-0222,BR-026,2025-02-18,2025-03-28,2025-03-28,Funded,Funded,40.9,829,0.432,6.458,true,0,Rosa Carter,Cumulus CA Branch 2,Pacific,2025-02-01
LN-AP-001417,Amara Kim,30-Year Fixed Mortgage,695906.23,Branch,E-0224,BR-027,2026-06-01,2026-07-19,,Denied,Underwriting,,680,0.27,6.238,false,0,Priya Davis,Cumulus WA Branch 1,Pacific,2026-06-01
LN-AP-001418,Andre Davis,Personal Loan,33955.83,Branch,E-0207,BR-022,2025-10-10,2025-11-06,2025-11-06,Funded,Funded,29.7,569,0.177,5.111,true,0,Priya Davis,Cumulus UT Branch 2,Mountain West,2025-10-01
LN-AP-001419,Samuel Nelson,Refinance,219633.51,Loan Officer,E-0208,BR-027,2025-12-24,2026-01-05,,Denied,Document Collection,,741,0.164,5.173,false,0,Yuki Campbell,Cumulus WA Branch 1,Pacific,2025-12-01
LN-AP-001420,Emma Patel,Refinance,509084.44,Digital,E-0219,BR-025,2025-03-10,,,In Progress,Document Collection,,812,0.348,8.006,false,3,Rosa Hall,Cumulus CA Branch 1,Pacific,2025-03-01
LN-AP-001421,Sara Silva,15-Year Fixed Mortgage,198692.03,Branch,E-0235,BR-008,2025-01-26,2025-02-25,,Denied,Appraisal,,666,0.337,5.803,false,0,Ava Harris,Cumulus FL Branch 2,Southeast,2025-01-01
LN-AP-001422,Ines Chen,30-Year Fixed Mortgage,315491.59,Branch,E-0207,BR-022,2026-01-15,2026-02-24,2026-02-24,Funded,Funded,43.7,593,0.393,8.583,true,0,Priya Davis,Cumulus UT Branch 2,Mountain West,2026-01-01
LN-AP-001423,Ava Bailey,30-Year Fixed Mortgage,265311.29,Loan Officer,E-0235,BR-008,2025-01-05,2025-02-17,2025-02-17,Funded,Funded,45.4,646,0.216,5.336,true,0,Ava Harris,Cumulus FL Branch 2,Southeast,2025-01-01
LN-AP-001424,Julian Allen,Refinance,391173.38,Digital,E-0221,BR-016,2025-05-10,2025-06-19,2025-06-19,Funded,Funded,43.9,698,0.472,6.72,true,0,Fatima Parker,Cumulus OH Branch 2,Midwest,2025-05-01
LN-AP-001425,Isabella Wright,30-Year Fixed Mortgage,153872.09,Loan Officer,E-0230,BR-009,2026-06-24,,,Withdrawn,Appraisal,,787,0.14,7.891,false,0,Jamal Wright,Cumulus GA Branch 1,Southeast,2026-06-01
LN-AP-001426,Felix Morris,HELOC,127403.36,Branch,E-0218,BR-012,2025-07-05,2025-08-03,,Denied,Appraisal,,614,0.518,6.535,false,0,Carlos Scott,Cumulus NC Branch 2,Southeast,2025-07-01
LN-AP-001427,Ines Lewis,Personal Loan,11444.28,Branch,E-0232,BR-018,2025-03-11,2025-04-10,2025-04-10,Funded,Funded,35.1,726,0.124,7.106,true,0,Tom Hall,Cumulus MN Branch 2,Midwest,2025-03-01
LN-AP-001428,Samuel Patel,Auto Loan,43857.32,Branch,E-0228,BR-013,2026-08-09,,,In Progress,Funded,,818,0.475,6.841,false,1,Kenji Silva,Cumulus IL Branch 1,Midwest,2026-08-01
LN-AP-001429,Zara King,Auto Loan,24796.03,Digital,E-0209,BR-006,2024-10-07,2024-11-12,2024-11-12,Funded,Funded,38.9,717,0.343,6.264,true,0,Yuki Stewart,Cumulus CT Branch 2,Northeast,2024-10-01
LN-AP-001430,Luis Ashford,30-Year Fixed Mortgage,261449.36,Branch,E-0227,BR-016,2025-04-13,,,In Progress,Document Collection,,681,0.497,5.167,false,2,Zara Young,Cumulus OH Branch 2,Midwest,2025-04-01
LN-AP-001431,Sara Brown,Auto Loan,23343.44,Loan Officer,E-0213,BR-023,2025-02-05,,,Withdrawn,Application Submitted,,669,0.23,8.789,false,0,Jamal Lewis,Cumulus AZ Branch 1,Mountain West,2025-02-01
LN-AP-001432,Zara Parker,Auto Loan,90862.06,Broker,E-0217,BR-015,2026-01-26,2026-03-03,2026-03-03,Funded,Funded,39.1,611,0.186,5.664,true,0,Amara Green,Cumulus OH Branch 1,Midwest,2026-01-01
LN-AP-001433,Aisha Allen,Auto Loan,49168.02,Digital,E-0221,BR-016,2025-09-17,2025-10-19,2025-10-19,Funded,Funded,36.0,633,0.245,6.065,true,0,Fatima Parker,Cumulus OH Branch 2,Midwest,2025-09-01
LN-AP-001434,Ethan Harris,HELOC,98835.97,Digital,E-0210,BR-019,2026-01-04,2026-01-14,,Denied,Underwriting,,688,0.282,5.16,false,0,Luis Garcia,Cumulus CO Branch 1,Mountain West,2026-01-01
LN-AP-001435,Luis Bailey,30-Year Fixed Mortgage,240008.37,Branch,E-0232,BR-018,2024-11-09,,,Withdrawn,Application Submitted,,825,0.415,8.563,false,0,Tom Hall,Cumulus MN Branch 2,Midwest,2024-11-01
LN-AP-001436,Grace Nelson,15-Year Fixed Mortgage,314146.3,Digital,E-0225,BR-021,2026-07-01,2026-07-17,,Denied,Document Collection,,812,0.473,7.312,false,0,Henry Okafor,Cumulus UT Branch 1,Mountain West,2026-07-01
LN-AP-001437,Emma Thomas,Auto Loan,54583.83,Branch,E-0225,BR-021,2025-08-06,2025-08-29,2025-08-29,Funded,Funded,26.6,657,0.494,6.184,true,0,Henry Okafor,Cumulus UT Branch 1,Mountain West,2025-08-01
LN-AP-001438,Ethan Taylor,15-Year Fixed Mortgage,485980.04,Loan Officer,E-0232,BR-018,2025-03-25,2025-04-25,2025-04-25,Funded,Funded,33.5,824,0.439,7.4,true,0,Tom Hall,Cumulus MN Branch 2,Midwest,2025-03-01
LN-AP-001439,Samuel Stewart,15-Year Fixed Mortgage,325840.84,Digital,E-0231,BR-010,2025-12-04,2026-01-02,2026-01-02,Funded,Funded,32.6,628,0.137,6.228,true,0,Maya Edwards,Cumulus GA Branch 2,Southeast,2025-12-01
LN-AP-001440,Victor Morris,30-Year Fixed Mortgage,540301.92,Loan Officer,E-0228,BR-013,2026-08-10,,,In Progress,Funded,,757,0.323,5.108,false,4,Kenji Silva,Cumulus IL Branch 1,Midwest,2026-08-01
LN-AP-001441,Priya Jackson,15-Year Fixed Mortgage,323759.84,Digital,E-0226,BR-010,2025-09-25,2025-11-13,2025-11-13,Funded,Funded,52.6,577,0.133,5.342,true,0,Andre Evans,Cumulus GA Branch 2,Southeast,2025-09-01
LN-AP-001442,Yuki Moore,HELOC,44162.25,Digital,E-0221,BR-016,2026-03-29,2026-05-06,2026-05-06,Funded,Funded,40.7,758,0.474,7.328,true,0,Fatima Parker,Cumulus OH Branch 2,Midwest,2026-03-01
LN-AP-001443,Andre Moore,15-Year Fixed Mortgage,328390.24,Loan Officer,E-0213,BR-023,2025-05-18,2025-06-23,2025-06-23,Funded,Funded,38.3,578,0.336,7.342,true,0,Jamal Lewis,Cumulus AZ Branch 1,Mountain West,2025-05-01
LN-AP-001444,Isabella Lopez,Auto Loan,21583.43,Digital,E-0223,BR-001,2025-07-01,,,Withdrawn,Application Submitted,,648,0.45,7.376,false,0,Noah Adams,Cumulus NY Branch 1,Northeast,2025-07-01
LN-AP-001445,Henry Martinez,Auto Loan,33971.29,Digital,E-0225,BR-021,2026-06-19,2026-07-19,2026-07-19,Funded,Funded,33.5,671,0.292,6.196,true,0,Henry Okafor,Cumulus UT Branch 1,Mountain West,2026-06-01
LN-AP-001446,Ava Patel,Auto Loan,18418.27,Broker,E-0218,BR-012,2024-11-01,2024-11-26,2024-11-26,Funded,Funded,28.1,603,0.494,6.102,true,0,Carlos Scott,Cumulus NC Branch 2,Southeast,2024-11-01
LN-AP-001447,Rosa Ashford,Refinance,368001.01,Branch,E-0233,BR-025,2025-04-01,,,In Progress,Document Collection,,753,0.124,7.006,false,1,Jamal Adams,Cumulus CA Branch 1,Pacific,2025-04-01
LN-AP-001448,Rosa Clark,30-Year Fixed Mortgage,573762.96,Loan Officer,E-0227,BR-016,2024-10-13,2024-11-13,2024-11-13,Funded,Funded,34.0,699,0.265,5.768,true,0,Zara Young,Cumulus OH Branch 2,Midwest,2024-10-01
LN-AP-001449,Rosa Roberts,HELOC,37366.22,Digital,E-0232,BR-018,2025-05-28,2025-06-15,,Denied,Underwriting,,685,0.431,6.228,false,0,Tom Hall,Cumulus MN Branch 2,Midwest,2025-05-01
LN-AP-001450,Mateo Carter,HELOC,84148.74,Digital,E-0230,BR-009,2025-12-28,,,Withdrawn,Application Submitted,,592,0.297,6.12,false,0,Jamal Wright,Cumulus GA Branch 1,Southeast,2025-12-01
LN-AP-001451,Layla Morris,Personal Loan,31896.15,Loan Officer,E-0216,BR-013,2025-05-31,2025-06-27,2025-06-27,Funded,Funded,30.1,801,0.345,7.132,true,0,Daniel Morris,Cumulus IL Branch 1,Midwest,2025-05-01
LN-AP-001452,Leo Ashford,30-Year Fixed Mortgage,1003596.48,Loan Officer,E-0211,BR-012,2025-10-16,2025-11-04,2025-11-04,Funded,Funded,23.3,778,0.441,8.341,true,0,Priya Young,Cumulus NC Branch 2,Southeast,2025-10-01
LN-AP-001453,Noah Johnson,Personal Loan,9471.1,Broker,E-0213,BR-023,2026-03-23,,,In Progress,Appraisal,,803,0.44,5.739,false,4,Jamal Lewis,Cumulus AZ Branch 1,Mountain West,2026-03-01
LN-AP-001454,Luis Young,HELOC,118976.29,Broker,E-0224,BR-027,2026-01-06,2026-01-07,,Denied,Application Submitted,,727,0.496,5.558,false,0,Priya Davis,Cumulus WA Branch 1,Pacific,2026-01-01
LN-AP-001455,Sara Morris,Personal Loan,18988.21,Digital,E-0211,BR-012,2025-07-30,2025-08-26,2025-08-26,Funded,Funded,30.4,819,0.291,7.0,true,0,Priya Young,Cumulus NC Branch 2,Southeast,2025-07-01
LN-AP-001456,Hannah Anderson,Auto Loan,21492.8,Branch,E-0217,BR-015,2024-11-30,2025-01-12,2025-01-12,Funded,Funded,46.7,824,0.474,6.106,true,0,Amara Green,Cumulus OH Branch 1,Midwest,2024-11-01
LN-AP-001457,Emma Bailey,HELOC,101199.1,Digital,E-0216,BR-013,2026-06-28,2026-07-21,,Denied,Document Collection,,681,0.475,7.523,false,0,Daniel Morris,Cumulus IL Branch 1,Midwest,2026-06-01
LN-AP-001458,Jonathan Walker,30-Year Fixed Mortgage,1239401.26,Branch,E-0208,BR-027,2025-10-19,2025-12-05,2025-12-05,Funded,Funded,49.5,806,0.338,8.425,true,0,Yuki Campbell,Cumulus WA Branch 1,Pacific,2025-10-01
LN-AP-001459,Grace Hall,Personal Loan,35965.02,Broker,E-0233,BR-025,2025-08-22,2025-10-03,2025-10-03,Funded,Funded,46.0,769,0.472,6.689,true,0,Jamal Adams,Cumulus CA Branch 1,Pacific,2025-08-01
LN-AP-001460,Naomi Evans,30-Year Fixed Mortgage,234280.99,Loan Officer,E-0234,BR-028,2025-01-27,2025-03-25,2025-03-25,Funded,Funded,60.2,716,0.507,7.638,true,0,Henry Taylor,Cumulus WA Branch 2,Pacific,2025-01-01
LN-AP-001461,Nora Turner,Personal Loan,25612.59,Digital,E-0232,BR-018,2025-07-12,2025-08-17,2025-08-17,Funded,Funded,40.3,729,0.337,8.363,true,0,Tom Hall,Cumulus MN Branch 2,Midwest,2025-07-01
LN-AP-001462,Noah Okafor,30-Year Fixed Mortgage,503891.3,Branch,E-0211,BR-012,2025-11-17,2025-12-28,2025-12-28,Funded,Funded,44.8,584,0.129,7.738,true,0,Priya Young,Cumulus NC Branch 2,Southeast,2025-11-01
LN-AP-001463,Amara Brown,HELOC,231334.26,Branch,E-0224,BR-027,2025-04-22,2025-05-15,,Denied,Underwriting,,811,0.342,8.845,false,0,Priya Davis,Cumulus WA Branch 1,Pacific,2025-04-01
LN-AP-001464,Ethan Silva,15-Year Fixed Mortgage,205960.69,Branch,E-0215,BR-011,2025-02-24,2025-03-24,2025-03-24,Funded,Funded,32.2,688,0.518,5.552,true,0,Henry Patel,Cumulus NC Branch 1,Southeast,2025-02-01
LN-AP-001465,Fatima Adams,Auto Loan,65539.66,Loan Officer,E-0233,BR-025,2025-03-05,2025-04-03,2025-04-03,Funded,Funded,33.2,656,0.149,8.661,true,0,Jamal Adams,Cumulus CA Branch 1,Pacific,2025-03-01
LN-AP-001466,Amara Ruiz,Auto Loan,37590.06,Digital,E-0234,BR-028,2026-05-19,2026-06-11,2026-06-11,Funded,Funded,26.9,631,0.294,6.338,true,0,Henry Taylor,Cumulus WA Branch 2,Pacific,2026-05-01
LN-AP-001467,Marcus Harris,15-Year Fixed Mortgage,166644.94,Branch,E-0213,BR-023,2026-03-21,,,In Progress,Appraisal,,739,0.257,8.266,false,0,Jamal Lewis,Cumulus AZ Branch 1,Mountain West,2026-03-01
LN-AP-001468,Ravi Carter,HELOC,106275.63,Digital,E-0213,BR-023,2025-09-27,2025-10-29,2025-10-29,Funded,Funded,36.2,674,0.496,8.24,true,0,Jamal Lewis,Cumulus AZ Branch 1,Mountain West,2025-09-01
LN-AP-001469,Sofia Edwards,HELOC,61283.54,Digital,E-0208,BR-027,2024-10-17,2024-11-17,2024-11-17,Funded,Funded,34.9,744,0.303,5.703,true,0,Yuki Campbell,Cumulus WA Branch 1,Pacific,2024-10-01
LN-AP-001470,Owen Lewis,Auto Loan,43679.35,Digital,E-0214,BR-027,2025-11-13,2025-12-25,2025-12-25,Funded,Funded,44.6,718,0.399,8.274,true,0,Amara Clark,Cumulus WA Branch 1,Pacific,2025-11-01
LN-AP-001471,Yuki Kim,Personal Loan,12260.84,Broker,E-0220,BR-005,2025-08-20,2025-09-18,2025-09-18,Funded,Funded,32.1,796,0.4,7.198,true,0,Luis Adams,Cumulus CT Branch 1,Northeast,2025-08-01
LN-AP-001472,Layla Adams,HELOC,205678.89,Branch,E-0228,BR-013,2024-11-20,2024-12-14,2024-12-14,Funded,Funded,27.5,733,0.219,8.016,true,0,Kenji Silva,Cumulus IL Branch 1,Midwest,2024-11-01
LN-AP-001473,Sara Anderson,30-Year Fixed Mortgage,170485.58,Loan Officer,E-0233,BR-025,2025-07-19,2025-08-23,2025-08-23,Funded,Funded,37.5,822,0.431,7.747,true,0,Jamal Adams,Cumulus CA Branch 1,Pacific,2025-07-01
LN-AP-001474,Ethan Jackson,30-Year Fixed Mortgage,359716.14,Loan Officer,E-0218,BR-012,2025-03-13,2025-04-29,2025-04-29,Funded,Funded,50.7,740,0.211,7.134,true,0,Carlos Scott,Cumulus NC Branch 2,Southeast,2025-03-01
LN-AP-001475,Sofia Martinez,30-Year Fixed Mortgage,190672.88,Digital,E-0213,BR-023,2025-07-29,2025-08-29,,Denied,Document Collection,,609,0.171,8.455,false,0,Jamal Lewis,Cumulus AZ Branch 1,Mountain West,2025-07-01
LN-AP-001476,Tom Miller,30-Year Fixed Mortgage,388025.43,Branch,E-0222,BR-026,2026-02-20,2026-03-22,2026-03-22,Funded,Funded,33.0,631,0.459,7.934,true,0,Rosa Carter,Cumulus CA Branch 2,Pacific,2026-02-01
LN-AP-001477,Henry Young,Personal Loan,3468.83,Branch,E-0228,BR-013,2025-07-14,2025-07-14,,Denied,Application Submitted,,814,0.403,6.903,false,0,Kenji Silva,Cumulus IL Branch 1,Midwest,2025-07-01
LN-AP-001478,Leo Young,30-Year Fixed Mortgage,547137.66,Digital,E-0206,BR-020,2026-08-12,,,In Progress,Funded,,588,0.479,6.222,false,4,Ben Taylor,Cumulus CO Branch 2,Mountain West,2026-08-01
LN-AP-001479,Wei Scott,HELOC,113256.91,Digital,E-0215,BR-011,2024-10-07,2024-11-14,2024-11-14,Funded,Funded,42.3,685,0.493,5.569,true,0,Henry Patel,Cumulus NC Branch 1,Southeast,2024-10-01
LN-AP-001480,Iris Nguyen,Auto Loan,29261.66,Loan Officer,E-0207,BR-022,2024-11-14,2024-12-15,2024-12-15,Funded,Funded,35.0,705,0.445,7.669,true,0,Priya Davis,Cumulus UT Branch 2,Mountain West,2024-11-01
LN-AP-001481,Derek Wright,Auto Loan,25094.42,Branch,E-0216,BR-013,2026-03-17,2026-04-15,2026-04-15,Funded,Funded,33.1,827,0.375,7.589,true,0,Daniel Morris,Cumulus IL Branch 1,Midwest,2026-03-01
LN-AP-001482,Sofia Morris,30-Year Fixed Mortgage,485187.07,Branch,E-0232,BR-018,2026-07-18,2026-08-16,2026-08-16,Funded,Funded,32.2,637,0.425,5.813,true,0,Tom Hall,Cumulus MN Branch 2,Midwest,2026-07-01
LN-AP-001483,Ravi Miller,30-Year Fixed Mortgage,446402.44,Loan Officer,E-0219,BR-025,2026-06-02,2026-06-30,2026-06-30,Funded,Funded,30.1,684,0.379,8.629,true,0,Rosa Hall,Cumulus CA Branch 1,Pacific,2026-06-01
LN-AP-001484,Noah Mitchell,HELOC,61890.4,Digital,E-0230,BR-009,2026-06-01,,,Withdrawn,Application Submitted,,621,0.414,8.711,false,0,Jamal Wright,Cumulus GA Branch 1,Southeast,2026-06-01
LN-AP-001485,Aisha Ashford,HELOC,98454.33,Digital,E-0232,BR-018,2026-04-07,2026-04-07,,Denied,Application Submitted,,730,0.149,7.74,false,0,Tom Hall,Cumulus MN Branch 2,Midwest,2026-04-01
LN-AP-001486,Naomi Jackson,30-Year Fixed Mortgage,392072.19,Digital,E-0221,BR-016,2026-04-29,2026-05-23,2026-05-23,Funded,Funded,27.7,565,0.33,6.838,true,0,Fatima Parker,Cumulus OH Branch 2,Midwest,2026-04-01
LN-AP-001487,Leo Harris,Auto Loan,28026.96,Digital,E-0212,BR-004,2026-02-26,2026-03-31,2026-03-31,Funded,Funded,35.8,784,0.338,5.764,true,0,Isabella Phillips,Cumulus MA Branch 2,Northeast,2026-02-01
LN-AP-001488,Marcus Johnson,30-Year Fixed Mortgage,385651.31,Digital,E-0224,BR-027,2026-06-17,2026-07-14,2026-07-14,Funded,Funded,31.3,653,0.145,7.438,true,0,Priya Davis,Cumulus WA Branch 1,Pacific,2026-06-01
LN-AP-001489,Lauren Anderson,30-Year Fixed Mortgage,756419.94,Digital,E-0213,BR-023,2024-11-02,2024-12-19,2024-12-19,Funded,Funded,50.0,774,0.318,5.431,true,0,Jamal Lewis,Cumulus AZ Branch 1,Mountain West,2024-11-01
LN-AP-001490,Ines Moore,30-Year Fixed Mortgage,849170.14,Loan Officer,E-0220,BR-005,2025-09-08,2025-10-02,,Denied,Underwriting,,819,0.389,8.889,false,0,Luis Adams,Cumulus CT Branch 1,Northeast,2025-09-01
LN-AP-001491,Mateo Roberts,30-Year Fixed Mortgage,530149.82,Branch,E-0222,BR-026,2026-08-22,,,In Progress,Funded,,623,0.43,8.753,false,2,Rosa Carter,Cumulus CA Branch 2,Pacific,2026-08-01
LN-AP-001492,Zara Davis,HELOC,137525.82,Loan Officer,E-0216,BR-013,2026-07-15,2026-08-13,2026-08-13,Funded,Funded,33.8,727,0.216,7.103,true,0,Daniel Morris,Cumulus IL Branch 1,Midwest,2026-07-01
LN-AP-001493,Ava King,Auto Loan,30919.53,Branch,E-0221,BR-016,2026-02-28,2026-03-29,2026-03-29,Funded,Funded,32.9,728,0.226,5.71,true,0,Fatima Parker,Cumulus OH Branch 2,Midwest,2026-02-01
LN-AP-001494,Julian Okafor,Auto Loan,28252.27,Broker,E-0212,BR-004,2025-05-03,2025-07-11,2025-07-11,Funded,Funded,72.2,598,0.15,7.955,true,0,Isabella Phillips,Cumulus MA Branch 2,Northeast,2025-05-01
LN-AP-001495,Ethan Davis,Auto Loan,23175.79,Broker,E-0208,BR-027,2026-07-06,2026-08-05,2026-08-05,Funded,Funded,32.7,651,0.462,7.525,true,0,Yuki Campbell,Cumulus WA Branch 1,Pacific,2026-07-01
LN-AP-001496,Lauren Taylor,Refinance,311950.79,Digital,E-0231,BR-010,2025-04-10,2025-05-18,2025-05-18,Funded,Funded,42.2,659,0.202,7.412,true,0,Maya Edwards,Cumulus GA Branch 2,Southeast,2025-04-01
LN-AP-001497,Aisha Ashford,15-Year Fixed Mortgage,424004.35,Broker,E-0231,BR-010,2025-05-09,,,Withdrawn,Application Submitted,,611,0.251,8.322,false,0,Maya Edwards,Cumulus GA Branch 2,Southeast,2025-05-01
LN-AP-001498,Owen Hall,15-Year Fixed Mortgage,681445.74,Loan Officer,E-0227,BR-016,2025-05-31,2025-06-30,2025-06-30,Funded,Funded,33.5,647,0.469,6.307,true,0,Zara Young,Cumulus OH Branch 2,Midwest,2025-05-01
LN-AP-001499,Henry Ashford,HELOC,49403.42,Digital,E-0218,BR-012,2026-02-09,2026-03-12,2026-03-12,Funded,Funded,33.4,622,0.496,6.715,true,0,Carlos Scott,Cumulus NC Branch 2,Southeast,2026-02-01
LN-AP-001500,Rosa Chen,30-Year Fixed Mortgage,240303.34,Digital,E-0211,BR-012,2025-10-25,2025-11-27,2025-11-27,Funded,Funded,36.1,604,0.398,7.25,true,0,Priya Young,Cumulus NC Branch 2,Southeast,2025-10-01
LN-AP-001501,Ben Nguyen,15-Year Fixed Mortgage,161769.73,Branch,E-0219,BR-025,2025-07-09,2025-08-13,2025-08-13,Funded,Funded,40.0,615,0.394,8.06,true,0,Rosa Hall,Cumulus CA Branch 1,Pacific,2025-07-01
LN-AP-001502,Ines Moore,Refinance,326329.94,Loan Officer,E-0211,BR-012,2026-02-17,2026-03-15,2026-03-15,Funded,Funded,29.7,789,0.364,5.711,true,0,Priya Young,Cumulus NC Branch 2,Southeast,2026-02-01
LN-AP-001503,Grace Young,HELOC,83213.18,Branch,E-0219,BR-025,2025-08-16,,,Withdrawn,Document Collection,,661,0.189,5.912,false,0,Rosa Hall,Cumulus CA Branch 1,Pacific,2025-08-01
LN-AP-001504,Fatima Baker,15-Year Fixed Mortgage,216881.81,Digital,E-0218,BR-012,2024-12-24,2025-01-16,2025-01-16,Funded,Funded,26.5,791,0.218,5.354,true,0,Carlos Scott,Cumulus NC Branch 2,Southeast,2024-12-01
LN-AP-001505,Isabella Harris,Personal Loan,13486.72,Broker,E-0235,BR-008,2026-08-24,,,In Progress,Appraisal,,656,0.348,6.375,false,5,Ava Harris,Cumulus FL Branch 2,Southeast,2026-08-01
LN-AP-001506,Sara Nguyen,Auto Loan,43624.42,Branch,E-0217,BR-015,2025-11-30,,,Withdrawn,Document Collection,,632,0.44,7.012,false,0,Amara Green,Cumulus OH Branch 1,Midwest,2025-11-01
LN-AP-001507,Mei Lewis,15-Year Fixed Mortgage,352689.19,Digital,E-0218,BR-012,2025-08-29,2025-10-11,2025-10-11,Funded,Funded,47.7,697,0.368,6.069,true,0,Carlos Scott,Cumulus NC Branch 2,Southeast,2025-08-01
LN-AP-001508,Nora Mitchell,HELOC,26048.47,Loan Officer,E-0224,BR-027,2025-01-03,,,Withdrawn,Document Collection,,714,0.37,6.11,false,0,Priya Davis,Cumulus WA Branch 1,Pacific,2025-01-01
LN-AP-001509,Andre King,Auto Loan,36373.08,Loan Officer,E-0221,BR-016,2026-05-19,2026-06-22,2026-06-22,Funded,Funded,39.0,600,0.214,6.495,true,0,Fatima Parker,Cumulus OH Branch 2,Midwest,2026-05-01
LN-AP-001510,Ravi Miller,HELOC,87680.56,Broker,E-0210,BR-019,2025-03-21,2025-04-18,2025-04-18,Funded,Funded,31.8,603,0.51,6.014,true,0,Luis Garcia,Cumulus CO Branch 1,Mountain West,2025-03-01
LN-AP-001511,Noah Collins,30-Year Fixed Mortgage,1088609.34,Branch,E-0228,BR-013,2025-06-28,2025-08-17,2025-08-17,Funded,Funded,53.8,746,0.369,5.875,true,0,Kenji Silva,Cumulus IL Branch 1,Midwest,2025-06-01
LN-AP-001512,Lauren Harris,15-Year Fixed Mortgage,501550.91,Broker,E-0220,BR-005,2026-04-13,2026-05-09,2026-05-09,Funded,Funded,28.8,561,0.211,8.429,true,0,Luis Adams,Cumulus CT Branch 1,Northeast,2026-04-01
LN-AP-001513,Amara Patel,Refinance,463594.17,Digital,E-0215,BR-011,2024-12-16,2025-01-19,2025-01-19,Funded,Funded,37.5,670,0.315,8.826,true,0,Henry Patel,Cumulus NC Branch 1,Southeast,2024-12-01
LN-AP-001514,Carlos Patel,30-Year Fixed Mortgage,115755.97,Broker,E-0209,BR-006,2025-08-13,2025-08-13,,Denied,Application Submitted,,807,0.266,5.985,false,0,Yuki Stewart,Cumulus CT Branch 2,Northeast,2025-08-01
LN-AP-001515,Naomi Roberts,Personal Loan,11271.0,Loan Officer,E-0208,BR-027,2026-05-15,,,Withdrawn,Underwriting,,783,0.196,6.969,false,0,Yuki Campbell,Cumulus WA Branch 1,Pacific,2026-05-01
LN-AP-001516,Tom Scott,30-Year Fixed Mortgage,566302.65,Digital,E-0206,BR-020,2024-11-16,2024-12-22,2024-12-22,Funded,Funded,39.0,616,0.393,8.101,true,0,Ben Taylor,Cumulus CO Branch 2,Mountain West,2024-11-01
LN-AP-001517,Samuel Martinez,30-Year Fixed Mortgage,450219.25,Branch,E-0222,BR-026,2026-04-26,2026-05-21,2026-05-21,Funded,Funded,29.2,761,0.417,6.257,true,0,Rosa Carter,Cumulus CA Branch 2,Pacific,2026-04-01
LN-AP-001518,Hannah Morris,30-Year Fixed Mortgage,307361.75,Broker,E-0217,BR-015,2025-12-09,2026-01-30,2026-01-30,Funded,Funded,55.6,574,0.365,7.735,true,0,Amara Green,Cumulus OH Branch 1,Midwest,2025-12-01
LN-AP-001519,Tom Baker,30-Year Fixed Mortgage,306021.28,Broker,E-0225,BR-021,2026-01-25,2026-02-21,2026-02-21,Funded,Funded,31.3,829,0.177,5.955,true,0,Henry Okafor,Cumulus UT Branch 1,Mountain West,2026-01-01
LN-AP-001520,Ethan Lopez,30-Year Fixed Mortgage,242280.61,Branch,E-0219,BR-025,2025-05-02,2025-05-28,2025-05-28,Funded,Funded,30.3,815,0.34,5.661,true,0,Rosa Hall,Cumulus CA Branch 1,Pacific,2025-05-01
LN-AP-001521,Owen Turner,Refinance,190340.18,Digital,E-0217,BR-015,2024-10-02,2024-11-01,2024-11-01,Funded,Funded,33.8,607,0.292,8.791,true,0,Amara Green,Cumulus OH Branch 1,Midwest,2024-10-01
LN-AP-001522,Andre Walker,Auto Loan,14559.86,Branch,E-0221,BR-016,2026-01-01,2026-02-07,2026-02-07,Funded,Funded,40.7,662,0.338,8.156,true,0,Fatima Parker,Cumulus OH Branch 2,Midwest,2026-01-01
LN-AP-001523,Ethan Edwards,HELOC,166085.72,Digital,E-0219,BR-025,2024-10-15,2024-11-04,,Denied,Underwriting,,744,0.324,8.862,false,0,Rosa Hall,Cumulus CA Branch 1,Pacific,2024-10-01
LN-AP-001524,Hannah Ashford,15-Year Fixed Mortgage,116231.14,Digital,E-0233,BR-025,2025-03-19,,,In Progress,Document Collection,,676,0.293,5.948,false,6,Jamal Adams,Cumulus CA Branch 1,Pacific,2025-03-01
LN-AP-001525,Andre Garcia,15-Year Fixed Mortgage,254661.61,Digital,E-0210,BR-019,2026-06-26,2026-07-29,2026-07-29,Funded,Funded,36.8,764,0.37,8.797,true,0,Luis Garcia,Cumulus CO Branch 1,Mountain West,2026-06-01
LN-AP-001526,Ethan Wilson,30-Year Fixed Mortgage,324821.92,Digital,E-0235,BR-008,2025-11-09,2025-12-03,2025-12-03,Funded,Funded,27.8,655,0.177,5.99,true,0,Ava Harris,Cumulus FL Branch 2,Southeast,2025-11-01
LN-AP-001527,Zara Phillips,30-Year Fixed Mortgage,936064.56,Loan Officer,E-0211,BR-012,2025-11-09,2026-01-11,2026-01-11,Funded,Funded,66.5,703,0.249,8.66,true,0,Priya Young,Cumulus NC Branch 2,Southeast,2025-11-01
LN-AP-001528,Hannah Roberts,Auto Loan,29110.82,Branch,E-0223,BR-001,2025-07-15,2025-09-17,2025-09-17,Funded,Funded,67.2,665,0.485,5.746,true,0,Noah Adams,Cumulus NY Branch 1,Northeast,2025-07-01
LN-AP-001529,Hannah Nguyen,Auto Loan,54565.16,Loan Officer,E-0215,BR-011,2025-11-14,2025-12-13,2025-12-13,Funded,Funded,32.4,753,0.233,8.676,true,0,Henry Patel,Cumulus NC Branch 1,Southeast,2025-11-01
LN-AP-001530,Mei Wright,30-Year Fixed Mortgage,373128.94,Loan Officer,E-0233,BR-025,2025-07-31,2025-09-07,2025-09-07,Funded,Funded,41.1,589,0.185,5.926,true,0,Jamal Adams,Cumulus CA Branch 1,Pacific,2025-07-01
LN-AP-001531,Nina Davis,15-Year Fixed Mortgage,478722.82,Digital,E-0225,BR-021,2025-07-21,2025-08-31,2025-08-31,Funded,Funded,44.7,588,0.469,7.086,true,0,Henry Okafor,Cumulus UT Branch 1,Mountain West,2025-07-01
LN-AP-001532,Sofia Ashford,Personal Loan,19664.89,Branch,E-0232,BR-018,2025-01-27,2025-03-06,2025-03-06,Funded,Funded,41.9,768,0.214,5.92,true,0,Tom Hall,Cumulus MN Branch 2,Midwest,2025-01-01
LN-AP-001533,Priya Martinez,30-Year Fixed Mortgage,403015.76,Branch,E-0224,BR-027,2026-05-18,2026-06-13,2026-06-13,Funded,Funded,30.0,789,0.141,5.453,true,0,Priya Davis,Cumulus WA Branch 1,Pacific,2026-05-01
LN-AP-001534,Hannah Nguyen,HELOC,132669.47,Digital,E-0223,BR-001,2025-12-14,2026-01-04,2026-01-04,Funded,Funded,24.4,806,0.229,5.35,true,0,Noah Adams,Cumulus NY Branch 1,Northeast,2025-12-01
LN-AP-001535,Priya Kim,15-Year Fixed Mortgage,257399.99,Digital,E-0222,BR-026,2025-11-16,2025-12-19,2025-12-19,Funded,Funded,36.4,582,0.361,5.635,true,0,Rosa Carter,Cumulus CA Branch 2,Pacific,2025-11-01
LN-AP-001536,Ava Bailey,HELOC,56752.49,Digital,E-0222,BR-026,2024-12-22,,,In Progress,Application Submitted,,772,0.509,8.4,false,6,Rosa Carter,Cumulus CA Branch 2,Pacific,2024-12-01
LN-AP-001537,Elena Lopez,30-Year Fixed Mortgage,697976.36,Loan Officer,E-0223,BR-001,2024-11-15,2024-12-15,2024-12-15,Funded,Funded,33.5,708,0.315,5.278,true,0,Noah Adams,Cumulus NY Branch 1,Northeast,2024-11-01
LN-AP-001538,Julian Morris,Personal Loan,7338.21,Digital,E-0213,BR-023,2024-12-13,2024-12-22,,Denied,Document Collection,,587,0.165,6.086,false,0,Jamal Lewis,Cumulus AZ Branch 1,Mountain West,2024-12-01
LN-AP-001539,Lauren Campbell,30-Year Fixed Mortgage,652229.76,Loan Officer,E-0221,BR-016,2025-11-08,2025-11-08,,Denied,Application Submitted,,589,0.202,8.73,false,0,Fatima Parker,Cumulus OH Branch 2,Midwest,2025-11-01
LN-AP-001540,Isabella White,30-Year Fixed Mortgage,312820.6,Digital,E-0229,BR-025,2024-10-19,,,In Progress,Appraisal,,825,0.404,6.475,false,0,Marcus Wilson,Cumulus CA Branch 1,Pacific,2024-10-01
LN-AP-001541,Marcus Ruiz,HELOC,63642.23,Digital,E-0234,BR-028,2025-07-30,2025-09-20,2025-09-20,Funded,Funded,55.7,596,0.462,7.511,true,0,Henry Taylor,Cumulus WA Branch 2,Pacific,2025-07-01
LN-AP-001542,Maya Mitchell,30-Year Fixed Mortgage,278263.43,Digital,E-0221,BR-016,2026-07-26,2026-08-22,2026-08-22,Funded,Funded,30.4,646,0.233,5.441,true,0,Fatima Parker,Cumulus OH Branch 2,Midwest,2026-07-01
LN-AP-001543,Mateo Nguyen,HELOC,68504.46,Digital,E-0235,BR-008,2025-03-13,2025-04-14,2025-04-14,Funded,Funded,35.2,683,0.307,8.362,true,0,Ava Harris,Cumulus FL Branch 2,Southeast,2025-03-01
LN-AP-001544,Nora Mitchell,15-Year Fixed Mortgage,296951.94,Loan Officer,E-0207,BR-022,2025-02-23,2025-03-22,2025-03-22,Funded,Funded,31.2,615,0.502,6.86,true,0,Priya Davis,Cumulus UT Branch 2,Mountain West,2025-02-01
LN-AP-001545,Ben Nguyen,Refinance,636642.75,Digital,E-0216,BR-013,2026-04-12,2026-05-09,2026-05-09,Funded,Funded,30.3,695,0.158,8.719,true,0,Daniel Morris,Cumulus IL Branch 1,Midwest,2026-04-01
LN-AP-001546,Grace Patel,15-Year Fixed Mortgage,191504.78,Digital,E-0208,BR-027,2026-05-16,2026-06-13,2026-06-13,Funded,Funded,32.1,764,0.318,8.097,true,0,Yuki Campbell,Cumulus WA Branch 1,Pacific,2026-05-01
LN-AP-001547,Ines Bailey,HELOC,125720.18,Broker,E-0230,BR-009,2025-11-27,2026-01-08,2026-01-08,Funded,Funded,45.4,818,0.132,5.358,true,0,Jamal Wright,Cumulus GA Branch 1,Southeast,2025-11-01
LN-AP-001548,Felix Mitchell,Refinance,591901.17,Branch,E-0214,BR-027,2025-08-18,2025-09-06,,Denied,Document Collection,,624,0.418,5.46,false,0,Amara Clark,Cumulus WA Branch 1,Pacific,2025-08-01
LN-AP-001549,Noah Nguyen,30-Year Fixed Mortgage,379467.04,Digital,E-0223,BR-001,2026-05-08,2026-05-30,2026-05-30,Funded,Funded,25.1,714,0.359,8.088,true,0,Noah Adams,Cumulus NY Branch 1,Northeast,2026-05-01
LN-AP-001550,Maya Lopez,Auto Loan,40573.5,Loan Officer,E-0219,BR-025,2026-02-23,2026-03-19,2026-03-19,Funded,Funded,26.9,656,0.419,6.063,true,0,Rosa Hall,Cumulus CA Branch 1,Pacific,2026-02-01
LN-AP-001551,Derek Thomas,Auto Loan,24206.39,Branch,E-0216,BR-013,2025-05-25,2025-06-29,2025-06-29,Funded,Funded,38.8,818,0.231,5.12,true,0,Daniel Morris,Cumulus IL Branch 1,Midwest,2025-05-01
LN-AP-001552,Jonathan Green,HELOC,30766.52,Digital,E-0209,BR-006,2025-12-13,2026-01-01,2026-01-01,Funded,Funded,22.7,694,0.319,7.223,true,0,Yuki Stewart,Cumulus CT Branch 2,Northeast,2025-12-01
LN-AP-001553,Diego Hall,HELOC,95388.0,Loan Officer,E-0221,BR-016,2025-09-08,,,In Progress,Underwriting,,712,0.208,7.191,false,6,Fatima Parker,Cumulus OH Branch 2,Midwest,2025-09-01
LN-AP-001554,Amara Scott,HELOC,118438.54,Broker,E-0226,BR-010,2025-03-21,2025-04-14,2025-04-14,Funded,Funded,27.3,827,0.261,6.114,true,0,Andre Evans,Cumulus GA Branch 2,Southeast,2025-03-01
LN-AP-001555,Ben Jackson,Auto Loan,22142.78,Digital,E-0223,BR-001,2025-10-13,,,Withdrawn,Underwriting,,684,0.246,7.83,false,0,Noah Adams,Cumulus NY Branch 1,Northeast,2025-10-01
LN-AP-001556,Jamal King,Auto Loan,20093.9,Loan Officer,E-0216,BR-013,2024-10-06,2024-11-20,2024-11-20,Funded,Funded,48.0,679,0.468,8.876,true,0,Daniel Morris,Cumulus IL Branch 1,Midwest,2024-10-01
LN-AP-001557,Samuel Moore,Refinance,336722.29,Loan Officer,E-0222,BR-026,2026-05-31,2026-05-31,,Denied,Application Submitted,,739,0.351,7.209,false,0,Rosa Carter,Cumulus CA Branch 2,Pacific,2026-05-01
LN-AP-001558,Marcus Johnson,15-Year Fixed Mortgage,205782.1,Branch,E-0210,BR-019,2025-05-22,2025-06-20,2025-06-20,Funded,Funded,32.2,741,0.516,6.288,true,0,Luis Garcia,Cumulus CO Branch 1,Mountain West,2025-05-01
LN-AP-001559,Emma Anderson,Refinance,641829.55,Digital,E-0226,BR-010,2025-08-26,2025-09-10,,Denied,Document Collection,,595,0.373,6.023,false,0,Andre Evans,Cumulus GA Branch 2,Southeast,2025-08-01
LN-AP-001560,Kenji Ashford,Auto Loan,58789.6,Digital,E-0214,BR-027,2026-07-08,2026-08-08,2026-08-08,Funded,Funded,33.5,767,0.21,7.54,true,0,Amara Clark,Cumulus WA Branch 1,Pacific,2026-07-01
LN-AP-001561,Mei Johnson,30-Year Fixed Mortgage,478573.42,Digital,E-0215,BR-011,2025-02-05,,,Abandoned,Underwriting,,790,0.205,6.914,false,0,Henry Patel,Cumulus NC Branch 1,Southeast,2025-02-01
LN-AP-001562,Olivia Wilson,Auto Loan,63009.33,Digital,E-0222,BR-026,2025-05-01,2025-05-28,2025-05-28,Funded,Funded,31.0,748,0.339,8.784,true,0,Rosa Carter,Cumulus CA Branch 2,Pacific,2025-05-01
LN-AP-001563,Wei Baker,Auto Loan,44163.65,Digital,E-0219,BR-025,2025-09-07,,,Withdrawn,Underwriting,,577,0.495,6.452,false,0,Rosa Hall,Cumulus CA Branch 1,Pacific,2025-09-01
LN-AP-001564,Victor Roberts,Auto Loan,42516.2,Digital,E-0227,BR-016,2025-11-19,2025-12-12,2025-12-12,Funded,Funded,26.8,825,0.223,5.5,true,0,Zara Young,Cumulus OH Branch 2,Midwest,2025-11-01
LN-AP-001565,Grace Davis,30-Year Fixed Mortgage,271112.1,Digital,E-0216,BR-013,2026-01-26,,,In Progress,Underwriting,,688,0.508,8.577,false,3,Daniel Morris,Cumulus IL Branch 1,Midwest,2026-01-01
LN-AP-001566,Ravi Morris,Auto Loan,30992.28,Digital,E-0235,BR-008,2025-01-11,2025-02-12,2025-02-12,Funded,Funded,36.7,796,0.354,8.74,true,0,Ava Harris,Cumulus FL Branch 2,Southeast,2025-01-01
LN-AP-001567,Yuki Lopez,30-Year Fixed Mortgage,889312.57,Digital,E-0212,BR-004,2025-01-28,,,In Progress,Underwriting,,695,0.428,6.237,false,1,Isabella Phillips,Cumulus MA Branch 2,Northeast,2025-01-01
LN-AP-001568,Rosa Roberts,HELOC,328932.59,Digital,E-0229,BR-025,2025-02-03,,,In Progress,Appraisal,,745,0.367,5.863,false,1,Marcus Wilson,Cumulus CA Branch 1,Pacific,2025-02-01
LN-AP-001569,Kenji Anderson,Auto Loan,28554.7,Branch,E-0233,BR-025,2026-01-01,2026-01-31,2026-01-31,Funded,Funded,32.9,752,0.384,8.192,true,0,Jamal Adams,Cumulus CA Branch 1,Pacific,2026-01-01
LN-AP-001570,Priya Mitchell,Auto Loan,41907.39,Digital,E-0226,BR-010,2024-11-02,2024-11-25,2024-11-25,Funded,Funded,27.8,565,0.238,7.135,true,0,Andre Evans,Cumulus GA Branch 2,Southeast,2024-11-01
LN-AP-001571,Jonathan Wright,30-Year Fixed Mortgage,300038.67,Digital,E-0209,BR-006,2024-11-23,2024-12-24,2024-12-24,Funded,Funded,36.0,762,0.434,5.779,true,0,Yuki Stewart,Cumulus CT Branch 2,Northeast,2024-11-01
LN-AP-001572,Sara Parker,30-Year Fixed Mortgage,762077.46,Broker,E-0208,BR-027,2026-07-07,,,In Progress,Funded,,662,0.256,5.305,false,1,Yuki Campbell,Cumulus WA Branch 1,Pacific,2026-07-01
LN-AP-001573,Fatima Martinez,Personal Loan,15936.54,Broker,E-0220,BR-005,2025-05-05,,,Withdrawn,Conditional Approval,,592,0.171,6.583,false,0,Luis Adams,Cumulus CT Branch 1,Northeast,2025-05-01
LN-AP-001574,Ines Adams,Auto Loan,42058.47,Digital,E-0227,BR-016,2025-03-01,2025-04-13,2025-04-13,Funded,Funded,47.6,575,0.248,7.069,true,0,Zara Young,Cumulus OH Branch 2,Midwest,2025-03-01
LN-AP-001575,Naomi Young,30-Year Fixed Mortgage,424280.61,Branch,E-0215,BR-011,2026-08-11,,,Withdrawn,Application Submitted,,604,0.259,8.65,false,0,Henry Patel,Cumulus NC Branch 1,Southeast,2026-08-01
LN-AP-001576,Hannah Lopez,Auto Loan,11337.57,Branch,E-0224,BR-027,2025-05-19,2025-06-21,2025-06-21,Funded,Funded,36.6,614,0.37,6.946,true,0,Priya Davis,Cumulus WA Branch 1,Pacific,2025-05-01
LN-AP-001577,Naomi Campbell,Refinance,246670.17,Digital,E-0230,BR-009,2024-11-30,2024-12-26,2024-12-26,Funded,Funded,28.3,690,0.512,8.099,true,0,Jamal Wright,Cumulus GA Branch 1,Southeast,2024-11-01
LN-AP-001578,Henry Ruiz,Auto Loan,91905.24,Digital,E-0227,BR-016,2025-09-16,2025-10-21,2025-10-21,Funded,Funded,38.9,601,0.363,5.572,true,0,Zara Young,Cumulus OH Branch 2,Midwest,2025-09-01
LN-AP-001579,Henry Davis,Personal Loan,7218.8,Broker,E-0222,BR-026,2026-06-17,2026-07-25,2026-07-25,Funded,Funded,41.0,643,0.456,6.092,true,0,Rosa Carter,Cumulus CA Branch 2,Pacific,2026-06-01
LN-AP-001580,Mei Walker,HELOC,119039.01,Digital,E-0216,BR-013,2025-07-04,2025-07-26,,Denied,Conditional Approval,,829,0.44,5.782,false,0,Daniel Morris,Cumulus IL Branch 1,Midwest,2025-07-01
LN-AP-001581,Priya Martinez,Personal Loan,8623.85,Digital,E-0224,BR-027,2026-05-26,2026-07-04,2026-07-04,Funded,Funded,43.2,617,0.484,5.551,true,0,Priya Davis,Cumulus WA Branch 1,Pacific,2026-05-01
LN-AP-001582,Fatima Carter,HELOC,142364.06,Branch,E-0224,BR-027,2025-10-10,2025-11-08,2025-11-08,Funded,Funded,31.8,586,0.234,8.269,true,0,Priya Davis,Cumulus WA Branch 1,Pacific,2025-10-01
LN-AP-001583,Owen Allen,Auto Loan,16406.74,Digital,E-0231,BR-010,2026-06-26,2026-07-26,2026-07-26,Funded,Funded,33.0,580,0.135,5.392,true,0,Maya Edwards,Cumulus GA Branch 2,Southeast,2026-06-01
LN-AP-001584,Hannah Jackson,30-Year Fixed Mortgage,251876.76,Loan Officer,E-0207,BR-022,2025-10-22,2025-11-25,2025-11-25,Funded,Funded,37.5,750,0.488,6.841,true,0,Priya Davis,Cumulus UT Branch 2,Mountain West,2025-10-01
LN-AP-001585,Olivia Morris,30-Year Fixed Mortgage,152492.57,Branch,E-0211,BR-012,2025-12-10,2026-01-16,2026-01-16,Funded,Funded,40.0,744,0.38,6.963,true,0,Priya Young,Cumulus NC Branch 2,Southeast,2025-12-01
LN-AP-001586,Mateo Davis,30-Year Fixed Mortgage,466898.35,Branch,E-0222,BR-026,2025-08-01,,,In Progress,Underwriting,,604,0.184,5.863,false,2,Rosa Carter,Cumulus CA Branch 2,Pacific,2025-08-01
LN-AP-001587,Nora Ashford,30-Year Fixed Mortgage,278367.62,Branch,E-0216,BR-013,2025-06-11,2025-07-14,2025-07-14,Funded,Funded,36.2,818,0.228,8.04,true,0,Daniel Morris,Cumulus IL Branch 1,Midwest,2025-06-01
LN-AP-001588,Aisha Okafor,15-Year Fixed Mortgage,276777.78,Branch,E-0221,BR-016,2025-04-18,,,Withdrawn,Conditional Approval,,589,0.297,6.856,false,0,Fatima Parker,Cumulus OH Branch 2,Midwest,2025-04-01
LN-AP-001589,Andre White,15-Year Fixed Mortgage,191033.38,Branch,E-0210,BR-019,2024-12-20,2025-01-30,2025-01-30,Funded,Funded,44.7,724,0.24,8.877,true,0,Luis Garcia,Cumulus CO Branch 1,Mountain West,2024-12-01
LN-AP-001590,Amara Campbell,Auto Loan,64741.99,Broker,E-0215,BR-011,2025-10-24,2025-11-25,,Denied,Conditional Approval,,765,0.226,5.944,false,0,Henry Patel,Cumulus NC Branch 1,Southeast,2025-10-01
LN-AP-001591,Elena Kim,HELOC,94664.89,Digital,E-0227,BR-016,2025-05-10,2025-05-29,2025-05-29,Funded,Funded,22.3,770,0.489,6.085,true,0,Zara Young,Cumulus OH Branch 2,Midwest,2025-05-01
LN-AP-001592,Ethan Stewart,Personal Loan,19357.29,Digital,E-0208,BR-027,2025-08-28,2025-10-06,2025-10-06,Funded,Funded,42.4,740,0.146,5.134,true,0,Yuki Campbell,Cumulus WA Branch 1,Pacific,2025-08-01
LN-AP-001593,Ben Wilson,30-Year Fixed Mortgage,441967.55,Branch,E-0211,BR-012,2024-11-18,2025-01-08,2025-01-08,Funded,Funded,54.1,675,0.421,8.432,true,0,Priya Young,Cumulus NC Branch 2,Southeast,2024-11-01
LN-AP-001594,Marcus Green,30-Year Fixed Mortgage,397410.45,Loan Officer,E-0224,BR-027,2026-01-13,2026-02-20,2026-02-20,Funded,Funded,42.2,604,0.324,6.686,true,0,Priya Davis,Cumulus WA Branch 1,Pacific,2026-01-01
LN-AP-001595,Luis Wilson,30-Year Fixed Mortgage,250122.48,Digital,E-0217,BR-015,2025-12-17,2026-01-22,2026-01-22,Funded,Funded,40.0,751,0.196,6.129,true,0,Amara Green,Cumulus OH Branch 1,Midwest,2025-12-01
LN-AP-001596,Owen Harris,Auto Loan,29671.16,Branch,E-0206,BR-020,2026-06-06,2026-07-07,2026-07-07,Funded,Funded,34.2,830,0.286,6.718,true,0,Ben Taylor,Cumulus CO Branch 2,Mountain West,2026-06-01
LN-AP-001597,Diego King,15-Year Fixed Mortgage,150968.89,Broker,E-0233,BR-025,2025-10-08,2025-10-29,,Denied,Document Collection,,721,0.216,5.822,false,0,Jamal Adams,Cumulus CA Branch 1,Pacific,2025-10-01
LN-AP-001598,Nina Anderson,30-Year Fixed Mortgage,488515.06,Branch,E-0228,BR-013,2025-03-03,2025-03-27,2025-03-27,Funded,Funded,27.6,744,0.287,7.292,true,0,Kenji Silva,Cumulus IL Branch 1,Midwest,2025-03-01
LN-AP-001599,Owen Chen,Auto Loan,25961.51,Branch,E-0231,BR-010,2025-08-20,2025-10-14,2025-10-14,Funded,Funded,58.5,759,0.211,7.535,true,0,Maya Edwards,Cumulus GA Branch 2,Southeast,2025-08-01
LN-AP-001600,Leo Clark,HELOC,79906.32,Digital,E-0235,BR-008,2024-12-23,2025-01-14,2025-01-14,Funded,Funded,25.6,685,0.5,5.177,true,0,Ava Harris,Cumulus FL Branch 2,Southeast,2024-12-01
LN-AP-001601,Naomi Hall,15-Year Fixed Mortgage,242255.4,Broker,E-0211,BR-012,2025-12-05,2026-01-06,2026-01-06,Funded,Funded,34.5,598,0.22,7.618,true,0,Priya Young,Cumulus NC Branch 2,Southeast,2025-12-01
LN-AP-001602,Aisha Allen,30-Year Fixed Mortgage,348517.92,Digital,E-0231,BR-010,2024-11-23,,,Withdrawn,Document Collection,,773,0.288,5.926,false,0,Maya Edwards,Cumulus GA Branch 2,Southeast,2024-11-01
LN-AP-001603,Felix Green,30-Year Fixed Mortgage,504450.18,Loan Officer,E-0232,BR-018,2024-12-16,2025-01-13,2025-01-13,Funded,Funded,32.2,659,0.413,6.058,true,0,Tom Hall,Cumulus MN Branch 2,Midwest,2024-12-01
LN-AP-001604,Henry Young,HELOC,80886.3,Loan Officer,E-0232,BR-018,2026-07-11,2026-08-22,,Denied,Appraisal,,691,0.276,6.391,false,0,Tom Hall,Cumulus MN Branch 2,Midwest,2026-07-01
LN-AP-001605,Emma Morris,30-Year Fixed Mortgage,300109.47,Digital,E-0228,BR-013,2025-12-11,2026-01-04,2026-01-04,Funded,Funded,27.2,732,0.233,6.81,true,0,Kenji Silva,Cumulus IL Branch 1,Midwest,2025-12-01
LN-AP-001606,Isabella Young,HELOC,69111.84,Loan Officer,E-0227,BR-016,2025-09-25,2025-10-26,2025-10-26,Funded,Funded,34.1,579,0.377,8.399,true,0,Zara Young,Cumulus OH Branch 2,Midwest,2025-09-01
LN-AP-001607,Aisha Silva,30-Year Fixed Mortgage,192197.29,Broker,E-0233,BR-025,2025-09-07,,,In Progress,Appraisal,,576,0.126,6.1,false,6,Jamal Adams,Cumulus CA Branch 1,Pacific,2025-09-01
LN-AP-001608,Layla Garcia,30-Year Fixed Mortgage,321647.36,Digital,E-0223,BR-001,2024-12-15,2025-01-10,2025-01-10,Funded,Funded,30.1,759,0.339,5.584,true,0,Noah Adams,Cumulus NY Branch 1,Northeast,2024-12-01
LN-AP-001609,Chloe Lopez,30-Year Fixed Mortgage,210345.62,Digital,E-0219,BR-025,2025-05-28,,,In Progress,Application Submitted,,656,0.457,6.903,false,0,Rosa Hall,Cumulus CA Branch 1,Pacific,2025-05-01
LN-AP-001610,Owen Nguyen,15-Year Fixed Mortgage,251821.22,Broker,E-0226,BR-010,2026-01-24,2026-03-06,2026-03-06,Funded,Funded,46.3,657,0.179,6.45,true,0,Andre Evans,Cumulus GA Branch 2,Southeast,2026-01-01
LN-AP-001611,Iris Moore,Refinance,354637.67,Digital,E-0207,BR-022,2026-06-26,2026-07-21,2026-07-21,Funded,Funded,28.2,699,0.374,7.393,true,0,Priya Davis,Cumulus UT Branch 2,Mountain West,2026-06-01
LN-AP-001612,Ines Martinez,Auto Loan,110012.88,Digital,E-0228,BR-013,2026-05-06,2026-05-28,2026-05-28,Funded,Funded,26.5,699,0.486,5.761,true,0,Kenji Silva,Cumulus IL Branch 1,Midwest,2026-05-01
LN-AP-001613,Tom Johnson,Personal Loan,23492.67,Digital,E-0213,BR-023,2025-05-19,,,Withdrawn,Underwriting,,627,0.317,5.919,false,0,Jamal Lewis,Cumulus AZ Branch 1,Mountain West,2025-05-01
LN-AP-001614,Rosa Harris,Personal Loan,9234.25,Loan Officer,E-0211,BR-012,2024-11-30,2024-12-18,2024-12-18,Funded,Funded,22.1,712,0.513,5.207,true,0,Priya Young,Cumulus NC Branch 2,Southeast,2024-11-01
LN-AP-001615,Leo Young,HELOC,167533.04,Branch,E-0215,BR-011,2026-03-27,2026-05-07,2026-05-07,Funded,Funded,44.7,619,0.141,5.344,true,0,Henry Patel,Cumulus NC Branch 1,Southeast,2026-03-01
LN-AP-001616,Felix Wilson,Auto Loan,22472.66,Loan Officer,E-0222,BR-026,2025-08-19,2025-09-27,2025-09-27,Funded,Funded,43.3,607,0.122,8.285,true,0,Rosa Carter,Cumulus CA Branch 2,Pacific,2025-08-01
LN-AP-001617,Isabella Miller,Auto Loan,19475.03,Loan Officer,E-0225,BR-021,2025-07-30,2025-09-10,2025-09-10,Funded,Funded,45.7,576,0.442,8.885,true,0,Henry Okafor,Cumulus UT Branch 1,Mountain West,2025-07-01
LN-AP-001618,Maya Moore,Personal Loan,21340.31,Branch,E-0210,BR-019,2026-06-11,2026-07-18,2026-07-18,Funded,Funded,39.0,816,0.408,6.118,true,0,Luis Garcia,Cumulus CO Branch 1,Mountain West,2026-06-01
LN-AP-001619,Julian Moore,Auto Loan,40170.68,Digital,E-0224,BR-027,2026-03-25,2026-04-21,2026-04-21,Funded,Funded,31.2,671,0.454,7.309,true,0,Priya Davis,Cumulus WA Branch 1,Pacific,2026-03-01
LN-AP-001620,Daniel Collins,Auto Loan,29926.21,Branch,E-0222,BR-026,2024-11-30,2024-12-25,2024-12-25,Funded,Funded,30.2,743,0.182,8.285,true,0,Rosa Carter,Cumulus CA Branch 2,Pacific,2024-11-01
LN-AP-001621,Tom Scott,Refinance,393535.41,Broker,E-0209,BR-006,2025-10-25,2025-11-24,2025-11-24,Funded,Funded,34.6,808,0.447,8.496,true,0,Yuki Stewart,Cumulus CT Branch 2,Northeast,2025-10-01
LN-AP-001622,Yuki Roberts,15-Year Fixed Mortgage,601860.56,Broker,E-0235,BR-008,2025-02-18,2025-03-21,2025-03-21,Funded,Funded,34.8,673,0.364,8.157,true,0,Ava Harris,Cumulus FL Branch 2,Southeast,2025-02-01
LN-AP-001623,Hannah Patel,HELOC,103771.09,Branch,E-0207,BR-022,2026-02-05,,,In Progress,Document Collection,,643,0.271,8.36,false,6,Priya Davis,Cumulus UT Branch 2,Mountain West,2026-02-01
LN-AP-001624,Lauren Chen,HELOC,27732.28,Branch,E-0220,BR-005,2024-11-20,2024-12-26,2024-12-26,Funded,Funded,40.0,727,0.499,8.037,true,0,Luis Adams,Cumulus CT Branch 1,Northeast,2024-11-01
LN-AP-001625,Marcus Baker,Auto Loan,38728.25,Digital,E-0227,BR-016,2024-12-10,,,Withdrawn,Document Collection,,648,0.2,5.574,false,0,Zara Young,Cumulus OH Branch 2,Midwest,2024-12-01
LN-AP-001626,Nina Adams,30-Year Fixed Mortgage,369801.34,Loan Officer,E-0211,BR-012,2025-06-13,2025-07-29,2025-07-29,Funded,Funded,49.1,695,0.197,8.133,true,0,Priya Young,Cumulus NC Branch 2,Southeast,2025-06-01
LN-AP-001627,Leo Hall,HELOC,48264.65,Digital,E-0221,BR-016,2025-05-17,2025-06-03,,Denied,Underwriting,,814,0.374,7.295,false,0,Fatima Parker,Cumulus OH Branch 2,Midwest,2025-05-01
LN-AP-001628,Diego Collins,30-Year Fixed Mortgage,261363.02,Digital,E-0216,BR-013,2025-09-09,2025-10-04,2025-10-04,Funded,Funded,27.8,565,0.178,7.87,true,0,Daniel Morris,Cumulus IL Branch 1,Midwest,2025-09-01
LN-AP-001629,Emma Morris,15-Year Fixed Mortgage,626824.62,Branch,E-0225,BR-021,2024-10-25,2024-12-01,2024-12-01,Funded,Funded,40.7,645,0.264,7.295,true,0,Henry Okafor,Cumulus UT Branch 1,Mountain West,2024-10-01
LN-AP-001630,Lauren Edwards,HELOC,113319.13,Branch,E-0214,BR-027,2025-09-12,2025-10-23,2025-10-23,Funded,Funded,44.5,808,0.438,8.016,true,0,Amara Clark,Cumulus WA Branch 1,Pacific,2025-09-01
LN-AP-001631,Ethan Edwards,30-Year Fixed Mortgage,471423.4,Broker,E-0208,BR-027,2025-12-14,2026-01-13,2026-01-13,Funded,Funded,33.8,735,0.283,6.692,true,0,Yuki Campbell,Cumulus WA Branch 1,Pacific,2025-12-01
LN-AP-001632,Zara Edwards,Auto Loan,15902.26,Branch,E-0221,BR-016,2026-08-14,,,In Progress,Funded,,594,0.297,8.797,false,5,Fatima Parker,Cumulus OH Branch 2,Midwest,2026-08-01
LN-AP-001633,Julian Brown,Auto Loan,44500.44,Digital,E-0226,BR-010,2025-11-11,2025-12-18,2025-12-18,Funded,Funded,40.1,675,0.237,6.595,true,0,Andre Evans,Cumulus GA Branch 2,Southeast,2025-11-01
LN-AP-001634,Iris Ashford,Refinance,433989.17,Digital,E-0222,BR-026,2025-07-02,2025-08-06,2025-08-06,Funded,Funded,38.7,632,0.517,5.305,true,0,Rosa Carter,Cumulus CA Branch 2,Pacific,2025-07-01
LN-AP-001635,Samuel Kim,15-Year Fixed Mortgage,140910.04,Digital,E-0218,BR-012,2026-08-19,,,In Progress,Funded,,675,0.277,7.065,false,3,Carlos Scott,Cumulus NC Branch 2,Southeast,2026-08-01
LN-AP-001636,Amara Harris,Refinance,357535.46,Loan Officer,E-0214,BR-027,2025-01-11,2025-02-28,2025-02-28,Funded,Funded,52.5,728,0.198,7.047,true,0,Amara Clark,Cumulus WA Branch 1,Pacific,2025-01-01
LN-AP-001637,Elena Nguyen,30-Year Fixed Mortgage,613499.07,Broker,E-0223,BR-001,2025-05-31,2025-07-09,2025-07-09,Funded,Funded,42.5,745,0.199,8.137,true,0,Noah Adams,Cumulus NY Branch 1,Northeast,2025-05-01
LN-AP-001638,Grace Carter,30-Year Fixed Mortgage,390820.62,Branch,E-0230,BR-009,2026-02-28,,,In Progress,Application Submitted,,644,0.37,8.776,false,1,Jamal Wright,Cumulus GA Branch 1,Southeast,2026-02-01
LN-AP-001639,Marcus Ashford,30-Year Fixed Mortgage,306232.42,Digital,E-0221,BR-016,2024-12-17,2025-01-21,2025-01-21,Funded,Funded,40.1,728,0.286,8.557,true,0,Fatima Parker,Cumulus OH Branch 2,Midwest,2024-12-01
LN-AP-001640,Kenji Chen,30-Year Fixed Mortgage,340376.9,Digital,E-0220,BR-005,2026-03-24,,,In Progress,Appraisal,,705,0.38,8.076,false,4,Luis Adams,Cumulus CT Branch 1,Northeast,2026-03-01
LN-AP-001641,Nina Ashford,Auto Loan,31925.25,Loan Officer,E-0222,BR-026,2025-12-02,2026-01-16,2026-01-16,Funded,Funded,49.6,779,0.409,7.263,true,0,Rosa Carter,Cumulus CA Branch 2,Pacific,2025-12-01
LN-AP-001642,Kenji Evans,Auto Loan,92355.78,Digital,E-0230,BR-009,2025-02-05,2025-03-03,2025-03-03,Funded,Funded,28.6,744,0.379,6.081,true,0,Jamal Wright,Cumulus GA Branch 1,Southeast,2025-02-01
LN-AP-001643,Priya Jackson,HELOC,56066.59,Loan Officer,E-0208,BR-027,2025-06-07,,,Withdrawn,Document Collection,,655,0.465,6.305,false,0,Yuki Campbell,Cumulus WA Branch 1,Pacific,2025-06-01
LN-AP-001644,Daniel Moore,HELOC,65135.08,Loan Officer,E-0208,BR-027,2025-05-01,2025-07-01,2025-07-01,Funded,Funded,64.3,656,0.184,7.086,true,0,Yuki Campbell,Cumulus WA Branch 1,Pacific,2025-05-01
LN-AP-001645,Elena Garcia,15-Year Fixed Mortgage,644308.83,Branch,E-0210,BR-019,2025-06-04,2025-07-07,2025-07-07,Funded,Funded,36.4,631,0.14,5.412,true,0,Luis Garcia,Cumulus CO Branch 1,Mountain West,2025-06-01
LN-AP-001646,Isabella Anderson,Auto Loan,33697.58,Digital,E-0231,BR-010,2025-04-26,2025-05-24,2025-05-24,Funded,Funded,32.1,765,0.514,5.201,true,0,Maya Edwards,Cumulus GA Branch 2,Southeast,2025-04-01
LN-AP-001647,Nina Ashford,15-Year Fixed Mortgage,170012.81,Digital,E-0218,BR-012,2025-06-18,2025-07-14,2025-07-14,Funded,Funded,30.2,723,0.37,6.611,true,0,Carlos Scott,Cumulus NC Branch 2,Southeast,2025-06-01
LN-AP-001648,Maya Evans,Personal Loan,16812.42,Digital,E-0227,BR-016,2026-02-05,,,Withdrawn,Document Collection,,626,0.285,7.554,false,0,Zara Young,Cumulus OH Branch 2,Midwest,2026-02-01
LN-AP-001649,Maya Scott,Personal Loan,4983.05,Digital,E-0231,BR-010,2025-12-10,,,Abandoned,Appraisal,,752,0.151,7.493,false,0,Maya Edwards,Cumulus GA Branch 2,Southeast,2025-12-01
LN-AP-001650,Elena Baker,Auto Loan,10106.15,Broker,E-0219,BR-025,2024-12-07,2025-01-19,2025-01-19,Funded,Funded,47.2,648,0.322,5.64,true,0,Rosa Hall,Cumulus CA Branch 1,Pacific,2024-12-01
LN-AP-001651,Naomi Wright,Refinance,305556.6,Branch,E-0229,BR-025,2025-03-01,,,Withdrawn,Conditional Approval,,770,0.265,8.02,false,0,Marcus Wilson,Cumulus CA Branch 1,Pacific,2025-03-01
LN-AP-001652,Hannah Moore,30-Year Fixed Mortgage,760464.61,Branch,E-0213,BR-023,2025-11-13,2025-12-14,2025-12-14,Funded,Funded,33.8,667,0.509,6.174,true,0,Jamal Lewis,Cumulus AZ Branch 1,Mountain West,2025-11-01
LN-AP-001653,Ines Chen,Auto Loan,48304.3,Branch,E-0216,BR-013,2026-05-02,2026-06-04,2026-06-04,Funded,Funded,37.2,609,0.246,6.253,true,0,Daniel Morris,Cumulus IL Branch 1,Midwest,2026-05-01
LN-AP-001654,Ravi Adams,HELOC,210973.1,Loan Officer,E-0226,BR-010,2024-11-14,2024-12-22,2024-12-22,Funded,Funded,41.0,607,0.432,7.555,true,0,Andre Evans,Cumulus GA Branch 2,Southeast,2024-11-01
LN-AP-001655,Carlos Patel,30-Year Fixed Mortgage,474483.16,Digital,E-0235,BR-008,2026-08-02,2026-08-22,,Denied,Appraisal,,691,0.129,5.956,false,0,Ava Harris,Cumulus FL Branch 2,Southeast,2026-08-01
LN-AP-001656,Noah Evans,30-Year Fixed Mortgage,560174.59,Branch,E-0234,BR-028,2025-02-26,2025-03-29,2025-03-29,Funded,Funded,34.6,600,0.236,6.469,true,0,Henry Taylor,Cumulus WA Branch 2,Pacific,2025-02-01
LN-AP-001657,Henry Lopez,Auto Loan,41520.03,Branch,E-0206,BR-020,2025-11-17,,,Withdrawn,Appraisal,,771,0.489,8.738,false,0,Ben Taylor,Cumulus CO Branch 2,Mountain West,2025-11-01
LN-AP-001658,Julian Wilson,Auto Loan,35869.78,Loan Officer,E-0218,BR-012,2025-08-14,2025-09-17,2025-09-17,Funded,Funded,38.5,811,0.379,6.203,true,0,Carlos Scott,Cumulus NC Branch 2,Southeast,2025-08-01
LN-AP-001659,Aisha King,15-Year Fixed Mortgage,235855.91,Loan Officer,E-0228,BR-013,2025-02-11,2025-03-29,2025-03-29,Funded,Funded,49.1,787,0.232,8.625,true,0,Kenji Silva,Cumulus IL Branch 1,Midwest,2025-02-01
LN-AP-001660,Chloe Scott,HELOC,105130.21,Branch,E-0209,BR-006,2025-08-06,2025-09-21,2025-09-21,Funded,Funded,49.0,667,0.197,6.852,true,0,Yuki Stewart,Cumulus CT Branch 2,Northeast,2025-08-01
LN-AP-001661,Derek Nguyen,Personal Loan,6421.36,Branch,E-0218,BR-012,2025-01-13,,,Withdrawn,Document Collection,,610,0.293,6.697,false,0,Carlos Scott,Cumulus NC Branch 2,Southeast,2025-01-01
LN-AP-001662,Fatima Kim,30-Year Fixed Mortgage,447998.94,Loan Officer,E-0221,BR-016,2025-03-11,,,In Progress,Conditional Approval,,802,0.2,7.883,false,6,Fatima Parker,Cumulus OH Branch 2,Midwest,2025-03-01
LN-AP-001663,Henry Nguyen,Personal Loan,7939.57,Loan Officer,E-0225,BR-021,2025-02-24,2025-03-23,2025-03-23,Funded,Funded,30.8,593,0.398,7.87,true,0,Henry Okafor,Cumulus UT Branch 1,Mountain West,2025-02-01
LN-AP-001664,Mateo White,Auto Loan,63796.57,Loan Officer,E-0208,BR-027,2025-06-15,2025-07-11,2025-07-11,Funded,Funded,30.7,732,0.48,6.621,true,0,Yuki Campbell,Cumulus WA Branch 1,Pacific,2025-06-01
LN-AP-001665,Nina Stewart,30-Year Fixed Mortgage,405449.28,Broker,E-0206,BR-020,2026-05-14,2026-06-09,2026-06-09,Funded,Funded,29.8,807,0.395,6.705,true,0,Ben Taylor,Cumulus CO Branch 2,Mountain West,2026-05-01
LN-AP-001666,Henry Turner,Personal Loan,22883.52,Digital,E-0225,BR-021,2025-11-13,2025-12-26,2025-12-26,Funded,Funded,45.0,611,0.235,7.281,true,0,Henry Okafor,Cumulus UT Branch 1,Mountain West,2025-11-01
LN-AP-001667,Jamal Turner,Personal Loan,24711.95,Digital,E-0234,BR-028,2024-10-26,2024-12-08,2024-12-08,Funded,Funded,47.0,639,0.401,5.836,true,0,Henry Taylor,Cumulus WA Branch 2,Pacific,2024-10-01
LN-AP-001668,Zara Stewart,30-Year Fixed Mortgage,236952.86,Digital,E-0210,BR-019,2025-12-05,2025-12-26,2025-12-26,Funded,Funded,25.8,738,0.497,8.553,true,0,Luis Garcia,Cumulus CO Branch 1,Mountain West,2025-12-01
LN-AP-001669,Aisha Ashford,15-Year Fixed Mortgage,148919.03,Branch,E-0218,BR-012,2025-04-24,2025-05-18,2025-05-18,Funded,Funded,28.1,653,0.136,8.442,true,0,Carlos Scott,Cumulus NC Branch 2,Southeast,2025-04-01
LN-AP-001670,Victor Anderson,30-Year Fixed Mortgage,410358.55,Digital,E-0215,BR-011,2026-04-05,2026-05-10,2026-05-10,Funded,Funded,39.0,590,0.422,5.582,true,0,Henry Patel,Cumulus NC Branch 1,Southeast,2026-04-01
LN-AP-001671,Carlos Collins,30-Year Fixed Mortgage,402356.35,Digital,E-0231,BR-010,2025-07-27,,,In Progress,Document Collection,,660,0.391,5.608,false,1,Maya Edwards,Cumulus GA Branch 2,Southeast,2025-07-01
LN-AP-001672,Chloe Mitchell,HELOC,60671.31,Digital,E-0225,BR-021,2025-08-03,,,In Progress,Underwriting,,760,0.375,7.287,false,3,Henry Okafor,Cumulus UT Branch 1,Mountain West,2025-08-01
LN-AP-001673,Julian Okafor,15-Year Fixed Mortgage,244597.13,Digital,E-0208,BR-027,2025-04-08,,,Withdrawn,Appraisal,,601,0.348,8.278,false,0,Yuki Campbell,Cumulus WA Branch 1,Pacific,2025-04-01
LN-AP-001674,Carlos Evans,15-Year Fixed Mortgage,422384.3,Digital,E-0227,BR-016,2025-11-29,2025-12-20,2025-12-20,Funded,Funded,23.3,607,0.133,5.85,true,0,Zara Young,Cumulus OH Branch 2,Midwest,2025-11-01
LN-AP-001675,Leo Walker,30-Year Fixed Mortgage,680672.45,Branch,E-0221,BR-016,2025-12-06,,,In Progress,Appraisal,,755,0.304,8.25,false,6,Fatima Parker,Cumulus OH Branch 2,Midwest,2025-12-01
LN-AP-001676,Naomi Martinez,Refinance,407841.3,Loan Officer,E-0231,BR-010,2026-08-24,,,In Progress,Conditional Approval,,631,0.183,8.259,false,6,Maya Edwards,Cumulus GA Branch 2,Southeast,2026-08-01
LN-AP-001677,Ines Thomas,30-Year Fixed Mortgage,583455.06,Branch,E-0222,BR-026,2025-02-18,2025-04-07,2025-04-07,Funded,Funded,52.8,747,0.48,8.214,true,0,Rosa Carter,Cumulus CA Branch 2,Pacific,2025-02-01
LN-AP-001678,Daniel Thomas,15-Year Fixed Mortgage,534104.18,Branch,E-0215,BR-011,2026-08-09,,,In Progress,Funded,,587,0.344,8.414,false,2,Henry Patel,Cumulus NC Branch 1,Southeast,2026-08-01
LN-AP-001679,Felix Martinez,Auto Loan,24564.74,Loan Officer,E-0210,BR-019,2025-05-02,2025-06-03,2025-06-03,Funded,Funded,35.8,610,0.212,5.89,true,0,Luis Garcia,Cumulus CO Branch 1,Mountain West,2025-05-01
LN-AP-001680,Jamal Nelson,HELOC,219340.96,Digital,E-0207,BR-022,2025-07-13,2025-08-07,2025-08-07,Funded,Funded,28.6,805,0.344,7.02,true,0,Priya Davis,Cumulus UT Branch 2,Mountain West,2025-07-01
LN-AP-001681,Emma Collins,30-Year Fixed Mortgage,403566.2,Branch,E-0230,BR-009,2025-02-08,2025-03-18,2025-03-18,Funded,Funded,43.2,658,0.194,5.156,true,0,Jamal Wright,Cumulus GA Branch 1,Southeast,2025-02-01
LN-AP-001682,Noah Scott,Personal Loan,6160.77,Broker,E-0215,BR-011,2026-04-18,2026-06-29,,Denied,Conditional Approval,,637,0.154,5.133,false,0,Henry Patel,Cumulus NC Branch 1,Southeast,2026-04-01
LN-AP-001683,Fatima Stewart,Refinance,297935.61,Digital,E-0223,BR-001,2025-05-30,2025-06-14,2025-06-14,Funded,Funded,19.2,643,0.211,5.358,true,0,Noah Adams,Cumulus NY Branch 1,Northeast,2025-05-01
LN-AP-001684,Ben Roberts,HELOC,110276.11,Digital,E-0213,BR-023,2024-11-08,2024-12-10,2024-12-10,Funded,Funded,35.1,709,0.132,7.127,true,0,Jamal Lewis,Cumulus AZ Branch 1,Mountain West,2024-11-01
LN-AP-001685,Noah Walker,Auto Loan,71680.84,Broker,E-0219,BR-025,2025-07-16,,,Withdrawn,Conditional Approval,,594,0.189,8.535,false,0,Rosa Hall,Cumulus CA Branch 1,Pacific,2025-07-01
LN-AP-001686,Noah Nguyen,Auto Loan,34003.04,Branch,E-0214,BR-027,2026-04-03,2026-05-09,2026-05-09,Funded,Funded,39.8,717,0.454,7.123,true,0,Amara Clark,Cumulus WA Branch 1,Pacific,2026-04-01
LN-AP-001687,Carlos Turner,Auto Loan,28646.84,Branch,E-0210,BR-019,2025-09-11,2025-10-16,2025-10-16,Funded,Funded,37.8,682,0.401,8.345,true,0,Luis Garcia,Cumulus CO Branch 1,Mountain West,2025-09-01
LN-AP-001688,Nina Walker,Personal Loan,11798.99,Loan Officer,E-0231,BR-010,2025-09-18,2025-10-17,2025-10-17,Funded,Funded,32.0,644,0.465,7.181,true,0,Maya Edwards,Cumulus GA Branch 2,Southeast,2025-09-01
LN-AP-001689,Noah Davis,30-Year Fixed Mortgage,200374.64,Loan Officer,E-0219,BR-025,2025-06-20,2025-08-09,2025-08-09,Funded,Funded,53.5,654,0.51,5.728,true,0,Rosa Hall,Cumulus CA Branch 1,Pacific,2025-06-01
LN-AP-001690,Jonathan Jackson,Auto Loan,34256.99,Loan Officer,E-0220,BR-005,2025-03-28,2025-05-05,2025-05-05,Funded,Funded,41.4,813,0.227,8.67,true,0,Luis Adams,Cumulus CT Branch 1,Northeast,2025-03-01
LN-AP-001691,Luis Vaughn,15-Year Fixed Mortgage,297196.29,Branch,E-0212,BR-004,2026-03-06,2026-05-02,2026-05-02,Funded,Funded,59.7,791,0.248,6.606,true,0,Isabella Phillips,Cumulus MA Branch 2,Northeast,2026-03-01
LN-AP-001692,Mateo Johnson,30-Year Fixed Mortgage,538426.21,Loan Officer,E-0209,BR-006,2024-12-23,2025-02-05,2025-02-05,Funded,Funded,45.8,587,0.239,8.498,true,0,Yuki Stewart,Cumulus CT Branch 2,Northeast,2024-12-01
LN-AP-001693,Emma Anderson,15-Year Fixed Mortgage,430092.72,Digital,E-0209,BR-006,2026-03-28,,,In Progress,Conditional Approval,,584,0.298,7.239,false,3,Yuki Stewart,Cumulus CT Branch 2,Northeast,2026-03-01
LN-AP-001694,Leo Turner,HELOC,60424.35,Digital,E-0215,BR-011,2026-01-17,2026-02-09,2026-02-09,Funded,Funded,26.0,681,0.446,7.124,true,0,Henry Patel,Cumulus NC Branch 1,Southeast,2026-01-01
LN-AP-001695,Derek Collins,HELOC,91233.9,Digital,E-0218,BR-012,2025-07-24,2025-08-18,2025-08-18,Funded,Funded,28.1,755,0.417,5.844,true,0,Carlos Scott,Cumulus NC Branch 2,Southeast,2025-07-01
LN-AP-001696,Iris Scott,15-Year Fixed Mortgage,317019.79,Loan Officer,E-0215,BR-011,2026-03-20,2026-04-21,2026-04-21,Funded,Funded,34.1,583,0.157,8.559,true,0,Henry Patel,Cumulus NC Branch 1,Southeast,2026-03-01
LN-AP-001697,Carlos Roberts,Personal Loan,15078.96,Digital,E-0232,BR-018,2026-06-12,,,In Progress,Document Collection,,661,0.297,8.898,false,6,Tom Hall,Cumulus MN Branch 2,Midwest,2026-06-01
LN-AP-001698,Layla Nguyen,Personal Loan,11474.74,Branch,E-0217,BR-015,2025-07-18,,,In Progress,Underwriting,,784,0.41,6.491,false,4,Amara Green,Cumulus OH Branch 1,Midwest,2025-07-01
LN-AP-001699,Leo Allen,Auto Loan,86678.48,Digital,E-0214,BR-027,2025-03-15,2025-04-20,2025-04-20,Funded,Funded,39.9,603,0.283,8.2,true,0,Amara Clark,Cumulus WA Branch 1,Pacific,2025-03-01
LN-AP-001700,Luis Garcia,HELOC,188103.69,Digital,E-0224,BR-027,2025-05-27,2025-06-21,2025-06-21,Funded,Funded,28.2,773,0.218,8.825,true,0,Priya Davis,Cumulus WA Branch 1,Pacific,2025-05-01
LN-AP-001701,Naomi Okafor,Personal Loan,16960.61,Digital,E-0214,BR-027,2026-02-11,,,In Progress,Underwriting,,744,0.392,5.75,false,3,Amara Clark,Cumulus WA Branch 1,Pacific,2026-02-01
LN-AP-001702,Jonathan Evans,Personal Loan,12973.21,Branch,E-0211,BR-012,2026-05-10,,,In Progress,Underwriting,,809,0.228,6.085,false,5,Priya Young,Cumulus NC Branch 2,Southeast,2026-05-01
LN-AP-001703,Henry Moore,HELOC,65802.51,Loan Officer,E-0212,BR-004,2025-10-02,2025-10-23,2025-10-23,Funded,Funded,23.5,685,0.185,8.242,true,0,Isabella Phillips,Cumulus MA Branch 2,Northeast,2025-10-01
LN-AP-001704,Sara Harris,Auto Loan,86257.15,Loan Officer,E-0207,BR-022,2025-12-04,2025-12-04,,Denied,Application Submitted,,683,0.287,5.399,false,0,Priya Davis,Cumulus UT Branch 2,Mountain West,2025-12-01
LN-AP-001705,Luis Moore,30-Year Fixed Mortgage,371013.58,Broker,E-0217,BR-015,2025-01-11,,,In Progress,Application Submitted,,695,0.449,5.394,false,1,Amara Green,Cumulus OH Branch 1,Midwest,2025-01-01
LN-AP-001706,Ben Chen,Auto Loan,28875.78,Branch,E-0214,BR-027,2025-10-17,2025-11-12,2025-11-12,Funded,Funded,30.0,721,0.358,8.734,true,0,Amara Clark,Cumulus WA Branch 1,Pacific,2025-10-01
LN-AP-001707,Lauren Carter,30-Year Fixed Mortgage,424251.33,Branch,E-0220,BR-005,2026-08-30,,,In Progress,Funded,,599,0.452,6.127,false,6,Luis Adams,Cumulus CT Branch 1,Northeast,2026-08-01
LN-AP-001708,Felix Okafor,30-Year Fixed Mortgage,747059.39,Branch,E-0225,BR-021,2025-05-01,2025-05-30,2025-05-30,Funded,Funded,33.0,688,0.238,5.99,true,0,Henry Okafor,Cumulus UT Branch 1,Mountain West,2025-05-01
LN-AP-001709,Sara Edwards,HELOC,68372.3,Digital,E-0219,BR-025,2025-04-19,2025-05-13,2025-05-13,Funded,Funded,25.7,728,0.247,6.297,true,0,Rosa Hall,Cumulus CA Branch 1,Pacific,2025-04-01
LN-AP-001710,Tom Moore,HELOC,138633.2,Digital,E-0231,BR-010,2025-04-30,,,Withdrawn,Document Collection,,718,0.365,7.542,false,0,Maya Edwards,Cumulus GA Branch 2,Southeast,2025-04-01
LN-AP-001711,Aisha White,Personal Loan,9437.93,Branch,E-0222,BR-026,2026-05-08,2026-05-27,2026-05-27,Funded,Funded,22.0,667,0.158,5.397,true,0,Rosa Carter,Cumulus CA Branch 2,Pacific,2026-05-01
LN-AP-001712,Nora Kim,15-Year Fixed Mortgage,195200.61,Digital,E-0233,BR-025,2026-06-16,2026-07-23,2026-07-23,Funded,Funded,40.7,795,0.181,6.017,true,0,Jamal Adams,Cumulus CA Branch 1,Pacific,2026-06-01
LN-AP-001713,Zara Mitchell,15-Year Fixed Mortgage,450106.27,Loan Officer,E-0216,BR-013,2026-02-16,2026-03-08,,Denied,Underwriting,,608,0.228,7.282,false,0,Daniel Morris,Cumulus IL Branch 1,Midwest,2026-02-01
LN-AP-001714,Felix Stewart,Auto Loan,16357.81,Loan Officer,E-0234,BR-028,2026-05-06,2026-06-03,2026-06-03,Funded,Funded,31.7,692,0.123,6.296,true,0,Henry Taylor,Cumulus WA Branch 2,Pacific,2026-05-01
LN-AP-001715,Diego Ruiz,Auto Loan,13549.34,Digital,E-0223,BR-001,2026-02-14,2026-03-06,2026-03-06,Funded,Funded,24.3,757,0.162,6.78,true,0,Noah Adams,Cumulus NY Branch 1,Northeast,2026-02-01
LN-AP-001716,Aisha Wilson,Refinance,474631.8,Digital,E-0230,BR-009,2026-05-12,,,In Progress,Conditional Approval,,724,0.489,5.185,false,6,Jamal Wright,Cumulus GA Branch 1,Southeast,2026-05-01
LN-AP-001717,Luis Miller,Refinance,136318.6,Digital,E-0221,BR-016,2025-11-01,2025-11-25,,Denied,Appraisal,,647,0.288,6.562,false,0,Fatima Parker,Cumulus OH Branch 2,Midwest,2025-11-01
LN-AP-001718,Andre Parker,30-Year Fixed Mortgage,537482.64,Digital,E-0233,BR-025,2026-06-12,2026-07-11,2026-07-11,Funded,Funded,31.8,808,0.199,6.77,true,0,Jamal Adams,Cumulus CA Branch 1,Pacific,2026-06-01
LN-AP-001719,Ben Baker,30-Year Fixed Mortgage,271788.48,Digital,E-0234,BR-028,2026-01-24,2026-03-03,2026-03-03,Funded,Funded,41.6,671,0.306,6.541,true,0,Henry Taylor,Cumulus WA Branch 2,Pacific,2026-01-01
LN-AP-001720,Nina Kim,Auto Loan,24956.42,Digital,E-0206,BR-020,2026-01-04,2026-02-06,2026-02-06,Funded,Funded,36.4,799,0.194,8.531,true,0,Ben Taylor,Cumulus CO Branch 2,Mountain West,2026-01-01
LN-AP-001721,Nora Morris,Refinance,525435.52,Loan Officer,E-0221,BR-016,2025-02-17,2025-02-17,,Denied,Application Submitted,,819,0.399,5.819,false,0,Fatima Parker,Cumulus OH Branch 2,Midwest,2025-02-01
LN-AP-001722,Noah Moore,Auto Loan,78830.93,Branch,E-0231,BR-010,2026-04-10,2026-05-14,2026-05-14,Funded,Funded,38.2,583,0.182,8.859,true,0,Maya Edwards,Cumulus GA Branch 2,Southeast,2026-04-01
LN-AP-001723,Emma Parker,30-Year Fixed Mortgage,855595.92,Branch,E-0229,BR-025,2025-10-28,2025-12-12,2025-12-12,Funded,Funded,48.5,615,0.358,7.039,true,0,Marcus Wilson,Cumulus CA Branch 1,Pacific,2025-10-01
LN-AP-001724,Victor Lopez,Auto Loan,23739.73,Broker,E-0226,BR-010,2025-04-03,2025-05-03,2025-05-03,Funded,Funded,33.8,764,0.146,6.058,true,0,Andre Evans,Cumulus GA Branch 2,Southeast,2025-04-01
LN-AP-001725,Yuki Stewart,HELOC,118462.18,Broker,E-0212,BR-004,2026-02-15,2026-03-19,2026-03-19,Funded,Funded,35.7,577,0.51,8.851,true,0,Isabella Phillips,Cumulus MA Branch 2,Northeast,2026-02-01
LN-AP-001726,Nina Campbell,Auto Loan,23619.23,Digital,E-0216,BR-013,2025-05-01,2025-06-05,2025-06-05,Funded,Funded,37.9,694,0.412,7.47,true,0,Daniel Morris,Cumulus IL Branch 1,Midwest,2025-05-01
LN-AP-001727,Amara Silva,30-Year Fixed Mortgage,438980.27,Branch,E-0212,BR-004,2024-12-13,2025-01-23,2025-01-23,Funded,Funded,44.9,690,0.325,6.335,true,0,Isabella Phillips,Cumulus MA Branch 2,Northeast,2024-12-01
LN-AP-001728,Naomi White,Auto Loan,49243.72,Loan Officer,E-0209,BR-006,2024-12-03,2025-01-28,2025-01-28,Funded,Funded,59.6,593,0.275,7.386,true,0,Yuki Stewart,Cumulus CT Branch 2,Northeast,2024-12-01
LN-AP-001729,Sofia Nelson,15-Year Fixed Mortgage,217388.25,Digital,E-0232,BR-018,2026-08-30,,,In Progress,Funded,,802,0.446,5.659,false,0,Tom Hall,Cumulus MN Branch 2,Midwest,2026-08-01
LN-AP-001730,Ines Turner,15-Year Fixed Mortgage,213349.46,Loan Officer,E-0217,BR-015,2025-01-24,2025-02-26,2025-02-26,Funded,Funded,36.6,565,0.339,8.403,true,0,Amara Green,Cumulus OH Branch 1,Midwest,2025-01-01
LN-AP-001731,Sofia Adams,HELOC,165486.61,Digital,E-0232,BR-018,2026-02-20,2026-02-20,,Denied,Application Submitted,,765,0.43,6.829,false,0,Tom Hall,Cumulus MN Branch 2,Midwest,2026-02-01
LN-AP-001732,Sofia Lopez,15-Year Fixed Mortgage,302468.51,Branch,E-0234,BR-028,2024-11-01,2024-12-01,2024-12-01,Funded,Funded,34.1,722,0.243,6.277,true,0,Henry Taylor,Cumulus WA Branch 2,Pacific,2024-11-01
LN-AP-001733,Noah Carter,30-Year Fixed Mortgage,319081.89,Digital,E-0212,BR-004,2026-07-07,,,In Progress,Appraisal,,656,0.421,8.835,false,3,Isabella Phillips,Cumulus MA Branch 2,Northeast,2026-07-01
LN-AP-001734,Henry Davis,30-Year Fixed Mortgage,696896.15,Broker,E-0235,BR-008,2026-04-19,,,Withdrawn,Conditional Approval,,560,0.519,8.062,false,0,Ava Harris,Cumulus FL Branch 2,Southeast,2026-04-01
LN-AP-001735,Marcus Harris,30-Year Fixed Mortgage,1232233.2,Loan Officer,E-0235,BR-008,2026-01-17,,,In Progress,Appraisal,,736,0.245,7.022,false,2,Ava Harris,Cumulus FL Branch 2,Southeast,2026-01-01
LN-AP-001736,Isabella Chen,15-Year Fixed Mortgage,630980.39,Digital,E-0223,BR-001,2025-08-22,2025-09-30,2025-09-30,Funded,Funded,41.8,602,0.243,8.008,true,0,Noah Adams,Cumulus NY Branch 1,Northeast,2025-08-01
LN-AP-001737,Lauren Allen,15-Year Fixed Mortgage,439950.56,Branch,E-0216,BR-013,2024-12-05,2025-01-01,,Denied,Conditional Approval,,697,0.164,8.237,false,0,Daniel Morris,Cumulus IL Branch 1,Midwest,2024-12-01
LN-AP-001738,Olivia Scott,Personal Loan,56000,Branch,E-0212,BR-004,2026-01-29,2026-03-04,2026-03-04,Funded,Funded,36.6,706,0.306,7.77,true,0,Isabella Phillips,Cumulus MA Branch 2,Northeast,2026-01-01
LN-AP-001739,Maya Wilson,Refinance,824913.2,Digital,E-0224,BR-027,2024-11-30,2024-12-24,2024-12-24,Funded,Funded,28.3,702,0.464,6.8,true,0,Priya Davis,Cumulus WA Branch 1,Pacific,2024-11-01
LN-AP-001740,Ben Okafor,15-Year Fixed Mortgage,321340.53,Branch,E-0222,BR-026,2025-06-23,,,Withdrawn,Application Submitted,,628,0.365,8.342,false,0,Rosa Carter,Cumulus CA Branch 2,Pacific,2025-06-01
LN-AP-001741,Rosa Jackson,Auto Loan,54175.98,Digital,E-0224,BR-027,2025-07-23,2025-08-24,2025-08-24,Funded,Funded,36.1,746,0.475,5.28,true,0,Priya Davis,Cumulus WA Branch 1,Pacific,2025-07-01
LN-AP-001742,Grace Wilson,Refinance,393113.46,Branch,E-0224,BR-027,2025-02-15,,,In Progress,Application Submitted,,699,0.4,7.312,false,5,Priya Davis,Cumulus WA Branch 1,Pacific,2025-02-01
LN-AP-001743,Carlos Thomas,30-Year Fixed Mortgage,463044.55,Digital,E-0210,BR-019,2025-02-21,2025-03-28,2025-03-28,Funded,Funded,39.1,828,0.447,8.376,true,0,Luis Garcia,Cumulus CO Branch 1,Mountain West,2025-02-01
LN-AP-001744,Olivia Walker,Personal Loan,7243.32,Loan Officer,E-0208,BR-027,2025-09-06,,,Withdrawn,Conditional Approval,,802,0.191,6.764,false,0,Yuki Campbell,Cumulus WA Branch 1,Pacific,2025-09-01
LN-AP-001745,Carlos Green,Auto Loan,34015.16,Loan Officer,E-0225,BR-021,2025-06-11,2025-07-25,2025-07-25,Funded,Funded,46.8,583,0.127,7.5,true,0,Henry Okafor,Cumulus UT Branch 1,Mountain West,2025-06-01
LN-AP-001746,Jamal Phillips,Auto Loan,35703.74,Digital,E-0210,BR-019,2025-11-11,2025-12-15,2025-12-15,Funded,Funded,36.6,692,0.277,5.822,true,0,Luis Garcia,Cumulus CO Branch 1,Mountain West,2025-11-01
LN-AP-001747,Hannah Ruiz,30-Year Fixed Mortgage,382728.19,Digital,E-0226,BR-010,2025-03-15,2025-04-19,2025-04-19,Funded,Funded,37.2,652,0.355,7.826,true,0,Andre Evans,Cumulus GA Branch 2,Southeast,2025-03-01
LN-AP-001748,Mei Chen,30-Year Fixed Mortgage,348397.23,Loan Officer,E-0215,BR-011,2025-05-07,,,In Progress,Application Submitted,,568,0.448,8.687,false,2,Henry Patel,Cumulus NC Branch 1,Southeast,2025-05-01
LN-AP-001749,Owen Wilson,Refinance,405810.93,Branch,E-0206,BR-020,2026-01-18,2026-02-19,,Denied,Underwriting,,597,0.295,8.355,false,0,Ben Taylor,Cumulus CO Branch 2,Mountain West,2026-01-01
LN-AP-001750,Rosa Thomas,HELOC,124351.57,Branch,E-0213,BR-023,2025-09-28,,,Withdrawn,Document Collection,,609,0.387,8.055,false,0,Jamal Lewis,Cumulus AZ Branch 1,Mountain West,2025-09-01
LN-AP-001751,Carlos Garcia,15-Year Fixed Mortgage,291997.64,Broker,E-0229,BR-025,2024-10-07,2024-11-05,2024-11-05,Funded,Funded,32.4,571,0.321,7.755,true,0,Marcus Wilson,Cumulus CA Branch 1,Pacific,2024-10-01
LN-AP-001752,Henry Green,30-Year Fixed Mortgage,1014247.85,Digital,E-0206,BR-020,2025-04-20,2025-05-24,2025-05-24,Funded,Funded,37.3,800,0.329,7.743,true,0,Ben Taylor,Cumulus CO Branch 2,Mountain West,2025-04-01
LN-AP-001753,Mateo Walker,30-Year Fixed Mortgage,480507.47,Digital,E-0211,BR-012,2026-05-14,2026-06-04,2026-06-04,Funded,Funded,24.0,616,0.297,7.87,true,0,Priya Young,Cumulus NC Branch 2,Southeast,2026-05-01
LN-AP-001754,Ines Phillips,15-Year Fixed Mortgage,295732.43,Loan Officer,E-0218,BR-012,2026-01-15,2026-01-15,,Denied,Application Submitted,,697,0.502,8.165,false,0,Carlos Scott,Cumulus NC Branch 2,Southeast,2026-01-01
LN-AP-001755,Felix Green,Refinance,376180.34,Loan Officer,E-0211,BR-012,2025-02-02,2025-04-16,2025-04-16,Funded,Funded,76.1,716,0.495,7.446,true,0,Priya Young,Cumulus NC Branch 2,Southeast,2025-02-01
LN-AP-001756,Emma Ruiz,Refinance,419776.95,Broker,E-0229,BR-025,2026-08-03,,,Withdrawn,Application Submitted,,752,0.456,5.335,false,0,Marcus Wilson,Cumulus CA Branch 1,Pacific,2026-08-01
LN-AP-001757,Julian Allen,30-Year Fixed Mortgage,207984.55,Loan Officer,E-0229,BR-025,2026-07-19,2026-08-22,2026-08-22,Funded,Funded,36.5,643,0.318,5.22,true,0,Marcus Wilson,Cumulus CA Branch 1,Pacific,2026-07-01
LN-AP-001758,Nora Edwards,HELOC,60115.29,Loan Officer,E-0224,BR-027,2025-05-30,,,In Progress,Underwriting,,691,0.318,5.644,false,6,Priya Davis,Cumulus WA Branch 1,Pacific,2025-05-01
LN-AP-001759,Aisha Stewart,HELOC,111128.46,Digital,E-0228,BR-013,2026-01-09,2026-02-12,2026-02-12,Funded,Funded,36.6,679,0.23,5.875,true,0,Kenji Silva,Cumulus IL Branch 1,Midwest,2026-01-01
LN-AP-001760,Owen Lewis,30-Year Fixed Mortgage,297634.3,Loan Officer,E-0213,BR-023,2026-03-22,2026-04-15,2026-04-15,Funded,Funded,26.3,794,0.174,8.611,true,0,Jamal Lewis,Cumulus AZ Branch 1,Mountain West,2026-03-01
LN-AP-001761,Chloe Moore,30-Year Fixed Mortgage,549307.17,Digital,E-0230,BR-009,2025-02-19,,,Withdrawn,Document Collection,,597,0.453,6.911,false,0,Jamal Wright,Cumulus GA Branch 1,Southeast,2025-02-01
LN-AP-001762,Ravi White,Auto Loan,16221.75,Digital,E-0221,BR-016,2025-07-15,2025-08-19,2025-08-19,Funded,Funded,37.5,567,0.348,6.413,true,0,Fatima Parker,Cumulus OH Branch 2,Midwest,2025-07-01
LN-AP-001763,Fatima Okafor,30-Year Fixed Mortgage,875771.57,Branch,E-0219,BR-025,2026-01-19,2026-02-09,2026-02-09,Funded,Funded,23.8,771,0.359,8.637,true,0,Rosa Hall,Cumulus CA Branch 1,Pacific,2026-01-01
LN-AP-001764,Chloe Phillips,Personal Loan,18911.97,Loan Officer,E-0233,BR-025,2025-04-03,2025-04-25,2025-04-25,Funded,Funded,23.9,664,0.337,5.955,true,0,Jamal Adams,Cumulus CA Branch 1,Pacific,2025-04-01
LN-AP-001765,Maya Morris,Auto Loan,24275.33,Branch,E-0230,BR-009,2025-08-10,,,Withdrawn,Conditional Approval,,693,0.445,7.771,false,0,Jamal Wright,Cumulus GA Branch 1,Southeast,2025-08-01
LN-AP-001766,Priya Young,Auto Loan,31274.84,Loan Officer,E-0223,BR-001,2025-11-30,2026-01-23,2026-01-23,Funded,Funded,59.0,807,0.257,5.547,true,0,Noah Adams,Cumulus NY Branch 1,Northeast,2025-11-01
LN-AP-001767,Aisha Harris,Auto Loan,25012.18,Digital,E-0209,BR-006,2025-02-18,2025-03-17,2025-03-17,Funded,Funded,29.3,593,0.371,7.889,true,0,Yuki Stewart,Cumulus CT Branch 2,Northeast,2025-02-01
LN-AP-001768,Ben King,Refinance,127969.98,Broker,E-0233,BR-025,2026-04-03,2026-05-21,2026-05-21,Funded,Funded,52.0,774,0.19,5.521,true,0,Jamal Adams,Cumulus CA Branch 1,Pacific,2026-04-01
LN-AP-001769,Victor Brown,Refinance,349649.74,Branch,E-0214,BR-027,2025-10-07,2025-11-17,2025-11-17,Funded,Funded,44.3,744,0.297,7.281,true,0,Amara Clark,Cumulus WA Branch 1,Pacific,2025-10-01
LN-AP-001770,Iris King,Refinance,677366.9,Broker,E-0220,BR-005,2026-05-16,2026-06-09,2026-06-09,Funded,Funded,29.0,775,0.342,8.074,true,0,Luis Adams,Cumulus CT Branch 1,Northeast,2026-05-01
LN-AP-001771,Nora Okafor,Refinance,590637.35,Branch,E-0232,BR-018,2025-12-31,2026-01-13,,Denied,Document Collection,,591,0.295,6.264,false,0,Tom Hall,Cumulus MN Branch 2,Midwest,2025-12-01
LN-AP-001772,Wei Jackson,30-Year Fixed Mortgage,294324.59,Loan Officer,E-0229,BR-025,2026-01-14,2026-02-23,2026-02-23,Funded,Funded,43.4,626,0.254,8.782,true,0,Marcus Wilson,Cumulus CA Branch 1,Pacific,2026-01-01
LN-AP-001773,Mateo Jackson,15-Year Fixed Mortgage,288338.0,Branch,E-0232,BR-018,2026-02-21,2026-04-05,2026-04-05,Funded,Funded,45.5,593,0.129,5.585,true,0,Tom Hall,Cumulus MN Branch 2,Midwest,2026-02-01
LN-AP-001774,Grace Chen,Refinance,177640.28,Broker,E-0210,BR-019,2025-06-12,,,In Progress,Conditional Approval,,727,0.146,7.469,false,5,Luis Garcia,Cumulus CO Branch 1,Mountain West,2025-06-01
LN-AP-001775,Chloe Chen,30-Year Fixed Mortgage,181128.91,Broker,E-0223,BR-001,2025-07-09,2025-08-20,2025-08-20,Funded,Funded,46.1,663,0.264,7.468,true,0,Noah Adams,Cumulus NY Branch 1,Northeast,2025-07-01
LN-AP-001776,Carlos White,Auto Loan,25314.32,Branch,E-0218,BR-012,2025-08-02,2025-10-01,2025-10-01,Funded,Funded,63.4,788,0.255,5.111,true,0,Carlos Scott,Cumulus NC Branch 2,Southeast,2025-08-01
LN-AP-001777,Felix Bailey,30-Year Fixed Mortgage,689145.2,Digital,E-0214,BR-027,2025-07-11,,,In Progress,Document Collection,,757,0.342,6.897,false,0,Amara Clark,Cumulus WA Branch 1,Pacific,2025-07-01
LN-AP-001778,Sofia Thomas,Auto Loan,60462.72,Broker,E-0235,BR-008,2026-08-14,,,In Progress,Funded,,775,0.441,5.361,false,5,Ava Harris,Cumulus FL Branch 2,Southeast,2026-08-01
LN-AP-001779,Ben Anderson,Personal Loan,11151.28,Digital,E-0233,BR-025,2026-02-04,,,Withdrawn,Application Submitted,,623,0.425,8.747,false,0,Jamal Adams,Cumulus CA Branch 1,Pacific,2026-02-01
LN-AP-001780,Lauren Green,15-Year Fixed Mortgage,120321.22,Loan Officer,E-0214,BR-027,2025-12-11,2026-01-12,2026-01-12,Funded,Funded,35.5,690,0.365,8.737,true,0,Amara Clark,Cumulus WA Branch 1,Pacific,2025-12-01
LN-AP-001781,Leo Turner,30-Year Fixed Mortgage,799655.05,Digital,E-0232,BR-018,2025-07-06,2025-08-14,2025-08-14,Funded,Funded,41.1,633,0.386,7.667,true,0,Tom Hall,Cumulus MN Branch 2,Midwest,2025-07-01
LN-AP-001782,Yuki Chen,30-Year Fixed Mortgage,995094.22,Digital,E-0220,BR-005,2026-06-24,2026-07-31,2026-07-31,Funded,Funded,39.9,767,0.132,5.13,true,0,Luis Adams,Cumulus CT Branch 1,Northeast,2026-06-01
LN-AP-001783,Jamal Baker,Auto Loan,27470.82,Branch,E-0224,BR-027,2025-10-18,2025-11-19,2025-11-19,Funded,Funded,34.2,765,0.231,8.434,true,0,Priya Davis,Cumulus WA Branch 1,Pacific,2025-10-01
LN-AP-001784,Maya Green,Auto Loan,30188.84,Digital,E-0210,BR-019,2026-03-09,2026-03-31,2026-03-31,Funded,Funded,24.7,689,0.29,5.105,true,0,Luis Garcia,Cumulus CO Branch 1,Mountain West,2026-03-01
LN-AP-001785,Iris Young,Auto Loan,29719.39,Digital,E-0218,BR-012,2025-04-11,2025-05-31,2025-05-31,Funded,Funded,53.7,600,0.23,6.049,true,0,Carlos Scott,Cumulus NC Branch 2,Southeast,2025-04-01
LN-AP-001786,Jamal Vaughn,30-Year Fixed Mortgage,366201.77,Branch,E-0208,BR-027,2026-08-26,,,In Progress,Conditional Approval,,586,0.454,6.72,false,3,Yuki Campbell,Cumulus WA Branch 1,Pacific,2026-08-01
LN-AP-001787,Priya Miller,15-Year Fixed Mortgage,346093.95,Digital,E-0229,BR-025,2026-04-06,,,Withdrawn,Document Collection,,579,0.291,5.366,false,0,Marcus Wilson,Cumulus CA Branch 1,Pacific,2026-04-01
LN-AP-001788,Ethan Thomas,15-Year Fixed Mortgage,387820.03,Branch,E-0235,BR-008,2026-04-26,,,Withdrawn,Appraisal,,655,0.295,8.372,false,0,Ava Harris,Cumulus FL Branch 2,Southeast,2026-04-01
LN-AP-001789,Jonathan Carter,Auto Loan,22640.63,Branch,E-0230,BR-009,2026-02-28,2026-04-12,2026-04-12,Funded,Funded,45.9,609,0.307,5.123,true,0,Jamal Wright,Cumulus GA Branch 1,Southeast,2026-02-01
LN-AP-001790,Amara Jackson,Auto Loan,41921.68,Digital,E-0235,BR-008,2025-09-20,2025-10-21,2025-10-21,Funded,Funded,34.3,811,0.243,5.468,true,0,Ava Harris,Cumulus FL Branch 2,Southeast,2025-09-01
LN-AP-001791,Elena Thomas,30-Year Fixed Mortgage,221242.68,Digital,E-0228,BR-013,2026-05-11,,,Withdrawn,Document Collection,,561,0.467,7.113,false,0,Kenji Silva,Cumulus IL Branch 1,Midwest,2026-05-01
LN-AP-001792,Henry Okafor,30-Year Fixed Mortgage,734521.02,Branch,E-0223,BR-001,2026-01-25,2026-02-28,2026-02-28,Funded,Funded,36.0,677,0.184,8.099,true,0,Noah Adams,Cumulus NY Branch 1,Northeast,2026-01-01
LN-AP-001793,Victor Baker,30-Year Fixed Mortgage,282992.07,Digital,E-0233,BR-025,2025-04-10,2025-05-24,2025-05-24,Funded,Funded,46.4,737,0.291,6.447,true,0,Jamal Adams,Cumulus CA Branch 1,Pacific,2025-04-01
LN-AP-001794,Chloe Hall,HELOC,243024.75,Digital,E-0226,BR-010,2026-05-15,2026-06-15,,Denied,Appraisal,,665,0.319,7.668,false,0,Andre Evans,Cumulus GA Branch 2,Southeast,2026-05-01
LN-AP-001795,Carlos Ruiz,15-Year Fixed Mortgage,240918.86,Branch,E-0206,BR-020,2025-02-27,2025-04-02,2025-04-02,Funded,Funded,38.0,687,0.498,5.443,true,0,Ben Taylor,Cumulus CO Branch 2,Mountain West,2025-02-01
LN-AP-001796,Derek Hall,Auto Loan,33901.96,Broker,E-0233,BR-025,2026-05-30,2026-07-12,2026-07-12,Funded,Funded,47.0,740,0.47,6.225,true,0,Jamal Adams,Cumulus CA Branch 1,Pacific,2026-05-01
LN-AP-001797,Lauren Silva,Auto Loan,28635.47,Loan Officer,E-0231,BR-010,2024-11-28,2024-12-19,,Denied,Appraisal,,815,0.169,5.622,false,0,Maya Edwards,Cumulus GA Branch 2,Southeast,2024-11-01
LN-AP-001798,Mei Garcia,Refinance,311839.89,Branch,E-0209,BR-006,2025-07-13,2025-08-06,2025-08-06,Funded,Funded,26.7,721,0.37,7.548,true,0,Yuki Stewart,Cumulus CT Branch 2,Northeast,2025-07-01
LN-AP-001799,Elena Turner,Auto Loan,29898.48,Digital,E-0208,BR-027,2026-05-06,2026-06-03,2026-06-03,Funded,Funded,32.5,632,0.318,7.568,true,0,Yuki Campbell,Cumulus WA Branch 1,Pacific,2026-05-01
LN-AP-001800,Wei Martinez,Auto Loan,45802.31,Branch,E-0212,BR-004,2025-04-13,2025-06-01,2025-06-01,Funded,Funded,53.2,689,0.267,8.242,true,0,Isabella Phillips,Cumulus MA Branch 2,Northeast,2025-04-01
LN-AP-001801,Chloe Lewis,Personal Loan,40000.71,Broker,E-0233,BR-025,2025-08-29,2025-09-16,,Denied,Underwriting,,687,0.267,6.879,false,0,Jamal Adams,Cumulus CA Branch 1,Pacific,2025-08-01
LN-AP-001802,Julian Lewis,15-Year Fixed Mortgage,227634.56,Digital,E-0210,BR-019,2025-11-25,2025-12-31,2025-12-31,Funded,Funded,39.3,587,0.394,6.73,true,0,Luis Garcia,Cumulus CO Branch 1,Mountain West,2025-11-01
LN-AP-001803,Marcus Lopez,Auto Loan,21591.57,Digital,E-0219,BR-025,2025-06-16,2025-07-20,2025-07-20,Funded,Funded,37.9,581,0.121,5.876,true,0,Rosa Hall,Cumulus CA Branch 1,Pacific,2025-06-01
LN-AP-001804,Rosa Miller,Personal Loan,15435.03,Broker,E-0220,BR-005,2025-07-15,,,In Progress,Document Collection,,647,0.439,8.376,false,2,Luis Adams,Cumulus CT Branch 1,Northeast,2025-07-01
LN-AP-001805,Ava Parker,30-Year Fixed Mortgage,568158.89,Loan Officer,E-0222,BR-026,2025-01-12,2025-02-09,,Denied,Appraisal,,787,0.418,8.402,false,0,Rosa Carter,Cumulus CA Branch 2,Pacific,2025-01-01
LN-AP-001806,Ravi Davis,30-Year Fixed Mortgage,674750.42,Branch,E-0234,BR-028,2025-01-20,2025-02-19,2025-02-19,Funded,Funded,32.6,617,0.485,6.803,true,0,Henry Taylor,Cumulus WA Branch 2,Pacific,2025-01-01
LN-AP-001807,Yuki Carter,30-Year Fixed Mortgage,331157.26,Branch,E-0211,BR-012,2025-02-08,2025-03-12,2025-03-12,Funded,Funded,34.6,709,0.131,8.794,true,0,Priya Young,Cumulus NC Branch 2,Southeast,2025-02-01
LN-AP-001808,Elena Wilson,Auto Loan,11969.2,Digital,E-0214,BR-027,2025-05-02,2025-05-26,2025-05-26,Funded,Funded,27.8,598,0.359,7.592,true,0,Amara Clark,Cumulus WA Branch 1,Pacific,2025-05-01
LN-AP-001809,Naomi Walker,Refinance,186834.42,Branch,E-0229,BR-025,2026-03-06,2026-03-27,,Denied,Underwriting,,682,0.233,6.339,false,0,Marcus Wilson,Cumulus CA Branch 1,Pacific,2026-03-01
LN-AP-001810,Wei Chen,Personal Loan,20148.74,Branch,E-0211,BR-012,2024-10-04,2024-10-30,2024-10-30,Funded,Funded,29.0,748,0.33,7.583,true,0,Priya Young,Cumulus NC Branch 2,Southeast,2024-10-01
LN-AP-001811,Ava Young,30-Year Fixed Mortgage,710937.77,Digital,E-0222,BR-026,2026-04-01,,,In Progress,Underwriting,,820,0.24,8.867,false,5,Rosa Carter,Cumulus CA Branch 2,Pacific,2026-04-01
LN-AP-001812,Aisha Walker,Refinance,385885.07,Loan Officer,E-0217,BR-015,2026-03-10,2026-04-22,2026-04-22,Funded,Funded,47.2,714,0.516,6.872,true,0,Amara Green,Cumulus OH Branch 1,Midwest,2026-03-01
LN-AP-001813,Victor Silva,Refinance,425298.55,Digital,E-0207,BR-022,2025-10-14,2025-11-18,2025-11-18,Funded,Funded,37.8,682,0.518,6.796,true,0,Priya Davis,Cumulus UT Branch 2,Mountain West,2025-10-01
LN-AP-001814,Jonathan Martinez,30-Year Fixed Mortgage,292569.39,Branch,E-0223,BR-001,2025-10-06,2025-11-04,2025-11-04,Funded,Funded,32.3,728,0.456,6.675,true,0,Noah Adams,Cumulus NY Branch 1,Northeast,2025-10-01
LN-AP-001815,Ben Young,Auto Loan,21691.12,Digital,E-0228,BR-013,2025-01-08,,,Abandoned,Application Submitted,,756,0.171,8.735,false,0,Kenji Silva,Cumulus IL Branch 1,Midwest,2025-01-01
LN-AP-001816,Nora Mitchell,HELOC,52558.37,Branch,E-0232,BR-018,2024-10-25,2024-12-11,2024-12-11,Funded,Funded,50.3,695,0.22,8.752,true,0,Tom Hall,Cumulus MN Branch 2,Midwest,2024-10-01
LN-AP-001817,Julian Hall,HELOC,123980.81,Digital,E-0230,BR-009,2026-04-06,2026-05-18,2026-05-18,Funded,Funded,45.7,692,0.243,7.836,true,0,Jamal Wright,Cumulus GA Branch 1,Southeast,2026-04-01
LN-AP-001818,Carlos Silva,Auto Loan,20184.1,Broker,E-0217,BR-015,2025-10-30,2025-11-27,2025-11-27,Funded,Funded,31.4,643,0.271,7.047,true,0,Amara Green,Cumulus OH Branch 1,Midwest,2025-10-01
LN-AP-001819,Marcus Scott,Auto Loan,122744.43,Broker,E-0206,BR-020,2025-12-14,2026-01-07,2026-01-07,Funded,Funded,28.3,752,0.128,7.698,true,0,Ben Taylor,Cumulus CO Branch 2,Mountain West,2025-12-01
LN-AP-001820,Andre Hall,30-Year Fixed Mortgage,891365.84,Loan Officer,E-0210,BR-019,2025-08-12,,,Withdrawn,Appraisal,,656,0.432,5.794,false,0,Luis Garcia,Cumulus CO Branch 1,Mountain West,2025-08-01
LN-AP-001821,Rosa Evans,Auto Loan,23578.89,Digital,E-0206,BR-020,2025-07-15,2025-08-30,2025-08-30,Funded,Funded,48.6,568,0.487,8.893,true,0,Ben Taylor,Cumulus CO Branch 2,Mountain West,2025-07-01
LN-AP-001822,Zara Davis,Auto Loan,36851.13,Branch,E-0218,BR-012,2025-03-06,2025-03-25,2025-03-25,Funded,Funded,23.2,828,0.447,5.964,true,0,Carlos Scott,Cumulus NC Branch 2,Southeast,2025-03-01
LN-AP-001823,Isabella Lopez,30-Year Fixed Mortgage,583789.06,Digital,E-0223,BR-001,2025-09-01,2025-09-20,2025-09-20,Funded,Funded,23.1,737,0.494,7.18,true,0,Noah Adams,Cumulus NY Branch 1,Northeast,2025-09-01
LN-AP-001824,Owen Silva,15-Year Fixed Mortgage,743436.91,Branch,E-0217,BR-015,2026-04-02,2026-05-15,2026-05-15,Funded,Funded,46.7,663,0.429,7.336,true,0,Amara Green,Cumulus OH Branch 1,Midwest,2026-04-01
LN-AP-001825,Layla Evans,Auto Loan,23301.23,Digital,E-0225,BR-021,2025-01-09,2025-02-07,2025-02-07,Funded,Funded,32.9,770,0.43,5.552,true,0,Henry Okafor,Cumulus UT Branch 1,Mountain West,2025-01-01
LN-AP-001826,Priya Miller,Auto Loan,10170.31,Digital,E-0225,BR-021,2026-07-06,2026-07-27,2026-07-27,Funded,Funded,24.4,721,0.189,6.46,true,0,Henry Okafor,Cumulus UT Branch 1,Mountain West,2026-07-01
LN-AP-001827,Maya Ruiz,Refinance,240548.33,Digital,E-0222,BR-026,2026-07-07,,,In Progress,Appraisal,,723,0.272,5.121,false,6,Rosa Carter,Cumulus CA Branch 2,Pacific,2026-07-01
LN-AP-001828,Aisha Walker,HELOC,48723.3,Digital,E-0235,BR-008,2025-03-31,2025-04-25,2025-04-25,Funded,Funded,28.6,607,0.286,6.107,true,0,Ava Harris,Cumulus FL Branch 2,Southeast,2025-03-01
LN-AP-001829,Tom Nguyen,Auto Loan,52293.06,Digital,E-0215,BR-011,2026-07-30,,,In Progress,Funded,,568,0.134,8.092,false,3,Henry Patel,Cumulus NC Branch 1,Southeast,2026-07-01
LN-AP-001830,Henry White,HELOC,37530.77,Branch,E-0220,BR-005,2026-05-12,2026-06-06,2026-06-06,Funded,Funded,28.5,569,0.189,7.963,true,0,Luis Adams,Cumulus CT Branch 1,Northeast,2026-05-01
LN-AP-001831,Leo Lopez,Personal Loan,17358.76,Branch,E-0224,BR-027,2026-07-08,,,In Progress,Application Submitted,,828,0.243,6.146,false,1,Priya Davis,Cumulus WA Branch 1,Pacific,2026-07-01
LN-AP-001832,Noah Evans,30-Year Fixed Mortgage,373680.41,Digital,E-0219,BR-025,2024-11-16,2024-12-16,2024-12-16,Funded,Funded,33.1,637,0.372,5.918,true,0,Rosa Hall,Cumulus CA Branch 1,Pacific,2024-11-01
LN-AP-001833,Hannah Thomas,30-Year Fixed Mortgage,437139.41,Digital,E-0229,BR-025,2025-12-28,2026-01-20,,Denied,Appraisal,,698,0.351,6.556,false,0,Marcus Wilson,Cumulus CA Branch 1,Pacific,2025-12-01
LN-AP-001834,Derek Turner,30-Year Fixed Mortgage,266135.79,Digital,E-0210,BR-019,2026-03-15,,,In Progress,Document Collection,,683,0.453,5.387,false,4,Luis Garcia,Cumulus CO Branch 1,Mountain West,2026-03-01
LN-AP-001835,Zara Turner,Refinance,300592.73,Branch,E-0213,BR-023,2025-09-01,,,Withdrawn,Application Submitted,,738,0.302,7.787,false,0,Jamal Lewis,Cumulus AZ Branch 1,Mountain West,2025-09-01
LN-AP-001836,Noah Lewis,30-Year Fixed Mortgage,508490.49,Loan Officer,E-0215,BR-011,2025-03-14,,,Withdrawn,Appraisal,,662,0.153,7.816,false,0,Henry Patel,Cumulus NC Branch 1,Southeast,2025-03-01
LN-AP-001837,Priya Adams,Personal Loan,19671.1,Loan Officer,E-0223,BR-001,2026-03-11,,,In Progress,Appraisal,,755,0.204,6.716,false,2,Noah Adams,Cumulus NY Branch 1,Northeast,2026-03-01
LN-AP-001838,Ravi Wright,Auto Loan,26621.23,Broker,E-0215,BR-011,2025-12-20,2026-02-21,2026-02-21,Funded,Funded,67.2,566,0.148,5.611,true,0,Henry Patel,Cumulus NC Branch 1,Southeast,2025-12-01
LN-AP-001839,Grace Anderson,Personal Loan,25195.58,Branch,E-0229,BR-025,2026-07-15,2026-08-16,,Denied,Document Collection,,570,0.299,8.672,false,0,Marcus Wilson,Cumulus CA Branch 1,Pacific,2026-07-01
LN-AP-001840,Maya Jackson,15-Year Fixed Mortgage,284744.81,Digital,E-0229,BR-025,2025-12-18,2026-01-22,2026-01-22,Funded,Funded,37.7,562,0.236,7.581,true,0,Marcus Wilson,Cumulus CA Branch 1,Pacific,2025-12-01
LN-AP-001841,Mei Parker,Refinance,324893.14,Branch,E-0231,BR-010,2025-07-24,2025-08-17,2025-08-17,Funded,Funded,28.0,748,0.46,7.362,true,0,Maya Edwards,Cumulus GA Branch 2,Southeast,2025-07-01
LN-AP-001842,Andre Harris,Personal Loan,10243.49,Branch,E-0235,BR-008,2025-09-11,,,Withdrawn,Application Submitted,,622,0.18,5.515,false,0,Ava Harris,Cumulus FL Branch 2,Southeast,2025-09-01
LN-AP-001843,Mateo Moore,Auto Loan,13590.56,Loan Officer,E-0209,BR-006,2026-03-11,2026-04-09,2026-04-09,Funded,Funded,31.1,649,0.486,6.949,true,0,Yuki Stewart,Cumulus CT Branch 2,Northeast,2026-03-01
LN-AP-001844,Ben Okafor,30-Year Fixed Mortgage,677483.69,Branch,E-0206,BR-020,2025-10-12,,,Withdrawn,Appraisal,,618,0.173,6.048,false,0,Ben Taylor,Cumulus CO Branch 2,Mountain West,2025-10-01
LN-AP-001845,Elena Lopez,HELOC,113230.45,Digital,E-0216,BR-013,2024-11-10,2024-11-10,,Denied,Application Submitted,,706,0.229,7.493,false,0,Daniel Morris,Cumulus IL Branch 1,Midwest,2024-11-01
LN-AP-001846,Ines Baker,HELOC,44695.41,Broker,E-0228,BR-013,2026-08-19,,,In Progress,Funded,,703,0.366,6.273,false,2,Kenji Silva,Cumulus IL Branch 1,Midwest,2026-08-01
LN-AP-001847,Aisha Thomas,Refinance,639849.89,Branch,E-0207,BR-022,2025-07-22,2025-08-22,2025-08-22,Funded,Funded,34.9,663,0.372,6.385,true,0,Priya Davis,Cumulus UT Branch 2,Mountain West,2025-07-01
LN-AP-001848,Elena Collins,Auto Loan,42093.21,Digital,E-0225,BR-021,2025-03-14,2025-03-25,2025-03-25,Funded,Funded,15.5,828,0.462,8.278,true,0,Henry Okafor,Cumulus UT Branch 1,Mountain West,2025-03-01
LN-AP-001849,Layla Jackson,Auto Loan,31818.18,Branch,E-0230,BR-009,2026-06-08,2026-07-24,2026-07-24,Funded,Funded,49.4,783,0.486,7.802,true,0,Jamal Wright,Cumulus GA Branch 1,Southeast,2026-06-01
LN-AP-001850,Zara Campbell,15-Year Fixed Mortgage,881637.86,Broker,E-0225,BR-021,2025-05-22,2025-06-27,,Denied,Conditional Approval,,782,0.348,5.587,false,0,Henry Okafor,Cumulus UT Branch 1,Mountain West,2025-05-01
LN-AP-001851,Tom Chen,30-Year Fixed Mortgage,516462.86,Digital,E-0217,BR-015,2025-08-17,2025-09-18,2025-09-18,Funded,Funded,35.7,707,0.513,8.071,true,0,Amara Green,Cumulus OH Branch 1,Midwest,2025-08-01
LN-AP-001852,Tom Johnson,15-Year Fixed Mortgage,494515.54,Digital,E-0212,BR-004,2024-11-24,2024-12-16,2024-12-16,Funded,Funded,25.9,643,0.43,7.865,true,0,Isabella Phillips,Cumulus MA Branch 2,Northeast,2024-11-01
LN-AP-001853,Sara Martinez,Personal Loan,34123.48,Digital,E-0213,BR-023,2025-12-23,2026-01-11,2026-01-11,Funded,Funded,22.3,692,0.269,6.618,true,0,Jamal Lewis,Cumulus AZ Branch 1,Mountain West,2025-12-01
LN-AP-001854,Yuki Evans,Personal Loan,29486.48,Branch,E-0229,BR-025,2025-09-19,2025-10-21,2025-10-21,Funded,Funded,35.4,684,0.237,7.446,true,0,Marcus Wilson,Cumulus CA Branch 1,Pacific,2025-09-01
LN-AP-001855,Ravi Collins,Personal Loan,18037.9,Loan Officer,E-0221,BR-016,2025-08-16,2025-09-20,2025-09-20,Funded,Funded,38.8,796,0.152,5.48,true,0,Fatima Parker,Cumulus OH Branch 2,Midwest,2025-08-01
LN-AP-001856,Grace Collins,Auto Loan,30441.54,Digital,E-0229,BR-025,2026-06-12,2026-06-30,2026-06-30,Funded,Funded,20.8,752,0.47,7.067,true,0,Marcus Wilson,Cumulus CA Branch 1,Pacific,2026-06-01
LN-AP-001857,Owen Scott,Refinance,191412.33,Digital,E-0214,BR-027,2025-03-28,2025-04-26,2025-04-26,Funded,Funded,33.1,709,0.261,5.831,true,0,Amara Clark,Cumulus WA Branch 1,Pacific,2025-03-01
LN-AP-001858,Yuki Mitchell,Auto Loan,22632.35,Digital,E-0218,BR-012,2026-06-27,2026-07-23,2026-07-23,Funded,Funded,28.9,678,0.276,5.646,true,0,Carlos Scott,Cumulus NC Branch 2,Southeast,2026-06-01
LN-AP-001859,Elena Miller,HELOC,164802.55,Branch,E-0212,BR-004,2024-12-08,2024-12-08,,Denied,Application Submitted,,608,0.243,8.027,false,0,Isabella Phillips,Cumulus MA Branch 2,Northeast,2024-12-01
LN-AP-001860,Rosa Jackson,Refinance,479995.25,Broker,E-0221,BR-016,2026-08-25,2026-08-25,,Denied,Application Submitted,,676,0.405,6.158,false,0,Fatima Parker,Cumulus OH Branch 2,Midwest,2026-08-01
LN-AP-001861,Owen Scott,Personal Loan,14415.44,Broker,E-0218,BR-012,2025-11-02,,,Withdrawn,Document Collection,,610,0.411,6.13,false,0,Carlos Scott,Cumulus NC Branch 2,Southeast,2025-11-01
LN-AP-001862,Amara Vaughn,Auto Loan,21505.06,Digital,E-0214,BR-027,2026-02-17,2026-03-16,2026-03-16,Funded,Funded,31.3,751,0.475,6.77,true,0,Amara Clark,Cumulus WA Branch 1,Pacific,2026-02-01
LN-AP-001863,Nina Silva,Auto Loan,36595.4,Digital,E-0226,BR-010,2026-03-25,2026-04-14,2026-04-14,Funded,Funded,23.5,707,0.127,8.658,true,0,Andre Evans,Cumulus GA Branch 2,Southeast,2026-03-01
LN-AP-001864,Rosa Roberts,HELOC,78403.45,Branch,E-0206,BR-020,2025-09-28,2025-10-28,2025-10-28,Funded,Funded,34.3,778,0.245,7.292,true,0,Ben Taylor,Cumulus CO Branch 2,Mountain West,2025-09-01
LN-AP-001865,Sofia Roberts,15-Year Fixed Mortgage,360842.59,Digital,E-0221,BR-016,2024-11-19,2024-12-19,2024-12-19,Funded,Funded,34.8,637,0.173,5.477,true,0,Fatima Parker,Cumulus OH Branch 2,Midwest,2024-11-01
LN-AP-001866,Zara King,15-Year Fixed Mortgage,608894.83,Loan Officer,E-0234,BR-028,2026-01-14,2026-02-20,2026-02-20,Funded,Funded,39.8,732,0.222,8.203,true,0,Henry Taylor,Cumulus WA Branch 2,Pacific,2026-01-01
LN-AP-001867,Ravi Walker,Personal Loan,11076.52,Digital,E-0220,BR-005,2024-10-09,,,Abandoned,Underwriting,,721,0.395,7.229,false,0,Luis Adams,Cumulus CT Branch 1,Northeast,2024-10-01
LN-AP-001868,Emma Brown,30-Year Fixed Mortgage,205648.51,Digital,E-0228,BR-013,2026-07-03,,,In Progress,Underwriting,,657,0.283,6.444,false,5,Kenji Silva,Cumulus IL Branch 1,Midwest,2026-07-01
LN-AP-001869,Felix Silva,Auto Loan,29803.3,Broker,E-0209,BR-006,2025-01-08,2025-02-24,2025-02-24,Funded,Funded,50.3,774,0.484,5.166,true,0,Yuki Stewart,Cumulus CT Branch 2,Northeast,2025-01-01
LN-AP-001870,Samuel Morris,Personal Loan,15358.31,Digital,E-0229,BR-025,2026-01-10,2026-02-07,2026-02-07,Funded,Funded,31.8,754,0.284,5.33,true,0,Marcus Wilson,Cumulus CA Branch 1,Pacific,2026-01-01
LN-AP-001871,Hannah Kim,Auto Loan,38517.2,Loan Officer,E-0217,BR-015,2025-07-09,2025-08-16,2025-08-16,Funded,Funded,42.1,643,0.374,6.233,true,0,Amara Green,Cumulus OH Branch 1,Midwest,2025-07-01
LN-AP-001872,Wei Moore,30-Year Fixed Mortgage,382458.8,Broker,E-0217,BR-015,2025-09-24,2025-10-29,2025-10-29,Funded,Funded,37.8,627,0.133,7.647,true,0,Amara Green,Cumulus OH Branch 1,Midwest,2025-09-01
LN-AP-001873,Lauren Green,15-Year Fixed Mortgage,302187.34,Digital,E-0227,BR-016,2025-09-20,2025-10-20,2025-10-20,Funded,Funded,32.6,612,0.428,5.62,true,0,Zara Young,Cumulus OH Branch 2,Midwest,2025-09-01
LN-AP-001874,Samuel Anderson,HELOC,65986.92,Loan Officer,E-0215,BR-011,2026-03-17,,,Withdrawn,Underwriting,,678,0.36,5.933,false,0,Henry Patel,Cumulus NC Branch 1,Southeast,2026-03-01
LN-AP-001875,Samuel Parker,HELOC,64990.23,Loan Officer,E-0229,BR-025,2025-05-13,2025-06-18,2025-06-18,Funded,Funded,39.5,762,0.42,7.454,true,0,Marcus Wilson,Cumulus CA Branch 1,Pacific,2025-05-01
LN-AP-001876,Aisha Evans,Refinance,227536.01,Digital,E-0214,BR-027,2024-12-01,,,In Progress,Application Submitted,,809,0.142,8.14,false,4,Amara Clark,Cumulus WA Branch 1,Pacific,2024-12-01
LN-AP-001877,Emma Collins,HELOC,115031.55,Branch,E-0216,BR-013,2024-10-01,2024-11-07,2024-11-07,Funded,Funded,41.1,606,0.282,8.731,true,0,Daniel Morris,Cumulus IL Branch 1,Midwest,2024-10-01
LN-AP-001878,Luis Young,15-Year Fixed Mortgage,608935.4,Loan Officer,E-0209,BR-006,2026-06-19,2026-07-18,2026-07-18,Funded,Funded,33.4,643,0.505,8.422,true,0,Yuki Stewart,Cumulus CT Branch 2,Northeast,2026-06-01
LN-AP-001879,Elena Morris,Auto Loan,43234.67,Digital,E-0231,BR-010,2026-03-06,2026-03-28,2026-03-28,Funded,Funded,26.1,780,0.517,7.045,true,0,Maya Edwards,Cumulus GA Branch 2,Southeast,2026-03-01
LN-AP-001880,Yuki Miller,15-Year Fixed Mortgage,376011.35,Loan Officer,E-0221,BR-016,2025-05-18,2025-06-24,2025-06-24,Funded,Funded,39.8,729,0.416,5.887,true,0,Fatima Parker,Cumulus OH Branch 2,Midwest,2025-05-01
LN-AP-001881,Elena Garcia,Personal Loan,11679.88,Loan Officer,E-0215,BR-011,2025-11-03,2025-12-16,2025-12-16,Funded,Funded,45.5,666,0.18,7.638,true,0,Henry Patel,Cumulus NC Branch 1,Southeast,2025-11-01
LN-AP-001882,Leo Baker,Auto Loan,20580.15,Digital,E-0229,BR-025,2026-06-21,2026-07-27,2026-07-27,Funded,Funded,39.1,761,0.369,6.867,true,0,Marcus Wilson,Cumulus CA Branch 1,Pacific,2026-06-01
LN-AP-001883,Amara Evans,Personal Loan,19229.28,Loan Officer,E-0224,BR-027,2025-05-07,2025-06-08,2025-06-08,Funded,Funded,34.5,695,0.483,6.214,true,0,Priya Davis,Cumulus WA Branch 1,Pacific,2025-05-01
LN-AP-001884,Daniel Baker,15-Year Fixed Mortgage,253933.49,Branch,E-0220,BR-005,2025-05-12,,,Withdrawn,Appraisal,,615,0.182,7.821,false,0,Luis Adams,Cumulus CT Branch 1,Northeast,2025-05-01
LN-AP-001885,Priya Nguyen,Personal Loan,5764.52,Digital,E-0216,BR-013,2026-08-10,,,In Progress,Funded,,828,0.392,7.658,false,4,Daniel Morris,Cumulus IL Branch 1,Midwest,2026-08-01
LN-AP-001886,Kenji Thomas,Auto Loan,18353.98,Loan Officer,E-0212,BR-004,2025-08-26,2025-10-06,2025-10-06,Funded,Funded,44.8,814,0.273,7.576,true,0,Isabella Phillips,Cumulus MA Branch 2,Northeast,2025-08-01
LN-AP-001887,Ravi Green,Refinance,276361.22,Digital,E-0227,BR-016,2026-02-04,2026-03-05,2026-03-05,Funded,Funded,32.3,687,0.455,6.045,true,0,Zara Young,Cumulus OH Branch 2,Midwest,2026-02-01
LN-AP-001888,Aisha Evans,HELOC,98723.81,Digital,E-0220,BR-005,2024-12-26,2025-02-08,2025-02-08,Funded,Funded,47.1,770,0.511,6.965,true,0,Luis Adams,Cumulus CT Branch 1,Northeast,2024-12-01
LN-AP-001889,Tom Hall,Auto Loan,45126.09,Branch,E-0224,BR-027,2025-06-07,,,Withdrawn,Conditional Approval,,821,0.208,8.738,false,0,Priya Davis,Cumulus WA Branch 1,Pacific,2025-06-01
LN-AP-001890,Amara Carter,30-Year Fixed Mortgage,710136.85,Digital,E-0234,BR-028,2026-07-21,,,In Progress,Conditional Approval,,562,0.492,7.224,false,4,Henry Taylor,Cumulus WA Branch 2,Pacific,2026-07-01
LN-AP-001891,Ravi Ashford,HELOC,70427.76,Branch,E-0209,BR-006,2025-04-03,2025-04-26,,Denied,Underwriting,,829,0.239,8.534,false,0,Yuki Stewart,Cumulus CT Branch 2,Northeast,2025-04-01
LN-AP-001892,Lauren Okafor,Auto Loan,67911.5,Branch,E-0212,BR-004,2026-02-17,2026-03-24,2026-03-24,Funded,Funded,38.2,827,0.22,8.329,true,0,Isabella Phillips,Cumulus MA Branch 2,Northeast,2026-02-01
LN-AP-001893,Priya Davis,Personal Loan,33799.85,Broker,E-0214,BR-027,2025-10-19,2025-12-01,2025-12-01,Funded,Funded,48.0,625,0.152,7.626,true,0,Amara Clark,Cumulus WA Branch 1,Pacific,2025-10-01
LN-AP-001894,Sara Moore,HELOC,58353.07,Branch,E-0228,BR-013,2025-07-09,,,In Progress,Appraisal,,719,0.292,7.189,false,5,Kenji Silva,Cumulus IL Branch 1,Midwest,2025-07-01
LN-AP-001895,Henry Nguyen,15-Year Fixed Mortgage,112487.34,Loan Officer,E-0224,BR-027,2025-07-26,2025-09-26,2025-09-26,Funded,Funded,64.9,574,0.421,7.229,true,0,Priya Davis,Cumulus WA Branch 1,Pacific,2025-07-01
LN-AP-001896,Diego Roberts,Auto Loan,24243.27,Digital,E-0229,BR-025,2026-08-28,,,In Progress,Funded,,587,0.335,5.191,false,5,Marcus Wilson,Cumulus CA Branch 1,Pacific,2026-08-01
LN-AP-001897,Luis Johnson,30-Year Fixed Mortgage,572887.55,Digital,E-0229,BR-025,2026-01-07,2026-02-03,2026-02-03,Funded,Funded,30.1,775,0.334,8.613,true,0,Marcus Wilson,Cumulus CA Branch 1,Pacific,2026-01-01
LN-AP-001898,Owen Moore,30-Year Fixed Mortgage,627949.7,Digital,E-0208,BR-027,2025-06-29,2025-07-30,2025-07-30,Funded,Funded,35.0,830,0.321,7.002,true,0,Yuki Campbell,Cumulus WA Branch 1,Pacific,2025-06-01
LN-AP-001899,Kenji Hall,Auto Loan,42635.65,Digital,E-0218,BR-012,2025-11-20,2025-12-13,2025-12-13,Funded,Funded,26.4,762,0.49,8.043,true,0,Carlos Scott,Cumulus NC Branch 2,Southeast,2025-11-01
LN-AP-001900,Hannah Okafor,HELOC,172787.51,Branch,E-0235,BR-008,2026-06-11,2026-07-14,,Denied,Underwriting,,782,0.14,6.763,false,0,Ava Harris,Cumulus FL Branch 2,Southeast,2026-06-01
LN-AP-001901,Kenji Mitchell,30-Year Fixed Mortgage,482600.23,Loan Officer,E-0211,BR-012,2025-11-16,2025-12-01,,Denied,Document Collection,,730,0.166,7.351,false,0,Priya Young,Cumulus NC Branch 2,Southeast,2025-11-01
LN-AP-001902,Derek Carter,30-Year Fixed Mortgage,706490.12,Loan Officer,E-0219,BR-025,2024-12-11,2025-01-20,2025-01-20,Funded,Funded,42.2,618,0.293,8.297,true,0,Rosa Hall,Cumulus CA Branch 1,Pacific,2024-12-01
LN-AP-001903,Henry Mitchell,Auto Loan,21342.68,Digital,E-0212,BR-004,2025-11-06,2025-12-08,2025-12-08,Funded,Funded,35.9,795,0.417,8.597,true,0,Isabella Phillips,Cumulus MA Branch 2,Northeast,2025-11-01
LN-AP-001904,Sara Evans,Auto Loan,57722.46,Branch,E-0214,BR-027,2026-03-06,2026-04-09,2026-04-09,Funded,Funded,38.2,801,0.499,7.524,true,0,Amara Clark,Cumulus WA Branch 1,Pacific,2026-03-01
LN-AP-001905,Yuki Evans,30-Year Fixed Mortgage,366871.31,Digital,E-0210,BR-019,2025-03-14,,,Withdrawn,Document Collection,,723,0.354,6.743,false,0,Luis Garcia,Cumulus CO Branch 1,Mountain West,2025-03-01
LN-AP-001906,Ben Brown,Personal Loan,7430.11,Digital,E-0224,BR-027,2026-07-31,2026-08-27,2026-08-27,Funded,Funded,30.1,727,0.205,5.1,true,0,Priya Davis,Cumulus WA Branch 1,Pacific,2026-07-01
LN-AP-001907,Ravi Kim,30-Year Fixed Mortgage,344549.14,Loan Officer,E-0206,BR-020,2025-08-20,2025-10-01,2025-10-01,Funded,Funded,45.5,766,0.18,6.804,true,0,Ben Taylor,Cumulus CO Branch 2,Mountain West,2025-08-01
LN-AP-001908,Nina Vaughn,30-Year Fixed Mortgage,371994.12,Loan Officer,E-0211,BR-012,2026-01-02,2026-01-02,,Denied,Application Submitted,,578,0.33,8.022,false,0,Priya Young,Cumulus NC Branch 2,Southeast,2026-01-01
LN-AP-001909,Mateo Anderson,Auto Loan,19583.28,Digital,E-0210,BR-019,2026-02-20,2026-03-17,2026-03-17,Funded,Funded,28.3,742,0.128,7.898,true,0,Luis Garcia,Cumulus CO Branch 1,Mountain West,2026-02-01
LN-AP-001910,Naomi Mitchell,30-Year Fixed Mortgage,169082.97,Digital,E-0224,BR-027,2025-01-19,2025-02-13,,Denied,Document Collection,,642,0.469,6.111,false,0,Priya Davis,Cumulus WA Branch 1,Pacific,2025-01-01
LN-AP-001911,Leo Walker,30-Year Fixed Mortgage,412251.15,Digital,E-0215,BR-011,2026-07-29,,,In Progress,Application Submitted,,797,0.423,5.866,false,0,Henry Patel,Cumulus NC Branch 1,Southeast,2026-07-01
LN-AP-001912,Jamal White,HELOC,87468.02,Branch,E-0207,BR-022,2026-07-15,2026-08-02,2026-08-02,Funded,Funded,21.0,792,0.261,6.812,true,0,Priya Davis,Cumulus UT Branch 2,Mountain West,2026-07-01
LN-AP-001913,Derek King,30-Year Fixed Mortgage,259711.24,Branch,E-0235,BR-008,2026-04-08,2026-05-14,2026-05-14,Funded,Funded,38.9,691,0.145,7.755,true,0,Ava Harris,Cumulus FL Branch 2,Southeast,2026-04-01
LN-AP-001914,Hannah Martinez,30-Year Fixed Mortgage,287099.54,Loan Officer,E-0223,BR-001,2025-01-07,2025-02-12,2025-02-12,Funded,Funded,39.3,748,0.478,6.368,true,0,Noah Adams,Cumulus NY Branch 1,Northeast,2025-01-01
LN-AP-001915,Ethan White,Auto Loan,66536.81,Digital,E-0206,BR-020,2025-11-28,2025-12-26,2025-12-26,Funded,Funded,32.2,593,0.447,8.261,true,0,Ben Taylor,Cumulus CO Branch 2,Mountain West,2025-11-01
LN-AP-001916,Samuel Roberts,30-Year Fixed Mortgage,262485.37,Digital,E-0233,BR-025,2026-03-07,2026-04-15,2026-04-15,Funded,Funded,42.4,606,0.479,7.276,true,0,Jamal Adams,Cumulus CA Branch 1,Pacific,2026-03-01
LN-AP-001917,Jonathan Phillips,30-Year Fixed Mortgage,429231.01,Digital,E-0211,BR-012,2025-04-08,2025-05-01,2025-05-01,Funded,Funded,27.0,616,0.478,7.424,true,0,Priya Young,Cumulus NC Branch 2,Southeast,2025-04-01
LN-AP-001918,Aisha Vaughn,Personal Loan,18611.1,Branch,E-0228,BR-013,2026-04-22,,,Withdrawn,Underwriting,,704,0.468,5.932,false,0,Kenji Silva,Cumulus IL Branch 1,Midwest,2026-04-01
LN-AP-001919,Nora Wright,Refinance,243824.8,Loan Officer,E-0223,BR-001,2025-10-12,2025-11-17,2025-11-17,Funded,Funded,40.0,568,0.232,6.667,true,0,Noah Adams,Cumulus NY Branch 1,Northeast,2025-10-01
LN-AP-001920,Felix Phillips,Refinance,112853.38,Digital,E-0212,BR-004,2024-10-27,2024-10-27,,Denied,Application Submitted,,817,0.3,8.886,false,0,Isabella Phillips,Cumulus MA Branch 2,Northeast,2024-10-01
LN-AP-001921,Samuel Silva,30-Year Fixed Mortgage,571387.04,Digital,E-0225,BR-021,2025-09-27,2025-11-10,2025-11-10,Funded,Funded,47.8,826,0.51,6.85,true,0,Henry Okafor,Cumulus UT Branch 1,Mountain West,2025-09-01
LN-AP-001922,Carlos Scott,30-Year Fixed Mortgage,755010.29,Loan Officer,E-0211,BR-012,2025-05-31,,,Withdrawn,Document Collection,,739,0.423,5.109,false,0,Priya Young,Cumulus NC Branch 2,Southeast,2025-05-01
LN-AP-001923,Sara Walker,Personal Loan,8907.14,Broker,E-0224,BR-027,2024-12-07,2025-01-15,2025-01-15,Funded,Funded,42.6,771,0.136,8.329,true,0,Priya Davis,Cumulus WA Branch 1,Pacific,2024-12-01
LN-AP-001924,Ben White,30-Year Fixed Mortgage,267624.37,Digital,E-0232,BR-018,2025-09-22,,,In Progress,Appraisal,,677,0.296,7.537,false,4,Tom Hall,Cumulus MN Branch 2,Midwest,2025-09-01
LN-AP-001925,Diego Hall,Refinance,512732.86,Broker,E-0225,BR-021,2025-11-06,2025-11-26,2025-11-26,Funded,Funded,22.4,586,0.164,8.243,true,0,Henry Okafor,Cumulus UT Branch 1,Mountain West,2025-11-01
LN-AP-001926,Amara Stewart,HELOC,67655.63,Digital,E-0219,BR-025,2025-10-01,2025-11-23,2025-11-23,Funded,Funded,56.9,731,0.488,5.699,true,0,Rosa Hall,Cumulus CA Branch 1,Pacific,2025-10-01
LN-AP-001927,Hannah Okafor,Personal Loan,15597.26,Digital,E-0226,BR-010,2025-10-30,2025-11-20,2025-11-20,Funded,Funded,25.2,822,0.335,7.135,true,0,Andre Evans,Cumulus GA Branch 2,Southeast,2025-10-01
LN-AP-001928,Mei Lewis,30-Year Fixed Mortgage,647029.48,Digital,E-0216,BR-013,2025-02-01,2025-03-08,2025-03-08,Funded,Funded,37.7,616,0.506,6.695,true,0,Daniel Morris,Cumulus IL Branch 1,Midwest,2025-02-01
LN-AP-001929,Chloe Harris,Personal Loan,9885.81,Loan Officer,E-0221,BR-016,2025-01-03,2025-02-14,2025-02-14,Funded,Funded,44.5,742,0.408,7.499,true,0,Fatima Parker,Cumulus OH Branch 2,Midwest,2025-01-01
LN-AP-001930,Ravi Stewart,15-Year Fixed Mortgage,193715.09,Digital,E-0230,BR-009,2026-05-09,2026-06-09,2026-06-09,Funded,Funded,34.7,713,0.327,8.84,true,0,Jamal Wright,Cumulus GA Branch 1,Southeast,2026-05-01
LN-AP-001931,Jamal Johnson,30-Year Fixed Mortgage,317839.61,Loan Officer,E-0212,BR-004,2025-08-06,,,In Progress,Conditional Approval,,797,0.316,6.378,false,2,Isabella Phillips,Cumulus MA Branch 2,Northeast,2025-08-01
LN-AP-001932,Derek Thomas,15-Year Fixed Mortgage,138079.36,Broker,E-0219,BR-025,2026-01-24,2026-02-23,2026-02-23,Funded,Funded,33.4,690,0.443,7.951,true,0,Rosa Hall,Cumulus CA Branch 1,Pacific,2026-01-01
LN-AP-001933,Carlos Walker,30-Year Fixed Mortgage,526453.91,Digital,E-0206,BR-020,2026-01-20,2026-02-16,2026-02-16,Funded,Funded,31.4,644,0.488,7.618,true,0,Ben Taylor,Cumulus CO Branch 2,Mountain West,2026-01-01
LN-AP-001934,Iris Nguyen,Personal Loan,10070.59,Branch,E-0227,BR-016,2026-04-02,,,In Progress,Underwriting,,752,0.342,8.448,false,6,Zara Young,Cumulus OH Branch 2,Midwest,2026-04-01
LN-AP-001935,Carlos Phillips,Auto Loan,38002.52,Loan Officer,E-0223,BR-001,2025-08-12,,,Withdrawn,Appraisal,,623,0.443,6.832,false,0,Noah Adams,Cumulus NY Branch 1,Northeast,2025-08-01
LN-AP-001936,Owen Jackson,15-Year Fixed Mortgage,312627.0,Loan Officer,E-0212,BR-004,2025-03-25,2025-05-06,2025-05-06,Funded,Funded,46.2,612,0.133,6.883,true,0,Isabella Phillips,Cumulus MA Branch 2,Northeast,2025-03-01
LN-AP-001937,Rosa Garcia,Personal Loan,24176.85,Branch,E-0235,BR-008,2025-11-05,2025-12-16,2025-12-16,Funded,Funded,44.9,636,0.378,5.821,true,0,Ava Harris,Cumulus FL Branch 2,Southeast,2025-11-01
LN-AP-001938,Henry Parker,Auto Loan,35576.27,Branch,E-0207,BR-022,2024-12-21,2025-02-13,2025-02-13,Funded,Funded,58.6,567,0.129,6.461,true,0,Priya Davis,Cumulus UT Branch 2,Mountain West,2024-12-01
LN-AP-001939,Elena Scott,Personal Loan,24567.76,Branch,E-0228,BR-013,2025-04-23,2025-05-17,2025-05-17,Funded,Funded,27.9,581,0.396,7.506,true,0,Kenji Silva,Cumulus IL Branch 1,Midwest,2025-04-01
LN-AP-001940,Marcus Collins,30-Year Fixed Mortgage,243478.45,Digital,E-0215,BR-011,2025-07-10,2025-07-10,,Denied,Application Submitted,,638,0.489,8.278,false,0,Henry Patel,Cumulus NC Branch 1,Southeast,2025-07-01
LN-AP-001941,Julian Silva,HELOC,42859.99,Broker,E-0219,BR-025,2025-06-18,2025-07-17,2025-07-17,Funded,Funded,32.7,729,0.135,6.072,true,0,Rosa Hall,Cumulus CA Branch 1,Pacific,2025-06-01
LN-AP-001942,Zara Wright,Personal Loan,18453.85,Branch,E-0221,BR-016,2025-02-04,,,Withdrawn,Underwriting,,650,0.359,7.524,false,0,Fatima Parker,Cumulus OH Branch 2,Midwest,2025-02-01
LN-AP-001943,Carlos Phillips,HELOC,64264.12,Branch,E-0230,BR-009,2024-11-30,,,Withdrawn,Application Submitted,,572,0.205,7.715,false,0,Jamal Wright,Cumulus GA Branch 1,Southeast,2024-11-01
LN-AP-001944,Iris Taylor,Personal Loan,9477.58,Loan Officer,E-0232,BR-018,2025-08-23,2025-09-24,,Denied,Conditional Approval,,793,0.261,7.907,false,0,Tom Hall,Cumulus MN Branch 2,Midwest,2025-08-01
LN-AP-001945,Ines Nguyen,30-Year Fixed Mortgage,448482.69,Digital,E-0213,BR-023,2026-05-03,2026-05-21,2026-05-21,Funded,Funded,21.4,735,0.162,6.061,true,0,Jamal Lewis,Cumulus AZ Branch 1,Mountain West,2026-05-01
LN-AP-001946,Leo Silva,15-Year Fixed Mortgage,245862.58,Digital,E-0217,BR-015,2025-08-30,2025-10-12,2025-10-12,Funded,Funded,45.7,569,0.52,6.209,true,0,Amara Green,Cumulus OH Branch 1,Midwest,2025-08-01
LN-AP-001947,Zara Harris,30-Year Fixed Mortgage,391068.99,Digital,E-0233,BR-025,2025-02-18,2025-03-26,2025-03-26,Funded,Funded,39.0,606,0.315,5.572,true,0,Jamal Adams,Cumulus CA Branch 1,Pacific,2025-02-01
LN-AP-001948,Victor Turner,15-Year Fixed Mortgage,930239.55,Branch,E-0231,BR-010,2026-05-09,,,Withdrawn,Appraisal,,813,0.332,6.346,false,0,Maya Edwards,Cumulus GA Branch 2,Southeast,2026-05-01
LN-AP-001949,Jamal Okafor,Personal Loan,14092.57,Broker,E-0234,BR-028,2025-04-21,2025-06-09,,Denied,Document Collection,,792,0.283,6.485,false,0,Henry Taylor,Cumulus WA Branch 2,Pacific,2025-04-01
LN-AP-001950,Ava Vaughn,30-Year Fixed Mortgage,297698.74,Loan Officer,E-0220,BR-005,2025-04-07,2025-05-06,2025-05-06,Funded,Funded,32.9,596,0.484,6.277,true,0,Luis Adams,Cumulus CT Branch 1,Northeast,2025-04-01
LN-AP-001951,Isabella Silva,HELOC,51728.33,Digital,E-0227,BR-016,2025-07-25,2025-08-29,2025-08-29,Funded,Funded,37.6,592,0.446,7.926,true,0,Zara Young,Cumulus OH Branch 2,Midwest,2025-07-01
LN-AP-001952,Isabella Thomas,Refinance,372066.19,Branch,E-0234,BR-028,2026-08-19,,,In Progress,Funded,,695,0.4,6.448,false,4,Henry Taylor,Cumulus WA Branch 2,Pacific,2026-08-01
LN-AP-001953,Nora Baker,Auto Loan,36646.21,Digital,E-0218,BR-012,2025-09-13,2025-10-10,2025-10-10,Funded,Funded,29.8,663,0.334,7.4,true,0,Carlos Scott,Cumulus NC Branch 2,Southeast,2025-09-01
LN-AP-001954,Daniel Carter,HELOC,83446.86,Broker,E-0223,BR-001,2026-08-23,,,In Progress,Funded,,753,0.128,7.124,false,1,Noah Adams,Cumulus NY Branch 1,Northeast,2026-08-01
LN-AP-001955,Mei Silva,30-Year Fixed Mortgage,396607.3,Loan Officer,E-0228,BR-013,2025-12-21,,,In Progress,Conditional Approval,,567,0.463,7.384,false,3,Kenji Silva,Cumulus IL Branch 1,Midwest,2025-12-01
LN-AP-001956,Nora Parker,30-Year Fixed Mortgage,166390.19,Loan Officer,E-0212,BR-004,2026-01-21,2026-02-26,2026-02-26,Funded,Funded,39.2,713,0.36,7.928,true,0,Isabella Phillips,Cumulus MA Branch 2,Northeast,2026-01-01
LN-AP-001957,Ben Mitchell,Auto Loan,22064.62,Digital,E-0222,BR-026,2026-08-31,,,In Progress,Funded,,695,0.269,8.476,false,6,Rosa Carter,Cumulus CA Branch 2,Pacific,2026-08-01
LN-AP-001958,Sofia Moore,Auto Loan,52554.63,Branch,E-0222,BR-026,2025-05-02,2025-05-27,2025-05-27,Funded,Funded,28.2,583,0.401,5.87,true,0,Rosa Carter,Cumulus CA Branch 2,Pacific,2025-05-01
LN-AP-001959,Samuel Scott,Personal Loan,15935.51,Loan Officer,E-0226,BR-010,2025-04-27,,,Withdrawn,Conditional Approval,,706,0.154,6.869,false,0,Andre Evans,Cumulus GA Branch 2,Southeast,2025-04-01
LN-AP-001960,Rosa Anderson,Auto Loan,27345.4,Branch,E-0228,BR-013,2026-05-28,2026-07-04,2026-07-04,Funded,Funded,41.0,674,0.198,5.961,true,0,Kenji Silva,Cumulus IL Branch 1,Midwest,2026-05-01
LN-AP-001961,Isabella Okafor,30-Year Fixed Mortgage,703211.72,Digital,E-0221,BR-016,2025-08-30,,,Abandoned,Conditional Approval,,573,0.494,6.194,false,0,Fatima Parker,Cumulus OH Branch 2,Midwest,2025-08-01
LN-AP-001962,Grace Martinez,Auto Loan,22170.4,Digital,E-0225,BR-021,2026-04-23,2026-05-14,,Denied,Appraisal,,628,0.419,5.203,false,0,Henry Okafor,Cumulus UT Branch 1,Mountain West,2026-04-01
LN-AP-001963,Jonathan Taylor,15-Year Fixed Mortgage,375956.46,Digital,E-0229,BR-025,2026-01-04,2026-02-15,2026-02-15,Funded,Funded,46.1,770,0.418,8.089,true,0,Marcus Wilson,Cumulus CA Branch 1,Pacific,2026-01-01
LN-AP-001964,Victor Lopez,Auto Loan,62537.75,Digital,E-0223,BR-001,2025-12-04,2025-12-24,2025-12-24,Funded,Funded,23.4,764,0.135,5.191,true,0,Noah Adams,Cumulus NY Branch 1,Northeast,2025-12-01
LN-AP-001965,Rosa Brown,Auto Loan,34933.88,Digital,E-0226,BR-010,2025-12-04,2025-12-23,2025-12-23,Funded,Funded,24.3,785,0.297,6.97,true,0,Andre Evans,Cumulus GA Branch 2,Southeast,2025-12-01
LN-AP-001966,Maya Campbell,HELOC,51375.25,Broker,E-0221,BR-016,2025-07-20,2025-08-20,2025-08-20,Funded,Funded,35.2,808,0.427,5.644,true,0,Fatima Parker,Cumulus OH Branch 2,Midwest,2025-07-01
LN-AP-001967,Jonathan Miller,30-Year Fixed Mortgage,966315.64,Broker,E-0220,BR-005,2026-01-01,2026-01-16,,Denied,Document Collection,,780,0.156,7.112,false,0,Luis Adams,Cumulus CT Branch 1,Northeast,2026-01-01
LN-AP-001968,Diego Garcia,15-Year Fixed Mortgage,288871.22,Loan Officer,E-0232,BR-018,2025-04-15,,,Withdrawn,Underwriting,,584,0.306,6.222,false,0,Tom Hall,Cumulus MN Branch 2,Midwest,2025-04-01
LN-AP-001969,Rosa Carter,30-Year Fixed Mortgage,472933.49,Branch,E-0234,BR-028,2026-04-10,2026-05-29,2026-05-29,Funded,Funded,52.1,736,0.431,5.946,true,0,Henry Taylor,Cumulus WA Branch 2,Pacific,2026-04-01
LN-AP-001970,Ravi Edwards,Auto Loan,18618.71,Loan Officer,E-0232,BR-018,2025-05-01,2025-06-05,2025-06-05,Funded,Funded,39.3,681,0.345,5.136,true,0,Tom Hall,Cumulus MN Branch 2,Midwest,2025-05-01
LN-AP-001971,Sara King,Refinance,389549.39,Loan Officer,E-0221,BR-016,2025-02-08,2025-03-19,2025-03-19,Funded,Funded,41.4,680,0.208,6.455,true,0,Fatima Parker,Cumulus OH Branch 2,Midwest,2025-02-01
LN-AP-001972,Nora Harris,Refinance,357993.82,Digital,E-0221,BR-016,2025-11-24,,,In Progress,Underwriting,,581,0.277,6.44,false,1,Fatima Parker,Cumulus OH Branch 2,Midwest,2025-11-01
LN-AP-001973,Leo Hall,Refinance,647023.81,Loan Officer,E-0206,BR-020,2026-08-04,2026-08-30,2026-08-30,Funded,Funded,28.6,745,0.416,5.466,true,0,Ben Taylor,Cumulus CO Branch 2,Mountain West,2026-08-01
LN-AP-001974,Grace Roberts,Auto Loan,13910.94,Broker,E-0230,BR-009,2024-11-27,2025-01-01,2025-01-01,Funded,Funded,38.7,763,0.295,5.734,true,0,Jamal Wright,Cumulus GA Branch 1,Southeast,2024-11-01
LN-AP-001975,Leo Moore,Refinance,178752.09,Digital,E-0221,BR-016,2024-12-13,2025-01-06,,Denied,Underwriting,,682,0.452,5.45,false,0,Fatima Parker,Cumulus OH Branch 2,Midwest,2024-12-01
LN-AP-001976,Iris Silva,HELOC,37732.0,Broker,E-0218,BR-012,2026-02-13,2026-03-16,2026-03-16,Funded,Funded,33.8,740,0.494,8.451,true,0,Carlos Scott,Cumulus NC Branch 2,Southeast,2026-02-01
LN-AP-001977,Zara Taylor,Personal Loan,9701.54,Branch,E-0233,BR-025,2025-01-02,2025-02-17,2025-02-17,Funded,Funded,49.4,628,0.155,8.55,true,0,Jamal Adams,Cumulus CA Branch 1,Pacific,2025-01-01
LN-AP-001978,Samuel Young,Personal Loan,15289.13,Digital,E-0229,BR-025,2025-01-25,2025-02-24,2025-02-24,Funded,Funded,34.2,726,0.502,6.509,true,0,Marcus Wilson,Cumulus CA Branch 1,Pacific,2025-01-01
LN-AP-001979,Elena Phillips,Auto Loan,19330.4,Loan Officer,E-0226,BR-010,2025-08-16,2025-10-13,2025-10-13,Funded,Funded,61.2,690,0.215,8.286,true,0,Andre Evans,Cumulus GA Branch 2,Southeast,2025-08-01
LN-AP-001980,Naomi Jackson,Personal Loan,13623.33,Loan Officer,E-0227,BR-016,2025-05-08,2025-06-07,2025-06-07,Funded,Funded,34.5,628,0.496,6.731,true,0,Zara Young,Cumulus OH Branch 2,Midwest,2025-05-01
LN-AP-001981,Olivia Harris,Personal Loan,22765.88,Loan Officer,E-0215,BR-011,2025-09-21,2025-11-09,2025-11-09,Funded,Funded,52.4,789,0.358,5.366,true,0,Henry Patel,Cumulus NC Branch 1,Southeast,2025-09-01
LN-AP-001982,Rosa Carter,HELOC,120316.79,Branch,E-0221,BR-016,2026-03-21,2026-04-19,2026-04-19,Funded,Funded,31.8,683,0.478,7.049,true,0,Fatima Parker,Cumulus OH Branch 2,Midwest,2026-03-01
LN-AP-001983,Felix Ruiz,HELOC,69829.69,Branch,E-0210,BR-019,2024-12-19,2025-01-20,,Denied,Conditional Approval,,701,0.369,8.466,false,0,Luis Garcia,Cumulus CO Branch 1,Mountain West,2024-12-01
LN-AP-001984,Felix Green,30-Year Fixed Mortgage,485605.71,Digital,E-0235,BR-008,2025-06-27,,,Withdrawn,Conditional Approval,,789,0.127,7.724,false,0,Ava Harris,Cumulus FL Branch 2,Southeast,2025-06-01
LN-AP-001985,Layla Stewart,Refinance,509418.96,Broker,E-0233,BR-025,2025-12-25,2026-02-08,2026-02-08,Funded,Funded,48.5,812,0.342,8.021,true,0,Jamal Adams,Cumulus CA Branch 1,Pacific,2025-12-01
LN-AP-001986,Lauren Lopez,Refinance,585285.77,Digital,E-0209,BR-006,2026-02-26,2026-04-02,2026-04-02,Funded,Funded,38.5,603,0.219,7.583,true,0,Yuki Stewart,Cumulus CT Branch 2,Northeast,2026-02-01
LN-AP-001987,Maya Campbell,30-Year Fixed Mortgage,493647.48,Branch,E-0221,BR-016,2024-10-23,2024-12-08,2024-12-08,Funded,Funded,48.7,585,0.497,5.45,true,0,Fatima Parker,Cumulus OH Branch 2,Midwest,2024-10-01
LN-AP-001988,Rosa Lewis,Auto Loan,22540.8,Loan Officer,E-0234,BR-028,2026-08-11,,,In Progress,Conditional Approval,,592,0.489,6.574,false,1,Henry Taylor,Cumulus WA Branch 2,Pacific,2026-08-01
LN-AP-001989,Chloe Jackson,30-Year Fixed Mortgage,817331.17,Loan Officer,E-0218,BR-012,2026-02-22,2026-03-25,,Denied,Underwriting,,753,0.226,6.626,false,0,Carlos Scott,Cumulus NC Branch 2,Southeast,2026-02-01
LN-AP-001990,Iris Clark,Personal Loan,7175.38,Branch,E-0223,BR-001,2026-06-29,,,Withdrawn,Underwriting,,796,0.192,6.257,false,0,Noah Adams,Cumulus NY Branch 1,Northeast,2026-06-01
LN-AP-001991,Felix Mitchell,15-Year Fixed Mortgage,233224.83,Digital,E-0228,BR-013,2024-10-05,,,Withdrawn,Appraisal,,653,0.372,6.781,false,0,Kenji Silva,Cumulus IL Branch 1,Midwest,2024-10-01
LN-AP-001992,Mateo White,HELOC,96545.75,Loan Officer,E-0224,BR-027,2026-04-27,2026-05-22,2026-05-22,Funded,Funded,27.5,805,0.183,5.41,true,0,Priya Davis,Cumulus WA Branch 1,Pacific,2026-04-01
LN-AP-001993,Yuki Stewart,Refinance,485925.32,Loan Officer,E-0229,BR-025,2026-04-14,,,In Progress,Underwriting,,781,0.27,6.108,false,5,Marcus Wilson,Cumulus CA Branch 1,Pacific,2026-04-01
LN-AP-001994,Felix Jackson,HELOC,47491.5,Loan Officer,E-0223,BR-001,2025-04-08,2025-05-22,2025-05-22,Funded,Funded,48.4,631,0.513,7.089,true,0,Noah Adams,Cumulus NY Branch 1,Northeast,2025-04-01
LN-AP-001995,Amara Parker,Auto Loan,31266.87,Branch,E-0228,BR-013,2025-10-18,2025-11-17,2025-11-17,Funded,Funded,32.3,812,0.388,8.307,true,0,Kenji Silva,Cumulus IL Branch 1,Midwest,2025-10-01
LN-AP-001996,Andre Wilson,Refinance,366637.15,Branch,E-0232,BR-018,2024-10-21,2024-12-18,2024-12-18,Funded,Funded,61.9,695,0.141,6.15,true,0,Tom Hall,Cumulus MN Branch 2,Midwest,2024-10-01
LN-AP-001997,Carlos Thomas,30-Year Fixed Mortgage,174112.36,Digital,E-0217,BR-015,2025-05-29,2025-07-12,2025-07-12,Funded,Funded,47.2,734,0.384,7.967,true,0,Amara Green,Cumulus OH Branch 1,Midwest,2025-05-01
LN-AP-001998,Kenji Lopez,15-Year Fixed Mortgage,149036.63,Branch,E-0227,BR-016,2025-10-21,2025-12-06,2025-12-06,Funded,Funded,50.4,653,0.447,7.64,true,0,Zara Young,Cumulus OH Branch 2,Midwest,2025-10-01
LN-AP-001999,Nina Okafor,Auto Loan,47468.02,Branch,E-0208,BR-027,2024-11-21,2025-01-03,2025-01-03,Funded,Funded,47.1,575,0.149,6.508,true,0,Yuki Campbell,Cumulus WA Branch 1,Pacific,2024-11-01
LN-AP-002000,Julian Walker,Refinance,625997.35,Loan Officer,E-0214,BR-027,2025-02-28,2025-03-23,2025-03-23,Funded,Funded,26.9,790,0.435,7.778,true,0,Amara Clark,Cumulus WA Branch 1,Pacific,2025-02-01
LN-AP-002001,Zara Johnson,Auto Loan,63154.53,Digital,E-0235,BR-008,2025-03-09,2025-04-07,2025-04-07,Funded,Funded,32.5,747,0.245,7.937,true,0,Ava Harris,Cumulus FL Branch 2,Southeast,2025-03-01
LN-AP-002002,Ava Martinez,30-Year Fixed Mortgage,996061.62,Broker,E-0228,BR-013,2026-04-21,,,Withdrawn,Appraisal,,691,0.316,6.896,false,0,Kenji Silva,Cumulus IL Branch 1,Midwest,2026-04-01
LN-AP-002003,Wei Bailey,Refinance,308287.57,Digital,E-0229,BR-025,2025-07-15,2025-08-22,2025-08-22,Funded,Funded,42.1,722,0.334,8.321,true,0,Marcus Wilson,Cumulus CA Branch 1,Pacific,2025-07-01
LN-AP-002004,Maya Clark,15-Year Fixed Mortgage,258348.77,Loan Officer,E-0217,BR-015,2025-11-03,,,In Progress,Underwriting,,821,0.505,5.74,false,2,Amara Green,Cumulus OH Branch 1,Midwest,2025-11-01
LN-AP-002005,Priya Anderson,Auto Loan,30343.24,Branch,E-0234,BR-028,2025-09-12,,,Withdrawn,Document Collection,,678,0.281,7.678,false,0,Henry Taylor,Cumulus WA Branch 2,Pacific,2025-09-01
LN-AP-002006,Henry Lewis,30-Year Fixed Mortgage,296521.03,Digital,E-0210,BR-019,2025-09-16,2025-10-09,2025-10-09,Funded,Funded,26.1,615,0.315,7.815,true,0,Luis Garcia,Cumulus CO Branch 1,Mountain West,2025-09-01
LN-AP-002007,Rosa Clark,30-Year Fixed Mortgage,227915.25,Branch,E-0227,BR-016,2025-01-30,,,In Progress,Document Collection,,766,0.146,8.37,false,4,Zara Young,Cumulus OH Branch 2,Midwest,2025-01-01
LN-AP-002008,Ines Patel,Personal Loan,12922.68,Broker,E-0213,BR-023,2025-08-24,2025-09-23,2025-09-23,Funded,Funded,33.1,649,0.38,8.219,true,0,Jamal Lewis,Cumulus AZ Branch 1,Mountain West,2025-08-01
LN-AP-002009,Fatima Phillips,HELOC,86224.89,Loan Officer,E-0214,BR-027,2025-03-23,2025-05-02,2025-05-02,Funded,Funded,44.6,741,0.18,6.415,true,0,Amara Clark,Cumulus WA Branch 1,Pacific,2025-03-01
LN-AP-002010,Sofia Wilson,30-Year Fixed Mortgage,360252.26,Loan Officer,E-0229,BR-025,2026-02-16,2026-03-15,2026-03-15,Funded,Funded,30.4,665,0.516,8.322,true,0,Marcus Wilson,Cumulus CA Branch 1,Pacific,2026-02-01
LN-AP-002011,Jamal Wilson,Personal Loan,14085.3,Branch,E-0214,BR-027,2026-04-07,2026-05-13,2026-05-13,Funded,Funded,40.3,566,0.348,5.39,true,0,Amara Clark,Cumulus WA Branch 1,Pacific,2026-04-01
LN-AP-002012,Owen Wright,30-Year Fixed Mortgage,177666.77,Broker,E-0214,BR-027,2025-03-27,,,Withdrawn,Appraisal,,823,0.472,7.231,false,0,Amara Clark,Cumulus WA Branch 1,Pacific,2025-03-01
LN-AP-002013,Zara Collins,Personal Loan,15189.21,Digital,E-0207,BR-022,2025-07-27,2025-08-24,2025-08-24,Funded,Funded,31.4,710,0.428,8.709,true,0,Priya Davis,Cumulus UT Branch 2,Mountain West,2025-07-01
LN-AP-002014,Sofia Evans,Auto Loan,24843.88,Branch,E-0219,BR-025,2025-09-06,2025-11-14,2025-11-14,Funded,Funded,72.4,819,0.225,8.235,true,0,Rosa Hall,Cumulus CA Branch 1,Pacific,2025-09-01
LN-AP-002015,Yuki Silva,15-Year Fixed Mortgage,976310.84,Loan Officer,E-0223,BR-001,2024-12-11,,,Withdrawn,Appraisal,,679,0.137,7.554,false,0,Noah Adams,Cumulus NY Branch 1,Northeast,2024-12-01
LN-AP-002016,Marcus Collins,15-Year Fixed Mortgage,298601.39,Digital,E-0210,BR-019,2026-04-16,2026-05-11,2026-05-11,Funded,Funded,28.1,639,0.514,6.044,true,0,Luis Garcia,Cumulus CO Branch 1,Mountain West,2026-04-01
LN-AP-002017,Noah Wright,Refinance,229532.9,Loan Officer,E-0235,BR-008,2026-03-21,,,In Progress,Appraisal,,763,0.328,8.76,false,6,Ava Harris,Cumulus FL Branch 2,Southeast,2026-03-01
LN-AP-002018,Zara Harris,Auto Loan,26805.08,Digital,E-0206,BR-020,2026-02-16,2026-03-15,2026-03-15,Funded,Funded,30.3,602,0.509,5.56,true,0,Ben Taylor,Cumulus CO Branch 2,Mountain West,2026-02-01
LN-AP-002019,Ben Garcia,30-Year Fixed Mortgage,296762.67,Digital,E-0216,BR-013,2026-07-08,2026-07-31,,Denied,Document Collection,,809,0.444,7.922,false,0,Daniel Morris,Cumulus IL Branch 1,Midwest,2026-07-01
LN-AP-002020,Zara Kim,30-Year Fixed Mortgage,196207.83,Digital,E-0207,BR-022,2025-10-27,2025-11-22,2025-11-22,Funded,Funded,29.9,628,0.147,8.412,true,0,Priya Davis,Cumulus UT Branch 2,Mountain West,2025-10-01
LN-AP-002021,Andre Wilson,HELOC,103380.02,Broker,E-0229,BR-025,2026-03-05,2026-03-26,2026-03-26,Funded,Funded,24.8,639,0.411,5.339,true,0,Marcus Wilson,Cumulus CA Branch 1,Pacific,2026-03-01
LN-AP-002022,Julian Davis,30-Year Fixed Mortgage,564456.99,Digital,E-0213,BR-023,2026-04-10,2026-05-11,2026-05-11,Funded,Funded,33.9,657,0.207,7.202,true,0,Jamal Lewis,Cumulus AZ Branch 1,Mountain West,2026-04-01
LN-AP-002023,Priya Campbell,Auto Loan,26394.44,Digital,E-0234,BR-028,2026-05-08,2026-06-02,2026-06-02,Funded,Funded,28.6,780,0.192,8.619,true,0,Henry Taylor,Cumulus WA Branch 2,Pacific,2026-05-01
LN-AP-002024,Yuki Anderson,HELOC,86866.99,Loan Officer,E-0206,BR-020,2025-01-02,2025-01-28,2025-01-28,Funded,Funded,29.8,598,0.179,5.962,true,0,Ben Taylor,Cumulus CO Branch 2,Mountain West,2025-01-01
LN-AP-002025,Diego Phillips,HELOC,103685.38,Digital,E-0209,BR-006,2025-05-25,2025-06-22,2025-06-22,Funded,Funded,30.9,603,0.167,5.459,true,0,Yuki Stewart,Cumulus CT Branch 2,Northeast,2025-05-01
LN-AP-002026,Daniel Wilson,Auto Loan,31222.21,Broker,E-0208,BR-027,2025-11-14,2025-12-19,2025-12-19,Funded,Funded,38.9,629,0.384,8.034,true,0,Yuki Campbell,Cumulus WA Branch 1,Pacific,2025-11-01
LN-AP-002027,Maya Evans,15-Year Fixed Mortgage,251109.24,Digital,E-0210,BR-019,2025-09-03,2025-10-13,2025-10-13,Funded,Funded,44.0,822,0.151,6.322,true,0,Luis Garcia,Cumulus CO Branch 1,Mountain West,2025-09-01
LN-AP-002028,Julian Johnson,30-Year Fixed Mortgage,696519.7,Digital,E-0210,BR-019,2025-11-20,2025-12-16,2025-12-16,Funded,Funded,29.1,822,0.127,7.106,true,0,Luis Garcia,Cumulus CO Branch 1,Mountain West,2025-11-01
LN-AP-002029,Luis Taylor,30-Year Fixed Mortgage,390432.16,Digital,E-0232,BR-018,2024-10-10,2024-11-08,2024-11-08,Funded,Funded,32.4,819,0.397,8.747,true,0,Tom Hall,Cumulus MN Branch 2,Midwest,2024-10-01
LN-AP-002030,Sofia Davis,30-Year Fixed Mortgage,285491.16,Digital,E-0233,BR-025,2025-12-07,2026-01-17,2026-01-17,Funded,Funded,44.2,733,0.404,5.111,true,0,Jamal Adams,Cumulus CA Branch 1,Pacific,2025-12-01
LN-AP-002031,Elena Jackson,Auto Loan,14156.1,Digital,E-0219,BR-025,2025-08-03,,,Withdrawn,Document Collection,,830,0.452,8.476,false,0,Rosa Hall,Cumulus CA Branch 1,Pacific,2025-08-01
LN-AP-002032,Layla Baker,15-Year Fixed Mortgage,394971.07,Branch,E-0210,BR-019,2026-08-12,,,In Progress,Funded,,673,0.341,6.026,false,2,Luis Garcia,Cumulus CO Branch 1,Mountain West,2026-08-01
LN-AP-002033,Maya Morris,HELOC,56592.09,Digital,E-0206,BR-020,2026-01-25,2026-03-19,2026-03-19,Funded,Funded,55.6,818,0.482,7.48,true,0,Ben Taylor,Cumulus CO Branch 2,Mountain West,2026-01-01
LN-AP-002034,Fatima Baker,30-Year Fixed Mortgage,195115.48,Digital,E-0232,BR-018,2026-02-19,2026-03-16,2026-03-16,Funded,Funded,28.2,711,0.407,7.35,true,0,Tom Hall,Cumulus MN Branch 2,Midwest,2026-02-01
LN-AP-002035,Yuki Taylor,Personal Loan,13506.04,Digital,E-0213,BR-023,2026-02-13,2026-03-03,2026-03-03,Funded,Funded,20.6,799,0.482,6.412,true,0,Jamal Lewis,Cumulus AZ Branch 1,Mountain West,2026-02-01
LN-AP-002036,Isabella Nelson,Personal Loan,23499.65,Digital,E-0226,BR-010,2026-07-22,2026-08-21,2026-08-21,Funded,Funded,33.2,665,0.301,8.628,true,0,Andre Evans,Cumulus GA Branch 2,Southeast,2026-07-01
LN-AP-002037,Fatima Phillips,Auto Loan,32435.9,Loan Officer,E-0217,BR-015,2025-07-18,2025-08-13,2025-08-13,Funded,Funded,29.2,713,0.485,6.409,true,0,Amara Green,Cumulus OH Branch 1,Midwest,2025-07-01
LN-AP-002038,Elena Hall,Refinance,187578.84,Loan Officer,E-0223,BR-001,2025-11-09,,,In Progress,Document Collection,,657,0.16,7.611,false,0,Noah Adams,Cumulus NY Branch 1,Northeast,2025-11-01
LN-AP-002039,Owen Collins,30-Year Fixed Mortgage,480123.32,Digital,E-0208,BR-027,2025-08-13,,,Abandoned,Underwriting,,619,0.294,7.331,false,0,Yuki Campbell,Cumulus WA Branch 1,Pacific,2025-08-01
LN-AP-002040,Hannah Bailey,30-Year Fixed Mortgage,169725.03,Loan Officer,E-0222,BR-026,2025-08-15,2025-09-26,,Denied,Underwriting,,779,0.451,7.672,false,0,Rosa Carter,Cumulus CA Branch 2,Pacific,2025-08-01
LN-AP-002041,Samuel Moore,30-Year Fixed Mortgage,186357.42,Loan Officer,E-0210,BR-019,2025-12-15,,,In Progress,Application Submitted,,583,0.285,8.577,false,4,Luis Garcia,Cumulus CO Branch 1,Mountain West,2025-12-01
LN-AP-002042,Ines Nguyen,Auto Loan,24859.14,Broker,E-0215,BR-011,2024-10-10,2024-11-08,,Denied,Appraisal,,696,0.217,7.634,false,0,Henry Patel,Cumulus NC Branch 1,Southeast,2024-10-01
LN-AP-002043,Noah Miller,30-Year Fixed Mortgage,644268.08,Broker,E-0209,BR-006,2025-07-02,,,Withdrawn,Document Collection,,652,0.459,6.659,false,0,Yuki Stewart,Cumulus CT Branch 2,Northeast,2025-07-01
LN-AP-002044,Andre Davis,Refinance,488245.0,Digital,E-0219,BR-025,2025-06-13,2025-06-22,,Denied,Document Collection,,777,0.196,6.882,false,0,Rosa Hall,Cumulus CA Branch 1,Pacific,2025-06-01
LN-AP-002045,Nina Patel,Auto Loan,46150.27,Digital,E-0221,BR-016,2025-12-07,2026-01-13,2026-01-13,Funded,Funded,40.5,744,0.362,6.118,true,0,Fatima Parker,Cumulus OH Branch 2,Midwest,2025-12-01
LN-AP-002046,Noah Green,Auto Loan,19386.24,Digital,E-0210,BR-019,2024-10-17,,,Withdrawn,Document Collection,,722,0.121,5.47,false,0,Luis Garcia,Cumulus CO Branch 1,Mountain West,2024-10-01
LN-AP-002047,Layla Davis,Auto Loan,41512.78,Loan Officer,E-0209,BR-006,2025-06-09,2025-07-16,2025-07-16,Funded,Funded,40.5,827,0.141,7.844,true,0,Yuki Stewart,Cumulus CT Branch 2,Northeast,2025-06-01
LN-AP-002048,Hannah King,HELOC,49354.77,Digital,E-0206,BR-020,2024-11-11,2024-12-11,2024-12-11,Funded,Funded,32.4,722,0.316,8.858,true,0,Ben Taylor,Cumulus CO Branch 2,Mountain West,2024-11-01
LN-AP-002049,Layla Okafor,Auto Loan,41857.13,Digital,E-0225,BR-021,2025-08-26,2025-09-26,2025-09-26,Funded,Funded,33.8,579,0.422,7.249,true,0,Henry Okafor,Cumulus UT Branch 1,Mountain West,2025-08-01
LN-AP-002050,Leo Phillips,Refinance,352972.16,Branch,E-0234,BR-028,2025-08-07,,,In Progress,Document Collection,,743,0.452,6.041,false,1,Henry Taylor,Cumulus WA Branch 2,Pacific,2025-08-01
LN-AP-002051,Ethan Stewart,HELOC,124588.29,Loan Officer,E-0233,BR-025,2025-07-29,2025-08-20,2025-08-20,Funded,Funded,24.8,601,0.499,6.931,true,0,Jamal Adams,Cumulus CA Branch 1,Pacific,2025-07-01
LN-AP-002052,Henry Silva,Auto Loan,53123.21,Digital,E-0224,BR-027,2025-12-09,2025-12-31,2025-12-31,Funded,Funded,26.1,767,0.227,7.404,true,0,Priya Davis,Cumulus WA Branch 1,Pacific,2025-12-01
LN-AP-002053,Layla Phillips,Auto Loan,28713.09,Branch,E-0222,BR-026,2025-06-26,2025-07-20,2025-07-20,Funded,Funded,26.0,651,0.145,7.386,true,0,Rosa Carter,Cumulus CA Branch 2,Pacific,2025-06-01
LN-AP-002054,Yuki Ruiz,Personal Loan,26070.48,Loan Officer,E-0225,BR-021,2026-05-10,2026-06-03,2026-06-03,Funded,Funded,28.6,806,0.203,5.963,true,0,Henry Okafor,Cumulus UT Branch 1,Mountain West,2026-05-01
LN-AP-002055,Noah Carter,Personal Loan,12853.33,Loan Officer,E-0213,BR-023,2025-09-20,2025-11-16,2025-11-16,Funded,Funded,61.5,610,0.354,5.319,true,0,Jamal Lewis,Cumulus AZ Branch 1,Mountain West,2025-09-01
LN-AP-002056,Ravi Young,HELOC,55189.39,Loan Officer,E-0223,BR-001,2026-02-14,2026-03-17,2026-03-17,Funded,Funded,35.9,571,0.268,7.996,true,0,Noah Adams,Cumulus NY Branch 1,Northeast,2026-02-01
LN-AP-002057,Layla Campbell,30-Year Fixed Mortgage,319354.79,Digital,E-0223,BR-001,2025-04-27,2025-05-29,2025-05-29,Funded,Funded,33.9,583,0.177,8.331,true,0,Noah Adams,Cumulus NY Branch 1,Northeast,2025-04-01
LN-AP-002058,Lauren Bailey,HELOC,68383.4,Broker,E-0228,BR-013,2024-11-05,2024-11-30,2024-11-30,Funded,Funded,28.7,667,0.276,7.772,true,0,Kenji Silva,Cumulus IL Branch 1,Midwest,2024-11-01
LN-AP-002059,Amara Adams,30-Year Fixed Mortgage,714413.93,Branch,E-0214,BR-027,2025-03-15,2025-04-23,2025-04-23,Funded,Funded,41.5,733,0.22,5.62,true,0,Amara Clark,Cumulus WA Branch 1,Pacific,2025-03-01
LN-AP-002060,Iris Miller,HELOC,59830.15,Digital,E-0227,BR-016,2025-08-10,2025-08-30,2025-08-30,Funded,Funded,25.0,816,0.214,7.026,true,0,Zara Young,Cumulus OH Branch 2,Midwest,2025-08-01
LN-AP-002061,Sofia Allen,30-Year Fixed Mortgage,764826.83,Digital,E-0207,BR-022,2026-01-02,2026-02-18,2026-02-18,Funded,Funded,50.4,808,0.426,6.297,true,0,Priya Davis,Cumulus UT Branch 2,Mountain West,2026-01-01
LN-AP-002062,Jamal Ruiz,Auto Loan,27147.51,Broker,E-0213,BR-023,2025-07-23,2025-08-27,2025-08-27,Funded,Funded,39.4,779,0.285,5.119,true,0,Jamal Lewis,Cumulus AZ Branch 1,Mountain West,2025-07-01
LN-AP-002063,Noah Phillips,HELOC,81656.17,Branch,E-0208,BR-027,2025-06-19,2025-07-24,2025-07-24,Funded,Funded,39.3,803,0.164,5.594,true,0,Yuki Campbell,Cumulus WA Branch 1,Pacific,2025-06-01
LN-AP-002064,Ines Harris,HELOC,62205.41,Digital,E-0211,BR-012,2025-06-25,2025-08-02,2025-08-02,Funded,Funded,42.4,590,0.352,7.908,true,0,Priya Young,Cumulus NC Branch 2,Southeast,2025-06-01
LN-AP-002065,Mei Patel,15-Year Fixed Mortgage,239485.15,Loan Officer,E-0221,BR-016,2025-01-22,,,Withdrawn,Application Submitted,,716,0.247,8.824,false,0,Fatima Parker,Cumulus OH Branch 2,Midwest,2025-01-01
LN-AP-002066,Ines Walker,Refinance,936862.93,Branch,E-0230,BR-009,2025-04-16,2025-06-08,2025-06-08,Funded,Funded,55.0,779,0.185,8.706,true,0,Jamal Wright,Cumulus GA Branch 1,Southeast,2025-04-01
LN-AP-002067,Samuel Turner,15-Year Fixed Mortgage,246305.51,Branch,E-0207,BR-022,2025-03-07,2025-04-08,2025-04-08,Funded,Funded,35.1,627,0.445,7.488,true,0,Priya Davis,Cumulus UT Branch 2,Mountain West,2025-03-01
LN-AP-002068,Noah Evans,Refinance,298038.1,Loan Officer,E-0235,BR-008,2025-06-05,2025-06-29,2025-06-29,Funded,Funded,28.3,600,0.249,7.142,true,0,Ava Harris,Cumulus FL Branch 2,Southeast,2025-06-01
LN-AP-002069,Amara Thomas,Auto Loan,25163.96,Loan Officer,E-0217,BR-015,2025-06-25,2025-08-30,2025-08-30,Funded,Funded,70.2,729,0.367,6.973,true,0,Amara Green,Cumulus OH Branch 1,Midwest,2025-06-01
LN-AP-002070,Luis Chen,HELOC,64898.74,Digital,E-0220,BR-005,2026-07-26,,,In Progress,Conditional Approval,,645,0.22,5.425,false,0,Luis Adams,Cumulus CT Branch 1,Northeast,2026-07-01
LN-AP-002071,Grace Clark,30-Year Fixed Mortgage,353217.86,Loan Officer,E-0231,BR-010,2024-12-12,2025-01-25,,Denied,Appraisal,,680,0.17,6.88,false,0,Maya Edwards,Cumulus GA Branch 2,Southeast,2024-12-01
LN-AP-002072,Ines Roberts,30-Year Fixed Mortgage,506702.53,Digital,E-0222,BR-026,2024-11-08,2024-12-10,2024-12-10,Funded,Funded,34.4,737,0.199,7.556,true,0,Rosa Carter,Cumulus CA Branch 2,Pacific,2024-11-01
LN-AP-002073,Felix Ashford,Personal Loan,26530.5,Branch,E-0212,BR-004,2025-10-16,2025-11-11,2025-11-11,Funded,Funded,30.2,581,0.135,6.891,true,0,Isabella Phillips,Cumulus MA Branch 2,Northeast,2025-10-01
LN-AP-002074,Priya Harris,30-Year Fixed Mortgage,1522852.6,Loan Officer,E-0229,BR-025,2025-10-02,2025-11-08,2025-11-08,Funded,Funded,40.9,704,0.158,6.345,true,0,Marcus Wilson,Cumulus CA Branch 1,Pacific,2025-10-01
LN-AP-002075,Ines Baker,Auto Loan,26806.82,Broker,E-0218,BR-012,2025-10-22,2025-12-10,2025-12-10,Funded,Funded,53.3,630,0.46,6.111,true,0,Carlos Scott,Cumulus NC Branch 2,Southeast,2025-10-01
LN-AP-002076,Diego White,30-Year Fixed Mortgage,315633.98,Digital,E-0208,BR-027,2025-10-02,2025-10-23,2025-10-23,Funded,Funded,24.1,715,0.169,8.777,true,0,Yuki Campbell,Cumulus WA Branch 1,Pacific,2025-10-01
LN-AP-002077,Layla Miller,30-Year Fixed Mortgage,351109.59,Digital,E-0209,BR-006,2025-05-14,2025-06-08,2025-06-08,Funded,Funded,28.4,650,0.432,7.893,true,0,Yuki Stewart,Cumulus CT Branch 2,Northeast,2025-05-01
LN-AP-002078,Naomi Lewis,30-Year Fixed Mortgage,227264.3,Branch,E-0214,BR-027,2026-06-07,2026-07-20,2026-07-20,Funded,Funded,46.3,764,0.47,5.151,true,0,Amara Clark,Cumulus WA Branch 1,Pacific,2026-06-01
LN-AP-002079,Samuel Stewart,15-Year Fixed Mortgage,283843.28,Broker,E-0214,BR-027,2025-09-22,2025-10-24,2025-10-24,Funded,Funded,34.4,577,0.475,6.374,true,0,Amara Clark,Cumulus WA Branch 1,Pacific,2025-09-01
LN-AP-002080,Luis Davis,HELOC,47448.34,Digital,E-0228,BR-013,2026-05-30,2026-07-03,,Denied,Underwriting,,804,0.433,6.608,false,0,Kenji Silva,Cumulus IL Branch 1,Midwest,2026-05-01
LN-AP-002081,Sara Ruiz,15-Year Fixed Mortgage,279541.84,Loan Officer,E-0220,BR-005,2025-06-12,2025-07-18,,Denied,Document Collection,,640,0.34,8.88,false,0,Luis Adams,Cumulus CT Branch 1,Northeast,2025-06-01
LN-AP-002082,Grace Johnson,Personal Loan,13894.79,Digital,E-0209,BR-006,2025-10-29,2025-12-09,2025-12-09,Funded,Funded,43.7,568,0.279,5.75,true,0,Yuki Stewart,Cumulus CT Branch 2,Northeast,2025-10-01
LN-AP-002083,Owen Jackson,Personal Loan,12300.59,Digital,E-0213,BR-023,2026-01-07,2026-02-08,2026-02-08,Funded,Funded,36.0,629,0.209,5.581,true,0,Jamal Lewis,Cumulus AZ Branch 1,Mountain West,2026-01-01
LN-AP-002084,Marcus Baker,30-Year Fixed Mortgage,648257.11,Broker,E-0206,BR-020,2026-01-19,2026-02-13,2026-02-13,Funded,Funded,29.1,630,0.185,6.475,true,0,Ben Taylor,Cumulus CO Branch 2,Mountain West,2026-01-01
LN-AP-002085,Nina Lopez,30-Year Fixed Mortgage,244070.41,Digital,E-0209,BR-006,2026-02-27,,,Withdrawn,Application Submitted,,642,0.5,7.718,false,0,Yuki Stewart,Cumulus CT Branch 2,Northeast,2026-02-01
LN-AP-002086,Maya Harris,Refinance,194789.86,Digital,E-0230,BR-009,2024-12-21,2025-01-21,2025-01-21,Funded,Funded,35.1,748,0.332,6.386,true,0,Jamal Wright,Cumulus GA Branch 1,Southeast,2024-12-01
LN-AP-002087,Layla Taylor,30-Year Fixed Mortgage,362908.0,Digital,E-0227,BR-016,2025-11-26,2025-12-21,2025-12-21,Funded,Funded,28.7,701,0.173,7.653,true,0,Zara Young,Cumulus OH Branch 2,Midwest,2025-11-01
LN-AP-002088,Olivia Garcia,15-Year Fixed Mortgage,853106.25,Broker,E-0227,BR-016,2025-11-24,2025-12-23,2025-12-23,Funded,Funded,32.2,650,0.197,5.434,true,0,Zara Young,Cumulus OH Branch 2,Midwest,2025-11-01
LN-AP-002089,Lauren Brown,30-Year Fixed Mortgage,525358.29,Loan Officer,E-0226,BR-010,2026-07-17,,,In Progress,Document Collection,,733,0.469,8.726,false,3,Andre Evans,Cumulus GA Branch 2,Southeast,2026-07-01
LN-AP-002090,Zara Wilson,15-Year Fixed Mortgage,207915.32,Branch,E-0213,BR-023,2026-06-14,,,Withdrawn,Conditional Approval,,659,0.169,5.107,false,0,Jamal Lewis,Cumulus AZ Branch 1,Mountain West,2026-06-01
LN-AP-002091,Diego Morris,Auto Loan,25859.88,Digital,E-0223,BR-001,2024-11-23,2024-12-27,2024-12-27,Funded,Funded,37.6,600,0.498,6.646,true,0,Noah Adams,Cumulus NY Branch 1,Northeast,2024-11-01
LN-AP-002092,Hannah Anderson,HELOC,69835.15,Branch,E-0212,BR-004,2024-12-25,2025-02-13,2025-02-13,Funded,Funded,54.1,802,0.259,7.168,true,0,Isabella Phillips,Cumulus MA Branch 2,Northeast,2024-12-01
LN-AP-002093,Maya Lopez,Refinance,375925.41,Branch,E-0235,BR-008,2025-12-31,2026-01-30,2026-01-30,Funded,Funded,33.1,743,0.201,5.229,true,0,Ava Harris,Cumulus FL Branch 2,Southeast,2025-12-01
LN-AP-002094,Priya Adams,HELOC,90413.13,Digital,E-0217,BR-015,2025-05-20,,,Withdrawn,Underwriting,,788,0.179,7.822,false,0,Amara Green,Cumulus OH Branch 1,Midwest,2025-05-01
LN-AP-002095,Wei Green,30-Year Fixed Mortgage,290655.91,Loan Officer,E-0215,BR-011,2026-08-02,2026-08-22,2026-08-22,Funded,Funded,24.1,730,0.349,6.724,true,0,Henry Patel,Cumulus NC Branch 1,Southeast,2026-08-01
LN-AP-002096,Luis Ashford,30-Year Fixed Mortgage,311646.6,Broker,E-0235,BR-008,2025-03-18,2025-05-07,2025-05-07,Funded,Funded,53.0,577,0.355,5.152,true,0,Ava Harris,Cumulus FL Branch 2,Southeast,2025-03-01
LN-AP-002097,Naomi Turner,Refinance,351929.82,Loan Officer,E-0227,BR-016,2024-11-01,2024-11-23,2024-11-23,Funded,Funded,25.5,665,0.205,6.761,true,0,Zara Young,Cumulus OH Branch 2,Midwest,2024-11-01
LN-AP-002098,Luis Ashford,HELOC,139253.91,Loan Officer,E-0214,BR-027,2025-01-11,2025-03-19,2025-03-19,Funded,Funded,69.3,697,0.182,5.378,true,0,Amara Clark,Cumulus WA Branch 1,Pacific,2025-01-01
LN-AP-002099,Kenji Johnson,15-Year Fixed Mortgage,528393.75,Branch,E-0217,BR-015,2025-05-14,,,Withdrawn,Application Submitted,,587,0.262,5.952,false,0,Amara Green,Cumulus OH Branch 1,Midwest,2025-05-01
LN-AP-002100,Jamal Vaughn,HELOC,48354.85,Digital,E-0211,BR-012,2026-02-03,2026-03-07,2026-03-07,Funded,Funded,35.3,630,0.232,8.829,true,0,Priya Young,Cumulus NC Branch 2,Southeast,2026-02-01
LN-AP-002101,Tom Anderson,Personal Loan,14124.78,Loan Officer,E-0224,BR-027,2025-05-15,2025-07-04,2025-07-04,Funded,Funded,54.0,704,0.36,5.666,true,0,Priya Davis,Cumulus WA Branch 1,Pacific,2025-05-01
LN-AP-002102,Ethan Young,30-Year Fixed Mortgage,331260.7,Digital,E-0223,BR-001,2025-02-10,2025-03-14,2025-03-14,Funded,Funded,35.7,773,0.168,7.682,true,0,Noah Adams,Cumulus NY Branch 1,Northeast,2025-02-01
LN-AP-002103,Amara Nguyen,Auto Loan,72997.15,Loan Officer,E-0216,BR-013,2024-11-15,2024-12-29,2024-12-29,Funded,Funded,47.8,826,0.323,5.759,true,0,Daniel Morris,Cumulus IL Branch 1,Midwest,2024-11-01
LN-AP-002104,Maya Ruiz,30-Year Fixed Mortgage,503355.81,Digital,E-0226,BR-010,2024-11-06,2024-12-21,,Denied,Appraisal,,767,0.421,5.572,false,0,Andre Evans,Cumulus GA Branch 2,Southeast,2024-11-01
LN-AP-002105,Rosa Martinez,Auto Loan,42565.96,Digital,E-0215,BR-011,2025-10-27,2025-11-23,2025-11-23,Funded,Funded,31.4,798,0.484,8.532,true,0,Henry Patel,Cumulus NC Branch 1,Southeast,2025-10-01
LN-AP-002106,Grace Mitchell,30-Year Fixed Mortgage,294969.47,Loan Officer,E-0232,BR-018,2026-01-23,2026-02-21,2026-02-21,Funded,Funded,32.7,809,0.171,5.512,true,0,Tom Hall,Cumulus MN Branch 2,Midwest,2026-01-01
LN-AP-002107,Daniel Miller,30-Year Fixed Mortgage,1195165.38,Broker,E-0220,BR-005,2025-05-10,2025-06-23,,Denied,Underwriting,,602,0.273,5.998,false,0,Luis Adams,Cumulus CT Branch 1,Northeast,2025-05-01
LN-AP-002108,Diego Baker,HELOC,42844.0,Digital,E-0223,BR-001,2026-05-31,2026-06-18,2026-06-18,Funded,Funded,23.0,803,0.458,6.001,true,0,Noah Adams,Cumulus NY Branch 1,Northeast,2026-05-01
LN-AP-002109,Diego Scott,Refinance,921378.59,Digital,E-0228,BR-013,2024-11-16,2024-12-09,2024-12-09,Funded,Funded,27.7,645,0.311,6.471,true,0,Kenji Silva,Cumulus IL Branch 1,Midwest,2024-11-01
LN-AP-002110,Isabella Moore,Refinance,178985.33,Loan Officer,E-0220,BR-005,2025-09-12,2025-10-28,2025-10-28,Funded,Funded,49.3,574,0.509,7.14,true,0,Luis Adams,Cumulus CT Branch 1,Northeast,2025-09-01
LN-AP-002111,Elena Roberts,30-Year Fixed Mortgage,589244.63,Loan Officer,E-0214,BR-027,2025-06-25,2025-08-14,2025-08-14,Funded,Funded,53.9,653,0.442,7.469,true,0,Amara Clark,Cumulus WA Branch 1,Pacific,2025-06-01
LN-AP-002112,Ava Phillips,30-Year Fixed Mortgage,633564.73,Digital,E-0225,BR-021,2026-06-09,2026-07-14,2026-07-14,Funded,Funded,38.5,780,0.203,8.636,true,0,Henry Okafor,Cumulus UT Branch 1,Mountain West,2026-06-01
LN-AP-002113,Zara Mitchell,Personal Loan,18060.28,Broker,E-0226,BR-010,2024-12-19,2025-01-08,2025-01-08,Funded,Funded,22.2,650,0.25,5.125,true,0,Andre Evans,Cumulus GA Branch 2,Southeast,2024-12-01
LN-AP-002114,Ethan Hall,Auto Loan,30099.15,Loan Officer,E-0217,BR-015,2026-05-14,2026-06-16,2026-06-16,Funded,Funded,36.7,602,0.188,7.648,true,0,Amara Green,Cumulus OH Branch 1,Midwest,2026-05-01
LN-AP-002115,Hannah Thomas,Personal Loan,11744.14,Digital,E-0235,BR-008,2026-03-10,2026-04-09,2026-04-09,Funded,Funded,33.0,579,0.489,6.338,true,0,Ava Harris,Cumulus FL Branch 2,Southeast,2026-03-01
LN-AP-002116,Julian Baker,Personal Loan,37271.64,Digital,E-0216,BR-013,2026-08-11,,,In Progress,Funded,,777,0.261,5.476,false,3,Daniel Morris,Cumulus IL Branch 1,Midwest,2026-08-01
LN-AP-002117,Kenji Lewis,Refinance,282865.97,Digital,E-0212,BR-004,2026-04-17,2026-05-19,2026-05-19,Funded,Funded,34.5,581,0.242,7.017,true,0,Isabella Phillips,Cumulus MA Branch 2,Northeast,2026-04-01
LN-AP-002118,Ravi Allen,Auto Loan,51097.52,Branch,E-0231,BR-010,2025-11-10,2025-12-20,2025-12-20,Funded,Funded,43.0,624,0.152,7.916,true,0,Maya Edwards,Cumulus GA Branch 2,Southeast,2025-11-01
LN-AP-002119,Olivia Johnson,Personal Loan,10391.5,Loan Officer,E-0232,BR-018,2025-04-01,2025-04-01,,Denied,Application Submitted,,723,0.287,7.951,false,0,Tom Hall,Cumulus MN Branch 2,Midwest,2025-04-01
LN-AP-002120,Andre Anderson,Auto Loan,24748.76,Branch,E-0234,BR-028,2024-10-22,2024-11-28,2024-11-28,Funded,Funded,40.0,597,0.125,6.25,true,0,Henry Taylor,Cumulus WA Branch 2,Pacific,2024-10-01
LN-AP-002121,Layla Campbell,HELOC,78407.43,Branch,E-0218,BR-012,2025-06-30,2025-07-31,2025-07-31,Funded,Funded,35.2,794,0.513,8.379,true,0,Carlos Scott,Cumulus NC Branch 2,Southeast,2025-06-01
LN-AP-002122,Zara Morris,15-Year Fixed Mortgage,313582.67,Loan Officer,E-0222,BR-026,2025-05-20,,,Withdrawn,Underwriting,,643,0.24,6.185,false,0,Rosa Carter,Cumulus CA Branch 2,Pacific,2025-05-01
LN-AP-002123,Olivia Silva,Auto Loan,19341.52,Branch,E-0215,BR-011,2025-06-15,,,Withdrawn,Conditional Approval,,617,0.263,8.284,false,0,Henry Patel,Cumulus NC Branch 1,Southeast,2025-06-01
LN-AP-002124,Grace Anderson,30-Year Fixed Mortgage,508231.21,Digital,E-0206,BR-020,2025-07-27,2025-08-11,,Denied,Document Collection,,604,0.231,7.926,false,0,Ben Taylor,Cumulus CO Branch 2,Mountain West,2025-07-01
LN-AP-002125,Fatima Baker,HELOC,79377.12,Branch,E-0231,BR-010,2024-10-06,2024-10-30,2024-10-30,Funded,Funded,27.3,652,0.21,6.676,true,0,Maya Edwards,Cumulus GA Branch 2,Southeast,2024-10-01
LN-AP-002126,Fatima Morris,30-Year Fixed Mortgage,419117.19,Loan Officer,E-0234,BR-028,2025-02-26,2025-04-12,2025-04-12,Funded,Funded,48.1,636,0.247,7.184,true,0,Henry Taylor,Cumulus WA Branch 2,Pacific,2025-02-01
LN-AP-002127,Ines Johnson,Auto Loan,26742.35,Branch,E-0234,BR-028,2026-05-28,2026-06-27,2026-06-27,Funded,Funded,33.6,782,0.155,5.537,true,0,Henry Taylor,Cumulus WA Branch 2,Pacific,2026-05-01
LN-AP-002128,Maya Jackson,Refinance,497965.47,Digital,E-0216,BR-013,2025-01-24,,,In Progress,Appraisal,,774,0.449,5.782,false,6,Daniel Morris,Cumulus IL Branch 1,Midwest,2025-01-01
LN-AP-002129,Rosa Ruiz,30-Year Fixed Mortgage,470999.08,Loan Officer,E-0214,BR-027,2026-05-19,,,In Progress,Application Submitted,,587,0.356,8.853,false,4,Amara Clark,Cumulus WA Branch 1,Pacific,2026-05-01
LN-AP-002130,Amara Brown,Auto Loan,21273.12,Loan Officer,E-0231,BR-010,2026-06-21,2026-08-03,2026-08-03,Funded,Funded,46.0,610,0.479,5.787,true,0,Maya Edwards,Cumulus GA Branch 2,Southeast,2026-06-01
LN-AP-002131,Kenji Ashford,30-Year Fixed Mortgage,131961.68,Digital,E-0231,BR-010,2025-07-30,,,In Progress,Conditional Approval,,804,0.298,7.01,false,0,Maya Edwards,Cumulus GA Branch 2,Southeast,2025-07-01
LN-AP-002132,Ethan Walker,HELOC,64430.81,Branch,E-0214,BR-027,2024-10-30,,,In Progress,Conditional Approval,,637,0.437,5.43,false,1,Amara Clark,Cumulus WA Branch 1,Pacific,2024-10-01
LN-AP-002133,Olivia Lewis,30-Year Fixed Mortgage,934811.34,Branch,E-0227,BR-016,2026-04-14,2026-06-06,2026-06-06,Funded,Funded,55.5,704,0.3,5.357,true,0,Zara Young,Cumulus OH Branch 2,Midwest,2026-04-01
LN-AP-002134,Elena Collins,Auto Loan,92306.33,Digital,E-0231,BR-010,2026-04-16,,,Abandoned,Document Collection,,620,0.494,5.821,false,0,Maya Edwards,Cumulus GA Branch 2,Southeast,2026-04-01
LN-AP-002135,Isabella Johnson,Auto Loan,45758.29,Digital,E-0220,BR-005,2025-04-26,2025-05-19,2025-05-19,Funded,Funded,27.1,706,0.333,8.674,true,0,Luis Adams,Cumulus CT Branch 1,Northeast,2025-04-01
LN-AP-002136,Fatima White,HELOC,224411.41,Broker,E-0223,BR-001,2025-02-25,,,Withdrawn,Application Submitted,,601,0.236,5.716,false,0,Noah Adams,Cumulus NY Branch 1,Northeast,2025-02-01
LN-AP-002137,Naomi Wilson,30-Year Fixed Mortgage,425250.56,Branch,E-0215,BR-011,2024-11-21,2024-12-18,2024-12-18,Funded,Funded,31.2,822,0.369,8.196,true,0,Henry Patel,Cumulus NC Branch 1,Southeast,2024-11-01
LN-AP-002138,Sara Taylor,30-Year Fixed Mortgage,768139.07,Digital,E-0228,BR-013,2026-04-19,2026-05-13,2026-05-13,Funded,Funded,26.6,789,0.39,5.841,true,0,Kenji Silva,Cumulus IL Branch 1,Midwest,2026-04-01
LN-AP-002139,Fatima Parker,30-Year Fixed Mortgage,544075.44,Digital,E-0209,BR-006,2025-02-16,2025-02-16,,Denied,Application Submitted,,713,0.258,8.776,false,0,Yuki Stewart,Cumulus CT Branch 2,Northeast,2025-02-01
LN-AP-002140,Layla Young,15-Year Fixed Mortgage,1167952.03,Digital,E-0234,BR-028,2025-12-22,2026-01-25,2026-01-25,Funded,Funded,37.1,750,0.441,6.697,true,0,Henry Taylor,Cumulus WA Branch 2,Pacific,2025-12-01
LN-AP-002141,Chloe Lopez,30-Year Fixed Mortgage,555114.57,Digital,E-0230,BR-009,2024-12-31,2025-02-02,2025-02-02,Funded,Funded,35.7,618,0.166,7.453,true,0,Jamal Wright,Cumulus GA Branch 1,Southeast,2024-12-01
LN-AP-002142,Layla Green,Auto Loan,35195.27,Digital,E-0214,BR-027,2025-05-10,2025-06-17,2025-06-17,Funded,Funded,41.4,650,0.166,8.521,true,0,Amara Clark,Cumulus WA Branch 1,Pacific,2025-05-01
LN-AP-002143,Samuel Morris,Personal Loan,24600.23,Digital,E-0226,BR-010,2026-02-12,2026-03-07,2026-03-07,Funded,Funded,26.9,636,0.132,7.416,true,0,Andre Evans,Cumulus GA Branch 2,Southeast,2026-02-01
LN-AP-002144,Samuel Parker,HELOC,76805.07,Branch,E-0228,BR-013,2025-11-13,2025-12-15,2025-12-15,Funded,Funded,35.9,642,0.125,5.981,true,0,Kenji Silva,Cumulus IL Branch 1,Midwest,2025-11-01
LN-AP-002145,Maya Ashford,15-Year Fixed Mortgage,266326.35,Broker,E-0206,BR-020,2026-02-21,2026-03-28,2026-03-28,Funded,Funded,38.4,671,0.409,7.435,true,0,Ben Taylor,Cumulus CO Branch 2,Mountain West,2026-02-01
LN-AP-002146,Layla Phillips,Refinance,319445.3,Branch,E-0221,BR-016,2025-12-21,2026-01-11,2026-01-11,Funded,Funded,25.1,796,0.264,8.535,true,0,Fatima Parker,Cumulus OH Branch 2,Midwest,2025-12-01
LN-AP-002147,Layla Baker,30-Year Fixed Mortgage,323330.99,Branch,E-0229,BR-025,2024-12-27,,,In Progress,Appraisal,,584,0.444,5.833,false,3,Marcus Wilson,Cumulus CA Branch 1,Pacific,2024-12-01
LN-AP-002148,Ben Evans,30-Year Fixed Mortgage,391864.95,Digital,E-0232,BR-018,2026-07-20,,,In Progress,Funded,,692,0.204,5.274,false,3,Tom Hall,Cumulus MN Branch 2,Midwest,2026-07-01
LN-AP-002149,Chloe Ruiz,30-Year Fixed Mortgage,363731.36,Loan Officer,E-0214,BR-027,2025-05-23,,,In Progress,Underwriting,,722,0.448,6.275,false,5,Amara Clark,Cumulus WA Branch 1,Pacific,2025-05-01
LN-AP-002150,Samuel Okafor,15-Year Fixed Mortgage,356273.58,Digital,E-0227,BR-016,2025-05-19,,,In Progress,Appraisal,,645,0.325,7.248,false,3,Zara Young,Cumulus OH Branch 2,Midwest,2025-05-01
LN-AP-002151,Carlos Morris,Auto Loan,36198.28,Digital,E-0215,BR-011,2025-07-17,2025-08-12,2025-08-12,Funded,Funded,29.0,652,0.233,8.688,true,0,Henry Patel,Cumulus NC Branch 1,Southeast,2025-07-01
LN-AP-002152,Samuel Vaughn,30-Year Fixed Mortgage,1196030.31,Branch,E-0212,BR-004,2026-02-17,2026-04-20,2026-04-20,Funded,Funded,65.6,666,0.266,7.159,true,0,Isabella Phillips,Cumulus MA Branch 2,Northeast,2026-02-01
LN-AP-002153,Daniel Ashford,15-Year Fixed Mortgage,209318.92,Digital,E-0218,BR-012,2025-02-07,,,In Progress,Document Collection,,689,0.44,5.814,false,6,Carlos Scott,Cumulus NC Branch 2,Southeast,2025-02-01
LN-AP-002154,Henry Stewart,Auto Loan,20234.27,Loan Officer,E-0231,BR-010,2025-04-25,,,Withdrawn,Document Collection,,690,0.437,8.288,false,0,Maya Edwards,Cumulus GA Branch 2,Southeast,2025-04-01
LN-AP-002155,Daniel Bailey,30-Year Fixed Mortgage,310944.99,Loan Officer,E-0212,BR-004,2026-05-10,2026-06-12,2026-06-12,Funded,Funded,36.3,729,0.358,6.42,true,0,Isabella Phillips,Cumulus MA Branch 2,Northeast,2026-05-01
LN-AP-002156,Noah Vaughn,30-Year Fixed Mortgage,214924.27,Branch,E-0215,BR-011,2024-12-18,,,In Progress,Underwriting,,726,0.333,5.941,false,5,Henry Patel,Cumulus NC Branch 1,Southeast,2024-12-01
LN-AP-002157,Ben Parker,Refinance,347975.15,Loan Officer,E-0221,BR-016,2024-11-18,2024-12-04,2024-12-04,Funded,Funded,20.0,696,0.408,5.286,true,0,Fatima Parker,Cumulus OH Branch 2,Midwest,2024-11-01
LN-AP-002158,Mei Edwards,30-Year Fixed Mortgage,142970.18,Digital,E-0217,BR-015,2026-03-13,,,In Progress,Appraisal,,808,0.441,7.636,false,0,Amara Green,Cumulus OH Branch 1,Midwest,2026-03-01
LN-AP-002159,Naomi Bailey,Personal Loan,14999.93,Digital,E-0217,BR-015,2026-07-06,2026-07-27,2026-07-27,Funded,Funded,24.4,659,0.347,8.095,true,0,Amara Green,Cumulus OH Branch 1,Midwest,2026-07-01
LN-AP-002160,Priya Ruiz,30-Year Fixed Mortgage,169345.01,Branch,E-0224,BR-027,2025-09-21,,,In Progress,Underwriting,,794,0.126,6.931,false,6,Priya Davis,Cumulus WA Branch 1,Pacific,2025-09-01
LN-AP-002161,Kenji King,Personal Loan,25135.36,Branch,E-0235,BR-008,2025-07-13,2025-09-06,2025-09-06,Funded,Funded,58.2,654,0.37,8.038,true,0,Ava Harris,Cumulus FL Branch 2,Southeast,2025-07-01
LN-AP-002162,Owen Wilson,Refinance,450014.93,Digital,E-0215,BR-011,2024-11-07,2024-11-30,2024-11-30,Funded,Funded,25.8,567,0.198,5.815,true,0,Henry Patel,Cumulus NC Branch 1,Southeast,2024-11-01
LN-AP-002163,Felix White,Auto Loan,16481.77,Loan Officer,E-0207,BR-022,2024-12-22,,,Withdrawn,Appraisal,,562,0.391,6.898,false,0,Priya Davis,Cumulus UT Branch 2,Mountain West,2024-12-01
LN-AP-002164,Ava Jackson,Personal Loan,20971.59,Branch,E-0223,BR-001,2025-06-13,2025-07-11,2025-07-11,Funded,Funded,31.8,702,0.336,5.487,true,0,Noah Adams,Cumulus NY Branch 1,Northeast,2025-06-01
LN-AP-002165,Chloe Lopez,15-Year Fixed Mortgage,382197.83,Loan Officer,E-0235,BR-008,2025-07-03,,,Withdrawn,Conditional Approval,,806,0.227,8.484,false,0,Ava Harris,Cumulus FL Branch 2,Southeast,2025-07-01
LN-AP-002166,Isabella Thomas,30-Year Fixed Mortgage,900447.79,Broker,E-0208,BR-027,2026-06-12,2026-07-15,2026-07-15,Funded,Funded,36.2,659,0.308,8.144,true,0,Yuki Campbell,Cumulus WA Branch 1,Pacific,2026-06-01
LN-AP-002167,Henry Edwards,30-Year Fixed Mortgage,225963.18,Digital,E-0207,BR-022,2024-11-02,2024-11-27,2024-11-27,Funded,Funded,28.1,830,0.503,7.792,true,0,Priya Davis,Cumulus UT Branch 2,Mountain West,2024-11-01
LN-AP-002168,Ben Nguyen,15-Year Fixed Mortgage,687881.08,Digital,E-0209,BR-006,2024-11-03,2024-11-18,2024-11-18,Funded,Funded,18.5,623,0.207,8.68,true,0,Yuki Stewart,Cumulus CT Branch 2,Northeast,2024-11-01
LN-AP-002169,Julian Nguyen,HELOC,218786.5,Loan Officer,E-0213,BR-023,2025-04-03,,,In Progress,Conditional Approval,,765,0.258,6.783,false,3,Jamal Lewis,Cumulus AZ Branch 1,Mountain West,2025-04-01
LN-AP-002170,Leo Martinez,30-Year Fixed Mortgage,519201.52,Digital,E-0221,BR-016,2026-02-19,2026-03-13,2026-03-13,Funded,Funded,24.9,729,0.381,8.585,true,0,Fatima Parker,Cumulus OH Branch 2,Midwest,2026-02-01
LN-AP-002171,Diego Nguyen,Auto Loan,44239.69,Digital,E-0231,BR-010,2026-02-06,2026-03-22,2026-03-22,Funded,Funded,46.6,725,0.121,5.344,true,0,Maya Edwards,Cumulus GA Branch 2,Southeast,2026-02-01
LN-AP-002172,Ines Mitchell,Refinance,367274.78,Loan Officer,E-0234,BR-028,2025-12-31,2026-03-18,2026-03-18,Funded,Funded,80.9,794,0.191,5.602,true,0,Henry Taylor,Cumulus WA Branch 2,Pacific,2025-12-01
LN-AP-002173,Daniel Edwards,30-Year Fixed Mortgage,437661.12,Loan Officer,E-0229,BR-025,2024-12-10,2025-01-16,2025-01-16,Funded,Funded,40.7,594,0.417,5.397,true,0,Marcus Wilson,Cumulus CA Branch 1,Pacific,2024-12-01
LN-AP-002174,Layla Turner,Auto Loan,16178.49,Loan Officer,E-0219,BR-025,2026-04-11,2026-05-20,2026-05-20,Funded,Funded,43.3,582,0.477,7.592,true,0,Rosa Hall,Cumulus CA Branch 1,Pacific,2026-04-01
LN-AP-002175,Ava Allen,30-Year Fixed Mortgage,424282.4,Loan Officer,E-0226,BR-010,2025-03-01,2025-04-10,2025-04-10,Funded,Funded,42.2,814,0.428,5.725,true,0,Andre Evans,Cumulus GA Branch 2,Southeast,2025-03-01
LN-AP-002176,Samuel Stewart,HELOC,53926.12,Digital,E-0235,BR-008,2025-01-06,2025-02-06,2025-02-06,Funded,Funded,34.3,729,0.379,8.099,true,0,Ava Harris,Cumulus FL Branch 2,Southeast,2025-01-01
LN-AP-002177,Lauren Kim,Refinance,274904.07,Digital,E-0218,BR-012,2024-10-22,2024-11-16,2024-11-16,Funded,Funded,27.8,745,0.3,6.156,true,0,Carlos Scott,Cumulus NC Branch 2,Southeast,2024-10-01
LN-AP-002178,Maya Wright,Refinance,257733.95,Branch,E-0213,BR-023,2025-02-26,2025-04-03,2025-04-03,Funded,Funded,38.7,589,0.409,6.986,true,0,Jamal Lewis,Cumulus AZ Branch 1,Mountain West,2025-02-01
LN-AP-002179,Ben Garcia,30-Year Fixed Mortgage,488409.68,Digital,E-0210,BR-019,2026-07-11,,,In Progress,Conditional Approval,,800,0.144,6.921,false,3,Luis Garcia,Cumulus CO Branch 1,Mountain West,2026-07-01
LN-AP-002180,Diego Lewis,Auto Loan,42924.22,Digital,E-0227,BR-016,2026-07-21,2026-08-23,2026-08-23,Funded,Funded,36.6,639,0.124,5.458,true,0,Zara Young,Cumulus OH Branch 2,Midwest,2026-07-01
LN-AP-002181,Zara Garcia,30-Year Fixed Mortgage,823473.69,Digital,E-0228,BR-013,2025-09-24,,,Abandoned,Appraisal,,609,0.367,6.939,false,0,Kenji Silva,Cumulus IL Branch 1,Midwest,2025-09-01
LN-AP-002182,Hannah Evans,30-Year Fixed Mortgage,357002.47,Branch,E-0228,BR-013,2025-09-20,2025-10-21,2025-10-21,Funded,Funded,34.5,784,0.207,5.433,true,0,Kenji Silva,Cumulus IL Branch 1,Midwest,2025-09-01
LN-AP-002183,Emma Allen,Auto Loan,69652.6,Branch,E-0233,BR-025,2025-11-11,2025-12-25,2025-12-25,Funded,Funded,47.0,744,0.363,6.211,true,0,Jamal Adams,Cumulus CA Branch 1,Pacific,2025-11-01
LN-AP-002184,Ava Kim,HELOC,176326.19,Branch,E-0233,BR-025,2025-11-01,2025-11-19,,Denied,Underwriting,,565,0.461,8.839,false,0,Jamal Adams,Cumulus CA Branch 1,Pacific,2025-11-01
LN-AP-002185,Marcus Hall,Personal Loan,15298.98,Digital,E-0225,BR-021,2025-04-22,,,Abandoned,Conditional Approval,,730,0.228,7.579,false,0,Henry Okafor,Cumulus UT Branch 1,Mountain West,2025-04-01
LN-AP-002186,Priya Taylor,30-Year Fixed Mortgage,201440.35,Digital,E-0225,BR-021,2025-06-25,2025-07-31,,Denied,Conditional Approval,,625,0.237,6.548,false,0,Henry Okafor,Cumulus UT Branch 1,Mountain West,2025-06-01
LN-AP-002187,Emma Ashford,Refinance,458399.51,Branch,E-0218,BR-012,2025-05-26,2025-06-18,2025-06-18,Funded,Funded,27.4,716,0.329,7.805,true,0,Carlos Scott,Cumulus NC Branch 2,Southeast,2025-05-01
LN-AP-002188,Ben Garcia,15-Year Fixed Mortgage,433891.77,Digital,E-0212,BR-004,2025-12-13,2026-01-22,2026-01-22,Funded,Funded,42.6,599,0.434,6.596,true,0,Isabella Phillips,Cumulus MA Branch 2,Northeast,2025-12-01
LN-AP-002189,Layla Mitchell,Personal Loan,18771.7,Loan Officer,E-0228,BR-013,2025-12-24,2026-02-03,2026-02-03,Funded,Funded,44.2,758,0.344,6.288,true,0,Kenji Silva,Cumulus IL Branch 1,Midwest,2025-12-01
LN-AP-002190,Layla Kim,30-Year Fixed Mortgage,334769.87,Broker,E-0216,BR-013,2025-02-16,,,Withdrawn,Conditional Approval,,808,0.268,8.077,false,0,Daniel Morris,Cumulus IL Branch 1,Midwest,2025-02-01
LN-AP-002191,Nina Martinez,30-Year Fixed Mortgage,252823.58,Loan Officer,E-0206,BR-020,2025-03-30,2025-05-03,2025-05-03,Funded,Funded,37.2,697,0.182,7.249,true,0,Ben Taylor,Cumulus CO Branch 2,Mountain West,2025-03-01
LN-AP-002192,Yuki Chen,HELOC,61267.77,Digital,E-0216,BR-013,2026-06-15,2026-07-06,2026-07-06,Funded,Funded,23.5,646,0.282,8.303,true,0,Daniel Morris,Cumulus IL Branch 1,Midwest,2026-06-01
LN-AP-002193,Victor Vaughn,15-Year Fixed Mortgage,254053.57,Digital,E-0234,BR-028,2026-04-05,2026-04-23,2026-04-23,Funded,Funded,22.2,762,0.132,8.837,true,0,Henry Taylor,Cumulus WA Branch 2,Pacific,2026-04-01
LN-AP-002194,Amara Scott,30-Year Fixed Mortgage,690764.27,Digital,E-0222,BR-026,2025-11-04,2025-12-03,2025-12-03,Funded,Funded,31.1,620,0.205,5.748,true,0,Rosa Carter,Cumulus CA Branch 2,Pacific,2025-11-01
LN-AP-002195,Elena Ruiz,HELOC,96738.51,Loan Officer,E-0214,BR-027,2026-08-09,,,In Progress,Appraisal,,752,0.28,6.202,false,1,Amara Clark,Cumulus WA Branch 1,Pacific,2026-08-01
LN-AP-002196,Naomi Edwards,15-Year Fixed Mortgage,281170.11,Branch,E-0232,BR-018,2026-07-23,2026-08-14,2026-08-14,Funded,Funded,25.2,591,0.276,6.127,true,0,Tom Hall,Cumulus MN Branch 2,Midwest,2026-07-01
LN-AP-002197,Derek Harris,Auto Loan,93615.75,Digital,E-0214,BR-027,2025-10-02,2025-10-26,2025-10-26,Funded,Funded,28.0,588,0.332,5.418,true,0,Amara Clark,Cumulus WA Branch 1,Pacific,2025-10-01
LN-AP-002198,Ava Jackson,Personal Loan,16301.53,Digital,E-0213,BR-023,2026-05-03,,,Abandoned,Application Submitted,,733,0.333,5.817,false,0,Jamal Lewis,Cumulus AZ Branch 1,Mountain West,2026-05-01
LN-AP-002199,Wei Parker,30-Year Fixed Mortgage,550117.19,Digital,E-0206,BR-020,2025-06-22,,,In Progress,Underwriting,,798,0.42,8.578,false,3,Ben Taylor,Cumulus CO Branch 2,Mountain West,2025-06-01
LN-AP-002200,Jonathan Mitchell,30-Year Fixed Mortgage,315661.48,Digital,E-0209,BR-006,2025-07-15,,,Withdrawn,Underwriting,,728,0.477,7.688,false,0,Yuki Stewart,Cumulus CT Branch 2,Northeast,2025-07-01
LN-AP-002201,Ava Wright,HELOC,136571.47,Digital,E-0207,BR-022,2025-10-05,2025-11-07,2025-11-07,Funded,Funded,37.0,630,0.185,5.868,true,0,Priya Davis,Cumulus UT Branch 2,Mountain West,2025-10-01
LN-AP-002202,Victor Parker,Auto Loan,38227.46,Branch,E-0210,BR-019,2024-11-06,2024-12-15,2024-12-15,Funded,Funded,41.1,728,0.421,8.477,true,0,Luis Garcia,Cumulus CO Branch 1,Mountain West,2024-11-01
LN-AP-002203,Jamal Martinez,30-Year Fixed Mortgage,289705.02,Loan Officer,E-0228,BR-013,2025-02-19,2025-03-08,2025-03-08,Funded,Funded,21.0,737,0.42,8.068,true,0,Kenji Silva,Cumulus IL Branch 1,Midwest,2025-02-01
LN-AP-002204,Tom Allen,30-Year Fixed Mortgage,844962.89,Branch,E-0214,BR-027,2025-04-08,2025-05-20,2025-05-20,Funded,Funded,44.6,698,0.197,8.132,true,0,Amara Clark,Cumulus WA Branch 1,Pacific,2025-04-01
LN-AP-002205,Carlos Collins,15-Year Fixed Mortgage,402855.65,Digital,E-0235,BR-008,2025-12-28,2026-01-19,2026-01-19,Funded,Funded,26.5,636,0.425,7.184,true,0,Ava Harris,Cumulus FL Branch 2,Southeast,2025-12-01
LN-AP-002206,Noah Green,Personal Loan,31954.29,Loan Officer,E-0220,BR-005,2024-10-28,2024-12-14,2024-12-14,Funded,Funded,48.7,586,0.43,6.608,true,0,Luis Adams,Cumulus CT Branch 1,Northeast,2024-10-01
LN-AP-002207,Tom Patel,30-Year Fixed Mortgage,236420.24,Digital,E-0212,BR-004,2026-08-12,,,In Progress,Funded,,701,0.228,5.245,false,5,Isabella Phillips,Cumulus MA Branch 2,Northeast,2026-08-01
LN-AP-002208,Amara Lopez,30-Year Fixed Mortgage,255571.68,Digital,E-0228,BR-013,2026-08-03,2026-08-27,2026-08-27,Funded,Funded,27.9,632,0.326,8.789,true,0,Kenji Silva,Cumulus IL Branch 1,Midwest,2026-08-01
LN-AP-002209,Zara Baker,30-Year Fixed Mortgage,227347.21,Digital,E-0227,BR-016,2026-04-01,,,Withdrawn,Underwriting,,635,0.217,7.919,false,0,Zara Young,Cumulus OH Branch 2,Midwest,2026-04-01
LN-AP-002210,Tom Kim,Personal Loan,13083.31,Digital,E-0231,BR-010,2025-07-29,2025-09-01,2025-09-01,Funded,Funded,37.5,635,0.469,7.9,true,0,Maya Edwards,Cumulus GA Branch 2,Southeast,2025-07-01
LN-AP-002211,Noah Collins,15-Year Fixed Mortgage,440812.56,Digital,E-0228,BR-013,2025-03-02,2025-03-31,2025-03-31,Funded,Funded,32.4,650,0.303,6.729,true,0,Kenji Silva,Cumulus IL Branch 1,Midwest,2025-03-01
LN-AP-002212,Henry Wilson,Personal Loan,12539.06,Digital,E-0227,BR-016,2025-08-01,2025-08-26,,Denied,Conditional Approval,,806,0.159,7.579,false,0,Zara Young,Cumulus OH Branch 2,Midwest,2025-08-01
LN-AP-002213,Olivia Allen,30-Year Fixed Mortgage,369292.46,Digital,E-0216,BR-013,2025-04-27,2025-05-24,2025-05-24,Funded,Funded,31.0,794,0.279,6.92,true,0,Daniel Morris,Cumulus IL Branch 1,Midwest,2025-04-01
LN-AP-002214,Jonathan King,Refinance,316375.89,Digital,E-0229,BR-025,2026-07-04,2026-08-19,2026-08-19,Funded,Funded,49.2,708,0.291,7.348,true,0,Marcus Wilson,Cumulus CA Branch 1,Pacific,2026-07-01
LN-AP-002215,Amara Wright,15-Year Fixed Mortgage,428047.46,Loan Officer,E-0229,BR-025,2026-04-13,2026-05-10,2026-05-10,Funded,Funded,31.2,751,0.508,7.474,true,0,Marcus Wilson,Cumulus CA Branch 1,Pacific,2026-04-01
LN-AP-002216,Emma King,Auto Loan,21590.19,Loan Officer,E-0209,BR-006,2026-06-14,2026-07-10,2026-07-10,Funded,Funded,29.9,631,0.321,8.842,true,0,Yuki Stewart,Cumulus CT Branch 2,Northeast,2026-06-01
LN-AP-002217,Noah Edwards,Auto Loan,13134.16,Broker,E-0221,BR-016,2025-11-29,2026-01-10,2026-01-10,Funded,Funded,44.9,723,0.269,8.219,true,0,Fatima Parker,Cumulus OH Branch 2,Midwest,2025-11-01
LN-AP-002218,Tom Johnson,30-Year Fixed Mortgage,211651.18,Loan Officer,E-0232,BR-018,2025-01-09,,,In Progress,Document Collection,,708,0.414,5.314,false,2,Tom Hall,Cumulus MN Branch 2,Midwest,2025-01-01
LN-AP-002219,Noah Clark,HELOC,101821.9,Broker,E-0221,BR-016,2025-07-09,2025-08-08,2025-08-08,Funded,Funded,34.3,637,0.427,7.552,true,0,Fatima Parker,Cumulus OH Branch 2,Midwest,2025-07-01
LN-AP-002220,Mei Nguyen,Refinance,774166.41,Broker,E-0225,BR-021,2025-06-21,2025-07-17,,Denied,Conditional Approval,,610,0.334,6.687,false,0,Henry Okafor,Cumulus UT Branch 1,Mountain West,2025-06-01
LN-AP-002221,Ravi Nelson,15-Year Fixed Mortgage,430994.26,Loan Officer,E-0219,BR-025,2025-11-08,,,In Progress,Appraisal,,756,0.153,8.842,false,3,Rosa Hall,Cumulus CA Branch 1,Pacific,2025-11-01
LN-AP-002222,Leo Kim,Auto Loan,22065.73,Digital,E-0214,BR-027,2025-08-05,2025-09-08,2025-09-08,Funded,Funded,38.4,571,0.226,8.71,true,0,Amara Clark,Cumulus WA Branch 1,Pacific,2025-08-01
LN-AP-002223,Marcus Harris,Auto Loan,16392.93,Digital,E-0225,BR-021,2025-09-19,2025-10-17,2025-10-17,Funded,Funded,31.2,579,0.459,6.965,true,0,Henry Okafor,Cumulus UT Branch 1,Mountain West,2025-09-01
LN-AP-002224,Emma Hall,Auto Loan,30057.37,Digital,E-0231,BR-010,2026-06-12,2026-07-10,2026-07-10,Funded,Funded,32.9,813,0.367,5.78,true,0,Maya Edwards,Cumulus GA Branch 2,Southeast,2026-06-01
LN-AP-002225,Nina Wilson,15-Year Fixed Mortgage,850696.47,Loan Officer,E-0211,BR-012,2025-12-30,2026-01-30,2026-01-30,Funded,Funded,35.2,677,0.5,7.266,true,0,Priya Young,Cumulus NC Branch 2,Southeast,2025-12-01
LN-AP-002226,Zara Taylor,Auto Loan,68061.75,Branch,E-0207,BR-022,2025-01-23,2025-03-11,2025-03-11,Funded,Funded,50.8,664,0.347,8.47,true,0,Priya Davis,Cumulus UT Branch 2,Mountain West,2025-01-01
LN-AP-002227,Henry Davis,30-Year Fixed Mortgage,743329.78,Digital,E-0215,BR-011,2025-08-17,,,Withdrawn,Document Collection,,710,0.203,6.011,false,0,Henry Patel,Cumulus NC Branch 1,Southeast,2025-08-01
LN-AP-002228,Aisha Jackson,HELOC,54976.97,Loan Officer,E-0230,BR-009,2026-05-27,2026-06-22,2026-06-22,Funded,Funded,28.7,731,0.294,7.793,true,0,Jamal Wright,Cumulus GA Branch 1,Southeast,2026-05-01
LN-AP-002229,Fatima Hall,Auto Loan,33356.1,Broker,E-0212,BR-004,2025-10-26,2025-12-01,2025-12-01,Funded,Funded,40.1,604,0.12,5.98,true,0,Isabella Phillips,Cumulus MA Branch 2,Northeast,2025-10-01
LN-AP-002230,Luis Nelson,15-Year Fixed Mortgage,159240.47,Loan Officer,E-0229,BR-025,2025-08-31,2025-10-03,2025-10-03,Funded,Funded,36.7,789,0.33,7.602,true,0,Marcus Wilson,Cumulus CA Branch 1,Pacific,2025-08-01
LN-AP-002231,Elena Hall,Auto Loan,18813.95,Loan Officer,E-0216,BR-013,2025-03-23,,,Withdrawn,Conditional Approval,,767,0.517,5.181,false,0,Daniel Morris,Cumulus IL Branch 1,Midwest,2025-03-01
LN-AP-002232,Ravi Garcia,Auto Loan,49425.91,Broker,E-0229,BR-025,2026-04-20,2026-06-07,2026-06-07,Funded,Funded,50.1,578,0.243,5.193,true,0,Marcus Wilson,Cumulus CA Branch 1,Pacific,2026-04-01
LN-AP-002233,Wei Green,HELOC,155329.14,Loan Officer,E-0212,BR-004,2026-08-30,,,In Progress,Funded,,589,0.321,8.01,false,3,Isabella Phillips,Cumulus MA Branch 2,Northeast,2026-08-01
LN-AP-002234,Henry Wilson,HELOC,54472.65,Loan Officer,E-0221,BR-016,2025-06-23,2025-07-28,2025-07-28,Funded,Funded,38.2,675,0.184,8.097,true,0,Fatima Parker,Cumulus OH Branch 2,Midwest,2025-06-01
LN-AP-002235,Aisha Roberts,15-Year Fixed Mortgage,120369.2,Branch,E-0206,BR-020,2025-07-04,2025-08-08,2025-08-08,Funded,Funded,38.4,799,0.412,5.94,true,0,Ben Taylor,Cumulus CO Branch 2,Mountain West,2025-07-01
LN-AP-002236,Iris Edwards,Personal Loan,17518.71,Loan Officer,E-0225,BR-021,2026-01-23,2026-02-23,2026-02-23,Funded,Funded,34.3,652,0.132,8.367,true,0,Henry Okafor,Cumulus UT Branch 1,Mountain West,2026-01-01
LN-AP-002237,Ravi Hall,15-Year Fixed Mortgage,276477.57,Digital,E-0221,BR-016,2026-07-26,2026-08-17,2026-08-17,Funded,Funded,25.1,658,0.397,8.265,true,0,Fatima Parker,Cumulus OH Branch 2,Midwest,2026-07-01
LN-AP-002238,Owen Carter,Refinance,430611.82,Loan Officer,E-0221,BR-016,2026-06-04,,,Withdrawn,Application Submitted,,684,0.147,6.958,false,0,Fatima Parker,Cumulus OH Branch 2,Midwest,2026-06-01
LN-AP-002239,Elena Scott,Auto Loan,32204.12,Digital,E-0233,BR-025,2024-11-15,2024-12-17,2024-12-17,Funded,Funded,34.6,729,0.288,7.06,true,0,Jamal Adams,Cumulus CA Branch 1,Pacific,2024-11-01
LN-AP-002240,Tom Bailey,15-Year Fixed Mortgage,488931.79,Digital,E-0233,BR-025,2025-09-27,,,In Progress,Application Submitted,,783,0.418,5.538,false,5,Jamal Adams,Cumulus CA Branch 1,Pacific,2025-09-01
LN-AP-002241,Aisha Nguyen,15-Year Fixed Mortgage,273780.05,Loan Officer,E-0218,BR-012,2026-07-19,,,In Progress,Funded,,719,0.243,5.492,false,5,Carlos Scott,Cumulus NC Branch 2,Southeast,2026-07-01
LN-AP-002242,Mateo Miller,HELOC,83682.18,Loan Officer,E-0210,BR-019,2025-05-02,,,Withdrawn,Application Submitted,,659,0.461,7.105,false,0,Luis Garcia,Cumulus CO Branch 1,Mountain West,2025-05-01
LN-AP-002243,Hannah Jackson,HELOC,55712.1,Branch,E-0233,BR-025,2025-11-12,2025-12-08,2025-12-08,Funded,Funded,30.8,743,0.274,6.12,true,0,Jamal Adams,Cumulus CA Branch 1,Pacific,2025-11-01
LN-AP-002244,Owen Baker,Refinance,302583.91,Branch,E-0211,BR-012,2026-07-27,2026-08-28,2026-08-28,Funded,Funded,34.7,688,0.301,5.915,true,0,Priya Young,Cumulus NC Branch 2,Southeast,2026-07-01
LN-AP-002245,Jamal Mitchell,30-Year Fixed Mortgage,258743.57,Branch,E-0229,BR-025,2026-04-25,2026-05-21,2026-05-21,Funded,Funded,28.6,624,0.305,6.885,true,0,Marcus Wilson,Cumulus CA Branch 1,Pacific,2026-04-01
LN-AP-002246,Hannah Martinez,HELOC,76973.03,Digital,E-0232,BR-018,2026-01-15,2026-02-03,2026-02-03,Funded,Funded,22.8,650,0.432,5.642,true,0,Tom Hall,Cumulus MN Branch 2,Midwest,2026-01-01
LN-AP-002247,Leo Brown,HELOC,199663.74,Branch,E-0223,BR-001,2025-10-09,2025-11-25,2025-11-25,Funded,Funded,50.8,696,0.469,5.229,true,0,Noah Adams,Cumulus NY Branch 1,Northeast,2025-10-01
LN-AP-002248,Owen Campbell,Personal Loan,11635.04,Digital,E-0207,BR-022,2025-07-15,2025-08-24,2025-08-24,Funded,Funded,43.1,719,0.194,5.962,true,0,Priya Davis,Cumulus UT Branch 2,Mountain West,2025-07-01
LN-AP-002249,Carlos Miller,HELOC,23750.74,Broker,E-0217,BR-015,2026-05-16,2026-07-07,2026-07-07,Funded,Funded,54.3,612,0.234,5.28,true,0,Amara Green,Cumulus OH Branch 1,Midwest,2026-05-01
LN-AP-002250,Carlos Harris,Auto Loan,23791.81,Broker,E-0207,BR-022,2025-11-12,,,Withdrawn,Conditional Approval,,763,0.131,5.18,false,0,Priya Davis,Cumulus UT Branch 2,Mountain West,2025-11-01
LN-AP-002251,Ben Okafor,30-Year Fixed Mortgage,479388.08,Digital,E-0224,BR-027,2025-12-18,2026-01-16,2026-01-16,Funded,Funded,32.1,601,0.467,6.175,true,0,Priya Davis,Cumulus WA Branch 1,Pacific,2025-12-01
LN-AP-002252,Aisha Young,30-Year Fixed Mortgage,597102.3,Branch,E-0212,BR-004,2025-09-22,2025-11-08,2025-11-08,Funded,Funded,48.5,745,0.416,7.601,true,0,Isabella Phillips,Cumulus MA Branch 2,Northeast,2025-09-01
LN-AP-002253,Samuel Roberts,30-Year Fixed Mortgage,688206.91,Broker,E-0211,BR-012,2025-01-15,2025-01-23,,Denied,Document Collection,,708,0.464,7.971,false,0,Priya Young,Cumulus NC Branch 2,Southeast,2025-01-01
LN-AP-002254,Luis Green,Auto Loan,14345.99,Branch,E-0209,BR-006,2025-01-17,,,Withdrawn,Appraisal,,765,0.205,5.927,false,0,Yuki Stewart,Cumulus CT Branch 2,Northeast,2025-01-01
LN-AP-002255,Wei Baker,15-Year Fixed Mortgage,350086.4,Digital,E-0216,BR-013,2026-01-18,2026-02-12,2026-02-12,Funded,Funded,29.1,722,0.387,5.852,true,0,Daniel Morris,Cumulus IL Branch 1,Midwest,2026-01-01
LN-AP-002256,Grace Garcia,Refinance,289004.64,Broker,E-0224,BR-027,2026-04-17,2026-05-31,2026-05-31,Funded,Funded,47.2,687,0.338,6.247,true,0,Priya Davis,Cumulus WA Branch 1,Pacific,2026-04-01
LN-AP-002257,Ava Adams,Auto Loan,36035.93,Loan Officer,E-0224,BR-027,2025-07-30,2025-09-09,2025-09-09,Funded,Funded,42.9,691,0.512,5.995,true,0,Priya Davis,Cumulus WA Branch 1,Pacific,2025-07-01
LN-AP-002258,Amara Miller,30-Year Fixed Mortgage,592881.7,Digital,E-0206,BR-020,2026-05-17,2026-06-18,,Denied,Appraisal,,763,0.481,5.257,false,0,Ben Taylor,Cumulus CO Branch 2,Mountain West,2026-05-01
LN-AP-002259,Henry Vaughn,30-Year Fixed Mortgage,302812.73,Loan Officer,E-0223,BR-001,2026-04-23,2026-05-31,2026-05-31,Funded,Funded,41.2,611,0.482,7.13,true,0,Noah Adams,Cumulus NY Branch 1,Northeast,2026-04-01
LN-AP-002260,Luis Okafor,15-Year Fixed Mortgage,192759.84,Branch,E-0214,BR-027,2026-03-02,2026-04-08,,Denied,Conditional Approval,,757,0.144,8.857,false,0,Amara Clark,Cumulus WA Branch 1,Pacific,2026-03-01
LN-AP-002261,Layla Collins,Auto Loan,26421.11,Loan Officer,E-0217,BR-015,2025-04-25,2025-05-23,2025-05-23,Funded,Funded,31.5,576,0.441,6.272,true,0,Amara Green,Cumulus OH Branch 1,Midwest,2025-04-01
LN-AP-002262,Lauren Roberts,HELOC,98939.75,Digital,E-0222,BR-026,2025-12-04,2025-12-21,2025-12-21,Funded,Funded,20.2,634,0.335,6.529,true,0,Rosa Carter,Cumulus CA Branch 2,Pacific,2025-12-01
LN-AP-002263,Yuki Jackson,30-Year Fixed Mortgage,310399.05,Loan Officer,E-0232,BR-018,2026-07-12,2026-08-06,2026-08-06,Funded,Funded,27.8,652,0.322,7.773,true,0,Tom Hall,Cumulus MN Branch 2,Midwest,2026-07-01
LN-AP-002264,Owen Bailey,Personal Loan,15761.31,Branch,E-0224,BR-027,2025-06-06,2025-08-31,2025-08-31,Funded,Funded,89.9,742,0.211,8.255,true,0,Priya Davis,Cumulus WA Branch 1,Pacific,2025-06-01
LN-AP-002265,Olivia Patel,30-Year Fixed Mortgage,470993.8,Digital,E-0234,BR-028,2025-02-15,,,Withdrawn,Underwriting,,708,0.435,8.407,false,0,Henry Taylor,Cumulus WA Branch 2,Pacific,2025-02-01
LN-AP-002266,Tom Jackson,Refinance,319478.4,Broker,E-0208,BR-027,2025-05-19,,,In Progress,Appraisal,,577,0.507,5.209,false,3,Yuki Campbell,Cumulus WA Branch 1,Pacific,2025-05-01
LN-AP-002267,Daniel Wilson,Refinance,546173.63,Digital,E-0225,BR-021,2025-06-29,,,In Progress,Document Collection,,701,0.249,7.193,false,2,Henry Okafor,Cumulus UT Branch 1,Mountain West,2025-06-01
LN-AP-002268,Grace Young,HELOC,63800.95,Digital,E-0229,BR-025,2026-03-19,2026-04-17,2026-04-17,Funded,Funded,31.7,612,0.202,5.905,true,0,Marcus Wilson,Cumulus CA Branch 1,Pacific,2026-03-01
LN-AP-002269,Hannah Okafor,HELOC,64682.43,Branch,E-0216,BR-013,2025-09-21,2025-10-30,2025-10-30,Funded,Funded,41.1,592,0.507,6.143,true,0,Daniel Morris,Cumulus IL Branch 1,Midwest,2025-09-01
LN-AP-002270,Naomi Clark,30-Year Fixed Mortgage,653028.33,Digital,E-0207,BR-022,2025-09-14,2025-10-27,2025-10-27,Funded,Funded,46.2,578,0.207,6.136,true,0,Priya Davis,Cumulus UT Branch 2,Mountain West,2025-09-01
LN-AP-002271,Mateo Walker,Personal Loan,15513.17,Digital,E-0229,BR-025,2024-12-27,2025-01-26,,Denied,Conditional Approval,,727,0.12,6.128,false,0,Marcus Wilson,Cumulus CA Branch 1,Pacific,2024-12-01
LN-AP-002272,Diego Nguyen,Auto Loan,22513.79,Branch,E-0213,BR-023,2025-09-07,2025-10-01,2025-10-01,Funded,Funded,28.8,780,0.369,5.509,true,0,Jamal Lewis,Cumulus AZ Branch 1,Mountain West,2025-09-01
LN-AP-002273,Luis Patel,Auto Loan,41352.69,Digital,E-0207,BR-022,2026-05-25,,,Withdrawn,Underwriting,,763,0.2,5.174,false,0,Priya Davis,Cumulus UT Branch 2,Mountain West,2026-05-01
LN-AP-002274,Elena Okafor,Refinance,298896.45,Branch,E-0217,BR-015,2025-11-08,2025-12-27,,Denied,Conditional Approval,,741,0.354,7.405,false,0,Amara Green,Cumulus OH Branch 1,Midwest,2025-11-01
LN-AP-002275,Felix Scott,Auto Loan,48426.06,Branch,E-0223,BR-001,2026-08-28,,,In Progress,Funded,,698,0.294,8.072,false,5,Noah Adams,Cumulus NY Branch 1,Northeast,2026-08-01
LN-AP-002276,Ava Scott,15-Year Fixed Mortgage,314323.42,Loan Officer,E-0225,BR-021,2026-04-07,2026-05-15,2026-05-15,Funded,Funded,41.9,766,0.516,7.74,true,0,Henry Okafor,Cumulus UT Branch 1,Mountain West,2026-04-01
LN-AP-002277,Zara Silva,Auto Loan,15042.65,Loan Officer,E-0213,BR-023,2026-05-19,2026-07-05,2026-07-05,Funded,Funded,51.8,750,0.453,6.385,true,0,Jamal Lewis,Cumulus AZ Branch 1,Mountain West,2026-05-01
LN-AP-002278,Rosa Kim,30-Year Fixed Mortgage,187297.3,Branch,E-0228,BR-013,2025-12-10,2026-02-10,2026-02-10,Funded,Funded,66.3,623,0.194,7.664,true,0,Kenji Silva,Cumulus IL Branch 1,Midwest,2025-12-01
LN-AP-002279,Aisha Morris,30-Year Fixed Mortgage,432398.23,Digital,E-0222,BR-026,2025-01-01,,,Abandoned,Conditional Approval,,592,0.4,6.63,false,0,Rosa Carter,Cumulus CA Branch 2,Pacific,2025-01-01
LN-AP-002280,Ethan Jackson,Personal Loan,8070.69,Digital,E-0212,BR-004,2026-07-24,,,In Progress,Application Submitted,,802,0.227,6.494,false,2,Isabella Phillips,Cumulus MA Branch 2,Northeast,2026-07-01
LN-AP-002281,Aisha Nelson,Refinance,275665.43,Branch,E-0208,BR-027,2026-03-17,,,In Progress,Conditional Approval,,656,0.391,7.437,false,5,Yuki Campbell,Cumulus WA Branch 1,Pacific,2026-03-01
LN-AP-002282,Iris Nguyen,Refinance,365287.26,Broker,E-0218,BR-012,2025-08-09,,,Withdrawn,Underwriting,,612,0.222,7.268,false,0,Carlos Scott,Cumulus NC Branch 2,Southeast,2025-08-01
LN-AP-002283,Noah Lopez,30-Year Fixed Mortgage,340102.28,Digital,E-0228,BR-013,2026-03-02,,,In Progress,Conditional Approval,,682,0.229,7.852,false,4,Kenji Silva,Cumulus IL Branch 1,Midwest,2026-03-01
LN-AP-002284,Samuel Hall,15-Year Fixed Mortgage,197665.73,Digital,E-0207,BR-022,2025-05-10,,,Abandoned,Application Submitted,,824,0.256,6.216,false,0,Priya Davis,Cumulus UT Branch 2,Mountain West,2025-05-01
LN-AP-002285,Iris Edwards,HELOC,80398.39,Digital,E-0232,BR-018,2024-12-14,2025-01-20,2025-01-20,Funded,Funded,40.6,713,0.228,5.78,true,0,Tom Hall,Cumulus MN Branch 2,Midwest,2024-12-01
LN-AP-002286,Ravi Wright,30-Year Fixed Mortgage,565849.0,Broker,E-0224,BR-027,2025-12-10,2026-01-17,2026-01-17,Funded,Funded,42.6,776,0.427,6.969,true,0,Priya Davis,Cumulus WA Branch 1,Pacific,2025-12-01
LN-AP-002287,Victor Morris,Refinance,524469.44,Loan Officer,E-0235,BR-008,2025-05-03,2025-05-28,2025-05-28,Funded,Funded,27.4,722,0.212,8.04,true,0,Ava Harris,Cumulus FL Branch 2,Southeast,2025-05-01
LN-AP-002288,Amara Brown,Auto Loan,50061.59,Digital,E-0223,BR-001,2025-06-07,2025-07-09,2025-07-09,Funded,Funded,34.5,569,0.131,6.938,true,0,Noah Adams,Cumulus NY Branch 1,Northeast,2025-06-01
LN-AP-002289,Diego Miller,15-Year Fixed Mortgage,204734.12,Digital,E-0235,BR-008,2026-02-02,,,In Progress,Document Collection,,669,0.195,6.492,false,4,Ava Harris,Cumulus FL Branch 2,Southeast,2026-02-01
LN-AP-002290,Yuki Bailey,Auto Loan,30787.27,Loan Officer,E-0209,BR-006,2025-09-01,2025-09-30,2025-09-30,Funded,Funded,32.4,790,0.272,6.535,true,0,Yuki Stewart,Cumulus CT Branch 2,Northeast,2025-09-01
LN-AP-002291,Sara Stewart,Refinance,680462.5,Branch,E-0217,BR-015,2025-07-30,2025-09-12,2025-09-12,Funded,Funded,47.5,567,0.143,5.421,true,0,Amara Green,Cumulus OH Branch 1,Midwest,2025-07-01
LN-AP-002292,Tom Harris,Auto Loan,88441.21,Branch,E-0221,BR-016,2025-12-01,,,Withdrawn,Application Submitted,,629,0.183,5.167,false,0,Fatima Parker,Cumulus OH Branch 2,Midwest,2025-12-01
LN-AP-002293,Emma Okafor,30-Year Fixed Mortgage,213353.44,Branch,E-0213,BR-023,2024-12-28,,,In Progress,Application Submitted,,714,0.505,6.751,false,2,Jamal Lewis,Cumulus AZ Branch 1,Mountain West,2024-12-01
LN-AP-002294,Olivia Phillips,Auto Loan,21574.87,Branch,E-0232,BR-018,2026-08-20,,,In Progress,Funded,,819,0.366,6.737,false,2,Tom Hall,Cumulus MN Branch 2,Midwest,2026-08-01
LN-AP-002295,Samuel Baker,15-Year Fixed Mortgage,333677.0,Branch,E-0228,BR-013,2026-05-28,2026-07-03,,Denied,Appraisal,,610,0.453,8.214,false,0,Kenji Silva,Cumulus IL Branch 1,Midwest,2026-05-01
LN-AP-002296,Rosa White,30-Year Fixed Mortgage,503098.08,Loan Officer,E-0232,BR-018,2025-02-26,2025-04-01,2025-04-01,Funded,Funded,37.7,810,0.133,7.763,true,0,Tom Hall,Cumulus MN Branch 2,Midwest,2025-02-01
LN-AP-002297,Mei Collins,HELOC,217260.98,Digital,E-0216,BR-013,2025-11-29,,,Abandoned,Underwriting,,675,0.291,7.521,false,0,Daniel Morris,Cumulus IL Branch 1,Midwest,2025-11-01
LN-AP-002298,Elena Nguyen,HELOC,97789.19,Loan Officer,E-0212,BR-004,2025-12-27,2026-01-18,2026-01-18,Funded,Funded,25.7,652,0.44,6.556,true,0,Isabella Phillips,Cumulus MA Branch 2,Northeast,2025-12-01
LN-AP-002299,Ben Patel,Refinance,413158.92,Loan Officer,E-0225,BR-021,2024-11-09,,,Withdrawn,Underwriting,,711,0.264,8.259,false,0,Henry Okafor,Cumulus UT Branch 1,Mountain West,2024-11-01
LN-AP-002300,Felix Phillips,HELOC,107965.23,Loan Officer,E-0217,BR-015,2026-07-31,,,In Progress,Appraisal,,714,0.188,5.524,false,4,Amara Green,Cumulus OH Branch 1,Midwest,2026-07-01
LN-AP-002301,Sofia Johnson,Auto Loan,28370.08,Digital,E-0209,BR-006,2026-08-14,,,In Progress,Funded,,777,0.217,5.465,false,4,Yuki Stewart,Cumulus CT Branch 2,Northeast,2026-08-01
LN-AP-002302,Isabella King,Personal Loan,27098.62,Digital,E-0228,BR-013,2026-08-17,,,Withdrawn,Document Collection,,670,0.516,7.122,false,0,Kenji Silva,Cumulus IL Branch 1,Midwest,2026-08-01
LN-AP-002303,Jonathan Okafor,Auto Loan,48233.39,Digital,E-0218,BR-012,2024-10-15,,,Withdrawn,Application Submitted,,579,0.313,6.687,false,0,Carlos Scott,Cumulus NC Branch 2,Southeast,2024-10-01
LN-AP-002304,Mateo Scott,HELOC,62228.76,Broker,E-0209,BR-006,2025-12-18,,,Withdrawn,Document Collection,,806,0.231,7.346,false,0,Yuki Stewart,Cumulus CT Branch 2,Northeast,2025-12-01
LN-AP-002305,Henry Harris,15-Year Fixed Mortgage,440443.87,Digital,E-0207,BR-022,2026-04-25,2026-05-18,2026-05-18,Funded,Funded,25.9,659,0.393,6.722,true,0,Priya Davis,Cumulus UT Branch 2,Mountain West,2026-04-01
LN-AP-002306,Felix Morris,30-Year Fixed Mortgage,358298.42,Loan Officer,E-0230,BR-009,2025-08-26,2025-10-07,2025-10-07,Funded,Funded,45.1,819,0.252,8.666,true,0,Jamal Wright,Cumulus GA Branch 1,Southeast,2025-08-01
LN-AP-002307,Daniel Brown,30-Year Fixed Mortgage,395604.83,Loan Officer,E-0218,BR-012,2025-06-11,2025-06-27,,Denied,Document Collection,,726,0.399,6.484,false,0,Carlos Scott,Cumulus NC Branch 2,Southeast,2025-06-01
LN-AP-002308,Lauren Stewart,Auto Loan,47723.7,Branch,E-0213,BR-023,2026-05-12,2026-06-11,2026-06-11,Funded,Funded,32.9,652,0.137,6.6,true,0,Jamal Lewis,Cumulus AZ Branch 1,Mountain West,2026-05-01
LN-AP-002309,Sara Wilson,30-Year Fixed Mortgage,455303.26,Loan Officer,E-0228,BR-013,2025-12-27,2026-01-17,2026-01-17,Funded,Funded,25.0,628,0.349,7.051,true,0,Kenji Silva,Cumulus IL Branch 1,Midwest,2025-12-01
LN-AP-002310,Aisha Bailey,30-Year Fixed Mortgage,148943.22,Loan Officer,E-0212,BR-004,2026-07-09,2026-08-07,2026-08-07,Funded,Funded,32.9,665,0.48,6.258,true,0,Isabella Phillips,Cumulus MA Branch 2,Northeast,2026-07-01
LN-AP-002311,Ravi Hall,Personal Loan,43034.2,Broker,E-0230,BR-009,2025-02-27,2025-03-30,2025-03-30,Funded,Funded,34.3,825,0.231,6.319,true,0,Jamal Wright,Cumulus GA Branch 1,Southeast,2025-02-01
LN-AP-002312,Naomi Harris,HELOC,97601.58,Loan Officer,E-0212,BR-004,2026-07-22,2026-08-17,2026-08-17,Funded,Funded,29.2,634,0.291,6.188,true,0,Isabella Phillips,Cumulus MA Branch 2,Northeast,2026-07-01
LN-AP-002313,Owen Bailey,30-Year Fixed Mortgage,235198.76,Loan Officer,E-0221,BR-016,2025-04-05,2025-05-26,2025-05-26,Funded,Funded,54.5,605,0.22,7.638,true,0,Fatima Parker,Cumulus OH Branch 2,Midwest,2025-04-01
LN-AP-002314,Lauren Vaughn,Auto Loan,58094.09,Loan Officer,E-0234,BR-028,2026-07-17,2026-08-21,2026-08-21,Funded,Funded,39.5,803,0.225,8.114,true,0,Henry Taylor,Cumulus WA Branch 2,Pacific,2026-07-01
LN-AP-002315,Ravi Edwards,30-Year Fixed Mortgage,626067.62,Digital,E-0233,BR-025,2025-05-21,2025-06-13,2025-06-13,Funded,Funded,27.1,769,0.217,7.898,true,0,Jamal Adams,Cumulus CA Branch 1,Pacific,2025-05-01
LN-AP-002316,Grace Nguyen,30-Year Fixed Mortgage,427973.84,Digital,E-0225,BR-021,2025-08-19,2025-09-26,2025-09-26,Funded,Funded,43.1,774,0.49,6.276,true,0,Henry Okafor,Cumulus UT Branch 1,Mountain West,2025-08-01
LN-AP-002317,Leo Morris,HELOC,34457.24,Loan Officer,E-0209,BR-006,2026-06-19,2026-08-14,,Denied,Conditional Approval,,829,0.464,8.679,false,0,Yuki Stewart,Cumulus CT Branch 2,Northeast,2026-06-01
LN-AP-002318,Nora Carter,Refinance,293417.88,Digital,E-0235,BR-008,2026-06-04,,,Withdrawn,Appraisal,,721,0.461,7.667,false,0,Ava Harris,Cumulus FL Branch 2,Southeast,2026-06-01
LN-AP-002319,Andre White,HELOC,103849.42,Digital,E-0228,BR-013,2026-04-02,2026-04-29,2026-04-29,Funded,Funded,31.2,616,0.484,5.884,true,0,Kenji Silva,Cumulus IL Branch 1,Midwest,2026-04-01
LN-AP-002320,Ravi Collins,Personal Loan,6659.31,Digital,E-0231,BR-010,2025-12-05,2026-01-09,2026-01-09,Funded,Funded,38.4,818,0.243,7.039,true,0,Maya Edwards,Cumulus GA Branch 2,Southeast,2025-12-01
LN-AP-002321,Yuki Young,HELOC,92393.45,Digital,E-0214,BR-027,2025-11-09,2025-12-05,,Denied,Conditional Approval,,708,0.44,6.923,false,0,Amara Clark,Cumulus WA Branch 1,Pacific,2025-11-01
LN-AP-002322,Luis Green,HELOC,41358.71,Broker,E-0208,BR-027,2024-10-07,,,In Progress,Conditional Approval,,561,0.165,5.144,false,0,Yuki Campbell,Cumulus WA Branch 1,Pacific,2024-10-01
LN-AP-002323,Daniel Mitchell,15-Year Fixed Mortgage,239229.08,Loan Officer,E-0222,BR-026,2025-11-18,,,Withdrawn,Application Submitted,,621,0.403,6.823,false,0,Rosa Carter,Cumulus CA Branch 2,Pacific,2025-11-01
LN-AP-002324,Iris Lopez,30-Year Fixed Mortgage,424079.23,Digital,E-0211,BR-012,2025-12-17,,,In Progress,Conditional Approval,,671,0.485,6.035,false,0,Priya Young,Cumulus NC Branch 2,Southeast,2025-12-01
LN-AP-002325,Owen Collins,30-Year Fixed Mortgage,734159.55,Digital,E-0206,BR-020,2026-07-01,2026-08-11,2026-08-11,Funded,Funded,43.9,704,0.173,7.092,true,0,Ben Taylor,Cumulus CO Branch 2,Mountain West,2026-07-01
LN-AP-002326,Diego Roberts,Personal Loan,16617.09,Loan Officer,E-0220,BR-005,2026-04-21,2026-05-26,2026-05-26,Funded,Funded,38.4,623,0.375,8.185,true,0,Luis Adams,Cumulus CT Branch 1,Northeast,2026-04-01
LN-AP-002327,Mateo Lopez,30-Year Fixed Mortgage,475044.41,Digital,E-0213,BR-023,2026-02-26,,,Withdrawn,Appraisal,,614,0.471,5.321,false,0,Jamal Lewis,Cumulus AZ Branch 1,Mountain West,2026-02-01
LN-AP-002328,Julian Clark,Auto Loan,44381.84,Digital,E-0215,BR-011,2026-06-19,2026-07-19,2026-07-19,Funded,Funded,33.8,763,0.379,5.285,true,0,Henry Patel,Cumulus NC Branch 1,Southeast,2026-06-01
LN-AP-002329,Iris White,30-Year Fixed Mortgage,312567.38,Digital,E-0216,BR-013,2026-05-11,2026-06-09,2026-06-09,Funded,Funded,33.1,713,0.491,6.619,true,0,Daniel Morris,Cumulus IL Branch 1,Midwest,2026-05-01
LN-AP-002330,Ben Brown,Personal Loan,22524.81,Broker,E-0230,BR-009,2024-12-08,2024-12-29,2024-12-29,Funded,Funded,25.7,729,0.292,5.589,true,0,Jamal Wright,Cumulus GA Branch 1,Southeast,2024-12-01
LN-AP-002331,Wei Campbell,30-Year Fixed Mortgage,492094.17,Branch,E-0216,BR-013,2025-02-13,,,In Progress,Application Submitted,,751,0.258,7.335,false,4,Daniel Morris,Cumulus IL Branch 1,Midwest,2025-02-01
LN-AP-002332,Ben Turner,30-Year Fixed Mortgage,370909.16,Branch,E-0207,BR-022,2026-06-12,,,Withdrawn,Document Collection,,596,0.124,5.455,false,0,Priya Davis,Cumulus UT Branch 2,Mountain West,2026-06-01
LN-AP-002333,Sara Davis,30-Year Fixed Mortgage,209933.98,Branch,E-0209,BR-006,2025-02-20,2025-04-02,2025-04-02,Funded,Funded,44.0,713,0.254,6.753,true,0,Yuki Stewart,Cumulus CT Branch 2,Northeast,2025-02-01
LN-AP-002334,Leo Ruiz,30-Year Fixed Mortgage,648484.01,Branch,E-0217,BR-015,2026-06-04,2026-06-29,2026-06-29,Funded,Funded,29.9,623,0.239,7.826,true,0,Amara Green,Cumulus OH Branch 1,Midwest,2026-06-01
LN-AP-002335,Andre Ashford,30-Year Fixed Mortgage,879706.72,Loan Officer,E-0210,BR-019,2025-07-03,2025-07-21,2025-07-21,Funded,Funded,22.0,802,0.419,7.953,true,0,Luis Garcia,Cumulus CO Branch 1,Mountain West,2025-07-01
LN-AP-002336,Victor Adams,Personal Loan,20624.61,Branch,E-0215,BR-011,2025-03-16,2025-04-30,2025-04-30,Funded,Funded,47.7,818,0.205,7.491,true,0,Henry Patel,Cumulus NC Branch 1,Southeast,2025-03-01
LN-AP-002337,Kenji Davis,15-Year Fixed Mortgage,643061.59,Digital,E-0226,BR-010,2025-09-22,,,Withdrawn,Appraisal,,578,0.276,8.536,false,0,Andre Evans,Cumulus GA Branch 2,Southeast,2025-09-01
LN-AP-002338,Henry Ashford,HELOC,157833.47,Loan Officer,E-0229,BR-025,2025-11-17,2025-12-23,2025-12-23,Funded,Funded,40.1,787,0.378,7.428,true,0,Marcus Wilson,Cumulus CA Branch 1,Pacific,2025-11-01
LN-AP-002339,Derek Roberts,Refinance,315014.85,Branch,E-0206,BR-020,2026-04-01,2026-05-01,2026-05-01,Funded,Funded,33.4,739,0.165,6.206,true,0,Ben Taylor,Cumulus CO Branch 2,Mountain West,2026-04-01
LN-AP-002340,Jonathan Silva,Auto Loan,31384.26,Loan Officer,E-0221,BR-016,2025-06-03,,,Withdrawn,Application Submitted,,705,0.421,6.524,false,0,Fatima Parker,Cumulus OH Branch 2,Midwest,2025-06-01
LN-AP-002341,Felix Silva,Auto Loan,34347.18,Broker,E-0210,BR-019,2025-02-21,2025-03-23,,Denied,Conditional Approval,,804,0.355,7.391,false,0,Luis Garcia,Cumulus CO Branch 1,Mountain West,2025-02-01
LN-AP-002342,Mateo Garcia,30-Year Fixed Mortgage,780157.55,Loan Officer,E-0218,BR-012,2025-05-06,2025-06-04,2025-06-04,Funded,Funded,33.0,568,0.496,7.753,true,0,Carlos Scott,Cumulus NC Branch 2,Southeast,2025-05-01
LN-AP-002343,Hannah Morris,Personal Loan,20479.95,Loan Officer,E-0220,BR-005,2025-05-23,,,In Progress,Underwriting,,764,0.198,8.66,false,1,Luis Adams,Cumulus CT Branch 1,Northeast,2025-05-01
LN-AP-002344,Naomi Carter,Refinance,522698.68,Branch,E-0215,BR-011,2024-10-27,,,Withdrawn,Appraisal,,817,0.316,7.009,false,0,Henry Patel,Cumulus NC Branch 1,Southeast,2024-10-01
LN-AP-002345,Diego Mitchell,HELOC,33704.3,Branch,E-0219,BR-025,2025-12-11,,,Withdrawn,Document Collection,,755,0.292,5.229,false,0,Rosa Hall,Cumulus CA Branch 1,Pacific,2025-12-01
LN-AP-002346,Andre Adams,15-Year Fixed Mortgage,393798.67,Digital,E-0207,BR-022,2026-06-11,,,In Progress,Appraisal,,672,0.217,8.087,false,2,Priya Davis,Cumulus UT Branch 2,Mountain West,2026-06-01
LN-AP-002347,Derek Wilson,Auto Loan,66179.38,Loan Officer,E-0210,BR-019,2025-12-20,2026-02-07,2026-02-07,Funded,Funded,52.8,580,0.266,6.072,true,0,Luis Garcia,Cumulus CO Branch 1,Mountain West,2025-12-01
LN-AP-002348,Chloe Young,30-Year Fixed Mortgage,168295.06,Digital,E-0223,BR-001,2026-06-03,2026-07-03,2026-07-03,Funded,Funded,32.7,740,0.163,8.813,true,0,Noah Adams,Cumulus NY Branch 1,Northeast,2026-06-01
LN-AP-002349,Yuki Scott,Personal Loan,13409.43,Branch,E-0228,BR-013,2026-07-14,2026-08-19,2026-08-19,Funded,Funded,40.1,712,0.321,5.852,true,0,Kenji Silva,Cumulus IL Branch 1,Midwest,2026-07-01
LN-AP-002350,Emma Campbell,Auto Loan,87728.98,Broker,E-0221,BR-016,2026-05-29,2026-07-22,2026-07-22,Funded,Funded,57.4,818,0.402,8.858,true,0,Fatima Parker,Cumulus OH Branch 2,Midwest,2026-05-01
LN-AP-002351,Marcus Carter,30-Year Fixed Mortgage,345795.55,Digital,E-0233,BR-025,2025-10-20,2025-11-11,2025-11-11,Funded,Funded,25.4,742,0.403,6.47,true,0,Jamal Adams,Cumulus CA Branch 1,Pacific,2025-10-01
LN-AP-002352,Emma Phillips,Refinance,1285570.42,Branch,E-0218,BR-012,2025-12-31,2026-01-31,2026-01-31,Funded,Funded,34.5,651,0.298,5.502,true,0,Carlos Scott,Cumulus NC Branch 2,Southeast,2025-12-01
LN-AP-002353,Layla Adams,Personal Loan,6602.63,Loan Officer,E-0228,BR-013,2026-08-15,,,In Progress,Funded,,591,0.186,5.381,false,1,Kenji Silva,Cumulus IL Branch 1,Midwest,2026-08-01
LN-AP-002354,Priya Collins,HELOC,130964.49,Digital,E-0222,BR-026,2024-10-18,,,Abandoned,Underwriting,,793,0.501,6.357,false,0,Rosa Carter,Cumulus CA Branch 2,Pacific,2024-10-01
LN-AP-002355,Maya Okafor,30-Year Fixed Mortgage,455562.46,Loan Officer,E-0232,BR-018,2025-03-19,2025-04-18,2025-04-18,Funded,Funded,32.3,560,0.251,8.721,true,0,Tom Hall,Cumulus MN Branch 2,Midwest,2025-03-01
LN-AP-002356,Priya Johnson,HELOC,63904.6,Digital,E-0211,BR-012,2025-07-23,,,In Progress,Appraisal,,760,0.265,8.548,false,2,Priya Young,Cumulus NC Branch 2,Southeast,2025-07-01
LN-AP-002357,Diego Turner,Personal Loan,13490.96,Loan Officer,E-0221,BR-016,2026-08-24,,,In Progress,Funded,,602,0.232,7.349,false,6,Fatima Parker,Cumulus OH Branch 2,Midwest,2026-08-01
LN-AP-002358,Zara Miller,HELOC,69508.53,Digital,E-0232,BR-018,2026-06-16,2026-07-24,2026-07-24,Funded,Funded,41.4,594,0.489,6.046,true,0,Tom Hall,Cumulus MN Branch 2,Midwest,2026-06-01
LN-AP-002359,Zara Nelson,HELOC,90929.21,Loan Officer,E-0208,BR-027,2025-10-26,2025-12-12,2025-12-12,Funded,Funded,50.4,800,0.232,7.97,true,0,Yuki Campbell,Cumulus WA Branch 1,Pacific,2025-10-01
LN-AP-002360,Rosa Scott,HELOC,101199.2,Branch,E-0231,BR-010,2025-01-15,2025-02-17,2025-02-17,Funded,Funded,36.4,724,0.172,5.227,true,0,Maya Edwards,Cumulus GA Branch 2,Southeast,2025-01-01
LN-AP-002361,Marcus Johnson,Refinance,354708.73,Branch,E-0230,BR-009,2025-01-28,2025-03-02,2025-03-02,Funded,Funded,37.3,747,0.291,6.346,true,0,Jamal Wright,Cumulus GA Branch 1,Southeast,2025-01-01
LN-AP-002362,Henry Allen,Auto Loan,26748.92,Branch,E-0223,BR-001,2026-06-16,,,Withdrawn,Document Collection,,615,0.44,5.788,false,0,Noah Adams,Cumulus NY Branch 1,Northeast,2026-06-01
LN-AP-002363,Aisha Silva,Auto Loan,57953.92,Digital,E-0235,BR-008,2025-11-17,2025-12-16,2025-12-16,Funded,Funded,31.6,681,0.235,5.555,true,0,Ava Harris,Cumulus FL Branch 2,Southeast,2025-11-01
LN-AP-002364,Maya Clark,30-Year Fixed Mortgage,252788.03,Branch,E-0221,BR-016,2024-11-23,,,Withdrawn,Conditional Approval,,719,0.447,8.67,false,0,Fatima Parker,Cumulus OH Branch 2,Midwest,2024-11-01
LN-AP-002365,Layla Silva,Auto Loan,25655.8,Branch,E-0213,BR-023,2024-10-21,2024-12-03,2024-12-03,Funded,Funded,46.7,616,0.501,7.016,true,0,Jamal Lewis,Cumulus AZ Branch 1,Mountain West,2024-10-01
LN-AP-002366,Julian Lopez,30-Year Fixed Mortgage,305496.53,Digital,E-0233,BR-025,2026-07-22,2026-08-31,2026-08-31,Funded,Funded,43.2,812,0.35,6.917,true,0,Jamal Adams,Cumulus CA Branch 1,Pacific,2026-07-01
LN-AP-002367,Noah Clark,30-Year Fixed Mortgage,172490.11,Branch,E-0234,BR-028,2025-01-22,2025-02-19,,Denied,Document Collection,,700,0.492,6.382,false,0,Henry Taylor,Cumulus WA Branch 2,Pacific,2025-01-01
LN-AP-002368,Ethan Silva,Personal Loan,22766.96,Broker,E-0226,BR-010,2026-02-27,2026-03-31,2026-03-31,Funded,Funded,35.3,595,0.201,7.446,true,0,Andre Evans,Cumulus GA Branch 2,Southeast,2026-02-01
LN-AP-002369,Derek Garcia,15-Year Fixed Mortgage,597049.26,Digital,E-0221,BR-016,2026-02-18,2026-03-13,2026-03-13,Funded,Funded,25.7,672,0.23,7.126,true,0,Fatima Parker,Cumulus OH Branch 2,Midwest,2026-02-01
LN-AP-002370,Zara Thomas,30-Year Fixed Mortgage,333548.69,Digital,E-0228,BR-013,2026-02-16,2026-03-06,2026-03-06,Funded,Funded,21.1,669,0.388,7.721,true,0,Kenji Silva,Cumulus IL Branch 1,Midwest,2026-02-01
LN-AP-002371,Daniel Bailey,30-Year Fixed Mortgage,693191.94,Digital,E-0207,BR-022,2025-09-29,2025-11-03,2025-11-03,Funded,Funded,38.3,647,0.296,5.705,true,0,Priya Davis,Cumulus UT Branch 2,Mountain West,2025-09-01
LN-AP-002372,Samuel Okafor,15-Year Fixed Mortgage,190222.01,Digital,E-0224,BR-027,2024-11-08,,,Withdrawn,Underwriting,,774,0.342,5.935,false,0,Priya Davis,Cumulus WA Branch 1,Pacific,2024-11-01
LN-AP-002373,Fatima Okafor,30-Year Fixed Mortgage,165605.59,Branch,E-0232,BR-018,2025-03-22,,,Withdrawn,Appraisal,,569,0.252,6.935,false,0,Tom Hall,Cumulus MN Branch 2,Midwest,2025-03-01
LN-AP-002374,Ava Nguyen,15-Year Fixed Mortgage,570823.86,Digital,E-0232,BR-018,2026-06-17,,,In Progress,Conditional Approval,,801,0.365,5.195,false,1,Tom Hall,Cumulus MN Branch 2,Midwest,2026-06-01
LN-AP-002375,Mei Stewart,Auto Loan,61483.61,Branch,E-0231,BR-010,2026-06-11,2026-07-15,2026-07-15,Funded,Funded,37.8,562,0.517,8.051,true,0,Maya Edwards,Cumulus GA Branch 2,Southeast,2026-06-01
LN-AP-002376,Layla Campbell,30-Year Fixed Mortgage,729013.88,Branch,E-0210,BR-019,2026-02-13,2026-03-19,2026-03-19,Funded,Funded,36.0,737,0.477,6.196,true,0,Luis Garcia,Cumulus CO Branch 1,Mountain West,2026-02-01
LN-AP-002377,Mateo Parker,15-Year Fixed Mortgage,346942.96,Digital,E-0223,BR-001,2025-10-15,2025-11-03,2025-11-03,Funded,Funded,22.3,656,0.471,6.084,true,0,Noah Adams,Cumulus NY Branch 1,Northeast,2025-10-01
LN-AP-002378,Naomi Anderson,Personal Loan,9900.83,Digital,E-0234,BR-028,2026-01-17,2026-02-06,2026-02-06,Funded,Funded,23.7,757,0.125,6.896,true,0,Henry Taylor,Cumulus WA Branch 2,Pacific,2026-01-01
LN-AP-002379,Fatima Hall,Auto Loan,28335.9,Loan Officer,E-0233,BR-025,2025-07-21,2025-08-23,2025-08-23,Funded,Funded,35.0,569,0.197,5.253,true,0,Jamal Adams,Cumulus CA Branch 1,Pacific,2025-07-01
LN-AP-002380,Ines Allen,Auto Loan,52875.98,Branch,E-0211,BR-012,2026-03-26,2026-04-24,2026-04-24,Funded,Funded,32.3,702,0.48,8.683,true,0,Priya Young,Cumulus NC Branch 2,Southeast,2026-03-01
LN-AP-002381,Kenji Stewart,15-Year Fixed Mortgage,237409.44,Loan Officer,E-0227,BR-016,2025-03-18,,,Withdrawn,Conditional Approval,,618,0.315,6.211,false,0,Zara Young,Cumulus OH Branch 2,Midwest,2025-03-01
LN-AP-002382,Olivia Campbell,30-Year Fixed Mortgage,509729.14,Digital,E-0219,BR-025,2025-11-21,2026-01-18,2026-01-18,Funded,Funded,61.1,660,0.202,6.885,true,0,Rosa Hall,Cumulus CA Branch 1,Pacific,2025-11-01
LN-AP-002383,Ethan Scott,HELOC,40122.8,Loan Officer,E-0213,BR-023,2024-11-28,2024-12-24,2024-12-24,Funded,Funded,27.8,811,0.436,7.355,true,0,Jamal Lewis,Cumulus AZ Branch 1,Mountain West,2024-11-01
LN-AP-002384,Chloe Hall,Personal Loan,8524.88,Broker,E-0215,BR-011,2025-02-18,2025-03-23,,Denied,Conditional Approval,,673,0.369,6.27,false,0,Henry Patel,Cumulus NC Branch 1,Southeast,2025-02-01
LN-AP-002385,Iris Young,HELOC,136546.5,Branch,E-0229,BR-025,2024-10-07,2024-12-03,2024-12-03,Funded,Funded,60.9,735,0.495,8.534,true,0,Marcus Wilson,Cumulus CA Branch 1,Pacific,2024-10-01
LN-AP-002386,Owen Chen,30-Year Fixed Mortgage,950592.69,Loan Officer,E-0211,BR-012,2026-08-17,,,In Progress,Application Submitted,,663,0.481,5.933,false,5,Priya Young,Cumulus NC Branch 2,Southeast,2026-08-01
LN-AP-002387,Chloe Davis,Refinance,1056768.85,Branch,E-0225,BR-021,2026-06-20,2026-07-07,2026-07-07,Funded,Funded,21.5,625,0.478,6.473,true,0,Henry Okafor,Cumulus UT Branch 1,Mountain West,2026-06-01
LN-AP-002388,Elena Jackson,Auto Loan,51665.15,Loan Officer,E-0218,BR-012,2026-03-30,,,Withdrawn,Appraisal,,680,0.478,5.993,false,0,Carlos Scott,Cumulus NC Branch 2,Southeast,2026-03-01
LN-AP-002389,Zara Edwards,30-Year Fixed Mortgage,219882.1,Broker,E-0207,BR-022,2025-07-21,,,In Progress,Application Submitted,,765,0.217,8.573,false,6,Priya Davis,Cumulus UT Branch 2,Mountain West,2025-07-01
LN-AP-002390,Ines Parker,Auto Loan,38262.22,Loan Officer,E-0213,BR-023,2025-10-30,2025-12-01,2025-12-01,Funded,Funded,35.6,579,0.182,6.889,true,0,Jamal Lewis,Cumulus AZ Branch 1,Mountain West,2025-10-01
LN-AP-002391,Grace Scott,30-Year Fixed Mortgage,1517018.2,Digital,E-0211,BR-012,2025-11-04,,,In Progress,Conditional Approval,,776,0.425,7.664,false,1,Priya Young,Cumulus NC Branch 2,Southeast,2025-11-01
LN-AP-002392,Sara Harris,30-Year Fixed Mortgage,289985.93,Loan Officer,E-0217,BR-015,2026-07-23,,,Withdrawn,Document Collection,,680,0.125,7.996,false,0,Amara Green,Cumulus OH Branch 1,Midwest,2026-07-01
LN-AP-002393,Iris Wilson,30-Year Fixed Mortgage,417879.69,Broker,E-0216,BR-013,2025-01-12,2025-02-10,2025-02-10,Funded,Funded,32.8,579,0.282,8.302,true,0,Daniel Morris,Cumulus IL Branch 1,Midwest,2025-01-01
LN-AP-002394,Mateo Ashford,30-Year Fixed Mortgage,699552.95,Digital,E-0226,BR-010,2024-11-25,2024-12-31,2024-12-31,Funded,Funded,38.6,702,0.251,6.338,true,0,Andre Evans,Cumulus GA Branch 2,Southeast,2024-11-01
LN-AP-002395,Kenji Wright,Auto Loan,32201.16,Digital,E-0219,BR-025,2025-02-14,,,Withdrawn,Appraisal,,697,0.483,7.708,false,0,Rosa Hall,Cumulus CA Branch 1,Pacific,2025-02-01
LN-AP-002396,Henry Evans,15-Year Fixed Mortgage,545474.52,Branch,E-0230,BR-009,2026-07-14,2026-07-30,,Denied,Document Collection,,774,0.244,8.548,false,0,Jamal Wright,Cumulus GA Branch 1,Southeast,2026-07-01
LN-AP-002397,Noah Chen,Auto Loan,41589.7,Loan Officer,E-0226,BR-010,2025-09-01,2025-10-07,2025-10-07,Funded,Funded,40.3,667,0.128,7.198,true,0,Andre Evans,Cumulus GA Branch 2,Southeast,2025-09-01
LN-AP-002398,Sofia Morris,Personal Loan,6508.01,Digital,E-0206,BR-020,2025-02-13,2025-03-18,2025-03-18,Funded,Funded,38.4,741,0.501,6.885,true,0,Ben Taylor,Cumulus CO Branch 2,Mountain West,2025-02-01
LN-AP-002399,Priya Carter,HELOC,86677.62,Digital,E-0208,BR-027,2025-12-12,2026-01-30,2026-01-30,Funded,Funded,52.6,694,0.222,7.324,true,0,Yuki Campbell,Cumulus WA Branch 1,Pacific,2025-12-01
LN-AP-002400,Amara Nguyen,15-Year Fixed Mortgage,278609.4,Digital,E-0223,BR-001,2024-11-07,2024-12-07,2024-12-07,Funded,Funded,34.0,756,0.456,7.09,true,0,Noah Adams,Cumulus NY Branch 1,Northeast,2024-11-01
LN-AP-002401,Andre Wilson,Auto Loan,40129.63,Loan Officer,E-0219,BR-025,2025-10-05,2025-11-13,2025-11-13,Funded,Funded,41.8,737,0.223,7.83,true,0,Rosa Hall,Cumulus CA Branch 1,Pacific,2025-10-01
LN-AP-002402,Rosa Martinez,Personal Loan,9268.41,Digital,E-0227,BR-016,2026-04-20,2026-06-11,2026-06-11,Funded,Funded,54.7,807,0.252,8.024,true,0,Zara Young,Cumulus OH Branch 2,Midwest,2026-04-01
LN-AP-002403,Owen Miller,15-Year Fixed Mortgage,214279.63,Digital,E-0208,BR-027,2026-07-25,,,In Progress,Funded,,759,0.271,7.687,false,5,Yuki Campbell,Cumulus WA Branch 1,Pacific,2026-07-01
LN-AP-002404,Grace Patel,Auto Loan,30665.51,Digital,E-0221,BR-016,2026-02-18,2026-03-24,2026-03-24,Funded,Funded,38.4,693,0.291,6.959,true,0,Fatima Parker,Cumulus OH Branch 2,Midwest,2026-02-01
LN-AP-002405,Victor Allen,Personal Loan,24704.02,Broker,E-0234,BR-028,2024-12-13,2025-01-07,,Denied,Appraisal,,815,0.267,6.766,false,0,Henry Taylor,Cumulus WA Branch 2,Pacific,2024-12-01
LN-AP-002406,Owen Young,Personal Loan,22474.5,Digital,E-0216,BR-013,2024-12-10,,,Withdrawn,Application Submitted,,769,0.217,6.034,false,0,Daniel Morris,Cumulus IL Branch 1,Midwest,2024-12-01
LN-AP-002407,Amara Nelson,Refinance,343104.97,Branch,E-0229,BR-025,2025-10-14,,,In Progress,Conditional Approval,,689,0.5,8.326,false,4,Marcus Wilson,Cumulus CA Branch 1,Pacific,2025-10-01
LN-AP-002408,Isabella Clark,Auto Loan,22122.6,Digital,E-0219,BR-025,2024-12-29,2025-02-02,2025-02-02,Funded,Funded,38.0,748,0.36,6.313,true,0,Rosa Hall,Cumulus CA Branch 1,Pacific,2024-12-01
LN-AP-002409,Naomi Roberts,30-Year Fixed Mortgage,231586.53,Digital,E-0229,BR-025,2025-12-19,2026-01-14,2026-01-14,Funded,Funded,30.5,645,0.47,7.998,true,0,Marcus Wilson,Cumulus CA Branch 1,Pacific,2025-12-01
LN-AP-002410,Grace Martinez,HELOC,31996.69,Digital,E-0217,BR-015,2024-11-24,2024-12-31,2024-12-31,Funded,Funded,40.5,707,0.33,7.18,true,0,Amara Green,Cumulus OH Branch 1,Midwest,2024-11-01
LN-AP-002411,Aisha Brown,Auto Loan,29668.16,Loan Officer,E-0224,BR-027,2026-01-07,2026-02-21,2026-02-21,Funded,Funded,49.7,761,0.254,7.565,true,0,Priya Davis,Cumulus WA Branch 1,Pacific,2026-01-01
LN-AP-002412,Sara Moore,HELOC,70455.74,Loan Officer,E-0231,BR-010,2025-11-30,2026-01-12,,Denied,Appraisal,,699,0.351,7.38,false,0,Maya Edwards,Cumulus GA Branch 2,Southeast,2025-11-01
LN-AP-002413,Rosa Johnson,Personal Loan,13233.45,Digital,E-0206,BR-020,2026-04-29,2026-05-18,2026-05-18,Funded,Funded,23.0,793,0.297,8.226,true,0,Ben Taylor,Cumulus CO Branch 2,Mountain West,2026-04-01
LN-AP-002414,Isabella Evans,Personal Loan,12136.31,Branch,E-0209,BR-006,2026-06-03,2026-07-25,2026-07-25,Funded,Funded,56.0,726,0.174,7.77,true,0,Yuki Stewart,Cumulus CT Branch 2,Northeast,2026-06-01
LN-AP-002415,Marcus Edwards,HELOC,75855.77,Digital,E-0228,BR-013,2026-05-15,2026-06-15,2026-06-15,Funded,Funded,34.2,575,0.319,5.235,true,0,Kenji Silva,Cumulus IL Branch 1,Midwest,2026-05-01
LN-AP-002416,Marcus Miller,15-Year Fixed Mortgage,205492.99,Digital,E-0209,BR-006,2026-07-17,2026-08-19,2026-08-19,Funded,Funded,35.7,612,0.277,6.39,true,0,Yuki Stewart,Cumulus CT Branch 2,Northeast,2026-07-01
LN-AP-002417,Yuki Phillips,30-Year Fixed Mortgage,499455.51,Digital,E-0216,BR-013,2025-08-27,2025-09-27,2025-09-27,Funded,Funded,35.1,655,0.135,6.837,true,0,Daniel Morris,Cumulus IL Branch 1,Midwest,2025-08-01
LN-AP-002418,Lauren Wilson,Auto Loan,38085.35,Broker,E-0230,BR-009,2025-01-18,,,Withdrawn,Document Collection,,670,0.166,7.7,false,0,Jamal Wright,Cumulus GA Branch 1,Southeast,2025-01-01
LN-AP-002419,Naomi Turner,Personal Loan,6286.26,Loan Officer,E-0232,BR-018,2025-02-12,2025-04-06,2025-04-06,Funded,Funded,57.1,789,0.424,6.227,true,0,Tom Hall,Cumulus MN Branch 2,Midwest,2025-02-01
LN-AP-002420,Diego Phillips,HELOC,68213.31,Digital,E-0215,BR-011,2025-05-02,2025-06-01,2025-06-01,Funded,Funded,33.0,786,0.449,6.827,true,0,Henry Patel,Cumulus NC Branch 1,Southeast,2025-05-01
LN-AP-002421,Iris Roberts,Auto Loan,50786.99,Digital,E-0212,BR-004,2025-01-24,2025-02-26,2025-02-26,Funded,Funded,36.4,705,0.516,8.867,true,0,Isabella Phillips,Cumulus MA Branch 2,Northeast,2025-01-01
LN-AP-002422,Sofia Okafor,30-Year Fixed Mortgage,763534.0,Digital,E-0224,BR-027,2025-10-09,2025-11-08,2025-11-08,Funded,Funded,33.4,801,0.25,5.905,true,0,Priya Davis,Cumulus WA Branch 1,Pacific,2025-10-01
LN-AP-002423,Lauren Johnson,30-Year Fixed Mortgage,517402.21,Branch,E-0210,BR-019,2025-05-04,2025-06-18,2025-06-18,Funded,Funded,49.3,690,0.23,8.077,true,0,Luis Garcia,Cumulus CO Branch 1,Mountain West,2025-05-01
LN-AP-002424,Diego Bailey,Personal Loan,10892.75,Loan Officer,E-0212,BR-004,2025-01-02,2025-01-27,2025-01-27,Funded,Funded,28.7,706,0.356,7.227,true,0,Isabella Phillips,Cumulus MA Branch 2,Northeast,2025-01-01
LN-AP-002425,Iris Allen,30-Year Fixed Mortgage,347508.23,Loan Officer,E-0213,BR-023,2025-11-04,,,Withdrawn,Document Collection,,647,0.235,8.177,false,0,Jamal Lewis,Cumulus AZ Branch 1,Mountain West,2025-11-01
LN-AP-002426,Henry Jackson,30-Year Fixed Mortgage,712807.23,Broker,E-0222,BR-026,2026-02-18,,,In Progress,Application Submitted,,746,0.323,7.698,false,5,Rosa Carter,Cumulus CA Branch 2,Pacific,2026-02-01
LN-AP-002427,Marcus Hall,Auto Loan,22696.17,Digital,E-0209,BR-006,2025-03-21,2025-04-06,,Denied,Underwriting,,713,0.19,7.152,false,0,Yuki Stewart,Cumulus CT Branch 2,Northeast,2025-03-01
LN-AP-002428,Jamal Thomas,Personal Loan,11672.54,Digital,E-0221,BR-016,2025-12-27,,,In Progress,Underwriting,,685,0.452,6.839,false,4,Fatima Parker,Cumulus OH Branch 2,Midwest,2025-12-01
LN-AP-002429,Luis Bailey,Auto Loan,46711.01,Loan Officer,E-0216,BR-013,2025-02-25,2025-04-06,2025-04-06,Funded,Funded,43.1,691,0.122,6.631,true,0,Daniel Morris,Cumulus IL Branch 1,Midwest,2025-02-01
LN-AP-002430,Ines Roberts,30-Year Fixed Mortgage,917362.56,Loan Officer,E-0213,BR-023,2024-11-28,,,In Progress,Application Submitted,,623,0.383,8.191,false,2,Jamal Lewis,Cumulus AZ Branch 1,Mountain West,2024-11-01
LN-AP-002431,Luis Moore,Personal Loan,7969.74,Digital,E-0211,BR-012,2025-08-21,2025-09-29,2025-09-29,Funded,Funded,42.7,764,0.257,8.067,true,0,Priya Young,Cumulus NC Branch 2,Southeast,2025-08-01
LN-AP-002432,Andre Davis,Auto Loan,27557.24,Loan Officer,E-0231,BR-010,2025-01-01,2025-02-12,2025-02-12,Funded,Funded,45.4,606,0.403,7.032,true,0,Maya Edwards,Cumulus GA Branch 2,Southeast,2025-01-01
LN-AP-002433,Yuki Parker,15-Year Fixed Mortgage,111120.68,Digital,E-0219,BR-025,2024-11-08,,,Abandoned,Appraisal,,680,0.18,8.755,false,0,Rosa Hall,Cumulus CA Branch 1,Pacific,2024-11-01
LN-AP-002434,Nina Bailey,Auto Loan,65421.18,Digital,E-0224,BR-027,2026-07-13,2026-08-07,2026-08-07,Funded,Funded,27.8,763,0.277,6.445,true,0,Priya Davis,Cumulus WA Branch 1,Pacific,2026-07-01
LN-AP-002435,Carlos Carter,HELOC,59675.62,Digital,E-0235,BR-008,2025-02-26,2025-03-27,2025-03-27,Funded,Funded,31.6,826,0.502,8.216,true,0,Ava Harris,Cumulus FL Branch 2,Southeast,2025-02-01
LN-AP-002436,Rosa Hall,Refinance,177117.72,Digital,E-0215,BR-011,2025-09-10,2025-10-15,2025-10-15,Funded,Funded,37.9,689,0.461,8.718,true,0,Henry Patel,Cumulus NC Branch 1,Southeast,2025-09-01
LN-AP-002437,Jonathan Stewart,30-Year Fixed Mortgage,651958.35,Digital,E-0225,BR-021,2025-10-27,2025-11-28,2025-11-28,Funded,Funded,36.5,604,0.26,7.647,true,0,Henry Okafor,Cumulus UT Branch 1,Mountain West,2025-10-01
LN-AP-002438,Nora Jackson,Auto Loan,128000,Digital,E-0221,BR-016,2026-07-17,2026-08-11,2026-08-11,Funded,Funded,29.2,728,0.144,8.062,true,0,Fatima Parker,Cumulus OH Branch 2,Midwest,2026-07-01
LN-AP-002439,Luis Harris,15-Year Fixed Mortgage,579142.98,Loan Officer,E-0207,BR-022,2026-01-12,,,Withdrawn,Appraisal,,591,0.234,5.564,false,0,Priya Davis,Cumulus UT Branch 2,Mountain West,2026-01-01
LN-AP-002440,Isabella Martinez,15-Year Fixed Mortgage,226386.49,Branch,E-0209,BR-006,2025-05-14,2025-08-13,2025-08-13,Funded,Funded,94.3,569,0.494,8.804,true,0,Yuki Stewart,Cumulus CT Branch 2,Northeast,2025-05-01
LN-AP-002441,Tom Scott,Auto Loan,24996.34,Broker,E-0221,BR-016,2025-10-11,,,Withdrawn,Underwriting,,588,0.395,8.115,false,0,Fatima Parker,Cumulus OH Branch 2,Midwest,2025-10-01
LN-AP-002442,Chloe Phillips,Auto Loan,55313.52,Digital,E-0234,BR-028,2024-12-21,,,Withdrawn,Conditional Approval,,637,0.441,6.438,false,0,Henry Taylor,Cumulus WA Branch 2,Pacific,2024-12-01
LN-AP-002443,Marcus King,30-Year Fixed Mortgage,576867.02,Digital,E-0224,BR-027,2025-01-28,2025-02-18,2025-02-18,Funded,Funded,23.1,749,0.309,8.472,true,0,Priya Davis,Cumulus WA Branch 1,Pacific,2025-01-01
LN-AP-002444,Jamal Phillips,HELOC,145523.34,Branch,E-0229,BR-025,2025-08-01,2025-08-30,2025-08-30,Funded,Funded,32.5,725,0.378,7.825,true,0,Marcus Wilson,Cumulus CA Branch 1,Pacific,2025-08-01
LN-AP-002445,Priya Brown,Refinance,630107.28,Digital,E-0225,BR-021,2025-12-16,,,In Progress,Appraisal,,655,0.355,7.034,false,1,Henry Okafor,Cumulus UT Branch 1,Mountain West,2025-12-01
LN-AP-002446,Jonathan Adams,Auto Loan,20230.32,Digital,E-0235,BR-008,2026-01-24,2026-02-28,,Denied,Appraisal,,815,0.213,6.835,false,0,Ava Harris,Cumulus FL Branch 2,Southeast,2026-01-01
LN-AP-002447,Fatima King,30-Year Fixed Mortgage,434738.37,Loan Officer,E-0214,BR-027,2025-10-13,2025-11-23,2025-11-23,Funded,Funded,44.4,759,0.232,6.121,true,0,Amara Clark,Cumulus WA Branch 1,Pacific,2025-10-01
LN-AP-002448,Diego Wright,30-Year Fixed Mortgage,649255.63,Loan Officer,E-0216,BR-013,2025-04-05,2025-05-16,2025-05-16,Funded,Funded,44.1,573,0.223,8.21,true,0,Daniel Morris,Cumulus IL Branch 1,Midwest,2025-04-01
LN-AP-002449,Zara Hall,HELOC,50368.65,Loan Officer,E-0229,BR-025,2026-08-15,,,In Progress,Funded,,707,0.488,5.158,false,5,Marcus Wilson,Cumulus CA Branch 1,Pacific,2026-08-01
LN-AP-002450,Mateo Silva,HELOC,44234.76,Branch,E-0221,BR-016,2026-03-03,2026-03-29,,Denied,Conditional Approval,,805,0.449,6.314,false,0,Fatima Parker,Cumulus OH Branch 2,Midwest,2026-03-01
LN-AP-002451,Emma Taylor,15-Year Fixed Mortgage,417608.41,Digital,E-0215,BR-011,2025-11-05,2025-11-30,2025-11-30,Funded,Funded,28.0,802,0.241,6.37,true,0,Henry Patel,Cumulus NC Branch 1,Southeast,2025-11-01
LN-AP-002452,Maya Silva,Auto Loan,17098.06,Branch,E-0213,BR-023,2025-08-16,2025-09-13,2025-09-13,Funded,Funded,30.9,809,0.264,5.879,true,0,Jamal Lewis,Cumulus AZ Branch 1,Mountain West,2025-08-01
LN-AP-002453,Sofia Mitchell,Personal Loan,4457.36,Loan Officer,E-0232,BR-018,2024-12-23,2025-02-03,,Denied,Conditional Approval,,574,0.304,6.705,false,0,Tom Hall,Cumulus MN Branch 2,Midwest,2024-12-01
LN-AP-002454,Ines Edwards,HELOC,199338.96,Digital,E-0220,BR-005,2026-08-07,2026-08-30,2026-08-30,Funded,Funded,26.0,564,0.315,5.179,true,0,Luis Adams,Cumulus CT Branch 1,Northeast,2026-08-01
LN-AP-002455,Lauren Brown,15-Year Fixed Mortgage,791215.28,Digital,E-0212,BR-004,2025-05-02,2025-05-20,2025-05-20,Funded,Funded,21.6,702,0.513,6.132,true,0,Isabella Phillips,Cumulus MA Branch 2,Northeast,2025-05-01
LN-AP-002456,Luis Phillips,Auto Loan,27022.63,Branch,E-0225,BR-021,2025-07-14,2025-09-03,2025-09-03,Funded,Funded,55.8,823,0.325,5.841,true,0,Henry Okafor,Cumulus UT Branch 1,Mountain West,2025-07-01
LN-AP-002457,Henry Vaughn,Auto Loan,33211.0,Loan Officer,E-0219,BR-025,2025-04-10,2025-05-31,2025-05-31,Funded,Funded,54.8,795,0.271,6.919,true,0,Rosa Hall,Cumulus CA Branch 1,Pacific,2025-04-01
LN-AP-002458,Aisha Garcia,Personal Loan,8683.23,Loan Officer,E-0222,BR-026,2024-12-04,2025-01-12,2025-01-12,Funded,Funded,42.6,776,0.126,5.728,true,0,Rosa Carter,Cumulus CA Branch 2,Pacific,2024-12-01
LN-AP-002459,Mateo Baker,30-Year Fixed Mortgage,135545.51,Digital,E-0230,BR-009,2025-12-25,2026-01-11,,Denied,Document Collection,,681,0.488,8.806,false,0,Jamal Wright,Cumulus GA Branch 1,Southeast,2025-12-01
LN-AP-002460,Luis Walker,Refinance,247360.33,Loan Officer,E-0208,BR-027,2026-08-15,,,In Progress,Appraisal,,760,0.516,5.331,false,0,Yuki Campbell,Cumulus WA Branch 1,Pacific,2026-08-01
LN-AP-002461,Zara Davis,30-Year Fixed Mortgage,459519.07,Digital,E-0235,BR-008,2026-05-13,2026-05-24,,Denied,Document Collection,,696,0.165,7.988,false,0,Ava Harris,Cumulus FL Branch 2,Southeast,2026-05-01
LN-AP-002462,Elena Hall,Auto Loan,55302.72,Broker,E-0212,BR-004,2024-12-27,2025-01-21,,Denied,Underwriting,,769,0.426,6.285,false,0,Isabella Phillips,Cumulus MA Branch 2,Northeast,2024-12-01
LN-AP-002463,Victor Edwards,30-Year Fixed Mortgage,180421.37,Branch,E-0224,BR-027,2025-04-21,2025-05-23,2025-05-23,Funded,Funded,35.6,564,0.363,7.597,true,0,Priya Davis,Cumulus WA Branch 1,Pacific,2025-04-01
LN-AP-002464,Daniel Chen,Refinance,700778.08,Loan Officer,E-0233,BR-025,2026-08-11,,,In Progress,Underwriting,,715,0.199,5.763,false,6,Jamal Adams,Cumulus CA Branch 1,Pacific,2026-08-01
LN-AP-002465,Ravi Moore,Auto Loan,15483.69,Branch,E-0226,BR-010,2025-07-13,2025-08-29,2025-08-29,Funded,Funded,49.6,813,0.397,7.123,true,0,Andre Evans,Cumulus GA Branch 2,Southeast,2025-07-01
LN-AP-002466,Chloe Carter,Personal Loan,32950.03,Digital,E-0207,BR-022,2025-03-05,2025-03-26,2025-03-26,Funded,Funded,24.0,646,0.138,6.819,true,0,Priya Davis,Cumulus UT Branch 2,Mountain West,2025-03-01
LN-AP-002467,Wei Martinez,HELOC,81403.66,Loan Officer,E-0231,BR-010,2024-12-18,2025-01-27,2025-01-27,Funded,Funded,44.5,812,0.193,5.164,true,0,Maya Edwards,Cumulus GA Branch 2,Southeast,2024-12-01
LN-AP-002468,Mei Mitchell,30-Year Fixed Mortgage,1089528.77,Loan Officer,E-0212,BR-004,2025-06-24,2025-07-26,2025-07-26,Funded,Funded,34.0,604,0.416,5.136,true,0,Isabella Phillips,Cumulus MA Branch 2,Northeast,2025-06-01
LN-AP-002469,Layla Patel,HELOC,48903.66,Digital,E-0214,BR-027,2026-01-29,2026-03-07,2026-03-07,Funded,Funded,42.0,728,0.263,7.799,true,0,Amara Clark,Cumulus WA Branch 1,Pacific,2026-01-01
LN-AP-002470,Zara Nguyen,15-Year Fixed Mortgage,435620.09,Branch,E-0213,BR-023,2026-03-10,,,Withdrawn,Application Submitted,,784,0.373,5.531,false,0,Jamal Lewis,Cumulus AZ Branch 1,Mountain West,2026-03-01
LN-AP-002471,Luis Kim,Refinance,1520000,Branch,E-0234,BR-028,2026-07-22,,,In Progress,Appraisal,,612,0.415,5.935,false,4,Henry Taylor,Cumulus WA Branch 2,Pacific,2026-07-01
LN-AP-002472,Nina Carter,Refinance,291090.02,Broker,E-0217,BR-015,2025-08-19,2025-09-28,2025-09-28,Funded,Funded,44.2,721,0.37,5.195,true,0,Amara Green,Cumulus OH Branch 1,Midwest,2025-08-01
LN-AP-002473,Derek Moore,30-Year Fixed Mortgage,551613.78,Digital,E-0218,BR-012,2026-06-03,,,In Progress,Underwriting,,598,0.158,8.13,false,1,Carlos Scott,Cumulus NC Branch 2,Southeast,2026-06-01
LN-AP-002474,Sofia Chen,30-Year Fixed Mortgage,785867.84,Digital,E-0233,BR-025,2025-08-25,2025-08-26,,Denied,Application Submitted,,749,0.336,7.228,false,0,Jamal Adams,Cumulus CA Branch 1,Pacific,2025-08-01
LN-AP-002475,Ethan Mitchell,15-Year Fixed Mortgage,219610.91,Broker,E-0224,BR-027,2025-04-28,2025-04-28,,Denied,Application Submitted,,799,0.452,5.829,false,0,Priya Davis,Cumulus WA Branch 1,Pacific,2025-04-01
LN-AP-002476,Felix Martinez,Auto Loan,22633.55,Loan Officer,E-0225,BR-021,2025-12-23,2026-01-22,2026-01-22,Funded,Funded,34.0,638,0.258,7.639,true,0,Henry Okafor,Cumulus UT Branch 1,Mountain West,2025-12-01
LN-AP-002477,Andre Mitchell,30-Year Fixed Mortgage,429562.19,Digital,E-0215,BR-011,2026-04-28,2026-05-28,2026-05-28,Funded,Funded,33.3,737,0.265,7.271,true,0,Henry Patel,Cumulus NC Branch 1,Southeast,2026-04-01
LN-AP-002478,Diego Allen,Auto Loan,79901.4,Branch,E-0235,BR-008,2024-10-27,2024-11-26,2024-11-26,Funded,Funded,33.6,663,0.479,5.19,true,0,Ava Harris,Cumulus FL Branch 2,Southeast,2024-10-01
LN-AP-002479,Henry Wilson,30-Year Fixed Mortgage,355449.54,Branch,E-0210,BR-019,2025-10-08,2025-11-01,2025-11-01,Funded,Funded,27.7,687,0.461,6.593,true,0,Luis Garcia,Cumulus CO Branch 1,Mountain West,2025-10-01
LN-AP-002480,Kenji White,30-Year Fixed Mortgage,162876.83,Digital,E-0210,BR-019,2024-12-26,2025-01-24,2025-01-24,Funded,Funded,31.4,724,0.432,7.748,true,0,Luis Garcia,Cumulus CO Branch 1,Mountain West,2024-12-01
LN-AP-002481,Isabella Adams,Refinance,351381.74,Digital,E-0219,BR-025,2026-01-23,2026-02-22,2026-02-22,Funded,Funded,32.7,818,0.352,8.028,true,0,Rosa Hall,Cumulus CA Branch 1,Pacific,2026-01-01
LN-AP-002482,Fatima Campbell,Auto Loan,17135.7,Digital,E-0215,BR-011,2025-01-02,2025-02-06,2025-02-06,Funded,Funded,37.2,776,0.479,7.316,true,0,Henry Patel,Cumulus NC Branch 1,Southeast,2025-01-01
LN-AP-002483,Mateo Carter,30-Year Fixed Mortgage,364923.26,Digital,E-0211,BR-012,2025-06-17,2025-06-29,,Denied,Underwriting,,736,0.126,5.908,false,0,Priya Young,Cumulus NC Branch 2,Southeast,2025-06-01
LN-AP-002484,Nora Johnson,Refinance,418721.13,Branch,E-0235,BR-008,2025-07-24,,,Withdrawn,Conditional Approval,,792,0.475,7.807,false,0,Ava Harris,Cumulus FL Branch 2,Southeast,2025-07-01
LN-AP-002485,Wei Nguyen,Personal Loan,13399.6,Digital,E-0209,BR-006,2025-04-20,2025-05-21,2025-05-21,Funded,Funded,33.8,766,0.321,8.788,true,0,Yuki Stewart,Cumulus CT Branch 2,Northeast,2025-04-01
LN-AP-002486,Amara Vaughn,30-Year Fixed Mortgage,290958.19,Broker,E-0233,BR-025,2026-02-06,2026-04-01,2026-04-01,Funded,Funded,57.6,583,0.365,6.455,true,0,Jamal Adams,Cumulus CA Branch 1,Pacific,2026-02-01
LN-AP-002487,Diego Nguyen,30-Year Fixed Mortgage,473512.96,Branch,E-0213,BR-023,2025-04-27,2025-06-07,2025-06-07,Funded,Funded,43.6,828,0.369,6.857,true,0,Jamal Lewis,Cumulus AZ Branch 1,Mountain West,2025-04-01
LN-AP-002488,Owen Nguyen,HELOC,282102.41,Branch,E-0222,BR-026,2026-05-27,2026-07-16,2026-07-16,Funded,Funded,53.5,622,0.198,8.2,true,0,Rosa Carter,Cumulus CA Branch 2,Pacific,2026-05-01
LN-AP-002489,Maya Collins,15-Year Fixed Mortgage,407954.03,Broker,E-0233,BR-025,2026-04-20,2026-05-17,2026-05-17,Funded,Funded,30.0,729,0.5,7.698,true,0,Jamal Adams,Cumulus CA Branch 1,Pacific,2026-04-01
LN-AP-002490,Kenji Vaughn,Auto Loan,27110.04,Branch,E-0233,BR-025,2025-07-07,2025-08-06,2025-08-06,Funded,Funded,33.1,593,0.478,6.992,true,0,Jamal Adams,Cumulus CA Branch 1,Pacific,2025-07-01
LN-AP-002491,Carlos Scott,Refinance,301212.21,Loan Officer,E-0227,BR-016,2024-11-17,2024-12-23,2024-12-23,Funded,Funded,38.5,809,0.337,5.152,true,0,Zara Young,Cumulus OH Branch 2,Midwest,2024-11-01
LN-AP-002492,Isabella Clark,30-Year Fixed Mortgage,572854.26,Branch,E-0228,BR-013,2025-05-23,2025-06-18,2025-06-18,Funded,Funded,28.8,660,0.338,5.184,true,0,Kenji Silva,Cumulus IL Branch 1,Midwest,2025-05-01
LN-AP-002493,Jamal Phillips,30-Year Fixed Mortgage,484179.26,Digital,E-0214,BR-027,2024-12-20,2025-01-13,2025-01-13,Funded,Funded,27.7,699,0.226,7.047,true,0,Amara Clark,Cumulus WA Branch 1,Pacific,2024-12-01
LN-AP-002494,Sara Silva,30-Year Fixed Mortgage,207983.63,Branch,E-0230,BR-009,2024-11-18,,,In Progress,Appraisal,,581,0.417,5.179,false,1,Jamal Wright,Cumulus GA Branch 1,Southeast,2024-11-01
LN-AP-002495,Ravi Patel,HELOC,148105.55,Branch,E-0231,BR-010,2025-04-01,,,Withdrawn,Appraisal,,754,0.358,7.854,false,0,Maya Edwards,Cumulus GA Branch 2,Southeast,2025-04-01
LN-AP-002496,Felix Davis,Auto Loan,36930.57,Branch,E-0230,BR-009,2026-05-18,2026-06-24,,Denied,Appraisal,,584,0.228,6.218,false,0,Jamal Wright,Cumulus GA Branch 1,Southeast,2026-05-01
LN-AP-002497,Noah Lewis,Auto Loan,35771.44,Digital,E-0218,BR-012,2026-04-23,2026-04-23,,Denied,Application Submitted,,586,0.356,7.725,false,0,Carlos Scott,Cumulus NC Branch 2,Southeast,2026-04-01
LN-AP-002498,Derek Campbell,30-Year Fixed Mortgage,1227785.67,Digital,E-0226,BR-010,2024-12-31,2025-01-28,2025-01-28,Funded,Funded,30.0,590,0.154,8.088,true,0,Andre Evans,Cumulus GA Branch 2,Southeast,2024-12-01
LN-AP-002499,Jonathan Taylor,Refinance,1052563.75,Digital,E-0209,BR-006,2024-10-27,,,Withdrawn,Conditional Approval,,760,0.406,8.736,false,0,Yuki Stewart,Cumulus CT Branch 2,Northeast,2024-10-01
LN-AP-002500,Isabella Campbell,30-Year Fixed Mortgage,328965.43,Loan Officer,E-0207,BR-022,2026-01-16,2026-02-04,2026-02-04,Funded,Funded,23.1,713,0.279,8.429,true,0,Priya Davis,Cumulus UT Branch 2,Mountain West,2026-01-01
LN-AP-002501,Daniel Lopez,HELOC,124154.91,Loan Officer,E-0216,BR-013,2025-09-16,2025-10-07,2025-10-07,Funded,Funded,25.2,710,0.194,6.039,true,0,Daniel Morris,Cumulus IL Branch 1,Midwest,2025-09-01
LN-AP-002502,Nora Clark,HELOC,82098.87,Digital,E-0220,BR-005,2025-10-05,2025-11-06,2025-11-06,Funded,Funded,35.5,823,0.132,6.524,true,0,Luis Adams,Cumulus CT Branch 1,Northeast,2025-10-01
LN-AP-002503,Luis Parker,15-Year Fixed Mortgage,159749.81,Digital,E-0224,BR-027,2025-06-27,2025-07-23,2025-07-23,Funded,Funded,29.0,640,0.458,5.443,true,0,Priya Davis,Cumulus WA Branch 1,Pacific,2025-06-01
LN-AP-002504,Aisha Phillips,HELOC,102388.71,Digital,E-0215,BR-011,2025-03-16,,,In Progress,Appraisal,,585,0.258,6.929,false,6,Henry Patel,Cumulus NC Branch 1,Southeast,2025-03-01
LN-AP-002505,Sofia Hall,HELOC,163481.02,Branch,E-0220,BR-005,2025-10-30,2025-11-28,2025-11-28,Funded,Funded,32.7,712,0.386,7.75,true,0,Luis Adams,Cumulus CT Branch 1,Northeast,2025-10-01
LN-AP-002506,Derek Ashford,30-Year Fixed Mortgage,287018.62,Loan Officer,E-0222,BR-026,2026-05-29,,,In Progress,Application Submitted,,607,0.419,5.775,false,0,Rosa Carter,Cumulus CA Branch 2,Pacific,2026-05-01
LN-AP-002507,Amara Phillips,Auto Loan,25413.16,Loan Officer,E-0214,BR-027,2025-08-19,2025-09-15,2025-09-15,Funded,Funded,30.6,689,0.447,5.133,true,0,Amara Clark,Cumulus WA Branch 1,Pacific,2025-08-01
LN-AP-002508,Marcus Campbell,Auto Loan,63935.5,Digital,E-0207,BR-022,2025-03-22,2025-04-15,2025-04-15,Funded,Funded,28.1,813,0.507,8.04,true,0,Priya Davis,Cumulus UT Branch 2,Mountain West,2025-03-01
LN-AP-002509,Ines Turner,Auto Loan,18658.52,Digital,E-0216,BR-013,2024-10-11,2024-12-23,2024-12-23,Funded,Funded,75.7,562,0.166,8.518,true,0,Daniel Morris,Cumulus IL Branch 1,Midwest,2024-10-01
LN-AP-002510,Lauren Nguyen,30-Year Fixed Mortgage,405469.21,Digital,E-0226,BR-010,2025-01-18,,,In Progress,Conditional Approval,,714,0.295,8.478,false,6,Andre Evans,Cumulus GA Branch 2,Southeast,2025-01-01
LN-AP-002511,Lauren Scott,Personal Loan,9751.82,Digital,E-0210,BR-019,2025-11-21,,,In Progress,Document Collection,,581,0.44,6.813,false,6,Luis Garcia,Cumulus CO Branch 1,Mountain West,2025-11-01
LN-AP-002512,Elena Ashford,15-Year Fixed Mortgage,408947.91,Digital,E-0230,BR-009,2025-09-14,2025-10-20,2025-10-20,Funded,Funded,37.9,724,0.129,7.01,true,0,Jamal Wright,Cumulus GA Branch 1,Southeast,2025-09-01
LN-AP-002513,Leo Johnson,15-Year Fixed Mortgage,208269.2,Branch,E-0231,BR-010,2025-09-13,2025-10-18,2025-10-18,Funded,Funded,39.8,695,0.514,5.569,true,0,Maya Edwards,Cumulus GA Branch 2,Southeast,2025-09-01
LN-AP-002514,Nina Chen,Personal Loan,6403.23,Branch,E-0220,BR-005,2025-07-21,2025-08-28,2025-08-28,Funded,Funded,40.5,657,0.409,7.484,true,0,Luis Adams,Cumulus CT Branch 1,Northeast,2025-07-01
LN-AP-002515,Ines Adams,HELOC,61349.84,Digital,E-0209,BR-006,2025-11-01,2025-12-04,,Denied,Appraisal,,655,0.497,8.337,false,0,Yuki Stewart,Cumulus CT Branch 2,Northeast,2025-11-01
LN-AP-002516,Isabella Davis,30-Year Fixed Mortgage,255132.96,Digital,E-0215,BR-011,2025-07-03,2025-08-04,2025-08-04,Funded,Funded,35.5,711,0.246,7.25,true,0,Henry Patel,Cumulus NC Branch 1,Southeast,2025-07-01
LN-AP-002517,Henry Green,Auto Loan,20719.39,Branch,E-0209,BR-006,2025-04-29,2025-06-12,,Denied,Appraisal,,780,0.206,5.97,false,0,Yuki Stewart,Cumulus CT Branch 2,Northeast,2025-04-01
LN-AP-002518,Carlos Adams,30-Year Fixed Mortgage,141779.43,Branch,E-0209,BR-006,2026-04-15,2026-05-29,2026-05-29,Funded,Funded,46.3,828,0.387,8.696,true,0,Yuki Stewart,Cumulus CT Branch 2,Northeast,2026-04-01
LN-AP-002519,Kenji Ashford,30-Year Fixed Mortgage,170821.36,Digital,E-0227,BR-016,2025-05-22,,,Withdrawn,Application Submitted,,580,0.264,7.055,false,0,Zara Young,Cumulus OH Branch 2,Midwest,2025-05-01
LN-AP-002520,Nina Hall,Personal Loan,14602.39,Digital,E-0212,BR-004,2025-09-24,2025-10-24,2025-10-24,Funded,Funded,34.4,826,0.279,7.023,true,0,Isabella Phillips,Cumulus MA Branch 2,Northeast,2025-09-01
LN-AP-002521,Priya Phillips,Personal Loan,16316.19,Digital,E-0225,BR-021,2025-01-16,,,Withdrawn,Underwriting,,607,0.34,5.854,false,0,Henry Okafor,Cumulus UT Branch 1,Mountain West,2025-01-01
LN-AP-002522,Yuki Nguyen,15-Year Fixed Mortgage,397245.98,Digital,E-0210,BR-019,2025-02-27,,,Withdrawn,Underwriting,,714,0.305,7.024,false,0,Luis Garcia,Cumulus CO Branch 1,Mountain West,2025-02-01
LN-AP-002523,Ava Martinez,HELOC,77255.3,Loan Officer,E-0227,BR-016,2025-09-06,2025-10-19,2025-10-19,Funded,Funded,45.8,673,0.261,6.911,true,0,Zara Young,Cumulus OH Branch 2,Midwest,2025-09-01
LN-AP-002524,Ravi Lewis,30-Year Fixed Mortgage,453968.59,Loan Officer,E-0215,BR-011,2026-07-20,,,Withdrawn,Underwriting,,646,0.374,7.54,false,0,Henry Patel,Cumulus NC Branch 1,Southeast,2026-07-01
LN-AP-002525,Tom Thomas,30-Year Fixed Mortgage,485478.77,Loan Officer,E-0220,BR-005,2025-06-27,2025-07-28,2025-07-28,Funded,Funded,34.3,820,0.505,5.366,true,0,Luis Adams,Cumulus CT Branch 1,Northeast,2025-06-01
LN-AP-002526,Kenji Patel,Refinance,380681.65,Loan Officer,E-0216,BR-013,2025-04-01,2025-05-12,2025-05-12,Funded,Funded,44.5,759,0.356,8.417,true,0,Daniel Morris,Cumulus IL Branch 1,Midwest,2025-04-01
LN-AP-002527,Olivia Clark,15-Year Fixed Mortgage,630159.33,Broker,E-0207,BR-022,2025-08-18,,,In Progress,Conditional Approval,,695,0.236,7.327,false,4,Priya Davis,Cumulus UT Branch 2,Mountain West,2025-08-01
LN-AP-002528,Sofia Phillips,HELOC,109094.8,Branch,E-0216,BR-013,2025-10-27,2025-12-08,2025-12-08,Funded,Funded,44.5,617,0.221,7.264,true,0,Daniel Morris,Cumulus IL Branch 1,Midwest,2025-10-01
LN-AP-002529,Ava Lewis,Auto Loan,23691.24,Digital,E-0207,BR-022,2024-12-07,2025-01-15,2025-01-15,Funded,Funded,42.2,735,0.207,8.835,true,0,Priya Davis,Cumulus UT Branch 2,Mountain West,2024-12-01
LN-AP-002530,Maya Phillips,30-Year Fixed Mortgage,440524.3,Branch,E-0222,BR-026,2025-04-01,2025-04-29,2025-04-29,Funded,Funded,31.2,790,0.335,8.674,true,0,Rosa Carter,Cumulus CA Branch 2,Pacific,2025-04-01
LN-AP-002531,Hannah Scott,30-Year Fixed Mortgage,521960.83,Loan Officer,E-0231,BR-010,2024-11-01,2024-12-16,2024-12-16,Funded,Funded,47.9,706,0.364,8.05,true,0,Maya Edwards,Cumulus GA Branch 2,Southeast,2024-11-01
LN-AP-002532,Henry Turner,30-Year Fixed Mortgage,402889.14,Digital,E-0219,BR-025,2026-04-09,2026-05-13,2026-05-13,Funded,Funded,38.2,709,0.344,8.724,true,0,Rosa Hall,Cumulus CA Branch 1,Pacific,2026-04-01
LN-AP-002533,Ava Edwards,30-Year Fixed Mortgage,990561.58,Digital,E-0231,BR-010,2025-05-14,,,Withdrawn,Underwriting,,598,0.369,8.304,false,0,Maya Edwards,Cumulus GA Branch 2,Southeast,2025-05-01
LN-AP-002534,Ethan Johnson,Auto Loan,101791.91,Digital,E-0224,BR-027,2025-07-30,2025-08-26,2025-08-26,Funded,Funded,31.0,618,0.387,6.12,true,0,Priya Davis,Cumulus WA Branch 1,Pacific,2025-07-01
LN-AP-002535,Naomi Ashford,Personal Loan,11783.22,Loan Officer,E-0211,BR-012,2024-11-24,2024-12-17,2024-12-17,Funded,Funded,25.7,770,0.173,5.951,true,0,Priya Young,Cumulus NC Branch 2,Southeast,2024-11-01
LN-AP-002536,Owen Young,30-Year Fixed Mortgage,546076.08,Digital,E-0218,BR-012,2025-06-07,2025-07-10,2025-07-10,Funded,Funded,37.0,784,0.149,8.695,true,0,Carlos Scott,Cumulus NC Branch 2,Southeast,2025-06-01
LN-AP-002537,Chloe Baker,30-Year Fixed Mortgage,633065.73,Digital,E-0206,BR-020,2025-10-22,2025-12-05,2025-12-05,Funded,Funded,48.0,696,0.374,6.968,true,0,Ben Taylor,Cumulus CO Branch 2,Mountain West,2025-10-01
LN-AP-002538,Rosa Ashford,Auto Loan,27009.11,Loan Officer,E-0218,BR-012,2024-10-22,2024-12-11,2024-12-11,Funded,Funded,54.0,783,0.516,7.096,true,0,Carlos Scott,Cumulus NC Branch 2,Southeast,2024-10-01
LN-AP-002539,Daniel White,HELOC,143416.43,Broker,E-0214,BR-027,2026-01-02,,,In Progress,Conditional Approval,,679,0.158,8.317,false,4,Amara Clark,Cumulus WA Branch 1,Pacific,2026-01-01
LN-AP-002540,Elena Wilson,Auto Loan,50691.84,Branch,E-0210,BR-019,2025-09-02,,,Withdrawn,Underwriting,,577,0.497,5.647,false,0,Luis Garcia,Cumulus CO Branch 1,Mountain West,2025-09-01
LN-AP-002541,Maya Martinez,15-Year Fixed Mortgage,224276.31,Loan Officer,E-0233,BR-025,2026-05-23,2026-07-13,2026-07-13,Funded,Funded,54.1,749,0.264,5.683,true,0,Jamal Adams,Cumulus CA Branch 1,Pacific,2026-05-01
LN-AP-002542,Kenji Patel,Refinance,663797.0,Digital,E-0219,BR-025,2025-02-16,2025-03-20,2025-03-20,Funded,Funded,35.1,777,0.484,6.911,true,0,Rosa Hall,Cumulus CA Branch 1,Pacific,2025-02-01
LN-AP-002543,Mei Collins,HELOC,102667.49,Branch,E-0217,BR-015,2025-09-27,,,Withdrawn,Appraisal,,706,0.396,7.974,false,0,Amara Green,Cumulus OH Branch 1,Midwest,2025-09-01
LN-AP-002544,Mei White,HELOC,110425.11,Digital,E-0230,BR-009,2025-03-23,2025-05-03,2025-05-03,Funded,Funded,44.4,578,0.227,5.23,true,0,Jamal Wright,Cumulus GA Branch 1,Southeast,2025-03-01
LN-AP-002545,Julian Ashford,Personal Loan,14532.48,Digital,E-0219,BR-025,2024-10-19,2024-12-08,2024-12-08,Funded,Funded,53.4,786,0.143,6.736,true,0,Rosa Hall,Cumulus CA Branch 1,Pacific,2024-10-01
LN-AP-002546,Tom Scott,Auto Loan,37709.35,Broker,E-0226,BR-010,2025-12-11,2025-12-11,,Denied,Application Submitted,,765,0.34,7.375,false,0,Andre Evans,Cumulus GA Branch 2,Southeast,2025-12-01
LN-AP-002547,Julian Harris,HELOC,113054.79,Branch,E-0223,BR-001,2025-01-16,2025-02-25,2025-02-25,Funded,Funded,42.1,778,0.476,6.515,true,0,Noah Adams,Cumulus NY Branch 1,Northeast,2025-01-01
LN-AP-002548,Marcus Morris,15-Year Fixed Mortgage,171365.4,Loan Officer,E-0207,BR-022,2026-01-25,2026-03-11,2026-03-11,Funded,Funded,48.5,789,0.178,8.401,true,0,Priya Davis,Cumulus UT Branch 2,Mountain West,2026-01-01
LN-AP-002549,Grace Allen,Personal Loan,42488.35,Digital,E-0219,BR-025,2024-10-28,2024-11-30,2024-11-30,Funded,Funded,37.3,783,0.195,7.586,true,0,Rosa Hall,Cumulus CA Branch 1,Pacific,2024-10-01
LN-AP-002550,Aisha Taylor,Auto Loan,47467.03,Branch,E-0219,BR-025,2025-10-25,2026-01-16,2026-01-16,Funded,Funded,86.3,600,0.272,5.984,true,0,Rosa Hall,Cumulus CA Branch 1,Pacific,2025-10-01
LN-AP-002551,Sofia Vaughn,30-Year Fixed Mortgage,198134.73,Broker,E-0222,BR-026,2026-06-23,2026-08-03,2026-08-03,Funded,Funded,43.3,667,0.164,6.226,true,0,Rosa Carter,Cumulus CA Branch 2,Pacific,2026-06-01
LN-AP-002552,Kenji Young,30-Year Fixed Mortgage,618433.66,Branch,E-0223,BR-001,2025-10-30,2026-01-04,2026-01-04,Funded,Funded,70.1,562,0.327,6.354,true,0,Noah Adams,Cumulus NY Branch 1,Northeast,2025-10-01
LN-AP-002553,Henry Phillips,HELOC,110900.39,Digital,E-0216,BR-013,2025-03-22,2025-04-22,2025-04-22,Funded,Funded,34.3,563,0.273,6.27,true,0,Daniel Morris,Cumulus IL Branch 1,Midwest,2025-03-01
LN-AP-002554,Luis Martinez,15-Year Fixed Mortgage,537091.4,Digital,E-0223,BR-001,2025-06-25,2025-07-19,2025-07-19,Funded,Funded,27.3,649,0.348,8.503,true,0,Noah Adams,Cumulus NY Branch 1,Northeast,2025-06-01
LN-AP-002555,Julian Lewis,30-Year Fixed Mortgage,566021.24,Digital,E-0230,BR-009,2026-06-13,2026-07-10,2026-07-10,Funded,Funded,30.9,781,0.468,7.466,true,0,Jamal Wright,Cumulus GA Branch 1,Southeast,2026-06-01
LN-AP-002556,Luis Garcia,Auto Loan,33331.82,Digital,E-0216,BR-013,2025-08-22,2025-09-13,2025-09-13,Funded,Funded,25.4,740,0.358,5.893,true,0,Daniel Morris,Cumulus IL Branch 1,Midwest,2025-08-01
LN-AP-002557,Rosa Nelson,Refinance,404489.65,Broker,E-0213,BR-023,2025-03-11,2025-04-28,2025-04-28,Funded,Funded,51.6,770,0.476,8.83,true,0,Jamal Lewis,Cumulus AZ Branch 1,Mountain West,2025-03-01
LN-AP-002558,Samuel Miller,15-Year Fixed Mortgage,222268.62,Digital,E-0207,BR-022,2025-01-03,,,In Progress,Application Submitted,,690,0.389,8.764,false,5,Priya Davis,Cumulus UT Branch 2,Mountain West,2025-01-01
LN-AP-002559,Victor Vaughn,HELOC,107431.11,Digital,E-0232,BR-018,2024-11-16,2024-12-03,2024-12-03,Funded,Funded,20.5,815,0.271,6.412,true,0,Tom Hall,Cumulus MN Branch 2,Midwest,2024-11-01
LN-AP-002560,Noah Moore,Personal Loan,16915.93,Loan Officer,E-0220,BR-005,2026-08-25,,,In Progress,Underwriting,,774,0.254,7.406,false,1,Luis Adams,Cumulus CT Branch 1,Northeast,2026-08-01
LN-AP-002561,Victor Nelson,30-Year Fixed Mortgage,309455.94,Loan Officer,E-0235,BR-008,2025-05-20,,,In Progress,Appraisal,,770,0.409,7.977,false,2,Ava Harris,Cumulus FL Branch 2,Southeast,2025-05-01
LN-AP-002562,Ben Nguyen,Auto Loan,28886.72,Loan Officer,E-0221,BR-016,2025-05-01,2025-06-04,2025-06-04,Funded,Funded,36.8,797,0.28,7.637,true,0,Fatima Parker,Cumulus OH Branch 2,Midwest,2025-05-01
LN-AP-002563,Olivia Harris,30-Year Fixed Mortgage,285838.44,Branch,E-0206,BR-020,2025-04-16,2025-05-23,2025-05-23,Funded,Funded,41.4,564,0.128,7.874,true,0,Ben Taylor,Cumulus CO Branch 2,Mountain West,2025-04-01
LN-AP-002564,Mei Collins,Personal Loan,20756.75,Digital,E-0227,BR-016,2024-11-21,2024-12-13,2024-12-13,Funded,Funded,25.8,807,0.266,6.112,true,0,Zara Young,Cumulus OH Branch 2,Midwest,2024-11-01
LN-AP-002565,Noah Morris,Personal Loan,24093.55,Digital,E-0209,BR-006,2024-10-22,2024-11-08,,Denied,Document Collection,,786,0.399,7.684,false,0,Yuki Stewart,Cumulus CT Branch 2,Northeast,2024-10-01
LN-AP-002566,Elena Moore,Personal Loan,12420.09,Broker,E-0227,BR-016,2025-10-07,2025-11-15,2025-11-15,Funded,Funded,41.8,683,0.234,8.277,true,0,Zara Young,Cumulus OH Branch 2,Midwest,2025-10-01
LN-AP-002567,Emma Chen,Auto Loan,21672.49,Digital,E-0227,BR-016,2025-07-02,2025-08-02,2025-08-02,Funded,Funded,34.6,819,0.442,5.717,true,0,Zara Young,Cumulus OH Branch 2,Midwest,2025-07-01
LN-AP-002568,Emma Ashford,HELOC,56628.38,Branch,E-0213,BR-023,2025-10-11,,,Withdrawn,Appraisal,,628,0.216,5.201,false,0,Jamal Lewis,Cumulus AZ Branch 1,Mountain West,2025-10-01
LN-AP-002569,Priya Phillips,Auto Loan,50858.97,Branch,E-0222,BR-026,2025-03-22,2025-04-12,2025-04-12,Funded,Funded,25.0,660,0.403,7.704,true,0,Rosa Carter,Cumulus CA Branch 2,Pacific,2025-03-01
LN-AP-002570,Lauren Brown,30-Year Fixed Mortgage,343736.97,Digital,E-0228,BR-013,2025-04-16,2025-05-25,2025-05-25,Funded,Funded,41.8,670,0.18,6.766,true,0,Kenji Silva,Cumulus IL Branch 1,Midwest,2025-04-01
LN-AP-002571,Aisha Edwards,Auto Loan,26917.15,Loan Officer,E-0234,BR-028,2024-12-09,2025-01-08,2025-01-08,Funded,Funded,34.0,675,0.223,6.57,true,0,Henry Taylor,Cumulus WA Branch 2,Pacific,2024-12-01
LN-AP-002572,Kenji Lewis,15-Year Fixed Mortgage,216448.74,Digital,E-0215,BR-011,2026-03-26,2026-05-04,2026-05-04,Funded,Funded,41.4,605,0.366,8.441,true,0,Henry Patel,Cumulus NC Branch 1,Southeast,2026-03-01
LN-AP-002573,Carlos Hall,15-Year Fixed Mortgage,175669.17,Digital,E-0227,BR-016,2024-10-05,2024-11-22,2024-11-22,Funded,Funded,51.5,663,0.224,8.844,true,0,Zara Young,Cumulus OH Branch 2,Midwest,2024-10-01
LN-AP-002574,Wei Chen,30-Year Fixed Mortgage,375087.53,Digital,E-0229,BR-025,2025-02-13,2025-03-08,2025-03-08,Funded,Funded,28.1,799,0.404,5.521,true,0,Marcus Wilson,Cumulus CA Branch 1,Pacific,2025-02-01
LN-AP-002575,Maya Roberts,15-Year Fixed Mortgage,569627.58,Branch,E-0235,BR-008,2026-01-12,2026-02-07,2026-02-07,Funded,Funded,29.2,574,0.307,5.966,true,0,Ava Harris,Cumulus FL Branch 2,Southeast,2026-01-01
LN-AP-002576,Julian Baker,15-Year Fixed Mortgage,261515.97,Digital,E-0208,BR-027,2025-03-16,2025-04-06,2025-04-06,Funded,Funded,23.5,700,0.405,7.74,true,0,Yuki Campbell,Cumulus WA Branch 1,Pacific,2025-03-01
LN-AP-002577,Daniel Martinez,Refinance,411425.25,Loan Officer,E-0224,BR-027,2026-06-16,2026-07-23,2026-07-23,Funded,Funded,39.4,577,0.341,6.375,true,0,Priya Davis,Cumulus WA Branch 1,Pacific,2026-06-01
LN-AP-002578,Kenji Moore,Auto Loan,46153.82,Broker,E-0233,BR-025,2025-08-05,2025-09-16,2025-09-16,Funded,Funded,45.9,704,0.25,8.757,true,0,Jamal Adams,Cumulus CA Branch 1,Pacific,2025-08-01
LN-AP-002579,Daniel White,Personal Loan,26453.23,Branch,E-0235,BR-008,2025-07-26,2025-09-02,2025-09-02,Funded,Funded,40.7,806,0.518,5.826,true,0,Ava Harris,Cumulus FL Branch 2,Southeast,2025-07-01
LN-AP-002580,Tom Phillips,Auto Loan,35606.43,Digital,E-0221,BR-016,2026-04-30,2026-05-28,2026-05-28,Funded,Funded,32.2,784,0.128,8.383,true,0,Fatima Parker,Cumulus OH Branch 2,Midwest,2026-04-01
LN-AP-002581,Felix Wright,HELOC,68011.12,Loan Officer,E-0216,BR-013,2025-09-27,2025-10-20,,Denied,Document Collection,,573,0.288,6.493,false,0,Daniel Morris,Cumulus IL Branch 1,Midwest,2025-09-01
LN-AP-002582,Maya Morris,30-Year Fixed Mortgage,775917.45,Loan Officer,E-0229,BR-025,2024-12-06,2025-01-09,2025-01-09,Funded,Funded,37.3,608,0.491,8.534,true,0,Marcus Wilson,Cumulus CA Branch 1,Pacific,2024-12-01
LN-AP-002583,Mateo Nelson,30-Year Fixed Mortgage,259421.96,Loan Officer,E-0220,BR-005,2024-11-02,2024-12-07,2024-12-07,Funded,Funded,39.3,809,0.248,6.068,true,0,Luis Adams,Cumulus CT Branch 1,Northeast,2024-11-01
LN-AP-002584,Chloe Anderson,30-Year Fixed Mortgage,154949.75,Loan Officer,E-0222,BR-026,2025-04-05,,,In Progress,Conditional Approval,,703,0.358,8.791,false,6,Rosa Carter,Cumulus CA Branch 2,Pacific,2025-04-01
LN-AP-002585,Mateo Parker,30-Year Fixed Mortgage,592542.44,Broker,E-0227,BR-016,2026-08-23,,,Withdrawn,Application Submitted,,579,0.133,6.958,false,0,Zara Young,Cumulus OH Branch 2,Midwest,2026-08-01
LN-AP-002586,Zara Adams,Auto Loan,35729.74,Loan Officer,E-0209,BR-006,2025-11-21,2025-12-20,2025-12-20,Funded,Funded,32.7,808,0.429,8.362,true,0,Yuki Stewart,Cumulus CT Branch 2,Northeast,2025-11-01
LN-AP-002587,Isabella Taylor,Auto Loan,37212.56,Loan Officer,E-0211,BR-012,2025-05-10,2025-06-06,,Denied,Conditional Approval,,647,0.302,8.415,false,0,Priya Young,Cumulus NC Branch 2,Southeast,2025-05-01
LN-AP-002588,Layla White,HELOC,102954.22,Branch,E-0227,BR-016,2026-08-29,,,In Progress,Conditional Approval,,824,0.285,5.251,false,2,Zara Young,Cumulus OH Branch 2,Midwest,2026-08-01
LN-AP-002589,Zara Johnson,30-Year Fixed Mortgage,510865.43,Branch,E-0207,BR-022,2025-06-19,2025-07-11,2025-07-11,Funded,Funded,25.6,590,0.16,7.006,true,0,Priya Davis,Cumulus UT Branch 2,Mountain West,2025-06-01
LN-AP-002590,Henry Roberts,Personal Loan,33769.64,Digital,E-0219,BR-025,2025-07-05,,,In Progress,Document Collection,,576,0.444,6.633,false,0,Rosa Hall,Cumulus CA Branch 1,Pacific,2025-07-01
LN-AP-002591,Yuki Nelson,Auto Loan,51237.74,Branch,E-0230,BR-009,2025-01-02,2025-01-28,2025-01-28,Funded,Funded,30.2,728,0.485,8.124,true,0,Jamal Wright,Cumulus GA Branch 1,Southeast,2025-01-01
LN-AP-002592,Noah Ashford,Refinance,332077.35,Digital,E-0206,BR-020,2025-12-30,,,Withdrawn,Underwriting,,705,0.183,5.214,false,0,Ben Taylor,Cumulus CO Branch 2,Mountain West,2025-12-01
LN-AP-002593,Emma Jackson,HELOC,50438.86,Digital,E-0220,BR-005,2025-02-03,2025-03-13,2025-03-13,Funded,Funded,41.2,779,0.415,7.023,true,0,Luis Adams,Cumulus CT Branch 1,Northeast,2025-02-01
LN-AP-002594,Noah Moore,Personal Loan,16678.44,Loan Officer,E-0225,BR-021,2024-10-15,2024-11-24,2024-11-24,Funded,Funded,42.7,569,0.468,5.608,true,0,Henry Okafor,Cumulus UT Branch 1,Mountain West,2024-10-01
LN-AP-002595,Olivia White,30-Year Fixed Mortgage,487591.01,Branch,E-0229,BR-025,2026-05-01,2026-05-24,2026-05-24,Funded,Funded,26.7,812,0.378,7.708,true,0,Marcus Wilson,Cumulus CA Branch 1,Pacific,2026-05-01
LN-AP-002596,Daniel Scott,HELOC,102828.88,Branch,E-0209,BR-006,2025-03-10,2025-04-15,2025-04-15,Funded,Funded,38.7,803,0.427,7.284,true,0,Yuki Stewart,Cumulus CT Branch 2,Northeast,2025-03-01
LN-AP-002597,Olivia Wilson,15-Year Fixed Mortgage,141347.21,Digital,E-0219,BR-025,2025-06-19,2025-07-26,2025-07-26,Funded,Funded,39.9,805,0.134,6.794,true,0,Rosa Hall,Cumulus CA Branch 1,Pacific,2025-06-01
LN-AP-002598,Iris Brown,Personal Loan,11887.27,Digital,E-0207,BR-022,2025-07-18,2025-07-18,,Denied,Application Submitted,,821,0.414,6.062,false,0,Priya Davis,Cumulus UT Branch 2,Mountain West,2025-07-01
LN-AP-002599,Lauren Bailey,HELOC,125558.48,Digital,E-0220,BR-005,2026-05-18,2026-07-16,2026-07-16,Funded,Funded,62.1,588,0.512,7.009,true,0,Luis Adams,Cumulus CT Branch 1,Northeast,2026-05-01
LN-AP-002600,Aisha Walker,Refinance,420943.29,Loan Officer,E-0208,BR-027,2025-02-01,2025-03-07,2025-03-07,Funded,Funded,38.4,703,0.252,8.226,true,0,Yuki Campbell,Cumulus WA Branch 1,Pacific,2025-02-01
LN-AP-002601,Zara Thomas,Auto Loan,54426.61,Loan Officer,E-0212,BR-004,2024-11-07,2024-12-18,2024-12-18,Funded,Funded,43.0,598,0.367,8.895,true,0,Isabella Phillips,Cumulus MA Branch 2,Northeast,2024-11-01
LN-AP-002602,Victor Hall,30-Year Fixed Mortgage,411064.0,Digital,E-0234,BR-028,2024-11-21,2025-01-10,2025-01-10,Funded,Funded,54.1,648,0.46,7.398,true,0,Henry Taylor,Cumulus WA Branch 2,Pacific,2024-11-01
LN-AP-002603,Maya Brown,HELOC,218565.12,Digital,E-0206,BR-020,2025-03-13,2025-04-02,,Denied,Underwriting,,765,0.155,5.568,false,0,Ben Taylor,Cumulus CO Branch 2,Mountain West,2025-03-01
LN-AP-002604,Jonathan Hall,Auto Loan,35809.78,Branch,E-0206,BR-020,2025-06-01,2025-07-15,2025-07-15,Funded,Funded,47.7,807,0.13,5.197,true,0,Ben Taylor,Cumulus CO Branch 2,Mountain West,2025-06-01
LN-AP-002605,Sara Campbell,15-Year Fixed Mortgage,135155.3,Loan Officer,E-0208,BR-027,2026-03-04,,,Withdrawn,Document Collection,,722,0.143,5.222,false,0,Yuki Campbell,Cumulus WA Branch 1,Pacific,2026-03-01
LN-AP-002606,Zara Walker,Auto Loan,36253.74,Digital,E-0215,BR-011,2024-12-10,2025-01-01,2025-01-01,Funded,Funded,24.5,815,0.509,6.121,true,0,Henry Patel,Cumulus NC Branch 1,Southeast,2024-12-01
LN-AP-002607,Rosa Turner,15-Year Fixed Mortgage,353784.68,Digital,E-0216,BR-013,2026-07-25,2026-08-23,2026-08-23,Funded,Funded,33.9,819,0.274,5.545,true,0,Daniel Morris,Cumulus IL Branch 1,Midwest,2026-07-01
LN-AP-002608,Chloe Brown,30-Year Fixed Mortgage,387710.76,Digital,E-0220,BR-005,2025-03-19,2025-04-17,2025-04-17,Funded,Funded,32.6,632,0.166,6.029,true,0,Luis Adams,Cumulus CT Branch 1,Northeast,2025-03-01
LN-AP-002609,Elena Evans,30-Year Fixed Mortgage,257451.52,Digital,E-0230,BR-009,2026-05-26,2026-06-28,2026-06-28,Funded,Funded,36.9,793,0.476,6.759,true,0,Jamal Wright,Cumulus GA Branch 1,Southeast,2026-05-01
LN-AP-002610,Nora Kim,Auto Loan,63106.39,Digital,E-0213,BR-023,2026-07-20,,,Withdrawn,Appraisal,,737,0.129,6.434,false,0,Jamal Lewis,Cumulus AZ Branch 1,Mountain West,2026-07-01
LN-AP-002611,Leo Johnson,15-Year Fixed Mortgage,348543.37,Digital,E-0208,BR-027,2026-03-26,2026-04-21,2026-04-21,Funded,Funded,29.1,599,0.194,6.953,true,0,Yuki Campbell,Cumulus WA Branch 1,Pacific,2026-03-01
LN-AP-002612,Mei Roberts,Refinance,283591.23,Digital,E-0231,BR-010,2025-10-31,2025-12-05,2025-12-05,Funded,Funded,38.8,762,0.325,6.244,true,0,Maya Edwards,Cumulus GA Branch 2,Southeast,2025-10-01
LN-AP-002613,Felix Anderson,Auto Loan,91101.1,Loan Officer,E-0209,BR-006,2026-08-13,,,In Progress,Funded,,643,0.469,5.49,false,4,Yuki Stewart,Cumulus CT Branch 2,Northeast,2026-08-01
LN-AP-002614,Amara Stewart,Personal Loan,13174.02,Broker,E-0221,BR-016,2025-06-27,,,In Progress,Appraisal,,768,0.178,7.95,false,1,Fatima Parker,Cumulus OH Branch 2,Midwest,2025-06-01
LN-AP-002615,Grace Adams,Personal Loan,17835.96,Digital,E-0230,BR-009,2026-04-03,2026-04-25,2026-04-25,Funded,Funded,25.0,729,0.123,8.619,true,0,Jamal Wright,Cumulus GA Branch 1,Southeast,2026-04-01
LN-AP-002616,Chloe King,Auto Loan,46484.38,Broker,E-0207,BR-022,2025-11-25,2026-01-14,2026-01-14,Funded,Funded,52.7,765,0.37,7.631,true,0,Priya Davis,Cumulus UT Branch 2,Mountain West,2025-11-01
LN-AP-002617,Julian Adams,15-Year Fixed Mortgage,101301.26,Loan Officer,E-0227,BR-016,2026-03-28,2026-04-24,2026-04-24,Funded,Funded,31.0,562,0.411,6.811,true,0,Zara Young,Cumulus OH Branch 2,Midwest,2026-03-01
LN-AP-002618,Aisha White,Auto Loan,26739.42,Digital,E-0211,BR-012,2025-03-14,2025-04-15,2025-04-15,Funded,Funded,35.0,590,0.289,8.403,true,0,Priya Young,Cumulus NC Branch 2,Southeast,2025-03-01
LN-AP-002619,Chloe Phillips,15-Year Fixed Mortgage,335675.56,Branch,E-0228,BR-013,2025-09-09,2025-10-04,2025-10-04,Funded,Funded,28.6,632,0.482,5.389,true,0,Kenji Silva,Cumulus IL Branch 1,Midwest,2025-09-01
LN-AP-002620,Ines Lopez,30-Year Fixed Mortgage,542356.38,Branch,E-0219,BR-025,2025-12-02,,,Withdrawn,Document Collection,,686,0.33,8.498,false,0,Rosa Hall,Cumulus CA Branch 1,Pacific,2025-12-01
LN-AP-002621,Kenji Vaughn,30-Year Fixed Mortgage,254387.11,Broker,E-0222,BR-026,2025-08-11,2025-09-06,,Denied,Document Collection,,727,0.41,8.706,false,0,Rosa Carter,Cumulus CA Branch 2,Pacific,2025-08-01
LN-AP-002622,Jamal Carter,30-Year Fixed Mortgage,685439.21,Digital,E-0215,BR-011,2024-12-03,2025-01-29,2025-01-29,Funded,Funded,60.1,719,0.293,6.342,true,0,Henry Patel,Cumulus NC Branch 1,Southeast,2024-12-01
LN-AP-002623,Iris Parker,30-Year Fixed Mortgage,195442.96,Broker,E-0207,BR-022,2026-02-02,2026-03-08,2026-03-08,Funded,Funded,38.8,701,0.238,5.968,true,0,Priya Davis,Cumulus UT Branch 2,Mountain West,2026-02-01
LN-AP-002624,Samuel Adams,30-Year Fixed Mortgage,300327.32,Branch,E-0212,BR-004,2025-07-11,2025-09-14,2025-09-14,Funded,Funded,68.0,717,0.254,5.821,true,0,Isabella Phillips,Cumulus MA Branch 2,Northeast,2025-07-01
LN-AP-002625,Ben White,Refinance,187062.28,Digital,E-0229,BR-025,2025-10-02,2025-11-04,2025-11-04,Funded,Funded,37.8,591,0.355,5.589,true,0,Marcus Wilson,Cumulus CA Branch 1,Pacific,2025-10-01
LN-AP-002626,Jonathan Moore,HELOC,122637.93,Loan Officer,E-0220,BR-005,2025-06-26,2025-07-30,2025-07-30,Funded,Funded,37.2,709,0.193,6.798,true,0,Luis Adams,Cumulus CT Branch 1,Northeast,2025-06-01
LN-AP-002627,Kenji Lewis,Personal Loan,16154.94,Digital,E-0206,BR-020,2025-04-17,2025-05-12,2025-05-12,Funded,Funded,28.6,581,0.324,8.799,true,0,Ben Taylor,Cumulus CO Branch 2,Mountain West,2025-04-01
LN-AP-002628,Lauren Thomas,30-Year Fixed Mortgage,309016.24,Digital,E-0232,BR-018,2026-07-21,,,In Progress,Application Submitted,,692,0.31,7.236,false,5,Tom Hall,Cumulus MN Branch 2,Midwest,2026-07-01
LN-AP-002629,Ethan Allen,HELOC,34024.63,Digital,E-0214,BR-027,2025-05-03,2025-06-14,2025-06-14,Funded,Funded,44.7,731,0.312,6.489,true,0,Amara Clark,Cumulus WA Branch 1,Pacific,2025-05-01
LN-AP-002630,Tom Patel,HELOC,54794.77,Broker,E-0216,BR-013,2025-12-15,2026-02-06,2026-02-06,Funded,Funded,56.9,728,0.49,7.728,true,0,Daniel Morris,Cumulus IL Branch 1,Midwest,2025-12-01
LN-AP-002631,Kenji Lopez,30-Year Fixed Mortgage,289460.96,Loan Officer,E-0224,BR-027,2025-08-28,2025-10-21,2025-10-21,Funded,Funded,56.3,575,0.269,7.709,true,0,Priya Davis,Cumulus WA Branch 1,Pacific,2025-08-01
LN-AP-002632,Chloe Morris,Auto Loan,75126.29,Loan Officer,E-0232,BR-018,2025-06-17,2025-07-11,2025-07-11,Funded,Funded,27.0,641,0.173,6.773,true,0,Tom Hall,Cumulus MN Branch 2,Midwest,2025-06-01
LN-AP-002633,Chloe Morris,HELOC,121608.73,Loan Officer,E-0224,BR-027,2024-10-13,,,In Progress,Application Submitted,,687,0.218,7.282,false,5,Priya Davis,Cumulus WA Branch 1,Pacific,2024-10-01
LN-AP-002634,Leo Patel,30-Year Fixed Mortgage,371445.31,Loan Officer,E-0218,BR-012,2026-06-23,2026-07-21,2026-07-21,Funded,Funded,30.8,568,0.517,6.737,true,0,Carlos Scott,Cumulus NC Branch 2,Southeast,2026-06-01
LN-AP-002635,Luis Turner,30-Year Fixed Mortgage,533549.95,Digital,E-0217,BR-015,2025-07-01,2025-07-28,2025-07-28,Funded,Funded,29.3,566,0.156,5.142,true,0,Amara Green,Cumulus OH Branch 1,Midwest,2025-07-01
LN-AP-002636,Owen Lopez,30-Year Fixed Mortgage,674087.68,Digital,E-0212,BR-004,2025-01-22,2025-02-17,2025-02-17,Funded,Funded,29.2,576,0.492,5.311,true,0,Isabella Phillips,Cumulus MA Branch 2,Northeast,2025-01-01
LN-AP-002637,Grace Ashford,Auto Loan,19736.28,Broker,E-0209,BR-006,2025-08-04,2025-09-03,2025-09-03,Funded,Funded,33.6,740,0.207,6.875,true,0,Yuki Stewart,Cumulus CT Branch 2,Northeast,2025-08-01
LN-AP-002638,Mei Edwards,30-Year Fixed Mortgage,328170.08,Digital,E-0228,BR-013,2026-01-18,2026-02-13,2026-02-13,Funded,Funded,29.7,825,0.47,8.398,true,0,Kenji Silva,Cumulus IL Branch 1,Midwest,2026-01-01
LN-AP-002639,Diego Okafor,Refinance,194152.6,Digital,E-0210,BR-019,2025-09-27,,,Withdrawn,Conditional Approval,,662,0.334,8.615,false,0,Luis Garcia,Cumulus CO Branch 1,Mountain West,2025-09-01
LN-AP-002640,Aisha Bailey,30-Year Fixed Mortgage,662377.88,Digital,E-0235,BR-008,2025-04-18,2025-05-22,2025-05-22,Funded,Funded,37.8,584,0.173,8.49,true,0,Ava Harris,Cumulus FL Branch 2,Southeast,2025-04-01
LN-AP-002641,Owen Campbell,Auto Loan,20774.2,Digital,E-0220,BR-005,2026-01-11,,,Withdrawn,Application Submitted,,563,0.333,7.892,false,0,Luis Adams,Cumulus CT Branch 1,Northeast,2026-01-01
LN-AP-002642,Felix Patel,HELOC,82020.8,Loan Officer,E-0229,BR-025,2025-03-09,2025-04-11,2025-04-11,Funded,Funded,35.8,757,0.279,6.84,true,0,Marcus Wilson,Cumulus CA Branch 1,Pacific,2025-03-01
LN-AP-002643,Julian Green,Refinance,250325.8,Loan Officer,E-0224,BR-027,2025-04-10,,,In Progress,Conditional Approval,,674,0.394,6.455,false,6,Priya Davis,Cumulus WA Branch 1,Pacific,2025-04-01
LN-AP-002644,Sara Lopez,Auto Loan,22966.7,Digital,E-0217,BR-015,2025-02-04,2025-03-22,2025-03-22,Funded,Funded,49.5,744,0.28,5.42,true,0,Amara Green,Cumulus OH Branch 1,Midwest,2025-02-01
LN-AP-002645,Aisha Vaughn,30-Year Fixed Mortgage,956800.82,Digital,E-0226,BR-010,2024-10-01,2024-10-01,,Denied,Application Submitted,,714,0.423,8.04,false,0,Andre Evans,Cumulus GA Branch 2,Southeast,2024-10-01
LN-AP-002646,Leo Parker,Personal Loan,8199.33,Loan Officer,E-0230,BR-009,2026-01-15,2026-01-30,,Denied,Appraisal,,753,0.405,8.5,false,0,Jamal Wright,Cumulus GA Branch 1,Southeast,2026-01-01
LN-AP-002647,Ava Lopez,HELOC,167500.97,Branch,E-0212,BR-004,2025-10-06,2025-11-03,2025-11-03,Funded,Funded,31.5,690,0.265,6.827,true,0,Isabella Phillips,Cumulus MA Branch 2,Northeast,2025-10-01
LN-AP-002648,Marcus King,15-Year Fixed Mortgage,213106.7,Digital,E-0214,BR-027,2025-05-11,,,In Progress,Application Submitted,,747,0.395,7.494,false,4,Amara Clark,Cumulus WA Branch 1,Pacific,2025-05-01
LN-AP-002649,Ines Walker,Auto Loan,30956.26,Loan Officer,E-0235,BR-008,2026-04-17,2026-05-04,2026-05-04,Funded,Funded,20.4,586,0.435,8.378,true,0,Ava Harris,Cumulus FL Branch 2,Southeast,2026-04-01
LN-AP-002650,Sara Johnson,Auto Loan,25301.42,Broker,E-0224,BR-027,2026-03-04,,,Withdrawn,Application Submitted,,740,0.125,5.424,false,0,Priya Davis,Cumulus WA Branch 1,Pacific,2026-03-01
LN-AP-002651,Jonathan Vaughn,Personal Loan,21369.83,Broker,E-0222,BR-026,2025-09-22,2025-12-07,,Denied,Appraisal,,763,0.151,5.302,false,0,Rosa Carter,Cumulus CA Branch 2,Pacific,2025-09-01
LN-AP-002652,Luis Moore,Auto Loan,16262.68,Digital,E-0215,BR-011,2025-02-13,2025-03-19,2025-03-19,Funded,Funded,37.1,691,0.43,5.411,true,0,Henry Patel,Cumulus NC Branch 1,Southeast,2025-02-01
LN-AP-002653,Olivia Silva,Auto Loan,40628.25,Digital,E-0223,BR-001,2025-10-15,2025-12-10,2025-12-10,Funded,Funded,60.2,641,0.337,6.282,true,0,Noah Adams,Cumulus NY Branch 1,Northeast,2025-10-01
LN-AP-002654,Fatima Scott,HELOC,67808.62,Loan Officer,E-0228,BR-013,2026-06-22,2026-07-21,2026-07-21,Funded,Funded,32.1,575,0.125,6.5,true,0,Kenji Silva,Cumulus IL Branch 1,Midwest,2026-06-01
LN-AP-002655,Jamal Collins,Auto Loan,28650.14,Digital,E-0227,BR-016,2024-12-01,2024-12-20,,Denied,Document Collection,,763,0.305,6.173,false,0,Zara Young,Cumulus OH Branch 2,Midwest,2024-12-01
LN-AP-002656,Maya Okafor,15-Year Fixed Mortgage,465245.37,Digital,E-0220,BR-005,2025-06-17,2025-07-16,,Denied,Conditional Approval,,726,0.497,7.393,false,0,Luis Adams,Cumulus CT Branch 1,Northeast,2025-06-01
LN-AP-002657,Owen Lopez,30-Year Fixed Mortgage,316376.99,Loan Officer,E-0222,BR-026,2026-07-03,2026-08-08,2026-08-08,Funded,Funded,40.0,719,0.429,5.221,true,0,Rosa Carter,Cumulus CA Branch 2,Pacific,2026-07-01
LN-AP-002658,Yuki Patel,30-Year Fixed Mortgage,520544.18,Loan Officer,E-0209,BR-006,2026-01-16,,,Withdrawn,Underwriting,,789,0.282,6.409,false,0,Yuki Stewart,Cumulus CT Branch 2,Northeast,2026-01-01
LN-AP-002659,Noah Morris,Personal Loan,22089.77,Branch,E-0225,BR-021,2026-06-14,2026-07-27,2026-07-27,Funded,Funded,48.0,763,0.355,6.29,true,0,Henry Okafor,Cumulus UT Branch 1,Mountain West,2026-06-01
LN-AP-002660,Tom Walker,HELOC,151183.61,Branch,E-0224,BR-027,2025-02-26,,,In Progress,Underwriting,,795,0.461,7.005,false,5,Priya Davis,Cumulus WA Branch 1,Pacific,2025-02-01
LN-AP-002661,Chloe Bailey,Auto Loan,52964.74,Branch,E-0231,BR-010,2026-04-30,2026-06-02,,Denied,Conditional Approval,,724,0.466,6.706,false,0,Maya Edwards,Cumulus GA Branch 2,Southeast,2026-04-01
LN-AP-002662,Leo Nguyen,30-Year Fixed Mortgage,374273.74,Digital,E-0232,BR-018,2025-10-19,2025-11-22,2025-11-22,Funded,Funded,38.4,563,0.409,8.617,true,0,Tom Hall,Cumulus MN Branch 2,Midwest,2025-10-01
LN-AP-002663,Tom Bailey,30-Year Fixed Mortgage,551211.95,Branch,E-0217,BR-015,2025-08-08,2025-09-12,2025-09-12,Funded,Funded,38.9,716,0.408,8.6,true,0,Amara Green,Cumulus OH Branch 1,Midwest,2025-08-01
LN-AP-002664,Priya Scott,HELOC,107223.28,Digital,E-0222,BR-026,2026-03-19,,,Withdrawn,Document Collection,,692,0.192,7.961,false,0,Rosa Carter,Cumulus CA Branch 2,Pacific,2026-03-01
LN-AP-002665,Wei Okafor,Personal Loan,6675.34,Digital,E-0211,BR-012,2025-03-22,2025-04-17,2025-04-17,Funded,Funded,30.0,696,0.342,8.395,true,0,Priya Young,Cumulus NC Branch 2,Southeast,2025-03-01
LN-AP-002666,Priya Roberts,15-Year Fixed Mortgage,337475.29,Branch,E-0228,BR-013,2025-12-19,,,In Progress,Appraisal,,713,0.327,6.001,false,2,Kenji Silva,Cumulus IL Branch 1,Midwest,2025-12-01
LN-AP-002667,Jamal Thomas,Auto Loan,34068.07,Loan Officer,E-0222,BR-026,2025-07-09,,,Withdrawn,Conditional Approval,,802,0.331,7.075,false,0,Rosa Carter,Cumulus CA Branch 2,Pacific,2025-07-01
LN-AP-002668,Aisha Silva,HELOC,102830.31,Branch,E-0213,BR-023,2025-01-08,2025-02-02,2025-02-02,Funded,Funded,29.6,652,0.457,7.447,true,0,Jamal Lewis,Cumulus AZ Branch 1,Mountain West,2025-01-01
LN-AP-002669,Chloe Edwards,Personal Loan,17336.0,Loan Officer,E-0207,BR-022,2024-10-27,,,In Progress,Application Submitted,,667,0.282,7.204,false,1,Priya Davis,Cumulus UT Branch 2,Mountain West,2024-10-01
LN-AP-002670,Grace Bailey,30-Year Fixed Mortgage,413209.32,Digital,E-0223,BR-001,2026-05-07,2026-05-31,2026-05-31,Funded,Funded,26.2,610,0.419,7.5,true,0,Noah Adams,Cumulus NY Branch 1,Northeast,2026-05-01
LN-AP-002671,Priya Ashford,30-Year Fixed Mortgage,261603.37,Branch,E-0212,BR-004,2025-12-19,2026-01-16,2026-01-16,Funded,Funded,31.5,723,0.23,8.671,true,0,Isabella Phillips,Cumulus MA Branch 2,Northeast,2025-12-01
LN-AP-002672,Aisha Ruiz,Auto Loan,23392.35,Loan Officer,E-0235,BR-008,2024-12-24,2025-01-28,2025-01-28,Funded,Funded,39.4,560,0.157,6.755,true,0,Ava Harris,Cumulus FL Branch 2,Southeast,2024-12-01
LN-AP-002673,Hannah Nelson,30-Year Fixed Mortgage,443431.24,Digital,E-0234,BR-028,2025-02-09,2025-03-08,,Denied,Appraisal,,752,0.498,8.881,false,0,Henry Taylor,Cumulus WA Branch 2,Pacific,2025-02-01
LN-AP-002674,Emma Kim,HELOC,96135.51,Loan Officer,E-0220,BR-005,2025-09-25,2025-10-26,2025-10-26,Funded,Funded,35.1,606,0.328,5.133,true,0,Luis Adams,Cumulus CT Branch 1,Northeast,2025-09-01
LN-AP-002675,Sofia Jackson,15-Year Fixed Mortgage,393646.81,Digital,E-0221,BR-016,2025-12-05,2026-01-21,2026-01-21,Funded,Funded,51.8,772,0.188,7.971,true,0,Fatima Parker,Cumulus OH Branch 2,Midwest,2025-12-01
LN-AP-002676,Mei Kim,Personal Loan,23192.99,Digital,E-0216,BR-013,2025-04-04,2025-04-23,2025-04-23,Funded,Funded,23.0,699,0.209,6.274,true,0,Daniel Morris,Cumulus IL Branch 1,Midwest,2025-04-01
LN-AP-002677,Isabella Young,15-Year Fixed Mortgage,580802.01,Loan Officer,E-0206,BR-020,2025-07-28,2025-09-09,2025-09-09,Funded,Funded,46.6,565,0.354,7.993,true,0,Ben Taylor,Cumulus CO Branch 2,Mountain West,2025-07-01
LN-AP-002678,Isabella Wright,30-Year Fixed Mortgage,554741.79,Digital,E-0217,BR-015,2025-10-20,2025-11-27,2025-11-27,Funded,Funded,41.6,781,0.248,6.506,true,0,Amara Green,Cumulus OH Branch 1,Midwest,2025-10-01
LN-AP-002679,Kenji Garcia,HELOC,134879.89,Digital,E-0217,BR-015,2026-04-07,2026-04-25,2026-04-25,Funded,Funded,21.1,764,0.349,8.131,true,0,Amara Green,Cumulus OH Branch 1,Midwest,2026-04-01
LN-AP-002680,Naomi Campbell,HELOC,59224.09,Broker,E-0219,BR-025,2026-02-07,2026-03-07,2026-03-07,Funded,Funded,32.0,750,0.276,8.754,true,0,Rosa Hall,Cumulus CA Branch 1,Pacific,2026-02-01
LN-AP-002681,Leo King,Refinance,386391.06,Digital,E-0230,BR-009,2025-11-29,2026-01-13,2026-01-13,Funded,Funded,48.1,586,0.267,7.397,true,0,Jamal Wright,Cumulus GA Branch 1,Southeast,2025-11-01
LN-AP-002682,Emma King,Auto Loan,27474.51,Digital,E-0209,BR-006,2026-08-28,,,In Progress,Appraisal,,579,0.514,6.372,false,1,Yuki Stewart,Cumulus CT Branch 2,Northeast,2026-08-01
LN-AP-002683,Ava Nguyen,Personal Loan,18041.55,Broker,E-0225,BR-021,2024-12-23,,,Withdrawn,Underwriting,,615,0.326,5.271,false,0,Henry Okafor,Cumulus UT Branch 1,Mountain West,2024-12-01
LN-AP-002684,Julian Campbell,Auto Loan,90859.12,Digital,E-0218,BR-012,2026-08-13,,,Withdrawn,Application Submitted,,828,0.386,5.765,false,0,Carlos Scott,Cumulus NC Branch 2,Southeast,2026-08-01
LN-AP-002685,Elena Ashford,30-Year Fixed Mortgage,242344.96,Digital,E-0219,BR-025,2025-11-08,,,In Progress,Appraisal,,726,0.293,7.73,false,1,Rosa Hall,Cumulus CA Branch 1,Pacific,2025-11-01
LN-AP-002686,Andre Nelson,Auto Loan,44913.08,Digital,E-0230,BR-009,2025-03-05,2025-04-13,2025-04-13,Funded,Funded,43.5,778,0.195,8.855,true,0,Jamal Wright,Cumulus GA Branch 1,Southeast,2025-03-01
LN-AP-002687,Zara Collins,Auto Loan,22042.02,Loan Officer,E-0219,BR-025,2026-07-03,2026-08-13,2026-08-13,Funded,Funded,44.8,816,0.493,8.793,true,0,Rosa Hall,Cumulus CA Branch 1,Pacific,2026-07-01
LN-AP-002688,Diego King,30-Year Fixed Mortgage,682928.87,Branch,E-0211,BR-012,2026-04-11,2026-05-09,2026-05-09,Funded,Funded,31.5,655,0.162,5.122,true,0,Priya Young,Cumulus NC Branch 2,Southeast,2026-04-01
LN-AP-002689,Samuel Ashford,30-Year Fixed Mortgage,618553.53,Branch,E-0232,BR-018,2026-07-26,,,In Progress,Application Submitted,,817,0.367,7.939,false,4,Tom Hall,Cumulus MN Branch 2,Midwest,2026-07-01
LN-AP-002690,Zara Patel,30-Year Fixed Mortgage,613602.01,Loan Officer,E-0225,BR-021,2024-10-23,2024-12-13,2024-12-13,Funded,Funded,54.0,676,0.405,6.755,true,0,Henry Okafor,Cumulus UT Branch 1,Mountain West,2024-10-01
LN-AP-002691,Layla Garcia,Auto Loan,17086.63,Branch,E-0213,BR-023,2026-05-20,2026-06-11,2026-06-11,Funded,Funded,25.4,581,0.378,6.937,true,0,Jamal Lewis,Cumulus AZ Branch 1,Mountain West,2026-05-01
LN-AP-002692,Lauren Mitchell,Auto Loan,19733.05,Digital,E-0226,BR-010,2025-04-23,2025-05-10,2025-05-10,Funded,Funded,20.7,573,0.218,6.855,true,0,Andre Evans,Cumulus GA Branch 2,Southeast,2025-04-01
LN-AP-002693,Wei Chen,Personal Loan,15777.55,Digital,E-0226,BR-010,2025-06-17,,,In Progress,Document Collection,,615,0.267,7.849,false,5,Andre Evans,Cumulus GA Branch 2,Southeast,2025-06-01
LN-AP-002694,Hannah Chen,Refinance,379751.37,Branch,E-0209,BR-006,2025-10-20,2025-11-18,2025-11-18,Funded,Funded,32.5,632,0.205,6.423,true,0,Yuki Stewart,Cumulus CT Branch 2,Northeast,2025-10-01
LN-AP-002695,Noah Garcia,HELOC,34195.07,Digital,E-0223,BR-001,2024-12-04,2025-01-15,2025-01-15,Funded,Funded,44.8,816,0.272,6.337,true,0,Noah Adams,Cumulus NY Branch 1,Northeast,2024-12-01
LN-AP-002696,Henry Taylor,30-Year Fixed Mortgage,779006.34,Digital,E-0219,BR-025,2025-05-02,2025-05-30,2025-05-30,Funded,Funded,31.6,695,0.272,8.842,true,0,Rosa Hall,Cumulus CA Branch 1,Pacific,2025-05-01
LN-AP-002697,Isabella Vaughn,30-Year Fixed Mortgage,382187.57,Digital,E-0214,BR-027,2025-09-18,,,Withdrawn,Document Collection,,693,0.445,8.195,false,0,Amara Clark,Cumulus WA Branch 1,Pacific,2025-09-01
LN-AP-002698,Ravi Ashford,30-Year Fixed Mortgage,120115.38,Digital,E-0216,BR-013,2025-02-09,2025-04-14,2025-04-14,Funded,Funded,66.5,785,0.375,5.669,true,0,Daniel Morris,Cumulus IL Branch 1,Midwest,2025-02-01
LN-AP-002699,Diego Adams,30-Year Fixed Mortgage,492798.29,Digital,E-0233,BR-025,2026-01-25,2026-02-20,2026-02-20,Funded,Funded,29.0,594,0.121,7.624,true,0,Jamal Adams,Cumulus CA Branch 1,Pacific,2026-01-01
LN-AP-002700,Olivia Ashford,HELOC,72132.88,Digital,E-0225,BR-021,2026-02-05,2026-02-19,,Denied,Underwriting,,580,0.372,8.618,false,0,Henry Okafor,Cumulus UT Branch 1,Mountain West,2026-02-01
LN-AP-002701,Priya Patel,HELOC,69309.25,Loan Officer,E-0225,BR-021,2026-01-26,2026-02-25,2026-02-25,Funded,Funded,33.6,747,0.411,8.586,true,0,Henry Okafor,Cumulus UT Branch 1,Mountain West,2026-01-01
LN-AP-002702,Rosa Ashford,30-Year Fixed Mortgage,374449.41,Digital,E-0212,BR-004,2025-10-02,2025-11-16,2025-11-16,Funded,Funded,49.4,787,0.314,8.882,true,0,Isabella Phillips,Cumulus MA Branch 2,Northeast,2025-10-01
LN-AP-002703,Tom Evans,30-Year Fixed Mortgage,567670.18,Branch,E-0206,BR-020,2026-07-28,2026-08-31,2026-08-31,Funded,Funded,36.5,706,0.213,7.279,true,0,Ben Taylor,Cumulus CO Branch 2,Mountain West,2026-07-01
LN-AP-002704,Ethan Walker,HELOC,122603.83,Loan Officer,E-0213,BR-023,2026-05-14,2026-06-10,2026-06-10,Funded,Funded,29.8,689,0.4,7.385,true,0,Jamal Lewis,Cumulus AZ Branch 1,Mountain West,2026-05-01
LN-AP-002705,Hannah Miller,Personal Loan,6054.36,Digital,E-0233,BR-025,2026-01-21,2026-02-22,2026-02-22,Funded,Funded,36.6,757,0.214,5.587,true,0,Jamal Adams,Cumulus CA Branch 1,Pacific,2026-01-01
LN-AP-002706,Henry Green,30-Year Fixed Mortgage,940889.21,Digital,E-0227,BR-016,2025-02-24,2025-04-08,,Denied,Underwriting,,628,0.245,7.12,false,0,Zara Young,Cumulus OH Branch 2,Midwest,2025-02-01
LN-AP-002707,Aisha Moore,30-Year Fixed Mortgage,478900.94,Loan Officer,E-0207,BR-022,2026-03-13,2026-04-10,2026-04-10,Funded,Funded,31.7,821,0.259,7.628,true,0,Priya Davis,Cumulus UT Branch 2,Mountain West,2026-03-01
LN-AP-002708,Victor Edwards,30-Year Fixed Mortgage,281461.94,Digital,E-0216,BR-013,2025-03-14,2025-04-16,2025-04-16,Funded,Funded,36.8,746,0.175,8.221,true,0,Daniel Morris,Cumulus IL Branch 1,Midwest,2025-03-01
LN-AP-002709,Maya Patel,Auto Loan,23035.37,Broker,E-0229,BR-025,2026-07-15,2026-08-28,2026-08-28,Funded,Funded,47.8,726,0.419,7.404,true,0,Marcus Wilson,Cumulus CA Branch 1,Pacific,2026-07-01
LN-AP-002710,Jonathan Garcia,30-Year Fixed Mortgage,884714.67,Branch,E-0219,BR-025,2026-04-02,,,Withdrawn,Application Submitted,,617,0.288,5.518,false,0,Rosa Hall,Cumulus CA Branch 1,Pacific,2026-04-01
LN-AP-002711,Leo Allen,Auto Loan,43730.23,Branch,E-0208,BR-027,2026-04-13,,,Withdrawn,Underwriting,,771,0.401,5.977,false,0,Yuki Campbell,Cumulus WA Branch 1,Pacific,2026-04-01
LN-AP-002712,Aisha Hall,Auto Loan,31990.99,Loan Officer,E-0230,BR-009,2025-04-09,,,Withdrawn,Conditional Approval,,632,0.234,8.482,false,0,Jamal Wright,Cumulus GA Branch 1,Southeast,2025-04-01
LN-AP-002713,Derek Carter,Personal Loan,29185.33,Digital,E-0219,BR-025,2024-10-14,2024-11-08,2024-11-08,Funded,Funded,29.0,666,0.19,5.877,true,0,Rosa Hall,Cumulus CA Branch 1,Pacific,2024-10-01
LN-AP-002714,Sofia Stewart,15-Year Fixed Mortgage,219567.72,Broker,E-0208,BR-027,2026-07-19,2026-08-10,2026-08-10,Funded,Funded,26.5,827,0.415,6.358,true,0,Yuki Campbell,Cumulus WA Branch 1,Pacific,2026-07-01
LN-AP-002715,Carlos Young,HELOC,162068.45,Digital,E-0228,BR-013,2025-08-15,2025-09-15,2025-09-15,Funded,Funded,34.5,730,0.388,7.736,true,0,Kenji Silva,Cumulus IL Branch 1,Midwest,2025-08-01
LN-AP-002716,Nina Nelson,Refinance,210289.61,Loan Officer,E-0206,BR-020,2026-05-22,2026-07-03,2026-07-03,Funded,Funded,44.9,797,0.198,5.797,true,0,Ben Taylor,Cumulus CO Branch 2,Mountain West,2026-05-01
LN-AP-002717,Aisha Ruiz,Auto Loan,16787.63,Digital,E-0211,BR-012,2025-04-18,,,Withdrawn,Underwriting,,644,0.154,6.231,false,0,Priya Young,Cumulus NC Branch 2,Southeast,2025-04-01
LN-AP-002718,Grace Chen,30-Year Fixed Mortgage,149660.92,Branch,E-0215,BR-011,2025-12-01,2025-12-28,2025-12-28,Funded,Funded,29.7,576,0.131,6.3,true,0,Henry Patel,Cumulus NC Branch 1,Southeast,2025-12-01
LN-AP-002719,Victor Scott,30-Year Fixed Mortgage,340333.2,Loan Officer,E-0234,BR-028,2025-09-06,2025-10-18,2025-10-18,Funded,Funded,46.5,562,0.198,7.719,true,0,Henry Taylor,Cumulus WA Branch 2,Pacific,2025-09-01
LN-AP-002720,Fatima Stewart,30-Year Fixed Mortgage,1304918.59,Loan Officer,E-0222,BR-026,2025-04-15,2025-05-25,2025-05-25,Funded,Funded,43.1,616,0.316,6.187,true,0,Rosa Carter,Cumulus CA Branch 2,Pacific,2025-04-01
LN-AP-002721,Samuel Miller,30-Year Fixed Mortgage,848860.4,Branch,E-0211,BR-012,2025-03-08,2025-03-30,2025-03-30,Funded,Funded,26.6,804,0.468,5.533,true,0,Priya Young,Cumulus NC Branch 2,Southeast,2025-03-01
LN-AP-002722,Ravi White,30-Year Fixed Mortgage,182893.3,Loan Officer,E-0218,BR-012,2026-04-16,2026-05-17,2026-05-17,Funded,Funded,33.4,661,0.226,8.44,true,0,Carlos Scott,Cumulus NC Branch 2,Southeast,2026-04-01
LN-AP-002723,Sofia Baker,30-Year Fixed Mortgage,724732.46,Digital,E-0214,BR-027,2025-08-16,,,Withdrawn,Appraisal,,624,0.12,6.894,false,0,Amara Clark,Cumulus WA Branch 1,Pacific,2025-08-01
LN-AP-002724,Elena White,HELOC,79642.46,Loan Officer,E-0225,BR-021,2025-09-02,2025-10-14,2025-10-14,Funded,Funded,45.4,756,0.158,6.951,true,0,Henry Okafor,Cumulus UT Branch 1,Mountain West,2025-09-01
LN-AP-002725,Ben White,30-Year Fixed Mortgage,204231.41,Branch,E-0219,BR-025,2026-08-04,2026-08-21,,Denied,Document Collection,,799,0.131,6.402,false,0,Rosa Hall,Cumulus CA Branch 1,Pacific,2026-08-01
LN-AP-002726,Felix Edwards,Personal Loan,18079.77,Digital,E-0207,BR-022,2026-05-10,2026-06-13,2026-06-13,Funded,Funded,37.8,643,0.242,5.79,true,0,Priya Davis,Cumulus UT Branch 2,Mountain West,2026-05-01
LN-AP-002727,Maya Chen,15-Year Fixed Mortgage,233098.12,Digital,E-0219,BR-025,2024-10-05,,,Withdrawn,Appraisal,,745,0.239,5.407,false,0,Rosa Hall,Cumulus CA Branch 1,Pacific,2024-10-01
LN-AP-002728,Grace Brown,15-Year Fixed Mortgage,477941.17,Broker,E-0227,BR-016,2026-05-16,,,Withdrawn,Document Collection,,666,0.303,7.942,false,0,Zara Young,Cumulus OH Branch 2,Midwest,2026-05-01
LN-AP-002729,Amara White,Auto Loan,21073.33,Branch,E-0207,BR-022,2025-11-07,2025-12-07,2025-12-07,Funded,Funded,33.5,787,0.153,7.959,true,0,Priya Davis,Cumulus UT Branch 2,Mountain West,2025-11-01
LN-AP-002730,Chloe Scott,Personal Loan,26871.77,Digital,E-0225,BR-021,2026-03-29,,,In Progress,Document Collection,,618,0.254,7.748,false,2,Henry Okafor,Cumulus UT Branch 1,Mountain West,2026-03-01
LN-AP-002731,Ravi Carter,30-Year Fixed Mortgage,319097.89,Branch,E-0215,BR-011,2025-07-04,2025-08-09,2025-08-09,Funded,Funded,39.8,802,0.168,5.349,true,0,Henry Patel,Cumulus NC Branch 1,Southeast,2025-07-01
LN-AP-002732,Amara Bailey,Refinance,524801.51,Loan Officer,E-0211,BR-012,2025-09-14,2025-10-20,2025-10-20,Funded,Funded,39.7,610,0.474,6.716,true,0,Priya Young,Cumulus NC Branch 2,Southeast,2025-09-01
LN-AP-002733,Grace Phillips,30-Year Fixed Mortgage,143192.71,Digital,E-0211,BR-012,2025-02-04,2025-03-15,2025-03-15,Funded,Funded,41.4,823,0.406,8.686,true,0,Priya Young,Cumulus NC Branch 2,Southeast,2025-02-01
LN-AP-002734,Ravi Bailey,Personal Loan,7805.05,Branch,E-0215,BR-011,2024-10-07,,,In Progress,Document Collection,,615,0.257,7.501,false,1,Henry Patel,Cumulus NC Branch 1,Southeast,2024-10-01
LN-AP-002735,Lauren Vaughn,Auto Loan,34223.84,Loan Officer,E-0230,BR-009,2026-04-06,,,Withdrawn,Conditional Approval,,617,0.425,5.58,false,0,Jamal Wright,Cumulus GA Branch 1,Southeast,2026-04-01
LN-AP-002736,Jonathan Parker,30-Year Fixed Mortgage,304510.91,Digital,E-0208,BR-027,2026-08-01,,,In Progress,Funded,,765,0.177,5.857,false,2,Yuki Campbell,Cumulus WA Branch 1,Pacific,2026-08-01
LN-AP-002737,Owen Anderson,HELOC,61775.68,Digital,E-0222,BR-026,2024-12-03,2025-01-06,2025-01-06,Funded,Funded,37.5,647,0.249,5.34,true,0,Rosa Carter,Cumulus CA Branch 2,Pacific,2024-12-01
LN-AP-002738,Owen Wright,30-Year Fixed Mortgage,336073.67,Loan Officer,E-0213,BR-023,2026-01-24,,,Withdrawn,Appraisal,,796,0.209,7.604,false,0,Jamal Lewis,Cumulus AZ Branch 1,Mountain West,2026-01-01
LN-AP-002739,Daniel Mitchell,30-Year Fixed Mortgage,508099.41,Loan Officer,E-0217,BR-015,2025-01-12,,,Withdrawn,Conditional Approval,,746,0.367,5.738,false,0,Amara Green,Cumulus OH Branch 1,Midwest,2025-01-01
LN-AP-002740,Marcus Young,30-Year Fixed Mortgage,646366.0,Digital,E-0230,BR-009,2026-06-24,2026-07-22,2026-07-22,Funded,Funded,31.4,609,0.154,6.673,true,0,Jamal Wright,Cumulus GA Branch 1,Southeast,2026-06-01
LN-AP-002741,Tom Morris,Auto Loan,23801.0,Broker,E-0218,BR-012,2025-07-11,2025-08-20,2025-08-20,Funded,Funded,42.6,755,0.183,8.558,true,0,Carlos Scott,Cumulus NC Branch 2,Southeast,2025-07-01
LN-AP-002742,Naomi Collins,15-Year Fixed Mortgage,162977.8,Branch,E-0208,BR-027,2025-05-30,2025-07-14,2025-07-14,Funded,Funded,46.7,563,0.189,7.438,true,0,Yuki Campbell,Cumulus WA Branch 1,Pacific,2025-05-01
LN-AP-002743,Jamal Hall,30-Year Fixed Mortgage,422507.8,Branch,E-0220,BR-005,2024-10-01,2024-10-24,2024-10-24,Funded,Funded,27.6,595,0.335,8.586,true,0,Luis Adams,Cumulus CT Branch 1,Northeast,2024-10-01
LN-AP-002744,Daniel Wilson,30-Year Fixed Mortgage,562977.47,Digital,E-0215,BR-011,2024-10-22,2024-11-19,2024-11-19,Funded,Funded,30.0,638,0.339,6.724,true,0,Henry Patel,Cumulus NC Branch 1,Southeast,2024-10-01
LN-AP-002745,Marcus Wilson,Personal Loan,10429.28,Branch,E-0219,BR-025,2025-02-16,,,In Progress,Appraisal,,828,0.328,5.105,false,0,Rosa Hall,Cumulus CA Branch 1,Pacific,2025-02-01
LN-AP-002746,Emma Evans,30-Year Fixed Mortgage,648613.4,Branch,E-0234,BR-028,2025-01-02,2025-02-23,2025-02-23,Funded,Funded,55.4,595,0.495,8.216,true,0,Henry Taylor,Cumulus WA Branch 2,Pacific,2025-01-01
LN-AP-002747,Maya Clark,30-Year Fixed Mortgage,241203.84,Loan Officer,E-0224,BR-027,2025-07-27,,,Withdrawn,Application Submitted,,713,0.394,6.748,false,0,Priya Davis,Cumulus WA Branch 1,Pacific,2025-07-01
LN-AP-002748,Andre King,Auto Loan,58178.23,Loan Officer,E-0228,BR-013,2026-06-30,2026-08-16,,Denied,Document Collection,,678,0.179,8.313,false,0,Kenji Silva,Cumulus IL Branch 1,Midwest,2026-06-01
LN-AP-002749,Zara Stewart,Auto Loan,25381.34,Digital,E-0210,BR-019,2026-04-03,2026-05-04,2026-05-04,Funded,Funded,33.3,780,0.341,8.745,true,0,Luis Garcia,Cumulus CO Branch 1,Mountain West,2026-04-01
LN-AP-002750,Daniel Harris,30-Year Fixed Mortgage,192764.06,Digital,E-0212,BR-004,2025-05-28,2025-07-12,2025-07-12,Funded,Funded,48.1,676,0.519,7.757,true,0,Isabella Phillips,Cumulus MA Branch 2,Northeast,2025-05-01
LN-AP-002751,Nora Kim,Auto Loan,33529.27,Digital,E-0234,BR-028,2025-11-22,2025-12-17,2025-12-17,Funded,Funded,28.9,615,0.228,8.215,true,0,Henry Taylor,Cumulus WA Branch 2,Pacific,2025-11-01
LN-AP-002752,Isabella Carter,15-Year Fixed Mortgage,115040.96,Broker,E-0232,BR-018,2025-10-07,,,Withdrawn,Underwriting,,706,0.38,5.265,false,0,Tom Hall,Cumulus MN Branch 2,Midwest,2025-10-01
LN-AP-002753,Henry Mitchell,Auto Loan,33552.05,Broker,E-0207,BR-022,2025-10-17,2025-11-28,2025-11-28,Funded,Funded,45.0,614,0.479,6.85,true,0,Priya Davis,Cumulus UT Branch 2,Mountain West,2025-10-01
LN-AP-002754,Isabella Scott,HELOC,44362.69,Loan Officer,E-0219,BR-025,2026-06-28,2026-08-06,2026-08-06,Funded,Funded,42.6,652,0.393,8.019,true,0,Rosa Hall,Cumulus CA Branch 1,Pacific,2026-06-01
LN-AP-002755,Jamal Parker,30-Year Fixed Mortgage,592737.1,Branch,E-0213,BR-023,2025-01-19,,,Withdrawn,Conditional Approval,,795,0.378,6.793,false,0,Jamal Lewis,Cumulus AZ Branch 1,Mountain West,2025-01-01
LN-AP-002756,Felix Collins,30-Year Fixed Mortgage,215232.3,Branch,E-0219,BR-025,2025-08-01,,,Withdrawn,Document Collection,,746,0.497,5.388,false,0,Rosa Hall,Cumulus CA Branch 1,Pacific,2025-08-01
LN-AP-002757,Lauren Mitchell,30-Year Fixed Mortgage,231053.13,Digital,E-0214,BR-027,2026-06-17,2026-07-11,2026-07-11,Funded,Funded,28.1,663,0.456,5.681,true,0,Amara Clark,Cumulus WA Branch 1,Pacific,2026-06-01
LN-AP-002758,Layla Miller,30-Year Fixed Mortgage,293223.92,Digital,E-0214,BR-027,2026-01-07,,,Withdrawn,Application Submitted,,786,0.167,6.783,false,0,Amara Clark,Cumulus WA Branch 1,Pacific,2026-01-01
LN-AP-002759,Ines Mitchell,30-Year Fixed Mortgage,386398.95,Digital,E-0234,BR-028,2026-08-26,,,In Progress,Funded,,695,0.188,7.748,false,5,Henry Taylor,Cumulus WA Branch 2,Pacific,2026-08-01
LN-AP-002760,Felix Wright,Auto Loan,59327.71,Branch,E-0207,BR-022,2026-04-11,2026-05-19,2026-05-19,Funded,Funded,42.0,672,0.411,5.359,true,0,Priya Davis,Cumulus UT Branch 2,Mountain West,2026-04-01
LN-AP-002761,Ines Parker,Personal Loan,9418.0,Digital,E-0222,BR-026,2025-10-10,,,In Progress,Conditional Approval,,602,0.32,7.696,false,5,Rosa Carter,Cumulus CA Branch 2,Pacific,2025-10-01
LN-AP-002762,Carlos Brown,Auto Loan,14822.96,Loan Officer,E-0219,BR-025,2026-02-28,2026-03-29,2026-03-29,Funded,Funded,31.7,811,0.135,6.316,true,0,Rosa Hall,Cumulus CA Branch 1,Pacific,2026-02-01
LN-AP-002763,Nina Adams,30-Year Fixed Mortgage,474008.45,Loan Officer,E-0232,BR-018,2025-12-12,2026-01-10,2026-01-10,Funded,Funded,32.7,609,0.332,6.516,true,0,Tom Hall,Cumulus MN Branch 2,Midwest,2025-12-01
LN-AP-002764,Mateo White,Auto Loan,19131.04,Digital,E-0208,BR-027,2025-11-27,2026-01-01,2026-01-01,Funded,Funded,38.0,693,0.498,8.558,true,0,Yuki Campbell,Cumulus WA Branch 1,Pacific,2025-11-01
LN-AP-002765,Leo King,30-Year Fixed Mortgage,364774.34,Broker,E-0211,BR-012,2025-08-05,2025-09-24,2025-09-24,Funded,Funded,53.0,804,0.323,8.672,true,0,Priya Young,Cumulus NC Branch 2,Southeast,2025-08-01
LN-AP-002766,Kenji Garcia,30-Year Fixed Mortgage,544963.07,Digital,E-0210,BR-019,2025-12-04,2025-12-27,2025-12-27,Funded,Funded,27.6,595,0.49,7.63,true,0,Luis Garcia,Cumulus CO Branch 1,Mountain West,2025-12-01
LN-AP-002767,Chloe Martinez,HELOC,64331.98,Branch,E-0225,BR-021,2026-04-17,,,Withdrawn,Appraisal,,605,0.259,7.973,false,0,Henry Okafor,Cumulus UT Branch 1,Mountain West,2026-04-01
LN-AP-002768,Daniel Bailey,Personal Loan,24470.56,Broker,E-0214,BR-027,2025-02-25,2025-04-14,2025-04-14,Funded,Funded,51.8,670,0.281,8.33,true,0,Amara Clark,Cumulus WA Branch 1,Pacific,2025-02-01
LN-AP-002769,Yuki Ruiz,30-Year Fixed Mortgage,408349.49,Branch,E-0221,BR-016,2024-12-04,,,Withdrawn,Document Collection,,713,0.334,8.857,false,0,Fatima Parker,Cumulus OH Branch 2,Midwest,2024-12-01
LN-AP-002770,Emma Evans,Refinance,1151931.23,Branch,E-0218,BR-012,2026-05-05,2026-06-06,2026-06-06,Funded,Funded,35.0,713,0.212,6.359,true,0,Carlos Scott,Cumulus NC Branch 2,Southeast,2026-05-01
LN-AP-002771,Priya Johnson,30-Year Fixed Mortgage,358887.06,Digital,E-0212,BR-004,2025-04-17,2025-05-25,2025-05-25,Funded,Funded,42.1,598,0.277,8.231,true,0,Isabella Phillips,Cumulus MA Branch 2,Northeast,2025-04-01
LN-AP-002772,Elena Okafor,30-Year Fixed Mortgage,562339.22,Branch,E-0224,BR-027,2026-06-23,2026-07-28,,Denied,Conditional Approval,,754,0.253,5.577,false,0,Priya Davis,Cumulus WA Branch 1,Pacific,2026-06-01
LN-AP-002773,Sara Taylor,30-Year Fixed Mortgage,555414.5,Loan Officer,E-0228,BR-013,2025-10-03,2025-11-01,2025-11-01,Funded,Funded,32.6,608,0.263,6.787,true,0,Kenji Silva,Cumulus IL Branch 1,Midwest,2025-10-01
LN-AP-002774,Nina Johnson,30-Year Fixed Mortgage,233201.41,Digital,E-0211,BR-012,2025-12-29,2026-01-13,,Denied,Document Collection,,799,0.488,5.432,false,0,Priya Young,Cumulus NC Branch 2,Southeast,2025-12-01
LN-AP-002775,Mateo Collins,30-Year Fixed Mortgage,529852.4,Loan Officer,E-0225,BR-021,2024-12-07,,,In Progress,Document Collection,,627,0.224,6.342,false,2,Henry Okafor,Cumulus UT Branch 1,Mountain West,2024-12-01
LN-AP-002776,Noah Morris,HELOC,78850.44,Branch,E-0225,BR-021,2026-06-13,2026-07-23,2026-07-23,Funded,Funded,42.6,637,0.392,8.349,true,0,Henry Okafor,Cumulus UT Branch 1,Mountain West,2026-06-01
LN-AP-002777,Hannah Nguyen,30-Year Fixed Mortgage,683868.18,Digital,E-0218,BR-012,2025-09-23,2025-10-24,2025-10-24,Funded,Funded,33.4,789,0.298,8.181,true,0,Carlos Scott,Cumulus NC Branch 2,Southeast,2025-09-01
LN-AP-002778,Chloe Lopez,Auto Loan,31692.59,Loan Officer,E-0213,BR-023,2026-04-01,2026-06-11,2026-06-11,Funded,Funded,74.3,647,0.291,7.531,true,0,Jamal Lewis,Cumulus AZ Branch 1,Mountain West,2026-04-01
LN-AP-002779,Rosa Miller,15-Year Fixed Mortgage,222983.42,Digital,E-0224,BR-027,2026-07-27,,,Withdrawn,Appraisal,,654,0.45,8.416,false,0,Priya Davis,Cumulus WA Branch 1,Pacific,2026-07-01
LN-AP-002780,Layla Garcia,30-Year Fixed Mortgage,802345.45,Branch,E-0222,BR-026,2026-08-21,,,In Progress,Funded,,675,0.2,6.105,false,3,Rosa Carter,Cumulus CA Branch 2,Pacific,2026-08-01
LN-AP-002781,Tom Phillips,15-Year Fixed Mortgage,421405.3,Digital,E-0219,BR-025,2026-04-13,2026-05-26,2026-05-26,Funded,Funded,47.6,695,0.353,6.601,true,0,Rosa Hall,Cumulus CA Branch 1,Pacific,2026-04-01
LN-AP-002782,Hannah Nguyen,Refinance,285542.43,Branch,E-0235,BR-008,2025-10-17,2025-11-17,2025-11-17,Funded,Funded,34.7,615,0.277,6.059,true,0,Ava Harris,Cumulus FL Branch 2,Southeast,2025-10-01
LN-AP-002783,Felix Green,30-Year Fixed Mortgage,595734.96,Branch,E-0220,BR-005,2025-06-22,,,Withdrawn,Underwriting,,825,0.328,5.583,false,0,Luis Adams,Cumulus CT Branch 1,Northeast,2025-06-01
LN-AP-002784,Wei Kim,30-Year Fixed Mortgage,738722.29,Digital,E-0234,BR-028,2026-08-07,2026-08-27,2026-08-27,Funded,Funded,22.6,776,0.505,7.78,true,0,Henry Taylor,Cumulus WA Branch 2,Pacific,2026-08-01
LN-AP-002785,Jamal Anderson,Personal Loan,26539.26,Broker,E-0222,BR-026,2025-08-05,2025-09-05,2025-09-05,Funded,Funded,34.5,631,0.134,7.302,true,0,Rosa Carter,Cumulus CA Branch 2,Pacific,2025-08-01
LN-AP-002786,Diego Hall,15-Year Fixed Mortgage,184155.66,Branch,E-0230,BR-009,2025-08-29,2025-09-25,2025-09-25,Funded,Funded,31.1,589,0.177,8.017,true,0,Jamal Wright,Cumulus GA Branch 1,Southeast,2025-08-01
LN-AP-002787,Sofia Clark,HELOC,90075.96,Digital,E-0208,BR-027,2026-07-10,,,In Progress,Funded,,622,0.233,8.599,false,4,Yuki Campbell,Cumulus WA Branch 1,Pacific,2026-07-01
LN-AP-002788,Zara Patel,Auto Loan,29386.69,Loan Officer,E-0217,BR-015,2026-06-11,2026-07-07,2026-07-07,Funded,Funded,29.7,635,0.278,5.583,true,0,Amara Green,Cumulus OH Branch 1,Midwest,2026-06-01
LN-AP-002789,Elena Johnson,Auto Loan,31371.41,Digital,E-0230,BR-009,2025-11-03,2025-12-15,2025-12-15,Funded,Funded,44.5,740,0.363,5.918,true,0,Jamal Wright,Cumulus GA Branch 1,Southeast,2025-11-01
LN-AP-002790,Nora Lopez,30-Year Fixed Mortgage,433400.17,Digital,E-0230,BR-009,2025-09-04,2025-10-13,2025-10-13,Funded,Funded,42.4,811,0.488,8.489,true,0,Jamal Wright,Cumulus GA Branch 1,Southeast,2025-09-01
LN-AP-002791,Iris Garcia,HELOC,49908.56,Digital,E-0223,BR-001,2025-12-12,2026-01-21,2026-01-21,Funded,Funded,44.7,679,0.148,5.279,true,0,Noah Adams,Cumulus NY Branch 1,Northeast,2025-12-01
LN-AP-002792,Priya Collins,15-Year Fixed Mortgage,435985.3,Digital,E-0210,BR-019,2025-10-21,2025-11-26,2025-11-26,Funded,Funded,40.4,739,0.231,6.768,true,0,Luis Garcia,Cumulus CO Branch 1,Mountain West,2025-10-01
LN-AP-002793,Wei Harris,30-Year Fixed Mortgage,244711.75,Branch,E-0227,BR-016,2025-07-26,2025-09-26,2025-09-26,Funded,Funded,64.5,759,0.373,7.217,true,0,Zara Young,Cumulus OH Branch 2,Midwest,2025-07-01
LN-AP-002794,Noah Parker,30-Year Fixed Mortgage,431829.56,Branch,E-0228,BR-013,2026-02-27,2026-04-14,2026-04-14,Funded,Funded,49.3,580,0.458,7.485,true,0,Kenji Silva,Cumulus IL Branch 1,Midwest,2026-02-01
LN-AP-002795,Nina Chen,30-Year Fixed Mortgage,275299.47,Branch,E-0225,BR-021,2026-03-05,2026-04-01,2026-04-01,Funded,Funded,31.2,738,0.177,6.85,true,0,Henry Okafor,Cumulus UT Branch 1,Mountain West,2026-03-01
LN-AP-002796,Daniel Carter,Auto Loan,44316.39,Loan Officer,E-0224,BR-027,2025-02-20,2025-03-31,2025-03-31,Funded,Funded,42.3,651,0.373,5.621,true,0,Priya Davis,Cumulus WA Branch 1,Pacific,2025-02-01
LN-AP-002797,Wei Johnson,HELOC,92385.08,Digital,E-0231,BR-010,2026-07-04,2026-07-26,2026-07-26,Funded,Funded,24.6,623,0.349,5.327,true,0,Maya Edwards,Cumulus GA Branch 2,Southeast,2026-07-01
LN-AP-002798,Ravi Mitchell,30-Year Fixed Mortgage,858633.33,Digital,E-0212,BR-004,2025-05-08,,,In Progress,Document Collection,,561,0.306,8.713,false,3,Isabella Phillips,Cumulus MA Branch 2,Northeast,2025-05-01
LN-AP-002799,Zara Taylor,Personal Loan,9660.96,Branch,E-0232,BR-018,2025-09-25,2025-11-04,2025-11-04,Funded,Funded,43.2,762,0.142,6.861,true,0,Tom Hall,Cumulus MN Branch 2,Midwest,2025-09-01
LN-AP-002800,Felix Ruiz,30-Year Fixed Mortgage,166397.51,Digital,E-0221,BR-016,2026-06-12,2026-07-17,2026-07-17,Funded,Funded,38.2,651,0.474,8.691,true,0,Fatima Parker,Cumulus OH Branch 2,Midwest,2026-06-01
LN-AP-002801,Ava Campbell,15-Year Fixed Mortgage,166452.06,Branch,E-0232,BR-018,2026-03-15,,,Withdrawn,Underwriting,,631,0.386,8.376,false,0,Tom Hall,Cumulus MN Branch 2,Midwest,2026-03-01
LN-AP-002802,Nora Stewart,30-Year Fixed Mortgage,280018.91,Digital,E-0219,BR-025,2026-05-24,,,In Progress,Appraisal,,770,0.492,6.86,false,1,Rosa Hall,Cumulus CA Branch 1,Pacific,2026-05-01
LN-AP-002803,Lauren Nelson,30-Year Fixed Mortgage,401547.5,Branch,E-0235,BR-008,2025-02-15,2025-03-19,2025-03-19,Funded,Funded,35.6,612,0.514,6.368,true,0,Ava Harris,Cumulus FL Branch 2,Southeast,2025-02-01
LN-AP-002804,Ben Stewart,HELOC,59687.97,Branch,E-0208,BR-027,2026-04-07,2026-05-09,2026-05-09,Funded,Funded,36.2,707,0.199,6.82,true,0,Yuki Campbell,Cumulus WA Branch 1,Pacific,2026-04-01
LN-AP-002805,Olivia Thomas,Personal Loan,9146.42,Digital,E-0233,BR-025,2024-12-10,2025-01-10,2025-01-10,Funded,Funded,34.5,589,0.412,7.289,true,0,Jamal Adams,Cumulus CA Branch 1,Pacific,2024-12-01
LN-AP-002806,Layla Nguyen,Auto Loan,18935.46,Digital,E-0233,BR-025,2025-08-17,2025-09-07,2025-09-07,Funded,Funded,25.2,675,0.444,7.698,true,0,Jamal Adams,Cumulus CA Branch 1,Pacific,2025-08-01
LN-AP-002807,Ava Lopez,30-Year Fixed Mortgage,497124.92,Digital,E-0219,BR-025,2025-05-22,2025-06-17,2025-06-17,Funded,Funded,29.3,700,0.205,5.262,true,0,Rosa Hall,Cumulus CA Branch 1,Pacific,2025-05-01
LN-AP-002808,Marcus Adams,Auto Loan,24447.93,Loan Officer,E-0232,BR-018,2026-06-03,2026-07-09,2026-07-09,Funded,Funded,40.2,810,0.144,6.683,true,0,Tom Hall,Cumulus MN Branch 2,Midwest,2026-06-01
LN-AP-002809,Jamal Hall,30-Year Fixed Mortgage,536771.19,Digital,E-0222,BR-026,2025-04-22,2025-05-23,2025-05-23,Funded,Funded,34.3,579,0.132,6.157,true,0,Rosa Carter,Cumulus CA Branch 2,Pacific,2025-04-01
LN-AP-002810,Priya Wilson,15-Year Fixed Mortgage,481703.17,Loan Officer,E-0212,BR-004,2025-10-15,2025-11-23,2025-11-23,Funded,Funded,42.4,635,0.51,8.596,true,0,Isabella Phillips,Cumulus MA Branch 2,Northeast,2025-10-01
LN-AP-002811,Nina Vaughn,Personal Loan,16876.08,Branch,E-0215,BR-011,2026-03-17,2026-04-22,2026-04-22,Funded,Funded,39.5,620,0.275,8.288,true,0,Henry Patel,Cumulus NC Branch 1,Southeast,2026-03-01
LN-AP-002812,Ethan Campbell,HELOC,65291.23,Digital,E-0230,BR-009,2026-07-20,,,In Progress,Document Collection,,700,0.135,7.612,false,3,Jamal Wright,Cumulus GA Branch 1,Southeast,2026-07-01
LN-AP-002813,Ines Vaughn,15-Year Fixed Mortgage,1240000,Loan Officer,E-0219,BR-025,2025-12-15,2026-01-23,2026-01-23,Funded,Funded,42.8,583,0.21,8.261,true,0,Rosa Hall,Cumulus CA Branch 1,Pacific,2025-12-01
LN-AP-002814,Samuel Kim,30-Year Fixed Mortgage,571591.87,Loan Officer,E-0223,BR-001,2026-06-07,,,Withdrawn,Conditional Approval,,583,0.176,5.229,false,0,Noah Adams,Cumulus NY Branch 1,Northeast,2026-06-01
LN-AP-002815,Hannah Wright,Auto Loan,48387.06,Branch,E-0207,BR-022,2024-12-24,2025-01-17,2025-01-17,Funded,Funded,27.7,656,0.251,6.829,true,0,Priya Davis,Cumulus UT Branch 2,Mountain West,2024-12-01
LN-AP-002816,Elena Allen,30-Year Fixed Mortgage,305308.96,Digital,E-0214,BR-027,2025-01-22,2025-02-26,2025-02-26,Funded,Funded,38.3,825,0.279,8.63,true,0,Amara Clark,Cumulus WA Branch 1,Pacific,2025-01-01
LN-AP-002817,Zara White,15-Year Fixed Mortgage,244124.51,Digital,E-0231,BR-010,2025-10-25,2025-11-29,2025-11-29,Funded,Funded,38.9,600,0.181,7.079,true,0,Maya Edwards,Cumulus GA Branch 2,Southeast,2025-10-01
LN-AP-002818,Noah Okafor,30-Year Fixed Mortgage,371795.25,Loan Officer,E-0225,BR-021,2025-11-14,2025-12-10,2025-12-10,Funded,Funded,29.7,681,0.492,7.161,true,0,Henry Okafor,Cumulus UT Branch 1,Mountain West,2025-11-01
LN-AP-002819,Jonathan Morris,Refinance,365668.31,Branch,E-0223,BR-001,2026-01-10,,,In Progress,Appraisal,,713,0.204,5.452,false,3,Noah Adams,Cumulus NY Branch 1,Northeast,2026-01-01
LN-AP-002820,Marcus Silva,15-Year Fixed Mortgage,294135.18,Broker,E-0216,BR-013,2025-10-11,2025-11-10,2025-11-10,Funded,Funded,33.9,723,0.375,6.698,true,0,Daniel Morris,Cumulus IL Branch 1,Midwest,2025-10-01
LN-AP-002821,Hannah Vaughn,30-Year Fixed Mortgage,486345.58,Branch,E-0230,BR-009,2025-02-22,2025-03-30,2025-03-30,Funded,Funded,39.0,722,0.305,7.903,true,0,Jamal Wright,Cumulus GA Branch 1,Southeast,2025-02-01
LN-AP-002822,Ava Wright,HELOC,71232.49,Broker,E-0221,BR-016,2025-02-18,2025-03-19,2025-03-19,Funded,Funded,31.2,586,0.292,7.218,true,0,Fatima Parker,Cumulus OH Branch 2,Midwest,2025-02-01
LN-AP-002823,Derek Collins,Personal Loan,23349.52,Digital,E-0233,BR-025,2024-12-14,,,In Progress,Underwriting,,668,0.229,5.431,false,0,Jamal Adams,Cumulus CA Branch 1,Pacific,2024-12-01
LN-AP-002824,Mateo Brown,30-Year Fixed Mortgage,340243.58,Digital,E-0217,BR-015,2024-12-04,2025-01-05,2025-01-05,Funded,Funded,36.3,711,0.136,5.703,true,0,Amara Green,Cumulus OH Branch 1,Midwest,2024-12-01
LN-AP-002825,Owen Parker,Auto Loan,35001.35,Loan Officer,E-0219,BR-025,2024-12-19,2025-01-08,2025-01-08,Funded,Funded,23.1,637,0.29,5.208,true,0,Rosa Hall,Cumulus CA Branch 1,Pacific,2024-12-01
LN-AP-002826,Jonathan Silva,Personal Loan,26351.28,Loan Officer,E-0224,BR-027,2026-07-02,2026-07-31,2026-07-31,Funded,Funded,32.9,718,0.131,6.542,true,0,Priya Davis,Cumulus WA Branch 1,Pacific,2026-07-01
LN-AP-002827,Amara Harris,Auto Loan,16868.88,Broker,E-0214,BR-027,2025-12-14,2026-01-09,2026-01-09,Funded,Funded,29.8,692,0.426,5.75,true,0,Amara Clark,Cumulus WA Branch 1,Pacific,2025-12-01
LN-AP-002828,Kenji Wright,Auto Loan,58499.77,Branch,E-0221,BR-016,2026-01-08,2026-02-08,2026-02-08,Funded,Funded,32.9,694,0.176,8.466,true,0,Fatima Parker,Cumulus OH Branch 2,Midwest,2026-01-01
LN-AP-002829,Zara Garcia,15-Year Fixed Mortgage,155031.34,Loan Officer,E-0224,BR-027,2024-11-30,2025-01-06,2025-01-06,Funded,Funded,39.6,830,0.463,6.65,true,0,Priya Davis,Cumulus WA Branch 1,Pacific,2024-11-01
LN-AP-002830,Kenji Wright,30-Year Fixed Mortgage,346276.91,Digital,E-0216,BR-013,2025-08-28,,,In Progress,Document Collection,,829,0.217,6.87,false,0,Daniel Morris,Cumulus IL Branch 1,Midwest,2025-08-01
LN-AP-002831,Mei Hall,Auto Loan,38964.8,Branch,E-0208,BR-027,2026-06-27,2026-07-30,2026-07-30,Funded,Funded,35.3,829,0.293,6.206,true,0,Yuki Campbell,Cumulus WA Branch 1,Pacific,2026-06-01
LN-AP-002832,Julian Lopez,30-Year Fixed Mortgage,613824.27,Digital,E-0222,BR-026,2025-11-30,2025-12-29,,Denied,Appraisal,,596,0.361,6.11,false,0,Rosa Carter,Cumulus CA Branch 2,Pacific,2025-11-01
LN-AP-002833,Layla Johnson,Personal Loan,8369.22,Loan Officer,E-0214,BR-027,2025-04-30,,,Withdrawn,Underwriting,,625,0.302,5.29,false,0,Amara Clark,Cumulus WA Branch 1,Pacific,2025-04-01
LN-AP-002834,Ava Thomas,Auto Loan,31966.73,Digital,E-0207,BR-022,2025-09-08,2025-10-02,2025-10-02,Funded,Funded,26.4,774,0.49,6.23,true,0,Priya Davis,Cumulus UT Branch 2,Mountain West,2025-09-01
LN-AP-002835,Ines Vaughn,Personal Loan,9674.05,Branch,E-0227,BR-016,2024-10-27,2024-12-03,2024-12-03,Funded,Funded,39.7,748,0.38,8.865,true,0,Zara Young,Cumulus OH Branch 2,Midwest,2024-10-01
LN-AP-002836,Felix King,30-Year Fixed Mortgage,878954.49,Digital,E-0213,BR-023,2026-06-24,,,Abandoned,Underwriting,,708,0.297,6.902,false,0,Jamal Lewis,Cumulus AZ Branch 1,Mountain West,2026-06-01
LN-AP-002837,Zara Miller,HELOC,41773.51,Digital,E-0230,BR-009,2026-07-14,2026-08-15,2026-08-15,Funded,Funded,35.2,640,0.248,6.043,true,0,Jamal Wright,Cumulus GA Branch 1,Southeast,2026-07-01
LN-AP-002838,Owen Nguyen,30-Year Fixed Mortgage,279491.3,Loan Officer,E-0230,BR-009,2026-03-02,2026-04-02,,Denied,Conditional Approval,,823,0.135,5.693,false,0,Jamal Wright,Cumulus GA Branch 1,Southeast,2026-03-01
LN-AP-002839,Olivia Phillips,Auto Loan,57960.33,Digital,E-0212,BR-004,2026-05-16,2026-07-06,2026-07-06,Funded,Funded,54.3,565,0.177,6.463,true,0,Isabella Phillips,Cumulus MA Branch 2,Northeast,2026-05-01
LN-AP-002840,Victor Parker,Refinance,414673.33,Loan Officer,E-0229,BR-025,2025-06-24,2025-07-19,,Denied,Conditional Approval,,750,0.496,5.695,false,0,Marcus Wilson,Cumulus CA Branch 1,Pacific,2025-06-01
LN-AP-002841,Priya Green,30-Year Fixed Mortgage,497518.0,Branch,E-0234,BR-028,2025-06-19,2025-07-14,2025-07-14,Funded,Funded,28.0,818,0.503,8.507,true,0,Henry Taylor,Cumulus WA Branch 2,Pacific,2025-06-01
LN-AP-002842,Marcus Silva,HELOC,148030.12,Loan Officer,E-0227,BR-016,2026-01-14,2026-02-12,2026-02-12,Funded,Funded,33.7,772,0.212,8.83,true,0,Zara Young,Cumulus OH Branch 2,Midwest,2026-01-01
LN-AP-002843,Nora Phillips,30-Year Fixed Mortgage,261558.24,Digital,E-0211,BR-012,2026-07-07,,,In Progress,Appraisal,,615,0.211,5.833,false,5,Priya Young,Cumulus NC Branch 2,Southeast,2026-07-01
LN-AP-002844,Jonathan Baker,30-Year Fixed Mortgage,463227.72,Branch,E-0210,BR-019,2026-04-29,2026-06-01,2026-06-01,Funded,Funded,35.6,671,0.146,5.646,true,0,Luis Garcia,Cumulus CO Branch 1,Mountain West,2026-04-01
LN-AP-002845,Owen Turner,15-Year Fixed Mortgage,499088.92,Branch,E-0223,BR-001,2024-11-04,2024-12-03,2024-12-03,Funded,Funded,31.0,649,0.348,8.249,true,0,Noah Adams,Cumulus NY Branch 1,Northeast,2024-11-01
LN-AP-002846,Fatima Parker,HELOC,80756.82,Digital,E-0217,BR-015,2025-07-27,2025-08-18,2025-08-18,Funded,Funded,25.1,809,0.174,7.841,true,0,Amara Green,Cumulus OH Branch 1,Midwest,2025-07-01
LN-AP-002847,Hannah Lewis,HELOC,65726.48,Digital,E-0215,BR-011,2025-01-21,2025-02-16,2025-02-16,Funded,Funded,29.5,576,0.51,5.725,true,0,Henry Patel,Cumulus NC Branch 1,Southeast,2025-01-01
LN-AP-002848,Priya Hall,30-Year Fixed Mortgage,569868.49,Digital,E-0234,BR-028,2024-12-03,2025-01-04,2025-01-04,Funded,Funded,35.8,615,0.124,5.613,true,0,Henry Taylor,Cumulus WA Branch 2,Pacific,2024-12-01
LN-AP-002849,Wei Silva,30-Year Fixed Mortgage,305570.98,Digital,E-0214,BR-027,2026-01-07,2026-03-05,2026-03-05,Funded,Funded,58.9,599,0.179,7.411,true,0,Amara Clark,Cumulus WA Branch 1,Pacific,2026-01-01
LN-AP-002850,Mateo White,Personal Loan,21172.1,Digital,E-0235,BR-008,2026-06-03,2026-06-22,,Denied,Underwriting,,752,0.384,6.269,false,0,Ava Harris,Cumulus FL Branch 2,Southeast,2026-06-01
LN-AP-002851,Aisha Wright,30-Year Fixed Mortgage,343113.6,Broker,E-0220,BR-005,2025-07-13,2025-08-06,,Denied,Underwriting,,691,0.208,6.65,false,0,Luis Adams,Cumulus CT Branch 1,Northeast,2025-07-01
LN-AP-002852,Aisha Clark,Personal Loan,8753.0,Digital,E-0225,BR-021,2025-01-14,2025-02-18,2025-02-18,Funded,Funded,39.5,628,0.315,6.712,true,0,Henry Okafor,Cumulus UT Branch 1,Mountain West,2025-01-01
LN-AP-002853,Amara Adams,Personal Loan,14161.21,Digital,E-0228,BR-013,2026-03-19,2026-04-12,2026-04-12,Funded,Funded,27.2,626,0.386,7.235,true,0,Kenji Silva,Cumulus IL Branch 1,Midwest,2026-03-01
LN-AP-002854,Victor Okafor,Auto Loan,16356.13,Loan Officer,E-0209,BR-006,2026-04-06,2026-04-25,2026-04-25,Funded,Funded,23.0,569,0.435,7.607,true,0,Yuki Stewart,Cumulus CT Branch 2,Northeast,2026-04-01
LN-AP-002855,Henry Thomas,Auto Loan,70291.48,Branch,E-0217,BR-015,2024-11-19,2024-12-17,2024-12-17,Funded,Funded,30.8,584,0.138,6.512,true,0,Amara Green,Cumulus OH Branch 1,Midwest,2024-11-01
LN-AP-002856,Ravi Green,Personal Loan,17601.52,Digital,E-0229,BR-025,2025-05-02,2025-05-27,2025-05-27,Funded,Funded,28.0,758,0.364,7.256,true,0,Marcus Wilson,Cumulus CA Branch 1,Pacific,2025-05-01
LN-AP-002857,Marcus Chen,30-Year Fixed Mortgage,260312.72,Digital,E-0211,BR-012,2026-08-21,,,In Progress,Appraisal,,577,0.476,8.73,false,3,Priya Young,Cumulus NC Branch 2,Southeast,2026-08-01
LN-AP-002858,Victor Green,Auto Loan,36359.41,Loan Officer,E-0211,BR-012,2026-03-04,2026-03-30,2026-03-30,Funded,Funded,29.7,830,0.442,5.25,true,0,Priya Young,Cumulus NC Branch 2,Southeast,2026-03-01
LN-AP-002859,Layla Lopez,30-Year Fixed Mortgage,567852.2,Digital,E-0226,BR-010,2025-07-08,,,In Progress,Document Collection,,636,0.367,6.218,false,0,Andre Evans,Cumulus GA Branch 2,Southeast,2025-07-01
LN-AP-002860,Nora Young,30-Year Fixed Mortgage,280321.76,Broker,E-0211,BR-012,2026-07-19,2026-08-25,2026-08-25,Funded,Funded,40.9,754,0.177,5.958,true,0,Priya Young,Cumulus NC Branch 2,Southeast,2026-07-01
LN-AP-002861,Marcus King,Auto Loan,24106.82,Branch,E-0232,BR-018,2025-03-27,2025-05-11,2025-05-11,Funded,Funded,48.7,720,0.22,8.304,true,0,Tom Hall,Cumulus MN Branch 2,Midwest,2025-03-01
LN-AP-002862,Olivia King,30-Year Fixed Mortgage,626006.13,Branch,E-0206,BR-020,2025-03-20,,,In Progress,Appraisal,,584,0.42,6.235,false,0,Ben Taylor,Cumulus CO Branch 2,Mountain West,2025-03-01
LN-AP-002863,Tom Baker,30-Year Fixed Mortgage,469819.96,Loan Officer,E-0223,BR-001,2026-03-13,2026-04-06,2026-04-06,Funded,Funded,27.6,627,0.407,8.477,true,0,Noah Adams,Cumulus NY Branch 1,Northeast,2026-03-01
LN-AP-002864,Henry Parker,HELOC,114082.81,Digital,E-0233,BR-025,2025-06-28,,,Withdrawn,Document Collection,,637,0.358,8.892,false,0,Jamal Adams,Cumulus CA Branch 1,Pacific,2025-06-01
LN-AP-002865,Mateo Morris,15-Year Fixed Mortgage,263918.52,Digital,E-0221,BR-016,2025-03-22,,,In Progress,Conditional Approval,,776,0.408,5.25,false,2,Fatima Parker,Cumulus OH Branch 2,Midwest,2025-03-01
LN-AP-002866,Jonathan Green,30-Year Fixed Mortgage,529252.35,Digital,E-0206,BR-020,2026-05-27,2026-06-06,,Denied,Document Collection,,596,0.436,6.504,false,0,Ben Taylor,Cumulus CO Branch 2,Mountain West,2026-05-01
LN-AP-002867,Derek Adams,Auto Loan,49422.81,Branch,E-0213,BR-023,2026-06-05,,,Withdrawn,Underwriting,,568,0.473,7.38,false,0,Jamal Lewis,Cumulus AZ Branch 1,Mountain West,2026-06-01
LN-AP-002868,Owen Morris,HELOC,73541.87,Loan Officer,E-0222,BR-026,2025-05-14,2025-07-01,2025-07-01,Funded,Funded,51.4,657,0.165,7.895,true,0,Rosa Carter,Cumulus CA Branch 2,Pacific,2025-05-01
LN-AP-002869,Owen King,Auto Loan,38775.34,Digital,E-0235,BR-008,2025-12-03,2026-01-09,2026-01-09,Funded,Funded,40.7,573,0.272,8.226,true,0,Ava Harris,Cumulus FL Branch 2,Southeast,2025-12-01
LN-AP-002870,Samuel Jackson,30-Year Fixed Mortgage,140934.51,Broker,E-0206,BR-020,2026-04-23,2026-04-23,,Denied,Application Submitted,,752,0.283,5.752,false,0,Ben Taylor,Cumulus CO Branch 2,Mountain West,2026-04-01
LN-AP-002871,Owen Brown,HELOC,63232.85,Digital,E-0212,BR-004,2025-04-21,2025-05-21,2025-05-21,Funded,Funded,32.8,829,0.343,8.161,true,0,Isabella Phillips,Cumulus MA Branch 2,Northeast,2025-04-01
LN-AP-002872,Jamal Campbell,Auto Loan,59536.72,Digital,E-0209,BR-006,2026-03-27,2026-04-22,2026-04-22,Funded,Funded,29.4,607,0.395,6.027,true,0,Yuki Stewart,Cumulus CT Branch 2,Northeast,2026-03-01
LN-AP-002873,Zara Wright,30-Year Fixed Mortgage,1270636.2,Broker,E-0207,BR-022,2025-01-30,2025-01-30,,Denied,Application Submitted,,811,0.49,5.488,false,0,Priya Davis,Cumulus UT Branch 2,Mountain West,2025-01-01
LN-AP-002874,Owen Scott,Personal Loan,7091.13,Digital,E-0230,BR-009,2026-08-10,,,In Progress,Funded,,627,0.464,8.31,false,2,Jamal Wright,Cumulus GA Branch 1,Southeast,2026-08-01
LN-AP-002875,Sara Brown,Auto Loan,59413.63,Digital,E-0207,BR-022,2025-04-11,2025-05-27,2025-05-27,Funded,Funded,49.7,725,0.238,7.894,true,0,Priya Davis,Cumulus UT Branch 2,Mountain West,2025-04-01
LN-AP-002876,Fatima Vaughn,HELOC,46581.38,Digital,E-0208,BR-027,2025-01-05,,,Withdrawn,Appraisal,,740,0.253,5.38,false,0,Yuki Campbell,Cumulus WA Branch 1,Pacific,2025-01-01
LN-AP-002877,Noah Anderson,Personal Loan,15310.95,Loan Officer,E-0223,BR-001,2025-01-15,2025-03-01,2025-03-01,Funded,Funded,47.4,733,0.289,5.76,true,0,Noah Adams,Cumulus NY Branch 1,Northeast,2025-01-01
LN-AP-002878,Elena Vaughn,15-Year Fixed Mortgage,214442.73,Branch,E-0206,BR-020,2025-10-10,2025-10-30,2025-10-30,Funded,Funded,23.1,718,0.405,7.958,true,0,Ben Taylor,Cumulus CO Branch 2,Mountain West,2025-10-01
LN-AP-002879,Aisha Allen,15-Year Fixed Mortgage,449938.62,Loan Officer,E-0213,BR-023,2025-09-01,2025-10-04,2025-10-04,Funded,Funded,36.8,674,0.435,6.084,true,0,Jamal Lewis,Cumulus AZ Branch 1,Mountain West,2025-09-01
LN-AP-002880,Nina Campbell,Refinance,95214.21,Digital,E-0218,BR-012,2025-07-26,,,In Progress,Underwriting,,596,0.488,5.513,false,4,Carlos Scott,Cumulus NC Branch 2,Southeast,2025-07-01
LN-AP-002881,Zara Thomas,30-Year Fixed Mortgage,1142237.29,Loan Officer,E-0229,BR-025,2026-04-26,2026-05-21,2026-05-21,Funded,Funded,27.8,779,0.485,7.229,true,0,Marcus Wilson,Cumulus CA Branch 1,Pacific,2026-04-01
LN-AP-002882,Chloe Walker,15-Year Fixed Mortgage,466880.76,Broker,E-0214,BR-027,2026-05-29,2026-06-21,2026-06-21,Funded,Funded,25.9,663,0.455,7.259,true,0,Amara Clark,Cumulus WA Branch 1,Pacific,2026-05-01
LN-AP-002883,Amara Hall,30-Year Fixed Mortgage,483993.17,Digital,E-0218,BR-012,2026-05-14,2026-06-11,2026-06-11,Funded,Funded,32.6,668,0.341,5.33,true,0,Carlos Scott,Cumulus NC Branch 2,Southeast,2026-05-01
LN-AP-002884,Luis Young,15-Year Fixed Mortgage,476517.28,Loan Officer,E-0209,BR-006,2025-04-25,2025-05-22,2025-05-22,Funded,Funded,30.6,567,0.157,8.343,true,0,Yuki Stewart,Cumulus CT Branch 2,Northeast,2025-04-01
LN-AP-002885,Henry Edwards,HELOC,66811.5,Branch,E-0222,BR-026,2026-03-20,,,Withdrawn,Conditional Approval,,730,0.502,7.91,false,0,Rosa Carter,Cumulus CA Branch 2,Pacific,2026-03-01
LN-AP-002886,Jonathan Johnson,Auto Loan,36061.74,Branch,E-0217,BR-015,2025-09-11,2025-10-08,2025-10-08,Funded,Funded,30.6,583,0.516,7.254,true,0,Amara Green,Cumulus OH Branch 1,Midwest,2025-09-01
LN-AP-002887,Jonathan Phillips,Personal Loan,25456.89,Digital,E-0209,BR-006,2026-08-13,,,In Progress,Funded,,725,0.369,7.694,false,6,Yuki Stewart,Cumulus CT Branch 2,Northeast,2026-08-01
LN-AP-002888,Yuki Harris,15-Year Fixed Mortgage,289828.39,Broker,E-0228,BR-013,2024-10-04,2024-10-27,2024-10-27,Funded,Funded,27.5,671,0.374,5.918,true,0,Kenji Silva,Cumulus IL Branch 1,Midwest,2024-10-01
LN-AP-002889,Priya Davis,Personal Loan,13233.65,Loan Officer,E-0216,BR-013,2025-03-30,2025-04-27,2025-04-27,Funded,Funded,31.8,814,0.292,7.627,true,0,Daniel Morris,Cumulus IL Branch 1,Midwest,2025-03-01
LN-AP-002890,Diego Evans,Auto Loan,69601.83,Digital,E-0224,BR-027,2026-03-04,2026-04-26,2026-04-26,Funded,Funded,56.3,589,0.243,8.792,true,0,Priya Davis,Cumulus WA Branch 1,Pacific,2026-03-01
LN-AP-002891,Nora Martinez,HELOC,53888.62,Digital,E-0207,BR-022,2025-09-29,2025-11-02,2025-11-02,Funded,Funded,37.6,588,0.494,5.652,true,0,Priya Davis,Cumulus UT Branch 2,Mountain West,2025-09-01
LN-AP-002892,Nina Adams,HELOC,69649.26,Loan Officer,E-0217,BR-015,2025-07-16,,,Withdrawn,Conditional Approval,,782,0.224,8.471,false,0,Amara Green,Cumulus OH Branch 1,Midwest,2025-07-01
LN-AP-002893,Isabella Stewart,Personal Loan,26377.4,Digital,E-0226,BR-010,2025-12-02,2025-12-27,2025-12-27,Funded,Funded,27.5,563,0.47,5.159,true,0,Andre Evans,Cumulus GA Branch 2,Southeast,2025-12-01
LN-AP-002894,Elena Roberts,HELOC,49847.48,Loan Officer,E-0231,BR-010,2024-10-12,2024-11-25,2024-11-25,Funded,Funded,47.6,628,0.474,7.722,true,0,Maya Edwards,Cumulus GA Branch 2,Southeast,2024-10-01
LN-AP-002895,Noah Wilson,HELOC,49469.05,Loan Officer,E-0224,BR-027,2025-03-04,2025-03-27,2025-03-27,Funded,Funded,26.2,703,0.259,7.568,true,0,Priya Davis,Cumulus WA Branch 1,Pacific,2025-03-01
LN-AP-002896,Samuel Ashford,HELOC,213493.86,Digital,E-0226,BR-010,2026-03-22,2026-04-24,2026-04-24,Funded,Funded,38.1,725,0.332,5.271,true,0,Andre Evans,Cumulus GA Branch 2,Southeast,2026-03-01
LN-AP-002897,Grace Green,30-Year Fixed Mortgage,192959.32,Loan Officer,E-0230,BR-009,2026-01-07,2026-02-03,2026-02-03,Funded,Funded,31.0,574,0.508,5.106,true,0,Jamal Wright,Cumulus GA Branch 1,Southeast,2026-01-01
LN-AP-002898,Maya Patel,Personal Loan,8327.71,Loan Officer,E-0225,BR-021,2026-07-30,,,In Progress,Conditional Approval,,790,0.392,6.69,false,1,Henry Okafor,Cumulus UT Branch 1,Mountain West,2026-07-01
LN-AP-002899,Aisha Nelson,HELOC,155041.78,Digital,E-0233,BR-025,2025-01-22,,,In Progress,Conditional Approval,,755,0.307,8.219,false,5,Jamal Adams,Cumulus CA Branch 1,Pacific,2025-01-01
LN-AP-002900,Jonathan Silva,30-Year Fixed Mortgage,309810.72,Branch,E-0221,BR-016,2026-08-23,,,In Progress,Funded,,569,0.422,5.765,false,1,Fatima Parker,Cumulus OH Branch 2,Midwest,2026-08-01
LN-AP-002901,Elena Phillips,30-Year Fixed Mortgage,476536.84,Digital,E-0221,BR-016,2024-11-03,,,In Progress,Conditional Approval,,799,0.499,6.94,false,0,Fatima Parker,Cumulus OH Branch 2,Midwest,2024-11-01
LN-AP-002902,Lauren Johnson,30-Year Fixed Mortgage,586381.81,Digital,E-0220,BR-005,2026-03-26,2026-04-30,2026-04-30,Funded,Funded,38.8,740,0.179,6.3,true,0,Luis Adams,Cumulus CT Branch 1,Northeast,2026-03-01
LN-AP-002903,Layla Nguyen,Auto Loan,20272.12,Digital,E-0223,BR-001,2026-03-14,2026-04-10,2026-04-10,Funded,Funded,30.9,641,0.473,5.377,true,0,Noah Adams,Cumulus NY Branch 1,Northeast,2026-03-01
LN-AP-002904,Jamal Stewart,30-Year Fixed Mortgage,215469.11,Digital,E-0225,BR-021,2025-07-15,2025-08-13,2025-08-13,Funded,Funded,33.0,582,0.51,5.308,true,0,Henry Okafor,Cumulus UT Branch 1,Mountain West,2025-07-01
LN-AP-002905,Nora Johnson,Auto Loan,23323.3,Branch,E-0226,BR-010,2025-04-08,2025-05-06,2025-05-06,Funded,Funded,32.2,575,0.472,7.177,true,0,Andre Evans,Cumulus GA Branch 2,Southeast,2025-04-01
LN-AP-002906,Felix Harris,30-Year Fixed Mortgage,1197674.89,Loan Officer,E-0230,BR-009,2024-12-23,,,In Progress,Underwriting,,713,0.465,5.461,false,4,Jamal Wright,Cumulus GA Branch 1,Southeast,2024-12-01
LN-AP-002907,Chloe Roberts,Auto Loan,45737.03,Branch,E-0215,BR-011,2025-06-14,2025-07-19,2025-07-19,Funded,Funded,39.0,695,0.478,7.724,true,0,Henry Patel,Cumulus NC Branch 1,Southeast,2025-06-01
LN-AP-002908,Kenji Turner,15-Year Fixed Mortgage,258173.08,Branch,E-0220,BR-005,2025-01-22,2025-03-17,2025-03-17,Funded,Funded,58.0,671,0.136,7.302,true,0,Luis Adams,Cumulus CT Branch 1,Northeast,2025-01-01
LN-AP-002909,Jonathan Turner,30-Year Fixed Mortgage,646803.37,Digital,E-0216,BR-013,2025-06-17,2025-07-12,2025-07-12,Funded,Funded,28.9,618,0.344,7.64,true,0,Daniel Morris,Cumulus IL Branch 1,Midwest,2025-06-01
LN-AP-002910,Ethan Adams,Refinance,675922.63,Loan Officer,E-0235,BR-008,2025-03-05,,,Withdrawn,Underwriting,,766,0.345,7.639,false,0,Ava Harris,Cumulus FL Branch 2,Southeast,2025-03-01
LN-AP-002911,Jamal Garcia,Auto Loan,22511.03,Broker,E-0221,BR-016,2025-08-08,,,Withdrawn,Underwriting,,660,0.347,7.336,false,0,Fatima Parker,Cumulus OH Branch 2,Midwest,2025-08-01
LN-AP-002912,Rosa Scott,HELOC,141000.55,Loan Officer,E-0206,BR-020,2025-09-22,2025-10-10,,Denied,Document Collection,,723,0.262,8.751,false,0,Ben Taylor,Cumulus CO Branch 2,Mountain West,2025-09-01
LN-AP-002913,Elena Evans,30-Year Fixed Mortgage,640450.3,Loan Officer,E-0209,BR-006,2024-11-08,2024-12-17,2024-12-17,Funded,Funded,40.4,739,0.171,8.614,true,0,Yuki Stewart,Cumulus CT Branch 2,Northeast,2024-11-01
LN-AP-002914,Amara King,30-Year Fixed Mortgage,355906.29,Digital,E-0217,BR-015,2026-07-03,,,In Progress,Application Submitted,,763,0.319,6.77,false,3,Amara Green,Cumulus OH Branch 1,Midwest,2026-07-01
LN-AP-002915,Amara Thomas,30-Year Fixed Mortgage,329865.81,Digital,E-0210,BR-019,2026-01-30,,,Withdrawn,Application Submitted,,661,0.263,7.993,false,0,Luis Garcia,Cumulus CO Branch 1,Mountain West,2026-01-01
LN-AP-002916,Sofia Lopez,30-Year Fixed Mortgage,575316.75,Branch,E-0225,BR-021,2026-05-31,2026-07-10,2026-07-10,Funded,Funded,43.2,779,0.312,8.635,true,0,Henry Okafor,Cumulus UT Branch 1,Mountain West,2026-05-01
LN-AP-002917,Diego Taylor,Personal Loan,10326.78,Digital,E-0235,BR-008,2025-09-09,2025-10-20,2025-10-20,Funded,Funded,44.6,827,0.278,6.852,true,0,Ava Harris,Cumulus FL Branch 2,Southeast,2025-09-01
LN-AP-002918,Jamal Silva,30-Year Fixed Mortgage,543789.33,Digital,E-0235,BR-008,2025-03-19,,,Withdrawn,Underwriting,,802,0.414,5.434,false,0,Ava Harris,Cumulus FL Branch 2,Southeast,2025-03-01
LN-AP-002919,Henry Roberts,30-Year Fixed Mortgage,658273.39,Loan Officer,E-0229,BR-025,2025-04-25,2025-05-19,2025-05-19,Funded,Funded,27.2,576,0.37,5.903,true,0,Marcus Wilson,Cumulus CA Branch 1,Pacific,2025-04-01
LN-AP-002920,Marcus Parker,Personal Loan,15820.74,Digital,E-0224,BR-027,2025-05-13,2025-06-09,2025-06-09,Funded,Funded,31.4,740,0.158,5.496,true,0,Priya Davis,Cumulus WA Branch 1,Pacific,2025-05-01
LN-AP-002921,Kenji Wilson,Personal Loan,10931.52,Digital,E-0231,BR-010,2025-10-16,2025-11-25,2025-11-25,Funded,Funded,42.6,566,0.257,6.68,true,0,Maya Edwards,Cumulus GA Branch 2,Southeast,2025-10-01
LN-AP-002922,Julian Campbell,HELOC,94219.35,Broker,E-0211,BR-012,2024-10-13,,,In Progress,Document Collection,,625,0.377,7.327,false,0,Priya Young,Cumulus NC Branch 2,Southeast,2024-10-01
LN-AP-002923,Maya Patel,15-Year Fixed Mortgage,368464.25,Branch,E-0211,BR-012,2025-01-29,2025-02-28,2025-02-28,Funded,Funded,33.7,787,0.452,7.873,true,0,Priya Young,Cumulus NC Branch 2,Southeast,2025-01-01
LN-AP-002924,Emma Collins,Auto Loan,15694.0,Digital,E-0220,BR-005,2025-05-28,,,Withdrawn,Appraisal,,763,0.289,5.939,false,0,Luis Adams,Cumulus CT Branch 1,Northeast,2025-05-01
LN-AP-002925,Wei Vaughn,15-Year Fixed Mortgage,417176.28,Loan Officer,E-0212,BR-004,2025-02-15,,,Withdrawn,Appraisal,,829,0.237,6.482,false,0,Isabella Phillips,Cumulus MA Branch 2,Northeast,2025-02-01
LN-AP-002926,Jamal Miller,HELOC,54086.12,Broker,E-0223,BR-001,2024-11-16,2024-12-22,2024-12-22,Funded,Funded,37.6,761,0.278,7.732,true,0,Noah Adams,Cumulus NY Branch 1,Northeast,2024-11-01
LN-AP-002927,Leo Wright,Auto Loan,52538.31,Digital,E-0208,BR-027,2024-10-20,2024-11-21,2024-11-21,Funded,Funded,37.0,636,0.193,5.407,true,0,Yuki Campbell,Cumulus WA Branch 1,Pacific,2024-10-01
LN-AP-002928,Julian Hall,15-Year Fixed Mortgage,937122.59,Branch,E-0217,BR-015,2026-05-26,,,Withdrawn,Appraisal,,578,0.156,6.588,false,0,Amara Green,Cumulus OH Branch 1,Midwest,2026-05-01
LN-AP-002929,Maya Anderson,Personal Loan,11336.87,Digital,E-0235,BR-008,2026-04-15,2026-06-01,2026-06-01,Funded,Funded,49.9,766,0.514,5.255,true,0,Ava Harris,Cumulus FL Branch 2,Southeast,2026-04-01
LN-AP-002930,Nina Hall,HELOC,54366.27,Loan Officer,E-0209,BR-006,2026-03-27,2026-04-24,2026-04-24,Funded,Funded,31.6,647,0.302,6.786,true,0,Yuki Stewart,Cumulus CT Branch 2,Northeast,2026-03-01
LN-AP-002931,Ben Taylor,30-Year Fixed Mortgage,514863.95,Digital,E-0218,BR-012,2025-07-07,2025-08-03,2025-08-03,Funded,Funded,29.8,650,0.4,5.353,true,0,Carlos Scott,Cumulus NC Branch 2,Southeast,2025-07-01
LN-AP-002932,Yuki Phillips,30-Year Fixed Mortgage,146623.45,Branch,E-0210,BR-019,2025-03-05,2025-05-03,2025-05-03,Funded,Funded,62.7,765,0.197,7.304,true,0,Luis Garcia,Cumulus CO Branch 1,Mountain West,2025-03-01
LN-AP-002933,Leo Allen,Personal Loan,8946.76,Digital,E-0214,BR-027,2025-05-15,2025-06-22,2025-06-22,Funded,Funded,41.1,691,0.404,5.146,true,0,Amara Clark,Cumulus WA Branch 1,Pacific,2025-05-01
LN-AP-002934,Diego Hall,Auto Loan,20608.31,Broker,E-0224,BR-027,2025-01-22,2025-02-27,2025-02-27,Funded,Funded,39.7,568,0.192,8.531,true,0,Priya Davis,Cumulus WA Branch 1,Pacific,2025-01-01
LN-AP-002935,Noah Lewis,Personal Loan,17204.36,Digital,E-0216,BR-013,2025-08-25,2025-09-29,,Denied,Conditional Approval,,716,0.21,5.781,false,0,Daniel Morris,Cumulus IL Branch 1,Midwest,2025-08-01
LN-AP-002936,Yuki Nelson,30-Year Fixed Mortgage,286908.35,Loan Officer,E-0229,BR-025,2025-06-01,,,In Progress,Appraisal,,673,0.128,5.623,false,4,Marcus Wilson,Cumulus CA Branch 1,Pacific,2025-06-01
LN-AP-002937,Marcus Morris,Auto Loan,28451.29,Loan Officer,E-0226,BR-010,2025-08-25,,,Withdrawn,Underwriting,,662,0.394,7.541,false,0,Andre Evans,Cumulus GA Branch 2,Southeast,2025-08-01
LN-AP-002938,Grace Clark,HELOC,45448.92,Branch,E-0211,BR-012,2026-06-19,,,Withdrawn,Document Collection,,802,0.211,6.642,false,0,Priya Young,Cumulus NC Branch 2,Southeast,2026-06-01
LN-AP-002939,Ravi Davis,30-Year Fixed Mortgage,594101.49,Broker,E-0224,BR-027,2025-04-10,2025-05-29,2025-05-29,Funded,Funded,52.4,632,0.215,5.858,true,0,Priya Davis,Cumulus WA Branch 1,Pacific,2025-04-01
LN-AP-002940,Derek Lewis,HELOC,90571.5,Digital,E-0221,BR-016,2025-02-03,2025-03-28,2025-03-28,Funded,Funded,56.4,579,0.429,7.386,true,0,Fatima Parker,Cumulus OH Branch 2,Midwest,2025-02-01
LN-AP-002941,Derek Roberts,30-Year Fixed Mortgage,378132.33,Branch,E-0215,BR-011,2025-08-29,2025-10-04,2025-10-04,Funded,Funded,40.3,822,0.353,5.205,true,0,Henry Patel,Cumulus NC Branch 1,Southeast,2025-08-01
LN-AP-002942,Derek Campbell,Auto Loan,31122.19,Digital,E-0217,BR-015,2025-04-14,2025-05-25,2025-05-25,Funded,Funded,43.4,671,0.154,5.946,true,0,Amara Green,Cumulus OH Branch 1,Midwest,2025-04-01
LN-AP-002943,Nina Okafor,15-Year Fixed Mortgage,557077.5,Branch,E-0220,BR-005,2026-02-04,2026-03-06,2026-03-06,Funded,Funded,33.3,824,0.463,5.503,true,0,Luis Adams,Cumulus CT Branch 1,Northeast,2026-02-01
LN-AP-002944,Mei Ruiz,Auto Loan,39015.37,Branch,E-0223,BR-001,2025-08-20,2025-09-20,2025-09-20,Funded,Funded,35.6,597,0.508,5.588,true,0,Noah Adams,Cumulus NY Branch 1,Northeast,2025-08-01
LN-AP-002945,Maya Morris,30-Year Fixed Mortgage,493345.43,Branch,E-0227,BR-016,2025-06-13,2025-07-13,2025-07-13,Funded,Funded,34.1,777,0.372,7.379,true,0,Zara Young,Cumulus OH Branch 2,Midwest,2025-06-01
LN-AP-002946,Sara Ashford,Auto Loan,42183.75,Broker,E-0222,BR-026,2024-12-17,,,Withdrawn,Underwriting,,794,0.468,8.872,false,0,Rosa Carter,Cumulus CA Branch 2,Pacific,2024-12-01
LN-AP-002947,Ravi Vaughn,Auto Loan,104524.8,Digital,E-0221,BR-016,2025-03-21,2025-04-10,2025-04-10,Funded,Funded,23.6,628,0.434,5.764,true,0,Fatima Parker,Cumulus OH Branch 2,Midwest,2025-03-01
LN-AP-002948,Isabella Nelson,Auto Loan,18403.35,Branch,E-0235,BR-008,2025-07-15,2025-08-21,2025-08-21,Funded,Funded,40.6,738,0.453,8.366,true,0,Ava Harris,Cumulus FL Branch 2,Southeast,2025-07-01
LN-AP-002949,Ben Bailey,30-Year Fixed Mortgage,771031.57,Digital,E-0227,BR-016,2025-07-02,2025-07-27,2025-07-27,Funded,Funded,28.1,789,0.275,6.765,true,0,Zara Young,Cumulus OH Branch 2,Midwest,2025-07-01
LN-AP-002950,Victor Lewis,30-Year Fixed Mortgage,384482.04,Branch,E-0209,BR-006,2025-10-04,2025-10-30,2025-10-30,Funded,Funded,28.4,747,0.29,8.559,true,0,Yuki Stewart,Cumulus CT Branch 2,Northeast,2025-10-01
LN-AP-002951,Daniel Bailey,30-Year Fixed Mortgage,263808.35,Digital,E-0208,BR-027,2026-04-25,,,Abandoned,Application Submitted,,816,0.436,7.193,false,0,Yuki Campbell,Cumulus WA Branch 1,Pacific,2026-04-01
LN-AP-002952,Iris Lewis,Auto Loan,28020.15,Digital,E-0225,BR-021,2026-04-24,,,Withdrawn,Document Collection,,776,0.283,6.568,false,0,Henry Okafor,Cumulus UT Branch 1,Mountain West,2026-04-01
LN-AP-002953,Grace Thomas,Personal Loan,20541.93,Branch,E-0207,BR-022,2025-05-06,2025-06-30,2025-06-30,Funded,Funded,57.7,824,0.383,8.801,true,0,Priya Davis,Cumulus UT Branch 2,Mountain West,2025-05-01
LN-AP-002954,Fatima Vaughn,30-Year Fixed Mortgage,485022.76,Digital,E-0219,BR-025,2025-07-21,,,In Progress,Conditional Approval,,720,0.205,8.327,false,4,Rosa Hall,Cumulus CA Branch 1,Pacific,2025-07-01
LN-AP-002955,Priya Taylor,15-Year Fixed Mortgage,384899.5,Broker,E-0216,BR-013,2025-10-30,2025-12-02,2025-12-02,Funded,Funded,35.7,710,0.508,6.129,true,0,Daniel Morris,Cumulus IL Branch 1,Midwest,2025-10-01
LN-AP-002956,Derek Green,30-Year Fixed Mortgage,465998.96,Branch,E-0207,BR-022,2025-08-04,2025-09-19,2025-09-19,Funded,Funded,49.0,796,0.201,5.387,true,0,Priya Davis,Cumulus UT Branch 2,Mountain West,2025-08-01
LN-AP-002957,Maya Lopez,HELOC,45605.3,Digital,E-0232,BR-018,2025-01-03,2025-01-29,2025-01-29,Funded,Funded,29.6,773,0.2,7.192,true,0,Tom Hall,Cumulus MN Branch 2,Midwest,2025-01-01
LN-AP-002958,Sofia Walker,Auto Loan,17901.51,Digital,E-0222,BR-026,2026-01-24,2026-03-10,2026-03-10,Funded,Funded,48.4,631,0.37,8.101,true,0,Rosa Carter,Cumulus CA Branch 2,Pacific,2026-01-01
LN-AP-002959,Ava White,Refinance,373548.14,Digital,E-0221,BR-016,2024-10-09,,,In Progress,Underwriting,,561,0.449,7.214,false,2,Fatima Parker,Cumulus OH Branch 2,Midwest,2024-10-01
LN-AP-002960,Yuki Collins,30-Year Fixed Mortgage,434196.2,Loan Officer,E-0210,BR-019,2026-03-10,2026-04-21,2026-04-21,Funded,Funded,45.6,776,0.463,6.607,true,0,Luis Garcia,Cumulus CO Branch 1,Mountain West,2026-03-01
LN-AP-002961,Elena Edwards,15-Year Fixed Mortgage,419266.25,Broker,E-0224,BR-027,2025-08-18,,,In Progress,Conditional Approval,,808,0.226,7.537,false,1,Priya Davis,Cumulus WA Branch 1,Pacific,2025-08-01
LN-AP-002962,Hannah Nguyen,HELOC,143652.71,Digital,E-0234,BR-028,2025-11-11,2025-12-05,2025-12-05,Funded,Funded,28.7,642,0.449,8.437,true,0,Henry Taylor,Cumulus WA Branch 2,Pacific,2025-11-01
LN-AP-002963,Maya Wilson,Personal Loan,9394.23,Branch,E-0227,BR-016,2026-04-23,2026-05-30,,Denied,Appraisal,,795,0.195,6.971,false,0,Zara Young,Cumulus OH Branch 2,Midwest,2026-04-01
LN-AP-002964,Jamal Garcia,Personal Loan,14254.05,Broker,E-0214,BR-027,2024-11-27,,,In Progress,Conditional Approval,,583,0.353,5.816,false,4,Amara Clark,Cumulus WA Branch 1,Pacific,2024-11-01
LN-AP-002965,Aisha Johnson,HELOC,128159.4,Digital,E-0229,BR-025,2024-10-01,2024-10-26,2024-10-26,Funded,Funded,28.1,577,0.219,5.954,true,0,Marcus Wilson,Cumulus CA Branch 1,Pacific,2024-10-01
LN-AP-002966,Aisha Evans,Personal Loan,5309.33,Digital,E-0215,BR-011,2025-08-29,2025-09-30,2025-09-30,Funded,Funded,35.9,806,0.416,8.449,true,0,Henry Patel,Cumulus NC Branch 1,Southeast,2025-08-01
LN-AP-002967,Isabella Scott,Auto Loan,40679.08,Loan Officer,E-0227,BR-016,2025-11-13,2025-12-14,2025-12-14,Funded,Funded,33.0,710,0.329,8.055,true,0,Zara Young,Cumulus OH Branch 2,Midwest,2025-11-01
LN-AP-002968,Diego Nguyen,15-Year Fixed Mortgage,334811.11,Digital,E-0206,BR-020,2024-10-25,2024-11-20,2024-11-20,Funded,Funded,29.9,616,0.232,7.1,true,0,Ben Taylor,Cumulus CO Branch 2,Mountain West,2024-10-01
LN-AP-002969,Elena Green,Refinance,780103.81,Digital,E-0210,BR-019,2026-01-07,,,Withdrawn,Conditional Approval,,751,0.295,6.112,false,0,Luis Garcia,Cumulus CO Branch 1,Mountain West,2026-01-01
LN-AP-002970,Ravi Parker,Personal Loan,7808.92,Branch,E-0217,BR-015,2026-05-16,2026-06-20,2026-06-20,Funded,Funded,38.6,674,0.171,7.044,true,0,Amara Green,Cumulus OH Branch 1,Midwest,2026-05-01
LN-AP-002971,Naomi Adams,30-Year Fixed Mortgage,496727.52,Loan Officer,E-0217,BR-015,2026-03-29,,,In Progress,Document Collection,,780,0.414,8.38,false,1,Amara Green,Cumulus OH Branch 1,Midwest,2026-03-01
LN-AP-002972,Ava Silva,30-Year Fixed Mortgage,210923.88,Digital,E-0226,BR-010,2025-03-07,,,In Progress,Underwriting,,591,0.357,7.885,false,5,Andre Evans,Cumulus GA Branch 2,Southeast,2025-03-01
LN-AP-002973,Hannah Chen,30-Year Fixed Mortgage,354548.0,Digital,E-0220,BR-005,2026-04-29,2026-05-30,2026-05-30,Funded,Funded,35.2,617,0.416,5.206,true,0,Luis Adams,Cumulus CT Branch 1,Northeast,2026-04-01
LN-AP-002974,Jonathan Lopez,Refinance,370851.7,Digital,E-0229,BR-025,2025-03-26,2025-04-28,2025-04-28,Funded,Funded,37.2,771,0.345,7.45,true,0,Marcus Wilson,Cumulus CA Branch 1,Pacific,2025-03-01
LN-AP-002975,Victor Silva,30-Year Fixed Mortgage,462926.78,Digital,E-0229,BR-025,2026-08-24,,,In Progress,Document Collection,,792,0.503,7.417,false,6,Marcus Wilson,Cumulus CA Branch 1,Pacific,2026-08-01
LN-AP-002976,Olivia Nguyen,30-Year Fixed Mortgage,478782.96,Digital,E-0214,BR-027,2025-07-14,2025-08-02,2025-08-02,Funded,Funded,23.3,687,0.363,5.589,true,0,Amara Clark,Cumulus WA Branch 1,Pacific,2025-07-01
LN-AP-002977,Priya Brown,Personal Loan,6695.94,Digital,E-0213,BR-023,2025-04-30,2025-06-01,,Denied,Underwriting,,826,0.444,7.871,false,0,Jamal Lewis,Cumulus AZ Branch 1,Mountain West,2025-04-01
LN-AP-002978,Leo Adams,HELOC,53978.74,Broker,E-0206,BR-020,2025-08-21,2025-09-29,2025-09-29,Funded,Funded,42.2,679,0.515,5.57,true,0,Ben Taylor,Cumulus CO Branch 2,Mountain West,2025-08-01
LN-AP-002979,Lauren Anderson,Personal Loan,10183.67,Loan Officer,E-0217,BR-015,2024-11-07,2024-12-14,2024-12-14,Funded,Funded,40.1,702,0.176,5.289,true,0,Amara Green,Cumulus OH Branch 1,Midwest,2024-11-01
LN-AP-002980,Daniel Edwards,Auto Loan,13195.8,Branch,E-0230,BR-009,2026-01-15,2026-02-08,2026-02-08,Funded,Funded,26.2,578,0.232,6.872,true,0,Jamal Wright,Cumulus GA Branch 1,Southeast,2026-01-01
LN-AP-002981,Owen Allen,HELOC,91583.0,Loan Officer,E-0219,BR-025,2024-11-11,2024-12-12,2024-12-12,Funded,Funded,34.8,584,0.402,5.697,true,0,Rosa Hall,Cumulus CA Branch 1,Pacific,2024-11-01
LN-AP-002982,Layla Ruiz,15-Year Fixed Mortgage,252091.24,Branch,E-0222,BR-026,2025-04-09,2025-05-02,2025-05-02,Funded,Funded,26.3,689,0.43,5.677,true,0,Rosa Carter,Cumulus CA Branch 2,Pacific,2025-04-01
LN-AP-002983,Jamal Okafor,15-Year Fixed Mortgage,166220.01,Digital,E-0212,BR-004,2025-04-12,,,Withdrawn,Appraisal,,731,0.152,5.259,false,0,Isabella Phillips,Cumulus MA Branch 2,Northeast,2025-04-01
LN-AP-002984,Tom King,Auto Loan,27539.12,Branch,E-0227,BR-016,2026-05-18,2026-07-12,2026-07-12,Funded,Funded,59.6,791,0.149,6.841,true,0,Zara Young,Cumulus OH Branch 2,Midwest,2026-05-01
LN-AP-002985,Rosa Kim,Personal Loan,22215.5,Branch,E-0209,BR-006,2025-07-12,2025-08-01,2025-08-01,Funded,Funded,22.9,730,0.47,6.055,true,0,Yuki Stewart,Cumulus CT Branch 2,Northeast,2025-07-01
LN-AP-002986,Ben Edwards,15-Year Fixed Mortgage,474955.9,Broker,E-0230,BR-009,2026-07-07,2026-08-13,2026-08-13,Funded,Funded,39.0,706,0.328,7.647,true,0,Jamal Wright,Cumulus GA Branch 1,Southeast,2026-07-01
LN-AP-002987,Luis Jackson,15-Year Fixed Mortgage,732339.69,Branch,E-0208,BR-027,2025-11-28,,,Withdrawn,Conditional Approval,,758,0.128,7.042,false,0,Yuki Campbell,Cumulus WA Branch 1,Pacific,2025-11-01
LN-AP-002988,Ethan Bailey,HELOC,92697.15,Broker,E-0234,BR-028,2024-12-07,2025-01-15,2025-01-15,Funded,Funded,41.6,721,0.436,8.591,true,0,Henry Taylor,Cumulus WA Branch 2,Pacific,2024-12-01
LN-AP-002989,Andre Walker,30-Year Fixed Mortgage,796498.43,Broker,E-0235,BR-008,2026-04-18,2026-04-18,,Denied,Application Submitted,,594,0.193,7.441,false,0,Ava Harris,Cumulus FL Branch 2,Southeast,2026-04-01
LN-AP-002990,Daniel King,Auto Loan,33324.41,Loan Officer,E-0218,BR-012,2026-07-10,2026-08-09,,Denied,Conditional Approval,,590,0.428,8.78,false,0,Carlos Scott,Cumulus NC Branch 2,Southeast,2026-07-01
LN-AP-002991,Ava Kim,Personal Loan,16513.46,Digital,E-0235,BR-008,2025-12-21,,,Abandoned,Underwriting,,789,0.171,7.662,false,0,Ava Harris,Cumulus FL Branch 2,Southeast,2025-12-01
LN-AP-002992,Leo Brown,30-Year Fixed Mortgage,392790.26,Branch,E-0213,BR-023,2025-03-11,,,Withdrawn,Application Submitted,,793,0.431,8.835,false,0,Jamal Lewis,Cumulus AZ Branch 1,Mountain West,2025-03-01
LN-AP-002993,Ravi Allen,15-Year Fixed Mortgage,304357.62,Loan Officer,E-0234,BR-028,2025-04-22,2025-05-13,2025-05-13,Funded,Funded,25.1,584,0.196,8.375,true,0,Henry Taylor,Cumulus WA Branch 2,Pacific,2025-04-01
LN-AP-002994,Mateo Walker,Auto Loan,16142.19,Digital,E-0219,BR-025,2026-07-01,2026-07-27,2026-07-27,Funded,Funded,29.2,758,0.283,8.097,true,0,Rosa Hall,Cumulus CA Branch 1,Pacific,2026-07-01
LN-AP-002995,Luis Baker,HELOC,64192.85,Loan Officer,E-0212,BR-004,2025-07-10,2025-08-01,2025-08-01,Funded,Funded,26.4,713,0.227,7.262,true,0,Isabella Phillips,Cumulus MA Branch 2,Northeast,2025-07-01
LN-AP-002996,Layla Mitchell,Personal Loan,7767.3,Digital,E-0225,BR-021,2025-05-27,2025-06-23,2025-06-23,Funded,Funded,31.6,678,0.413,8.289,true,0,Henry Okafor,Cumulus UT Branch 1,Mountain West,2025-05-01
LN-AP-002997,Ben Parker,15-Year Fixed Mortgage,187798.15,Branch,E-0218,BR-012,2025-11-25,2025-12-30,2025-12-30,Funded,Funded,38.9,788,0.23,8.508,true,0,Carlos Scott,Cumulus NC Branch 2,Southeast,2025-11-01
LN-AP-002998,Isabella Turner,Auto Loan,25875.68,Digital,E-0225,BR-021,2025-10-08,,,Abandoned,Appraisal,,635,0.152,7.116,false,0,Henry Okafor,Cumulus UT Branch 1,Mountain West,2025-10-01
LN-AP-002999,Andre Ashford,15-Year Fixed Mortgage,267227.37,Branch,E-0217,BR-015,2026-05-18,2026-06-16,2026-06-16,Funded,Funded,31.9,783,0.425,7.471,true,0,Amara Green,Cumulus OH Branch 1,Midwest,2026-05-01
LN-AP-003000,Tom Thomas,Auto Loan,24631.19,Loan Officer,E-0211,BR-012,2025-12-01,2026-01-13,2026-01-13,Funded,Funded,45.4,817,0.204,8.886,true,0,Priya Young,Cumulus NC Branch 2,Southeast,2025-12-01
LN-AP-003001,Ben Chen,30-Year Fixed Mortgage,389281.53,Branch,E-0233,BR-025,2025-09-17,2025-10-01,,Denied,Appraisal,,778,0.276,8.886,false,0,Jamal Adams,Cumulus CA Branch 1,Pacific,2025-09-01
LN-AP-003002,Sara Ashford,30-Year Fixed Mortgage,765098.3,Digital,E-0213,BR-023,2026-02-01,2026-03-06,2026-03-06,Funded,Funded,36.0,770,0.241,6.048,true,0,Jamal Lewis,Cumulus AZ Branch 1,Mountain West,2026-02-01
LN-AP-003003,Maya Nelson,Personal Loan,9498.46,Loan Officer,E-0219,BR-025,2025-07-23,,,In Progress,Conditional Approval,,749,0.329,5.78,false,4,Rosa Hall,Cumulus CA Branch 1,Pacific,2025-07-01
LN-AP-003004,Leo Morris,Auto Loan,33725.28,Loan Officer,E-0233,BR-025,2026-05-31,2026-07-03,2026-07-03,Funded,Funded,36.3,660,0.213,7.026,true,0,Jamal Adams,Cumulus CA Branch 1,Pacific,2026-05-01
LN-AP-003005,Isabella Thomas,Personal Loan,6951.92,Broker,E-0218,BR-012,2025-01-18,2025-02-13,2025-02-13,Funded,Funded,30.5,797,0.395,6.242,true,0,Carlos Scott,Cumulus NC Branch 2,Southeast,2025-01-01
LN-AP-003006,Daniel Thomas,Auto Loan,67970.17,Digital,E-0229,BR-025,2025-04-05,2025-05-15,2025-05-15,Funded,Funded,43.8,806,0.168,8.587,true,0,Marcus Wilson,Cumulus CA Branch 1,Pacific,2025-04-01
LN-AP-003007,Ravi Davis,Personal Loan,15539.18,Loan Officer,E-0207,BR-022,2026-01-31,2026-03-09,,Denied,Conditional Approval,,587,0.215,7.34,false,0,Priya Davis,Cumulus UT Branch 2,Mountain West,2026-01-01
LN-AP-003008,Ines Walker,Auto Loan,23342.41,Loan Officer,E-0232,BR-018,2025-11-03,2025-12-16,2025-12-16,Funded,Funded,46.5,624,0.519,7.377,true,0,Tom Hall,Cumulus MN Branch 2,Midwest,2025-11-01
LN-AP-003009,Maya Nelson,Auto Loan,30522.17,Loan Officer,E-0226,BR-010,2026-08-22,,,In Progress,Document Collection,,722,0.259,6.675,false,3,Andre Evans,Cumulus GA Branch 2,Southeast,2026-08-01
LN-AP-003010,Andre Patel,HELOC,234308.32,Loan Officer,E-0220,BR-005,2026-02-25,2026-04-04,2026-04-04,Funded,Funded,41.3,780,0.495,5.921,true,0,Luis Adams,Cumulus CT Branch 1,Northeast,2026-02-01
LN-AP-003011,Ben Martinez,Personal Loan,25023.64,Branch,E-0206,BR-020,2025-01-16,2025-02-21,2025-02-21,Funded,Funded,38.9,686,0.299,5.429,true,0,Ben Taylor,Cumulus CO Branch 2,Mountain West,2025-01-01
LN-AP-003012,Naomi Anderson,Personal Loan,10781.1,Digital,E-0222,BR-026,2025-07-09,2025-08-03,2025-08-03,Funded,Funded,29.0,727,0.23,5.802,true,0,Rosa Carter,Cumulus CA Branch 2,Pacific,2025-07-01
LN-AP-003013,Julian Johnson,15-Year Fixed Mortgage,186560.11,Branch,E-0215,BR-011,2025-06-18,2025-07-18,2025-07-18,Funded,Funded,33.6,578,0.295,8.368,true,0,Henry Patel,Cumulus NC Branch 1,Southeast,2025-06-01
LN-AP-003014,Ines Clark,15-Year Fixed Mortgage,535873.61,Digital,E-0215,BR-011,2025-05-17,2025-06-12,2025-06-12,Funded,Funded,29.0,713,0.141,5.921,true,0,Henry Patel,Cumulus NC Branch 1,Southeast,2025-05-01
LN-AP-003015,Henry Moore,Personal Loan,14705.58,Broker,E-0233,BR-025,2025-07-03,,,In Progress,Underwriting,,637,0.249,8.091,false,1,Jamal Adams,Cumulus CA Branch 1,Pacific,2025-07-01
LN-AP-003016,Hannah Roberts,Refinance,121971.76,Branch,E-0233,BR-025,2025-02-09,,,Withdrawn,Appraisal,,638,0.222,8.277,false,0,Jamal Adams,Cumulus CA Branch 1,Pacific,2025-02-01
LN-AP-003017,Sofia Hall,HELOC,70259.98,Loan Officer,E-0223,BR-001,2024-11-09,2024-11-28,2024-11-28,Funded,Funded,22.0,749,0.174,6.614,true,0,Noah Adams,Cumulus NY Branch 1,Northeast,2024-11-01
LN-AP-003018,Ravi Collins,15-Year Fixed Mortgage,329399.37,Branch,E-0206,BR-020,2024-12-06,2025-01-07,2025-01-07,Funded,Funded,36.2,691,0.427,5.23,true,0,Ben Taylor,Cumulus CO Branch 2,Mountain West,2024-12-01
LN-AP-003019,Mei Lopez,Auto Loan,42271.58,Broker,E-0223,BR-001,2025-06-16,2025-07-21,2025-07-21,Funded,Funded,38.8,777,0.182,7.867,true,0,Noah Adams,Cumulus NY Branch 1,Northeast,2025-06-01
LN-AP-003020,Olivia Baker,Personal Loan,14213.58,Digital,E-0216,BR-013,2026-05-18,2026-06-22,2026-06-22,Funded,Funded,38.1,598,0.201,8.583,true,0,Daniel Morris,Cumulus IL Branch 1,Midwest,2026-05-01
LN-AP-003021,Zara Thomas,Auto Loan,30712.81,Branch,E-0215,BR-011,2024-10-25,2024-11-20,2024-11-20,Funded,Funded,29.9,655,0.139,5.644,true,0,Henry Patel,Cumulus NC Branch 1,Southeast,2024-10-01
LN-AP-003022,Derek Silva,HELOC,79809.63,Digital,E-0220,BR-005,2026-01-09,2026-02-24,2026-02-24,Funded,Funded,49.1,660,0.134,5.289,true,0,Luis Adams,Cumulus CT Branch 1,Northeast,2026-01-01
LN-AP-003023,Julian Patel,Personal Loan,22659.21,Broker,E-0207,BR-022,2025-04-04,,,In Progress,Application Submitted,,615,0.409,5.465,false,4,Priya Davis,Cumulus UT Branch 2,Mountain West,2025-04-01
LN-AP-003024,Naomi Roberts,30-Year Fixed Mortgage,210691.83,Branch,E-0231,BR-010,2024-12-03,2024-12-30,2024-12-30,Funded,Funded,31.8,624,0.273,6.19,true,0,Maya Edwards,Cumulus GA Branch 2,Southeast,2024-12-01
LN-AP-003025,Naomi Davis,Auto Loan,20372.52,Broker,E-0232,BR-018,2025-12-17,2026-01-19,2026-01-19,Funded,Funded,36.8,731,0.329,8.112,true,0,Tom Hall,Cumulus MN Branch 2,Midwest,2025-12-01
LN-AP-003026,Owen Garcia,Personal Loan,9126.88,Broker,E-0226,BR-010,2025-10-27,,,Withdrawn,Appraisal,,615,0.244,5.416,false,0,Andre Evans,Cumulus GA Branch 2,Southeast,2025-10-01
LN-AP-003027,Olivia Collins,15-Year Fixed Mortgage,237638.38,Loan Officer,E-0212,BR-004,2025-12-04,2026-01-05,2026-01-05,Funded,Funded,34.6,613,0.392,8.638,true,0,Isabella Phillips,Cumulus MA Branch 2,Northeast,2025-12-01
LN-AP-003028,Nora Adams,30-Year Fixed Mortgage,273852.45,Digital,E-0206,BR-020,2026-01-22,,,Withdrawn,Underwriting,,651,0.228,7.768,false,0,Ben Taylor,Cumulus CO Branch 2,Mountain West,2026-01-01
LN-AP-003029,Jamal Phillips,30-Year Fixed Mortgage,444032.7,Digital,E-0235,BR-008,2025-04-11,2025-05-13,2025-05-13,Funded,Funded,35.9,686,0.21,7.697,true,0,Ava Harris,Cumulus FL Branch 2,Southeast,2025-04-01
LN-AP-003030,Ava Lewis,Auto Loan,19506.15,Digital,E-0222,BR-026,2025-05-29,2025-07-13,2025-07-13,Funded,Funded,48.9,641,0.349,5.241,true,0,Rosa Carter,Cumulus CA Branch 2,Pacific,2025-05-01
LN-AP-003031,Ben Young,Auto Loan,46297.4,Branch,E-0208,BR-027,2025-05-11,2025-06-06,2025-06-06,Funded,Funded,30.5,569,0.215,6.329,true,0,Yuki Campbell,Cumulus WA Branch 1,Pacific,2025-05-01
LN-AP-003032,Wei Garcia,30-Year Fixed Mortgage,412023.58,Loan Officer,E-0215,BR-011,2025-12-16,2026-01-28,,Denied,Conditional Approval,,671,0.138,5.188,false,0,Henry Patel,Cumulus NC Branch 1,Southeast,2025-12-01
LN-AP-003033,Naomi Brown,HELOC,95878.97,Branch,E-0225,BR-021,2026-08-19,,,In Progress,Funded,,723,0.479,7.932,false,1,Henry Okafor,Cumulus UT Branch 1,Mountain West,2026-08-01
LN-AP-003034,Grace Mitchell,Personal Loan,12275.43,Loan Officer,E-0234,BR-028,2025-02-23,2025-03-21,2025-03-21,Funded,Funded,29.2,757,0.401,5.412,true,0,Henry Taylor,Cumulus WA Branch 2,Pacific,2025-02-01
LN-AP-003035,Aisha Vaughn,30-Year Fixed Mortgage,467555.26,Loan Officer,E-0209,BR-006,2026-02-14,2026-03-09,,Denied,Conditional Approval,,750,0.514,5.935,false,0,Yuki Stewart,Cumulus CT Branch 2,Northeast,2026-02-01
LN-AP-003036,Julian Carter,Refinance,705002.25,Digital,E-0223,BR-001,2026-02-08,,,Abandoned,Appraisal,,704,0.156,8.481,false,0,Noah Adams,Cumulus NY Branch 1,Northeast,2026-02-01
LN-AP-003037,Chloe Turner,Personal Loan,11351.75,Digital,E-0206,BR-020,2025-09-01,2025-09-24,2025-09-24,Funded,Funded,26.9,603,0.142,7.586,true,0,Ben Taylor,Cumulus CO Branch 2,Mountain West,2025-09-01
LN-AP-003038,Lauren Ashford,Personal Loan,8695.55,Loan Officer,E-0206,BR-020,2025-07-12,2025-08-08,2025-08-08,Funded,Funded,31.0,774,0.324,5.341,true,0,Ben Taylor,Cumulus CO Branch 2,Mountain West,2025-07-01
LN-AP-003039,Rosa Garcia,30-Year Fixed Mortgage,538399.64,Branch,E-0220,BR-005,2025-04-21,2025-06-08,2025-06-08,Funded,Funded,49.6,652,0.389,6.463,true,0,Luis Adams,Cumulus CT Branch 1,Northeast,2025-04-01
LN-AP-003040,Rosa King,Auto Loan,34349.38,Digital,E-0210,BR-019,2025-04-12,2025-05-12,2025-05-12,Funded,Funded,33.3,793,0.151,7.55,true,0,Luis Garcia,Cumulus CO Branch 1,Mountain West,2025-04-01
LN-AP-003041,Andre Adams,Auto Loan,62581.79,Branch,E-0210,BR-019,2025-04-26,2025-05-22,2025-05-22,Funded,Funded,28.7,744,0.473,8.804,true,0,Luis Garcia,Cumulus CO Branch 1,Mountain West,2025-04-01
LN-AP-003042,Lauren Mitchell,30-Year Fixed Mortgage,624281.74,Loan Officer,E-0224,BR-027,2026-05-31,,,Withdrawn,Document Collection,,789,0.465,8.676,false,0,Priya Davis,Cumulus WA Branch 1,Pacific,2026-05-01
LN-AP-003043,Luis Baker,Personal Loan,7704.36,Digital,E-0214,BR-027,2025-12-26,2026-02-09,2026-02-09,Funded,Funded,48.0,632,0.333,8.631,true,0,Amara Clark,Cumulus WA Branch 1,Pacific,2025-12-01
LN-AP-003044,Iris Carter,30-Year Fixed Mortgage,121386.4,Broker,E-0227,BR-016,2026-07-29,,,In Progress,Funded,,696,0.251,6.156,false,6,Zara Young,Cumulus OH Branch 2,Midwest,2026-07-01
LN-AP-003045,Nina Lopez,30-Year Fixed Mortgage,479637.88,Loan Officer,E-0211,BR-012,2025-11-23,2026-01-26,2026-01-26,Funded,Funded,66.8,678,0.292,8.156,true,0,Priya Young,Cumulus NC Branch 2,Southeast,2025-11-01
LN-AP-003046,Diego White,15-Year Fixed Mortgage,355077.54,Loan Officer,E-0230,BR-009,2025-12-14,,,Withdrawn,Conditional Approval,,652,0.501,8.628,false,0,Jamal Wright,Cumulus GA Branch 1,Southeast,2025-12-01
LN-AP-003047,Marcus Turner,15-Year Fixed Mortgage,452043.65,Branch,E-0213,BR-023,2024-11-06,2024-12-10,2024-12-10,Funded,Funded,37.9,780,0.136,7.128,true,0,Jamal Lewis,Cumulus AZ Branch 1,Mountain West,2024-11-01
LN-AP-003048,Wei Ashford,Refinance,311237.24,Digital,E-0234,BR-028,2025-04-20,2025-05-15,2025-05-15,Funded,Funded,27.2,715,0.488,8.137,true,0,Henry Taylor,Cumulus WA Branch 2,Pacific,2025-04-01
LN-AP-003049,Grace Ruiz,HELOC,91915.58,Branch,E-0214,BR-027,2025-04-27,2025-05-30,2025-05-30,Funded,Funded,35.3,772,0.283,6.367,true,0,Amara Clark,Cumulus WA Branch 1,Pacific,2025-04-01
LN-AP-003050,Noah Vaughn,Personal Loan,14168.1,Branch,E-0211,BR-012,2025-08-25,2025-09-29,2025-09-29,Funded,Funded,39.1,724,0.503,8.231,true,0,Priya Young,Cumulus NC Branch 2,Southeast,2025-08-01
LN-AP-003051,Ravi Turner,30-Year Fixed Mortgage,384493.14,Digital,E-0227,BR-016,2026-05-13,,,In Progress,Appraisal,,712,0.412,7.666,false,0,Zara Young,Cumulus OH Branch 2,Midwest,2026-05-01
LN-AP-003052,Marcus Collins,Auto Loan,36748.19,Broker,E-0225,BR-021,2026-06-30,2026-08-09,2026-08-09,Funded,Funded,43.2,614,0.385,6.93,true,0,Henry Okafor,Cumulus UT Branch 1,Mountain West,2026-06-01
LN-AP-003053,Tom Mitchell,30-Year Fixed Mortgage,491404.4,Digital,E-0210,BR-019,2026-08-15,,,In Progress,Funded,,692,0.196,5.569,false,1,Luis Garcia,Cumulus CO Branch 1,Mountain West,2026-08-01
LN-AP-003054,Maya Nguyen,Personal Loan,11970.07,Branch,E-0212,BR-004,2024-12-08,2025-01-05,2025-01-05,Funded,Funded,31.4,659,0.487,7.175,true,0,Isabella Phillips,Cumulus MA Branch 2,Northeast,2024-12-01
LN-AP-003055,Ava Carter,30-Year Fixed Mortgage,526811.18,Digital,E-0229,BR-025,2025-01-18,,,In Progress,Underwriting,,629,0.126,6.873,false,2,Marcus Wilson,Cumulus CA Branch 1,Pacific,2025-01-01
LN-AP-003056,Zara Taylor,Refinance,351771.53,Digital,E-0209,BR-006,2025-11-25,2026-01-02,2026-01-02,Funded,Funded,43.1,616,0.452,7.583,true,0,Yuki Stewart,Cumulus CT Branch 2,Northeast,2025-11-01
LN-AP-003057,Naomi Lopez,Personal Loan,15730.3,Digital,E-0228,BR-013,2025-05-30,2025-06-27,2025-06-27,Funded,Funded,30.9,708,0.244,6.134,true,0,Kenji Silva,Cumulus IL Branch 1,Midwest,2025-05-01
LN-AP-003058,Andre Stewart,30-Year Fixed Mortgage,279739.59,Digital,E-0216,BR-013,2026-08-22,,,In Progress,Funded,,773,0.421,6.233,false,6,Daniel Morris,Cumulus IL Branch 1,Midwest,2026-08-01
LN-AP-003059,Grace Young,30-Year Fixed Mortgage,312280.44,Digital,E-0221,BR-016,2026-03-17,2026-04-04,,Denied,Underwriting,,821,0.348,7.575,false,0,Fatima Parker,Cumulus OH Branch 2,Midwest,2026-03-01
LN-AP-003060,Felix Moore,Refinance,727357.17,Digital,E-0214,BR-027,2025-06-29,,,Withdrawn,Application Submitted,,677,0.429,8.539,false,0,Amara Clark,Cumulus WA Branch 1,Pacific,2025-06-01
LN-AP-003061,Layla Taylor,Refinance,217408.02,Digital,E-0219,BR-025,2025-10-06,2025-10-30,2025-10-30,Funded,Funded,27.4,811,0.468,7.251,true,0,Rosa Hall,Cumulus CA Branch 1,Pacific,2025-10-01
LN-AP-003062,Lauren Roberts,Auto Loan,37998.17,Loan Officer,E-0223,BR-001,2025-01-21,2025-02-14,2025-02-14,Funded,Funded,28.6,798,0.174,5.595,true,0,Noah Adams,Cumulus NY Branch 1,Northeast,2025-01-01
LN-AP-003063,Nora Patel,30-Year Fixed Mortgage,627484.18,Branch,E-0219,BR-025,2024-10-09,2024-11-03,,Denied,Underwriting,,577,0.325,6.871,false,0,Rosa Hall,Cumulus CA Branch 1,Pacific,2024-10-01
LN-AP-003064,Yuki Johnson,Refinance,632047.05,Digital,E-0218,BR-012,2025-01-08,2025-01-31,2025-01-31,Funded,Funded,26.2,636,0.239,7.24,true,0,Carlos Scott,Cumulus NC Branch 2,Southeast,2025-01-01
LN-AP-003065,Ben Stewart,Refinance,420221.83,Digital,E-0216,BR-013,2025-03-02,2025-03-31,2025-03-31,Funded,Funded,33.2,635,0.241,6.434,true,0,Daniel Morris,Cumulus IL Branch 1,Midwest,2025-03-01
LN-AP-003066,Tom Clark,15-Year Fixed Mortgage,366232.31,Broker,E-0209,BR-006,2025-11-11,2025-12-01,2025-12-01,Funded,Funded,22.8,814,0.273,5.524,true,0,Yuki Stewart,Cumulus CT Branch 2,Northeast,2025-11-01
LN-AP-003067,Samuel Kim,Personal Loan,8570.93,Branch,E-0223,BR-001,2025-11-19,2026-01-04,2026-01-04,Funded,Funded,50.7,781,0.495,8.602,true,0,Noah Adams,Cumulus NY Branch 1,Northeast,2025-11-01
LN-AP-003068,Mei Ashford,30-Year Fixed Mortgage,281068.09,Digital,E-0228,BR-013,2025-09-20,2025-10-11,2025-10-11,Funded,Funded,25.3,789,0.236,7.785,true,0,Kenji Silva,Cumulus IL Branch 1,Midwest,2025-09-01
LN-AP-003069,Naomi Lopez,15-Year Fixed Mortgage,183791.16,Branch,E-0213,BR-023,2026-02-02,,,In Progress,Appraisal,,749,0.357,8.699,false,3,Jamal Lewis,Cumulus AZ Branch 1,Mountain West,2026-02-01
LN-AP-003070,Mateo Martinez,Auto Loan,21870.79,Digital,E-0210,BR-019,2026-06-24,,,Withdrawn,Appraisal,,624,0.421,6.844,false,0,Luis Garcia,Cumulus CO Branch 1,Mountain West,2026-06-01
LN-AP-003071,Diego Lopez,Auto Loan,13920.36,Digital,E-0215,BR-011,2025-05-17,2025-06-12,2025-06-12,Funded,Funded,30.1,761,0.399,7.308,true,0,Henry Patel,Cumulus NC Branch 1,Southeast,2025-05-01
LN-AP-003072,Layla Wilson,Personal Loan,14530.65,Digital,E-0219,BR-025,2026-01-25,2026-02-21,2026-02-21,Funded,Funded,31.0,667,0.455,8.237,true,0,Rosa Hall,Cumulus CA Branch 1,Pacific,2026-01-01
LN-AP-003073,Derek Vaughn,Auto Loan,26103.55,Branch,E-0220,BR-005,2025-05-08,2025-06-29,2025-06-29,Funded,Funded,53.7,656,0.448,7.751,true,0,Luis Adams,Cumulus CT Branch 1,Northeast,2025-05-01
LN-AP-003074,Ravi Moore,Auto Loan,41284.56,Branch,E-0207,BR-022,2024-11-29,2024-12-27,2024-12-27,Funded,Funded,31.9,731,0.507,6.932,true,0,Priya Davis,Cumulus UT Branch 2,Mountain West,2024-11-01
LN-AP-003075,Derek Thomas,Refinance,574523.58,Digital,E-0206,BR-020,2025-08-12,2025-09-30,2025-09-30,Funded,Funded,53.8,716,0.426,7.093,true,0,Ben Taylor,Cumulus CO Branch 2,Mountain West,2025-08-01
LN-AP-003076,Isabella Adams,15-Year Fixed Mortgage,257359.82,Branch,E-0230,BR-009,2026-03-10,,,In Progress,Conditional Approval,,610,0.428,5.714,false,6,Jamal Wright,Cumulus GA Branch 1,Southeast,2026-03-01
LN-AP-003077,Marcus Evans,Auto Loan,27342.31,Branch,E-0215,BR-011,2025-08-10,2025-09-10,2025-09-10,Funded,Funded,34.0,813,0.398,5.209,true,0,Henry Patel,Cumulus NC Branch 1,Southeast,2025-08-01
LN-AP-003078,Elena Roberts,Auto Loan,13243.36,Digital,E-0216,BR-013,2025-09-18,2025-10-19,2025-10-19,Funded,Funded,36.1,591,0.5,8.517,true,0,Daniel Morris,Cumulus IL Branch 1,Midwest,2025-09-01
LN-AP-003079,Zara Silva,30-Year Fixed Mortgage,417260.89,Loan Officer,E-0234,BR-028,2025-04-21,2025-06-06,2025-06-06,Funded,Funded,50.1,618,0.251,8.192,true,0,Henry Taylor,Cumulus WA Branch 2,Pacific,2025-04-01
LN-AP-003080,Ethan Chen,Auto Loan,42372.85,Loan Officer,E-0223,BR-001,2025-03-29,2025-04-23,2025-04-23,Funded,Funded,27.4,682,0.513,6.769,true,0,Noah Adams,Cumulus NY Branch 1,Northeast,2025-03-01
LN-AP-003081,Layla Miller,30-Year Fixed Mortgage,612669.57,Branch,E-0230,BR-009,2024-11-24,,,Withdrawn,Application Submitted,,671,0.448,8.026,false,0,Jamal Wright,Cumulus GA Branch 1,Southeast,2024-11-01
LN-AP-003082,Noah Taylor,Refinance,121821.82,Broker,E-0232,BR-018,2025-03-25,,,In Progress,Conditional Approval,,777,0.336,8.548,false,0,Tom Hall,Cumulus MN Branch 2,Midwest,2025-03-01
LN-AP-003083,Noah Collins,HELOC,112391.14,Digital,E-0224,BR-027,2025-02-23,,,Withdrawn,Underwriting,,810,0.334,8.409,false,0,Priya Davis,Cumulus WA Branch 1,Pacific,2025-02-01
LN-AP-003084,Aisha Allen,HELOC,46637.04,Digital,E-0218,BR-012,2025-05-23,2025-07-02,2025-07-02,Funded,Funded,43.3,605,0.436,5.705,true,0,Carlos Scott,Cumulus NC Branch 2,Southeast,2025-05-01
LN-AP-003085,Emma Walker,15-Year Fixed Mortgage,145204.43,Loan Officer,E-0211,BR-012,2025-07-25,2025-08-14,,Denied,Underwriting,,575,0.228,7.59,false,0,Priya Young,Cumulus NC Branch 2,Southeast,2025-07-01
LN-AP-003086,Felix Baker,Auto Loan,49066.42,Loan Officer,E-0208,BR-027,2024-12-22,2025-01-24,2025-01-24,Funded,Funded,36.4,658,0.457,6.779,true,0,Yuki Campbell,Cumulus WA Branch 1,Pacific,2024-12-01
LN-AP-003087,Maya Kim,Auto Loan,24315.39,Branch,E-0212,BR-004,2026-08-11,,,In Progress,Funded,,812,0.357,7.606,false,2,Isabella Phillips,Cumulus MA Branch 2,Northeast,2026-08-01
LN-AP-003088,Henry Phillips,15-Year Fixed Mortgage,377540.7,Loan Officer,E-0231,BR-010,2025-12-02,2025-12-02,,Denied,Application Submitted,,642,0.156,6.264,false,0,Maya Edwards,Cumulus GA Branch 2,Southeast,2025-12-01
LN-AP-003089,Julian Phillips,HELOC,107919.15,Branch,E-0231,BR-010,2025-05-01,2025-05-30,2025-05-30,Funded,Funded,31.9,677,0.387,7.584,true,0,Maya Edwards,Cumulus GA Branch 2,Southeast,2025-05-01
LN-AP-003090,Tom Moore,30-Year Fixed Mortgage,496687.68,Branch,E-0232,BR-018,2025-03-11,,,Withdrawn,Conditional Approval,,655,0.269,5.934,false,0,Tom Hall,Cumulus MN Branch 2,Midwest,2025-03-01
LN-AP-003091,Zara Garcia,15-Year Fixed Mortgage,183547.07,Loan Officer,E-0215,BR-011,2025-05-01,2025-05-31,2025-05-31,Funded,Funded,34.0,609,0.201,7.59,true,0,Henry Patel,Cumulus NC Branch 1,Southeast,2025-05-01
LN-AP-003092,Mateo Hall,HELOC,90189.3,Digital,E-0226,BR-010,2026-04-09,2026-05-22,2026-05-22,Funded,Funded,46.0,807,0.38,5.159,true,0,Andre Evans,Cumulus GA Branch 2,Southeast,2026-04-01
LN-AP-003093,Zara Chen,Auto Loan,24013.54,Digital,E-0230,BR-009,2026-08-16,,,In Progress,Funded,,568,0.239,6.387,false,6,Jamal Wright,Cumulus GA Branch 1,Southeast,2026-08-01
LN-AP-003094,Sofia Silva,30-Year Fixed Mortgage,467027.02,Digital,E-0209,BR-006,2026-06-10,2026-07-22,2026-07-22,Funded,Funded,46.5,703,0.346,6.699,true,0,Yuki Stewart,Cumulus CT Branch 2,Northeast,2026-06-01
LN-AP-003095,Daniel Morris,Personal Loan,21573.6,Broker,E-0232,BR-018,2025-08-05,2025-08-29,,Denied,Conditional Approval,,609,0.364,7.933,false,0,Tom Hall,Cumulus MN Branch 2,Midwest,2025-08-01
LN-AP-003096,Ava Nguyen,Auto Loan,30535.08,Loan Officer,E-0235,BR-008,2026-05-12,2026-06-12,2026-06-12,Funded,Funded,32.8,742,0.356,8.376,true,0,Ava Harris,Cumulus FL Branch 2,Southeast,2026-05-01
LN-AP-003097,Naomi Davis,HELOC,252476.18,Branch,E-0221,BR-016,2025-12-10,2026-01-14,2026-01-14,Funded,Funded,38.1,770,0.476,5.764,true,0,Fatima Parker,Cumulus OH Branch 2,Midwest,2025-12-01
LN-AP-003098,Chloe Edwards,15-Year Fixed Mortgage,483117.26,Loan Officer,E-0206,BR-020,2026-07-12,2026-08-16,2026-08-16,Funded,Funded,38.5,560,0.139,8.206,true,0,Ben Taylor,Cumulus CO Branch 2,Mountain West,2026-07-01
LN-AP-003099,Ines Jackson,Refinance,475952.91,Digital,E-0221,BR-016,2026-07-24,,,Abandoned,Application Submitted,,664,0.186,8.194,false,0,Fatima Parker,Cumulus OH Branch 2,Midwest,2026-07-01
LN-AP-003100,Priya Thomas,HELOC,87092.85,Branch,E-0228,BR-013,2025-04-29,2025-05-23,2025-05-23,Funded,Funded,28.2,568,0.486,6.769,true,0,Kenji Silva,Cumulus IL Branch 1,Midwest,2025-04-01
LN-AP-003101,Diego Lopez,30-Year Fixed Mortgage,713965.88,Branch,E-0207,BR-022,2026-01-26,2026-03-21,2026-03-21,Funded,Funded,56.9,630,0.365,6.45,true,0,Priya Davis,Cumulus UT Branch 2,Mountain West,2026-01-01
LN-AP-003102,Emma Walker,30-Year Fixed Mortgage,527509.13,Branch,E-0231,BR-010,2025-08-07,2025-09-15,2025-09-15,Funded,Funded,42.4,826,0.455,5.949,true,0,Maya Edwards,Cumulus GA Branch 2,Southeast,2025-08-01
LN-AP-003103,Layla Nguyen,30-Year Fixed Mortgage,814766.25,Branch,E-0229,BR-025,2026-08-19,,,In Progress,Funded,,827,0.227,5.309,false,3,Marcus Wilson,Cumulus CA Branch 1,Pacific,2026-08-01
LN-AP-003104,Andre Lewis,15-Year Fixed Mortgage,362254.16,Digital,E-0226,BR-010,2025-04-05,2025-05-14,2025-05-14,Funded,Funded,42.7,587,0.265,6.72,true,0,Andre Evans,Cumulus GA Branch 2,Southeast,2025-04-01
LN-AP-003105,Owen Patel,Refinance,285248.61,Digital,E-0219,BR-025,2025-06-29,,,In Progress,Appraisal,,778,0.288,6.436,false,3,Rosa Hall,Cumulus CA Branch 1,Pacific,2025-06-01
LN-AP-003106,Ben Morris,Auto Loan,45102.87,Digital,E-0208,BR-027,2025-02-16,2025-04-01,2025-04-01,Funded,Funded,47.3,670,0.296,6.077,true,0,Yuki Campbell,Cumulus WA Branch 1,Pacific,2025-02-01
LN-AP-003107,Elena Turner,30-Year Fixed Mortgage,135316.98,Digital,E-0234,BR-028,2024-12-30,,,In Progress,Underwriting,,718,0.325,8.762,false,0,Henry Taylor,Cumulus WA Branch 2,Pacific,2024-12-01
LN-AP-003108,Andre Garcia,15-Year Fixed Mortgage,150128.91,Branch,E-0210,BR-019,2025-09-23,2025-10-17,2025-10-17,Funded,Funded,27.7,796,0.32,5.691,true,0,Luis Garcia,Cumulus CO Branch 1,Mountain West,2025-09-01
LN-AP-003109,Iris Martinez,Refinance,412419.17,Loan Officer,E-0228,BR-013,2025-11-09,2025-12-07,2025-12-07,Funded,Funded,30.6,599,0.354,7.933,true,0,Kenji Silva,Cumulus IL Branch 1,Midwest,2025-11-01
LN-AP-003110,Nora Collins,Refinance,599274.45,Branch,E-0216,BR-013,2024-11-26,2025-01-02,2025-01-02,Funded,Funded,40.2,828,0.264,7.034,true,0,Daniel Morris,Cumulus IL Branch 1,Midwest,2024-11-01
LN-AP-003111,Luis Allen,Personal Loan,13288.24,Loan Officer,E-0218,BR-012,2025-03-07,2025-04-15,2025-04-15,Funded,Funded,42.3,804,0.134,5.467,true,0,Carlos Scott,Cumulus NC Branch 2,Southeast,2025-03-01
LN-AP-003112,Ines Harris,Personal Loan,21177.28,Digital,E-0231,BR-010,2026-06-28,2026-07-09,,Denied,Underwriting,,562,0.36,7.958,false,0,Maya Edwards,Cumulus GA Branch 2,Southeast,2026-06-01
LN-AP-003113,Ines Bailey,30-Year Fixed Mortgage,210944.12,Branch,E-0221,BR-016,2026-01-31,2026-03-03,2026-03-03,Funded,Funded,35.6,653,0.408,5.538,true,0,Fatima Parker,Cumulus OH Branch 2,Midwest,2026-01-01
LN-AP-003114,Nora Lopez,Personal Loan,5052.53,Branch,E-0208,BR-027,2024-11-21,2025-02-13,2025-02-13,Funded,Funded,86.6,572,0.329,7.474,true,0,Yuki Campbell,Cumulus WA Branch 1,Pacific,2024-11-01
LN-AP-003115,Noah Davis,Personal Loan,6388.93,Broker,E-0210,BR-019,2025-05-08,2025-06-09,2025-06-09,Funded,Funded,35.1,624,0.517,6.62,true,0,Luis Garcia,Cumulus CO Branch 1,Mountain West,2025-05-01
LN-AP-003116,Samuel Baker,HELOC,94655.79,Digital,E-0229,BR-025,2025-04-05,,,Withdrawn,Appraisal,,788,0.483,8.344,false,0,Marcus Wilson,Cumulus CA Branch 1,Pacific,2025-04-01
LN-AP-003117,Mei Hall,Auto Loan,29873.12,Loan Officer,E-0216,BR-013,2024-11-29,2025-01-01,2025-01-01,Funded,Funded,36.2,786,0.357,7.157,true,0,Daniel Morris,Cumulus IL Branch 1,Midwest,2024-11-01
LN-AP-003118,Ravi Adams,Auto Loan,38095.33,Digital,E-0211,BR-012,2025-03-13,2025-04-14,2025-04-14,Funded,Funded,35.3,564,0.337,6.899,true,0,Priya Young,Cumulus NC Branch 2,Southeast,2025-03-01
LN-AP-003119,Olivia Baker,Auto Loan,33980.99,Digital,E-0227,BR-016,2026-04-04,2026-05-02,2026-05-02,Funded,Funded,31.3,657,0.148,8.297,true,0,Zara Young,Cumulus OH Branch 2,Midwest,2026-04-01
LN-AP-003120,Lauren Morris,Auto Loan,47683.84,Loan Officer,E-0208,BR-027,2025-11-04,2025-11-26,,Denied,Conditional Approval,,563,0.216,6.334,false,0,Yuki Campbell,Cumulus WA Branch 1,Pacific,2025-11-01
LN-AP-003121,Sara Young,Refinance,424280.84,Branch,E-0223,BR-001,2025-08-11,2025-09-16,2025-09-16,Funded,Funded,38.7,609,0.157,7.385,true,0,Noah Adams,Cumulus NY Branch 1,Northeast,2025-08-01
LN-AP-003122,Hannah Adams,Auto Loan,27675.12,Loan Officer,E-0206,BR-020,2025-09-11,,,Withdrawn,Appraisal,,563,0.323,7.889,false,0,Ben Taylor,Cumulus CO Branch 2,Mountain West,2025-09-01
LN-AP-003123,Emma Mitchell,Refinance,308253.06,Digital,E-0221,BR-016,2024-11-08,2024-12-20,2024-12-20,Funded,Funded,45.8,615,0.189,8.665,true,0,Fatima Parker,Cumulus OH Branch 2,Midwest,2024-11-01
LN-AP-003124,Felix Ruiz,Auto Loan,15339.81,Loan Officer,E-0216,BR-013,2026-04-04,,,Withdrawn,Underwriting,,769,0.157,7.802,false,0,Daniel Morris,Cumulus IL Branch 1,Midwest,2026-04-01
LN-AP-003125,Samuel Mitchell,Auto Loan,19628.81,Digital,E-0227,BR-016,2024-10-17,2024-11-05,2024-11-05,Funded,Funded,22.0,749,0.153,8.172,true,0,Zara Young,Cumulus OH Branch 2,Midwest,2024-10-01
LN-AP-003126,Ava Walker,Refinance,376348.16,Branch,E-0227,BR-016,2026-07-18,,,Withdrawn,Application Submitted,,687,0.493,5.694,false,0,Zara Young,Cumulus OH Branch 2,Midwest,2026-07-01
LN-AP-003127,Amara Phillips,Auto Loan,38958.02,Branch,E-0208,BR-027,2025-05-16,,,Withdrawn,Underwriting,,616,0.191,5.725,false,0,Yuki Campbell,Cumulus WA Branch 1,Pacific,2025-05-01
LN-AP-003128,Noah Green,HELOC,88783.67,Loan Officer,E-0218,BR-012,2025-02-08,2025-03-13,2025-03-13,Funded,Funded,35.3,662,0.307,6.525,true,0,Carlos Scott,Cumulus NC Branch 2,Southeast,2025-02-01
LN-AP-003129,Layla Ruiz,Personal Loan,12538.69,Digital,E-0231,BR-010,2026-06-18,2026-07-24,2026-07-24,Funded,Funded,39.0,605,0.181,6.933,true,0,Maya Edwards,Cumulus GA Branch 2,Southeast,2026-06-01
LN-AP-003130,Mateo Garcia,Personal Loan,22983.18,Digital,E-0216,BR-013,2024-12-16,2025-01-13,2025-01-13,Funded,Funded,32.5,740,0.372,5.24,true,0,Daniel Morris,Cumulus IL Branch 1,Midwest,2024-12-01
LN-AP-003131,Diego Moore,Personal Loan,22654.15,Loan Officer,E-0220,BR-005,2025-12-05,2026-01-27,2026-01-27,Funded,Funded,56.1,641,0.254,6.1,true,0,Luis Adams,Cumulus CT Branch 1,Northeast,2025-12-01
LN-AP-003132,Victor Silva,HELOC,101089.0,Branch,E-0223,BR-001,2025-01-22,2025-02-24,2025-02-24,Funded,Funded,35.9,676,0.235,7.161,true,0,Noah Adams,Cumulus NY Branch 1,Northeast,2025-01-01
LN-AP-003133,Grace Jackson,30-Year Fixed Mortgage,843112.46,Digital,E-0217,BR-015,2026-01-07,2026-02-15,2026-02-15,Funded,Funded,42.2,778,0.173,5.651,true,0,Amara Green,Cumulus OH Branch 1,Midwest,2026-01-01
LN-AP-003134,Wei Stewart,Auto Loan,22303.63,Branch,E-0209,BR-006,2025-03-10,2025-04-09,2025-04-09,Funded,Funded,34.0,756,0.379,5.277,true,0,Yuki Stewart,Cumulus CT Branch 2,Northeast,2025-03-01
LN-AP-003135,Sofia Adams,Refinance,275905.92,Digital,E-0229,BR-025,2026-05-11,,,Withdrawn,Application Submitted,,597,0.25,7.342,false,0,Marcus Wilson,Cumulus CA Branch 1,Pacific,2026-05-01
LN-AP-003136,Marcus Parker,Auto Loan,68544.13,Digital,E-0221,BR-016,2025-02-08,2025-02-26,,Denied,Underwriting,,705,0.197,5.607,false,0,Fatima Parker,Cumulus OH Branch 2,Midwest,2025-02-01
LN-AP-003137,Kenji Jackson,Refinance,631366.34,Branch,E-0235,BR-008,2026-02-17,,,Withdrawn,Appraisal,,696,0.315,6.561,false,0,Ava Harris,Cumulus FL Branch 2,Southeast,2026-02-01
LN-AP-003138,Iris Okafor,Auto Loan,40436.42,Digital,E-0225,BR-021,2026-07-22,2026-08-11,,Denied,Underwriting,,822,0.149,5.765,false,0,Henry Okafor,Cumulus UT Branch 1,Mountain West,2026-07-01
LN-AP-003139,Ines Collins,Auto Loan,38820.58,Digital,E-0233,BR-025,2025-10-27,,,Abandoned,Document Collection,,729,0.214,7.955,false,0,Jamal Adams,Cumulus CA Branch 1,Pacific,2025-10-01
LN-AP-003140,Noah Brown,Personal Loan,9527.89,Digital,E-0208,BR-027,2025-03-22,2025-04-20,2025-04-20,Funded,Funded,32.2,706,0.443,8.4,true,0,Yuki Campbell,Cumulus WA Branch 1,Pacific,2025-03-01
LN-AP-003141,Rosa Nelson,Refinance,348309.85,Branch,E-0211,BR-012,2026-05-17,2026-06-26,2026-06-26,Funded,Funded,42.7,804,0.429,7.933,true,0,Priya Young,Cumulus NC Branch 2,Southeast,2026-05-01
LN-AP-003142,Henry Anderson,HELOC,100005.1,Loan Officer,E-0235,BR-008,2025-07-07,2025-07-27,2025-07-27,Funded,Funded,23.1,622,0.323,6.438,true,0,Ava Harris,Cumulus FL Branch 2,Southeast,2025-07-01
LN-AP-003143,Lauren Lopez,30-Year Fixed Mortgage,801950.88,Digital,E-0211,BR-012,2025-02-17,2025-03-21,2025-03-21,Funded,Funded,35.8,713,0.223,6.612,true,0,Priya Young,Cumulus NC Branch 2,Southeast,2025-02-01
LN-AP-003144,Lauren Mitchell,Personal Loan,4830.69,Broker,E-0233,BR-025,2025-03-20,2025-04-23,2025-04-23,Funded,Funded,36.9,645,0.286,6.792,true,0,Jamal Adams,Cumulus CA Branch 1,Pacific,2025-03-01
LN-AP-003145,Yuki Carter,Refinance,1520000,Digital,E-0229,BR-025,2026-05-27,2026-07-01,2026-07-01,Funded,Funded,38.0,669,0.312,6.23,true,0,Marcus Wilson,Cumulus CA Branch 1,Pacific,2026-05-01
LN-AP-003146,Luis Anderson,Auto Loan,24351.45,Branch,E-0211,BR-012,2026-01-07,2026-02-04,2026-02-04,Funded,Funded,32.1,686,0.202,6.678,true,0,Priya Young,Cumulus NC Branch 2,Southeast,2026-01-01
LN-AP-003147,Mei Brown,Refinance,357574.6,Branch,E-0217,BR-015,2025-07-16,2025-08-13,2025-08-13,Funded,Funded,31.2,744,0.246,7.826,true,0,Amara Green,Cumulus OH Branch 1,Midwest,2025-07-01
LN-AP-003148,Victor Collins,30-Year Fixed Mortgage,271963.04,Loan Officer,E-0227,BR-016,2025-06-01,2025-07-10,2025-07-10,Funded,Funded,41.9,564,0.488,6.223,true,0,Zara Young,Cumulus OH Branch 2,Midwest,2025-06-01
LN-AP-003149,Ines Moore,30-Year Fixed Mortgage,285688.85,Loan Officer,E-0214,BR-027,2026-02-02,2026-03-09,2026-03-09,Funded,Funded,37.8,652,0.51,8.856,true,0,Amara Clark,Cumulus WA Branch 1,Pacific,2026-02-01
LN-AP-003150,Naomi Carter,30-Year Fixed Mortgage,464261.56,Digital,E-0218,BR-012,2025-11-05,2025-12-10,2025-12-10,Funded,Funded,38.5,584,0.208,5.536,true,0,Carlos Scott,Cumulus NC Branch 2,Southeast,2025-11-01
LN-AP-003151,Leo Miller,30-Year Fixed Mortgage,472650.67,Digital,E-0206,BR-020,2026-08-12,,,In Progress,Funded,,620,0.293,5.673,false,1,Ben Taylor,Cumulus CO Branch 2,Mountain West,2026-08-01
LN-AP-003152,Leo Carter,Auto Loan,28992.31,Digital,E-0230,BR-009,2026-02-27,2026-03-19,2026-03-19,Funded,Funded,22.9,802,0.471,6.653,true,0,Jamal Wright,Cumulus GA Branch 1,Southeast,2026-02-01
LN-AP-003153,Luis Phillips,Personal Loan,7931.21,Digital,E-0208,BR-027,2025-06-27,2025-07-29,2025-07-29,Funded,Funded,35.2,566,0.26,7.335,true,0,Yuki Campbell,Cumulus WA Branch 1,Pacific,2025-06-01
LN-AP-003154,Chloe Roberts,30-Year Fixed Mortgage,521839.82,Digital,E-0224,BR-027,2026-06-12,2026-07-11,2026-07-11,Funded,Funded,34.4,631,0.242,7.548,true,0,Priya Davis,Cumulus WA Branch 1,Pacific,2026-06-01
LN-AP-003155,Ava Miller,HELOC,102249.99,Digital,E-0207,BR-022,2025-11-02,,,In Progress,Document Collection,,776,0.166,8.045,false,0,Priya Davis,Cumulus UT Branch 2,Mountain West,2025-11-01
LN-AP-003156,Leo Lewis,15-Year Fixed Mortgage,809696.56,Loan Officer,E-0228,BR-013,2026-05-14,2026-06-05,2026-06-05,Funded,Funded,26.5,570,0.208,7.776,true,0,Kenji Silva,Cumulus IL Branch 1,Midwest,2026-05-01
LN-AP-003157,Nora Moore,30-Year Fixed Mortgage,440403.93,Digital,E-0220,BR-005,2025-11-21,2025-12-14,2025-12-14,Funded,Funded,25.6,620,0.381,8.829,true,0,Luis Adams,Cumulus CT Branch 1,Northeast,2025-11-01
LN-AP-003158,Maya Roberts,30-Year Fixed Mortgage,713251.94,Branch,E-0225,BR-021,2025-07-16,,,Withdrawn,Conditional Approval,,629,0.357,8.302,false,0,Henry Okafor,Cumulus UT Branch 1,Mountain West,2025-07-01
LN-AP-003159,Iris Bailey,HELOC,145652.57,Digital,E-0217,BR-015,2025-09-29,2025-10-29,2025-10-29,Funded,Funded,32.8,706,0.498,7.604,true,0,Amara Green,Cumulus OH Branch 1,Midwest,2025-09-01
LN-AP-003160,Naomi Okafor,30-Year Fixed Mortgage,651252.1,Branch,E-0226,BR-010,2026-06-27,,,Withdrawn,Appraisal,,735,0.229,7.848,false,0,Andre Evans,Cumulus GA Branch 2,Southeast,2026-06-01
LN-AP-003161,Jonathan Green,15-Year Fixed Mortgage,383214.35,Loan Officer,E-0212,BR-004,2025-04-15,,,Withdrawn,Document Collection,,628,0.309,5.919,false,0,Isabella Phillips,Cumulus MA Branch 2,Northeast,2025-04-01
LN-AP-003162,Mei Clark,15-Year Fixed Mortgage,304907.16,Loan Officer,E-0213,BR-023,2026-06-29,2026-07-21,2026-07-21,Funded,Funded,26.3,646,0.324,6.118,true,0,Jamal Lewis,Cumulus AZ Branch 1,Mountain West,2026-06-01
LN-AP-003163,Layla Adams,Auto Loan,18385.8,Branch,E-0209,BR-006,2025-08-26,2025-09-25,2025-09-25,Funded,Funded,32.4,578,0.301,7.12,true,0,Yuki Stewart,Cumulus CT Branch 2,Northeast,2025-08-01
LN-AP-003164,Wei Baker,Auto Loan,43557.66,Digital,E-0210,BR-019,2025-11-15,2025-12-10,2025-12-10,Funded,Funded,28.6,786,0.295,7.828,true,0,Luis Garcia,Cumulus CO Branch 1,Mountain West,2025-11-01
LN-AP-003165,Tom Miller,30-Year Fixed Mortgage,316346.94,Digital,E-0228,BR-013,2024-10-18,2024-11-22,2024-11-22,Funded,Funded,37.8,577,0.23,5.857,true,0,Kenji Silva,Cumulus IL Branch 1,Midwest,2024-10-01
LN-AP-003166,Wei Moore,Auto Loan,14884.83,Branch,E-0229,BR-025,2026-02-07,2026-03-11,2026-03-11,Funded,Funded,36.9,644,0.172,6.151,true,0,Marcus Wilson,Cumulus CA Branch 1,Pacific,2026-02-01
LN-AP-003167,Victor Chen,HELOC,226670.11,Branch,E-0210,BR-019,2025-11-30,2026-01-07,2026-01-07,Funded,Funded,41.5,658,0.256,8.709,true,0,Luis Garcia,Cumulus CO Branch 1,Mountain West,2025-11-01
LN-AP-003168,Emma Davis,Auto Loan,46833.77,Broker,E-0208,BR-027,2025-11-21,2026-01-12,2026-01-12,Funded,Funded,55.1,825,0.348,7.923,true,0,Yuki Campbell,Cumulus WA Branch 1,Pacific,2025-11-01
LN-AP-003169,Emma Phillips,Personal Loan,13997.33,Branch,E-0209,BR-006,2025-02-23,2025-04-08,2025-04-08,Funded,Funded,47.4,756,0.422,6.066,true,0,Yuki Stewart,Cumulus CT Branch 2,Northeast,2025-02-01
LN-AP-003170,Mateo Parker,15-Year Fixed Mortgage,388533.1,Branch,E-0234,BR-028,2026-01-03,,,Withdrawn,Appraisal,,563,0.326,7.516,false,0,Henry Taylor,Cumulus WA Branch 2,Pacific,2026-01-01
LN-AP-003171,Sofia Moore,30-Year Fixed Mortgage,635904.45,Branch,E-0214,BR-027,2026-08-11,,,Withdrawn,Document Collection,,629,0.311,7.326,false,0,Amara Clark,Cumulus WA Branch 1,Pacific,2026-08-01
LN-AP-003172,Kenji Wright,30-Year Fixed Mortgage,827103.02,Digital,E-0216,BR-013,2025-11-09,,,Abandoned,Underwriting,,575,0.209,7.761,false,0,Daniel Morris,Cumulus IL Branch 1,Midwest,2025-11-01
LN-AP-003173,Luis Campbell,15-Year Fixed Mortgage,284301.77,Digital,E-0234,BR-028,2026-07-19,2026-08-24,2026-08-24,Funded,Funded,39.6,750,0.199,6.045,true,0,Henry Taylor,Cumulus WA Branch 2,Pacific,2026-07-01
LN-AP-003174,Julian Wright,30-Year Fixed Mortgage,238065.59,Loan Officer,E-0224,BR-027,2025-04-06,,,Withdrawn,Document Collection,,713,0.156,5.324,false,0,Priya Davis,Cumulus WA Branch 1,Pacific,2025-04-01
LN-AP-003175,Nina Green,30-Year Fixed Mortgage,349400.27,Loan Officer,E-0218,BR-012,2026-05-03,2026-06-02,2026-06-02,Funded,Funded,33.2,695,0.516,7.832,true,0,Carlos Scott,Cumulus NC Branch 2,Southeast,2026-05-01
LN-AP-003176,Andre White,30-Year Fixed Mortgage,346031.19,Digital,E-0233,BR-025,2024-11-23,2024-12-10,,Denied,Underwriting,,689,0.38,7.445,false,0,Jamal Adams,Cumulus CA Branch 1,Pacific,2024-11-01
LN-AP-003177,Victor Walker,Auto Loan,33127.29,Loan Officer,E-0215,BR-011,2026-06-24,2026-07-23,2026-07-23,Funded,Funded,33.7,779,0.191,6.074,true,0,Henry Patel,Cumulus NC Branch 1,Southeast,2026-06-01
LN-AP-003178,Isabella Adams,15-Year Fixed Mortgage,486795.25,Branch,E-0234,BR-028,2026-06-25,2026-07-24,2026-07-24,Funded,Funded,32.0,789,0.185,5.427,true,0,Henry Taylor,Cumulus WA Branch 2,Pacific,2026-06-01
LN-AP-003179,Amara Campbell,Auto Loan,49873.1,Branch,E-0226,BR-010,2025-08-20,2025-10-07,2025-10-07,Funded,Funded,52.1,718,0.391,6.883,true,0,Andre Evans,Cumulus GA Branch 2,Southeast,2025-08-01
LN-AP-003180,Ava Moore,15-Year Fixed Mortgage,290584.96,Digital,E-0221,BR-016,2025-10-03,2025-11-03,2025-11-03,Funded,Funded,34.0,628,0.458,7.411,true,0,Fatima Parker,Cumulus OH Branch 2,Midwest,2025-10-01
LN-AP-003181,Jonathan Chen,Personal Loan,37363.04,Broker,E-0226,BR-010,2025-06-19,2025-07-30,2025-07-30,Funded,Funded,43.5,719,0.24,7.687,true,0,Andre Evans,Cumulus GA Branch 2,Southeast,2025-06-01
LN-AP-003182,Olivia Ruiz,Personal Loan,13533.24,Digital,E-0225,BR-021,2025-06-13,2025-07-16,2025-07-16,Funded,Funded,35.4,636,0.161,6.833,true,0,Henry Okafor,Cumulus UT Branch 1,Mountain West,2025-06-01
LN-AP-003183,Iris Nelson,Personal Loan,5983.27,Digital,E-0206,BR-020,2025-10-12,2025-12-04,2025-12-04,Funded,Funded,55.4,786,0.304,5.491,true,0,Ben Taylor,Cumulus CO Branch 2,Mountain West,2025-10-01
LN-AP-003184,Lauren Turner,Refinance,894397.19,Digital,E-0233,BR-025,2025-12-22,2026-01-31,2026-01-31,Funded,Funded,42.7,657,0.205,6.666,true,0,Jamal Adams,Cumulus CA Branch 1,Pacific,2025-12-01
LN-AP-003185,Luis Stewart,HELOC,182128.85,Broker,E-0210,BR-019,2026-01-11,2026-02-17,,Denied,Conditional Approval,,708,0.462,7.15,false,0,Luis Garcia,Cumulus CO Branch 1,Mountain West,2026-01-01
LN-AP-003186,Owen Allen,Personal Loan,12972.09,Branch,E-0234,BR-028,2026-05-08,2026-06-22,2026-06-22,Funded,Funded,47.9,758,0.215,7.542,true,0,Henry Taylor,Cumulus WA Branch 2,Pacific,2026-05-01
LN-AP-003187,Ethan Hall,30-Year Fixed Mortgage,713449.45,Digital,E-0208,BR-027,2026-02-04,,,Withdrawn,Underwriting,,599,0.417,8.867,false,0,Yuki Campbell,Cumulus WA Branch 1,Pacific,2026-02-01
LN-AP-003188,Andre Phillips,HELOC,192821.09,Digital,E-0223,BR-001,2024-12-28,2025-01-14,,Denied,Document Collection,,742,0.31,7.665,false,0,Noah Adams,Cumulus NY Branch 1,Northeast,2024-12-01
LN-AP-003189,Wei Harris,Personal Loan,37709.59,Digital,E-0221,BR-016,2026-02-20,2026-03-30,2026-03-30,Funded,Funded,42.5,747,0.403,5.719,true,0,Fatima Parker,Cumulus OH Branch 2,Midwest,2026-02-01
LN-AP-003190,Wei Parker,30-Year Fixed Mortgage,578128.74,Broker,E-0234,BR-028,2026-04-02,2026-04-30,2026-04-30,Funded,Funded,32.8,763,0.463,6.633,true,0,Henry Taylor,Cumulus WA Branch 2,Pacific,2026-04-01
LN-AP-003191,Sara Morris,Refinance,438487.59,Loan Officer,E-0217,BR-015,2026-02-21,2026-03-08,,Denied,Document Collection,,668,0.241,6.97,false,0,Amara Green,Cumulus OH Branch 1,Midwest,2026-02-01
LN-AP-003192,Yuki Ruiz,HELOC,88545.78,Loan Officer,E-0232,BR-018,2026-08-18,,,In Progress,Funded,,674,0.263,6.592,false,1,Tom Hall,Cumulus MN Branch 2,Midwest,2026-08-01
LN-AP-003193,Hannah Lewis,30-Year Fixed Mortgage,361747.13,Digital,E-0223,BR-001,2025-03-16,,,Withdrawn,Conditional Approval,,793,0.398,5.266,false,0,Noah Adams,Cumulus NY Branch 1,Northeast,2025-03-01
LN-AP-003194,Elena Edwards,15-Year Fixed Mortgage,336804.02,Branch,E-0218,BR-012,2026-01-17,2026-02-22,2026-02-22,Funded,Funded,38.9,675,0.125,5.283,true,0,Carlos Scott,Cumulus NC Branch 2,Southeast,2026-01-01
LN-AP-003195,Naomi Collins,30-Year Fixed Mortgage,184490.45,Branch,E-0224,BR-027,2025-12-10,,,Withdrawn,Application Submitted,,611,0.231,6.83,false,0,Priya Davis,Cumulus WA Branch 1,Pacific,2025-12-01
LN-AP-003196,Nora Campbell,15-Year Fixed Mortgage,348311.51,Branch,E-0209,BR-006,2026-07-02,,,Withdrawn,Conditional Approval,,611,0.31,7.454,false,0,Yuki Stewart,Cumulus CT Branch 2,Northeast,2026-07-01
LN-AP-003197,Maya Thomas,30-Year Fixed Mortgage,525434.38,Digital,E-0210,BR-019,2026-06-08,2026-07-03,2026-07-03,Funded,Funded,27.4,602,0.191,5.596,true,0,Luis Garcia,Cumulus CO Branch 1,Mountain West,2026-06-01
LN-AP-003198,Olivia Mitchell,30-Year Fixed Mortgage,548836.42,Loan Officer,E-0234,BR-028,2025-12-28,,,In Progress,Underwriting,,647,0.419,5.634,false,0,Henry Taylor,Cumulus WA Branch 2,Pacific,2025-12-01
LN-AP-003199,Olivia Parker,15-Year Fixed Mortgage,294567.06,Digital,E-0210,BR-019,2025-05-20,,,In Progress,Conditional Approval,,809,0.308,5.455,false,0,Luis Garcia,Cumulus CO Branch 1,Mountain West,2025-05-01
LN-AP-003200,Ava Miller,30-Year Fixed Mortgage,380909.65,Branch,E-0206,BR-020,2025-10-03,,,Withdrawn,Appraisal,,645,0.377,6.347,false,0,Ben Taylor,Cumulus CO Branch 2,Mountain West,2025-10-01
LN-AP-003201,Yuki Bailey,Personal Loan,9721.26,Loan Officer,E-0222,BR-026,2025-08-20,2025-09-24,2025-09-24,Funded,Funded,38.2,761,0.398,7.926,true,0,Rosa Carter,Cumulus CA Branch 2,Pacific,2025-08-01
LN-AP-003202,Tom Carter,Refinance,451695.1,Branch,E-0218,BR-012,2025-10-28,2025-11-24,2025-11-24,Funded,Funded,29.4,772,0.404,5.77,true,0,Carlos Scott,Cumulus NC Branch 2,Southeast,2025-10-01
LN-AP-003203,Ines Martinez,30-Year Fixed Mortgage,173923.25,Loan Officer,E-0207,BR-022,2025-04-10,2025-06-13,2025-06-13,Funded,Funded,67.5,829,0.187,5.832,true,0,Priya Davis,Cumulus UT Branch 2,Mountain West,2025-04-01
LN-AP-003204,Fatima Davis,Refinance,476675.06,Loan Officer,E-0226,BR-010,2025-05-29,2025-05-29,,Denied,Application Submitted,,689,0.331,5.226,false,0,Andre Evans,Cumulus GA Branch 2,Southeast,2025-05-01
LN-AP-003205,Noah Parker,Auto Loan,79346.21,Loan Officer,E-0226,BR-010,2025-01-08,,,Withdrawn,Document Collection,,827,0.519,8.805,false,0,Andre Evans,Cumulus GA Branch 2,Southeast,2025-01-01
LN-AP-003206,Henry Phillips,30-Year Fixed Mortgage,603351.5,Digital,E-0215,BR-011,2024-11-29,,,Abandoned,Application Submitted,,618,0.313,5.71,false,0,Henry Patel,Cumulus NC Branch 1,Southeast,2024-11-01
LN-AP-003207,Daniel Martinez,HELOC,57260.92,Digital,E-0219,BR-025,2025-09-05,2025-10-02,2025-10-02,Funded,Funded,31.4,649,0.155,8.403,true,0,Rosa Hall,Cumulus CA Branch 1,Pacific,2025-09-01
LN-AP-003208,Tom Collins,30-Year Fixed Mortgage,788394.16,Branch,E-0224,BR-027,2024-12-11,,,Withdrawn,Document Collection,,763,0.326,6.486,false,0,Priya Davis,Cumulus WA Branch 1,Pacific,2024-12-01
LN-AP-003209,Elena Green,Personal Loan,9586.74,Digital,E-0218,BR-012,2025-10-26,2025-11-20,,Denied,Conditional Approval,,726,0.203,5.362,false,0,Carlos Scott,Cumulus NC Branch 2,Southeast,2025-10-01
LN-AP-003210,Ravi Morris,Auto Loan,30327.85,Digital,E-0208,BR-027,2026-01-17,2026-02-15,2026-02-15,Funded,Funded,32.0,645,0.384,5.422,true,0,Yuki Campbell,Cumulus WA Branch 1,Pacific,2026-01-01
LN-AP-003211,Mei Parker,Refinance,382249.34,Broker,E-0232,BR-018,2025-12-27,,,In Progress,Conditional Approval,,791,0.173,6.918,false,2,Tom Hall,Cumulus MN Branch 2,Midwest,2025-12-01
LN-AP-003212,Rosa Okafor,Personal Loan,13379.42,Digital,E-0216,BR-013,2024-11-05,2024-12-10,,Denied,Appraisal,,656,0.124,7.631,false,0,Daniel Morris,Cumulus IL Branch 1,Midwest,2024-11-01
LN-AP-003213,Mei Clark,30-Year Fixed Mortgage,364499.14,Digital,E-0226,BR-010,2026-04-04,2026-05-22,2026-05-22,Funded,Funded,52.9,580,0.412,5.672,true,0,Andre Evans,Cumulus GA Branch 2,Southeast,2026-04-01
LN-AP-003214,Naomi Moore,HELOC,105161.06,Digital,E-0228,BR-013,2025-12-04,,,Abandoned,Document Collection,,714,0.278,6.726,false,0,Kenji Silva,Cumulus IL Branch 1,Midwest,2025-12-01
LN-AP-003215,Elena Collins,15-Year Fixed Mortgage,454435.26,Branch,E-0225,BR-021,2026-04-19,2026-05-30,2026-05-30,Funded,Funded,44.0,748,0.313,7.876,true,0,Henry Okafor,Cumulus UT Branch 1,Mountain West,2026-04-01
LN-AP-003216,Elena Davis,Auto Loan,76264.11,Digital,E-0227,BR-016,2026-07-03,2026-08-03,2026-08-03,Funded,Funded,35.2,673,0.509,6.011,true,0,Zara Young,Cumulus OH Branch 2,Midwest,2026-07-01
LN-AP-003217,Julian Allen,30-Year Fixed Mortgage,120155.23,Digital,E-0234,BR-028,2026-08-07,,,In Progress,Appraisal,,816,0.347,8.573,false,1,Henry Taylor,Cumulus WA Branch 2,Pacific,2026-08-01
LN-AP-003218,Elena Silva,30-Year Fixed Mortgage,501400.55,Branch,E-0212,BR-004,2025-04-24,2025-06-05,2025-06-05,Funded,Funded,46.1,565,0.36,5.548,true,0,Isabella Phillips,Cumulus MA Branch 2,Northeast,2025-04-01
LN-AP-003219,Layla Parker,30-Year Fixed Mortgage,339116.09,Branch,E-0230,BR-009,2026-01-04,,,Withdrawn,Underwriting,,733,0.402,7.049,false,0,Jamal Wright,Cumulus GA Branch 1,Southeast,2026-01-01
LN-AP-003220,Layla White,Personal Loan,17304.01,Digital,E-0230,BR-009,2025-01-05,2025-02-09,2025-02-09,Funded,Funded,39.5,643,0.323,5.184,true,0,Jamal Wright,Cumulus GA Branch 1,Southeast,2025-01-01
LN-AP-003221,Owen Mitchell,Auto Loan,48477.62,Digital,E-0208,BR-027,2025-01-17,2025-02-17,2025-02-17,Funded,Funded,34.2,721,0.42,6.492,true,0,Yuki Campbell,Cumulus WA Branch 1,Pacific,2025-01-01
LN-AP-003222,Leo King,30-Year Fixed Mortgage,855482.75,Digital,E-0211,BR-012,2026-05-17,2026-06-22,2026-06-22,Funded,Funded,40.2,727,0.407,5.437,true,0,Priya Young,Cumulus NC Branch 2,Southeast,2026-05-01
LN-AP-003223,Ines Carter,Auto Loan,15570.51,Digital,E-0219,BR-025,2026-05-10,2026-06-18,2026-06-18,Funded,Funded,42.1,694,0.309,6.127,true,0,Rosa Hall,Cumulus CA Branch 1,Pacific,2026-05-01
LN-AP-003224,Ines Nelson,30-Year Fixed Mortgage,789606.49,Branch,E-0210,BR-019,2025-03-07,2025-04-09,2025-04-09,Funded,Funded,36.1,620,0.459,6.624,true,0,Luis Garcia,Cumulus CO Branch 1,Mountain West,2025-03-01
LN-AP-003225,Luis Miller,Auto Loan,9585.85,Loan Officer,E-0223,BR-001,2025-08-24,2025-09-24,2025-09-24,Funded,Funded,35.5,804,0.129,5.86,true,0,Noah Adams,Cumulus NY Branch 1,Northeast,2025-08-01
LN-AP-003226,Mateo Young,Auto Loan,49834.64,Loan Officer,E-0234,BR-028,2026-06-21,2026-07-14,,Denied,Conditional Approval,,772,0.235,5.65,false,0,Henry Taylor,Cumulus WA Branch 2,Pacific,2026-06-01
LN-AP-003227,Mateo Bailey,Auto Loan,27278.67,Loan Officer,E-0232,BR-018,2025-12-20,2026-01-25,2026-01-25,Funded,Funded,40.2,621,0.335,8.871,true,0,Tom Hall,Cumulus MN Branch 2,Midwest,2025-12-01
LN-AP-003228,Isabella Wright,30-Year Fixed Mortgage,382385.56,Loan Officer,E-0222,BR-026,2025-12-26,2026-02-05,,Denied,Conditional Approval,,676,0.208,5.314,false,0,Rosa Carter,Cumulus CA Branch 2,Pacific,2025-12-01
LN-AP-003229,Emma Thomas,30-Year Fixed Mortgage,382918.14,Digital,E-0223,BR-001,2025-01-04,2025-02-07,2025-02-07,Funded,Funded,37.1,607,0.153,5.691,true,0,Noah Adams,Cumulus NY Branch 1,Northeast,2025-01-01
LN-AP-003230,Ben Lewis,Refinance,477732.61,Branch,E-0213,BR-023,2024-10-27,2024-11-30,2024-11-30,Funded,Funded,36.5,790,0.352,7.607,true,0,Jamal Lewis,Cumulus AZ Branch 1,Mountain West,2024-10-01
LN-AP-003231,Ben Johnson,30-Year Fixed Mortgage,114012.75,Loan Officer,E-0215,BR-011,2026-01-05,2026-02-01,2026-02-01,Funded,Funded,30.5,755,0.473,5.185,true,0,Henry Patel,Cumulus NC Branch 1,Southeast,2026-01-01
LN-AP-003232,Priya Davis,Auto Loan,27607.24,Broker,E-0211,BR-012,2025-11-25,2026-01-13,2026-01-13,Funded,Funded,52.5,755,0.475,5.216,true,0,Priya Young,Cumulus NC Branch 2,Southeast,2025-11-01
LN-AP-003233,Ravi Campbell,30-Year Fixed Mortgage,894537.28,Digital,E-0224,BR-027,2026-04-07,2026-05-08,2026-05-08,Funded,Funded,34.4,728,0.138,8.7,true,0,Priya Davis,Cumulus WA Branch 1,Pacific,2026-04-01
LN-AP-003234,Jamal Silva,Auto Loan,26972.58,Digital,E-0232,BR-018,2025-02-09,2025-03-14,2025-03-14,Funded,Funded,37.0,606,0.335,8.043,true,0,Tom Hall,Cumulus MN Branch 2,Midwest,2025-02-01
LN-AP-003235,Mateo Bailey,HELOC,41531.11,Digital,E-0208,BR-027,2025-12-31,2026-01-29,2026-01-29,Funded,Funded,31.9,792,0.457,5.58,true,0,Yuki Campbell,Cumulus WA Branch 1,Pacific,2025-12-01
LN-AP-003236,Maya Allen,Auto Loan,38434.12,Loan Officer,E-0222,BR-026,2025-04-28,2025-06-11,2025-06-11,Funded,Funded,48.4,564,0.213,5.1,true,0,Rosa Carter,Cumulus CA Branch 2,Pacific,2025-04-01
LN-AP-003237,Iris Adams,HELOC,57525.04,Loan Officer,E-0228,BR-013,2025-12-20,,,Withdrawn,Appraisal,,701,0.389,5.208,false,0,Kenji Silva,Cumulus IL Branch 1,Midwest,2025-12-01
LN-AP-003238,Leo Baker,30-Year Fixed Mortgage,308875.33,Digital,E-0223,BR-001,2025-03-14,,,In Progress,Application Submitted,,600,0.402,8.579,false,6,Noah Adams,Cumulus NY Branch 1,Northeast,2025-03-01
LN-AP-003239,Priya Scott,Personal Loan,12319.36,Branch,E-0227,BR-016,2025-09-10,2025-11-19,2025-11-19,Funded,Funded,73.3,683,0.39,5.465,true,0,Zara Young,Cumulus OH Branch 2,Midwest,2025-09-01
LN-AP-003240,Rosa Wilson,15-Year Fixed Mortgage,753416.22,Loan Officer,E-0228,BR-013,2025-07-23,,,In Progress,Document Collection,,608,0.382,7.824,false,3,Kenji Silva,Cumulus IL Branch 1,Midwest,2025-07-01
LN-AP-003241,Lauren Jackson,15-Year Fixed Mortgage,401003.94,Digital,E-0223,BR-001,2026-04-02,2026-04-19,,Denied,Underwriting,,736,0.512,6.184,false,0,Noah Adams,Cumulus NY Branch 1,Northeast,2026-04-01
LN-AP-003242,Hannah Allen,30-Year Fixed Mortgage,201604.6,Branch,E-0208,BR-027,2024-10-03,2024-10-26,2024-10-26,Funded,Funded,27.4,697,0.454,5.184,true,0,Yuki Campbell,Cumulus WA Branch 1,Pacific,2024-10-01
LN-AP-003243,Victor Bailey,15-Year Fixed Mortgage,373096.41,Loan Officer,E-0229,BR-025,2024-12-10,2025-01-16,2025-01-16,Funded,Funded,40.4,566,0.17,6.503,true,0,Marcus Wilson,Cumulus CA Branch 1,Pacific,2024-12-01
LN-AP-003244,Daniel Evans,HELOC,45273.79,Broker,E-0219,BR-025,2025-06-20,2025-07-30,2025-07-30,Funded,Funded,44.2,668,0.262,7.376,true,0,Rosa Hall,Cumulus CA Branch 1,Pacific,2025-06-01
LN-AP-003245,Ines Brown,Personal Loan,12786.44,Digital,E-0221,BR-016,2026-08-24,,,In Progress,Funded,,672,0.242,7.967,false,2,Fatima Parker,Cumulus OH Branch 2,Midwest,2026-08-01
LN-AP-003246,Ines Wright,HELOC,50041.63,Broker,E-0213,BR-023,2026-06-08,2026-07-26,2026-07-26,Funded,Funded,51.2,663,0.283,6.675,true,0,Jamal Lewis,Cumulus AZ Branch 1,Mountain West,2026-06-01
LN-AP-003247,Layla Anderson,Auto Loan,48384.56,Branch,E-0207,BR-022,2026-08-28,,,In Progress,Funded,,715,0.461,7.874,false,5,Priya Davis,Cumulus UT Branch 2,Mountain West,2026-08-01
LN-AP-003248,Jamal Bailey,HELOC,146743.53,Digital,E-0207,BR-022,2025-12-07,2026-01-27,2026-01-27,Funded,Funded,53.6,567,0.427,8.844,true,0,Priya Davis,Cumulus UT Branch 2,Mountain West,2025-12-01
LN-AP-003249,Luis Young,HELOC,51734.94,Branch,E-0211,BR-012,2025-06-18,2025-06-18,,Denied,Application Submitted,,580,0.297,8.613,false,0,Priya Young,Cumulus NC Branch 2,Southeast,2025-06-01
LN-AP-003250,Jamal Allen,Auto Loan,32550.11,Branch,E-0230,BR-009,2025-02-07,2025-02-24,2025-02-24,Funded,Funded,20.6,601,0.127,8.678,true,0,Jamal Wright,Cumulus GA Branch 1,Southeast,2025-02-01
LN-AP-003251,Grace Carter,30-Year Fixed Mortgage,421792.64,Broker,E-0234,BR-028,2025-02-10,2025-04-04,2025-04-04,Funded,Funded,55.9,701,0.492,5.254,true,0,Henry Taylor,Cumulus WA Branch 2,Pacific,2025-02-01
LN-AP-003252,Samuel Turner,HELOC,134957.97,Broker,E-0218,BR-012,2025-05-23,2025-06-19,2025-06-19,Funded,Funded,30.6,749,0.326,7.585,true,0,Carlos Scott,Cumulus NC Branch 2,Southeast,2025-05-01
LN-AP-003253,Kenji Evans,Auto Loan,33096.19,Branch,E-0235,BR-008,2026-04-26,2026-05-31,2026-05-31,Funded,Funded,38.3,741,0.478,5.975,true,0,Ava Harris,Cumulus FL Branch 2,Southeast,2026-04-01
LN-AP-003254,Fatima Vaughn,15-Year Fixed Mortgage,230258.09,Digital,E-0223,BR-001,2025-03-09,2025-04-17,2025-04-17,Funded,Funded,40.9,662,0.146,5.353,true,0,Noah Adams,Cumulus NY Branch 1,Northeast,2025-03-01
LN-AP-003255,Owen Thomas,HELOC,40679.95,Branch,E-0229,BR-025,2025-06-19,2025-07-15,2025-07-15,Funded,Funded,28.4,622,0.322,8.441,true,0,Marcus Wilson,Cumulus CA Branch 1,Pacific,2025-06-01
LN-AP-003256,Elena Carter,15-Year Fixed Mortgage,249305.53,Loan Officer,E-0209,BR-006,2026-08-31,,,In Progress,Conditional Approval,,582,0.477,5.39,false,5,Yuki Stewart,Cumulus CT Branch 2,Northeast,2026-08-01
LN-AP-003257,Samuel Green,Auto Loan,39082.07,Branch,E-0218,BR-012,2025-07-25,2025-08-29,2025-08-29,Funded,Funded,38.4,805,0.183,8.834,true,0,Carlos Scott,Cumulus NC Branch 2,Southeast,2025-07-01
LN-AP-003258,Nora Anderson,Personal Loan,20203.78,Branch,E-0213,BR-023,2025-06-02,,,Withdrawn,Underwriting,,602,0.285,8.808,false,0,Jamal Lewis,Cumulus AZ Branch 1,Mountain West,2025-06-01
LN-AP-003259,Mei Phillips,30-Year Fixed Mortgage,451889.59,Branch,E-0219,BR-025,2024-11-04,2024-11-13,,Denied,Document Collection,,698,0.447,8.378,false,0,Rosa Hall,Cumulus CA Branch 1,Pacific,2024-11-01
LN-AP-003260,Ravi Nguyen,Personal Loan,24369.41,Digital,E-0210,BR-019,2025-07-02,,,Abandoned,Appraisal,,602,0.385,5.266,false,0,Luis Garcia,Cumulus CO Branch 1,Mountain West,2025-07-01
LN-AP-003261,Felix Thomas,Auto Loan,22180.88,Digital,E-0217,BR-015,2026-03-10,2026-04-05,2026-04-05,Funded,Funded,29.9,740,0.436,5.894,true,0,Amara Green,Cumulus OH Branch 1,Midwest,2026-03-01
LN-AP-003262,Olivia Nguyen,15-Year Fixed Mortgage,214039.78,Branch,E-0232,BR-018,2024-11-26,,,Withdrawn,Underwriting,,647,0.437,7.578,false,0,Tom Hall,Cumulus MN Branch 2,Midwest,2024-11-01
LN-AP-003263,Emma Chen,Personal Loan,25690.51,Branch,E-0206,BR-020,2025-04-24,2025-05-25,2025-05-25,Funded,Funded,34.3,820,0.328,6.502,true,0,Ben Taylor,Cumulus CO Branch 2,Mountain West,2025-04-01
LN-AP-003264,Amara Edwards,15-Year Fixed Mortgage,607071.27,Digital,E-0214,BR-027,2026-07-09,,,Withdrawn,Conditional Approval,,618,0.171,7.527,false,0,Amara Clark,Cumulus WA Branch 1,Pacific,2026-07-01
LN-AP-003265,Yuki Patel,Auto Loan,32516.78,Branch,E-0226,BR-010,2026-08-05,,,In Progress,Funded,,637,0.305,7.696,false,3,Andre Evans,Cumulus GA Branch 2,Southeast,2026-08-01
LN-AP-003266,Ravi Campbell,30-Year Fixed Mortgage,499062.22,Branch,E-0220,BR-005,2025-02-19,,,In Progress,Document Collection,,777,0.246,7.105,false,6,Luis Adams,Cumulus CT Branch 1,Northeast,2025-02-01
LN-AP-003267,Yuki Scott,30-Year Fixed Mortgage,491791.05,Branch,E-0219,BR-025,2026-07-15,2026-08-26,2026-08-26,Funded,Funded,45.0,722,0.176,5.741,true,0,Rosa Hall,Cumulus CA Branch 1,Pacific,2026-07-01
LN-AP-003268,Julian Stewart,Refinance,615710.97,Broker,E-0213,BR-023,2026-07-16,2026-08-09,,Denied,Underwriting,,699,0.137,7.153,false,0,Jamal Lewis,Cumulus AZ Branch 1,Mountain West,2026-07-01
LN-AP-003269,Ines Chen,30-Year Fixed Mortgage,467432.97,Digital,E-0208,BR-027,2025-02-10,2025-03-05,2025-03-05,Funded,Funded,26.0,766,0.331,6.452,true,0,Yuki Campbell,Cumulus WA Branch 1,Pacific,2025-02-01
LN-AP-003270,Henry Hall,30-Year Fixed Mortgage,515870.66,Broker,E-0234,BR-028,2024-10-20,2024-11-08,,Denied,Underwriting,,805,0.23,7.754,false,0,Henry Taylor,Cumulus WA Branch 2,Pacific,2024-10-01
LN-AP-003271,Daniel Campbell,HELOC,83602.42,Loan Officer,E-0221,BR-016,2025-09-30,2025-11-18,2025-11-18,Funded,Funded,52.5,631,0.414,8.08,true,0,Fatima Parker,Cumulus OH Branch 2,Midwest,2025-09-01
LN-AP-003272,Jamal Carter,30-Year Fixed Mortgage,610247.96,Loan Officer,E-0224,BR-027,2024-10-04,2024-11-18,2024-11-18,Funded,Funded,47.7,598,0.417,5.863,true,0,Priya Davis,Cumulus WA Branch 1,Pacific,2024-10-01
LN-AP-003273,Ben Garcia,Auto Loan,43851.58,Digital,E-0230,BR-009,2025-01-14,2025-02-12,2025-02-12,Funded,Funded,33.7,798,0.408,8.098,true,0,Jamal Wright,Cumulus GA Branch 1,Southeast,2025-01-01
LN-AP-003274,Wei Okafor,Auto Loan,12245.34,Digital,E-0207,BR-022,2026-08-06,2026-08-27,2026-08-27,Funded,Funded,24.1,763,0.328,8.875,true,0,Priya Davis,Cumulus UT Branch 2,Mountain West,2026-08-01
LN-AP-003275,Ben Ruiz,30-Year Fixed Mortgage,320994.54,Loan Officer,E-0207,BR-022,2026-05-30,,,Withdrawn,Appraisal,,625,0.451,7.944,false,0,Priya Davis,Cumulus UT Branch 2,Mountain West,2026-05-01
LN-AP-003276,Maya Moore,HELOC,60489.08,Branch,E-0217,BR-015,2026-02-15,2026-03-06,2026-03-06,Funded,Funded,22.0,695,0.299,5.485,true,0,Amara Green,Cumulus OH Branch 1,Midwest,2026-02-01
LN-AP-003277,Victor Nguyen,30-Year Fixed Mortgage,208773.42,Loan Officer,E-0228,BR-013,2025-07-06,2025-07-31,2025-07-31,Funded,Funded,29.6,568,0.472,7.925,true,0,Kenji Silva,Cumulus IL Branch 1,Midwest,2025-07-01
LN-AP-003278,Ben Brown,30-Year Fixed Mortgage,394539.19,Broker,E-0230,BR-009,2024-11-28,2025-01-02,2025-01-02,Funded,Funded,38.5,773,0.449,6.561,true,0,Jamal Wright,Cumulus GA Branch 1,Southeast,2024-11-01
LN-AP-003279,Mateo Patel,Auto Loan,17557.23,Branch,E-0209,BR-006,2025-08-01,2025-08-23,2025-08-23,Funded,Funded,25.2,752,0.361,6.358,true,0,Yuki Stewart,Cumulus CT Branch 2,Northeast,2025-08-01
LN-AP-003280,Mateo Wright,Auto Loan,40868.18,Digital,E-0228,BR-013,2025-05-10,,,Withdrawn,Document Collection,,641,0.131,5.301,false,0,Kenji Silva,Cumulus IL Branch 1,Midwest,2025-05-01
LN-AP-003281,Rosa Roberts,15-Year Fixed Mortgage,287701.06,Digital,E-0208,BR-027,2025-07-17,2025-08-06,2025-08-06,Funded,Funded,24.5,600,0.328,6.336,true,0,Yuki Campbell,Cumulus WA Branch 1,Pacific,2025-07-01
LN-AP-003282,Mei Brown,Auto Loan,65041.7,Digital,E-0230,BR-009,2025-08-11,2025-09-30,2025-09-30,Funded,Funded,52.8,594,0.207,8.08,true,0,Jamal Wright,Cumulus GA Branch 1,Southeast,2025-08-01
LN-AP-003283,Fatima Harris,Personal Loan,15672.77,Broker,E-0212,BR-004,2025-09-19,2025-10-26,2025-10-26,Funded,Funded,40.0,787,0.282,6.01,true,0,Isabella Phillips,Cumulus MA Branch 2,Northeast,2025-09-01
LN-AP-003284,Ben Lopez,30-Year Fixed Mortgage,251999.78,Digital,E-0217,BR-015,2026-07-15,2026-08-29,2026-08-29,Funded,Funded,48.8,630,0.169,5.515,true,0,Amara Green,Cumulus OH Branch 1,Midwest,2026-07-01
LN-AP-003285,Samuel Walker,Auto Loan,26662.65,Digital,E-0207,BR-022,2024-10-24,2024-11-15,2024-11-15,Funded,Funded,25.4,734,0.352,7.343,true,0,Priya Davis,Cumulus UT Branch 2,Mountain West,2024-10-01
LN-AP-003286,Sofia Ruiz,Auto Loan,41046.47,Digital,E-0211,BR-012,2026-05-30,2026-06-19,2026-06-19,Funded,Funded,22.0,799,0.137,8.22,true,0,Priya Young,Cumulus NC Branch 2,Southeast,2026-05-01
LN-AP-003287,Hannah Lopez,15-Year Fixed Mortgage,422799.15,Loan Officer,E-0233,BR-025,2026-01-16,,,Withdrawn,Underwriting,,826,0.207,6.058,false,0,Jamal Adams,Cumulus CA Branch 1,Pacific,2026-01-01
LN-AP-003288,Rosa Martinez,Personal Loan,18440.72,Broker,E-0208,BR-027,2024-12-11,2025-02-26,2025-02-26,Funded,Funded,80.9,718,0.193,8.635,true,0,Yuki Campbell,Cumulus WA Branch 1,Pacific,2024-12-01
LN-AP-003289,Ravi Garcia,15-Year Fixed Mortgage,464105.96,Digital,E-0222,BR-026,2026-02-09,2026-03-09,2026-03-09,Funded,Funded,31.3,774,0.407,6.887,true,0,Rosa Carter,Cumulus CA Branch 2,Pacific,2026-02-01
LN-AP-003290,Ethan Parker,30-Year Fixed Mortgage,404228.47,Branch,E-0216,BR-013,2025-04-16,2025-05-26,2025-05-26,Funded,Funded,44.0,809,0.432,6.079,true,0,Daniel Morris,Cumulus IL Branch 1,Midwest,2025-04-01
LN-AP-003291,Rosa King,Auto Loan,38610.04,Loan Officer,E-0229,BR-025,2024-11-07,2024-11-25,2024-11-25,Funded,Funded,21.5,713,0.134,8.539,true,0,Marcus Wilson,Cumulus CA Branch 1,Pacific,2024-11-01
LN-AP-003292,Henry Campbell,Auto Loan,31473.76,Digital,E-0229,BR-025,2025-02-25,2025-03-31,2025-03-31,Funded,Funded,38.6,708,0.141,5.462,true,0,Marcus Wilson,Cumulus CA Branch 1,Pacific,2025-02-01
LN-AP-003293,Tom Campbell,Personal Loan,3944.26,Digital,E-0219,BR-025,2025-10-11,,,Withdrawn,Application Submitted,,773,0.228,7.575,false,0,Rosa Hall,Cumulus CA Branch 1,Pacific,2025-10-01
LN-AP-003294,Victor Roberts,HELOC,102423.27,Loan Officer,E-0228,BR-013,2026-05-03,2026-06-20,,Denied,Underwriting,,655,0.206,6.258,false,0,Kenji Silva,Cumulus IL Branch 1,Midwest,2026-05-01
LN-AP-003295,Ines Bailey,HELOC,65314.34,Digital,E-0206,BR-020,2025-11-17,,,Withdrawn,Appraisal,,638,0.459,5.59,false,0,Ben Taylor,Cumulus CO Branch 2,Mountain West,2025-11-01
LN-AP-003296,Noah Young,30-Year Fixed Mortgage,278920.39,Digital,E-0228,BR-013,2025-09-30,2025-10-29,2025-10-29,Funded,Funded,33.1,724,0.213,8.125,true,0,Kenji Silva,Cumulus IL Branch 1,Midwest,2025-09-01
LN-AP-003297,Julian Baker,Refinance,145202.36,Digital,E-0215,BR-011,2024-10-01,2024-11-19,2024-11-19,Funded,Funded,53.6,633,0.418,5.42,true,0,Henry Patel,Cumulus NC Branch 1,Southeast,2024-10-01
LN-AP-003298,Felix Collins,Auto Loan,36151.7,Digital,E-0227,BR-016,2026-07-25,2026-08-22,2026-08-22,Funded,Funded,31.1,647,0.207,6.049,true,0,Zara Young,Cumulus OH Branch 2,Midwest,2026-07-01
LN-AP-003299,Ravi Garcia,Auto Loan,23872.64,Digital,E-0225,BR-021,2025-02-23,2025-03-31,2025-03-31,Funded,Funded,38.5,601,0.187,6.791,true,0,Henry Okafor,Cumulus UT Branch 1,Mountain West,2025-02-01
LN-AP-003300,Grace Evans,30-Year Fixed Mortgage,1075195.63,Digital,E-0214,BR-027,2026-05-02,,,Withdrawn,Underwriting,,773,0.262,7.499,false,0,Amara Clark,Cumulus WA Branch 1,Pacific,2026-05-01
LN-AP-003301,Tom Nguyen,30-Year Fixed Mortgage,740267.92,Loan Officer,E-0214,BR-027,2024-10-03,2024-11-13,2024-11-13,Funded,Funded,43.9,618,0.453,7.832,true,0,Amara Clark,Cumulus WA Branch 1,Pacific,2024-10-01
LN-AP-003302,Leo Baker,30-Year Fixed Mortgage,370529.2,Branch,E-0219,BR-025,2025-06-29,2025-07-27,2025-07-27,Funded,Funded,32.2,727,0.457,8.532,true,0,Rosa Hall,Cumulus CA Branch 1,Pacific,2025-06-01
LN-AP-003303,Tom Nguyen,30-Year Fixed Mortgage,1680000,Loan Officer,E-0234,BR-028,2026-04-22,2026-06-02,2026-06-02,Funded,Funded,44.3,818,0.239,8.743,true,0,Henry Taylor,Cumulus WA Branch 2,Pacific,2026-04-01
LN-AP-003304,Carlos Patel,Refinance,378611.33,Digital,E-0230,BR-009,2025-05-24,2025-06-24,2025-06-24,Funded,Funded,34.7,799,0.515,5.188,true,0,Jamal Wright,Cumulus GA Branch 1,Southeast,2025-05-01
LN-AP-003305,Iris Baker,Personal Loan,7626.25,Loan Officer,E-0206,BR-020,2026-03-07,2026-05-06,2026-05-06,Funded,Funded,63.2,715,0.222,8.456,true,0,Ben Taylor,Cumulus CO Branch 2,Mountain West,2026-03-01
LN-AP-003306,Henry Brown,30-Year Fixed Mortgage,140874.54,Digital,E-0206,BR-020,2025-10-29,2025-11-27,2025-11-27,Funded,Funded,34.0,749,0.434,7.906,true,0,Ben Taylor,Cumulus CO Branch 2,Mountain West,2025-10-01
LN-AP-003307,Derek Moore,Auto Loan,45306.35,Broker,E-0222,BR-026,2025-03-16,,,Withdrawn,Document Collection,,682,0.443,7.302,false,0,Rosa Carter,Cumulus CA Branch 2,Pacific,2025-03-01
LN-AP-003308,Kenji Anderson,HELOC,283680.21,Digital,E-0213,BR-023,2025-04-01,2025-04-19,2025-04-19,Funded,Funded,21.1,631,0.423,8.179,true,0,Jamal Lewis,Cumulus AZ Branch 1,Mountain West,2025-04-01
LN-AP-003309,Grace Brown,30-Year Fixed Mortgage,231646.99,Digital,E-0231,BR-010,2026-04-28,,,In Progress,Application Submitted,,605,0.34,6.47,false,2,Maya Edwards,Cumulus GA Branch 2,Southeast,2026-04-01
LN-AP-003310,Julian White,Auto Loan,25974.01,Digital,E-0219,BR-025,2025-08-04,2025-09-05,,Denied,Conditional Approval,,601,0.455,7.767,false,0,Rosa Hall,Cumulus CA Branch 1,Pacific,2025-08-01
LN-AP-003311,Wei Moore,30-Year Fixed Mortgage,414482.16,Digital,E-0217,BR-015,2024-10-24,2024-11-16,2024-11-16,Funded,Funded,25.8,804,0.3,8.547,true,0,Amara Green,Cumulus OH Branch 1,Midwest,2024-10-01
LN-AP-003312,Noah Vaughn,Auto Loan,33303.4,Digital,E-0219,BR-025,2026-05-20,2026-07-01,2026-07-01,Funded,Funded,44.9,722,0.385,5.914,true,0,Rosa Hall,Cumulus CA Branch 1,Pacific,2026-05-01
LN-AP-003313,Priya Lopez,Personal Loan,23225.74,Digital,E-0209,BR-006,2025-06-26,2025-07-15,2025-07-15,Funded,Funded,23.5,633,0.498,5.923,true,0,Yuki Stewart,Cumulus CT Branch 2,Northeast,2025-06-01
LN-AP-003314,Victor Johnson,15-Year Fixed Mortgage,506214.36,Digital,E-0232,BR-018,2026-01-17,2026-02-17,2026-02-17,Funded,Funded,35.3,741,0.462,7.481,true,0,Tom Hall,Cumulus MN Branch 2,Midwest,2026-01-01
LN-AP-003315,Zara Martinez,Auto Loan,31369.83,Branch,E-0209,BR-006,2025-12-04,2026-02-04,2026-02-04,Funded,Funded,66.5,772,0.168,5.489,true,0,Yuki Stewart,Cumulus CT Branch 2,Northeast,2025-12-01
LN-AP-003316,Hannah Patel,HELOC,47295.26,Broker,E-0227,BR-016,2025-09-07,2025-10-24,2025-10-24,Funded,Funded,50.7,781,0.158,8.766,true,0,Zara Young,Cumulus OH Branch 2,Midwest,2025-09-01
LN-AP-003317,Priya Patel,Auto Loan,31395.8,Digital,E-0234,BR-028,2025-09-10,,,Abandoned,Underwriting,,572,0.459,6.689,false,0,Henry Taylor,Cumulus WA Branch 2,Pacific,2025-09-01
LN-AP-003318,Marcus Jackson,Personal Loan,18420.78,Loan Officer,E-0211,BR-012,2026-08-28,,,In Progress,Funded,,818,0.217,5.796,false,5,Priya Young,Cumulus NC Branch 2,Southeast,2026-08-01
LN-AP-003319,Sara Taylor,30-Year Fixed Mortgage,721037.79,Loan Officer,E-0234,BR-028,2025-11-14,,,In Progress,Underwriting,,635,0.293,8.627,false,5,Henry Taylor,Cumulus WA Branch 2,Pacific,2025-11-01
LN-AP-003320,Marcus Parker,30-Year Fixed Mortgage,192416.19,Broker,E-0221,BR-016,2026-02-15,2026-03-12,2026-03-12,Funded,Funded,28.5,568,0.447,6.255,true,0,Fatima Parker,Cumulus OH Branch 2,Midwest,2026-02-01
LN-AP-003321,Marcus Martinez,Personal Loan,9265.36,Loan Officer,E-0231,BR-010,2025-11-14,2025-12-24,2025-12-24,Funded,Funded,42.8,649,0.241,7.991,true,0,Maya Edwards,Cumulus GA Branch 2,Southeast,2025-11-01
LN-AP-003322,Iris Edwards,HELOC,148203.16,Loan Officer,E-0216,BR-013,2026-04-09,2026-05-20,2026-05-20,Funded,Funded,44.3,713,0.142,8.427,true,0,Daniel Morris,Cumulus IL Branch 1,Midwest,2026-04-01
LN-AP-003323,Naomi Chen,Auto Loan,34029.03,Digital,E-0207,BR-022,2025-04-06,2025-05-01,2025-05-01,Funded,Funded,28.7,725,0.436,6.926,true,0,Priya Davis,Cumulus UT Branch 2,Mountain West,2025-04-01
LN-AP-003324,Nora Carter,30-Year Fixed Mortgage,406316.8,Loan Officer,E-0230,BR-009,2026-08-28,,,In Progress,Document Collection,,721,0.503,7.573,false,4,Jamal Wright,Cumulus GA Branch 1,Southeast,2026-08-01
LN-AP-003325,Julian Okafor,HELOC,51378.39,Branch,E-0210,BR-019,2026-03-29,2026-04-28,2026-04-28,Funded,Funded,33.3,740,0.352,5.784,true,0,Luis Garcia,Cumulus CO Branch 1,Mountain West,2026-03-01
LN-AP-003326,Mei Ruiz,Auto Loan,37832.08,Digital,E-0225,BR-021,2025-04-26,2025-05-24,2025-05-24,Funded,Funded,31.4,783,0.243,6.007,true,0,Henry Okafor,Cumulus UT Branch 1,Mountain West,2025-04-01
LN-AP-003327,Layla Kim,Personal Loan,11367.24,Branch,E-0232,BR-018,2025-08-31,2025-10-06,2025-10-06,Funded,Funded,40.1,747,0.49,7.027,true,0,Tom Hall,Cumulus MN Branch 2,Midwest,2025-08-01
LN-AP-003328,Iris White,15-Year Fixed Mortgage,191746.86,Branch,E-0218,BR-012,2024-12-03,2024-12-21,2024-12-21,Funded,Funded,22.3,705,0.144,6.618,true,0,Carlos Scott,Cumulus NC Branch 2,Southeast,2024-12-01
LN-AP-003329,Zara Martinez,Auto Loan,84838.59,Digital,E-0233,BR-025,2026-01-04,,,Abandoned,Document Collection,,582,0.205,8.439,false,0,Jamal Adams,Cumulus CA Branch 1,Pacific,2026-01-01
LN-AP-003330,Jamal Miller,Refinance,141031.57,Digital,E-0224,BR-027,2025-03-30,2025-04-20,2025-04-20,Funded,Funded,24.6,784,0.346,6.323,true,0,Priya Davis,Cumulus WA Branch 1,Pacific,2025-03-01
LN-AP-003331,Nora Green,30-Year Fixed Mortgage,536656.47,Digital,E-0225,BR-021,2025-06-12,2025-07-17,2025-07-17,Funded,Funded,38.8,692,0.137,6.099,true,0,Henry Okafor,Cumulus UT Branch 1,Mountain West,2025-06-01
LN-AP-003332,Samuel Johnson,30-Year Fixed Mortgage,428219.52,Loan Officer,E-0234,BR-028,2025-01-27,,,In Progress,Conditional Approval,,669,0.132,6.635,false,6,Henry Taylor,Cumulus WA Branch 2,Pacific,2025-01-01
LN-AP-003333,Lauren Parker,30-Year Fixed Mortgage,558827.7,Broker,E-0214,BR-027,2025-04-04,2025-05-06,2025-05-06,Funded,Funded,34.7,725,0.141,8.426,true,0,Amara Clark,Cumulus WA Branch 1,Pacific,2025-04-01
LN-AP-003334,Sofia Lopez,Personal Loan,16498.04,Digital,E-0206,BR-020,2025-08-27,2025-09-23,2025-09-23,Funded,Funded,29.7,805,0.285,7.934,true,0,Ben Taylor,Cumulus CO Branch 2,Mountain West,2025-08-01
LN-AP-003335,Ava Thomas,30-Year Fixed Mortgage,474957.11,Branch,E-0206,BR-020,2024-12-13,2025-01-24,2025-01-24,Funded,Funded,46.8,797,0.186,6.471,true,0,Ben Taylor,Cumulus CO Branch 2,Mountain West,2024-12-01
LN-AP-003336,Felix Turner,Personal Loan,10060.67,Loan Officer,E-0227,BR-016,2025-10-31,2025-11-21,,Denied,Conditional Approval,,822,0.183,5.805,false,0,Zara Young,Cumulus OH Branch 2,Midwest,2025-10-01
LN-AP-003337,Rosa Nelson,Auto Loan,16199.92,Digital,E-0219,BR-025,2026-07-02,2026-07-27,2026-07-27,Funded,Funded,28.4,689,0.4,5.831,true,0,Rosa Hall,Cumulus CA Branch 1,Pacific,2026-07-01
LN-AP-003338,Chloe Hall,Auto Loan,16852.03,Branch,E-0220,BR-005,2025-10-29,2025-11-28,2025-11-28,Funded,Funded,33.9,767,0.362,6.092,true,0,Luis Adams,Cumulus CT Branch 1,Northeast,2025-10-01
LN-AP-003339,Daniel Moore,30-Year Fixed Mortgage,654636.76,Digital,E-0219,BR-025,2025-12-18,,,In Progress,Appraisal,,769,0.197,8.09,false,6,Rosa Hall,Cumulus CA Branch 1,Pacific,2025-12-01
LN-AP-003340,Hannah Thomas,30-Year Fixed Mortgage,231048.5,Branch,E-0221,BR-016,2024-12-24,,,Withdrawn,Conditional Approval,,753,0.379,5.186,false,0,Fatima Parker,Cumulus OH Branch 2,Midwest,2024-12-01
LN-AP-003341,Jamal Wright,Refinance,359511.73,Branch,E-0209,BR-006,2025-12-18,2026-02-12,2026-02-12,Funded,Funded,59.2,739,0.175,5.966,true,0,Yuki Stewart,Cumulus CT Branch 2,Northeast,2025-12-01
LN-AP-003342,Grace Baker,30-Year Fixed Mortgage,622840.55,Branch,E-0215,BR-011,2026-06-19,2026-07-29,2026-07-29,Funded,Funded,43.4,715,0.181,6.484,true,0,Henry Patel,Cumulus NC Branch 1,Southeast,2026-06-01
LN-AP-003343,Ines Parker,HELOC,72350.5,Loan Officer,E-0220,BR-005,2025-08-18,2025-10-23,2025-10-23,Funded,Funded,68.8,706,0.424,8.472,true,0,Luis Adams,Cumulus CT Branch 1,Northeast,2025-08-01
LN-AP-003344,Nina Collins,30-Year Fixed Mortgage,642875.82,Branch,E-0220,BR-005,2025-03-28,2025-05-16,2025-05-16,Funded,Funded,52.6,825,0.339,6.01,true,0,Luis Adams,Cumulus CT Branch 1,Northeast,2025-03-01
LN-AP-003345,Emma Mitchell,30-Year Fixed Mortgage,847878.29,Broker,E-0216,BR-013,2024-10-21,2024-11-24,2024-11-24,Funded,Funded,37.5,763,0.131,5.896,true,0,Daniel Morris,Cumulus IL Branch 1,Midwest,2024-10-01
LN-AP-003346,Jonathan Clark,Auto Loan,52396.95,Digital,E-0217,BR-015,2026-01-20,2026-02-17,2026-02-17,Funded,Funded,31.1,816,0.181,7.786,true,0,Amara Green,Cumulus OH Branch 1,Midwest,2026-01-01
LN-AP-003347,Rosa Walker,Refinance,603367.23,Digital,E-0231,BR-010,2025-01-13,2025-02-11,2025-02-11,Funded,Funded,32.4,677,0.515,7.125,true,0,Maya Edwards,Cumulus GA Branch 2,Southeast,2025-01-01
LN-AP-003348,Julian Hall,Auto Loan,58828.27,Branch,E-0217,BR-015,2025-08-08,2025-09-11,2025-09-11,Funded,Funded,37.5,743,0.271,5.92,true,0,Amara Green,Cumulus OH Branch 1,Midwest,2025-08-01
LN-AP-003349,Jamal Phillips,Refinance,577370.53,Digital,E-0217,BR-015,2025-11-26,,,Withdrawn,Underwriting,,576,0.392,7.48,false,0,Amara Green,Cumulus OH Branch 1,Midwest,2025-11-01
LN-AP-003350,Grace Nelson,15-Year Fixed Mortgage,186526.42,Loan Officer,E-0213,BR-023,2025-09-26,2025-11-08,2025-11-08,Funded,Funded,46.7,649,0.168,8.107,true,0,Jamal Lewis,Cumulus AZ Branch 1,Mountain West,2025-09-01
LN-AP-003351,Marcus Baker,15-Year Fixed Mortgage,508144.03,Branch,E-0231,BR-010,2025-02-19,,,Withdrawn,Underwriting,,703,0.243,8.633,false,0,Maya Edwards,Cumulus GA Branch 2,Southeast,2025-02-01
LN-AP-003352,Lauren Evans,HELOC,42744.23,Digital,E-0225,BR-021,2026-04-10,2026-05-12,2026-05-12,Funded,Funded,36.2,583,0.393,6.579,true,0,Henry Okafor,Cumulus UT Branch 1,Mountain West,2026-04-01
LN-AP-003353,Wei Ashford,Refinance,347539.14,Digital,E-0227,BR-016,2025-07-28,2025-08-30,2025-08-30,Funded,Funded,36.0,790,0.324,6.93,true,0,Zara Young,Cumulus OH Branch 2,Midwest,2025-07-01
LN-AP-003354,Andre Kim,30-Year Fixed Mortgage,410892.89,Loan Officer,E-0214,BR-027,2024-10-11,2024-11-12,2024-11-12,Funded,Funded,36.7,581,0.152,5.762,true,0,Amara Clark,Cumulus WA Branch 1,Pacific,2024-10-01
LN-AP-003355,Ethan Ruiz,Auto Loan,34303.04,Digital,E-0231,BR-010,2026-06-20,,,Abandoned,Underwriting,,633,0.186,7.598,false,0,Maya Edwards,Cumulus GA Branch 2,Southeast,2026-06-01
LN-AP-003356,Grace Clark,Auto Loan,58935.69,Branch,E-0232,BR-018,2026-02-26,2026-03-27,2026-03-27,Funded,Funded,30.8,827,0.163,8.498,true,0,Tom Hall,Cumulus MN Branch 2,Midwest,2026-02-01
LN-AP-003357,Victor Mitchell,Refinance,370344.87,Branch,E-0214,BR-027,2025-05-31,2025-07-04,2025-07-04,Funded,Funded,36.6,595,0.348,6.669,true,0,Amara Clark,Cumulus WA Branch 1,Pacific,2025-05-01
LN-AP-003358,Hannah Ruiz,30-Year Fixed Mortgage,340597.16,Loan Officer,E-0212,BR-004,2026-08-30,,,In Progress,Funded,,813,0.419,8.049,false,5,Isabella Phillips,Cumulus MA Branch 2,Northeast,2026-08-01
LN-AP-003359,Amara Thomas,Auto Loan,33649.73,Loan Officer,E-0230,BR-009,2024-12-13,2025-01-12,2025-01-12,Funded,Funded,34.1,669,0.133,7.085,true,0,Jamal Wright,Cumulus GA Branch 1,Southeast,2024-12-01
LN-AP-003360,Julian Carter,15-Year Fixed Mortgage,313699.44,Digital,E-0210,BR-019,2025-06-07,2025-07-02,2025-07-02,Funded,Funded,28.2,727,0.355,8.318,true,0,Luis Garcia,Cumulus CO Branch 1,Mountain West,2025-06-01
LN-AP-003361,Sara Patel,Refinance,147205.52,Loan Officer,E-0208,BR-027,2025-05-19,2025-06-24,2025-06-24,Funded,Funded,39.7,717,0.489,8.504,true,0,Yuki Campbell,Cumulus WA Branch 1,Pacific,2025-05-01
LN-AP-003362,Tom Chen,30-Year Fixed Mortgage,871646.31,Branch,E-0214,BR-027,2025-03-31,,,Withdrawn,Document Collection,,565,0.156,6.886,false,0,Amara Clark,Cumulus WA Branch 1,Pacific,2025-03-01
LN-AP-003363,Rosa Miller,Auto Loan,29384.35,Broker,E-0227,BR-016,2024-11-05,2024-12-17,2024-12-17,Funded,Funded,46.8,628,0.389,8.01,true,0,Zara Young,Cumulus OH Branch 2,Midwest,2024-11-01
LN-AP-003364,Daniel Roberts,HELOC,55432.76,Digital,E-0212,BR-004,2024-11-09,2024-11-25,2024-11-25,Funded,Funded,20.5,606,0.288,7.831,true,0,Isabella Phillips,Cumulus MA Branch 2,Northeast,2024-11-01
LN-AP-003365,Diego Nguyen,Personal Loan,30450.78,Branch,E-0235,BR-008,2025-10-10,,,In Progress,Appraisal,,585,0.427,5.716,false,0,Ava Harris,Cumulus FL Branch 2,Southeast,2025-10-01
LN-AP-003366,Diego Kim,30-Year Fixed Mortgage,603455.16,Loan Officer,E-0211,BR-012,2026-08-05,,,In Progress,Funded,,682,0.417,5.334,false,3,Priya Young,Cumulus NC Branch 2,Southeast,2026-08-01
LN-AP-003367,Diego Hall,Refinance,167063.6,Broker,E-0231,BR-010,2026-01-29,2026-03-07,2026-03-07,Funded,Funded,41.0,696,0.182,8.856,true,0,Maya Edwards,Cumulus GA Branch 2,Southeast,2026-01-01
LN-AP-003368,Hannah Stewart,Auto Loan,65349.49,Broker,E-0232,BR-018,2026-01-14,2026-02-21,2026-02-21,Funded,Funded,41.8,762,0.385,6.094,true,0,Tom Hall,Cumulus MN Branch 2,Midwest,2026-01-01
LN-AP-003369,Lauren Martinez,15-Year Fixed Mortgage,427073.16,Digital,E-0214,BR-027,2025-03-05,2025-04-16,2025-04-16,Funded,Funded,45.3,728,0.137,7.518,true,0,Amara Clark,Cumulus WA Branch 1,Pacific,2025-03-01
LN-AP-003370,Elena Johnson,Refinance,572101.94,Branch,E-0228,BR-013,2026-02-10,2026-03-05,2026-03-05,Funded,Funded,26.6,757,0.442,8.858,true,0,Kenji Silva,Cumulus IL Branch 1,Midwest,2026-02-01
LN-AP-003371,Maya Kim,30-Year Fixed Mortgage,266836.15,Branch,E-0224,BR-027,2025-06-25,2025-08-03,2025-08-03,Funded,Funded,42.2,679,0.424,6.126,true,0,Priya Davis,Cumulus WA Branch 1,Pacific,2025-06-01
LN-AP-003372,Rosa Bailey,15-Year Fixed Mortgage,259061.89,Digital,E-0233,BR-025,2026-08-28,,,Withdrawn,Application Submitted,,745,0.185,8.568,false,0,Jamal Adams,Cumulus CA Branch 1,Pacific,2026-08-01
LN-AP-003373,Elena Walker,Auto Loan,7612.4,Digital,E-0219,BR-025,2026-05-23,2026-06-15,2026-06-15,Funded,Funded,27.0,594,0.393,7.074,true,0,Rosa Hall,Cumulus CA Branch 1,Pacific,2026-05-01
LN-AP-003374,Mateo Ashford,30-Year Fixed Mortgage,573260.29,Loan Officer,E-0206,BR-020,2025-02-08,2025-03-30,2025-03-30,Funded,Funded,54.6,628,0.301,8.194,true,0,Ben Taylor,Cumulus CO Branch 2,Mountain West,2025-02-01
LN-AP-003375,Jamal Mitchell,HELOC,75849.7,Branch,E-0231,BR-010,2026-06-04,,,Withdrawn,Appraisal,,719,0.23,6.372,false,0,Maya Edwards,Cumulus GA Branch 2,Southeast,2026-06-01
LN-AP-003376,Diego Walker,30-Year Fixed Mortgage,310674.21,Loan Officer,E-0226,BR-010,2026-03-07,,,Withdrawn,Underwriting,,674,0.254,7.953,false,0,Andre Evans,Cumulus GA Branch 2,Southeast,2026-03-01
LN-AP-003377,Jonathan Young,HELOC,43850.82,Digital,E-0228,BR-013,2025-05-01,2025-05-10,,Denied,Underwriting,,619,0.515,8.076,false,0,Kenji Silva,Cumulus IL Branch 1,Midwest,2025-05-01
LN-AP-003378,Isabella Green,30-Year Fixed Mortgage,415147.31,Broker,E-0227,BR-016,2024-10-17,2024-10-17,,Denied,Application Submitted,,703,0.506,6.141,false,0,Zara Young,Cumulus OH Branch 2,Midwest,2024-10-01
LN-AP-003379,Mei Harris,Refinance,453571.39,Broker,E-0211,BR-012,2025-05-17,,,In Progress,Underwriting,,826,0.252,7.479,false,0,Priya Young,Cumulus NC Branch 2,Southeast,2025-05-01
LN-AP-003380,Samuel Turner,Personal Loan,8197.54,Digital,E-0233,BR-025,2025-05-09,,,In Progress,Document Collection,,729,0.243,5.559,false,6,Jamal Adams,Cumulus CA Branch 1,Pacific,2025-05-01
LN-AP-003381,Samuel Allen,15-Year Fixed Mortgage,148347.35,Loan Officer,E-0218,BR-012,2025-03-23,2025-04-10,2025-04-10,Funded,Funded,21.6,707,0.322,8.418,true,0,Carlos Scott,Cumulus NC Branch 2,Southeast,2025-03-01
LN-AP-003382,Marcus Garcia,Auto Loan,24574.09,Branch,E-0213,BR-023,2025-02-09,,,Withdrawn,Document Collection,,822,0.316,8.574,false,0,Jamal Lewis,Cumulus AZ Branch 1,Mountain West,2025-02-01
LN-AP-003383,Andre Bailey,30-Year Fixed Mortgage,534161.1,Broker,E-0233,BR-025,2025-09-19,,,Withdrawn,Conditional Approval,,695,0.379,8.598,false,0,Jamal Adams,Cumulus CA Branch 1,Pacific,2025-09-01
LN-AP-003384,Samuel Thomas,Auto Loan,65223.41,Digital,E-0223,BR-001,2026-03-29,2026-04-26,2026-04-26,Funded,Funded,32.0,654,0.251,5.34,true,0,Noah Adams,Cumulus NY Branch 1,Northeast,2026-03-01
LN-AP-003385,Sofia White,30-Year Fixed Mortgage,269570.43,Digital,E-0231,BR-010,2025-06-23,2025-08-09,2025-08-09,Funded,Funded,51.6,628,0.439,6.343,true,0,Maya Edwards,Cumulus GA Branch 2,Southeast,2025-06-01
LN-AP-003386,Noah Davis,HELOC,85371.87,Digital,E-0208,BR-027,2025-09-22,2025-10-30,2025-10-30,Funded,Funded,40.6,698,0.376,7.093,true,0,Yuki Campbell,Cumulus WA Branch 1,Pacific,2025-09-01
LN-AP-003387,Fatima Vaughn,Refinance,289703.59,Branch,E-0227,BR-016,2026-05-06,,,In Progress,Application Submitted,,675,0.158,7.648,false,3,Zara Young,Cumulus OH Branch 2,Midwest,2026-05-01
LN-AP-003388,Ines Green,Personal Loan,44111.17,Digital,E-0225,BR-021,2025-12-13,2026-01-13,2026-01-13,Funded,Funded,34.2,652,0.484,8.757,true,0,Henry Okafor,Cumulus UT Branch 1,Mountain West,2025-12-01
LN-AP-003389,Isabella Thomas,Auto Loan,17849.1,Digital,E-0216,BR-013,2026-01-22,2026-02-24,2026-02-24,Funded,Funded,36.5,622,0.134,6.008,true,0,Daniel Morris,Cumulus IL Branch 1,Midwest,2026-01-01
LN-AP-003390,Ethan Martinez,HELOC,165652.48,Broker,E-0219,BR-025,2025-04-19,2025-05-14,2025-05-14,Funded,Funded,27.9,773,0.457,5.732,true,0,Rosa Hall,Cumulus CA Branch 1,Pacific,2025-04-01
LN-AP-003391,Victor Silva,Auto Loan,38964.54,Loan Officer,E-0208,BR-027,2024-12-13,2025-01-29,2025-01-29,Funded,Funded,49.7,719,0.337,8.056,true,0,Yuki Campbell,Cumulus WA Branch 1,Pacific,2024-12-01
LN-AP-003392,Layla Harris,Auto Loan,27688.57,Branch,E-0209,BR-006,2026-01-29,2026-05-21,2026-05-21,Funded,Funded,113.8,700,0.508,5.931,true,0,Yuki Stewart,Cumulus CT Branch 2,Northeast,2026-01-01
LN-AP-003393,Felix Vaughn,15-Year Fixed Mortgage,282292.57,Loan Officer,E-0232,BR-018,2025-08-30,2025-09-29,2025-09-29,Funded,Funded,33.0,698,0.138,7.637,true,0,Tom Hall,Cumulus MN Branch 2,Midwest,2025-08-01
LN-AP-003394,Diego Moore,30-Year Fixed Mortgage,455437.76,Digital,E-0229,BR-025,2025-07-28,2025-08-06,,Denied,Document Collection,,788,0.235,5.572,false,0,Marcus Wilson,Cumulus CA Branch 1,Pacific,2025-07-01
LN-AP-003395,Derek Taylor,HELOC,39759.57,Digital,E-0218,BR-012,2026-04-07,2026-04-25,2026-04-25,Funded,Funded,21.5,574,0.193,8.296,true,0,Carlos Scott,Cumulus NC Branch 2,Southeast,2026-04-01
LN-AP-003396,Aisha Mitchell,15-Year Fixed Mortgage,194425.81,Loan Officer,E-0211,BR-012,2025-08-15,2025-09-19,2025-09-19,Funded,Funded,38.5,733,0.367,6.452,true,0,Priya Young,Cumulus NC Branch 2,Southeast,2025-08-01
LN-AP-003397,Daniel Adams,Personal Loan,9657.67,Broker,E-0221,BR-016,2025-09-01,2025-10-04,2025-10-04,Funded,Funded,35.8,688,0.447,5.284,true,0,Fatima Parker,Cumulus OH Branch 2,Midwest,2025-09-01
LN-AP-003398,Yuki Ashford,Refinance,414446.79,Branch,E-0223,BR-001,2025-08-14,,,Withdrawn,Application Submitted,,687,0.212,8.63,false,0,Noah Adams,Cumulus NY Branch 1,Northeast,2025-08-01
LN-AP-003399,Felix Lopez,Auto Loan,23856.19,Loan Officer,E-0219,BR-025,2025-01-11,2025-02-21,2025-02-21,Funded,Funded,44.8,564,0.194,7.29,true,0,Rosa Hall,Cumulus CA Branch 1,Pacific,2025-01-01
LN-AP-003400,Victor Ruiz,30-Year Fixed Mortgage,987877.85,Digital,E-0227,BR-016,2025-11-29,2025-12-21,2025-12-21,Funded,Funded,25.5,756,0.273,5.77,true,0,Zara Young,Cumulus OH Branch 2,Midwest,2025-11-01
LN-AP-003401,Nina Walker,30-Year Fixed Mortgage,314474.37,Branch,E-0211,BR-012,2026-07-15,,,In Progress,Appraisal,,676,0.401,7.51,false,0,Priya Young,Cumulus NC Branch 2,Southeast,2026-07-01
LN-AP-003402,Sara Mitchell,HELOC,57102.78,Broker,E-0228,BR-013,2025-08-02,2025-08-31,2025-08-31,Funded,Funded,32.9,566,0.226,8.879,true,0,Kenji Silva,Cumulus IL Branch 1,Midwest,2025-08-01
LN-AP-003403,Victor Kim,Auto Loan,12721.7,Broker,E-0223,BR-001,2024-11-11,2024-12-14,2024-12-14,Funded,Funded,37.1,646,0.233,5.252,true,0,Noah Adams,Cumulus NY Branch 1,Northeast,2024-11-01
LN-AP-003404,Victor King,30-Year Fixed Mortgage,416913.71,Digital,E-0225,BR-021,2025-08-22,,,Withdrawn,Application Submitted,,586,0.209,7.467,false,0,Henry Okafor,Cumulus UT Branch 1,Mountain West,2025-08-01
LN-AP-003405,Fatima Scott,15-Year Fixed Mortgage,294294.58,Digital,E-0207,BR-022,2025-09-06,,,Withdrawn,Document Collection,,674,0.494,5.712,false,0,Priya Davis,Cumulus UT Branch 2,Mountain West,2025-09-01
LN-AP-003406,Priya Thomas,Personal Loan,13172.07,Digital,E-0217,BR-015,2025-06-18,2025-07-20,2025-07-20,Funded,Funded,35.0,636,0.137,7.611,true,0,Amara Green,Cumulus OH Branch 1,Midwest,2025-06-01
LN-AP-003407,Samuel Vaughn,30-Year Fixed Mortgage,730530.22,Digital,E-0227,BR-016,2024-11-16,2024-12-30,2024-12-30,Funded,Funded,47.2,653,0.421,5.386,true,0,Zara Young,Cumulus OH Branch 2,Midwest,2024-11-01
LN-AP-003408,Ravi Scott,Personal Loan,12750.96,Digital,E-0212,BR-004,2025-01-04,2025-02-05,2025-02-05,Funded,Funded,36.3,798,0.174,5.783,true,0,Isabella Phillips,Cumulus MA Branch 2,Northeast,2025-01-01
LN-AP-003409,Ava Garcia,30-Year Fixed Mortgage,265455.98,Loan Officer,E-0223,BR-001,2025-07-23,,,Withdrawn,Conditional Approval,,823,0.158,7.458,false,0,Noah Adams,Cumulus NY Branch 1,Northeast,2025-07-01
LN-AP-003410,Mateo Kim,15-Year Fixed Mortgage,210276.36,Digital,E-0213,BR-023,2026-02-28,2026-04-03,2026-04-03,Funded,Funded,37.8,769,0.156,5.941,true,0,Jamal Lewis,Cumulus AZ Branch 1,Mountain West,2026-02-01
LN-AP-003411,Luis Allen,Refinance,120377.6,Digital,E-0215,BR-011,2026-07-28,2026-08-16,2026-08-16,Funded,Funded,23.4,812,0.285,8.206,true,0,Henry Patel,Cumulus NC Branch 1,Southeast,2026-07-01
LN-AP-003412,Mei Lewis,15-Year Fixed Mortgage,143078.94,Digital,E-0216,BR-013,2025-10-09,2025-11-25,2025-11-25,Funded,Funded,50.3,616,0.164,6.542,true,0,Daniel Morris,Cumulus IL Branch 1,Midwest,2025-10-01
LN-AP-003413,Julian Mitchell,15-Year Fixed Mortgage,440145.66,Broker,E-0215,BR-011,2025-06-24,2025-07-22,2025-07-22,Funded,Funded,31.9,588,0.171,7.997,true,0,Henry Patel,Cumulus NC Branch 1,Southeast,2025-06-01
LN-AP-003414,Tom Martinez,Auto Loan,31651.82,Digital,E-0221,BR-016,2025-12-06,2026-01-03,2026-01-03,Funded,Funded,30.0,713,0.194,5.117,true,0,Fatima Parker,Cumulus OH Branch 2,Midwest,2025-12-01
LN-AP-003415,Owen Taylor,HELOC,145913.92,Digital,E-0210,BR-019,2026-05-19,2026-06-13,2026-06-13,Funded,Funded,28.8,601,0.235,8.604,true,0,Luis Garcia,Cumulus CO Branch 1,Mountain West,2026-05-01
LN-AP-003416,Lauren Stewart,30-Year Fixed Mortgage,310674.87,Digital,E-0226,BR-010,2025-11-30,2026-01-10,2026-01-10,Funded,Funded,44.8,797,0.236,7.681,true,0,Andre Evans,Cumulus GA Branch 2,Southeast,2025-11-01
LN-AP-003417,Ethan Allen,Refinance,666007.62,Loan Officer,E-0209,BR-006,2025-05-12,2025-06-03,2025-06-03,Funded,Funded,24.8,803,0.175,7.18,true,0,Yuki Stewart,Cumulus CT Branch 2,Northeast,2025-05-01
LN-AP-003418,Owen Adams,30-Year Fixed Mortgage,475633.18,Broker,E-0229,BR-025,2024-12-11,,,In Progress,Underwriting,,724,0.195,6.509,false,6,Marcus Wilson,Cumulus CA Branch 1,Pacific,2024-12-01
LN-AP-003419,Ben Harris,Personal Loan,20570.45,Loan Officer,E-0233,BR-025,2025-09-14,2025-09-15,,Denied,Application Submitted,,754,0.124,5.363,false,0,Jamal Adams,Cumulus CA Branch 1,Pacific,2025-09-01
LN-AP-003420,Mei Jackson,Auto Loan,37949.72,Broker,E-0216,BR-013,2025-11-04,2025-12-10,2025-12-10,Funded,Funded,39.6,643,0.157,8.866,true,0,Daniel Morris,Cumulus IL Branch 1,Midwest,2025-11-01
LN-AP-003421,Julian Anderson,15-Year Fixed Mortgage,451978.0,Digital,E-0219,BR-025,2025-06-05,2025-06-28,2025-06-28,Funded,Funded,27.8,828,0.37,7.693,true,0,Rosa Hall,Cumulus CA Branch 1,Pacific,2025-06-01
LN-AP-003422,Hannah Patel,30-Year Fixed Mortgage,255209.74,Branch,E-0210,BR-019,2025-05-19,2025-07-06,2025-07-06,Funded,Funded,51.4,756,0.391,8.191,true,0,Luis Garcia,Cumulus CO Branch 1,Mountain West,2025-05-01
LN-AP-003423,Fatima Campbell,Auto Loan,12629.14,Branch,E-0232,BR-018,2026-05-01,2026-06-05,2026-06-05,Funded,Funded,38.3,563,0.401,6.055,true,0,Tom Hall,Cumulus MN Branch 2,Midwest,2026-05-01
LN-AP-003424,Lauren Stewart,HELOC,139922.21,Digital,E-0225,BR-021,2026-08-03,2026-08-29,2026-08-29,Funded,Funded,30.5,826,0.331,6.999,true,0,Henry Okafor,Cumulus UT Branch 1,Mountain West,2026-08-01
LN-AP-003425,Nina Jackson,30-Year Fixed Mortgage,584675.42,Digital,E-0206,BR-020,2025-04-19,2025-04-19,,Denied,Application Submitted,,603,0.122,6.222,false,0,Ben Taylor,Cumulus CO Branch 2,Mountain West,2025-04-01
LN-AP-003426,Priya Carter,Auto Loan,38338.24,Broker,E-0227,BR-016,2025-01-31,,,Withdrawn,Underwriting,,785,0.515,6.835,false,0,Zara Young,Cumulus OH Branch 2,Midwest,2025-01-01
LN-AP-003427,Naomi Nguyen,Refinance,217227.11,Digital,E-0226,BR-010,2024-12-12,2025-01-11,2025-01-11,Funded,Funded,35.0,795,0.374,6.561,true,0,Andre Evans,Cumulus GA Branch 2,Southeast,2024-12-01
LN-AP-003428,Felix Campbell,Auto Loan,20624.53,Loan Officer,E-0226,BR-010,2025-10-09,2025-11-27,2025-11-27,Funded,Funded,52.5,613,0.163,6.703,true,0,Andre Evans,Cumulus GA Branch 2,Southeast,2025-10-01
LN-AP-003429,Sara Bailey,15-Year Fixed Mortgage,521211.84,Loan Officer,E-0218,BR-012,2024-12-28,2025-02-12,2025-02-12,Funded,Funded,48.4,600,0.207,8.829,true,0,Carlos Scott,Cumulus NC Branch 2,Southeast,2024-12-01
LN-AP-003430,Rosa Vaughn,Personal Loan,29212.11,Branch,E-0230,BR-009,2025-09-15,2025-10-14,2025-10-14,Funded,Funded,33.2,562,0.157,8.557,true,0,Jamal Wright,Cumulus GA Branch 1,Southeast,2025-09-01
LN-AP-003431,Victor Ruiz,Personal Loan,20414.32,Digital,E-0225,BR-021,2026-07-18,2026-08-11,2026-08-11,Funded,Funded,28.3,582,0.288,7.791,true,0,Henry Okafor,Cumulus UT Branch 1,Mountain West,2026-07-01
LN-AP-003432,Iris Turner,30-Year Fixed Mortgage,530715.25,Digital,E-0229,BR-025,2026-01-06,2026-02-03,2026-02-03,Funded,Funded,30.8,573,0.257,6.339,true,0,Marcus Wilson,Cumulus CA Branch 1,Pacific,2026-01-01
LN-AP-003433,Diego Edwards,Personal Loan,19697.68,Loan Officer,E-0233,BR-025,2025-10-10,,,Withdrawn,Appraisal,,817,0.28,6.243,false,0,Jamal Adams,Cumulus CA Branch 1,Pacific,2025-10-01
LN-AP-003434,Ines Miller,30-Year Fixed Mortgage,599134.92,Branch,E-0230,BR-009,2024-10-07,,,In Progress,Document Collection,,800,0.456,8.284,false,2,Jamal Wright,Cumulus GA Branch 1,Southeast,2024-10-01
LN-AP-003435,Diego Nelson,Auto Loan,32695.53,Digital,E-0210,BR-019,2025-11-07,2025-12-13,2025-12-13,Funded,Funded,39.0,687,0.42,6.653,true,0,Luis Garcia,Cumulus CO Branch 1,Mountain West,2025-11-01
LN-AP-003436,Hannah White,Auto Loan,99624.34,Digital,E-0207,BR-022,2026-01-05,2026-02-06,2026-02-06,Funded,Funded,35.9,665,0.182,8.166,true,0,Priya Davis,Cumulus UT Branch 2,Mountain West,2026-01-01
LN-AP-003437,Chloe Nguyen,15-Year Fixed Mortgage,384858.21,Loan Officer,E-0206,BR-020,2025-12-30,2026-02-11,2026-02-11,Funded,Funded,46.6,573,0.206,8.747,true,0,Ben Taylor,Cumulus CO Branch 2,Mountain West,2025-12-01
LN-AP-003438,Naomi Martinez,HELOC,45929.07,Digital,E-0224,BR-027,2026-03-31,,,Abandoned,Appraisal,,775,0.223,6.584,false,0,Priya Davis,Cumulus WA Branch 1,Pacific,2026-03-01
LN-AP-003439,Ines King,Refinance,407398.78,Branch,E-0219,BR-025,2025-09-25,,,Withdrawn,Document Collection,,770,0.184,7.106,false,0,Rosa Hall,Cumulus CA Branch 1,Pacific,2025-09-01
LN-AP-003440,Daniel Edwards,Refinance,666231.75,Loan Officer,E-0206,BR-020,2025-04-02,2025-04-27,2025-04-27,Funded,Funded,27.8,777,0.486,7.716,true,0,Ben Taylor,Cumulus CO Branch 2,Mountain West,2025-04-01
LN-AP-003441,Carlos Scott,Refinance,481284.55,Loan Officer,E-0224,BR-027,2026-01-06,2026-02-08,2026-02-08,Funded,Funded,34.7,693,0.2,7.832,true,0,Priya Davis,Cumulus WA Branch 1,Pacific,2026-01-01
LN-AP-003442,Ethan Nguyen,Auto Loan,41412.66,Digital,E-0234,BR-028,2024-10-09,2024-11-11,2024-11-11,Funded,Funded,36.9,565,0.43,5.559,true,0,Henry Taylor,Cumulus WA Branch 2,Pacific,2024-10-01
LN-AP-003443,Iris Clark,Auto Loan,88501.16,Branch,E-0213,BR-023,2025-05-17,,,Withdrawn,Underwriting,,737,0.293,6.817,false,0,Jamal Lewis,Cumulus AZ Branch 1,Mountain West,2025-05-01
LN-AP-003444,Kenji Nguyen,Auto Loan,20110.98,Loan Officer,E-0210,BR-019,2026-05-12,2026-06-19,2026-06-19,Funded,Funded,41.4,575,0.418,7.604,true,0,Luis Garcia,Cumulus CO Branch 1,Mountain West,2026-05-01
LN-AP-003445,Ben Scott,Refinance,279807.03,Digital,E-0216,BR-013,2026-08-07,,,In Progress,Appraisal,,648,0.247,8.427,false,3,Daniel Morris,Cumulus IL Branch 1,Midwest,2026-08-01
LN-AP-003446,Carlos Martinez,Refinance,586181.24,Digital,E-0231,BR-010,2025-08-10,,,In Progress,Application Submitted,,610,0.166,8.87,false,6,Maya Edwards,Cumulus GA Branch 2,Southeast,2025-08-01
LN-AP-003447,Aisha Taylor,HELOC,223496.05,Branch,E-0216,BR-013,2026-06-23,2026-07-27,2026-07-27,Funded,Funded,37.9,603,0.48,6.909,true,0,Daniel Morris,Cumulus IL Branch 1,Midwest,2026-06-01
LN-AP-003448,Wei Chen,30-Year Fixed Mortgage,617478.48,Loan Officer,E-0224,BR-027,2025-04-02,2025-06-05,2025-06-05,Funded,Funded,68.1,748,0.279,5.835,true,0,Priya Davis,Cumulus WA Branch 1,Pacific,2025-04-01
LN-AP-003449,Henry Edwards,HELOC,52394.52,Digital,E-0222,BR-026,2025-01-14,2025-02-12,2025-02-12,Funded,Funded,34.2,746,0.32,5.643,true,0,Rosa Carter,Cumulus CA Branch 2,Pacific,2025-01-01
LN-AP-003450,Andre Martinez,30-Year Fixed Mortgage,453514.87,Branch,E-0223,BR-001,2025-01-05,2025-02-21,2025-02-21,Funded,Funded,50.8,722,0.43,6.169,true,0,Noah Adams,Cumulus NY Branch 1,Northeast,2025-01-01
LN-AP-003451,Olivia Wright,Refinance,253778.29,Broker,E-0213,BR-023,2026-04-10,2026-05-11,2026-05-11,Funded,Funded,33.7,813,0.264,7.839,true,0,Jamal Lewis,Cumulus AZ Branch 1,Mountain West,2026-04-01
LN-AP-003452,Jonathan Kim,30-Year Fixed Mortgage,438398.03,Loan Officer,E-0232,BR-018,2025-06-08,2025-07-24,2025-07-24,Funded,Funded,49.3,711,0.443,5.461,true,0,Tom Hall,Cumulus MN Branch 2,Midwest,2025-06-01
LN-AP-003453,Derek Mitchell,Auto Loan,42248.57,Digital,E-0224,BR-027,2026-06-18,2026-07-15,2026-07-15,Funded,Funded,30.8,682,0.466,7.033,true,0,Priya Davis,Cumulus WA Branch 1,Pacific,2026-06-01
LN-AP-003454,Yuki Ashford,30-Year Fixed Mortgage,594865.28,Loan Officer,E-0229,BR-025,2025-07-05,2025-08-01,2025-08-01,Funded,Funded,29.9,663,0.393,7.193,true,0,Marcus Wilson,Cumulus CA Branch 1,Pacific,2025-07-01
LN-AP-003455,Felix Ruiz,15-Year Fixed Mortgage,192838.32,Digital,E-0223,BR-001,2025-10-29,,,In Progress,Document Collection,,684,0.415,8.421,false,5,Noah Adams,Cumulus NY Branch 1,Northeast,2025-10-01
LN-AP-003456,Andre Carter,Auto Loan,40926.3,Branch,E-0235,BR-008,2026-03-28,2026-04-20,2026-04-20,Funded,Funded,27.3,786,0.302,6.89,true,0,Ava Harris,Cumulus FL Branch 2,Southeast,2026-03-01
LN-AP-003457,Olivia Okafor,Auto Loan,43446.66,Digital,E-0232,BR-018,2025-10-17,2025-10-17,,Denied,Application Submitted,,706,0.502,5.261,false,0,Tom Hall,Cumulus MN Branch 2,Midwest,2025-10-01
LN-AP-003458,Naomi Young,Auto Loan,46034.19,Digital,E-0229,BR-025,2026-02-14,,,Withdrawn,Conditional Approval,,657,0.501,5.89,false,0,Marcus Wilson,Cumulus CA Branch 1,Pacific,2026-02-01
LN-AP-003459,Daniel Lewis,Auto Loan,66765.72,Digital,E-0223,BR-001,2025-08-20,2025-09-11,2025-09-11,Funded,Funded,25.6,739,0.274,7.919,true,0,Noah Adams,Cumulus NY Branch 1,Northeast,2025-08-01
LN-AP-003460,Mei Ashford,HELOC,93336.73,Branch,E-0233,BR-025,2026-07-23,2026-08-23,2026-08-23,Funded,Funded,34.4,600,0.244,6.029,true,0,Jamal Adams,Cumulus CA Branch 1,Pacific,2026-07-01
LN-AP-003461,Ravi Edwards,Auto Loan,56675.22,Digital,E-0218,BR-012,2025-11-08,2025-12-17,,Denied,Appraisal,,652,0.221,5.839,false,0,Carlos Scott,Cumulus NC Branch 2,Southeast,2025-11-01
LN-AP-003462,Ethan Hall,30-Year Fixed Mortgage,224303.43,Branch,E-0227,BR-016,2026-07-03,,,Withdrawn,Application Submitted,,780,0.427,5.754,false,0,Zara Young,Cumulus OH Branch 2,Midwest,2026-07-01
LN-AP-003463,Ava Parker,15-Year Fixed Mortgage,277095.1,Digital,E-0218,BR-012,2025-08-21,2025-09-30,2025-09-30,Funded,Funded,44.2,772,0.456,8.334,true,0,Carlos Scott,Cumulus NC Branch 2,Southeast,2025-08-01
LN-AP-003464,Diego Nguyen,Auto Loan,48901.82,Broker,E-0207,BR-022,2025-12-27,,,Withdrawn,Document Collection,,756,0.476,6.234,false,0,Priya Davis,Cumulus UT Branch 2,Mountain West,2025-12-01
LN-AP-003465,Diego Young,Auto Loan,21956.66,Digital,E-0212,BR-004,2025-10-10,2025-11-24,2025-11-24,Funded,Funded,49.5,625,0.135,8.395,true,0,Isabella Phillips,Cumulus MA Branch 2,Northeast,2025-10-01
LN-AP-003466,Maya Evans,HELOC,96599.1,Digital,E-0235,BR-008,2026-07-28,2026-08-24,2026-08-24,Funded,Funded,30.8,669,0.339,8.409,true,0,Ava Harris,Cumulus FL Branch 2,Southeast,2026-07-01
LN-AP-003467,Sofia Phillips,HELOC,79753.95,Digital,E-0209,BR-006,2026-05-25,2026-07-06,2026-07-06,Funded,Funded,46.0,808,0.366,6.967,true,0,Yuki Stewart,Cumulus CT Branch 2,Northeast,2026-05-01
LN-AP-003468,Ines Roberts,15-Year Fixed Mortgage,260115.96,Loan Officer,E-0222,BR-026,2025-05-12,2025-06-08,2025-06-08,Funded,Funded,31.0,746,0.338,8.64,true,0,Rosa Carter,Cumulus CA Branch 2,Pacific,2025-05-01
LN-AP-003469,Ethan Thomas,HELOC,112975.5,Broker,E-0226,BR-010,2025-10-18,2025-12-08,2025-12-08,Funded,Funded,54.3,714,0.319,7.13,true,0,Andre Evans,Cumulus GA Branch 2,Southeast,2025-10-01
LN-AP-003470,Victor Wilson,30-Year Fixed Mortgage,516821.96,Digital,E-0211,BR-012,2024-12-31,2025-01-31,2025-01-31,Funded,Funded,34.6,612,0.24,6.626,true,0,Priya Young,Cumulus NC Branch 2,Southeast,2024-12-01
LN-AP-003471,Chloe Harris,Refinance,311302.22,Broker,E-0231,BR-010,2026-02-08,2026-03-08,,Denied,Underwriting,,577,0.332,8.682,false,0,Maya Edwards,Cumulus GA Branch 2,Southeast,2026-02-01
LN-AP-003472,Ben Silva,Refinance,237539.2,Loan Officer,E-0211,BR-012,2024-12-23,2025-02-11,2025-02-11,Funded,Funded,53.1,595,0.144,8.839,true,0,Priya Young,Cumulus NC Branch 2,Southeast,2024-12-01
LN-AP-003473,Wei Green,30-Year Fixed Mortgage,686135.1,Branch,E-0233,BR-025,2025-05-21,2025-07-01,,Denied,Conditional Approval,,723,0.475,6.347,false,0,Jamal Adams,Cumulus CA Branch 1,Pacific,2025-05-01
LN-AP-003474,Emma Mitchell,30-Year Fixed Mortgage,449239.83,Broker,E-0228,BR-013,2025-01-26,,,Withdrawn,Underwriting,,686,0.303,6.277,false,0,Kenji Silva,Cumulus IL Branch 1,Midwest,2025-01-01
LN-AP-003475,Maya Lewis,30-Year Fixed Mortgage,449737.68,Digital,E-0230,BR-009,2025-01-19,2025-02-21,2025-02-21,Funded,Funded,36.4,692,0.329,6.378,true,0,Jamal Wright,Cumulus GA Branch 1,Southeast,2025-01-01
LN-AP-003476,Leo Moore,Personal Loan,10146.34,Branch,E-0213,BR-023,2025-10-18,2025-11-11,2025-11-11,Funded,Funded,27.0,736,0.365,8.478,true,0,Jamal Lewis,Cumulus AZ Branch 1,Mountain West,2025-10-01
LN-AP-003477,Layla Johnson,Refinance,593739.71,Digital,E-0222,BR-026,2026-07-08,,,In Progress,Document Collection,,770,0.385,7.04,false,5,Rosa Carter,Cumulus CA Branch 2,Pacific,2026-07-01
LN-AP-003478,Felix White,15-Year Fixed Mortgage,544267.16,Loan Officer,E-0233,BR-025,2025-08-09,2025-09-15,2025-09-15,Funded,Funded,39.6,774,0.333,6.223,true,0,Jamal Adams,Cumulus CA Branch 1,Pacific,2025-08-01
LN-AP-003479,Marcus Parker,HELOC,86181.63,Digital,E-0228,BR-013,2026-06-27,2026-07-21,2026-07-21,Funded,Funded,26.5,806,0.498,8.669,true,0,Kenji Silva,Cumulus IL Branch 1,Midwest,2026-06-01
LN-AP-003480,Hannah Campbell,30-Year Fixed Mortgage,397577.61,Loan Officer,E-0219,BR-025,2025-07-14,2025-08-22,,Denied,Appraisal,,594,0.444,5.411,false,0,Rosa Hall,Cumulus CA Branch 1,Pacific,2025-07-01
LN-AP-003481,Olivia Wright,15-Year Fixed Mortgage,203843.51,Loan Officer,E-0214,BR-027,2025-03-10,2025-04-14,2025-04-14,Funded,Funded,39.3,733,0.181,6.629,true,0,Amara Clark,Cumulus WA Branch 1,Pacific,2025-03-01
LN-AP-003482,Priya Morris,Auto Loan,24519.67,Digital,E-0219,BR-025,2025-02-02,2025-02-02,,Denied,Application Submitted,,703,0.415,5.563,false,0,Rosa Hall,Cumulus CA Branch 1,Pacific,2025-02-01
LN-AP-003483,Mei Adams,Auto Loan,56770.59,Branch,E-0216,BR-013,2025-11-27,2025-12-30,2025-12-30,Funded,Funded,36.7,727,0.422,8.084,true,0,Daniel Morris,Cumulus IL Branch 1,Midwest,2025-11-01
LN-AP-003484,Hannah Young,30-Year Fixed Mortgage,637201.12,Branch,E-0217,BR-015,2026-02-10,2026-03-12,2026-03-12,Funded,Funded,33.8,828,0.205,8.781,true,0,Amara Green,Cumulus OH Branch 1,Midwest,2026-02-01
LN-AP-003485,Andre Wright,30-Year Fixed Mortgage,374443.49,Loan Officer,E-0224,BR-027,2025-04-14,2025-05-12,2025-05-12,Funded,Funded,31.6,781,0.17,7.02,true,0,Priya Davis,Cumulus WA Branch 1,Pacific,2025-04-01
LN-AP-003486,Yuki King,15-Year Fixed Mortgage,268685.06,Digital,E-0208,BR-027,2026-08-04,,,In Progress,Appraisal,,643,0.311,6.527,false,0,Yuki Campbell,Cumulus WA Branch 1,Pacific,2026-08-01
LN-AP-003487,Layla Johnson,Auto Loan,26195.02,Branch,E-0213,BR-023,2026-07-21,,,In Progress,Funded,,591,0.296,8.536,false,5,Jamal Lewis,Cumulus AZ Branch 1,Mountain West,2026-07-01
LN-AP-003488,Samuel Baker,Auto Loan,26397.05,Digital,E-0227,BR-016,2025-01-18,,,Withdrawn,Conditional Approval,,696,0.23,5.566,false,0,Zara Young,Cumulus OH Branch 2,Midwest,2025-01-01
LN-AP-003489,Victor Martinez,30-Year Fixed Mortgage,361215.38,Branch,E-0220,BR-005,2025-03-06,,,Withdrawn,Underwriting,,700,0.488,7.113,false,0,Luis Adams,Cumulus CT Branch 1,Northeast,2025-03-01
LN-AP-003490,Sara Green,Auto Loan,21774.21,Digital,E-0217,BR-015,2025-05-24,2025-06-21,2025-06-21,Funded,Funded,31.7,626,0.186,6.144,true,0,Amara Green,Cumulus OH Branch 1,Midwest,2025-05-01
LN-AP-003491,Samuel Patel,HELOC,74780.66,Digital,E-0217,BR-015,2026-02-11,,,Withdrawn,Appraisal,,665,0.366,7.078,false,0,Amara Green,Cumulus OH Branch 1,Midwest,2026-02-01
LN-AP-003492,Luis Jackson,30-Year Fixed Mortgage,715997.77,Broker,E-0227,BR-016,2025-02-09,,,In Progress,Underwriting,,741,0.163,6.968,false,5,Zara Young,Cumulus OH Branch 2,Midwest,2025-02-01
LN-AP-003493,Hannah Evans,Personal Loan,13029.5,Digital,E-0208,BR-027,2024-11-21,2025-01-06,2025-01-06,Funded,Funded,48.7,656,0.176,5.478,true,0,Yuki Campbell,Cumulus WA Branch 1,Pacific,2024-11-01
LN-AP-003494,Zara Vaughn,Refinance,402845.88,Digital,E-0232,BR-018,2026-01-23,,,Withdrawn,Underwriting,,637,0.446,7.306,false,0,Tom Hall,Cumulus MN Branch 2,Midwest,2026-01-01
LN-AP-003495,Kenji Morris,30-Year Fixed Mortgage,641210.98,Loan Officer,E-0234,BR-028,2026-03-16,2026-04-28,2026-04-28,Funded,Funded,46.5,629,0.286,8.573,true,0,Henry Taylor,Cumulus WA Branch 2,Pacific,2026-03-01
LN-AP-003496,Tom Morris,15-Year Fixed Mortgage,445606.86,Loan Officer,E-0227,BR-016,2025-08-29,2025-09-18,2025-09-18,Funded,Funded,23.9,733,0.389,7.144,true,0,Zara Young,Cumulus OH Branch 2,Midwest,2025-08-01
LN-AP-003497,Felix Walker,HELOC,23986.1,Branch,E-0225,BR-021,2026-01-23,2026-03-02,2026-03-02,Funded,Funded,42.2,606,0.428,6.823,true,0,Henry Okafor,Cumulus UT Branch 1,Mountain West,2026-01-01
LN-AP-003498,Ines White,Refinance,287983.46,Branch,E-0216,BR-013,2026-06-24,,,In Progress,Underwriting,,614,0.24,7.505,false,5,Daniel Morris,Cumulus IL Branch 1,Midwest,2026-06-01
LN-AP-003499,Owen Turner,30-Year Fixed Mortgage,275192.72,Loan Officer,E-0227,BR-016,2024-10-29,2024-12-23,2024-12-23,Funded,Funded,57.8,590,0.238,5.498,true,0,Zara Young,Cumulus OH Branch 2,Midwest,2024-10-01
LN-AP-003500,Priya Vaughn,15-Year Fixed Mortgage,345113.46,Digital,E-0209,BR-006,2025-08-25,,,Withdrawn,Document Collection,,584,0.151,7.417,false,0,Yuki Stewart,Cumulus CT Branch 2,Northeast,2025-08-01
LN-AP-003501,Amara King,Personal Loan,19272.24,Digital,E-0215,BR-011,2026-08-22,,,Withdrawn,Application Submitted,,649,0.383,7.635,false,0,Henry Patel,Cumulus NC Branch 1,Southeast,2026-08-01
LN-AP-003502,Wei Phillips,Refinance,324927.22,Digital,E-0224,BR-027,2026-05-29,2026-06-29,2026-06-29,Funded,Funded,33.9,794,0.303,6.684,true,0,Priya Davis,Cumulus WA Branch 1,Pacific,2026-05-01
LN-AP-003503,Ethan Green,Personal Loan,7805.92,Digital,E-0218,BR-012,2026-03-18,2026-04-19,2026-04-19,Funded,Funded,35.6,699,0.44,7.317,true,0,Carlos Scott,Cumulus NC Branch 2,Southeast,2026-03-01
LN-AP-003504,Andre Brown,Personal Loan,8215.25,Loan Officer,E-0208,BR-027,2026-01-29,2026-03-12,2026-03-12,Funded,Funded,45.5,825,0.415,8.018,true,0,Yuki Campbell,Cumulus WA Branch 1,Pacific,2026-01-01
LN-AP-003505,Mateo Kim,30-Year Fixed Mortgage,328168.97,Loan Officer,E-0229,BR-025,2026-01-13,2026-02-23,2026-02-23,Funded,Funded,45.0,747,0.154,5.496,true,0,Marcus Wilson,Cumulus CA Branch 1,Pacific,2026-01-01
LN-AP-003506,Henry Allen,Auto Loan,47747.81,Branch,E-0223,BR-001,2026-01-26,2026-03-05,2026-03-05,Funded,Funded,42.6,756,0.209,7.064,true,0,Noah Adams,Cumulus NY Branch 1,Northeast,2026-01-01
LN-AP-003507,Sofia Davis,Personal Loan,19581.55,Branch,E-0233,BR-025,2026-04-11,2026-05-19,2026-05-19,Funded,Funded,41.9,767,0.14,5.957,true,0,Jamal Adams,Cumulus CA Branch 1,Pacific,2026-04-01
LN-AP-003508,Grace Johnson,30-Year Fixed Mortgage,321562.97,Loan Officer,E-0235,BR-008,2025-04-05,2025-05-28,2025-05-28,Funded,Funded,56.4,736,0.337,7.17,true,0,Ava Harris,Cumulus FL Branch 2,Southeast,2025-04-01
LN-AP-003509,Aisha Anderson,30-Year Fixed Mortgage,315859.69,Digital,E-0223,BR-001,2025-05-06,2025-06-15,2025-06-15,Funded,Funded,43.4,587,0.347,6.713,true,0,Noah Adams,Cumulus NY Branch 1,Northeast,2025-05-01
LN-AP-003510,Samuel Wright,15-Year Fixed Mortgage,439387.52,Digital,E-0218,BR-012,2025-06-20,2025-07-26,2025-07-26,Funded,Funded,40.3,618,0.269,8.002,true,0,Carlos Scott,Cumulus NC Branch 2,Southeast,2025-06-01
LN-AP-003511,Layla Morris,Personal Loan,38197.46,Digital,E-0215,BR-011,2025-04-28,2025-05-27,2025-05-27,Funded,Funded,31.9,782,0.446,6.583,true,0,Henry Patel,Cumulus NC Branch 1,Southeast,2025-04-01
LN-AP-003512,Lauren Scott,Auto Loan,36530.92,Loan Officer,E-0214,BR-027,2025-04-06,2025-06-05,2025-06-05,Funded,Funded,63.8,738,0.487,7.605,true,0,Amara Clark,Cumulus WA Branch 1,Pacific,2025-04-01
LN-AP-003513,Samuel White,15-Year Fixed Mortgage,308447.41,Digital,E-0213,BR-023,2025-12-06,2025-12-26,2025-12-26,Funded,Funded,23.0,627,0.369,5.152,true,0,Jamal Lewis,Cumulus AZ Branch 1,Mountain West,2025-12-01
LN-AP-003514,Ines Bailey,HELOC,68218.7,Branch,E-0208,BR-027,2024-11-10,2025-01-10,2025-01-10,Funded,Funded,65.0,642,0.449,6.204,true,0,Yuki Campbell,Cumulus WA Branch 1,Pacific,2024-11-01
LN-AP-003515,Naomi Taylor,30-Year Fixed Mortgage,535655.49,Digital,E-0235,BR-008,2025-07-15,2025-08-07,2025-08-07,Funded,Funded,27.8,773,0.26,8.078,true,0,Ava Harris,Cumulus FL Branch 2,Southeast,2025-07-01
LN-AP-003516,Julian Walker,Personal Loan,7079.63,Digital,E-0220,BR-005,2026-07-05,,,In Progress,Document Collection,,745,0.472,8.642,false,6,Luis Adams,Cumulus CT Branch 1,Northeast,2026-07-01
LN-AP-003517,Sofia Ruiz,Auto Loan,25401.99,Loan Officer,E-0224,BR-027,2025-12-02,2026-01-20,,Denied,Underwriting,,607,0.445,8.24,false,0,Priya Davis,Cumulus WA Branch 1,Pacific,2025-12-01
LN-AP-003518,Noah Vaughn,HELOC,92205.59,Loan Officer,E-0215,BR-011,2025-02-20,2025-02-20,,Denied,Application Submitted,,726,0.381,7.283,false,0,Henry Patel,Cumulus NC Branch 1,Southeast,2025-02-01
LN-AP-003519,Felix Miller,Auto Loan,20882.6,Branch,E-0220,BR-005,2025-09-18,2025-10-17,2025-10-17,Funded,Funded,32.2,661,0.487,6.644,true,0,Luis Adams,Cumulus CT Branch 1,Northeast,2025-09-01
LN-AP-003520,Jamal Roberts,Auto Loan,32484.15,Digital,E-0235,BR-008,2025-11-30,,,Withdrawn,Conditional Approval,,600,0.292,6.533,false,0,Ava Harris,Cumulus FL Branch 2,Southeast,2025-11-01
LN-AP-003521,Diego Chen,HELOC,91282.77,Digital,E-0208,BR-027,2025-02-19,2025-03-16,2025-03-16,Funded,Funded,28.5,608,0.51,8.77,true,0,Yuki Campbell,Cumulus WA Branch 1,Pacific,2025-02-01
LN-AP-003522,Rosa Silva,30-Year Fixed Mortgage,414375.35,Digital,E-0218,BR-012,2025-02-11,2025-03-15,2025-03-15,Funded,Funded,35.7,799,0.368,8.363,true,0,Carlos Scott,Cumulus NC Branch 2,Southeast,2025-02-01
LN-AP-003523,Samuel Silva,Refinance,198603.67,Branch,E-0209,BR-006,2026-01-19,2026-02-23,2026-02-23,Funded,Funded,38.6,732,0.466,7.985,true,0,Yuki Stewart,Cumulus CT Branch 2,Northeast,2026-01-01
LN-AP-003524,Luis Harris,15-Year Fixed Mortgage,196097.69,Digital,E-0221,BR-016,2025-04-11,2025-05-15,2025-05-15,Funded,Funded,38.0,577,0.415,8.431,true,0,Fatima Parker,Cumulus OH Branch 2,Midwest,2025-04-01
LN-AP-003525,Samuel Carter,30-Year Fixed Mortgage,312414.13,Digital,E-0210,BR-019,2026-01-30,,,In Progress,Document Collection,,719,0.355,5.685,false,6,Luis Garcia,Cumulus CO Branch 1,Mountain West,2026-01-01
LN-AP-003526,Emma Harris,30-Year Fixed Mortgage,286078.96,Branch,E-0211,BR-012,2026-03-04,2026-04-15,2026-04-15,Funded,Funded,44.6,724,0.271,6.4,true,0,Priya Young,Cumulus NC Branch 2,Southeast,2026-03-01
LN-AP-003527,Fatima Lewis,30-Year Fixed Mortgage,412290.57,Broker,E-0231,BR-010,2026-07-04,,,Withdrawn,Application Submitted,,734,0.316,7.365,false,0,Maya Edwards,Cumulus GA Branch 2,Southeast,2026-07-01
LN-AP-003528,Marcus Thomas,Personal Loan,14604.27,Loan Officer,E-0228,BR-013,2025-10-18,2025-12-06,2025-12-06,Funded,Funded,53.0,586,0.324,7.317,true,0,Kenji Silva,Cumulus IL Branch 1,Midwest,2025-10-01
LN-AP-003529,Diego Miller,Auto Loan,63389.85,Digital,E-0224,BR-027,2025-04-23,2025-05-22,2025-05-22,Funded,Funded,32.7,779,0.261,7.704,true,0,Priya Davis,Cumulus WA Branch 1,Pacific,2025-04-01
LN-AP-003530,Ethan Wilson,Personal Loan,33770.47,Digital,E-0207,BR-022,2026-07-02,,,In Progress,Underwriting,,815,0.276,5.105,false,1,Priya Davis,Cumulus UT Branch 2,Mountain West,2026-07-01
LN-AP-003531,Lauren Garcia,15-Year Fixed Mortgage,242933.34,Digital,E-0209,BR-006,2025-05-20,2025-07-01,2025-07-01,Funded,Funded,45.2,701,0.145,8.839,true,0,Yuki Stewart,Cumulus CT Branch 2,Northeast,2025-05-01
LN-AP-003532,Owen Young,30-Year Fixed Mortgage,473770.32,Digital,E-0216,BR-013,2024-12-26,2025-01-24,2025-01-24,Funded,Funded,34.1,619,0.191,7.424,true,0,Daniel Morris,Cumulus IL Branch 1,Midwest,2024-12-01
LN-AP-003533,Emma Wilson,HELOC,235471.67,Digital,E-0220,BR-005,2025-05-10,2025-06-09,2025-06-09,Funded,Funded,33.6,691,0.165,6.981,true,0,Luis Adams,Cumulus CT Branch 1,Northeast,2025-05-01
LN-AP-003534,Jamal Bailey,Refinance,676449.11,Digital,E-0233,BR-025,2026-03-22,2026-04-29,2026-04-29,Funded,Funded,40.5,601,0.365,7.873,true,0,Jamal Adams,Cumulus CA Branch 1,Pacific,2026-03-01
LN-AP-003535,Zara White,Auto Loan,29615.65,Broker,E-0232,BR-018,2026-04-17,,,Withdrawn,Appraisal,,810,0.297,6.873,false,0,Tom Hall,Cumulus MN Branch 2,Midwest,2026-04-01
LN-AP-003536,Samuel Carter,Personal Loan,23324.48,Broker,E-0224,BR-027,2026-02-26,,,In Progress,Application Submitted,,609,0.211,8.617,false,3,Priya Davis,Cumulus WA Branch 1,Pacific,2026-02-01
LN-AP-003537,Derek Wilson,Auto Loan,24085.69,Branch,E-0229,BR-025,2025-08-01,2025-09-02,2025-09-02,Funded,Funded,35.2,649,0.378,6.981,true,0,Marcus Wilson,Cumulus CA Branch 1,Pacific,2025-08-01
LN-AP-003538,Isabella Walker,Personal Loan,8819.97,Digital,E-0232,BR-018,2026-08-17,,,In Progress,Conditional Approval,,663,0.353,5.352,false,6,Tom Hall,Cumulus MN Branch 2,Midwest,2026-08-01
LN-AP-003539,Noah Davis,15-Year Fixed Mortgage,590391.99,Digital,E-0232,BR-018,2025-09-20,,,Abandoned,Application Submitted,,803,0.335,8.286,false,0,Tom Hall,Cumulus MN Branch 2,Midwest,2025-09-01
LN-AP-003540,Daniel Edwards,30-Year Fixed Mortgage,651293.39,Digital,E-0229,BR-025,2025-09-16,2025-10-17,2025-10-17,Funded,Funded,35.6,564,0.475,8.737,true,0,Marcus Wilson,Cumulus CA Branch 1,Pacific,2025-09-01
LN-AP-003541,Henry Young,HELOC,33188.66,Digital,E-0210,BR-019,2025-12-16,2026-01-08,2026-01-08,Funded,Funded,26.2,754,0.145,6.413,true,0,Luis Garcia,Cumulus CO Branch 1,Mountain West,2025-12-01
LN-AP-003542,Layla Moore,Refinance,403810.09,Branch,E-0227,BR-016,2026-06-26,2026-07-23,,Denied,Underwriting,,613,0.205,5.861,false,0,Zara Young,Cumulus OH Branch 2,Midwest,2026-06-01
LN-AP-003543,Samuel Okafor,HELOC,71034.88,Broker,E-0229,BR-025,2025-12-21,2026-01-25,2026-01-25,Funded,Funded,38.6,584,0.366,6.177,true,0,Marcus Wilson,Cumulus CA Branch 1,Pacific,2025-12-01
LN-AP-003544,Amara Miller,Auto Loan,24683.69,Digital,E-0224,BR-027,2025-08-28,2025-09-14,2025-09-14,Funded,Funded,20.3,829,0.327,6.068,true,0,Priya Davis,Cumulus WA Branch 1,Pacific,2025-08-01
LN-AP-003545,Mateo Davis,15-Year Fixed Mortgage,421878.41,Branch,E-0224,BR-027,2026-03-05,,,In Progress,Document Collection,,754,0.497,5.262,false,5,Priya Davis,Cumulus WA Branch 1,Pacific,2026-03-01
LN-AP-003546,Zara Lopez,HELOC,139143.87,Digital,E-0227,BR-016,2026-07-05,2026-07-05,,Denied,Application Submitted,,655,0.241,7.876,false,0,Zara Young,Cumulus OH Branch 2,Midwest,2026-07-01
LN-AP-003547,Nora Turner,HELOC,83495.1,Digital,E-0213,BR-023,2025-07-23,2025-08-10,2025-08-10,Funded,Funded,21.5,640,0.19,8.265,true,0,Jamal Lewis,Cumulus AZ Branch 1,Mountain West,2025-07-01
LN-AP-003548,Fatima Davis,15-Year Fixed Mortgage,266480.14,Branch,E-0216,BR-013,2025-07-05,,,In Progress,Underwriting,,754,0.352,7.397,false,6,Daniel Morris,Cumulus IL Branch 1,Midwest,2025-07-01
LN-AP-003549,Kenji Young,15-Year Fixed Mortgage,683582.37,Digital,E-0211,BR-012,2025-01-19,2025-03-05,2025-03-05,Funded,Funded,48.7,588,0.317,6.93,true,0,Priya Young,Cumulus NC Branch 2,Southeast,2025-01-01
LN-AP-003550,Amara Campbell,30-Year Fixed Mortgage,776904.03,Branch,E-0216,BR-013,2024-10-24,,,In Progress,Appraisal,,628,0.435,5.731,false,1,Daniel Morris,Cumulus IL Branch 1,Midwest,2024-10-01
LN-AP-003551,Ravi Jackson,15-Year Fixed Mortgage,264099.39,Branch,E-0229,BR-025,2025-10-28,2025-12-04,2025-12-04,Funded,Funded,41.7,655,0.3,6.007,true,0,Marcus Wilson,Cumulus CA Branch 1,Pacific,2025-10-01
LN-AP-003552,Sofia Morris,HELOC,45306.83,Digital,E-0221,BR-016,2025-10-09,2025-11-01,2025-11-01,Funded,Funded,26.8,628,0.386,8.402,true,0,Fatima Parker,Cumulus OH Branch 2,Midwest,2025-10-01
LN-AP-003553,Chloe Roberts,30-Year Fixed Mortgage,347217.44,Digital,E-0219,BR-025,2025-07-25,2025-08-28,,Denied,Conditional Approval,,777,0.175,6.791,false,0,Rosa Hall,Cumulus CA Branch 1,Pacific,2025-07-01
LN-AP-003554,Chloe Thomas,Personal Loan,5609.0,Loan Officer,E-0230,BR-009,2025-02-04,2025-03-20,2025-03-20,Funded,Funded,47.0,740,0.39,6.881,true,0,Jamal Wright,Cumulus GA Branch 1,Southeast,2025-02-01
LN-AP-003555,Ben Allen,HELOC,156063.12,Digital,E-0223,BR-001,2025-07-20,,,Withdrawn,Application Submitted,,647,0.386,5.292,false,0,Noah Adams,Cumulus NY Branch 1,Northeast,2025-07-01
LN-AP-003556,Mei Patel,30-Year Fixed Mortgage,825025.19,Digital,E-0219,BR-025,2025-04-28,2025-05-26,2025-05-26,Funded,Funded,32.4,576,0.516,5.67,true,0,Rosa Hall,Cumulus CA Branch 1,Pacific,2025-04-01
LN-AP-003557,Maya Brown,Auto Loan,16639.07,Digital,E-0217,BR-015,2026-06-19,2026-07-06,2026-07-06,Funded,Funded,21.0,643,0.367,5.916,true,0,Amara Green,Cumulus OH Branch 1,Midwest,2026-06-01
LN-AP-003558,Henry Moore,HELOC,108714.7,Digital,E-0208,BR-027,2025-01-27,,,Abandoned,Document Collection,,819,0.462,8.445,false,0,Yuki Campbell,Cumulus WA Branch 1,Pacific,2025-01-01
LN-AP-003559,Jonathan Lopez,HELOC,96703.98,Branch,E-0224,BR-027,2025-08-29,2025-09-22,,Denied,Document Collection,,626,0.182,5.389,false,0,Priya Davis,Cumulus WA Branch 1,Pacific,2025-08-01
LN-AP-003560,Amara Wright,HELOC,74353.3,Broker,E-0207,BR-022,2025-05-11,,,In Progress,Conditional Approval,,652,0.215,5.824,false,0,Priya Davis,Cumulus UT Branch 2,Mountain West,2025-05-01
LN-AP-003561,Felix Brown,30-Year Fixed Mortgage,503946.32,Loan Officer,E-0218,BR-012,2024-11-14,2024-12-26,2024-12-26,Funded,Funded,45.6,586,0.323,8.8,true,0,Carlos Scott,Cumulus NC Branch 2,Southeast,2024-11-01
LN-AP-003562,Mei Mitchell,30-Year Fixed Mortgage,936785.44,Broker,E-0219,BR-025,2025-02-23,2025-04-24,2025-04-24,Funded,Funded,63.5,697,0.191,7.89,true,0,Rosa Hall,Cumulus CA Branch 1,Pacific,2025-02-01
LN-AP-003563,Ethan Wilson,Personal Loan,26188.38,Loan Officer,E-0219,BR-025,2024-10-07,2024-10-24,,Denied,Conditional Approval,,765,0.386,6.241,false,0,Rosa Hall,Cumulus CA Branch 1,Pacific,2024-10-01
LN-AP-003564,Victor Vaughn,Refinance,252136.91,Loan Officer,E-0223,BR-001,2026-08-10,,,In Progress,Funded,,683,0.235,6.572,false,0,Noah Adams,Cumulus NY Branch 1,Northeast,2026-08-01
LN-AP-003565,Isabella Ruiz,Personal Loan,8339.46,Digital,E-0225,BR-021,2025-07-16,2025-08-16,2025-08-16,Funded,Funded,32.9,763,0.131,8.501,true,0,Henry Okafor,Cumulus UT Branch 1,Mountain West,2025-07-01
LN-AP-003566,Kenji Turner,Auto Loan,72102.71,Digital,E-0228,BR-013,2025-01-29,2025-03-02,2025-03-02,Funded,Funded,35.7,759,0.493,6.794,true,0,Kenji Silva,Cumulus IL Branch 1,Midwest,2025-01-01
LN-AP-003567,Henry Silva,HELOC,130711.68,Digital,E-0227,BR-016,2026-01-19,,,In Progress,Application Submitted,,726,0.196,5.676,false,1,Zara Young,Cumulus OH Branch 2,Midwest,2026-01-01
LN-AP-003568,Mei Hall,Auto Loan,63930.5,Branch,E-0225,BR-021,2025-01-13,2025-02-20,2025-02-20,Funded,Funded,41.6,790,0.444,8.392,true,0,Henry Okafor,Cumulus UT Branch 1,Mountain West,2025-01-01
LN-AP-003569,Sofia Lopez,15-Year Fixed Mortgage,453156.08,Digital,E-0222,BR-026,2024-12-16,,,Withdrawn,Underwriting,,591,0.143,8.239,false,0,Rosa Carter,Cumulus CA Branch 2,Pacific,2024-12-01
LN-AP-003570,Elena Evans,HELOC,144447.03,Digital,E-0225,BR-021,2025-02-14,2025-03-17,2025-03-17,Funded,Funded,34.2,768,0.302,7.523,true,0,Henry Okafor,Cumulus UT Branch 1,Mountain West,2025-02-01
LN-AP-003571,Grace Roberts,15-Year Fixed Mortgage,207209.83,Digital,E-0231,BR-010,2026-07-04,,,Withdrawn,Application Submitted,,678,0.317,7.759,false,0,Maya Edwards,Cumulus GA Branch 2,Southeast,2026-07-01
LN-AP-003572,Derek Moore,30-Year Fixed Mortgage,217795.35,Loan Officer,E-0222,BR-026,2025-09-23,,,In Progress,Appraisal,,722,0.51,5.857,false,2,Rosa Carter,Cumulus CA Branch 2,Pacific,2025-09-01
LN-AP-003573,Ben Johnson,Auto Loan,36694.25,Digital,E-0219,BR-025,2025-02-15,2025-03-12,2025-03-12,Funded,Funded,29.0,709,0.324,5.616,true,0,Rosa Hall,Cumulus CA Branch 1,Pacific,2025-02-01
LN-AP-003574,Isabella Clark,30-Year Fixed Mortgage,513005.33,Digital,E-0215,BR-011,2026-08-12,,,In Progress,Appraisal,,687,0.486,8.874,false,2,Henry Patel,Cumulus NC Branch 1,Southeast,2026-08-01
LN-AP-003575,Layla Nguyen,Refinance,876422.02,Loan Officer,E-0228,BR-013,2026-01-12,2026-01-27,,Denied,Underwriting,,811,0.234,7.711,false,0,Kenji Silva,Cumulus IL Branch 1,Midwest,2026-01-01
LN-AP-003576,Rosa Allen,Auto Loan,26101.43,Loan Officer,E-0216,BR-013,2025-10-06,2025-11-09,2025-11-09,Funded,Funded,37.9,712,0.343,5.607,true,0,Daniel Morris,Cumulus IL Branch 1,Midwest,2025-10-01
LN-AP-003577,Jamal Evans,Refinance,441307.32,Digital,E-0224,BR-027,2025-05-07,2025-06-12,2025-06-12,Funded,Funded,39.6,805,0.259,5.563,true,0,Priya Davis,Cumulus WA Branch 1,Pacific,2025-05-01
LN-AP-003578,Diego Baker,Refinance,284654.49,Broker,E-0219,BR-025,2025-11-04,2025-12-13,2025-12-13,Funded,Funded,42.4,684,0.143,6.17,true,0,Rosa Hall,Cumulus CA Branch 1,Pacific,2025-11-01
LN-AP-003579,Ethan Allen,Auto Loan,56875.55,Loan Officer,E-0224,BR-027,2026-05-03,2026-05-24,,Denied,Conditional Approval,,797,0.199,5.418,false,0,Priya Davis,Cumulus WA Branch 1,Pacific,2026-05-01
LN-AP-003580,Isabella Carter,30-Year Fixed Mortgage,448498.01,Loan Officer,E-0221,BR-016,2024-12-09,,,Withdrawn,Document Collection,,742,0.466,7.946,false,0,Fatima Parker,Cumulus OH Branch 2,Midwest,2024-12-01
LN-AP-003581,Maya Campbell,Auto Loan,19544.92,Branch,E-0217,BR-015,2025-02-10,2025-03-09,2025-03-09,Funded,Funded,30.5,628,0.503,5.815,true,0,Amara Green,Cumulus OH Branch 1,Midwest,2025-02-01
LN-AP-003582,Iris Edwards,Refinance,417871.05,Branch,E-0221,BR-016,2026-04-09,2026-05-14,2026-05-14,Funded,Funded,38.2,737,0.506,8.637,true,0,Fatima Parker,Cumulus OH Branch 2,Midwest,2026-04-01
LN-AP-003583,Elena Clark,30-Year Fixed Mortgage,686185.27,Digital,E-0235,BR-008,2026-08-26,2026-08-26,,Denied,Application Submitted,,775,0.378,5.137,false,0,Ava Harris,Cumulus FL Branch 2,Southeast,2026-08-01
LN-AP-003584,Owen Phillips,30-Year Fixed Mortgage,323735.8,Digital,E-0206,BR-020,2026-03-31,,,Withdrawn,Conditional Approval,,672,0.428,8.488,false,0,Ben Taylor,Cumulus CO Branch 2,Mountain West,2026-03-01
LN-AP-003585,Marcus Clark,30-Year Fixed Mortgage,509316.09,Branch,E-0219,BR-025,2025-08-30,,,Withdrawn,Application Submitted,,826,0.199,6.062,false,0,Rosa Hall,Cumulus CA Branch 1,Pacific,2025-08-01
LN-AP-003586,Amara King,Refinance,175357.35,Loan Officer,E-0232,BR-018,2025-02-05,2025-03-12,2025-03-12,Funded,Funded,38.3,672,0.488,5.906,true,0,Tom Hall,Cumulus MN Branch 2,Midwest,2025-02-01
LN-AP-003587,Victor Garcia,Refinance,767415.09,Digital,E-0232,BR-018,2025-11-29,2025-12-27,,Denied,Appraisal,,797,0.52,8.138,false,0,Tom Hall,Cumulus MN Branch 2,Midwest,2025-11-01
LN-AP-003588,Henry Chen,Auto Loan,36387.64,Digital,E-0220,BR-005,2025-08-28,2025-09-09,2025-09-09,Funded,Funded,14.4,587,0.293,5.162,true,0,Luis Adams,Cumulus CT Branch 1,Northeast,2025-08-01
LN-AP-003589,Luis Harris,15-Year Fixed Mortgage,380222.41,Branch,E-0209,BR-006,2024-10-23,2024-11-29,2024-11-29,Funded,Funded,39.6,675,0.167,8.121,true,0,Yuki Stewart,Cumulus CT Branch 2,Northeast,2024-10-01
LN-AP-003590,Victor Green,30-Year Fixed Mortgage,381302.95,Loan Officer,E-0218,BR-012,2024-10-07,2024-10-07,,Denied,Application Submitted,,824,0.486,5.642,false,0,Carlos Scott,Cumulus NC Branch 2,Southeast,2024-10-01
LN-AP-003591,Nora Morris,Auto Loan,25127.53,Digital,E-0231,BR-010,2026-03-02,2026-04-21,2026-04-21,Funded,Funded,54.1,784,0.511,5.756,true,0,Maya Edwards,Cumulus GA Branch 2,Southeast,2026-03-01
LN-AP-003592,Andre Walker,Auto Loan,6971.61,Digital,E-0206,BR-020,2025-08-13,2025-09-03,2025-09-03,Funded,Funded,25.3,674,0.265,6.615,true,0,Ben Taylor,Cumulus CO Branch 2,Mountain West,2025-08-01
LN-AP-003593,Jamal Campbell,Personal Loan,11614.08,Branch,E-0235,BR-008,2025-04-22,,,In Progress,Document Collection,,639,0.361,8.728,false,0,Ava Harris,Cumulus FL Branch 2,Southeast,2025-04-01
LN-AP-003594,Ines Miller,15-Year Fixed Mortgage,581011.39,Digital,E-0212,BR-004,2026-07-08,2026-07-28,2026-07-28,Funded,Funded,23.7,639,0.432,7.645,true,0,Isabella Phillips,Cumulus MA Branch 2,Northeast,2026-07-01
LN-AP-003595,Priya Walker,Personal Loan,27055.51,Loan Officer,E-0219,BR-025,2026-06-16,2026-08-18,2026-08-18,Funded,Funded,67.1,583,0.257,6.774,true,0,Rosa Hall,Cumulus CA Branch 1,Pacific,2026-06-01
LN-AP-003596,Naomi Harris,30-Year Fixed Mortgage,842713.48,Digital,E-0206,BR-020,2026-06-23,2026-07-24,2026-07-24,Funded,Funded,34.4,705,0.321,7.325,true,0,Ben Taylor,Cumulus CO Branch 2,Mountain West,2026-06-01
LN-AP-003597,Ravi Allen,HELOC,66854.86,Loan Officer,E-0235,BR-008,2025-06-28,2025-08-25,2025-08-25,Funded,Funded,60.9,582,0.313,8.159,true,0,Ava Harris,Cumulus FL Branch 2,Southeast,2025-06-01
LN-AP-003598,Aisha Ashford,30-Year Fixed Mortgage,276832.63,Digital,E-0234,BR-028,2026-08-09,,,In Progress,Funded,,743,0.126,7.891,false,4,Henry Taylor,Cumulus WA Branch 2,Pacific,2026-08-01
LN-AP-003599,Emma Green,HELOC,107603.29,Branch,E-0218,BR-012,2025-01-28,2025-03-13,2025-03-13,Funded,Funded,47.2,564,0.335,7.531,true,0,Carlos Scott,Cumulus NC Branch 2,Southeast,2025-01-01
LN-AP-003600,Carlos Collins,Auto Loan,19241.46,Loan Officer,E-0212,BR-004,2026-06-14,2026-07-22,,Denied,Conditional Approval,,792,0.271,7.957,false,0,Isabella Phillips,Cumulus MA Branch 2,Northeast,2026-06-01
LN-AP-003601,Noah Scott,30-Year Fixed Mortgage,476492.11,Broker,E-0211,BR-012,2026-02-22,,,In Progress,Conditional Approval,,583,0.153,5.531,false,0,Priya Young,Cumulus NC Branch 2,Southeast,2026-02-01
LN-AP-003602,Owen Patel,HELOC,97156.93,Branch,E-0217,BR-015,2026-07-10,2026-08-17,,Denied,Conditional Approval,,743,0.203,6.877,false,0,Amara Green,Cumulus OH Branch 1,Midwest,2026-07-01
LN-AP-003603,Isabella Patel,Personal Loan,12873.12,Broker,E-0233,BR-025,2024-10-21,2024-10-21,,Denied,Application Submitted,,625,0.205,5.268,false,0,Jamal Adams,Cumulus CA Branch 1,Pacific,2024-10-01
LN-AP-003604,Layla Stewart,30-Year Fixed Mortgage,570781.94,Branch,E-0215,BR-011,2025-02-02,2025-03-31,2025-03-31,Funded,Funded,59.9,740,0.387,8.428,true,0,Henry Patel,Cumulus NC Branch 1,Southeast,2025-02-01
LN-AP-003605,Rosa Davis,Auto Loan,128000,Loan Officer,E-0206,BR-020,2025-04-02,,,Withdrawn,Appraisal,,635,0.473,7.612,false,0,Ben Taylor,Cumulus CO Branch 2,Mountain West,2025-04-01
LN-AP-003606,Owen Ashford,15-Year Fixed Mortgage,344375.06,Branch,E-0222,BR-026,2024-11-06,2024-12-26,2024-12-26,Funded,Funded,52.3,786,0.519,8.716,true,0,Rosa Carter,Cumulus CA Branch 2,Pacific,2024-11-01
LN-AP-003607,Noah Patel,Auto Loan,11131.74,Loan Officer,E-0220,BR-005,2026-01-13,2026-02-02,2026-02-02,Funded,Funded,22.8,724,0.35,6.93,true,0,Luis Adams,Cumulus CT Branch 1,Northeast,2026-01-01
LN-AP-003608,Olivia Campbell,30-Year Fixed Mortgage,220985.33,Digital,E-0210,BR-019,2026-06-21,,,Withdrawn,Application Submitted,,561,0.382,5.714,false,0,Luis Garcia,Cumulus CO Branch 1,Mountain West,2026-06-01
LN-AP-003609,Ethan Kim,Personal Loan,8643.28,Loan Officer,E-0207,BR-022,2025-12-17,2026-01-07,2026-01-07,Funded,Funded,24.5,625,0.394,5.869,true,0,Priya Davis,Cumulus UT Branch 2,Mountain West,2025-12-01
LN-AP-003610,Carlos Phillips,30-Year Fixed Mortgage,619921.11,Branch,E-0233,BR-025,2025-09-07,,,In Progress,Application Submitted,,583,0.499,5.507,false,6,Jamal Adams,Cumulus CA Branch 1,Pacific,2025-09-01
LN-AP-003611,Elena Edwards,Auto Loan,62571.91,Loan Officer,E-0226,BR-010,2025-05-13,2025-06-18,2025-06-18,Funded,Funded,39.2,597,0.377,8.864,true,0,Andre Evans,Cumulus GA Branch 2,Southeast,2025-05-01
LN-AP-003612,Samuel Nguyen,Personal Loan,13591.99,Digital,E-0222,BR-026,2025-09-15,2025-10-06,2025-10-06,Funded,Funded,24.2,737,0.233,7.345,true,0,Rosa Carter,Cumulus CA Branch 2,Pacific,2025-09-01
LN-AP-003613,Maya Young,30-Year Fixed Mortgage,367370.44,Branch,E-0208,BR-027,2026-04-18,,,Withdrawn,Conditional Approval,,579,0.443,8.845,false,0,Yuki Campbell,Cumulus WA Branch 1,Pacific,2026-04-01
LN-AP-003614,Ethan King,Refinance,1159780.94,Broker,E-0231,BR-010,2025-09-22,,,Withdrawn,Appraisal,,754,0.497,8.03,false,0,Maya Edwards,Cumulus GA Branch 2,Southeast,2025-09-01
LN-AP-003615,Fatima Anderson,30-Year Fixed Mortgage,763753.89,Digital,E-0225,BR-021,2026-06-17,,,In Progress,Application Submitted,,734,0.404,7.381,false,5,Henry Okafor,Cumulus UT Branch 1,Mountain West,2026-06-01
LN-AP-003616,Nora Allen,15-Year Fixed Mortgage,423108.2,Loan Officer,E-0224,BR-027,2024-11-15,,,Withdrawn,Application Submitted,,684,0.165,8.079,false,0,Priya Davis,Cumulus WA Branch 1,Pacific,2024-11-01
LN-AP-003617,Priya Brown,Personal Loan,9213.96,Loan Officer,E-0230,BR-009,2026-04-22,2026-06-08,2026-06-08,Funded,Funded,49.6,809,0.41,7.04,true,0,Jamal Wright,Cumulus GA Branch 1,Southeast,2026-04-01
LN-AP-003618,Diego Turner,30-Year Fixed Mortgage,538622.26,Digital,E-0226,BR-010,2025-09-04,,,Abandoned,Conditional Approval,,678,0.124,5.578,false,0,Andre Evans,Cumulus GA Branch 2,Southeast,2025-09-01
LN-AP-003619,Kenji Campbell,30-Year Fixed Mortgage,548523.26,Loan Officer,E-0220,BR-005,2025-11-12,2025-12-27,2025-12-27,Funded,Funded,48.5,709,0.369,7.479,true,0,Luis Adams,Cumulus CT Branch 1,Northeast,2025-11-01
LN-AP-003620,Noah Clark,Auto Loan,38121.13,Digital,E-0209,BR-006,2025-07-10,2025-08-10,2025-08-10,Funded,Funded,32.9,665,0.181,5.945,true,0,Yuki Stewart,Cumulus CT Branch 2,Northeast,2025-07-01
LN-AP-003621,Ben Mitchell,30-Year Fixed Mortgage,571593.03,Loan Officer,E-0219,BR-025,2026-01-27,,,Withdrawn,Appraisal,,797,0.244,8.893,false,0,Rosa Hall,Cumulus CA Branch 1,Pacific,2026-01-01
LN-AP-003622,Samuel Davis,30-Year Fixed Mortgage,550454.92,Branch,E-0223,BR-001,2026-04-15,2026-05-16,2026-05-16,Funded,Funded,34.6,684,0.482,8.359,true,0,Noah Adams,Cumulus NY Branch 1,Northeast,2026-04-01
LN-AP-003623,Amara Clark,15-Year Fixed Mortgage,249056.98,Loan Officer,E-0223,BR-001,2025-03-27,2025-05-17,2025-05-17,Funded,Funded,54.2,650,0.212,5.558,true,0,Noah Adams,Cumulus NY Branch 1,Northeast,2025-03-01
LN-AP-003624,Jonathan White,30-Year Fixed Mortgage,606439.69,Loan Officer,E-0223,BR-001,2025-11-02,2025-11-25,2025-11-25,Funded,Funded,26.9,813,0.497,7.509,true,0,Noah Adams,Cumulus NY Branch 1,Northeast,2025-11-01
LN-AP-003625,Samuel Garcia,HELOC,168391.04,Loan Officer,E-0210,BR-019,2024-12-24,,,Withdrawn,Document Collection,,664,0.187,7.411,false,0,Luis Garcia,Cumulus CO Branch 1,Mountain West,2024-12-01
LN-AP-003626,Ravi Garcia,Refinance,437447.65,Loan Officer,E-0212,BR-004,2025-09-28,2025-11-03,2025-11-03,Funded,Funded,39.8,829,0.479,8.337,true,0,Isabella Phillips,Cumulus MA Branch 2,Northeast,2025-09-01
LN-AP-003627,Sofia Baker,HELOC,55293.41,Branch,E-0213,BR-023,2025-09-12,2025-10-07,2025-10-07,Funded,Funded,27.8,758,0.465,7.369,true,0,Jamal Lewis,Cumulus AZ Branch 1,Mountain West,2025-09-01
LN-AP-003628,Owen Silva,Personal Loan,23471.64,Broker,E-0229,BR-025,2025-07-02,2025-08-04,2025-08-04,Funded,Funded,36.1,727,0.237,6.19,true,0,Marcus Wilson,Cumulus CA Branch 1,Pacific,2025-07-01
LN-AP-003629,Fatima Nguyen,Personal Loan,20218.08,Digital,E-0211,BR-012,2025-08-11,2025-09-10,,Denied,Appraisal,,612,0.371,8.316,false,0,Priya Young,Cumulus NC Branch 2,Southeast,2025-08-01
LN-AP-003630,Lauren Ashford,30-Year Fixed Mortgage,586926.92,Digital,E-0226,BR-010,2025-07-11,,,Withdrawn,Conditional Approval,,680,0.29,7.671,false,0,Andre Evans,Cumulus GA Branch 2,Southeast,2025-07-01
LN-AP-003631,Kenji Clark,15-Year Fixed Mortgage,166070.46,Branch,E-0217,BR-015,2025-04-03,2025-04-26,2025-04-26,Funded,Funded,26.4,577,0.349,5.321,true,0,Amara Green,Cumulus OH Branch 1,Midwest,2025-04-01
LN-AP-003632,Luis Moore,30-Year Fixed Mortgage,897657.1,Branch,E-0229,BR-025,2026-03-30,2026-05-07,2026-05-07,Funded,Funded,41.7,808,0.251,6.732,true,0,Marcus Wilson,Cumulus CA Branch 1,Pacific,2026-03-01
LN-AP-003633,Jamal Harris,HELOC,71228.58,Loan Officer,E-0208,BR-027,2026-04-28,2026-05-23,2026-05-23,Funded,Funded,29.6,671,0.295,8.473,true,0,Yuki Campbell,Cumulus WA Branch 1,Pacific,2026-04-01
LN-AP-003634,Maya Vaughn,30-Year Fixed Mortgage,487619.79,Loan Officer,E-0235,BR-008,2026-06-03,2026-07-04,,Denied,Underwriting,,791,0.493,7.847,false,0,Ava Harris,Cumulus FL Branch 2,Southeast,2026-06-01
LN-AP-003635,Layla Kim,Personal Loan,11748.77,Digital,E-0212,BR-004,2024-11-06,2024-12-04,2024-12-04,Funded,Funded,31.5,758,0.446,6.656,true,0,Isabella Phillips,Cumulus MA Branch 2,Northeast,2024-11-01
LN-AP-003636,Hannah Lewis,30-Year Fixed Mortgage,313453.51,Branch,E-0206,BR-020,2026-08-01,,,In Progress,Funded,,819,0.491,7.738,false,0,Ben Taylor,Cumulus CO Branch 2,Mountain West,2026-08-01
LN-AP-003637,Sofia Jackson,Auto Loan,45670.22,Branch,E-0229,BR-025,2025-03-21,2025-05-02,2025-05-02,Funded,Funded,46.2,797,0.239,5.936,true,0,Marcus Wilson,Cumulus CA Branch 1,Pacific,2025-03-01
LN-AP-003638,Amara Jackson,Personal Loan,4286.82,Branch,E-0210,BR-019,2025-08-28,2025-10-16,2025-10-16,Funded,Funded,52.6,641,0.317,7.04,true,0,Luis Garcia,Cumulus CO Branch 1,Mountain West,2025-08-01
LN-AP-003639,Grace Green,30-Year Fixed Mortgage,444806.33,Loan Officer,E-0209,BR-006,2024-10-21,2024-11-20,2024-11-20,Funded,Funded,32.6,636,0.252,5.764,true,0,Yuki Stewart,Cumulus CT Branch 2,Northeast,2024-10-01
LN-AP-003640,Tom Green,Refinance,444013.03,Branch,E-0230,BR-009,2026-04-03,2026-04-27,2026-04-27,Funded,Funded,27.5,594,0.197,7.247,true,0,Jamal Wright,Cumulus GA Branch 1,Southeast,2026-04-01
LN-AP-003641,Kenji Lewis,30-Year Fixed Mortgage,371507.17,Digital,E-0227,BR-016,2026-08-07,,,In Progress,Appraisal,,756,0.145,7.198,false,2,Zara Young,Cumulus OH Branch 2,Midwest,2026-08-01
LN-AP-003642,Emma Hall,30-Year Fixed Mortgage,344129.14,Broker,E-0216,BR-013,2026-02-07,2026-03-17,2026-03-17,Funded,Funded,41.6,786,0.288,5.673,true,0,Daniel Morris,Cumulus IL Branch 1,Midwest,2026-02-01
LN-AP-003643,Mei Jackson,Auto Loan,19829.37,Branch,E-0227,BR-016,2024-11-04,,,Withdrawn,Conditional Approval,,646,0.125,5.684,false,0,Zara Young,Cumulus OH Branch 2,Midwest,2024-11-01
LN-AP-003644,Samuel Wright,HELOC,123358.05,Loan Officer,E-0218,BR-012,2025-02-22,2025-03-13,2025-03-13,Funded,Funded,22.4,730,0.421,6.547,true,0,Carlos Scott,Cumulus NC Branch 2,Southeast,2025-02-01
LN-AP-003645,Ines Chen,30-Year Fixed Mortgage,522081.6,Branch,E-0231,BR-010,2024-12-29,2025-01-31,2025-01-31,Funded,Funded,36.5,657,0.508,6.98,true,0,Maya Edwards,Cumulus GA Branch 2,Southeast,2024-12-01
LN-AP-003646,Hannah Collins,Personal Loan,35529.5,Loan Officer,E-0229,BR-025,2026-05-13,,,Withdrawn,Underwriting,,709,0.502,5.759,false,0,Marcus Wilson,Cumulus CA Branch 1,Pacific,2026-05-01
LN-AP-003647,Priya Campbell,30-Year Fixed Mortgage,471451.55,Digital,E-0216,BR-013,2024-10-07,2024-10-27,,Denied,Document Collection,,564,0.41,7.312,false,0,Daniel Morris,Cumulus IL Branch 1,Midwest,2024-10-01
LN-AP-003648,Ethan Allen,Auto Loan,75261.18,Digital,E-0224,BR-027,2024-10-30,2024-11-27,2024-11-27,Funded,Funded,31.9,810,0.138,8.225,true,0,Priya Davis,Cumulus WA Branch 1,Pacific,2024-10-01
LN-AP-003649,Layla Lewis,15-Year Fixed Mortgage,748093.74,Digital,E-0210,BR-019,2024-12-03,,,In Progress,Underwriting,,628,0.42,7.288,false,2,Luis Garcia,Cumulus CO Branch 1,Mountain West,2024-12-01
LN-AP-003650,Jamal Baker,Auto Loan,11238.35,Branch,E-0219,BR-025,2026-08-27,,,In Progress,Funded,,645,0.24,6.347,false,2,Rosa Hall,Cumulus CA Branch 1,Pacific,2026-08-01
LN-AP-003651,Aisha Walker,30-Year Fixed Mortgage,330318.96,Loan Officer,E-0226,BR-010,2025-12-21,,,Withdrawn,Underwriting,,579,0.474,6.286,false,0,Andre Evans,Cumulus GA Branch 2,Southeast,2025-12-01
LN-AP-003652,Zara Silva,15-Year Fixed Mortgage,449868.49,Branch,E-0225,BR-021,2026-02-15,2026-03-22,2026-03-22,Funded,Funded,39.9,818,0.317,6.438,true,0,Henry Okafor,Cumulus UT Branch 1,Mountain West,2026-02-01
LN-AP-003653,Priya Silva,Personal Loan,27751.61,Loan Officer,E-0208,BR-027,2026-01-29,2026-03-06,,Denied,Underwriting,,706,0.228,7.367,false,0,Yuki Campbell,Cumulus WA Branch 1,Pacific,2026-01-01
LN-AP-003654,Carlos Anderson,Personal Loan,4894.87,Loan Officer,E-0212,BR-004,2026-02-14,2026-03-29,2026-03-29,Funded,Funded,46.2,694,0.501,7.424,true,0,Isabella Phillips,Cumulus MA Branch 2,Northeast,2026-02-01
LN-AP-003655,Grace Phillips,30-Year Fixed Mortgage,656726.78,Branch,E-0229,BR-025,2025-01-18,,,Withdrawn,Appraisal,,669,0.249,8.43,false,0,Marcus Wilson,Cumulus CA Branch 1,Pacific,2025-01-01
LN-AP-003656,Julian Lewis,Personal Loan,11905.01,Broker,E-0230,BR-009,2026-06-21,2026-07-22,2026-07-22,Funded,Funded,33.9,588,0.342,8.652,true,0,Jamal Wright,Cumulus GA Branch 1,Southeast,2026-06-01
LN-AP-003657,Sara Thomas,15-Year Fixed Mortgage,435034.98,Branch,E-0224,BR-027,2025-11-06,2025-12-15,2025-12-15,Funded,Funded,42.0,573,0.384,5.389,true,0,Priya Davis,Cumulus WA Branch 1,Pacific,2025-11-01
LN-AP-003658,Mei Evans,15-Year Fixed Mortgage,230538.18,Branch,E-0235,BR-008,2025-12-24,2026-01-31,,Denied,Appraisal,,600,0.333,8.323,false,0,Ava Harris,Cumulus FL Branch 2,Southeast,2025-12-01
LN-AP-003659,Kenji Evans,Refinance,272566.4,Branch,E-0207,BR-022,2026-03-26,,,Withdrawn,Appraisal,,608,0.378,6.887,false,0,Priya Davis,Cumulus UT Branch 2,Mountain West,2026-03-01
LN-AP-003660,Chloe Edwards,Refinance,945769.75,Branch,E-0219,BR-025,2025-11-10,2025-11-20,,Denied,Underwriting,,716,0.123,8.349,false,0,Rosa Hall,Cumulus CA Branch 1,Pacific,2025-11-01
LN-AP-003661,Henry Evans,Refinance,369043.03,Branch,E-0212,BR-004,2025-07-06,2025-08-22,2025-08-22,Funded,Funded,49.7,673,0.18,8.631,true,0,Isabella Phillips,Cumulus MA Branch 2,Northeast,2025-07-01
LN-AP-003662,Noah Collins,15-Year Fixed Mortgage,218909.17,Digital,E-0212,BR-004,2025-12-28,,,Withdrawn,Conditional Approval,,677,0.438,5.888,false,0,Isabella Phillips,Cumulus MA Branch 2,Northeast,2025-12-01
LN-AP-003663,Julian Thomas,15-Year Fixed Mortgage,270493.97,Loan Officer,E-0225,BR-021,2025-05-07,2025-06-08,2025-06-08,Funded,Funded,35.1,585,0.367,7.321,true,0,Henry Okafor,Cumulus UT Branch 1,Mountain West,2025-05-01
LN-AP-003664,Layla Evans,30-Year Fixed Mortgage,329656.36,Digital,E-0208,BR-027,2025-04-29,2025-05-17,,Denied,Underwriting,,726,0.477,6.633,false,0,Yuki Campbell,Cumulus WA Branch 1,Pacific,2025-04-01
LN-AP-003665,Sofia Nguyen,HELOC,38806.64,Digital,E-0219,BR-025,2024-12-22,2025-01-22,2025-01-22,Funded,Funded,32.9,612,0.426,6.147,true,0,Rosa Hall,Cumulus CA Branch 1,Pacific,2024-12-01
LN-AP-003666,Jamal Lewis,30-Year Fixed Mortgage,295492.64,Digital,E-0207,BR-022,2025-05-09,2025-06-06,2025-06-06,Funded,Funded,32.9,651,0.482,6.386,true,0,Priya Davis,Cumulus UT Branch 2,Mountain West,2025-05-01
LN-AP-003667,Amara Okafor,30-Year Fixed Mortgage,638950.24,Digital,E-0214,BR-027,2026-06-29,,,In Progress,Appraisal,,739,0.207,6.364,false,5,Amara Clark,Cumulus WA Branch 1,Pacific,2026-06-01
LN-AP-003668,Naomi Mitchell,Personal Loan,18479.78,Loan Officer,E-0235,BR-008,2025-02-06,,,Withdrawn,Application Submitted,,785,0.374,7.084,false,0,Ava Harris,Cumulus FL Branch 2,Southeast,2025-02-01
LN-AP-003669,Derek Turner,Personal Loan,21476.45,Digital,E-0216,BR-013,2025-02-01,2025-03-02,2025-03-02,Funded,Funded,33.8,796,0.422,5.192,true,0,Daniel Morris,Cumulus IL Branch 1,Midwest,2025-02-01
LN-AP-003670,Luis Kim,Auto Loan,51058.26,Digital,E-0227,BR-016,2025-11-12,2025-12-23,2025-12-23,Funded,Funded,44.1,703,0.238,7.392,true,0,Zara Young,Cumulus OH Branch 2,Midwest,2025-11-01
LN-AP-003671,Henry Ashford,30-Year Fixed Mortgage,352515.12,Digital,E-0231,BR-010,2024-10-21,2024-11-14,2024-11-14,Funded,Funded,26.6,811,0.23,7.174,true,0,Maya Edwards,Cumulus GA Branch 2,Southeast,2024-10-01
LN-AP-003672,Elena Jackson,Personal Loan,20019.73,Digital,E-0220,BR-005,2024-12-23,2025-01-25,2025-01-25,Funded,Funded,37.2,812,0.123,5.846,true,0,Luis Adams,Cumulus CT Branch 1,Northeast,2024-12-01
LN-AP-003673,Amara Harris,Auto Loan,29607.82,Broker,E-0210,BR-019,2025-07-21,2025-08-15,2025-08-15,Funded,Funded,28.0,766,0.307,8.762,true,0,Luis Garcia,Cumulus CO Branch 1,Mountain West,2025-07-01
LN-AP-003674,Grace Moore,30-Year Fixed Mortgage,799889.93,Digital,E-0213,BR-023,2024-12-20,2025-01-18,2025-01-18,Funded,Funded,32.3,696,0.481,8.5,true,0,Jamal Lewis,Cumulus AZ Branch 1,Mountain West,2024-12-01
LN-AP-003675,Ava Lopez,Personal Loan,11885.54,Digital,E-0226,BR-010,2025-08-25,2025-10-13,2025-10-13,Funded,Funded,51.6,697,0.405,5.692,true,0,Andre Evans,Cumulus GA Branch 2,Southeast,2025-08-01
LN-AP-003676,Daniel Stewart,15-Year Fixed Mortgage,316495.95,Broker,E-0228,BR-013,2026-07-21,2026-08-29,2026-08-29,Funded,Funded,42.4,617,0.406,5.32,true,0,Kenji Silva,Cumulus IL Branch 1,Midwest,2026-07-01
LN-AP-003677,Nora Phillips,30-Year Fixed Mortgage,325725.19,Loan Officer,E-0211,BR-012,2025-02-26,2025-03-30,2025-03-30,Funded,Funded,36.6,783,0.171,8.314,true,0,Priya Young,Cumulus NC Branch 2,Southeast,2025-02-01
LN-AP-003678,Julian Adams,HELOC,61015.06,Digital,E-0208,BR-027,2025-10-19,2025-11-18,2025-11-18,Funded,Funded,34.0,622,0.445,6.483,true,0,Yuki Campbell,Cumulus WA Branch 1,Pacific,2025-10-01
LN-AP-003679,Jonathan Allen,Auto Loan,58380.16,Digital,E-0218,BR-012,2026-04-23,,,Abandoned,Document Collection,,786,0.259,8.038,false,0,Carlos Scott,Cumulus NC Branch 2,Southeast,2026-04-01
LN-AP-003680,Ethan Walker,Refinance,407753.35,Digital,E-0225,BR-021,2025-06-10,2025-07-27,2025-07-27,Funded,Funded,50.5,647,0.363,7.793,true,0,Henry Okafor,Cumulus UT Branch 1,Mountain West,2025-06-01
LN-AP-003681,Julian Phillips,30-Year Fixed Mortgage,224185.91,Branch,E-0220,BR-005,2024-10-13,2024-11-10,2024-11-10,Funded,Funded,30.9,754,0.299,6.215,true,0,Luis Adams,Cumulus CT Branch 1,Northeast,2024-10-01
LN-AP-003682,Samuel Silva,HELOC,73562.17,Digital,E-0235,BR-008,2024-12-31,2025-02-18,2025-02-18,Funded,Funded,52.8,572,0.469,5.236,true,0,Ava Harris,Cumulus FL Branch 2,Southeast,2024-12-01
LN-AP-003683,Nora Taylor,30-Year Fixed Mortgage,414464.84,Loan Officer,E-0234,BR-028,2026-06-05,2026-07-08,2026-07-08,Funded,Funded,35.4,658,0.376,6.744,true,0,Henry Taylor,Cumulus WA Branch 2,Pacific,2026-06-01
LN-AP-003684,Henry Turner,Auto Loan,36603.75,Digital,E-0230,BR-009,2026-04-16,2026-05-06,2026-05-06,Funded,Funded,22.7,738,0.356,5.84,true,0,Jamal Wright,Cumulus GA Branch 1,Southeast,2026-04-01
LN-AP-003685,Zara Clark,30-Year Fixed Mortgage,1075232.9,Digital,E-0208,BR-027,2026-01-21,,,In Progress,Underwriting,,630,0.422,7.944,false,0,Yuki Campbell,Cumulus WA Branch 1,Pacific,2026-01-01
LN-AP-003686,Lauren Parker,Refinance,378839.73,Digital,E-0208,BR-027,2026-06-24,2026-07-20,2026-07-20,Funded,Funded,30.7,598,0.264,5.325,true,0,Yuki Campbell,Cumulus WA Branch 1,Pacific,2026-06-01
LN-AP-003687,Rosa Harris,HELOC,67923.56,Digital,E-0234,BR-028,2026-03-12,2026-04-09,2026-04-09,Funded,Funded,31.8,736,0.486,8.601,true,0,Henry Taylor,Cumulus WA Branch 2,Pacific,2026-03-01
LN-AP-003688,Ravi Anderson,Auto Loan,25447.46,Branch,E-0234,BR-028,2025-06-20,2025-07-23,2025-07-23,Funded,Funded,37.2,780,0.444,8.332,true,0,Henry Taylor,Cumulus WA Branch 2,Pacific,2025-06-01
LN-AP-003689,Nina Phillips,Refinance,194461.08,Digital,E-0227,BR-016,2025-07-29,,,In Progress,Appraisal,,792,0.317,6.763,false,4,Zara Young,Cumulus OH Branch 2,Midwest,2025-07-01
LN-AP-003690,Ben Miller,Refinance,228350.11,Branch,E-0233,BR-025,2025-12-24,2026-01-27,2026-01-27,Funded,Funded,37.2,577,0.435,8.026,true,0,Jamal Adams,Cumulus CA Branch 1,Pacific,2025-12-01
LN-AP-003691,Fatima Baker,Personal Loan,19493.37,Digital,E-0233,BR-025,2025-02-16,2025-03-18,2025-03-18,Funded,Funded,32.9,592,0.263,8.534,true,0,Jamal Adams,Cumulus CA Branch 1,Pacific,2025-02-01
LN-AP-003692,Tom Clark,HELOC,135821.82,Digital,E-0214,BR-027,2025-03-12,2025-04-13,2025-04-13,Funded,Funded,35.0,611,0.513,6.754,true,0,Amara Clark,Cumulus WA Branch 1,Pacific,2025-03-01
LN-AP-003693,Rosa Clark,30-Year Fixed Mortgage,196055.74,Branch,E-0206,BR-020,2024-11-22,2024-12-27,2024-12-27,Funded,Funded,39.4,726,0.182,6.424,true,0,Ben Taylor,Cumulus CO Branch 2,Mountain West,2024-11-01
LN-AP-003694,Sara Clark,Auto Loan,33167.16,Broker,E-0224,BR-027,2026-07-26,2026-08-21,2026-08-21,Funded,Funded,29.3,762,0.489,7.885,true,0,Priya Davis,Cumulus WA Branch 1,Pacific,2026-07-01
LN-AP-003695,Mei Carter,30-Year Fixed Mortgage,403289.07,Loan Officer,E-0206,BR-020,2025-08-03,2025-09-17,2025-09-17,Funded,Funded,48.5,762,0.253,6.614,true,0,Ben Taylor,Cumulus CO Branch 2,Mountain West,2025-08-01
LN-AP-003696,Ben Young,Personal Loan,7493.6,Digital,E-0214,BR-027,2025-08-18,2025-10-04,2025-10-04,Funded,Funded,50.7,560,0.425,8.596,true,0,Amara Clark,Cumulus WA Branch 1,Pacific,2025-08-01
LN-AP-003697,Diego Miller,HELOC,46935.32,Digital,E-0207,BR-022,2026-01-18,,,In Progress,Application Submitted,,742,0.382,7.614,false,0,Priya Davis,Cumulus UT Branch 2,Mountain West,2026-01-01
LN-AP-003698,Marcus Garcia,Personal Loan,18973.01,Loan Officer,E-0207,BR-022,2026-01-15,2026-02-17,2026-02-17,Funded,Funded,36.0,618,0.274,8.105,true,0,Priya Davis,Cumulus UT Branch 2,Mountain West,2026-01-01
LN-AP-003699,Hannah Okafor,HELOC,36789.64,Branch,E-0213,BR-023,2026-07-07,,,Withdrawn,Document Collection,,825,0.369,6.025,false,0,Jamal Lewis,Cumulus AZ Branch 1,Mountain West,2026-07-01
LN-AP-003700,Daniel Silva,Auto Loan,51702.15,Loan Officer,E-0206,BR-020,2026-04-09,2026-04-26,,Denied,Document Collection,,582,0.177,6.323,false,0,Ben Taylor,Cumulus CO Branch 2,Mountain West,2026-04-01
LN-AP-003701,Tom Mitchell,HELOC,90840.32,Digital,E-0233,BR-025,2025-03-08,2025-04-05,2025-04-05,Funded,Funded,31.0,767,0.148,7.087,true,0,Jamal Adams,Cumulus CA Branch 1,Pacific,2025-03-01
LN-AP-003702,Kenji Ashford,HELOC,23240.56,Broker,E-0217,BR-015,2025-09-24,2025-11-15,2025-11-15,Funded,Funded,56.4,701,0.347,6.56,true,0,Amara Green,Cumulus OH Branch 1,Midwest,2025-09-01
LN-AP-003703,Jamal Clark,HELOC,69264.82,Digital,E-0233,BR-025,2026-01-22,2026-02-19,2026-02-19,Funded,Funded,30.9,765,0.406,8.557,true,0,Jamal Adams,Cumulus CA Branch 1,Pacific,2026-01-01
LN-AP-003704,Jamal Turner,Auto Loan,25964.72,Digital,E-0215,BR-011,2025-05-17,2025-06-22,2025-06-22,Funded,Funded,38.0,644,0.438,7.781,true,0,Henry Patel,Cumulus NC Branch 1,Southeast,2025-05-01
LN-AP-003705,Emma White,30-Year Fixed Mortgage,229322.94,Digital,E-0234,BR-028,2025-06-04,2025-07-03,2025-07-03,Funded,Funded,33.2,633,0.442,8.83,true,0,Henry Taylor,Cumulus WA Branch 2,Pacific,2025-06-01
LN-AP-003706,Victor Martinez,Auto Loan,18238.13,Digital,E-0207,BR-022,2025-10-04,,,Withdrawn,Application Submitted,,612,0.309,6.423,false,0,Priya Davis,Cumulus UT Branch 2,Mountain West,2025-10-01
LN-AP-003707,Ava Okafor,30-Year Fixed Mortgage,895588.49,Loan Officer,E-0222,BR-026,2025-07-14,2025-08-13,2025-08-13,Funded,Funded,34.1,694,0.335,7.641,true,0,Rosa Carter,Cumulus CA Branch 2,Pacific,2025-07-01
LN-AP-003708,Sofia Johnson,30-Year Fixed Mortgage,232894.01,Loan Officer,E-0225,BR-021,2025-03-11,,,In Progress,Application Submitted,,684,0.331,8.314,false,0,Henry Okafor,Cumulus UT Branch 1,Mountain West,2025-03-01
LN-AP-003709,Hannah Wilson,Auto Loan,23047.91,Branch,E-0207,BR-022,2026-05-25,2026-07-04,2026-07-04,Funded,Funded,43.1,695,0.128,8.47,true,0,Priya Davis,Cumulus UT Branch 2,Mountain West,2026-05-01
LN-AP-003710,Zara Evans,HELOC,105051.96,Digital,E-0222,BR-026,2025-02-21,2025-03-19,2025-03-19,Funded,Funded,29.1,585,0.26,6.975,true,0,Rosa Carter,Cumulus CA Branch 2,Pacific,2025-02-01
LN-AP-003711,Layla Scott,30-Year Fixed Mortgage,1077321.45,Branch,E-0219,BR-025,2025-12-07,,,Withdrawn,Conditional Approval,,738,0.484,6.334,false,0,Rosa Hall,Cumulus CA Branch 1,Pacific,2025-12-01
LN-AP-003712,Grace Scott,15-Year Fixed Mortgage,384297.1,Digital,E-0216,BR-013,2026-07-05,2026-08-18,2026-08-18,Funded,Funded,47.4,627,0.134,5.363,true,0,Daniel Morris,Cumulus IL Branch 1,Midwest,2026-07-01
LN-AP-003713,Amara Green,HELOC,333600.12,Digital,E-0211,BR-012,2026-02-19,2026-03-15,2026-03-15,Funded,Funded,28.0,803,0.47,6.502,true,0,Priya Young,Cumulus NC Branch 2,Southeast,2026-02-01
LN-AP-003714,Layla Adams,30-Year Fixed Mortgage,313239.27,Loan Officer,E-0234,BR-028,2026-05-09,,,Withdrawn,Appraisal,,638,0.194,6.14,false,0,Henry Taylor,Cumulus WA Branch 2,Pacific,2026-05-01
LN-AP-003715,Lauren Scott,30-Year Fixed Mortgage,312349.48,Digital,E-0230,BR-009,2025-03-04,,,Withdrawn,Underwriting,,571,0.277,5.953,false,0,Jamal Wright,Cumulus GA Branch 1,Southeast,2025-03-01
LN-AP-003716,Olivia Nelson,HELOC,52597.13,Digital,E-0210,BR-019,2024-10-08,2024-10-31,2024-10-31,Funded,Funded,26.0,769,0.282,6.186,true,0,Luis Garcia,Cumulus CO Branch 1,Mountain West,2024-10-01
LN-AP-003717,Emma Taylor,Auto Loan,61278.87,Digital,E-0207,BR-022,2025-03-30,2025-05-01,2025-05-01,Funded,Funded,36.4,735,0.245,5.675,true,0,Priya Davis,Cumulus UT Branch 2,Mountain West,2025-03-01
LN-AP-003718,Tom Phillips,Personal Loan,31726.38,Branch,E-0216,BR-013,2025-01-31,2025-03-18,2025-03-18,Funded,Funded,48.5,653,0.337,8.85,true,0,Daniel Morris,Cumulus IL Branch 1,Midwest,2025-01-01
LN-AP-003719,Iris Miller,Auto Loan,23546.94,Loan Officer,E-0232,BR-018,2026-08-10,,,In Progress,Funded,,642,0.244,8.664,false,3,Tom Hall,Cumulus MN Branch 2,Midwest,2026-08-01
LN-AP-003720,Zara Ashford,30-Year Fixed Mortgage,173213.46,Broker,E-0221,BR-016,2025-12-24,2026-01-27,2026-01-27,Funded,Funded,37.2,734,0.361,5.686,true,0,Fatima Parker,Cumulus OH Branch 2,Midwest,2025-12-01
LN-AP-003721,Andre Ruiz,15-Year Fixed Mortgage,280532.42,Loan Officer,E-0211,BR-012,2026-08-18,,,In Progress,Funded,,647,0.442,8.758,false,0,Priya Young,Cumulus NC Branch 2,Southeast,2026-08-01
LN-AP-003722,Sofia Wright,Auto Loan,12931.73,Broker,E-0207,BR-022,2025-10-01,2025-11-28,2025-11-28,Funded,Funded,61.6,780,0.352,6.752,true,0,Priya Davis,Cumulus UT Branch 2,Mountain West,2025-10-01
LN-AP-003723,Rosa Collins,Refinance,215125.0,Loan Officer,E-0224,BR-027,2024-10-05,,,Withdrawn,Conditional Approval,,649,0.137,5.565,false,0,Priya Davis,Cumulus WA Branch 1,Pacific,2024-10-01
LN-AP-003724,Leo Harris,15-Year Fixed Mortgage,307544.91,Broker,E-0218,BR-012,2024-11-16,2024-12-21,2024-12-21,Funded,Funded,39.2,707,0.445,7.369,true,0,Carlos Scott,Cumulus NC Branch 2,Southeast,2024-11-01
LN-AP-003725,Layla Silva,30-Year Fixed Mortgage,565230.59,Digital,E-0215,BR-011,2025-10-02,2025-10-21,,Denied,Appraisal,,629,0.489,8.882,false,0,Henry Patel,Cumulus NC Branch 1,Southeast,2025-10-01
LN-AP-003726,Zara Chen,HELOC,43784.46,Branch,E-0232,BR-018,2024-10-08,2024-11-02,2024-11-02,Funded,Funded,27.9,565,0.161,8.496,true,0,Tom Hall,Cumulus MN Branch 2,Midwest,2024-10-01
LN-AP-003727,Daniel Roberts,Auto Loan,40094.71,Digital,E-0225,BR-021,2024-11-25,,,Abandoned,Document Collection,,673,0.335,5.523,false,0,Henry Okafor,Cumulus UT Branch 1,Mountain West,2024-11-01
LN-AP-003728,Kenji Scott,30-Year Fixed Mortgage,586298.31,Branch,E-0211,BR-012,2025-10-01,,,In Progress,Application Submitted,,622,0.139,7.292,false,2,Priya Young,Cumulus NC Branch 2,Southeast,2025-10-01
LN-AP-003729,Rosa Harris,Auto Loan,14345.52,Digital,E-0213,BR-023,2025-10-07,2025-11-25,2025-11-25,Funded,Funded,51.5,789,0.146,6.462,true,0,Jamal Lewis,Cumulus AZ Branch 1,Mountain West,2025-10-01
LN-AP-003730,Samuel Stewart,Auto Loan,31179.7,Digital,E-0233,BR-025,2026-03-11,2026-03-31,2026-03-31,Funded,Funded,23.7,738,0.449,8.186,true,0,Jamal Adams,Cumulus CA Branch 1,Pacific,2026-03-01
LN-AP-003731,Sofia Nguyen,Personal Loan,9178.5,Broker,E-0211,BR-012,2026-02-25,2026-04-01,2026-04-01,Funded,Funded,37.9,607,0.334,6.001,true,0,Priya Young,Cumulus NC Branch 2,Southeast,2026-02-01
LN-AP-003732,Jonathan Nguyen,Personal Loan,13039.15,Broker,E-0209,BR-006,2026-05-04,2026-07-03,2026-07-03,Funded,Funded,63.8,580,0.268,8.358,true,0,Yuki Stewart,Cumulus CT Branch 2,Northeast,2026-05-01
LN-AP-003733,Elena King,30-Year Fixed Mortgage,381541.55,Branch,E-0218,BR-012,2025-05-10,2025-06-07,2025-06-07,Funded,Funded,31.8,646,0.509,5.438,true,0,Carlos Scott,Cumulus NC Branch 2,Southeast,2025-05-01
LN-AP-003734,Marcus Mitchell,Personal Loan,8645.71,Branch,E-0216,BR-013,2026-08-10,,,Withdrawn,Application Submitted,,701,0.211,7.632,false,0,Daniel Morris,Cumulus IL Branch 1,Midwest,2026-08-01
LN-AP-003735,Mateo Johnson,Auto Loan,32971.52,Digital,E-0209,BR-006,2024-10-24,,,Abandoned,Document Collection,,685,0.135,6.732,false,0,Yuki Stewart,Cumulus CT Branch 2,Northeast,2024-10-01
LN-AP-003736,Zara Ruiz,Personal Loan,15195.89,Branch,E-0228,BR-013,2024-10-16,,,Withdrawn,Document Collection,,588,0.31,6.048,false,0,Kenji Silva,Cumulus IL Branch 1,Midwest,2024-10-01
LN-AP-003737,Andre Ruiz,30-Year Fixed Mortgage,190732.7,Digital,E-0227,BR-016,2025-03-11,2025-04-01,2025-04-01,Funded,Funded,25.0,808,0.128,5.859,true,0,Zara Young,Cumulus OH Branch 2,Midwest,2025-03-01
LN-AP-003738,Fatima Harris,Personal Loan,35761.72,Branch,E-0232,BR-018,2025-03-05,,,Withdrawn,Underwriting,,798,0.46,6.053,false,0,Tom Hall,Cumulus MN Branch 2,Midwest,2025-03-01
LN-AP-003739,Jonathan Adams,HELOC,105020.48,Branch,E-0233,BR-025,2025-11-21,,,Withdrawn,Conditional Approval,,713,0.406,7.334,false,0,Jamal Adams,Cumulus CA Branch 1,Pacific,2025-11-01
LN-AP-003740,Grace Young,15-Year Fixed Mortgage,446411.77,Digital,E-0226,BR-010,2026-08-26,,,In Progress,Funded,,744,0.319,5.898,false,2,Andre Evans,Cumulus GA Branch 2,Southeast,2026-08-01
LN-AP-003741,Maya Ashford,30-Year Fixed Mortgage,232970.33,Digital,E-0225,BR-021,2026-04-20,,,In Progress,Appraisal,,800,0.412,5.783,false,6,Henry Okafor,Cumulus UT Branch 1,Mountain West,2026-04-01
LN-AP-003742,Iris Kim,HELOC,38129.0,Branch,E-0229,BR-025,2025-12-05,2025-12-29,2025-12-29,Funded,Funded,28.9,604,0.218,5.255,true,0,Marcus Wilson,Cumulus CA Branch 1,Pacific,2025-12-01
LN-AP-003743,Ethan Davis,Refinance,449679.7,Loan Officer,E-0229,BR-025,2025-03-20,2025-04-16,2025-04-16,Funded,Funded,30.1,624,0.428,8.358,true,0,Marcus Wilson,Cumulus CA Branch 1,Pacific,2025-03-01
LN-AP-003744,Leo Harris,Refinance,580319.09,Digital,E-0228,BR-013,2024-10-08,,,In Progress,Underwriting,,728,0.423,8.726,false,6,Kenji Silva,Cumulus IL Branch 1,Midwest,2024-10-01
LN-AP-003745,Grace Kim,HELOC,102407.94,Branch,E-0227,BR-016,2025-09-17,2025-12-01,2025-12-01,Funded,Funded,79.4,660,0.345,6.556,true,0,Zara Young,Cumulus OH Branch 2,Midwest,2025-09-01
LN-AP-003746,Wei Bailey,Auto Loan,21051.41,Digital,E-0231,BR-010,2026-06-18,2026-07-17,2026-07-17,Funded,Funded,32.4,717,0.403,6.632,true,0,Maya Edwards,Cumulus GA Branch 2,Southeast,2026-06-01
LN-AP-003747,Daniel Johnson,Auto Loan,52968.23,Broker,E-0206,BR-020,2025-10-05,2025-10-29,,Denied,Appraisal,,646,0.41,7.335,false,0,Ben Taylor,Cumulus CO Branch 2,Mountain West,2025-10-01
LN-AP-003748,Jamal Phillips,15-Year Fixed Mortgage,158799.92,Loan Officer,E-0229,BR-025,2024-12-28,2025-01-29,2025-01-29,Funded,Funded,35.2,577,0.321,6.183,true,0,Marcus Wilson,Cumulus CA Branch 1,Pacific,2024-12-01
LN-AP-003749,Julian White,30-Year Fixed Mortgage,166244.92,Broker,E-0210,BR-019,2025-02-15,2025-04-01,2025-04-01,Funded,Funded,48.8,673,0.309,8.291,true,0,Luis Garcia,Cumulus CO Branch 1,Mountain West,2025-02-01
LN-AP-003750,Ravi Anderson,30-Year Fixed Mortgage,142814.71,Digital,E-0223,BR-001,2025-06-09,,,Abandoned,Appraisal,,814,0.373,5.133,false,0,Noah Adams,Cumulus NY Branch 1,Northeast,2025-06-01
LN-AP-003751,Jonathan Thomas,30-Year Fixed Mortgage,431879.29,Digital,E-0234,BR-028,2026-04-26,2026-05-26,,Denied,Conditional Approval,,764,0.432,6.419,false,0,Henry Taylor,Cumulus WA Branch 2,Pacific,2026-04-01
LN-AP-003752,Mei Young,Refinance,317534.06,Loan Officer,E-0217,BR-015,2026-03-18,2026-04-17,2026-04-17,Funded,Funded,32.7,790,0.322,7.907,true,0,Amara Green,Cumulus OH Branch 1,Midwest,2026-03-01
LN-AP-003753,Emma Moore,30-Year Fixed Mortgage,428879.53,Branch,E-0211,BR-012,2025-09-25,2025-10-26,2025-10-26,Funded,Funded,34.8,682,0.211,8.121,true,0,Priya Young,Cumulus NC Branch 2,Southeast,2025-09-01
LN-AP-003754,Felix Garcia,Auto Loan,48697.09,Loan Officer,E-0210,BR-019,2026-08-01,,,In Progress,Conditional Approval,,670,0.413,7.788,false,2,Luis Garcia,Cumulus CO Branch 1,Mountain West,2026-08-01
LN-AP-003755,Hannah Hall,Refinance,554167.99,Branch,E-0217,BR-015,2025-12-12,2026-01-04,2026-01-04,Funded,Funded,26.8,779,0.469,5.782,true,0,Amara Green,Cumulus OH Branch 1,Midwest,2025-12-01
LN-AP-003756,Ethan Bailey,Auto Loan,17050.91,Digital,E-0222,BR-026,2025-03-06,2025-03-29,2025-03-29,Funded,Funded,27.4,684,0.141,5.609,true,0,Rosa Carter,Cumulus CA Branch 2,Pacific,2025-03-01
LN-AP-003757,Ava Wright,30-Year Fixed Mortgage,437279.08,Digital,E-0223,BR-001,2024-12-19,2025-01-09,2025-01-09,Funded,Funded,23.3,813,0.125,5.451,true,0,Noah Adams,Cumulus NY Branch 1,Northeast,2024-12-01
LN-AP-003758,Ben Chen,30-Year Fixed Mortgage,430828.9,Digital,E-0219,BR-025,2025-09-15,,,Withdrawn,Underwriting,,775,0.167,8.687,false,0,Rosa Hall,Cumulus CA Branch 1,Pacific,2025-09-01
LN-AP-003759,Nora Edwards,Auto Loan,17339.32,Loan Officer,E-0207,BR-022,2026-03-29,2026-05-08,2026-05-08,Funded,Funded,45.8,655,0.233,5.737,true,0,Priya Davis,Cumulus UT Branch 2,Mountain West,2026-03-01
LN-AP-003760,Marcus Mitchell,Auto Loan,52988.23,Branch,E-0221,BR-016,2025-04-07,,,Withdrawn,Underwriting,,792,0.287,8.052,false,0,Fatima Parker,Cumulus OH Branch 2,Midwest,2025-04-01
LN-AP-003761,Samuel Chen,HELOC,226432.75,Digital,E-0206,BR-020,2024-12-11,,,Withdrawn,Document Collection,,707,0.372,5.219,false,0,Ben Taylor,Cumulus CO Branch 2,Mountain West,2024-12-01
LN-AP-003762,Grace Walker,HELOC,67727.34,Digital,E-0221,BR-016,2025-12-06,2026-01-19,2026-01-19,Funded,Funded,46.9,670,0.258,8.455,true,0,Fatima Parker,Cumulus OH Branch 2,Midwest,2025-12-01
LN-AP-003763,Ines Morris,Auto Loan,58947.61,Branch,E-0224,BR-027,2025-04-19,2025-05-13,2025-05-13,Funded,Funded,28.8,566,0.412,7.891,true,0,Priya Davis,Cumulus WA Branch 1,Pacific,2025-04-01
LN-AP-003764,Zara Allen,30-Year Fixed Mortgage,286433.15,Branch,E-0228,BR-013,2025-11-10,,,In Progress,Application Submitted,,740,0.489,5.326,false,3,Kenji Silva,Cumulus IL Branch 1,Midwest,2025-11-01
LN-AP-003765,Rosa Evans,30-Year Fixed Mortgage,539971.93,Branch,E-0210,BR-019,2024-11-12,,,Withdrawn,Appraisal,,614,0.428,6.791,false,0,Luis Garcia,Cumulus CO Branch 1,Mountain West,2024-11-01
LN-AP-003766,Felix Bailey,15-Year Fixed Mortgage,158593.49,Branch,E-0213,BR-023,2026-06-21,,,In Progress,Document Collection,,744,0.183,5.674,false,1,Jamal Lewis,Cumulus AZ Branch 1,Mountain West,2026-06-01
LN-AP-003767,Tom Young,Refinance,115530.6,Branch,E-0223,BR-001,2025-11-30,2026-01-07,2026-01-07,Funded,Funded,42.0,593,0.185,8.602,true,0,Noah Adams,Cumulus NY Branch 1,Northeast,2025-11-01
LN-AP-003768,Sofia Ruiz,Auto Loan,63743.16,Loan Officer,E-0219,BR-025,2025-04-03,2025-04-25,2025-04-25,Funded,Funded,25.9,712,0.439,8.155,true,0,Rosa Hall,Cumulus CA Branch 1,Pacific,2025-04-01
LN-AP-003769,Jonathan Lopez,Auto Loan,15174.62,Branch,E-0221,BR-016,2024-10-13,2024-11-22,2024-11-22,Funded,Funded,41.2,583,0.156,8.166,true,0,Fatima Parker,Cumulus OH Branch 2,Midwest,2024-10-01
LN-AP-003770,Kenji Morris,30-Year Fixed Mortgage,187455.94,Digital,E-0209,BR-006,2025-09-08,2025-09-20,,Denied,Document Collection,,725,0.198,6.278,false,0,Yuki Stewart,Cumulus CT Branch 2,Northeast,2025-09-01
LN-AP-003771,Zara Roberts,15-Year Fixed Mortgage,394068.59,Digital,E-0222,BR-026,2025-05-26,2025-06-22,2025-06-22,Funded,Funded,30.5,611,0.24,6.341,true,0,Rosa Carter,Cumulus CA Branch 2,Pacific,2025-05-01
LN-AP-003772,Ines Jackson,Auto Loan,61065.01,Digital,E-0217,BR-015,2024-12-19,2025-01-08,2025-01-08,Funded,Funded,23.9,582,0.276,5.193,true,0,Amara Green,Cumulus OH Branch 1,Midwest,2024-12-01
LN-AP-003773,Iris Ashford,HELOC,62151.11,Digital,E-0211,BR-012,2026-02-24,2026-03-18,2026-03-18,Funded,Funded,24.1,757,0.371,6.43,true,0,Priya Young,Cumulus NC Branch 2,Southeast,2026-02-01
LN-AP-003774,Sara Thomas,30-Year Fixed Mortgage,452851.24,Broker,E-0214,BR-027,2025-04-22,,,Withdrawn,Conditional Approval,,702,0.494,8.339,false,0,Amara Clark,Cumulus WA Branch 1,Pacific,2025-04-01
LN-AP-003775,Marcus Ashford,15-Year Fixed Mortgage,204333.1,Digital,E-0224,BR-027,2024-12-30,2025-02-02,2025-02-02,Funded,Funded,36.6,618,0.151,8.797,true,0,Priya Davis,Cumulus WA Branch 1,Pacific,2024-12-01
LN-AP-003776,Owen Green,Auto Loan,39311.24,Branch,E-0206,BR-020,2024-12-06,2025-01-01,2025-01-01,Funded,Funded,29.8,700,0.186,6.738,true,0,Ben Taylor,Cumulus CO Branch 2,Mountain West,2024-12-01
LN-AP-003777,Victor Mitchell,HELOC,139252.11,Loan Officer,E-0224,BR-027,2025-01-12,2025-02-10,2025-02-10,Funded,Funded,32.0,742,0.3,5.853,true,0,Priya Davis,Cumulus WA Branch 1,Pacific,2025-01-01
LN-AP-003778,Felix Nelson,Personal Loan,6793.36,Branch,E-0226,BR-010,2024-10-10,2024-10-27,,Denied,Underwriting,,696,0.304,8.075,false,0,Andre Evans,Cumulus GA Branch 2,Southeast,2024-10-01
LN-AP-003779,Tom Turner,Auto Loan,29289.97,Digital,E-0218,BR-012,2026-02-17,2026-03-28,2026-03-28,Funded,Funded,42.5,574,0.209,6.36,true,0,Carlos Scott,Cumulus NC Branch 2,Southeast,2026-02-01
LN-AP-003780,Wei King,Refinance,569688.59,Branch,E-0235,BR-008,2025-03-20,2025-05-08,2025-05-08,Funded,Funded,51.4,610,0.288,8.875,true,0,Ava Harris,Cumulus FL Branch 2,Southeast,2025-03-01
LN-AP-003781,Kenji Green,HELOC,94072.17,Digital,E-0230,BR-009,2025-01-11,2025-02-04,2025-02-04,Funded,Funded,26.7,620,0.244,6.192,true,0,Jamal Wright,Cumulus GA Branch 1,Southeast,2025-01-01
LN-AP-003782,Zara Lopez,Auto Loan,51540.26,Digital,E-0208,BR-027,2026-05-28,2026-06-26,2026-06-26,Funded,Funded,33.0,576,0.231,7.241,true,0,Yuki Campbell,Cumulus WA Branch 1,Pacific,2026-05-01
LN-AP-003783,Leo Anderson,Refinance,254598.07,Loan Officer,E-0230,BR-009,2025-03-29,,,Withdrawn,Document Collection,,725,0.34,6.831,false,0,Jamal Wright,Cumulus GA Branch 1,Southeast,2025-03-01
LN-AP-003784,Luis Hall,Personal Loan,7693.64,Loan Officer,E-0233,BR-025,2025-04-11,2025-05-08,2025-05-08,Funded,Funded,30.7,817,0.31,7.566,true,0,Jamal Adams,Cumulus CA Branch 1,Pacific,2025-04-01
LN-AP-003785,Grace Bailey,30-Year Fixed Mortgage,462125.62,Digital,E-0227,BR-016,2025-08-10,2025-09-15,2025-09-15,Funded,Funded,39.6,660,0.517,8.133,true,0,Zara Young,Cumulus OH Branch 2,Midwest,2025-08-01
LN-AP-003786,Kenji White,HELOC,98688.79,Loan Officer,E-0234,BR-028,2025-03-15,2025-04-13,2025-04-13,Funded,Funded,33.1,670,0.285,5.12,true,0,Henry Taylor,Cumulus WA Branch 2,Pacific,2025-03-01
LN-AP-003787,Maya Thomas,30-Year Fixed Mortgage,671320.57,Loan Officer,E-0215,BR-011,2024-10-03,2024-11-15,2024-11-15,Funded,Funded,46.1,649,0.196,5.816,true,0,Henry Patel,Cumulus NC Branch 1,Southeast,2024-10-01
LN-AP-003788,Daniel White,HELOC,58431.67,Broker,E-0207,BR-022,2025-11-30,2025-12-30,,Denied,Underwriting,,823,0.396,7.075,false,0,Priya Davis,Cumulus UT Branch 2,Mountain West,2025-11-01
LN-AP-003789,Victor Morris,30-Year Fixed Mortgage,231769.96,Digital,E-0223,BR-001,2024-11-18,2024-12-19,2024-12-19,Funded,Funded,34.5,713,0.258,8.447,true,0,Noah Adams,Cumulus NY Branch 1,Northeast,2024-11-01
LN-AP-003790,Lauren Scott,30-Year Fixed Mortgage,211279.49,Digital,E-0206,BR-020,2025-12-25,2026-01-21,2026-01-21,Funded,Funded,31.4,616,0.325,6.878,true,0,Ben Taylor,Cumulus CO Branch 2,Mountain West,2025-12-01
LN-AP-003791,Owen Phillips,Auto Loan,24903.79,Digital,E-0226,BR-010,2025-10-03,2025-10-31,2025-10-31,Funded,Funded,31.1,690,0.166,5.33,true,0,Andre Evans,Cumulus GA Branch 2,Southeast,2025-10-01
LN-AP-003792,Marcus Allen,30-Year Fixed Mortgage,600395.32,Digital,E-0216,BR-013,2026-07-23,2026-07-23,,Denied,Application Submitted,,611,0.278,8.602,false,0,Daniel Morris,Cumulus IL Branch 1,Midwest,2026-07-01
LN-AP-003793,Derek Okafor,Refinance,710056.65,Branch,E-0219,BR-025,2025-02-25,2025-04-13,,Denied,Conditional Approval,,692,0.458,7.736,false,0,Rosa Hall,Cumulus CA Branch 1,Pacific,2025-02-01
LN-AP-003794,Jonathan Davis,HELOC,51778.56,Loan Officer,E-0230,BR-009,2024-11-04,2024-12-04,2024-12-04,Funded,Funded,33.0,782,0.363,6.463,true,0,Jamal Wright,Cumulus GA Branch 1,Southeast,2024-11-01
LN-AP-003795,Isabella Carter,Auto Loan,24614.61,Loan Officer,E-0212,BR-004,2025-09-07,2025-10-21,,Denied,Appraisal,,741,0.197,6.872,false,0,Isabella Phillips,Cumulus MA Branch 2,Northeast,2025-09-01
LN-AP-003796,Rosa Miller,30-Year Fixed Mortgage,498542.89,Digital,E-0209,BR-006,2026-08-31,,,In Progress,Funded,,762,0.365,6.309,false,4,Yuki Stewart,Cumulus CT Branch 2,Northeast,2026-08-01
LN-AP-003797,Tom Phillips,HELOC,111323.82,Branch,E-0230,BR-009,2025-07-15,,,Withdrawn,Underwriting,,755,0.297,5.27,false,0,Jamal Wright,Cumulus GA Branch 1,Southeast,2025-07-01
LN-AP-003798,Sara Clark,Auto Loan,28743.55,Digital,E-0233,BR-025,2026-02-21,2026-03-21,2026-03-21,Funded,Funded,30.8,566,0.455,8.484,true,0,Jamal Adams,Cumulus CA Branch 1,Pacific,2026-02-01
LN-AP-003799,Yuki Johnson,15-Year Fixed Mortgage,657541.41,Digital,E-0206,BR-020,2025-04-01,2025-05-05,2025-05-05,Funded,Funded,37.3,824,0.328,5.69,true,0,Ben Taylor,Cumulus CO Branch 2,Mountain West,2025-04-01
LN-AP-003800,Sara Ashford,HELOC,33698.95,Digital,E-0234,BR-028,2025-10-20,,,Withdrawn,Underwriting,,791,0.432,5.381,false,0,Henry Taylor,Cumulus WA Branch 2,Pacific,2025-10-01
LN-AP-003801,Leo Clark,HELOC,70094.43,Branch,E-0209,BR-006,2025-02-21,2025-03-21,2025-03-21,Funded,Funded,31.9,737,0.425,5.976,true,0,Yuki Stewart,Cumulus CT Branch 2,Northeast,2025-02-01
LN-AP-003802,Samuel Ashford,30-Year Fixed Mortgage,284759.54,Digital,E-0226,BR-010,2026-03-13,2026-04-10,2026-04-10,Funded,Funded,30.8,731,0.217,8.697,true,0,Andre Evans,Cumulus GA Branch 2,Southeast,2026-03-01
LN-AP-003803,Noah Parker,Personal Loan,14360.75,Loan Officer,E-0229,BR-025,2025-05-19,2025-05-30,,Denied,Document Collection,,609,0.167,5.812,false,0,Marcus Wilson,Cumulus CA Branch 1,Pacific,2025-05-01
LN-AP-003804,Isabella Mitchell,Auto Loan,23837.18,Branch,E-0228,BR-013,2026-05-17,2026-06-25,2026-06-25,Funded,Funded,44.0,678,0.372,6.869,true,0,Kenji Silva,Cumulus IL Branch 1,Midwest,2026-05-01
LN-AP-003805,Emma Adams,15-Year Fixed Mortgage,444293.76,Loan Officer,E-0217,BR-015,2025-06-19,,,Withdrawn,Conditional Approval,,642,0.436,7.654,false,0,Amara Green,Cumulus OH Branch 1,Midwest,2025-06-01
LN-AP-003806,Mei Anderson,Personal Loan,9649.51,Digital,E-0229,BR-025,2024-11-19,2024-12-18,2024-12-18,Funded,Funded,32.5,575,0.264,7.253,true,0,Marcus Wilson,Cumulus CA Branch 1,Pacific,2024-11-01
LN-AP-003807,Luis Adams,30-Year Fixed Mortgage,295751.94,Branch,E-0224,BR-027,2026-08-22,,,In Progress,Funded,,648,0.173,7.689,false,0,Priya Davis,Cumulus WA Branch 1,Pacific,2026-08-01
LN-AP-003808,Rosa Collins,30-Year Fixed Mortgage,1163196.2,Branch,E-0215,BR-011,2025-04-12,,,In Progress,Conditional Approval,,588,0.148,8.633,false,2,Henry Patel,Cumulus NC Branch 1,Southeast,2025-04-01
LN-AP-003809,Owen Hall,Personal Loan,31001.94,Digital,E-0214,BR-027,2025-09-23,2025-10-27,2025-10-27,Funded,Funded,37.8,600,0.204,5.453,true,0,Amara Clark,Cumulus WA Branch 1,Pacific,2025-09-01
LN-AP-003810,Ravi Davis,30-Year Fixed Mortgage,122590.73,Branch,E-0235,BR-008,2025-05-27,2025-07-03,2025-07-03,Funded,Funded,42.0,588,0.344,8.657,true,0,Ava Harris,Cumulus FL Branch 2,Southeast,2025-05-01
LN-AP-003811,Wei Wilson,30-Year Fixed Mortgage,492939.69,Digital,E-0221,BR-016,2024-12-25,2025-01-15,2025-01-15,Funded,Funded,24.5,727,0.489,7.863,true,0,Fatima Parker,Cumulus OH Branch 2,Midwest,2024-12-01
LN-AP-003812,Isabella King,HELOC,79045.74,Broker,E-0223,BR-001,2024-10-27,2024-12-31,,Denied,Conditional Approval,,605,0.499,7.247,false,0,Noah Adams,Cumulus NY Branch 1,Northeast,2024-10-01
LN-AP-003813,Ines Walker,HELOC,60413.48,Branch,E-0206,BR-020,2025-11-28,2025-12-30,2025-12-30,Funded,Funded,36.5,830,0.308,6.423,true,0,Ben Taylor,Cumulus CO Branch 2,Mountain West,2025-11-01
LN-AP-003814,Aisha Hall,30-Year Fixed Mortgage,419536.05,Loan Officer,E-0207,BR-022,2025-06-16,,,Withdrawn,Conditional Approval,,782,0.487,6.741,false,0,Priya Davis,Cumulus UT Branch 2,Mountain West,2025-06-01
LN-AP-003815,Carlos Adams,Auto Loan,37379.36,Loan Officer,E-0214,BR-027,2025-05-27,2025-06-27,2025-06-27,Funded,Funded,34.6,630,0.29,5.34,true,0,Amara Clark,Cumulus WA Branch 1,Pacific,2025-05-01
LN-AP-003816,Zara Phillips,15-Year Fixed Mortgage,242260.06,Digital,E-0222,BR-026,2025-07-14,2025-08-08,2025-08-08,Funded,Funded,29.0,702,0.385,6.95,true,0,Rosa Carter,Cumulus CA Branch 2,Pacific,2025-07-01
LN-AP-003817,Marcus Miller,Auto Loan,56775.01,Branch,E-0232,BR-018,2025-09-30,2025-11-07,2025-11-07,Funded,Funded,41.4,829,0.298,6.694,true,0,Tom Hall,Cumulus MN Branch 2,Midwest,2025-09-01
LN-AP-003818,Elena Harris,Auto Loan,30227.89,Branch,E-0216,BR-013,2024-12-03,2024-12-30,2024-12-30,Funded,Funded,30.9,611,0.383,8.454,true,0,Daniel Morris,Cumulus IL Branch 1,Midwest,2024-12-01
LN-AP-003819,Luis Brown,Personal Loan,11123.82,Broker,E-0228,BR-013,2024-11-12,2024-12-08,2024-12-08,Funded,Funded,29.9,668,0.338,8.882,true,0,Kenji Silva,Cumulus IL Branch 1,Midwest,2024-11-01
LN-AP-003820,Kenji Kim,30-Year Fixed Mortgage,510899.39,Loan Officer,E-0209,BR-006,2025-02-28,,,In Progress,Application Submitted,,576,0.461,8.526,false,4,Yuki Stewart,Cumulus CT Branch 2,Northeast,2025-02-01
LN-AP-003821,Ava Johnson,30-Year Fixed Mortgage,917115.25,Branch,E-0235,BR-008,2025-05-13,2025-06-30,2025-06-30,Funded,Funded,52.3,594,0.164,6.41,true,0,Ava Harris,Cumulus FL Branch 2,Southeast,2025-05-01
LN-AP-003822,Aisha Nelson,30-Year Fixed Mortgage,881913.53,Loan Officer,E-0232,BR-018,2024-12-30,,,Withdrawn,Appraisal,,768,0.342,6.06,false,0,Tom Hall,Cumulus MN Branch 2,Midwest,2024-12-01
LN-AP-003823,Daniel Garcia,30-Year Fixed Mortgage,348044.71,Digital,E-0235,BR-008,2025-10-04,2025-11-07,2025-11-07,Funded,Funded,38.4,563,0.14,6.035,true,0,Ava Harris,Cumulus FL Branch 2,Southeast,2025-10-01
LN-AP-003824,Layla King,Personal Loan,30248.99,Digital,E-0228,BR-013,2024-10-08,2024-10-29,2024-10-29,Funded,Funded,25.1,709,0.231,7.574,true,0,Kenji Silva,Cumulus IL Branch 1,Midwest,2024-10-01
LN-AP-003825,Noah White,30-Year Fixed Mortgage,239517.03,Loan Officer,E-0212,BR-004,2026-04-21,2026-05-26,,Denied,Appraisal,,654,0.212,8.237,false,0,Isabella Phillips,Cumulus MA Branch 2,Northeast,2026-04-01
LN-AP-003826,Amara White,30-Year Fixed Mortgage,315222.77,Digital,E-0231,BR-010,2026-08-31,,,In Progress,Funded,,705,0.504,5.304,false,0,Maya Edwards,Cumulus GA Branch 2,Southeast,2026-08-01
LN-AP-003827,Layla Wilson,15-Year Fixed Mortgage,217852.39,Loan Officer,E-0231,BR-010,2025-06-16,2025-07-23,2025-07-23,Funded,Funded,40.9,564,0.34,5.173,true,0,Maya Edwards,Cumulus GA Branch 2,Southeast,2025-06-01
LN-AP-003828,Nina Davis,Auto Loan,37086.16,Broker,E-0235,BR-008,2024-11-06,2024-12-01,2024-12-01,Funded,Funded,28.7,673,0.47,8.492,true,0,Ava Harris,Cumulus FL Branch 2,Southeast,2024-11-01
LN-AP-003829,Leo Lewis,30-Year Fixed Mortgage,294213.47,Digital,E-0223,BR-001,2025-08-26,,,In Progress,Application Submitted,,619,0.295,8.317,false,3,Noah Adams,Cumulus NY Branch 1,Northeast,2025-08-01
LN-AP-003830,Ravi Baker,30-Year Fixed Mortgage,301028.1,Branch,E-0214,BR-027,2025-10-03,,,In Progress,Application Submitted,,794,0.15,7.44,false,1,Amara Clark,Cumulus WA Branch 1,Pacific,2025-10-01
LN-AP-003831,Nora Okafor,15-Year Fixed Mortgage,420226.64,Loan Officer,E-0226,BR-010,2026-05-29,2026-07-05,2026-07-05,Funded,Funded,40.2,654,0.448,8.876,true,0,Andre Evans,Cumulus GA Branch 2,Southeast,2026-05-01
LN-AP-003832,Jonathan Lewis,30-Year Fixed Mortgage,217805.14,Digital,E-0218,BR-012,2026-04-24,,,Withdrawn,Appraisal,,640,0.41,7.672,false,0,Carlos Scott,Cumulus NC Branch 2,Southeast,2026-04-01
LN-AP-003833,Wei Bailey,Auto Loan,79149.42,Digital,E-0220,BR-005,2024-11-24,2024-12-24,2024-12-24,Funded,Funded,32.3,621,0.415,7.872,true,0,Luis Adams,Cumulus CT Branch 1,Northeast,2024-11-01
LN-AP-003834,Elena Nelson,Auto Loan,21783.04,Digital,E-0224,BR-027,2026-04-21,2026-05-21,,Denied,Appraisal,,662,0.437,7.106,false,0,Priya Davis,Cumulus WA Branch 1,Pacific,2026-04-01
LN-AP-003835,Ravi Parker,HELOC,52790.84,Digital,E-0227,BR-016,2025-08-31,,,Abandoned,Conditional Approval,,608,0.163,6.131,false,0,Zara Young,Cumulus OH Branch 2,Midwest,2025-08-01
LN-AP-003836,Carlos Campbell,30-Year Fixed Mortgage,1010433.82,Loan Officer,E-0206,BR-020,2025-02-22,,,Withdrawn,Conditional Approval,,699,0.277,7.402,false,0,Ben Taylor,Cumulus CO Branch 2,Mountain West,2025-02-01
LN-AP-003837,Marcus Taylor,30-Year Fixed Mortgage,539556.38,Digital,E-0227,BR-016,2025-05-08,2025-05-27,2025-05-27,Funded,Funded,22.4,706,0.487,7.039,true,0,Zara Young,Cumulus OH Branch 2,Midwest,2025-05-01
LN-AP-003838,Carlos Lewis,Personal Loan,30471.47,Digital,E-0219,BR-025,2026-05-19,,,Withdrawn,Conditional Approval,,828,0.469,6.724,false,0,Rosa Hall,Cumulus CA Branch 1,Pacific,2026-05-01
LN-AP-003839,Mateo Walker,Refinance,294505.86,Branch,E-0228,BR-013,2025-04-26,2025-06-02,2025-06-02,Funded,Funded,40.4,748,0.511,7.741,true,0,Kenji Silva,Cumulus IL Branch 1,Midwest,2025-04-01
LN-AP-003840,Chloe Martinez,Personal Loan,9671.83,Digital,E-0210,BR-019,2025-12-28,,,In Progress,Conditional Approval,,621,0.489,6.306,false,4,Luis Garcia,Cumulus CO Branch 1,Mountain West,2025-12-01
LN-AP-003841,Nora Miller,HELOC,126694.35,Branch,E-0221,BR-016,2025-02-18,2025-03-15,2025-03-15,Funded,Funded,28.5,591,0.466,5.136,true,0,Fatima Parker,Cumulus OH Branch 2,Midwest,2025-02-01
LN-AP-003842,Zara Evans,15-Year Fixed Mortgage,242974.37,Digital,E-0219,BR-025,2026-06-04,,,In Progress,Underwriting,,657,0.466,5.658,false,3,Rosa Hall,Cumulus CA Branch 1,Pacific,2026-06-01
LN-AP-003843,Iris Clark,Personal Loan,33865.53,Loan Officer,E-0230,BR-009,2026-03-12,2026-05-06,2026-05-06,Funded,Funded,57.4,826,0.277,7.318,true,0,Jamal Wright,Cumulus GA Branch 1,Southeast,2026-03-01
LN-AP-003844,Derek Phillips,30-Year Fixed Mortgage,297128.55,Digital,E-0228,BR-013,2025-09-17,2025-11-05,2025-11-05,Funded,Funded,52.7,659,0.436,8.17,true,0,Kenji Silva,Cumulus IL Branch 1,Midwest,2025-09-01
LN-AP-003845,Nora Martinez,Personal Loan,17196.06,Branch,E-0209,BR-006,2026-06-29,2026-08-04,2026-08-04,Funded,Funded,39.7,689,0.514,5.282,true,0,Yuki Stewart,Cumulus CT Branch 2,Northeast,2026-06-01
LN-AP-003846,Diego Baker,15-Year Fixed Mortgage,233929.72,Branch,E-0208,BR-027,2025-06-20,,,Withdrawn,Underwriting,,686,0.467,6.449,false,0,Yuki Campbell,Cumulus WA Branch 1,Pacific,2025-06-01
LN-AP-003847,Jonathan Wilson,30-Year Fixed Mortgage,519964.34,Digital,E-0222,BR-026,2026-02-19,2026-03-04,,Denied,Document Collection,,574,0.475,8.591,false,0,Rosa Carter,Cumulus CA Branch 2,Pacific,2026-02-01
LN-AP-003848,Sofia Edwards,Personal Loan,7519.07,Digital,E-0232,BR-018,2025-06-11,2025-07-07,2025-07-07,Funded,Funded,30.0,627,0.162,8.301,true,0,Tom Hall,Cumulus MN Branch 2,Midwest,2025-06-01
LN-AP-003849,Derek King,Personal Loan,11202.8,Digital,E-0234,BR-028,2026-08-22,,,In Progress,Funded,,595,0.373,5.332,false,4,Henry Taylor,Cumulus WA Branch 2,Pacific,2026-08-01
LN-AP-003850,Yuki Anderson,Auto Loan,31264.26,Digital,E-0214,BR-027,2026-07-19,2026-08-13,2026-08-13,Funded,Funded,27.7,712,0.493,7.672,true,0,Amara Clark,Cumulus WA Branch 1,Pacific,2026-07-01
LN-AP-003851,Amara Jackson,30-Year Fixed Mortgage,670176.99,Digital,E-0222,BR-026,2025-04-15,2025-05-28,2025-05-28,Funded,Funded,46.3,689,0.4,5.949,true,0,Rosa Carter,Cumulus CA Branch 2,Pacific,2025-04-01
LN-AP-003852,Yuki Allen,30-Year Fixed Mortgage,487745.22,Digital,E-0226,BR-010,2025-03-14,2025-04-08,2025-04-08,Funded,Funded,28.6,757,0.274,8.413,true,0,Andre Evans,Cumulus GA Branch 2,Southeast,2025-03-01
LN-AP-003853,Sara Carter,Personal Loan,10496.38,Loan Officer,E-0233,BR-025,2025-12-20,2026-01-25,2026-01-25,Funded,Funded,38.6,816,0.441,5.64,true,0,Jamal Adams,Cumulus CA Branch 1,Pacific,2025-12-01
LN-AP-003854,Naomi Ruiz,HELOC,43118.38,Digital,E-0235,BR-008,2025-05-16,,,Withdrawn,Conditional Approval,,787,0.386,7.7,false,0,Ava Harris,Cumulus FL Branch 2,Southeast,2025-05-01
LN-AP-003855,Leo Ruiz,Auto Loan,21945.06,Branch,E-0224,BR-027,2026-08-12,,,In Progress,Document Collection,,769,0.509,7.335,false,0,Priya Davis,Cumulus WA Branch 1,Pacific,2026-08-01
LN-AP-003856,Carlos Silva,HELOC,76386.84,Broker,E-0229,BR-025,2024-10-05,2024-11-18,2024-11-18,Funded,Funded,46.7,806,0.359,8.489,true,0,Marcus Wilson,Cumulus CA Branch 1,Pacific,2024-10-01
LN-AP-003857,Ava Ruiz,Auto Loan,19444.88,Branch,E-0206,BR-020,2025-08-31,,,Withdrawn,Document Collection,,613,0.508,6.696,false,0,Ben Taylor,Cumulus CO Branch 2,Mountain West,2025-08-01
LN-AP-003858,Ben Nguyen,30-Year Fixed Mortgage,369208.82,Digital,E-0208,BR-027,2026-01-12,2026-02-05,2026-02-05,Funded,Funded,26.9,827,0.348,7.241,true,0,Yuki Campbell,Cumulus WA Branch 1,Pacific,2026-01-01
LN-AP-003859,Olivia Stewart,30-Year Fixed Mortgage,390496.32,Digital,E-0230,BR-009,2025-09-30,2025-11-11,2025-11-11,Funded,Funded,46.0,825,0.376,5.579,true,0,Jamal Wright,Cumulus GA Branch 1,Southeast,2025-09-01
LN-AP-003860,Marcus Johnson,30-Year Fixed Mortgage,525124.16,Digital,E-0209,BR-006,2025-11-30,2025-12-30,2025-12-30,Funded,Funded,33.5,830,0.368,5.86,true,0,Yuki Stewart,Cumulus CT Branch 2,Northeast,2025-11-01
LN-AP-003861,Maya Baker,Refinance,486989.69,Digital,E-0212,BR-004,2025-07-19,2025-08-12,2025-08-12,Funded,Funded,28.0,575,0.15,6.433,true,0,Isabella Phillips,Cumulus MA Branch 2,Northeast,2025-07-01
LN-AP-003862,Priya Ruiz,Refinance,377472.51,Loan Officer,E-0208,BR-027,2026-02-08,2026-03-13,2026-03-13,Funded,Funded,37.1,768,0.436,5.524,true,0,Yuki Campbell,Cumulus WA Branch 1,Pacific,2026-02-01
LN-AP-003863,Hannah Patel,HELOC,89880.59,Digital,E-0234,BR-028,2025-01-11,2025-02-10,2025-02-10,Funded,Funded,35.0,658,0.302,6.671,true,0,Henry Taylor,Cumulus WA Branch 2,Pacific,2025-01-01
LN-AP-003864,Luis Patel,15-Year Fixed Mortgage,712672.3,Digital,E-0218,BR-012,2025-10-04,,,In Progress,Appraisal,,669,0.502,5.787,false,4,Carlos Scott,Cumulus NC Branch 2,Southeast,2025-10-01
LN-AP-003865,Hannah Thomas,15-Year Fixed Mortgage,368841.94,Loan Officer,E-0216,BR-013,2025-01-22,2025-03-27,2025-03-27,Funded,Funded,66.6,571,0.137,7.643,true,0,Daniel Morris,Cumulus IL Branch 1,Midwest,2025-01-01
LN-AP-003866,Wei Green,Personal Loan,8497.47,Loan Officer,E-0233,BR-025,2026-07-23,2026-08-22,2026-08-22,Funded,Funded,32.8,823,0.227,8.565,true,0,Jamal Adams,Cumulus CA Branch 1,Pacific,2026-07-01
LN-AP-003867,Wei Lopez,Refinance,562884.61,Branch,E-0217,BR-015,2025-03-21,2025-04-15,2025-04-15,Funded,Funded,27.8,607,0.158,7.306,true,0,Amara Green,Cumulus OH Branch 1,Midwest,2025-03-01
LN-AP-003868,Amara Campbell,30-Year Fixed Mortgage,372112.76,Digital,E-0216,BR-013,2025-01-17,2025-02-15,2025-02-15,Funded,Funded,31.9,741,0.205,5.248,true,0,Daniel Morris,Cumulus IL Branch 1,Midwest,2025-01-01
LN-AP-003869,Jonathan Lewis,Personal Loan,20518.89,Digital,E-0211,BR-012,2026-07-10,2026-07-28,2026-07-28,Funded,Funded,22.5,772,0.191,8.435,true,0,Priya Young,Cumulus NC Branch 2,Southeast,2026-07-01
LN-AP-003870,Nora Mitchell,HELOC,83476.17,Branch,E-0225,BR-021,2026-06-24,2026-08-29,2026-08-29,Funded,Funded,70.3,806,0.133,5.851,true,0,Henry Okafor,Cumulus UT Branch 1,Mountain West,2026-06-01
LN-AP-003871,Owen Anderson,Personal Loan,28936.88,Branch,E-0218,BR-012,2025-03-31,,,In Progress,Appraisal,,667,0.481,8.893,false,1,Carlos Scott,Cumulus NC Branch 2,Southeast,2025-03-01
LN-AP-003872,Naomi Allen,HELOC,181644.51,Broker,E-0211,BR-012,2025-04-08,2025-05-19,2025-05-19,Funded,Funded,43.2,562,0.492,5.681,true,0,Priya Young,Cumulus NC Branch 2,Southeast,2025-04-01
LN-AP-003873,Felix Johnson,30-Year Fixed Mortgage,415166.03,Branch,E-0229,BR-025,2024-11-13,2024-12-12,,Denied,Underwriting,,574,0.395,8.488,false,0,Marcus Wilson,Cumulus CA Branch 1,Pacific,2024-11-01
LN-AP-003874,Diego Mitchell,30-Year Fixed Mortgage,1349693.17,Loan Officer,E-0233,BR-025,2026-03-03,2026-04-18,2026-04-18,Funded,Funded,50.1,617,0.187,6.485,true,0,Jamal Adams,Cumulus CA Branch 1,Pacific,2026-03-01
LN-AP-003875,Nora Phillips,30-Year Fixed Mortgage,290138.7,Broker,E-0215,BR-011,2025-01-08,2025-02-18,2025-02-18,Funded,Funded,44.2,771,0.154,8.557,true,0,Henry Patel,Cumulus NC Branch 1,Southeast,2025-01-01
LN-AP-003876,Grace Phillips,30-Year Fixed Mortgage,760840.4,Branch,E-0219,BR-025,2025-06-12,2025-07-05,2025-07-05,Funded,Funded,26.7,568,0.133,8.808,true,0,Rosa Hall,Cumulus CA Branch 1,Pacific,2025-06-01
LN-AP-003877,Aisha Garcia,Refinance,302857.58,Loan Officer,E-0233,BR-025,2026-05-02,2026-06-09,2026-06-09,Funded,Funded,41.9,687,0.309,5.469,true,0,Jamal Adams,Cumulus CA Branch 1,Pacific,2026-05-01
LN-AP-003878,Jamal Martinez,Auto Loan,40462.18,Broker,E-0231,BR-010,2025-09-02,2025-10-09,2025-10-09,Funded,Funded,41.5,809,0.462,8.233,true,0,Maya Edwards,Cumulus GA Branch 2,Southeast,2025-09-01
LN-AP-003879,Isabella Evans,Auto Loan,31516.21,Digital,E-0224,BR-027,2026-08-05,,,In Progress,Funded,,760,0.143,8.662,false,1,Priya Davis,Cumulus WA Branch 1,Pacific,2026-08-01
LN-AP-003880,Iris Silva,30-Year Fixed Mortgage,341266.1,Branch,E-0217,BR-015,2025-05-14,,,In Progress,Conditional Approval,,704,0.292,5.762,false,4,Amara Green,Cumulus OH Branch 1,Midwest,2025-05-01
LN-AP-003881,Iris Johnson,Refinance,329430.5,Digital,E-0231,BR-010,2024-11-26,2024-12-19,2024-12-19,Funded,Funded,27.9,789,0.189,5.892,true,0,Maya Edwards,Cumulus GA Branch 2,Southeast,2024-11-01
LN-AP-003882,Noah Lewis,30-Year Fixed Mortgage,154756.8,Digital,E-0227,BR-016,2024-11-11,2024-12-13,2024-12-13,Funded,Funded,35.4,643,0.286,5.156,true,0,Zara Young,Cumulus OH Branch 2,Midwest,2024-11-01
LN-AP-003883,Olivia Allen,Auto Loan,47030.19,Branch,E-0215,BR-011,2026-06-06,2026-07-06,2026-07-06,Funded,Funded,33.8,773,0.297,6.188,true,0,Henry Patel,Cumulus NC Branch 1,Southeast,2026-06-01
LN-AP-003884,Iris Harris,Refinance,359579.18,Loan Officer,E-0208,BR-027,2026-01-21,2026-02-26,2026-02-26,Funded,Funded,38.6,779,0.497,6.079,true,0,Yuki Campbell,Cumulus WA Branch 1,Pacific,2026-01-01
LN-AP-003885,Wei Brown,30-Year Fixed Mortgage,414657.61,Loan Officer,E-0223,BR-001,2025-08-18,2025-10-06,2025-10-06,Funded,Funded,53.0,739,0.331,7.351,true,0,Noah Adams,Cumulus NY Branch 1,Northeast,2025-08-01
LN-AP-003886,Carlos Bailey,Auto Loan,76994.58,Branch,E-0227,BR-016,2025-04-29,2025-05-30,2025-05-30,Funded,Funded,36.4,581,0.435,5.305,true,0,Zara Young,Cumulus OH Branch 2,Midwest,2025-04-01
LN-AP-003887,Ava Nelson,Refinance,655715.64,Digital,E-0226,BR-010,2025-07-01,2025-07-12,,Denied,Underwriting,,719,0.398,8.287,false,0,Andre Evans,Cumulus GA Branch 2,Southeast,2025-07-01
LN-AP-003888,Mateo Nelson,30-Year Fixed Mortgage,326893.27,Loan Officer,E-0216,BR-013,2026-07-06,2026-07-30,2026-07-30,Funded,Funded,27.4,752,0.204,8.563,true,0,Daniel Morris,Cumulus IL Branch 1,Midwest,2026-07-01
LN-AP-003889,Ethan Allen,30-Year Fixed Mortgage,309332.65,Broker,E-0222,BR-026,2026-01-19,,,Withdrawn,Appraisal,,572,0.279,7.425,false,0,Rosa Carter,Cumulus CA Branch 2,Pacific,2026-01-01
LN-AP-003890,Carlos Adams,HELOC,71999.63,Branch,E-0214,BR-027,2026-01-11,2026-02-15,2026-02-15,Funded,Funded,37.9,808,0.351,8.362,true,0,Amara Clark,Cumulus WA Branch 1,Pacific,2026-01-01
LN-AP-003891,Fatima Ruiz,HELOC,110279.89,Branch,E-0219,BR-025,2026-07-30,,,In Progress,Funded,,705,0.492,7.439,false,3,Rosa Hall,Cumulus CA Branch 1,Pacific,2026-07-01
LN-AP-003892,Kenji Allen,Refinance,290991.1,Digital,E-0212,BR-004,2024-12-22,2025-01-17,,Denied,Appraisal,,636,0.155,6.789,false,0,Isabella Phillips,Cumulus MA Branch 2,Northeast,2024-12-01
LN-AP-003893,Iris Hall,Auto Loan,61955.51,Branch,E-0225,BR-021,2026-07-30,,,In Progress,Conditional Approval,,721,0.191,6.653,false,5,Henry Okafor,Cumulus UT Branch 1,Mountain West,2026-07-01
LN-AP-003894,Ben Clark,Refinance,213703.62,Digital,E-0219,BR-025,2026-06-23,2026-07-24,2026-07-24,Funded,Funded,33.9,592,0.138,6.166,true,0,Rosa Hall,Cumulus CA Branch 1,Pacific,2026-06-01
LN-AP-003895,Naomi Ruiz,HELOC,86425.84,Broker,E-0226,BR-010,2025-09-28,2025-10-30,2025-10-30,Funded,Funded,34.2,656,0.291,7.951,true,0,Andre Evans,Cumulus GA Branch 2,Southeast,2025-09-01
LN-AP-003896,Zara Wilson,30-Year Fixed Mortgage,177701.19,Branch,E-0213,BR-023,2025-05-20,,,In Progress,Appraisal,,598,0.307,6.426,false,0,Jamal Lewis,Cumulus AZ Branch 1,Mountain West,2025-05-01
LN-AP-003897,Ava Evans,Refinance,397664.98,Loan Officer,E-0220,BR-005,2026-02-12,2026-03-21,2026-03-21,Funded,Funded,40.1,636,0.309,7.017,true,0,Luis Adams,Cumulus CT Branch 1,Northeast,2026-02-01
LN-AP-003898,Iris Hall,Auto Loan,21573.57,Digital,E-0220,BR-005,2024-12-26,,,Abandoned,Document Collection,,644,0.516,8.246,false,0,Luis Adams,Cumulus CT Branch 1,Northeast,2024-12-01
LN-AP-003899,Andre Turner,HELOC,141844.48,Digital,E-0235,BR-008,2025-02-13,2025-03-08,2025-03-08,Funded,Funded,25.9,776,0.4,5.778,true,0,Ava Harris,Cumulus FL Branch 2,Southeast,2025-02-01
LN-AP-003900,Victor King,Auto Loan,74983.1,Loan Officer,E-0215,BR-011,2025-04-13,2025-05-16,2025-05-16,Funded,Funded,36.3,574,0.261,8.049,true,0,Henry Patel,Cumulus NC Branch 1,Southeast,2025-04-01
LN-AP-003901,Emma Garcia,Refinance,768856.33,Branch,E-0232,BR-018,2024-12-13,2025-01-07,2025-01-07,Funded,Funded,27.7,826,0.146,5.856,true,0,Tom Hall,Cumulus MN Branch 2,Midwest,2024-12-01
LN-AP-003902,Aisha Martinez,Refinance,439487.95,Digital,E-0234,BR-028,2025-08-12,,,In Progress,Application Submitted,,562,0.128,7.615,false,2,Henry Taylor,Cumulus WA Branch 2,Pacific,2025-08-01
LN-AP-003903,Lauren Wilson,30-Year Fixed Mortgage,363072.15,Branch,E-0226,BR-010,2026-03-18,2026-04-27,2026-04-27,Funded,Funded,44.2,780,0.214,7.011,true,0,Andre Evans,Cumulus GA Branch 2,Southeast,2026-03-01
LN-AP-003904,Ravi Ashford,Refinance,792072.77,Digital,E-0226,BR-010,2025-12-15,2026-01-01,2026-01-01,Funded,Funded,20.6,799,0.328,5.917,true,0,Andre Evans,Cumulus GA Branch 2,Southeast,2025-12-01
LN-AP-003905,Fatima Kim,Personal Loan,17854.8,Branch,E-0206,BR-020,2026-07-07,2026-08-10,2026-08-10,Funded,Funded,37.9,572,0.345,8.482,true,0,Ben Taylor,Cumulus CO Branch 2,Mountain West,2026-07-01
LN-AP-003906,Hannah Carter,Auto Loan,40399.81,Branch,E-0233,BR-025,2025-07-24,2025-08-30,2025-08-30,Funded,Funded,39.7,634,0.253,8.287,true,0,Jamal Adams,Cumulus CA Branch 1,Pacific,2025-07-01
LN-AP-003907,Henry Adams,Auto Loan,25772.82,Digital,E-0231,BR-010,2025-07-27,2025-09-05,2025-09-05,Funded,Funded,43.6,751,0.32,8.308,true,0,Maya Edwards,Cumulus GA Branch 2,Southeast,2025-07-01
LN-AP-003908,Layla Hall,Personal Loan,15485.4,Loan Officer,E-0212,BR-004,2025-03-16,2025-04-13,2025-04-13,Funded,Funded,31.0,715,0.175,7.38,true,0,Isabella Phillips,Cumulus MA Branch 2,Northeast,2025-03-01
LN-AP-003909,Fatima Turner,Personal Loan,21004.3,Digital,E-0208,BR-027,2026-06-04,2026-07-03,,Denied,Conditional Approval,,610,0.466,6.186,false,0,Yuki Campbell,Cumulus WA Branch 1,Pacific,2026-06-01
LN-AP-003910,Rosa Walker,Auto Loan,16134.9,Loan Officer,E-0211,BR-012,2024-11-01,2024-12-03,2024-12-03,Funded,Funded,35.0,768,0.178,6.991,true,0,Priya Young,Cumulus NC Branch 2,Southeast,2024-11-01
LN-AP-003911,Emma Young,30-Year Fixed Mortgage,205622.22,Digital,E-0221,BR-016,2025-04-25,2025-05-24,2025-05-24,Funded,Funded,31.7,811,0.37,8.056,true,0,Fatima Parker,Cumulus OH Branch 2,Midwest,2025-04-01
LN-AP-003912,Chloe Vaughn,Auto Loan,78521.21,Digital,E-0207,BR-022,2025-06-21,2025-07-14,2025-07-14,Funded,Funded,26.1,678,0.438,5.406,true,0,Priya Davis,Cumulus UT Branch 2,Mountain West,2025-06-01
LN-AP-003913,Noah Moore,Auto Loan,27775.72,Broker,E-0226,BR-010,2025-06-23,,,Withdrawn,Application Submitted,,663,0.163,5.296,false,0,Andre Evans,Cumulus GA Branch 2,Southeast,2025-06-01
LN-AP-003914,Andre Wright,15-Year Fixed Mortgage,392164.04,Digital,E-0211,BR-012,2025-02-13,,,Withdrawn,Underwriting,,689,0.457,6.021,false,0,Priya Young,Cumulus NC Branch 2,Southeast,2025-02-01
LN-AP-003915,Marcus Patel,Personal Loan,10939.88,Digital,E-0214,BR-027,2026-05-11,,,Withdrawn,Document Collection,,631,0.488,7.539,false,0,Amara Clark,Cumulus WA Branch 1,Pacific,2026-05-01
LN-AP-003916,Diego Taylor,30-Year Fixed Mortgage,579145.81,Branch,E-0212,BR-004,2026-02-20,2026-03-24,2026-03-24,Funded,Funded,35.4,622,0.373,7.701,true,0,Isabella Phillips,Cumulus MA Branch 2,Northeast,2026-02-01
LN-AP-003917,Emma Walker,30-Year Fixed Mortgage,480883.93,Broker,E-0234,BR-028,2026-08-08,,,In Progress,Funded,,599,0.434,7.877,false,3,Henry Taylor,Cumulus WA Branch 2,Pacific,2026-08-01
LN-AP-003918,Rosa Phillips,30-Year Fixed Mortgage,644402.38,Digital,E-0227,BR-016,2024-11-01,2024-11-25,2024-11-25,Funded,Funded,27.3,629,0.189,5.318,true,0,Zara Young,Cumulus OH Branch 2,Midwest,2024-11-01
LN-AP-003919,Zara Morris,30-Year Fixed Mortgage,224983.85,Broker,E-0224,BR-027,2025-01-13,,,Withdrawn,Application Submitted,,663,0.305,6.548,false,0,Priya Davis,Cumulus WA Branch 1,Pacific,2025-01-01
LN-AP-003920,Julian Roberts,30-Year Fixed Mortgage,744563.45,Digital,E-0218,BR-012,2025-06-15,2025-07-11,2025-07-11,Funded,Funded,29.9,608,0.291,6.954,true,0,Carlos Scott,Cumulus NC Branch 2,Southeast,2025-06-01
LN-AP-003921,Nora Lewis,30-Year Fixed Mortgage,310550.32,Branch,E-0218,BR-012,2026-08-05,2026-08-15,,Denied,Document Collection,,604,0.507,7.873,false,0,Carlos Scott,Cumulus NC Branch 2,Southeast,2026-08-01
LN-AP-003922,Owen Vaughn,HELOC,46771.91,Loan Officer,E-0219,BR-025,2025-05-02,2025-06-05,2025-06-05,Funded,Funded,37.5,759,0.213,7.972,true,0,Rosa Hall,Cumulus CA Branch 1,Pacific,2025-05-01
LN-AP-003923,Daniel Taylor,15-Year Fixed Mortgage,888999.84,Broker,E-0215,BR-011,2026-06-14,2026-07-31,2026-07-31,Funded,Funded,51.5,604,0.29,6.358,true,0,Henry Patel,Cumulus NC Branch 1,Southeast,2026-06-01
LN-AP-003924,Julian Kim,15-Year Fixed Mortgage,184708.54,Digital,E-0230,BR-009,2025-10-21,2025-11-21,2025-11-21,Funded,Funded,33.7,736,0.261,8.691,true,0,Jamal Wright,Cumulus GA Branch 1,Southeast,2025-10-01
LN-AP-003925,Fatima Walker,HELOC,91859.06,Branch,E-0221,BR-016,2025-06-25,2025-08-06,2025-08-06,Funded,Funded,45.2,793,0.226,8.277,true,0,Fatima Parker,Cumulus OH Branch 2,Midwest,2025-06-01
LN-AP-003926,Ines Carter,Auto Loan,22748.85,Broker,E-0233,BR-025,2025-05-21,2025-07-08,2025-07-08,Funded,Funded,51.2,760,0.244,6.633,true,0,Jamal Adams,Cumulus CA Branch 1,Pacific,2025-05-01
LN-AP-003927,Daniel Parker,Auto Loan,19628.82,Broker,E-0221,BR-016,2024-11-09,,,Withdrawn,Underwriting,,817,0.123,5.356,false,0,Fatima Parker,Cumulus OH Branch 2,Midwest,2024-11-01
LN-AP-003928,Mateo Thomas,HELOC,94650.43,Loan Officer,E-0208,BR-027,2026-07-22,,,In Progress,Funded,,636,0.464,7.13,false,5,Yuki Campbell,Cumulus WA Branch 1,Pacific,2026-07-01
LN-AP-003929,Kenji Vaughn,30-Year Fixed Mortgage,210903.18,Digital,E-0212,BR-004,2025-05-06,2025-06-09,2025-06-09,Funded,Funded,36.6,800,0.39,7.541,true,0,Isabella Phillips,Cumulus MA Branch 2,Northeast,2025-05-01
LN-AP-003930,Grace Ashford,30-Year Fixed Mortgage,1680000,Broker,E-0219,BR-025,2026-03-21,2026-03-21,,Denied,Application Submitted,,677,0.219,5.999,false,0,Rosa Hall,Cumulus CA Branch 1,Pacific,2026-03-01
LN-AP-003931,Ines Mitchell,Auto Loan,50612.98,Digital,E-0231,BR-010,2025-11-08,2025-12-11,2025-12-11,Funded,Funded,37.5,753,0.266,8.314,true,0,Maya Edwards,Cumulus GA Branch 2,Southeast,2025-11-01
LN-AP-003932,Mateo Patel,Auto Loan,31066.6,Broker,E-0228,BR-013,2026-04-06,,,Withdrawn,Document Collection,,657,0.162,8.05,false,0,Kenji Silva,Cumulus IL Branch 1,Midwest,2026-04-01
LN-AP-003933,Nora Turner,15-Year Fixed Mortgage,246532.6,Loan Officer,E-0207,BR-022,2025-04-12,2025-04-30,2025-04-30,Funded,Funded,22.0,795,0.202,5.15,true,0,Priya Davis,Cumulus UT Branch 2,Mountain West,2025-04-01
LN-AP-003934,Jamal Morris,30-Year Fixed Mortgage,316631.2,Digital,E-0226,BR-010,2025-05-14,2025-06-19,2025-06-19,Funded,Funded,38.8,683,0.447,7.295,true,0,Andre Evans,Cumulus GA Branch 2,Southeast,2025-05-01
LN-AP-003935,Sofia Stewart,30-Year Fixed Mortgage,320479.81,Digital,E-0229,BR-025,2026-08-30,,,In Progress,Appraisal,,776,0.193,5.645,false,1,Marcus Wilson,Cumulus CA Branch 1,Pacific,2026-08-01
LN-AP-003936,Kenji Campbell,Refinance,243623.98,Branch,E-0227,BR-016,2024-11-06,2024-11-27,,Denied,Underwriting,,687,0.304,7.965,false,0,Zara Young,Cumulus OH Branch 2,Midwest,2024-11-01
LN-AP-003937,Zara Thomas,Auto Loan,71357.94,Loan Officer,E-0208,BR-027,2026-03-15,2026-04-21,2026-04-21,Funded,Funded,42.1,807,0.217,6.347,true,0,Yuki Campbell,Cumulus WA Branch 1,Pacific,2026-03-01
LN-AP-003938,Kenji Taylor,HELOC,140421.36,Digital,E-0231,BR-010,2025-05-06,2025-05-25,2025-05-25,Funded,Funded,22.9,680,0.387,7.847,true,0,Maya Edwards,Cumulus GA Branch 2,Southeast,2025-05-01
LN-AP-003939,Nora Bailey,Personal Loan,20466.56,Digital,E-0225,BR-021,2026-07-28,2026-08-31,2026-08-31,Funded,Funded,38.5,785,0.181,8.121,true,0,Henry Okafor,Cumulus UT Branch 1,Mountain West,2026-07-01
LN-AP-003940,Mei Phillips,Personal Loan,17146.91,Digital,E-0207,BR-022,2025-08-11,2025-09-04,,Denied,Underwriting,,756,0.313,5.396,false,0,Priya Davis,Cumulus UT Branch 2,Mountain West,2025-08-01
LN-AP-003941,Zara Lewis,30-Year Fixed Mortgage,281894.97,Broker,E-0218,BR-012,2025-10-10,2025-12-10,2025-12-10,Funded,Funded,63.0,723,0.503,7.88,true,0,Carlos Scott,Cumulus NC Branch 2,Southeast,2025-10-01
LN-AP-003942,Fatima Okafor,Personal Loan,31733.03,Loan Officer,E-0213,BR-023,2025-04-07,,,In Progress,Conditional Approval,,615,0.491,6.287,false,1,Jamal Lewis,Cumulus AZ Branch 1,Mountain West,2025-04-01
LN-AP-003943,Aisha Phillips,HELOC,49025.37,Digital,E-0227,BR-016,2024-12-13,2025-01-03,2025-01-03,Funded,Funded,24.0,563,0.27,6.791,true,0,Zara Young,Cumulus OH Branch 2,Midwest,2024-12-01
LN-AP-003944,Derek Morris,HELOC,69371.47,Branch,E-0222,BR-026,2025-07-20,2025-08-29,2025-08-29,Funded,Funded,42.7,739,0.198,6.143,true,0,Rosa Carter,Cumulus CA Branch 2,Pacific,2025-07-01
LN-AP-003945,Luis Hall,Refinance,297897.02,Broker,E-0208,BR-027,2026-02-27,2026-04-29,2026-04-29,Funded,Funded,65.4,687,0.448,6.125,true,0,Yuki Campbell,Cumulus WA Branch 1,Pacific,2026-02-01
LN-AP-003946,Nora Silva,15-Year Fixed Mortgage,712577.88,Digital,E-0218,BR-012,2025-08-19,,,Withdrawn,Application Submitted,,667,0.42,7.667,false,0,Carlos Scott,Cumulus NC Branch 2,Southeast,2025-08-01
LN-AP-003947,Lauren Clark,HELOC,76639.63,Branch,E-0206,BR-020,2025-01-20,2025-03-03,2025-03-03,Funded,Funded,46.1,599,0.253,8.411,true,0,Ben Taylor,Cumulus CO Branch 2,Mountain West,2025-01-01
LN-AP-003948,Luis Taylor,Auto Loan,35613.53,Broker,E-0221,BR-016,2024-10-19,2024-11-30,2024-11-30,Funded,Funded,45.1,677,0.137,7.969,true,0,Fatima Parker,Cumulus OH Branch 2,Midwest,2024-10-01
LN-AP-003949,Nora Thomas,30-Year Fixed Mortgage,413198.48,Branch,E-0230,BR-009,2026-04-04,2026-05-12,2026-05-12,Funded,Funded,41.3,605,0.347,5.582,true,0,Jamal Wright,Cumulus GA Branch 1,Southeast,2026-04-01
LN-AP-003950,Noah Stewart,Auto Loan,34223.39,Digital,E-0217,BR-015,2024-12-31,2025-02-08,2025-02-08,Funded,Funded,43.4,690,0.393,5.695,true,0,Amara Green,Cumulus OH Branch 1,Midwest,2024-12-01
LN-AP-003951,Nina Ashford,HELOC,103842.82,Digital,E-0229,BR-025,2024-12-12,2025-01-02,2025-01-02,Funded,Funded,24.4,667,0.336,5.246,true,0,Marcus Wilson,Cumulus CA Branch 1,Pacific,2024-12-01
LN-AP-003952,Grace Jackson,30-Year Fixed Mortgage,623869.81,Loan Officer,E-0219,BR-025,2025-02-06,2025-03-08,2025-03-08,Funded,Funded,33.7,817,0.431,5.273,true,0,Rosa Hall,Cumulus CA Branch 1,Pacific,2025-02-01
LN-AP-003953,Sofia Nelson,15-Year Fixed Mortgage,311217.12,Digital,E-0219,BR-025,2025-09-03,2025-09-03,,Denied,Application Submitted,,586,0.168,6.318,false,0,Rosa Hall,Cumulus CA Branch 1,Pacific,2025-09-01
LN-AP-003954,Carlos Parker,Auto Loan,13137.52,Digital,E-0234,BR-028,2025-01-10,2025-02-11,2025-02-11,Funded,Funded,35.7,688,0.496,5.644,true,0,Henry Taylor,Cumulus WA Branch 2,Pacific,2025-01-01
LN-AP-003955,Julian Moore,30-Year Fixed Mortgage,457778.98,Branch,E-0222,BR-026,2025-09-19,2025-10-17,2025-10-17,Funded,Funded,30.8,809,0.269,7.528,true,0,Rosa Carter,Cumulus CA Branch 2,Pacific,2025-09-01
LN-AP-003956,Ava Thomas,Personal Loan,20548.29,Digital,E-0226,BR-010,2024-12-07,2025-01-02,2025-01-02,Funded,Funded,29.7,669,0.479,6.595,true,0,Andre Evans,Cumulus GA Branch 2,Southeast,2024-12-01
LN-AP-003957,Leo Carter,Auto Loan,18562.23,Broker,E-0221,BR-016,2026-03-02,2026-03-28,2026-03-28,Funded,Funded,29.3,602,0.262,6.879,true,0,Fatima Parker,Cumulus OH Branch 2,Midwest,2026-03-01
LN-AP-003958,Isabella Taylor,HELOC,136215.17,Broker,E-0230,BR-009,2025-11-11,2025-12-10,2025-12-10,Funded,Funded,31.7,789,0.152,7.621,true,0,Jamal Wright,Cumulus GA Branch 1,Southeast,2025-11-01
LN-AP-003959,Sofia Vaughn,Personal Loan,8926.81,Digital,E-0226,BR-010,2025-06-12,2025-07-05,2025-07-05,Funded,Funded,25.2,582,0.51,6.699,true,0,Andre Evans,Cumulus GA Branch 2,Southeast,2025-06-01
LN-AP-003960,Mateo Ashford,30-Year Fixed Mortgage,402057.76,Broker,E-0206,BR-020,2026-06-01,2026-07-05,2026-07-05,Funded,Funded,36.8,772,0.44,8.593,true,0,Ben Taylor,Cumulus CO Branch 2,Mountain West,2026-06-01
LN-AP-003961,Marcus Hall,15-Year Fixed Mortgage,149369.91,Branch,E-0222,BR-026,2025-03-24,2025-04-30,2025-04-30,Funded,Funded,40.4,638,0.222,8.631,true,0,Rosa Carter,Cumulus CA Branch 2,Pacific,2025-03-01
LN-AP-003962,Carlos Green,Refinance,180434.45,Loan Officer,E-0214,BR-027,2025-07-02,,,In Progress,Application Submitted,,602,0.267,5.548,false,1,Amara Clark,Cumulus WA Branch 1,Pacific,2025-07-01
LN-AP-003963,Owen Hall,15-Year Fixed Mortgage,1069856.28,Broker,E-0231,BR-010,2026-06-23,,,Withdrawn,Underwriting,,730,0.393,7.851,false,0,Maya Edwards,Cumulus GA Branch 2,Southeast,2026-06-01
LN-AP-003964,Carlos Davis,30-Year Fixed Mortgage,576329.08,Digital,E-0233,BR-025,2024-11-25,2024-12-22,2024-12-22,Funded,Funded,30.5,807,0.265,5.628,true,0,Jamal Adams,Cumulus CA Branch 1,Pacific,2024-11-01
LN-AP-003965,Derek Bailey,15-Year Fixed Mortgage,336829.57,Digital,E-0227,BR-016,2025-09-18,2025-10-18,2025-10-18,Funded,Funded,33.2,714,0.479,5.188,true,0,Zara Young,Cumulus OH Branch 2,Midwest,2025-09-01
LN-AP-003966,Elena Silva,30-Year Fixed Mortgage,215111.41,Branch,E-0216,BR-013,2025-11-16,2025-12-28,2025-12-28,Funded,Funded,45.0,680,0.265,8.567,true,0,Daniel Morris,Cumulus IL Branch 1,Midwest,2025-11-01
LN-AP-003967,Luis Roberts,Personal Loan,30350.59,Digital,E-0215,BR-011,2024-12-20,2025-01-10,,Denied,Underwriting,,627,0.348,6.952,false,0,Henry Patel,Cumulus NC Branch 1,Southeast,2024-12-01
LN-AP-003968,Jamal Lewis,Personal Loan,14971.55,Loan Officer,E-0226,BR-010,2026-04-17,2026-06-04,2026-06-04,Funded,Funded,51.9,654,0.448,5.922,true,0,Andre Evans,Cumulus GA Branch 2,Southeast,2026-04-01
LN-AP-003969,Ben Carter,Personal Loan,4684.04,Branch,E-0234,BR-028,2025-11-17,,,Withdrawn,Conditional Approval,,563,0.15,6.84,false,0,Henry Taylor,Cumulus WA Branch 2,Pacific,2025-11-01
LN-AP-003970,Sofia Adams,15-Year Fixed Mortgage,333900.45,Branch,E-0216,BR-013,2026-06-04,,,Withdrawn,Underwriting,,785,0.481,6.413,false,0,Daniel Morris,Cumulus IL Branch 1,Midwest,2026-06-01
LN-AP-003971,Julian Chen,Refinance,356646.57,Digital,E-0206,BR-020,2025-03-24,,,In Progress,Underwriting,,595,0.411,6.01,false,6,Ben Taylor,Cumulus CO Branch 2,Mountain West,2025-03-01
LN-AP-003972,Chloe Baker,30-Year Fixed Mortgage,550819.37,Loan Officer,E-0226,BR-010,2026-07-21,2026-08-16,,Denied,Conditional Approval,,809,0.305,5.184,false,0,Andre Evans,Cumulus GA Branch 2,Southeast,2026-07-01
LN-AP-003973,Owen Anderson,Refinance,170770.39,Branch,E-0225,BR-021,2025-01-09,2025-02-16,2025-02-16,Funded,Funded,40.6,756,0.518,6.7,true,0,Henry Okafor,Cumulus UT Branch 1,Mountain West,2025-01-01
LN-AP-003974,Isabella Silva,Personal Loan,8576.36,Digital,E-0217,BR-015,2025-05-25,2025-06-12,,Denied,Underwriting,,711,0.411,8.264,false,0,Amara Green,Cumulus OH Branch 1,Midwest,2025-05-01
LN-AP-003975,Ben Green,15-Year Fixed Mortgage,482591.68,Digital,E-0221,BR-016,2025-08-14,2025-09-05,2025-09-05,Funded,Funded,25.0,618,0.257,6.742,true,0,Fatima Parker,Cumulus OH Branch 2,Midwest,2025-08-01
LN-AP-003976,Nora Stewart,30-Year Fixed Mortgage,158795.87,Loan Officer,E-0234,BR-028,2024-12-09,2025-01-18,2025-01-18,Funded,Funded,42.7,664,0.169,7.258,true,0,Henry Taylor,Cumulus WA Branch 2,Pacific,2024-12-01
LN-AP-003977,Jamal Bailey,15-Year Fixed Mortgage,449029.04,Loan Officer,E-0227,BR-016,2025-07-16,2025-09-05,2025-09-05,Funded,Funded,54.3,688,0.421,7.225,true,0,Zara Young,Cumulus OH Branch 2,Midwest,2025-07-01
LN-AP-003978,Nora Kim,15-Year Fixed Mortgage,364314.27,Branch,E-0224,BR-027,2025-02-18,2025-04-21,,Denied,Conditional Approval,,625,0.338,5.247,false,0,Priya Davis,Cumulus WA Branch 1,Pacific,2025-02-01
LN-AP-003979,Ines Ashford,15-Year Fixed Mortgage,199361.26,Branch,E-0227,BR-016,2026-07-16,2026-08-29,2026-08-29,Funded,Funded,48.0,593,0.244,7.898,true,0,Zara Young,Cumulus OH Branch 2,Midwest,2026-07-01
LN-AP-003980,Nora Wilson,HELOC,102311.19,Loan Officer,E-0223,BR-001,2025-02-05,2025-03-12,2025-03-12,Funded,Funded,38.9,563,0.218,5.967,true,0,Noah Adams,Cumulus NY Branch 1,Northeast,2025-02-01
LN-AP-003981,Carlos Jackson,Refinance,293349.01,Broker,E-0233,BR-025,2026-07-16,,,In Progress,Funded,,744,0.188,5.555,false,4,Jamal Adams,Cumulus CA Branch 1,Pacific,2026-07-01
LN-AP-003982,Carlos Baker,Personal Loan,9440.06,Branch,E-0225,BR-021,2025-08-29,2025-09-20,,Denied,Underwriting,,742,0.283,8.471,false,0,Henry Okafor,Cumulus UT Branch 1,Mountain West,2025-08-01
LN-AP-003983,Isabella Turner,30-Year Fixed Mortgage,472445.68,Loan Officer,E-0216,BR-013,2026-07-22,2026-08-31,,Denied,Underwriting,,620,0.502,5.241,false,0,Daniel Morris,Cumulus IL Branch 1,Midwest,2026-07-01
LN-AP-003984,Sofia Davis,15-Year Fixed Mortgage,368061.11,Loan Officer,E-0213,BR-023,2025-02-27,2025-03-22,2025-03-22,Funded,Funded,26.2,625,0.341,8.841,true,0,Jamal Lewis,Cumulus AZ Branch 1,Mountain West,2025-02-01
LN-AP-003985,Owen Nelson,Auto Loan,36573.2,Loan Officer,E-0235,BR-008,2026-07-19,,,In Progress,Funded,,638,0.47,8.061,false,0,Ava Harris,Cumulus FL Branch 2,Southeast,2026-07-01
LN-AP-003986,Owen Kim,Auto Loan,83305.09,Branch,E-0220,BR-005,2026-06-18,,,Withdrawn,Document Collection,,702,0.464,5.553,false,0,Luis Adams,Cumulus CT Branch 1,Northeast,2026-06-01
LN-AP-003987,Rosa Clark,30-Year Fixed Mortgage,458732.05,Branch,E-0208,BR-027,2025-04-10,2025-05-29,2025-05-29,Funded,Funded,53.1,650,0.255,7.362,true,0,Yuki Campbell,Cumulus WA Branch 1,Pacific,2025-04-01
LN-AP-003988,Aisha Lewis,Refinance,329754.8,Digital,E-0208,BR-027,2025-03-10,,,In Progress,Application Submitted,,637,0.318,8.687,false,5,Yuki Campbell,Cumulus WA Branch 1,Pacific,2025-03-01
LN-AP-003989,Yuki Clark,Personal Loan,18357.1,Digital,E-0234,BR-028,2025-05-31,,,In Progress,Application Submitted,,664,0.402,6.853,false,0,Henry Taylor,Cumulus WA Branch 2,Pacific,2025-05-01
LN-AP-003990,Elena Patel,Refinance,466501.24,Digital,E-0227,BR-016,2025-04-15,,,Abandoned,Underwriting,,773,0.512,5.57,false,0,Zara Young,Cumulus OH Branch 2,Midwest,2025-04-01
LN-AP-003991,Marcus Harris,HELOC,110017.34,Digital,E-0210,BR-019,2026-03-13,2026-04-18,2026-04-18,Funded,Funded,39.6,778,0.463,7.971,true,0,Luis Garcia,Cumulus CO Branch 1,Mountain West,2026-03-01
LN-AP-003992,Layla Vaughn,Refinance,430900.11,Broker,E-0221,BR-016,2024-12-06,,,In Progress,Document Collection,,623,0.189,8.358,false,5,Fatima Parker,Cumulus OH Branch 2,Midwest,2024-12-01
LN-AP-003993,Hannah Johnson,30-Year Fixed Mortgage,471805.58,Digital,E-0213,BR-023,2026-07-30,2026-08-23,2026-08-23,Funded,Funded,27.9,773,0.356,7.507,true,0,Jamal Lewis,Cumulus AZ Branch 1,Mountain West,2026-07-01
LN-AP-003994,Naomi Thomas,HELOC,68375.97,Digital,E-0211,BR-012,2025-01-15,2025-02-23,2025-02-23,Funded,Funded,41.4,609,0.415,7.059,true,0,Priya Young,Cumulus NC Branch 2,Southeast,2025-01-01
LN-AP-003995,Leo Carter,HELOC,62677.61,Digital,E-0230,BR-009,2026-06-29,2026-07-17,,Denied,Conditional Approval,,630,0.27,8.027,false,0,Jamal Wright,Cumulus GA Branch 1,Southeast,2026-06-01
LN-AP-003996,Samuel Harris,Refinance,244771.01,Branch,E-0221,BR-016,2025-01-06,2025-02-22,2025-02-22,Funded,Funded,50.7,699,0.312,8.554,true,0,Fatima Parker,Cumulus OH Branch 2,Midwest,2025-01-01
LN-AP-003997,Jamal Stewart,Auto Loan,37957.08,Broker,E-0213,BR-023,2025-04-24,2025-05-22,2025-05-22,Funded,Funded,30.5,745,0.491,8.452,true,0,Jamal Lewis,Cumulus AZ Branch 1,Mountain West,2025-04-01
LN-AP-003998,Carlos Lopez,Auto Loan,18892.49,Digital,E-0230,BR-009,2025-12-18,2026-01-21,2026-01-21,Funded,Funded,37.6,615,0.308,7.419,true,0,Jamal Wright,Cumulus GA Branch 1,Southeast,2025-12-01
LN-AP-003999,Hannah Davis,Refinance,211845.85,Digital,E-0214,BR-027,2026-07-11,2026-08-12,2026-08-12,Funded,Funded,36.2,645,0.187,5.229,true,0,Amara Clark,Cumulus WA Branch 1,Pacific,2026-07-01
LN-AP-004000,Lauren Ruiz,Refinance,395331.6,Digital,E-0222,BR-026,2025-08-16,2025-09-15,2025-09-15,Funded,Funded,32.9,760,0.274,6.122,true,0,Rosa Carter,Cumulus CA Branch 2,Pacific,2025-08-01
LN-AP-004001,Felix Harris,Auto Loan,16010.85,Digital,E-0235,BR-008,2025-08-15,2025-09-12,2025-09-12,Funded,Funded,30.7,778,0.424,6.945,true,0,Ava Harris,Cumulus FL Branch 2,Southeast,2025-08-01
LN-AP-004002,Ines Hall,HELOC,155041.47,Digital,E-0229,BR-025,2025-04-12,2025-05-16,2025-05-16,Funded,Funded,37.5,704,0.435,8.108,true,0,Marcus Wilson,Cumulus CA Branch 1,Pacific,2025-04-01
LN-AP-004003,Amara Johnson,HELOC,58792.16,Branch,E-0222,BR-026,2025-07-17,2025-09-02,2025-09-02,Funded,Funded,49.7,605,0.27,7.661,true,0,Rosa Carter,Cumulus CA Branch 2,Pacific,2025-07-01
LN-AP-004004,Luis Martinez,30-Year Fixed Mortgage,345003.04,Loan Officer,E-0233,BR-025,2024-12-16,,,Withdrawn,Application Submitted,,658,0.41,5.94,false,0,Jamal Adams,Cumulus CA Branch 1,Pacific,2024-12-01
LN-AP-004005,Layla Collins,30-Year Fixed Mortgage,298852.16,Loan Officer,E-0227,BR-016,2025-04-27,2025-06-27,2025-06-27,Funded,Funded,64.0,656,0.209,7.689,true,0,Zara Young,Cumulus OH Branch 2,Midwest,2025-04-01
LN-AP-004006,Grace Garcia,Personal Loan,16499.52,Digital,E-0208,BR-027,2026-02-09,2026-02-28,,Denied,Underwriting,,719,0.259,5.74,false,0,Yuki Campbell,Cumulus WA Branch 1,Pacific,2026-02-01
LN-AP-004007,Rosa Roberts,Refinance,546355.12,Digital,E-0235,BR-008,2024-12-08,2025-01-17,2025-01-17,Funded,Funded,43.6,568,0.36,8.775,true,0,Ava Harris,Cumulus FL Branch 2,Southeast,2024-12-01
LN-AP-004008,Elena Thomas,HELOC,120972.17,Broker,E-0227,BR-016,2025-08-14,2025-09-05,2025-09-05,Funded,Funded,25.8,650,0.22,8.049,true,0,Zara Young,Cumulus OH Branch 2,Midwest,2025-08-01
LN-AP-004009,Layla Taylor,Personal Loan,4669.96,Branch,E-0219,BR-025,2025-12-25,2026-01-22,,Denied,Underwriting,,567,0.126,6.922,false,0,Rosa Hall,Cumulus CA Branch 1,Pacific,2025-12-01
LN-AP-004010,Elena Roberts,Refinance,458251.89,Loan Officer,E-0208,BR-027,2025-11-13,2025-12-17,2025-12-17,Funded,Funded,37.6,603,0.364,8.523,true,0,Yuki Campbell,Cumulus WA Branch 1,Pacific,2025-11-01
LN-AP-004011,Rosa Phillips,30-Year Fixed Mortgage,730729.8,Branch,E-0231,BR-010,2025-11-07,2025-12-16,2025-12-16,Funded,Funded,42.4,660,0.515,8.345,true,0,Maya Edwards,Cumulus GA Branch 2,Southeast,2025-11-01
LN-AP-004012,Wei Thomas,Personal Loan,29258.2,Broker,E-0231,BR-010,2026-01-17,2026-02-15,2026-02-15,Funded,Funded,31.9,802,0.417,7.003,true,0,Maya Edwards,Cumulus GA Branch 2,Southeast,2026-01-01
LN-AP-004013,Owen Baker,Personal Loan,18283.6,Loan Officer,E-0228,BR-013,2026-07-08,2026-08-13,2026-08-13,Funded,Funded,40.1,778,0.136,8.762,true,0,Kenji Silva,Cumulus IL Branch 1,Midwest,2026-07-01
LN-AP-004014,Ava Nguyen,15-Year Fixed Mortgage,280773.46,Digital,E-0223,BR-001,2026-01-07,2026-01-26,,Denied,Conditional Approval,,560,0.328,8.782,false,0,Noah Adams,Cumulus NY Branch 1,Northeast,2026-01-01
LN-AP-004015,Zara Miller,30-Year Fixed Mortgage,240974.09,Digital,E-0229,BR-025,2025-08-08,2025-09-26,2025-09-26,Funded,Funded,52.2,661,0.224,8.045,true,0,Marcus Wilson,Cumulus CA Branch 1,Pacific,2025-08-01
LN-AP-004016,Luis Brown,HELOC,74558.21,Digital,E-0218,BR-012,2026-02-03,2026-02-25,2026-02-25,Funded,Funded,24.9,769,0.396,8.564,true,0,Carlos Scott,Cumulus NC Branch 2,Southeast,2026-02-01
LN-AP-004017,Isabella Garcia,Personal Loan,35512.32,Loan Officer,E-0220,BR-005,2025-11-27,2026-01-09,,Denied,Conditional Approval,,714,0.29,6.716,false,0,Luis Adams,Cumulus CT Branch 1,Northeast,2025-11-01
LN-AP-004018,Carlos Mitchell,30-Year Fixed Mortgage,249651.89,Digital,E-0233,BR-025,2025-06-15,2025-07-12,2025-07-12,Funded,Funded,32.3,663,0.231,7.328,true,0,Jamal Adams,Cumulus CA Branch 1,Pacific,2025-06-01
LN-AP-004019,Maya Walker,30-Year Fixed Mortgage,895180.09,Digital,E-0221,BR-016,2026-08-21,,,In Progress,Conditional Approval,,686,0.285,6.668,false,1,Fatima Parker,Cumulus OH Branch 2,Midwest,2026-08-01
LN-AP-004020,Rosa Green,30-Year Fixed Mortgage,398998.82,Digital,E-0222,BR-026,2025-10-24,2025-11-22,2025-11-22,Funded,Funded,33.0,658,0.206,5.896,true,0,Rosa Carter,Cumulus CA Branch 2,Pacific,2025-10-01
LN-AP-004021,Jonathan Jackson,Refinance,543974.58,Digital,E-0207,BR-022,2025-01-15,2025-02-01,,Denied,Appraisal,,644,0.473,7.702,false,0,Priya Davis,Cumulus UT Branch 2,Mountain West,2025-01-01
LN-AP-004022,Grace Nelson,HELOC,70467.0,Loan Officer,E-0229,BR-025,2025-10-26,2025-12-03,2025-12-03,Funded,Funded,41.8,608,0.172,7.157,true,0,Marcus Wilson,Cumulus CA Branch 1,Pacific,2025-10-01
LN-AP-004023,Sara Adams,30-Year Fixed Mortgage,256928.06,Digital,E-0232,BR-018,2026-03-05,,,Abandoned,Conditional Approval,,817,0.389,6.132,false,0,Tom Hall,Cumulus MN Branch 2,Midwest,2026-03-01
LN-AP-004024,Owen Phillips,30-Year Fixed Mortgage,574692.81,Branch,E-0225,BR-021,2025-10-13,2025-11-05,2025-11-05,Funded,Funded,27.7,690,0.147,8.809,true,0,Henry Okafor,Cumulus UT Branch 1,Mountain West,2025-10-01
LN-AP-004025,Hannah Lopez,30-Year Fixed Mortgage,1267928.66,Digital,E-0212,BR-004,2026-04-20,2026-05-31,2026-05-31,Funded,Funded,43.2,568,0.379,7.399,true,0,Isabella Phillips,Cumulus MA Branch 2,Northeast,2026-04-01
LN-AP-004026,Carlos Phillips,30-Year Fixed Mortgage,758375.69,Branch,E-0222,BR-026,2025-04-28,2025-06-10,2025-06-10,Funded,Funded,47.5,610,0.274,5.623,true,0,Rosa Carter,Cumulus CA Branch 2,Pacific,2025-04-01
LN-AP-004027,Iris Parker,HELOC,85573.26,Digital,E-0225,BR-021,2025-10-06,2025-10-29,2025-10-29,Funded,Funded,26.9,763,0.239,7.016,true,0,Henry Okafor,Cumulus UT Branch 1,Mountain West,2025-10-01
LN-AP-004028,Yuki Turner,30-Year Fixed Mortgage,596867.31,Branch,E-0223,BR-001,2026-05-16,2026-07-02,2026-07-02,Funded,Funded,50.8,681,0.232,8.62,true,0,Noah Adams,Cumulus NY Branch 1,Northeast,2026-05-01
LN-AP-004029,Aisha Kim,Personal Loan,27821.81,Digital,E-0232,BR-018,2026-07-09,2026-08-30,2026-08-30,Funded,Funded,54.8,825,0.328,7.987,true,0,Tom Hall,Cumulus MN Branch 2,Midwest,2026-07-01
LN-AP-004030,Leo Morris,30-Year Fixed Mortgage,323458.08,Digital,E-0212,BR-004,2026-07-31,,,Abandoned,Appraisal,,711,0.386,5.497,false,0,Isabella Phillips,Cumulus MA Branch 2,Northeast,2026-07-01
LN-AP-004031,Samuel Miller,30-Year Fixed Mortgage,738935.75,Loan Officer,E-0208,BR-027,2024-11-02,2024-12-04,2024-12-04,Funded,Funded,34.8,731,0.355,6.582,true,0,Yuki Campbell,Cumulus WA Branch 1,Pacific,2024-11-01
LN-AP-004032,Daniel Campbell,HELOC,136921.94,Branch,E-0221,BR-016,2025-11-01,2025-11-14,,Denied,Document Collection,,722,0.325,6.171,false,0,Fatima Parker,Cumulus OH Branch 2,Midwest,2025-11-01
LN-AP-004033,Nina Wright,30-Year Fixed Mortgage,267802.84,Branch,E-0234,BR-028,2024-11-16,2025-01-08,2025-01-08,Funded,Funded,56.0,586,0.433,8.872,true,0,Henry Taylor,Cumulus WA Branch 2,Pacific,2024-11-01
LN-AP-004034,Priya Ruiz,HELOC,141623.1,Loan Officer,E-0222,BR-026,2026-03-13,,,Withdrawn,Conditional Approval,,572,0.366,7.971,false,0,Rosa Carter,Cumulus CA Branch 2,Pacific,2026-03-01
LN-AP-004035,Elena Miller,30-Year Fixed Mortgage,381482.2,Loan Officer,E-0225,BR-021,2026-08-01,2026-08-28,2026-08-28,Funded,Funded,31.0,641,0.436,5.953,true,0,Henry Okafor,Cumulus UT Branch 1,Mountain West,2026-08-01
LN-AP-004036,Hannah Evans,30-Year Fixed Mortgage,823211.37,Digital,E-0231,BR-010,2026-07-27,2026-08-19,2026-08-19,Funded,Funded,26.4,729,0.268,6.941,true,0,Maya Edwards,Cumulus GA Branch 2,Southeast,2026-07-01
LN-AP-004037,Hannah Parker,Auto Loan,77739.28,Loan Officer,E-0217,BR-015,2025-01-01,2025-02-11,2025-02-11,Funded,Funded,44.7,628,0.39,5.152,true,0,Amara Green,Cumulus OH Branch 1,Midwest,2025-01-01
LN-AP-004038,Marcus Phillips,Personal Loan,9431.13,Loan Officer,E-0213,BR-023,2026-08-30,,,In Progress,Underwriting,,749,0.408,8.352,false,0,Jamal Lewis,Cumulus AZ Branch 1,Mountain West,2026-08-01
LN-AP-004039,Nora Ruiz,30-Year Fixed Mortgage,935355.79,Digital,E-0231,BR-010,2025-05-20,2025-06-11,2025-06-11,Funded,Funded,26.2,722,0.251,7.135,true,0,Maya Edwards,Cumulus GA Branch 2,Southeast,2025-05-01
LN-AP-004040,Isabella Green,15-Year Fixed Mortgage,627981.54,Loan Officer,E-0210,BR-019,2026-02-13,,,Withdrawn,Document Collection,,786,0.356,7.708,false,0,Luis Garcia,Cumulus CO Branch 1,Mountain West,2026-02-01
LN-AP-004041,Priya Kim,15-Year Fixed Mortgage,721815.54,Branch,E-0209,BR-006,2025-08-17,2025-09-07,2025-09-07,Funded,Funded,23.6,730,0.197,7.584,true,0,Yuki Stewart,Cumulus CT Branch 2,Northeast,2025-08-01
LN-AP-004042,Ines Vaughn,Auto Loan,55832.29,Broker,E-0224,BR-027,2026-01-08,2026-02-20,2026-02-20,Funded,Funded,46.5,615,0.376,8.856,true,0,Priya Davis,Cumulus WA Branch 1,Pacific,2026-01-01
LN-AP-004043,Amara Moore,Refinance,291276.3,Branch,E-0223,BR-001,2024-12-30,,,Withdrawn,Conditional Approval,,753,0.493,5.289,false,0,Noah Adams,Cumulus NY Branch 1,Northeast,2024-12-01
LN-AP-004044,Ethan Clark,Refinance,317143.97,Broker,E-0233,BR-025,2025-05-14,,,Withdrawn,Appraisal,,649,0.205,5.202,false,0,Jamal Adams,Cumulus CA Branch 1,Pacific,2025-05-01
LN-AP-004045,Diego Garcia,HELOC,79093.12,Digital,E-0224,BR-027,2025-01-31,2025-02-27,2025-02-27,Funded,Funded,30.8,818,0.377,8.631,true,0,Priya Davis,Cumulus WA Branch 1,Pacific,2025-01-01
LN-AP-004046,Aisha Moore,30-Year Fixed Mortgage,359828.26,Loan Officer,E-0233,BR-025,2025-08-17,2025-09-22,2025-09-22,Funded,Funded,39.4,686,0.48,7.793,true,0,Jamal Adams,Cumulus CA Branch 1,Pacific,2025-08-01
LN-AP-004047,Ethan Okafor,30-Year Fixed Mortgage,418025.21,Loan Officer,E-0209,BR-006,2025-08-20,2025-09-12,2025-09-12,Funded,Funded,26.8,607,0.308,8.214,true,0,Yuki Stewart,Cumulus CT Branch 2,Northeast,2025-08-01
LN-AP-004048,Layla Bailey,Personal Loan,18506.18,Digital,E-0210,BR-019,2025-08-10,2025-09-11,,Denied,Conditional Approval,,685,0.344,7.962,false,0,Luis Garcia,Cumulus CO Branch 1,Mountain West,2025-08-01
LN-AP-004049,Isabella Adams,Auto Loan,19563.08,Digital,E-0215,BR-011,2025-12-28,2026-02-20,2026-02-20,Funded,Funded,56.9,626,0.409,6.311,true,0,Henry Patel,Cumulus NC Branch 1,Southeast,2025-12-01
LN-AP-004050,Sofia Chen,Refinance,285627.76,Branch,E-0208,BR-027,2025-09-05,2025-10-13,2025-10-13,Funded,Funded,41.7,703,0.288,6.425,true,0,Yuki Campbell,Cumulus WA Branch 1,Pacific,2025-09-01
LN-AP-004051,Zara Mitchell,HELOC,104078.09,Branch,E-0208,BR-027,2025-09-16,2025-10-07,,Denied,Underwriting,,797,0.332,5.237,false,0,Yuki Campbell,Cumulus WA Branch 1,Pacific,2025-09-01
LN-AP-004052,Ethan Thomas,Auto Loan,13850.31,Digital,E-0229,BR-025,2026-05-08,2026-06-07,2026-06-07,Funded,Funded,32.3,694,0.345,6.968,true,0,Marcus Wilson,Cumulus CA Branch 1,Pacific,2026-05-01
LN-AP-004053,Rosa Harris,30-Year Fixed Mortgage,448668.75,Loan Officer,E-0232,BR-018,2025-08-29,2025-09-27,2025-09-27,Funded,Funded,31.6,830,0.25,5.55,true,0,Tom Hall,Cumulus MN Branch 2,Midwest,2025-08-01
LN-AP-004054,Emma Thomas,15-Year Fixed Mortgage,446767.86,Digital,E-0218,BR-012,2026-05-25,2026-06-06,,Denied,Underwriting,,640,0.168,6.61,false,0,Carlos Scott,Cumulus NC Branch 2,Southeast,2026-05-01
LN-AP-004055,Emma Kim,15-Year Fixed Mortgage,209853.17,Broker,E-0211,BR-012,2025-08-22,2025-10-06,2025-10-06,Funded,Funded,48.8,574,0.269,6.217,true,0,Priya Young,Cumulus NC Branch 2,Southeast,2025-08-01
LN-AP-004056,Nina Johnson,HELOC,71205.33,Digital,E-0232,BR-018,2024-12-04,2025-01-03,2025-01-03,Funded,Funded,34.0,794,0.435,6.66,true,0,Tom Hall,Cumulus MN Branch 2,Midwest,2024-12-01
LN-AP-004057,Elena Bailey,30-Year Fixed Mortgage,530661.84,Branch,E-0208,BR-027,2026-06-24,2026-07-24,2026-07-24,Funded,Funded,34.0,690,0.417,6.324,true,0,Yuki Campbell,Cumulus WA Branch 1,Pacific,2026-06-01
LN-AP-004058,Lauren Clark,30-Year Fixed Mortgage,308409.24,Digital,E-0233,BR-025,2026-04-24,2026-05-17,2026-05-17,Funded,Funded,26.1,815,0.176,6.86,true,0,Jamal Adams,Cumulus CA Branch 1,Pacific,2026-04-01
LN-AP-004059,Ravi Kim,Refinance,319477.14,Loan Officer,E-0212,BR-004,2025-05-16,2025-05-30,2025-05-30,Funded,Funded,17.8,686,0.133,7.392,true,0,Isabella Phillips,Cumulus MA Branch 2,Northeast,2025-05-01
LN-AP-004060,Tom Morris,15-Year Fixed Mortgage,346712.66,Loan Officer,E-0222,BR-026,2026-01-31,2026-02-23,2026-02-23,Funded,Funded,25.5,744,0.258,7.195,true,0,Rosa Carter,Cumulus CA Branch 2,Pacific,2026-01-01
LN-AP-004061,Aisha Anderson,Auto Loan,21517.72,Branch,E-0215,BR-011,2025-08-06,2025-09-09,2025-09-09,Funded,Funded,38.0,664,0.385,7.526,true,0,Henry Patel,Cumulus NC Branch 1,Southeast,2025-08-01
LN-AP-004062,Priya Lewis,Auto Loan,16069.66,Branch,E-0230,BR-009,2025-08-13,2025-09-17,2025-09-17,Funded,Funded,39.2,676,0.2,5.802,true,0,Jamal Wright,Cumulus GA Branch 1,Southeast,2025-08-01
LN-AP-004063,Ben Ruiz,Auto Loan,47981.99,Loan Officer,E-0210,BR-019,2026-04-19,,,Withdrawn,Application Submitted,,711,0.261,5.165,false,0,Luis Garcia,Cumulus CO Branch 1,Mountain West,2026-04-01
LN-AP-004064,Maya Patel,HELOC,81491.51,Digital,E-0224,BR-027,2025-04-14,2025-06-08,2025-06-08,Funded,Funded,58.1,786,0.488,7.778,true,0,Priya Davis,Cumulus WA Branch 1,Pacific,2025-04-01
LN-AP-004065,Lauren Jackson,HELOC,182249.62,Digital,E-0234,BR-028,2025-10-19,2025-11-18,,Denied,Appraisal,,752,0.478,5.81,false,0,Henry Taylor,Cumulus WA Branch 2,Pacific,2025-10-01
LN-AP-004066,Zara Lewis,15-Year Fixed Mortgage,662270.92,Branch,E-0226,BR-010,2025-06-26,,,In Progress,Document Collection,,686,0.499,5.102,false,4,Andre Evans,Cumulus GA Branch 2,Southeast,2025-06-01
LN-AP-004067,Aisha Stewart,Refinance,187055.6,Digital,E-0224,BR-027,2025-10-31,,,Withdrawn,Appraisal,,688,0.263,5.278,false,0,Priya Davis,Cumulus WA Branch 1,Pacific,2025-10-01
LN-AP-004068,Amara Clark,30-Year Fixed Mortgage,391533.81,Digital,E-0221,BR-016,2025-04-22,2025-05-23,2025-05-23,Funded,Funded,35.0,728,0.333,5.273,true,0,Fatima Parker,Cumulus OH Branch 2,Midwest,2025-04-01
LN-AP-004069,Ines Ashford,Personal Loan,4499.68,Loan Officer,E-0209,BR-006,2024-10-08,2024-11-05,2024-11-05,Funded,Funded,31.3,656,0.295,8.049,true,0,Yuki Stewart,Cumulus CT Branch 2,Northeast,2024-10-01
LN-AP-004070,Aisha Ashford,HELOC,82126.19,Loan Officer,E-0235,BR-008,2025-08-15,2025-09-30,2025-09-30,Funded,Funded,48.9,623,0.329,5.568,true,0,Ava Harris,Cumulus FL Branch 2,Southeast,2025-08-01
LN-AP-004071,Leo Wright,HELOC,157412.06,Loan Officer,E-0221,BR-016,2026-02-11,2026-03-27,2026-03-27,Funded,Funded,48.4,793,0.122,8.205,true,0,Fatima Parker,Cumulus OH Branch 2,Midwest,2026-02-01
LN-AP-004072,Nora Nelson,Auto Loan,29125.49,Digital,E-0207,BR-022,2025-12-28,2026-02-03,2026-02-03,Funded,Funded,40.7,664,0.356,6.667,true,0,Priya Davis,Cumulus UT Branch 2,Mountain West,2025-12-01
LN-AP-004073,Priya Hall,HELOC,215621.96,Digital,E-0225,BR-021,2026-01-09,2026-01-25,,Denied,Document Collection,,813,0.342,6.547,false,0,Henry Okafor,Cumulus UT Branch 1,Mountain West,2026-01-01
LN-AP-004074,Rosa Davis,HELOC,45191.12,Loan Officer,E-0227,BR-016,2025-06-13,2025-07-27,2025-07-27,Funded,Funded,47.4,740,0.462,6.28,true,0,Zara Young,Cumulus OH Branch 2,Midwest,2025-06-01
LN-AP-004075,Andre Phillips,15-Year Fixed Mortgage,395604.19,Digital,E-0222,BR-026,2025-12-11,2026-01-03,2026-01-03,Funded,Funded,26.1,762,0.222,5.349,true,0,Rosa Carter,Cumulus CA Branch 2,Pacific,2025-12-01
LN-AP-004076,Carlos Vaughn,Auto Loan,29275.03,Loan Officer,E-0233,BR-025,2025-04-16,2025-05-14,2025-05-14,Funded,Funded,31.6,755,0.329,5.642,true,0,Jamal Adams,Cumulus CA Branch 1,Pacific,2025-04-01
LN-AP-004077,Nora Davis,Refinance,292992.38,Loan Officer,E-0207,BR-022,2026-03-30,,,Withdrawn,Application Submitted,,699,0.388,5.972,false,0,Priya Davis,Cumulus UT Branch 2,Mountain West,2026-03-01
LN-AP-004078,Felix Morris,Auto Loan,12440.62,Branch,E-0211,BR-012,2025-12-09,2026-01-14,2026-01-14,Funded,Funded,38.8,757,0.4,7.012,true,0,Priya Young,Cumulus NC Branch 2,Southeast,2025-12-01
LN-AP-004079,Elena Silva,Personal Loan,6925.31,Branch,E-0219,BR-025,2025-05-14,2025-06-14,2025-06-14,Funded,Funded,34.3,723,0.401,6.514,true,0,Rosa Hall,Cumulus CA Branch 1,Pacific,2025-05-01
LN-AP-004080,Lauren Hall,15-Year Fixed Mortgage,161318.06,Digital,E-0214,BR-027,2025-12-17,2026-01-17,2026-01-17,Funded,Funded,35.0,819,0.336,5.418,true,0,Amara Clark,Cumulus WA Branch 1,Pacific,2025-12-01
LN-AP-004081,Felix Wilson,30-Year Fixed Mortgage,365403.37,Digital,E-0215,BR-011,2026-08-31,,,In Progress,Conditional Approval,,646,0.493,6.245,false,3,Henry Patel,Cumulus NC Branch 1,Southeast,2026-08-01
LN-AP-004082,Wei Nguyen,Personal Loan,27824.04,Digital,E-0235,BR-008,2025-01-03,2025-02-02,2025-02-02,Funded,Funded,32.7,828,0.335,6.386,true,0,Ava Harris,Cumulus FL Branch 2,Southeast,2025-01-01
LN-AP-004083,Marcus Brown,HELOC,68184.53,Branch,E-0215,BR-011,2026-03-23,2026-04-22,2026-04-22,Funded,Funded,33.2,563,0.422,6.162,true,0,Henry Patel,Cumulus NC Branch 1,Southeast,2026-03-01
LN-AP-004084,Olivia Martinez,Refinance,234995.89,Loan Officer,E-0211,BR-012,2026-03-12,,,Withdrawn,Application Submitted,,758,0.222,8.465,false,0,Priya Young,Cumulus NC Branch 2,Southeast,2026-03-01
LN-AP-004085,Amara Brown,Refinance,804002.71,Loan Officer,E-0225,BR-021,2025-06-06,2025-07-11,2025-07-11,Funded,Funded,37.0,629,0.161,7.749,true,0,Henry Okafor,Cumulus UT Branch 1,Mountain West,2025-06-01
LN-AP-004086,Noah Ruiz,30-Year Fixed Mortgage,430196.68,Digital,E-0226,BR-010,2025-12-12,,,Withdrawn,Document Collection,,691,0.341,8.251,false,0,Andre Evans,Cumulus GA Branch 2,Southeast,2025-12-01
LN-AP-004087,Iris Edwards,30-Year Fixed Mortgage,258447.04,Branch,E-0231,BR-010,2025-07-19,2025-08-21,,Denied,Appraisal,,591,0.37,7.141,false,0,Maya Edwards,Cumulus GA Branch 2,Southeast,2025-07-01
LN-AP-004088,Lauren Clark,30-Year Fixed Mortgage,670408.11,Branch,E-0207,BR-022,2025-04-11,,,Withdrawn,Appraisal,,772,0.503,7.13,false,0,Priya Davis,Cumulus UT Branch 2,Mountain West,2025-04-01
LN-AP-004089,Hannah Jackson,HELOC,128924.18,Digital,E-0231,BR-010,2026-03-01,2026-03-30,2026-03-30,Funded,Funded,31.3,713,0.391,6.475,true,0,Maya Edwards,Cumulus GA Branch 2,Southeast,2026-03-01
LN-AP-004090,Mateo Baker,Personal Loan,6653.41,Digital,E-0215,BR-011,2026-02-06,2026-03-04,2026-03-04,Funded,Funded,28.5,731,0.272,6.745,true,0,Henry Patel,Cumulus NC Branch 1,Southeast,2026-02-01
LN-AP-004091,Ravi Jackson,Auto Loan,22154.73,Loan Officer,E-0229,BR-025,2025-03-16,2025-04-15,2025-04-15,Funded,Funded,34.9,654,0.207,7.837,true,0,Marcus Wilson,Cumulus CA Branch 1,Pacific,2025-03-01
LN-AP-004092,Amara Lopez,Auto Loan,118463.77,Branch,E-0218,BR-012,2026-04-23,2026-05-22,2026-05-22,Funded,Funded,33.7,679,0.224,5.163,true,0,Carlos Scott,Cumulus NC Branch 2,Southeast,2026-04-01
LN-AP-004093,Ava Ruiz,15-Year Fixed Mortgage,301906.35,Digital,E-0209,BR-006,2025-03-08,2025-04-19,2025-04-19,Funded,Funded,44.9,712,0.256,5.715,true,0,Yuki Stewart,Cumulus CT Branch 2,Northeast,2025-03-01
LN-AP-004094,Zara Wright,15-Year Fixed Mortgage,172917.76,Loan Officer,E-0235,BR-008,2026-02-26,2026-03-30,2026-03-30,Funded,Funded,36.6,796,0.259,7.129,true,0,Ava Harris,Cumulus FL Branch 2,Southeast,2026-02-01
LN-AP-004095,Hannah Brown,HELOC,24113.11,Digital,E-0207,BR-022,2025-07-22,2025-08-15,2025-08-15,Funded,Funded,27.8,822,0.401,7.254,true,0,Priya Davis,Cumulus UT Branch 2,Mountain West,2025-07-01
LN-AP-004096,Isabella Adams,Refinance,277089.99,Digital,E-0222,BR-026,2025-06-07,2025-07-01,2025-07-01,Funded,Funded,27.9,612,0.247,7.583,true,0,Rosa Carter,Cumulus CA Branch 2,Pacific,2025-06-01
LN-AP-004097,Kenji Green,Personal Loan,11547.1,Branch,E-0212,BR-004,2025-02-17,2025-03-13,2025-03-13,Funded,Funded,27.5,748,0.205,7.411,true,0,Isabella Phillips,Cumulus MA Branch 2,Northeast,2025-02-01
LN-AP-004098,Isabella Harris,Personal Loan,16716.09,Digital,E-0214,BR-027,2025-01-26,2025-03-17,2025-03-17,Funded,Funded,54.0,757,0.447,7.784,true,0,Amara Clark,Cumulus WA Branch 1,Pacific,2025-01-01
LN-AP-004099,Luis Moore,30-Year Fixed Mortgage,608638.6,Broker,E-0229,BR-025,2026-02-25,2026-03-27,2026-03-27,Funded,Funded,32.6,560,0.349,5.972,true,0,Marcus Wilson,Cumulus CA Branch 1,Pacific,2026-02-01
LN-AP-004100,Hannah Nguyen,Auto Loan,41632.75,Digital,E-0213,BR-023,2024-11-17,,,Withdrawn,Underwriting,,773,0.229,6.046,false,0,Jamal Lewis,Cumulus AZ Branch 1,Mountain West,2024-11-01
LN-AP-004101,Naomi Bailey,Refinance,650103.28,Digital,E-0225,BR-021,2026-03-04,,,Abandoned,Application Submitted,,737,0.216,6.885,false,0,Henry Okafor,Cumulus UT Branch 1,Mountain West,2026-03-01
LN-AP-004102,Ethan Lopez,Personal Loan,9191.92,Loan Officer,E-0230,BR-009,2025-03-30,2025-05-22,2025-05-22,Funded,Funded,56.0,662,0.277,8.314,true,0,Jamal Wright,Cumulus GA Branch 1,Southeast,2025-03-01
LN-AP-004103,Leo Anderson,HELOC,102594.03,Digital,E-0215,BR-011,2026-08-02,2026-08-27,2026-08-27,Funded,Funded,29.8,573,0.213,6.972,true,0,Henry Patel,Cumulus NC Branch 1,Southeast,2026-08-01
LN-AP-004104,Fatima Anderson,30-Year Fixed Mortgage,393342.44,Branch,E-0217,BR-015,2025-09-06,2025-10-02,2025-10-02,Funded,Funded,28.7,763,0.274,7.336,true,0,Amara Green,Cumulus OH Branch 1,Midwest,2025-09-01
LN-AP-004105,Rosa Vaughn,15-Year Fixed Mortgage,187019.23,Digital,E-0215,BR-011,2026-04-21,2026-05-16,,Denied,Appraisal,,580,0.446,8.013,false,0,Henry Patel,Cumulus NC Branch 1,Southeast,2026-04-01
LN-AP-004106,Naomi Campbell,30-Year Fixed Mortgage,462484.1,Loan Officer,E-0211,BR-012,2025-09-19,,,In Progress,Application Submitted,,682,0.517,5.579,false,5,Priya Young,Cumulus NC Branch 2,Southeast,2025-09-01
LN-AP-004107,Priya Moore,Personal Loan,19501.01,Digital,E-0211,BR-012,2025-04-17,2025-05-22,2025-05-22,Funded,Funded,38.6,804,0.253,8.621,true,0,Priya Young,Cumulus NC Branch 2,Southeast,2025-04-01
LN-AP-004108,Mei Patel,HELOC,85210.0,Branch,E-0207,BR-022,2026-07-04,2026-07-29,2026-07-29,Funded,Funded,28.6,749,0.262,7.882,true,0,Priya Davis,Cumulus UT Branch 2,Mountain West,2026-07-01
LN-AP-004109,Priya Johnson,Personal Loan,18270.17,Branch,E-0232,BR-018,2026-04-19,2026-05-02,,Denied,Underwriting,,829,0.247,6.25,false,0,Tom Hall,Cumulus MN Branch 2,Midwest,2026-04-01
LN-AP-004110,Andre Turner,Personal Loan,24886.19,Digital,E-0219,BR-025,2025-07-10,2025-08-15,2025-08-15,Funded,Funded,38.6,828,0.346,5.654,true,0,Rosa Hall,Cumulus CA Branch 1,Pacific,2025-07-01
LN-AP-004111,Ravi Garcia,Personal Loan,25806.26,Digital,E-0209,BR-006,2025-05-04,2025-06-09,2025-06-09,Funded,Funded,39.6,635,0.279,5.136,true,0,Yuki Stewart,Cumulus CT Branch 2,Northeast,2025-05-01
LN-AP-004112,Rosa Phillips,30-Year Fixed Mortgage,636441.42,Digital,E-0212,BR-004,2026-05-18,2026-06-15,2026-06-15,Funded,Funded,31.1,723,0.52,7.91,true,0,Isabella Phillips,Cumulus MA Branch 2,Northeast,2026-05-01
LN-AP-004113,Nora Walker,HELOC,114689.33,Digital,E-0217,BR-015,2025-07-02,2025-08-12,2025-08-12,Funded,Funded,46.7,740,0.445,6.912,true,0,Amara Green,Cumulus OH Branch 1,Midwest,2025-07-01
LN-AP-004114,Hannah Turner,HELOC,95801.45,Branch,E-0216,BR-013,2025-09-04,2025-09-23,2025-09-23,Funded,Funded,22.3,748,0.339,5.68,true,0,Daniel Morris,Cumulus IL Branch 1,Midwest,2025-09-01
LN-AP-004115,Olivia Chen,30-Year Fixed Mortgage,336569.24,Branch,E-0208,BR-027,2025-08-06,,,Withdrawn,Conditional Approval,,794,0.238,7.01,false,0,Yuki Campbell,Cumulus WA Branch 1,Pacific,2025-08-01
LN-AP-004116,Daniel Jackson,Auto Loan,53003.65,Digital,E-0214,BR-027,2024-12-09,2025-01-07,2025-01-07,Funded,Funded,32.8,589,0.16,5.348,true,0,Amara Clark,Cumulus WA Branch 1,Pacific,2024-12-01
LN-AP-004117,Amara Wright,HELOC,57151.83,Digital,E-0231,BR-010,2024-10-07,2024-10-24,2024-10-24,Funded,Funded,21.8,574,0.393,6.755,true,0,Maya Edwards,Cumulus GA Branch 2,Southeast,2024-10-01
LN-AP-004118,Isabella Edwards,HELOC,49087.85,Digital,E-0209,BR-006,2026-04-27,2026-06-03,2026-06-03,Funded,Funded,40.2,778,0.142,8.219,true,0,Yuki Stewart,Cumulus CT Branch 2,Northeast,2026-04-01
LN-AP-004119,Hannah Martinez,Refinance,468882.84,Loan Officer,E-0217,BR-015,2026-04-19,,,In Progress,Document Collection,,827,0.239,7.468,false,0,Amara Green,Cumulus OH Branch 1,Midwest,2026-04-01
LN-AP-004120,Layla Harris,HELOC,137719.48,Digital,E-0219,BR-025,2026-08-15,,,In Progress,Funded,,589,0.344,8.056,false,2,Rosa Hall,Cumulus CA Branch 1,Pacific,2026-08-01
LN-AP-004121,Layla Kim,Auto Loan,91290.15,Digital,E-0212,BR-004,2025-02-08,2025-03-03,2025-03-03,Funded,Funded,26.4,787,0.18,5.298,true,0,Isabella Phillips,Cumulus MA Branch 2,Northeast,2025-02-01
LN-AP-004122,Andre Vaughn,30-Year Fixed Mortgage,399479.24,Loan Officer,E-0226,BR-010,2026-07-02,2026-08-11,2026-08-11,Funded,Funded,43.8,787,0.434,5.425,true,0,Andre Evans,Cumulus GA Branch 2,Southeast,2026-07-01
LN-AP-004123,Olivia Wilson,30-Year Fixed Mortgage,416561.65,Digital,E-0233,BR-025,2025-12-08,,,Abandoned,Underwriting,,610,0.504,6.755,false,0,Jamal Adams,Cumulus CA Branch 1,Pacific,2025-12-01
LN-AP-004124,Ethan Ashford,Auto Loan,37736.74,Branch,E-0233,BR-025,2024-12-04,2025-01-19,2025-01-19,Funded,Funded,49.1,642,0.42,8.089,true,0,Jamal Adams,Cumulus CA Branch 1,Pacific,2024-12-01
LN-AP-004125,Sara Moore,Auto Loan,29307.67,Branch,E-0218,BR-012,2025-08-03,,,Withdrawn,Application Submitted,,822,0.325,5.677,false,0,Carlos Scott,Cumulus NC Branch 2,Southeast,2025-08-01
LN-AP-004126,Henry Wilson,15-Year Fixed Mortgage,539494.14,Digital,E-0211,BR-012,2025-11-25,2025-12-22,2025-12-22,Funded,Funded,31.0,761,0.486,7.296,true,0,Priya Young,Cumulus NC Branch 2,Southeast,2025-11-01
LN-AP-004127,Sara Roberts,Auto Loan,19174.45,Loan Officer,E-0225,BR-021,2026-07-12,2026-08-19,2026-08-19,Funded,Funded,41.7,651,0.197,6.023,true,0,Henry Okafor,Cumulus UT Branch 1,Mountain West,2026-07-01
LN-AP-004128,Henry Brown,Auto Loan,64036.87,Loan Officer,E-0223,BR-001,2025-03-03,2025-03-28,2025-03-28,Funded,Funded,28.7,803,0.189,6.201,true,0,Noah Adams,Cumulus NY Branch 1,Northeast,2025-03-01
LN-AP-004129,Tom Moore,HELOC,95494.87,Digital,E-0222,BR-026,2026-01-28,2026-02-23,2026-02-23,Funded,Funded,31.3,652,0.461,5.807,true,0,Rosa Carter,Cumulus CA Branch 2,Pacific,2026-01-01
LN-AP-004130,Ava Campbell,Auto Loan,15711.91,Digital,E-0215,BR-011,2025-10-20,2025-11-04,2025-11-04,Funded,Funded,19.2,784,0.294,8.339,true,0,Henry Patel,Cumulus NC Branch 1,Southeast,2025-10-01
LN-AP-004131,Amara Harris,30-Year Fixed Mortgage,144894.06,Digital,E-0234,BR-028,2026-07-13,2026-08-05,2026-08-05,Funded,Funded,25.0,728,0.462,8.396,true,0,Henry Taylor,Cumulus WA Branch 2,Pacific,2026-07-01
LN-AP-004132,Amara King,Auto Loan,11456.19,Digital,E-0223,BR-001,2025-09-07,2025-09-30,2025-09-30,Funded,Funded,26.6,770,0.429,8.778,true,0,Noah Adams,Cumulus NY Branch 1,Northeast,2025-09-01
LN-AP-004133,Iris King,HELOC,76694.55,Digital,E-0215,BR-011,2026-01-09,2026-02-13,2026-02-13,Funded,Funded,39.2,567,0.268,6.434,true,0,Henry Patel,Cumulus NC Branch 1,Southeast,2026-01-01
LN-AP-004134,Mateo Parker,Personal Loan,5356.45,Digital,E-0218,BR-012,2025-04-30,2025-06-05,2025-06-05,Funded,Funded,38.7,729,0.342,7.947,true,0,Carlos Scott,Cumulus NC Branch 2,Southeast,2025-04-01
LN-AP-004135,Zara Silva,Personal Loan,12658.12,Digital,E-0206,BR-020,2026-03-05,,,Abandoned,Conditional Approval,,786,0.291,8.807,false,0,Ben Taylor,Cumulus CO Branch 2,Mountain West,2026-03-01
LN-AP-004136,Mateo Lopez,30-Year Fixed Mortgage,883356.45,Digital,E-0224,BR-027,2025-06-05,2025-07-17,2025-07-17,Funded,Funded,45.4,596,0.332,8.064,true,0,Priya Davis,Cumulus WA Branch 1,Pacific,2025-06-01
LN-AP-004137,Ethan Parker,Auto Loan,27999.93,Branch,E-0229,BR-025,2024-11-07,2025-01-02,2025-01-02,Funded,Funded,60.4,825,0.393,5.968,true,0,Marcus Wilson,Cumulus CA Branch 1,Pacific,2024-11-01
LN-AP-004138,Julian Phillips,Personal Loan,13964.65,Digital,E-0223,BR-001,2025-03-29,2025-04-26,2025-04-26,Funded,Funded,31.3,723,0.436,7.164,true,0,Noah Adams,Cumulus NY Branch 1,Northeast,2025-03-01
LN-AP-004139,Luis Wilson,Personal Loan,24894.51,Digital,E-0226,BR-010,2025-05-20,,,In Progress,Appraisal,,708,0.322,8.747,false,0,Andre Evans,Cumulus GA Branch 2,Southeast,2025-05-01
LN-AP-004140,Amara Nelson,30-Year Fixed Mortgage,657147.79,Branch,E-0206,BR-020,2026-02-17,2026-03-09,2026-03-09,Funded,Funded,23.4,775,0.475,8.677,true,0,Ben Taylor,Cumulus CO Branch 2,Mountain West,2026-02-01
LN-AP-004141,Aisha Stewart,HELOC,199021.06,Branch,E-0233,BR-025,2025-03-02,2025-04-04,2025-04-04,Funded,Funded,36.6,738,0.459,6.201,true,0,Jamal Adams,Cumulus CA Branch 1,Pacific,2025-03-01
LN-AP-004142,Isabella Jackson,Refinance,411452.84,Loan Officer,E-0208,BR-027,2025-05-16,,,Withdrawn,Application Submitted,,726,0.234,8.022,false,0,Yuki Campbell,Cumulus WA Branch 1,Pacific,2025-05-01
LN-AP-004143,Noah Lopez,Personal Loan,7677.18,Digital,E-0207,BR-022,2025-01-10,2025-02-17,,Denied,Conditional Approval,,591,0.502,8.543,false,0,Priya Davis,Cumulus UT Branch 2,Mountain West,2025-01-01
LN-AP-004144,Ines Lewis,30-Year Fixed Mortgage,418834.91,Digital,E-0232,BR-018,2025-10-23,,,In Progress,Application Submitted,,814,0.25,6.734,false,4,Tom Hall,Cumulus MN Branch 2,Midwest,2025-10-01
LN-AP-004145,Amara White,30-Year Fixed Mortgage,770964.92,Digital,E-0208,BR-027,2025-11-26,2025-12-23,2025-12-23,Funded,Funded,29.6,805,0.153,6.629,true,0,Yuki Campbell,Cumulus WA Branch 1,Pacific,2025-11-01
LN-AP-004146,Kenji Silva,30-Year Fixed Mortgage,283360.15,Loan Officer,E-0224,BR-027,2025-06-24,,,In Progress,Document Collection,,609,0.215,7.304,false,5,Priya Davis,Cumulus WA Branch 1,Pacific,2025-06-01
LN-AP-004147,Olivia Adams,Auto Loan,30253.82,Digital,E-0212,BR-004,2024-11-07,2024-12-02,2024-12-02,Funded,Funded,29.1,652,0.229,6.098,true,0,Isabella Phillips,Cumulus MA Branch 2,Northeast,2024-11-01
LN-AP-004148,Mei Green,30-Year Fixed Mortgage,252373.86,Loan Officer,E-0214,BR-027,2024-11-21,2024-12-16,2024-12-16,Funded,Funded,28.0,562,0.374,7.553,true,0,Amara Clark,Cumulus WA Branch 1,Pacific,2024-11-01
LN-AP-004149,Ben Miller,HELOC,45199.49,Digital,E-0209,BR-006,2025-08-22,2025-09-19,2025-09-19,Funded,Funded,29.6,801,0.149,5.97,true,0,Yuki Stewart,Cumulus CT Branch 2,Northeast,2025-08-01
LN-AP-004150,Derek Harris,Personal Loan,11114.96,Loan Officer,E-0207,BR-022,2025-12-07,,,In Progress,Underwriting,,569,0.325,6.808,false,6,Priya Davis,Cumulus UT Branch 2,Mountain West,2025-12-01
LN-AP-004151,Sara Green,30-Year Fixed Mortgage,414471.21,Loan Officer,E-0215,BR-011,2025-11-18,2026-01-03,2026-01-03,Funded,Funded,49.9,661,0.182,7.294,true,0,Henry Patel,Cumulus NC Branch 1,Southeast,2025-11-01
LN-AP-004152,Tom Adams,HELOC,88508.14,Digital,E-0208,BR-027,2025-09-04,2025-10-03,2025-10-03,Funded,Funded,30.9,587,0.424,8.395,true,0,Yuki Campbell,Cumulus WA Branch 1,Pacific,2025-09-01
LN-AP-004153,Rosa King,30-Year Fixed Mortgage,400060.45,Loan Officer,E-0231,BR-010,2026-05-31,,,In Progress,Appraisal,,680,0.251,6.44,false,6,Maya Edwards,Cumulus GA Branch 2,Southeast,2026-05-01
LN-AP-004154,Ethan Silva,HELOC,66643.93,Broker,E-0225,BR-021,2025-05-29,,,Withdrawn,Application Submitted,,781,0.262,7.971,false,0,Henry Okafor,Cumulus UT Branch 1,Mountain West,2025-05-01
LN-AP-004155,Owen Evans,Auto Loan,25225.21,Digital,E-0215,BR-011,2025-02-12,2025-03-08,2025-03-08,Funded,Funded,28.6,662,0.402,6.05,true,0,Henry Patel,Cumulus NC Branch 1,Southeast,2025-02-01
LN-AP-004156,Derek Davis,30-Year Fixed Mortgage,208314.2,Digital,E-0223,BR-001,2025-11-12,,,Withdrawn,Document Collection,,776,0.192,6.254,false,0,Noah Adams,Cumulus NY Branch 1,Northeast,2025-11-01
LN-AP-004157,Jamal Chen,Auto Loan,59859.27,Broker,E-0222,BR-026,2025-02-24,,,Withdrawn,Appraisal,,613,0.398,8.598,false,0,Rosa Carter,Cumulus CA Branch 2,Pacific,2025-02-01
LN-AP-004158,Yuki Martinez,30-Year Fixed Mortgage,167192.33,Digital,E-0228,BR-013,2025-08-02,2025-08-27,2025-08-27,Funded,Funded,29.3,804,0.226,6.048,true,0,Kenji Silva,Cumulus IL Branch 1,Midwest,2025-08-01
LN-AP-004159,Felix Ruiz,HELOC,127648.11,Digital,E-0215,BR-011,2026-05-11,2026-06-06,2026-06-06,Funded,Funded,27.7,781,0.339,8.422,true,0,Henry Patel,Cumulus NC Branch 1,Southeast,2026-05-01
LN-AP-004160,Mateo Ashford,Personal Loan,5687.35,Digital,E-0216,BR-013,2026-04-16,,,Abandoned,Appraisal,,805,0.301,7.836,false,0,Daniel Morris,Cumulus IL Branch 1,Midwest,2026-04-01
LN-AP-004161,Nina Davis,15-Year Fixed Mortgage,183863.65,Loan Officer,E-0235,BR-008,2026-06-01,2026-06-26,2026-06-26,Funded,Funded,27.8,766,0.213,5.559,true,0,Ava Harris,Cumulus FL Branch 2,Southeast,2026-06-01
LN-AP-004162,Sara Martinez,30-Year Fixed Mortgage,879592.18,Loan Officer,E-0216,BR-013,2024-12-12,2025-01-08,2025-01-08,Funded,Funded,30.8,693,0.123,8.809,true,0,Daniel Morris,Cumulus IL Branch 1,Midwest,2024-12-01
LN-AP-004163,Sara Edwards,HELOC,52463.82,Branch,E-0207,BR-022,2025-09-22,2025-10-18,2025-10-18,Funded,Funded,30.0,648,0.295,5.103,true,0,Priya Davis,Cumulus UT Branch 2,Mountain West,2025-09-01
LN-AP-004164,Yuki Scott,30-Year Fixed Mortgage,338558.03,Digital,E-0214,BR-027,2024-12-31,,,In Progress,Appraisal,,766,0.427,8.073,false,0,Amara Clark,Cumulus WA Branch 1,Pacific,2024-12-01
LN-AP-004165,Marcus Bailey,HELOC,96328.2,Loan Officer,E-0213,BR-023,2025-06-10,2025-07-12,2025-07-12,Funded,Funded,35.0,824,0.137,6.25,true,0,Jamal Lewis,Cumulus AZ Branch 1,Mountain West,2025-06-01
LN-AP-004166,Emma Wilson,Auto Loan,86704.58,Digital,E-0230,BR-009,2025-06-03,2025-06-22,2025-06-22,Funded,Funded,22.3,807,0.285,7.075,true,0,Jamal Wright,Cumulus GA Branch 1,Southeast,2025-06-01
LN-AP-004167,Julian Moore,Refinance,878745.88,Digital,E-0235,BR-008,2025-05-20,2025-06-08,2025-06-08,Funded,Funded,22.0,696,0.18,6.33,true,0,Ava Harris,Cumulus FL Branch 2,Southeast,2025-05-01
LN-AP-004168,Sofia Nelson,HELOC,68348.88,Digital,E-0230,BR-009,2025-03-24,2025-04-20,2025-04-20,Funded,Funded,29.9,822,0.136,8.11,true,0,Jamal Wright,Cumulus GA Branch 1,Southeast,2025-03-01
LN-AP-004169,Yuki Edwards,30-Year Fixed Mortgage,272769.35,Digital,E-0212,BR-004,2025-01-27,2025-02-08,,Denied,Document Collection,,777,0.296,8.797,false,0,Isabella Phillips,Cumulus MA Branch 2,Northeast,2025-01-01
LN-AP-004170,Ravi Lopez,30-Year Fixed Mortgage,596459.7,Branch,E-0220,BR-005,2025-07-28,2025-08-25,2025-08-25,Funded,Funded,31.3,808,0.179,8.521,true,0,Luis Adams,Cumulus CT Branch 1,Northeast,2025-07-01
LN-AP-004171,Sara Baker,15-Year Fixed Mortgage,373925.58,Loan Officer,E-0213,BR-023,2026-01-10,2026-02-04,2026-02-04,Funded,Funded,28.2,738,0.22,7.3,true,0,Jamal Lewis,Cumulus AZ Branch 1,Mountain West,2026-01-01
LN-AP-004172,Luis Lopez,30-Year Fixed Mortgage,491200.26,Loan Officer,E-0212,BR-004,2026-02-02,2026-03-02,2026-03-02,Funded,Funded,31.0,749,0.452,8.626,true,0,Isabella Phillips,Cumulus MA Branch 2,Northeast,2026-02-01
LN-AP-004173,Hannah Evans,Auto Loan,107819.67,Digital,E-0213,BR-023,2026-06-05,2026-07-18,2026-07-18,Funded,Funded,46.1,584,0.14,6.308,true,0,Jamal Lewis,Cumulus AZ Branch 1,Mountain West,2026-06-01
LN-AP-004174,Mateo Evans,HELOC,134433.75,Broker,E-0209,BR-006,2026-06-07,,,Withdrawn,Application Submitted,,649,0.491,6.744,false,0,Yuki Stewart,Cumulus CT Branch 2,Northeast,2026-06-01
LN-AP-004175,Layla Jackson,Personal Loan,27014.98,Digital,E-0232,BR-018,2025-02-12,2025-03-08,2025-03-08,Funded,Funded,26.3,739,0.413,7.562,true,0,Tom Hall,Cumulus MN Branch 2,Midwest,2025-02-01
LN-AP-004176,Zara Nelson,Auto Loan,42594.53,Digital,E-0219,BR-025,2025-03-20,,,Withdrawn,Underwriting,,579,0.133,5.288,false,0,Rosa Hall,Cumulus CA Branch 1,Pacific,2025-03-01
LN-AP-004177,Ravi Thomas,HELOC,91689.7,Digital,E-0213,BR-023,2026-04-24,2026-05-20,2026-05-20,Funded,Funded,29.5,687,0.448,6.137,true,0,Jamal Lewis,Cumulus AZ Branch 1,Mountain West,2026-04-01
LN-AP-004178,Olivia Martinez,30-Year Fixed Mortgage,516860.7,Loan Officer,E-0220,BR-005,2025-05-12,2025-07-20,2025-07-20,Funded,Funded,72.9,775,0.414,8.005,true,0,Luis Adams,Cumulus CT Branch 1,Northeast,2025-05-01
LN-AP-004179,Andre Parker,Personal Loan,8625.86,Branch,E-0212,BR-004,2025-02-13,,,In Progress,Underwriting,,709,0.151,8.628,false,4,Isabella Phillips,Cumulus MA Branch 2,Northeast,2025-02-01
LN-AP-004180,Ravi Allen,Refinance,199240.03,Loan Officer,E-0221,BR-016,2025-07-30,,,Withdrawn,Application Submitted,,683,0.471,5.845,false,0,Fatima Parker,Cumulus OH Branch 2,Midwest,2025-07-01
LN-AP-004181,Leo Silva,Auto Loan,25786.81,Digital,E-0213,BR-023,2026-06-29,2026-07-30,2026-07-30,Funded,Funded,35.0,815,0.329,7.529,true,0,Jamal Lewis,Cumulus AZ Branch 1,Mountain West,2026-06-01
LN-AP-004182,Noah Thomas,Personal Loan,13345.99,Digital,E-0233,BR-025,2025-03-15,,,In Progress,Application Submitted,,689,0.379,8.419,false,2,Jamal Adams,Cumulus CA Branch 1,Pacific,2025-03-01
LN-AP-004183,Chloe Green,HELOC,67189.93,Digital,E-0218,BR-012,2024-10-05,2024-11-01,2024-11-01,Funded,Funded,31.0,639,0.355,6.088,true,0,Carlos Scott,Cumulus NC Branch 2,Southeast,2024-10-01
LN-AP-004184,Elena Miller,30-Year Fixed Mortgage,1119908.91,Loan Officer,E-0235,BR-008,2026-05-18,2026-07-02,2026-07-02,Funded,Funded,48.8,667,0.214,8.573,true,0,Ava Harris,Cumulus FL Branch 2,Southeast,2026-05-01
LN-AP-004185,Elena Morris,30-Year Fixed Mortgage,271640.16,Loan Officer,E-0212,BR-004,2025-04-21,2025-05-16,2025-05-16,Funded,Funded,28.9,646,0.301,6.927,true,0,Isabella Phillips,Cumulus MA Branch 2,Northeast,2025-04-01
LN-AP-004186,Ravi Lewis,Auto Loan,36561.18,Digital,E-0233,BR-025,2025-01-12,2025-02-17,2025-02-17,Funded,Funded,41.3,782,0.201,5.853,true,0,Jamal Adams,Cumulus CA Branch 1,Pacific,2025-01-01
LN-AP-004187,Ines Jackson,30-Year Fixed Mortgage,653893.58,Branch,E-0217,BR-015,2024-11-02,2024-12-10,2024-12-10,Funded,Funded,41.2,569,0.392,8.356,true,0,Amara Green,Cumulus OH Branch 1,Midwest,2024-11-01
LN-AP-004188,Sofia Baker,15-Year Fixed Mortgage,433914.95,Loan Officer,E-0209,BR-006,2025-01-22,2025-02-25,2025-02-25,Funded,Funded,38.1,734,0.328,7.476,true,0,Yuki Stewart,Cumulus CT Branch 2,Northeast,2025-01-01
LN-AP-004189,Kenji Young,30-Year Fixed Mortgage,452379.95,Digital,E-0231,BR-010,2026-01-17,2026-03-02,2026-03-02,Funded,Funded,46.8,742,0.414,8.213,true,0,Maya Edwards,Cumulus GA Branch 2,Southeast,2026-01-01
LN-AP-004190,Elena Ruiz,Refinance,298411.27,Digital,E-0222,BR-026,2025-07-11,2025-08-10,2025-08-10,Funded,Funded,34.2,650,0.441,8.017,true,0,Rosa Carter,Cumulus CA Branch 2,Pacific,2025-07-01
LN-AP-004191,Mei Chen,Auto Loan,13119.07,Loan Officer,E-0225,BR-021,2025-11-06,2025-12-25,2025-12-25,Funded,Funded,52.3,571,0.499,7.206,true,0,Henry Okafor,Cumulus UT Branch 1,Mountain West,2025-11-01
LN-AP-004192,Emma Thomas,Auto Loan,47508.0,Digital,E-0223,BR-001,2025-03-26,,,Withdrawn,Appraisal,,604,0.405,7.961,false,0,Noah Adams,Cumulus NY Branch 1,Northeast,2025-03-01
LN-AP-004193,Elena Clark,HELOC,22575.54,Digital,E-0232,BR-018,2026-04-03,,,In Progress,Underwriting,,796,0.297,5.829,false,5,Tom Hall,Cumulus MN Branch 2,Midwest,2026-04-01
LN-AP-004194,Jamal Hall,Personal Loan,27634.42,Digital,E-0207,BR-022,2025-06-05,2025-07-03,2025-07-03,Funded,Funded,31.4,806,0.425,6.569,true,0,Priya Davis,Cumulus UT Branch 2,Mountain West,2025-06-01
LN-AP-004195,Yuki Wilson,Auto Loan,64307.8,Broker,E-0209,BR-006,2025-03-19,,,Withdrawn,Document Collection,,825,0.459,8.208,false,0,Yuki Stewart,Cumulus CT Branch 2,Northeast,2025-03-01
LN-AP-004196,Wei Martinez,HELOC,111493.09,Broker,E-0214,BR-027,2026-01-16,2026-03-11,2026-03-11,Funded,Funded,58.7,584,0.248,5.785,true,0,Amara Clark,Cumulus WA Branch 1,Pacific,2026-01-01
LN-AP-004197,Victor Patel,30-Year Fixed Mortgage,319720.15,Digital,E-0215,BR-011,2025-08-31,2025-10-09,2025-10-09,Funded,Funded,43.4,574,0.313,8.555,true,0,Henry Patel,Cumulus NC Branch 1,Southeast,2025-08-01
LN-AP-004198,Leo Garcia,Auto Loan,20574.85,Digital,E-0223,BR-001,2025-04-24,2025-05-24,2025-05-24,Funded,Funded,34.5,770,0.147,6.781,true,0,Noah Adams,Cumulus NY Branch 1,Northeast,2025-04-01
LN-AP-004199,Henry Thomas,Personal Loan,17384.36,Digital,E-0230,BR-009,2026-04-01,2026-05-03,2026-05-03,Funded,Funded,35.2,712,0.318,7.226,true,0,Jamal Wright,Cumulus GA Branch 1,Southeast,2026-04-01
LN-AP-004200,Sofia Okafor,HELOC,120058.03,Branch,E-0211,BR-012,2026-02-20,2026-03-23,2026-03-23,Funded,Funded,33.9,645,0.204,8.048,true,0,Priya Young,Cumulus NC Branch 2,Southeast,2026-02-01
