HouseholdId,HouseholdName,Segment,BranchId,PrimaryBankerId,RelationshipStartDate,DigitalActive,NPS
RB-HH-00001,Bailey Household,Mass Affluent,BR-009,E-0038,2024-04-19,false,52
RB-HH-00002,Parker Household,Mass Affluent,BR-025,E-0040,2026-05-31,true,
RB-HH-00003,Miller Household,Mass Market,BR-016,E-0020,2013-01-07,true,
RB-HH-00004,Chen Household,Mass Affluent,BR-021,E-0040,2019-04-01,false,
RB-HH-00005,Adams Household,Mass Market,BR-030,E-0042,2020-10-15,true,
RB-HH-00006,Young Household,Mass Market,BR-017,E-0011,2016-06-23,false,-36
RB-HH-00007,Mitchell Household,Mass Market,BR-017,E-0050,2018-06-18,true,-39
RB-HH-00008,Green Household,Mass Affluent,BR-009,E-0047,2021-07-09,true,
RB-HH-00009,King Household,Mass Affluent,BR-009,E-0046,2022-01-03,true,
RB-HH-00010,Green Household,Mass Market,BR-028,E-0013,2026-03-30,false,60
RB-HH-00011,Martinez Household,Student,BR-024,E-0023,2020-12-10,true,43
RB-HH-00012,Anderson Household,Mass Market,BR-012,E-0019,2023-02-06,true,
RB-HH-00013,Morris Household,Mass Affluent,BR-014,E-0051,2026-02-10,true,
RB-HH-00014,Young Household,Premier,BR-008,E-0020,2018-06-25,false,
RB-HH-00015,Patel Household,Mass Affluent,BR-016,E-0049,2018-06-11,true,
RB-HH-00016,Edwards Household,Premier,BR-016,E-0009,2023-04-23,true,-72
RB-HH-00017,White Household,Mass Affluent,BR-015,E-0022,2018-10-09,true,
RB-HH-00018,Scott Household,Mass Affluent,BR-026,E-0014,2017-07-20,false,
RB-HH-00019,Lewis Household,Mass Market,BR-002,E-0012,2015-01-14,false,
RB-HH-00020,Young Household,Mass Market,BR-026,E-0045,2021-05-03,true,-53
RB-HH-00021,Turner Household,Mass Affluent,BR-016,E-0044,2019-07-28,true,
RB-HH-00022,Wilson Household,Mass Market,BR-030,E-0014,2024-09-17,true,-81
RB-HH-00023,Roberts Household,Mass Affluent,BR-025,E-0052,2017-07-11,false,-61
RB-HH-00024,Martinez Household,Mass Market,BR-001,E-0025,2013-11-24,false,
RB-HH-00025,Wilson Household,Mass Affluent,BR-010,E-0041,2023-01-05,false,
RB-HH-00026,Turner Household,Mass Affluent,BR-020,E-0006,2014-06-14,false,
RB-HH-00027,Allen Household,Student,BR-030,E-0016,2023-07-29,true,43
RB-HH-00028,Roberts Household,Mass Market,BR-006,E-0013,2022-04-06,true,
RB-HH-00029,Lewis Household,Mass Market,BR-005,E-0025,2024-08-05,true,
RB-HH-00030,Thomas Household,Mass Affluent,BR-025,E-0035,2016-11-25,false,67
RB-HH-00031,Campbell Household,Student,BR-011,E-0019,2018-06-28,true,
RB-HH-00032,Allen Household,Mass Market,BR-002,E-0051,2022-04-22,true,
RB-HH-00033,Martinez Household,Mass Affluent,BR-005,E-0038,2020-08-11,true,
RB-HH-00034,Bailey Household,Mass Affluent,BR-015,E-0004,2018-12-08,true,
RB-HH-00035,Collins Household,Mass Market,BR-006,E-0017,2014-04-22,false,
RB-HH-00036,Wilson Household,Student,BR-017,E-0027,2023-01-13,false,
RB-HH-00037,Garcia Household,Mass Affluent,BR-003,E-0023,2020-11-20,true,
RB-HH-00038,Anderson Household,Mass Market,BR-009,E-0057,2015-05-02,true,
RB-HH-00039,Johnson Household,Mass Affluent,BR-030,E-0046,2019-11-20,false,
RB-HH-00040,Baker Household,Mass Market,BR-013,E-0045,2018-08-09,true,
RB-HH-00041,Baker Household,Mass Market,BR-029,E-0057,2020-06-29,true,22
RB-HH-00042,King Household,Mass Market,BR-007,E-0019,2013-11-02,true,100
RB-HH-00043,Mitchell Household,Premier,BR-029,E-0003,2023-04-06,true,
RB-HH-00044,Nguyen Household,Mass Market,BR-019,E-0027,2014-07-10,true,50
RB-HH-00045,Thomas Household,Mass Market,BR-024,E-0034,2020-05-21,false,
RB-HH-00046,Nguyen Household,Mass Market,BR-015,E-0030,2018-10-11,true,
RB-HH-00047,Adams Household,Mass Market,BR-026,E-0043,2020-01-15,true,
RB-HH-00048,Wilson Household,Mass Market,BR-025,E-0022,2026-02-25,false,-86
RB-HH-00049,Brown Household,Mass Affluent,BR-021,E-0015,2019-09-21,true,28
RB-HH-00050,Wilson Household,Mass Affluent,BR-007,E-0041,2012-03-17,true,
RB-HH-00051,Nelson Household,Mass Market,BR-004,E-0047,2013-04-25,false,
RB-HH-00052,Hall Household,Mass Market,BR-027,E-0030,2021-12-17,false,
RB-HH-00053,Moore Household,Mass Market,BR-007,E-0060,2020-10-23,true,
RB-HH-00054,Parker Household,Mass Affluent,BR-015,E-0009,2021-04-04,true,
RB-HH-00055,Kim Household,Student,BR-006,E-0048,2023-07-11,true,-29
RB-HH-00056,Chen Household,Mass Affluent,BR-021,E-0005,2015-06-13,true,
RB-HH-00057,Ashford Household,Mass Market,BR-005,E-0057,2020-05-14,false,42
RB-HH-00058,Green Household,Mass Market,BR-019,E-0038,2016-10-08,false,
RB-HH-00059,Collins Household,Mass Market,BR-005,E-0012,2024-09-13,false,
RB-HH-00060,Chen Household,Mass Market,BR-019,E-0012,2020-06-12,true,67
RB-HH-00061,Nguyen Household,Mass Affluent,BR-006,E-0022,2022-03-03,true,-4
RB-HH-00062,Phillips Household,Student,BR-009,E-0037,2019-09-21,false,-65
RB-HH-00063,Bailey Household,Student,BR-003,E-0050,2020-12-16,true,50
RB-HH-00064,Moore Household,Mass Market,BR-017,E-0045,2017-11-27,true,72
RB-HH-00065,Allen Household,Mass Market,BR-026,E-0035,2012-09-23,true,75
RB-HH-00066,Scott Household,Mass Affluent,BR-016,E-0012,2021-06-15,true,
RB-HH-00067,Roberts Household,Mass Market,BR-029,E-0040,2018-06-05,true,
RB-HH-00068,Vaughn Household,Mass Market,BR-007,E-0007,2014-02-21,true,
RB-HH-00069,Johnson Household,Mass Affluent,BR-026,E-0018,2018-05-21,true,
RB-HH-00070,Allen Household,Mass Market,BR-001,E-0022,2021-06-04,true,
RB-HH-00071,Davis Household,Mass Market,BR-002,E-0042,2015-06-14,false,
RB-HH-00072,Nguyen Household,Mass Market,BR-022,E-0036,2015-06-16,true,64
RB-HH-00073,Hall Household,Mass Affluent,BR-008,E-0014,2020-05-30,false,
RB-HH-00074,Thomas Household,Mass Market,BR-015,E-0009,2017-12-10,true,
RB-HH-00075,Turner Household,Premier,BR-012,E-0028,2021-05-05,false,97
RB-HH-00076,Campbell Household,Mass Affluent,BR-007,E-0048,2023-10-04,true,98
RB-HH-00077,Ruiz Household,Mass Affluent,BR-029,E-0003,2017-09-23,true,78
RB-HH-00078,Lewis Household,Mass Market,BR-024,E-0021,2015-04-07,false,
RB-HH-00079,Johnson Household,Mass Affluent,BR-028,E-0046,2020-05-21,true,21
RB-HH-00080,Brown Household,Mass Market,BR-021,E-0034,2020-08-12,false,
RB-HH-00081,Thomas Household,Mass Affluent,BR-019,E-0012,2022-03-19,false,-91
RB-HH-00082,Chen Household,Mass Affluent,BR-018,E-0014,2012-04-02,true,
RB-HH-00083,Baker Household,Student,BR-003,E-0018,2012-09-12,true,36
RB-HH-00084,Carter Household,Mass Market,BR-015,E-0056,2023-09-19,true,-89
RB-HH-00085,Allen Household,Student,BR-003,E-0049,2022-06-11,true,78
RB-HH-00086,Walker Household,Mass Affluent,BR-007,E-0021,2018-09-21,true,
RB-HH-00087,Jackson Household,Mass Market,BR-030,E-0012,2022-03-11,true,
RB-HH-00088,Young Household,Student,BR-028,E-0050,2018-04-08,true,56
RB-HH-00089,Nelson Household,Mass Market,BR-009,E-0018,2018-03-04,false,-72
RB-HH-00090,Taylor Household,Mass Affluent,BR-024,E-0050,2016-05-15,true,
RB-HH-00091,Mitchell Household,Student,BR-009,E-0017,2015-12-28,true,
RB-HH-00092,Green Household,Mass Affluent,BR-011,E-0026,2013-03-28,true,
RB-HH-00093,Parker Household,Mass Market,BR-030,E-0048,2015-03-05,true,58
RB-HH-00094,King Household,Mass Market,BR-002,E-0051,2026-03-06,true,
RB-HH-00095,Mitchell Household,Premier,BR-013,E-0005,2022-07-25,true,11
RB-HH-00096,Miller Household,Mass Market,BR-029,E-0036,2017-02-24,true,
RB-HH-00097,Chen Household,Mass Affluent,BR-006,E-0024,2026-01-21,true,
RB-HH-00098,Chen Household,Premier,BR-007,E-0030,2013-12-16,true,
RB-HH-00099,Brown Household,Mass Affluent,BR-007,E-0003,2019-02-09,false,14
RB-HH-00100,Ruiz Household,Mass Market,BR-004,E-0026,2025-11-06,false,
RB-HH-00101,Miller Household,Mass Market,BR-012,E-0023,2019-11-18,true,
RB-HH-00102,Jackson Household,Mass Market,BR-028,E-0038,2013-04-24,true,
RB-HH-00103,Kim Household,Mass Market,BR-028,E-0036,2014-07-22,true,
RB-HH-00104,Nguyen Household,Mass Market,BR-023,E-0019,2015-11-08,false,
RB-HH-00105,Phillips Household,Mass Affluent,BR-004,E-0043,2023-08-30,false,
RB-HH-00106,White Household,Mass Affluent,BR-020,E-0050,2018-05-19,true,-89
RB-HH-00107,Roberts Household,Mass Market,BR-011,E-0052,2019-08-13,true,11
RB-HH-00108,Wright Household,Mass Affluent,BR-017,E-0028,2024-02-10,true,
RB-HH-00109,Adams Household,Mass Market,BR-008,E-0008,2015-05-13,true,-21
RB-HH-00110,Morris Household,Mass Market,BR-008,E-0048,2023-03-22,false,
RB-HH-00111,Lewis Household,Mass Affluent,BR-014,E-0018,2013-10-18,false,
RB-HH-00112,Parker Household,Mass Affluent,BR-030,E-0040,2026-01-20,true,18
RB-HH-00113,Clark Household,Mass Affluent,BR-019,E-0030,2013-12-03,true,-18
RB-HH-00114,Silva Household,Mass Market,BR-017,E-0058,2015-09-13,true,
RB-HH-00115,Bailey Household,Mass Market,BR-024,E-0018,2024-08-19,false,
RB-HH-00116,Young Household,Mass Market,BR-005,E-0007,2020-03-29,true,
RB-HH-00117,Phillips Household,Mass Market,BR-027,E-0017,2025-02-17,true,
RB-HH-00118,Vaughn Household,Mass Affluent,BR-028,E-0013,2013-12-06,true,
RB-HH-00119,Campbell Household,Mass Market,BR-006,E-0013,2022-07-11,true,-44
RB-HH-00120,Nguyen Household,Mass Market,BR-026,E-0054,2014-06-27,false,
RB-HH-00121,Clark Household,Mass Market,BR-030,E-0053,2018-04-10,false,
RB-HH-00122,Moore Household,Mass Market,BR-012,E-0049,2014-10-18,true,
RB-HH-00123,Allen Household,Premier,BR-023,E-0032,2021-05-08,false,-68
RB-HH-00124,Edwards Household,Mass Affluent,BR-005,E-0033,2026-04-10,true,
RB-HH-00125,Campbell Household,Mass Market,BR-018,E-0010,2016-02-05,true,-22
RB-HH-00126,Adams Household,Mass Market,BR-014,E-0002,2021-02-20,true,
RB-HH-00127,Miller Household,Mass Affluent,BR-013,E-0054,2015-02-18,false,
RB-HH-00128,King Household,Mass Market,BR-007,E-0053,2026-04-27,true,
RB-HH-00129,Wilson Household,Mass Market,BR-022,E-0032,2020-02-09,true,84
RB-HH-00130,Campbell Household,Premier,BR-002,E-0029,2013-03-24,true,
RB-HH-00131,Bailey Household,Mass Affluent,BR-010,E-0035,2015-04-07,true,-13
RB-HH-00132,Nelson Household,Mass Market,BR-012,E-0023,2012-09-02,true,12
RB-HH-00133,White Household,Mass Affluent,BR-013,E-0057,2014-06-28,true,16
RB-HH-00134,Taylor Household,Mass Affluent,BR-017,E-0028,2022-02-12,true,
RB-HH-00135,Stewart Household,Mass Affluent,BR-010,E-0050,2018-02-26,true,
RB-HH-00136,Silva Household,Mass Affluent,BR-025,E-0035,2018-09-20,true,-92
RB-HH-00137,Wright Household,Mass Affluent,BR-027,E-0031,2015-07-24,true,
RB-HH-00138,Clark Household,Mass Affluent,BR-021,E-0048,2022-05-11,true,
RB-HH-00139,Bailey Household,Mass Market,BR-014,E-0014,2014-05-17,true,2
RB-HH-00140,Mitchell Household,Mass Affluent,BR-017,E-0015,2023-04-17,true,
RB-HH-00141,Garcia Household,Mass Market,BR-008,E-0028,2022-06-23,true,
RB-HH-00142,Edwards Household,Mass Market,BR-011,E-0031,2016-05-22,true,-97
RB-HH-00143,Okafor Household,Mass Market,BR-022,E-0016,2025-07-03,true,
RB-HH-00144,Campbell Household,Mass Market,BR-025,E-0032,2022-08-12,false,
RB-HH-00145,Davis Household,Mass Market,BR-022,E-0035,2026-03-18,false,77
RB-HH-00146,Roberts Household,Mass Market,BR-020,E-0033,2014-10-08,true,
RB-HH-00147,Harris Household,Mass Affluent,BR-024,E-0024,2024-11-28,true,
RB-HH-00148,Wilson Household,Mass Affluent,BR-021,E-0050,2014-01-04,false,
RB-HH-00149,Patel Household,Mass Affluent,BR-001,E-0052,2019-01-18,true,-48
RB-HH-00150,Parker Household,Mass Market,BR-009,E-0042,2015-08-30,true,-35
RB-HH-00151,Carter Household,Mass Affluent,BR-019,E-0004,2026-05-03,false,
RB-HH-00152,Lewis Household,Mass Market,BR-012,E-0028,2023-01-13,true,
RB-HH-00153,Kim Household,Mass Affluent,BR-017,E-0048,2020-09-20,true,
RB-HH-00154,Thomas Household,Mass Market,BR-007,E-0018,2025-08-08,true,25
RB-HH-00155,Adams Household,Mass Affluent,BR-016,E-0056,2023-07-08,false,92
RB-HH-00156,Ruiz Household,Premier,BR-003,E-0057,2024-04-26,true,56
RB-HH-00157,Silva Household,Mass Affluent,BR-007,E-0052,2020-11-13,true,85
RB-HH-00158,Evans Household,Mass Affluent,BR-021,E-0051,2012-03-17,false,88
RB-HH-00159,King Household,Mass Affluent,BR-006,E-0010,2018-10-06,true,-74
RB-HH-00160,Lewis Household,Mass Market,BR-030,E-0055,2015-02-15,true,41
RB-HH-00161,Chen Household,Mass Affluent,BR-013,E-0015,2020-10-18,true,
RB-HH-00162,Baker Household,Mass Affluent,BR-007,E-0003,2017-05-22,true,
RB-HH-00163,White Household,Student,BR-017,E-0039,2023-09-26,false,-67
RB-HH-00164,Allen Household,Mass Market,BR-028,E-0025,2015-07-20,true,
RB-HH-00165,Patel Household,Mass Affluent,BR-025,E-0018,2017-08-26,true,-83
RB-HH-00166,Kim Household,Premier,BR-016,E-0008,2021-02-11,true,
RB-HH-00167,Lewis Household,Mass Market,BR-030,E-0041,2021-12-17,true,
RB-HH-00168,Patel Household,Mass Affluent,BR-027,E-0059,2017-11-01,false,-18
RB-HH-00169,Mitchell Household,Mass Affluent,BR-021,E-0003,2014-08-18,false,
RB-HH-00170,Turner Household,Mass Market,BR-027,E-0011,2012-10-03,false,4
RB-HH-00171,Carter Household,Mass Market,BR-018,E-0019,2025-06-30,true,43
RB-HH-00172,Turner Household,Mass Market,BR-025,E-0040,2013-01-20,true,
RB-HH-00173,Kim Household,Mass Market,BR-003,E-0045,2025-09-28,false,78
RB-HH-00174,Taylor Household,Mass Market,BR-007,E-0022,2016-09-05,false,
RB-HH-00175,Martinez Household,Mass Market,BR-021,E-0008,2016-12-03,true,
RB-HH-00176,Vaughn Household,Mass Market,BR-006,E-0030,2015-03-07,false,
RB-HH-00177,Moore Household,Mass Market,BR-018,E-0032,2017-09-07,true,-10
RB-HH-00178,Thomas Household,Mass Affluent,BR-030,E-0030,2015-05-15,true,42
RB-HH-00179,Clark Household,Mass Market,BR-010,E-0031,2019-12-15,true,
RB-HH-00180,Martinez Household,Student,BR-001,E-0027,2013-12-25,false,
RB-HH-00181,Chen Household,Mass Affluent,BR-010,E-0060,2012-02-22,false,
RB-HH-00182,Collins Household,Mass Affluent,BR-027,E-0029,2025-11-03,true,-95
RB-HH-00183,Garcia Household,Mass Market,BR-030,E-0059,2026-06-20,true,
RB-HH-00184,Young Household,Mass Market,BR-028,E-0012,2026-05-28,true,-47
RB-HH-00185,Stewart Household,Mass Market,BR-014,E-0022,2013-05-01,true,
RB-HH-00186,Collins Household,Premier,BR-001,E-0002,2016-05-26,true,
RB-HH-00187,Thomas Household,Mass Market,BR-007,E-0048,2020-01-03,false,
RB-HH-00188,Allen Household,Mass Affluent,BR-012,E-0051,2015-03-08,true,12
RB-HH-00189,Bailey Household,Mass Market,BR-009,E-0025,2022-06-25,false,
RB-HH-00190,Young Household,Mass Market,BR-028,E-0030,2012-05-21,true,
RB-HH-00191,Taylor Household,Mass Market,BR-008,E-0005,2023-05-15,true,
RB-HH-00192,Lewis Household,Mass Market,BR-008,E-0048,2014-08-03,false,
RB-HH-00193,Wright Household,Mass Market,BR-025,E-0009,2016-02-11,false,
RB-HH-00194,Stewart Household,Mass Market,BR-010,E-0029,2017-01-06,false,-34
RB-HH-00195,Anderson Household,Mass Affluent,BR-008,E-0031,2023-11-24,true,-24
RB-HH-00196,Okafor Household,Mass Market,BR-010,E-0015,2024-11-02,false,
RB-HH-00197,Scott Household,Mass Market,BR-014,E-0047,2017-07-30,false,-95
RB-HH-00198,Collins Household,Mass Market,BR-026,E-0054,2025-08-01,false,
RB-HH-00199,Moore Household,Mass Market,BR-001,E-0015,2022-01-10,true,
RB-HH-00200,Kim Household,Mass Affluent,BR-017,E-0048,2013-10-29,false,
RB-HH-00201,Walker Household,Mass Affluent,BR-021,E-0015,2019-09-26,true,
RB-HH-00202,Walker Household,Mass Affluent,BR-029,E-0014,2015-09-22,false,
RB-HH-00203,Roberts Household,Mass Affluent,BR-009,E-0037,2012-09-06,false,
RB-HH-00204,White Household,Premier,BR-011,E-0055,2019-02-05,false,50
RB-HH-00205,Turner Household,Mass Affluent,BR-009,E-0017,2014-01-27,true,
RB-HH-00206,Martinez Household,Mass Affluent,BR-026,E-0038,2024-12-01,false,
RB-HH-00207,Bailey Household,Mass Market,BR-028,E-0006,2017-06-27,true,
RB-HH-00208,Green Household,Mass Affluent,BR-026,E-0029,2023-04-05,true,
RB-HH-00209,Collins Household,Mass Market,BR-024,E-0026,2012-07-02,true,
RB-HH-00210,Nelson Household,Mass Market,BR-023,E-0005,2025-09-17,true,
RB-HH-00211,Campbell Household,Premier,BR-014,E-0018,2019-03-01,false,
RB-HH-00212,Johnson Household,Premier,BR-028,E-0030,2020-04-11,false,20
RB-HH-00213,Martinez Household,Mass Affluent,BR-025,E-0049,2014-07-04,false,68
RB-HH-00214,Davis Household,Mass Affluent,BR-024,E-0009,2015-04-15,true,
RB-HH-00215,Thomas Household,Mass Market,BR-016,E-0058,2020-07-08,true,
RB-HH-00216,Kim Household,Mass Affluent,BR-009,E-0006,2016-04-05,false,
RB-HH-00217,Campbell Household,Mass Market,BR-017,E-0042,2018-09-20,true,
RB-HH-00218,Campbell Household,Mass Market,BR-025,E-0020,2023-04-03,true,
RB-HH-00219,Collins Household,Mass Market,BR-030,E-0060,2018-10-23,true,86
RB-HH-00220,Anderson Household,Mass Market,BR-013,E-0004,2026-05-06,true,
RB-HH-00221,Wright Household,Premier,BR-002,E-0033,2020-05-17,true,
RB-HH-00222,Baker Household,Mass Affluent,BR-019,E-0021,2023-12-10,true,
RB-HH-00223,Okafor Household,Premier,BR-008,E-0014,2019-12-20,true,
RB-HH-00224,Wilson Household,Student,BR-008,E-0006,2026-06-08,false,
RB-HH-00225,Green Household,Mass Market,BR-003,E-0005,2014-07-09,false,
RB-HH-00226,Lopez Household,Mass Affluent,BR-007,E-0053,2024-12-11,true,
RB-HH-00227,Green Household,Mass Affluent,BR-007,E-0023,2023-10-15,true,35
RB-HH-00228,Lopez Household,Mass Market,BR-005,E-0049,2019-08-28,false,
RB-HH-00229,Jackson Household,Mass Affluent,BR-027,E-0018,2017-08-23,true,70
RB-HH-00230,Nelson Household,Mass Affluent,BR-027,E-0007,2024-11-28,true,
RB-HH-00231,Stewart Household,Mass Market,BR-007,E-0046,2022-11-20,true,
RB-HH-00232,Wilson Household,Mass Affluent,BR-008,E-0046,2026-06-19,false,
RB-HH-00233,Chen Household,Mass Market,BR-020,E-0049,2020-01-14,true,
RB-HH-00234,Campbell Household,Mass Affluent,BR-007,E-0032,2016-01-29,true,
RB-HH-00235,Roberts Household,Mass Affluent,BR-013,E-0042,2016-07-04,true,95
RB-HH-00236,Jackson Household,Mass Market,BR-018,E-0021,2013-01-27,true,-23
RB-HH-00237,Collins Household,Mass Market,BR-004,E-0051,2022-12-16,true,
RB-HH-00238,Davis Household,Premier,BR-007,E-0004,2020-10-10,true,
RB-HH-00239,Vaughn Household,Mass Affluent,BR-010,E-0012,2020-09-17,false,
RB-HH-00240,Morris Household,Mass Market,BR-010,E-0010,2022-07-19,true,
RB-HH-00241,Stewart Household,Mass Market,BR-014,E-0016,2014-12-05,false,
RB-HH-00242,Wilson Household,Mass Affluent,BR-001,E-0038,2021-05-15,false,-36
RB-HH-00243,Green Household,Premier,BR-028,E-0029,2016-02-23,true,-50
RB-HH-00244,Taylor Household,Mass Market,BR-024,E-0038,2015-10-29,true,19
RB-HH-00245,Young Household,Mass Market,BR-005,E-0022,2020-05-16,false,
RB-HH-00246,Wilson Household,Premier,BR-020,E-0047,2017-12-19,true,-51
RB-HH-00247,Bailey Household,Mass Affluent,BR-017,E-0019,2017-07-26,false,
RB-HH-00248,Evans Household,Mass Market,BR-021,E-0037,2024-10-01,true,
RB-HH-00249,Parker Household,Mass Market,BR-018,E-0013,2025-03-23,true,25
RB-HH-00250,Stewart Household,Mass Market,BR-028,E-0032,2020-09-18,false,
RB-HH-00251,Silva Household,Mass Affluent,BR-023,E-0018,2012-07-03,false,
RB-HH-00252,Jackson Household,Mass Affluent,BR-011,E-0023,2021-02-16,true,
RB-HH-00253,Thomas Household,Mass Affluent,BR-029,E-0033,2014-06-02,true,
RB-HH-00254,Ashford Household,Mass Market,BR-010,E-0038,2022-09-24,true,
RB-HH-00255,Brown Household,Mass Affluent,BR-009,E-0045,2023-08-04,true,
RB-HH-00256,White Household,Mass Market,BR-004,E-0006,2024-10-16,true,68
RB-HH-00257,Kim Household,Mass Market,BR-006,E-0041,2026-01-23,true,
RB-HH-00258,Wright Household,Mass Market,BR-013,E-0054,2017-01-14,false,57
RB-HH-00259,Phillips Household,Mass Market,BR-017,E-0049,2025-03-22,false,
RB-HH-00260,Roberts Household,Mass Market,BR-011,E-0030,2025-01-17,true,85
RB-HH-00261,Collins Household,Premier,BR-002,E-0018,2014-05-30,true,100
RB-HH-00262,Parker Household,Mass Market,BR-016,E-0025,2021-12-01,true,80
RB-HH-00263,Silva Household,Mass Affluent,BR-003,E-0036,2013-02-14,true,
RB-HH-00264,Wilson Household,Mass Market,BR-016,E-0009,2017-06-04,false,
RB-HH-00265,Wright Household,Mass Affluent,BR-026,E-0046,2021-02-01,false,
RB-HH-00266,Lopez Household,Mass Affluent,BR-021,E-0026,2017-06-25,true,
RB-HH-00267,Hall Household,Mass Affluent,BR-026,E-0023,2025-12-11,true,32
RB-HH-00268,Edwards Household,Mass Affluent,BR-030,E-0008,2013-10-17,true,
RB-HH-00269,Phillips Household,Mass Affluent,BR-014,E-0020,2013-10-26,true,
RB-HH-00270,Mitchell Household,Premier,BR-006,E-0022,2014-03-29,true,
RB-HH-00271,Okafor Household,Mass Market,BR-022,E-0016,2022-05-06,true,-80
RB-HH-00272,King Household,Mass Market,BR-012,E-0013,2019-09-27,true,-36
RB-HH-00273,Lewis Household,Mass Market,BR-002,E-0002,2021-02-18,true,
RB-HH-00274,Thomas Household,Mass Market,BR-014,E-0028,2016-07-29,false,95
RB-HH-00275,Mitchell Household,Mass Affluent,BR-012,E-0023,2015-12-16,true,-36
RB-HH-00276,Nguyen Household,Mass Market,BR-021,E-0048,2012-03-01,false,
RB-HH-00277,Evans Household,Mass Market,BR-009,E-0049,2024-05-04,false,
RB-HH-00278,Okafor Household,Mass Affluent,BR-008,E-0057,2014-10-18,false,54
RB-HH-00279,Allen Household,Mass Market,BR-009,E-0050,2012-04-22,true,
RB-HH-00280,Vaughn Household,Mass Affluent,BR-019,E-0034,2016-02-07,true,
RB-HH-00281,Stewart Household,Mass Market,BR-013,E-0013,2017-06-29,true,
RB-HH-00282,Lewis Household,Mass Market,BR-018,E-0049,2012-02-22,false,
RB-HH-00283,Evans Household,Mass Market,BR-007,E-0027,2014-06-07,true,
RB-HH-00284,Parker Household,Mass Market,BR-007,E-0025,2024-01-04,true,48
RB-HH-00285,Brown Household,Mass Market,BR-025,E-0043,2012-07-17,false,
RB-HH-00286,Garcia Household,Mass Affluent,BR-022,E-0031,2018-06-10,true,
RB-HH-00287,Turner Household,Mass Affluent,BR-029,E-0034,2012-02-10,true,
RB-HH-00288,Scott Household,Mass Market,BR-022,E-0025,2018-11-25,true,-26
RB-HH-00289,Bailey Household,Mass Market,BR-004,E-0033,2021-02-17,false,
RB-HH-00290,Clark Household,Student,BR-004,E-0059,2021-04-26,false,
RB-HH-00291,Ashford Household,Mass Market,BR-017,E-0016,2022-02-13,true,-81
RB-HH-00292,Mitchell Household,Mass Market,BR-004,E-0055,2022-11-19,true,
RB-HH-00293,Baker Household,Premier,BR-003,E-0019,2015-04-04,true,-2
RB-HH-00294,Jackson Household,Premier,BR-022,E-0049,2012-05-23,false,
RB-HH-00295,Johnson Household,Mass Affluent,BR-014,E-0059,2020-09-24,true,95
RB-HH-00296,Green Household,Mass Affluent,BR-012,E-0011,2016-07-17,true,
RB-HH-00297,Moore Household,Mass Affluent,BR-004,E-0017,2023-08-26,false,
RB-HH-00298,Brown Household,Mass Market,BR-005,E-0054,2015-11-01,true,
RB-HH-00299,Roberts Household,Premier,BR-001,E-0029,2018-03-01,true,57
RB-HH-00300,Mitchell Household,Mass Market,BR-009,E-0034,2020-10-25,true,-65
RB-HH-00301,Johnson Household,Mass Affluent,BR-001,E-0049,2022-12-09,false,-34
RB-HH-00302,Jackson Household,Mass Market,BR-001,E-0009,2017-04-09,false,
RB-HH-00303,Evans Household,Mass Market,BR-021,E-0048,2012-02-22,true,
RB-HH-00304,Clark Household,Mass Market,BR-006,E-0036,2022-05-22,true,
RB-HH-00305,Mitchell Household,Mass Affluent,BR-021,E-0012,2012-08-27,true,47
RB-HH-00306,Nguyen Household,Mass Affluent,BR-005,E-0036,2023-08-22,true,72
RB-HH-00307,Stewart Household,Mass Market,BR-022,E-0012,2017-04-23,true,-85
RB-HH-00308,Patel Household,Mass Market,BR-014,E-0043,2015-02-17,true,
RB-HH-00309,Garcia Household,Mass Affluent,BR-015,E-0043,2018-10-05,false,95
RB-HH-00310,Vaughn Household,Premier,BR-026,E-0046,2024-10-04,true,77
RB-HH-00311,Ruiz Household,Mass Affluent,BR-012,E-0031,2017-03-05,true,-58
RB-HH-00312,Jackson Household,Mass Market,BR-012,E-0051,2018-11-30,true,51
RB-HH-00313,Walker Household,Mass Affluent,BR-001,E-0012,2019-10-29,true,
RB-HH-00314,Evans Household,Mass Market,BR-019,E-0050,2024-05-19,true,
RB-HH-00315,Walker Household,Mass Market,BR-030,E-0040,2022-01-02,false,-33
RB-HH-00316,Kim Household,Mass Affluent,BR-027,E-0005,2024-04-04,false,
RB-HH-00317,Davis Household,Mass Market,BR-021,E-0032,2018-05-16,true,
RB-HH-00318,Moore Household,Mass Market,BR-011,E-0016,2012-12-24,false,30
RB-HH-00319,Nguyen Household,Premier,BR-015,E-0010,2014-03-04,true,
RB-HH-00320,Thomas Household,Mass Market,BR-011,E-0024,2022-12-28,false,-93
RB-HH-00321,Garcia Household,Premier,BR-008,E-0001,2021-07-17,true,-56
RB-HH-00322,Roberts Household,Mass Market,BR-024,E-0049,2023-12-09,true,
RB-HH-00323,Green Household,Mass Market,BR-004,E-0013,2015-06-16,false,
RB-HH-00324,Roberts Household,Premier,BR-011,E-0057,2018-11-08,true,
RB-HH-00325,Nelson Household,Mass Market,BR-022,E-0035,2020-08-28,false,
RB-HH-00326,Parker Household,Mass Affluent,BR-002,E-0001,2016-02-25,true,
RB-HH-00327,Allen Household,Premier,BR-011,E-0051,2014-03-11,true,97
RB-HH-00328,Harris Household,Mass Affluent,BR-010,E-0025,2023-12-25,false,
RB-HH-00329,Allen Household,Mass Market,BR-026,E-0022,2023-06-13,true,
RB-HH-00330,Lopez Household,Mass Market,BR-016,E-0038,2013-09-01,true,
RB-HH-00331,Green Household,Mass Market,BR-006,E-0017,2022-02-24,true,7
RB-HH-00332,Bailey Household,Mass Market,BR-007,E-0030,2013-08-03,false,
RB-HH-00333,Miller Household,Mass Affluent,BR-025,E-0040,2021-01-16,true,19
RB-HH-00334,Garcia Household,Premier,BR-023,E-0044,2015-12-22,false,
RB-HH-00335,Kim Household,Mass Market,BR-002,E-0003,2023-01-16,true,
RB-HH-00336,Baker Household,Mass Market,BR-016,E-0045,2014-10-23,false,
RB-HH-00337,Bailey Household,Premier,BR-029,E-0006,2020-08-11,true,-66
RB-HH-00338,Garcia Household,Mass Market,BR-028,E-0036,2020-06-02,true,48
RB-HH-00339,Ruiz Household,Mass Market,BR-017,E-0022,2013-01-20,true,-100
RB-HH-00340,Patel Household,Student,BR-015,E-0057,2012-11-28,true,
RB-HH-00341,Edwards Household,Mass Affluent,BR-019,E-0017,2016-12-12,true,-39
RB-HH-00342,Bailey Household,Premier,BR-007,E-0009,2013-10-09,true,-95
RB-HH-00343,Collins Household,Mass Affluent,BR-007,E-0011,2012-07-26,false,
RB-HH-00344,Patel Household,Mass Affluent,BR-023,E-0050,2016-11-17,false,
RB-HH-00345,Young Household,Mass Market,BR-026,E-0009,2017-01-30,true,-11
RB-HH-00346,King Household,Premier,BR-008,E-0036,2024-07-25,true,-78
RB-HH-00347,Wilson Household,Mass Affluent,BR-028,E-0005,2014-07-28,true,75
RB-HH-00348,Taylor Household,Premier,BR-019,E-0006,2024-12-03,false,
RB-HH-00349,Walker Household,Mass Market,BR-021,E-0003,2024-09-13,false,
RB-HH-00350,Taylor Household,Mass Affluent,BR-014,E-0003,2017-10-05,false,4
RB-HH-00351,Thomas Household,Mass Market,BR-012,E-0011,2023-11-12,true,
RB-HH-00352,Lewis Household,Mass Market,BR-009,E-0049,2024-08-03,true,51
RB-HH-00353,Johnson Household,Mass Market,BR-028,E-0003,2022-09-28,true,
RB-HH-00354,Parker Household,Mass Affluent,BR-030,E-0014,2013-07-17,true,-24
RB-HH-00355,Campbell Household,Mass Market,BR-001,E-0043,2022-02-09,false,
RB-HH-00356,Jackson Household,Premier,BR-012,E-0001,2021-10-24,false,22
RB-HH-00357,White Household,Mass Market,BR-014,E-0051,2025-06-22,false,-33
RB-HH-00358,Johnson Household,Mass Market,BR-004,E-0025,2019-03-10,false,65
RB-HH-00359,Turner Household,Mass Market,BR-001,E-0057,2020-12-15,true,54
RB-HH-00360,Davis Household,Mass Affluent,BR-008,E-0049,2012-11-27,true,
RB-HH-00361,Harris Household,Mass Market,BR-013,E-0020,2014-12-30,false,
RB-HH-00362,Carter Household,Mass Market,BR-003,E-0040,2022-01-05,true,
RB-HH-00363,Parker Household,Mass Affluent,BR-027,E-0011,2024-08-29,false,15
RB-HH-00364,Green Household,Mass Affluent,BR-014,E-0047,2020-04-20,false,62
RB-HH-00365,Kim Household,Mass Affluent,BR-009,E-0041,2026-04-10,true,
RB-HH-00366,Anderson Household,Mass Affluent,BR-018,E-0007,2020-07-16,true,
RB-HH-00367,Phillips Household,Mass Affluent,BR-004,E-0001,2024-06-23,false,
RB-HH-00368,White Household,Mass Market,BR-016,E-0022,2021-06-18,true,
RB-HH-00369,Anderson Household,Mass Affluent,BR-015,E-0017,2023-03-11,true,
RB-HH-00370,Allen Household,Mass Affluent,BR-030,E-0031,2017-04-24,false,
RB-HH-00371,Edwards Household,Mass Market,BR-021,E-0050,2015-03-02,true,
RB-HH-00372,Taylor Household,Mass Affluent,BR-012,E-0031,2024-03-08,true,42
RB-HH-00373,Clark Household,Mass Market,BR-028,E-0006,2022-09-30,true,-59
RB-HH-00374,Campbell Household,Mass Affluent,BR-020,E-0031,2017-02-09,true,
RB-HH-00375,Roberts Household,Premier,BR-025,E-0034,2020-10-09,false,-54
RB-HH-00376,Phillips Household,Mass Affluent,BR-005,E-0028,2021-06-26,true,-5
RB-HH-00377,Scott Household,Mass Market,BR-010,E-0030,2016-08-19,true,
RB-HH-00378,Harris Household,Mass Market,BR-003,E-0019,2022-02-06,true,-15
RB-HH-00379,Harris Household,Mass Affluent,BR-025,E-0027,2012-02-08,true,-55
RB-HH-00380,Wilson Household,Student,BR-021,E-0059,2012-01-30,true,37
RB-HH-00381,Edwards Household,Premier,BR-002,E-0005,2015-10-27,false,-79
RB-HH-00382,Miller Household,Premier,BR-016,E-0051,2015-03-26,true,77
RB-HH-00383,Turner Household,Mass Market,BR-001,E-0030,2016-11-06,true,92
RB-HH-00384,Mitchell Household,Mass Market,BR-019,E-0048,2022-01-02,false,
RB-HH-00385,Allen Household,Mass Market,BR-005,E-0025,2013-04-26,false,
RB-HH-00386,Ashford Household,Mass Market,BR-026,E-0015,2018-04-01,true,
RB-HH-00387,Morris Household,Mass Affluent,BR-005,E-0013,2022-03-30,false,
RB-HH-00388,Phillips Household,Mass Affluent,BR-025,E-0052,2018-12-06,true,62
RB-HH-00389,Johnson Household,Mass Affluent,BR-009,E-0058,2015-01-18,true,
RB-HH-00390,Taylor Household,Mass Market,BR-008,E-0027,2013-11-11,true,
RB-HH-00391,Brown Household,Premier,BR-028,E-0051,2025-12-26,true,
RB-HH-00392,Johnson Household,Mass Affluent,BR-021,E-0050,2014-10-10,true,
RB-HH-00393,Walker Household,Mass Market,BR-028,E-0046,2021-01-01,true,
RB-HH-00394,Lewis Household,Mass Affluent,BR-025,E-0048,2014-03-21,true,
RB-HH-00395,Scott Household,Mass Market,BR-030,E-0008,2013-09-23,true,
RB-HH-00396,Baker Household,Mass Market,BR-001,E-0029,2019-12-30,true,
RB-HH-00397,Davis Household,Premier,BR-018,E-0037,2015-01-26,true,
RB-HH-00398,Moore Household,Mass Affluent,BR-013,E-0026,2017-06-30,true,
RB-HH-00399,White Household,Mass Market,BR-002,E-0029,2014-04-13,true,28
RB-HH-00400,Chen Household,Mass Market,BR-014,E-0001,2021-12-27,true,-48
RB-HH-00401,Ruiz Household,Mass Market,BR-026,E-0059,2023-09-27,false,
RB-HH-00402,White Household,Mass Market,BR-023,E-0042,2015-04-21,true,-81
RB-HH-00403,Bailey Household,Mass Market,BR-006,E-0012,2021-04-08,false,
RB-HH-00404,Hall Household,Mass Market,BR-006,E-0018,2020-06-13,true,
RB-HH-00405,Baker Household,Mass Market,BR-005,E-0011,2023-01-23,true,
RB-HH-00406,Chen Household,Mass Market,BR-029,E-0013,2017-07-18,true,-58
RB-HH-00407,Clark Household,Mass Market,BR-005,E-0029,2013-09-14,false,-5
RB-HH-00408,Allen Household,Mass Market,BR-021,E-0016,2013-02-08,true,
RB-HH-00409,Garcia Household,Student,BR-006,E-0021,2021-10-21,false,
RB-HH-00410,Stewart Household,Mass Market,BR-013,E-0057,2018-09-22,true,
RB-HH-00411,Ruiz Household,Mass Market,BR-002,E-0026,2012-01-03,true,
RB-HH-00412,King Household,Mass Market,BR-008,E-0001,2013-01-18,true,35
RB-HH-00413,Scott Household,Premier,BR-004,E-0013,2022-04-24,true,
RB-HH-00414,Davis Household,Mass Market,BR-007,E-0047,2017-12-20,true,-100
RB-HH-00415,Clark Household,Premier,BR-009,E-0055,2022-06-25,true,
RB-HH-00416,Carter Household,Mass Market,BR-025,E-0033,2023-05-16,true,94
RB-HH-00417,Clark Household,Mass Market,BR-023,E-0017,2024-07-31,true,
RB-HH-00418,Vaughn Household,Mass Market,BR-029,E-0050,2017-04-28,false,63
RB-HH-00419,Moore Household,Mass Affluent,BR-011,E-0002,2012-06-06,true,
RB-HH-00420,Phillips Household,Mass Affluent,BR-022,E-0032,2012-02-18,true,91
RB-HH-00421,Scott Household,Mass Affluent,BR-010,E-0032,2015-11-27,true,-35
RB-HH-00422,Collins Household,Mass Affluent,BR-028,E-0058,2025-08-20,false,-49
RB-HH-00423,Mitchell Household,Mass Market,BR-016,E-0058,2026-04-03,false,
RB-HH-00424,King Household,Mass Market,BR-022,E-0043,2025-11-16,true,
RB-HH-00425,Thomas Household,Mass Market,BR-017,E-0014,2022-04-23,true,-53
RB-HH-00426,Clark Household,Mass Affluent,BR-009,E-0040,2020-10-19,true,70
RB-HH-00427,Parker Household,Mass Market,BR-008,E-0059,2024-03-14,true,
RB-HH-00428,Harris Household,Student,BR-029,E-0056,2016-12-26,true,-63
RB-HH-00429,Edwards Household,Mass Market,BR-003,E-0005,2018-06-27,true,58
RB-HH-00430,Kim Household,Mass Market,BR-013,E-0026,2020-11-16,true,
RB-HH-00431,Carter Household,Mass Market,BR-008,E-0008,2024-07-02,true,
RB-HH-00432,Edwards Household,Mass Affluent,BR-008,E-0020,2021-12-02,true,-4
RB-HH-00433,Mitchell Household,Mass Affluent,BR-013,E-0038,2016-03-10,true,
RB-HH-00434,Hall Household,Mass Market,BR-028,E-0054,2018-01-10,false,-1
RB-HH-00435,Evans Household,Mass Market,BR-020,E-0020,2015-01-13,true,-91
RB-HH-00436,Taylor Household,Mass Market,BR-026,E-0039,2023-05-08,true,
RB-HH-00437,Scott Household,Mass Market,BR-028,E-0033,2023-10-21,true,
RB-HH-00438,King Household,Mass Affluent,BR-016,E-0034,2020-12-09,true,
RB-HH-00439,Lopez Household,Mass Market,BR-013,E-0021,2014-05-22,true,
RB-HH-00440,Parker Household,Mass Market,BR-010,E-0003,2022-05-29,true,
RB-HH-00441,Hall Household,Mass Market,BR-025,E-0030,2021-06-02,false,32
RB-HH-00442,Campbell Household,Mass Affluent,BR-015,E-0038,2012-08-08,false,
RB-HH-00443,Roberts Household,Mass Affluent,BR-013,E-0012,2014-07-27,false,
RB-HH-00444,Johnson Household,Mass Affluent,BR-017,E-0056,2023-08-19,false,
RB-HH-00445,Roberts Household,Mass Market,BR-020,E-0004,2015-03-10,true,
RB-HH-00446,Brown Household,Mass Affluent,BR-019,E-0022,2024-07-17,true,
RB-HH-00447,Anderson Household,Mass Market,BR-023,E-0012,2014-09-29,true,
RB-HH-00448,Collins Household,Premier,BR-025,E-0052,2015-05-26,true,
RB-HH-00449,Walker Household,Mass Affluent,BR-009,E-0035,2012-11-20,true,
RB-HH-00450,Harris Household,Premier,BR-005,E-0025,2013-03-06,true,25
RB-HH-00451,Patel Household,Mass Affluent,BR-024,E-0006,2020-05-20,false,-50
RB-HH-00452,Stewart Household,Mass Affluent,BR-002,E-0026,2026-02-24,true,
RB-HH-00453,Stewart Household,Mass Market,BR-022,E-0024,2020-06-21,true,69
RB-HH-00454,Walker Household,Mass Market,BR-007,E-0033,2020-12-18,true,
RB-HH-00455,Nelson Household,Mass Market,BR-014,E-0018,2022-08-08,false,-37
RB-HH-00456,Davis Household,Mass Affluent,BR-020,E-0057,2024-04-02,false,-76
RB-HH-00457,Phillips Household,Mass Market,BR-029,E-0014,2020-11-13,false,70
RB-HH-00458,Phillips Household,Mass Market,BR-030,E-0007,2020-12-24,true,67
RB-HH-00459,Anderson Household,Premier,BR-025,E-0014,2021-10-12,true,
RB-HH-00460,Turner Household,Mass Market,BR-013,E-0036,2017-09-05,false,-18
RB-HH-00461,Moore Household,Student,BR-008,E-0002,2020-04-12,true,
RB-HH-00462,Lewis Household,Mass Market,BR-022,E-0052,2014-04-01,true,
RB-HH-00463,Hall Household,Mass Market,BR-020,E-0001,2018-02-13,true,
RB-HH-00464,Ashford Household,Mass Market,BR-010,E-0027,2022-03-09,true,
RB-HH-00465,Martinez Household,Mass Market,BR-026,E-0001,2020-06-17,true,-16
RB-HH-00466,Thomas Household,Mass Market,BR-006,E-0033,2012-02-09,false,16
RB-HH-00467,Green Household,Student,BR-010,E-0039,2015-02-11,false,-78
RB-HH-00468,Parker Household,Mass Market,BR-014,E-0010,2016-02-18,false,83
RB-HH-00469,Patel Household,Mass Market,BR-012,E-0031,2021-05-17,true,47
RB-HH-00470,Jackson Household,Mass Market,BR-014,E-0016,2015-01-14,true,
RB-HH-00471,Silva Household,Mass Affluent,BR-019,E-0037,2015-05-01,false,
RB-HH-00472,Baker Household,Mass Market,BR-014,E-0029,2023-06-20,true,
RB-HH-00473,Mitchell Household,Mass Market,BR-029,E-0032,2016-01-09,true,-19
RB-HH-00474,Parker Household,Mass Affluent,BR-018,E-0010,2017-06-13,true,
RB-HH-00475,Stewart Household,Mass Affluent,BR-009,E-0054,2013-03-01,true,-34
RB-HH-00476,Allen Household,Mass Market,BR-015,E-0054,2022-02-09,true,55
RB-HH-00477,Nelson Household,Mass Market,BR-011,E-0010,2024-03-26,true,-39
RB-HH-00478,Taylor Household,Mass Market,BR-006,E-0025,2021-08-23,true,
RB-HH-00479,Ruiz Household,Premier,BR-023,E-0010,2016-05-03,true,-45
RB-HH-00480,Silva Household,Premier,BR-017,E-0013,2018-06-13,false,57
RB-HH-00481,Jackson Household,Mass Affluent,BR-028,E-0055,2016-07-23,true,28
RB-HH-00482,Okafor Household,Mass Affluent,BR-003,E-0036,2019-07-31,true,
RB-HH-00483,Evans Household,Mass Affluent,BR-010,E-0058,2017-10-01,false,
RB-HH-00484,Wright Household,Mass Affluent,BR-006,E-0012,2021-07-14,true,
RB-HH-00485,Silva Household,Mass Market,BR-021,E-0002,2015-03-03,true,-74
RB-HH-00486,Garcia Household,Mass Market,BR-029,E-0051,2023-03-07,true,-66
RB-HH-00487,Wilson Household,Mass Affluent,BR-018,E-0027,2019-12-09,false,
RB-HH-00488,Garcia Household,Mass Affluent,BR-002,E-0045,2026-04-07,true,
RB-HH-00489,Campbell Household,Mass Affluent,BR-004,E-0034,2020-02-25,true,
RB-HH-00490,Hall Household,Mass Market,BR-025,E-0033,2017-10-10,true,
RB-HH-00491,Davis Household,Mass Market,BR-018,E-0053,2014-10-21,false,
RB-HH-00492,Silva Household,Mass Market,BR-026,E-0029,2016-10-16,false,
RB-HH-00493,Ruiz Household,Mass Affluent,BR-008,E-0036,2025-09-30,true,-21
RB-HH-00494,Collins Household,Mass Market,BR-008,E-0036,2015-10-16,true,-92
RB-HH-00495,Allen Household,Mass Affluent,BR-014,E-0010,2025-11-01,true,-71
RB-HH-00496,Harris Household,Mass Affluent,BR-018,E-0014,2021-04-28,true,-36
RB-HH-00497,Evans Household,Student,BR-029,E-0028,2013-09-22,true,
RB-HH-00498,Scott Household,Premier,BR-027,E-0034,2025-03-26,true,
RB-HH-00499,Ashford Household,Mass Market,BR-003,E-0056,2023-10-26,true,
RB-HH-00500,Bailey Household,Mass Market,BR-009,E-0007,2019-01-15,true,
RB-HH-00501,Wilson Household,Premier,BR-023,E-0020,2014-12-22,true,
RB-HH-00502,Okafor Household,Mass Affluent,BR-001,E-0020,2021-11-07,true,
RB-HH-00503,Turner Household,Mass Market,BR-020,E-0059,2016-01-07,true,99
RB-HH-00504,Thomas Household,Mass Market,BR-001,E-0044,2015-12-26,true,4
RB-HH-00505,Walker Household,Mass Affluent,BR-027,E-0001,2017-07-30,true,
RB-HH-00506,Patel Household,Premier,BR-001,E-0056,2021-09-19,true,-34
RB-HH-00507,Anderson Household,Student,BR-017,E-0005,2026-02-10,true,
RB-HH-00508,Evans Household,Mass Affluent,BR-007,E-0017,2021-01-14,true,
RB-HH-00509,Anderson Household,Mass Market,BR-026,E-0050,2020-05-24,true,
RB-HH-00510,Collins Household,Mass Market,BR-024,E-0027,2020-05-10,true,
RB-HH-00511,Wilson Household,Mass Market,BR-018,E-0057,2019-02-20,true,
RB-HH-00512,Martinez Household,Mass Market,BR-029,E-0025,2020-06-07,true,
RB-HH-00513,Campbell Household,Premier,BR-011,E-0052,2025-11-26,true,
RB-HH-00514,Clark Household,Mass Market,BR-017,E-0031,2016-05-01,true,
RB-HH-00515,Vaughn Household,Mass Market,BR-002,E-0044,2013-11-03,false,
RB-HH-00516,Roberts Household,Mass Market,BR-024,E-0023,2024-10-02,true,
RB-HH-00517,Clark Household,Premier,BR-029,E-0042,2012-07-07,false,61
RB-HH-00518,Martinez Household,Mass Market,BR-009,E-0037,2013-01-26,false,12
RB-HH-00519,Jackson Household,Mass Market,BR-005,E-0023,2026-04-08,true,
RB-HH-00520,Turner Household,Mass Market,BR-011,E-0040,2021-02-10,true,96
RB-HH-00521,Wilson Household,Mass Affluent,BR-014,E-0004,2013-11-09,false,
RB-HH-00522,Turner Household,Student,BR-006,E-0057,2020-01-06,false,
RB-HH-00523,Ashford Household,Mass Market,BR-016,E-0029,2021-09-28,true,
RB-HH-00524,Morris Household,Mass Market,BR-005,E-0010,2024-01-12,true,41
RB-HH-00525,Evans Household,Mass Market,BR-019,E-0003,2023-08-16,false,
RB-HH-00526,Martinez Household,Mass Market,BR-014,E-0044,2017-08-09,true,9
RB-HH-00527,White Household,Mass Market,BR-022,E-0030,2017-02-13,false,
RB-HH-00528,Lopez Household,Mass Affluent,BR-003,E-0044,2014-11-18,false,
RB-HH-00529,Patel Household,Mass Market,BR-004,E-0052,2023-12-09,true,
RB-HH-00530,Nguyen Household,Premier,BR-001,E-0017,2023-09-18,true,-32
RB-HH-00531,Nguyen Household,Mass Market,BR-001,E-0042,2022-10-29,false,6
RB-HH-00532,Phillips Household,Student,BR-002,E-0047,2022-11-29,true,-67
RB-HH-00533,Wright Household,Mass Market,BR-005,E-0028,2024-10-24,false,
RB-HH-00534,Kim Household,Mass Market,BR-002,E-0033,2022-02-18,false,
RB-HH-00535,Taylor Household,Mass Market,BR-015,E-0043,2021-10-08,false,-29
RB-HH-00536,Moore Household,Mass Market,BR-019,E-0020,2022-01-30,true,
RB-HH-00537,Anderson Household,Mass Affluent,BR-006,E-0003,2021-02-15,true,
RB-HH-00538,Ruiz Household,Mass Market,BR-025,E-0020,2014-01-10,true,23
RB-HH-00539,Scott Household,Mass Market,BR-030,E-0038,2024-12-07,true,
RB-HH-00540,Brown Household,Mass Market,BR-025,E-0011,2021-02-05,false,
RB-HH-00541,Martinez Household,Mass Market,BR-019,E-0008,2024-08-11,true,
RB-HH-00542,Young Household,Mass Market,BR-030,E-0045,2013-07-28,true,
RB-HH-00543,Jackson Household,Mass Market,BR-021,E-0004,2024-09-23,true,
RB-HH-00544,Moore Household,Mass Market,BR-025,E-0053,2016-02-02,true,
RB-HH-00545,Allen Household,Mass Affluent,BR-020,E-0037,2012-11-06,false,
RB-HH-00546,Moore Household,Mass Market,BR-028,E-0045,2019-10-11,true,
RB-HH-00547,Martinez Household,Mass Affluent,BR-001,E-0035,2020-05-24,true,
RB-HH-00548,Green Household,Premier,BR-001,E-0028,2014-09-12,false,-81
RB-HH-00549,Nelson Household,Mass Market,BR-022,E-0028,2012-07-15,false,
RB-HH-00550,Hall Household,Mass Market,BR-001,E-0015,2012-08-23,false,96
RB-HH-00551,Walker Household,Premier,BR-019,E-0002,2012-09-22,true,
RB-HH-00552,Anderson Household,Student,BR-012,E-0019,2019-07-23,true,
RB-HH-00553,Brown Household,Mass Affluent,BR-017,E-0045,2016-05-13,true,
RB-HH-00554,Evans Household,Mass Affluent,BR-006,E-0033,2012-04-08,true,
RB-HH-00555,Silva Household,Mass Market,BR-010,E-0001,2015-03-31,true,
RB-HH-00556,Silva Household,Mass Affluent,BR-026,E-0009,2019-01-27,false,68
RB-HH-00557,Jackson Household,Mass Affluent,BR-025,E-0023,2017-03-29,false,
RB-HH-00558,Miller Household,Premier,BR-012,E-0015,2024-09-23,false,
RB-HH-00559,Kim Household,Mass Market,BR-028,E-0021,2022-05-16,true,83
RB-HH-00560,Bailey Household,Mass Market,BR-026,E-0050,2025-12-25,true,-78
RB-HH-00561,Wright Household,Mass Market,BR-005,E-0017,2014-08-11,false,
RB-HH-00562,Wright Household,Mass Affluent,BR-009,E-0016,2026-02-15,true,
RB-HH-00563,Turner Household,Mass Affluent,BR-007,E-0023,2022-12-18,false,-12
RB-HH-00564,Jackson Household,Mass Affluent,BR-006,E-0015,2021-07-28,false,
RB-HH-00565,White Household,Mass Market,BR-003,E-0047,2019-05-04,true,81
RB-HH-00566,Thomas Household,Premier,BR-027,E-0028,2025-09-24,true,
RB-HH-00567,Hall Household,Mass Market,BR-015,E-0035,2024-05-20,true,
RB-HH-00568,Carter Household,Mass Market,BR-002,E-0051,2019-11-28,true,
RB-HH-00569,Ashford Household,Student,BR-019,E-0055,2019-12-31,false,
RB-HH-00570,Baker Household,Mass Market,BR-025,E-0037,2022-06-26,true,82
RB-HH-00571,Johnson Household,Mass Market,BR-021,E-0033,2023-12-28,true,
RB-HH-00572,Kim Household,Mass Market,BR-026,E-0040,2022-02-07,true,
RB-HH-00573,Silva Household,Mass Market,BR-027,E-0002,2021-10-24,false,-61
RB-HH-00574,Vaughn Household,Mass Affluent,BR-013,E-0047,2015-03-10,false,
RB-HH-00575,Brown Household,Mass Affluent,BR-026,E-0010,2014-07-10,true,-94
RB-HH-00576,Parker Household,Mass Market,BR-029,E-0011,2024-04-12,false,-51
RB-HH-00577,Wright Household,Mass Market,BR-021,E-0028,2012-09-29,true,
RB-HH-00578,Nguyen Household,Mass Market,BR-003,E-0060,2024-10-18,false,20
RB-HH-00579,Collins Household,Mass Market,BR-021,E-0039,2021-06-21,true,
RB-HH-00580,Clark Household,Mass Affluent,BR-019,E-0033,2013-04-22,true,
RB-HH-00581,Scott Household,Premier,BR-022,E-0001,2019-07-06,false,-59
RB-HH-00582,Chen Household,Mass Market,BR-023,E-0039,2021-10-03,true,
RB-HH-00583,Green Household,Mass Affluent,BR-026,E-0009,2026-01-11,true,
RB-HH-00584,Collins Household,Premier,BR-018,E-0030,2014-01-16,false,
RB-HH-00585,Hall Household,Mass Market,BR-023,E-0016,2019-09-03,false,66
RB-HH-00586,Anderson Household,Student,BR-016,E-0035,2013-07-20,true,
RB-HH-00587,Martinez Household,Premier,BR-015,E-0029,2012-08-25,true,
RB-HH-00588,Taylor Household,Mass Affluent,BR-005,E-0029,2023-01-05,true,
RB-HH-00589,Patel Household,Mass Market,BR-005,E-0004,2016-03-24,false,-39
RB-HH-00590,Mitchell Household,Mass Affluent,BR-009,E-0046,2020-03-24,true,53
RB-HH-00591,Evans Household,Mass Market,BR-005,E-0028,2026-01-15,true,-24
RB-HH-00592,King Household,Mass Market,BR-016,E-0058,2023-08-24,true,-86
RB-HH-00593,Morris Household,Mass Market,BR-007,E-0055,2012-09-07,false,
RB-HH-00594,Moore Household,Mass Market,BR-013,E-0050,2013-12-24,true,
RB-HH-00595,Morris Household,Mass Affluent,BR-006,E-0033,2017-07-14,true,
RB-HH-00596,Allen Household,Mass Market,BR-008,E-0034,2026-02-03,true,90
RB-HH-00597,Brown Household,Mass Market,BR-019,E-0021,2014-08-20,false,
RB-HH-00598,Edwards Household,Mass Market,BR-023,E-0053,2013-11-09,true,
RB-HH-00599,Brown Household,Mass Market,BR-030,E-0006,2024-06-11,false,
RB-HH-00600,Wilson Household,Mass Market,BR-008,E-0032,2012-10-14,true,
RB-HH-00601,Patel Household,Mass Affluent,BR-015,E-0053,2017-10-13,false,-3
RB-HH-00602,Green Household,Premier,BR-020,E-0013,2015-01-19,true,-34
RB-HH-00603,King Household,Mass Affluent,BR-028,E-0020,2018-10-13,false,
RB-HH-00604,King Household,Mass Market,BR-017,E-0043,2012-10-28,true,
RB-HH-00605,Patel Household,Mass Market,BR-007,E-0004,2023-07-08,true,-62
RB-HH-00606,Parker Household,Mass Market,BR-014,E-0060,2022-01-12,false,
RB-HH-00607,Moore Household,Mass Affluent,BR-024,E-0058,2019-04-21,true,
RB-HH-00608,Ashford Household,Mass Affluent,BR-004,E-0057,2013-11-02,true,-71
RB-HH-00609,Miller Household,Mass Market,BR-016,E-0001,2026-05-26,true,
RB-HH-00610,Silva Household,Premier,BR-019,E-0033,2023-02-09,true,
RB-HH-00611,Mitchell Household,Student,BR-020,E-0006,2018-11-03,true,
RB-HH-00612,Moore Household,Premier,BR-023,E-0021,2015-04-27,true,
RB-HH-00613,Mitchell Household,Mass Affluent,BR-007,E-0033,2018-02-07,true,
RB-HH-00614,Roberts Household,Premier,BR-026,E-0060,2022-11-21,true,-50
RB-HH-00615,Scott Household,Premier,BR-025,E-0023,2014-11-10,true,
RB-HH-00616,Kim Household,Mass Market,BR-018,E-0013,2014-04-21,true,
RB-HH-00617,Miller Household,Mass Affluent,BR-006,E-0054,2025-10-19,true,92
RB-HH-00618,Ashford Household,Mass Market,BR-007,E-0011,2016-03-05,true,
RB-HH-00619,Adams Household,Mass Market,BR-013,E-0044,2022-01-28,true,
RB-HH-00620,Walker Household,Mass Market,BR-007,E-0001,2018-09-18,false,50
RB-HH-00621,Adams Household,Mass Market,BR-016,E-0039,2013-08-20,true,42
RB-HH-00622,Baker Household,Mass Market,BR-015,E-0020,2017-01-06,true,30
RB-HH-00623,Young Household,Mass Affluent,BR-011,E-0031,2016-06-30,false,
RB-HH-00624,King Household,Mass Market,BR-028,E-0003,2026-04-27,true,-7
RB-HH-00625,Bailey Household,Mass Market,BR-016,E-0014,2013-03-29,false,
RB-HH-00626,Miller Household,Mass Market,BR-029,E-0056,2020-04-28,true,
RB-HH-00627,Hall Household,Mass Market,BR-029,E-0009,2022-09-30,true,-98
RB-HH-00628,Anderson Household,Mass Market,BR-004,E-0041,2025-08-31,true,-17
RB-HH-00629,Evans Household,Mass Affluent,BR-001,E-0049,2018-08-06,true,89
RB-HH-00630,King Household,Mass Market,BR-022,E-0029,2019-05-25,true,
RB-HH-00631,King Household,Mass Affluent,BR-024,E-0025,2018-10-02,true,98
RB-HH-00632,Martinez Household,Mass Market,BR-008,E-0036,2020-08-09,false,
RB-HH-00633,Green Household,Mass Market,BR-014,E-0038,2012-12-14,true,71
RB-HH-00634,Patel Household,Mass Affluent,BR-020,E-0027,2017-05-16,true,
RB-HH-00635,Miller Household,Mass Market,BR-005,E-0036,2023-01-02,true,
RB-HH-00636,Lopez Household,Mass Market,BR-006,E-0019,2015-05-21,true,
RB-HH-00637,Evans Household,Mass Market,BR-027,E-0037,2023-03-25,false,
RB-HH-00638,Anderson Household,Mass Market,BR-015,E-0054,2015-06-23,true,56
RB-HH-00639,Allen Household,Mass Affluent,BR-029,E-0054,2021-10-16,true,48
RB-HH-00640,Lewis Household,Mass Market,BR-009,E-0047,2025-01-25,false,
RB-HH-00641,Collins Household,Premier,BR-015,E-0003,2026-05-08,true,18
RB-HH-00642,Jackson Household,Mass Market,BR-024,E-0025,2019-11-10,false,
RB-HH-00643,Silva Household,Mass Market,BR-012,E-0052,2024-08-16,false,
RB-HH-00644,Anderson Household,Mass Market,BR-018,E-0009,2014-07-14,true,
RB-HH-00645,Parker Household,Mass Market,BR-017,E-0052,2022-09-16,true,-16
RB-HH-00646,Allen Household,Mass Affluent,BR-030,E-0005,2019-05-30,true,50
RB-HH-00647,Wright Household,Premier,BR-009,E-0010,2014-07-28,false,34
RB-HH-00648,Harris Household,Mass Market,BR-021,E-0054,2021-03-29,true,
RB-HH-00649,Chen Household,Mass Market,BR-014,E-0047,2012-04-11,true,52
RB-HH-00650,Wright Household,Mass Affluent,BR-002,E-0033,2018-10-15,false,
RB-HH-00651,Ashford Household,Mass Market,BR-011,E-0054,2017-09-04,true,
RB-HH-00652,Jackson Household,Mass Market,BR-030,E-0052,2022-05-12,false,-30
RB-HH-00653,Turner Household,Mass Market,BR-011,E-0046,2022-06-27,false,20
RB-HH-00654,King Household,Mass Market,BR-016,E-0057,2015-03-12,true,7
RB-HH-00655,Roberts Household,Mass Market,BR-018,E-0003,2015-01-08,true,
RB-HH-00656,Chen Household,Mass Affluent,BR-014,E-0045,2022-05-31,true,-4
RB-HH-00657,Ashford Household,Mass Affluent,BR-004,E-0035,2026-04-19,true,
RB-HH-00658,Brown Household,Student,BR-023,E-0056,2023-10-15,true,
RB-HH-00659,Parker Household,Mass Market,BR-004,E-0030,2012-04-22,true,18
RB-HH-00660,Collins Household,Student,BR-026,E-0033,2014-04-08,false,
RB-HH-00661,Vaughn Household,Mass Market,BR-026,E-0030,2020-03-27,true,
RB-HH-00662,Parker Household,Mass Affluent,BR-022,E-0037,2025-09-15,true,
RB-HH-00663,Nelson Household,Mass Affluent,BR-030,E-0021,2013-01-08,false,
RB-HH-00664,Turner Household,Mass Market,BR-026,E-0014,2023-02-22,true,43
RB-HH-00665,Nguyen Household,Mass Market,BR-015,E-0037,2015-03-20,true,71
RB-HH-00666,Moore Household,Mass Market,BR-014,E-0055,2023-03-14,true,6
RB-HH-00667,Evans Household,Mass Affluent,BR-010,E-0022,2025-03-07,true,
RB-HH-00668,Okafor Household,Premier,BR-026,E-0022,2016-11-09,false,-9
RB-HH-00669,Wilson Household,Mass Affluent,BR-021,E-0006,2015-07-07,false,49
RB-HH-00670,Parker Household,Mass Market,BR-015,E-0028,2019-08-10,true,
RB-HH-00671,White Household,Mass Market,BR-002,E-0038,2016-07-03,true,30
RB-HH-00672,Wilson Household,Student,BR-027,E-0048,2023-03-06,false,
RB-HH-00673,Taylor Household,Premier,BR-019,E-0054,2023-10-03,false,
RB-HH-00674,King Household,Mass Market,BR-030,E-0032,2020-02-27,true,
RB-HH-00675,Nguyen Household,Mass Market,BR-003,E-0013,2024-09-16,false,-95
RB-HH-00676,Baker Household,Mass Affluent,BR-030,E-0057,2017-07-20,true,38
RB-HH-00677,Green Household,Mass Market,BR-002,E-0019,2016-03-25,false,-18
RB-HH-00678,Vaughn Household,Mass Market,BR-017,E-0038,2026-05-07,false,
RB-HH-00679,Kim Household,Premier,BR-006,E-0052,2022-01-05,true,44
RB-HH-00680,Edwards Household,Mass Market,BR-019,E-0004,2021-06-27,true,
RB-HH-00681,Davis Household,Mass Market,BR-001,E-0060,2026-05-14,false,
RB-HH-00682,Brown Household,Mass Affluent,BR-012,E-0010,2018-12-25,false,
RB-HH-00683,Hall Household,Mass Market,BR-013,E-0049,2015-04-13,true,
RB-HH-00684,Campbell Household,Mass Market,BR-006,E-0017,2025-07-19,false,-96
RB-HH-00685,Martinez Household,Premier,BR-021,E-0059,2016-07-24,true,
RB-HH-00686,Ruiz Household,Mass Market,BR-011,E-0032,2018-10-30,true,19
RB-HH-00687,Miller Household,Mass Market,BR-006,E-0043,2012-04-13,true,
RB-HH-00688,Hall Household,Mass Market,BR-026,E-0039,2023-09-15,true,70
RB-HH-00689,Martinez Household,Mass Affluent,BR-030,E-0036,2016-03-15,true,76
RB-HH-00690,Baker Household,Mass Market,BR-015,E-0026,2018-02-02,true,
RB-HH-00691,Roberts Household,Premier,BR-020,E-0013,2016-10-26,true,20
RB-HH-00692,Nguyen Household,Mass Market,BR-027,E-0020,2012-01-25,false,
RB-HH-00693,Turner Household,Mass Market,BR-003,E-0008,2014-10-04,false,
RB-HH-00694,Martinez Household,Mass Market,BR-003,E-0033,2014-01-21,true,
RB-HH-00695,Stewart Household,Premier,BR-002,E-0040,2020-11-10,false,
RB-HH-00696,Miller Household,Mass Market,BR-011,E-0037,2022-07-10,true,
RB-HH-00697,Anderson Household,Mass Market,BR-003,E-0009,2020-09-25,true,-21
RB-HH-00698,Roberts Household,Premier,BR-006,E-0053,2024-05-09,false,
RB-HH-00699,Miller Household,Mass Market,BR-024,E-0018,2013-05-02,true,1
RB-HH-00700,Patel Household,Student,BR-002,E-0013,2017-03-10,true,
RB-HH-00701,Turner Household,Premier,BR-021,E-0006,2016-08-12,true,
RB-HH-00702,Patel Household,Premier,BR-020,E-0038,2025-03-21,false,54
RB-HH-00703,Hall Household,Mass Affluent,BR-016,E-0039,2019-10-10,false,75
RB-HH-00704,Garcia Household,Mass Affluent,BR-019,E-0052,2013-12-20,true,23
RB-HH-00705,Lewis Household,Mass Market,BR-030,E-0023,2020-01-16,false,-17
RB-HH-00706,Carter Household,Mass Market,BR-019,E-0020,2023-10-15,true,
RB-HH-00707,Chen Household,Mass Market,BR-016,E-0026,2025-11-29,false,55
RB-HH-00708,Thomas Household,Mass Market,BR-021,E-0025,2020-10-26,true,
RB-HH-00709,Evans Household,Premier,BR-014,E-0029,2021-04-13,false,-58
RB-HH-00710,Davis Household,Mass Market,BR-016,E-0060,2021-10-30,true,
RB-HH-00711,Carter Household,Mass Market,BR-002,E-0026,2022-02-08,true,0
RB-HH-00712,Ashford Household,Mass Affluent,BR-020,E-0050,2012-04-16,true,48
RB-HH-00713,Miller Household,Mass Market,BR-001,E-0033,2016-05-29,true,93
RB-HH-00714,Ruiz Household,Mass Affluent,BR-003,E-0046,2024-07-12,true,-92
RB-HH-00715,Edwards Household,Mass Market,BR-026,E-0052,2023-08-16,true,
RB-HH-00716,Roberts Household,Mass Market,BR-011,E-0056,2019-07-25,false,
RB-HH-00717,Vaughn Household,Mass Market,BR-016,E-0052,2016-01-13,false,
RB-HH-00718,Green Household,Mass Market,BR-022,E-0040,2012-03-15,true,
RB-HH-00719,Carter Household,Mass Market,BR-006,E-0037,2015-10-24,false,
RB-HH-00720,Edwards Household,Mass Affluent,BR-009,E-0022,2016-06-20,true,
RB-HH-00721,Jackson Household,Mass Market,BR-025,E-0034,2020-05-28,true,68
RB-HH-00722,Walker Household,Mass Market,BR-005,E-0029,2020-10-20,true,-60
RB-HH-00723,Brown Household,Mass Affluent,BR-011,E-0054,2019-01-24,true,-46
RB-HH-00724,Bailey Household,Mass Market,BR-025,E-0057,2022-07-16,true,42
RB-HH-00725,Lewis Household,Mass Affluent,BR-020,E-0022,2022-11-01,false,76
RB-HH-00726,Martinez Household,Mass Affluent,BR-008,E-0015,2012-04-03,true,
RB-HH-00727,Ashford Household,Mass Affluent,BR-023,E-0057,2019-01-14,true,
RB-HH-00728,Adams Household,Mass Market,BR-016,E-0053,2014-10-06,true,
RB-HH-00729,White Household,Mass Market,BR-024,E-0038,2022-11-20,true,
RB-HH-00730,Parker Household,Mass Affluent,BR-007,E-0021,2012-03-16,true,
RB-HH-00731,Chen Household,Mass Affluent,BR-011,E-0045,2019-11-14,true,
RB-HH-00732,Hall Household,Mass Market,BR-017,E-0022,2022-02-28,true,-4
RB-HH-00733,Martinez Household,Mass Market,BR-019,E-0012,2019-02-17,true,
RB-HH-00734,Walker Household,Mass Affluent,BR-014,E-0026,2018-03-21,false,-62
RB-HH-00735,Parker Household,Mass Market,BR-019,E-0012,2014-05-15,false,
RB-HH-00736,Baker Household,Mass Market,BR-013,E-0003,2023-11-07,true,
RB-HH-00737,Martinez Household,Mass Market,BR-013,E-0048,2012-04-19,false,
RB-HH-00738,Kim Household,Mass Affluent,BR-011,E-0031,2024-07-31,false,
RB-HH-00739,Ruiz Household,Mass Market,BR-021,E-0048,2017-10-06,true,
RB-HH-00740,Phillips Household,Mass Market,BR-016,E-0033,2018-09-05,true,
RB-HH-00741,Patel Household,Student,BR-017,E-0037,2023-08-04,false,6
RB-HH-00742,Lopez Household,Mass Market,BR-001,E-0046,2026-06-18,true,
RB-HH-00743,Ashford Household,Mass Market,BR-013,E-0046,2014-11-18,true,
RB-HH-00744,Vaughn Household,Premier,BR-016,E-0005,2026-02-13,false,
RB-HH-00745,Parker Household,Student,BR-016,E-0049,2014-02-05,false,
RB-HH-00746,Stewart Household,Premier,BR-002,E-0054,2023-03-31,true,67
RB-HH-00747,Parker Household,Mass Market,BR-016,E-0059,2020-03-05,true,
RB-HH-00748,Bailey Household,Mass Market,BR-025,E-0044,2019-08-04,true,
RB-HH-00749,Chen Household,Mass Affluent,BR-005,E-0060,2021-08-26,false,-71
RB-HH-00750,Lopez Household,Mass Affluent,BR-022,E-0058,2020-02-15,true,61
RB-HH-00751,Harris Household,Mass Market,BR-030,E-0038,2012-04-10,true,-71
RB-HH-00752,Adams Household,Mass Market,BR-017,E-0032,2026-02-10,true,
RB-HH-00753,Harris Household,Premier,BR-023,E-0026,2019-12-23,true,
RB-HH-00754,Ashford Household,Mass Affluent,BR-011,E-0031,2015-03-08,true,58
RB-HH-00755,Martinez Household,Mass Market,BR-004,E-0047,2024-11-11,true,21
RB-HH-00756,Hall Household,Mass Market,BR-010,E-0001,2019-02-21,false,
RB-HH-00757,Phillips Household,Mass Market,BR-021,E-0028,2014-01-01,true,80
RB-HH-00758,Wright Household,Mass Market,BR-020,E-0028,2019-10-24,false,
RB-HH-00759,Edwards Household,Mass Market,BR-009,E-0038,2024-04-22,true,
RB-HH-00760,Lewis Household,Mass Affluent,BR-004,E-0036,2014-02-24,true,-36
RB-HH-00761,Hall Household,Mass Market,BR-009,E-0036,2013-05-05,true,
RB-HH-00762,Walker Household,Mass Affluent,BR-030,E-0030,2024-07-04,true,
RB-HH-00763,Ruiz Household,Mass Affluent,BR-012,E-0056,2022-10-17,true,38
RB-HH-00764,Stewart Household,Mass Affluent,BR-019,E-0019,2020-08-18,true,
RB-HH-00765,Chen Household,Mass Market,BR-008,E-0028,2021-11-06,true,-53
RB-HH-00766,Ashford Household,Mass Market,BR-001,E-0055,2016-02-11,true,-85
RB-HH-00767,Silva Household,Mass Market,BR-030,E-0013,2024-12-22,true,
RB-HH-00768,Wilson Household,Mass Market,BR-018,E-0031,2026-02-10,false,
RB-HH-00769,Harris Household,Student,BR-006,E-0052,2020-08-05,true,
RB-HH-00770,Garcia Household,Mass Market,BR-026,E-0015,2020-03-07,true,10
RB-HH-00771,Green Household,Mass Market,BR-022,E-0039,2019-03-16,true,
RB-HH-00772,Wright Household,Mass Market,BR-021,E-0057,2018-08-04,true,-80
RB-HH-00773,Campbell Household,Mass Market,BR-016,E-0055,2013-01-07,true,
RB-HH-00774,Silva Household,Mass Affluent,BR-002,E-0031,2024-10-17,true,-32
RB-HH-00775,Martinez Household,Mass Affluent,BR-011,E-0057,2024-06-07,true,
RB-HH-00776,Baker Household,Mass Market,BR-015,E-0046,2025-10-28,true,69
RB-HH-00777,Taylor Household,Mass Market,BR-006,E-0011,2012-09-30,true,
RB-HH-00778,Wright Household,Student,BR-029,E-0001,2019-03-13,false,
RB-HH-00779,Ashford Household,Mass Market,BR-019,E-0004,2012-04-29,true,
RB-HH-00780,Carter Household,Premier,BR-001,E-0021,2019-03-13,true,
RB-HH-00781,Lopez Household,Student,BR-001,E-0001,2012-11-25,false,-26
RB-HH-00782,Stewart Household,Mass Market,BR-030,E-0025,2025-04-25,true,64
RB-HH-00783,Thomas Household,Mass Affluent,BR-015,E-0021,2024-11-20,true,
RB-HH-00784,Walker Household,Mass Market,BR-027,E-0022,2024-12-08,true,
RB-HH-00785,Harris Household,Mass Affluent,BR-030,E-0018,2020-01-03,true,71
RB-HH-00786,Wilson Household,Mass Market,BR-022,E-0036,2023-03-03,true,
RB-HH-00787,Moore Household,Student,BR-019,E-0038,2014-07-04,true,
RB-HH-00788,Adams Household,Premier,BR-019,E-0027,2017-11-23,true,-73
RB-HH-00789,Edwards Household,Student,BR-013,E-0046,2022-05-07,false,
RB-HH-00790,Vaughn Household,Mass Affluent,BR-024,E-0005,2022-05-05,true,15
RB-HH-00791,Wilson Household,Premier,BR-009,E-0054,2019-06-15,true,-11
RB-HH-00792,Lopez Household,Mass Market,BR-008,E-0033,2021-04-23,false,
RB-HH-00793,Turner Household,Mass Market,BR-008,E-0037,2022-08-05,true,
RB-HH-00794,Ashford Household,Mass Market,BR-012,E-0007,2023-11-16,true,
RB-HH-00795,Mitchell Household,Mass Market,BR-023,E-0004,2017-01-29,false,
RB-HH-00796,Roberts Household,Mass Market,BR-030,E-0057,2018-06-13,false,
RB-HH-00797,Mitchell Household,Mass Market,BR-018,E-0044,2019-10-01,true,-47
RB-HH-00798,Nelson Household,Mass Market,BR-016,E-0040,2015-04-06,false,46
RB-HH-00799,Baker Household,Mass Affluent,BR-008,E-0045,2023-08-15,true,
RB-HH-00800,Nelson Household,Mass Market,BR-007,E-0055,2012-12-19,true,55
RB-HH-00801,Mitchell Household,Mass Market,BR-014,E-0005,2022-01-31,true,-27
RB-HH-00802,Evans Household,Mass Affluent,BR-016,E-0001,2016-09-29,true,64
RB-HH-00803,Mitchell Household,Mass Market,BR-020,E-0039,2013-03-25,false,83
RB-HH-00804,Baker Household,Mass Market,BR-005,E-0042,2017-09-02,true,
RB-HH-00805,Walker Household,Mass Market,BR-016,E-0024,2012-02-03,true,86
RB-HH-00806,Morris Household,Mass Market,BR-019,E-0058,2022-04-07,false,
RB-HH-00807,Walker Household,Mass Market,BR-008,E-0046,2015-04-06,true,73
RB-HH-00808,Brown Household,Mass Market,BR-001,E-0037,2021-12-02,true,-56
RB-HH-00809,Harris Household,Mass Market,BR-003,E-0055,2023-11-10,false,73
RB-HH-00810,Turner Household,Mass Market,BR-008,E-0060,2023-08-07,true,
RB-HH-00811,Baker Household,Mass Affluent,BR-024,E-0007,2021-05-28,false,-20
RB-HH-00812,Turner Household,Mass Affluent,BR-002,E-0023,2014-09-15,true,
RB-HH-00813,Okafor Household,Mass Market,BR-024,E-0056,2018-09-21,true,
RB-HH-00814,Edwards Household,Mass Affluent,BR-014,E-0047,2022-04-19,false,
RB-HH-00815,Nelson Household,Mass Affluent,BR-018,E-0032,2023-11-05,true,
RB-HH-00816,Garcia Household,Mass Market,BR-015,E-0026,2023-11-29,false,
RB-HH-00817,Garcia Household,Mass Affluent,BR-015,E-0034,2013-06-25,true,
RB-HH-00818,Carter Household,Mass Affluent,BR-010,E-0004,2019-10-14,false,
RB-HH-00819,White Household,Mass Market,BR-020,E-0054,2019-10-07,false,
RB-HH-00820,Green Household,Mass Affluent,BR-008,E-0048,2020-01-31,false,77
RB-HH-00821,Bailey Household,Mass Affluent,BR-012,E-0031,2024-12-02,false,11
RB-HH-00822,Kim Household,Mass Market,BR-024,E-0002,2023-09-29,true,-66
RB-HH-00823,Edwards Household,Mass Market,BR-017,E-0005,2024-07-15,true,
RB-HH-00824,Stewart Household,Mass Affluent,BR-018,E-0044,2012-01-14,true,
RB-HH-00825,Miller Household,Mass Market,BR-004,E-0025,2020-01-01,true,
RB-HH-00826,Patel Household,Mass Market,BR-028,E-0025,2019-09-19,true,
RB-HH-00827,Clark Household,Mass Market,BR-010,E-0056,2018-03-21,true,80
RB-HH-00828,Harris Household,Mass Affluent,BR-021,E-0027,2019-07-27,true,
RB-HH-00829,White Household,Student,BR-001,E-0051,2012-05-25,true,62
RB-HH-00830,Harris Household,Mass Market,BR-002,E-0022,2014-09-09,false,
RB-HH-00831,Mitchell Household,Mass Market,BR-026,E-0009,2025-04-23,true,
RB-HH-00832,Wilson Household,Student,BR-006,E-0035,2012-08-18,false,-83
RB-HH-00833,Jackson Household,Mass Affluent,BR-001,E-0049,2024-03-07,true,
RB-HH-00834,Edwards Household,Mass Affluent,BR-011,E-0010,2012-04-01,true,
RB-HH-00835,King Household,Mass Affluent,BR-006,E-0015,2015-09-06,false,-33
RB-HH-00836,Johnson Household,Mass Market,BR-030,E-0060,2021-05-13,false,
RB-HH-00837,Johnson Household,Mass Affluent,BR-009,E-0003,2024-03-23,true,
RB-HH-00838,Turner Household,Mass Market,BR-018,E-0060,2015-12-03,true,-84
RB-HH-00839,Carter Household,Mass Market,BR-018,E-0034,2023-06-15,true,
RB-HH-00840,Baker Household,Mass Market,BR-025,E-0057,2019-06-11,true,
RB-HH-00841,Nelson Household,Mass Market,BR-021,E-0008,2022-10-02,false,-15
RB-HH-00842,Lewis Household,Mass Affluent,BR-002,E-0001,2012-08-22,false,
RB-HH-00843,Ashford Household,Mass Affluent,BR-018,E-0055,2014-08-02,true,
RB-HH-00844,Hall Household,Mass Market,BR-010,E-0005,2015-08-30,true,82
RB-HH-00845,Phillips Household,Student,BR-019,E-0052,2014-12-18,true,
RB-HH-00846,Kim Household,Mass Market,BR-020,E-0019,2018-07-12,true,17
RB-HH-00847,Davis Household,Mass Affluent,BR-014,E-0048,2023-10-31,true,
RB-HH-00848,Vaughn Household,Mass Market,BR-030,E-0035,2012-03-15,false,
RB-HH-00849,Taylor Household,Premier,BR-014,E-0040,2018-12-20,false,41
RB-HH-00850,White Household,Mass Affluent,BR-012,E-0014,2017-09-25,true,
RB-HH-00851,Lewis Household,Student,BR-029,E-0043,2017-11-03,true,-20
RB-HH-00852,Edwards Household,Mass Market,BR-005,E-0022,2020-03-03,false,-12
RB-HH-00853,Roberts Household,Mass Market,BR-021,E-0058,2016-09-09,false,
RB-HH-00854,Campbell Household,Mass Market,BR-004,E-0004,2016-05-23,false,
RB-HH-00855,King Household,Mass Market,BR-013,E-0019,2015-04-30,true,
RB-HH-00856,Anderson Household,Mass Market,BR-017,E-0046,2021-01-07,true,-89
RB-HH-00857,Young Household,Premier,BR-023,E-0004,2020-12-02,false,
RB-HH-00858,Davis Household,Mass Affluent,BR-018,E-0037,2026-05-10,false,
RB-HH-00859,Miller Household,Student,BR-001,E-0037,2024-01-01,true,
RB-HH-00860,Adams Household,Mass Affluent,BR-006,E-0022,2014-05-03,true,81
RB-HH-00861,Hall Household,Mass Affluent,BR-009,E-0002,2026-01-16,false,-95
RB-HH-00862,Nelson Household,Mass Market,BR-030,E-0042,2023-04-04,false,54
RB-HH-00863,Green Household,Mass Market,BR-014,E-0027,2012-12-24,false,
RB-HH-00864,Green Household,Mass Affluent,BR-010,E-0046,2020-10-03,true,
RB-HH-00865,Miller Household,Premier,BR-004,E-0006,2025-06-15,true,42
RB-HH-00866,Young Household,Premier,BR-011,E-0060,2024-02-22,true,57
RB-HH-00867,Parker Household,Mass Market,BR-005,E-0053,2020-05-18,false,
RB-HH-00868,Wilson Household,Premier,BR-004,E-0044,2013-04-10,true,
RB-HH-00869,Anderson Household,Mass Affluent,BR-015,E-0023,2015-01-21,true,
RB-HH-00870,Anderson Household,Mass Market,BR-003,E-0056,2014-06-03,false,78
RB-HH-00871,Vaughn Household,Mass Market,BR-011,E-0005,2022-01-10,false,
RB-HH-00872,Nguyen Household,Student,BR-002,E-0012,2018-06-25,true,
RB-HH-00873,Stewart Household,Mass Market,BR-002,E-0048,2018-12-30,true,-87
RB-HH-00874,Davis Household,Mass Affluent,BR-002,E-0027,2024-08-12,false,
RB-HH-00875,King Household,Mass Affluent,BR-025,E-0048,2012-11-14,true,1
RB-HH-00876,Parker Household,Mass Affluent,BR-024,E-0011,2018-06-11,true,76
RB-HH-00877,Garcia Household,Mass Affluent,BR-008,E-0039,2019-03-28,false,24
RB-HH-00878,Johnson Household,Mass Market,BR-010,E-0039,2024-03-24,true,
RB-HH-00879,Turner Household,Mass Market,BR-012,E-0027,2015-07-04,false,
RB-HH-00880,Ruiz Household,Mass Affluent,BR-026,E-0043,2017-12-04,false,-72
RB-HH-00881,Allen Household,Mass Market,BR-006,E-0041,2017-03-21,true,
RB-HH-00882,Anderson Household,Mass Affluent,BR-030,E-0002,2018-05-09,true,82
RB-HH-00883,King Household,Mass Market,BR-004,E-0007,2021-06-17,false,-35
RB-HH-00884,Garcia Household,Premier,BR-015,E-0008,2025-03-03,true,
RB-HH-00885,Parker Household,Mass Market,BR-017,E-0025,2022-03-20,true,26
RB-HH-00886,Vaughn Household,Mass Affluent,BR-006,E-0043,2022-09-16,true,
RB-HH-00887,Patel Household,Premier,BR-020,E-0014,2021-04-06,true,-97
RB-HH-00888,Okafor Household,Mass Market,BR-018,E-0053,2012-07-30,true,
RB-HH-00889,Ashford Household,Mass Market,BR-005,E-0002,2019-08-21,true,
RB-HH-00890,Wright Household,Mass Market,BR-029,E-0050,2026-06-12,true,
RB-HH-00891,Miller Household,Mass Market,BR-023,E-0048,2020-04-15,false,-67
RB-HH-00892,Scott Household,Student,BR-026,E-0040,2012-12-13,false,
RB-HH-00893,Ashford Household,Premier,BR-005,E-0002,2022-04-08,false,34
RB-HH-00894,Parker Household,Mass Market,BR-023,E-0016,2021-05-05,true,13
RB-HH-00895,Brown Household,Premier,BR-004,E-0029,2018-02-10,true,-68
RB-HH-00896,Bailey Household,Mass Market,BR-028,E-0033,2016-07-03,true,
RB-HH-00897,Morris Household,Mass Market,BR-018,E-0018,2015-12-18,false,57
RB-HH-00898,Lopez Household,Mass Market,BR-017,E-0020,2022-06-01,true,
RB-HH-00899,Thomas Household,Mass Affluent,BR-007,E-0008,2016-09-12,true,
RB-HH-00900,Davis Household,Mass Affluent,BR-022,E-0055,2024-10-20,false,
RB-HH-00901,Wilson Household,Mass Market,BR-025,E-0009,2026-03-19,true,
RB-HH-00902,Johnson Household,Mass Market,BR-004,E-0002,2016-10-31,true,
RB-HH-00903,Bailey Household,Premier,BR-021,E-0013,2017-12-25,false,
RB-HH-00904,Moore Household,Mass Market,BR-011,E-0007,2021-01-26,true,83
RB-HH-00905,Stewart Household,Mass Affluent,BR-020,E-0035,2013-01-04,true,15
RB-HH-00906,Stewart Household,Student,BR-017,E-0011,2017-08-14,false,3
RB-HH-00907,Okafor Household,Mass Market,BR-016,E-0002,2023-04-04,true,
RB-HH-00908,Scott Household,Mass Affluent,BR-021,E-0047,2017-11-22,true,-15
RB-HH-00909,Garcia Household,Mass Market,BR-030,E-0056,2018-05-04,true,99
RB-HH-00910,Phillips Household,Mass Market,BR-007,E-0058,2013-09-01,true,
RB-HH-00911,Garcia Household,Premier,BR-030,E-0026,2012-03-26,true,-47
RB-HH-00912,Collins Household,Mass Market,BR-027,E-0025,2021-08-05,false,37
RB-HH-00913,Roberts Household,Mass Affluent,BR-020,E-0004,2022-09-05,false,
RB-HH-00914,Taylor Household,Mass Market,BR-006,E-0054,2014-05-06,true,36
RB-HH-00915,Mitchell Household,Mass Market,BR-023,E-0054,2014-05-25,false,
RB-HH-00916,Ashford Household,Mass Market,BR-030,E-0007,2012-08-11,false,
RB-HH-00917,Scott Household,Student,BR-030,E-0010,2016-09-19,true,-31
RB-HH-00918,Lopez Household,Mass Market,BR-028,E-0049,2020-03-23,true,91
RB-HH-00919,Clark Household,Mass Market,BR-001,E-0049,2020-01-05,false,51
RB-HH-00920,Hall Household,Premier,BR-005,E-0039,2015-03-09,false,-35
RB-HH-00921,Moore Household,Mass Market,BR-013,E-0034,2012-07-12,true,50
RB-HH-00922,Mitchell Household,Mass Affluent,BR-008,E-0041,2015-03-24,false,
RB-HH-00923,Carter Household,Mass Market,BR-030,E-0033,2012-07-27,true,
RB-HH-00924,Bailey Household,Student,BR-003,E-0006,2023-06-26,true,
RB-HH-00925,Baker Household,Mass Affluent,BR-002,E-0009,2016-06-04,true,
RB-HH-00926,Campbell Household,Mass Affluent,BR-007,E-0021,2013-12-18,false,9
RB-HH-00927,Nguyen Household,Mass Market,BR-030,E-0030,2014-08-28,true,
RB-HH-00928,Carter Household,Mass Affluent,BR-027,E-0020,2012-01-04,true,97
RB-HH-00929,Ruiz Household,Mass Market,BR-009,E-0060,2013-05-21,true,4
RB-HH-00930,Evans Household,Mass Affluent,BR-007,E-0050,2025-10-27,true,-21
RB-HH-00931,Bailey Household,Mass Affluent,BR-002,E-0053,2019-02-15,true,
RB-HH-00932,Miller Household,Mass Affluent,BR-007,E-0036,2016-06-25,false,
RB-HH-00933,Harris Household,Mass Market,BR-004,E-0053,2015-05-29,false,36
RB-HH-00934,White Household,Mass Market,BR-009,E-0039,2012-12-29,true,-52
RB-HH-00935,Bailey Household,Student,BR-008,E-0024,2024-04-14,true,-54
RB-HH-00936,Green Household,Mass Affluent,BR-007,E-0051,2016-01-20,true,-1
RB-HH-00937,Thomas Household,Premier,BR-020,E-0021,2025-06-01,true,
RB-HH-00938,Lewis Household,Mass Market,BR-018,E-0024,2013-03-04,true,
RB-HH-00939,Wright Household,Student,BR-023,E-0025,2016-12-10,true,
RB-HH-00940,Carter Household,Premier,BR-008,E-0056,2017-02-02,true,
RB-HH-00941,Wilson Household,Mass Affluent,BR-020,E-0041,2014-04-15,true,
RB-HH-00942,Vaughn Household,Student,BR-001,E-0055,2021-12-06,false,
RB-HH-00943,Wilson Household,Mass Affluent,BR-030,E-0028,2016-06-29,true,31
RB-HH-00944,Wright Household,Mass Market,BR-014,E-0048,2023-06-09,true,
RB-HH-00945,Brown Household,Mass Market,BR-008,E-0023,2023-09-04,true,
RB-HH-00946,Wilson Household,Mass Affluent,BR-004,E-0016,2019-06-18,true,
RB-HH-00947,Lopez Household,Mass Market,BR-010,E-0056,2012-05-20,false,
RB-HH-00948,Miller Household,Mass Market,BR-006,E-0011,2019-02-12,false,
RB-HH-00949,Davis Household,Premier,BR-030,E-0036,2026-01-23,true,
RB-HH-00950,Jackson Household,Mass Market,BR-020,E-0050,2020-04-15,false,
RB-HH-00951,Roberts Household,Mass Market,BR-007,E-0044,2022-03-06,false,
RB-HH-00952,Moore Household,Mass Market,BR-015,E-0004,2014-08-17,true,-76
RB-HH-00953,Brown Household,Mass Market,BR-007,E-0015,2019-12-18,false,
RB-HH-00954,Vaughn Household,Mass Affluent,BR-004,E-0041,2019-02-17,true,-99
RB-HH-00955,Taylor Household,Mass Affluent,BR-021,E-0004,2018-10-20,true,
RB-HH-00956,Anderson Household,Student,BR-026,E-0040,2022-10-26,true,
RB-HH-00957,Miller Household,Mass Market,BR-027,E-0004,2024-05-18,true,
RB-HH-00958,Allen Household,Mass Market,BR-024,E-0013,2018-01-09,false,100
RB-HH-00959,King Household,Mass Market,BR-030,E-0041,2020-08-29,true,
RB-HH-00960,Nguyen Household,Mass Market,BR-005,E-0006,2016-08-17,true,
RB-HH-00961,Wright Household,Mass Affluent,BR-008,E-0058,2026-03-15,true,-35
RB-HH-00962,Wilson Household,Mass Affluent,BR-025,E-0052,2018-06-30,false,
RB-HH-00963,Jackson Household,Mass Affluent,BR-012,E-0034,2014-06-03,true,
RB-HH-00964,Turner Household,Mass Affluent,BR-027,E-0049,2015-01-28,true,
RB-HH-00965,Davis Household,Mass Market,BR-003,E-0018,2016-03-03,true,
RB-HH-00966,Stewart Household,Mass Market,BR-004,E-0008,2018-09-25,true,
RB-HH-00967,Okafor Household,Mass Affluent,BR-012,E-0027,2015-03-09,false,
RB-HH-00968,Moore Household,Mass Affluent,BR-014,E-0043,2022-09-01,true,77
RB-HH-00969,Jackson Household,Mass Market,BR-024,E-0021,2015-11-07,true,
RB-HH-00970,Campbell Household,Mass Market,BR-001,E-0025,2021-08-04,true,
RB-HH-00971,King Household,Mass Market,BR-008,E-0007,2021-01-20,false,91
RB-HH-00972,Evans Household,Mass Market,BR-017,E-0029,2018-10-06,true,79
RB-HH-00973,Evans Household,Mass Affluent,BR-024,E-0040,2021-12-28,true,7
RB-HH-00974,Anderson Household,Mass Market,BR-016,E-0019,2025-06-06,true,
RB-HH-00975,Lewis Household,Mass Market,BR-030,E-0007,2014-03-02,true,87
RB-HH-00976,Silva Household,Mass Affluent,BR-010,E-0014,2023-09-12,false,
RB-HH-00977,Chen Household,Mass Market,BR-029,E-0032,2017-07-26,true,62
RB-HH-00978,Mitchell Household,Mass Market,BR-027,E-0058,2021-05-31,false,
RB-HH-00979,Johnson Household,Mass Affluent,BR-004,E-0030,2014-10-04,true,
RB-HH-00980,Green Household,Mass Market,BR-017,E-0042,2016-08-22,true,88
RB-HH-00981,Hall Household,Mass Affluent,BR-024,E-0037,2018-04-22,false,89
RB-HH-00982,Miller Household,Mass Market,BR-008,E-0047,2016-05-23,true,
RB-HH-00983,Scott Household,Mass Market,BR-008,E-0032,2017-03-22,false,-71
RB-HH-00984,Chen Household,Mass Market,BR-028,E-0029,2017-02-18,false,
RB-HH-00985,Miller Household,Mass Market,BR-010,E-0016,2020-03-03,false,19
RB-HH-00986,Parker Household,Mass Affluent,BR-001,E-0052,2025-03-16,false,
RB-HH-00987,Brown Household,Mass Market,BR-012,E-0057,2019-10-08,false,49
RB-HH-00988,Jackson Household,Mass Market,BR-002,E-0006,2019-02-08,true,-90
RB-HH-00989,Taylor Household,Mass Market,BR-002,E-0047,2024-04-02,true,
RB-HH-00990,Jackson Household,Mass Affluent,BR-013,E-0056,2020-06-08,true,-8
RB-HH-00991,Nguyen Household,Mass Affluent,BR-004,E-0055,2017-08-04,true,
RB-HH-00992,Ashford Household,Mass Market,BR-013,E-0035,2012-10-06,false,
RB-HH-00993,Morris Household,Mass Affluent,BR-020,E-0023,2025-11-12,true,-42
RB-HH-00994,Baker Household,Mass Market,BR-029,E-0032,2023-05-14,true,-22
RB-HH-00995,Young Household,Mass Market,BR-010,E-0029,2018-11-23,true,15
RB-HH-00996,Nguyen Household,Mass Market,BR-008,E-0023,2016-01-08,true,
RB-HH-00997,Jackson Household,Mass Market,BR-016,E-0024,2022-10-22,true,
RB-HH-00998,Chen Household,Premier,BR-028,E-0004,2024-01-01,true,
RB-HH-00999,Stewart Household,Mass Market,BR-002,E-0015,2019-12-31,true,
RB-HH-01000,Harris Household,Mass Market,BR-029,E-0021,2014-01-04,true,
RB-HH-01001,Clark Household,Mass Market,BR-016,E-0032,2019-03-23,true,13
RB-HH-01002,Silva Household,Mass Affluent,BR-008,E-0057,2023-09-02,false,
RB-HH-01003,Kim Household,Mass Market,BR-020,E-0009,2016-04-13,true,-34
RB-HH-01004,Collins Household,Mass Market,BR-011,E-0018,2021-04-18,true,-51
RB-HH-01005,Baker Household,Student,BR-019,E-0037,2024-10-25,true,34
RB-HH-01006,Miller Household,Mass Market,BR-024,E-0002,2019-08-16,true,
RB-HH-01007,Bailey Household,Mass Affluent,BR-004,E-0020,2014-04-30,true,-85
RB-HH-01008,Turner Household,Mass Market,BR-006,E-0053,2021-09-13,true,45
RB-HH-01009,Ashford Household,Mass Market,BR-030,E-0030,2016-01-15,false,-78
RB-HH-01010,White Household,Mass Affluent,BR-025,E-0020,2015-07-17,true,
RB-HH-01011,Bailey Household,Mass Market,BR-008,E-0008,2025-08-16,true,
RB-HH-01012,Thomas Household,Mass Market,BR-005,E-0039,2026-02-04,true,
RB-HH-01013,Vaughn Household,Mass Market,BR-026,E-0019,2025-01-29,false,
RB-HH-01014,Martinez Household,Mass Affluent,BR-008,E-0040,2025-01-24,true,
RB-HH-01015,Turner Household,Mass Market,BR-017,E-0014,2012-03-23,false,
RB-HH-01016,Green Household,Mass Market,BR-006,E-0047,2019-07-04,true,-17
RB-HH-01017,Moore Household,Mass Market,BR-004,E-0003,2014-12-14,true,
RB-HH-01018,Collins Household,Mass Affluent,BR-016,E-0029,2013-01-09,true,65
RB-HH-01019,Edwards Household,Mass Market,BR-028,E-0031,2012-02-04,true,
RB-HH-01020,Hall Household,Mass Market,BR-004,E-0045,2015-07-14,false,59
RB-HH-01021,Vaughn Household,Mass Market,BR-006,E-0056,2019-08-09,true,
RB-HH-01022,Allen Household,Mass Market,BR-016,E-0048,2025-05-29,true,-86
RB-HH-01023,Taylor Household,Student,BR-013,E-0043,2022-08-27,false,
RB-HH-01024,Green Household,Mass Affluent,BR-027,E-0020,2015-10-10,true,59
RB-HH-01025,Taylor Household,Mass Market,BR-004,E-0003,2016-10-30,false,86
RB-HH-01026,Parker Household,Mass Market,BR-001,E-0029,2019-02-28,true,43
RB-HH-01027,Green Household,Mass Market,BR-030,E-0032,2022-09-03,true,-4
RB-HH-01028,Miller Household,Mass Affluent,BR-022,E-0024,2014-01-17,true,70
RB-HH-01029,Anderson Household,Premier,BR-024,E-0001,2019-05-31,false,-17
RB-HH-01030,Lopez Household,Premier,BR-024,E-0028,2023-06-01,true,
RB-HH-01031,Lopez Household,Mass Affluent,BR-018,E-0041,2017-05-28,true,
RB-HH-01032,Green Household,Premier,BR-005,E-0028,2018-07-11,true,
RB-HH-01033,Ashford Household,Mass Affluent,BR-001,E-0056,2022-02-19,true,57
RB-HH-01034,Green Household,Mass Market,BR-017,E-0034,2016-05-20,false,-48
RB-HH-01035,Vaughn Household,Mass Affluent,BR-018,E-0053,2015-08-23,false,
RB-HH-01036,Bailey Household,Mass Affluent,BR-017,E-0002,2018-07-15,true,14
RB-HH-01037,Lopez Household,Premier,BR-005,E-0018,2013-12-22,true,
RB-HH-01038,Wilson Household,Mass Affluent,BR-021,E-0056,2016-09-08,false,-89
RB-HH-01039,Edwards Household,Mass Market,BR-015,E-0045,2016-10-02,true,
RB-HH-01040,Roberts Household,Mass Affluent,BR-010,E-0053,2024-09-02,true,47
RB-HH-01041,Adams Household,Mass Market,BR-013,E-0054,2014-04-01,true,
RB-HH-01042,Martinez Household,Mass Affluent,BR-026,E-0037,2024-11-10,true,-13
RB-HH-01043,Walker Household,Mass Market,BR-022,E-0001,2017-01-24,true,25
RB-HH-01044,Johnson Household,Mass Affluent,BR-018,E-0007,2020-05-16,false,
RB-HH-01045,Edwards Household,Mass Affluent,BR-007,E-0051,2026-01-20,true,18
RB-HH-01046,Bailey Household,Mass Affluent,BR-015,E-0038,2013-07-14,false,
RB-HH-01047,Patel Household,Mass Market,BR-015,E-0001,2023-05-03,true,70
RB-HH-01048,Phillips Household,Premier,BR-023,E-0031,2013-10-05,false,
RB-HH-01049,Anderson Household,Mass Market,BR-007,E-0027,2018-11-25,true,-87
RB-HH-01050,Morris Household,Mass Market,BR-003,E-0020,2025-11-12,true,-56
RB-HH-01051,Patel Household,Mass Market,BR-017,E-0060,2025-12-18,true,6
RB-HH-01052,Adams Household,Premier,BR-007,E-0009,2017-08-28,true,
RB-HH-01053,Phillips Household,Mass Affluent,BR-030,E-0032,2015-01-21,false,
RB-HH-01054,Patel Household,Mass Affluent,BR-028,E-0009,2025-03-05,false,
RB-HH-01055,Mitchell Household,Mass Market,BR-008,E-0054,2023-03-26,false,-68
RB-HH-01056,Ruiz Household,Mass Market,BR-002,E-0006,2025-06-17,false,
RB-HH-01057,Patel Household,Mass Market,BR-007,E-0042,2020-09-29,true,
RB-HH-01058,Taylor Household,Mass Affluent,BR-021,E-0008,2026-05-24,true,
RB-HH-01059,Mitchell Household,Mass Market,BR-009,E-0008,2013-05-08,true,47
RB-HH-01060,Nguyen Household,Mass Affluent,BR-003,E-0046,2025-12-13,true,12
RB-HH-01061,Morris Household,Premier,BR-024,E-0010,2014-06-16,true,57
RB-HH-01062,Green Household,Mass Market,BR-002,E-0056,2020-12-13,true,99
RB-HH-01063,Silva Household,Mass Market,BR-009,E-0060,2017-04-23,true,-62
RB-HH-01064,Stewart Household,Mass Market,BR-024,E-0005,2013-06-25,true,57
RB-HH-01065,Wilson Household,Mass Market,BR-029,E-0039,2012-03-07,true,
RB-HH-01066,Clark Household,Mass Market,BR-008,E-0038,2013-11-29,true,
RB-HH-01067,Kim Household,Mass Market,BR-001,E-0026,2023-06-05,true,-78
RB-HH-01068,Anderson Household,Mass Market,BR-028,E-0045,2024-04-12,true,81
RB-HH-01069,Edwards Household,Mass Market,BR-010,E-0041,2013-12-08,true,-70
RB-HH-01070,Hall Household,Premier,BR-028,E-0007,2021-09-10,false,
RB-HH-01071,Chen Household,Mass Affluent,BR-001,E-0056,2023-08-16,true,
RB-HH-01072,Adams Household,Mass Market,BR-006,E-0001,2014-10-01,false,68
RB-HH-01073,Bailey Household,Mass Market,BR-006,E-0052,2024-02-02,true,
RB-HH-01074,Clark Household,Mass Affluent,BR-013,E-0007,2026-02-11,true,
RB-HH-01075,Ashford Household,Mass Affluent,BR-025,E-0023,2017-03-03,true,
RB-HH-01076,Turner Household,Mass Market,BR-009,E-0005,2020-10-15,false,
RB-HH-01077,Ruiz Household,Mass Market,BR-021,E-0014,2021-10-27,false,
RB-HH-01078,Davis Household,Mass Affluent,BR-003,E-0059,2019-02-11,true,-41
RB-HH-01079,Bailey Household,Mass Market,BR-026,E-0041,2016-05-09,true,
RB-HH-01080,Allen Household,Mass Affluent,BR-004,E-0035,2023-03-08,false,
RB-HH-01081,Lopez Household,Mass Affluent,BR-009,E-0038,2013-06-10,true,-90
RB-HH-01082,Harris Household,Mass Market,BR-026,E-0009,2024-09-01,true,
RB-HH-01083,Clark Household,Mass Market,BR-019,E-0005,2015-12-19,true,-79
RB-HH-01084,Carter Household,Premier,BR-014,E-0043,2022-06-18,true,-76
RB-HH-01085,Nguyen Household,Mass Affluent,BR-025,E-0041,2025-01-19,false,
RB-HH-01086,Baker Household,Mass Affluent,BR-029,E-0031,2015-10-14,true,
RB-HH-01087,Evans Household,Mass Market,BR-007,E-0019,2026-03-25,true,-36
RB-HH-01088,White Household,Mass Market,BR-016,E-0051,2017-11-23,true,
RB-HH-01089,Phillips Household,Mass Market,BR-020,E-0022,2023-05-05,false,21
RB-HH-01090,Allen Household,Mass Market,BR-023,E-0006,2013-08-04,false,-7
RB-HH-01091,Davis Household,Mass Market,BR-011,E-0053,2024-01-31,true,
RB-HH-01092,Johnson Household,Mass Market,BR-012,E-0006,2015-06-16,true,
RB-HH-01093,Lewis Household,Mass Market,BR-002,E-0034,2018-07-02,false,
RB-HH-01094,Nguyen Household,Mass Market,BR-002,E-0040,2018-07-03,false,69
RB-HH-01095,Parker Household,Student,BR-012,E-0025,2023-03-02,true,
RB-HH-01096,Walker Household,Student,BR-029,E-0055,2012-01-24,true,
RB-HH-01097,Harris Household,Mass Market,BR-027,E-0040,2018-04-07,true,-56
RB-HH-01098,Allen Household,Mass Market,BR-021,E-0004,2021-09-28,true,
RB-HH-01099,Patel Household,Mass Market,BR-003,E-0047,2023-04-11,true,16
RB-HH-01100,Johnson Household,Mass Affluent,BR-012,E-0009,2014-09-13,false,-91
RB-HH-01101,Nguyen Household,Mass Market,BR-012,E-0021,2018-10-01,false,-52
RB-HH-01102,Jackson Household,Mass Market,BR-025,E-0053,2021-11-18,false,
RB-HH-01103,Lewis Household,Mass Affluent,BR-010,E-0005,2012-03-04,false,
RB-HH-01104,Ashford Household,Mass Market,BR-026,E-0044,2026-01-20,true,
RB-HH-01105,Johnson Household,Mass Affluent,BR-010,E-0047,2019-03-12,true,-1
RB-HH-01106,Moore Household,Mass Market,BR-030,E-0011,2024-09-04,true,53
RB-HH-01107,Collins Household,Mass Market,BR-009,E-0025,2022-11-23,false,
RB-HH-01108,Young Household,Mass Market,BR-019,E-0057,2025-06-29,true,-69
RB-HH-01109,Garcia Household,Mass Affluent,BR-018,E-0017,2024-10-09,true,
RB-HH-01110,Green Household,Mass Affluent,BR-005,E-0034,2015-07-24,true,28
RB-HH-01111,Edwards Household,Mass Market,BR-016,E-0055,2021-09-12,true,
RB-HH-01112,Parker Household,Mass Market,BR-002,E-0027,2019-07-30,true,11
RB-HH-01113,Collins Household,Mass Affluent,BR-023,E-0016,2024-08-09,true,11
RB-HH-01114,King Household,Mass Market,BR-025,E-0052,2023-02-14,true,
RB-HH-01115,Thomas Household,Student,BR-030,E-0020,2014-01-13,true,
RB-HH-01116,Silva Household,Mass Market,BR-003,E-0006,2018-12-03,true,
RB-HH-01117,Adams Household,Premier,BR-006,E-0034,2017-09-14,true,73
RB-HH-01118,Moore Household,Mass Affluent,BR-018,E-0033,2014-08-27,true,
RB-HH-01119,Morris Household,Mass Market,BR-028,E-0034,2020-07-18,false,
RB-HH-01120,Carter Household,Mass Affluent,BR-025,E-0026,2019-04-18,true,-6
RB-HH-01121,Kim Household,Mass Market,BR-019,E-0042,2022-12-13,false,
RB-HH-01122,Collins Household,Mass Affluent,BR-024,E-0001,2017-08-18,false,
RB-HH-01123,Vaughn Household,Mass Market,BR-007,E-0017,2026-03-23,false,
RB-HH-01124,Harris Household,Mass Affluent,BR-010,E-0016,2015-02-25,true,
RB-HH-01125,Stewart Household,Premier,BR-025,E-0056,2013-06-24,false,
RB-HH-01126,Allen Household,Mass Market,BR-021,E-0058,2017-12-12,true,
RB-HH-01127,Hall Household,Mass Market,BR-001,E-0054,2016-01-18,false,
RB-HH-01128,Moore Household,Mass Market,BR-009,E-0051,2025-06-11,false,58
RB-HH-01129,Stewart Household,Mass Market,BR-013,E-0053,2018-02-16,true,
RB-HH-01130,Davis Household,Mass Market,BR-024,E-0025,2026-06-01,false,
RB-HH-01131,Hall Household,Mass Market,BR-013,E-0024,2014-11-15,true,
RB-HH-01132,Edwards Household,Mass Affluent,BR-016,E-0032,2022-11-03,false,
RB-HH-01133,Allen Household,Mass Market,BR-027,E-0036,2017-11-15,false,
RB-HH-01134,Ashford Household,Mass Market,BR-023,E-0035,2012-12-22,true,
RB-HH-01135,Evans Household,Mass Market,BR-009,E-0022,2019-01-09,true,
RB-HH-01136,King Household,Premier,BR-026,E-0040,2012-10-31,true,
RB-HH-01137,Davis Household,Premier,BR-023,E-0013,2017-01-02,true,
RB-HH-01138,Baker Household,Mass Market,BR-030,E-0006,2015-12-25,true,86
RB-HH-01139,Chen Household,Mass Affluent,BR-021,E-0009,2014-12-13,true,51
RB-HH-01140,Green Household,Premier,BR-021,E-0031,2023-07-05,true,
RB-HH-01141,Adams Household,Mass Affluent,BR-028,E-0041,2012-12-25,true,-39
RB-HH-01142,Thomas Household,Mass Affluent,BR-017,E-0033,2017-10-31,false,
RB-HH-01143,Moore Household,Mass Affluent,BR-016,E-0055,2022-12-25,true,
RB-HH-01144,Mitchell Household,Premier,BR-016,E-0004,2026-02-02,false,
RB-HH-01145,Carter Household,Mass Affluent,BR-005,E-0036,2013-01-20,true,
RB-HH-01146,Edwards Household,Mass Market,BR-023,E-0034,2016-09-14,true,
RB-HH-01147,Scott Household,Premier,BR-010,E-0036,2021-07-16,true,
RB-HH-01148,Edwards Household,Mass Market,BR-030,E-0022,2017-11-23,true,
RB-HH-01149,Vaughn Household,Premier,BR-011,E-0004,2018-03-23,false,
RB-HH-01150,White Household,Premier,BR-022,E-0053,2022-10-25,true,
RB-HH-01151,Chen Household,Mass Market,BR-012,E-0032,2021-08-05,true,
RB-HH-01152,Collins Household,Mass Market,BR-009,E-0020,2020-05-20,true,
RB-HH-01153,Wilson Household,Mass Affluent,BR-003,E-0021,2021-05-26,false,
RB-HH-01154,Baker Household,Mass Market,BR-007,E-0052,2015-12-27,true,25
RB-HH-01155,Johnson Household,Mass Market,BR-012,E-0028,2026-05-09,false,-58
RB-HH-01156,Silva Household,Mass Affluent,BR-004,E-0040,2020-09-11,true,11
RB-HH-01157,Carter Household,Student,BR-022,E-0053,2020-04-10,true,
RB-HH-01158,Parker Household,Mass Market,BR-023,E-0036,2022-04-22,true,
RB-HH-01159,Nelson Household,Mass Market,BR-024,E-0016,2023-07-31,true,73
RB-HH-01160,Roberts Household,Mass Market,BR-006,E-0025,2013-05-11,false,-56
RB-HH-01161,Martinez Household,Mass Market,BR-008,E-0054,2017-09-21,false,
RB-HH-01162,Evans Household,Student,BR-020,E-0013,2023-09-28,true,-83
RB-HH-01163,Phillips Household,Mass Market,BR-007,E-0031,2023-10-02,true,
RB-HH-01164,Stewart Household,Mass Market,BR-026,E-0060,2023-02-21,false,
RB-HH-01165,Green Household,Mass Market,BR-019,E-0056,2026-01-13,false,-75
RB-HH-01166,Wright Household,Mass Affluent,BR-002,E-0030,2024-12-07,false,
RB-HH-01167,Okafor Household,Mass Market,BR-008,E-0042,2015-12-17,true,
RB-HH-01168,Allen Household,Mass Market,BR-016,E-0017,2017-04-14,true,
RB-HH-01169,Collins Household,Mass Market,BR-001,E-0011,2025-04-24,false,-95
RB-HH-01170,Harris Household,Mass Market,BR-005,E-0046,2022-04-01,true,
RB-HH-01171,King Household,Premier,BR-019,E-0025,2024-12-26,true,
RB-HH-01172,Taylor Household,Premier,BR-030,E-0020,2025-07-14,true,-87
RB-HH-01173,Scott Household,Mass Market,BR-002,E-0013,2025-05-13,true,59
RB-HH-01174,Thomas Household,Mass Affluent,BR-028,E-0025,2014-01-21,true,7
RB-HH-01175,Young Household,Student,BR-013,E-0057,2014-12-24,true,
RB-HH-01176,Stewart Household,Mass Market,BR-010,E-0023,2026-06-22,false,51
RB-HH-01177,Adams Household,Premier,BR-012,E-0035,2013-08-14,true,
RB-HH-01178,Wilson Household,Mass Affluent,BR-018,E-0004,2013-12-10,false,
RB-HH-01179,Hall Household,Student,BR-030,E-0058,2019-12-03,true,
RB-HH-01180,Moore Household,Mass Market,BR-003,E-0051,2018-07-08,false,69
RB-HH-01181,Edwards Household,Premier,BR-017,E-0028,2023-01-15,false,
RB-HH-01182,Clark Household,Mass Affluent,BR-020,E-0013,2012-12-28,true,-25
RB-HH-01183,King Household,Mass Market,BR-019,E-0008,2021-11-30,false,48
RB-HH-01184,Lewis Household,Mass Affluent,BR-004,E-0032,2018-04-13,true,
RB-HH-01185,Bailey Household,Mass Market,BR-005,E-0014,2016-01-31,true,
RB-HH-01186,Evans Household,Mass Affluent,BR-012,E-0017,2014-08-18,true,
RB-HH-01187,Brown Household,Mass Affluent,BR-030,E-0051,2018-03-30,false,-23
RB-HH-01188,Anderson Household,Mass Market,BR-027,E-0049,2025-11-11,false,-7
RB-HH-01189,Ashford Household,Mass Affluent,BR-020,E-0008,2021-09-20,true,-45
RB-HH-01190,Allen Household,Mass Market,BR-012,E-0014,2020-02-17,true,
RB-HH-01191,Kim Household,Mass Affluent,BR-001,E-0001,2013-09-21,false,86
RB-HH-01192,Harris Household,Mass Affluent,BR-017,E-0033,2021-07-20,true,
RB-HH-01193,Morris Household,Mass Affluent,BR-017,E-0050,2015-05-06,false,
RB-HH-01194,Mitchell Household,Mass Market,BR-013,E-0045,2015-04-02,false,80
RB-HH-01195,Collins Household,Mass Market,BR-015,E-0037,2019-10-18,true,
RB-HH-01196,Walker Household,Mass Market,BR-029,E-0059,2026-04-26,false,
RB-HH-01197,Young Household,Mass Affluent,BR-017,E-0021,2020-01-12,true,-61
RB-HH-01198,Campbell Household,Mass Affluent,BR-014,E-0004,2014-11-10,true,
RB-HH-01199,Campbell Household,Mass Market,BR-009,E-0050,2013-03-24,false,
RB-HH-01200,Mitchell Household,Mass Market,BR-020,E-0033,2024-04-01,true,4
RB-HH-01201,Parker Household,Mass Market,BR-004,E-0019,2022-04-18,true,
RB-HH-01202,Chen Household,Premier,BR-024,E-0013,2015-03-18,true,
RB-HH-01203,Walker Household,Mass Market,BR-022,E-0019,2024-11-20,true,
RB-HH-01204,Miller Household,Mass Market,BR-006,E-0031,2016-10-24,false,
RB-HH-01205,Stewart Household,Mass Market,BR-010,E-0011,2017-10-16,true,
RB-HH-01206,Vaughn Household,Mass Affluent,BR-014,E-0044,2020-11-07,true,
RB-HH-01207,Martinez Household,Mass Market,BR-013,E-0008,2023-07-06,true,49
RB-HH-01208,Martinez Household,Mass Affluent,BR-009,E-0006,2017-02-11,true,74
RB-HH-01209,Carter Household,Mass Market,BR-011,E-0011,2020-09-06,false,
RB-HH-01210,Roberts Household,Mass Market,BR-015,E-0048,2022-05-09,true,
RB-HH-01211,Moore Household,Mass Market,BR-027,E-0019,2025-12-10,false,
RB-HH-01212,Lewis Household,Mass Market,BR-004,E-0043,2017-06-22,true,
RB-HH-01213,Anderson Household,Mass Market,BR-014,E-0030,2021-02-23,true,
RB-HH-01214,Ruiz Household,Mass Affluent,BR-030,E-0034,2025-08-09,false,
RB-HH-01215,Wright Household,Mass Affluent,BR-020,E-0019,2016-10-22,true,
RB-HH-01216,Stewart Household,Mass Affluent,BR-019,E-0015,2013-01-22,true,57
RB-HH-01217,Roberts Household,Premier,BR-007,E-0003,2021-12-23,false,
RB-HH-01218,Johnson Household,Mass Market,BR-030,E-0057,2025-06-16,true,
RB-HH-01219,Johnson Household,Mass Market,BR-022,E-0014,2025-01-15,true,37
RB-HH-01220,Scott Household,Mass Affluent,BR-030,E-0002,2020-03-12,true,88
RB-HH-01221,Taylor Household,Mass Affluent,BR-008,E-0021,2014-06-12,true,24
RB-HH-01222,Bailey Household,Mass Market,BR-012,E-0041,2025-02-27,true,
RB-HH-01223,Bailey Household,Mass Affluent,BR-023,E-0039,2025-01-09,true,
RB-HH-01224,Mitchell Household,Mass Affluent,BR-024,E-0004,2026-04-20,true,76
RB-HH-01225,Adams Household,Mass Affluent,BR-025,E-0030,2012-12-22,true,1
RB-HH-01226,Lopez Household,Mass Affluent,BR-030,E-0004,2023-04-16,true,64
RB-HH-01227,Moore Household,Mass Market,BR-029,E-0009,2016-02-14,false,59
RB-HH-01228,Silva Household,Mass Market,BR-007,E-0010,2023-04-25,true,
RB-HH-01229,Nelson Household,Mass Affluent,BR-019,E-0030,2024-10-19,true,-53
RB-HH-01230,Walker Household,Mass Affluent,BR-008,E-0027,2013-04-02,true,
RB-HH-01231,King Household,Mass Market,BR-014,E-0039,2013-04-02,true,
RB-HH-01232,Johnson Household,Mass Affluent,BR-008,E-0023,2020-10-30,false,
RB-HH-01233,Adams Household,Mass Market,BR-030,E-0041,2012-04-15,true,
RB-HH-01234,Carter Household,Premier,BR-011,E-0029,2016-07-14,true,
RB-HH-01235,Wright Household,Mass Market,BR-016,E-0009,2013-07-18,true,
RB-HH-01236,Moore Household,Mass Market,BR-015,E-0003,2024-03-02,true,
RB-HH-01237,King Household,Mass Market,BR-020,E-0002,2022-12-13,true,29
RB-HH-01238,Bailey Household,Premier,BR-018,E-0050,2020-06-05,true,
RB-HH-01239,Parker Household,Premier,BR-007,E-0027,2017-03-09,true,
RB-HH-01240,Wilson Household,Mass Market,BR-001,E-0027,2016-05-08,false,
RB-HH-01241,Adams Household,Mass Market,BR-030,E-0007,2014-06-30,true,
RB-HH-01242,Evans Household,Mass Market,BR-005,E-0045,2022-12-23,false,
RB-HH-01243,Davis Household,Premier,BR-002,E-0028,2026-05-19,false,31
RB-HH-01244,Thomas Household,Mass Affluent,BR-007,E-0026,2018-10-18,false,
RB-HH-01245,Jackson Household,Mass Market,BR-026,E-0040,2015-07-03,false,
RB-HH-01246,Baker Household,Mass Market,BR-005,E-0014,2022-06-18,true,65
RB-HH-01247,Johnson Household,Mass Market,BR-004,E-0002,2016-07-13,true,33
RB-HH-01248,Anderson Household,Mass Market,BR-025,E-0034,2022-08-04,true,
RB-HH-01249,Johnson Household,Mass Market,BR-007,E-0011,2020-11-22,false,
RB-HH-01250,Evans Household,Mass Affluent,BR-005,E-0059,2012-05-18,true,
RB-HH-01251,Moore Household,Mass Market,BR-026,E-0038,2018-02-16,true,
RB-HH-01252,Miller Household,Mass Affluent,BR-012,E-0019,2019-03-25,false,
RB-HH-01253,Brown Household,Mass Market,BR-009,E-0052,2016-05-29,false,58
RB-HH-01254,Hall Household,Mass Market,BR-029,E-0048,2021-08-30,true,
RB-HH-01255,Garcia Household,Premier,BR-012,E-0053,2014-02-18,true,63
RB-HH-01256,Allen Household,Mass Market,BR-027,E-0055,2019-09-15,true,-58
RB-HH-01257,Turner Household,Mass Market,BR-028,E-0031,2024-05-07,true,
RB-HH-01258,Davis Household,Premier,BR-020,E-0007,2025-02-14,false,
RB-HH-01259,Ruiz Household,Mass Affluent,BR-002,E-0060,2022-02-09,false,-19
RB-HH-01260,Silva Household,Mass Market,BR-001,E-0036,2023-07-20,true,
RB-HH-01261,Walker Household,Student,BR-026,E-0010,2020-03-28,true,52
RB-HH-01262,Phillips Household,Mass Market,BR-012,E-0004,2022-02-09,true,-50
RB-HH-01263,Walker Household,Mass Affluent,BR-016,E-0025,2012-12-23,true,82
RB-HH-01264,Lewis Household,Mass Market,BR-003,E-0024,2012-08-15,false,
RB-HH-01265,Bailey Household,Mass Market,BR-018,E-0025,2016-10-12,false,26
RB-HH-01266,Ashford Household,Premier,BR-003,E-0034,2012-02-02,false,
RB-HH-01267,King Household,Premier,BR-004,E-0053,2017-05-26,true,-80
RB-HH-01268,Silva Household,Mass Affluent,BR-010,E-0012,2015-02-07,true,
RB-HH-01269,Wright Household,Mass Market,BR-008,E-0053,2023-05-18,false,
RB-HH-01270,Young Household,Mass Market,BR-013,E-0023,2021-12-09,true,
RB-HH-01271,Adams Household,Mass Market,BR-026,E-0039,2025-09-10,true,
RB-HH-01272,Mitchell Household,Premier,BR-025,E-0020,2016-04-03,false,77
RB-HH-01273,Clark Household,Mass Affluent,BR-005,E-0038,2021-10-24,true,
RB-HH-01274,Lewis Household,Mass Market,BR-003,E-0060,2018-06-04,false,
RB-HH-01275,Silva Household,Student,BR-030,E-0044,2019-07-21,true,-30
RB-HH-01276,Harris Household,Mass Market,BR-029,E-0037,2012-08-06,true,54
RB-HH-01277,Harris Household,Mass Affluent,BR-026,E-0025,2026-05-27,false,76
RB-HH-01278,Lewis Household,Mass Market,BR-008,E-0044,2017-12-02,true,
RB-HH-01279,Ashford Household,Mass Affluent,BR-029,E-0018,2021-09-16,true,
RB-HH-01280,Adams Household,Mass Affluent,BR-023,E-0042,2020-09-19,true,
RB-HH-01281,Harris Household,Mass Market,BR-030,E-0014,2014-10-07,true,
RB-HH-01282,Vaughn Household,Mass Market,BR-010,E-0027,2022-12-13,true,-16
RB-HH-01283,White Household,Mass Market,BR-010,E-0009,2019-06-14,true,
RB-HH-01284,Lopez Household,Mass Affluent,BR-013,E-0050,2016-09-19,true,76
RB-HH-01285,Baker Household,Mass Market,BR-023,E-0047,2012-03-10,true,
RB-HH-01286,Ashford Household,Mass Market,BR-004,E-0054,2023-06-08,false,6
RB-HH-01287,Patel Household,Mass Market,BR-027,E-0008,2014-08-12,true,
RB-HH-01288,Phillips Household,Mass Market,BR-008,E-0039,2020-01-27,true,
RB-HH-01289,Baker Household,Mass Market,BR-012,E-0007,2021-02-03,true,
RB-HH-01290,Mitchell Household,Mass Market,BR-023,E-0045,2022-02-15,true,
RB-HH-01291,White Household,Student,BR-010,E-0008,2016-08-10,true,
RB-HH-01292,King Household,Mass Affluent,BR-025,E-0033,2022-09-18,true,
RB-HH-01293,Stewart Household,Mass Market,BR-026,E-0002,2022-08-25,true,
RB-HH-01294,Kim Household,Mass Market,BR-019,E-0004,2021-12-25,true,-72
RB-HH-01295,Vaughn Household,Premier,BR-017,E-0001,2019-04-08,true,66
RB-HH-01296,Kim Household,Mass Market,BR-017,E-0053,2017-12-18,true,-80
RB-HH-01297,Silva Household,Mass Market,BR-010,E-0060,2022-04-07,true,
RB-HH-01298,Ruiz Household,Mass Affluent,BR-016,E-0058,2020-09-22,false,
RB-HH-01299,Chen Household,Mass Market,BR-028,E-0013,2020-12-25,true,
RB-HH-01300,Young Household,Mass Market,BR-023,E-0038,2016-12-26,false,18
RB-HH-01301,Garcia Household,Mass Affluent,BR-025,E-0015,2019-02-13,false,23
RB-HH-01302,Nguyen Household,Student,BR-009,E-0056,2016-07-12,true,
RB-HH-01303,Mitchell Household,Mass Affluent,BR-003,E-0028,2012-12-21,false,
RB-HH-01304,Parker Household,Mass Affluent,BR-003,E-0054,2019-07-25,true,
RB-HH-01305,Mitchell Household,Mass Market,BR-002,E-0040,2013-06-27,true,
RB-HH-01306,Nguyen Household,Student,BR-009,E-0006,2013-06-06,false,7
RB-HH-01307,Roberts Household,Mass Affluent,BR-014,E-0054,2017-07-12,false,-85
RB-HH-01308,Morris Household,Mass Market,BR-026,E-0055,2024-10-01,true,
RB-HH-01309,Wilson Household,Mass Market,BR-028,E-0005,2025-12-27,true,
RB-HH-01310,Patel Household,Mass Affluent,BR-009,E-0004,2013-05-09,true,
RB-HH-01311,Wilson Household,Premier,BR-024,E-0041,2023-11-15,true,
RB-HH-01312,Silva Household,Mass Affluent,BR-017,E-0016,2016-11-24,false,-17
RB-HH-01313,Clark Household,Mass Affluent,BR-014,E-0024,2016-03-07,true,54
RB-HH-01314,Young Household,Mass Market,BR-022,E-0031,2026-02-12,false,
RB-HH-01315,Nelson Household,Mass Market,BR-009,E-0035,2017-02-06,true,
RB-HH-01316,Johnson Household,Mass Affluent,BR-006,E-0023,2019-03-19,true,-93
RB-HH-01317,Wright Household,Premier,BR-024,E-0030,2018-02-01,true,
RB-HH-01318,Baker Household,Premier,BR-003,E-0015,2013-11-21,true,
RB-HH-01319,Nelson Household,Premier,BR-005,E-0044,2018-11-18,true,
RB-HH-01320,Stewart Household,Mass Market,BR-014,E-0047,2012-01-18,false,27
RB-HH-01321,Bailey Household,Premier,BR-010,E-0055,2015-10-25,false,-88
RB-HH-01322,Vaughn Household,Mass Market,BR-014,E-0021,2013-03-26,true,-53
RB-HH-01323,White Household,Mass Market,BR-023,E-0029,2021-11-09,false,
RB-HH-01324,Vaughn Household,Mass Market,BR-016,E-0001,2014-04-16,true,
RB-HH-01325,Jackson Household,Mass Market,BR-005,E-0002,2018-05-05,true,-72
RB-HH-01326,Edwards Household,Mass Market,BR-030,E-0043,2014-12-27,false,
RB-HH-01327,Jackson Household,Mass Market,BR-016,E-0001,2022-03-04,true,51
RB-HH-01328,Morris Household,Mass Market,BR-018,E-0044,2019-09-15,false,60
RB-HH-01329,Miller Household,Mass Affluent,BR-024,E-0016,2017-06-14,false,73
RB-HH-01330,Green Household,Mass Market,BR-002,E-0009,2023-11-24,false,-31
RB-HH-01331,Brown Household,Mass Market,BR-001,E-0047,2015-11-20,true,-42
RB-HH-01332,King Household,Mass Market,BR-021,E-0023,2016-06-23,false,-7
RB-HH-01333,Brown Household,Mass Market,BR-004,E-0056,2015-02-13,true,
RB-HH-01334,Young Household,Mass Market,BR-009,E-0019,2023-03-28,false,-81
RB-HH-01335,Scott Household,Mass Affluent,BR-004,E-0059,2022-07-18,false,
RB-HH-01336,Parker Household,Mass Market,BR-001,E-0037,2012-06-18,false,
RB-HH-01337,Evans Household,Mass Affluent,BR-005,E-0033,2014-02-21,true,-22
RB-HH-01338,Miller Household,Mass Market,BR-011,E-0009,2017-06-07,true,63
RB-HH-01339,Johnson Household,Premier,BR-016,E-0057,2012-07-16,true,-92
RB-HH-01340,Carter Household,Mass Affluent,BR-029,E-0045,2023-02-23,true,
RB-HH-01341,Scott Household,Mass Market,BR-023,E-0033,2019-08-13,true,
RB-HH-01342,Stewart Household,Mass Affluent,BR-008,E-0032,2015-10-17,true,
RB-HH-01343,Garcia Household,Premier,BR-022,E-0006,2019-10-13,true,
RB-HH-01344,Green Household,Mass Affluent,BR-003,E-0002,2020-08-18,true,
RB-HH-01345,Vaughn Household,Mass Market,BR-007,E-0052,2021-11-04,false,
RB-HH-01346,Young Household,Mass Market,BR-011,E-0048,2020-12-22,true,
RB-HH-01347,Baker Household,Mass Affluent,BR-013,E-0036,2026-06-22,true,
RB-HH-01348,Phillips Household,Mass Market,BR-008,E-0025,2015-11-18,false,
RB-HH-01349,Edwards Household,Mass Affluent,BR-003,E-0047,2022-09-09,true,97
RB-HH-01350,Silva Household,Mass Market,BR-006,E-0009,2020-08-06,false,
RB-HH-01351,Moore Household,Mass Market,BR-030,E-0001,2013-11-15,true,
RB-HH-01352,Johnson Household,Mass Market,BR-004,E-0059,2025-07-27,true,
RB-HH-01353,Nguyen Household,Mass Market,BR-009,E-0051,2022-05-23,false,-17
RB-HH-01354,Green Household,Mass Market,BR-020,E-0011,2021-04-18,true,
RB-HH-01355,Baker Household,Student,BR-030,E-0060,2018-06-11,true,-83
RB-HH-01356,Chen Household,Student,BR-026,E-0040,2017-11-12,false,
RB-HH-01357,Ashford Household,Mass Affluent,BR-025,E-0053,2016-01-28,true,
RB-HH-01358,Campbell Household,Premier,BR-010,E-0032,2014-07-17,true,
RB-HH-01359,Mitchell Household,Mass Affluent,BR-011,E-0057,2016-12-17,true,
RB-HH-01360,Okafor Household,Mass Affluent,BR-024,E-0036,2015-12-14,false,
RB-HH-01361,Green Household,Mass Affluent,BR-017,E-0018,2012-07-23,false,-86
RB-HH-01362,Roberts Household,Premier,BR-018,E-0022,2018-02-21,true,
RB-HH-01363,Jackson Household,Mass Market,BR-028,E-0015,2020-09-06,true,-96
RB-HH-01364,Nguyen Household,Mass Affluent,BR-027,E-0010,2026-06-16,true,
RB-HH-01365,Roberts Household,Mass Market,BR-007,E-0020,2017-06-15,true,
RB-HH-01366,Martinez Household,Student,BR-017,E-0018,2014-10-24,false,
RB-HH-01367,Walker Household,Mass Affluent,BR-029,E-0037,2024-12-23,true,
RB-HH-01368,Green Household,Mass Market,BR-029,E-0028,2022-12-26,false,-79
RB-HH-01369,Lewis Household,Mass Market,BR-020,E-0008,2022-05-27,true,
RB-HH-01370,Clark Household,Mass Market,BR-001,E-0002,2014-09-15,false,-12
RB-HH-01371,Miller Household,Mass Market,BR-006,E-0013,2019-05-31,true,
RB-HH-01372,Kim Household,Mass Market,BR-030,E-0045,2012-05-15,true,
RB-HH-01373,Morris Household,Student,BR-007,E-0013,2018-07-05,true,-38
RB-HH-01374,Morris Household,Premier,BR-004,E-0051,2014-07-11,true,
RB-HH-01375,Evans Household,Mass Market,BR-021,E-0002,2014-12-01,true,-97
RB-HH-01376,Vaughn Household,Mass Market,BR-020,E-0001,2025-01-14,true,
RB-HH-01377,Adams Household,Mass Affluent,BR-003,E-0016,2013-07-26,false,-40
RB-HH-01378,Walker Household,Mass Market,BR-001,E-0052,2013-07-20,true,
RB-HH-01379,Clark Household,Mass Affluent,BR-019,E-0060,2018-03-29,true,
RB-HH-01380,Chen Household,Mass Market,BR-010,E-0039,2018-12-21,true,
RB-HH-01381,Davis Household,Mass Market,BR-024,E-0015,2021-05-08,true,
RB-HH-01382,Anderson Household,Mass Market,BR-019,E-0040,2015-01-26,false,
RB-HH-01383,Okafor Household,Mass Market,BR-025,E-0058,2024-11-23,true,
RB-HH-01384,Davis Household,Premier,BR-009,E-0031,2025-08-13,false,-90
RB-HH-01385,Adams Household,Mass Market,BR-001,E-0019,2015-06-20,true,25
RB-HH-01386,Bailey Household,Mass Affluent,BR-021,E-0050,2019-11-22,true,
RB-HH-01387,Silva Household,Mass Market,BR-021,E-0040,2021-08-01,true,
RB-HH-01388,Morris Household,Premier,BR-018,E-0041,2024-01-02,true,57
RB-HH-01389,Lewis Household,Mass Market,BR-020,E-0043,2017-03-09,true,-34
RB-HH-01390,Stewart Household,Mass Market,BR-003,E-0047,2026-05-05,true,
RB-HH-01391,White Household,Mass Market,BR-001,E-0023,2012-12-30,true,
RB-HH-01392,Hall Household,Mass Market,BR-028,E-0008,2016-09-30,true,-93
RB-HH-01393,Green Household,Premier,BR-003,E-0053,2023-01-25,true,75
RB-HH-01394,Taylor Household,Premier,BR-023,E-0055,2024-08-13,true,
RB-HH-01395,Baker Household,Mass Affluent,BR-026,E-0033,2018-05-03,true,-72
RB-HH-01396,Lopez Household,Mass Market,BR-001,E-0022,2020-06-22,true,-16
RB-HH-01397,Okafor Household,Mass Market,BR-028,E-0021,2023-03-21,true,
RB-HH-01398,White Household,Mass Market,BR-006,E-0044,2018-05-04,true,93
RB-HH-01399,Nguyen Household,Mass Market,BR-022,E-0029,2016-03-30,true,-92
RB-HH-01400,Garcia Household,Mass Affluent,BR-017,E-0028,2019-02-27,true,
RB-HH-01401,Okafor Household,Premier,BR-003,E-0035,2022-08-18,false,
RB-HH-01402,Okafor Household,Premier,BR-019,E-0050,2013-04-05,true,
RB-HH-01403,King Household,Mass Market,BR-008,E-0036,2018-07-27,true,-16
RB-HH-01404,White Household,Mass Market,BR-006,E-0045,2017-04-19,true,
RB-HH-01405,Walker Household,Mass Market,BR-002,E-0007,2014-07-14,false,
RB-HH-01406,King Household,Mass Market,BR-010,E-0002,2018-05-23,false,
RB-HH-01407,Kim Household,Premier,BR-018,E-0021,2014-12-30,true,
RB-HH-01408,Lopez Household,Mass Market,BR-024,E-0005,2017-10-28,true,
RB-HH-01409,Phillips Household,Mass Affluent,BR-022,E-0028,2018-02-26,true,81
RB-HH-01410,Moore Household,Mass Market,BR-021,E-0015,2025-07-30,true,
RB-HH-01411,White Household,Premier,BR-014,E-0057,2021-03-30,false,
RB-HH-01412,King Household,Mass Market,BR-011,E-0010,2016-11-13,true,
RB-HH-01413,Brown Household,Mass Affluent,BR-019,E-0052,2023-01-11,true,-48
RB-HH-01414,Okafor Household,Mass Market,BR-001,E-0040,2022-07-02,false,
RB-HH-01415,Patel Household,Mass Affluent,BR-011,E-0005,2021-05-06,false,
RB-HH-01416,Miller Household,Mass Market,BR-024,E-0046,2019-01-11,false,-72
RB-HH-01417,Mitchell Household,Mass Market,BR-002,E-0037,2019-01-06,true,
RB-HH-01418,Patel Household,Student,BR-014,E-0013,2020-02-04,true,70
RB-HH-01419,Parker Household,Mass Affluent,BR-024,E-0029,2017-02-22,true,
RB-HH-01420,Clark Household,Mass Affluent,BR-025,E-0047,2021-05-18,true,
RB-HH-01421,Bailey Household,Mass Market,BR-004,E-0029,2012-11-21,true,-60
RB-HH-01422,Taylor Household,Premier,BR-010,E-0041,2016-12-31,false,-9
RB-HH-01423,Nguyen Household,Premier,BR-023,E-0026,2012-11-04,false,80
RB-HH-01424,Patel Household,Premier,BR-020,E-0025,2013-03-20,false,
RB-HH-01425,Silva Household,Premier,BR-021,E-0004,2025-11-02,true,-5
RB-HH-01426,Wilson Household,Mass Affluent,BR-013,E-0040,2016-04-27,false,-21
RB-HH-01427,Okafor Household,Student,BR-010,E-0007,2022-10-07,true,
RB-HH-01428,Lewis Household,Mass Affluent,BR-012,E-0040,2024-04-29,false,
RB-HH-01429,Vaughn Household,Mass Affluent,BR-005,E-0033,2021-07-07,true,-72
RB-HH-01430,Baker Household,Mass Market,BR-015,E-0014,2019-11-18,true,
RB-HH-01431,Taylor Household,Mass Market,BR-002,E-0015,2023-02-21,true,
RB-HH-01432,Davis Household,Mass Affluent,BR-023,E-0003,2023-11-02,true,
RB-HH-01433,White Household,Mass Market,BR-002,E-0053,2022-06-14,true,
RB-HH-01434,Baker Household,Mass Market,BR-024,E-0056,2012-07-09,true,
RB-HH-01435,Young Household,Premier,BR-029,E-0027,2012-01-01,true,
RB-HH-01436,Patel Household,Mass Market,BR-021,E-0006,2020-01-25,true,69
RB-HH-01437,Evans Household,Mass Market,BR-029,E-0046,2022-04-10,true,45
RB-HH-01438,Okafor Household,Mass Market,BR-012,E-0019,2019-11-03,true,
RB-HH-01439,Roberts Household,Mass Market,BR-022,E-0017,2017-08-27,false,
RB-HH-01440,Harris Household,Premier,BR-003,E-0060,2026-05-16,false,-22
RB-HH-01441,Okafor Household,Mass Market,BR-005,E-0026,2018-10-17,false,-92
RB-HH-01442,Allen Household,Mass Affluent,BR-018,E-0005,2014-03-01,false,
RB-HH-01443,Parker Household,Mass Affluent,BR-019,E-0024,2022-11-03,true,-81
RB-HH-01444,Kim Household,Mass Affluent,BR-010,E-0014,2024-11-16,true,
RB-HH-01445,Turner Household,Mass Market,BR-023,E-0040,2016-02-12,true,
RB-HH-01446,Nguyen Household,Mass Market,BR-012,E-0013,2022-12-17,true,33
RB-HH-01447,White Household,Premier,BR-030,E-0010,2015-02-13,true,-79
RB-HH-01448,Baker Household,Mass Affluent,BR-018,E-0026,2017-02-20,true,-88
RB-HH-01449,Wright Household,Mass Market,BR-007,E-0035,2019-11-28,true,18
RB-HH-01450,Nelson Household,Mass Market,BR-001,E-0003,2024-03-20,true,-56
RB-HH-01451,Patel Household,Mass Affluent,BR-009,E-0017,2012-01-06,true,-54
RB-HH-01452,Garcia Household,Mass Market,BR-021,E-0005,2022-08-28,true,
RB-HH-01453,Morris Household,Mass Market,BR-020,E-0022,2021-03-23,true,
RB-HH-01454,Johnson Household,Premier,BR-010,E-0035,2020-01-11,true,93
RB-HH-01455,Vaughn Household,Mass Affluent,BR-016,E-0058,2021-05-30,true,
RB-HH-01456,Johnson Household,Mass Affluent,BR-011,E-0010,2020-03-11,true,64
RB-HH-01457,Mitchell Household,Mass Market,BR-021,E-0005,2017-02-16,true,
RB-HH-01458,Taylor Household,Mass Market,BR-010,E-0054,2020-09-14,true,
RB-HH-01459,Johnson Household,Mass Market,BR-010,E-0040,2022-11-20,true,-19
RB-HH-01460,Miller Household,Premier,BR-019,E-0015,2016-07-23,false,
RB-HH-01461,Nguyen Household,Mass Market,BR-029,E-0035,2023-10-18,true,17
RB-HH-01462,Nguyen Household,Mass Market,BR-021,E-0035,2016-02-13,false,92
RB-HH-01463,Harris Household,Student,BR-015,E-0057,2022-03-28,true,30
RB-HH-01464,Hall Household,Mass Affluent,BR-019,E-0014,2015-06-23,false,
RB-HH-01465,Davis Household,Mass Market,BR-023,E-0002,2020-02-20,true,
RB-HH-01466,Walker Household,Premier,BR-015,E-0013,2012-11-13,true,
RB-HH-01467,Scott Household,Premier,BR-021,E-0056,2025-07-08,false,
RB-HH-01468,Hall Household,Mass Market,BR-009,E-0059,2014-03-17,false,
RB-HH-01469,Moore Household,Mass Market,BR-010,E-0051,2013-10-08,false,
RB-HH-01470,Campbell Household,Mass Market,BR-013,E-0041,2012-12-19,true,27
RB-HH-01471,Clark Household,Mass Market,BR-019,E-0036,2017-12-16,true,82
RB-HH-01472,Garcia Household,Mass Affluent,BR-022,E-0031,2016-11-25,true,42
RB-HH-01473,Brown Household,Mass Market,BR-002,E-0008,2023-10-22,false,85
RB-HH-01474,Miller Household,Mass Affluent,BR-011,E-0016,2026-04-16,false,
RB-HH-01475,Vaughn Household,Mass Affluent,BR-019,E-0060,2024-09-03,false,
RB-HH-01476,Green Household,Mass Market,BR-014,E-0027,2022-10-12,true,
RB-HH-01477,Nguyen Household,Mass Market,BR-007,E-0002,2017-12-21,true,
RB-HH-01478,Clark Household,Mass Affluent,BR-006,E-0008,2022-04-12,false,12
RB-HH-01479,Martinez Household,Mass Market,BR-018,E-0058,2020-11-05,true,
RB-HH-01480,Miller Household,Mass Affluent,BR-005,E-0059,2016-12-22,true,-97
RB-HH-01481,Vaughn Household,Mass Market,BR-019,E-0048,2015-12-03,true,
RB-HH-01482,Garcia Household,Mass Market,BR-004,E-0017,2023-08-18,true,
RB-HH-01483,Lopez Household,Mass Affluent,BR-007,E-0013,2026-04-07,true,-63
RB-HH-01484,Davis Household,Mass Market,BR-028,E-0002,2015-08-02,true,
RB-HH-01485,Campbell Household,Mass Affluent,BR-002,E-0056,2020-11-01,true,-65
RB-HH-01486,Nguyen Household,Mass Market,BR-005,E-0002,2025-10-16,true,-26
RB-HH-01487,Garcia Household,Student,BR-004,E-0049,2014-10-04,false,
RB-HH-01488,Bailey Household,Mass Affluent,BR-009,E-0025,2017-04-20,false,-54
RB-HH-01489,Bailey Household,Mass Market,BR-021,E-0012,2019-04-04,false,
RB-HH-01490,Jackson Household,Mass Affluent,BR-025,E-0059,2012-05-25,false,2
RB-HH-01491,Wright Household,Premier,BR-022,E-0047,2017-03-01,true,3
RB-HH-01492,Taylor Household,Mass Market,BR-020,E-0007,2015-09-06,true,53
RB-HH-01493,Jackson Household,Mass Market,BR-006,E-0047,2012-04-03,true,
RB-HH-01494,Garcia Household,Mass Market,BR-015,E-0034,2025-11-12,false,92
RB-HH-01495,Vaughn Household,Mass Market,BR-009,E-0017,2024-01-10,true,100
RB-HH-01496,Miller Household,Mass Market,BR-020,E-0019,2013-05-20,true,45
RB-HH-01497,Hall Household,Mass Affluent,BR-009,E-0005,2025-10-06,true,34
RB-HH-01498,Roberts Household,Mass Market,BR-024,E-0009,2025-03-23,true,
RB-HH-01499,Moore Household,Premier,BR-022,E-0022,2023-05-26,true,
RB-HH-01500,Brown Household,Mass Market,BR-015,E-0033,2021-04-25,true,
RB-HH-01501,Brown Household,Mass Market,BR-025,E-0029,2017-10-19,true,-8
RB-HH-01502,Kim Household,Mass Market,BR-001,E-0052,2022-04-24,false,
RB-HH-01503,Mitchell Household,Mass Market,BR-020,E-0051,2014-07-30,true,
RB-HH-01504,Evans Household,Mass Affluent,BR-013,E-0027,2024-05-02,true,
RB-HH-01505,Hall Household,Mass Affluent,BR-005,E-0049,2015-10-01,false,
RB-HH-01506,Green Household,Mass Market,BR-018,E-0051,2019-09-30,true,88
RB-HH-01507,Turner Household,Premier,BR-017,E-0019,2023-05-11,true,
RB-HH-01508,Wilson Household,Mass Affluent,BR-011,E-0002,2024-09-24,true,-69
RB-HH-01509,Jackson Household,Mass Market,BR-008,E-0049,2023-07-01,true,-20
RB-HH-01510,Thomas Household,Mass Market,BR-012,E-0024,2025-07-25,true,
RB-HH-01511,Patel Household,Mass Market,BR-024,E-0056,2019-12-22,false,
RB-HH-01512,Turner Household,Mass Market,BR-024,E-0041,2025-10-26,false,
RB-HH-01513,Lewis Household,Mass Market,BR-019,E-0046,2024-03-09,false,
RB-HH-01514,Anderson Household,Mass Market,BR-016,E-0056,2013-08-03,true,-68
RB-HH-01515,Ashford Household,Mass Market,BR-014,E-0003,2018-07-04,false,
RB-HH-01516,Silva Household,Premier,BR-010,E-0059,2015-05-31,true,
RB-HH-01517,Adams Household,Mass Market,BR-014,E-0006,2015-04-19,true,88
RB-HH-01518,Chen Household,Mass Market,BR-006,E-0040,2020-06-01,false,-33
RB-HH-01519,Clark Household,Mass Market,BR-007,E-0005,2015-04-21,true,-49
RB-HH-01520,Brown Household,Mass Market,BR-021,E-0035,2012-08-18,true,-92
RB-HH-01521,Hall Household,Mass Market,BR-027,E-0014,2013-03-29,true,68
RB-HH-01522,Martinez Household,Mass Market,BR-023,E-0012,2025-03-31,true,
RB-HH-01523,Ruiz Household,Mass Market,BR-003,E-0021,2024-07-19,true,
RB-HH-01524,Moore Household,Premier,BR-015,E-0039,2013-01-04,true,-79
RB-HH-01525,Stewart Household,Mass Market,BR-016,E-0019,2021-05-30,true,
RB-HH-01526,Silva Household,Premier,BR-009,E-0060,2019-12-03,true,
RB-HH-01527,Morris Household,Mass Market,BR-001,E-0049,2021-11-02,true,
RB-HH-01528,Wilson Household,Mass Affluent,BR-013,E-0001,2016-02-16,true,
RB-HH-01529,Jackson Household,Mass Market,BR-022,E-0041,2019-03-03,true,
RB-HH-01530,Morris Household,Mass Affluent,BR-009,E-0002,2013-05-05,true,
RB-HH-01531,Anderson Household,Mass Affluent,BR-011,E-0047,2015-01-16,true,-76
RB-HH-01532,Kim Household,Mass Market,BR-015,E-0035,2015-01-25,true,-19
RB-HH-01533,Ruiz Household,Mass Market,BR-005,E-0057,2026-06-16,true,66
RB-HH-01534,Phillips Household,Mass Affluent,BR-009,E-0032,2020-08-14,false,-24
RB-HH-01535,Moore Household,Mass Market,BR-027,E-0026,2021-08-25,false,
RB-HH-01536,Harris Household,Mass Affluent,BR-001,E-0031,2025-09-02,false,
RB-HH-01537,King Household,Mass Market,BR-020,E-0016,2013-03-22,true,
RB-HH-01538,Mitchell Household,Mass Affluent,BR-014,E-0056,2023-06-19,true,
RB-HH-01539,Okafor Household,Mass Affluent,BR-008,E-0030,2019-09-21,true,10
RB-HH-01540,Miller Household,Mass Market,BR-014,E-0021,2017-02-04,true,
RB-HH-01541,Ruiz Household,Mass Market,BR-021,E-0051,2024-09-18,true,30
RB-HH-01542,Roberts Household,Mass Market,BR-004,E-0014,2013-10-11,true,48
RB-HH-01543,Garcia Household,Mass Affluent,BR-027,E-0036,2024-09-26,true,9
RB-HH-01544,Green Household,Mass Market,BR-005,E-0060,2018-02-26,true,
RB-HH-01545,Nguyen Household,Mass Market,BR-025,E-0032,2021-05-15,true,-29
RB-HH-01546,Harris Household,Premier,BR-022,E-0014,2015-09-06,true,
RB-HH-01547,Chen Household,Mass Market,BR-013,E-0046,2019-04-18,true,-7
RB-HH-01548,Okafor Household,Mass Market,BR-020,E-0042,2012-07-08,false,
RB-HH-01549,Nelson Household,Mass Market,BR-011,E-0016,2016-02-19,true,3
RB-HH-01550,Turner Household,Mass Market,BR-029,E-0001,2024-05-22,true,
RB-HH-01551,Wilson Household,Mass Market,BR-017,E-0034,2016-06-28,false,
RB-HH-01552,Phillips Household,Mass Market,BR-018,E-0003,2017-09-19,false,
RB-HH-01553,Miller Household,Mass Market,BR-009,E-0012,2020-04-27,false,
RB-HH-01554,Scott Household,Mass Market,BR-008,E-0033,2012-08-27,false,
RB-HH-01555,Carter Household,Mass Affluent,BR-025,E-0054,2012-11-06,true,
RB-HH-01556,Adams Household,Premier,BR-016,E-0007,2013-08-25,true,
RB-HH-01557,Phillips Household,Premier,BR-003,E-0052,2017-09-24,false,
RB-HH-01558,Scott Household,Mass Market,BR-027,E-0046,2023-09-23,true,
RB-HH-01559,Ruiz Household,Mass Market,BR-022,E-0025,2023-12-11,false,
RB-HH-01560,Thomas Household,Mass Market,BR-012,E-0049,2015-04-15,false,
RB-HH-01561,Lewis Household,Mass Market,BR-006,E-0048,2017-07-11,false,-63
RB-HH-01562,Young Household,Mass Affluent,BR-016,E-0007,2016-10-16,false,-60
RB-HH-01563,Wilson Household,Mass Market,BR-020,E-0010,2018-09-24,false,64
RB-HH-01564,Anderson Household,Mass Market,BR-026,E-0019,2018-04-19,true,
RB-HH-01565,Davis Household,Premier,BR-004,E-0046,2026-02-12,false,38
RB-HH-01566,Jackson Household,Mass Market,BR-005,E-0018,2020-03-25,true,
RB-HH-01567,Collins Household,Mass Market,BR-023,E-0009,2012-05-14,true,65
RB-HH-01568,Baker Household,Premier,BR-006,E-0010,2024-04-27,true,78
RB-HH-01569,Roberts Household,Mass Affluent,BR-012,E-0005,2017-02-09,true,90
RB-HH-01570,Chen Household,Mass Market,BR-012,E-0033,2024-06-24,false,
RB-HH-01571,Moore Household,Mass Market,BR-003,E-0031,2024-02-24,false,-41
RB-HH-01572,Silva Household,Mass Affluent,BR-009,E-0010,2025-12-13,false,
RB-HH-01573,Morris Household,Mass Market,BR-017,E-0034,2021-11-23,true,-84
RB-HH-01574,Brown Household,Mass Market,BR-028,E-0012,2014-11-15,false,
RB-HH-01575,Harris Household,Premier,BR-001,E-0029,2026-01-25,true,23
RB-HH-01576,Miller Household,Premier,BR-023,E-0059,2016-04-03,true,-36
RB-HH-01577,Campbell Household,Mass Affluent,BR-008,E-0011,2013-08-15,true,
RB-HH-01578,Silva Household,Mass Market,BR-002,E-0016,2015-11-15,true,
RB-HH-01579,Okafor Household,Mass Affluent,BR-026,E-0032,2023-06-04,false,
RB-HH-01580,Nelson Household,Mass Market,BR-012,E-0037,2023-10-31,true,
RB-HH-01581,Martinez Household,Mass Affluent,BR-002,E-0002,2015-09-25,true,
RB-HH-01582,Johnson Household,Mass Affluent,BR-029,E-0044,2012-06-10,true,
RB-HH-01583,Okafor Household,Mass Affluent,BR-025,E-0049,2016-03-08,false,92
RB-HH-01584,Kim Household,Mass Market,BR-015,E-0041,2025-01-25,true,-87
RB-HH-01585,Clark Household,Mass Market,BR-004,E-0024,2017-02-04,true,-42
RB-HH-01586,Campbell Household,Mass Affluent,BR-018,E-0011,2018-05-09,true,
RB-HH-01587,Brown Household,Mass Market,BR-023,E-0046,2020-01-17,false,-61
RB-HH-01588,Thomas Household,Mass Affluent,BR-001,E-0040,2022-09-25,false,
RB-HH-01589,White Household,Mass Market,BR-018,E-0040,2025-04-13,false,16
RB-HH-01590,Johnson Household,Premier,BR-004,E-0025,2014-03-04,false,-22
RB-HH-01591,Clark Household,Mass Affluent,BR-007,E-0003,2013-01-21,true,
RB-HH-01592,Scott Household,Student,BR-011,E-0013,2016-09-24,true,
RB-HH-01593,Allen Household,Mass Affluent,BR-004,E-0032,2015-10-12,true,-38
RB-HH-01594,Parker Household,Mass Affluent,BR-021,E-0018,2019-05-27,true,8
RB-HH-01595,Davis Household,Student,BR-002,E-0058,2019-10-16,false,
RB-HH-01596,Silva Household,Mass Market,BR-013,E-0017,2016-01-14,true,
RB-HH-01597,Bailey Household,Mass Affluent,BR-008,E-0018,2025-07-26,true,
RB-HH-01598,Chen Household,Mass Affluent,BR-010,E-0040,2023-06-20,true,66
RB-HH-01599,Turner Household,Mass Market,BR-025,E-0050,2024-02-23,true,-68
RB-HH-01600,Thomas Household,Mass Affluent,BR-014,E-0018,2015-11-28,true,-42
RB-HH-01601,Evans Household,Mass Market,BR-023,E-0052,2020-10-02,false,9
RB-HH-01602,Mitchell Household,Mass Market,BR-008,E-0041,2013-01-26,true,
RB-HH-01603,Hall Household,Mass Affluent,BR-001,E-0002,2026-03-20,true,-57
RB-HH-01604,Martinez Household,Mass Market,BR-005,E-0047,2024-12-04,true,
RB-HH-01605,Campbell Household,Mass Market,BR-018,E-0023,2013-06-29,false,-59
RB-HH-01606,King Household,Mass Market,BR-016,E-0039,2023-02-09,false,
RB-HH-01607,Ruiz Household,Mass Affluent,BR-015,E-0058,2013-08-07,true,
RB-HH-01608,Hall Household,Premier,BR-021,E-0010,2023-05-27,true,
RB-HH-01609,Roberts Household,Mass Affluent,BR-027,E-0043,2018-12-25,false,
RB-HH-01610,Martinez Household,Student,BR-025,E-0036,2012-01-30,true,-35
RB-HH-01611,Bailey Household,Mass Market,BR-001,E-0027,2017-06-20,false,-100
RB-HH-01612,Scott Household,Student,BR-022,E-0001,2013-04-12,true,70
RB-HH-01613,Kim Household,Mass Market,BR-027,E-0035,2015-05-22,true,
RB-HH-01614,Scott Household,Mass Market,BR-021,E-0019,2012-05-09,true,
RB-HH-01615,Wright Household,Premier,BR-023,E-0041,2012-12-11,true,
RB-HH-01616,Wilson Household,Mass Market,BR-020,E-0016,2015-06-14,true,76
RB-HH-01617,Lewis Household,Mass Market,BR-028,E-0036,2019-12-09,false,-6
RB-HH-01618,Phillips Household,Mass Market,BR-012,E-0036,2013-12-08,true,3
RB-HH-01619,Scott Household,Premier,BR-005,E-0053,2013-06-25,false,
RB-HH-01620,Evans Household,Mass Market,BR-021,E-0040,2023-02-15,true,-95
RB-HH-01621,Johnson Household,Mass Affluent,BR-015,E-0018,2012-04-17,true,
RB-HH-01622,Hall Household,Mass Market,BR-009,E-0020,2023-09-01,true,
RB-HH-01623,Moore Household,Mass Market,BR-008,E-0044,2017-03-21,false,39
RB-HH-01624,Clark Household,Student,BR-022,E-0052,2016-03-20,true,-48
RB-HH-01625,Mitchell Household,Mass Affluent,BR-030,E-0017,2023-01-17,true,2
RB-HH-01626,Davis Household,Mass Market,BR-015,E-0018,2015-01-28,false,
RB-HH-01627,Ashford Household,Student,BR-019,E-0012,2018-04-19,true,-75
RB-HH-01628,Moore Household,Mass Affluent,BR-013,E-0059,2020-07-01,true,-13
RB-HH-01629,Campbell Household,Mass Affluent,BR-016,E-0023,2014-09-07,true,
RB-HH-01630,Roberts Household,Mass Affluent,BR-011,E-0057,2020-11-18,true,
RB-HH-01631,Kim Household,Mass Market,BR-004,E-0042,2020-10-01,true,90
RB-HH-01632,Green Household,Premier,BR-015,E-0005,2023-06-12,false,-56
RB-HH-01633,Edwards Household,Mass Market,BR-008,E-0039,2016-05-22,false,
RB-HH-01634,Davis Household,Mass Market,BR-018,E-0003,2019-05-25,true,
RB-HH-01635,Evans Household,Premier,BR-011,E-0014,2016-03-10,false,
RB-HH-01636,Johnson Household,Student,BR-004,E-0003,2020-05-28,true,12
RB-HH-01637,Okafor Household,Mass Market,BR-008,E-0012,2012-10-08,true,
RB-HH-01638,Nelson Household,Mass Market,BR-015,E-0001,2016-01-26,true,
RB-HH-01639,Taylor Household,Mass Affluent,BR-011,E-0045,2020-11-29,false,-34
RB-HH-01640,Taylor Household,Mass Affluent,BR-009,E-0016,2018-04-05,true,
RB-HH-01641,Kim Household,Mass Market,BR-016,E-0025,2016-01-10,true,
RB-HH-01642,Garcia Household,Mass Market,BR-008,E-0003,2017-09-03,false,
RB-HH-01643,Harris Household,Mass Market,BR-020,E-0013,2023-10-26,true,
RB-HH-01644,Thomas Household,Mass Market,BR-027,E-0003,2023-02-05,true,
RB-HH-01645,Edwards Household,Mass Affluent,BR-011,E-0036,2024-12-19,true,
RB-HH-01646,Johnson Household,Mass Market,BR-020,E-0024,2020-03-14,false,
RB-HH-01647,Walker Household,Mass Market,BR-016,E-0051,2016-06-01,true,
RB-HH-01648,Martinez Household,Mass Market,BR-018,E-0005,2023-11-02,true,
RB-HH-01649,King Household,Mass Market,BR-022,E-0009,2022-03-04,true,52
RB-HH-01650,Nelson Household,Mass Market,BR-003,E-0020,2012-03-19,true,50
RB-HH-01651,Collins Household,Mass Market,BR-025,E-0033,2021-03-17,false,
RB-HH-01652,Wilson Household,Mass Affluent,BR-018,E-0032,2012-11-27,true,
RB-HH-01653,Ashford Household,Mass Market,BR-025,E-0036,2024-03-09,false,
RB-HH-01654,Taylor Household,Premier,BR-006,E-0021,2024-09-16,true,
RB-HH-01655,Patel Household,Mass Market,BR-009,E-0053,2017-10-25,false,
RB-HH-01656,Davis Household,Mass Market,BR-013,E-0004,2023-12-25,true,
RB-HH-01657,Okafor Household,Mass Affluent,BR-017,E-0045,2026-01-14,false,
RB-HH-01658,Harris Household,Mass Market,BR-019,E-0041,2021-01-24,true,
RB-HH-01659,Allen Household,Mass Affluent,BR-027,E-0011,2017-05-08,true,-56
RB-HH-01660,Thomas Household,Mass Market,BR-027,E-0019,2020-07-27,true,
RB-HH-01661,Nguyen Household,Mass Market,BR-010,E-0010,2026-06-26,false,
RB-HH-01662,Jackson Household,Premier,BR-030,E-0057,2024-09-12,false,
RB-HH-01663,Lewis Household,Premier,BR-017,E-0044,2026-02-15,true,
RB-HH-01664,Evans Household,Mass Market,BR-020,E-0019,2019-08-12,false,-8
RB-HH-01665,Phillips Household,Premier,BR-019,E-0003,2019-03-13,false,
RB-HH-01666,Green Household,Mass Market,BR-025,E-0039,2022-05-30,true,
RB-HH-01667,Davis Household,Mass Affluent,BR-017,E-0021,2023-03-08,true,
RB-HH-01668,Allen Household,Mass Affluent,BR-003,E-0009,2023-10-21,false,74
RB-HH-01669,Vaughn Household,Mass Market,BR-020,E-0054,2020-06-30,true,96
RB-HH-01670,Kim Household,Mass Market,BR-004,E-0014,2024-07-19,true,
RB-HH-01671,Nguyen Household,Mass Market,BR-016,E-0048,2017-10-07,true,
RB-HH-01672,Adams Household,Mass Market,BR-012,E-0031,2016-06-10,false,
RB-HH-01673,Nelson Household,Premier,BR-013,E-0032,2016-05-07,false,
RB-HH-01674,Lewis Household,Mass Affluent,BR-017,E-0057,2016-12-10,false,-27
RB-HH-01675,Silva Household,Mass Affluent,BR-018,E-0057,2024-07-03,false,
RB-HH-01676,Taylor Household,Mass Market,BR-012,E-0027,2020-01-24,true,1
RB-HH-01677,King Household,Mass Market,BR-019,E-0017,2019-06-09,true,
RB-HH-01678,Jackson Household,Mass Market,BR-010,E-0005,2021-07-19,false,
RB-HH-01679,King Household,Mass Affluent,BR-001,E-0055,2025-07-02,true,
RB-HH-01680,Garcia Household,Premier,BR-024,E-0011,2024-01-01,true,87
RB-HH-01681,Young Household,Mass Market,BR-030,E-0018,2025-09-22,true,
RB-HH-01682,Collins Household,Mass Affluent,BR-005,E-0030,2023-04-23,true,-48
RB-HH-01683,Jackson Household,Mass Market,BR-014,E-0027,2019-02-03,false,88
RB-HH-01684,Campbell Household,Premier,BR-021,E-0056,2016-03-01,true,
RB-HH-01685,Harris Household,Premier,BR-024,E-0031,2017-08-21,true,
RB-HH-01686,Anderson Household,Student,BR-019,E-0012,2019-09-15,true,-42
RB-HH-01687,Moore Household,Mass Market,BR-028,E-0041,2014-11-03,false,-64
RB-HH-01688,Chen Household,Mass Market,BR-019,E-0029,2017-12-22,false,
RB-HH-01689,Harris Household,Mass Market,BR-022,E-0041,2014-07-15,true,
RB-HH-01690,Turner Household,Mass Affluent,BR-002,E-0008,2021-01-24,true,-13
RB-HH-01691,Taylor Household,Mass Affluent,BR-025,E-0043,2021-06-24,true,78
RB-HH-01692,Ashford Household,Mass Market,BR-022,E-0012,2020-04-14,true,
RB-HH-01693,Wright Household,Student,BR-007,E-0053,2015-11-30,true,
RB-HH-01694,Allen Household,Mass Market,BR-003,E-0056,2016-05-25,true,
RB-HH-01695,Allen Household,Mass Affluent,BR-021,E-0008,2014-05-15,true,
RB-HH-01696,Green Household,Premier,BR-018,E-0042,2023-03-23,false,3
RB-HH-01697,King Household,Mass Affluent,BR-012,E-0031,2018-12-28,false,
RB-HH-01698,Silva Household,Premier,BR-004,E-0031,2024-11-09,true,
RB-HH-01699,Moore Household,Mass Affluent,BR-012,E-0028,2018-03-29,true,
RB-HH-01700,Silva Household,Premier,BR-010,E-0003,2013-03-01,true,-58
RB-HH-01701,Parker Household,Mass Affluent,BR-027,E-0022,2012-07-16,true,78
RB-HH-01702,Chen Household,Mass Market,BR-004,E-0050,2017-08-30,true,
RB-HH-01703,Patel Household,Student,BR-006,E-0038,2024-10-12,true,
RB-HH-01704,Clark Household,Mass Market,BR-004,E-0054,2016-03-27,false,-33
RB-HH-01705,Miller Household,Mass Market,BR-027,E-0030,2022-02-26,true,
RB-HH-01706,Davis Household,Mass Affluent,BR-005,E-0007,2016-08-03,true,
RB-HH-01707,Thomas Household,Mass Market,BR-013,E-0021,2012-10-12,true,63
RB-HH-01708,Evans Household,Mass Market,BR-004,E-0054,2016-12-21,false,
RB-HH-01709,Martinez Household,Mass Market,BR-030,E-0032,2018-08-31,true,20
RB-HH-01710,Ashford Household,Mass Market,BR-030,E-0010,2015-11-16,true,-36
RB-HH-01711,Wilson Household,Mass Market,BR-030,E-0044,2023-02-23,true,
RB-HH-01712,Allen Household,Mass Market,BR-003,E-0045,2025-12-02,true,
RB-HH-01713,Allen Household,Mass Market,BR-027,E-0021,2015-02-16,true,6
RB-HH-01714,Chen Household,Mass Market,BR-015,E-0017,2022-06-01,false,23
RB-HH-01715,Evans Household,Premier,BR-009,E-0040,2024-12-01,true,-81
RB-HH-01716,Okafor Household,Premier,BR-010,E-0020,2018-01-24,true,
RB-HH-01717,Carter Household,Mass Affluent,BR-029,E-0012,2015-02-18,true,-72
RB-HH-01718,Moore Household,Premier,BR-016,E-0010,2025-12-09,true,-45
RB-HH-01719,Morris Household,Mass Affluent,BR-014,E-0048,2022-09-28,true,
RB-HH-01720,Mitchell Household,Premier,BR-020,E-0050,2014-01-01,true,
RB-HH-01721,Brown Household,Mass Affluent,BR-011,E-0035,2019-06-23,true,62
RB-HH-01722,Green Household,Mass Market,BR-006,E-0051,2025-12-04,true,-2
RB-HH-01723,Johnson Household,Mass Market,BR-024,E-0024,2015-01-08,true,74
RB-HH-01724,Chen Household,Premier,BR-020,E-0036,2012-12-10,false,
RB-HH-01725,Scott Household,Mass Market,BR-008,E-0001,2021-10-18,true,
RB-HH-01726,Harris Household,Mass Market,BR-005,E-0024,2026-06-14,false,
RB-HH-01727,Mitchell Household,Mass Affluent,BR-016,E-0047,2018-07-10,false,
RB-HH-01728,Edwards Household,Mass Market,BR-001,E-0046,2020-08-05,true,
RB-HH-01729,Clark Household,Mass Market,BR-010,E-0031,2019-01-10,true,
RB-HH-01730,King Household,Premier,BR-015,E-0026,2012-04-24,true,-48
RB-HH-01731,Morris Household,Mass Affluent,BR-008,E-0026,2022-11-19,true,
RB-HH-01732,Mitchell Household,Premier,BR-030,E-0029,2024-11-15,false,-75
RB-HH-01733,Carter Household,Premier,BR-015,E-0050,2021-05-27,true,
RB-HH-01734,Ruiz Household,Mass Affluent,BR-002,E-0035,2012-07-31,true,
RB-HH-01735,Green Household,Mass Affluent,BR-007,E-0023,2026-05-10,false,
RB-HH-01736,Anderson Household,Mass Affluent,BR-001,E-0004,2014-12-09,true,
RB-HH-01737,Johnson Household,Premier,BR-001,E-0046,2014-11-11,true,
RB-HH-01738,Mitchell Household,Premier,BR-017,E-0052,2013-01-02,true,
RB-HH-01739,Lopez Household,Mass Market,BR-016,E-0008,2016-02-07,true,
RB-HH-01740,Patel Household,Mass Market,BR-011,E-0013,2014-10-05,true,
RB-HH-01741,Davis Household,Mass Market,BR-005,E-0035,2020-01-07,true,
RB-HH-01742,Edwards Household,Mass Market,BR-027,E-0048,2021-08-26,true,76
RB-HH-01743,Evans Household,Mass Market,BR-022,E-0018,2012-09-29,true,-58
RB-HH-01744,Patel Household,Mass Market,BR-011,E-0032,2021-11-21,true,
RB-HH-01745,Silva Household,Mass Affluent,BR-014,E-0013,2012-09-03,true,24
RB-HH-01746,Chen Household,Mass Market,BR-013,E-0016,2018-03-06,false,
RB-HH-01747,Davis Household,Mass Affluent,BR-002,E-0045,2021-01-11,true,
RB-HH-01748,Thomas Household,Mass Market,BR-001,E-0017,2013-07-26,true,96
RB-HH-01749,Walker Household,Mass Market,BR-029,E-0046,2024-02-26,false,
RB-HH-01750,Ashford Household,Mass Market,BR-027,E-0009,2021-07-25,true,-46
RB-HH-01751,Baker Household,Mass Market,BR-004,E-0003,2025-12-01,false,
RB-HH-01752,Campbell Household,Mass Market,BR-025,E-0056,2020-05-23,true,
RB-HH-01753,Turner Household,Mass Affluent,BR-019,E-0041,2021-08-22,true,62
RB-HH-01754,Vaughn Household,Premier,BR-029,E-0029,2020-08-26,true,
RB-HH-01755,Roberts Household,Mass Market,BR-015,E-0037,2018-09-29,true,
RB-HH-01756,Okafor Household,Mass Market,BR-010,E-0032,2025-08-12,true,
RB-HH-01757,Baker Household,Mass Market,BR-019,E-0022,2016-09-05,true,
RB-HH-01758,Phillips Household,Mass Market,BR-012,E-0058,2013-02-04,true,
RB-HH-01759,Mitchell Household,Mass Affluent,BR-003,E-0025,2019-08-14,false,
RB-HH-01760,White Household,Mass Affluent,BR-007,E-0032,2015-06-15,false,92
RB-HH-01761,Adams Household,Mass Affluent,BR-018,E-0022,2020-08-20,false,
RB-HH-01762,Scott Household,Mass Affluent,BR-019,E-0017,2013-12-02,true,68
RB-HH-01763,King Household,Mass Affluent,BR-004,E-0030,2022-10-22,true,-64
RB-HH-01764,Campbell Household,Mass Market,BR-017,E-0037,2025-01-19,false,-59
RB-HH-01765,Brown Household,Mass Market,BR-014,E-0042,2017-11-25,false,
RB-HH-01766,Anderson Household,Mass Market,BR-030,E-0030,2026-02-12,true,41
RB-HH-01767,King Household,Mass Market,BR-004,E-0037,2014-06-11,false,
RB-HH-01768,Taylor Household,Mass Market,BR-007,E-0039,2014-12-02,false,-27
RB-HH-01769,Edwards Household,Premier,BR-030,E-0025,2022-05-15,false,
RB-HH-01770,Silva Household,Mass Market,BR-004,E-0004,2022-11-17,true,33
RB-HH-01771,Lopez Household,Mass Market,BR-028,E-0060,2020-03-17,true,45
RB-HH-01772,Turner Household,Premier,BR-024,E-0039,2015-10-01,true,-69
RB-HH-01773,Scott Household,Mass Market,BR-022,E-0022,2019-08-12,false,
RB-HH-01774,Davis Household,Mass Market,BR-013,E-0026,2012-11-27,true,
RB-HH-01775,Young Household,Mass Market,BR-014,E-0050,2016-06-20,true,
RB-HH-01776,Turner Household,Mass Market,BR-006,E-0043,2014-02-15,false,
RB-HH-01777,Stewart Household,Mass Affluent,BR-020,E-0009,2024-06-15,false,
RB-HH-01778,Ashford Household,Mass Market,BR-022,E-0040,2021-08-20,true,8
RB-HH-01779,Phillips Household,Mass Affluent,BR-003,E-0011,2017-04-16,true,-63
RB-HH-01780,White Household,Mass Affluent,BR-024,E-0005,2016-12-04,true,
RB-HH-01781,Miller Household,Mass Market,BR-028,E-0017,2023-05-28,false,3
RB-HH-01782,Walker Household,Mass Market,BR-019,E-0035,2014-07-22,true,
RB-HH-01783,Walker Household,Premier,BR-026,E-0049,2022-02-15,true,89
RB-HH-01784,Young Household,Mass Market,BR-009,E-0029,2021-09-30,false,
RB-HH-01785,Bailey Household,Mass Affluent,BR-002,E-0022,2019-11-14,true,
RB-HH-01786,Carter Household,Mass Market,BR-020,E-0050,2013-01-21,true,-72
RB-HH-01787,Adams Household,Mass Affluent,BR-026,E-0015,2025-09-27,true,-34
RB-HH-01788,Edwards Household,Mass Market,BR-010,E-0028,2023-12-11,true,
RB-HH-01789,Mitchell Household,Mass Market,BR-025,E-0017,2013-11-27,true,
RB-HH-01790,Lewis Household,Mass Affluent,BR-016,E-0007,2012-08-02,true,
RB-HH-01791,Davis Household,Mass Market,BR-011,E-0019,2012-01-30,false,
RB-HH-01792,Johnson Household,Mass Market,BR-027,E-0046,2018-01-08,false,
RB-HH-01793,Thomas Household,Mass Market,BR-004,E-0047,2025-04-12,true,
RB-HH-01794,Hall Household,Mass Affluent,BR-009,E-0034,2020-09-14,true,-57
RB-HH-01795,Clark Household,Mass Market,BR-026,E-0048,2021-04-15,false,
RB-HH-01796,Carter Household,Mass Affluent,BR-002,E-0042,2013-10-18,true,
RB-HH-01797,Harris Household,Mass Affluent,BR-016,E-0012,2016-06-30,true,
RB-HH-01798,Adams Household,Mass Affluent,BR-025,E-0041,2016-11-18,true,
RB-HH-01799,Moore Household,Mass Market,BR-008,E-0017,2021-11-07,false,
RB-HH-01800,Carter Household,Mass Affluent,BR-024,E-0002,2022-12-18,true,
RB-HH-01801,Allen Household,Mass Affluent,BR-005,E-0040,2012-10-15,true,
RB-HH-01802,Moore Household,Mass Affluent,BR-001,E-0057,2024-08-31,false,53
RB-HH-01803,Davis Household,Premier,BR-020,E-0047,2017-06-07,true,-30
RB-HH-01804,Stewart Household,Mass Market,BR-011,E-0052,2014-12-15,true,
RB-HH-01805,Evans Household,Premier,BR-017,E-0001,2024-07-25,true,
RB-HH-01806,Stewart Household,Student,BR-001,E-0057,2024-09-18,true,-21
RB-HH-01807,Walker Household,Mass Affluent,BR-006,E-0053,2019-04-10,true,
RB-HH-01808,Miller Household,Mass Market,BR-014,E-0014,2018-09-17,true,
RB-HH-01809,Patel Household,Mass Affluent,BR-003,E-0014,2018-05-12,true,-6
RB-HH-01810,Martinez Household,Mass Market,BR-030,E-0026,2019-05-31,true,
RB-HH-01811,Nguyen Household,Mass Market,BR-017,E-0046,2018-09-01,true,
RB-HH-01812,Martinez Household,Mass Market,BR-007,E-0015,2019-01-26,false,22
RB-HH-01813,Anderson Household,Mass Market,BR-007,E-0019,2021-03-14,true,74
RB-HH-01814,Johnson Household,Mass Market,BR-021,E-0026,2021-06-05,true,-44
RB-HH-01815,Vaughn Household,Student,BR-025,E-0023,2020-06-19,true,
RB-HH-01816,Baker Household,Premier,BR-022,E-0052,2022-12-22,true,
RB-HH-01817,Anderson Household,Mass Affluent,BR-008,E-0015,2018-05-14,false,-82
RB-HH-01818,Scott Household,Premier,BR-008,E-0057,2013-04-04,true,76
RB-HH-01819,Scott Household,Mass Affluent,BR-013,E-0027,2019-03-10,false,
RB-HH-01820,Parker Household,Mass Market,BR-026,E-0046,2021-09-21,false,
RB-HH-01821,Lopez Household,Mass Market,BR-016,E-0005,2020-12-12,true,
RB-HH-01822,Campbell Household,Mass Market,BR-023,E-0009,2023-07-31,true,
RB-HH-01823,Morris Household,Mass Affluent,BR-002,E-0025,2025-07-25,true,68
RB-HH-01824,Edwards Household,Mass Market,BR-017,E-0049,2022-06-02,false,
RB-HH-01825,Adams Household,Mass Market,BR-025,E-0041,2012-03-11,false,
RB-HH-01826,Young Household,Mass Market,BR-029,E-0013,2020-02-02,true,
RB-HH-01827,Phillips Household,Mass Market,BR-010,E-0026,2025-07-24,false,
RB-HH-01828,Clark Household,Mass Market,BR-015,E-0041,2022-05-02,true,
RB-HH-01829,White Household,Mass Affluent,BR-013,E-0016,2017-03-01,false,-3
RB-HH-01830,Collins Household,Mass Market,BR-007,E-0037,2015-03-30,false,
RB-HH-01831,Allen Household,Mass Market,BR-022,E-0047,2021-11-09,true,-38
RB-HH-01832,Morris Household,Premier,BR-008,E-0059,2023-04-17,true,
RB-HH-01833,Harris Household,Mass Affluent,BR-003,E-0050,2013-01-17,false,
RB-HH-01834,Roberts Household,Mass Market,BR-023,E-0043,2020-12-16,true,
RB-HH-01835,Evans Household,Mass Market,BR-010,E-0049,2025-07-18,true,
RB-HH-01836,Scott Household,Mass Market,BR-003,E-0032,2013-11-05,true,
RB-HH-01837,Patel Household,Mass Market,BR-012,E-0023,2012-11-29,false,
RB-HH-01838,Campbell Household,Mass Affluent,BR-010,E-0037,2017-06-20,false,-29
RB-HH-01839,Lewis Household,Mass Market,BR-005,E-0042,2023-08-13,true,
RB-HH-01840,Johnson Household,Mass Market,BR-021,E-0053,2014-02-27,true,
RB-HH-01841,Ruiz Household,Mass Affluent,BR-016,E-0054,2021-01-21,true,
RB-HH-01842,Clark Household,Mass Affluent,BR-030,E-0050,2015-10-31,true,
RB-HH-01843,Chen Household,Mass Market,BR-018,E-0006,2018-08-25,true,
RB-HH-01844,Roberts Household,Mass Affluent,BR-027,E-0023,2018-10-31,false,43
RB-HH-01845,Roberts Household,Mass Market,BR-006,E-0060,2024-01-08,false,
RB-HH-01846,Ashford Household,Mass Market,BR-009,E-0025,2022-06-18,false,
RB-HH-01847,Hall Household,Mass Market,BR-027,E-0017,2025-02-13,false,
RB-HH-01848,Bailey Household,Mass Market,BR-010,E-0016,2019-02-23,false,
RB-HH-01849,Johnson Household,Mass Market,BR-009,E-0030,2015-09-07,true,86
RB-HH-01850,Johnson Household,Student,BR-015,E-0031,2019-01-09,false,63
RB-HH-01851,Nguyen Household,Mass Market,BR-005,E-0007,2023-04-17,true,
RB-HH-01852,Ashford Household,Mass Market,BR-027,E-0033,2013-09-03,true,
RB-HH-01853,Morris Household,Mass Market,BR-019,E-0017,2017-02-25,true,-31
RB-HH-01854,Miller Household,Student,BR-026,E-0008,2021-11-05,true,-17
RB-HH-01855,Moore Household,Mass Market,BR-007,E-0020,2017-08-25,true,
RB-HH-01856,Johnson Household,Mass Market,BR-014,E-0059,2012-03-03,true,36
RB-HH-01857,Nelson Household,Mass Market,BR-011,E-0049,2016-05-30,true,66
RB-HH-01858,Vaughn Household,Mass Market,BR-026,E-0059,2019-01-15,true,
RB-HH-01859,Chen Household,Mass Affluent,BR-016,E-0044,2024-07-27,false,
RB-HH-01860,Vaughn Household,Mass Affluent,BR-025,E-0029,2018-09-27,true,
RB-HH-01861,Brown Household,Mass Market,BR-014,E-0052,2022-01-30,true,
RB-HH-01862,Nelson Household,Mass Market,BR-023,E-0052,2021-04-24,false,93
RB-HH-01863,Davis Household,Mass Market,BR-006,E-0022,2023-11-14,true,
RB-HH-01864,Jackson Household,Mass Affluent,BR-025,E-0034,2015-11-12,true,
RB-HH-01865,Vaughn Household,Premier,BR-027,E-0050,2019-01-22,true,
RB-HH-01866,Ruiz Household,Mass Market,BR-011,E-0027,2015-02-23,true,
RB-HH-01867,Nguyen Household,Mass Market,BR-029,E-0023,2024-09-28,true,-99
RB-HH-01868,Nelson Household,Mass Market,BR-012,E-0032,2019-05-24,true,
RB-HH-01869,Martinez Household,Mass Market,BR-029,E-0041,2014-05-20,false,77
RB-HH-01870,Kim Household,Mass Market,BR-008,E-0045,2022-05-08,false,
RB-HH-01871,Walker Household,Premier,BR-017,E-0016,2018-08-19,false,
RB-HH-01872,Lopez Household,Mass Market,BR-029,E-0028,2013-08-28,true,
RB-HH-01873,Edwards Household,Mass Market,BR-006,E-0011,2013-06-08,false,
RB-HH-01874,Moore Household,Student,BR-011,E-0026,2020-11-15,true,41
RB-HH-01875,Anderson Household,Mass Market,BR-002,E-0060,2015-12-03,false,71
RB-HH-01876,Okafor Household,Mass Market,BR-016,E-0047,2023-04-23,true,
RB-HH-01877,Ashford Household,Mass Market,BR-027,E-0023,2021-04-05,true,
RB-HH-01878,Phillips Household,Mass Market,BR-024,E-0017,2013-05-07,true,
RB-HH-01879,Vaughn Household,Mass Market,BR-028,E-0057,2014-08-29,false,
RB-HH-01880,Nelson Household,Premier,BR-006,E-0015,2026-01-27,true,
RB-HH-01881,Okafor Household,Mass Affluent,BR-028,E-0051,2020-10-22,true,
RB-HH-01882,Brown Household,Mass Market,BR-006,E-0052,2014-11-15,true,28
RB-HH-01883,Patel Household,Mass Market,BR-007,E-0026,2020-03-12,false,
RB-HH-01884,Walker Household,Mass Affluent,BR-021,E-0018,2024-05-17,true,-28
RB-HH-01885,Parker Household,Mass Affluent,BR-010,E-0060,2023-09-24,false,
RB-HH-01886,Brown Household,Mass Market,BR-013,E-0011,2012-10-26,true,
RB-HH-01887,Young Household,Mass Affluent,BR-019,E-0004,2025-01-30,true,
RB-HH-01888,Garcia Household,Premier,BR-019,E-0032,2021-12-23,false,
RB-HH-01889,Martinez Household,Mass Market,BR-023,E-0014,2020-06-20,true,
RB-HH-01890,Johnson Household,Mass Market,BR-016,E-0036,2015-05-01,true,-81
RB-HH-01891,Lopez Household,Mass Market,BR-022,E-0036,2019-01-05,true,-3
RB-HH-01892,Phillips Household,Mass Affluent,BR-001,E-0051,2017-07-11,true,
RB-HH-01893,Green Household,Mass Market,BR-021,E-0026,2017-12-15,true,19
RB-HH-01894,Okafor Household,Mass Affluent,BR-013,E-0002,2015-02-27,false,-16
RB-HH-01895,Ruiz Household,Mass Affluent,BR-015,E-0033,2019-09-22,true,28
RB-HH-01896,Wilson Household,Mass Affluent,BR-014,E-0051,2018-04-30,true,
RB-HH-01897,Brown Household,Mass Affluent,BR-002,E-0019,2019-09-16,false,
RB-HH-01898,Jackson Household,Mass Market,BR-003,E-0045,2012-03-22,true,-23
RB-HH-01899,Roberts Household,Mass Affluent,BR-009,E-0041,2020-07-26,true,
RB-HH-01900,Chen Household,Mass Market,BR-027,E-0005,2024-12-23,true,
RB-HH-01901,Okafor Household,Mass Market,BR-007,E-0057,2018-07-14,false,
RB-HH-01902,Chen Household,Premier,BR-006,E-0050,2020-04-07,true,-54
RB-HH-01903,Davis Household,Mass Market,BR-006,E-0039,2023-04-05,false,
RB-HH-01904,Brown Household,Premier,BR-001,E-0034,2019-05-19,true,
RB-HH-01905,Okafor Household,Mass Market,BR-006,E-0038,2026-06-22,false,72
RB-HH-01906,Garcia Household,Mass Affluent,BR-002,E-0033,2022-07-28,true,
RB-HH-01907,Miller Household,Mass Market,BR-003,E-0055,2018-11-10,true,
RB-HH-01908,Vaughn Household,Premier,BR-001,E-0045,2026-03-19,true,
RB-HH-01909,Ruiz Household,Premier,BR-016,E-0050,2015-01-05,false,
RB-HH-01910,Adams Household,Mass Market,BR-014,E-0018,2020-02-22,true,
RB-HH-01911,Taylor Household,Mass Market,BR-025,E-0025,2020-12-19,true,
RB-HH-01912,Hall Household,Premier,BR-002,E-0011,2025-06-15,true,
RB-HH-01913,Adams Household,Mass Market,BR-008,E-0056,2012-12-27,true,55
RB-HH-01914,Wilson Household,Premier,BR-029,E-0046,2016-11-02,true,23
RB-HH-01915,King Household,Mass Market,BR-003,E-0024,2026-04-26,true,49
RB-HH-01916,Collins Household,Mass Affluent,BR-007,E-0028,2017-06-06,false,
RB-HH-01917,Silva Household,Premier,BR-016,E-0059,2015-11-23,true,
RB-HH-01918,Lopez Household,Mass Market,BR-012,E-0020,2016-12-13,true,83
RB-HH-01919,Lewis Household,Premier,BR-017,E-0060,2021-10-12,true,88
RB-HH-01920,Carter Household,Mass Market,BR-018,E-0052,2020-10-30,true,
RB-HH-01921,Moore Household,Mass Market,BR-001,E-0031,2020-12-05,true,
RB-HH-01922,Adams Household,Mass Market,BR-018,E-0002,2024-06-04,true,30
RB-HH-01923,Clark Household,Mass Affluent,BR-017,E-0051,2020-01-03,false,69
RB-HH-01924,Johnson Household,Mass Affluent,BR-009,E-0003,2012-04-23,true,
RB-HH-01925,Ruiz Household,Mass Market,BR-024,E-0015,2025-12-25,true,60
RB-HH-01926,Miller Household,Mass Market,BR-021,E-0045,2016-04-25,false,
RB-HH-01927,Ruiz Household,Mass Market,BR-013,E-0017,2017-09-17,false,
RB-HH-01928,Bailey Household,Mass Market,BR-010,E-0023,2015-06-12,true,
RB-HH-01929,Hall Household,Mass Market,BR-016,E-0034,2017-01-24,true,
RB-HH-01930,Phillips Household,Mass Affluent,BR-021,E-0020,2022-06-02,true,79
RB-HH-01931,Baker Household,Mass Affluent,BR-003,E-0026,2021-05-10,true,
RB-HH-01932,Miller Household,Mass Affluent,BR-013,E-0051,2021-01-07,true,
RB-HH-01933,Wilson Household,Mass Affluent,BR-005,E-0046,2024-05-06,false,
RB-HH-01934,Morris Household,Premier,BR-007,E-0041,2019-03-06,true,
RB-HH-01935,Young Household,Mass Market,BR-006,E-0004,2022-02-24,true,
RB-HH-01936,Parker Household,Mass Affluent,BR-022,E-0011,2013-05-03,true,
RB-HH-01937,Johnson Household,Mass Market,BR-016,E-0045,2015-02-27,true,-58
RB-HH-01938,Nelson Household,Mass Affluent,BR-009,E-0003,2019-03-11,true,
RB-HH-01939,Turner Household,Mass Market,BR-004,E-0003,2022-04-24,true,
RB-HH-01940,Brown Household,Mass Affluent,BR-022,E-0051,2014-02-27,false,
RB-HH-01941,Ruiz Household,Mass Market,BR-030,E-0046,2025-07-12,false,-57
RB-HH-01942,Okafor Household,Premier,BR-007,E-0037,2012-06-20,false,-39
RB-HH-01943,Davis Household,Mass Market,BR-003,E-0022,2013-03-31,true,-100
RB-HH-01944,Turner Household,Mass Market,BR-017,E-0014,2024-03-27,false,-30
RB-HH-01945,Wright Household,Premier,BR-020,E-0045,2020-11-05,true,-17
RB-HH-01946,Nelson Household,Mass Affluent,BR-011,E-0057,2016-01-20,true,
RB-HH-01947,Campbell Household,Mass Market,BR-021,E-0031,2013-03-03,true,
RB-HH-01948,Nguyen Household,Mass Market,BR-018,E-0012,2021-11-09,true,90
RB-HH-01949,Anderson Household,Mass Market,BR-002,E-0050,2015-10-04,true,
RB-HH-01950,Brown Household,Mass Market,BR-020,E-0021,2017-04-10,false,
RB-HH-01951,Stewart Household,Mass Affluent,BR-007,E-0039,2024-03-01,false,63
RB-HH-01952,Bailey Household,Mass Affluent,BR-023,E-0042,2019-01-23,true,37
RB-HH-01953,Silva Household,Mass Affluent,BR-005,E-0039,2024-03-16,true,
RB-HH-01954,Okafor Household,Mass Market,BR-013,E-0019,2020-10-07,false,
RB-HH-01955,Morris Household,Mass Market,BR-004,E-0032,2014-10-27,true,
RB-HH-01956,Roberts Household,Mass Affluent,BR-017,E-0052,2014-03-18,false,
RB-HH-01957,Morris Household,Mass Market,BR-010,E-0023,2016-02-04,false,
RB-HH-01958,Morris Household,Mass Market,BR-027,E-0029,2017-08-30,true,
RB-HH-01959,King Household,Mass Market,BR-019,E-0028,2024-06-23,true,
RB-HH-01960,Clark Household,Mass Affluent,BR-007,E-0050,2021-05-24,true,72
RB-HH-01961,Baker Household,Mass Affluent,BR-009,E-0038,2024-11-24,true,-3
RB-HH-01962,Okafor Household,Mass Affluent,BR-010,E-0012,2022-01-25,true,-12
RB-HH-01963,King Household,Mass Affluent,BR-008,E-0050,2024-02-20,true,20
RB-HH-01964,Nguyen Household,Mass Affluent,BR-009,E-0053,2015-05-02,false,
RB-HH-01965,Evans Household,Mass Market,BR-022,E-0026,2024-11-29,false,
RB-HH-01966,Kim Household,Mass Market,BR-006,E-0024,2023-10-12,true,
RB-HH-01967,Vaughn Household,Mass Market,BR-028,E-0041,2020-09-01,true,96
RB-HH-01968,Scott Household,Mass Affluent,BR-001,E-0039,2015-09-07,true,
RB-HH-01969,Evans Household,Mass Affluent,BR-009,E-0034,2020-10-20,true,
RB-HH-01970,Johnson Household,Mass Affluent,BR-028,E-0050,2022-02-11,false,52
RB-HH-01971,Morris Household,Mass Market,BR-013,E-0047,2019-07-30,false,74
RB-HH-01972,Johnson Household,Mass Affluent,BR-005,E-0021,2019-01-22,false,
RB-HH-01973,Carter Household,Mass Market,BR-009,E-0048,2014-07-11,true,
RB-HH-01974,Kim Household,Premier,BR-010,E-0016,2014-11-29,true,
RB-HH-01975,Ruiz Household,Mass Market,BR-028,E-0012,2024-05-11,false,
RB-HH-01976,Ashford Household,Mass Market,BR-020,E-0030,2013-03-15,true,19
RB-HH-01977,Hall Household,Mass Market,BR-014,E-0024,2022-10-28,true,
RB-HH-01978,Roberts Household,Mass Market,BR-023,E-0034,2021-11-22,true,-81
RB-HH-01979,Okafor Household,Mass Affluent,BR-005,E-0010,2023-09-17,true,-84
RB-HH-01980,Kim Household,Mass Market,BR-020,E-0001,2023-02-26,true,1
RB-HH-01981,Vaughn Household,Mass Market,BR-003,E-0008,2017-06-20,true,
RB-HH-01982,Parker Household,Premier,BR-003,E-0057,2024-03-20,true,
RB-HH-01983,Turner Household,Mass Market,BR-030,E-0057,2026-03-15,true,
RB-HH-01984,Green Household,Mass Market,BR-011,E-0013,2018-03-01,true,28
RB-HH-01985,Okafor Household,Mass Market,BR-010,E-0032,2022-09-15,false,
RB-HH-01986,Green Household,Mass Market,BR-015,E-0005,2020-10-03,true,47
RB-HH-01987,Kim Household,Student,BR-005,E-0046,2020-03-30,true,-54
RB-HH-01988,Davis Household,Mass Market,BR-016,E-0041,2016-07-15,true,
RB-HH-01989,Patel Household,Mass Affluent,BR-023,E-0045,2012-06-04,true,
RB-HH-01990,Lopez Household,Mass Market,BR-028,E-0051,2012-03-19,true,
RB-HH-01991,Nelson Household,Mass Market,BR-001,E-0009,2026-04-19,false,-68
RB-HH-01992,Campbell Household,Mass Market,BR-007,E-0030,2014-06-08,false,
RB-HH-01993,Patel Household,Mass Market,BR-011,E-0022,2018-11-16,true,-25
RB-HH-01994,Chen Household,Student,BR-006,E-0022,2016-10-02,true,
RB-HH-01995,Hall Household,Mass Market,BR-027,E-0035,2020-06-12,true,
RB-HH-01996,Silva Household,Mass Affluent,BR-015,E-0009,2017-08-22,true,
RB-HH-01997,Evans Household,Mass Market,BR-009,E-0054,2021-10-04,false,
RB-HH-01998,Clark Household,Mass Affluent,BR-009,E-0056,2012-09-19,true,
RB-HH-01999,Parker Household,Premier,BR-029,E-0010,2016-01-27,true,35
RB-HH-02000,Campbell Household,Mass Market,BR-019,E-0039,2015-08-07,true,-90
RB-HH-02001,Campbell Household,Mass Market,BR-006,E-0059,2018-05-27,true,
RB-HH-02002,Okafor Household,Mass Affluent,BR-030,E-0027,2017-03-16,true,
RB-HH-02003,Scott Household,Mass Market,BR-003,E-0041,2025-08-03,true,
RB-HH-02004,Parker Household,Mass Affluent,BR-024,E-0034,2016-11-09,true,
RB-HH-02005,Jackson Household,Mass Market,BR-022,E-0055,2019-08-04,false,
RB-HH-02006,Brown Household,Mass Market,BR-021,E-0046,2014-04-12,false,
RB-HH-02007,Carter Household,Mass Affluent,BR-006,E-0041,2023-03-02,true,
RB-HH-02008,Chen Household,Premier,BR-015,E-0060,2012-09-21,true,59
RB-HH-02009,Miller Household,Mass Market,BR-009,E-0055,2017-08-10,true,58
RB-HH-02010,Hall Household,Mass Market,BR-009,E-0035,2021-05-11,true,54
RB-HH-02011,Silva Household,Premier,BR-016,E-0015,2018-01-03,true,
RB-HH-02012,Wilson Household,Mass Market,BR-028,E-0021,2023-12-31,true,
RB-HH-02013,Morris Household,Mass Affluent,BR-027,E-0004,2015-09-02,true,
RB-HH-02014,Parker Household,Premier,BR-008,E-0023,2024-09-15,true,
RB-HH-02015,Roberts Household,Premier,BR-017,E-0009,2022-01-02,true,
RB-HH-02016,Thomas Household,Mass Market,BR-023,E-0056,2019-06-25,false,72
RB-HH-02017,Brown Household,Mass Market,BR-027,E-0019,2012-06-24,true,
RB-HH-02018,King Household,Student,BR-024,E-0023,2021-06-22,true,
RB-HH-02019,Brown Household,Mass Market,BR-009,E-0001,2019-02-13,false,
RB-HH-02020,Lewis Household,Mass Affluent,BR-024,E-0041,2017-12-02,true,
RB-HH-02021,Clark Household,Student,BR-008,E-0018,2023-08-05,false,-71
RB-HH-02022,Lewis Household,Mass Market,BR-016,E-0034,2013-09-29,true,
RB-HH-02023,Morris Household,Mass Market,BR-004,E-0022,2014-03-24,true,
RB-HH-02024,Taylor Household,Mass Market,BR-021,E-0024,2013-02-09,false,
RB-HH-02025,Ashford Household,Mass Market,BR-019,E-0017,2014-08-30,false,-63
RB-HH-02026,Mitchell Household,Student,BR-003,E-0015,2014-10-24,false,2
RB-HH-02027,Campbell Household,Premier,BR-013,E-0017,2021-04-12,true,
RB-HH-02028,Ruiz Household,Mass Market,BR-021,E-0033,2017-10-03,true,-63
RB-HH-02029,Edwards Household,Mass Affluent,BR-012,E-0058,2023-08-27,false,
RB-HH-02030,Thomas Household,Mass Market,BR-001,E-0055,2017-04-21,true,
RB-HH-02031,Collins Household,Mass Market,BR-012,E-0021,2020-11-07,true,
RB-HH-02032,King Household,Mass Market,BR-015,E-0003,2014-07-07,true,
RB-HH-02033,King Household,Mass Affluent,BR-014,E-0034,2018-07-16,true,71
RB-HH-02034,Brown Household,Mass Market,BR-010,E-0001,2014-07-09,false,
RB-HH-02035,Silva Household,Mass Affluent,BR-014,E-0011,2019-06-20,false,
RB-HH-02036,Evans Household,Mass Market,BR-003,E-0023,2021-05-04,true,
RB-HH-02037,Harris Household,Mass Market,BR-016,E-0004,2021-06-07,true,91
RB-HH-02038,Clark Household,Mass Market,BR-001,E-0036,2016-09-14,true,
RB-HH-02039,King Household,Mass Affluent,BR-002,E-0046,2025-06-21,true,
RB-HH-02040,Thomas Household,Premier,BR-003,E-0037,2013-01-26,true,
RB-HH-02041,Ashford Household,Mass Affluent,BR-003,E-0032,2015-11-14,false,
RB-HH-02042,Wilson Household,Mass Affluent,BR-018,E-0026,2015-11-09,true,
RB-HH-02043,Moore Household,Premier,BR-015,E-0006,2022-01-09,false,-42
RB-HH-02044,Moore Household,Mass Affluent,BR-015,E-0059,2017-04-15,true,-10
RB-HH-02045,Carter Household,Mass Affluent,BR-020,E-0047,2022-05-22,true,
RB-HH-02046,Moore Household,Student,BR-020,E-0054,2015-07-03,false,
RB-HH-02047,Moore Household,Mass Affluent,BR-026,E-0053,2015-10-21,true,-96
RB-HH-02048,Wright Household,Premier,BR-004,E-0019,2014-10-29,true,
RB-HH-02049,White Household,Mass Affluent,BR-010,E-0037,2016-07-05,false,49
RB-HH-02050,Collins Household,Mass Affluent,BR-013,E-0028,2016-02-11,true,6
RB-HH-02051,Allen Household,Mass Market,BR-009,E-0007,2018-05-01,false,
RB-HH-02052,Edwards Household,Mass Market,BR-018,E-0022,2021-12-20,true,50
RB-HH-02053,Green Household,Mass Market,BR-005,E-0053,2023-11-29,true,
RB-HH-02054,Campbell Household,Mass Market,BR-018,E-0048,2017-11-30,false,
RB-HH-02055,Mitchell Household,Mass Market,BR-023,E-0021,2016-07-14,true,-11
RB-HH-02056,Garcia Household,Mass Market,BR-025,E-0011,2017-01-12,false,
RB-HH-02057,Ruiz Household,Premier,BR-017,E-0047,2024-05-23,true,-71
RB-HH-02058,Walker Household,Mass Affluent,BR-015,E-0034,2014-11-26,true,-69
RB-HH-02059,Nguyen Household,Mass Market,BR-002,E-0015,2014-06-05,true,-12
RB-HH-02060,Johnson Household,Premier,BR-016,E-0045,2015-04-10,false,68
RB-HH-02061,Edwards Household,Premier,BR-004,E-0007,2013-09-25,true,
RB-HH-02062,Martinez Household,Mass Market,BR-025,E-0019,2020-11-14,true,68
RB-HH-02063,Vaughn Household,Mass Affluent,BR-015,E-0036,2018-02-12,false,
RB-HH-02064,Walker Household,Mass Market,BR-030,E-0050,2022-09-16,false,
RB-HH-02065,Carter Household,Mass Market,BR-020,E-0037,2021-08-03,false,
RB-HH-02066,Garcia Household,Mass Market,BR-024,E-0047,2015-02-26,true,
RB-HH-02067,Patel Household,Mass Affluent,BR-008,E-0043,2014-06-29,false,
RB-HH-02068,Carter Household,Mass Market,BR-002,E-0050,2014-12-08,true,
RB-HH-02069,Chen Household,Mass Affluent,BR-011,E-0044,2013-12-06,true,-84
RB-HH-02070,Lewis Household,Mass Market,BR-023,E-0028,2022-01-31,true,
RB-HH-02071,Garcia Household,Mass Affluent,BR-023,E-0052,2024-11-12,true,
RB-HH-02072,Harris Household,Mass Market,BR-006,E-0017,2022-05-03,true,35
RB-HH-02073,Turner Household,Mass Market,BR-006,E-0051,2026-01-06,true,
RB-HH-02074,Johnson Household,Mass Market,BR-009,E-0050,2018-07-22,true,
RB-HH-02075,Roberts Household,Mass Affluent,BR-008,E-0028,2012-10-03,false,-56
RB-HH-02076,Stewart Household,Mass Market,BR-007,E-0031,2025-06-24,false,
RB-HH-02077,Collins Household,Mass Market,BR-030,E-0060,2017-05-25,false,
RB-HH-02078,Johnson Household,Mass Market,BR-013,E-0056,2015-12-05,true,-93
RB-HH-02079,Baker Household,Mass Market,BR-009,E-0006,2015-12-04,true,
RB-HH-02080,Adams Household,Mass Affluent,BR-007,E-0055,2019-11-15,true,-8
RB-HH-02081,Evans Household,Mass Market,BR-024,E-0044,2018-06-21,false,64
RB-HH-02082,Jackson Household,Mass Market,BR-029,E-0052,2025-09-03,true,
RB-HH-02083,Kim Household,Mass Market,BR-016,E-0045,2020-09-08,false,
RB-HH-02084,Allen Household,Mass Market,BR-023,E-0047,2025-11-18,true,
RB-HH-02085,Davis Household,Mass Market,BR-014,E-0026,2023-01-19,true,-33
RB-HH-02086,Bailey Household,Mass Market,BR-006,E-0037,2020-03-04,true,84
RB-HH-02087,Clark Household,Mass Affluent,BR-020,E-0038,2012-09-06,true,90
RB-HH-02088,Bailey Household,Mass Market,BR-005,E-0012,2025-02-02,false,
RB-HH-02089,Lopez Household,Mass Market,BR-002,E-0024,2022-07-14,true,4
RB-HH-02090,Jackson Household,Mass Affluent,BR-021,E-0050,2018-03-27,true,
RB-HH-02091,White Household,Premier,BR-003,E-0003,2013-02-22,true,-86
RB-HH-02092,Johnson Household,Mass Market,BR-029,E-0025,2026-03-28,false,-57
RB-HH-02093,Brown Household,Premier,BR-009,E-0038,2015-05-27,false,-70
RB-HH-02094,Phillips Household,Mass Market,BR-028,E-0036,2022-08-11,true,
RB-HH-02095,Young Household,Mass Market,BR-024,E-0042,2022-01-27,true,
RB-HH-02096,Turner Household,Mass Market,BR-019,E-0028,2017-09-03,true,
RB-HH-02097,Brown Household,Mass Market,BR-027,E-0030,2025-04-27,false,
RB-HH-02098,Jackson Household,Mass Market,BR-030,E-0026,2016-04-27,true,-49
RB-HH-02099,Miller Household,Mass Market,BR-016,E-0015,2023-02-09,true,
RB-HH-02100,Harris Household,Mass Market,BR-006,E-0023,2024-10-08,true,
RB-HH-02101,White Household,Mass Market,BR-021,E-0040,2018-06-12,false,45
RB-HH-02102,Evans Household,Mass Affluent,BR-020,E-0003,2022-04-17,true,
RB-HH-02103,Silva Household,Mass Market,BR-004,E-0004,2023-04-27,false,64
RB-HH-02104,Lewis Household,Mass Affluent,BR-027,E-0004,2022-11-04,false,
RB-HH-02105,Parker Household,Mass Affluent,BR-013,E-0041,2014-09-23,true,31
RB-HH-02106,King Household,Student,BR-027,E-0023,2016-02-07,true,4
RB-HH-02107,Edwards Household,Mass Market,BR-016,E-0036,2021-09-19,false,
RB-HH-02108,Scott Household,Mass Affluent,BR-012,E-0030,2012-06-09,false,
RB-HH-02109,Patel Household,Premier,BR-030,E-0034,2023-07-06,true,4
RB-HH-02110,Martinez Household,Mass Affluent,BR-012,E-0050,2026-04-21,false,79
RB-HH-02111,Bailey Household,Premier,BR-021,E-0002,2017-01-07,false,47
RB-HH-02112,Kim Household,Mass Market,BR-019,E-0016,2013-05-17,false,
RB-HH-02113,Jackson Household,Mass Market,BR-014,E-0049,2019-12-28,true,
RB-HH-02114,Stewart Household,Premier,BR-016,E-0019,2023-04-20,true,46
RB-HH-02115,Nelson Household,Mass Market,BR-012,E-0009,2021-02-13,true,
RB-HH-02116,Lopez Household,Mass Affluent,BR-027,E-0027,2023-09-09,true,56
RB-HH-02117,Ruiz Household,Mass Market,BR-023,E-0056,2013-06-05,false,-17
RB-HH-02118,King Household,Student,BR-025,E-0045,2019-05-05,true,
RB-HH-02119,Bailey Household,Mass Affluent,BR-030,E-0046,2026-03-18,true,94
RB-HH-02120,Clark Household,Mass Market,BR-021,E-0052,2021-03-28,true,-58
RB-HH-02121,Turner Household,Mass Affluent,BR-003,E-0025,2014-01-10,false,
RB-HH-02122,Okafor Household,Mass Market,BR-002,E-0002,2019-03-25,false,-28
RB-HH-02123,Mitchell Household,Mass Market,BR-004,E-0012,2026-03-01,true,
RB-HH-02124,Walker Household,Mass Market,BR-012,E-0033,2020-12-29,true,11
RB-HH-02125,Mitchell Household,Student,BR-029,E-0005,2012-06-30,false,
RB-HH-02126,Ashford Household,Mass Market,BR-002,E-0026,2024-02-15,true,
RB-HH-02127,Nguyen Household,Mass Affluent,BR-006,E-0005,2019-06-15,true,
RB-HH-02128,Young Household,Student,BR-009,E-0009,2019-10-18,true,
RB-HH-02129,Campbell Household,Mass Market,BR-027,E-0046,2016-08-26,true,
RB-HH-02130,Turner Household,Mass Affluent,BR-017,E-0012,2015-06-28,true,-13
RB-HH-02131,Walker Household,Mass Affluent,BR-027,E-0058,2021-03-08,true,
RB-HH-02132,Taylor Household,Mass Market,BR-027,E-0033,2025-02-10,true,
RB-HH-02133,Carter Household,Mass Market,BR-020,E-0023,2025-06-20,true,
RB-HH-02134,Stewart Household,Mass Market,BR-010,E-0055,2017-10-29,false,92
RB-HH-02135,Roberts Household,Mass Market,BR-028,E-0044,2024-08-03,true,
RB-HH-02136,Young Household,Mass Affluent,BR-007,E-0009,2014-11-23,false,
RB-HH-02137,Chen Household,Mass Affluent,BR-002,E-0032,2020-04-27,true,15
RB-HH-02138,Young Household,Mass Market,BR-001,E-0024,2019-09-10,true,-67
RB-HH-02139,Walker Household,Mass Market,BR-006,E-0048,2015-03-18,true,
RB-HH-02140,Nelson Household,Student,BR-005,E-0030,2020-03-17,true,
RB-HH-02141,Okafor Household,Mass Affluent,BR-009,E-0056,2013-07-09,false,
RB-HH-02142,Parker Household,Mass Market,BR-025,E-0038,2023-11-14,true,
RB-HH-02143,Lewis Household,Mass Market,BR-007,E-0047,2023-04-24,true,
RB-HH-02144,Nguyen Household,Mass Affluent,BR-013,E-0035,2013-12-11,false,65
RB-HH-02145,Adams Household,Mass Affluent,BR-011,E-0004,2026-06-22,false,
RB-HH-02146,Scott Household,Mass Affluent,BR-017,E-0036,2019-03-28,true,
RB-HH-02147,Wright Household,Mass Market,BR-022,E-0010,2023-07-05,true,-41
RB-HH-02148,Garcia Household,Mass Market,BR-015,E-0046,2012-07-03,true,-31
RB-HH-02149,Johnson Household,Mass Market,BR-009,E-0043,2012-09-04,true,-32
RB-HH-02150,Parker Household,Mass Market,BR-027,E-0044,2025-05-04,true,-57
RB-HH-02151,Ashford Household,Mass Market,BR-008,E-0060,2016-04-18,true,-80
RB-HH-02152,Silva Household,Mass Affluent,BR-004,E-0043,2014-03-01,true,49
RB-HH-02153,Carter Household,Mass Market,BR-018,E-0022,2021-07-24,true,
RB-HH-02154,Anderson Household,Mass Market,BR-018,E-0020,2018-04-30,true,-88
RB-HH-02155,Kim Household,Premier,BR-001,E-0033,2014-03-08,true,12
RB-HH-02156,Ruiz Household,Mass Market,BR-030,E-0053,2018-05-29,true,-98
RB-HH-02157,Davis Household,Mass Market,BR-016,E-0031,2022-01-14,true,
RB-HH-02158,Davis Household,Mass Market,BR-026,E-0022,2020-05-31,true,
RB-HH-02159,Wright Household,Mass Affluent,BR-007,E-0001,2022-08-29,true,-69
RB-HH-02160,Edwards Household,Mass Market,BR-029,E-0020,2023-05-23,true,
RB-HH-02161,Chen Household,Student,BR-014,E-0014,2013-10-24,false,
RB-HH-02162,Young Household,Mass Affluent,BR-002,E-0017,2022-12-30,false,
RB-HH-02163,Bailey Household,Mass Market,BR-010,E-0043,2013-06-18,true,
RB-HH-02164,Miller Household,Mass Market,BR-002,E-0039,2022-03-03,false,61
RB-HH-02165,Chen Household,Mass Affluent,BR-020,E-0048,2015-06-18,false,
RB-HH-02166,Carter Household,Mass Market,BR-006,E-0052,2023-03-01,false,
RB-HH-02167,Chen Household,Premier,BR-006,E-0038,2024-07-18,true,
RB-HH-02168,Walker Household,Mass Market,BR-028,E-0020,2013-09-10,true,
RB-HH-02169,Turner Household,Mass Market,BR-003,E-0055,2015-09-23,true,87
RB-HH-02170,Collins Household,Mass Affluent,BR-027,E-0015,2020-09-04,true,
RB-HH-02171,Baker Household,Mass Affluent,BR-015,E-0036,2024-03-10,true,
RB-HH-02172,Harris Household,Mass Affluent,BR-009,E-0018,2019-07-09,true,
RB-HH-02173,Green Household,Mass Market,BR-028,E-0030,2021-04-07,false,
RB-HH-02174,Kim Household,Mass Market,BR-020,E-0053,2019-09-12,true,
RB-HH-02175,Silva Household,Mass Market,BR-027,E-0012,2014-02-03,false,-93
RB-HH-02176,Wilson Household,Mass Market,BR-026,E-0028,2025-12-29,false,
RB-HH-02177,Anderson Household,Mass Affluent,BR-027,E-0018,2019-02-13,true,35
RB-HH-02178,Carter Household,Mass Market,BR-010,E-0017,2024-05-13,true,-53
RB-HH-02179,Nguyen Household,Mass Market,BR-022,E-0030,2026-01-21,true,-96
RB-HH-02180,Clark Household,Mass Market,BR-016,E-0050,2018-11-28,true,
RB-HH-02181,Anderson Household,Mass Market,BR-007,E-0055,2019-08-10,true,
RB-HH-02182,Martinez Household,Mass Market,BR-011,E-0023,2026-02-10,false,0
RB-HH-02183,Martinez Household,Mass Market,BR-006,E-0029,2012-05-19,false,
RB-HH-02184,Jackson Household,Mass Market,BR-030,E-0041,2014-07-18,false,43
RB-HH-02185,Martinez Household,Mass Market,BR-022,E-0010,2012-04-23,false,34
RB-HH-02186,Nelson Household,Student,BR-013,E-0011,2012-07-06,true,
RB-HH-02187,Allen Household,Mass Affluent,BR-026,E-0018,2014-07-26,true,
RB-HH-02188,Lopez Household,Mass Affluent,BR-011,E-0037,2022-01-24,false,
RB-HH-02189,Bailey Household,Mass Market,BR-025,E-0032,2014-10-06,false,-10
RB-HH-02190,Collins Household,Mass Market,BR-002,E-0013,2014-10-09,true,31
RB-HH-02191,Carter Household,Mass Market,BR-010,E-0045,2018-09-13,false,-29
RB-HH-02192,Roberts Household,Mass Market,BR-017,E-0060,2018-11-20,true,
RB-HH-02193,Davis Household,Mass Affluent,BR-017,E-0008,2012-11-19,false,4
RB-HH-02194,King Household,Mass Market,BR-030,E-0053,2016-09-08,true,84
RB-HH-02195,Patel Household,Mass Affluent,BR-027,E-0028,2022-03-02,true,-79
RB-HH-02196,Mitchell Household,Mass Affluent,BR-011,E-0016,2020-12-09,true,3
RB-HH-02197,Stewart Household,Mass Affluent,BR-004,E-0032,2017-10-18,false,
RB-HH-02198,Mitchell Household,Mass Market,BR-021,E-0014,2024-07-31,false,0
RB-HH-02199,Mitchell Household,Mass Market,BR-003,E-0053,2015-10-30,true,37
RB-HH-02200,Miller Household,Mass Market,BR-019,E-0055,2020-01-16,true,
RB-HH-02201,Kim Household,Mass Market,BR-005,E-0057,2015-10-08,true,
RB-HH-02202,Nelson Household,Mass Affluent,BR-004,E-0020,2015-11-12,true,
RB-HH-02203,Moore Household,Mass Affluent,BR-002,E-0042,2015-01-08,true,
RB-HH-02204,Brown Household,Mass Market,BR-009,E-0021,2026-05-29,true,-62
RB-HH-02205,Walker Household,Mass Market,BR-023,E-0041,2012-05-22,false,
RB-HH-02206,Garcia Household,Student,BR-011,E-0042,2019-07-18,true,
RB-HH-02207,Collins Household,Mass Market,BR-027,E-0035,2021-04-08,true,62
RB-HH-02208,Johnson Household,Mass Market,BR-008,E-0036,2016-12-13,true,-99
RB-HH-02209,Silva Household,Premier,BR-024,E-0013,2026-04-13,true,67
RB-HH-02210,Morris Household,Mass Market,BR-020,E-0003,2012-06-21,true,
RB-HH-02211,King Household,Premier,BR-027,E-0055,2017-06-15,true,-84
RB-HH-02212,Nguyen Household,Student,BR-005,E-0021,2012-06-16,false,
RB-HH-02213,Turner Household,Mass Market,BR-002,E-0017,2013-09-23,true,
RB-HH-02214,Clark Household,Mass Affluent,BR-018,E-0017,2013-03-19,false,-75
RB-HH-02215,Garcia Household,Mass Affluent,BR-028,E-0038,2015-06-18,true,
RB-HH-02216,Mitchell Household,Mass Market,BR-014,E-0031,2019-05-21,true,
RB-HH-02217,Ashford Household,Student,BR-008,E-0050,2021-02-28,false,10
RB-HH-02218,Wright Household,Mass Market,BR-030,E-0058,2024-10-05,true,
RB-HH-02219,Allen Household,Mass Affluent,BR-002,E-0055,2016-03-03,true,-3
RB-HH-02220,Phillips Household,Mass Market,BR-015,E-0004,2014-04-17,false,48
RB-HH-02221,Brown Household,Mass Market,BR-030,E-0012,2018-05-10,true,
RB-HH-02222,White Household,Mass Affluent,BR-002,E-0011,2023-01-18,false,-87
RB-HH-02223,Wright Household,Mass Market,BR-014,E-0012,2022-11-08,true,
RB-HH-02224,Harris Household,Mass Market,BR-023,E-0033,2016-12-05,true,
RB-HH-02225,Garcia Household,Mass Market,BR-011,E-0059,2019-02-04,true,
RB-HH-02226,Hall Household,Mass Market,BR-014,E-0018,2020-04-07,true,43
RB-HH-02227,Ashford Household,Mass Affluent,BR-029,E-0047,2023-04-24,true,13
RB-HH-02228,Scott Household,Mass Affluent,BR-004,E-0037,2016-05-12,true,
RB-HH-02229,Carter Household,Premier,BR-011,E-0043,2018-09-29,false,
RB-HH-02230,Morris Household,Mass Affluent,BR-005,E-0034,2013-06-27,true,79
RB-HH-02231,Martinez Household,Mass Affluent,BR-022,E-0044,2020-10-04,false,
RB-HH-02232,Garcia Household,Mass Market,BR-021,E-0032,2021-05-19,false,
RB-HH-02233,Roberts Household,Mass Affluent,BR-011,E-0006,2022-03-02,true,
RB-HH-02234,Scott Household,Mass Market,BR-016,E-0043,2015-10-27,true,
RB-HH-02235,Green Household,Mass Market,BR-003,E-0005,2012-07-17,true,
RB-HH-02236,Baker Household,Mass Market,BR-012,E-0021,2014-04-10,true,86
RB-HH-02237,Kim Household,Mass Market,BR-004,E-0045,2019-08-14,false,
RB-HH-02238,Stewart Household,Mass Market,BR-016,E-0030,2020-03-13,false,
RB-HH-02239,Nelson Household,Mass Market,BR-006,E-0029,2020-06-17,true,
RB-HH-02240,Walker Household,Mass Market,BR-028,E-0059,2023-11-25,true,
RB-HH-02241,Green Household,Mass Market,BR-012,E-0056,2020-04-16,true,94
RB-HH-02242,Martinez Household,Mass Market,BR-013,E-0056,2023-01-02,true,-26
RB-HH-02243,Campbell Household,Mass Market,BR-004,E-0051,2023-03-01,true,
RB-HH-02244,Clark Household,Mass Market,BR-021,E-0010,2024-12-19,true,
RB-HH-02245,Harris Household,Mass Market,BR-017,E-0057,2025-06-19,true,
RB-HH-02246,Moore Household,Premier,BR-023,E-0013,2018-01-27,true,
RB-HH-02247,Adams Household,Mass Market,BR-018,E-0037,2024-04-20,false,56
RB-HH-02248,Campbell Household,Mass Market,BR-009,E-0007,2021-05-01,false,-41
RB-HH-02249,Stewart Household,Mass Affluent,BR-015,E-0017,2013-03-03,true,12
RB-HH-02250,Brown Household,Mass Affluent,BR-005,E-0020,2017-04-08,true,
RB-HH-02251,Allen Household,Premier,BR-030,E-0022,2018-11-16,false,53
RB-HH-02252,Patel Household,Mass Market,BR-009,E-0047,2025-11-21,true,
RB-HH-02253,Davis Household,Mass Affluent,BR-027,E-0037,2019-10-08,true,
RB-HH-02254,Morris Household,Mass Affluent,BR-021,E-0023,2023-01-02,true,
RB-HH-02255,Lopez Household,Mass Market,BR-028,E-0058,2018-08-23,false,
RB-HH-02256,Turner Household,Mass Market,BR-025,E-0045,2023-12-19,false,
RB-HH-02257,Taylor Household,Mass Market,BR-004,E-0050,2019-12-11,true,
RB-HH-02258,Vaughn Household,Mass Market,BR-003,E-0045,2026-06-02,false,
RB-HH-02259,Nelson Household,Mass Market,BR-030,E-0060,2017-09-01,false,
RB-HH-02260,Chen Household,Premier,BR-020,E-0031,2025-11-16,true,-60
RB-HH-02261,Ruiz Household,Mass Market,BR-010,E-0060,2015-12-26,true,-41
RB-HH-02262,Miller Household,Mass Affluent,BR-027,E-0029,2019-09-04,true,
RB-HH-02263,Collins Household,Mass Market,BR-012,E-0048,2016-11-21,false,56
RB-HH-02264,Patel Household,Mass Market,BR-002,E-0032,2015-03-06,false,
RB-HH-02265,Okafor Household,Mass Market,BR-029,E-0034,2012-07-03,true,-76
RB-HH-02266,Johnson Household,Student,BR-023,E-0016,2019-01-22,false,
RB-HH-02267,Garcia Household,Mass Market,BR-015,E-0038,2020-01-04,true,50
RB-HH-02268,Mitchell Household,Mass Market,BR-019,E-0052,2018-06-26,true,25
RB-HH-02269,Roberts Household,Premier,BR-028,E-0015,2015-10-04,false,-37
RB-HH-02270,Lopez Household,Mass Affluent,BR-008,E-0018,2022-12-29,false,3
RB-HH-02271,Green Household,Mass Affluent,BR-017,E-0028,2023-05-26,true,
RB-HH-02272,Kim Household,Student,BR-026,E-0019,2015-03-21,false,
RB-HH-02273,Johnson Household,Mass Market,BR-003,E-0030,2024-06-12,true,-93
RB-HH-02274,Ashford Household,Mass Affluent,BR-017,E-0004,2024-03-19,true,
RB-HH-02275,Moore Household,Mass Market,BR-008,E-0021,2020-01-07,false,
RB-HH-02276,Edwards Household,Premier,BR-003,E-0057,2023-03-10,true,-66
RB-HH-02277,Brown Household,Mass Market,BR-014,E-0044,2024-01-22,true,
RB-HH-02278,Moore Household,Mass Affluent,BR-004,E-0031,2022-12-13,true,77
RB-HH-02279,King Household,Premier,BR-026,E-0004,2014-02-23,true,
RB-HH-02280,Jackson Household,Mass Market,BR-004,E-0009,2017-10-18,true,
RB-HH-02281,Scott Household,Mass Market,BR-001,E-0049,2014-05-24,true,55
RB-HH-02282,Scott Household,Student,BR-028,E-0052,2015-11-10,true,
RB-HH-02283,Roberts Household,Mass Market,BR-013,E-0023,2016-08-11,false,
RB-HH-02284,Hall Household,Mass Market,BR-009,E-0017,2017-07-23,true,
RB-HH-02285,Kim Household,Mass Market,BR-009,E-0007,2016-05-09,false,
RB-HH-02286,Edwards Household,Mass Market,BR-024,E-0033,2019-05-06,false,-7
RB-HH-02287,Baker Household,Mass Affluent,BR-004,E-0018,2020-07-14,false,
RB-HH-02288,Baker Household,Student,BR-020,E-0035,2012-01-08,true,81
RB-HH-02289,Patel Household,Mass Market,BR-010,E-0013,2025-04-30,true,
RB-HH-02290,Phillips Household,Mass Affluent,BR-020,E-0042,2023-10-31,true,54
RB-HH-02291,Edwards Household,Mass Affluent,BR-020,E-0015,2018-12-22,true,
RB-HH-02292,Thomas Household,Mass Market,BR-003,E-0025,2024-10-22,true,21
RB-HH-02293,Lewis Household,Mass Affluent,BR-013,E-0043,2018-09-12,true,
RB-HH-02294,Stewart Household,Mass Market,BR-027,E-0020,2023-09-27,true,32
RB-HH-02295,Anderson Household,Mass Market,BR-017,E-0018,2023-01-02,false,
RB-HH-02296,Green Household,Mass Affluent,BR-013,E-0038,2020-08-08,false,
RB-HH-02297,Walker Household,Mass Market,BR-018,E-0041,2026-03-04,true,
RB-HH-02298,Chen Household,Mass Affluent,BR-005,E-0030,2021-04-28,false,6
RB-HH-02299,Vaughn Household,Mass Affluent,BR-017,E-0051,2018-01-07,false,
RB-HH-02300,Wilson Household,Mass Affluent,BR-020,E-0007,2024-05-06,true,
RB-HH-02301,Wright Household,Mass Market,BR-005,E-0026,2023-03-08,true,-7
RB-HH-02302,Silva Household,Mass Market,BR-025,E-0003,2017-06-04,false,76
RB-HH-02303,Baker Household,Mass Affluent,BR-020,E-0021,2022-06-07,true,93
RB-HH-02304,Davis Household,Mass Market,BR-008,E-0034,2023-12-05,true,
RB-HH-02305,Roberts Household,Mass Market,BR-014,E-0050,2015-04-19,true,
RB-HH-02306,Martinez Household,Mass Market,BR-006,E-0025,2019-08-23,true,
RB-HH-02307,Vaughn Household,Premier,BR-014,E-0025,2025-09-30,true,58
RB-HH-02308,Brown Household,Mass Market,BR-009,E-0019,2026-02-15,true,
RB-HH-02309,Green Household,Mass Market,BR-007,E-0040,2024-12-19,true,
RB-HH-02310,Garcia Household,Mass Market,BR-009,E-0051,2023-02-23,false,
RB-HH-02311,King Household,Student,BR-024,E-0026,2016-02-24,false,
RB-HH-02312,Parker Household,Mass Affluent,BR-013,E-0047,2019-09-05,true,-76
RB-HH-02313,Collins Household,Mass Affluent,BR-025,E-0050,2022-03-13,false,
RB-HH-02314,Davis Household,Mass Affluent,BR-025,E-0004,2014-07-21,true,-37
RB-HH-02315,Wright Household,Mass Market,BR-006,E-0007,2019-02-18,false,64
RB-HH-02316,Miller Household,Premier,BR-027,E-0052,2021-02-22,false,69
RB-HH-02317,Vaughn Household,Mass Market,BR-006,E-0037,2020-07-12,true,
RB-HH-02318,Stewart Household,Mass Affluent,BR-022,E-0013,2018-10-20,true,39
RB-HH-02319,Roberts Household,Mass Affluent,BR-009,E-0023,2016-12-24,true,99
RB-HH-02320,Lopez Household,Mass Affluent,BR-003,E-0052,2021-07-10,true,97
RB-HH-02321,Chen Household,Mass Market,BR-022,E-0046,2015-05-12,true,-36
RB-HH-02322,Jackson Household,Mass Market,BR-027,E-0016,2024-03-07,false,-82
RB-HH-02323,Nelson Household,Mass Market,BR-002,E-0018,2015-02-15,true,
RB-HH-02324,Campbell Household,Mass Market,BR-027,E-0052,2022-06-25,true,
RB-HH-02325,Adams Household,Mass Market,BR-008,E-0020,2015-07-07,true,70
RB-HH-02326,Anderson Household,Mass Market,BR-026,E-0011,2015-05-23,true,82
RB-HH-02327,Mitchell Household,Mass Market,BR-025,E-0059,2023-10-25,false,-100
RB-HH-02328,Vaughn Household,Mass Affluent,BR-012,E-0007,2020-03-01,false,
RB-HH-02329,Evans Household,Mass Affluent,BR-030,E-0017,2016-07-19,true,
RB-HH-02330,Walker Household,Mass Market,BR-013,E-0048,2012-10-29,false,41
RB-HH-02331,Green Household,Mass Affluent,BR-020,E-0051,2024-02-05,false,
RB-HH-02332,Kim Household,Mass Market,BR-011,E-0047,2016-12-17,true,32
RB-HH-02333,Lopez Household,Mass Market,BR-025,E-0019,2015-12-21,true,
RB-HH-02334,Mitchell Household,Student,BR-014,E-0053,2014-11-27,false,-64
RB-HH-02335,Roberts Household,Mass Affluent,BR-007,E-0024,2017-02-23,true,
RB-HH-02336,Green Household,Mass Market,BR-007,E-0047,2016-05-29,true,
RB-HH-02337,Wright Household,Mass Affluent,BR-022,E-0057,2015-09-27,false,-80
RB-HH-02338,Brown Household,Mass Affluent,BR-021,E-0027,2013-10-04,false,-65
RB-HH-02339,Nelson Household,Mass Market,BR-004,E-0043,2014-02-04,false,
RB-HH-02340,Johnson Household,Mass Market,BR-003,E-0014,2025-05-19,false,
RB-HH-02341,Kim Household,Mass Market,BR-029,E-0006,2014-08-10,false,81
RB-HH-02342,Ruiz Household,Mass Market,BR-027,E-0038,2023-05-19,false,
RB-HH-02343,Young Household,Mass Affluent,BR-028,E-0059,2017-08-04,false,-72
RB-HH-02344,Collins Household,Mass Market,BR-029,E-0023,2012-11-24,true,
RB-HH-02345,Harris Household,Mass Market,BR-030,E-0034,2019-07-28,false,
RB-HH-02346,Turner Household,Mass Market,BR-028,E-0033,2017-01-19,true,-2
RB-HH-02347,Brown Household,Mass Market,BR-012,E-0046,2019-06-11,true,
RB-HH-02348,Martinez Household,Mass Affluent,BR-011,E-0024,2012-09-30,false,-1
RB-HH-02349,Moore Household,Mass Affluent,BR-027,E-0045,2016-09-21,true,
RB-HH-02350,King Household,Mass Affluent,BR-024,E-0012,2018-03-23,false,-93
RB-HH-02351,Chen Household,Student,BR-017,E-0050,2021-05-13,true,-55
RB-HH-02352,Adams Household,Mass Market,BR-017,E-0008,2026-01-19,true,
RB-HH-02353,Parker Household,Premier,BR-007,E-0014,2023-01-22,true,49
RB-HH-02354,Patel Household,Mass Market,BR-024,E-0057,2014-02-05,false,
RB-HH-02355,Parker Household,Mass Market,BR-003,E-0019,2020-04-26,true,-13
RB-HH-02356,Ashford Household,Mass Market,BR-007,E-0028,2021-11-06,true,
RB-HH-02357,Scott Household,Mass Affluent,BR-002,E-0044,2013-12-22,true,
RB-HH-02358,Garcia Household,Mass Market,BR-012,E-0044,2018-10-24,false,
RB-HH-02359,Collins Household,Mass Affluent,BR-027,E-0004,2024-07-07,false,
RB-HH-02360,Harris Household,Mass Market,BR-004,E-0019,2017-08-14,true,55
RB-HH-02361,Patel Household,Mass Market,BR-008,E-0058,2015-02-01,true,
RB-HH-02362,Lopez Household,Mass Affluent,BR-011,E-0006,2020-09-18,true,
RB-HH-02363,Roberts Household,Mass Market,BR-030,E-0016,2018-06-26,false,
RB-HH-02364,Jackson Household,Mass Market,BR-003,E-0010,2016-11-15,false,
RB-HH-02365,Wright Household,Mass Market,BR-023,E-0037,2017-12-19,true,
RB-HH-02366,Ruiz Household,Student,BR-011,E-0007,2013-08-18,false,
RB-HH-02367,Walker Household,Mass Market,BR-025,E-0005,2021-08-18,false,
RB-HH-02368,Davis Household,Mass Affluent,BR-026,E-0009,2024-05-18,false,
RB-HH-02369,Parker Household,Mass Affluent,BR-028,E-0049,2014-09-04,true,-82
RB-HH-02370,Morris Household,Mass Affluent,BR-001,E-0007,2023-04-27,false,
RB-HH-02371,Ruiz Household,Premier,BR-027,E-0005,2012-01-07,true,
RB-HH-02372,Nelson Household,Mass Affluent,BR-023,E-0047,2014-12-06,true,
RB-HH-02373,Adams Household,Mass Affluent,BR-026,E-0015,2025-07-28,true,45
RB-HH-02374,Silva Household,Premier,BR-022,E-0049,2015-02-06,true,-21
RB-HH-02375,Nelson Household,Mass Affluent,BR-016,E-0023,2021-08-12,true,
RB-HH-02376,Anderson Household,Premier,BR-004,E-0028,2022-07-31,false,-30
RB-HH-02377,Vaughn Household,Student,BR-008,E-0027,2012-02-04,false,-72
RB-HH-02378,Lopez Household,Mass Affluent,BR-015,E-0042,2016-05-07,true,
RB-HH-02379,Carter Household,Mass Market,BR-024,E-0055,2019-12-08,true,59
RB-HH-02380,Thomas Household,Mass Market,BR-010,E-0021,2018-12-28,true,
RB-HH-02381,Nelson Household,Premier,BR-007,E-0010,2021-03-14,false,
RB-HH-02382,Adams Household,Mass Market,BR-016,E-0052,2020-04-26,true,
RB-HH-02383,Parker Household,Mass Affluent,BR-004,E-0008,2018-02-16,true,92
RB-HH-02384,Hall Household,Mass Affluent,BR-021,E-0014,2026-05-20,true,94
RB-HH-02385,Ashford Household,Premier,BR-023,E-0057,2015-04-07,true,
RB-HH-02386,Ruiz Household,Premier,BR-001,E-0054,2021-04-04,true,
RB-HH-02387,Mitchell Household,Mass Market,BR-017,E-0021,2019-05-22,true,
RB-HH-02388,Mitchell Household,Mass Affluent,BR-013,E-0001,2016-12-17,false,-11
RB-HH-02389,Kim Household,Mass Market,BR-010,E-0037,2017-11-03,true,
RB-HH-02390,Silva Household,Mass Market,BR-011,E-0050,2016-03-30,true,-6
RB-HH-02391,Silva Household,Mass Market,BR-012,E-0002,2016-08-18,false,-93
RB-HH-02392,Silva Household,Premier,BR-016,E-0018,2020-04-13,true,
RB-HH-02393,Collins Household,Mass Affluent,BR-029,E-0003,2018-03-10,false,
RB-HH-02394,Young Household,Mass Affluent,BR-009,E-0055,2014-02-21,true,26
RB-HH-02395,Roberts Household,Mass Market,BR-014,E-0001,2025-10-10,true,
RB-HH-02396,Anderson Household,Mass Market,BR-018,E-0044,2016-04-03,true,
RB-HH-02397,Moore Household,Student,BR-001,E-0004,2012-09-02,true,
RB-HH-02398,Harris Household,Premier,BR-008,E-0032,2023-09-17,true,
RB-HH-02399,Miller Household,Mass Market,BR-006,E-0048,2021-05-30,false,
RB-HH-02400,Jackson Household,Premier,BR-011,E-0045,2022-12-06,true,-6
RB-HH-02401,Phillips Household,Mass Market,BR-026,E-0035,2023-12-14,true,20
RB-HH-02402,Scott Household,Mass Market,BR-025,E-0023,2021-10-13,false,
RB-HH-02403,White Household,Premier,BR-003,E-0018,2016-08-21,true,
RB-HH-02404,Walker Household,Mass Market,BR-027,E-0005,2015-01-28,true,79
RB-HH-02405,Johnson Household,Mass Market,BR-020,E-0019,2015-05-15,false,67
RB-HH-02406,Taylor Household,Mass Market,BR-011,E-0041,2016-10-13,true,88
RB-HH-02407,Clark Household,Premier,BR-002,E-0004,2018-04-16,true,
RB-HH-02408,Ashford Household,Mass Market,BR-009,E-0057,2015-07-23,true,
RB-HH-02409,Campbell Household,Mass Market,BR-001,E-0044,2020-01-08,true,
RB-HH-02410,Harris Household,Premier,BR-027,E-0030,2019-10-28,true,
RB-HH-02411,Walker Household,Mass Affluent,BR-006,E-0001,2021-04-02,true,
RB-HH-02412,Mitchell Household,Mass Affluent,BR-011,E-0008,2019-10-12,true,
RB-HH-02413,Anderson Household,Mass Affluent,BR-028,E-0059,2017-07-16,true,-82
RB-HH-02414,Silva Household,Mass Market,BR-011,E-0008,2014-07-19,false,20
RB-HH-02415,Miller Household,Mass Market,BR-016,E-0051,2024-05-18,true,
RB-HH-02416,Morris Household,Mass Affluent,BR-018,E-0023,2019-04-17,true,-11
RB-HH-02417,Nelson Household,Mass Affluent,BR-020,E-0046,2016-06-18,false,
RB-HH-02418,Harris Household,Mass Affluent,BR-020,E-0055,2024-04-30,true,-73
RB-HH-02419,Johnson Household,Mass Affluent,BR-014,E-0012,2026-04-03,true,
RB-HH-02420,White Household,Mass Market,BR-007,E-0045,2022-12-20,false,
RB-HH-02421,Baker Household,Mass Affluent,BR-021,E-0047,2024-10-24,true,18
RB-HH-02422,Jackson Household,Mass Affluent,BR-025,E-0035,2014-12-12,true,35
RB-HH-02423,Collins Household,Mass Market,BR-022,E-0039,2017-05-25,true,84
RB-HH-02424,Nelson Household,Mass Market,BR-003,E-0024,2026-04-23,true,
RB-HH-02425,Evans Household,Mass Market,BR-001,E-0052,2016-02-13,true,
RB-HH-02426,Wilson Household,Premier,BR-014,E-0003,2018-03-25,true,90
RB-HH-02427,Green Household,Mass Affluent,BR-023,E-0049,2023-09-29,false,
RB-HH-02428,Adams Household,Student,BR-002,E-0004,2026-01-26,true,
RB-HH-02429,Parker Household,Mass Affluent,BR-019,E-0046,2016-10-18,true,
RB-HH-02430,Johnson Household,Premier,BR-010,E-0022,2015-04-26,false,0
RB-HH-02431,White Household,Mass Market,BR-020,E-0052,2014-06-04,true,
RB-HH-02432,Mitchell Household,Mass Market,BR-014,E-0007,2022-02-22,false,
RB-HH-02433,Nelson Household,Premier,BR-025,E-0060,2018-02-13,false,-29
RB-HH-02434,Silva Household,Mass Market,BR-002,E-0053,2023-11-06,false,
RB-HH-02435,Young Household,Mass Market,BR-014,E-0006,2016-04-25,false,-24
RB-HH-02436,Clark Household,Mass Affluent,BR-014,E-0026,2021-01-29,true,
RB-HH-02437,Young Household,Mass Affluent,BR-002,E-0057,2016-11-24,true,
RB-HH-02438,Scott Household,Student,BR-018,E-0021,2024-10-12,true,
RB-HH-02439,Collins Household,Mass Market,BR-005,E-0014,2024-08-23,false,66
RB-HH-02440,Miller Household,Mass Affluent,BR-014,E-0012,2014-11-01,true,-62
RB-HH-02441,Turner Household,Mass Market,BR-004,E-0054,2023-08-22,true,
RB-HH-02442,Miller Household,Premier,BR-011,E-0015,2014-02-11,false,84
RB-HH-02443,Garcia Household,Mass Market,BR-003,E-0010,2016-09-12,true,
RB-HH-02444,Johnson Household,Mass Market,BR-007,E-0028,2022-05-06,true,
RB-HH-02445,Bailey Household,Mass Market,BR-004,E-0028,2016-07-30,true,
RB-HH-02446,Wilson Household,Mass Market,BR-004,E-0031,2017-08-27,false,-56
RB-HH-02447,Patel Household,Mass Affluent,BR-013,E-0057,2020-02-16,true,-82
RB-HH-02448,Johnson Household,Premier,BR-001,E-0001,2012-06-05,true,2
RB-HH-02449,Allen Household,Mass Affluent,BR-018,E-0028,2012-04-14,true,
RB-HH-02450,King Household,Premier,BR-023,E-0034,2015-10-20,true,-59
RB-HH-02451,Hall Household,Mass Market,BR-030,E-0058,2013-10-10,true,
RB-HH-02452,Baker Household,Mass Affluent,BR-028,E-0031,2022-07-15,true,46
RB-HH-02453,Edwards Household,Mass Market,BR-024,E-0001,2013-04-27,true,
RB-HH-02454,Parker Household,Mass Market,BR-020,E-0059,2014-12-11,true,
RB-HH-02455,Miller Household,Mass Affluent,BR-027,E-0043,2020-08-10,true,-48
RB-HH-02456,Ashford Household,Mass Market,BR-029,E-0004,2022-01-17,false,40
RB-HH-02457,Harris Household,Mass Market,BR-010,E-0049,2021-02-17,true,-13
RB-HH-02458,Edwards Household,Mass Market,BR-030,E-0033,2017-09-29,false,55
RB-HH-02459,Walker Household,Mass Market,BR-009,E-0052,2023-05-09,true,-43
RB-HH-02460,Stewart Household,Mass Market,BR-003,E-0024,2018-02-19,false,
RB-HH-02461,Young Household,Mass Market,BR-001,E-0053,2013-10-15,true,
RB-HH-02462,Young Household,Mass Affluent,BR-008,E-0036,2016-06-20,true,
RB-HH-02463,Phillips Household,Mass Market,BR-016,E-0041,2013-06-01,true,18
RB-HH-02464,Lewis Household,Mass Market,BR-029,E-0028,2015-03-04,true,
RB-HH-02465,Young Household,Mass Affluent,BR-020,E-0033,2021-06-02,false,57
RB-HH-02466,Wilson Household,Mass Market,BR-006,E-0023,2018-09-27,false,-52
RB-HH-02467,Roberts Household,Mass Market,BR-018,E-0035,2015-10-02,true,12
RB-HH-02468,Taylor Household,Mass Market,BR-003,E-0033,2016-01-05,true,
RB-HH-02469,Silva Household,Mass Affluent,BR-017,E-0017,2018-10-27,false,-57
RB-HH-02470,Carter Household,Mass Market,BR-010,E-0041,2016-07-07,false,
RB-HH-02471,Adams Household,Mass Market,BR-025,E-0014,2023-03-12,false,78
RB-HH-02472,Davis Household,Mass Market,BR-013,E-0043,2025-07-30,true,
RB-HH-02473,Campbell Household,Mass Market,BR-008,E-0049,2019-10-10,false,-51
RB-HH-02474,Ashford Household,Premier,BR-004,E-0022,2014-01-02,true,-41
RB-HH-02475,Morris Household,Student,BR-019,E-0059,2020-05-04,true,42
RB-HH-02476,Thomas Household,Mass Market,BR-028,E-0025,2013-03-02,false,
RB-HH-02477,Davis Household,Mass Affluent,BR-024,E-0028,2021-07-21,false,45
RB-HH-02478,Bailey Household,Mass Affluent,BR-024,E-0050,2023-01-07,true,94
RB-HH-02479,Thomas Household,Student,BR-013,E-0046,2012-01-17,true,
RB-HH-02480,Kim Household,Student,BR-022,E-0005,2019-02-11,true,
RB-HH-02481,Lopez Household,Mass Market,BR-006,E-0009,2016-08-22,false,
RB-HH-02482,Campbell Household,Student,BR-009,E-0051,2013-03-08,true,
RB-HH-02483,Thomas Household,Mass Market,BR-009,E-0002,2015-06-30,true,-61
RB-HH-02484,Roberts Household,Premier,BR-009,E-0023,2012-10-19,false,
RB-HH-02485,Bailey Household,Mass Affluent,BR-011,E-0017,2023-10-18,false,
RB-HH-02486,Okafor Household,Student,BR-012,E-0001,2014-07-08,true,-92
RB-HH-02487,Thomas Household,Premier,BR-003,E-0024,2012-02-07,true,
RB-HH-02488,Phillips Household,Mass Market,BR-009,E-0001,2024-10-15,true,
RB-HH-02489,Scott Household,Mass Market,BR-026,E-0027,2015-02-19,true,
RB-HH-02490,Morris Household,Mass Affluent,BR-011,E-0029,2014-01-10,true,
RB-HH-02491,Morris Household,Mass Affluent,BR-029,E-0048,2024-05-02,true,
RB-HH-02492,Hall Household,Mass Affluent,BR-011,E-0015,2021-03-14,true,
RB-HH-02493,Collins Household,Mass Market,BR-012,E-0036,2018-10-23,true,-57
RB-HH-02494,Phillips Household,Mass Affluent,BR-007,E-0009,2014-02-01,false,-8
RB-HH-02495,Davis Household,Mass Affluent,BR-007,E-0047,2017-10-23,true,
RB-HH-02496,Chen Household,Mass Market,BR-013,E-0013,2024-12-08,true,21
RB-HH-02497,Hall Household,Student,BR-006,E-0047,2025-08-20,false,
RB-HH-02498,Okafor Household,Mass Market,BR-026,E-0022,2014-04-16,false,
RB-HH-02499,Ashford Household,Mass Market,BR-013,E-0019,2013-05-08,true,10
RB-HH-02500,Scott Household,Mass Market,BR-021,E-0001,2020-02-06,true,28
