CaseId,CustomerId,FinancialAccountId,CreatedDate,ClosedDate,Channel,CaseType,SubType,Status,Priority,FirstContactResolution,CSAT,HandleTimeMinutes,BranchId,AgentId,AgentforceHandled
RB-CS-000001,RB-C-00001-1,RB-FA-000002,2025-03-10T18:59:33.000Z,2025-03-20T07:10:24.000Z,Chat,Payments,Wire Status,Closed,Medium,false,,9.0,BR-009,E-0088,false
RB-CS-000002,RB-C-00001-1,RB-FA-000003,2026-04-03T16:04:41.000Z,2026-04-03T09:31:15.000Z,Chat,Card Dispute,Duplicate Charge,Closed,Medium,true,5,23.9,BR-009,E-0066,true
RB-CS-000003,RB-C-00001-1,RB-FA-000003,2026-06-03T14:34:22.000Z,2026-06-03T16:30:45.000Z,Branch,Card Dispute,Duplicate Charge,Closed,Low,true,,18.7,BR-009,E-0094,false
RB-CS-000004,RB-C-00001-1,RB-FA-000003,2024-11-03T17:48:58.000Z,2024-11-03T10:32:31.000Z,Voice,Payments,Failed Transfer,Closed,Low,true,,7.4,BR-009,E-0078,false
RB-CS-000005,RB-C-00001-1,RB-FA-000003,2025-03-25T11:55:35.000Z,2025-03-25T10:14:03.000Z,Email,Fee Inquiry,ATM Fee,Closed,Medium,true,3,22.4,BR-009,E-0107,true
RB-CS-000006,RB-C-00003-1,RB-FA-000006,2025-02-02T07:14:55.000Z,2025-02-02T19:28:55.000Z,Voice,Fee Inquiry,Overdraft Fee,Closed,Low,true,5,29.2,BR-016,E-0067,true
RB-CS-000007,RB-C-00003-1,RB-FA-000008,2025-07-08T10:11:51.000Z,,Chat,Card Dispute,Duplicate Charge,Open,Low,false,4,5.7,BR-016,E-0131,false
RB-CS-000008,RB-C-00003-1,RB-FA-000008,2025-05-18T09:45:28.000Z,2025-05-18T15:15:17.000Z,Voice,Account Access,Password Reset,Closed,Medium,true,,7.5,BR-016,E-0092,false
RB-CS-000009,RB-C-00003-1,RB-FA-000008,2024-11-04T17:53:21.000Z,2024-11-04T09:31:32.000Z,Voice,Product Question,Eligibility,Closed,Low,true,,11.5,BR-016,E-0123,true
RB-CS-000010,RB-C-00003-1,RB-FA-000008,2024-09-16T13:23:36.000Z,2024-09-21T16:08:23.000Z,Voice,Fee Inquiry,Monthly Maintenance,Closed,Medium,false,4,8.4,BR-016,E-0113,false
RB-CS-000011,RB-C-00004-1,RB-FA-000009,2025-09-29T09:52:30.000Z,2025-09-29T13:34:48.000Z,Voice,Payments,Wire Status,Closed,Medium,true,4,19.3,BR-021,E-0135,false
RB-CS-000012,RB-C-00004-1,RB-FA-000011,2025-09-24T13:51:55.000Z,2025-09-25T17:41:55.000Z,Voice,Card Dispute,Duplicate Charge,Closed,Low,false,4,9.5,BR-021,E-0072,false
RB-CS-000013,RB-C-00005-1,RB-FA-000013,2026-07-08T15:29:02.000Z,,Chat,Product Question,Eligibility,Escalated,Medium,true,3,19.0,BR-030,E-0077,false
RB-CS-000014,RB-C-00005-1,RB-FA-000014,2024-10-20T10:35:48.000Z,2024-11-04T16:52:38.000Z,Branch,Card Dispute,Merchant Refund,Closed,Medium,false,,12.7,BR-030,E-0130,false
RB-CS-000015,RB-C-00005-1,RB-FA-000014,2026-03-25T15:18:49.000Z,2026-03-25T18:24:15.000Z,Chat,Fee Inquiry,ATM Fee,Closed,Low,true,3,5.1,BR-030,E-0090,true
RB-CS-000016,RB-C-00005-1,RB-FA-000014,2025-11-19T14:22:57.000Z,2025-11-19T13:25:19.000Z,Email,Product Question,Eligibility,Closed,Medium,true,4,19.9,BR-030,E-0091,true
RB-CS-000017,RB-C-00005-1,RB-FA-000014,2025-02-01T14:25:54.000Z,2025-02-01T18:44:36.000Z,Chat,Fraud,Card Compromised,Closed,Medium,true,3,20.8,BR-030,E-0112,false
RB-CS-000018,RB-C-00007-1,RB-FA-000018,2025-01-03T10:48:54.000Z,2025-01-23T15:15:06.000Z,Chat,Payments,Wire Status,Closed,Medium,false,,7.6,BR-017,E-0113,false
RB-CS-000019,RB-C-00007-1,RB-FA-000018,2026-08-11T11:07:52.000Z,2026-08-14T18:56:11.000Z,Mobile App,Card Dispute,Merchant Refund,Closed,Low,false,1,3.9,BR-017,E-0081,true
RB-CS-000020,RB-C-00007-1,RB-FA-000018,2025-08-06T13:36:48.000Z,2025-08-06T17:10:32.000Z,Voice,Payments,Wire Status,Closed,High,true,3,13.4,BR-017,E-0092,false
RB-CS-000021,RB-C-00007-1,RB-FA-000018,2025-08-30T09:35:20.000Z,2025-08-30T13:50:27.000Z,Voice,Fraud,Card Compromised,Closed,Low,true,5,9.0,BR-017,E-0066,true
RB-CS-000022,RB-C-00007-1,RB-FA-000019,2025-12-03T07:23:47.000Z,2025-12-03T18:19:21.000Z,Branch,Payments,Wire Status,Closed,Medium,true,4,15.5,BR-017,E-0099,false
RB-CS-000023,RB-C-00007-1,RB-FA-000020,2025-05-27T07:27:32.000Z,2025-05-27T18:23:58.000Z,Chat,Payments,Wire Status,Closed,Medium,true,5,14.0,BR-017,E-0095,false
RB-CS-000024,RB-C-00008-1,RB-FA-000021,2025-02-05T15:41:27.000Z,2025-02-05T14:21:44.000Z,Chat,Payments,Bill Pay,Closed,Low,true,,8.6,BR-009,E-0085,true
RB-CS-000025,RB-C-00009-1,RB-FA-000023,2025-09-07T07:02:53.000Z,,Voice,Card Dispute,Merchant Refund,In Progress,Medium,true,,21.6,BR-009,E-0140,false
RB-CS-000026,RB-C-00009-1,RB-FA-000024,2025-04-08T14:41:36.000Z,2025-04-08T09:49:21.000Z,Chat,Fee Inquiry,ATM Fee,Closed,Medium,true,4,7.8,BR-009,E-0091,false
RB-CS-000027,RB-C-00009-1,RB-FA-000024,2025-07-03T07:07:08.000Z,2025-07-03T09:48:43.000Z,Voice,Payments,Bill Pay,Closed,Low,true,4,12.3,BR-009,E-0132,false
RB-CS-000028,RB-C-00010-1,RB-FA-000026,2025-04-20T13:29:41.000Z,2025-04-20T18:03:59.000Z,Voice,Account Access,Locked Account,Closed,Low,true,,4.6,BR-028,E-0102,false
RB-CS-000029,RB-C-00010-1,RB-FA-000027,2026-06-18T08:19:08.000Z,2026-07-02T08:59:20.000Z,Email,Account Access,MFA,Closed,High,false,4,8.7,BR-028,E-0085,true
RB-CS-000030,RB-C-00012-1,RB-FA-000029,2025-10-03T07:30:08.000Z,2025-10-03T14:44:38.000Z,Voice,Account Access,Locked Account,Closed,Low,true,4,13.8,BR-012,E-0137,true
RB-CS-000031,RB-C-00013-1,RB-FA-000032,2025-11-06T18:07:09.000Z,2025-11-06T14:16:11.000Z,Chat,Account Access,Password Reset,Closed,Low,true,,11.5,BR-014,E-0088,false
RB-CS-000032,RB-C-00013-1,RB-FA-000033,2025-10-26T09:16:31.000Z,,Chat,Fee Inquiry,Monthly Maintenance,Escalated,Medium,true,2,5.7,BR-014,E-0068,false
RB-CS-000033,RB-C-00014-1,RB-FA-000034,2024-12-06T09:33:37.000Z,2024-12-06T19:01:41.000Z,Chat,Fraud,Card Compromised,Closed,Low,true,5,12.0,BR-008,E-0080,true
RB-CS-000034,RB-C-00014-1,RB-FA-000034,2026-04-09T12:59:03.000Z,2026-04-24T17:38:34.000Z,Voice,Fee Inquiry,Monthly Maintenance,Closed,Medium,false,4,12.4,BR-008,E-0099,true
RB-CS-000035,RB-C-00014-1,RB-FA-000034,2026-08-07T07:01:35.000Z,2026-08-07T12:14:50.000Z,Voice,Account Access,Locked Account,Closed,Medium,true,4,15.4,BR-008,E-0065,true
RB-CS-000036,RB-C-00014-1,RB-FA-000034,2024-12-05T09:17:27.000Z,2024-12-16T15:53:08.000Z,Voice,Fee Inquiry,Overdraft Fee,Closed,Low,false,4,4.2,BR-008,E-0063,false
RB-CS-000037,RB-C-00016-1,RB-FA-000037,2025-09-03T17:08:42.000Z,2025-09-03T19:43:23.000Z,Email,Fraud,Account Takeover,Closed,Medium,true,4,29.0,BR-016,E-0119,false
RB-CS-000038,RB-C-00017-1,RB-FA-000038,2024-09-26T12:46:45.000Z,2024-09-26T14:36:52.000Z,Email,Card Dispute,Merchant Refund,Closed,Medium,true,4,9.7,BR-015,E-0075,false
RB-CS-000039,RB-C-00017-1,RB-FA-000038,2024-12-21T13:26:40.000Z,2024-12-21T09:46:07.000Z,Branch,Fraud,Account Takeover,Closed,Medium,true,2,7.5,BR-015,E-0079,false
RB-CS-000040,RB-C-00017-1,RB-FA-000038,2026-08-28T14:12:36.000Z,2026-08-28T12:32:30.000Z,Chat,Payments,Wire Status,Closed,Medium,true,2,5.4,BR-015,E-0093,true
RB-CS-000041,RB-C-00019-1,RB-FA-000041,2025-11-20T11:09:01.000Z,2025-11-30T10:53:52.000Z,Chat,Account Access,MFA,Closed,Low,false,3,7.2,BR-002,E-0070,true
RB-CS-000042,RB-C-00019-1,RB-FA-000041,2026-07-28T14:35:47.000Z,2026-08-11T15:40:22.000Z,Chat,Account Access,Password Reset,Closed,Low,false,,16.0,BR-002,E-0080,false
RB-CS-000043,RB-C-00019-1,RB-FA-000041,2026-06-03T15:54:31.000Z,2026-06-03T08:45:01.000Z,Voice,Payments,Bill Pay,Closed,Low,true,2,17.8,BR-002,E-0068,false
RB-CS-000044,RB-C-00019-1,RB-FA-000042,2025-06-27T08:23:50.000Z,2025-06-27T08:06:43.000Z,Email,Account Access,Password Reset,Closed,Medium,true,,15.2,BR-002,E-0140,true
RB-CS-000045,RB-C-00019-1,RB-FA-000042,2025-08-28T10:53:27.000Z,2025-08-28T13:22:42.000Z,Mobile App,Fee Inquiry,Monthly Maintenance,Closed,Medium,true,,25.6,BR-002,E-0087,false
RB-CS-000046,RB-C-00019-1,RB-FA-000042,2026-01-24T11:43:45.000Z,2026-01-24T10:13:35.000Z,Voice,Fee Inquiry,ATM Fee,Closed,Medium,true,,18.5,BR-002,E-0088,true
RB-CS-000047,RB-C-00019-1,RB-FA-000042,2025-05-15T12:19:24.000Z,2025-05-15T07:01:15.000Z,Chat,Fee Inquiry,ATM Fee,Closed,Medium,true,3,9.0,BR-002,E-0082,true
RB-CS-000048,RB-C-00019-1,RB-FA-000043,2024-12-23T19:04:33.000Z,2025-01-02T17:53:13.000Z,Chat,Card Dispute,Unrecognized Charge,Closed,Medium,false,,2.8,BR-002,E-0062,true
RB-CS-000049,RB-C-00019-1,RB-FA-000043,2026-03-15T18:19:59.000Z,2026-03-15T19:26:42.000Z,Branch,Account Access,Password Reset,Closed,Medium,true,4,4.3,BR-002,E-0097,false
RB-CS-000050,RB-C-00019-1,RB-FA-000043,2026-07-09T19:16:47.000Z,2026-07-21T19:32:48.000Z,Email,Card Dispute,Merchant Refund,Closed,Low,false,2,13.1,BR-002,E-0140,false
RB-CS-000051,RB-C-00019-1,RB-FA-000043,2025-09-17T10:30:53.000Z,2025-09-17T07:13:00.000Z,Mobile App,Account Access,Locked Account,Closed,Low,true,,11.3,BR-002,E-0084,false
RB-CS-000052,RB-C-00020-1,RB-FA-000045,2026-03-23T11:30:36.000Z,2026-03-23T08:13:35.000Z,Mobile App,Account Access,Password Reset,Closed,Low,true,3,17.9,BR-026,E-0120,false
RB-CS-000053,RB-C-00020-1,RB-FA-000045,2026-08-25T11:10:38.000Z,2026-08-26T14:06:34.000Z,Chat,Account Access,Password Reset,Closed,Medium,false,,17.4,BR-026,E-0061,true
RB-CS-000054,RB-C-00020-1,RB-FA-000045,2025-04-11T11:55:32.000Z,2025-04-11T13:48:44.000Z,Branch,Payments,Bill Pay,Closed,Medium,true,5,15.1,BR-026,E-0114,false
RB-CS-000055,RB-C-00020-1,RB-FA-000045,2025-11-30T08:58:14.000Z,2025-11-30T09:55:54.000Z,Mobile App,Payments,Wire Status,Closed,Low,true,4,7.4,BR-026,E-0123,false
RB-CS-000056,RB-C-00020-1,RB-FA-000047,2025-02-07T18:58:52.000Z,,Voice,Fee Inquiry,Monthly Maintenance,Open,Medium,true,,13.6,BR-026,E-0134,false
RB-CS-000057,RB-C-00021-1,RB-FA-000050,2026-02-09T08:28:09.000Z,2026-02-16T10:06:11.000Z,Voice,Card Dispute,Merchant Refund,Closed,Medium,false,,3.9,BR-016,E-0118,false
RB-CS-000058,RB-C-00021-1,RB-FA-000051,2026-04-27T11:30:18.000Z,2026-04-27T09:13:16.000Z,Voice,Fee Inquiry,Overdraft Fee,Closed,High,true,4,19.9,BR-016,E-0118,false
RB-CS-000059,RB-C-00021-1,RB-FA-000051,2025-04-04T15:42:04.000Z,2025-04-04T13:17:31.000Z,Chat,Fraud,Account Takeover,Closed,Low,true,4,5.0,BR-016,E-0064,false
RB-CS-000060,RB-C-00021-1,RB-FA-000051,2025-07-18T08:11:44.000Z,,Voice,Payments,Wire Status,Escalated,Low,true,,10.0,BR-016,E-0139,false
RB-CS-000061,RB-C-00022-1,RB-FA-000052,2026-08-11T11:21:27.000Z,2026-08-11T16:49:51.000Z,Branch,Account Access,MFA,Closed,Low,true,4,6.5,BR-030,E-0122,true
RB-CS-000062,RB-C-00022-1,RB-FA-000053,2025-01-16T18:01:38.000Z,2025-01-20T10:54:02.000Z,Chat,Card Dispute,Duplicate Charge,Closed,Low,false,,11.0,BR-030,E-0069,false
RB-CS-000063,RB-C-00023-1,RB-FA-000054,2025-07-06T19:06:52.000Z,2025-07-06T18:21:47.000Z,Branch,Fee Inquiry,Overdraft Fee,Closed,Medium,true,3,7.3,BR-025,E-0086,true
RB-CS-000064,RB-C-00024-1,RB-FA-000055,2026-01-19T12:59:08.000Z,2026-01-19T17:51:12.000Z,Voice,Payments,Bill Pay,Closed,Low,true,3,5.8,BR-001,E-0139,true
RB-CS-000065,RB-C-00024-1,RB-FA-000055,2025-12-23T16:21:57.000Z,2025-12-23T07:39:09.000Z,Chat,Product Question,Eligibility,Closed,Medium,true,,8.2,BR-001,E-0127,false
RB-CS-000066,RB-C-00024-1,RB-FA-000055,2026-08-22T19:21:51.000Z,2026-08-22T16:48:18.000Z,Voice,Card Dispute,Merchant Refund,Closed,Low,true,,15.3,BR-001,E-0082,false
RB-CS-000067,RB-C-00024-1,RB-FA-000055,2025-11-25T14:08:39.000Z,2025-12-06T17:41:57.000Z,Branch,Card Dispute,Merchant Refund,Closed,Medium,false,1,17.4,BR-001,E-0128,false
RB-CS-000068,RB-C-00024-1,RB-FA-000056,2025-04-08T14:28:12.000Z,2025-04-29T09:52:38.000Z,Voice,Account Access,MFA,Closed,Medium,false,1,14.7,BR-001,E-0136,true
RB-CS-000069,RB-C-00026-1,RB-FA-000059,2026-08-15T07:18:19.000Z,2026-08-15T12:55:15.000Z,Chat,Card Dispute,Duplicate Charge,Closed,Low,true,,11.8,BR-020,E-0090,false
RB-CS-000070,RB-C-00026-1,RB-FA-000059,2024-09-23T13:09:04.000Z,2024-09-23T15:45:55.000Z,Voice,Fee Inquiry,Monthly Maintenance,Closed,Medium,true,,16.2,BR-020,E-0107,false
RB-CS-000071,RB-C-00026-1,RB-FA-000059,2025-12-30T18:55:15.000Z,2025-12-30T13:14:19.000Z,Email,Card Dispute,Unrecognized Charge,Closed,High,true,5,28.9,BR-020,E-0076,false
RB-CS-000072,RB-C-00026-1,RB-FA-000059,2025-03-07T11:22:52.000Z,2025-03-07T07:34:38.000Z,Email,Card Dispute,Unrecognized Charge,Closed,Medium,true,1,28.5,BR-020,E-0076,true
RB-CS-000073,RB-C-00026-1,RB-FA-000060,2026-02-12T17:02:27.000Z,,Mobile App,Product Question,Rates,Escalated,Low,true,3,19.7,BR-020,E-0096,false
RB-CS-000074,RB-C-00028-1,RB-FA-000063,2025-03-05T10:21:36.000Z,2025-03-05T07:19:04.000Z,Mobile App,Fraud,Account Takeover,Closed,Low,true,,6.9,BR-006,E-0127,false
RB-CS-000075,RB-C-00029-1,RB-FA-000064,2025-08-02T15:36:54.000Z,2025-08-02T16:58:26.000Z,Voice,Fee Inquiry,Monthly Maintenance,Closed,Low,true,5,14.3,BR-005,E-0081,true
RB-CS-000076,RB-C-00030-1,RB-FA-000065,2025-04-01T19:01:39.000Z,2025-04-05T16:28:28.000Z,Chat,Fee Inquiry,ATM Fee,Closed,Low,false,,14.5,BR-025,E-0070,true
RB-CS-000077,RB-C-00031-1,RB-FA-000066,2024-11-26T08:53:06.000Z,2024-11-26T12:46:23.000Z,Voice,Product Question,Eligibility,Closed,Medium,true,,6.9,BR-011,E-0117,false
RB-CS-000078,RB-C-00031-1,RB-FA-000067,2026-08-11T15:52:39.000Z,2026-08-11T17:54:03.000Z,Chat,Payments,Wire Status,Closed,Medium,true,,9.4,BR-011,E-0091,true
RB-CS-000079,RB-C-00031-1,RB-FA-000067,2025-04-08T17:44:28.000Z,2025-04-08T08:40:29.000Z,Chat,Fee Inquiry,Monthly Maintenance,Closed,Medium,true,,9.2,BR-011,E-0082,false
RB-CS-000080,RB-C-00031-1,RB-FA-000067,2025-09-15T08:13:08.000Z,2025-09-15T10:32:10.000Z,Chat,Fee Inquiry,Monthly Maintenance,Closed,High,true,,14.8,BR-011,E-0122,true
RB-CS-000081,RB-C-00031-1,RB-FA-000067,2025-10-14T12:39:57.000Z,2025-10-14T19:02:54.000Z,Voice,Fee Inquiry,ATM Fee,Closed,Low,true,,14.7,BR-011,E-0074,true
RB-CS-000082,RB-C-00032-1,RB-FA-000071,2024-11-23T10:47:39.000Z,2024-11-23T09:11:59.000Z,Mobile App,Payments,Bill Pay,Closed,Low,true,,7.4,BR-002,E-0110,true
RB-CS-000083,RB-C-00033-1,RB-FA-000072,2026-04-09T15:05:28.000Z,2026-04-09T07:31:02.000Z,Chat,Fee Inquiry,Monthly Maintenance,Closed,Medium,true,5,5.0,BR-005,E-0070,false
RB-CS-000084,RB-C-00033-1,RB-FA-000073,2026-06-26T19:14:07.000Z,2026-07-09T10:45:37.000Z,Voice,Fee Inquiry,Monthly Maintenance,Closed,Medium,false,,11.3,BR-005,E-0125,false
RB-CS-000085,RB-C-00034-1,RB-FA-000075,2026-04-04T13:54:26.000Z,2026-04-04T18:37:30.000Z,Chat,Fee Inquiry,Monthly Maintenance,Closed,Medium,true,3,19.0,BR-015,E-0130,false
RB-CS-000086,RB-C-00034-1,RB-FA-000075,2025-06-19T19:54:34.000Z,2025-06-30T12:14:39.000Z,Voice,Card Dispute,Merchant Refund,Closed,Medium,false,1,3.9,BR-015,E-0125,false
RB-CS-000087,RB-C-00034-1,RB-FA-000075,2024-11-16T07:44:17.000Z,2024-11-16T11:14:37.000Z,Email,Card Dispute,Duplicate Charge,Closed,High,true,4,26.2,BR-015,E-0135,true
RB-CS-000088,RB-C-00034-1,RB-FA-000075,2024-10-17T15:00:55.000Z,2024-10-17T14:59:43.000Z,Email,Payments,Failed Transfer,Closed,Medium,true,,22.9,BR-015,E-0068,true
RB-CS-000089,RB-C-00035-1,RB-FA-000076,2024-09-27T12:59:08.000Z,2024-10-08T13:43:11.000Z,Email,Product Question,Eligibility,Closed,Low,false,5,38.7,BR-006,E-0139,true
RB-CS-000090,RB-C-00035-1,RB-FA-000078,2025-02-22T16:54:10.000Z,2025-02-22T19:01:36.000Z,Chat,Payments,Failed Transfer,Closed,Medium,true,5,10.5,BR-006,E-0139,true
RB-CS-000091,RB-C-00037-1,RB-FA-000083,2025-08-06T13:27:10.000Z,2025-08-14T10:14:09.000Z,Mobile App,Account Access,MFA,Closed,High,false,,22.8,BR-003,E-0084,true
RB-CS-000092,RB-C-00039-1,RB-FA-000087,2025-02-05T13:12:15.000Z,2025-02-26T17:42:09.000Z,Chat,Card Dispute,Merchant Refund,Closed,Low,false,5,10.3,BR-030,E-0100,false
RB-CS-000093,RB-C-00040-1,RB-FA-000088,2025-04-02T10:06:10.000Z,2025-04-12T07:21:14.000Z,Email,Fraud,Account Takeover,Closed,Medium,false,3,66.9,BR-013,E-0138,false
RB-CS-000094,RB-C-00040-1,RB-FA-000088,2025-07-28T11:46:47.000Z,2025-07-28T19:12:38.000Z,Chat,Payments,Wire Status,Closed,Medium,true,5,5.2,BR-013,E-0092,true
RB-CS-000095,RB-C-00041-1,RB-FA-000089,2026-02-06T15:23:10.000Z,2026-02-20T15:47:13.000Z,Mobile App,Fee Inquiry,Overdraft Fee,Closed,Low,false,3,6.2,BR-029,E-0061,true
RB-CS-000096,RB-C-00043-1,RB-FA-000093,2026-06-15T14:19:52.000Z,2026-07-02T19:40:44.000Z,Email,Card Dispute,Unrecognized Charge,Closed,Low,false,4,28.7,BR-029,E-0079,false
RB-CS-000097,RB-C-00044-1,RB-FA-000094,2025-12-01T16:33:42.000Z,2025-12-01T15:01:21.000Z,Chat,Fraud,Account Takeover,Closed,Low,true,3,9.3,BR-019,E-0132,false
RB-CS-000098,RB-C-00044-1,RB-FA-000094,2025-12-11T13:09:52.000Z,2025-12-12T08:28:48.000Z,Branch,Product Question,Eligibility,Closed,Medium,false,,7.1,BR-019,E-0128,false
RB-CS-000099,RB-C-00044-1,RB-FA-000094,2025-10-11T08:41:37.000Z,2025-10-11T17:39:29.000Z,Voice,Payments,Bill Pay,Closed,Low,true,5,23.6,BR-019,E-0104,true
RB-CS-000100,RB-C-00044-1,RB-FA-000095,2026-07-10T16:59:38.000Z,2026-07-10T18:23:47.000Z,Mobile App,Card Dispute,Merchant Refund,Closed,Low,true,,14.7,BR-019,E-0081,false
RB-CS-000101,RB-C-00045-1,RB-FA-000098,2025-08-25T10:53:02.000Z,2025-08-25T18:18:41.000Z,Email,Account Access,Password Reset,Closed,Medium,true,,10.9,BR-024,E-0113,true
RB-CS-000102,RB-C-00046-1,RB-FA-000099,2025-01-05T08:13:23.000Z,2025-01-19T10:41:49.000Z,Chat,Account Access,Locked Account,Closed,Low,false,4,10.1,BR-015,E-0065,true
RB-CS-000103,RB-C-00047-1,RB-FA-000102,2025-11-19T13:37:26.000Z,2025-11-22T11:43:23.000Z,Voice,Product Question,Rates,Closed,Low,false,,9.8,BR-026,E-0132,false
RB-CS-000104,RB-C-00049-1,RB-FA-000104,2026-03-11T10:14:23.000Z,,Voice,Product Question,Eligibility,In Progress,Medium,true,,10.8,BR-021,E-0061,false
RB-CS-000105,RB-C-00049-1,RB-FA-000104,2026-07-14T18:59:01.000Z,2026-08-03T19:08:49.000Z,Email,Fraud,Card Compromised,Closed,Low,false,5,58.4,BR-021,E-0086,true
RB-CS-000106,RB-C-00049-1,RB-FA-000104,2026-01-19T08:20:50.000Z,2026-01-19T15:56:39.000Z,Voice,Payments,Wire Status,Closed,Medium,true,,11.4,BR-021,E-0117,false
RB-CS-000107,RB-C-00049-1,RB-FA-000104,2025-06-03T17:44:35.000Z,2025-06-03T09:45:28.000Z,Voice,Product Question,Rates,Closed,Low,true,2,3.4,BR-021,E-0121,false
RB-CS-000108,RB-C-00050-1,RB-FA-000107,2025-05-24T17:30:27.000Z,,Chat,Card Dispute,Merchant Refund,Escalated,Low,true,,19.6,BR-007,E-0083,false
RB-CS-000109,RB-C-00050-1,RB-FA-000108,2025-01-18T14:35:50.000Z,2025-01-18T19:54:20.000Z,Branch,Fraud,Account Takeover,Closed,Low,true,,8.3,BR-007,E-0070,false
RB-CS-000110,RB-C-00052-1,RB-FA-000112,2025-01-18T17:57:13.000Z,,Chat,Fraud,Account Takeover,Escalated,Medium,true,3,9.4,BR-027,E-0084,true
RB-CS-000111,RB-C-00054-1,RB-FA-000115,2025-10-29T15:57:49.000Z,2025-11-15T14:31:03.000Z,Chat,Account Access,Password Reset,Closed,High,false,,19.2,BR-015,E-0107,false
RB-CS-000112,RB-C-00054-1,RB-FA-000115,2025-09-11T11:13:02.000Z,2025-09-28T12:43:38.000Z,Voice,Card Dispute,Merchant Refund,Closed,Low,false,,25.3,BR-015,E-0123,true
RB-CS-000113,RB-C-00054-1,RB-FA-000115,2025-03-31T11:20:03.000Z,2025-03-31T07:14:16.000Z,Chat,Payments,Wire Status,Closed,Low,true,,13.6,BR-015,E-0094,false
RB-CS-000114,RB-C-00054-1,RB-FA-000115,2025-04-14T14:11:56.000Z,2025-04-14T15:48:05.000Z,Chat,Payments,Bill Pay,Closed,Medium,true,,15.8,BR-015,E-0089,false
RB-CS-000115,RB-C-00054-1,RB-FA-000118,2025-11-23T11:45:25.000Z,2025-11-23T08:39:17.000Z,Voice,Fee Inquiry,ATM Fee,Closed,Medium,true,2,14.6,BR-015,E-0113,true
RB-CS-000116,RB-C-00055-1,RB-FA-000119,2025-08-09T09:34:07.000Z,2025-08-18T07:58:06.000Z,Email,Card Dispute,Merchant Refund,Closed,Low,false,,25.1,BR-006,E-0061,false
RB-CS-000117,RB-C-00055-1,RB-FA-000121,2025-12-19T13:33:35.000Z,2025-12-19T12:11:01.000Z,Email,Account Access,Password Reset,Closed,Low,true,,33.6,BR-006,E-0140,false
RB-CS-000118,RB-C-00055-1,RB-FA-000122,2025-06-13T09:54:30.000Z,,Voice,Account Access,Locked Account,Escalated,Low,true,,7.4,BR-006,E-0082,false
RB-CS-000119,RB-C-00056-1,RB-FA-000123,2026-02-01T18:11:54.000Z,,Branch,Payments,Bill Pay,Escalated,High,true,,9.1,BR-021,E-0089,false
RB-CS-000120,RB-C-00056-1,RB-FA-000123,2025-09-11T17:48:42.000Z,2025-10-02T08:17:32.000Z,Chat,Product Question,Eligibility,Closed,High,false,,14.0,BR-021,E-0085,false
RB-CS-000121,RB-C-00056-1,RB-FA-000123,2025-05-03T18:53:26.000Z,2025-05-11T14:45:42.000Z,Branch,Account Access,MFA,Closed,Medium,false,4,7.8,BR-021,E-0070,true
RB-CS-000122,RB-C-00056-1,RB-FA-000124,2025-12-28T07:47:47.000Z,,Branch,Product Question,Eligibility,Escalated,Low,true,3,5.4,BR-021,E-0091,false
RB-CS-000123,RB-C-00056-1,RB-FA-000124,2025-03-07T10:24:16.000Z,2025-03-07T19:47:44.000Z,Branch,Fee Inquiry,Monthly Maintenance,Closed,Low,true,,8.7,BR-021,E-0139,false
RB-CS-000124,RB-C-00056-1,RB-FA-000124,2025-06-23T17:55:48.000Z,2025-06-23T09:01:21.000Z,Email,Account Access,Locked Account,Closed,Low,true,2,25.3,BR-021,E-0097,true
RB-CS-000125,RB-C-00056-1,RB-FA-000124,2024-12-17T18:06:45.000Z,2024-12-17T09:58:58.000Z,Voice,Card Dispute,Unrecognized Charge,Closed,Low,true,5,11.8,BR-021,E-0078,false
RB-CS-000126,RB-C-00057-1,RB-FA-000127,2026-01-13T16:36:10.000Z,2026-01-13T16:46:24.000Z,Chat,Account Access,Password Reset,Closed,Medium,true,,30.4,BR-005,E-0101,false
RB-CS-000127,RB-C-00058-1,RB-FA-000129,2026-03-22T11:11:27.000Z,2026-03-22T19:52:04.000Z,Mobile App,Product Question,Rates,Closed,Low,true,3,8.0,BR-019,E-0074,true
RB-CS-000128,RB-C-00060-1,RB-FA-000131,2025-09-01T18:30:19.000Z,2025-09-01T12:35:12.000Z,Voice,Fee Inquiry,Monthly Maintenance,Closed,Low,true,4,8.4,BR-019,E-0111,true
RB-CS-000129,RB-C-00060-1,RB-FA-000132,2025-05-17T11:20:45.000Z,2025-05-25T08:25:44.000Z,Voice,Account Access,Password Reset,Closed,Low,false,,5.2,BR-019,E-0078,false
RB-CS-000130,RB-C-00061-1,RB-FA-000134,2025-10-13T09:01:58.000Z,,Voice,Account Access,MFA,In Progress,Medium,true,5,11.6,BR-006,E-0088,false
RB-CS-000131,RB-C-00061-1,RB-FA-000134,2026-03-16T08:33:23.000Z,2026-03-27T19:16:39.000Z,Mobile App,Fee Inquiry,ATM Fee,Closed,High,false,5,11.4,BR-006,E-0078,false
RB-CS-000132,RB-C-00061-1,RB-FA-000134,2025-10-06T17:00:27.000Z,2025-10-06T17:51:05.000Z,Voice,Card Dispute,Merchant Refund,Closed,Low,true,,19.7,BR-006,E-0122,false
RB-CS-000133,RB-C-00061-1,RB-FA-000134,2025-07-22T16:35:48.000Z,2025-07-22T18:13:45.000Z,Mobile App,Account Access,Password Reset,Closed,High,true,5,4.4,BR-006,E-0119,true
RB-CS-000134,RB-C-00061-1,RB-FA-000135,2025-01-08T18:39:07.000Z,2025-01-08T12:55:18.000Z,Chat,Fee Inquiry,Overdraft Fee,Closed,Medium,true,4,16.2,BR-006,E-0126,false
RB-CS-000135,RB-C-00061-1,RB-FA-000135,2025-10-02T09:57:53.000Z,2025-10-10T12:28:09.000Z,Voice,Fraud,Card Compromised,Closed,High,false,3,5.5,BR-006,E-0109,true
RB-CS-000136,RB-C-00061-1,RB-FA-000135,2025-08-24T11:05:20.000Z,2025-08-24T14:28:35.000Z,Voice,Account Access,MFA,Closed,High,true,5,10.9,BR-006,E-0078,false
RB-CS-000137,RB-C-00061-1,RB-FA-000135,2024-11-13T13:45:34.000Z,,Mobile App,Card Dispute,Merchant Refund,Escalated,Low,false,2,13.2,BR-006,E-0065,true
RB-CS-000138,RB-C-00061-1,RB-FA-000137,2025-02-21T15:10:46.000Z,2025-02-21T10:04:39.000Z,Branch,Fraud,Card Compromised,Closed,Low,true,5,9.1,BR-006,E-0097,true
RB-CS-000139,RB-C-00061-1,RB-FA-000137,2024-09-23T13:57:45.000Z,2024-09-23T14:04:17.000Z,Chat,Fraud,Card Compromised,Closed,Medium,true,,9.1,BR-006,E-0136,true
RB-CS-000140,RB-C-00061-1,RB-FA-000137,2026-07-01T11:17:07.000Z,2026-07-01T15:00:58.000Z,Branch,Payments,Failed Transfer,Closed,Low,true,,6.8,BR-006,E-0091,true
RB-CS-000141,RB-C-00061-1,RB-FA-000137,2025-03-22T07:28:20.000Z,2025-04-10T16:02:52.000Z,Email,Fraud,Card Compromised,Closed,High,false,4,17.5,BR-006,E-0113,true
RB-CS-000142,RB-C-00062-1,RB-FA-000138,2025-12-18T12:42:26.000Z,2025-12-18T18:10:23.000Z,Voice,Product Question,Rates,Closed,Low,true,,16.0,BR-009,E-0101,false
RB-CS-000143,RB-C-00062-1,RB-FA-000139,2024-10-28T16:45:29.000Z,2024-10-31T13:15:52.000Z,Mobile App,Fee Inquiry,ATM Fee,Closed,High,false,,18.6,BR-009,E-0077,false
RB-CS-000144,RB-C-00063-1,RB-FA-000141,2026-06-30T17:40:41.000Z,2026-06-30T15:17:43.000Z,Chat,Card Dispute,Merchant Refund,Closed,Low,true,,10.9,BR-003,E-0088,true
RB-CS-000145,RB-C-00064-1,RB-FA-000142,2025-06-25T07:52:47.000Z,2025-06-25T09:54:53.000Z,Voice,Account Access,Locked Account,Closed,Medium,true,,14.5,BR-017,E-0084,true
RB-CS-000146,RB-C-00064-1,RB-FA-000142,2024-09-19T07:01:01.000Z,2024-10-01T09:30:48.000Z,Mobile App,Card Dispute,Unrecognized Charge,Closed,Medium,false,2,6.6,BR-017,E-0117,false
RB-CS-000147,RB-C-00064-1,RB-FA-000142,2026-07-31T08:13:52.000Z,,Voice,Product Question,Rates,In Progress,Low,true,,8.6,BR-017,E-0092,false
RB-CS-000148,RB-C-00064-1,RB-FA-000142,2025-04-22T11:54:22.000Z,2025-04-22T16:30:26.000Z,Voice,Payments,Failed Transfer,Closed,High,true,5,7.2,BR-017,E-0080,false
RB-CS-000149,RB-C-00065-1,RB-FA-000144,2025-05-25T08:55:11.000Z,,Voice,Account Access,Password Reset,In Progress,Low,true,,7.6,BR-026,E-0063,false
RB-CS-000150,RB-C-00065-1,RB-FA-000144,2025-12-27T08:39:47.000Z,2026-01-15T14:13:37.000Z,Voice,Payments,Failed Transfer,Closed,High,false,2,10.0,BR-026,E-0124,false
RB-CS-000151,RB-C-00065-1,RB-FA-000144,2025-06-01T18:24:11.000Z,2025-06-01T12:01:18.000Z,Mobile App,Card Dispute,Unrecognized Charge,Closed,High,true,,4.5,BR-026,E-0108,true
RB-CS-000152,RB-C-00065-1,RB-FA-000144,2026-05-09T15:38:24.000Z,,Chat,Product Question,Eligibility,Escalated,Medium,true,3,3.4,BR-026,E-0136,true
RB-CS-000153,RB-C-00066-1,RB-FA-000146,2026-03-26T12:56:56.000Z,2026-03-30T14:07:10.000Z,Voice,Card Dispute,Merchant Refund,Closed,Low,false,5,6.3,BR-016,E-0072,true
RB-CS-000154,RB-C-00066-1,RB-FA-000147,2026-04-29T16:12:12.000Z,2026-04-29T14:16:31.000Z,Chat,Fee Inquiry,Monthly Maintenance,Closed,Medium,true,,18.8,BR-016,E-0134,false
RB-CS-000155,RB-C-00067-1,RB-FA-000148,2024-12-02T13:41:19.000Z,2024-12-02T09:13:00.000Z,Chat,Fee Inquiry,ATM Fee,Closed,Low,true,,23.4,BR-029,E-0075,true
RB-CS-000156,RB-C-00069-1,RB-FA-000153,2025-09-13T12:39:18.000Z,2025-09-13T08:58:03.000Z,Branch,Payments,Bill Pay,Closed,Low,true,,12.9,BR-026,E-0131,true
RB-CS-000157,RB-C-00070-1,RB-FA-000155,2024-12-13T18:09:10.000Z,2024-12-26T19:09:17.000Z,Email,Card Dispute,Duplicate Charge,Closed,Low,false,1,17.7,BR-001,E-0099,true
RB-CS-000158,RB-C-00070-1,RB-FA-000155,2025-05-01T16:30:40.000Z,2025-05-01T08:30:54.000Z,Voice,Product Question,Eligibility,Closed,Medium,true,,13.9,BR-001,E-0087,false
RB-CS-000159,RB-C-00070-1,RB-FA-000156,2026-02-16T14:17:19.000Z,2026-02-16T10:12:57.000Z,Voice,Fee Inquiry,ATM Fee,Closed,High,true,4,13.1,BR-001,E-0124,true
RB-CS-000160,RB-C-00071-1,RB-FA-000157,2025-11-23T07:44:35.000Z,2025-11-23T18:22:22.000Z,Chat,Product Question,Eligibility,Closed,Low,true,,7.4,BR-002,E-0113,false
RB-CS-000161,RB-C-00071-1,RB-FA-000157,2026-03-02T15:36:02.000Z,2026-03-14T10:20:36.000Z,Mobile App,Product Question,Rates,Closed,Low,false,,14.2,BR-002,E-0140,false
RB-CS-000162,RB-C-00072-1,RB-FA-000160,2025-10-14T15:35:37.000Z,,Voice,Account Access,Password Reset,In Progress,Low,true,,23.9,BR-022,E-0108,true
RB-CS-000163,RB-C-00072-1,RB-FA-000160,2026-08-04T17:24:07.000Z,2026-08-04T15:25:52.000Z,Voice,Product Question,Eligibility,Closed,High,true,5,12.7,BR-022,E-0095,false
RB-CS-000164,RB-C-00072-1,RB-FA-000160,2026-04-15T10:59:53.000Z,2026-04-15T08:46:42.000Z,Email,Fraud,Account Takeover,Closed,Medium,true,4,20.1,BR-022,E-0086,false
RB-CS-000165,RB-C-00072-1,RB-FA-000161,2025-10-04T09:38:26.000Z,2025-10-04T16:00:12.000Z,Voice,Fee Inquiry,Overdraft Fee,Closed,Low,true,4,6.7,BR-022,E-0094,true
RB-CS-000166,RB-C-00074-1,RB-FA-000164,2025-09-06T15:12:04.000Z,2025-09-06T09:42:01.000Z,Voice,Product Question,Eligibility,Closed,Medium,true,,15.5,BR-015,E-0126,false
RB-CS-000167,RB-C-00074-1,RB-FA-000164,2025-04-12T07:48:50.000Z,2025-04-12T19:59:10.000Z,Branch,Account Access,Password Reset,Closed,Medium,true,4,9.6,BR-015,E-0064,true
RB-CS-000168,RB-C-00076-1,RB-FA-000167,2026-04-28T15:48:40.000Z,,Mobile App,Account Access,Password Reset,Escalated,Medium,true,,10.2,BR-007,E-0139,false
RB-CS-000169,RB-C-00077-1,RB-FA-000170,2026-08-20T14:58:38.000Z,2026-08-20T12:53:49.000Z,Chat,Product Question,Rates,Closed,Medium,true,4,6.3,BR-029,E-0102,false
RB-CS-000170,RB-C-00077-1,RB-FA-000171,2025-06-19T08:25:11.000Z,2025-07-04T08:31:03.000Z,Email,Payments,Wire Status,Closed,Low,false,,22.8,BR-029,E-0116,false
RB-CS-000171,RB-C-00078-1,RB-FA-000173,2025-11-04T09:25:05.000Z,2025-11-14T19:52:27.000Z,Branch,Fee Inquiry,Monthly Maintenance,Closed,Medium,false,,25.6,BR-024,E-0097,true
RB-CS-000172,RB-C-00079-1,RB-FA-000174,2025-07-05T13:44:09.000Z,2025-07-05T18:55:33.000Z,Branch,Fee Inquiry,ATM Fee,Closed,Medium,true,,14.9,BR-028,E-0092,true
RB-CS-000173,RB-C-00079-1,RB-FA-000174,2024-12-30T14:57:58.000Z,2024-12-30T13:37:08.000Z,Mobile App,Account Access,Locked Account,Closed,Low,true,,7.6,BR-028,E-0097,true
RB-CS-000174,RB-C-00079-1,RB-FA-000174,2025-04-06T08:27:30.000Z,2025-04-06T13:31:35.000Z,Chat,Fee Inquiry,Overdraft Fee,Closed,Low,true,,10.5,BR-028,E-0089,false
RB-CS-000175,RB-C-00079-1,RB-FA-000174,2025-02-06T18:41:16.000Z,2025-02-06T12:10:07.000Z,Chat,Account Access,Locked Account,Closed,Low,true,,17.3,BR-028,E-0114,false
RB-CS-000176,RB-C-00079-1,RB-FA-000175,2025-11-05T18:39:09.000Z,2025-11-05T14:58:25.000Z,Voice,Account Access,MFA,Closed,Low,true,5,20.5,BR-028,E-0131,false
RB-CS-000177,RB-C-00079-1,RB-FA-000177,2026-07-24T16:02:35.000Z,2026-07-24T15:25:30.000Z,Chat,Fee Inquiry,Overdraft Fee,Closed,Low,true,4,6.7,BR-028,E-0100,false
RB-CS-000178,RB-C-00079-1,RB-FA-000177,2025-07-20T12:41:56.000Z,2025-07-20T17:39:51.000Z,Branch,Card Dispute,Merchant Refund,Closed,Low,true,,6.7,BR-028,E-0061,false
RB-CS-000179,RB-C-00080-1,RB-FA-000178,2026-05-16T13:20:07.000Z,,Branch,Card Dispute,Merchant Refund,Escalated,Medium,true,5,17.2,BR-021,E-0133,true
RB-CS-000180,RB-C-00082-1,RB-FA-000184,2024-11-19T15:42:02.000Z,2024-11-27T16:50:47.000Z,Voice,Card Dispute,Unrecognized Charge,Closed,Low,false,2,21.4,BR-018,E-0099,true
RB-CS-000181,RB-C-00084-1,RB-FA-000188,2024-09-21T08:57:19.000Z,2024-09-21T07:45:03.000Z,Voice,Fraud,Account Takeover,Closed,Low,true,1,12.4,BR-015,E-0064,false
RB-CS-000182,RB-C-00084-1,RB-FA-000190,2025-03-07T10:10:28.000Z,2025-03-07T12:09:38.000Z,Email,Payments,Bill Pay,Closed,Low,true,,24.7,BR-015,E-0107,true
RB-CS-000183,RB-C-00085-1,RB-FA-000191,2024-10-25T11:36:09.000Z,2024-10-25T10:06:41.000Z,Voice,Account Access,MFA,Closed,Medium,true,,12.1,BR-003,E-0125,false
RB-CS-000184,RB-C-00085-1,RB-FA-000191,2025-03-17T11:17:14.000Z,2025-03-17T11:35:52.000Z,Chat,Account Access,MFA,Closed,Low,true,1,10.6,BR-003,E-0099,false
RB-CS-000185,RB-C-00085-1,RB-FA-000191,2025-10-12T14:03:56.000Z,2025-10-27T14:32:41.000Z,Chat,Account Access,Password Reset,Closed,Low,false,,20.2,BR-003,E-0061,true
RB-CS-000186,RB-C-00085-1,RB-FA-000192,2025-01-08T10:24:26.000Z,2025-01-08T19:03:15.000Z,Email,Fee Inquiry,ATM Fee,Closed,Low,true,,58.6,BR-003,E-0129,false
RB-CS-000187,RB-C-00085-1,RB-FA-000194,2024-09-16T16:19:45.000Z,2024-09-16T08:29:24.000Z,Voice,Card Dispute,Unrecognized Charge,Closed,Low,true,,11.0,BR-003,E-0111,true
RB-CS-000188,RB-C-00086-1,RB-FA-000195,2025-01-01T18:23:11.000Z,2025-01-01T11:24:38.000Z,Voice,Card Dispute,Merchant Refund,Closed,Low,true,3,10.3,BR-007,E-0118,false
RB-CS-000189,RB-C-00086-1,RB-FA-000196,2026-08-08T09:28:32.000Z,2026-08-08T09:30:02.000Z,Mobile App,Card Dispute,Merchant Refund,Closed,Medium,true,,7.3,BR-007,E-0068,false
RB-CS-000190,RB-C-00087-1,RB-FA-000197,2025-07-03T12:01:37.000Z,2025-07-03T12:39:19.000Z,Mobile App,Fraud,Account Takeover,Closed,Low,true,,10.1,BR-030,E-0067,false
RB-CS-000191,RB-C-00088-1,RB-FA-000198,2025-05-07T16:42:01.000Z,2025-05-07T14:03:11.000Z,Mobile App,Payments,Wire Status,Closed,High,true,,10.5,BR-028,E-0098,true
RB-CS-000192,RB-C-00088-1,RB-FA-000199,2025-09-23T15:31:32.000Z,2025-09-23T15:14:10.000Z,Voice,Fee Inquiry,ATM Fee,Closed,Low,true,4,41.8,BR-028,E-0116,false
RB-CS-000193,RB-C-00089-1,RB-FA-000200,2025-05-17T14:21:06.000Z,2025-06-05T17:22:28.000Z,Mobile App,Payments,Failed Transfer,Closed,Medium,false,5,10.0,BR-009,E-0093,true
RB-CS-000194,RB-C-00089-1,RB-FA-000201,2024-09-23T16:03:25.000Z,2024-09-28T12:46:07.000Z,Voice,Card Dispute,Merchant Refund,Closed,Medium,false,4,5.7,BR-009,E-0125,false
RB-CS-000195,RB-C-00091-1,RB-FA-000206,2025-09-11T08:00:15.000Z,2025-09-24T17:01:01.000Z,Voice,Card Dispute,Duplicate Charge,Closed,Low,false,1,19.2,BR-009,E-0124,false
RB-CS-000196,RB-C-00091-1,RB-FA-000206,2025-02-13T14:29:27.000Z,2025-02-13T13:18:03.000Z,Branch,Fee Inquiry,Monthly Maintenance,Closed,Low,true,5,14.2,BR-009,E-0097,false
RB-CS-000197,RB-C-00091-1,RB-FA-000206,2025-04-15T09:53:56.000Z,,Chat,Account Access,MFA,Open,Low,false,,12.2,BR-009,E-0134,true
RB-CS-000198,RB-C-00092-1,RB-FA-000208,2024-10-29T09:41:00.000Z,2024-10-29T09:51:02.000Z,Voice,Account Access,Password Reset,Closed,Medium,true,4,20.5,BR-011,E-0082,true
RB-CS-000199,RB-C-00092-1,RB-FA-000208,2024-10-05T08:29:16.000Z,2024-10-05T19:41:16.000Z,Chat,Card Dispute,Merchant Refund,Closed,High,true,,14.7,BR-011,E-0095,false
RB-CS-000200,RB-C-00092-1,RB-FA-000209,2025-07-18T10:36:25.000Z,2025-08-05T08:31:24.000Z,Mobile App,Account Access,MFA,Closed,Medium,false,1,23.7,BR-011,E-0120,false
RB-CS-000201,RB-C-00094-1,RB-FA-000214,2025-09-02T08:26:44.000Z,2025-09-02T16:40:23.000Z,Voice,Fee Inquiry,ATM Fee,Closed,Medium,true,3,9.9,BR-002,E-0096,false
RB-CS-000202,RB-C-00094-1,RB-FA-000214,2026-01-29T15:58:14.000Z,2026-01-29T17:59:28.000Z,Voice,Fee Inquiry,ATM Fee,Closed,Medium,true,,10.8,BR-002,E-0119,true
RB-CS-000203,RB-C-00094-1,RB-FA-000214,2026-02-19T16:17:57.000Z,2026-02-19T08:45:06.000Z,Chat,Account Access,Password Reset,Closed,Low,true,,11.1,BR-002,E-0121,false
RB-CS-000204,RB-C-00094-1,RB-FA-000214,2025-01-04T19:46:14.000Z,2025-01-04T10:34:17.000Z,Voice,Account Access,Locked Account,Closed,Low,true,,8.5,BR-002,E-0097,true
RB-CS-000205,RB-C-00095-1,RB-FA-000216,2025-09-08T10:25:47.000Z,2025-09-08T17:26:14.000Z,Chat,Card Dispute,Duplicate Charge,Closed,Low,true,,8.6,BR-013,E-0088,true
RB-CS-000206,RB-C-00096-1,RB-FA-000217,2026-05-30T09:30:13.000Z,2026-05-30T10:50:00.000Z,Chat,Fee Inquiry,ATM Fee,Closed,Medium,true,,22.9,BR-029,E-0136,true
RB-CS-000207,RB-C-00097-1,RB-FA-000219,2026-05-14T15:29:56.000Z,2026-05-26T09:49:24.000Z,Chat,Fee Inquiry,Monthly Maintenance,Closed,Medium,false,,16.2,BR-006,E-0139,false
RB-CS-000208,RB-C-00097-1,RB-FA-000219,2025-08-22T18:01:21.000Z,2025-08-22T09:57:08.000Z,Email,Payments,Wire Status,Closed,Low,true,4,31.3,BR-006,E-0127,false
RB-CS-000209,RB-C-00097-1,RB-FA-000219,2026-08-20T12:32:13.000Z,2026-08-20T08:08:07.000Z,Voice,Fee Inquiry,ATM Fee,Closed,Medium,true,3,17.5,BR-006,E-0066,false
RB-CS-000210,RB-C-00097-1,RB-FA-000221,2026-04-09T08:18:15.000Z,2026-04-09T08:17:46.000Z,Chat,Fee Inquiry,Monthly Maintenance,Closed,Medium,true,4,15.0,BR-006,E-0073,false
RB-CS-000211,RB-C-00098-1,RB-FA-000222,2025-10-15T12:29:55.000Z,2025-10-15T07:55:26.000Z,Mobile App,Product Question,Eligibility,Closed,Medium,true,1,13.8,BR-007,E-0115,false
RB-CS-000212,RB-C-00098-1,RB-FA-000223,2025-01-01T17:24:21.000Z,,Email,Product Question,Rates,Escalated,Medium,true,1,25.1,BR-007,E-0127,false
RB-CS-000213,RB-C-00098-1,RB-FA-000224,2025-07-24T19:18:25.000Z,2025-07-24T08:16:07.000Z,Chat,Fee Inquiry,Overdraft Fee,Closed,Low,true,,8.5,BR-007,E-0064,true
RB-CS-000214,RB-C-00098-1,RB-FA-000224,2025-07-01T19:43:28.000Z,2025-07-22T13:47:56.000Z,Chat,Product Question,Rates,Closed,Medium,false,,10.6,BR-007,E-0103,true
RB-CS-000215,RB-C-00098-1,RB-FA-000224,2025-05-26T15:45:31.000Z,,Voice,Card Dispute,Merchant Refund,Open,Low,true,5,15.5,BR-007,E-0085,false
RB-CS-000216,RB-C-00099-1,RB-FA-000225,2026-05-02T18:27:55.000Z,2026-05-17T16:54:39.000Z,Email,Account Access,Password Reset,Closed,Low,false,5,19.2,BR-007,E-0061,false
RB-CS-000217,RB-C-00101-1,RB-FA-000228,2025-01-31T13:35:23.000Z,2025-01-31T17:13:10.000Z,Mobile App,Account Access,Password Reset,Closed,Medium,true,,18.9,BR-012,E-0080,true
RB-CS-000218,RB-C-00101-1,RB-FA-000229,2026-06-15T13:13:40.000Z,2026-07-03T16:31:44.000Z,Voice,Account Access,Password Reset,Closed,Medium,false,2,9.4,BR-012,E-0115,true
RB-CS-000219,RB-C-00102-1,RB-FA-000230,2026-05-07T17:48:16.000Z,2026-05-14T15:34:11.000Z,Mobile App,Card Dispute,Merchant Refund,Closed,High,false,,9.8,BR-028,E-0077,false
RB-CS-000220,RB-C-00104-1,RB-FA-000235,2024-10-05T07:53:59.000Z,2024-10-23T10:27:46.000Z,Branch,Card Dispute,Merchant Refund,Closed,Low,false,,5.6,BR-023,E-0086,true
RB-CS-000221,RB-C-00104-1,RB-FA-000238,2026-04-04T18:30:56.000Z,2026-04-13T07:51:07.000Z,Voice,Card Dispute,Duplicate Charge,Closed,Medium,false,2,28.6,BR-023,E-0062,true
RB-CS-000222,RB-C-00104-1,RB-FA-000238,2025-12-08T19:15:52.000Z,2025-12-08T08:45:06.000Z,Voice,Account Access,MFA,Closed,Medium,true,4,12.2,BR-023,E-0074,false
RB-CS-000223,RB-C-00105-1,RB-FA-000239,2025-07-09T18:49:17.000Z,2025-07-09T17:22:08.000Z,Voice,Fee Inquiry,Overdraft Fee,Closed,High,true,5,13.7,BR-004,E-0122,false
RB-CS-000224,RB-C-00105-1,RB-FA-000239,2025-12-07T11:47:17.000Z,2025-12-07T09:56:32.000Z,Mobile App,Fee Inquiry,Monthly Maintenance,Closed,Low,true,3,13.2,BR-004,E-0096,false
RB-CS-000225,RB-C-00105-1,RB-FA-000240,2025-04-15T18:09:51.000Z,2025-04-23T12:59:15.000Z,Chat,Fee Inquiry,Overdraft Fee,Closed,Low,false,1,11.5,BR-004,E-0130,false
RB-CS-000226,RB-C-00106-1,RB-FA-000241,2024-11-17T18:10:54.000Z,2024-11-17T11:49:26.000Z,Voice,Payments,Bill Pay,Closed,Low,true,,8.2,BR-020,E-0093,false
RB-CS-000227,RB-C-00106-1,RB-FA-000241,2025-04-28T14:21:12.000Z,2025-04-28T17:11:02.000Z,Voice,Account Access,MFA,Closed,Medium,true,,3.9,BR-020,E-0093,true
RB-CS-000228,RB-C-00109-1,RB-FA-000246,2024-11-24T15:04:27.000Z,,Chat,Account Access,Locked Account,Escalated,Medium,false,3,7.7,BR-008,E-0063,true
RB-CS-000229,RB-C-00110-1,RB-FA-000249,2025-03-16T09:52:52.000Z,2025-03-16T09:02:20.000Z,Chat,Card Dispute,Unrecognized Charge,Closed,Medium,true,,7.7,BR-008,E-0108,false
RB-CS-000230,RB-C-00111-1,RB-FA-000250,2025-07-21T12:29:26.000Z,2025-07-21T09:11:25.000Z,Chat,Account Access,Locked Account,Closed,Low,true,5,10.5,BR-014,E-0104,false
RB-CS-000231,RB-C-00111-1,RB-FA-000250,2024-11-06T12:38:28.000Z,2024-11-15T07:28:11.000Z,Chat,Account Access,Locked Account,Closed,Low,false,1,17.0,BR-014,E-0129,false
RB-CS-000232,RB-C-00111-1,RB-FA-000250,2025-03-10T10:47:16.000Z,2025-03-18T11:33:49.000Z,Voice,Fraud,Card Compromised,Closed,Low,false,3,16.7,BR-014,E-0131,false
RB-CS-000233,RB-C-00111-1,RB-FA-000251,2025-02-09T08:25:49.000Z,2025-02-09T11:47:36.000Z,Mobile App,Fraud,Card Compromised,Closed,Low,true,5,13.0,BR-014,E-0100,false
RB-CS-000234,RB-C-00111-1,RB-FA-000252,2025-09-27T12:33:01.000Z,2025-10-08T07:22:22.000Z,Chat,Card Dispute,Merchant Refund,Closed,Medium,false,,26.3,BR-014,E-0136,false
RB-CS-000235,RB-C-00112-1,RB-FA-000254,2025-04-03T17:32:46.000Z,2025-04-03T12:59:04.000Z,Voice,Card Dispute,Duplicate Charge,Closed,Medium,true,,10.7,BR-030,E-0125,true
RB-CS-000236,RB-C-00115-1,RB-FA-000258,2024-09-20T09:35:42.000Z,2024-09-20T16:58:39.000Z,Email,Product Question,Eligibility,Closed,Medium,true,,65.2,BR-024,E-0065,true
RB-CS-000237,RB-C-00115-1,RB-FA-000258,2025-05-28T08:05:08.000Z,,Branch,Payments,Failed Transfer,Escalated,Medium,true,,8.9,BR-024,E-0106,true
RB-CS-000238,RB-C-00115-1,RB-FA-000258,2024-11-01T10:34:21.000Z,2024-11-01T09:46:03.000Z,Email,Fee Inquiry,ATM Fee,Closed,Low,true,,19.2,BR-024,E-0061,false
RB-CS-000239,RB-C-00115-1,RB-FA-000258,2025-06-22T12:50:16.000Z,2025-07-01T13:56:24.000Z,Email,Fee Inquiry,Monthly Maintenance,Closed,Medium,false,1,7.7,BR-024,E-0087,true
RB-CS-000240,RB-C-00115-1,RB-FA-000260,2024-11-28T07:10:01.000Z,2024-11-28T16:30:50.000Z,Mobile App,Card Dispute,Merchant Refund,Closed,Low,true,3,38.6,BR-024,E-0099,false
RB-CS-000241,RB-C-00116-1,RB-FA-000262,2025-12-20T18:47:58.000Z,,Email,Card Dispute,Merchant Refund,Escalated,Medium,true,4,16.7,BR-005,E-0062,false
RB-CS-000242,RB-C-00118-1,RB-FA-000267,2025-04-23T13:52:29.000Z,2025-04-23T14:14:29.000Z,Mobile App,Fee Inquiry,Monthly Maintenance,Closed,Low,true,5,5.0,BR-028,E-0112,false
RB-CS-000243,RB-C-00118-1,RB-FA-000268,2025-05-22T14:51:39.000Z,2025-05-22T19:56:26.000Z,Mobile App,Product Question,Rates,Closed,Low,true,5,4.2,BR-028,E-0126,false
RB-CS-000244,RB-C-00119-1,RB-FA-000269,2025-07-22T08:53:42.000Z,2025-07-22T07:08:36.000Z,Voice,Fee Inquiry,Monthly Maintenance,Closed,Low,true,,31.3,BR-006,E-0067,true
RB-CS-000245,RB-C-00120-1,RB-FA-000275,2025-03-26T14:42:37.000Z,,Email,Card Dispute,Merchant Refund,In Progress,Low,true,4,15.3,BR-026,E-0075,true
RB-CS-000246,RB-C-00120-1,RB-FA-000275,2026-05-03T18:23:47.000Z,2026-05-03T19:32:21.000Z,Chat,Fee Inquiry,Monthly Maintenance,Closed,High,true,,8.8,BR-026,E-0116,false
RB-CS-000247,RB-C-00120-1,RB-FA-000275,2025-08-29T13:46:40.000Z,2025-09-11T16:36:31.000Z,Branch,Card Dispute,Duplicate Charge,Closed,Low,false,4,14.0,BR-026,E-0124,false
RB-CS-000248,RB-C-00120-1,RB-FA-000275,2024-10-28T11:50:27.000Z,2024-10-28T11:38:23.000Z,Mobile App,Card Dispute,Duplicate Charge,Closed,Medium,true,4,9.7,BR-026,E-0093,true
RB-CS-000249,RB-C-00121-1,RB-FA-000276,2025-11-03T15:40:30.000Z,2025-11-03T09:48:54.000Z,Mobile App,Product Question,Eligibility,Closed,High,true,4,11.5,BR-030,E-0062,false
RB-CS-000250,RB-C-00121-1,RB-FA-000276,2026-07-09T17:39:02.000Z,2026-07-24T10:22:00.000Z,Email,Card Dispute,Duplicate Charge,Closed,Medium,false,,26.0,BR-030,E-0107,true
RB-CS-000251,RB-C-00121-1,RB-FA-000276,2025-10-06T14:21:29.000Z,2025-10-19T09:25:09.000Z,Mobile App,Payments,Bill Pay,Closed,Medium,false,,18.5,BR-030,E-0086,true
RB-CS-000252,RB-C-00122-1,RB-FA-000278,2024-11-15T19:04:26.000Z,,Chat,Product Question,Eligibility,Open,Medium,true,,14.2,BR-012,E-0094,true
RB-CS-000253,RB-C-00124-1,RB-FA-000283,2025-04-24T10:42:03.000Z,2025-04-24T14:23:14.000Z,Voice,Fraud,Account Takeover,Closed,Low,true,3,15.3,BR-005,E-0124,false
RB-CS-000254,RB-C-00124-1,RB-FA-000283,2025-06-24T16:15:30.000Z,2025-07-04T09:18:00.000Z,Chat,Fee Inquiry,Overdraft Fee,Closed,Medium,false,4,11.4,BR-005,E-0127,false
RB-CS-000255,RB-C-00124-1,RB-FA-000283,2025-08-05T16:02:50.000Z,2025-08-05T10:43:31.000Z,Branch,Fee Inquiry,ATM Fee,Closed,High,true,5,11.1,BR-005,E-0069,false
RB-CS-000256,RB-C-00124-1,RB-FA-000283,2025-04-07T08:49:35.000Z,2025-04-07T18:50:38.000Z,Voice,Fraud,Card Compromised,Closed,Medium,true,,14.2,BR-005,E-0082,false
RB-CS-000257,RB-C-00126-1,RB-FA-000286,2026-02-14T08:51:19.000Z,2026-02-14T09:53:53.000Z,Voice,Payments,Wire Status,Closed,Medium,true,3,9.0,BR-014,E-0134,false
RB-CS-000258,RB-C-00126-1,RB-FA-000286,2025-08-16T12:14:12.000Z,2025-08-16T11:45:38.000Z,Email,Payments,Bill Pay,Closed,Low,true,,17.5,BR-014,E-0090,false
RB-CS-000259,RB-C-00126-1,RB-FA-000286,2026-07-29T17:06:31.000Z,2026-07-29T19:21:29.000Z,Mobile App,Payments,Wire Status,Closed,Medium,true,,9.1,BR-014,E-0123,false
RB-CS-000260,RB-C-00127-1,RB-FA-000289,2025-04-26T08:56:04.000Z,2025-04-26T14:31:39.000Z,Voice,Card Dispute,Unrecognized Charge,Closed,Low,true,5,8.2,BR-013,E-0099,false
RB-CS-000261,RB-C-00127-1,RB-FA-000290,2025-09-10T11:43:45.000Z,2025-09-14T16:51:12.000Z,Mobile App,Card Dispute,Merchant Refund,Closed,Low,false,1,10.9,BR-013,E-0104,false
RB-CS-000262,RB-C-00127-1,RB-FA-000290,2026-07-10T09:05:54.000Z,2026-07-26T16:00:13.000Z,Chat,Fraud,Account Takeover,Closed,Medium,false,,27.0,BR-013,E-0068,false
RB-CS-000263,RB-C-00127-1,RB-FA-000290,2025-03-08T09:35:35.000Z,2025-03-24T09:16:37.000Z,Chat,Card Dispute,Merchant Refund,Closed,High,false,4,6.4,BR-013,E-0108,true
RB-CS-000264,RB-C-00128-1,RB-FA-000291,2024-12-26T18:24:51.000Z,2024-12-26T09:51:12.000Z,Voice,Product Question,Eligibility,Closed,Low,true,,15.3,BR-007,E-0072,false
RB-CS-000265,RB-C-00131-1,RB-FA-000296,2025-04-22T19:55:59.000Z,2025-04-22T14:41:16.000Z,Email,Card Dispute,Duplicate Charge,Closed,Low,true,5,23.6,BR-010,E-0125,false
RB-CS-000266,RB-C-00131-1,RB-FA-000296,2026-04-25T16:38:55.000Z,2026-04-25T09:56:06.000Z,Mobile App,Card Dispute,Duplicate Charge,Closed,Medium,true,4,4.6,BR-010,E-0119,false
RB-CS-000267,RB-C-00131-1,RB-FA-000296,2026-07-29T19:57:59.000Z,2026-07-29T14:04:28.000Z,Voice,Account Access,Locked Account,Closed,High,true,3,18.5,BR-010,E-0085,false
RB-CS-000268,RB-C-00131-1,RB-FA-000297,2025-05-16T15:00:51.000Z,2025-05-16T14:50:35.000Z,Voice,Fee Inquiry,ATM Fee,Closed,Low,true,,8.8,BR-010,E-0063,false
RB-CS-000269,RB-C-00132-1,RB-FA-000298,2025-01-03T09:26:09.000Z,2025-01-03T07:07:56.000Z,Chat,Account Access,MFA,Closed,Low,true,,6.9,BR-012,E-0071,false
RB-CS-000270,RB-C-00132-1,RB-FA-000298,2025-02-25T17:22:19.000Z,2025-03-16T14:20:08.000Z,Email,Card Dispute,Unrecognized Charge,Closed,High,false,3,33.0,BR-012,E-0073,false
RB-CS-000271,RB-C-00135-1,RB-FA-000305,2026-08-26T15:41:55.000Z,2026-08-26T10:12:35.000Z,Mobile App,Fraud,Account Takeover,Closed,Low,true,,17.7,BR-010,E-0067,false
RB-CS-000272,RB-C-00135-1,RB-FA-000305,2025-01-01T13:39:56.000Z,,Mobile App,Account Access,Password Reset,In Progress,Medium,true,,14.5,BR-010,E-0101,false
RB-CS-000273,RB-C-00135-1,RB-FA-000305,2026-01-10T17:54:10.000Z,2026-01-10T09:12:09.000Z,Email,Fee Inquiry,Monthly Maintenance,Closed,Low,true,3,55.6,BR-010,E-0139,true
RB-CS-000274,RB-C-00136-1,RB-FA-000306,2025-09-19T09:22:14.000Z,2025-09-19T15:00:57.000Z,Chat,Fraud,Account Takeover,Closed,Medium,true,3,9.7,BR-025,E-0077,false
RB-CS-000275,RB-C-00136-1,RB-FA-000307,2026-02-01T11:21:41.000Z,,Mobile App,Account Access,Password Reset,Escalated,Low,false,,20.4,BR-025,E-0077,true
RB-CS-000276,RB-C-00137-1,RB-FA-000309,2024-12-30T12:57:33.000Z,2024-12-30T18:40:49.000Z,Chat,Card Dispute,Unrecognized Charge,Closed,Medium,true,,11.2,BR-027,E-0076,false
RB-CS-000277,RB-C-00138-1,RB-FA-000311,2026-04-11T13:52:51.000Z,2026-04-11T17:32:53.000Z,Mobile App,Account Access,Password Reset,Closed,Low,true,,5.7,BR-021,E-0104,true
RB-CS-000278,RB-C-00138-1,RB-FA-000312,2024-09-27T13:46:37.000Z,2024-09-27T14:17:36.000Z,Mobile App,Fee Inquiry,ATM Fee,Closed,Medium,true,,22.6,BR-021,E-0088,false
RB-CS-000279,RB-C-00138-1,RB-FA-000312,2026-07-24T11:27:56.000Z,2026-08-01T18:56:17.000Z,Voice,Fee Inquiry,Monthly Maintenance,Closed,Low,false,,31.7,BR-021,E-0101,false
RB-CS-000280,RB-C-00138-1,RB-FA-000312,2025-05-17T19:42:45.000Z,2025-05-27T08:07:06.000Z,Branch,Product Question,Rates,Closed,Low,false,3,10.8,BR-021,E-0127,true
RB-CS-000281,RB-C-00139-1,RB-FA-000314,2024-10-19T10:03:25.000Z,2024-11-02T17:24:58.000Z,Voice,Card Dispute,Duplicate Charge,Closed,Medium,false,2,5.2,BR-014,E-0105,true
RB-CS-000282,RB-C-00140-1,RB-FA-000316,2026-07-02T17:39:51.000Z,2026-07-02T15:22:24.000Z,Email,Account Access,Password Reset,Closed,Low,true,5,22.0,BR-017,E-0106,true
RB-CS-000283,RB-C-00140-1,RB-FA-000316,2026-04-14T11:11:43.000Z,2026-04-23T14:41:53.000Z,Voice,Card Dispute,Merchant Refund,Closed,Low,false,,6.9,BR-017,E-0095,false
RB-CS-000284,RB-C-00140-1,RB-FA-000316,2025-01-02T13:04:37.000Z,2025-01-02T17:03:00.000Z,Voice,Card Dispute,Merchant Refund,Closed,Medium,true,,7.2,BR-017,E-0119,false
RB-CS-000285,RB-C-00141-1,RB-FA-000319,2026-07-04T15:10:59.000Z,2026-07-04T16:03:33.000Z,Branch,Fee Inquiry,ATM Fee,Closed,Medium,true,,12.3,BR-008,E-0114,true
RB-CS-000286,RB-C-00141-1,RB-FA-000320,2026-07-06T15:41:44.000Z,2026-07-08T09:30:16.000Z,Chat,Payments,Wire Status,Closed,Low,false,5,22.4,BR-008,E-0109,true
RB-CS-000287,RB-C-00143-1,RB-FA-000323,2025-02-10T17:21:25.000Z,2025-02-10T08:01:06.000Z,Mobile App,Payments,Bill Pay,Closed,Low,true,4,9.2,BR-022,E-0064,true
RB-CS-000288,RB-C-00143-1,RB-FA-000324,2026-06-30T15:18:07.000Z,,Email,Card Dispute,Duplicate Charge,Escalated,Medium,false,2,21.6,BR-022,E-0109,false
RB-CS-000289,RB-C-00143-1,RB-FA-000324,2025-12-23T17:39:47.000Z,2025-12-27T17:40:40.000Z,Mobile App,Product Question,Rates,Closed,Low,false,5,7.9,BR-022,E-0126,false
RB-CS-000290,RB-C-00143-1,RB-FA-000325,2025-09-09T18:24:35.000Z,2025-09-14T13:40:05.000Z,Email,Card Dispute,Merchant Refund,Closed,Low,false,2,41.1,BR-022,E-0109,false
RB-CS-000291,RB-C-00143-1,RB-FA-000326,2026-07-14T09:39:51.000Z,2026-07-14T12:16:33.000Z,Chat,Card Dispute,Unrecognized Charge,Closed,High,true,4,5.6,BR-022,E-0100,false
RB-CS-000292,RB-C-00143-1,RB-FA-000326,2025-05-02T08:24:03.000Z,2025-05-07T12:12:17.000Z,Mobile App,Product Question,Rates,Closed,Low,false,4,10.6,BR-022,E-0114,true
RB-CS-000293,RB-C-00144-1,RB-FA-000327,2026-03-30T13:18:11.000Z,2026-03-30T09:55:51.000Z,Chat,Card Dispute,Unrecognized Charge,Closed,Medium,true,,10.9,BR-025,E-0135,false
RB-CS-000294,RB-C-00144-1,RB-FA-000328,2026-07-12T15:57:29.000Z,2026-07-31T17:52:10.000Z,Chat,Payments,Wire Status,Closed,Medium,false,5,5.2,BR-025,E-0093,true
RB-CS-000295,RB-C-00144-1,RB-FA-000328,2025-06-20T10:34:03.000Z,2025-07-08T15:11:32.000Z,Mobile App,Card Dispute,Merchant Refund,Closed,Low,false,3,9.5,BR-025,E-0129,true
RB-CS-000296,RB-C-00144-1,RB-FA-000329,2026-02-01T08:51:44.000Z,2026-02-01T15:16:53.000Z,Voice,Payments,Wire Status,Closed,Low,true,5,10.8,BR-025,E-0112,true
RB-CS-000297,RB-C-00144-1,RB-FA-000329,2024-09-17T18:50:22.000Z,2024-09-17T19:54:55.000Z,Chat,Payments,Failed Transfer,Closed,Low,true,5,5.0,BR-025,E-0113,false
RB-CS-000298,RB-C-00144-1,RB-FA-000330,2025-12-13T13:34:39.000Z,2025-12-23T10:02:02.000Z,Email,Fraud,Account Takeover,Closed,Low,false,,5.0,BR-025,E-0087,true
RB-CS-000299,RB-C-00145-1,RB-FA-000331,2025-11-02T14:35:09.000Z,2025-11-06T18:09:24.000Z,Chat,Payments,Bill Pay,Closed,Low,false,,5.2,BR-022,E-0096,false
RB-CS-000300,RB-C-00145-1,RB-FA-000331,2026-08-24T11:39:10.000Z,2026-08-24T08:34:50.000Z,Voice,Card Dispute,Merchant Refund,Closed,Low,true,,9.3,BR-022,E-0077,false
RB-CS-000301,RB-C-00145-1,RB-FA-000332,2025-06-01T10:04:31.000Z,2025-06-01T07:33:50.000Z,Chat,Account Access,Locked Account,Closed,Low,true,4,15.7,BR-022,E-0110,false
RB-CS-000302,RB-C-00146-1,RB-FA-000333,2025-09-12T08:15:34.000Z,2025-09-12T19:59:33.000Z,Mobile App,Fee Inquiry,ATM Fee,Closed,Medium,true,3,6.2,BR-020,E-0106,true
RB-CS-000303,RB-C-00146-1,RB-FA-000334,2025-11-26T19:43:07.000Z,2025-11-26T19:07:59.000Z,Voice,Account Access,MFA,Closed,Medium,true,3,13.2,BR-020,E-0065,false
RB-CS-000304,RB-C-00148-1,RB-FA-000336,2025-01-13T08:50:00.000Z,2025-01-25T11:51:33.000Z,Chat,Card Dispute,Unrecognized Charge,Closed,Medium,false,2,5.2,BR-021,E-0082,true
RB-CS-000305,RB-C-00150-1,RB-FA-000341,2026-08-29T19:07:54.000Z,,Voice,Account Access,Locked Account,In Progress,Medium,true,,7.1,BR-009,E-0093,false
RB-CS-000306,RB-C-00150-1,RB-FA-000341,2025-05-23T08:37:28.000Z,2025-05-23T08:30:10.000Z,Voice,Card Dispute,Unrecognized Charge,Closed,Low,true,,14.1,BR-009,E-0128,false
RB-CS-000307,RB-C-00150-1,RB-FA-000341,2026-04-05T18:16:55.000Z,2026-04-05T11:52:55.000Z,Chat,Fee Inquiry,Overdraft Fee,Closed,Low,true,,12.4,BR-009,E-0137,false
RB-CS-000308,RB-C-00150-1,RB-FA-000341,2026-03-04T15:59:12.000Z,2026-03-08T16:21:59.000Z,Chat,Product Question,Rates,Closed,Low,false,5,9.1,BR-009,E-0114,true
RB-CS-000309,RB-C-00151-1,RB-FA-000343,2026-08-22T13:15:08.000Z,,Voice,Payments,Failed Transfer,Escalated,Low,true,,8.5,BR-019,E-0069,false
RB-CS-000310,RB-C-00151-1,RB-FA-000346,2025-08-16T09:07:25.000Z,2025-08-31T09:10:42.000Z,Email,Product Question,Eligibility,Closed,Low,false,,36.1,BR-019,E-0091,true
RB-CS-000311,RB-C-00151-1,RB-FA-000346,2024-09-26T13:10:36.000Z,2024-09-26T14:09:00.000Z,Chat,Product Question,Rates,Closed,Medium,true,5,10.5,BR-019,E-0105,false
RB-CS-000312,RB-C-00151-1,RB-FA-000346,2025-07-21T14:18:47.000Z,2025-08-04T08:42:55.000Z,Voice,Fraud,Account Takeover,Closed,Medium,false,,13.8,BR-019,E-0081,false
RB-CS-000313,RB-C-00151-1,RB-FA-000346,2025-08-09T15:28:10.000Z,2025-08-09T11:24:16.000Z,Voice,Payments,Failed Transfer,Closed,Medium,true,,6.9,BR-019,E-0093,true
RB-CS-000314,RB-C-00152-1,RB-FA-000347,2025-10-26T13:44:34.000Z,2025-10-26T17:50:08.000Z,Voice,Fee Inquiry,Monthly Maintenance,Closed,Low,true,5,12.3,BR-012,E-0121,false
RB-CS-000315,RB-C-00153-1,RB-FA-000351,2026-04-12T09:44:50.000Z,2026-04-18T19:16:10.000Z,Email,Card Dispute,Merchant Refund,Closed,Medium,false,,14.5,BR-017,E-0076,false
RB-CS-000316,RB-C-00154-1,RB-FA-000354,2025-07-29T09:32:03.000Z,2025-08-06T13:56:04.000Z,Chat,Card Dispute,Unrecognized Charge,Closed,Low,false,,8.8,BR-007,E-0075,true
RB-CS-000317,RB-C-00154-1,RB-FA-000354,2025-08-28T13:02:24.000Z,,Mobile App,Payments,Failed Transfer,Escalated,High,true,5,10.8,BR-007,E-0110,false
RB-CS-000318,RB-C-00154-1,RB-FA-000354,2025-11-04T10:17:05.000Z,2025-11-04T13:36:05.000Z,Chat,Fraud,Account Takeover,Closed,High,true,,10.0,BR-007,E-0062,false
RB-CS-000319,RB-C-00154-1,RB-FA-000354,2025-09-25T19:26:15.000Z,2025-10-14T17:42:49.000Z,Chat,Card Dispute,Merchant Refund,Closed,Low,false,4,16.5,BR-007,E-0122,true
RB-CS-000320,RB-C-00155-1,RB-FA-000356,2026-06-26T17:03:50.000Z,2026-06-26T09:30:57.000Z,Voice,Fee Inquiry,ATM Fee,Closed,Medium,true,5,14.2,BR-016,E-0104,true
RB-CS-000321,RB-C-00159-1,RB-FA-000363,2025-04-30T12:33:53.000Z,2025-05-09T10:01:56.000Z,Chat,Fee Inquiry,Monthly Maintenance,Closed,Low,false,,25.9,BR-006,E-0131,false
RB-CS-000322,RB-C-00160-1,RB-FA-000367,2025-09-26T14:42:14.000Z,2025-09-26T12:44:32.000Z,Chat,Account Access,MFA,Closed,Medium,true,3,23.4,BR-030,E-0079,false
RB-CS-000323,RB-C-00164-1,RB-FA-000374,2024-11-29T10:18:59.000Z,2024-11-29T09:52:45.000Z,Mobile App,Card Dispute,Unrecognized Charge,Closed,High,true,3,7.1,BR-028,E-0110,false
RB-CS-000324,RB-C-00165-1,RB-FA-000376,2024-11-25T16:15:06.000Z,2024-11-25T18:01:59.000Z,Mobile App,Fraud,Account Takeover,Closed,Low,true,,7.0,BR-025,E-0072,true
RB-CS-000325,RB-C-00165-1,RB-FA-000376,2024-10-25T17:13:30.000Z,2024-10-31T11:56:55.000Z,Voice,Account Access,Password Reset,Closed,Medium,false,,10.0,BR-025,E-0119,false
RB-CS-000326,RB-C-00165-1,RB-FA-000377,2025-07-07T15:10:56.000Z,2025-07-07T10:20:16.000Z,Chat,Fee Inquiry,ATM Fee,Closed,Medium,true,,8.8,BR-025,E-0115,false
RB-CS-000327,RB-C-00166-1,RB-FA-000378,2026-06-16T13:46:44.000Z,2026-06-16T10:21:34.000Z,Chat,Fee Inquiry,ATM Fee,Closed,Low,true,,17.0,BR-016,E-0106,false
RB-CS-000328,RB-C-00166-1,RB-FA-000378,2025-08-15T10:17:25.000Z,2025-08-15T11:07:00.000Z,Chat,Product Question,Rates,Closed,Low,true,,11.0,BR-016,E-0070,true
RB-CS-000329,RB-C-00166-1,RB-FA-000378,2026-02-26T11:04:36.000Z,2026-03-01T08:06:28.000Z,Mobile App,Card Dispute,Duplicate Charge,Closed,Low,false,,27.2,BR-016,E-0084,false
RB-CS-000330,RB-C-00166-1,RB-FA-000378,2026-04-23T10:57:48.000Z,2026-04-23T15:57:16.000Z,Voice,Account Access,Locked Account,Closed,Medium,true,5,12.9,BR-016,E-0123,false
RB-CS-000331,RB-C-00166-1,RB-FA-000379,2025-09-24T17:47:32.000Z,2025-09-24T07:50:45.000Z,Email,Payments,Bill Pay,Closed,High,true,5,29.5,BR-016,E-0134,false
RB-CS-000332,RB-C-00166-1,RB-FA-000379,2026-07-09T11:17:14.000Z,2026-07-30T07:04:39.000Z,Email,Payments,Bill Pay,Closed,High,false,,39.6,BR-016,E-0083,false
RB-CS-000333,RB-C-00166-1,RB-FA-000379,2026-06-18T10:35:22.000Z,2026-06-18T12:36:39.000Z,Voice,Account Access,Locked Account,Closed,Low,true,3,12.8,BR-016,E-0091,true
RB-CS-000334,RB-C-00166-1,RB-FA-000379,2024-09-08T15:07:43.000Z,,Email,Account Access,MFA,Escalated,Low,true,,18.2,BR-016,E-0070,true
RB-CS-000335,RB-C-00168-1,RB-FA-000384,2026-01-25T07:25:05.000Z,2026-01-25T16:56:39.000Z,Voice,Account Access,Locked Account,Closed,Medium,true,3,17.6,BR-027,E-0093,true
RB-CS-000336,RB-C-00168-1,RB-FA-000384,2025-08-09T08:59:23.000Z,,Voice,Fraud,Card Compromised,Open,Low,true,5,27.9,BR-027,E-0124,false
RB-CS-000337,RB-C-00168-1,RB-FA-000385,2025-11-09T16:20:56.000Z,2025-11-09T16:11:13.000Z,Voice,Product Question,Eligibility,Closed,High,true,5,17.1,BR-027,E-0107,true
RB-CS-000338,RB-C-00168-1,RB-FA-000386,2025-09-19T16:59:12.000Z,2025-09-19T12:46:21.000Z,Mobile App,Product Question,Eligibility,Closed,Low,true,,6.7,BR-027,E-0080,true
RB-CS-000339,RB-C-00168-1,RB-FA-000386,2026-03-23T16:11:53.000Z,2026-03-23T08:52:32.000Z,Voice,Payments,Failed Transfer,Closed,Medium,true,5,8.9,BR-027,E-0063,true
RB-CS-000340,RB-C-00168-1,RB-FA-000386,2025-12-14T16:30:15.000Z,2025-12-31T11:35:28.000Z,Email,Payments,Failed Transfer,Closed,Medium,false,,17.8,BR-027,E-0065,false
RB-CS-000341,RB-C-00169-1,RB-FA-000387,2025-11-14T08:11:36.000Z,2025-11-28T13:36:59.000Z,Voice,Account Access,Password Reset,Closed,Low,false,,3.2,BR-021,E-0132,false
RB-CS-000342,RB-C-00171-1,RB-FA-000392,2025-03-18T12:39:59.000Z,2025-03-18T10:17:37.000Z,Branch,Product Question,Rates,Closed,Low,true,3,11.3,BR-018,E-0080,true
RB-CS-000343,RB-C-00173-1,RB-FA-000394,2025-08-22T11:43:07.000Z,2025-08-24T11:15:36.000Z,Chat,Card Dispute,Merchant Refund,Closed,Low,false,4,9.9,BR-003,E-0127,false
RB-CS-000344,RB-C-00173-1,RB-FA-000394,2024-10-09T07:08:12.000Z,2024-10-09T11:56:56.000Z,Mobile App,Fraud,Card Compromised,Closed,Medium,true,,5.0,BR-003,E-0080,true
RB-CS-000345,RB-C-00174-1,RB-FA-000396,2025-02-21T11:49:50.000Z,2025-02-21T19:02:11.000Z,Mobile App,Account Access,Password Reset,Closed,Medium,true,,17.0,BR-007,E-0075,false
RB-CS-000346,RB-C-00174-1,RB-FA-000397,2026-03-31T16:32:03.000Z,2026-04-01T09:31:06.000Z,Chat,Payments,Failed Transfer,Closed,Low,false,2,21.2,BR-007,E-0113,true
RB-CS-000347,RB-C-00174-1,RB-FA-000397,2026-02-23T11:18:56.000Z,2026-02-23T13:44:43.000Z,Voice,Card Dispute,Unrecognized Charge,Closed,Low,true,4,12.4,BR-007,E-0133,false
RB-CS-000348,RB-C-00174-1,RB-FA-000398,2024-10-14T17:37:53.000Z,2024-10-14T18:57:03.000Z,Chat,Account Access,Password Reset,Closed,Low,true,,15.5,BR-007,E-0108,true
RB-CS-000349,RB-C-00175-1,RB-FA-000399,2025-09-03T15:33:37.000Z,2025-09-03T07:36:22.000Z,Branch,Card Dispute,Merchant Refund,Closed,Medium,true,,10.3,BR-021,E-0135,true
RB-CS-000350,RB-C-00175-1,RB-FA-000399,2025-12-16T09:54:45.000Z,2025-12-16T16:57:04.000Z,Branch,Card Dispute,Merchant Refund,Closed,Low,true,,11.3,BR-021,E-0118,false
RB-CS-000351,RB-C-00175-1,RB-FA-000399,2025-09-01T16:25:45.000Z,,Chat,Account Access,Password Reset,Escalated,Low,true,4,45.6,BR-021,E-0115,false
RB-CS-000352,RB-C-00175-1,RB-FA-000399,2024-12-06T07:10:50.000Z,2024-12-06T08:38:39.000Z,Voice,Fee Inquiry,Overdraft Fee,Closed,Medium,true,5,27.0,BR-021,E-0137,true
RB-CS-000353,RB-C-00177-1,RB-FA-000401,2025-04-14T14:37:35.000Z,2025-04-18T16:55:09.000Z,Chat,Account Access,Password Reset,Closed,Low,false,1,13.3,BR-018,E-0101,true
RB-CS-000354,RB-C-00177-1,RB-FA-000401,2025-07-26T08:22:39.000Z,2025-07-26T07:13:38.000Z,Branch,Fee Inquiry,ATM Fee,Closed,Low,true,3,14.7,BR-018,E-0066,false
RB-CS-000355,RB-C-00177-1,RB-FA-000401,2026-07-15T13:38:55.000Z,2026-07-15T11:41:17.000Z,Voice,Payments,Bill Pay,Closed,Low,true,,26.7,BR-018,E-0070,false
RB-CS-000356,RB-C-00177-1,RB-FA-000402,2026-01-28T16:40:26.000Z,,Chat,Payments,Failed Transfer,In Progress,High,false,4,18.7,BR-018,E-0104,false
RB-CS-000357,RB-C-00178-1,RB-FA-000404,2025-08-17T17:28:23.000Z,2025-08-17T18:06:10.000Z,Voice,Product Question,Rates,Closed,Low,true,,8.3,BR-030,E-0070,true
RB-CS-000358,RB-C-00178-1,RB-FA-000404,2025-06-18T11:11:20.000Z,,Voice,Fee Inquiry,Monthly Maintenance,In Progress,Low,true,,14.1,BR-030,E-0123,true
RB-CS-000359,RB-C-00178-1,RB-FA-000404,2025-06-08T19:33:11.000Z,2025-06-08T09:36:46.000Z,Mobile App,Product Question,Eligibility,Closed,Medium,true,,18.7,BR-030,E-0071,true
RB-CS-000360,RB-C-00178-1,RB-FA-000404,2024-09-13T19:26:51.000Z,,Voice,Card Dispute,Duplicate Charge,Escalated,High,true,,7.0,BR-030,E-0063,false
RB-CS-000361,RB-C-00179-1,RB-FA-000405,2026-04-06T14:38:23.000Z,2026-04-06T11:20:48.000Z,Voice,Fee Inquiry,Overdraft Fee,Closed,Low,true,5,16.6,BR-010,E-0103,false
RB-CS-000362,RB-C-00179-1,RB-FA-000406,2025-02-28T10:25:05.000Z,,Chat,Account Access,MFA,Open,Low,true,5,13.8,BR-010,E-0064,true
RB-CS-000363,RB-C-00180-1,RB-FA-000407,2025-07-03T11:07:01.000Z,2025-07-03T08:07:08.000Z,Voice,Fee Inquiry,Overdraft Fee,Closed,Medium,true,4,3.5,BR-001,E-0096,true
RB-CS-000364,RB-C-00180-1,RB-FA-000407,2025-08-10T18:35:59.000Z,2025-08-10T17:31:34.000Z,Voice,Account Access,Locked Account,Closed,Low,true,5,5.0,BR-001,E-0113,true
RB-CS-000365,RB-C-00180-1,RB-FA-000407,2025-10-08T19:55:07.000Z,2025-10-08T15:22:32.000Z,Voice,Account Access,MFA,Closed,Low,true,,12.5,BR-001,E-0118,true
RB-CS-000366,RB-C-00180-1,RB-FA-000407,2025-08-22T15:49:42.000Z,2025-08-22T11:12:43.000Z,Chat,Card Dispute,Merchant Refund,Closed,Low,true,,30.1,BR-001,E-0130,false
RB-CS-000367,RB-C-00181-1,RB-FA-000409,2024-09-10T15:34:47.000Z,2024-09-27T15:09:15.000Z,Chat,Fee Inquiry,Overdraft Fee,Closed,Low,false,3,8.6,BR-010,E-0117,true
RB-CS-000368,RB-C-00181-1,RB-FA-000409,2026-08-06T14:44:04.000Z,2026-08-06T10:42:38.000Z,Chat,Account Access,Password Reset,Closed,Low,true,5,4.3,BR-010,E-0119,false
RB-CS-000369,RB-C-00183-1,RB-FA-000415,2026-05-14T11:51:07.000Z,2026-05-17T09:00:29.000Z,Chat,Card Dispute,Duplicate Charge,Closed,Medium,false,,12.1,BR-030,E-0140,false
RB-CS-000370,RB-C-00186-1,RB-FA-000419,2025-02-13T09:03:51.000Z,2025-02-14T19:42:01.000Z,Voice,Payments,Failed Transfer,Closed,Medium,false,2,12.5,BR-001,E-0064,false
RB-CS-000371,RB-C-00187-1,RB-FA-000421,2025-08-09T16:43:48.000Z,2025-08-09T17:05:43.000Z,Voice,Account Access,MFA,Closed,Low,true,,24.4,BR-007,E-0123,false
RB-CS-000372,RB-C-00188-1,RB-FA-000422,2025-11-22T14:18:23.000Z,2025-12-06T16:51:00.000Z,Chat,Payments,Failed Transfer,Closed,Medium,false,2,6.5,BR-012,E-0072,true
RB-CS-000373,RB-C-00189-1,RB-FA-000424,2025-12-17T08:07:09.000Z,2025-12-17T15:36:45.000Z,Chat,Fee Inquiry,ATM Fee,Closed,Medium,true,5,23.4,BR-009,E-0128,false
RB-CS-000374,RB-C-00190-1,RB-FA-000425,2025-08-13T17:44:39.000Z,2025-08-30T17:50:49.000Z,Voice,Card Dispute,Duplicate Charge,Closed,Low,false,3,11.5,BR-028,E-0112,false
RB-CS-000375,RB-C-00190-1,RB-FA-000426,2024-12-27T16:32:55.000Z,2024-12-27T16:01:59.000Z,Voice,Fee Inquiry,Overdraft Fee,Closed,Medium,true,1,15.7,BR-028,E-0090,false
RB-CS-000376,RB-C-00191-1,RB-FA-000429,2026-05-21T16:13:39.000Z,2026-05-21T07:18:26.000Z,Voice,Fee Inquiry,Monthly Maintenance,Closed,Medium,true,4,5.6,BR-008,E-0083,false
RB-CS-000377,RB-C-00191-1,RB-FA-000429,2024-09-10T12:48:04.000Z,2024-09-11T16:48:44.000Z,Voice,Payments,Failed Transfer,Closed,Medium,false,,12.3,BR-008,E-0111,false
RB-CS-000378,RB-C-00191-1,RB-FA-000429,2024-11-15T07:23:27.000Z,2024-11-15T14:29:15.000Z,Voice,Fee Inquiry,ATM Fee,Closed,Low,true,,30.4,BR-008,E-0128,false
RB-CS-000379,RB-C-00192-1,RB-FA-000430,2025-11-24T13:16:08.000Z,2025-11-24T12:03:34.000Z,Voice,Payments,Wire Status,Closed,Low,true,,6.2,BR-008,E-0119,true
RB-CS-000380,RB-C-00192-1,RB-FA-000431,2026-07-26T08:05:28.000Z,,Mobile App,Card Dispute,Unrecognized Charge,Open,Medium,true,,26.8,BR-008,E-0096,false
RB-CS-000381,RB-C-00192-1,RB-FA-000432,2025-12-01T11:28:53.000Z,2025-12-01T13:55:29.000Z,Mobile App,Account Access,Locked Account,Closed,Medium,true,1,5.5,BR-008,E-0098,false
RB-CS-000382,RB-C-00192-1,RB-FA-000432,2026-03-18T13:34:49.000Z,2026-03-18T19:41:22.000Z,Branch,Account Access,Locked Account,Closed,Low,true,,29.8,BR-008,E-0087,true
RB-CS-000383,RB-C-00192-1,RB-FA-000432,2025-04-06T13:36:56.000Z,2025-04-06T07:26:40.000Z,Chat,Product Question,Rates,Closed,Medium,true,5,8.1,BR-008,E-0071,false
RB-CS-000384,RB-C-00192-1,RB-FA-000432,2025-03-04T17:14:47.000Z,,Branch,Account Access,MFA,In Progress,Medium,true,3,23.8,BR-008,E-0093,true
RB-CS-000385,RB-C-00193-1,RB-FA-000433,2024-09-14T08:25:07.000Z,2024-09-14T09:02:11.000Z,Chat,Card Dispute,Merchant Refund,Closed,Low,true,,17.3,BR-025,E-0082,true
RB-CS-000386,RB-C-00193-1,RB-FA-000434,2026-04-26T18:45:24.000Z,2026-04-26T08:53:43.000Z,Voice,Account Access,Locked Account,Closed,Medium,true,4,6.2,BR-025,E-0103,true
RB-CS-000387,RB-C-00193-1,RB-FA-000434,2026-04-28T16:09:51.000Z,,Email,Card Dispute,Duplicate Charge,In Progress,Low,false,4,38.2,BR-025,E-0120,false
RB-CS-000388,RB-C-00194-1,RB-FA-000436,2025-12-11T11:14:42.000Z,2025-12-11T14:57:43.000Z,Voice,Fee Inquiry,Monthly Maintenance,Closed,Low,true,,5.2,BR-010,E-0119,true
RB-CS-000389,RB-C-00195-1,RB-FA-000438,2025-12-09T14:22:02.000Z,2025-12-09T18:16:57.000Z,Email,Card Dispute,Merchant Refund,Closed,Medium,true,,11.9,BR-008,E-0121,false
RB-CS-000390,RB-C-00195-1,RB-FA-000438,2026-07-31T11:43:57.000Z,2026-08-10T07:49:05.000Z,Email,Account Access,Locked Account,Closed,Medium,false,,25.9,BR-008,E-0078,false
RB-CS-000391,RB-C-00195-1,RB-FA-000438,2026-04-22T16:12:04.000Z,2026-04-22T10:04:58.000Z,Chat,Product Question,Eligibility,Closed,Medium,true,5,14.5,BR-008,E-0086,false
RB-CS-000392,RB-C-00195-1,RB-FA-000439,2024-10-17T18:56:13.000Z,2024-10-17T14:36:19.000Z,Mobile App,Account Access,MFA,Closed,Low,true,4,9.0,BR-008,E-0096,false
RB-CS-000393,RB-C-00195-1,RB-FA-000439,2025-11-23T19:39:47.000Z,2025-11-23T18:32:03.000Z,Chat,Card Dispute,Unrecognized Charge,Closed,Low,true,,10.1,BR-008,E-0076,false
RB-CS-000394,RB-C-00195-1,RB-FA-000439,2024-12-12T16:22:59.000Z,,Chat,Fraud,Card Compromised,Open,Medium,true,3,15.4,BR-008,E-0118,false
RB-CS-000395,RB-C-00196-1,RB-FA-000440,2024-12-20T19:41:38.000Z,2024-12-28T19:12:32.000Z,Voice,Card Dispute,Duplicate Charge,Closed,Medium,false,2,14.8,BR-010,E-0131,false
RB-CS-000396,RB-C-00196-1,RB-FA-000440,2025-03-28T12:54:04.000Z,2025-03-28T07:28:00.000Z,Branch,Account Access,Password Reset,Closed,Medium,true,5,22.9,BR-010,E-0064,false
RB-CS-000397,RB-C-00198-1,RB-FA-000442,2026-07-24T08:17:51.000Z,2026-07-24T19:45:21.000Z,Chat,Payments,Failed Transfer,Closed,Low,true,,5.8,BR-026,E-0122,false
RB-CS-000398,RB-C-00198-1,RB-FA-000442,2025-07-15T10:11:25.000Z,2025-07-15T09:45:35.000Z,Voice,Card Dispute,Unrecognized Charge,Closed,Medium,true,2,8.9,BR-026,E-0125,true
RB-CS-000399,RB-C-00199-1,RB-FA-000443,2026-06-04T10:41:35.000Z,2026-06-17T15:37:11.000Z,Email,Account Access,MFA,Closed,High,false,,51.4,BR-001,E-0106,true
RB-CS-000400,RB-C-00199-1,RB-FA-000444,2026-02-23T12:07:12.000Z,2026-02-23T16:15:22.000Z,Voice,Account Access,MFA,Closed,Medium,true,4,8.3,BR-001,E-0139,true
RB-CS-000401,RB-C-00199-1,RB-FA-000444,2026-08-28T18:11:17.000Z,,Voice,Card Dispute,Unrecognized Charge,Escalated,Medium,false,1,15.9,BR-001,E-0093,true
RB-CS-000402,RB-C-00200-1,RB-FA-000445,2025-09-14T10:22:01.000Z,2025-09-14T16:24:32.000Z,Voice,Payments,Failed Transfer,Closed,Medium,true,4,26.0,BR-017,E-0076,true
RB-CS-000403,RB-C-00201-1,RB-FA-000448,2025-06-22T13:52:23.000Z,2025-06-22T19:22:51.000Z,Chat,Fee Inquiry,ATM Fee,Closed,Low,true,5,19.8,BR-021,E-0072,false
RB-CS-000404,RB-C-00201-1,RB-FA-000448,2026-04-17T18:05:12.000Z,2026-04-20T16:53:47.000Z,Voice,Fraud,Account Takeover,Closed,Medium,false,,8.2,BR-021,E-0093,false
RB-CS-000405,RB-C-00201-1,RB-FA-000448,2026-02-27T08:17:57.000Z,2026-03-17T19:27:57.000Z,Email,Card Dispute,Unrecognized Charge,Closed,Medium,false,,39.2,BR-021,E-0081,true
RB-CS-000406,RB-C-00201-1,RB-FA-000448,2025-05-04T18:38:03.000Z,2025-05-13T12:33:56.000Z,Voice,Card Dispute,Duplicate Charge,Closed,Medium,false,,7.4,BR-021,E-0135,true
RB-CS-000407,RB-C-00201-1,RB-FA-000449,2025-02-15T16:30:31.000Z,,Voice,Payments,Bill Pay,Escalated,Medium,true,,11.7,BR-021,E-0067,true
RB-CS-000408,RB-C-00203-1,RB-FA-000453,2025-10-21T09:25:42.000Z,2025-10-21T10:17:13.000Z,Voice,Account Access,Locked Account,Closed,High,true,,10.9,BR-009,E-0079,false
RB-CS-000409,RB-C-00204-1,RB-FA-000454,2026-03-17T08:27:25.000Z,2026-03-17T13:20:43.000Z,Branch,Account Access,MFA,Closed,Low,true,4,11.9,BR-011,E-0118,false
RB-CS-000410,RB-C-00204-1,RB-FA-000455,2026-06-04T09:28:39.000Z,2026-06-24T13:44:45.000Z,Branch,Card Dispute,Duplicate Charge,Closed,Medium,false,4,19.6,BR-011,E-0070,false
RB-CS-000411,RB-C-00205-1,RB-FA-000459,2026-06-02T19:10:14.000Z,2026-06-23T13:39:40.000Z,Chat,Payments,Bill Pay,Closed,Low,false,1,31.3,BR-009,E-0106,true
RB-CS-000412,RB-C-00206-1,RB-FA-000461,2025-01-03T11:40:24.000Z,,Mobile App,Fee Inquiry,Monthly Maintenance,In Progress,High,true,4,10.8,BR-026,E-0074,false
RB-CS-000413,RB-C-00207-1,RB-FA-000462,2026-05-01T07:55:34.000Z,2026-05-01T15:28:18.000Z,Voice,Product Question,Rates,Closed,Low,true,,23.1,BR-028,E-0100,true
RB-CS-000414,RB-C-00207-1,RB-FA-000462,2026-01-14T14:14:39.000Z,,Branch,Account Access,Locked Account,Escalated,Low,true,5,17.9,BR-028,E-0067,true
RB-CS-000415,RB-C-00207-1,RB-FA-000463,2024-10-03T09:03:04.000Z,2024-10-03T07:02:40.000Z,Email,Fee Inquiry,Monthly Maintenance,Closed,Medium,true,,24.6,BR-028,E-0115,true
RB-CS-000416,RB-C-00207-1,RB-FA-000463,2026-08-19T18:16:07.000Z,2026-08-19T18:31:29.000Z,Voice,Fee Inquiry,Overdraft Fee,Closed,Medium,true,,9.4,BR-028,E-0083,true
RB-CS-000417,RB-C-00207-1,RB-FA-000464,2025-11-15T09:30:48.000Z,2025-12-02T08:39:02.000Z,Voice,Fee Inquiry,Overdraft Fee,Closed,Low,false,3,16.4,BR-028,E-0123,true
RB-CS-000418,RB-C-00208-1,RB-FA-000466,2025-02-10T09:17:46.000Z,2025-02-10T19:30:42.000Z,Chat,Payments,Wire Status,Closed,Low,true,5,10.1,BR-026,E-0106,true
RB-CS-000419,RB-C-00208-1,RB-FA-000467,2025-01-17T12:58:54.000Z,2025-01-17T07:06:04.000Z,Voice,Account Access,MFA,Closed,Medium,true,4,6.9,BR-026,E-0131,false
RB-CS-000420,RB-C-00208-1,RB-FA-000467,2025-02-15T14:52:13.000Z,2025-02-15T08:18:59.000Z,Branch,Card Dispute,Unrecognized Charge,Closed,Low,true,5,17.4,BR-026,E-0063,true
RB-CS-000421,RB-C-00208-1,RB-FA-000468,2026-08-05T09:39:34.000Z,2026-08-24T17:51:50.000Z,Voice,Card Dispute,Duplicate Charge,Closed,High,false,5,6.3,BR-026,E-0098,false
RB-CS-000422,RB-C-00208-1,RB-FA-000468,2025-04-22T10:52:30.000Z,2025-04-22T12:10:36.000Z,Voice,Payments,Wire Status,Closed,Medium,true,,8.7,BR-026,E-0074,true
RB-CS-000423,RB-C-00208-1,RB-FA-000469,2025-10-06T08:04:16.000Z,2025-10-21T12:49:53.000Z,Email,Card Dispute,Unrecognized Charge,Closed,Low,false,,43.5,BR-026,E-0088,false
RB-CS-000424,RB-C-00208-1,RB-FA-000469,2024-10-30T09:24:47.000Z,2024-10-30T12:03:58.000Z,Voice,Product Question,Eligibility,Closed,Low,true,5,5.0,BR-026,E-0115,false
RB-CS-000425,RB-C-00208-1,RB-FA-000469,2025-06-10T17:34:03.000Z,2025-06-10T09:57:46.000Z,Mobile App,Fee Inquiry,Overdraft Fee,Closed,Low,true,,17.9,BR-026,E-0112,false
RB-CS-000426,RB-C-00209-1,RB-FA-000470,2025-05-22T08:47:31.000Z,2025-05-22T11:35:38.000Z,Voice,Fee Inquiry,Monthly Maintenance,Closed,Low,true,3,15.7,BR-024,E-0088,false
RB-CS-000427,RB-C-00210-1,RB-FA-000473,2025-02-17T16:53:50.000Z,2025-02-17T12:09:46.000Z,Email,Fraud,Account Takeover,Closed,Medium,true,3,59.1,BR-023,E-0087,false
RB-CS-000428,RB-C-00211-1,RB-FA-000475,2025-08-23T13:36:36.000Z,2025-08-23T11:48:24.000Z,Mobile App,Fee Inquiry,Overdraft Fee,Closed,Medium,true,,24.5,BR-014,E-0101,true
RB-CS-000429,RB-C-00211-1,RB-FA-000475,2024-11-17T11:04:25.000Z,2024-11-17T13:06:44.000Z,Voice,Product Question,Rates,Closed,Low,true,,12.8,BR-014,E-0061,false
RB-CS-000430,RB-C-00211-1,RB-FA-000475,2024-12-15T10:20:11.000Z,,Voice,Fee Inquiry,Monthly Maintenance,In Progress,Low,false,5,17.7,BR-014,E-0084,true
RB-CS-000431,RB-C-00212-1,RB-FA-000476,2026-05-13T11:07:27.000Z,2026-05-28T14:38:35.000Z,Chat,Fee Inquiry,Overdraft Fee,Closed,Low,false,,16.5,BR-028,E-0100,true
RB-CS-000432,RB-C-00212-1,RB-FA-000476,2026-07-11T08:07:23.000Z,2026-07-22T10:18:50.000Z,Chat,Card Dispute,Duplicate Charge,Closed,Medium,false,,28.6,BR-028,E-0088,true
RB-CS-000433,RB-C-00213-1,RB-FA-000478,2026-01-19T11:23:16.000Z,2026-01-28T08:46:56.000Z,Voice,Account Access,Locked Account,Closed,Low,false,2,35.8,BR-025,E-0069,false
RB-CS-000434,RB-C-00213-1,RB-FA-000478,2024-11-22T08:05:02.000Z,2024-12-06T10:48:21.000Z,Voice,Card Dispute,Merchant Refund,Closed,Medium,false,,18.5,BR-025,E-0071,false
RB-CS-000435,RB-C-00213-1,RB-FA-000478,2025-01-09T13:09:56.000Z,,Chat,Card Dispute,Duplicate Charge,Escalated,Medium,true,3,14.4,BR-025,E-0073,true
RB-CS-000436,RB-C-00213-1,RB-FA-000478,2024-11-04T13:04:23.000Z,2024-11-04T17:56:14.000Z,Chat,Fee Inquiry,Overdraft Fee,Closed,High,true,3,19.0,BR-025,E-0064,true
RB-CS-000437,RB-C-00216-1,RB-FA-000483,2025-07-24T11:54:15.000Z,2025-07-24T11:14:43.000Z,Chat,Account Access,MFA,Closed,Low,true,5,24.6,BR-009,E-0130,false
RB-CS-000438,RB-C-00216-1,RB-FA-000484,2026-07-29T08:34:46.000Z,2026-07-31T13:00:47.000Z,Chat,Product Question,Eligibility,Closed,Low,false,,13.7,BR-009,E-0118,false
RB-CS-000439,RB-C-00218-1,RB-FA-000486,2025-09-06T14:16:14.000Z,2025-09-06T19:21:31.000Z,Email,Product Question,Rates,Closed,Low,true,4,11.8,BR-025,E-0117,false
RB-CS-000440,RB-C-00218-1,RB-FA-000486,2025-05-21T10:52:02.000Z,2025-05-27T10:25:06.000Z,Mobile App,Account Access,MFA,Closed,Low,false,1,17.0,BR-025,E-0082,false
RB-CS-000441,RB-C-00220-1,RB-FA-000489,2024-09-05T19:44:39.000Z,2024-09-21T18:42:19.000Z,Chat,Fee Inquiry,ATM Fee,Closed,High,false,,3.8,BR-013,E-0105,false
RB-CS-000442,RB-C-00220-1,RB-FA-000489,2026-03-08T15:06:03.000Z,2026-03-17T18:52:06.000Z,Voice,Payments,Failed Transfer,Closed,High,false,,20.4,BR-013,E-0102,false
RB-CS-000443,RB-C-00220-1,RB-FA-000489,2024-09-17T10:41:15.000Z,2024-09-17T09:33:16.000Z,Chat,Card Dispute,Duplicate Charge,Closed,Low,true,,14.1,BR-013,E-0075,false
RB-CS-000444,RB-C-00220-1,RB-FA-000491,2026-04-01T11:14:20.000Z,2026-04-19T11:02:38.000Z,Chat,Account Access,MFA,Closed,Medium,false,,13.0,BR-013,E-0095,true
RB-CS-000445,RB-C-00221-1,RB-FA-000492,2026-07-02T19:52:00.000Z,2026-07-02T15:23:10.000Z,Voice,Account Access,Locked Account,Closed,Low,true,4,22.7,BR-002,E-0073,true
RB-CS-000446,RB-C-00221-1,RB-FA-000492,2026-04-19T18:40:36.000Z,,Branch,Account Access,Password Reset,Open,Medium,true,3,8.0,BR-002,E-0119,false
RB-CS-000447,RB-C-00221-1,RB-FA-000492,2024-10-02T12:19:02.000Z,2024-10-02T14:18:16.000Z,Chat,Payments,Wire Status,Closed,Low,true,5,8.2,BR-002,E-0109,false
RB-CS-000448,RB-C-00221-1,RB-FA-000493,2026-05-22T17:14:10.000Z,2026-05-22T15:43:55.000Z,Voice,Fraud,Card Compromised,Closed,Low,true,,8.4,BR-002,E-0120,true
RB-CS-000449,RB-C-00221-1,RB-FA-000493,2026-05-03T19:32:28.000Z,2026-05-06T16:45:14.000Z,Voice,Fee Inquiry,Overdraft Fee,Closed,Medium,false,,10.3,BR-002,E-0061,true
RB-CS-000450,RB-C-00221-1,RB-FA-000493,2025-11-23T08:59:09.000Z,2025-11-23T12:48:12.000Z,Chat,Card Dispute,Unrecognized Charge,Closed,Medium,true,,7.0,BR-002,E-0124,false
RB-CS-000451,RB-C-00223-1,RB-FA-000496,2025-09-19T13:33:02.000Z,2025-09-19T11:38:40.000Z,Mobile App,Fraud,Card Compromised,Closed,Low,true,,17.5,BR-008,E-0115,false
RB-CS-000452,RB-C-00225-1,RB-FA-000500,2024-09-07T18:19:31.000Z,2024-09-07T10:50:29.000Z,Voice,Fee Inquiry,ATM Fee,Closed,Low,true,5,9.7,BR-003,E-0115,false
RB-CS-000453,RB-C-00225-1,RB-FA-000501,2026-04-07T07:40:48.000Z,,Branch,Fraud,Card Compromised,Escalated,Medium,true,4,19.4,BR-003,E-0130,false
RB-CS-000454,RB-C-00226-1,RB-FA-000503,2024-11-01T09:22:47.000Z,2024-11-01T07:50:12.000Z,Voice,Card Dispute,Merchant Refund,Closed,Low,true,3,15.8,BR-007,E-0114,true
RB-CS-000455,RB-C-00227-1,RB-FA-000506,2026-05-14T19:11:08.000Z,2026-05-23T12:56:16.000Z,Voice,Account Access,Password Reset,Closed,Low,false,,14.9,BR-007,E-0062,true
RB-CS-000456,RB-C-00227-1,RB-FA-000507,2026-01-10T07:20:34.000Z,2026-01-10T16:27:09.000Z,Voice,Card Dispute,Merchant Refund,Closed,Low,true,,5.9,BR-007,E-0083,true
RB-CS-000457,RB-C-00227-1,RB-FA-000507,2026-02-13T16:26:09.000Z,2026-02-20T10:31:29.000Z,Voice,Fee Inquiry,Monthly Maintenance,Closed,High,false,,11.7,BR-007,E-0132,false
RB-CS-000458,RB-C-00227-1,RB-FA-000507,2026-04-07T15:30:24.000Z,2026-04-27T13:58:53.000Z,Email,Card Dispute,Duplicate Charge,Closed,Medium,false,,23.1,BR-007,E-0132,false
RB-CS-000459,RB-C-00227-1,RB-FA-000508,2025-05-26T13:51:06.000Z,2025-05-26T12:56:22.000Z,Chat,Account Access,Password Reset,Closed,Low,true,,14.3,BR-007,E-0121,false
RB-CS-000460,RB-C-00229-1,RB-FA-000510,2026-08-18T10:37:43.000Z,2026-08-18T19:08:45.000Z,Voice,Fee Inquiry,Monthly Maintenance,Closed,Medium,true,4,29.1,BR-027,E-0104,false
RB-CS-000461,RB-C-00229-1,RB-FA-000510,2026-04-30T17:15:34.000Z,2026-04-30T17:46:42.000Z,Chat,Account Access,Password Reset,Closed,Medium,true,5,7.7,BR-027,E-0099,true
RB-CS-000462,RB-C-00230-1,RB-FA-000512,2026-02-03T12:00:06.000Z,2026-02-03T07:05:06.000Z,Email,Fee Inquiry,ATM Fee,Closed,Medium,true,1,35.7,BR-027,E-0135,false
RB-CS-000463,RB-C-00231-1,RB-FA-000514,2026-04-27T08:02:49.000Z,2026-04-27T15:03:27.000Z,Voice,Card Dispute,Duplicate Charge,Closed,Low,true,4,7.5,BR-007,E-0069,true
RB-CS-000464,RB-C-00231-1,RB-FA-000515,2025-11-30T13:57:51.000Z,2025-11-30T12:07:25.000Z,Mobile App,Fraud,Card Compromised,Closed,Low,true,,20.8,BR-007,E-0108,true
RB-CS-000465,RB-C-00233-1,RB-FA-000521,2025-04-18T13:58:57.000Z,2025-04-18T12:18:28.000Z,Voice,Account Access,Locked Account,Closed,Medium,true,,10.3,BR-020,E-0103,false
RB-CS-000466,RB-C-00233-1,RB-FA-000521,2024-09-21T08:10:41.000Z,2024-09-21T09:51:38.000Z,Email,Payments,Failed Transfer,Closed,Low,true,,17.1,BR-020,E-0062,true
RB-CS-000467,RB-C-00234-1,RB-FA-000523,2026-03-24T13:21:27.000Z,2026-03-24T15:56:10.000Z,Voice,Card Dispute,Duplicate Charge,Closed,High,true,,17.2,BR-007,E-0073,true
RB-CS-000468,RB-C-00234-1,RB-FA-000524,2025-04-01T14:14:34.000Z,2025-04-01T15:16:12.000Z,Mobile App,Payments,Failed Transfer,Closed,Medium,true,,8.9,BR-007,E-0064,false
RB-CS-000469,RB-C-00234-1,RB-FA-000524,2026-02-19T14:33:09.000Z,2026-02-19T14:01:27.000Z,Email,Card Dispute,Merchant Refund,Closed,High,true,,22.1,BR-007,E-0100,true
RB-CS-000470,RB-C-00234-1,RB-FA-000524,2025-04-12T14:58:11.000Z,2025-04-12T07:48:53.000Z,Chat,Payments,Bill Pay,Closed,Medium,true,,21.8,BR-007,E-0069,true
RB-CS-000471,RB-C-00234-1,RB-FA-000524,2025-09-19T09:53:28.000Z,2025-09-19T11:36:19.000Z,Chat,Payments,Failed Transfer,Closed,High,true,,6.7,BR-007,E-0090,false
RB-CS-000472,RB-C-00234-1,RB-FA-000525,2025-04-21T16:35:27.000Z,2025-04-21T10:03:42.000Z,Chat,Card Dispute,Unrecognized Charge,Closed,Low,true,,11.8,BR-007,E-0097,false
RB-CS-000473,RB-C-00236-1,RB-FA-000528,2026-07-29T11:43:11.000Z,2026-07-29T08:34:29.000Z,Email,Card Dispute,Duplicate Charge,Closed,Medium,true,1,14.3,BR-018,E-0064,true
RB-CS-000474,RB-C-00236-1,RB-FA-000528,2026-05-19T14:26:18.000Z,2026-05-19T08:33:44.000Z,Voice,Fee Inquiry,ATM Fee,Closed,Medium,true,,16.8,BR-018,E-0113,true
RB-CS-000475,RB-C-00236-1,RB-FA-000528,2025-05-10T12:18:21.000Z,2025-05-23T13:38:47.000Z,Branch,Fraud,Account Takeover,Closed,Low,false,3,22.4,BR-018,E-0073,false
RB-CS-000476,RB-C-00236-1,RB-FA-000529,2024-11-02T17:35:28.000Z,2024-11-02T16:27:31.000Z,Voice,Fee Inquiry,Overdraft Fee,Closed,High,true,3,21.7,BR-018,E-0073,true
RB-CS-000477,RB-C-00237-1,RB-FA-000531,2024-11-11T13:37:52.000Z,2024-12-02T15:41:37.000Z,Email,Fee Inquiry,Overdraft Fee,Closed,Medium,false,,24.2,BR-004,E-0064,true
RB-CS-000478,RB-C-00238-1,RB-FA-000533,2025-08-14T12:19:34.000Z,2025-08-14T07:13:18.000Z,Voice,Fee Inquiry,Monthly Maintenance,Closed,Medium,true,4,8.0,BR-007,E-0098,false
RB-CS-000479,RB-C-00238-1,RB-FA-000533,2025-07-25T09:33:58.000Z,2025-07-25T17:33:00.000Z,Mobile App,Payments,Failed Transfer,Closed,Low,true,5,18.1,BR-007,E-0129,false
RB-CS-000480,RB-C-00238-1,RB-FA-000533,2026-05-05T10:45:45.000Z,2026-05-17T12:45:01.000Z,Email,Account Access,MFA,Closed,Low,false,,58.6,BR-007,E-0113,true
RB-CS-000481,RB-C-00238-1,RB-FA-000533,2025-01-09T11:29:25.000Z,,Voice,Fraud,Card Compromised,Escalated,Medium,true,,10.4,BR-007,E-0094,false
RB-CS-000482,RB-C-00241-1,RB-FA-000538,2026-08-25T15:48:37.000Z,2026-08-25T13:01:19.000Z,Mobile App,Account Access,Locked Account,Closed,Medium,true,3,11.1,BR-014,E-0101,true
RB-CS-000483,RB-C-00241-1,RB-FA-000538,2026-06-09T19:01:13.000Z,2026-06-23T17:19:22.000Z,Voice,Account Access,Locked Account,Closed,Medium,false,,16.3,BR-014,E-0127,true
RB-CS-000484,RB-C-00241-1,RB-FA-000538,2024-12-09T12:55:30.000Z,2024-12-09T17:11:43.000Z,Email,Fraud,Account Takeover,Closed,Low,true,4,25.2,BR-014,E-0096,false
RB-CS-000485,RB-C-00241-1,RB-FA-000538,2025-08-05T19:33:27.000Z,2025-08-05T13:25:13.000Z,Email,Payments,Failed Transfer,Closed,High,true,,25.6,BR-014,E-0073,false
RB-CS-000486,RB-C-00241-1,RB-FA-000539,2025-12-19T09:04:25.000Z,2025-12-19T13:57:53.000Z,Chat,Fee Inquiry,Monthly Maintenance,Closed,Low,true,,8.8,BR-014,E-0062,false
RB-CS-000487,RB-C-00242-1,RB-FA-000542,2025-06-21T07:00:52.000Z,2025-07-07T10:28:49.000Z,Voice,Payments,Bill Pay,Closed,Medium,false,5,15.2,BR-001,E-0115,true
RB-CS-000488,RB-C-00242-1,RB-FA-000542,2025-10-19T09:29:51.000Z,2025-10-19T07:51:22.000Z,Voice,Fraud,Card Compromised,Closed,Low,true,,7.4,BR-001,E-0084,false
RB-CS-000489,RB-C-00242-1,RB-FA-000544,2025-04-19T13:33:18.000Z,2025-04-19T17:39:15.000Z,Voice,Fee Inquiry,ATM Fee,Closed,High,true,3,3.9,BR-001,E-0104,true
RB-CS-000490,RB-C-00242-1,RB-FA-000544,2025-11-30T15:13:43.000Z,2025-11-30T08:04:08.000Z,Chat,Payments,Failed Transfer,Closed,Low,true,,4.9,BR-001,E-0138,false
RB-CS-000491,RB-C-00242-1,RB-FA-000544,2026-08-30T15:52:14.000Z,2026-08-30T14:57:15.000Z,Mobile App,Card Dispute,Unrecognized Charge,Closed,Medium,true,3,12.1,BR-001,E-0131,false
RB-CS-000492,RB-C-00243-1,RB-FA-000546,2026-01-11T17:29:14.000Z,2026-01-11T19:56:15.000Z,Chat,Card Dispute,Duplicate Charge,Closed,Low,true,3,17.6,BR-028,E-0123,false
RB-CS-000493,RB-C-00243-1,RB-FA-000546,2025-02-22T09:05:38.000Z,2025-02-22T09:11:10.000Z,Chat,Card Dispute,Merchant Refund,Closed,High,true,,6.3,BR-028,E-0128,false
RB-CS-000494,RB-C-00243-1,RB-FA-000546,2026-01-31T11:34:54.000Z,2026-02-21T11:42:19.000Z,Chat,Card Dispute,Merchant Refund,Closed,Low,false,,5.8,BR-028,E-0132,true
RB-CS-000495,RB-C-00243-1,RB-FA-000547,2026-01-28T10:44:43.000Z,2026-02-05T08:44:08.000Z,Mobile App,Account Access,Locked Account,Closed,Low,false,,12.3,BR-028,E-0124,true
RB-CS-000496,RB-C-00243-1,RB-FA-000548,2025-03-14T15:23:08.000Z,2025-03-14T18:56:29.000Z,Chat,Fraud,Card Compromised,Closed,Low,true,,5.5,BR-028,E-0107,false
RB-CS-000497,RB-C-00244-1,RB-FA-000549,2025-12-12T16:12:16.000Z,2025-12-12T13:14:40.000Z,Voice,Fee Inquiry,ATM Fee,Closed,Low,true,5,17.0,BR-024,E-0127,false
RB-CS-000498,RB-C-00244-1,RB-FA-000550,2024-11-28T19:47:27.000Z,2024-11-28T11:11:42.000Z,Voice,Payments,Failed Transfer,Closed,Low,true,5,13.5,BR-024,E-0094,true
RB-CS-000499,RB-C-00244-1,RB-FA-000551,2024-12-05T18:00:00.000Z,2024-12-05T13:45:56.000Z,Voice,Card Dispute,Unrecognized Charge,Closed,Medium,true,,10.2,BR-024,E-0068,false
RB-CS-000500,RB-C-00247-1,RB-FA-000555,2024-10-12T14:39:19.000Z,2024-10-12T18:32:23.000Z,Mobile App,Card Dispute,Duplicate Charge,Closed,Low,true,5,8.2,BR-017,E-0119,true
RB-CS-000501,RB-C-00247-1,RB-FA-000556,2025-10-25T07:16:43.000Z,,Voice,Card Dispute,Unrecognized Charge,Open,Medium,true,5,4.8,BR-017,E-0093,false
RB-CS-000502,RB-C-00247-1,RB-FA-000556,2025-08-05T15:19:37.000Z,,Branch,Account Access,MFA,Escalated,Low,false,1,12.0,BR-017,E-0098,true
RB-CS-000503,RB-C-00247-1,RB-FA-000556,2025-12-08T19:22:07.000Z,2025-12-28T11:49:55.000Z,Email,Fee Inquiry,Overdraft Fee,Closed,Low,false,4,25.7,BR-017,E-0074,true
RB-CS-000504,RB-C-00248-1,RB-FA-000557,2026-07-01T18:05:43.000Z,2026-07-07T07:52:25.000Z,Voice,Card Dispute,Merchant Refund,Closed,Low,false,,12.7,BR-021,E-0117,true
RB-CS-000505,RB-C-00248-1,RB-FA-000558,2024-09-17T18:30:29.000Z,2024-09-30T19:15:21.000Z,Email,Card Dispute,Unrecognized Charge,Closed,Low,false,1,11.2,BR-021,E-0105,true
RB-CS-000506,RB-C-00249-1,RB-FA-000559,2025-11-24T10:17:32.000Z,2025-11-24T14:52:37.000Z,Mobile App,Card Dispute,Duplicate Charge,Closed,Medium,true,4,23.7,BR-018,E-0101,false
RB-CS-000507,RB-C-00249-1,RB-FA-000560,2026-08-23T10:29:28.000Z,2026-08-23T14:30:00.000Z,Email,Fee Inquiry,Monthly Maintenance,Closed,Low,true,5,39.6,BR-018,E-0074,true
RB-CS-000508,RB-C-00249-1,RB-FA-000560,2026-03-28T19:36:55.000Z,2026-04-18T11:56:02.000Z,Email,Card Dispute,Unrecognized Charge,Closed,Low,false,2,39.2,BR-018,E-0106,false
RB-CS-000509,RB-C-00250-1,RB-FA-000562,2025-01-20T16:24:02.000Z,2025-01-20T15:14:18.000Z,Chat,Account Access,Password Reset,Closed,High,true,,9.5,BR-028,E-0081,false
RB-CS-000510,RB-C-00251-1,RB-FA-000564,2025-02-03T10:08:12.000Z,2025-02-03T09:55:30.000Z,Email,Card Dispute,Duplicate Charge,Closed,Low,true,5,22.9,BR-023,E-0089,false
RB-CS-000511,RB-C-00251-1,RB-FA-000565,2026-01-14T10:18:37.000Z,2026-01-14T08:07:48.000Z,Branch,Product Question,Eligibility,Closed,Medium,true,4,13.3,BR-023,E-0108,true
RB-CS-000512,RB-C-00251-1,RB-FA-000565,2024-09-21T16:28:54.000Z,2024-10-08T07:49:20.000Z,Voice,Payments,Failed Transfer,Closed,Medium,false,4,7.7,BR-023,E-0069,false
RB-CS-000513,RB-C-00251-1,RB-FA-000565,2024-09-18T07:51:06.000Z,2024-09-18T18:51:43.000Z,Chat,Fraud,Card Compromised,Closed,Low,true,4,11.2,BR-023,E-0130,true
RB-CS-000514,RB-C-00252-1,RB-FA-000567,2026-01-31T08:04:42.000Z,2026-01-31T12:26:34.000Z,Branch,Fee Inquiry,Overdraft Fee,Closed,Medium,true,1,10.1,BR-011,E-0088,true
RB-CS-000515,RB-C-00252-1,RB-FA-000567,2025-02-17T19:13:00.000Z,2025-02-17T13:02:08.000Z,Email,Product Question,Eligibility,Closed,Low,true,4,14.8,BR-011,E-0117,false
RB-CS-000516,RB-C-00252-1,RB-FA-000567,2025-05-23T13:59:44.000Z,2025-05-23T07:44:17.000Z,Chat,Product Question,Rates,Closed,High,true,4,6.9,BR-011,E-0129,false
RB-CS-000517,RB-C-00252-1,RB-FA-000568,2026-04-29T17:20:56.000Z,2026-04-29T08:35:51.000Z,Email,Product Question,Rates,Closed,High,true,5,25.2,BR-011,E-0065,true
RB-CS-000518,RB-C-00252-1,RB-FA-000568,2025-05-20T16:37:37.000Z,2025-05-20T12:15:53.000Z,Voice,Account Access,Password Reset,Closed,Low,true,5,13.3,BR-011,E-0108,false
RB-CS-000519,RB-C-00252-1,RB-FA-000568,2026-05-05T07:30:52.000Z,2026-05-24T15:16:14.000Z,Chat,Fee Inquiry,ATM Fee,Closed,Medium,false,3,7.7,BR-011,E-0066,false
RB-CS-000520,RB-C-00253-1,RB-FA-000569,2026-04-20T08:34:24.000Z,2026-04-20T11:14:00.000Z,Voice,Payments,Wire Status,Closed,Medium,true,3,4.1,BR-029,E-0094,false
RB-CS-000521,RB-C-00253-1,RB-FA-000569,2024-10-15T19:50:22.000Z,2024-10-15T13:13:21.000Z,Voice,Account Access,Password Reset,Closed,Low,true,,2.4,BR-029,E-0134,false
RB-CS-000522,RB-C-00253-1,RB-FA-000569,2025-02-10T08:31:49.000Z,,Voice,Product Question,Rates,In Progress,Low,true,3,8.0,BR-029,E-0140,true
RB-CS-000523,RB-C-00253-1,RB-FA-000569,2025-05-25T18:05:59.000Z,2025-05-25T17:16:44.000Z,Voice,Payments,Wire Status,Closed,Low,true,,12.5,BR-029,E-0084,false
RB-CS-000524,RB-C-00254-1,RB-FA-000570,2026-02-19T14:31:21.000Z,2026-03-10T10:54:32.000Z,Voice,Fraud,Account Takeover,Closed,Low,false,,7.5,BR-010,E-0106,true
RB-CS-000525,RB-C-00254-1,RB-FA-000570,2026-06-24T12:03:58.000Z,2026-06-24T18:10:20.000Z,Email,Account Access,Locked Account,Closed,Low,true,5,29.4,BR-010,E-0086,true
RB-CS-000526,RB-C-00257-1,RB-FA-000575,2025-09-26T16:39:05.000Z,2025-10-03T15:59:23.000Z,Chat,Fraud,Card Compromised,Closed,Medium,false,,7.5,BR-006,E-0131,false
RB-CS-000527,RB-C-00259-1,RB-FA-000578,2025-03-06T18:45:11.000Z,2025-03-11T09:48:30.000Z,Voice,Product Question,Eligibility,Closed,Low,false,3,9.0,BR-017,E-0064,false
RB-CS-000528,RB-C-00259-1,RB-FA-000578,2025-09-19T19:22:37.000Z,2025-09-19T13:22:41.000Z,Mobile App,Card Dispute,Unrecognized Charge,Closed,Low,true,3,9.2,BR-017,E-0093,true
RB-CS-000529,RB-C-00259-1,RB-FA-000578,2025-05-07T07:33:21.000Z,2025-05-07T18:37:40.000Z,Chat,Card Dispute,Duplicate Charge,Closed,Low,true,4,18.7,BR-017,E-0107,false
RB-CS-000530,RB-C-00259-1,RB-FA-000578,2026-04-07T12:22:41.000Z,2026-04-07T14:12:10.000Z,Voice,Card Dispute,Duplicate Charge,Closed,Low,true,5,11.4,BR-017,E-0099,true
RB-CS-000531,RB-C-00261-1,RB-FA-000582,2026-06-09T13:38:41.000Z,2026-06-09T14:31:05.000Z,Chat,Account Access,Locked Account,Closed,Low,true,4,14.0,BR-002,E-0067,false
RB-CS-000532,RB-C-00261-1,RB-FA-000583,2025-08-11T17:33:51.000Z,2025-08-11T18:39:38.000Z,Mobile App,Account Access,MFA,Closed,Low,true,4,10.7,BR-002,E-0074,true
RB-CS-000533,RB-C-00262-1,RB-FA-000584,2025-06-24T14:41:20.000Z,2025-07-10T11:20:46.000Z,Chat,Account Access,MFA,Closed,Low,false,2,8.9,BR-016,E-0074,false
RB-CS-000534,RB-C-00262-1,RB-FA-000585,2025-10-04T09:04:08.000Z,2025-10-04T07:45:14.000Z,Chat,Account Access,Locked Account,Closed,High,true,,13.4,BR-016,E-0119,true
RB-CS-000535,RB-C-00262-1,RB-FA-000585,2025-06-08T08:22:14.000Z,2025-06-26T16:57:47.000Z,Voice,Card Dispute,Duplicate Charge,Closed,Medium,false,5,15.5,BR-016,E-0099,false
RB-CS-000536,RB-C-00263-1,RB-FA-000586,2025-03-19T08:27:21.000Z,2025-03-19T19:31:08.000Z,Voice,Payments,Failed Transfer,Closed,High,true,,8.1,BR-003,E-0107,true
RB-CS-000537,RB-C-00264-1,RB-FA-000588,2026-07-24T18:43:28.000Z,2026-08-10T07:43:33.000Z,Voice,Product Question,Rates,Closed,Low,false,,8.2,BR-016,E-0083,false
RB-CS-000538,RB-C-00266-1,RB-FA-000590,2025-08-12T16:56:29.000Z,2025-08-21T17:40:21.000Z,Chat,Product Question,Rates,Closed,Low,false,2,17.9,BR-021,E-0102,false
RB-CS-000539,RB-C-00266-1,RB-FA-000591,2026-07-27T17:30:14.000Z,,Voice,Card Dispute,Merchant Refund,Open,Medium,false,3,28.7,BR-021,E-0138,false
RB-CS-000540,RB-C-00267-1,RB-FA-000592,2025-04-20T12:50:59.000Z,2025-04-20T12:18:12.000Z,Mobile App,Product Question,Rates,Closed,Medium,true,,11.0,BR-026,E-0065,true
RB-CS-000541,RB-C-00267-1,RB-FA-000593,2025-05-15T11:13:16.000Z,2025-05-15T18:17:22.000Z,Chat,Card Dispute,Unrecognized Charge,Closed,High,true,5,5.1,BR-026,E-0092,true
RB-CS-000542,RB-C-00267-1,RB-FA-000593,2025-05-17T07:22:15.000Z,2025-05-17T14:19:20.000Z,Mobile App,Fee Inquiry,Monthly Maintenance,Closed,Low,true,,14.8,BR-026,E-0072,false
RB-CS-000543,RB-C-00268-1,RB-FA-000594,2026-04-04T11:23:12.000Z,2026-04-04T12:23:47.000Z,Branch,Account Access,Locked Account,Closed,Low,true,,12.1,BR-030,E-0091,false
RB-CS-000544,RB-C-00271-1,RB-FA-000600,2026-02-08T17:39:34.000Z,2026-02-13T09:27:18.000Z,Chat,Fee Inquiry,Overdraft Fee,Closed,Medium,false,3,9.2,BR-022,E-0110,true
RB-CS-000545,RB-C-00272-1,RB-FA-000601,2026-04-21T19:17:25.000Z,2026-05-03T17:50:40.000Z,Voice,Card Dispute,Merchant Refund,Closed,Low,false,4,11.7,BR-012,E-0073,false
RB-CS-000546,RB-C-00272-1,RB-FA-000602,2026-04-16T10:28:07.000Z,2026-04-16T13:57:03.000Z,Voice,Product Question,Eligibility,Closed,Low,true,5,7.3,BR-012,E-0108,false
RB-CS-000547,RB-C-00272-1,RB-FA-000602,2026-06-26T19:13:37.000Z,2026-06-26T17:46:44.000Z,Voice,Account Access,Password Reset,Closed,Medium,true,5,21.8,BR-012,E-0063,false
RB-CS-000548,RB-C-00275-1,RB-FA-000608,2025-01-31T19:48:19.000Z,2025-01-31T16:37:13.000Z,Mobile App,Account Access,Locked Account,Closed,Medium,true,2,16.1,BR-012,E-0072,true
RB-CS-000549,RB-C-00275-1,RB-FA-000608,2025-05-01T09:21:16.000Z,2025-05-01T14:16:26.000Z,Mobile App,Account Access,MFA,Closed,Medium,true,5,19.0,BR-012,E-0084,true
RB-CS-000550,RB-C-00275-1,RB-FA-000608,2025-07-29T19:26:17.000Z,2025-07-29T14:13:24.000Z,Email,Account Access,MFA,Closed,Medium,true,4,24.6,BR-012,E-0100,true
RB-CS-000551,RB-C-00275-1,RB-FA-000609,2024-11-09T16:38:16.000Z,2024-11-09T12:57:38.000Z,Chat,Fraud,Card Compromised,Closed,Low,true,5,18.2,BR-012,E-0088,false
RB-CS-000552,RB-C-00277-1,RB-FA-000614,2025-06-17T07:43:49.000Z,2025-07-02T07:11:43.000Z,Voice,Account Access,Password Reset,Closed,Low,false,5,15.8,BR-009,E-0065,true
RB-CS-000553,RB-C-00277-1,RB-FA-000614,2024-11-29T14:23:39.000Z,2024-11-29T11:47:25.000Z,Voice,Payments,Bill Pay,Closed,High,true,3,10.1,BR-009,E-0131,false
RB-CS-000554,RB-C-00277-1,RB-FA-000614,2025-08-03T08:40:39.000Z,2025-08-23T10:25:58.000Z,Voice,Fee Inquiry,ATM Fee,Closed,Medium,false,,8.1,BR-009,E-0062,true
RB-CS-000555,RB-C-00277-1,RB-FA-000614,2025-04-03T07:13:41.000Z,2025-04-03T11:01:02.000Z,Email,Account Access,Locked Account,Closed,Medium,true,3,20.9,BR-009,E-0128,false
RB-CS-000556,RB-C-00278-1,RB-FA-000617,2025-05-17T18:38:38.000Z,2025-05-17T17:05:46.000Z,Voice,Account Access,Password Reset,Closed,Medium,true,,15.3,BR-008,E-0137,false
RB-CS-000557,RB-C-00279-1,RB-FA-000618,2025-06-25T11:29:13.000Z,,Voice,Account Access,Locked Account,In Progress,Low,false,,8.0,BR-009,E-0081,false
RB-CS-000558,RB-C-00279-1,RB-FA-000619,2025-08-28T14:48:40.000Z,2025-08-28T13:55:17.000Z,Voice,Fraud,Card Compromised,Closed,Low,true,4,19.1,BR-009,E-0061,false
RB-CS-000559,RB-C-00280-1,RB-FA-000620,2025-09-19T14:31:23.000Z,,Email,Card Dispute,Unrecognized Charge,Escalated,Low,true,4,15.9,BR-019,E-0118,false
RB-CS-000560,RB-C-00280-1,RB-FA-000620,2025-11-19T08:52:23.000Z,2025-11-19T18:03:37.000Z,Voice,Fraud,Card Compromised,Closed,Low,true,,8.7,BR-019,E-0069,true
RB-CS-000561,RB-C-00280-1,RB-FA-000620,2026-07-19T08:40:34.000Z,2026-08-08T10:01:16.000Z,Mobile App,Payments,Bill Pay,Closed,Medium,false,2,5.8,BR-019,E-0120,false
RB-CS-000562,RB-C-00280-1,RB-FA-000620,2024-09-10T15:27:06.000Z,2024-09-10T08:11:42.000Z,Chat,Payments,Bill Pay,Closed,High,true,,8.1,BR-019,E-0120,false
RB-CS-000563,RB-C-00282-1,RB-FA-000624,2026-02-18T08:43:17.000Z,2026-02-18T17:21:20.000Z,Chat,Fraud,Account Takeover,Closed,Low,true,,5.1,BR-018,E-0112,false
RB-CS-000564,RB-C-00282-1,RB-FA-000624,2026-07-07T17:51:59.000Z,2026-07-18T16:19:35.000Z,Branch,Card Dispute,Unrecognized Charge,Closed,High,false,,9.4,BR-018,E-0118,true
RB-CS-000565,RB-C-00284-1,RB-FA-000626,2024-09-02T13:40:28.000Z,2024-09-02T07:49:29.000Z,Voice,Account Access,Locked Account,Closed,Medium,true,,13.9,BR-007,E-0089,false
RB-CS-000566,RB-C-00284-1,RB-FA-000627,2026-01-08T12:58:27.000Z,2026-01-23T18:08:34.000Z,Chat,Fee Inquiry,Monthly Maintenance,Closed,Low,false,2,15.7,BR-007,E-0112,true
RB-CS-000567,RB-C-00286-1,RB-FA-000631,2026-05-25T11:23:46.000Z,2026-06-11T09:57:58.000Z,Email,Payments,Failed Transfer,Closed,Low,false,4,18.3,BR-022,E-0132,true
RB-CS-000568,RB-C-00286-1,RB-FA-000631,2026-03-06T16:09:39.000Z,2026-03-06T14:23:54.000Z,Chat,Account Access,Locked Account,Closed,Low,true,,8.9,BR-022,E-0105,true
RB-CS-000569,RB-C-00286-1,RB-FA-000631,2025-10-23T13:31:31.000Z,2025-10-28T12:25:02.000Z,Voice,Payments,Wire Status,Closed,Medium,false,5,13.9,BR-022,E-0081,true
RB-CS-000570,RB-C-00286-1,RB-FA-000631,2024-10-23T08:00:35.000Z,2024-11-07T12:05:20.000Z,Voice,Fee Inquiry,ATM Fee,Closed,Medium,false,5,26.6,BR-022,E-0137,true
RB-CS-000571,RB-C-00286-1,RB-FA-000632,2026-07-06T13:02:48.000Z,,Voice,Fraud,Account Takeover,Escalated,High,true,,15.6,BR-022,E-0091,false
RB-CS-000572,RB-C-00287-1,RB-FA-000633,2026-05-24T07:31:02.000Z,2026-05-24T11:07:57.000Z,Voice,Account Access,MFA,Closed,Low,true,,10.3,BR-029,E-0101,true
RB-CS-000573,RB-C-00287-1,RB-FA-000634,2026-07-27T11:25:28.000Z,2026-07-27T18:50:01.000Z,Voice,Fee Inquiry,Monthly Maintenance,Closed,Medium,true,3,11.9,BR-029,E-0110,false
RB-CS-000574,RB-C-00288-1,RB-FA-000638,2025-11-30T14:38:44.000Z,2025-11-30T09:10:32.000Z,Chat,Fee Inquiry,ATM Fee,Closed,Medium,true,3,3.4,BR-022,E-0124,true
RB-CS-000575,RB-C-00288-1,RB-FA-000638,2025-09-14T18:32:52.000Z,2025-09-14T13:53:41.000Z,Chat,Fee Inquiry,Monthly Maintenance,Closed,Medium,true,,12.9,BR-022,E-0114,false
RB-CS-000576,RB-C-00288-1,RB-FA-000638,2024-12-31T15:01:03.000Z,2025-01-07T08:12:13.000Z,Voice,Fee Inquiry,Monthly Maintenance,Closed,Medium,false,,6.8,BR-022,E-0124,false
RB-CS-000577,RB-C-00292-1,RB-FA-000643,2026-03-05T14:48:01.000Z,2026-03-15T16:34:46.000Z,Chat,Card Dispute,Duplicate Charge,Closed,Low,false,,29.1,BR-004,E-0121,true
RB-CS-000578,RB-C-00292-1,RB-FA-000644,2024-09-07T13:42:07.000Z,2024-09-07T10:32:39.000Z,Mobile App,Fee Inquiry,Overdraft Fee,Closed,Medium,true,,8.5,BR-004,E-0086,false
RB-CS-000579,RB-C-00292-1,RB-FA-000644,2024-09-15T16:26:16.000Z,2024-09-15T19:29:39.000Z,Mobile App,Fraud,Card Compromised,Closed,Medium,true,,7.1,BR-004,E-0085,true
RB-CS-000580,RB-C-00292-1,RB-FA-000644,2026-03-13T19:13:14.000Z,2026-03-13T08:43:22.000Z,Chat,Fee Inquiry,Overdraft Fee,Closed,Medium,true,,9.5,BR-004,E-0131,false
RB-CS-000581,RB-C-00292-1,RB-FA-000644,2026-01-03T16:49:44.000Z,,Email,Account Access,Locked Account,Escalated,Medium,false,3,62.1,BR-004,E-0080,false
RB-CS-000582,RB-C-00292-1,RB-FA-000645,2026-08-27T11:09:37.000Z,2026-08-27T07:44:10.000Z,Voice,Account Access,MFA,Closed,Low,true,,10.7,BR-004,E-0104,true
RB-CS-000583,RB-C-00292-1,RB-FA-000645,2025-02-04T19:00:50.000Z,2025-02-04T18:59:31.000Z,Chat,Fee Inquiry,Overdraft Fee,Closed,Low,true,,5.7,BR-004,E-0080,true
RB-CS-000584,RB-C-00293-1,RB-FA-000646,2026-02-19T18:42:22.000Z,2026-02-19T07:40:33.000Z,Voice,Account Access,Password Reset,Closed,Medium,true,4,11.5,BR-003,E-0113,false
RB-CS-000585,RB-C-00295-1,RB-FA-000650,2026-07-01T14:13:50.000Z,2026-07-10T09:19:02.000Z,Mobile App,Fee Inquiry,Overdraft Fee,Closed,Low,false,,8.9,BR-014,E-0116,true
RB-CS-000586,RB-C-00295-1,RB-FA-000651,2026-08-17T16:00:20.000Z,2026-08-17T08:26:27.000Z,Branch,Product Question,Rates,Closed,Low,true,,9.0,BR-014,E-0125,false
RB-CS-000587,RB-C-00297-1,RB-FA-000657,2025-07-28T18:02:15.000Z,2025-07-30T11:33:49.000Z,Voice,Card Dispute,Unrecognized Charge,Closed,Medium,false,4,15.2,BR-004,E-0107,false
RB-CS-000588,RB-C-00298-1,RB-FA-000658,2024-09-08T16:44:48.000Z,2024-09-15T09:05:47.000Z,Voice,Account Access,MFA,Closed,Low,false,,7.1,BR-005,E-0133,false
RB-CS-000589,RB-C-00299-1,RB-FA-000662,2024-09-11T07:43:48.000Z,2024-09-11T09:49:59.000Z,Mobile App,Fraud,Account Takeover,Closed,Medium,true,,3.8,BR-001,E-0084,false
RB-CS-000590,RB-C-00301-1,RB-FA-000666,2026-03-08T19:37:00.000Z,2026-03-08T15:56:43.000Z,Voice,Product Question,Rates,Closed,Low,true,5,10.1,BR-001,E-0067,true
RB-CS-000591,RB-C-00301-1,RB-FA-000667,2024-10-04T17:33:31.000Z,2024-10-04T19:11:38.000Z,Chat,Card Dispute,Duplicate Charge,Closed,Medium,true,,13.3,BR-001,E-0135,false
RB-CS-000592,RB-C-00302-1,RB-FA-000668,2024-11-14T13:39:49.000Z,2024-11-17T13:54:11.000Z,Voice,Card Dispute,Merchant Refund,Closed,Low,false,,11.6,BR-001,E-0083,false
RB-CS-000593,RB-C-00302-1,RB-FA-000669,2026-06-15T19:17:23.000Z,2026-06-15T17:13:23.000Z,Branch,Account Access,Password Reset,Closed,Low,true,,7.1,BR-001,E-0096,true
RB-CS-000594,RB-C-00302-1,RB-FA-000671,2026-04-20T16:33:16.000Z,2026-05-01T08:19:00.000Z,Voice,Card Dispute,Merchant Refund,Closed,High,false,,23.5,BR-001,E-0108,false
RB-CS-000595,RB-C-00303-1,RB-FA-000672,2025-06-21T15:01:10.000Z,2025-07-01T12:25:54.000Z,Email,Payments,Bill Pay,Closed,Low,false,,18.1,BR-021,E-0102,true
RB-CS-000596,RB-C-00303-1,RB-FA-000672,2025-06-12T19:46:37.000Z,2025-06-21T10:18:03.000Z,Chat,Account Access,Locked Account,Closed,Medium,false,4,16.5,BR-021,E-0120,false
RB-CS-000597,RB-C-00303-1,RB-FA-000672,2025-09-11T12:08:40.000Z,2025-09-11T13:14:33.000Z,Email,Card Dispute,Duplicate Charge,Closed,Low,true,5,25.7,BR-021,E-0139,false
RB-CS-000598,RB-C-00304-1,RB-FA-000673,2026-01-17T12:22:59.000Z,2026-01-29T19:48:47.000Z,Chat,Payments,Wire Status,Closed,Low,false,1,7.8,BR-006,E-0105,false
RB-CS-000599,RB-C-00304-1,RB-FA-000674,2026-04-17T07:06:37.000Z,,Chat,Fee Inquiry,ATM Fee,In Progress,Medium,true,3,9.7,BR-006,E-0101,false
RB-CS-000600,RB-C-00304-1,RB-FA-000674,2026-05-16T07:04:56.000Z,2026-06-02T14:57:08.000Z,Mobile App,Fee Inquiry,Overdraft Fee,Closed,Low,false,5,9.6,BR-006,E-0070,false
RB-CS-000601,RB-C-00304-1,RB-FA-000674,2024-12-06T07:21:17.000Z,2024-12-06T14:47:14.000Z,Voice,Fraud,Account Takeover,Closed,Low,true,,15.6,BR-006,E-0085,true
RB-CS-000602,RB-C-00304-1,RB-FA-000674,2025-10-28T09:15:01.000Z,,Mobile App,Fraud,Account Takeover,In Progress,Low,true,4,21.1,BR-006,E-0140,false
RB-CS-000603,RB-C-00305-1,RB-FA-000675,2025-10-31T11:21:29.000Z,2025-11-05T09:42:49.000Z,Chat,Card Dispute,Unrecognized Charge,Closed,Medium,false,,18.9,BR-021,E-0066,false
RB-CS-000604,RB-C-00305-1,RB-FA-000675,2024-12-28T16:13:51.000Z,2024-12-29T16:34:12.000Z,Mobile App,Card Dispute,Duplicate Charge,Closed,Low,false,5,8.8,BR-021,E-0133,true
RB-CS-000605,RB-C-00305-1,RB-FA-000675,2026-08-26T11:41:50.000Z,2026-08-26T08:00:52.000Z,Branch,Account Access,Locked Account,Closed,Medium,true,3,5.2,BR-021,E-0087,false
RB-CS-000606,RB-C-00305-1,RB-FA-000675,2026-06-16T11:24:47.000Z,2026-06-16T19:17:14.000Z,Chat,Account Access,Locked Account,Closed,Medium,true,,12.4,BR-021,E-0119,false
RB-CS-000607,RB-C-00305-1,RB-FA-000676,2026-02-21T09:53:54.000Z,2026-02-21T12:38:14.000Z,Voice,Account Access,MFA,Closed,Medium,true,,10.7,BR-021,E-0068,true
RB-CS-000608,RB-C-00307-1,RB-FA-000679,2025-06-12T15:15:55.000Z,2025-06-28T15:31:56.000Z,Voice,Card Dispute,Duplicate Charge,Closed,Medium,false,,9.0,BR-022,E-0131,false
RB-CS-000609,RB-C-00307-1,RB-FA-000680,2025-09-23T16:22:57.000Z,2025-09-23T10:07:04.000Z,Voice,Product Question,Eligibility,Closed,Low,true,,4.9,BR-022,E-0099,false
RB-CS-000610,RB-C-00307-1,RB-FA-000680,2026-06-20T12:13:35.000Z,,Voice,Card Dispute,Merchant Refund,Escalated,Low,false,5,14.0,BR-022,E-0124,false
RB-CS-000611,RB-C-00308-1,RB-FA-000681,2025-09-08T07:55:52.000Z,2025-09-18T09:13:57.000Z,Branch,Card Dispute,Merchant Refund,Closed,Low,false,,4.2,BR-014,E-0099,true
RB-CS-000612,RB-C-00309-1,RB-FA-000682,2026-07-12T14:13:07.000Z,2026-07-12T17:20:46.000Z,Chat,Payments,Bill Pay,Closed,Medium,true,,11.5,BR-015,E-0090,false
RB-CS-000613,RB-C-00309-1,RB-FA-000682,2025-08-26T13:57:21.000Z,2025-08-26T17:10:39.000Z,Chat,Payments,Bill Pay,Closed,Low,true,,14.7,BR-015,E-0088,true
RB-CS-000614,RB-C-00309-1,RB-FA-000682,2026-07-15T16:28:41.000Z,2026-07-18T13:44:36.000Z,Chat,Product Question,Rates,Closed,Low,false,3,19.8,BR-015,E-0114,false
RB-CS-000615,RB-C-00309-1,RB-FA-000682,2024-10-26T14:15:28.000Z,2024-10-26T08:51:00.000Z,Chat,Card Dispute,Unrecognized Charge,Closed,Low,true,,17.6,BR-015,E-0135,false
RB-CS-000616,RB-C-00310-1,RB-FA-000683,2025-12-16T16:18:28.000Z,2025-12-16T11:24:58.000Z,Chat,Card Dispute,Unrecognized Charge,Closed,Medium,true,4,11.2,BR-026,E-0067,false
RB-CS-000617,RB-C-00310-1,RB-FA-000683,2024-10-04T15:58:07.000Z,2024-10-18T09:03:22.000Z,Voice,Card Dispute,Unrecognized Charge,Closed,Low,false,,14.7,BR-026,E-0119,false
RB-CS-000618,RB-C-00310-1,RB-FA-000683,2026-06-28T19:39:45.000Z,2026-06-28T07:07:32.000Z,Voice,Product Question,Rates,Closed,Low,true,,14.3,BR-026,E-0121,false
RB-CS-000619,RB-C-00310-1,RB-FA-000683,2026-02-03T09:42:46.000Z,2026-02-03T16:55:05.000Z,Chat,Product Question,Eligibility,Closed,Low,true,4,10.0,BR-026,E-0065,true
RB-CS-000620,RB-C-00312-1,RB-FA-000685,2024-12-23T19:55:28.000Z,2024-12-24T09:44:08.000Z,Email,Account Access,Locked Account,Closed,Medium,false,,11.6,BR-012,E-0103,false
RB-CS-000621,RB-C-00313-1,RB-FA-000688,2025-01-08T12:21:28.000Z,,Voice,Fee Inquiry,Monthly Maintenance,Escalated,Medium,true,,10.9,BR-001,E-0071,false
RB-CS-000622,RB-C-00313-1,RB-FA-000688,2025-12-19T18:59:43.000Z,2025-12-21T15:17:22.000Z,Chat,Account Access,Password Reset,Closed,High,false,,13.0,BR-001,E-0134,false
RB-CS-000623,RB-C-00313-1,RB-FA-000688,2026-06-20T13:15:15.000Z,2026-07-04T12:29:04.000Z,Mobile App,Card Dispute,Duplicate Charge,Closed,Low,false,,18.0,BR-001,E-0112,false
RB-CS-000624,RB-C-00313-1,RB-FA-000688,2026-05-10T19:26:26.000Z,2026-05-10T15:31:15.000Z,Voice,Payments,Wire Status,Closed,Low,true,1,15.1,BR-001,E-0092,false
RB-CS-000625,RB-C-00313-1,RB-FA-000689,2025-09-21T09:26:16.000Z,2025-09-21T15:07:07.000Z,Mobile App,Payments,Wire Status,Closed,Medium,true,5,16.3,BR-001,E-0116,true
RB-CS-000626,RB-C-00313-1,RB-FA-000689,2024-09-07T13:22:21.000Z,2024-09-10T07:22:57.000Z,Branch,Account Access,Password Reset,Closed,Low,false,4,12.4,BR-001,E-0128,false
RB-CS-000627,RB-C-00316-1,RB-FA-000695,2025-08-04T18:47:47.000Z,2025-08-04T11:54:01.000Z,Voice,Fraud,Account Takeover,Closed,Medium,true,,10.4,BR-027,E-0110,true
RB-CS-000628,RB-C-00316-1,RB-FA-000695,2025-01-12T14:51:49.000Z,2025-01-14T19:30:41.000Z,Voice,Fraud,Card Compromised,Closed,High,false,,6.8,BR-027,E-0071,true
RB-CS-000629,RB-C-00316-1,RB-FA-000696,2026-05-08T13:54:46.000Z,2026-05-08T19:04:31.000Z,Voice,Account Access,MFA,Closed,Low,true,,22.6,BR-027,E-0137,false
RB-CS-000630,RB-C-00317-1,RB-FA-000698,2025-11-17T13:52:11.000Z,2025-12-01T09:00:48.000Z,Branch,Fee Inquiry,Monthly Maintenance,Closed,Medium,false,1,6.1,BR-021,E-0101,false
RB-CS-000631,RB-C-00317-1,RB-FA-000700,2026-04-18T09:45:08.000Z,2026-04-18T18:42:40.000Z,Branch,Card Dispute,Duplicate Charge,Closed,Low,true,4,13.2,BR-021,E-0092,true
RB-CS-000632,RB-C-00318-1,RB-FA-000701,2026-01-13T14:42:22.000Z,2026-01-20T14:04:06.000Z,Chat,Product Question,Eligibility,Closed,Low,false,,14.0,BR-011,E-0071,false
RB-CS-000633,RB-C-00319-1,RB-FA-000703,2026-04-19T17:59:02.000Z,2026-04-19T17:12:44.000Z,Email,Product Question,Rates,Closed,Low,true,5,16.5,BR-015,E-0105,false
RB-CS-000634,RB-C-00319-1,RB-FA-000704,2024-12-29T11:11:51.000Z,2025-01-01T10:21:34.000Z,Voice,Payments,Wire Status,Closed,Low,false,4,9.1,BR-015,E-0137,false
RB-CS-000635,RB-C-00319-1,RB-FA-000704,2025-03-03T11:54:58.000Z,,Chat,Fee Inquiry,ATM Fee,Escalated,Low,false,,7.9,BR-015,E-0099,true
RB-CS-000636,RB-C-00319-1,RB-FA-000704,2025-04-11T19:43:40.000Z,2025-04-11T08:53:27.000Z,Voice,Account Access,Locked Account,Closed,Medium,true,,14.3,BR-015,E-0084,false
RB-CS-000637,RB-C-00319-1,RB-FA-000706,2025-07-12T12:50:58.000Z,2025-07-13T13:52:40.000Z,Branch,Payments,Failed Transfer,Closed,Low,false,4,8.2,BR-015,E-0084,false
RB-CS-000638,RB-C-00320-1,RB-FA-000707,2025-02-03T16:02:47.000Z,2025-02-03T09:19:00.000Z,Voice,Card Dispute,Duplicate Charge,Closed,Medium,true,,13.2,BR-011,E-0138,true
RB-CS-000639,RB-C-00320-1,RB-FA-000707,2024-12-05T18:46:39.000Z,,Voice,Payments,Bill Pay,In Progress,High,false,3,10.9,BR-011,E-0077,false
RB-CS-000640,RB-C-00320-1,RB-FA-000707,2025-06-06T07:57:21.000Z,2025-06-12T18:54:20.000Z,Voice,Fraud,Card Compromised,Closed,Low,false,5,14.6,BR-011,E-0077,false
RB-CS-000641,RB-C-00321-1,RB-FA-000708,2024-11-25T16:54:32.000Z,2024-11-25T11:12:26.000Z,Branch,Product Question,Eligibility,Closed,Low,true,,8.9,BR-008,E-0107,false
RB-CS-000642,RB-C-00321-1,RB-FA-000709,2025-12-18T11:20:27.000Z,2025-12-18T07:55:24.000Z,Mobile App,Account Access,MFA,Closed,Medium,true,,27.3,BR-008,E-0097,true
RB-CS-000643,RB-C-00323-1,RB-FA-000713,2026-04-07T17:03:11.000Z,2026-04-07T19:56:07.000Z,Email,Fee Inquiry,Monthly Maintenance,Closed,Medium,true,5,20.7,BR-004,E-0131,false
RB-CS-000644,RB-C-00324-1,RB-FA-000714,2025-05-07T19:18:25.000Z,2025-05-07T10:08:19.000Z,Voice,Account Access,Password Reset,Closed,Medium,true,,8.0,BR-011,E-0137,false
RB-CS-000645,RB-C-00326-1,RB-FA-000719,2024-10-30T09:40:14.000Z,2024-10-30T16:11:09.000Z,Email,Product Question,Eligibility,Closed,Low,true,4,6.7,BR-002,E-0075,true
RB-CS-000646,RB-C-00326-1,RB-FA-000720,2026-05-03T16:21:53.000Z,2026-05-03T17:25:18.000Z,Chat,Product Question,Eligibility,Closed,Low,true,5,18.1,BR-002,E-0063,false
RB-CS-000647,RB-C-00328-1,RB-FA-000723,2025-03-07T19:21:20.000Z,2025-03-19T14:18:46.000Z,Voice,Account Access,Password Reset,Closed,Low,false,4,3.1,BR-010,E-0120,true
RB-CS-000648,RB-C-00328-1,RB-FA-000724,2024-12-03T17:28:13.000Z,2024-12-03T13:23:26.000Z,Email,Card Dispute,Merchant Refund,Closed,Low,true,,7.8,BR-010,E-0083,false
RB-CS-000649,RB-C-00329-1,RB-FA-000725,2025-03-16T17:15:30.000Z,2025-03-16T11:28:33.000Z,Chat,Card Dispute,Unrecognized Charge,Closed,Low,true,,9.5,BR-026,E-0063,true
RB-CS-000650,RB-C-00329-1,RB-FA-000725,2026-05-05T14:32:47.000Z,2026-05-05T19:13:16.000Z,Chat,Product Question,Eligibility,Closed,Low,true,,6.1,BR-026,E-0068,false
RB-CS-000651,RB-C-00329-1,RB-FA-000725,2025-12-26T16:01:20.000Z,2026-01-04T07:22:17.000Z,Voice,Product Question,Eligibility,Closed,Low,false,,11.9,BR-026,E-0069,true
RB-CS-000652,RB-C-00329-1,RB-FA-000725,2025-11-21T13:34:46.000Z,2025-11-21T14:22:11.000Z,Voice,Account Access,Locked Account,Closed,Medium,true,5,12.7,BR-026,E-0088,false
RB-CS-000653,RB-C-00330-1,RB-FA-000726,2025-12-02T10:36:00.000Z,,Chat,Product Question,Eligibility,Escalated,Medium,false,,10.8,BR-016,E-0077,false
RB-CS-000654,RB-C-00330-1,RB-FA-000727,2024-10-02T15:09:33.000Z,,Email,Fee Inquiry,Monthly Maintenance,Escalated,High,true,4,36.5,BR-016,E-0072,true
RB-CS-000655,RB-C-00330-1,RB-FA-000727,2025-08-18T10:44:19.000Z,2025-08-18T08:27:29.000Z,Voice,Product Question,Rates,Closed,Low,true,4,8.4,BR-016,E-0119,false
RB-CS-000656,RB-C-00330-1,RB-FA-000727,2025-09-23T16:40:27.000Z,2025-09-23T14:44:31.000Z,Chat,Account Access,Locked Account,Closed,Low,true,,7.3,BR-016,E-0129,false
RB-CS-000657,RB-C-00332-1,RB-FA-000729,2025-09-24T13:30:50.000Z,2025-10-09T19:02:38.000Z,Chat,Payments,Bill Pay,Closed,Low,false,5,5.6,BR-007,E-0125,false
RB-CS-000658,RB-C-00332-1,RB-FA-000730,2025-08-06T11:29:50.000Z,,Voice,Fee Inquiry,ATM Fee,Escalated,Low,false,,20.2,BR-007,E-0088,true
RB-CS-000659,RB-C-00333-1,RB-FA-000733,2024-12-25T08:48:04.000Z,2024-12-25T18:28:17.000Z,Voice,Account Access,Locked Account,Closed,Low,true,4,15.1,BR-025,E-0115,true
RB-CS-000660,RB-C-00333-1,RB-FA-000733,2024-11-07T12:48:58.000Z,2024-11-07T15:52:04.000Z,Voice,Product Question,Eligibility,Closed,Low,true,,34.4,BR-025,E-0061,true
RB-CS-000661,RB-C-00333-1,RB-FA-000733,2025-05-22T07:53:28.000Z,,Voice,Product Question,Eligibility,Escalated,Low,true,4,9.3,BR-025,E-0071,true
RB-CS-000662,RB-C-00333-1,RB-FA-000734,2026-04-14T12:25:18.000Z,2026-04-22T07:27:24.000Z,Voice,Account Access,Locked Account,Closed,High,false,,11.0,BR-025,E-0101,true
RB-CS-000663,RB-C-00333-1,RB-FA-000734,2025-05-09T09:41:43.000Z,2025-05-20T08:03:20.000Z,Voice,Product Question,Rates,Closed,Medium,false,3,9.1,BR-025,E-0118,true
RB-CS-000664,RB-C-00333-1,RB-FA-000734,2025-04-12T11:32:10.000Z,2025-04-12T15:28:15.000Z,Voice,Fraud,Account Takeover,Closed,Low,true,4,9.3,BR-025,E-0066,false
RB-CS-000665,RB-C-00335-1,RB-FA-000737,2026-06-22T13:48:47.000Z,2026-06-22T07:33:02.000Z,Chat,Payments,Bill Pay,Closed,Medium,true,,10.9,BR-002,E-0103,false
RB-CS-000666,RB-C-00336-1,RB-FA-000739,2025-10-16T08:22:12.000Z,,Branch,Account Access,MFA,Open,Low,true,,8.7,BR-016,E-0082,false
RB-CS-000667,RB-C-00336-1,RB-FA-000740,2024-12-24T19:36:43.000Z,2024-12-24T15:08:52.000Z,Email,Fraud,Account Takeover,Closed,High,true,,24.0,BR-016,E-0092,false
RB-CS-000668,RB-C-00336-1,RB-FA-000740,2026-04-30T13:11:14.000Z,2026-04-30T15:40:43.000Z,Voice,Card Dispute,Unrecognized Charge,Closed,Low,true,4,33.4,BR-016,E-0136,true
RB-CS-000669,RB-C-00337-1,RB-FA-000741,2025-09-17T09:00:35.000Z,2025-10-07T09:35:12.000Z,Voice,Fraud,Account Takeover,Closed,Medium,false,,9.3,BR-029,E-0105,false
RB-CS-000670,RB-C-00337-1,RB-FA-000742,2025-12-04T18:26:36.000Z,2025-12-16T07:14:32.000Z,Branch,Payments,Bill Pay,Closed,High,false,2,15.8,BR-029,E-0084,true
RB-CS-000671,RB-C-00337-1,RB-FA-000744,2025-10-25T11:23:20.000Z,2025-10-25T12:48:47.000Z,Mobile App,Fee Inquiry,Overdraft Fee,Closed,Low,true,,10.7,BR-029,E-0071,true
RB-CS-000672,RB-C-00337-1,RB-FA-000744,2025-07-15T08:57:47.000Z,2025-08-05T08:49:12.000Z,Voice,Fraud,Card Compromised,Closed,Medium,false,2,22.5,BR-029,E-0073,true
RB-CS-000673,RB-C-00337-1,RB-FA-000744,2026-02-12T15:36:16.000Z,,Chat,Account Access,Locked Account,Open,Medium,true,,26.4,BR-029,E-0080,true
RB-CS-000674,RB-C-00337-1,RB-FA-000744,2025-07-27T08:37:46.000Z,2025-08-01T17:56:30.000Z,Voice,Account Access,MFA,Closed,High,false,1,14.5,BR-029,E-0099,false
RB-CS-000675,RB-C-00338-1,RB-FA-000747,2026-05-22T15:49:11.000Z,2026-05-22T17:12:19.000Z,Chat,Card Dispute,Merchant Refund,Closed,Low,true,,12.8,BR-028,E-0121,true
RB-CS-000676,RB-C-00338-1,RB-FA-000747,2025-04-12T12:56:31.000Z,2025-04-12T18:30:53.000Z,Email,Payments,Bill Pay,Closed,Medium,true,3,64.6,BR-028,E-0061,true
RB-CS-000677,RB-C-00339-1,RB-FA-000748,2026-05-15T17:55:03.000Z,2026-05-15T19:27:53.000Z,Voice,Fee Inquiry,Overdraft Fee,Closed,Medium,true,,17.1,BR-017,E-0140,true
RB-CS-000678,RB-C-00339-1,RB-FA-000748,2025-01-15T07:32:26.000Z,2025-01-30T16:03:37.000Z,Mobile App,Product Question,Rates,Closed,Low,false,5,8.0,BR-017,E-0102,false
RB-CS-000679,RB-C-00339-1,RB-FA-000748,2026-06-30T16:58:27.000Z,2026-07-06T17:55:33.000Z,Chat,Card Dispute,Duplicate Charge,Closed,Medium,false,,16.1,BR-017,E-0096,false
RB-CS-000680,RB-C-00339-1,RB-FA-000749,2025-04-07T10:00:47.000Z,2025-04-07T15:02:36.000Z,Chat,Payments,Bill Pay,Closed,Medium,true,5,4.5,BR-017,E-0126,false
RB-CS-000681,RB-C-00340-1,RB-FA-000751,2024-11-22T19:22:24.000Z,2024-11-22T13:48:10.000Z,Mobile App,Payments,Wire Status,Closed,Medium,true,4,27.4,BR-015,E-0113,false
RB-CS-000682,RB-C-00340-1,RB-FA-000751,2024-09-07T07:51:54.000Z,2024-09-07T07:15:45.000Z,Voice,Fee Inquiry,Overdraft Fee,Closed,High,true,5,12.6,BR-015,E-0116,true
RB-CS-000683,RB-C-00341-1,RB-FA-000753,2025-01-30T15:47:28.000Z,2025-01-30T11:01:49.000Z,Mobile App,Account Access,Password Reset,Closed,Low,true,,25.9,BR-019,E-0062,true
RB-CS-000684,RB-C-00341-1,RB-FA-000754,2026-06-14T08:57:29.000Z,2026-06-14T07:30:42.000Z,Chat,Product Question,Rates,Closed,High,true,,14.3,BR-019,E-0118,true
RB-CS-000685,RB-C-00342-1,RB-FA-000755,2024-10-26T14:26:17.000Z,2024-11-07T19:10:55.000Z,Voice,Card Dispute,Unrecognized Charge,Closed,Low,false,4,20.6,BR-007,E-0073,true
RB-CS-000686,RB-C-00342-1,RB-FA-000755,2025-12-27T15:58:52.000Z,2025-12-27T18:02:07.000Z,Voice,Fee Inquiry,Monthly Maintenance,Closed,Low,true,,8.1,BR-007,E-0069,true
RB-CS-000687,RB-C-00342-1,RB-FA-000755,2025-01-15T11:27:09.000Z,2025-01-15T19:21:07.000Z,Mobile App,Payments,Bill Pay,Closed,High,true,5,15.7,BR-007,E-0088,false
RB-CS-000688,RB-C-00342-1,RB-FA-000755,2026-08-12T18:43:21.000Z,2026-08-22T08:39:48.000Z,Email,Payments,Failed Transfer,Closed,Medium,false,,52.3,BR-007,E-0111,true
RB-CS-000689,RB-C-00342-1,RB-FA-000756,2025-06-15T13:04:10.000Z,2025-06-27T08:11:01.000Z,Voice,Card Dispute,Unrecognized Charge,Closed,Medium,false,,16.6,BR-007,E-0109,false
RB-CS-000690,RB-C-00342-1,RB-FA-000757,2025-08-22T09:42:40.000Z,2025-09-03T10:22:45.000Z,Chat,Fee Inquiry,Overdraft Fee,Closed,Low,false,2,7.3,BR-007,E-0108,false
RB-CS-000691,RB-C-00342-1,RB-FA-000758,2025-04-09T07:50:09.000Z,2025-04-12T19:43:53.000Z,Chat,Fee Inquiry,Overdraft Fee,Closed,Medium,false,,12.1,BR-007,E-0062,false
RB-CS-000692,RB-C-00343-1,RB-FA-000759,2026-02-16T07:39:42.000Z,2026-02-16T10:47:41.000Z,Email,Payments,Wire Status,Closed,High,true,3,10.8,BR-007,E-0073,true
RB-CS-000693,RB-C-00343-1,RB-FA-000759,2026-01-30T19:49:35.000Z,2026-01-30T15:48:36.000Z,Chat,Account Access,Locked Account,Closed,Medium,true,,5.2,BR-007,E-0135,true
RB-CS-000694,RB-C-00343-1,RB-FA-000759,2026-06-06T07:48:01.000Z,2026-06-08T10:12:13.000Z,Email,Fraud,Account Takeover,Closed,Low,false,,20.7,BR-007,E-0105,false
RB-CS-000695,RB-C-00344-1,RB-FA-000761,2026-08-25T10:48:10.000Z,2026-08-29T16:33:02.000Z,Email,Card Dispute,Duplicate Charge,Closed,Medium,false,5,25.2,BR-023,E-0115,false
RB-CS-000696,RB-C-00344-1,RB-FA-000761,2026-03-01T13:44:43.000Z,2026-03-02T12:31:58.000Z,Voice,Account Access,Password Reset,Closed,Medium,false,4,10.6,BR-023,E-0094,true
RB-CS-000697,RB-C-00344-1,RB-FA-000762,2026-03-22T13:04:16.000Z,2026-03-27T13:49:59.000Z,Chat,Fraud,Card Compromised,Closed,Medium,false,,10.6,BR-023,E-0104,true
RB-CS-000698,RB-C-00344-1,RB-FA-000762,2025-01-05T12:33:20.000Z,2025-01-05T18:42:30.000Z,Voice,Payments,Wire Status,Closed,Low,true,1,8.0,BR-023,E-0083,false
RB-CS-000699,RB-C-00345-1,RB-FA-000763,2026-05-22T15:52:16.000Z,2026-06-12T11:16:08.000Z,Voice,Account Access,Locked Account,Closed,Medium,false,,17.9,BR-026,E-0089,false
RB-CS-000700,RB-C-00347-1,RB-FA-000767,2025-12-11T14:14:13.000Z,2025-12-19T18:17:35.000Z,Email,Card Dispute,Duplicate Charge,Closed,High,false,,24.0,BR-028,E-0140,false
RB-CS-000701,RB-C-00349-1,RB-FA-000769,2025-07-05T07:58:40.000Z,2025-07-05T13:03:58.000Z,Chat,Account Access,Password Reset,Closed,Medium,true,5,17.6,BR-021,E-0102,false
RB-CS-000702,RB-C-00349-1,RB-FA-000770,2025-12-06T19:59:50.000Z,2025-12-06T17:19:18.000Z,Mobile App,Account Access,MFA,Closed,High,true,,11.4,BR-021,E-0117,false
RB-CS-000703,RB-C-00349-1,RB-FA-000771,2025-09-08T17:57:21.000Z,2025-09-22T13:27:22.000Z,Chat,Card Dispute,Unrecognized Charge,Closed,Low,false,1,13.0,BR-021,E-0133,true
RB-CS-000704,RB-C-00351-1,RB-FA-000774,2026-08-29T12:36:27.000Z,2026-08-29T15:27:21.000Z,Chat,Account Access,MFA,Closed,Low,true,,5.1,BR-012,E-0064,true
RB-CS-000705,RB-C-00351-1,RB-FA-000774,2026-08-11T16:04:59.000Z,2026-08-11T09:16:27.000Z,Email,Card Dispute,Merchant Refund,Closed,Low,true,4,64.9,BR-012,E-0104,true
RB-CS-000706,RB-C-00353-1,RB-FA-000776,2025-07-09T19:34:35.000Z,,Mobile App,Payments,Bill Pay,Open,Medium,true,,9.1,BR-028,E-0125,true
RB-CS-000707,RB-C-00353-1,RB-FA-000776,2025-04-08T13:02:18.000Z,2025-04-08T07:46:55.000Z,Voice,Account Access,Password Reset,Closed,Low,true,,6.5,BR-028,E-0100,false
RB-CS-000708,RB-C-00353-1,RB-FA-000776,2024-10-14T15:51:55.000Z,2024-10-14T17:15:23.000Z,Chat,Fee Inquiry,ATM Fee,Closed,Medium,true,2,10.9,BR-028,E-0066,true
RB-CS-000709,RB-C-00353-1,RB-FA-000776,2026-08-29T15:05:43.000Z,2026-08-29T18:11:33.000Z,Voice,Account Access,Locked Account,Closed,Low,true,,13.3,BR-028,E-0064,false
RB-CS-000710,RB-C-00353-1,RB-FA-000777,2025-12-05T08:51:06.000Z,2025-12-09T08:53:13.000Z,Branch,Fee Inquiry,Monthly Maintenance,Closed,Low,false,,16.6,BR-028,E-0086,false
RB-CS-000711,RB-C-00354-1,RB-FA-000778,2024-10-30T07:51:09.000Z,2024-10-30T18:17:22.000Z,Mobile App,Fraud,Account Takeover,Closed,Low,true,,5.7,BR-030,E-0126,true
RB-CS-000712,RB-C-00354-1,RB-FA-000778,2024-12-10T07:00:17.000Z,2024-12-10T13:27:44.000Z,Mobile App,Account Access,Locked Account,Closed,Medium,true,1,14.8,BR-030,E-0092,false
RB-CS-000713,RB-C-00354-1,RB-FA-000778,2026-03-17T18:35:45.000Z,,Voice,Card Dispute,Duplicate Charge,Escalated,Low,true,4,18.0,BR-030,E-0096,false
RB-CS-000714,RB-C-00354-1,RB-FA-000778,2025-04-02T09:10:37.000Z,2025-04-02T08:16:39.000Z,Email,Fee Inquiry,Monthly Maintenance,Closed,Low,true,4,23.5,BR-030,E-0082,false
RB-CS-000715,RB-C-00355-1,RB-FA-000779,2026-04-27T12:26:56.000Z,2026-04-27T10:46:17.000Z,Email,Account Access,MFA,Closed,Medium,true,,14.7,BR-001,E-0065,true
RB-CS-000716,RB-C-00355-1,RB-FA-000779,2024-09-15T17:22:48.000Z,2024-09-15T10:16:50.000Z,Email,Product Question,Eligibility,Closed,Low,true,,38.3,BR-001,E-0122,false
RB-CS-000717,RB-C-00355-1,RB-FA-000779,2025-06-23T12:52:29.000Z,2025-06-23T16:17:32.000Z,Email,Fee Inquiry,ATM Fee,Closed,Medium,true,5,15.6,BR-001,E-0113,true
RB-CS-000718,RB-C-00355-1,RB-FA-000779,2025-01-16T19:58:27.000Z,2025-01-16T11:52:04.000Z,Voice,Fraud,Account Takeover,Closed,High,true,5,10.2,BR-001,E-0066,true
RB-CS-000719,RB-C-00355-1,RB-FA-000780,2025-01-30T19:18:48.000Z,2025-01-30T15:14:41.000Z,Chat,Fee Inquiry,Monthly Maintenance,Closed,High,true,,17.7,BR-001,E-0127,true
RB-CS-000720,RB-C-00355-1,RB-FA-000780,2025-12-28T12:12:38.000Z,2026-01-13T17:08:59.000Z,Email,Card Dispute,Merchant Refund,Closed,High,false,1,25.8,BR-001,E-0139,false
RB-CS-000721,RB-C-00355-1,RB-FA-000780,2025-12-13T07:40:12.000Z,2025-12-13T11:11:10.000Z,Voice,Fee Inquiry,Overdraft Fee,Closed,Low,true,,28.0,BR-001,E-0085,true
RB-CS-000722,RB-C-00355-1,RB-FA-000780,2025-01-13T19:30:32.000Z,2025-02-02T14:55:00.000Z,Chat,Account Access,Password Reset,Closed,Low,false,,6.3,BR-001,E-0076,false
RB-CS-000723,RB-C-00356-1,RB-FA-000782,2025-09-16T10:36:55.000Z,2025-09-16T13:00:49.000Z,Voice,Product Question,Eligibility,Closed,Low,true,4,5.9,BR-012,E-0109,true
RB-CS-000724,RB-C-00356-1,RB-FA-000783,2026-03-31T08:03:26.000Z,2026-04-04T18:58:23.000Z,Voice,Account Access,Locked Account,Closed,Low,false,,17.9,BR-012,E-0098,false
RB-CS-000725,RB-C-00356-1,RB-FA-000783,2026-01-14T09:30:46.000Z,2026-01-14T07:17:17.000Z,Email,Fee Inquiry,ATM Fee,Closed,High,true,5,14.0,BR-012,E-0133,false
RB-CS-000726,RB-C-00356-1,RB-FA-000783,2025-03-22T10:25:32.000Z,2025-03-22T09:29:29.000Z,Voice,Fee Inquiry,Overdraft Fee,Closed,Low,true,,23.1,BR-012,E-0119,true
RB-CS-000727,RB-C-00357-1,RB-FA-000784,2026-05-14T11:29:12.000Z,2026-05-14T13:10:44.000Z,Voice,Fee Inquiry,Monthly Maintenance,Closed,Low,true,,6.0,BR-014,E-0139,true
RB-CS-000728,RB-C-00357-1,RB-FA-000784,2026-05-08T18:46:09.000Z,2026-05-23T19:02:05.000Z,Voice,Account Access,Locked Account,Closed,Low,false,5,9.6,BR-014,E-0132,false
RB-CS-000729,RB-C-00357-1,RB-FA-000784,2026-04-14T12:09:27.000Z,2026-04-14T12:09:50.000Z,Chat,Fraud,Account Takeover,Closed,Medium,true,,5.5,BR-014,E-0088,false
RB-CS-000730,RB-C-00357-1,RB-FA-000784,2025-06-23T19:45:56.000Z,2025-06-24T09:34:43.000Z,Voice,Card Dispute,Duplicate Charge,Closed,Low,false,1,21.1,BR-014,E-0136,false
RB-CS-000731,RB-C-00357-1,RB-FA-000785,2025-09-17T07:22:49.000Z,2025-09-17T08:09:53.000Z,Branch,Product Question,Eligibility,Closed,High,true,,15.2,BR-014,E-0131,false
RB-CS-000732,RB-C-00357-1,RB-FA-000787,2025-01-23T19:26:34.000Z,2025-01-23T08:06:14.000Z,Email,Payments,Wire Status,Closed,Medium,true,3,11.7,BR-014,E-0130,false
RB-CS-000733,RB-C-00358-1,RB-FA-000789,2025-03-29T08:04:23.000Z,2025-03-29T18:17:35.000Z,Email,Payments,Bill Pay,Closed,Low,true,2,66.9,BR-004,E-0073,false
RB-CS-000734,RB-C-00358-1,RB-FA-000790,2025-09-27T09:33:48.000Z,2025-09-27T12:14:08.000Z,Voice,Card Dispute,Unrecognized Charge,Closed,Low,true,3,5.3,BR-004,E-0117,false
RB-CS-000735,RB-C-00358-1,RB-FA-000790,2026-01-06T07:12:21.000Z,2026-01-12T10:37:54.000Z,Voice,Card Dispute,Merchant Refund,Closed,Low,false,5,5.1,BR-004,E-0139,false
RB-CS-000736,RB-C-00358-1,RB-FA-000790,2026-07-10T13:38:22.000Z,2026-07-29T08:13:12.000Z,Email,Product Question,Eligibility,Closed,Low,false,4,10.0,BR-004,E-0092,false
RB-CS-000737,RB-C-00358-1,RB-FA-000790,2025-08-13T07:56:21.000Z,2025-08-13T11:22:58.000Z,Chat,Payments,Bill Pay,Closed,Low,true,4,12.2,BR-004,E-0104,false
RB-CS-000738,RB-C-00359-1,RB-FA-000792,2025-08-28T07:36:22.000Z,2025-08-28T18:15:11.000Z,Chat,Account Access,MFA,Closed,Medium,true,,22.6,BR-001,E-0117,false
RB-CS-000739,RB-C-00359-1,RB-FA-000792,2026-04-04T16:59:27.000Z,2026-04-22T17:36:52.000Z,Voice,Payments,Failed Transfer,Closed,Low,false,1,6.3,BR-001,E-0104,true
RB-CS-000740,RB-C-00361-1,RB-FA-000794,2025-02-12T10:21:45.000Z,2025-02-12T16:56:59.000Z,Chat,Fee Inquiry,Overdraft Fee,Closed,Low,true,5,7.9,BR-013,E-0073,false
RB-CS-000741,RB-C-00361-1,RB-FA-000795,2026-04-27T12:30:39.000Z,2026-04-27T15:47:06.000Z,Email,Fee Inquiry,Overdraft Fee,Closed,Medium,true,5,32.2,BR-013,E-0129,false
RB-CS-000742,RB-C-00361-1,RB-FA-000795,2026-02-27T09:29:29.000Z,2026-02-27T09:46:50.000Z,Mobile App,Payments,Wire Status,Closed,Low,true,1,4.8,BR-013,E-0123,true
RB-CS-000743,RB-C-00361-1,RB-FA-000795,2026-05-25T09:35:34.000Z,,Email,Payments,Failed Transfer,Open,Medium,false,3,24.3,BR-013,E-0069,true
RB-CS-000744,RB-C-00361-1,RB-FA-000795,2025-07-01T11:03:24.000Z,2025-07-01T18:57:19.000Z,Voice,Product Question,Rates,Closed,Low,true,,2.7,BR-013,E-0107,false
RB-CS-000745,RB-C-00363-1,RB-FA-000799,2025-05-09T09:02:52.000Z,2025-05-09T14:51:33.000Z,Voice,Account Access,Locked Account,Closed,Low,true,,13.2,BR-027,E-0098,false
RB-CS-000746,RB-C-00364-1,RB-FA-000802,2024-09-13T09:28:40.000Z,2024-09-13T08:04:33.000Z,Mobile App,Fee Inquiry,Monthly Maintenance,Closed,Low,true,5,3.7,BR-014,E-0135,false
RB-CS-000747,RB-C-00364-1,RB-FA-000802,2024-12-05T19:14:48.000Z,2024-12-05T15:21:32.000Z,Email,Fee Inquiry,Monthly Maintenance,Closed,Medium,true,,22.6,BR-014,E-0128,false
RB-CS-000748,RB-C-00364-1,RB-FA-000802,2025-12-21T17:28:34.000Z,2025-12-21T07:45:45.000Z,Voice,Account Access,Password Reset,Closed,Medium,true,,14.6,BR-014,E-0126,true
RB-CS-000749,RB-C-00364-1,RB-FA-000802,2026-07-02T08:47:34.000Z,,Branch,Card Dispute,Duplicate Charge,In Progress,Low,true,4,11.5,BR-014,E-0131,false
RB-CS-000750,RB-C-00365-1,RB-FA-000803,2024-10-01T10:48:38.000Z,,Voice,Fraud,Account Takeover,In Progress,Low,true,,8.8,BR-009,E-0103,false
RB-CS-000751,RB-C-00365-1,RB-FA-000803,2024-09-13T11:55:05.000Z,2024-09-13T12:20:00.000Z,Email,Account Access,Password Reset,Closed,Low,true,4,19.4,BR-009,E-0118,true
RB-CS-000752,RB-C-00365-1,RB-FA-000803,2025-11-03T14:26:53.000Z,2025-11-03T08:55:23.000Z,Chat,Payments,Bill Pay,Closed,Low,true,1,12.1,BR-009,E-0103,true
RB-CS-000753,RB-C-00365-1,RB-FA-000804,2024-09-28T13:59:19.000Z,2024-09-28T10:08:56.000Z,Branch,Fee Inquiry,Monthly Maintenance,Closed,Low,true,4,8.7,BR-009,E-0132,true
RB-CS-000754,RB-C-00366-1,RB-FA-000805,2024-09-21T18:22:59.000Z,2024-09-22T08:56:24.000Z,Chat,Account Access,MFA,Closed,Low,false,3,6.4,BR-018,E-0067,false
RB-CS-000755,RB-C-00367-1,RB-FA-000807,2026-03-14T19:54:41.000Z,2026-03-14T08:08:02.000Z,Mobile App,Fee Inquiry,Monthly Maintenance,Closed,Low,true,,12.3,BR-004,E-0073,true
RB-CS-000756,RB-C-00367-1,RB-FA-000808,2025-08-22T07:52:50.000Z,2025-09-01T13:19:36.000Z,Chat,Fraud,Card Compromised,Closed,Low,false,,20.8,BR-004,E-0138,false
RB-CS-000757,RB-C-00367-1,RB-FA-000808,2026-04-16T15:58:44.000Z,2026-04-16T17:06:05.000Z,Branch,Payments,Wire Status,Closed,Low,true,,13.8,BR-004,E-0068,true
RB-CS-000758,RB-C-00367-1,RB-FA-000808,2025-03-25T07:11:21.000Z,2025-03-25T16:06:24.000Z,Mobile App,Fee Inquiry,ATM Fee,Closed,Low,true,,16.1,BR-004,E-0071,true
RB-CS-000759,RB-C-00367-1,RB-FA-000808,2025-12-26T19:56:58.000Z,2025-12-26T15:50:05.000Z,Branch,Fee Inquiry,Overdraft Fee,Closed,Medium,true,,8.3,BR-004,E-0089,true
RB-CS-000760,RB-C-00368-1,RB-FA-000809,2025-02-01T13:15:41.000Z,2025-02-05T18:02:11.000Z,Voice,Card Dispute,Unrecognized Charge,Closed,Low,false,3,18.0,BR-016,E-0077,true
RB-CS-000761,RB-C-00368-1,RB-FA-000809,2025-09-27T09:42:00.000Z,2025-09-27T08:43:21.000Z,Email,Account Access,Password Reset,Closed,Low,true,,27.0,BR-016,E-0093,false
RB-CS-000762,RB-C-00371-1,RB-FA-000813,2026-02-13T18:29:28.000Z,2026-03-03T13:33:30.000Z,Chat,Fee Inquiry,ATM Fee,Closed,Low,false,,30.3,BR-021,E-0091,true
RB-CS-000763,RB-C-00372-1,RB-FA-000815,2025-11-22T13:07:55.000Z,,Voice,Account Access,Locked Account,Escalated,Low,true,,13.7,BR-012,E-0086,true
RB-CS-000764,RB-C-00372-1,RB-FA-000815,2026-03-01T17:40:59.000Z,2026-03-13T09:10:48.000Z,Mobile App,Account Access,Password Reset,Closed,Low,false,,5.0,BR-012,E-0111,false
RB-CS-000765,RB-C-00372-1,RB-FA-000815,2025-05-04T15:45:23.000Z,2025-05-17T14:18:31.000Z,Voice,Card Dispute,Merchant Refund,Closed,Low,false,,8.4,BR-012,E-0110,false
RB-CS-000766,RB-C-00372-1,RB-FA-000815,2026-01-14T17:56:19.000Z,2026-01-14T08:29:08.000Z,Email,Account Access,Password Reset,Closed,Low,true,5,53.6,BR-012,E-0120,false
RB-CS-000767,RB-C-00374-1,RB-FA-000817,2024-11-27T12:58:09.000Z,2024-11-27T12:50:17.000Z,Voice,Account Access,Locked Account,Closed,Medium,true,5,18.0,BR-020,E-0107,false
RB-CS-000768,RB-C-00374-1,RB-FA-000818,2026-04-20T09:33:45.000Z,2026-04-21T10:24:12.000Z,Chat,Account Access,MFA,Closed,Medium,false,3,18.2,BR-020,E-0095,false
RB-CS-000769,RB-C-00374-1,RB-FA-000819,2024-09-15T13:56:21.000Z,2024-09-15T08:41:55.000Z,Voice,Fee Inquiry,ATM Fee,Closed,Low,true,3,5.6,BR-020,E-0136,true
RB-CS-000770,RB-C-00375-1,RB-FA-000820,2025-10-18T17:13:56.000Z,2025-10-27T18:40:47.000Z,Mobile App,Card Dispute,Merchant Refund,Closed,Medium,false,,10.8,BR-025,E-0123,true
RB-CS-000771,RB-C-00376-1,RB-FA-000822,2025-08-19T16:12:38.000Z,2025-08-19T19:25:18.000Z,Voice,Account Access,Locked Account,Closed,Medium,true,,10.8,BR-005,E-0084,false
RB-CS-000772,RB-C-00376-1,RB-FA-000822,2025-03-28T11:27:25.000Z,2025-03-28T16:17:10.000Z,Email,Payments,Wire Status,Closed,Medium,true,,17.5,BR-005,E-0102,false
RB-CS-000773,RB-C-00376-1,RB-FA-000822,2025-10-06T08:54:25.000Z,2025-10-06T19:56:11.000Z,Chat,Card Dispute,Merchant Refund,Closed,Medium,true,,15.4,BR-005,E-0072,true
RB-CS-000774,RB-C-00376-1,RB-FA-000822,2025-04-08T17:09:06.000Z,2025-04-08T16:48:56.000Z,Voice,Fee Inquiry,Monthly Maintenance,Closed,Low,true,4,9.3,BR-005,E-0138,true
RB-CS-000775,RB-C-00377-1,RB-FA-000823,2026-07-02T16:23:14.000Z,,Voice,Account Access,Password Reset,Escalated,Medium,true,4,11.7,BR-010,E-0123,false
RB-CS-000776,RB-C-00377-1,RB-FA-000823,2025-07-17T16:57:27.000Z,,Voice,Payments,Bill Pay,Open,High,false,,5.3,BR-010,E-0123,false
RB-CS-000777,RB-C-00377-1,RB-FA-000823,2025-02-21T10:24:31.000Z,2025-02-21T12:54:29.000Z,Voice,Fee Inquiry,Monthly Maintenance,Closed,Low,true,,7.3,BR-010,E-0082,false
RB-CS-000778,RB-C-00377-1,RB-FA-000823,2026-03-26T19:21:45.000Z,2026-03-26T16:58:24.000Z,Voice,Account Access,Locked Account,Closed,Low,true,4,15.1,BR-010,E-0102,true
RB-CS-000779,RB-C-00378-1,RB-FA-000824,2026-01-05T17:57:42.000Z,2026-01-05T19:47:36.000Z,Chat,Payments,Bill Pay,Closed,Low,true,5,23.9,BR-003,E-0131,false
RB-CS-000780,RB-C-00378-1,RB-FA-000824,2025-03-02T07:45:28.000Z,,Chat,Payments,Wire Status,Escalated,Low,true,3,13.4,BR-003,E-0098,true
RB-CS-000781,RB-C-00379-1,RB-FA-000826,2026-03-25T19:03:32.000Z,2026-04-13T15:40:12.000Z,Voice,Fee Inquiry,ATM Fee,Closed,Medium,false,1,16.2,BR-025,E-0130,false
RB-CS-000782,RB-C-00379-1,RB-FA-000826,2025-02-20T17:24:43.000Z,2025-02-20T17:01:37.000Z,Voice,Account Access,Password Reset,Closed,Low,true,4,11.9,BR-025,E-0116,true
RB-CS-000783,RB-C-00379-1,RB-FA-000826,2025-05-02T09:03:16.000Z,2025-05-05T10:45:48.000Z,Email,Fraud,Card Compromised,Closed,Low,false,,37.0,BR-025,E-0079,false
RB-CS-000784,RB-C-00379-1,RB-FA-000826,2025-06-13T09:49:00.000Z,2025-06-28T19:22:26.000Z,Chat,Card Dispute,Merchant Refund,Closed,Low,false,1,8.3,BR-025,E-0106,false
RB-CS-000785,RB-C-00379-1,RB-FA-000827,2026-02-24T12:22:53.000Z,2026-03-14T12:07:47.000Z,Branch,Card Dispute,Merchant Refund,Closed,Medium,false,3,8.4,BR-025,E-0062,false
RB-CS-000786,RB-C-00380-1,RB-FA-000829,2026-08-21T13:55:00.000Z,2026-08-24T09:37:53.000Z,Chat,Card Dispute,Unrecognized Charge,Closed,Low,false,2,12.2,BR-021,E-0130,false
RB-CS-000787,RB-C-00380-1,RB-FA-000830,2026-07-30T16:25:56.000Z,2026-08-14T17:20:37.000Z,Voice,Fraud,Card Compromised,Closed,Medium,false,5,5.9,BR-021,E-0114,false
RB-CS-000788,RB-C-00381-1,RB-FA-000831,2026-06-11T14:24:44.000Z,2026-06-11T17:48:04.000Z,Voice,Card Dispute,Duplicate Charge,Closed,Low,true,5,25.4,BR-002,E-0090,true
RB-CS-000789,RB-C-00382-1,RB-FA-000833,2025-12-20T15:18:40.000Z,,Chat,Payments,Bill Pay,Escalated,Low,true,,2.6,BR-016,E-0127,false
RB-CS-000790,RB-C-00383-1,RB-FA-000836,2026-05-26T10:14:32.000Z,2026-06-05T11:21:19.000Z,Branch,Card Dispute,Duplicate Charge,Closed,Medium,false,1,23.9,BR-001,E-0109,false
RB-CS-000791,RB-C-00384-1,RB-FA-000837,2024-09-03T18:30:46.000Z,2024-09-03T16:08:28.000Z,Voice,Account Access,Locked Account,Closed,Low,true,1,11.9,BR-019,E-0081,false
RB-CS-000792,RB-C-00384-1,RB-FA-000837,2026-06-01T15:08:57.000Z,2026-06-04T12:54:05.000Z,Mobile App,Card Dispute,Merchant Refund,Closed,Medium,false,3,9.6,BR-019,E-0112,false
RB-CS-000793,RB-C-00384-1,RB-FA-000837,2025-02-05T08:27:11.000Z,2025-02-05T10:51:20.000Z,Voice,Card Dispute,Duplicate Charge,Closed,Low,true,4,12.9,BR-019,E-0078,true
RB-CS-000794,RB-C-00384-1,RB-FA-000837,2025-08-06T14:37:47.000Z,2025-08-06T13:26:35.000Z,Voice,Fee Inquiry,Overdraft Fee,Closed,Low,true,5,11.3,BR-019,E-0117,false
RB-CS-000795,RB-C-00384-1,RB-FA-000838,2026-01-24T14:06:37.000Z,2026-01-24T16:46:25.000Z,Mobile App,Account Access,MFA,Closed,Low,true,5,13.1,BR-019,E-0078,false
RB-CS-000796,RB-C-00384-1,RB-FA-000838,2025-12-19T13:22:11.000Z,2025-12-27T18:32:48.000Z,Mobile App,Account Access,Password Reset,Closed,Medium,false,,17.3,BR-019,E-0067,false
RB-CS-000797,RB-C-00386-1,RB-FA-000841,2025-05-10T07:37:16.000Z,2025-05-26T08:44:50.000Z,Branch,Fee Inquiry,ATM Fee,Closed,High,false,,16.5,BR-026,E-0111,false
RB-CS-000798,RB-C-00387-1,RB-FA-000842,2025-02-23T18:23:46.000Z,2025-02-23T18:44:51.000Z,Chat,Account Access,Locked Account,Closed,High,true,4,3.7,BR-005,E-0133,false
RB-CS-000799,RB-C-00387-1,RB-FA-000843,2025-04-13T08:20:28.000Z,2025-04-13T16:50:30.000Z,Voice,Fee Inquiry,ATM Fee,Closed,Low,true,,5.1,BR-005,E-0099,false
RB-CS-000800,RB-C-00387-1,RB-FA-000843,2026-07-29T10:57:53.000Z,2026-08-12T12:11:17.000Z,Voice,Payments,Failed Transfer,Closed,Low,false,,5.8,BR-005,E-0064,true
RB-CS-000801,RB-C-00389-1,RB-FA-000847,2025-03-05T13:57:15.000Z,2025-03-05T10:39:21.000Z,Mobile App,Product Question,Eligibility,Closed,Medium,true,,10.9,BR-009,E-0130,true
RB-CS-000802,RB-C-00390-1,RB-FA-000850,2024-11-06T09:22:24.000Z,2024-11-24T18:58:05.000Z,Voice,Card Dispute,Duplicate Charge,Closed,Low,false,,5.3,BR-008,E-0077,false
RB-CS-000803,RB-C-00390-1,RB-FA-000850,2026-08-27T10:56:55.000Z,,Chat,Payments,Wire Status,Open,Low,false,,12.6,BR-008,E-0107,false
RB-CS-000804,RB-C-00391-1,RB-FA-000851,2024-09-20T13:13:23.000Z,2024-09-20T18:23:56.000Z,Email,Fee Inquiry,Overdraft Fee,Closed,High,true,3,10.1,BR-028,E-0095,false
RB-CS-000805,RB-C-00391-1,RB-FA-000852,2025-07-22T18:56:20.000Z,2025-07-22T13:02:23.000Z,Voice,Fraud,Card Compromised,Closed,Medium,true,,17.5,BR-028,E-0127,true
RB-CS-000806,RB-C-00391-1,RB-FA-000852,2026-02-26T13:15:36.000Z,2026-02-26T14:54:08.000Z,Voice,Product Question,Eligibility,Closed,High,true,5,23.7,BR-028,E-0134,false
RB-CS-000807,RB-C-00392-1,RB-FA-000853,2026-07-15T09:39:35.000Z,2026-07-28T16:29:03.000Z,Chat,Product Question,Eligibility,Closed,Low,false,3,14.0,BR-021,E-0110,false
RB-CS-000808,RB-C-00392-1,RB-FA-000853,2025-07-02T13:33:21.000Z,2025-07-04T19:04:41.000Z,Email,Card Dispute,Duplicate Charge,Closed,Medium,false,1,18.6,BR-021,E-0098,true
RB-CS-000809,RB-C-00392-1,RB-FA-000853,2025-10-03T16:35:18.000Z,2025-10-03T08:30:22.000Z,Chat,Card Dispute,Unrecognized Charge,Closed,Medium,true,5,9.2,BR-021,E-0122,true
RB-CS-000810,RB-C-00397-1,RB-FA-000862,2025-06-04T10:59:47.000Z,2025-06-04T11:46:13.000Z,Voice,Payments,Wire Status,Closed,Low,true,,11.1,BR-018,E-0111,false
RB-CS-000811,RB-C-00397-1,RB-FA-000862,2026-03-12T12:26:14.000Z,2026-04-01T15:26:27.000Z,Chat,Product Question,Eligibility,Closed,Medium,false,,6.6,BR-018,E-0118,false
RB-CS-000812,RB-C-00397-1,RB-FA-000862,2025-11-04T17:26:07.000Z,2025-11-25T08:09:07.000Z,Voice,Fee Inquiry,Overdraft Fee,Closed,Low,false,,23.3,BR-018,E-0074,false
RB-CS-000813,RB-C-00399-1,RB-FA-000867,2026-06-20T14:16:20.000Z,2026-06-20T18:57:51.000Z,Mobile App,Payments,Failed Transfer,Closed,Medium,true,5,19.2,BR-002,E-0136,false
RB-CS-000814,RB-C-00400-1,RB-FA-000868,2025-10-25T14:54:23.000Z,2025-10-25T07:34:38.000Z,Chat,Fee Inquiry,Overdraft Fee,Closed,Medium,true,,7.5,BR-014,E-0104,true
RB-CS-000815,RB-C-00400-1,RB-FA-000868,2025-01-06T17:13:49.000Z,2025-01-06T08:08:21.000Z,Chat,Card Dispute,Unrecognized Charge,Closed,Low,true,5,15.8,BR-014,E-0097,false
RB-CS-000816,RB-C-00401-1,RB-FA-000871,2024-09-23T15:13:42.000Z,2024-09-23T19:59:26.000Z,Chat,Fee Inquiry,Monthly Maintenance,Closed,Low,true,,7.3,BR-026,E-0082,false
RB-CS-000817,RB-C-00401-1,RB-FA-000871,2026-02-17T15:30:27.000Z,2026-02-17T12:35:14.000Z,Voice,Fraud,Account Takeover,Closed,Low,true,,13.3,BR-026,E-0077,true
RB-CS-000818,RB-C-00401-1,RB-FA-000871,2025-10-09T09:28:04.000Z,2025-10-09T10:02:05.000Z,Email,Fee Inquiry,Overdraft Fee,Closed,Medium,true,,15.7,BR-026,E-0121,false
RB-CS-000819,RB-C-00403-1,RB-FA-000873,2025-04-21T16:13:14.000Z,2025-04-21T14:07:37.000Z,Voice,Card Dispute,Merchant Refund,Closed,Low,true,3,18.3,BR-006,E-0115,false
RB-CS-000820,RB-C-00404-1,RB-FA-000874,2026-08-08T18:38:39.000Z,2026-08-08T07:59:35.000Z,Email,Account Access,Locked Account,Closed,Low,true,,15.9,BR-006,E-0129,false
RB-CS-000821,RB-C-00404-1,RB-FA-000874,2025-02-25T12:06:15.000Z,2025-02-28T07:17:03.000Z,Mobile App,Product Question,Rates,Closed,Low,false,1,12.3,BR-006,E-0132,false
RB-CS-000822,RB-C-00405-1,RB-FA-000877,2025-09-24T08:19:55.000Z,2025-10-15T18:18:24.000Z,Voice,Payments,Bill Pay,Closed,Low,false,,50.4,BR-005,E-0082,false
RB-CS-000823,RB-C-00406-1,RB-FA-000878,2026-01-29T17:07:56.000Z,2026-02-11T09:20:57.000Z,Chat,Card Dispute,Merchant Refund,Closed,Low,false,4,12.2,BR-029,E-0118,false
RB-CS-000824,RB-C-00406-1,RB-FA-000879,2025-12-30T12:00:34.000Z,2026-01-06T07:43:53.000Z,Chat,Account Access,Password Reset,Closed,Low,false,5,5.6,BR-029,E-0123,true
RB-CS-000825,RB-C-00407-1,RB-FA-000882,2026-04-20T08:58:02.000Z,2026-05-08T16:38:15.000Z,Voice,Account Access,Locked Account,Closed,Medium,false,,7.9,BR-005,E-0108,false
RB-CS-000826,RB-C-00407-1,RB-FA-000883,2025-01-29T12:55:30.000Z,2025-01-29T12:04:45.000Z,Voice,Account Access,Locked Account,Closed,Low,true,,12.7,BR-005,E-0075,false
RB-CS-000827,RB-C-00408-1,RB-FA-000885,2024-09-22T13:15:35.000Z,2024-09-22T10:22:01.000Z,Voice,Payments,Bill Pay,Closed,Medium,true,5,11.4,BR-021,E-0102,false
RB-CS-000828,RB-C-00408-1,RB-FA-000886,2026-05-24T18:16:54.000Z,2026-05-24T16:33:59.000Z,Mobile App,Account Access,Locked Account,Closed,Low,true,4,10.6,BR-021,E-0120,false
RB-CS-000829,RB-C-00411-1,RB-FA-000889,2025-11-10T13:32:10.000Z,2025-11-10T10:10:59.000Z,Email,Card Dispute,Unrecognized Charge,Closed,High,true,,75.3,BR-002,E-0064,false
RB-CS-000830,RB-C-00411-1,RB-FA-000889,2025-06-06T16:53:30.000Z,2025-06-23T13:20:58.000Z,Voice,Account Access,Password Reset,Closed,Low,false,2,24.9,BR-002,E-0108,false
RB-CS-000831,RB-C-00411-1,RB-FA-000889,2025-07-06T19:46:02.000Z,2025-07-06T13:33:23.000Z,Voice,Card Dispute,Unrecognized Charge,Closed,Low,true,5,25.1,BR-002,E-0105,false
RB-CS-000832,RB-C-00411-1,RB-FA-000889,2024-09-30T07:24:01.000Z,2024-10-04T07:00:11.000Z,Voice,Card Dispute,Unrecognized Charge,Closed,Medium,false,,27.0,BR-002,E-0093,true
RB-CS-000833,RB-C-00412-1,RB-FA-000890,2024-09-04T09:00:21.000Z,2024-09-21T19:08:52.000Z,Email,Fee Inquiry,Overdraft Fee,Closed,Medium,false,5,52.3,BR-008,E-0130,false
RB-CS-000834,RB-C-00412-1,RB-FA-000890,2025-11-28T12:06:47.000Z,2025-11-28T15:05:18.000Z,Voice,Fee Inquiry,ATM Fee,Closed,Medium,true,,6.0,BR-008,E-0071,false
RB-CS-000835,RB-C-00412-1,RB-FA-000890,2026-08-19T17:50:26.000Z,,Chat,Fee Inquiry,ATM Fee,In Progress,Medium,false,,14.5,BR-008,E-0116,true
RB-CS-000836,RB-C-00412-1,RB-FA-000890,2024-10-03T11:11:39.000Z,2024-10-03T18:11:07.000Z,Email,Fee Inquiry,ATM Fee,Closed,Low,true,4,14.1,BR-008,E-0092,true
RB-CS-000837,RB-C-00412-1,RB-FA-000891,2025-01-09T17:39:06.000Z,2025-01-09T18:02:05.000Z,Voice,Fee Inquiry,Monthly Maintenance,Closed,Medium,true,5,5.8,BR-008,E-0067,false
RB-CS-000838,RB-C-00413-1,RB-FA-000892,2026-02-23T11:04:36.000Z,2026-03-04T15:57:43.000Z,Mobile App,Fee Inquiry,ATM Fee,Closed,Low,false,,15.0,BR-004,E-0129,true
RB-CS-000839,RB-C-00413-1,RB-FA-000893,2025-03-13T19:38:47.000Z,2025-03-17T09:07:40.000Z,Branch,Account Access,MFA,Closed,Low,false,,10.3,BR-004,E-0085,false
RB-CS-000840,RB-C-00413-1,RB-FA-000894,2024-09-11T14:01:02.000Z,2024-10-02T18:32:31.000Z,Email,Payments,Wire Status,Closed,Low,false,5,31.4,BR-004,E-0062,false
RB-CS-000841,RB-C-00414-1,RB-FA-000895,2026-05-27T14:13:41.000Z,,Mobile App,Card Dispute,Merchant Refund,In Progress,Medium,false,5,6.7,BR-007,E-0080,true
RB-CS-000842,RB-C-00414-1,RB-FA-000895,2025-02-08T18:17:46.000Z,2025-02-27T09:34:57.000Z,Mobile App,Card Dispute,Merchant Refund,Closed,Low,false,1,31.3,BR-007,E-0092,false
RB-CS-000843,RB-C-00414-1,RB-FA-000896,2024-10-13T13:31:06.000Z,2024-10-13T18:10:36.000Z,Voice,Card Dispute,Duplicate Charge,Closed,Medium,true,,16.9,BR-007,E-0065,false
RB-CS-000844,RB-C-00415-1,RB-FA-000897,2025-08-29T09:47:50.000Z,,Mobile App,Card Dispute,Duplicate Charge,In Progress,Low,false,2,13.8,BR-009,E-0129,true
RB-CS-000845,RB-C-00416-1,RB-FA-000900,2024-12-14T09:29:51.000Z,2024-12-14T14:00:13.000Z,Mobile App,Fee Inquiry,ATM Fee,Closed,Medium,true,3,10.1,BR-025,E-0075,false
RB-CS-000846,RB-C-00417-1,RB-FA-000901,2026-02-26T14:31:27.000Z,,Voice,Card Dispute,Merchant Refund,In Progress,High,false,3,12.6,BR-023,E-0069,false
RB-CS-000847,RB-C-00417-1,RB-FA-000902,2026-03-26T18:04:33.000Z,2026-03-26T07:21:57.000Z,Chat,Account Access,Password Reset,Closed,Low,true,,8.7,BR-023,E-0076,false
RB-CS-000848,RB-C-00418-1,RB-FA-000905,2026-04-29T12:26:43.000Z,2026-04-29T19:44:05.000Z,Chat,Account Access,Password Reset,Closed,Low,true,,10.2,BR-029,E-0093,false
RB-CS-000849,RB-C-00418-1,RB-FA-000906,2025-01-03T09:57:01.000Z,2025-01-03T10:35:07.000Z,Chat,Card Dispute,Unrecognized Charge,Closed,Low,true,,14.7,BR-029,E-0122,true
RB-CS-000850,RB-C-00420-1,RB-FA-000909,2026-08-26T07:20:03.000Z,2026-08-31T13:40:17.000Z,Voice,Account Access,Password Reset,Closed,High,false,2,16.0,BR-022,E-0117,true
RB-CS-000851,RB-C-00421-1,RB-FA-000913,2026-01-28T10:30:42.000Z,2026-01-28T08:50:25.000Z,Chat,Account Access,Password Reset,Closed,Low,true,5,6.7,BR-010,E-0138,true
RB-CS-000852,RB-C-00422-1,RB-FA-000914,2024-10-21T12:52:12.000Z,2024-10-21T08:34:27.000Z,Email,Fee Inquiry,ATM Fee,Closed,High,true,,17.2,BR-028,E-0097,false
RB-CS-000853,RB-C-00423-1,RB-FA-000917,2025-03-09T14:06:03.000Z,2025-03-09T11:46:19.000Z,Mobile App,Account Access,Password Reset,Closed,Medium,true,,4.2,BR-016,E-0072,true
RB-CS-000854,RB-C-00423-1,RB-FA-000917,2025-01-27T07:04:12.000Z,2025-01-27T19:38:22.000Z,Voice,Fee Inquiry,Overdraft Fee,Closed,High,true,,19.2,BR-016,E-0065,true
RB-CS-000855,RB-C-00426-1,RB-FA-000921,2025-02-06T13:38:24.000Z,2025-02-06T14:03:31.000Z,Mobile App,Card Dispute,Merchant Refund,Closed,Low,true,4,10.4,BR-009,E-0115,false
RB-CS-000856,RB-C-00426-1,RB-FA-000921,2026-04-14T19:34:29.000Z,,Voice,Account Access,Password Reset,Escalated,Low,false,3,6.9,BR-009,E-0106,false
RB-CS-000857,RB-C-00427-1,RB-FA-000922,2026-03-09T10:16:22.000Z,2026-03-09T11:15:08.000Z,Voice,Fee Inquiry,Monthly Maintenance,Closed,High,true,,16.7,BR-008,E-0078,true
RB-CS-000858,RB-C-00428-1,RB-FA-000925,2025-12-23T10:24:31.000Z,2025-12-27T18:27:27.000Z,Mobile App,Account Access,Locked Account,Closed,Low,false,,9.9,BR-029,E-0118,true
RB-CS-000859,RB-C-00429-1,RB-FA-000926,2025-12-16T13:10:14.000Z,2025-12-21T16:35:02.000Z,Chat,Card Dispute,Unrecognized Charge,Closed,High,false,,10.2,BR-003,E-0106,false
RB-CS-000860,RB-C-00429-1,RB-FA-000926,2025-01-21T13:22:23.000Z,2025-01-28T10:36:57.000Z,Email,Fee Inquiry,Monthly Maintenance,Closed,Low,false,5,31.0,BR-003,E-0074,true
RB-CS-000861,RB-C-00430-1,RB-FA-000927,2025-09-13T10:33:09.000Z,2025-10-01T19:38:03.000Z,Mobile App,Product Question,Rates,Closed,Medium,false,4,7.7,BR-013,E-0127,false
RB-CS-000862,RB-C-00431-1,RB-FA-000930,2026-08-16T08:32:33.000Z,,Mobile App,Payments,Failed Transfer,Escalated,Low,false,,20.6,BR-008,E-0107,false
RB-CS-000863,RB-C-00431-1,RB-FA-000930,2025-06-15T12:00:35.000Z,2025-06-15T10:15:39.000Z,Email,Fraud,Card Compromised,Closed,Low,true,,16.9,BR-008,E-0106,true
RB-CS-000864,RB-C-00431-1,RB-FA-000930,2025-05-05T08:14:11.000Z,2025-05-21T15:23:19.000Z,Mobile App,Card Dispute,Unrecognized Charge,Closed,Low,false,,24.1,BR-008,E-0133,true
RB-CS-000865,RB-C-00432-1,RB-FA-000932,2025-02-09T15:40:57.000Z,2025-02-09T17:46:13.000Z,Voice,Fee Inquiry,Overdraft Fee,Closed,Low,true,5,15.9,BR-008,E-0078,false
RB-CS-000866,RB-C-00432-1,RB-FA-000933,2025-01-24T10:05:10.000Z,2025-02-08T18:33:56.000Z,Chat,Card Dispute,Unrecognized Charge,Closed,Low,false,5,6.9,BR-008,E-0085,false
RB-CS-000867,RB-C-00432-1,RB-FA-000934,2025-12-08T13:01:06.000Z,2025-12-08T11:06:45.000Z,Mobile App,Product Question,Rates,Closed,Low,true,5,11.7,BR-008,E-0068,false
RB-CS-000868,RB-C-00432-1,RB-FA-000934,2024-09-14T17:42:17.000Z,2024-09-29T11:28:25.000Z,Branch,Fee Inquiry,ATM Fee,Closed,High,false,,4.4,BR-008,E-0139,true
RB-CS-000869,RB-C-00432-1,RB-FA-000934,2024-12-17T16:30:59.000Z,2024-12-27T12:44:54.000Z,Chat,Card Dispute,Merchant Refund,Closed,Low,false,1,7.9,BR-008,E-0074,false
RB-CS-000870,RB-C-00432-1,RB-FA-000935,2026-05-04T17:51:47.000Z,,Mobile App,Payments,Failed Transfer,Escalated,Low,true,3,11.2,BR-008,E-0140,false
RB-CS-000871,RB-C-00432-1,RB-FA-000935,2025-10-23T09:59:47.000Z,,Mobile App,Account Access,Locked Account,In Progress,Medium,true,1,31.8,BR-008,E-0091,true
RB-CS-000872,RB-C-00432-1,RB-FA-000935,2025-01-10T16:06:50.000Z,2025-01-10T16:41:35.000Z,Mobile App,Account Access,Password Reset,Closed,Low,true,,19.1,BR-008,E-0061,false
RB-CS-000873,RB-C-00432-1,RB-FA-000935,2026-01-16T08:37:50.000Z,2026-01-16T07:30:10.000Z,Voice,Card Dispute,Unrecognized Charge,Closed,Low,true,,16.4,BR-008,E-0134,true
RB-CS-000874,RB-C-00434-1,RB-FA-000937,2025-05-13T17:12:12.000Z,2025-05-13T13:31:34.000Z,Chat,Fee Inquiry,Overdraft Fee,Closed,Low,true,,7.4,BR-028,E-0122,true
RB-CS-000875,RB-C-00434-1,RB-FA-000938,2025-06-02T11:20:55.000Z,2025-06-02T19:56:29.000Z,Mobile App,Fee Inquiry,ATM Fee,Closed,Low,true,3,16.3,BR-028,E-0137,false
RB-CS-000876,RB-C-00434-1,RB-FA-000938,2026-07-29T15:14:24.000Z,2026-07-29T12:55:46.000Z,Branch,Card Dispute,Merchant Refund,Closed,Low,true,,8.8,BR-028,E-0064,true
RB-CS-000877,RB-C-00434-1,RB-FA-000938,2025-03-11T08:28:18.000Z,2025-03-11T19:36:54.000Z,Mobile App,Account Access,Password Reset,Closed,Low,true,2,10.8,BR-028,E-0099,false
RB-CS-000878,RB-C-00436-1,RB-FA-000942,2024-10-20T17:05:23.000Z,2024-10-20T10:57:33.000Z,Chat,Account Access,Password Reset,Closed,Medium,true,,4.8,BR-026,E-0094,true
RB-CS-000879,RB-C-00436-1,RB-FA-000942,2025-01-02T07:10:47.000Z,2025-01-02T07:15:25.000Z,Email,Account Access,MFA,Closed,Low,true,,17.3,BR-026,E-0112,false
RB-CS-000880,RB-C-00436-1,RB-FA-000942,2025-02-14T16:41:36.000Z,,Email,Fee Inquiry,Overdraft Fee,Open,Low,true,3,45.8,BR-026,E-0097,false
RB-CS-000881,RB-C-00436-1,RB-FA-000942,2026-06-04T10:16:56.000Z,,Email,Fee Inquiry,ATM Fee,Open,High,true,3,38.7,BR-026,E-0078,false
RB-CS-000882,RB-C-00438-1,RB-FA-000946,2026-04-25T11:11:47.000Z,2026-05-06T16:41:14.000Z,Email,Payments,Bill Pay,Closed,Low,false,4,27.2,BR-016,E-0061,false
RB-CS-000883,RB-C-00438-1,RB-FA-000946,2025-04-10T12:08:26.000Z,2025-04-10T13:07:04.000Z,Voice,Payments,Bill Pay,Closed,Medium,true,2,5.3,BR-016,E-0130,false
RB-CS-000884,RB-C-00438-1,RB-FA-000946,2026-06-21T16:42:33.000Z,2026-06-21T12:22:05.000Z,Email,Product Question,Rates,Closed,Medium,true,3,42.2,BR-016,E-0133,false
RB-CS-000885,RB-C-00438-1,RB-FA-000946,2025-12-16T12:47:14.000Z,,Chat,Fee Inquiry,Overdraft Fee,Open,Low,true,4,11.1,BR-016,E-0088,true
RB-CS-000886,RB-C-00439-1,RB-FA-000948,2025-06-25T10:15:49.000Z,2025-07-08T15:53:28.000Z,Mobile App,Account Access,MFA,Closed,Medium,false,2,4.6,BR-013,E-0070,false
RB-CS-000887,RB-C-00439-1,RB-FA-000948,2024-09-11T12:08:35.000Z,2024-09-29T18:18:03.000Z,Mobile App,Card Dispute,Merchant Refund,Closed,Low,false,3,8.7,BR-013,E-0129,true
RB-CS-000888,RB-C-00439-1,RB-FA-000948,2025-03-30T16:10:55.000Z,,Voice,Fraud,Card Compromised,Open,Medium,true,4,13.0,BR-013,E-0114,false
RB-CS-000889,RB-C-00439-1,RB-FA-000948,2025-09-23T16:08:28.000Z,2025-10-10T11:58:58.000Z,Voice,Account Access,Locked Account,Closed,High,false,4,9.2,BR-013,E-0137,false
RB-CS-000890,RB-C-00440-1,RB-FA-000952,2025-06-05T18:06:25.000Z,2025-06-06T14:17:38.000Z,Chat,Card Dispute,Duplicate Charge,Closed,Low,false,1,9.8,BR-010,E-0121,true
RB-CS-000891,RB-C-00441-1,RB-FA-000954,2025-04-13T08:49:44.000Z,2025-04-13T11:00:48.000Z,Chat,Product Question,Rates,Closed,Low,true,4,11.4,BR-025,E-0076,false
RB-CS-000892,RB-C-00441-1,RB-FA-000954,2026-06-22T13:29:59.000Z,2026-07-12T15:38:18.000Z,Mobile App,Account Access,MFA,Closed,Medium,false,,10.2,BR-025,E-0094,true
RB-CS-000893,RB-C-00442-1,RB-FA-000956,2025-05-28T16:28:16.000Z,2025-06-14T17:54:53.000Z,Mobile App,Card Dispute,Unrecognized Charge,Closed,Low,false,,5.4,BR-015,E-0110,false
RB-CS-000894,RB-C-00442-1,RB-FA-000957,2025-10-26T11:58:54.000Z,2025-10-26T10:03:54.000Z,Branch,Card Dispute,Unrecognized Charge,Closed,Low,true,4,27.8,BR-015,E-0122,false
RB-CS-000895,RB-C-00443-1,RB-FA-000958,2024-10-08T15:31:00.000Z,2024-10-08T09:26:06.000Z,Chat,Account Access,MFA,Closed,High,true,4,15.3,BR-013,E-0077,false
RB-CS-000896,RB-C-00443-1,RB-FA-000959,2025-07-31T08:54:08.000Z,2025-08-12T14:46:53.000Z,Voice,Card Dispute,Merchant Refund,Closed,Medium,false,,19.5,BR-013,E-0069,false
RB-CS-000897,RB-C-00444-1,RB-FA-000961,2025-02-28T09:53:32.000Z,2025-03-15T10:42:40.000Z,Voice,Card Dispute,Merchant Refund,Closed,Medium,false,1,4.5,BR-017,E-0083,false
RB-CS-000898,RB-C-00444-1,RB-FA-000961,2025-01-26T14:13:15.000Z,2025-02-06T16:32:31.000Z,Chat,Account Access,MFA,Closed,Low,false,,24.0,BR-017,E-0073,true
RB-CS-000899,RB-C-00444-1,RB-FA-000962,2025-11-27T16:00:52.000Z,2025-12-07T13:44:58.000Z,Chat,Card Dispute,Unrecognized Charge,Closed,Low,false,2,11.8,BR-017,E-0132,false
RB-CS-000900,RB-C-00445-1,RB-FA-000963,2026-01-12T08:32:51.000Z,,Email,Card Dispute,Duplicate Charge,Escalated,Medium,true,5,21.6,BR-020,E-0109,true
RB-CS-000901,RB-C-00445-1,RB-FA-000964,2026-03-14T18:49:12.000Z,2026-03-14T15:04:39.000Z,Email,Fee Inquiry,Monthly Maintenance,Closed,Low,true,4,18.7,BR-020,E-0093,false
RB-CS-000902,RB-C-00446-1,RB-FA-000965,2025-09-17T16:12:58.000Z,2025-09-17T17:53:38.000Z,Email,Payments,Failed Transfer,Closed,Medium,true,3,22.6,BR-019,E-0081,true
RB-CS-000903,RB-C-00446-1,RB-FA-000965,2024-11-24T12:58:09.000Z,2024-12-04T08:08:51.000Z,Voice,Card Dispute,Duplicate Charge,Closed,Medium,false,1,7.6,BR-019,E-0129,true
RB-CS-000904,RB-C-00446-1,RB-FA-000965,2024-10-26T07:42:34.000Z,2024-10-26T12:07:47.000Z,Voice,Product Question,Rates,Closed,Medium,true,,7.8,BR-019,E-0111,true
RB-CS-000905,RB-C-00447-1,RB-FA-000966,2025-10-28T08:58:49.000Z,2025-10-28T07:48:20.000Z,Chat,Product Question,Rates,Closed,Low,true,4,8.6,BR-023,E-0078,false
RB-CS-000906,RB-C-00447-1,RB-FA-000967,2025-10-07T17:16:35.000Z,,Voice,Product Question,Eligibility,Open,Medium,true,5,5.3,BR-023,E-0090,false
RB-CS-000907,RB-C-00448-1,RB-FA-000968,2024-09-17T17:34:03.000Z,2024-09-17T10:03:03.000Z,Voice,Fraud,Account Takeover,Closed,Low,true,5,17.6,BR-025,E-0074,true
RB-CS-000908,RB-C-00450-1,RB-FA-000970,2025-10-23T18:12:01.000Z,2025-10-23T19:47:55.000Z,Email,Payments,Failed Transfer,Closed,Medium,true,3,20.5,BR-005,E-0082,false
RB-CS-000909,RB-C-00450-1,RB-FA-000970,2026-01-01T17:05:59.000Z,2026-01-03T13:22:02.000Z,Voice,Card Dispute,Duplicate Charge,Closed,Medium,false,5,11.2,BR-005,E-0068,true
RB-CS-000910,RB-C-00450-1,RB-FA-000970,2026-02-19T17:10:59.000Z,2026-02-19T07:18:01.000Z,Mobile App,Account Access,Locked Account,Closed,Medium,true,5,32.7,BR-005,E-0103,false
RB-CS-000911,RB-C-00450-1,RB-FA-000970,2025-02-26T13:41:18.000Z,,Voice,Account Access,Password Reset,Open,Medium,true,4,12.1,BR-005,E-0131,false
RB-CS-000912,RB-C-00451-1,RB-FA-000972,2026-01-24T18:37:59.000Z,2026-01-24T10:50:12.000Z,Voice,Account Access,MFA,Closed,Low,true,3,10.8,BR-024,E-0103,true
RB-CS-000913,RB-C-00454-1,RB-FA-000977,2025-07-04T09:04:33.000Z,,Chat,Fee Inquiry,Monthly Maintenance,In Progress,Medium,false,,14.8,BR-007,E-0072,false
RB-CS-000914,RB-C-00454-1,RB-FA-000978,2026-01-12T18:24:20.000Z,2026-01-12T13:40:02.000Z,Chat,Card Dispute,Duplicate Charge,Closed,Medium,true,4,7.5,BR-007,E-0127,true
RB-CS-000915,RB-C-00455-1,RB-FA-000980,2026-03-18T10:51:33.000Z,2026-03-18T19:23:49.000Z,Chat,Fee Inquiry,Overdraft Fee,Closed,Low,true,5,14.1,BR-014,E-0104,false
RB-CS-000916,RB-C-00456-1,RB-FA-000983,2025-09-06T17:05:43.000Z,2025-09-06T14:13:46.000Z,Email,Payments,Bill Pay,Closed,Low,true,,32.0,BR-020,E-0094,false
RB-CS-000917,RB-C-00457-1,RB-FA-000986,2025-01-31T10:41:05.000Z,2025-02-14T11:27:19.000Z,Voice,Account Access,MFA,Closed,Low,false,5,5.9,BR-029,E-0075,false
RB-CS-000918,RB-C-00457-1,RB-FA-000986,2026-01-31T19:51:04.000Z,2026-01-31T15:05:57.000Z,Branch,Fee Inquiry,ATM Fee,Closed,Low,true,,16.8,BR-029,E-0089,true
RB-CS-000919,RB-C-00457-1,RB-FA-000986,2025-11-30T12:11:26.000Z,2025-11-30T10:37:31.000Z,Mobile App,Product Question,Eligibility,Closed,Medium,true,,6.1,BR-029,E-0067,true
RB-CS-000920,RB-C-00457-1,RB-FA-000986,2025-05-30T19:13:05.000Z,2025-05-30T08:59:53.000Z,Voice,Product Question,Rates,Closed,Medium,true,,4.9,BR-029,E-0138,false
RB-CS-000921,RB-C-00458-1,RB-FA-000988,2025-04-22T08:24:10.000Z,2025-05-03T15:33:14.000Z,Chat,Card Dispute,Merchant Refund,Closed,Low,false,,7.6,BR-030,E-0137,false
RB-CS-000922,RB-C-00458-1,RB-FA-000988,2025-05-30T07:01:31.000Z,2025-05-30T09:41:09.000Z,Chat,Fee Inquiry,Monthly Maintenance,Closed,Low,true,,29.7,BR-030,E-0120,false
RB-CS-000923,RB-C-00458-1,RB-FA-000989,2025-05-02T13:25:16.000Z,2025-05-02T13:40:58.000Z,Voice,Account Access,MFA,Closed,High,true,5,14.1,BR-030,E-0118,false
RB-CS-000924,RB-C-00458-1,RB-FA-000990,2025-12-04T11:56:27.000Z,2025-12-04T11:56:17.000Z,Branch,Product Question,Eligibility,Closed,Low,true,4,8.0,BR-030,E-0113,false
RB-CS-000925,RB-C-00458-1,RB-FA-000991,2025-10-23T11:58:55.000Z,2025-10-23T14:07:54.000Z,Email,Fee Inquiry,Monthly Maintenance,Closed,Low,true,4,20.6,BR-030,E-0116,true
RB-CS-000926,RB-C-00459-1,RB-FA-000992,2024-09-05T10:00:49.000Z,2024-09-05T10:54:47.000Z,Mobile App,Fraud,Account Takeover,Closed,Low,true,,11.0,BR-025,E-0093,false
RB-CS-000927,RB-C-00461-1,RB-FA-000994,2025-10-21T18:08:32.000Z,2025-11-02T19:32:01.000Z,Mobile App,Card Dispute,Unrecognized Charge,Closed,Medium,false,,31.8,BR-008,E-0112,true
RB-CS-000928,RB-C-00461-1,RB-FA-000994,2024-09-09T09:25:57.000Z,2024-09-09T07:46:16.000Z,Voice,Account Access,MFA,Closed,Medium,true,5,11.3,BR-008,E-0072,true
RB-CS-000929,RB-C-00461-1,RB-FA-000994,2026-06-30T09:22:39.000Z,,Voice,Account Access,MFA,Open,Low,false,5,5.6,BR-008,E-0102,true
RB-CS-000930,RB-C-00461-1,RB-FA-000994,2024-10-31T18:26:15.000Z,2024-10-31T16:26:54.000Z,Voice,Account Access,Locked Account,Closed,High,true,,20.5,BR-008,E-0126,false
RB-CS-000931,RB-C-00461-1,RB-FA-000995,2026-01-15T13:44:58.000Z,2026-01-17T13:01:13.000Z,Branch,Card Dispute,Merchant Refund,Closed,Low,false,4,16.9,BR-008,E-0137,true
RB-CS-000932,RB-C-00461-1,RB-FA-000995,2026-03-13T18:48:35.000Z,2026-03-13T17:41:22.000Z,Voice,Account Access,Password Reset,Closed,Medium,true,,12.6,BR-008,E-0100,false
RB-CS-000933,RB-C-00461-1,RB-FA-000995,2026-05-10T11:23:10.000Z,2026-05-10T17:46:41.000Z,Voice,Fee Inquiry,Overdraft Fee,Closed,Medium,true,4,17.2,BR-008,E-0079,true
RB-CS-000934,RB-C-00464-1,RB-FA-001000,2025-11-24T13:12:53.000Z,2025-11-24T10:50:04.000Z,Voice,Account Access,Password Reset,Closed,Low,true,1,12.3,BR-010,E-0095,true
RB-CS-000935,RB-C-00464-1,RB-FA-001001,2025-10-28T15:55:07.000Z,2025-10-28T11:20:00.000Z,Voice,Account Access,Locked Account,Closed,High,true,5,13.5,BR-010,E-0078,false
RB-CS-000936,RB-C-00465-1,RB-FA-001003,2024-10-06T09:03:06.000Z,2024-10-06T17:54:24.000Z,Voice,Fraud,Account Takeover,Closed,Low,true,4,12.2,BR-026,E-0126,false
RB-CS-000937,RB-C-00465-1,RB-FA-001003,2026-01-05T09:34:51.000Z,2026-01-05T13:35:53.000Z,Email,Product Question,Rates,Closed,High,true,,72.3,BR-026,E-0104,false
RB-CS-000938,RB-C-00466-1,RB-FA-001004,2026-06-25T18:27:57.000Z,2026-06-25T08:49:11.000Z,Voice,Fee Inquiry,ATM Fee,Closed,Low,true,,17.9,BR-006,E-0113,false
RB-CS-000939,RB-C-00466-1,RB-FA-001004,2025-06-13T19:15:22.000Z,,Voice,Fee Inquiry,Monthly Maintenance,In Progress,Medium,true,4,12.5,BR-006,E-0134,true
RB-CS-000940,RB-C-00466-1,RB-FA-001004,2026-03-06T11:00:13.000Z,2026-03-26T17:00:49.000Z,Branch,Account Access,Locked Account,Closed,Medium,false,3,11.4,BR-006,E-0095,false
RB-CS-000941,RB-C-00466-1,RB-FA-001004,2025-01-26T09:36:05.000Z,2025-01-26T11:37:05.000Z,Voice,Fee Inquiry,Monthly Maintenance,Closed,Medium,true,4,5.3,BR-006,E-0101,false
RB-CS-000942,RB-C-00466-1,RB-FA-001005,2026-06-04T07:29:21.000Z,2026-06-04T14:21:18.000Z,Mobile App,Account Access,MFA,Closed,Low,true,,22.7,BR-006,E-0092,true
RB-CS-000943,RB-C-00466-1,RB-FA-001005,2025-04-21T14:08:46.000Z,2025-04-21T16:58:47.000Z,Voice,Product Question,Rates,Closed,Low,true,2,15.7,BR-006,E-0115,false
RB-CS-000944,RB-C-00466-1,RB-FA-001005,2025-06-30T07:03:16.000Z,2025-06-30T19:42:08.000Z,Email,Account Access,Locked Account,Closed,Medium,true,,25.0,BR-006,E-0070,false
RB-CS-000945,RB-C-00466-1,RB-FA-001005,2025-07-21T12:44:52.000Z,2025-07-21T08:34:32.000Z,Chat,Card Dispute,Merchant Refund,Closed,Low,true,,16.7,BR-006,E-0092,false
RB-CS-000946,RB-C-00467-1,RB-FA-001006,2025-09-12T07:02:44.000Z,2025-09-12T18:32:20.000Z,Mobile App,Payments,Bill Pay,Closed,Low,true,,17.6,BR-010,E-0118,true
RB-CS-000947,RB-C-00467-1,RB-FA-001006,2025-05-27T11:34:57.000Z,2025-05-27T09:36:08.000Z,Branch,Card Dispute,Merchant Refund,Closed,Low,true,,15.2,BR-010,E-0108,false
RB-CS-000948,RB-C-00467-1,RB-FA-001007,2025-04-11T17:02:46.000Z,2025-04-12T17:11:13.000Z,Voice,Product Question,Eligibility,Closed,Medium,false,,6.0,BR-010,E-0139,false
RB-CS-000949,RB-C-00468-1,RB-FA-001009,2025-07-17T08:39:05.000Z,2025-08-04T18:40:38.000Z,Email,Account Access,MFA,Closed,Medium,false,5,63.1,BR-014,E-0067,true
RB-CS-000950,RB-C-00468-1,RB-FA-001009,2024-09-26T12:09:20.000Z,2024-09-26T09:51:45.000Z,Mobile App,Product Question,Rates,Closed,Low,true,,4.0,BR-014,E-0082,true
RB-CS-000951,RB-C-00468-1,RB-FA-001009,2026-07-18T07:54:57.000Z,,Chat,Fraud,Account Takeover,Open,Medium,true,,26.6,BR-014,E-0081,false
RB-CS-000952,RB-C-00471-1,RB-FA-001012,2025-10-12T19:46:31.000Z,,Chat,Account Access,MFA,In Progress,Low,true,3,15.1,BR-019,E-0121,true
RB-CS-000953,RB-C-00471-1,RB-FA-001012,2025-08-23T14:35:30.000Z,2025-09-08T18:37:03.000Z,Chat,Payments,Bill Pay,Closed,Low,false,,11.6,BR-019,E-0079,true
RB-CS-000954,RB-C-00471-1,RB-FA-001012,2025-05-12T16:24:13.000Z,2025-05-12T12:59:30.000Z,Mobile App,Fee Inquiry,Monthly Maintenance,Closed,Low,true,5,13.4,BR-019,E-0119,false
RB-CS-000955,RB-C-00471-1,RB-FA-001012,2024-09-03T13:29:04.000Z,2024-09-03T17:34:26.000Z,Voice,Fee Inquiry,ATM Fee,Closed,Medium,true,5,6.0,BR-019,E-0140,true
RB-CS-000956,RB-C-00471-1,RB-FA-001013,2024-12-25T07:59:09.000Z,2024-12-25T17:33:57.000Z,Mobile App,Product Question,Rates,Closed,Medium,true,3,6.0,BR-019,E-0101,false
RB-CS-000957,RB-C-00471-1,RB-FA-001014,2025-03-02T14:39:44.000Z,2025-03-02T14:10:33.000Z,Voice,Fee Inquiry,Overdraft Fee,Closed,Low,true,,15.9,BR-019,E-0109,false
RB-CS-000958,RB-C-00471-1,RB-FA-001014,2026-07-16T10:20:19.000Z,,Chat,Fee Inquiry,Overdraft Fee,Open,Medium,true,5,11.5,BR-019,E-0140,false
RB-CS-000959,RB-C-00471-1,RB-FA-001014,2025-05-11T17:44:05.000Z,2025-05-11T10:33:30.000Z,Chat,Card Dispute,Unrecognized Charge,Closed,Low,true,,13.6,BR-019,E-0126,false
RB-CS-000960,RB-C-00471-1,RB-FA-001014,2024-10-22T15:35:20.000Z,2024-10-22T19:34:00.000Z,Chat,Account Access,Locked Account,Closed,Low,true,3,7.3,BR-019,E-0089,true
RB-CS-000961,RB-C-00474-1,RB-FA-001018,2026-05-15T15:40:58.000Z,2026-05-15T18:08:24.000Z,Voice,Product Question,Rates,Closed,Low,true,2,11.3,BR-018,E-0118,true
RB-CS-000962,RB-C-00474-1,RB-FA-001019,2026-04-07T18:21:29.000Z,2026-04-07T07:02:37.000Z,Chat,Fee Inquiry,Overdraft Fee,Closed,High,true,5,23.0,BR-018,E-0078,false
RB-CS-000963,RB-C-00475-1,RB-FA-001023,2025-04-06T12:36:19.000Z,2025-04-06T11:41:32.000Z,Chat,Account Access,MFA,Closed,Medium,true,,7.6,BR-009,E-0125,false
RB-CS-000964,RB-C-00475-1,RB-FA-001023,2025-08-07T19:23:55.000Z,2025-08-07T10:50:15.000Z,Voice,Product Question,Rates,Closed,Low,true,,21.2,BR-009,E-0068,true
RB-CS-000965,RB-C-00475-1,RB-FA-001023,2026-04-22T16:02:09.000Z,2026-04-22T08:09:52.000Z,Voice,Fraud,Account Takeover,Closed,Low,true,,35.6,BR-009,E-0125,false
RB-CS-000966,RB-C-00477-1,RB-FA-001026,2025-07-24T13:11:45.000Z,2025-07-24T13:58:21.000Z,Voice,Product Question,Rates,Closed,Medium,true,4,4.5,BR-011,E-0098,false
RB-CS-000967,RB-C-00478-1,RB-FA-001027,2024-12-12T10:28:14.000Z,,Branch,Card Dispute,Unrecognized Charge,In Progress,Low,false,5,10.5,BR-006,E-0131,true
RB-CS-000968,RB-C-00478-1,RB-FA-001027,2026-04-11T17:36:32.000Z,2026-04-11T16:55:54.000Z,Voice,Account Access,MFA,Closed,Low,true,,6.8,BR-006,E-0107,false
RB-CS-000969,RB-C-00478-1,RB-FA-001027,2025-01-22T13:55:52.000Z,2025-01-22T19:21:36.000Z,Voice,Account Access,Locked Account,Closed,Low,true,4,10.8,BR-006,E-0095,false
RB-CS-000970,RB-C-00479-1,RB-FA-001030,2026-08-01T18:26:06.000Z,2026-08-13T07:16:34.000Z,Voice,Fee Inquiry,Monthly Maintenance,Closed,Low,false,,20.0,BR-023,E-0125,false
RB-CS-000971,RB-C-00479-1,RB-FA-001030,2024-11-09T09:40:42.000Z,2024-11-28T16:22:01.000Z,Branch,Account Access,Password Reset,Closed,Medium,false,5,5.8,BR-023,E-0134,false
RB-CS-000972,RB-C-00479-1,RB-FA-001030,2026-01-02T11:18:20.000Z,2026-01-02T13:28:21.000Z,Voice,Payments,Bill Pay,Closed,Low,true,5,10.9,BR-023,E-0089,true
RB-CS-000973,RB-C-00479-1,RB-FA-001030,2025-07-24T18:02:31.000Z,2025-07-24T08:59:20.000Z,Voice,Card Dispute,Merchant Refund,Closed,Low,true,,16.4,BR-023,E-0112,false
RB-CS-000974,RB-C-00481-1,RB-FA-001033,2025-12-19T08:31:20.000Z,2025-12-31T19:00:25.000Z,Chat,Card Dispute,Duplicate Charge,Closed,Low,false,4,11.7,BR-028,E-0064,false
RB-CS-000975,RB-C-00483-1,RB-FA-001038,2026-03-10T15:39:05.000Z,2026-03-30T17:47:06.000Z,Chat,Account Access,Password Reset,Closed,Medium,false,3,5.6,BR-010,E-0113,true
RB-CS-000976,RB-C-00484-1,RB-FA-001041,2025-03-03T12:36:26.000Z,2025-03-03T14:25:00.000Z,Chat,Payments,Bill Pay,Closed,High,true,4,4.8,BR-006,E-0111,false
RB-CS-000977,RB-C-00484-1,RB-FA-001041,2026-02-25T09:00:33.000Z,,Chat,Payments,Wire Status,In Progress,Medium,true,,8.2,BR-006,E-0103,false
RB-CS-000978,RB-C-00484-1,RB-FA-001041,2026-04-08T16:21:44.000Z,,Email,Payments,Wire Status,In Progress,Medium,true,,25.2,BR-006,E-0136,false
RB-CS-000979,RB-C-00484-1,RB-FA-001042,2025-03-08T09:08:02.000Z,2025-03-08T11:19:59.000Z,Chat,Account Access,MFA,Closed,Low,true,,16.4,BR-006,E-0082,true
RB-CS-000980,RB-C-00484-1,RB-FA-001043,2025-04-01T19:32:28.000Z,2025-04-01T09:36:58.000Z,Chat,Payments,Failed Transfer,Closed,Low,true,,13.1,BR-006,E-0130,true
RB-CS-000981,RB-C-00484-1,RB-FA-001043,2025-02-04T12:25:33.000Z,2025-02-04T09:12:27.000Z,Chat,Product Question,Rates,Closed,Low,true,3,7.9,BR-006,E-0081,true
RB-CS-000982,RB-C-00484-1,RB-FA-001044,2025-08-16T10:28:36.000Z,2025-08-16T18:52:48.000Z,Chat,Payments,Bill Pay,Closed,Medium,true,5,13.8,BR-006,E-0110,false
RB-CS-000983,RB-C-00484-1,RB-FA-001044,2026-01-03T12:34:46.000Z,2026-01-16T17:46:03.000Z,Voice,Card Dispute,Duplicate Charge,Closed,Medium,false,5,4.9,BR-006,E-0136,false
RB-CS-000984,RB-C-00484-1,RB-FA-001044,2025-10-03T18:39:07.000Z,2025-10-03T09:07:16.000Z,Branch,Fee Inquiry,Monthly Maintenance,Closed,Low,true,5,13.9,BR-006,E-0107,true
RB-CS-000985,RB-C-00484-1,RB-FA-001044,2024-09-08T11:21:57.000Z,,Chat,Fee Inquiry,ATM Fee,In Progress,Medium,true,5,15.5,BR-006,E-0132,false
RB-CS-000986,RB-C-00485-1,RB-FA-001045,2025-06-01T10:34:15.000Z,2025-06-21T16:52:27.000Z,Email,Account Access,Locked Account,Closed,Low,false,,20.7,BR-021,E-0129,true
RB-CS-000987,RB-C-00486-1,RB-FA-001046,2025-05-31T11:07:34.000Z,2025-05-31T11:49:06.000Z,Mobile App,Product Question,Eligibility,Closed,Medium,true,,13.6,BR-029,E-0076,false
RB-CS-000988,RB-C-00486-1,RB-FA-001046,2025-01-04T10:00:09.000Z,2025-01-06T14:53:02.000Z,Voice,Account Access,Password Reset,Closed,Medium,false,,8.4,BR-029,E-0096,false
RB-CS-000989,RB-C-00486-1,RB-FA-001046,2025-02-20T12:07:24.000Z,2025-02-20T15:16:29.000Z,Voice,Account Access,Locked Account,Closed,Low,true,,9.9,BR-029,E-0074,true
RB-CS-000990,RB-C-00486-1,RB-FA-001046,2025-05-30T13:37:00.000Z,2025-06-05T08:45:45.000Z,Voice,Fee Inquiry,Overdraft Fee,Closed,Low,false,,11.8,BR-029,E-0070,false
RB-CS-000991,RB-C-00486-1,RB-FA-001047,2025-04-22T13:35:17.000Z,2025-04-23T09:54:45.000Z,Chat,Card Dispute,Unrecognized Charge,Closed,Low,false,1,4.4,BR-029,E-0101,true
RB-CS-000992,RB-C-00487-1,RB-FA-001048,2025-09-22T10:27:38.000Z,2025-09-22T07:37:47.000Z,Voice,Card Dispute,Unrecognized Charge,Closed,Low,true,,3.7,BR-018,E-0133,false
RB-CS-000993,RB-C-00487-1,RB-FA-001049,2024-10-27T17:09:32.000Z,2024-11-10T12:07:18.000Z,Chat,Card Dispute,Merchant Refund,Closed,Medium,false,4,5.6,BR-018,E-0101,false
RB-CS-000994,RB-C-00487-1,RB-FA-001049,2026-08-27T19:13:33.000Z,2026-08-28T19:35:53.000Z,Chat,Account Access,Password Reset,Closed,Low,false,3,12.9,BR-018,E-0122,true
RB-CS-000995,RB-C-00488-1,RB-FA-001052,2024-11-02T08:39:37.000Z,2024-11-04T13:41:20.000Z,Email,Product Question,Eligibility,Closed,Low,false,5,23.6,BR-002,E-0134,true
RB-CS-000996,RB-C-00488-1,RB-FA-001052,2026-04-05T16:52:52.000Z,2026-04-12T15:23:10.000Z,Mobile App,Payments,Failed Transfer,Closed,Low,false,5,32.0,BR-002,E-0100,false
RB-CS-000997,RB-C-00488-1,RB-FA-001052,2026-04-14T15:24:45.000Z,2026-04-14T11:03:22.000Z,Email,Fee Inquiry,ATM Fee,Closed,High,true,,12.8,BR-002,E-0065,false
RB-CS-000998,RB-C-00488-1,RB-FA-001053,2026-03-14T19:57:44.000Z,2026-04-01T17:17:54.000Z,Voice,Card Dispute,Duplicate Charge,Closed,Medium,false,1,6.5,BR-002,E-0098,true
RB-CS-000999,RB-C-00488-1,RB-FA-001053,2025-02-27T18:46:46.000Z,2025-03-09T19:04:10.000Z,Chat,Card Dispute,Unrecognized Charge,Closed,Medium,false,,13.8,BR-002,E-0121,false
RB-CS-001000,RB-C-00488-1,RB-FA-001053,2024-11-09T13:45:39.000Z,2024-11-09T18:13:44.000Z,Chat,Product Question,Rates,Closed,Low,true,,13.4,BR-002,E-0087,true
RB-CS-001001,RB-C-00489-1,RB-FA-001055,2025-05-01T16:10:45.000Z,,Mobile App,Fee Inquiry,Monthly Maintenance,In Progress,Medium,true,,8.1,BR-004,E-0061,false
RB-CS-001002,RB-C-00489-1,RB-FA-001055,2024-10-23T10:03:16.000Z,2024-10-23T14:12:33.000Z,Voice,Card Dispute,Merchant Refund,Closed,Low,true,4,9.7,BR-004,E-0125,false
RB-CS-001003,RB-C-00490-1,RB-FA-001056,2025-12-16T19:49:45.000Z,2025-12-16T10:08:41.000Z,Branch,Product Question,Rates,Closed,Low,true,5,7.2,BR-025,E-0090,false
RB-CS-001004,RB-C-00491-1,RB-FA-001057,2025-04-24T19:51:16.000Z,2025-04-24T09:55:20.000Z,Voice,Fee Inquiry,Monthly Maintenance,Closed,Low,true,5,12.5,BR-018,E-0087,false
RB-CS-001005,RB-C-00491-1,RB-FA-001057,2026-03-30T09:15:03.000Z,2026-03-30T12:06:30.000Z,Chat,Product Question,Eligibility,Closed,Medium,true,,7.0,BR-018,E-0078,false
RB-CS-001006,RB-C-00491-1,RB-FA-001057,2024-09-09T12:13:07.000Z,2024-09-29T15:57:30.000Z,Email,Card Dispute,Unrecognized Charge,Closed,Low,false,5,35.4,BR-018,E-0104,true
RB-CS-001007,RB-C-00491-1,RB-FA-001057,2026-05-18T08:24:21.000Z,2026-05-24T14:24:11.000Z,Email,Payments,Bill Pay,Closed,Medium,false,2,22.4,BR-018,E-0138,true
RB-CS-001008,RB-C-00491-1,RB-FA-001059,2026-06-17T15:01:28.000Z,2026-07-01T18:52:06.000Z,Chat,Payments,Bill Pay,Closed,Low,false,,6.3,BR-018,E-0080,false
RB-CS-001009,RB-C-00491-1,RB-FA-001059,2025-03-22T15:23:33.000Z,2025-04-05T15:33:26.000Z,Voice,Card Dispute,Merchant Refund,Closed,Medium,false,5,9.8,BR-018,E-0087,false
RB-CS-001010,RB-C-00491-1,RB-FA-001059,2024-10-03T19:13:17.000Z,,Email,Card Dispute,Unrecognized Charge,Open,Low,true,,29.6,BR-018,E-0116,false
RB-CS-001011,RB-C-00492-1,RB-FA-001062,2025-10-27T16:04:56.000Z,2025-10-27T16:40:41.000Z,Voice,Product Question,Rates,Closed,Medium,true,5,10.1,BR-026,E-0061,false
RB-CS-001012,RB-C-00492-1,RB-FA-001062,2026-04-04T18:14:19.000Z,2026-04-04T10:06:41.000Z,Chat,Payments,Wire Status,Closed,Low,true,,4.9,BR-026,E-0134,false
RB-CS-001013,RB-C-00493-1,RB-FA-001063,2024-12-27T07:03:37.000Z,2025-01-05T07:07:24.000Z,Chat,Fee Inquiry,Monthly Maintenance,Closed,Low,false,1,19.5,BR-008,E-0083,true
RB-CS-001014,RB-C-00493-1,RB-FA-001064,2024-12-14T07:03:00.000Z,2024-12-25T11:06:47.000Z,Chat,Product Question,Rates,Closed,Low,false,,18.9,BR-008,E-0112,true
RB-CS-001015,RB-C-00493-1,RB-FA-001064,2026-01-23T18:36:39.000Z,,Email,Product Question,Eligibility,Escalated,Low,true,,37.7,BR-008,E-0137,false
RB-CS-001016,RB-C-00493-1,RB-FA-001064,2025-05-14T16:31:58.000Z,2025-05-14T12:22:30.000Z,Chat,Card Dispute,Unrecognized Charge,Closed,Medium,true,5,13.0,BR-008,E-0091,false
RB-CS-001017,RB-C-00493-1,RB-FA-001064,2025-07-12T11:14:47.000Z,2025-07-12T14:16:14.000Z,Branch,Card Dispute,Merchant Refund,Closed,Low,true,,11.8,BR-008,E-0095,false
RB-CS-001018,RB-C-00494-1,RB-FA-001065,2026-04-16T08:47:52.000Z,2026-04-30T19:11:01.000Z,Email,Fee Inquiry,Overdraft Fee,Closed,Low,false,4,60.4,BR-008,E-0080,false
RB-CS-001019,RB-C-00495-1,RB-FA-001068,2025-09-22T14:40:36.000Z,2025-10-01T18:51:16.000Z,Branch,Fee Inquiry,ATM Fee,Closed,Low,false,1,15.2,BR-014,E-0100,false
RB-CS-001020,RB-C-00495-1,RB-FA-001069,2025-08-15T15:44:12.000Z,2025-08-15T07:59:11.000Z,Chat,Payments,Wire Status,Closed,Low,true,4,11.7,BR-014,E-0106,false
RB-CS-001021,RB-C-00496-1,RB-FA-001072,2026-07-07T12:53:19.000Z,2026-07-07T14:24:45.000Z,Branch,Fee Inquiry,Monthly Maintenance,Closed,Low,true,5,9.6,BR-018,E-0072,true
RB-CS-001022,RB-C-00496-1,RB-FA-001073,2025-02-22T10:04:35.000Z,2025-02-22T09:33:49.000Z,Voice,Account Access,Password Reset,Closed,High,true,,28.1,BR-018,E-0077,false
RB-CS-001023,RB-C-00496-1,RB-FA-001074,2024-10-09T08:05:55.000Z,2024-10-09T14:21:15.000Z,Branch,Account Access,MFA,Closed,Low,true,3,6.5,BR-018,E-0114,true
RB-CS-001024,RB-C-00497-1,RB-FA-001075,2025-11-28T16:47:45.000Z,2025-12-14T07:22:50.000Z,Mobile App,Fee Inquiry,Monthly Maintenance,Closed,Low,false,4,8.9,BR-029,E-0071,false
RB-CS-001025,RB-C-00497-1,RB-FA-001075,2026-04-05T09:42:49.000Z,2026-04-05T12:48:41.000Z,Voice,Product Question,Rates,Closed,Low,true,4,9.3,BR-029,E-0114,false
RB-CS-001026,RB-C-00497-1,RB-FA-001075,2026-05-03T17:31:17.000Z,2026-05-03T12:27:39.000Z,Mobile App,Fee Inquiry,Monthly Maintenance,Closed,Low,true,,7.5,BR-029,E-0080,false
RB-CS-001027,RB-C-00498-1,RB-FA-001076,2026-08-09T08:27:36.000Z,,Email,Account Access,MFA,Open,Medium,true,,38.1,BR-027,E-0120,false
RB-CS-001028,RB-C-00498-1,RB-FA-001076,2026-04-28T18:03:35.000Z,2026-04-28T12:37:13.000Z,Voice,Card Dispute,Duplicate Charge,Closed,Low,true,,12.0,BR-027,E-0137,false
RB-CS-001029,RB-C-00499-1,RB-FA-001079,2025-04-29T08:37:35.000Z,2025-05-02T18:51:16.000Z,Voice,Fee Inquiry,Overdraft Fee,Closed,Low,false,,9.4,BR-003,E-0112,false
RB-CS-001030,RB-C-00501-1,RB-FA-001082,2024-12-28T14:09:16.000Z,2024-12-28T11:45:13.000Z,Chat,Product Question,Rates,Closed,Medium,true,,6.9,BR-023,E-0068,false
RB-CS-001031,RB-C-00501-1,RB-FA-001082,2025-05-29T10:29:36.000Z,2025-05-29T17:56:13.000Z,Email,Payments,Wire Status,Closed,Medium,true,4,64.0,BR-023,E-0061,false
RB-CS-001032,RB-C-00503-1,RB-FA-001085,2025-12-15T16:48:14.000Z,2025-12-15T11:33:06.000Z,Mobile App,Fraud,Account Takeover,Closed,Low,true,5,8.1,BR-020,E-0082,false
RB-CS-001033,RB-C-00504-1,RB-FA-001086,2025-03-15T11:31:16.000Z,2025-03-15T19:54:41.000Z,Voice,Product Question,Rates,Closed,Low,true,5,9.9,BR-001,E-0099,true
RB-CS-001034,RB-C-00504-1,RB-FA-001087,2024-12-29T08:11:05.000Z,2024-12-29T16:01:53.000Z,Voice,Account Access,MFA,Closed,High,true,,13.5,BR-001,E-0098,true
RB-CS-001035,RB-C-00504-1,RB-FA-001087,2026-01-27T17:07:58.000Z,2026-01-27T11:52:01.000Z,Chat,Fraud,Account Takeover,Closed,Low,true,,8.1,BR-001,E-0088,true
RB-CS-001036,RB-C-00506-1,RB-FA-001093,2026-03-05T17:10:25.000Z,,Chat,Card Dispute,Unrecognized Charge,Escalated,Low,true,5,9.7,BR-001,E-0099,false
RB-CS-001037,RB-C-00508-1,RB-FA-001097,2026-05-03T17:14:28.000Z,2026-05-13T12:58:52.000Z,Voice,Account Access,Password Reset,Closed,Low,false,,7.4,BR-007,E-0086,false
RB-CS-001038,RB-C-00509-1,RB-FA-001098,2024-09-25T12:46:16.000Z,2024-09-25T19:56:31.000Z,Email,Product Question,Eligibility,Closed,Medium,true,2,30.6,BR-026,E-0085,false
RB-CS-001039,RB-C-00509-1,RB-FA-001098,2026-04-25T15:01:57.000Z,2026-04-25T15:45:55.000Z,Mobile App,Card Dispute,Duplicate Charge,Closed,Medium,true,,32.4,BR-026,E-0074,false
RB-CS-001040,RB-C-00509-1,RB-FA-001098,2025-05-20T18:07:20.000Z,2025-05-20T11:38:42.000Z,Email,Card Dispute,Unrecognized Charge,Closed,Medium,true,,31.8,BR-026,E-0084,true
RB-CS-001041,RB-C-00509-1,RB-FA-001099,2026-03-29T19:12:07.000Z,2026-04-03T07:31:18.000Z,Mobile App,Account Access,Locked Account,Closed,Medium,false,,9.9,BR-026,E-0108,false
RB-CS-001042,RB-C-00509-1,RB-FA-001099,2024-09-20T08:02:27.000Z,2024-09-20T10:53:13.000Z,Chat,Fee Inquiry,Monthly Maintenance,Closed,Low,true,,12.5,BR-026,E-0106,false
RB-CS-001043,RB-C-00509-1,RB-FA-001099,2025-10-05T17:21:50.000Z,,Email,Fee Inquiry,ATM Fee,Open,Low,true,,7.6,BR-026,E-0106,true
RB-CS-001044,RB-C-00509-1,RB-FA-001099,2026-06-11T12:56:55.000Z,2026-06-11T09:37:24.000Z,Chat,Fee Inquiry,ATM Fee,Closed,High,true,,13.2,BR-026,E-0066,false
RB-CS-001045,RB-C-00510-1,RB-FA-001100,2025-10-06T14:58:18.000Z,2025-10-16T18:31:45.000Z,Email,Product Question,Rates,Closed,Low,false,3,34.1,BR-024,E-0105,false
RB-CS-001046,RB-C-00510-1,RB-FA-001100,2024-09-02T14:37:30.000Z,2024-09-02T19:56:37.000Z,Chat,Fraud,Account Takeover,Closed,Low,true,4,20.7,BR-024,E-0104,false
RB-CS-001047,RB-C-00510-1,RB-FA-001101,2025-04-15T15:28:51.000Z,2025-04-15T09:27:33.000Z,Email,Account Access,MFA,Closed,Medium,true,1,16.3,BR-024,E-0110,true
RB-CS-001048,RB-C-00511-1,RB-FA-001102,2026-06-21T13:58:09.000Z,2026-07-12T10:09:39.000Z,Branch,Account Access,MFA,Closed,Medium,false,5,13.9,BR-018,E-0073,false
RB-CS-001049,RB-C-00511-1,RB-FA-001102,2025-08-02T12:11:30.000Z,2025-08-02T11:07:46.000Z,Email,Account Access,Locked Account,Closed,Medium,true,3,42.4,BR-018,E-0071,false
RB-CS-001050,RB-C-00511-1,RB-FA-001103,2025-12-01T15:51:38.000Z,2025-12-18T15:04:36.000Z,Mobile App,Card Dispute,Unrecognized Charge,Closed,Low,false,,19.5,BR-018,E-0095,false
RB-CS-001051,RB-C-00511-1,RB-FA-001104,2026-03-17T09:40:25.000Z,2026-03-24T08:26:58.000Z,Chat,Card Dispute,Unrecognized Charge,Closed,Medium,false,1,21.3,BR-018,E-0113,false
RB-CS-001052,RB-C-00511-1,RB-FA-001104,2025-05-17T17:53:11.000Z,2025-06-05T17:36:25.000Z,Mobile App,Card Dispute,Duplicate Charge,Closed,Low,false,3,8.4,BR-018,E-0103,false
RB-CS-001053,RB-C-00511-1,RB-FA-001104,2026-06-21T10:32:04.000Z,2026-06-21T15:31:21.000Z,Mobile App,Fee Inquiry,Monthly Maintenance,Closed,Low,true,,11.0,BR-018,E-0092,false
RB-CS-001054,RB-C-00512-1,RB-FA-001105,2025-03-06T09:43:29.000Z,2025-03-06T19:19:16.000Z,Mobile App,Fee Inquiry,Overdraft Fee,Closed,Medium,true,5,13.5,BR-029,E-0094,false
RB-CS-001055,RB-C-00513-1,RB-FA-001109,2025-12-22T12:41:12.000Z,2025-12-22T19:22:47.000Z,Email,Payments,Wire Status,Closed,Low,true,4,34.8,BR-011,E-0088,true
RB-CS-001056,RB-C-00514-1,RB-FA-001110,2024-11-03T10:14:31.000Z,2024-11-07T18:58:16.000Z,Chat,Payments,Bill Pay,Closed,Low,false,5,11.1,BR-017,E-0130,true
RB-CS-001057,RB-C-00514-1,RB-FA-001111,2025-10-12T19:06:01.000Z,2025-10-28T07:19:39.000Z,Voice,Account Access,Password Reset,Closed,High,false,5,8.5,BR-017,E-0136,true
RB-CS-001058,RB-C-00515-1,RB-FA-001112,2026-06-03T15:24:15.000Z,2026-06-06T19:32:41.000Z,Voice,Account Access,MFA,Closed,Medium,false,,14.8,BR-002,E-0140,true
RB-CS-001059,RB-C-00515-1,RB-FA-001112,2026-08-05T17:48:34.000Z,2026-08-05T12:06:12.000Z,Mobile App,Account Access,MFA,Closed,High,true,1,12.3,BR-002,E-0065,false
RB-CS-001060,RB-C-00515-1,RB-FA-001112,2024-10-15T09:17:57.000Z,2024-10-15T11:11:01.000Z,Email,Fee Inquiry,Overdraft Fee,Closed,Low,true,,30.1,BR-002,E-0083,false
RB-CS-001061,RB-C-00515-1,RB-FA-001113,2024-11-24T07:31:04.000Z,2024-11-24T12:26:31.000Z,Voice,Payments,Wire Status,Closed,Medium,true,4,8.5,BR-002,E-0097,true
RB-CS-001062,RB-C-00516-1,RB-FA-001114,2025-11-08T16:25:41.000Z,2025-11-08T11:21:42.000Z,Branch,Fee Inquiry,ATM Fee,Closed,Low,true,,22.6,BR-024,E-0122,false
RB-CS-001063,RB-C-00516-1,RB-FA-001114,2026-01-01T18:49:56.000Z,2026-01-01T10:46:29.000Z,Chat,Account Access,Password Reset,Closed,Medium,true,3,17.2,BR-024,E-0077,false
RB-CS-001064,RB-C-00516-1,RB-FA-001114,2024-10-18T18:02:02.000Z,2024-10-18T19:57:02.000Z,Voice,Product Question,Rates,Closed,Low,true,5,6.4,BR-024,E-0114,false
RB-CS-001065,RB-C-00516-1,RB-FA-001114,2025-02-19T08:09:27.000Z,2025-02-19T13:26:31.000Z,Chat,Card Dispute,Duplicate Charge,Closed,Low,true,,14.5,BR-024,E-0124,true
RB-CS-001066,RB-C-00517-1,RB-FA-001116,2026-06-24T09:58:32.000Z,,Email,Card Dispute,Duplicate Charge,Open,Medium,false,1,13.3,BR-029,E-0121,false
RB-CS-001067,RB-C-00517-1,RB-FA-001117,2025-09-21T16:59:15.000Z,2025-10-05T07:05:40.000Z,Chat,Card Dispute,Merchant Refund,Closed,High,false,5,9.9,BR-029,E-0081,true
RB-CS-001068,RB-C-00517-1,RB-FA-001117,2025-02-27T17:10:38.000Z,2025-03-20T12:00:33.000Z,Chat,Card Dispute,Merchant Refund,Closed,High,false,4,24.3,BR-029,E-0078,true
RB-CS-001069,RB-C-00518-1,RB-FA-001119,2026-07-02T09:09:32.000Z,2026-07-14T13:11:20.000Z,Mobile App,Fee Inquiry,ATM Fee,Closed,Low,false,2,6.4,BR-009,E-0089,false
RB-CS-001070,RB-C-00518-1,RB-FA-001121,2025-05-26T13:53:32.000Z,2025-06-06T10:36:13.000Z,Chat,Card Dispute,Duplicate Charge,Closed,High,false,,8.2,BR-009,E-0066,false
RB-CS-001071,RB-C-00518-1,RB-FA-001122,2026-05-30T09:40:58.000Z,2026-05-30T08:39:43.000Z,Voice,Card Dispute,Unrecognized Charge,Closed,Medium,true,4,14.8,BR-009,E-0137,false
RB-CS-001072,RB-C-00519-1,RB-FA-001123,2024-10-17T11:25:46.000Z,2024-10-17T18:06:17.000Z,Voice,Fee Inquiry,ATM Fee,Closed,Low,true,3,19.5,BR-005,E-0104,false
RB-CS-001073,RB-C-00519-1,RB-FA-001123,2026-06-09T08:13:01.000Z,2026-06-09T10:55:55.000Z,Voice,Fee Inquiry,Monthly Maintenance,Closed,Medium,true,5,10.2,BR-005,E-0117,true
RB-CS-001074,RB-C-00519-1,RB-FA-001123,2025-08-07T15:40:36.000Z,2025-08-28T18:51:03.000Z,Branch,Fraud,Card Compromised,Closed,Low,false,,6.7,BR-005,E-0084,true
RB-CS-001075,RB-C-00519-1,RB-FA-001123,2024-10-04T09:07:51.000Z,2024-10-16T10:28:06.000Z,Voice,Fee Inquiry,Monthly Maintenance,Closed,Medium,false,,17.1,BR-005,E-0112,false
RB-CS-001076,RB-C-00520-1,RB-FA-001124,2024-09-16T11:41:26.000Z,2024-10-03T15:06:12.000Z,Branch,Product Question,Eligibility,Closed,Low,false,1,22.2,BR-011,E-0119,true
RB-CS-001077,RB-C-00520-1,RB-FA-001125,2025-06-09T10:21:05.000Z,2025-06-25T15:18:46.000Z,Voice,Product Question,Eligibility,Closed,High,false,,19.1,BR-011,E-0110,false
RB-CS-001078,RB-C-00520-1,RB-FA-001125,2024-11-18T16:49:04.000Z,2024-11-18T15:21:15.000Z,Email,Card Dispute,Merchant Refund,Closed,Low,true,,27.2,BR-011,E-0118,true
RB-CS-001079,RB-C-00520-1,RB-FA-001125,2026-02-13T16:08:48.000Z,2026-02-13T12:35:03.000Z,Email,Payments,Failed Transfer,Closed,Low,true,4,37.8,BR-011,E-0094,false
RB-CS-001080,RB-C-00521-1,RB-FA-001126,2026-06-02T13:45:44.000Z,2026-06-02T18:11:05.000Z,Email,Fee Inquiry,Overdraft Fee,Closed,Low,true,4,51.9,BR-014,E-0092,false
RB-CS-001081,RB-C-00521-1,RB-FA-001127,2026-05-05T18:46:32.000Z,2026-05-18T14:43:54.000Z,Chat,Account Access,Locked Account,Closed,Low,false,1,14.6,BR-014,E-0134,false
RB-CS-001082,RB-C-00522-1,RB-FA-001131,2024-11-25T09:33:45.000Z,2024-11-25T15:17:54.000Z,Chat,Fee Inquiry,Overdraft Fee,Closed,Medium,true,,15.4,BR-006,E-0101,true
RB-CS-001083,RB-C-00523-1,RB-FA-001133,2025-10-29T07:50:13.000Z,2025-10-29T10:48:33.000Z,Voice,Account Access,Locked Account,Closed,Medium,true,,10.2,BR-016,E-0110,true
RB-CS-001084,RB-C-00523-1,RB-FA-001133,2024-11-19T13:26:48.000Z,,Email,Account Access,Password Reset,Open,Medium,false,,12.0,BR-016,E-0135,true
RB-CS-001085,RB-C-00523-1,RB-FA-001133,2026-02-10T19:29:54.000Z,2026-02-10T13:51:03.000Z,Mobile App,Account Access,Locked Account,Closed,Low,true,2,20.1,BR-016,E-0098,false
RB-CS-001086,RB-C-00523-1,RB-FA-001133,2026-08-13T09:29:28.000Z,2026-08-13T19:22:55.000Z,Chat,Account Access,Locked Account,Closed,Medium,true,4,6.6,BR-016,E-0085,true
RB-CS-001087,RB-C-00523-1,RB-FA-001134,2026-05-11T09:36:02.000Z,2026-05-11T13:36:34.000Z,Voice,Product Question,Eligibility,Closed,Low,true,,10.5,BR-016,E-0070,false
RB-CS-001088,RB-C-00526-1,RB-FA-001139,2025-08-19T11:13:26.000Z,2025-08-19T16:47:19.000Z,Email,Account Access,MFA,Closed,Low,true,5,22.9,BR-014,E-0068,false
RB-CS-001089,RB-C-00526-1,RB-FA-001139,2025-11-21T19:14:19.000Z,2025-11-21T17:32:01.000Z,Voice,Account Access,MFA,Closed,Low,true,,22.8,BR-014,E-0119,false
RB-CS-001090,RB-C-00526-1,RB-FA-001139,2026-08-31T18:52:54.000Z,2026-08-31T07:44:46.000Z,Voice,Product Question,Eligibility,Closed,Low,true,,7.4,BR-014,E-0094,true
RB-CS-001091,RB-C-00531-1,RB-FA-001145,2025-08-28T18:36:10.000Z,2025-09-02T14:55:01.000Z,Email,Fee Inquiry,ATM Fee,Closed,Low,false,4,18.9,BR-001,E-0119,false
RB-CS-001092,RB-C-00531-1,RB-FA-001145,2026-02-25T16:52:28.000Z,2026-02-25T14:41:02.000Z,Chat,Product Question,Eligibility,Closed,Low,true,,14.8,BR-001,E-0071,true
RB-CS-001093,RB-C-00531-1,RB-FA-001146,2025-11-25T16:33:48.000Z,2025-11-26T15:08:03.000Z,Voice,Payments,Failed Transfer,Closed,Medium,false,,12.2,BR-001,E-0071,true
RB-CS-001094,RB-C-00533-1,RB-FA-001148,2026-04-08T07:07:58.000Z,2026-04-08T11:15:34.000Z,Mobile App,Account Access,Locked Account,Closed,Low,true,,16.0,BR-005,E-0117,false
RB-CS-001095,RB-C-00533-1,RB-FA-001148,2026-08-14T07:26:46.000Z,2026-08-27T18:15:13.000Z,Chat,Fee Inquiry,Monthly Maintenance,Closed,Medium,false,5,4.1,BR-005,E-0069,false
RB-CS-001096,RB-C-00533-1,RB-FA-001148,2025-02-03T11:30:54.000Z,2025-02-18T16:52:04.000Z,Branch,Fee Inquiry,Overdraft Fee,Closed,Low,false,3,9.3,BR-005,E-0109,false
RB-CS-001097,RB-C-00533-1,RB-FA-001149,2026-04-22T15:30:21.000Z,2026-05-07T07:42:16.000Z,Email,Account Access,MFA,Closed,Low,false,,34.9,BR-005,E-0077,true
RB-CS-001098,RB-C-00534-1,RB-FA-001151,2024-09-16T14:21:26.000Z,2024-09-16T13:46:49.000Z,Voice,Product Question,Rates,Closed,Medium,true,3,15.9,BR-002,E-0100,false
RB-CS-001099,RB-C-00534-1,RB-FA-001151,2024-11-14T14:56:19.000Z,,Mobile App,Fee Inquiry,Monthly Maintenance,Escalated,Medium,true,,27.6,BR-002,E-0068,false
RB-CS-001100,RB-C-00535-1,RB-FA-001152,2026-01-31T14:22:47.000Z,2026-01-31T15:03:39.000Z,Voice,Account Access,Password Reset,Closed,Low,true,5,13.3,BR-015,E-0121,false
RB-CS-001101,RB-C-00535-1,RB-FA-001152,2025-02-10T08:35:39.000Z,,Branch,Account Access,Locked Account,Open,Medium,false,4,13.3,BR-015,E-0061,false
RB-CS-001102,RB-C-00535-1,RB-FA-001152,2025-10-16T08:48:51.000Z,2025-10-16T14:07:25.000Z,Voice,Account Access,MFA,Closed,Medium,true,,11.0,BR-015,E-0136,false
RB-CS-001103,RB-C-00535-1,RB-FA-001152,2026-04-10T19:44:13.000Z,2026-04-17T14:03:55.000Z,Branch,Card Dispute,Unrecognized Charge,Closed,Low,false,1,10.8,BR-015,E-0119,false
RB-CS-001104,RB-C-00536-1,RB-FA-001156,2026-05-31T18:52:33.000Z,2026-06-16T14:13:13.000Z,Voice,Account Access,Locked Account,Closed,High,false,4,24.0,BR-019,E-0067,true
RB-CS-001105,RB-C-00536-1,RB-FA-001157,2024-12-27T08:47:38.000Z,,Voice,Product Question,Rates,Escalated,Low,true,4,5.2,BR-019,E-0138,false
RB-CS-001106,RB-C-00538-1,RB-FA-001159,2024-12-20T17:01:42.000Z,2024-12-20T09:25:25.000Z,Voice,Account Access,MFA,Closed,Medium,true,5,7.6,BR-025,E-0069,true
RB-CS-001107,RB-C-00538-1,RB-FA-001159,2026-07-25T07:39:51.000Z,2026-07-25T10:50:32.000Z,Mobile App,Card Dispute,Unrecognized Charge,Closed,Medium,true,,11.8,BR-025,E-0109,true
RB-CS-001108,RB-C-00538-1,RB-FA-001160,2025-07-07T07:40:45.000Z,2025-07-16T19:03:03.000Z,Mobile App,Fee Inquiry,ATM Fee,Closed,Low,false,1,8.2,BR-025,E-0094,true
RB-CS-001109,RB-C-00538-1,RB-FA-001161,2024-11-10T17:23:47.000Z,2024-11-10T11:36:51.000Z,Email,Fee Inquiry,ATM Fee,Closed,Medium,true,,51.8,BR-025,E-0069,true
RB-CS-001110,RB-C-00539-1,RB-FA-001162,2025-09-01T14:17:17.000Z,2025-09-01T09:55:22.000Z,Branch,Fee Inquiry,Monthly Maintenance,Closed,Low,true,5,14.0,BR-030,E-0138,false
RB-CS-001111,RB-C-00539-1,RB-FA-001162,2025-11-09T13:41:14.000Z,2025-11-13T11:07:37.000Z,Mobile App,Product Question,Rates,Closed,Medium,false,4,21.0,BR-030,E-0124,false
RB-CS-001112,RB-C-00539-1,RB-FA-001162,2024-11-03T07:44:12.000Z,2024-11-03T09:28:47.000Z,Chat,Fee Inquiry,Monthly Maintenance,Closed,Low,true,4,8.6,BR-030,E-0104,true
RB-CS-001113,RB-C-00540-1,RB-FA-001165,2026-02-23T15:30:13.000Z,2026-02-27T13:14:10.000Z,Branch,Payments,Wire Status,Closed,Medium,false,3,4.6,BR-025,E-0100,false
RB-CS-001114,RB-C-00540-1,RB-FA-001166,2024-12-10T09:12:53.000Z,2024-12-19T10:33:22.000Z,Mobile App,Card Dispute,Unrecognized Charge,Closed,Low,false,,19.7,BR-025,E-0095,false
RB-CS-001115,RB-C-00540-1,RB-FA-001166,2025-01-21T07:32:53.000Z,2025-01-21T07:52:07.000Z,Voice,Account Access,Locked Account,Closed,Low,true,,13.4,BR-025,E-0123,false
RB-CS-001116,RB-C-00540-1,RB-FA-001166,2025-03-30T14:20:05.000Z,2025-03-30T08:36:40.000Z,Voice,Fee Inquiry,Overdraft Fee,Closed,High,true,1,8.3,BR-025,E-0132,true
RB-CS-001117,RB-C-00542-1,RB-FA-001170,2026-04-02T16:48:08.000Z,2026-04-02T10:19:41.000Z,Branch,Card Dispute,Merchant Refund,Closed,Medium,true,,21.7,BR-030,E-0117,false
RB-CS-001118,RB-C-00542-1,RB-FA-001170,2025-01-31T19:55:06.000Z,2025-01-31T19:24:14.000Z,Voice,Fee Inquiry,Overdraft Fee,Closed,Low,true,4,8.6,BR-030,E-0137,false
RB-CS-001119,RB-C-00547-1,RB-FA-001178,2024-12-25T09:41:34.000Z,2024-12-25T13:22:55.000Z,Voice,Product Question,Rates,Closed,Medium,true,,7.5,BR-001,E-0078,false
RB-CS-001120,RB-C-00547-1,RB-FA-001178,2025-01-25T10:42:41.000Z,2025-01-30T18:25:01.000Z,Chat,Fee Inquiry,Overdraft Fee,Closed,Medium,false,3,7.9,BR-001,E-0128,true
RB-CS-001121,RB-C-00547-1,RB-FA-001178,2025-02-07T11:30:54.000Z,2025-02-07T16:17:29.000Z,Email,Payments,Wire Status,Closed,High,true,,26.1,BR-001,E-0068,true
RB-CS-001122,RB-C-00547-1,RB-FA-001178,2024-10-12T15:33:20.000Z,2024-11-02T09:58:04.000Z,Email,Card Dispute,Duplicate Charge,Closed,Medium,false,4,59.8,BR-001,E-0131,false
RB-CS-001123,RB-C-00547-1,RB-FA-001180,2026-08-26T09:28:46.000Z,2026-08-26T11:28:31.000Z,Chat,Fee Inquiry,Monthly Maintenance,Closed,High,true,,12.1,BR-001,E-0071,true
RB-CS-001124,RB-C-00547-1,RB-FA-001180,2025-02-13T18:54:54.000Z,2025-02-27T11:02:26.000Z,Chat,Fee Inquiry,Monthly Maintenance,Closed,Medium,false,4,9.3,BR-001,E-0120,false
RB-CS-001125,RB-C-00547-1,RB-FA-001180,2025-11-08T11:15:43.000Z,2025-11-09T13:10:23.000Z,Voice,Payments,Failed Transfer,Closed,Medium,false,,5.8,BR-001,E-0134,false
RB-CS-001126,RB-C-00547-1,RB-FA-001180,2024-11-13T10:36:49.000Z,2024-11-13T11:25:53.000Z,Chat,Card Dispute,Unrecognized Charge,Closed,Medium,true,5,7.2,BR-001,E-0107,true
RB-CS-001127,RB-C-00548-1,RB-FA-001181,2024-12-14T07:05:28.000Z,2024-12-14T08:30:10.000Z,Chat,Product Question,Eligibility,Closed,High,true,,9.8,BR-001,E-0127,false
RB-CS-001128,RB-C-00548-1,RB-FA-001181,2024-12-31T07:13:29.000Z,2025-01-03T08:08:07.000Z,Chat,Fee Inquiry,Monthly Maintenance,Closed,High,false,,9.5,BR-001,E-0093,true
RB-CS-001129,RB-C-00548-1,RB-FA-001181,2025-06-08T17:19:51.000Z,2025-06-08T11:26:45.000Z,Voice,Card Dispute,Duplicate Charge,Closed,Medium,true,,10.6,BR-001,E-0131,true
RB-CS-001130,RB-C-00549-1,RB-FA-001182,2025-03-16T10:45:50.000Z,2025-03-16T11:41:57.000Z,Chat,Product Question,Rates,Closed,Medium,true,1,17.8,BR-022,E-0101,true
RB-CS-001131,RB-C-00549-1,RB-FA-001183,2026-08-06T12:14:38.000Z,2026-08-17T17:15:47.000Z,Voice,Account Access,Locked Account,Closed,Low,false,,5.0,BR-022,E-0094,false
RB-CS-001132,RB-C-00549-1,RB-FA-001183,2026-04-06T10:55:35.000Z,2026-04-06T16:21:38.000Z,Email,Payments,Wire Status,Closed,Medium,true,5,24.9,BR-022,E-0100,true
RB-CS-001133,RB-C-00549-1,RB-FA-001183,2025-12-19T07:21:00.000Z,2025-12-19T14:24:29.000Z,Branch,Fraud,Card Compromised,Closed,Low,true,4,4.6,BR-022,E-0124,true
RB-CS-001134,RB-C-00549-1,RB-FA-001184,2025-02-23T18:46:14.000Z,2025-02-23T15:35:11.000Z,Branch,Account Access,Password Reset,Closed,Low,true,,6.7,BR-022,E-0100,false
RB-CS-001135,RB-C-00550-1,RB-FA-001185,2024-12-13T14:18:22.000Z,2024-12-21T15:45:49.000Z,Mobile App,Fraud,Account Takeover,Closed,High,false,5,4.2,BR-001,E-0072,false
RB-CS-001136,RB-C-00550-1,RB-FA-001186,2026-07-16T19:57:27.000Z,2026-07-28T18:50:29.000Z,Voice,Account Access,Locked Account,Closed,Low,false,1,13.7,BR-001,E-0084,false
RB-CS-001137,RB-C-00552-1,RB-FA-001189,2026-04-04T19:36:14.000Z,2026-04-25T15:04:33.000Z,Voice,Card Dispute,Duplicate Charge,Closed,Low,false,,11.7,BR-012,E-0120,false
RB-CS-001138,RB-C-00553-1,RB-FA-001190,2025-01-27T16:03:46.000Z,2025-02-17T16:11:55.000Z,Mobile App,Account Access,Password Reset,Closed,Medium,false,,13.4,BR-017,E-0099,false
RB-CS-001139,RB-C-00554-1,RB-FA-001191,2025-09-15T19:28:56.000Z,2025-09-15T08:05:21.000Z,Voice,Fraud,Account Takeover,Closed,High,true,,15.9,BR-006,E-0093,false
RB-CS-001140,RB-C-00554-1,RB-FA-001191,2025-09-24T18:59:37.000Z,2025-09-24T17:33:14.000Z,Chat,Card Dispute,Unrecognized Charge,Closed,High,true,,9.5,BR-006,E-0110,false
RB-CS-001141,RB-C-00554-1,RB-FA-001191,2026-04-14T15:08:24.000Z,2026-04-14T08:17:57.000Z,Voice,Account Access,Password Reset,Closed,Low,true,,14.4,BR-006,E-0068,false
RB-CS-001142,RB-C-00555-1,RB-FA-001192,2025-03-09T14:03:10.000Z,2025-03-09T19:03:47.000Z,Voice,Payments,Failed Transfer,Closed,Medium,true,,6.3,BR-010,E-0113,false
RB-CS-001143,RB-C-00556-1,RB-FA-001193,2025-04-15T11:56:09.000Z,,Email,Card Dispute,Duplicate Charge,In Progress,Medium,false,1,46.2,BR-026,E-0066,true
RB-CS-001144,RB-C-00557-1,RB-FA-001197,2024-09-13T14:19:49.000Z,,Mobile App,Card Dispute,Unrecognized Charge,Escalated,Low,false,5,7.7,BR-025,E-0079,true
RB-CS-001145,RB-C-00557-1,RB-FA-001198,2026-02-11T15:51:02.000Z,2026-02-11T16:24:31.000Z,Branch,Account Access,MFA,Closed,Medium,true,,9.6,BR-025,E-0101,false
RB-CS-001146,RB-C-00557-1,RB-FA-001199,2024-11-26T19:26:12.000Z,2024-12-04T08:30:33.000Z,Voice,Card Dispute,Merchant Refund,Closed,Low,false,,15.9,BR-025,E-0120,false
RB-CS-001147,RB-C-00558-1,RB-FA-001201,2024-10-26T18:04:10.000Z,,Email,Fraud,Card Compromised,Escalated,Medium,false,4,44.2,BR-012,E-0134,true
RB-CS-001148,RB-C-00558-1,RB-FA-001201,2025-01-28T10:39:03.000Z,2025-01-28T12:25:34.000Z,Voice,Fee Inquiry,Overdraft Fee,Closed,Medium,true,5,12.1,BR-012,E-0080,true
RB-CS-001149,RB-C-00558-1,RB-FA-001201,2025-04-30T07:22:44.000Z,2025-04-30T11:46:40.000Z,Mobile App,Account Access,MFA,Closed,Medium,true,3,5.6,BR-012,E-0133,false
RB-CS-001150,RB-C-00558-1,RB-FA-001203,2024-10-14T16:01:01.000Z,2024-10-14T13:08:18.000Z,Chat,Account Access,Password Reset,Closed,Low,true,,17.0,BR-012,E-0069,true
RB-CS-001151,RB-C-00559-1,RB-FA-001204,2026-02-09T13:47:55.000Z,2026-02-09T12:28:06.000Z,Voice,Account Access,MFA,Closed,Low,true,1,16.4,BR-028,E-0062,false
RB-CS-001152,RB-C-00559-1,RB-FA-001205,2025-06-14T16:52:16.000Z,2025-06-30T13:29:17.000Z,Branch,Card Dispute,Duplicate Charge,Closed,Low,false,,14.4,BR-028,E-0077,false
RB-CS-001153,RB-C-00559-1,RB-FA-001206,2025-04-13T11:11:09.000Z,2025-05-04T13:11:56.000Z,Chat,Payments,Wire Status,Closed,Low,false,,23.5,BR-028,E-0092,false
RB-CS-001154,RB-C-00560-1,RB-FA-001208,2025-08-15T13:35:07.000Z,2025-08-15T07:29:08.000Z,Mobile App,Fraud,Card Compromised,Closed,Low,true,5,23.6,BR-026,E-0128,false
RB-CS-001155,RB-C-00561-1,RB-FA-001210,2025-01-14T12:47:51.000Z,2025-02-01T09:17:02.000Z,Voice,Fraud,Card Compromised,Closed,Medium,false,4,12.9,BR-005,E-0085,true
RB-CS-001156,RB-C-00562-1,RB-FA-001211,2026-04-02T19:56:30.000Z,2026-04-16T07:07:09.000Z,Mobile App,Account Access,Password Reset,Closed,Low,false,2,10.8,BR-009,E-0105,false
RB-CS-001157,RB-C-00562-1,RB-FA-001212,2025-03-05T12:16:55.000Z,2025-03-05T11:48:17.000Z,Mobile App,Fee Inquiry,Monthly Maintenance,Closed,Medium,true,5,13.3,BR-009,E-0124,true
RB-CS-001158,RB-C-00562-1,RB-FA-001213,2026-04-17T17:01:35.000Z,2026-04-17T16:11:47.000Z,Branch,Account Access,Password Reset,Closed,Medium,true,,4.6,BR-009,E-0098,false
RB-CS-001159,RB-C-00563-1,RB-FA-001214,2026-01-01T15:22:41.000Z,2026-01-10T12:47:34.000Z,Chat,Product Question,Eligibility,Closed,Low,false,,15.1,BR-007,E-0088,true
RB-CS-001160,RB-C-00564-1,RB-FA-001216,2024-11-28T12:58:13.000Z,2024-11-28T17:17:33.000Z,Email,Fee Inquiry,Overdraft Fee,Closed,Low,true,,58.0,BR-006,E-0089,true
RB-CS-001161,RB-C-00564-1,RB-FA-001216,2025-11-18T18:51:52.000Z,2025-11-18T08:40:57.000Z,Voice,Account Access,Locked Account,Closed,Low,true,4,30.8,BR-006,E-0114,false
RB-CS-001162,RB-C-00564-1,RB-FA-001216,2025-11-25T19:11:05.000Z,,Chat,Account Access,MFA,Escalated,Medium,true,5,12.2,BR-006,E-0127,false
RB-CS-001163,RB-C-00564-1,RB-FA-001216,2024-10-18T15:02:12.000Z,2024-10-18T13:29:04.000Z,Chat,Account Access,Locked Account,Closed,High,true,,7.7,BR-006,E-0138,false
RB-CS-001164,RB-C-00566-1,RB-FA-001219,2025-12-07T14:46:26.000Z,2025-12-07T12:10:55.000Z,Chat,Fee Inquiry,ATM Fee,Closed,High,true,4,13.7,BR-027,E-0089,false
RB-CS-001165,RB-C-00566-1,RB-FA-001219,2025-04-11T11:55:10.000Z,2025-04-23T12:04:29.000Z,Chat,Fee Inquiry,Monthly Maintenance,Closed,Low,false,,33.9,BR-027,E-0127,false
RB-CS-001166,RB-C-00566-1,RB-FA-001219,2026-03-15T15:21:48.000Z,,Email,Fraud,Card Compromised,Open,Low,false,3,14.1,BR-027,E-0134,true
RB-CS-001167,RB-C-00566-1,RB-FA-001219,2025-09-19T13:29:00.000Z,,Voice,Card Dispute,Unrecognized Charge,Open,Low,false,,7.5,BR-027,E-0077,true
RB-CS-001168,RB-C-00566-1,RB-FA-001221,2025-02-05T12:08:58.000Z,2025-02-08T09:06:32.000Z,Voice,Fee Inquiry,Overdraft Fee,Closed,Low,false,2,10.4,BR-027,E-0129,false
RB-CS-001169,RB-C-00566-1,RB-FA-001222,2026-02-23T14:52:49.000Z,2026-02-27T16:33:18.000Z,Chat,Fraud,Account Takeover,Closed,High,false,2,12.9,BR-027,E-0119,false
RB-CS-001170,RB-C-00566-1,RB-FA-001222,2024-11-22T13:01:18.000Z,,Branch,Card Dispute,Duplicate Charge,Escalated,Low,true,4,26.9,BR-027,E-0099,true
RB-CS-001171,RB-C-00567-1,RB-FA-001223,2026-03-16T10:42:33.000Z,,Email,Account Access,Password Reset,Open,Low,true,5,19.9,BR-015,E-0084,false
RB-CS-001172,RB-C-00569-1,RB-FA-001226,2024-10-04T11:59:08.000Z,2024-10-04T13:12:59.000Z,Chat,Product Question,Eligibility,Closed,Low,true,,12.7,BR-019,E-0103,false
RB-CS-001173,RB-C-00569-1,RB-FA-001226,2025-10-15T08:01:09.000Z,2025-10-15T10:54:15.000Z,Chat,Fee Inquiry,ATM Fee,Closed,Low,true,5,17.9,BR-019,E-0065,true
RB-CS-001174,RB-C-00569-1,RB-FA-001226,2024-11-25T13:07:56.000Z,2024-12-04T15:33:30.000Z,Mobile App,Product Question,Eligibility,Closed,Low,false,4,3.0,BR-019,E-0084,false
RB-CS-001175,RB-C-00570-1,RB-FA-001228,2026-02-08T18:33:50.000Z,2026-02-08T14:55:14.000Z,Email,Account Access,Password Reset,Closed,Medium,true,,12.5,BR-025,E-0071,false
RB-CS-001176,RB-C-00570-1,RB-FA-001230,2025-07-06T14:17:46.000Z,2025-07-09T15:47:41.000Z,Voice,Payments,Failed Transfer,Closed,Low,false,5,26.0,BR-025,E-0074,true
RB-CS-001177,RB-C-00571-1,RB-FA-001232,2024-09-10T17:04:12.000Z,2024-09-10T09:19:47.000Z,Branch,Card Dispute,Merchant Refund,Closed,Low,true,,17.3,BR-021,E-0092,false
RB-CS-001178,RB-C-00572-1,RB-FA-001234,2025-01-02T09:16:15.000Z,2025-01-21T16:22:03.000Z,Mobile App,Card Dispute,Merchant Refund,Closed,Medium,false,5,19.0,BR-026,E-0061,false
RB-CS-001179,RB-C-00572-1,RB-FA-001234,2025-06-12T14:44:21.000Z,2025-07-02T15:11:04.000Z,Chat,Card Dispute,Unrecognized Charge,Closed,Medium,false,5,10.3,BR-026,E-0100,false
RB-CS-001180,RB-C-00572-1,RB-FA-001234,2024-12-18T13:36:29.000Z,,Mobile App,Card Dispute,Duplicate Charge,Escalated,Low,true,5,6.1,BR-026,E-0063,true
RB-CS-001181,RB-C-00572-1,RB-FA-001234,2026-08-09T11:44:41.000Z,2026-08-09T12:00:12.000Z,Voice,Fraud,Card Compromised,Closed,Low,true,4,9.2,BR-026,E-0124,false
RB-CS-001182,RB-C-00573-1,RB-FA-001236,2026-01-04T13:43:26.000Z,2026-01-14T11:23:19.000Z,Chat,Fee Inquiry,ATM Fee,Closed,High,false,,8.9,BR-027,E-0136,true
RB-CS-001183,RB-C-00573-1,RB-FA-001236,2026-07-15T18:54:40.000Z,2026-07-15T08:16:20.000Z,Voice,Fraud,Account Takeover,Closed,Low,true,5,12.6,BR-027,E-0129,false
RB-CS-001184,RB-C-00574-1,RB-FA-001237,2025-11-04T17:02:41.000Z,2025-11-04T07:11:08.000Z,Chat,Account Access,Password Reset,Closed,High,true,,10.1,BR-013,E-0071,true
RB-CS-001185,RB-C-00574-1,RB-FA-001238,2025-12-19T14:38:52.000Z,2025-12-19T16:11:50.000Z,Chat,Product Question,Eligibility,Closed,Medium,true,4,10.7,BR-013,E-0069,false
RB-CS-001186,RB-C-00575-1,RB-FA-001239,2024-10-15T11:35:49.000Z,2024-10-15T11:02:49.000Z,Voice,Account Access,Locked Account,Closed,Low,true,,12.2,BR-026,E-0062,true
RB-CS-001187,RB-C-00575-1,RB-FA-001239,2026-05-07T19:37:43.000Z,2026-05-19T07:57:37.000Z,Email,Fee Inquiry,Overdraft Fee,Closed,Medium,false,,11.4,BR-026,E-0089,true
RB-CS-001188,RB-C-00575-1,RB-FA-001239,2025-09-12T07:08:49.000Z,2025-10-03T12:52:16.000Z,Email,Fee Inquiry,Overdraft Fee,Closed,Medium,false,1,15.3,BR-026,E-0121,true
RB-CS-001189,RB-C-00576-1,RB-FA-001241,2026-02-28T18:30:21.000Z,2026-02-28T07:10:18.000Z,Voice,Product Question,Rates,Closed,Low,true,4,26.2,BR-029,E-0138,true
RB-CS-001190,RB-C-00576-1,RB-FA-001242,2025-09-04T18:58:55.000Z,,Voice,Fraud,Card Compromised,In Progress,Medium,true,2,8.7,BR-029,E-0115,false
RB-CS-001191,RB-C-00576-1,RB-FA-001243,2026-01-25T10:07:40.000Z,2026-01-25T09:19:16.000Z,Voice,Payments,Bill Pay,Closed,Low,true,5,6.9,BR-029,E-0107,true
RB-CS-001192,RB-C-00577-1,RB-FA-001244,2025-05-21T07:03:48.000Z,2025-05-21T09:04:19.000Z,Voice,Payments,Failed Transfer,Closed,Low,true,5,8.2,BR-021,E-0135,true
RB-CS-001193,RB-C-00579-1,RB-FA-001248,2025-08-26T10:20:52.000Z,2025-08-26T09:08:17.000Z,Voice,Payments,Bill Pay,Closed,Low,true,,9.0,BR-021,E-0071,false
RB-CS-001194,RB-C-00580-1,RB-FA-001251,2024-09-12T19:08:19.000Z,2024-09-12T18:08:09.000Z,Voice,Card Dispute,Unrecognized Charge,Closed,Low,true,,20.0,BR-019,E-0095,true
RB-CS-001195,RB-C-00580-1,RB-FA-001252,2026-03-28T16:57:09.000Z,2026-03-28T18:47:35.000Z,Chat,Payments,Failed Transfer,Closed,Medium,true,3,17.0,BR-019,E-0139,false
RB-CS-001196,RB-C-00580-1,RB-FA-001253,2025-03-06T09:54:06.000Z,2025-03-13T11:28:22.000Z,Chat,Payments,Bill Pay,Closed,Low,false,1,14.2,BR-019,E-0108,false
RB-CS-001197,RB-C-00581-1,RB-FA-001254,2025-08-12T09:45:41.000Z,2025-08-12T13:34:01.000Z,Chat,Payments,Bill Pay,Closed,Medium,true,,11.8,BR-022,E-0138,false
RB-CS-001198,RB-C-00581-1,RB-FA-001255,2025-06-06T19:14:20.000Z,2025-06-22T11:03:06.000Z,Mobile App,Fee Inquiry,ATM Fee,Closed,Medium,false,,11.1,BR-022,E-0063,false
RB-CS-001199,RB-C-00581-1,RB-FA-001255,2026-02-01T15:47:45.000Z,2026-02-17T17:46:21.000Z,Mobile App,Card Dispute,Merchant Refund,Closed,Low,false,1,13.3,BR-022,E-0067,true
RB-CS-001200,RB-C-00581-1,RB-FA-001255,2025-03-23T07:19:31.000Z,2025-03-23T08:22:33.000Z,Chat,Fee Inquiry,Monthly Maintenance,Closed,Medium,true,5,17.3,BR-022,E-0080,false
RB-CS-001201,RB-C-00581-1,RB-FA-001256,2026-08-15T18:09:15.000Z,2026-08-15T14:16:34.000Z,Voice,Card Dispute,Duplicate Charge,Closed,Low,true,3,4.0,BR-022,E-0086,false
RB-CS-001202,RB-C-00581-1,RB-FA-001256,2025-04-18T18:35:40.000Z,2025-04-18T12:30:26.000Z,Chat,Product Question,Rates,Closed,Medium,true,,11.4,BR-022,E-0119,true
RB-CS-001203,RB-C-00582-1,RB-FA-001257,2026-02-07T15:28:31.000Z,2026-02-07T15:18:57.000Z,Chat,Payments,Bill Pay,Closed,Medium,true,4,18.6,BR-023,E-0090,false
RB-CS-001204,RB-C-00582-1,RB-FA-001257,2025-10-07T11:33:04.000Z,2025-10-07T13:01:47.000Z,Mobile App,Card Dispute,Unrecognized Charge,Closed,Medium,true,,10.4,BR-023,E-0122,false
RB-CS-001205,RB-C-00582-1,RB-FA-001257,2025-07-31T09:00:59.000Z,2025-08-11T18:01:59.000Z,Email,Account Access,Locked Account,Closed,Medium,false,2,19.5,BR-023,E-0103,false
RB-CS-001206,RB-C-00582-1,RB-FA-001258,2025-10-03T18:47:32.000Z,,Email,Account Access,MFA,Escalated,High,true,4,19.1,BR-023,E-0086,false
RB-CS-001207,RB-C-00582-1,RB-FA-001259,2024-12-29T08:09:41.000Z,2024-12-29T16:53:27.000Z,Email,Account Access,Locked Account,Closed,Medium,true,,22.8,BR-023,E-0066,false
RB-CS-001208,RB-C-00582-1,RB-FA-001259,2026-02-28T07:14:06.000Z,2026-03-07T11:25:07.000Z,Mobile App,Fee Inquiry,ATM Fee,Closed,High,false,5,17.1,BR-023,E-0064,false
RB-CS-001209,RB-C-00582-1,RB-FA-001259,2026-01-13T18:49:32.000Z,2026-02-01T10:16:08.000Z,Chat,Card Dispute,Merchant Refund,Closed,High,false,,5.4,BR-023,E-0116,false
RB-CS-001210,RB-C-00582-1,RB-FA-001259,2026-02-22T10:17:53.000Z,2026-02-24T18:03:07.000Z,Chat,Card Dispute,Unrecognized Charge,Closed,Low,false,2,12.8,BR-023,E-0098,false
RB-CS-001211,RB-C-00583-1,RB-FA-001260,2025-01-12T15:28:01.000Z,2025-01-12T16:13:03.000Z,Email,Card Dispute,Unrecognized Charge,Closed,Medium,true,,25.7,BR-026,E-0085,false
RB-CS-001212,RB-C-00583-1,RB-FA-001262,2026-05-24T08:27:59.000Z,2026-05-25T08:55:39.000Z,Voice,Card Dispute,Merchant Refund,Closed,Low,false,,11.3,BR-026,E-0100,false
RB-CS-001213,RB-C-00583-1,RB-FA-001262,2025-08-24T17:33:01.000Z,2025-08-24T14:57:11.000Z,Chat,Card Dispute,Merchant Refund,Closed,Low,true,3,11.9,BR-026,E-0124,false
RB-CS-001214,RB-C-00583-1,RB-FA-001262,2025-01-23T19:06:40.000Z,2025-01-23T18:05:10.000Z,Chat,Payments,Bill Pay,Closed,Low,true,,13.4,BR-026,E-0084,false
RB-CS-001215,RB-C-00584-1,RB-FA-001264,2025-04-09T16:09:58.000Z,2025-04-18T15:56:22.000Z,Mobile App,Card Dispute,Duplicate Charge,Closed,High,false,2,10.0,BR-018,E-0085,true
RB-CS-001216,RB-C-00585-1,RB-FA-001266,2025-07-02T11:51:25.000Z,2025-07-02T10:55:52.000Z,Voice,Card Dispute,Merchant Refund,Closed,Low,true,3,13.3,BR-023,E-0083,false
RB-CS-001217,RB-C-00585-1,RB-FA-001266,2024-11-27T09:23:15.000Z,2024-11-27T17:03:34.000Z,Chat,Account Access,Locked Account,Closed,Low,true,,7.8,BR-023,E-0095,true
RB-CS-001218,RB-C-00587-1,RB-FA-001269,2026-03-09T16:45:12.000Z,2026-03-09T11:59:20.000Z,Voice,Account Access,Password Reset,Closed,High,true,4,6.8,BR-015,E-0108,false
RB-CS-001219,RB-C-00588-1,RB-FA-001270,2025-03-11T08:52:33.000Z,2025-03-11T19:42:00.000Z,Mobile App,Payments,Failed Transfer,Closed,Medium,true,,12.4,BR-005,E-0119,true
RB-CS-001220,RB-C-00588-1,RB-FA-001270,2024-12-19T18:43:09.000Z,,Email,Fraud,Account Takeover,Escalated,Low,true,4,17.2,BR-005,E-0064,true
RB-CS-001221,RB-C-00588-1,RB-FA-001270,2025-12-14T19:12:09.000Z,2025-12-14T13:33:29.000Z,Voice,Payments,Failed Transfer,Closed,High,true,,12.9,BR-005,E-0080,false
RB-CS-001222,RB-C-00588-1,RB-FA-001271,2025-12-08T12:32:10.000Z,,Voice,Fee Inquiry,Monthly Maintenance,In Progress,Medium,true,,18.9,BR-005,E-0128,false
RB-CS-001223,RB-C-00589-1,RB-FA-001274,2026-07-25T14:43:23.000Z,2026-07-25T18:30:05.000Z,Email,Fee Inquiry,Overdraft Fee,Closed,High,true,,33.2,BR-005,E-0130,false
RB-CS-001224,RB-C-00589-1,RB-FA-001274,2025-06-15T08:42:37.000Z,2025-06-15T14:54:20.000Z,Email,Account Access,Locked Account,Closed,Medium,true,5,18.2,BR-005,E-0112,false
RB-CS-001225,RB-C-00589-1,RB-FA-001274,2026-02-11T13:45:48.000Z,2026-02-17T09:48:14.000Z,Chat,Account Access,Password Reset,Closed,Low,false,5,8.3,BR-005,E-0077,true
RB-CS-001226,RB-C-00589-1,RB-FA-001274,2025-09-07T07:07:12.000Z,,Voice,Card Dispute,Unrecognized Charge,Open,Low,true,,9.0,BR-005,E-0113,true
RB-CS-001227,RB-C-00590-1,RB-FA-001275,2026-02-09T16:22:15.000Z,2026-02-09T09:33:14.000Z,Voice,Fraud,Account Takeover,Closed,Low,true,4,7.4,BR-009,E-0064,false
RB-CS-001228,RB-C-00590-1,RB-FA-001275,2025-07-08T12:44:14.000Z,2025-07-28T08:11:46.000Z,Voice,Fee Inquiry,ATM Fee,Closed,Low,false,5,6.9,BR-009,E-0098,false
RB-CS-001229,RB-C-00591-1,RB-FA-001277,2026-08-26T16:59:45.000Z,,Mobile App,Card Dispute,Duplicate Charge,Open,Low,false,,21.2,BR-005,E-0107,false
RB-CS-001230,RB-C-00593-1,RB-FA-001282,2026-05-09T19:27:04.000Z,2026-05-09T15:29:45.000Z,Voice,Card Dispute,Merchant Refund,Closed,Low,true,4,9.7,BR-007,E-0093,false
RB-CS-001231,RB-C-00593-1,RB-FA-001282,2025-08-01T19:34:03.000Z,2025-08-20T16:27:10.000Z,Chat,Fraud,Card Compromised,Closed,Low,false,2,4.9,BR-007,E-0092,true
RB-CS-001232,RB-C-00593-1,RB-FA-001283,2025-06-21T11:20:30.000Z,2025-07-06T09:49:50.000Z,Chat,Account Access,MFA,Closed,Medium,false,2,3.6,BR-007,E-0085,false
RB-CS-001233,RB-C-00594-1,RB-FA-001284,2025-11-19T08:12:02.000Z,2025-11-27T13:42:46.000Z,Voice,Fee Inquiry,Overdraft Fee,Closed,Low,false,4,9.8,BR-013,E-0095,false
RB-CS-001234,RB-C-00595-1,RB-FA-001286,2025-12-02T09:58:08.000Z,,Branch,Account Access,Password Reset,Open,Low,false,1,7.6,BR-006,E-0095,false
RB-CS-001235,RB-C-00595-1,RB-FA-001287,2024-10-25T18:46:51.000Z,2024-10-25T12:19:04.000Z,Voice,Fee Inquiry,Overdraft Fee,Closed,Low,true,,24.3,BR-006,E-0098,true
RB-CS-001236,RB-C-00595-1,RB-FA-001287,2026-01-25T14:44:55.000Z,2026-01-25T13:53:35.000Z,Voice,Account Access,Password Reset,Closed,Low,true,,5.8,BR-006,E-0119,false
RB-CS-001237,RB-C-00595-1,RB-FA-001287,2024-12-27T10:13:49.000Z,,Email,Account Access,MFA,Escalated,Low,true,4,28.8,BR-006,E-0119,false
RB-CS-001238,RB-C-00595-1,RB-FA-001287,2025-02-13T09:32:38.000Z,2025-02-26T10:32:18.000Z,Mobile App,Card Dispute,Merchant Refund,Closed,High,false,,7.8,BR-006,E-0119,false
RB-CS-001239,RB-C-00595-1,RB-FA-001288,2025-11-20T15:20:49.000Z,,Branch,Account Access,MFA,Open,Medium,true,,22.3,BR-006,E-0102,false
RB-CS-001240,RB-C-00596-1,RB-FA-001290,2024-09-17T16:37:52.000Z,2024-09-17T08:00:03.000Z,Chat,Fee Inquiry,Monthly Maintenance,Closed,Medium,true,,7.7,BR-008,E-0116,true
RB-CS-001241,RB-C-00598-1,RB-FA-001294,2025-10-30T07:41:47.000Z,,Voice,Payments,Bill Pay,In Progress,Low,true,,10.1,BR-023,E-0089,true
RB-CS-001242,RB-C-00598-1,RB-FA-001294,2025-08-01T15:39:16.000Z,2025-08-01T07:03:30.000Z,Mobile App,Payments,Bill Pay,Closed,High,true,,4.9,BR-023,E-0109,false
RB-CS-001243,RB-C-00598-1,RB-FA-001295,2025-03-04T18:58:25.000Z,2025-03-04T07:19:09.000Z,Chat,Account Access,Locked Account,Closed,Low,true,3,6.6,BR-023,E-0100,true
RB-CS-001244,RB-C-00598-1,RB-FA-001295,2025-03-22T18:53:20.000Z,2025-04-11T16:02:52.000Z,Voice,Account Access,MFA,Closed,Medium,false,1,9.7,BR-023,E-0124,false
RB-CS-001245,RB-C-00598-1,RB-FA-001296,2025-10-02T12:36:58.000Z,2025-10-12T19:58:06.000Z,Mobile App,Payments,Bill Pay,Closed,High,false,4,12.4,BR-023,E-0063,true
RB-CS-001246,RB-C-00600-1,RB-FA-001299,2025-12-02T09:36:35.000Z,2025-12-12T10:56:45.000Z,Mobile App,Payments,Failed Transfer,Closed,Medium,false,,17.8,BR-008,E-0128,true
RB-CS-001247,RB-C-00601-1,RB-FA-001302,2024-10-22T15:30:19.000Z,,Voice,Fraud,Account Takeover,Escalated,Low,true,4,34.6,BR-015,E-0078,true
RB-CS-001248,RB-C-00601-1,RB-FA-001302,2024-10-13T13:55:16.000Z,2024-10-13T17:18:13.000Z,Chat,Fee Inquiry,ATM Fee,Closed,Medium,true,3,17.6,BR-015,E-0140,true
RB-CS-001249,RB-C-00602-1,RB-FA-001303,2025-11-24T18:46:06.000Z,2025-11-24T12:37:52.000Z,Voice,Fee Inquiry,Monthly Maintenance,Closed,High,true,5,12.9,BR-020,E-0095,false
RB-CS-001250,RB-C-00602-1,RB-FA-001303,2026-05-17T11:30:59.000Z,2026-05-19T11:15:39.000Z,Chat,Card Dispute,Duplicate Charge,Closed,Medium,false,,17.5,BR-020,E-0071,true
RB-CS-001251,RB-C-00602-1,RB-FA-001303,2026-08-24T11:20:30.000Z,2026-08-24T15:39:48.000Z,Chat,Account Access,MFA,Closed,Medium,true,,6.3,BR-020,E-0086,false
RB-CS-001252,RB-C-00602-1,RB-FA-001306,2024-11-16T07:37:44.000Z,2024-11-16T19:45:03.000Z,Chat,Account Access,MFA,Closed,Low,true,5,14.1,BR-020,E-0125,false
RB-CS-001253,RB-C-00603-1,RB-FA-001309,2024-12-10T12:11:16.000Z,2024-12-15T13:42:40.000Z,Voice,Product Question,Rates,Closed,Medium,false,5,14.1,BR-028,E-0065,false
RB-CS-001254,RB-C-00604-1,RB-FA-001311,2025-04-03T16:09:13.000Z,2025-04-03T12:47:26.000Z,Email,Fee Inquiry,Monthly Maintenance,Closed,Low,true,,37.1,BR-017,E-0139,false
RB-CS-001255,RB-C-00605-1,RB-FA-001312,2025-11-08T17:32:36.000Z,2025-11-08T16:37:32.000Z,Voice,Account Access,MFA,Closed,Low,true,5,15.0,BR-007,E-0096,true
RB-CS-001256,RB-C-00605-1,RB-FA-001312,2025-08-13T07:24:34.000Z,,Chat,Fee Inquiry,ATM Fee,In Progress,Low,true,,7.5,BR-007,E-0078,false
RB-CS-001257,RB-C-00605-1,RB-FA-001312,2026-04-16T09:45:15.000Z,2026-05-06T12:46:31.000Z,Chat,Account Access,Password Reset,Closed,Low,false,1,21.7,BR-007,E-0097,false
RB-CS-001258,RB-C-00605-1,RB-FA-001312,2025-04-14T10:20:21.000Z,2025-04-14T19:00:23.000Z,Chat,Payments,Wire Status,Closed,High,true,4,20.6,BR-007,E-0140,false
RB-CS-001259,RB-C-00606-1,RB-FA-001314,2025-01-14T15:32:08.000Z,,Email,Fee Inquiry,Monthly Maintenance,Open,Low,true,,21.1,BR-014,E-0104,false
RB-CS-001260,RB-C-00606-1,RB-FA-001314,2026-06-20T11:47:45.000Z,2026-07-07T14:37:22.000Z,Branch,Card Dispute,Duplicate Charge,Closed,Low,false,2,13.3,BR-014,E-0072,false
RB-CS-001261,RB-C-00606-1,RB-FA-001315,2026-08-28T17:42:06.000Z,2026-08-28T18:07:03.000Z,Voice,Payments,Wire Status,Closed,Medium,true,4,4.8,BR-014,E-0129,false
RB-CS-001262,RB-C-00607-1,RB-FA-001317,2025-06-26T10:09:05.000Z,2025-06-26T13:49:13.000Z,Branch,Payments,Failed Transfer,Closed,Low,true,5,8.6,BR-024,E-0131,true
RB-CS-001263,RB-C-00607-1,RB-FA-001318,2025-07-23T08:04:21.000Z,2025-07-23T17:51:40.000Z,Chat,Product Question,Eligibility,Closed,High,true,5,18.8,BR-024,E-0100,false
RB-CS-001264,RB-C-00608-1,RB-FA-001321,2025-03-28T16:32:27.000Z,2025-03-28T08:40:39.000Z,Email,Account Access,MFA,Closed,Low,true,5,13.0,BR-004,E-0090,true
RB-CS-001265,RB-C-00608-1,RB-FA-001321,2025-04-08T10:06:59.000Z,2025-04-17T08:07:11.000Z,Voice,Account Access,MFA,Closed,Low,false,5,15.5,BR-004,E-0107,true
RB-CS-001266,RB-C-00608-1,RB-FA-001323,2025-11-24T07:22:02.000Z,2025-11-24T11:13:46.000Z,Mobile App,Account Access,Password Reset,Closed,Low,true,4,49.6,BR-004,E-0136,true
RB-CS-001267,RB-C-00609-1,RB-FA-001324,2025-03-25T12:28:22.000Z,2025-03-25T10:18:56.000Z,Voice,Card Dispute,Duplicate Charge,Closed,Medium,true,3,11.3,BR-016,E-0116,true
RB-CS-001268,RB-C-00609-1,RB-FA-001324,2025-11-29T14:27:40.000Z,2025-11-29T15:27:24.000Z,Voice,Product Question,Eligibility,Closed,Low,true,,14.6,BR-016,E-0129,false
RB-CS-001269,RB-C-00609-1,RB-FA-001325,2025-05-18T11:00:26.000Z,2025-05-26T11:56:36.000Z,Voice,Fraud,Card Compromised,Closed,Low,false,,14.9,BR-016,E-0100,false
RB-CS-001270,RB-C-00609-1,RB-FA-001325,2025-07-25T09:44:11.000Z,2025-07-25T07:11:01.000Z,Chat,Card Dispute,Merchant Refund,Closed,Low,true,,19.0,BR-016,E-0067,true
RB-CS-001271,RB-C-00609-1,RB-FA-001326,2024-12-09T07:22:00.000Z,2024-12-09T19:03:35.000Z,Voice,Account Access,MFA,Closed,Low,true,2,5.3,BR-016,E-0115,false
RB-CS-001272,RB-C-00609-1,RB-FA-001327,2026-03-31T19:34:58.000Z,2026-04-13T17:22:00.000Z,Voice,Card Dispute,Unrecognized Charge,Closed,Medium,false,,6.1,BR-016,E-0085,false
RB-CS-001273,RB-C-00609-1,RB-FA-001327,2025-04-27T12:59:56.000Z,2025-04-27T16:03:13.000Z,Mobile App,Product Question,Rates,Closed,Low,true,4,9.1,BR-016,E-0087,false
RB-CS-001274,RB-C-00609-1,RB-FA-001327,2026-01-19T14:17:24.000Z,2026-01-19T15:16:24.000Z,Chat,Card Dispute,Unrecognized Charge,Closed,High,true,,2.4,BR-016,E-0134,false
RB-CS-001275,RB-C-00609-1,RB-FA-001327,2025-03-20T10:50:14.000Z,2025-03-20T11:49:06.000Z,Mobile App,Account Access,MFA,Closed,Low,true,,11.4,BR-016,E-0109,false
RB-CS-001276,RB-C-00610-1,RB-FA-001328,2025-10-29T19:21:39.000Z,2025-10-31T19:30:42.000Z,Mobile App,Fee Inquiry,Monthly Maintenance,Closed,Medium,false,1,18.5,BR-019,E-0121,false
RB-CS-001277,RB-C-00610-1,RB-FA-001329,2025-06-02T18:45:10.000Z,2025-06-02T08:04:57.000Z,Chat,Product Question,Rates,Closed,Low,true,3,4.0,BR-019,E-0081,true
RB-CS-001278,RB-C-00610-1,RB-FA-001330,2025-01-24T09:56:13.000Z,2025-01-24T09:46:29.000Z,Chat,Card Dispute,Unrecognized Charge,Closed,Medium,true,,16.7,BR-019,E-0110,false
RB-CS-001279,RB-C-00611-1,RB-FA-001334,2025-11-28T07:41:37.000Z,2025-11-28T08:27:50.000Z,Voice,Product Question,Rates,Closed,Medium,true,4,7.5,BR-020,E-0122,false
RB-CS-001280,RB-C-00614-1,RB-FA-001338,2025-05-06T12:08:30.000Z,2025-05-06T10:40:12.000Z,Chat,Product Question,Rates,Closed,Low,true,1,4.0,BR-026,E-0073,true
RB-CS-001281,RB-C-00615-1,RB-FA-001339,2025-06-01T07:31:58.000Z,2025-06-01T19:36:31.000Z,Chat,Account Access,MFA,Closed,Medium,true,,15.2,BR-025,E-0130,false
RB-CS-001282,RB-C-00615-1,RB-FA-001340,2025-05-02T11:07:52.000Z,,Voice,Payments,Failed Transfer,In Progress,Medium,false,4,8.1,BR-025,E-0084,false
RB-CS-001283,RB-C-00616-1,RB-FA-001342,2026-07-05T08:02:09.000Z,2026-07-05T11:42:07.000Z,Chat,Card Dispute,Merchant Refund,Closed,Low,true,4,9.1,BR-018,E-0105,false
RB-CS-001284,RB-C-00617-1,RB-FA-001344,2024-09-05T18:23:44.000Z,2024-09-15T18:59:28.000Z,Voice,Payments,Bill Pay,Closed,Medium,false,2,15.6,BR-006,E-0071,false
RB-CS-001285,RB-C-00617-1,RB-FA-001345,2026-06-10T14:10:00.000Z,2026-06-10T12:56:52.000Z,Voice,Fraud,Card Compromised,Closed,Low,true,2,11.3,BR-006,E-0136,true
RB-CS-001286,RB-C-00618-1,RB-FA-001346,2025-01-22T18:40:50.000Z,2025-01-22T14:53:44.000Z,Voice,Payments,Failed Transfer,Closed,Medium,true,,13.3,BR-007,E-0064,false
RB-CS-001287,RB-C-00618-1,RB-FA-001346,2025-02-22T09:32:54.000Z,2025-02-22T07:43:05.000Z,Voice,Fee Inquiry,ATM Fee,Closed,Medium,true,5,6.1,BR-007,E-0101,false
RB-CS-001288,RB-C-00618-1,RB-FA-001346,2025-03-22T18:41:56.000Z,2025-03-22T08:31:51.000Z,Chat,Fee Inquiry,ATM Fee,Closed,Medium,true,,5.6,BR-007,E-0080,true
RB-CS-001289,RB-C-00618-1,RB-FA-001346,2025-07-22T09:21:31.000Z,2025-07-22T12:24:20.000Z,Mobile App,Fee Inquiry,Overdraft Fee,Closed,Medium,true,4,10.4,BR-007,E-0125,false
RB-CS-001290,RB-C-00620-1,RB-FA-001348,2025-02-12T19:13:32.000Z,2025-02-21T12:14:10.000Z,Mobile App,Card Dispute,Merchant Refund,Closed,Medium,false,3,11.8,BR-007,E-0140,false
RB-CS-001291,RB-C-00620-1,RB-FA-001349,2026-03-07T13:04:48.000Z,2026-03-07T19:49:27.000Z,Mobile App,Card Dispute,Merchant Refund,Closed,Medium,true,5,26.1,BR-007,E-0108,false
RB-CS-001292,RB-C-00620-1,RB-FA-001349,2026-08-12T19:01:02.000Z,2026-08-13T10:11:18.000Z,Voice,Account Access,MFA,Closed,Medium,false,,13.9,BR-007,E-0102,false
RB-CS-001293,RB-C-00620-1,RB-FA-001351,2026-02-20T12:58:33.000Z,2026-02-20T13:21:18.000Z,Chat,Fee Inquiry,ATM Fee,Closed,Medium,true,,7.5,BR-007,E-0087,false
RB-CS-001294,RB-C-00621-1,RB-FA-001352,2026-02-18T14:26:49.000Z,2026-02-18T09:25:05.000Z,Email,Product Question,Eligibility,Closed,Low,true,,26.2,BR-016,E-0080,false
RB-CS-001295,RB-C-00621-1,RB-FA-001353,2025-08-25T15:20:31.000Z,2025-08-25T12:34:35.000Z,Voice,Account Access,MFA,Closed,Low,true,4,8.7,BR-016,E-0092,true
RB-CS-001296,RB-C-00623-1,RB-FA-001357,2026-07-16T17:50:21.000Z,2026-08-02T14:04:50.000Z,Voice,Account Access,Password Reset,Closed,Medium,false,3,8.6,BR-011,E-0074,true
RB-CS-001297,RB-C-00623-1,RB-FA-001357,2025-11-06T13:49:20.000Z,2025-11-06T12:07:24.000Z,Voice,Account Access,MFA,Closed,Medium,true,,15.7,BR-011,E-0120,false
RB-CS-001298,RB-C-00623-1,RB-FA-001358,2025-06-17T18:05:51.000Z,2025-06-17T16:21:26.000Z,Mobile App,Account Access,Locked Account,Closed,Medium,true,,17.7,BR-011,E-0136,false
RB-CS-001299,RB-C-00623-1,RB-FA-001358,2025-10-28T07:30:49.000Z,2025-10-28T11:15:07.000Z,Chat,Card Dispute,Duplicate Charge,Closed,High,true,4,11.8,BR-011,E-0088,false
RB-CS-001300,RB-C-00623-1,RB-FA-001358,2024-12-12T14:20:16.000Z,2024-12-12T17:51:42.000Z,Voice,Fee Inquiry,ATM Fee,Closed,Low,true,4,15.3,BR-011,E-0069,true
RB-CS-001301,RB-C-00623-1,RB-FA-001358,2026-04-13T09:49:47.000Z,,Voice,Fraud,Account Takeover,Escalated,Low,true,,10.6,BR-011,E-0081,false
RB-CS-001302,RB-C-00624-1,RB-FA-001359,2025-03-09T17:15:15.000Z,2025-03-09T07:00:44.000Z,Voice,Fee Inquiry,ATM Fee,Closed,Medium,true,3,19.3,BR-028,E-0062,false
RB-CS-001303,RB-C-00624-1,RB-FA-001360,2024-12-06T07:03:17.000Z,2024-12-06T12:00:05.000Z,Mobile App,Fee Inquiry,Monthly Maintenance,Closed,Medium,true,3,14.4,BR-028,E-0068,false
RB-CS-001304,RB-C-00625-1,RB-FA-001363,2026-03-24T08:41:56.000Z,2026-03-24T10:29:45.000Z,Email,Fraud,Account Takeover,Closed,Low,true,,26.5,BR-016,E-0067,true
RB-CS-001305,RB-C-00626-1,RB-FA-001364,2025-04-28T08:27:29.000Z,2025-04-28T07:03:02.000Z,Chat,Payments,Wire Status,Closed,Low,true,1,6.9,BR-029,E-0107,false
RB-CS-001306,RB-C-00626-1,RB-FA-001364,2025-11-25T08:00:52.000Z,2025-12-09T18:14:44.000Z,Chat,Card Dispute,Merchant Refund,Closed,Low,false,4,8.7,BR-029,E-0075,false
RB-CS-001307,RB-C-00626-1,RB-FA-001364,2024-11-25T14:06:12.000Z,2024-11-25T07:20:04.000Z,Chat,Fee Inquiry,Monthly Maintenance,Closed,Low,true,,15.0,BR-029,E-0129,true
RB-CS-001308,RB-C-00626-1,RB-FA-001364,2026-02-22T13:11:20.000Z,2026-03-13T19:15:21.000Z,Voice,Account Access,Locked Account,Closed,Low,false,,13.2,BR-029,E-0122,false
RB-CS-001309,RB-C-00626-1,RB-FA-001365,2025-01-16T08:11:04.000Z,2025-01-16T15:36:21.000Z,Mobile App,Account Access,Password Reset,Closed,Medium,true,,16.4,BR-029,E-0074,false
RB-CS-001310,RB-C-00626-1,RB-FA-001365,2025-04-24T07:28:59.000Z,2025-04-24T14:08:34.000Z,Voice,Payments,Bill Pay,Closed,High,true,,13.3,BR-029,E-0110,false
RB-CS-001311,RB-C-00626-1,RB-FA-001365,2026-05-13T14:38:18.000Z,,Chat,Fee Inquiry,ATM Fee,Open,Low,false,5,16.7,BR-029,E-0140,false
RB-CS-001312,RB-C-00626-1,RB-FA-001366,2026-04-09T11:16:02.000Z,2026-04-09T13:13:06.000Z,Voice,Product Question,Rates,Closed,Medium,true,4,13.7,BR-029,E-0122,false
RB-CS-001313,RB-C-00628-1,RB-FA-001372,2026-06-11T19:22:19.000Z,2026-06-11T18:04:24.000Z,Email,Product Question,Eligibility,Closed,Medium,true,5,46.1,BR-004,E-0075,false
RB-CS-001314,RB-C-00628-1,RB-FA-001374,2025-09-20T18:52:40.000Z,,Voice,Payments,Bill Pay,Open,Medium,true,,6.6,BR-004,E-0081,true
RB-CS-001315,RB-C-00629-1,RB-FA-001375,2024-12-19T12:29:33.000Z,2024-12-19T18:21:29.000Z,Branch,Fraud,Card Compromised,Closed,Low,true,,11.3,BR-001,E-0097,false
RB-CS-001316,RB-C-00629-1,RB-FA-001375,2025-11-30T15:38:09.000Z,2025-12-01T12:29:32.000Z,Mobile App,Payments,Bill Pay,Closed,Low,false,,21.5,BR-001,E-0108,true
RB-CS-001317,RB-C-00629-1,RB-FA-001375,2024-10-25T16:05:11.000Z,,Voice,Card Dispute,Unrecognized Charge,Escalated,High,true,,16.1,BR-001,E-0089,false
RB-CS-001318,RB-C-00629-1,RB-FA-001375,2025-08-29T15:49:24.000Z,,Chat,Card Dispute,Merchant Refund,Open,Medium,false,3,10.9,BR-001,E-0087,false
RB-CS-001319,RB-C-00630-1,RB-FA-001376,2026-08-18T19:21:34.000Z,2026-08-24T16:48:21.000Z,Voice,Product Question,Eligibility,Closed,High,false,,15.3,BR-022,E-0076,false
RB-CS-001320,RB-C-00630-1,RB-FA-001376,2025-12-20T17:07:26.000Z,2025-12-26T17:10:38.000Z,Voice,Card Dispute,Duplicate Charge,Closed,Medium,false,5,10.6,BR-022,E-0067,true
RB-CS-001321,RB-C-00630-1,RB-FA-001376,2026-01-19T11:35:47.000Z,,Voice,Product Question,Eligibility,Escalated,Medium,false,,14.5,BR-022,E-0138,false
RB-CS-001322,RB-C-00630-1,RB-FA-001376,2025-12-02T07:05:20.000Z,2025-12-04T13:28:08.000Z,Voice,Product Question,Eligibility,Closed,Medium,false,2,14.7,BR-022,E-0132,false
RB-CS-001323,RB-C-00630-1,RB-FA-001377,2026-04-09T15:15:16.000Z,,Chat,Account Access,MFA,Escalated,Medium,false,,9.5,BR-022,E-0075,true
RB-CS-001324,RB-C-00630-1,RB-FA-001378,2025-11-03T13:17:15.000Z,2025-11-23T19:23:35.000Z,Voice,Card Dispute,Merchant Refund,Closed,Medium,false,3,4.5,BR-022,E-0102,false
RB-CS-001325,RB-C-00630-1,RB-FA-001378,2025-02-07T17:17:22.000Z,2025-02-07T08:12:04.000Z,Voice,Account Access,Locked Account,Closed,Medium,true,,16.6,BR-022,E-0073,true
RB-CS-001326,RB-C-00633-1,RB-FA-001383,2024-10-20T17:23:21.000Z,2024-11-03T07:52:50.000Z,Branch,Fee Inquiry,Overdraft Fee,Closed,Low,false,,13.5,BR-014,E-0062,false
RB-CS-001327,RB-C-00633-1,RB-FA-001383,2025-02-09T09:59:09.000Z,,Voice,Card Dispute,Merchant Refund,Open,Medium,false,3,7.5,BR-014,E-0101,true
RB-CS-001328,RB-C-00634-1,RB-FA-001385,2025-03-02T12:17:43.000Z,2025-03-02T10:54:34.000Z,Mobile App,Account Access,Password Reset,Closed,Low,true,4,10.0,BR-020,E-0134,false
RB-CS-001329,RB-C-00634-1,RB-FA-001386,2025-01-27T17:19:56.000Z,,Chat,Account Access,Password Reset,In Progress,Low,false,4,9.0,BR-020,E-0081,true
RB-CS-001330,RB-C-00635-1,RB-FA-001389,2024-11-27T07:16:17.000Z,2024-11-27T13:43:45.000Z,Chat,Card Dispute,Merchant Refund,Closed,Low,true,4,17.2,BR-005,E-0074,true
RB-CS-001331,RB-C-00635-1,RB-FA-001390,2025-12-04T19:27:27.000Z,2025-12-04T16:40:27.000Z,Chat,Payments,Wire Status,Closed,Low,true,3,5.2,BR-005,E-0114,false
RB-CS-001332,RB-C-00635-1,RB-FA-001390,2026-08-12T08:44:46.000Z,2026-08-12T19:45:12.000Z,Voice,Fee Inquiry,Overdraft Fee,Closed,Medium,true,,8.7,BR-005,E-0114,true
RB-CS-001333,RB-C-00635-1,RB-FA-001390,2026-08-14T17:50:21.000Z,,Chat,Fee Inquiry,ATM Fee,In Progress,Medium,true,2,16.3,BR-005,E-0112,true
RB-CS-001334,RB-C-00636-1,RB-FA-001391,2026-06-29T16:40:11.000Z,2026-06-29T19:17:07.000Z,Email,Fee Inquiry,ATM Fee,Closed,High,true,4,6.7,BR-006,E-0092,false
RB-CS-001335,RB-C-00636-1,RB-FA-001391,2024-10-25T11:37:27.000Z,2024-10-25T11:32:53.000Z,Voice,Fraud,Card Compromised,Closed,Low,true,5,12.4,BR-006,E-0065,true
RB-CS-001336,RB-C-00637-1,RB-FA-001392,2025-05-07T15:12:33.000Z,2025-05-07T14:27:50.000Z,Voice,Account Access,MFA,Closed,Low,true,,4.4,BR-027,E-0080,false
RB-CS-001337,RB-C-00637-1,RB-FA-001393,2024-12-05T15:28:57.000Z,2024-12-05T14:08:19.000Z,Voice,Product Question,Rates,Closed,Low,true,5,14.2,BR-027,E-0082,false
RB-CS-001338,RB-C-00637-1,RB-FA-001393,2025-08-26T07:19:43.000Z,2025-08-26T14:23:52.000Z,Voice,Fee Inquiry,Monthly Maintenance,Closed,Medium,true,4,10.0,BR-027,E-0074,false
RB-CS-001339,RB-C-00637-1,RB-FA-001393,2024-12-22T16:44:38.000Z,2025-01-11T15:08:15.000Z,Mobile App,Fraud,Account Takeover,Closed,Medium,false,,11.2,BR-027,E-0076,false
RB-CS-001340,RB-C-00637-1,RB-FA-001394,2025-10-04T12:30:15.000Z,2025-10-04T11:36:44.000Z,Chat,Account Access,MFA,Closed,Medium,true,5,12.8,BR-027,E-0063,true
RB-CS-001341,RB-C-00637-1,RB-FA-001394,2026-05-04T08:48:01.000Z,2026-05-08T10:12:08.000Z,Voice,Card Dispute,Merchant Refund,Closed,High,false,4,8.6,BR-027,E-0129,true
RB-CS-001342,RB-C-00637-1,RB-FA-001394,2025-04-30T07:07:02.000Z,2025-04-30T14:34:40.000Z,Voice,Fee Inquiry,Overdraft Fee,Closed,Low,true,4,6.6,BR-027,E-0063,false
RB-CS-001343,RB-C-00639-1,RB-FA-001397,2025-04-12T10:29:55.000Z,2025-04-20T12:34:55.000Z,Voice,Card Dispute,Duplicate Charge,Closed,Low,false,4,7.7,BR-029,E-0106,false
RB-CS-001344,RB-C-00639-1,RB-FA-001397,2026-05-31T10:15:07.000Z,2026-06-08T09:00:49.000Z,Chat,Fee Inquiry,Monthly Maintenance,Closed,High,false,,9.5,BR-029,E-0083,false
RB-CS-001345,RB-C-00641-1,RB-FA-001401,2025-08-11T14:42:23.000Z,2025-08-14T11:46:06.000Z,Voice,Card Dispute,Duplicate Charge,Closed,Medium,false,,6.9,BR-015,E-0117,false
RB-CS-001346,RB-C-00641-1,RB-FA-001401,2025-12-27T17:09:42.000Z,2025-12-27T07:57:12.000Z,Voice,Account Access,MFA,Closed,Low,true,3,5.3,BR-015,E-0118,false
RB-CS-001347,RB-C-00641-1,RB-FA-001402,2026-04-15T10:10:16.000Z,2026-04-15T16:50:03.000Z,Email,Card Dispute,Duplicate Charge,Closed,Medium,true,,21.5,BR-015,E-0067,false
RB-CS-001348,RB-C-00641-1,RB-FA-001403,2026-07-24T19:10:39.000Z,2026-07-24T19:46:50.000Z,Chat,Account Access,Locked Account,Closed,Low,true,5,9.3,BR-015,E-0100,false
RB-CS-001349,RB-C-00641-1,RB-FA-001403,2026-03-06T10:53:00.000Z,2026-03-06T15:04:54.000Z,Mobile App,Account Access,Locked Account,Closed,Medium,true,,11.4,BR-015,E-0068,false
RB-CS-001350,RB-C-00641-1,RB-FA-001403,2026-05-26T12:09:17.000Z,2026-05-26T18:11:29.000Z,Voice,Payments,Failed Transfer,Closed,High,true,4,26.7,BR-015,E-0131,false
RB-CS-001351,RB-C-00642-1,RB-FA-001404,2025-08-07T07:16:01.000Z,2025-08-07T14:19:53.000Z,Email,Fraud,Card Compromised,Closed,High,true,4,45.8,BR-024,E-0086,false
RB-CS-001352,RB-C-00642-1,RB-FA-001405,2025-05-07T15:25:27.000Z,2025-05-07T18:41:41.000Z,Email,Account Access,MFA,Closed,Medium,true,,37.2,BR-024,E-0085,false
RB-CS-001353,RB-C-00642-1,RB-FA-001405,2025-12-20T07:03:26.000Z,2025-12-20T14:31:23.000Z,Voice,Card Dispute,Merchant Refund,Closed,Medium,true,5,11.5,BR-024,E-0130,false
RB-CS-001354,RB-C-00642-1,RB-FA-001406,2026-08-06T15:03:43.000Z,2026-08-20T08:40:02.000Z,Voice,Account Access,Password Reset,Closed,Low,false,,24.9,BR-024,E-0138,false
RB-CS-001355,RB-C-00642-1,RB-FA-001406,2026-06-25T18:03:06.000Z,2026-07-04T13:11:32.000Z,Chat,Card Dispute,Merchant Refund,Closed,High,false,,21.3,BR-024,E-0063,true
RB-CS-001356,RB-C-00642-1,RB-FA-001406,2026-02-14T11:27:44.000Z,2026-02-14T18:34:12.000Z,Email,Fee Inquiry,Monthly Maintenance,Closed,Medium,true,5,35.9,BR-024,E-0081,true
RB-CS-001357,RB-C-00642-1,RB-FA-001406,2025-08-20T11:24:50.000Z,2025-08-20T16:19:59.000Z,Chat,Fee Inquiry,Overdraft Fee,Closed,Low,true,,11.5,BR-024,E-0066,false
RB-CS-001358,RB-C-00642-1,RB-FA-001407,2026-08-24T16:45:14.000Z,2026-08-24T16:46:57.000Z,Voice,Product Question,Rates,Closed,Low,true,5,11.6,BR-024,E-0106,true
RB-CS-001359,RB-C-00643-1,RB-FA-001408,2024-11-10T10:41:24.000Z,2024-11-10T14:38:37.000Z,Voice,Account Access,MFA,Closed,Medium,true,,6.3,BR-012,E-0128,false
RB-CS-001360,RB-C-00643-1,RB-FA-001408,2025-01-19T13:43:46.000Z,2025-01-20T08:57:11.000Z,Voice,Fee Inquiry,ATM Fee,Closed,Medium,false,,28.3,BR-012,E-0117,true
RB-CS-001361,RB-C-00644-1,RB-FA-001409,2025-06-22T07:19:01.000Z,2025-07-11T14:55:31.000Z,Chat,Fee Inquiry,ATM Fee,Closed,Medium,false,4,6.4,BR-018,E-0090,false
RB-CS-001362,RB-C-00644-1,RB-FA-001409,2025-10-13T19:35:21.000Z,2025-10-13T09:47:40.000Z,Voice,Fee Inquiry,Monthly Maintenance,Closed,Low,true,5,7.3,BR-018,E-0113,true
RB-CS-001363,RB-C-00644-1,RB-FA-001410,2026-06-30T11:04:55.000Z,2026-06-30T10:23:24.000Z,Mobile App,Account Access,Password Reset,Closed,High,true,4,12.5,BR-018,E-0111,false
RB-CS-001364,RB-C-00644-1,RB-FA-001410,2025-01-23T17:33:51.000Z,2025-01-23T19:40:11.000Z,Email,Account Access,Password Reset,Closed,Low,true,,19.3,BR-018,E-0064,false
RB-CS-001365,RB-C-00644-1,RB-FA-001410,2024-09-14T15:11:05.000Z,2024-09-14T10:28:07.000Z,Email,Account Access,Locked Account,Closed,Low,true,5,33.4,BR-018,E-0123,false
RB-CS-001366,RB-C-00645-1,RB-FA-001413,2026-05-08T09:03:59.000Z,2026-05-08T19:36:59.000Z,Email,Account Access,MFA,Closed,Low,true,,25.0,BR-017,E-0108,false
RB-CS-001367,RB-C-00645-1,RB-FA-001413,2025-08-16T19:58:14.000Z,2025-08-16T10:10:39.000Z,Email,Account Access,MFA,Closed,Low,true,3,23.0,BR-017,E-0086,false
RB-CS-001368,RB-C-00646-1,RB-FA-001414,2025-05-08T09:47:56.000Z,2025-05-08T11:58:08.000Z,Voice,Fraud,Card Compromised,Closed,High,true,4,9.1,BR-030,E-0115,true
RB-CS-001369,RB-C-00647-1,RB-FA-001416,2026-04-21T19:30:54.000Z,2026-04-21T09:24:20.000Z,Branch,Account Access,MFA,Closed,Low,true,,11.9,BR-009,E-0134,false
RB-CS-001370,RB-C-00648-1,RB-FA-001417,2025-10-22T17:45:20.000Z,2025-10-22T11:25:51.000Z,Voice,Account Access,Password Reset,Closed,Medium,true,4,5.2,BR-021,E-0073,false
RB-CS-001371,RB-C-00648-1,RB-FA-001418,2025-05-22T10:14:45.000Z,2025-05-22T17:23:44.000Z,Chat,Product Question,Rates,Closed,Low,true,,15.8,BR-021,E-0073,false
RB-CS-001372,RB-C-00648-1,RB-FA-001419,2026-03-07T14:47:28.000Z,2026-03-12T15:29:41.000Z,Voice,Product Question,Rates,Closed,Low,false,5,9.7,BR-021,E-0128,true
RB-CS-001373,RB-C-00649-1,RB-FA-001421,2025-04-20T17:32:31.000Z,2025-04-20T09:13:41.000Z,Chat,Fee Inquiry,Overdraft Fee,Closed,Medium,true,,7.2,BR-014,E-0112,false
RB-CS-001374,RB-C-00649-1,RB-FA-001421,2025-02-26T11:24:22.000Z,2025-03-04T15:55:06.000Z,Chat,Product Question,Rates,Closed,Low,false,,17.8,BR-014,E-0064,true
RB-CS-001375,RB-C-00649-1,RB-FA-001421,2025-07-08T07:59:57.000Z,2025-07-08T18:08:28.000Z,Voice,Account Access,Locked Account,Closed,Low,true,,5.9,BR-014,E-0070,false
RB-CS-001376,RB-C-00649-1,RB-FA-001421,2025-12-04T17:15:04.000Z,,Chat,Card Dispute,Merchant Refund,Open,Medium,true,3,26.7,BR-014,E-0074,false
RB-CS-001377,RB-C-00650-1,RB-FA-001424,2025-11-02T07:01:53.000Z,,Voice,Fee Inquiry,ATM Fee,Open,Low,true,4,10.8,BR-002,E-0085,false
RB-CS-001378,RB-C-00651-1,RB-FA-001426,2025-08-04T10:14:34.000Z,2025-08-04T17:17:21.000Z,Email,Fraud,Card Compromised,Closed,Medium,true,3,29.8,BR-011,E-0080,false
RB-CS-001379,RB-C-00651-1,RB-FA-001427,2025-05-08T18:41:29.000Z,2025-05-08T14:30:49.000Z,Voice,Fee Inquiry,Monthly Maintenance,Closed,Low,true,5,16.6,BR-011,E-0089,false
RB-CS-001380,RB-C-00652-1,RB-FA-001428,2024-09-30T17:28:43.000Z,2024-09-30T19:03:39.000Z,Voice,Account Access,Password Reset,Closed,High,true,,6.0,BR-030,E-0091,false
RB-CS-001381,RB-C-00652-1,RB-FA-001428,2026-03-02T10:10:16.000Z,2026-03-15T07:14:17.000Z,Mobile App,Fraud,Card Compromised,Closed,High,false,,20.6,BR-030,E-0081,false
RB-CS-001382,RB-C-00652-1,RB-FA-001429,2025-08-07T13:08:26.000Z,2025-08-07T08:19:30.000Z,Voice,Product Question,Rates,Closed,Medium,true,,24.4,BR-030,E-0097,false
RB-CS-001383,RB-C-00653-1,RB-FA-001433,2025-01-13T11:26:01.000Z,2025-01-26T15:05:50.000Z,Email,Account Access,MFA,Closed,Medium,false,,17.1,BR-011,E-0093,false
RB-CS-001384,RB-C-00654-1,RB-FA-001434,2026-07-07T10:11:11.000Z,,Mobile App,Payments,Failed Transfer,Escalated,Low,true,4,4.2,BR-016,E-0115,true
RB-CS-001385,RB-C-00654-1,RB-FA-001434,2025-05-12T14:29:35.000Z,2025-05-12T12:46:52.000Z,Chat,Account Access,Password Reset,Closed,Low,true,,12.2,BR-016,E-0118,true
RB-CS-001386,RB-C-00654-1,RB-FA-001434,2025-11-12T07:05:52.000Z,,Mobile App,Fee Inquiry,ATM Fee,In Progress,Medium,false,,17.2,BR-016,E-0090,false
RB-CS-001387,RB-C-00654-1,RB-FA-001435,2025-04-16T08:02:40.000Z,2025-04-16T15:55:14.000Z,Chat,Account Access,Password Reset,Closed,Medium,true,,29.3,BR-016,E-0079,false
RB-CS-001388,RB-C-00654-1,RB-FA-001435,2026-03-13T15:47:42.000Z,2026-03-13T09:48:17.000Z,Mobile App,Product Question,Eligibility,Closed,Medium,true,,11.1,BR-016,E-0121,false
RB-CS-001389,RB-C-00654-1,RB-FA-001435,2026-01-18T16:11:19.000Z,2026-02-08T12:31:01.000Z,Chat,Fee Inquiry,ATM Fee,Closed,Low,false,,18.2,BR-016,E-0082,false
RB-CS-001390,RB-C-00654-1,RB-FA-001435,2026-06-23T17:26:04.000Z,2026-06-23T12:05:11.000Z,Email,Product Question,Rates,Closed,Low,true,,26.5,BR-016,E-0092,true
RB-CS-001391,RB-C-00654-1,RB-FA-001436,2025-07-18T14:10:25.000Z,2025-07-28T15:25:52.000Z,Email,Product Question,Rates,Closed,Medium,false,1,59.6,BR-016,E-0085,false
RB-CS-001392,RB-C-00654-1,RB-FA-001436,2025-05-30T08:45:40.000Z,2025-05-30T18:52:20.000Z,Email,Payments,Wire Status,Closed,Medium,true,,41.4,BR-016,E-0117,false
RB-CS-001393,RB-C-00654-1,RB-FA-001436,2026-04-20T12:40:01.000Z,2026-04-25T08:39:50.000Z,Email,Card Dispute,Unrecognized Charge,Closed,Low,false,4,10.6,BR-016,E-0117,false
RB-CS-001394,RB-C-00656-1,RB-FA-001439,2025-05-10T10:01:51.000Z,2025-05-10T11:24:14.000Z,Voice,Product Question,Rates,Closed,Medium,true,5,13.2,BR-014,E-0108,false
RB-CS-001395,RB-C-00656-1,RB-FA-001439,2026-08-29T18:44:59.000Z,,Chat,Fee Inquiry,ATM Fee,Escalated,Low,false,3,24.3,BR-014,E-0124,false
RB-CS-001396,RB-C-00656-1,RB-FA-001439,2026-04-02T15:30:36.000Z,2026-04-02T10:54:05.000Z,Chat,Card Dispute,Unrecognized Charge,Closed,High,true,4,23.0,BR-014,E-0080,true
RB-CS-001397,RB-C-00656-1,RB-FA-001439,2025-04-26T07:51:24.000Z,2025-05-03T09:56:40.000Z,Voice,Card Dispute,Duplicate Charge,Closed,High,false,,15.7,BR-014,E-0073,false
RB-CS-001398,RB-C-00656-1,RB-FA-001441,2024-12-15T17:37:39.000Z,2024-12-28T15:34:42.000Z,Mobile App,Card Dispute,Merchant Refund,Closed,Low,false,3,23.4,BR-014,E-0128,true
RB-CS-001399,RB-C-00656-1,RB-FA-001441,2025-07-06T14:27:11.000Z,,Voice,Fee Inquiry,Monthly Maintenance,Open,Medium,true,,11.1,BR-014,E-0120,true
RB-CS-001400,RB-C-00656-1,RB-FA-001441,2024-10-29T17:18:21.000Z,2024-10-29T18:03:43.000Z,Voice,Card Dispute,Merchant Refund,Closed,Medium,true,,9.2,BR-014,E-0072,false
RB-CS-001401,RB-C-00656-1,RB-FA-001441,2026-01-24T07:51:06.000Z,2026-01-24T19:34:49.000Z,Mobile App,Account Access,Password Reset,Closed,Low,true,,6.9,BR-014,E-0131,false
RB-CS-001402,RB-C-00657-1,RB-FA-001442,2025-07-02T17:02:51.000Z,2025-07-08T08:46:01.000Z,Voice,Card Dispute,Merchant Refund,Closed,Low,false,,9.6,BR-004,E-0091,false
RB-CS-001403,RB-C-00657-1,RB-FA-001442,2026-04-13T08:41:15.000Z,,Voice,Account Access,Locked Account,Open,Low,true,4,22.8,BR-004,E-0063,false
RB-CS-001404,RB-C-00657-1,RB-FA-001442,2025-10-11T16:00:21.000Z,2025-10-26T10:05:17.000Z,Voice,Account Access,MFA,Closed,Low,false,3,5.8,BR-004,E-0133,false
RB-CS-001405,RB-C-00658-1,RB-FA-001444,2025-01-01T18:46:42.000Z,2025-01-01T15:23:56.000Z,Voice,Account Access,Password Reset,Closed,Low,true,,28.1,BR-023,E-0101,false
RB-CS-001406,RB-C-00659-1,RB-FA-001446,2025-09-02T17:36:27.000Z,2025-09-02T11:48:11.000Z,Branch,Card Dispute,Duplicate Charge,Closed,Low,true,,9.6,BR-004,E-0138,false
RB-CS-001407,RB-C-00661-1,RB-FA-001448,2025-08-02T14:05:25.000Z,2025-08-02T12:43:12.000Z,Voice,Product Question,Rates,Closed,Low,true,,5.3,BR-026,E-0106,false
RB-CS-001408,RB-C-00661-1,RB-FA-001450,2026-07-20T18:18:13.000Z,2026-07-20T16:02:28.000Z,Voice,Account Access,MFA,Closed,Low,true,,17.1,BR-026,E-0084,false
RB-CS-001409,RB-C-00662-1,RB-FA-001451,2025-02-27T17:50:03.000Z,2025-02-27T13:41:49.000Z,Mobile App,Account Access,Password Reset,Closed,High,true,3,5.9,BR-022,E-0083,false
RB-CS-001410,RB-C-00662-1,RB-FA-001452,2025-03-08T17:46:01.000Z,2025-03-08T18:28:53.000Z,Chat,Fee Inquiry,Monthly Maintenance,Closed,Low,true,4,6.6,BR-022,E-0129,false
RB-CS-001411,RB-C-00663-1,RB-FA-001454,2024-12-29T19:42:57.000Z,2024-12-29T07:33:40.000Z,Branch,Account Access,Password Reset,Closed,Medium,true,,8.3,BR-030,E-0118,false
RB-CS-001412,RB-C-00664-1,RB-FA-001455,2026-05-19T15:21:41.000Z,2026-05-19T13:13:02.000Z,Chat,Fee Inquiry,Overdraft Fee,Closed,Low,true,4,13.1,BR-026,E-0063,true
RB-CS-001413,RB-C-00664-1,RB-FA-001455,2026-07-03T16:52:56.000Z,2026-07-03T14:21:25.000Z,Branch,Card Dispute,Merchant Refund,Closed,Low,true,4,18.3,BR-026,E-0107,true
RB-CS-001414,RB-C-00665-1,RB-FA-001456,2025-05-16T10:07:31.000Z,2025-05-16T17:26:31.000Z,Voice,Account Access,MFA,Closed,Low,true,3,7.7,BR-015,E-0121,true
RB-CS-001415,RB-C-00665-1,RB-FA-001456,2025-06-01T14:10:21.000Z,2025-06-07T11:51:32.000Z,Branch,Account Access,MFA,Closed,Low,false,2,6.4,BR-015,E-0095,false
RB-CS-001416,RB-C-00666-1,RB-FA-001457,2026-08-24T07:53:34.000Z,2026-08-24T17:21:55.000Z,Voice,Card Dispute,Duplicate Charge,Closed,High,true,1,11.7,BR-014,E-0109,false
RB-CS-001417,RB-C-00666-1,RB-FA-001458,2024-11-01T09:19:59.000Z,2024-11-01T07:22:13.000Z,Voice,Payments,Failed Transfer,Closed,High,true,,26.2,BR-014,E-0112,false
RB-CS-001418,RB-C-00666-1,RB-FA-001458,2026-08-20T17:26:36.000Z,,Voice,Fee Inquiry,Monthly Maintenance,In Progress,Low,false,,9.5,BR-014,E-0081,false
RB-CS-001419,RB-C-00667-1,RB-FA-001460,2025-01-23T18:00:27.000Z,2025-01-23T09:59:09.000Z,Chat,Fee Inquiry,Overdraft Fee,Closed,Medium,true,5,8.1,BR-010,E-0128,true
RB-CS-001420,RB-C-00667-1,RB-FA-001461,2025-09-29T18:45:23.000Z,2025-09-29T14:51:11.000Z,Email,Fee Inquiry,ATM Fee,Closed,High,true,,34.4,BR-010,E-0081,false
RB-CS-001421,RB-C-00667-1,RB-FA-001461,2026-07-12T15:51:17.000Z,2026-07-22T09:00:46.000Z,Email,Card Dispute,Merchant Refund,Closed,Low,false,,34.7,BR-010,E-0085,true
RB-CS-001422,RB-C-00667-1,RB-FA-001461,2024-10-06T07:59:35.000Z,2024-10-06T19:21:39.000Z,Voice,Account Access,MFA,Closed,Low,true,,9.5,BR-010,E-0086,false
RB-CS-001423,RB-C-00667-1,RB-FA-001461,2025-12-29T11:06:16.000Z,2025-12-29T09:15:50.000Z,Mobile App,Account Access,Password Reset,Closed,Medium,true,3,11.8,BR-010,E-0068,false
RB-CS-001424,RB-C-00669-1,RB-FA-001465,2025-08-04T11:49:08.000Z,,Branch,Product Question,Eligibility,Open,Medium,true,,7.7,BR-021,E-0131,false
RB-CS-001425,RB-C-00669-1,RB-FA-001466,2025-04-25T17:07:51.000Z,2025-04-25T13:01:08.000Z,Mobile App,Payments,Failed Transfer,Closed,Medium,true,2,20.0,BR-021,E-0112,true
RB-CS-001426,RB-C-00670-1,RB-FA-001468,2025-07-14T13:19:32.000Z,2025-07-17T09:22:09.000Z,Voice,Product Question,Rates,Closed,Medium,false,5,18.7,BR-015,E-0090,true
RB-CS-001427,RB-C-00670-1,RB-FA-001469,2026-07-10T19:54:45.000Z,2026-07-20T09:46:08.000Z,Voice,Fraud,Account Takeover,Closed,Medium,false,,9.2,BR-015,E-0118,false
RB-CS-001428,RB-C-00670-1,RB-FA-001470,2025-03-02T14:54:46.000Z,2025-03-02T10:38:03.000Z,Voice,Card Dispute,Merchant Refund,Closed,Medium,true,5,18.2,BR-015,E-0122,true
RB-CS-001429,RB-C-00671-1,RB-FA-001471,2025-12-10T08:48:12.000Z,2025-12-10T19:32:22.000Z,Email,Product Question,Eligibility,Closed,Low,true,3,41.1,BR-002,E-0121,false
RB-CS-001430,RB-C-00671-1,RB-FA-001473,2024-12-01T17:00:13.000Z,,Voice,Product Question,Eligibility,Open,Low,true,,7.5,BR-002,E-0135,true
RB-CS-001431,RB-C-00672-1,RB-FA-001475,2026-05-18T16:11:21.000Z,2026-05-18T17:18:59.000Z,Chat,Card Dispute,Duplicate Charge,Closed,Low,true,5,12.7,BR-027,E-0099,true
RB-CS-001432,RB-C-00672-1,RB-FA-001475,2025-02-02T15:07:00.000Z,2025-02-06T11:38:35.000Z,Voice,Account Access,MFA,Closed,Medium,false,1,16.7,BR-027,E-0124,true
RB-CS-001433,RB-C-00672-1,RB-FA-001475,2026-06-07T15:46:13.000Z,,Email,Account Access,Locked Account,Open,Medium,true,,14.7,BR-027,E-0100,false
RB-CS-001434,RB-C-00673-1,RB-FA-001479,2024-11-11T18:37:05.000Z,2024-11-24T11:36:41.000Z,Chat,Account Access,Password Reset,Closed,Medium,false,2,15.8,BR-019,E-0138,true
RB-CS-001435,RB-C-00674-1,RB-FA-001480,2026-08-06T10:04:35.000Z,2026-08-06T10:15:28.000Z,Chat,Fee Inquiry,Monthly Maintenance,Closed,Medium,true,3,24.1,BR-030,E-0068,false
RB-CS-001436,RB-C-00675-1,RB-FA-001482,2025-04-30T19:01:13.000Z,2025-04-30T19:57:13.000Z,Email,Fraud,Account Takeover,Closed,High,true,,18.6,BR-003,E-0070,true
RB-CS-001437,RB-C-00676-1,RB-FA-001484,2025-10-25T17:15:10.000Z,2025-10-25T13:41:20.000Z,Voice,Card Dispute,Duplicate Charge,Closed,Low,true,5,32.9,BR-030,E-0100,true
RB-CS-001438,RB-C-00676-1,RB-FA-001487,2024-12-10T14:28:16.000Z,2024-12-10T16:01:38.000Z,Mobile App,Fee Inquiry,Overdraft Fee,Closed,Medium,true,5,8.9,BR-030,E-0138,false
RB-CS-001439,RB-C-00678-1,RB-FA-001490,2024-10-31T12:41:54.000Z,2024-11-13T16:17:51.000Z,Voice,Fee Inquiry,Overdraft Fee,Closed,Low,false,,17.8,BR-017,E-0112,false
RB-CS-001440,RB-C-00678-1,RB-FA-001491,2026-04-05T18:16:39.000Z,2026-04-05T15:19:29.000Z,Voice,Payments,Wire Status,Closed,Low,true,4,15.6,BR-017,E-0121,false
RB-CS-001441,RB-C-00679-1,RB-FA-001494,2025-10-17T18:35:49.000Z,2025-10-17T18:53:53.000Z,Email,Account Access,Locked Account,Closed,Medium,true,,21.2,BR-006,E-0067,false
RB-CS-001442,RB-C-00679-1,RB-FA-001495,2025-12-18T14:30:46.000Z,2025-12-18T18:10:34.000Z,Email,Payments,Bill Pay,Closed,Medium,true,,18.0,BR-006,E-0104,false
RB-CS-001443,RB-C-00682-1,RB-FA-001503,2025-03-31T10:15:06.000Z,2025-03-31T19:23:24.000Z,Branch,Fee Inquiry,ATM Fee,Closed,Low,true,4,11.4,BR-012,E-0089,false
RB-CS-001444,RB-C-00682-1,RB-FA-001504,2025-03-01T10:09:55.000Z,2025-03-01T12:24:46.000Z,Mobile App,Fee Inquiry,Overdraft Fee,Closed,Low,true,,3.5,BR-012,E-0116,false
RB-CS-001445,RB-C-00682-1,RB-FA-001504,2025-11-02T10:17:47.000Z,2025-11-02T19:30:45.000Z,Chat,Product Question,Eligibility,Closed,Medium,true,5,19.0,BR-012,E-0132,false
RB-CS-001446,RB-C-00682-1,RB-FA-001504,2024-12-14T17:51:43.000Z,2024-12-14T13:24:37.000Z,Email,Product Question,Rates,Closed,Low,true,,12.1,BR-012,E-0090,true
RB-CS-001447,RB-C-00685-1,RB-FA-001509,2024-12-11T15:27:35.000Z,2024-12-11T19:24:38.000Z,Mobile App,Account Access,MFA,Closed,Low,true,3,9.8,BR-021,E-0137,false
RB-CS-001448,RB-C-00686-1,RB-FA-001511,2026-03-31T19:54:20.000Z,2026-03-31T07:52:05.000Z,Email,Fee Inquiry,Monthly Maintenance,Closed,Low,true,,24.4,BR-011,E-0093,false
RB-CS-001449,RB-C-00686-1,RB-FA-001511,2026-03-13T16:07:38.000Z,2026-03-13T16:10:32.000Z,Email,Product Question,Rates,Closed,Low,true,5,49.7,BR-011,E-0127,false
RB-CS-001450,RB-C-00686-1,RB-FA-001511,2026-01-08T14:06:58.000Z,2026-01-08T12:20:40.000Z,Mobile App,Fee Inquiry,Overdraft Fee,Closed,Medium,true,5,12.8,BR-011,E-0076,true
RB-CS-001451,RB-C-00687-1,RB-FA-001514,2025-03-08T09:09:51.000Z,2025-03-08T13:53:58.000Z,Chat,Card Dispute,Merchant Refund,Closed,Medium,true,,17.2,BR-006,E-0115,true
RB-CS-001452,RB-C-00687-1,RB-FA-001514,2025-04-05T07:03:52.000Z,2025-04-05T18:39:38.000Z,Email,Fee Inquiry,Overdraft Fee,Closed,Low,true,3,55.0,BR-006,E-0104,false
RB-CS-001453,RB-C-00687-1,RB-FA-001514,2024-10-31T08:01:01.000Z,2024-11-01T10:58:36.000Z,Voice,Account Access,Password Reset,Closed,Medium,false,2,8.8,BR-006,E-0121,false
RB-CS-001454,RB-C-00687-1,RB-FA-001514,2025-09-10T16:53:31.000Z,2025-09-10T16:31:04.000Z,Mobile App,Fee Inquiry,Monthly Maintenance,Closed,Low,true,,6.0,BR-006,E-0116,false
RB-CS-001455,RB-C-00689-1,RB-FA-001517,2025-04-10T19:03:34.000Z,2025-04-23T14:16:05.000Z,Chat,Fraud,Card Compromised,Closed,High,false,4,12.3,BR-030,E-0061,false
RB-CS-001456,RB-C-00689-1,RB-FA-001517,2024-09-23T08:17:06.000Z,2024-09-23T13:39:02.000Z,Voice,Card Dispute,Unrecognized Charge,Closed,Low,true,,15.9,BR-030,E-0087,false
RB-CS-001457,RB-C-00690-1,RB-FA-001519,2025-12-13T17:16:02.000Z,2025-12-13T17:57:50.000Z,Voice,Card Dispute,Merchant Refund,Closed,Low,true,,25.1,BR-015,E-0106,false
RB-CS-001458,RB-C-00690-1,RB-FA-001519,2026-01-13T12:03:10.000Z,2026-01-21T07:21:36.000Z,Voice,Account Access,Locked Account,Closed,Low,false,5,11.5,BR-015,E-0109,true
RB-CS-001459,RB-C-00690-1,RB-FA-001520,2026-07-19T14:59:42.000Z,2026-07-19T16:12:02.000Z,Chat,Payments,Bill Pay,Closed,Low,true,,10.0,BR-015,E-0106,false
RB-CS-001460,RB-C-00691-1,RB-FA-001523,2026-07-13T16:01:44.000Z,2026-07-13T18:59:16.000Z,Branch,Payments,Bill Pay,Closed,Medium,true,4,5.0,BR-020,E-0129,false
RB-CS-001461,RB-C-00692-1,RB-FA-001524,2026-05-14T07:02:42.000Z,2026-05-14T07:00:29.000Z,Voice,Account Access,Locked Account,Closed,Low,true,3,4.2,BR-027,E-0118,false
RB-CS-001462,RB-C-00692-1,RB-FA-001524,2025-08-08T11:06:02.000Z,2025-08-08T15:57:27.000Z,Voice,Account Access,Locked Account,Closed,Low,true,5,14.8,BR-027,E-0139,false
RB-CS-001463,RB-C-00693-1,RB-FA-001526,2025-03-04T07:54:55.000Z,2025-03-04T19:25:24.000Z,Mobile App,Payments,Bill Pay,Closed,Low,true,,4.8,BR-003,E-0133,false
RB-CS-001464,RB-C-00693-1,RB-FA-001527,2026-06-20T16:09:59.000Z,2026-06-28T10:39:19.000Z,Voice,Fee Inquiry,Monthly Maintenance,Closed,Low,false,4,10.7,BR-003,E-0133,false
RB-CS-001465,RB-C-00693-1,RB-FA-001527,2025-01-06T13:08:43.000Z,2025-01-23T11:35:16.000Z,Mobile App,Card Dispute,Unrecognized Charge,Closed,Low,false,4,15.5,BR-003,E-0135,false
RB-CS-001466,RB-C-00694-1,RB-FA-001530,2026-02-27T16:24:46.000Z,2026-02-27T18:51:31.000Z,Chat,Card Dispute,Unrecognized Charge,Closed,Low,true,2,5.0,BR-003,E-0069,true
RB-CS-001467,RB-C-00694-1,RB-FA-001530,2026-01-10T17:43:59.000Z,,Chat,Fee Inquiry,ATM Fee,Open,Medium,false,,4.2,BR-003,E-0134,false
RB-CS-001468,RB-C-00694-1,RB-FA-001530,2025-07-26T10:46:06.000Z,2025-07-26T11:58:42.000Z,Email,Product Question,Rates,Closed,Medium,true,,8.7,BR-003,E-0122,false
RB-CS-001469,RB-C-00694-1,RB-FA-001530,2026-03-12T15:06:40.000Z,2026-03-12T14:05:43.000Z,Chat,Product Question,Eligibility,Closed,Medium,true,,12.2,BR-003,E-0074,false
RB-CS-001470,RB-C-00696-1,RB-FA-001533,2025-04-25T09:36:51.000Z,2025-04-25T16:05:57.000Z,Voice,Fee Inquiry,Monthly Maintenance,Closed,Medium,true,,7.1,BR-011,E-0071,true
RB-CS-001471,RB-C-00696-1,RB-FA-001534,2026-04-05T16:33:05.000Z,,Voice,Card Dispute,Unrecognized Charge,Escalated,Medium,true,4,28.8,BR-011,E-0137,false
RB-CS-001472,RB-C-00696-1,RB-FA-001534,2024-10-29T17:00:54.000Z,2024-10-29T09:53:36.000Z,Mobile App,Payments,Bill Pay,Closed,Low,true,5,4.7,BR-011,E-0126,true
RB-CS-001473,RB-C-00697-1,RB-FA-001535,2026-07-24T11:20:42.000Z,,Email,Fee Inquiry,Monthly Maintenance,In Progress,Medium,true,4,36.2,BR-003,E-0068,false
RB-CS-001474,RB-C-00697-1,RB-FA-001535,2026-05-23T18:15:20.000Z,2026-05-23T14:17:40.000Z,Mobile App,Card Dispute,Duplicate Charge,Closed,High,true,,6.1,BR-003,E-0110,false
RB-CS-001475,RB-C-00697-1,RB-FA-001535,2025-11-08T11:55:35.000Z,2025-11-08T09:45:11.000Z,Voice,Account Access,MFA,Closed,Medium,true,,26.6,BR-003,E-0122,false
RB-CS-001476,RB-C-00698-1,RB-FA-001537,2024-12-07T15:39:46.000Z,2024-12-16T09:58:17.000Z,Email,Product Question,Eligibility,Closed,Low,false,2,24.3,BR-006,E-0068,true
RB-CS-001477,RB-C-00698-1,RB-FA-001538,2024-09-06T12:59:03.000Z,2024-09-13T11:07:25.000Z,Email,Account Access,Locked Account,Closed,High,false,,30.4,BR-006,E-0133,true
RB-CS-001478,RB-C-00698-1,RB-FA-001538,2025-07-31T09:48:25.000Z,2025-07-31T13:30:31.000Z,Branch,Card Dispute,Duplicate Charge,Closed,Low,true,4,12.4,BR-006,E-0102,false
RB-CS-001479,RB-C-00699-1,RB-FA-001540,2025-04-03T09:00:14.000Z,2025-04-03T10:10:25.000Z,Voice,Fee Inquiry,Overdraft Fee,Closed,Low,true,,18.6,BR-024,E-0129,true
RB-CS-001480,RB-C-00700-1,RB-FA-001542,2025-11-21T14:26:31.000Z,2025-11-21T10:52:07.000Z,Mobile App,Account Access,Locked Account,Closed,Low,true,1,14.6,BR-002,E-0078,false
RB-CS-001481,RB-C-00700-1,RB-FA-001543,2025-10-02T07:23:29.000Z,2025-10-02T19:35:50.000Z,Voice,Fee Inquiry,Overdraft Fee,Closed,Low,true,,31.6,BR-002,E-0100,true
RB-CS-001482,RB-C-00701-1,RB-FA-001544,2024-10-16T14:11:33.000Z,2024-11-04T13:21:41.000Z,Voice,Account Access,Password Reset,Closed,Medium,false,,6.1,BR-021,E-0096,true
RB-CS-001483,RB-C-00701-1,RB-FA-001544,2024-09-20T13:00:10.000Z,2024-09-20T07:50:41.000Z,Voice,Card Dispute,Duplicate Charge,Closed,Low,true,5,6.3,BR-021,E-0130,true
RB-CS-001484,RB-C-00701-1,RB-FA-001545,2026-04-07T13:15:00.000Z,2026-04-15T11:52:26.000Z,Voice,Card Dispute,Unrecognized Charge,Closed,Low,false,5,10.5,BR-021,E-0110,false
RB-CS-001485,RB-C-00701-1,RB-FA-001546,2025-09-19T11:48:21.000Z,2025-09-22T19:08:35.000Z,Chat,Product Question,Eligibility,Closed,Low,false,3,12.9,BR-021,E-0118,true
RB-CS-001486,RB-C-00704-1,RB-FA-001549,2025-12-19T18:15:44.000Z,2025-12-19T14:54:04.000Z,Voice,Card Dispute,Merchant Refund,Closed,Low,true,2,24.8,BR-019,E-0093,false
RB-CS-001487,RB-C-00704-1,RB-FA-001549,2024-10-20T13:24:45.000Z,2024-10-20T10:51:00.000Z,Voice,Payments,Bill Pay,Closed,Low,true,,12.7,BR-019,E-0097,false
RB-CS-001488,RB-C-00704-1,RB-FA-001549,2024-11-07T11:54:52.000Z,2024-11-07T13:47:32.000Z,Chat,Card Dispute,Duplicate Charge,Closed,Low,true,,13.6,BR-019,E-0111,false
RB-CS-001489,RB-C-00705-1,RB-FA-001551,2025-01-02T18:16:06.000Z,2025-01-02T16:31:15.000Z,Email,Card Dispute,Merchant Refund,Closed,Medium,true,5,12.6,BR-030,E-0071,false
RB-CS-001490,RB-C-00706-1,RB-FA-001553,2025-08-27T16:30:43.000Z,2025-08-27T12:39:59.000Z,Chat,Account Access,MFA,Closed,Low,true,5,3.6,BR-019,E-0078,false
RB-CS-001491,RB-C-00708-1,RB-FA-001559,2026-05-06T08:32:13.000Z,2026-05-06T17:11:22.000Z,Voice,Fee Inquiry,Monthly Maintenance,Closed,Low,true,3,13.5,BR-021,E-0138,false
RB-CS-001492,RB-C-00708-1,RB-FA-001560,2025-02-07T14:18:36.000Z,2025-02-07T15:17:28.000Z,Voice,Account Access,Password Reset,Closed,Medium,true,5,14.5,BR-021,E-0117,false
RB-CS-001493,RB-C-00709-1,RB-FA-001563,2024-09-22T07:08:42.000Z,2024-10-07T15:19:08.000Z,Chat,Card Dispute,Duplicate Charge,Closed,Medium,false,4,5.7,BR-014,E-0114,false
RB-CS-001494,RB-C-00710-1,RB-FA-001564,2026-03-16T09:01:19.000Z,,Email,Fee Inquiry,ATM Fee,Open,High,false,1,21.5,BR-016,E-0093,true
RB-CS-001495,RB-C-00710-1,RB-FA-001565,2025-03-04T13:09:09.000Z,2025-03-17T09:38:18.000Z,Branch,Payments,Failed Transfer,Closed,Medium,false,1,19.2,BR-016,E-0119,true
RB-CS-001496,RB-C-00711-1,RB-FA-001567,2026-07-21T19:38:57.000Z,,Voice,Fee Inquiry,ATM Fee,Open,Low,true,5,7.1,BR-002,E-0105,true
RB-CS-001497,RB-C-00712-1,RB-FA-001568,2024-12-14T13:39:52.000Z,2024-12-23T17:20:08.000Z,Voice,Card Dispute,Duplicate Charge,Closed,Medium,false,5,20.6,BR-020,E-0083,false
RB-CS-001498,RB-C-00712-1,RB-FA-001568,2026-02-17T09:54:43.000Z,,Chat,Account Access,Password Reset,Open,Low,false,5,7.0,BR-020,E-0103,false
RB-CS-001499,RB-C-00712-1,RB-FA-001571,2025-10-17T09:47:06.000Z,2025-10-17T11:44:41.000Z,Chat,Product Question,Eligibility,Closed,Medium,true,4,12.9,BR-020,E-0117,true
RB-CS-001500,RB-C-00713-1,RB-FA-001572,2025-06-17T13:37:41.000Z,2025-06-17T07:31:15.000Z,Voice,Payments,Failed Transfer,Closed,Medium,true,2,17.1,BR-001,E-0122,false
RB-CS-001501,RB-C-00714-1,RB-FA-001573,2025-07-21T10:47:21.000Z,2025-07-21T14:24:22.000Z,Voice,Fee Inquiry,ATM Fee,Closed,High,true,4,17.5,BR-003,E-0063,true
RB-CS-001502,RB-C-00714-1,RB-FA-001573,2024-12-05T08:25:13.000Z,2024-12-05T14:29:28.000Z,Voice,Account Access,Password Reset,Closed,Medium,true,5,6.2,BR-003,E-0090,false
RB-CS-001503,RB-C-00714-1,RB-FA-001574,2025-08-08T16:23:42.000Z,2025-08-08T14:29:44.000Z,Voice,Card Dispute,Duplicate Charge,Closed,Medium,true,,14.5,BR-003,E-0096,true
RB-CS-001504,RB-C-00717-1,RB-FA-001579,2025-06-15T17:24:00.000Z,2025-06-15T08:07:03.000Z,Chat,Product Question,Rates,Closed,Medium,true,3,8.6,BR-016,E-0096,true
RB-CS-001505,RB-C-00717-1,RB-FA-001579,2024-10-30T12:26:10.000Z,2024-10-30T10:30:56.000Z,Email,Payments,Bill Pay,Closed,Medium,true,4,22.9,BR-016,E-0065,true
RB-CS-001506,RB-C-00717-1,RB-FA-001579,2024-09-28T09:37:56.000Z,2024-09-28T09:46:00.000Z,Chat,Fraud,Account Takeover,Closed,High,true,3,4.5,BR-016,E-0121,true
RB-CS-001507,RB-C-00719-1,RB-FA-001584,2026-04-01T12:55:25.000Z,2026-04-04T18:55:29.000Z,Voice,Card Dispute,Duplicate Charge,Closed,Medium,false,,7.1,BR-006,E-0097,false
RB-CS-001508,RB-C-00719-1,RB-FA-001584,2026-03-27T07:48:19.000Z,2026-04-08T10:22:46.000Z,Email,Fee Inquiry,ATM Fee,Closed,Medium,false,,15.1,BR-006,E-0129,false
RB-CS-001509,RB-C-00719-1,RB-FA-001585,2025-08-28T08:16:05.000Z,2025-09-10T15:23:48.000Z,Voice,Account Access,MFA,Closed,Medium,false,2,20.3,BR-006,E-0091,true
RB-CS-001510,RB-C-00719-1,RB-FA-001585,2025-08-21T17:50:46.000Z,2025-08-21T09:34:00.000Z,Voice,Account Access,Password Reset,Closed,Low,true,,17.5,BR-006,E-0090,true
RB-CS-001511,RB-C-00719-1,RB-FA-001585,2025-05-29T16:33:44.000Z,2025-05-31T10:12:18.000Z,Voice,Account Access,Password Reset,Closed,Medium,false,5,5.8,BR-006,E-0112,true
RB-CS-001512,RB-C-00719-1,RB-FA-001585,2025-07-25T17:43:58.000Z,2025-08-03T09:57:10.000Z,Chat,Account Access,MFA,Closed,Medium,false,,10.3,BR-006,E-0111,true
RB-CS-001513,RB-C-00720-1,RB-FA-001587,2025-06-13T07:25:53.000Z,2025-06-15T18:57:21.000Z,Chat,Payments,Bill Pay,Closed,Low,false,,8.5,BR-009,E-0096,true
RB-CS-001514,RB-C-00721-1,RB-FA-001588,2024-12-16T19:55:08.000Z,2024-12-16T14:56:23.000Z,Voice,Fraud,Card Compromised,Closed,Medium,true,,5.8,BR-025,E-0114,true
RB-CS-001515,RB-C-00721-1,RB-FA-001588,2026-01-17T14:57:24.000Z,2026-01-17T12:46:26.000Z,Mobile App,Card Dispute,Merchant Refund,Closed,Low,true,,25.1,BR-025,E-0061,false
RB-CS-001516,RB-C-00721-1,RB-FA-001588,2024-09-16T13:40:27.000Z,2024-09-16T13:05:32.000Z,Chat,Fraud,Account Takeover,Closed,Low,true,,12.4,BR-025,E-0093,true
RB-CS-001517,RB-C-00722-1,RB-FA-001591,2025-03-21T11:15:24.000Z,2025-03-21T19:51:23.000Z,Email,Payments,Bill Pay,Closed,Low,true,,48.6,BR-005,E-0093,false
RB-CS-001518,RB-C-00722-1,RB-FA-001591,2026-03-13T16:46:01.000Z,2026-03-13T15:18:11.000Z,Voice,Card Dispute,Merchant Refund,Closed,High,true,,8.4,BR-005,E-0122,false
RB-CS-001519,RB-C-00722-1,RB-FA-001591,2026-06-19T07:13:55.000Z,,Mobile App,Account Access,MFA,Escalated,Low,true,,4.9,BR-005,E-0097,true
RB-CS-001520,RB-C-00722-1,RB-FA-001591,2025-08-13T11:59:31.000Z,2025-08-22T12:26:39.000Z,Voice,Fraud,Account Takeover,Closed,Low,false,,6.0,BR-005,E-0072,false
RB-CS-001521,RB-C-00722-1,RB-FA-001592,2026-07-18T17:03:55.000Z,2026-07-28T09:08:03.000Z,Chat,Fee Inquiry,ATM Fee,Closed,Medium,false,1,16.3,BR-005,E-0084,true
RB-CS-001522,RB-C-00724-1,RB-FA-001595,2026-06-26T13:30:44.000Z,2026-06-26T07:14:07.000Z,Voice,Account Access,Locked Account,Closed,Low,true,3,14.7,BR-025,E-0135,false
RB-CS-001523,RB-C-00725-1,RB-FA-001596,2026-08-04T10:12:09.000Z,2026-08-12T16:59:26.000Z,Voice,Fee Inquiry,Monthly Maintenance,Closed,Low,false,,11.3,BR-020,E-0095,false
RB-CS-001524,RB-C-00726-1,RB-FA-001598,2026-04-21T14:55:17.000Z,,Chat,Fee Inquiry,Overdraft Fee,Open,Medium,true,,8.4,BR-008,E-0101,true
RB-CS-001525,RB-C-00726-1,RB-FA-001598,2024-10-31T12:27:25.000Z,2024-11-10T10:10:17.000Z,Mobile App,Card Dispute,Merchant Refund,Closed,Medium,false,2,5.4,BR-008,E-0061,false
RB-CS-001526,RB-C-00726-1,RB-FA-001598,2026-04-09T12:38:38.000Z,2026-04-12T17:42:27.000Z,Mobile App,Card Dispute,Merchant Refund,Closed,Low,false,3,8.5,BR-008,E-0062,false
RB-CS-001527,RB-C-00727-1,RB-FA-001601,2026-02-08T15:28:12.000Z,2026-02-08T10:06:39.000Z,Chat,Payments,Wire Status,Closed,Medium,true,4,15.6,BR-023,E-0136,false
RB-CS-001528,RB-C-00727-1,RB-FA-001602,2026-03-17T09:49:40.000Z,2026-03-17T11:57:39.000Z,Branch,Fee Inquiry,Overdraft Fee,Closed,Low,true,,7.3,BR-023,E-0071,false
RB-CS-001529,RB-C-00729-1,RB-FA-001607,2025-01-02T15:56:48.000Z,2025-01-22T08:00:27.000Z,Voice,Product Question,Eligibility,Closed,Medium,false,1,11.9,BR-024,E-0138,false
RB-CS-001530,RB-C-00730-1,RB-FA-001609,2024-12-24T15:42:03.000Z,2024-12-28T14:05:32.000Z,Voice,Product Question,Rates,Closed,Medium,false,,16.7,BR-007,E-0128,false
RB-CS-001531,RB-C-00731-1,RB-FA-001610,2026-04-15T12:03:26.000Z,2026-04-15T10:03:00.000Z,Voice,Product Question,Rates,Closed,High,true,5,6.3,BR-011,E-0071,true
RB-CS-001532,RB-C-00731-1,RB-FA-001611,2025-12-23T12:41:36.000Z,2025-12-23T08:35:31.000Z,Mobile App,Product Question,Eligibility,Closed,High,true,5,11.8,BR-011,E-0088,false
RB-CS-001533,RB-C-00732-1,RB-FA-001612,2024-12-26T18:08:13.000Z,2025-01-02T08:01:55.000Z,Voice,Product Question,Rates,Closed,High,false,2,4.2,BR-017,E-0127,false
RB-CS-001534,RB-C-00733-1,RB-FA-001613,2024-10-22T16:53:57.000Z,2024-10-22T09:51:36.000Z,Chat,Payments,Bill Pay,Closed,Low,true,4,17.9,BR-019,E-0070,false
RB-CS-001535,RB-C-00734-1,RB-FA-001616,2025-04-09T12:44:10.000Z,2025-04-09T16:32:31.000Z,Chat,Payments,Wire Status,Closed,Medium,true,,3.9,BR-014,E-0106,false
RB-CS-001536,RB-C-00734-1,RB-FA-001617,2025-03-05T08:18:59.000Z,2025-03-05T18:42:53.000Z,Voice,Fee Inquiry,ATM Fee,Closed,High,true,4,7.4,BR-014,E-0114,false
RB-CS-001537,RB-C-00735-1,RB-FA-001618,2025-07-27T12:24:36.000Z,2025-07-27T12:40:21.000Z,Chat,Card Dispute,Merchant Refund,Closed,Low,true,,28.1,BR-019,E-0083,true
RB-CS-001538,RB-C-00735-1,RB-FA-001619,2025-07-13T12:53:36.000Z,2025-07-15T19:41:06.000Z,Branch,Fee Inquiry,ATM Fee,Closed,Medium,false,1,6.4,BR-019,E-0090,true
RB-CS-001539,RB-C-00735-1,RB-FA-001620,2025-05-04T19:12:36.000Z,2025-05-07T11:38:04.000Z,Mobile App,Card Dispute,Merchant Refund,Closed,Low,false,3,26.8,BR-019,E-0065,false
RB-CS-001540,RB-C-00735-1,RB-FA-001620,2025-07-06T14:01:45.000Z,2025-07-22T11:50:55.000Z,Mobile App,Account Access,MFA,Closed,Low,false,,6.6,BR-019,E-0095,false
RB-CS-001541,RB-C-00735-1,RB-FA-001620,2026-08-06T15:24:32.000Z,2026-08-06T16:06:03.000Z,Voice,Account Access,Locked Account,Closed,Medium,true,5,8.6,BR-019,E-0120,false
RB-CS-001542,RB-C-00739-1,RB-FA-001627,2025-10-29T14:23:10.000Z,2025-10-29T09:27:30.000Z,Branch,Payments,Wire Status,Closed,Low,true,,10.5,BR-021,E-0122,true
RB-CS-001543,RB-C-00739-1,RB-FA-001628,2026-01-18T15:36:42.000Z,2026-01-18T12:54:39.000Z,Branch,Product Question,Eligibility,Closed,Medium,true,,5.9,BR-021,E-0093,false
RB-CS-001544,RB-C-00739-1,RB-FA-001628,2025-04-22T18:06:55.000Z,2025-04-22T18:55:46.000Z,Branch,Fee Inquiry,Overdraft Fee,Closed,Low,true,,6.1,BR-021,E-0104,true
RB-CS-001545,RB-C-00739-1,RB-FA-001628,2025-10-02T17:56:54.000Z,2025-10-02T16:12:36.000Z,Email,Product Question,Eligibility,Closed,High,true,3,15.2,BR-021,E-0079,false
RB-CS-001546,RB-C-00740-1,RB-FA-001630,2026-04-22T19:11:37.000Z,2026-04-22T13:12:58.000Z,Mobile App,Card Dispute,Duplicate Charge,Closed,Low,true,5,11.9,BR-016,E-0071,false
RB-CS-001547,RB-C-00740-1,RB-FA-001630,2026-06-12T19:00:40.000Z,2026-06-12T15:16:26.000Z,Voice,Product Question,Eligibility,Closed,Medium,true,4,9.2,BR-016,E-0106,true
RB-CS-001548,RB-C-00741-1,RB-FA-001631,2026-05-27T08:43:22.000Z,2026-05-27T15:56:03.000Z,Voice,Card Dispute,Unrecognized Charge,Closed,Low,true,5,10.2,BR-017,E-0113,true
RB-CS-001549,RB-C-00741-1,RB-FA-001632,2024-09-30T18:23:57.000Z,2024-09-30T17:09:07.000Z,Chat,Card Dispute,Merchant Refund,Closed,Low,true,5,6.3,BR-017,E-0111,true
RB-CS-001550,RB-C-00741-1,RB-FA-001632,2026-02-03T08:25:18.000Z,2026-02-17T19:38:12.000Z,Email,Card Dispute,Unrecognized Charge,Closed,Low,false,4,12.8,BR-017,E-0090,true
RB-CS-001551,RB-C-00741-1,RB-FA-001632,2025-09-14T18:54:55.000Z,2025-09-19T17:44:22.000Z,Voice,Fraud,Account Takeover,Closed,Medium,false,,26.4,BR-017,E-0123,false
RB-CS-001552,RB-C-00741-1,RB-FA-001632,2025-05-24T17:13:27.000Z,2025-06-05T13:28:03.000Z,Voice,Fee Inquiry,Overdraft Fee,Closed,Low,false,,6.8,BR-017,E-0121,false
RB-CS-001553,RB-C-00742-1,RB-FA-001633,2025-04-05T18:37:35.000Z,2025-04-19T18:51:58.000Z,Chat,Card Dispute,Duplicate Charge,Closed,Low,false,,14.1,BR-001,E-0112,false
RB-CS-001554,RB-C-00744-1,RB-FA-001637,2026-08-28T17:40:54.000Z,2026-08-28T10:26:47.000Z,Mobile App,Account Access,Locked Account,Closed,Low,true,5,10.2,BR-016,E-0094,false
RB-CS-001555,RB-C-00744-1,RB-FA-001638,2025-09-19T12:47:29.000Z,2025-09-21T10:57:07.000Z,Voice,Payments,Failed Transfer,Closed,Medium,false,,9.0,BR-016,E-0062,false
RB-CS-001556,RB-C-00744-1,RB-FA-001638,2025-01-20T16:41:00.000Z,2025-01-20T10:49:16.000Z,Voice,Fraud,Account Takeover,Closed,High,true,,27.6,BR-016,E-0066,true
RB-CS-001557,RB-C-00745-1,RB-FA-001640,2025-05-21T10:37:11.000Z,,Voice,Card Dispute,Duplicate Charge,Escalated,Low,false,,7.9,BR-016,E-0118,false
RB-CS-001558,RB-C-00745-1,RB-FA-001641,2025-05-07T15:52:34.000Z,2025-05-07T08:51:49.000Z,Email,Fee Inquiry,Overdraft Fee,Closed,Low,true,4,32.9,BR-016,E-0075,true
RB-CS-001559,RB-C-00745-1,RB-FA-001641,2026-04-19T17:43:11.000Z,2026-04-23T11:04:01.000Z,Chat,Card Dispute,Duplicate Charge,Closed,Medium,false,1,13.4,BR-016,E-0108,true
RB-CS-001560,RB-C-00745-1,RB-FA-001641,2026-07-13T12:40:26.000Z,2026-07-30T11:34:01.000Z,Voice,Card Dispute,Unrecognized Charge,Closed,Low,false,,13.0,BR-016,E-0103,false
RB-CS-001561,RB-C-00745-1,RB-FA-001641,2025-12-14T09:33:19.000Z,,Chat,Fee Inquiry,Monthly Maintenance,In Progress,Low,true,,11.6,BR-016,E-0088,false
RB-CS-001562,RB-C-00746-1,RB-FA-001643,2024-11-07T12:03:01.000Z,2024-11-07T14:15:43.000Z,Branch,Account Access,Password Reset,Closed,High,true,4,6.0,BR-002,E-0077,false
RB-CS-001563,RB-C-00746-1,RB-FA-001644,2025-04-06T09:50:22.000Z,2025-04-06T14:21:15.000Z,Chat,Card Dispute,Duplicate Charge,Closed,Low,true,4,9.2,BR-002,E-0126,false
RB-CS-001564,RB-C-00746-1,RB-FA-001644,2025-06-29T09:43:01.000Z,2025-06-29T18:12:58.000Z,Email,Account Access,MFA,Closed,Low,true,3,29.5,BR-002,E-0133,false
RB-CS-001565,RB-C-00746-1,RB-FA-001644,2026-02-24T19:56:38.000Z,2026-03-12T18:26:32.000Z,Voice,Card Dispute,Merchant Refund,Closed,Low,false,2,17.3,BR-002,E-0092,false
RB-CS-001566,RB-C-00746-1,RB-FA-001644,2025-10-15T18:00:16.000Z,2025-11-03T15:49:43.000Z,Branch,Account Access,MFA,Closed,Low,false,3,12.9,BR-002,E-0127,false
RB-CS-001567,RB-C-00747-1,RB-FA-001646,2026-04-23T11:04:59.000Z,2026-04-26T08:46:33.000Z,Chat,Card Dispute,Duplicate Charge,Closed,Medium,false,3,9.6,BR-016,E-0133,false
RB-CS-001568,RB-C-00747-1,RB-FA-001646,2026-05-17T13:24:39.000Z,,Chat,Fraud,Card Compromised,Escalated,Medium,true,,24.7,BR-016,E-0095,true
RB-CS-001569,RB-C-00747-1,RB-FA-001647,2025-09-10T09:38:37.000Z,2025-09-30T16:12:22.000Z,Mobile App,Card Dispute,Unrecognized Charge,Closed,High,false,,20.7,BR-016,E-0118,true
RB-CS-001570,RB-C-00748-1,RB-FA-001649,2026-01-08T18:19:32.000Z,2026-01-08T08:32:54.000Z,Chat,Card Dispute,Duplicate Charge,Closed,Medium,true,,27.7,BR-025,E-0072,false
RB-CS-001571,RB-C-00748-1,RB-FA-001649,2024-10-29T16:55:21.000Z,2024-10-29T13:02:14.000Z,Chat,Fee Inquiry,Monthly Maintenance,Closed,High,true,4,17.5,BR-025,E-0123,false
RB-CS-001572,RB-C-00748-1,RB-FA-001650,2025-02-23T12:08:44.000Z,2025-02-23T14:25:24.000Z,Email,Payments,Wire Status,Closed,Low,true,1,28.8,BR-025,E-0077,true
RB-CS-001573,RB-C-00748-1,RB-FA-001650,2024-09-30T10:40:38.000Z,2024-09-30T08:51:32.000Z,Voice,Fee Inquiry,Monthly Maintenance,Closed,Medium,true,1,11.4,BR-025,E-0095,true
RB-CS-001574,RB-C-00748-1,RB-FA-001650,2024-12-25T10:53:10.000Z,2024-12-25T16:09:39.000Z,Email,Card Dispute,Merchant Refund,Closed,High,true,5,25.4,BR-025,E-0108,true
RB-CS-001575,RB-C-00749-1,RB-FA-001651,2024-09-19T16:18:14.000Z,2024-10-10T13:57:57.000Z,Voice,Account Access,Locked Account,Closed,Medium,false,1,11.4,BR-005,E-0124,false
RB-CS-001576,RB-C-00749-1,RB-FA-001652,2026-03-09T17:34:09.000Z,2026-03-09T12:43:51.000Z,Mobile App,Product Question,Rates,Closed,Low,true,,10.9,BR-005,E-0109,false
RB-CS-001577,RB-C-00750-1,RB-FA-001654,2025-10-24T09:38:18.000Z,2025-10-24T18:24:18.000Z,Chat,Fee Inquiry,Monthly Maintenance,Closed,Low,true,,23.6,BR-022,E-0135,false
RB-CS-001578,RB-C-00750-1,RB-FA-001655,2025-09-25T10:41:42.000Z,2025-09-25T10:43:04.000Z,Voice,Fee Inquiry,Monthly Maintenance,Closed,High,true,4,6.5,BR-022,E-0071,false
RB-CS-001579,RB-C-00750-1,RB-FA-001655,2025-05-23T13:25:27.000Z,2025-06-13T18:46:02.000Z,Email,Account Access,Locked Account,Closed,Medium,false,2,10.9,BR-022,E-0135,true
RB-CS-001580,RB-C-00750-1,RB-FA-001655,2026-03-27T16:07:18.000Z,2026-03-27T13:48:02.000Z,Chat,Product Question,Eligibility,Closed,Low,true,4,9.6,BR-022,E-0086,true
RB-CS-001581,RB-C-00755-1,RB-FA-001663,2026-06-14T09:22:05.000Z,2026-06-22T14:40:38.000Z,Email,Account Access,MFA,Closed,Low,false,1,12.8,BR-004,E-0091,true
RB-CS-001582,RB-C-00755-1,RB-FA-001663,2025-10-27T12:24:28.000Z,2025-10-27T19:23:45.000Z,Mobile App,Fraud,Account Takeover,Closed,Medium,true,,14.0,BR-004,E-0072,false
RB-CS-001583,RB-C-00755-1,RB-FA-001663,2024-10-17T11:55:15.000Z,2024-10-17T13:33:23.000Z,Chat,Account Access,MFA,Closed,Low,true,5,6.9,BR-004,E-0125,true
RB-CS-001584,RB-C-00755-1,RB-FA-001664,2024-09-12T07:35:26.000Z,2024-09-12T11:33:27.000Z,Voice,Product Question,Rates,Closed,High,true,3,8.1,BR-004,E-0110,false
RB-CS-001585,RB-C-00756-1,RB-FA-001665,2024-10-02T13:03:31.000Z,2024-10-02T11:22:43.000Z,Chat,Account Access,MFA,Closed,Low,true,,6.5,BR-010,E-0136,false
RB-CS-001586,RB-C-00757-1,RB-FA-001667,2024-12-08T08:37:46.000Z,2024-12-08T19:48:57.000Z,Email,Card Dispute,Duplicate Charge,Closed,Low,true,,30.6,BR-021,E-0063,true
RB-CS-001587,RB-C-00759-1,RB-FA-001670,2024-12-22T19:16:32.000Z,,Mobile App,Card Dispute,Merchant Refund,In Progress,Medium,false,,7.0,BR-009,E-0081,false
RB-CS-001588,RB-C-00762-1,RB-FA-001674,2026-07-23T10:01:39.000Z,2026-08-06T07:41:49.000Z,Chat,Account Access,MFA,Closed,Medium,false,,8.2,BR-030,E-0102,false
RB-CS-001589,RB-C-00763-1,RB-FA-001678,2024-10-23T17:51:33.000Z,2024-10-23T18:12:00.000Z,Email,Account Access,MFA,Closed,Low,true,,59.5,BR-012,E-0118,true
RB-CS-001590,RB-C-00763-1,RB-FA-001678,2026-05-31T13:26:33.000Z,2026-05-31T07:04:50.000Z,Email,Product Question,Rates,Closed,Medium,true,,35.5,BR-012,E-0107,false
RB-CS-001591,RB-C-00764-1,RB-FA-001679,2025-10-05T11:25:17.000Z,2025-10-05T17:08:22.000Z,Chat,Account Access,MFA,Closed,Medium,true,,17.8,BR-019,E-0107,false
RB-CS-001592,RB-C-00765-1,RB-FA-001681,2024-11-19T10:26:19.000Z,2024-11-19T13:17:11.000Z,Chat,Card Dispute,Unrecognized Charge,Closed,Medium,true,3,16.0,BR-008,E-0065,true
RB-CS-001593,RB-C-00765-1,RB-FA-001681,2025-02-05T11:25:33.000Z,2025-02-05T11:41:14.000Z,Chat,Card Dispute,Merchant Refund,Closed,Low,true,4,25.8,BR-008,E-0122,true
RB-CS-001594,RB-C-00765-1,RB-FA-001681,2026-05-16T18:52:04.000Z,2026-05-16T14:58:37.000Z,Mobile App,Card Dispute,Duplicate Charge,Closed,High,true,2,7.7,BR-008,E-0064,true
RB-CS-001595,RB-C-00765-1,RB-FA-001681,2026-06-14T15:11:36.000Z,2026-06-14T12:36:50.000Z,Email,Fee Inquiry,Monthly Maintenance,Closed,High,true,5,51.5,BR-008,E-0074,true
RB-CS-001596,RB-C-00766-1,RB-FA-001683,2026-04-02T10:55:19.000Z,2026-04-14T11:54:17.000Z,Voice,Card Dispute,Duplicate Charge,Closed,Low,false,,20.8,BR-001,E-0080,false
RB-CS-001597,RB-C-00766-1,RB-FA-001684,2025-03-13T19:53:03.000Z,2025-03-14T17:02:35.000Z,Voice,Payments,Bill Pay,Closed,Low,false,2,12.9,BR-001,E-0107,false
RB-CS-001598,RB-C-00766-1,RB-FA-001685,2024-11-10T16:08:02.000Z,2024-11-30T15:13:34.000Z,Voice,Account Access,Locked Account,Closed,Medium,false,,18.3,BR-001,E-0117,false
RB-CS-001599,RB-C-00766-1,RB-FA-001685,2024-11-24T14:10:57.000Z,2024-11-24T18:10:50.000Z,Mobile App,Payments,Bill Pay,Closed,Medium,true,5,10.4,BR-001,E-0089,true
RB-CS-001600,RB-C-00767-1,RB-FA-001686,2026-02-03T12:20:55.000Z,2026-02-20T14:48:24.000Z,Voice,Payments,Failed Transfer,Closed,Low,false,2,16.3,BR-030,E-0113,true
RB-CS-001601,RB-C-00767-1,RB-FA-001688,2025-01-24T18:47:47.000Z,2025-01-24T07:32:31.000Z,Chat,Card Dispute,Unrecognized Charge,Closed,Low,true,1,21.3,BR-030,E-0128,false
RB-CS-001602,RB-C-00768-1,RB-FA-001690,2025-04-19T18:06:18.000Z,2025-04-19T09:26:45.000Z,Chat,Card Dispute,Merchant Refund,Closed,Medium,true,,12.7,BR-018,E-0076,true
RB-CS-001603,RB-C-00769-1,RB-FA-001691,2025-03-07T15:23:06.000Z,2025-03-07T08:47:32.000Z,Chat,Card Dispute,Unrecognized Charge,Closed,Low,true,4,26.9,BR-006,E-0077,true
RB-CS-001604,RB-C-00769-1,RB-FA-001692,2026-03-28T18:25:32.000Z,2026-03-28T11:17:26.000Z,Voice,Fee Inquiry,ATM Fee,Closed,Low,true,,20.1,BR-006,E-0075,true
RB-CS-001605,RB-C-00770-1,RB-FA-001693,2025-02-02T18:46:30.000Z,2025-02-02T18:23:08.000Z,Chat,Account Access,MFA,Closed,Medium,true,,7.3,BR-026,E-0106,false
RB-CS-001606,RB-C-00770-1,RB-FA-001694,2025-04-01T18:24:59.000Z,2025-04-21T14:03:54.000Z,Email,Card Dispute,Merchant Refund,Closed,Low,false,4,20.7,BR-026,E-0138,false
RB-CS-001607,RB-C-00770-1,RB-FA-001695,2026-03-30T08:09:35.000Z,2026-04-20T11:48:15.000Z,Voice,Fraud,Card Compromised,Closed,Low,false,,12.9,BR-026,E-0130,false
RB-CS-001608,RB-C-00771-1,RB-FA-001698,2026-03-10T08:46:05.000Z,2026-03-10T08:42:00.000Z,Voice,Account Access,Password Reset,Closed,Low,true,5,7.7,BR-022,E-0076,false
RB-CS-001609,RB-C-00771-1,RB-FA-001698,2025-02-25T11:15:20.000Z,2025-03-09T16:39:01.000Z,Email,Payments,Failed Transfer,Closed,High,false,5,31.5,BR-022,E-0073,true
RB-CS-001610,RB-C-00771-1,RB-FA-001698,2025-12-23T16:08:10.000Z,2025-12-23T12:51:18.000Z,Email,Payments,Wire Status,Closed,Low,true,3,10.3,BR-022,E-0085,true
RB-CS-001611,RB-C-00771-1,RB-FA-001699,2024-10-06T18:04:40.000Z,2024-10-06T17:42:50.000Z,Email,Account Access,Password Reset,Closed,Low,true,1,25.3,BR-022,E-0067,false
RB-CS-001612,RB-C-00773-1,RB-FA-001704,2026-01-28T11:48:17.000Z,2026-01-28T17:58:26.000Z,Voice,Account Access,Locked Account,Closed,Medium,true,,9.4,BR-016,E-0106,true
RB-CS-001613,RB-C-00774-1,RB-FA-001705,2024-10-10T19:06:25.000Z,2024-10-24T17:24:16.000Z,Voice,Card Dispute,Duplicate Charge,Closed,Low,false,,33.2,BR-002,E-0087,false
RB-CS-001614,RB-C-00774-1,RB-FA-001705,2026-08-19T19:30:40.000Z,2026-08-19T16:41:15.000Z,Voice,Payments,Bill Pay,Closed,Low,true,5,20.2,BR-002,E-0072,false
RB-CS-001615,RB-C-00774-1,RB-FA-001705,2026-06-26T19:47:30.000Z,2026-06-26T12:56:37.000Z,Branch,Account Access,Password Reset,Closed,Low,true,3,9.8,BR-002,E-0061,true
RB-CS-001616,RB-C-00774-1,RB-FA-001706,2025-09-24T12:40:55.000Z,2025-09-29T18:08:27.000Z,Voice,Fee Inquiry,Overdraft Fee,Closed,Medium,false,1,7.2,BR-002,E-0085,true
RB-CS-001617,RB-C-00775-1,RB-FA-001707,2026-06-24T09:24:47.000Z,2026-06-24T16:54:09.000Z,Chat,Payments,Wire Status,Closed,Low,true,,9.9,BR-011,E-0137,true
RB-CS-001618,RB-C-00775-1,RB-FA-001708,2026-01-05T12:30:51.000Z,2026-01-17T10:03:00.000Z,Email,Fee Inquiry,ATM Fee,Closed,Low,false,1,18.5,BR-011,E-0111,true
RB-CS-001619,RB-C-00775-1,RB-FA-001708,2025-08-16T15:31:39.000Z,2025-08-16T16:42:55.000Z,Voice,Product Question,Eligibility,Closed,Low,true,,7.9,BR-011,E-0072,true
RB-CS-001620,RB-C-00776-1,RB-FA-001709,2025-03-21T14:14:56.000Z,2025-04-01T14:08:57.000Z,Chat,Payments,Bill Pay,Closed,High,false,3,11.4,BR-015,E-0089,true
RB-CS-001621,RB-C-00776-1,RB-FA-001709,2024-12-08T19:17:44.000Z,,Email,Account Access,MFA,In Progress,Low,true,3,24.3,BR-015,E-0134,false
RB-CS-001622,RB-C-00776-1,RB-FA-001709,2024-12-11T09:38:11.000Z,2024-12-11T14:12:37.000Z,Chat,Card Dispute,Merchant Refund,Closed,Low,true,2,7.2,BR-015,E-0121,false
RB-CS-001623,RB-C-00776-1,RB-FA-001709,2025-04-14T12:51:53.000Z,2025-04-20T07:42:45.000Z,Voice,Card Dispute,Duplicate Charge,Closed,Low,false,1,18.1,BR-015,E-0108,true
RB-CS-001624,RB-C-00777-1,RB-FA-001713,2025-07-26T13:43:34.000Z,,Email,Account Access,MFA,Open,Medium,true,4,23.5,BR-006,E-0091,false
RB-CS-001625,RB-C-00778-1,RB-FA-001715,2025-06-01T11:23:20.000Z,2025-06-08T08:41:47.000Z,Voice,Fraud,Account Takeover,Closed,Low,false,,9.1,BR-029,E-0113,true
RB-CS-001626,RB-C-00778-1,RB-FA-001716,2025-04-21T14:13:03.000Z,2025-04-21T10:44:20.000Z,Branch,Payments,Failed Transfer,Closed,Low,true,4,8.9,BR-029,E-0107,true
RB-CS-001627,RB-C-00778-1,RB-FA-001716,2026-04-15T14:44:40.000Z,2026-04-15T17:41:46.000Z,Chat,Account Access,Password Reset,Closed,Low,true,,31.8,BR-029,E-0091,false
RB-CS-001628,RB-C-00778-1,RB-FA-001716,2025-09-12T07:35:59.000Z,2025-09-12T12:54:01.000Z,Chat,Fraud,Account Takeover,Closed,Medium,true,,14.7,BR-029,E-0070,false
RB-CS-001629,RB-C-00778-1,RB-FA-001717,2026-04-12T07:20:38.000Z,2026-04-12T18:09:59.000Z,Chat,Product Question,Eligibility,Closed,Low,true,,7.8,BR-029,E-0094,true
RB-CS-001630,RB-C-00778-1,RB-FA-001717,2026-04-18T17:35:55.000Z,2026-04-29T16:21:55.000Z,Chat,Payments,Failed Transfer,Closed,Medium,false,5,18.2,BR-029,E-0109,true
RB-CS-001631,RB-C-00778-1,RB-FA-001718,2024-12-02T18:24:41.000Z,2024-12-02T14:16:23.000Z,Chat,Fee Inquiry,Monthly Maintenance,Closed,Medium,true,,7.3,BR-029,E-0085,false
RB-CS-001632,RB-C-00779-1,RB-FA-001719,2026-04-30T16:10:43.000Z,2026-04-30T07:43:18.000Z,Voice,Account Access,MFA,Closed,Medium,true,3,21.3,BR-019,E-0133,false
RB-CS-001633,RB-C-00779-1,RB-FA-001720,2025-10-23T17:19:34.000Z,2025-10-30T17:16:18.000Z,Voice,Product Question,Eligibility,Closed,Medium,false,2,18.6,BR-019,E-0124,true
RB-CS-001634,RB-C-00779-1,RB-FA-001720,2024-10-17T07:55:42.000Z,,Voice,Product Question,Eligibility,Open,Medium,true,,3.8,BR-019,E-0085,false
RB-CS-001635,RB-C-00779-1,RB-FA-001720,2025-09-07T16:32:56.000Z,2025-09-07T15:26:10.000Z,Chat,Fee Inquiry,Monthly Maintenance,Closed,Medium,true,5,13.0,BR-019,E-0083,false
RB-CS-001636,RB-C-00780-1,RB-FA-001721,2025-07-21T09:21:31.000Z,2025-07-21T15:01:10.000Z,Voice,Card Dispute,Duplicate Charge,Closed,Low,true,4,17.0,BR-001,E-0093,true
RB-CS-001637,RB-C-00780-1,RB-FA-001721,2026-08-02T09:22:37.000Z,2026-08-02T10:32:00.000Z,Email,Account Access,Locked Account,Closed,Low,true,5,71.7,BR-001,E-0111,false
RB-CS-001638,RB-C-00780-1,RB-FA-001722,2024-11-17T11:32:44.000Z,2024-11-17T19:15:14.000Z,Voice,Fraud,Card Compromised,Closed,Low,true,4,5.3,BR-001,E-0136,true
RB-CS-001639,RB-C-00781-1,RB-FA-001725,2025-12-10T07:35:17.000Z,2025-12-10T10:40:12.000Z,Voice,Account Access,Locked Account,Closed,Medium,true,4,13.3,BR-001,E-0077,false
RB-CS-001640,RB-C-00781-1,RB-FA-001725,2025-05-09T13:26:59.000Z,2025-05-28T17:35:49.000Z,Voice,Fee Inquiry,Monthly Maintenance,Closed,High,false,,13.3,BR-001,E-0081,false
RB-CS-001641,RB-C-00781-1,RB-FA-001725,2025-04-26T09:43:02.000Z,2025-04-30T08:35:43.000Z,Email,Fraud,Account Takeover,Closed,Low,false,,16.3,BR-001,E-0095,true
RB-CS-001642,RB-C-00782-1,RB-FA-001728,2025-08-12T18:15:47.000Z,2025-08-28T10:08:24.000Z,Voice,Card Dispute,Merchant Refund,Closed,Low,false,,7.8,BR-030,E-0120,false
RB-CS-001643,RB-C-00782-1,RB-FA-001728,2024-09-08T14:11:02.000Z,2024-09-08T16:43:35.000Z,Voice,Fraud,Account Takeover,Closed,Low,true,5,14.1,BR-030,E-0140,false
RB-CS-001644,RB-C-00782-1,RB-FA-001728,2026-08-01T17:44:15.000Z,2026-08-16T10:10:46.000Z,Email,Fee Inquiry,ATM Fee,Closed,Low,false,,31.3,BR-030,E-0070,true
RB-CS-001645,RB-C-00782-1,RB-FA-001728,2026-05-21T08:06:35.000Z,2026-06-10T13:46:58.000Z,Voice,Product Question,Eligibility,Closed,Low,false,5,18.3,BR-030,E-0078,false
RB-CS-001646,RB-C-00786-1,RB-FA-001736,2026-08-09T07:58:09.000Z,2026-08-09T11:07:56.000Z,Chat,Product Question,Rates,Closed,Medium,true,,5.1,BR-022,E-0118,false
RB-CS-001647,RB-C-00786-1,RB-FA-001737,2025-11-12T07:01:58.000Z,2025-11-12T13:33:51.000Z,Chat,Card Dispute,Merchant Refund,Closed,Low,true,,8.1,BR-022,E-0135,false
RB-CS-001648,RB-C-00787-1,RB-FA-001738,2025-09-03T07:48:00.000Z,2025-09-03T13:41:48.000Z,Chat,Fee Inquiry,Monthly Maintenance,Closed,Low,true,,10.0,BR-019,E-0115,false
RB-CS-001649,RB-C-00787-1,RB-FA-001739,2026-08-01T16:38:07.000Z,2026-08-22T07:07:40.000Z,Chat,Fraud,Account Takeover,Closed,Medium,false,5,6.7,BR-019,E-0114,true
RB-CS-001650,RB-C-00787-1,RB-FA-001739,2025-02-23T11:57:53.000Z,2025-03-07T15:20:08.000Z,Voice,Account Access,MFA,Closed,High,false,3,9.9,BR-019,E-0129,true
RB-CS-001651,RB-C-00787-1,RB-FA-001739,2025-04-29T16:49:18.000Z,2025-04-29T12:35:25.000Z,Voice,Fee Inquiry,Overdraft Fee,Closed,Medium,true,,7.6,BR-019,E-0135,true
RB-CS-001652,RB-C-00787-1,RB-FA-001739,2026-06-16T16:28:05.000Z,2026-06-16T13:25:42.000Z,Branch,Card Dispute,Merchant Refund,Closed,High,true,,7.3,BR-019,E-0087,true
RB-CS-001653,RB-C-00788-1,RB-FA-001740,2025-04-14T12:33:55.000Z,,Voice,Payments,Failed Transfer,In Progress,Medium,true,,7.3,BR-019,E-0088,false
RB-CS-001654,RB-C-00788-1,RB-FA-001740,2025-06-18T11:04:12.000Z,2025-07-08T16:12:19.000Z,Voice,Payments,Wire Status,Closed,High,false,3,3.6,BR-019,E-0088,false
RB-CS-001655,RB-C-00788-1,RB-FA-001740,2025-05-11T09:56:40.000Z,2025-05-11T15:39:20.000Z,Branch,Fee Inquiry,ATM Fee,Closed,Low,true,,13.3,BR-019,E-0090,false
RB-CS-001656,RB-C-00788-1,RB-FA-001741,2026-08-17T10:51:21.000Z,2026-08-17T10:53:23.000Z,Voice,Account Access,Password Reset,Closed,Low,true,4,12.6,BR-019,E-0063,true
RB-CS-001657,RB-C-00788-1,RB-FA-001741,2025-05-26T16:40:46.000Z,2025-06-03T08:01:51.000Z,Mobile App,Payments,Wire Status,Closed,Low,false,2,4.6,BR-019,E-0092,true
RB-CS-001658,RB-C-00788-1,RB-FA-001742,2026-01-28T11:08:17.000Z,2026-01-30T11:24:16.000Z,Chat,Card Dispute,Merchant Refund,Closed,Medium,false,,10.2,BR-019,E-0065,true
RB-CS-001659,RB-C-00788-1,RB-FA-001743,2026-08-26T07:30:04.000Z,2026-08-26T08:24:14.000Z,Email,Payments,Bill Pay,Closed,Medium,true,5,15.2,BR-019,E-0089,false
RB-CS-001660,RB-C-00789-1,RB-FA-001744,2026-05-09T11:36:32.000Z,,Chat,Card Dispute,Merchant Refund,In Progress,Low,false,,12.0,BR-013,E-0102,false
RB-CS-001661,RB-C-00789-1,RB-FA-001746,2025-05-23T11:31:23.000Z,,Branch,Product Question,Eligibility,Open,Low,false,1,14.1,BR-013,E-0133,true
RB-CS-001662,RB-C-00790-1,RB-FA-001750,2026-05-08T12:52:34.000Z,2026-05-08T18:36:31.000Z,Email,Product Question,Rates,Closed,High,true,,15.6,BR-024,E-0068,false
RB-CS-001663,RB-C-00791-1,RB-FA-001752,2026-05-07T15:41:18.000Z,2026-05-07T16:05:09.000Z,Voice,Account Access,MFA,Closed,Medium,true,,4.4,BR-009,E-0082,false
RB-CS-001664,RB-C-00791-1,RB-FA-001752,2025-10-02T08:54:10.000Z,2025-10-02T07:27:27.000Z,Voice,Account Access,Password Reset,Closed,Low,true,5,3.6,BR-009,E-0104,false
RB-CS-001665,RB-C-00791-1,RB-FA-001752,2024-09-23T19:12:34.000Z,2024-09-23T15:27:31.000Z,Chat,Account Access,Password Reset,Closed,Low,true,4,10.7,BR-009,E-0128,true
RB-CS-001666,RB-C-00791-1,RB-FA-001752,2025-01-18T15:28:42.000Z,,Branch,Fraud,Card Compromised,Escalated,Low,true,3,10.0,BR-009,E-0121,false
RB-CS-001667,RB-C-00791-1,RB-FA-001754,2025-08-20T11:36:42.000Z,2025-09-09T19:54:53.000Z,Voice,Product Question,Eligibility,Closed,Low,false,,17.3,BR-009,E-0111,true
RB-CS-001668,RB-C-00791-1,RB-FA-001754,2025-01-27T12:00:10.000Z,2025-01-27T19:07:11.000Z,Chat,Fee Inquiry,Overdraft Fee,Closed,Medium,true,,4.2,BR-009,E-0112,true
RB-CS-001669,RB-C-00791-1,RB-FA-001754,2025-09-06T16:39:01.000Z,2025-09-27T08:50:48.000Z,Mobile App,Fee Inquiry,Overdraft Fee,Closed,Low,false,3,12.3,BR-009,E-0133,true
RB-CS-001670,RB-C-00794-1,RB-FA-001758,2026-06-16T16:14:38.000Z,2026-06-20T11:59:06.000Z,Chat,Fee Inquiry,Overdraft Fee,Closed,High,false,3,6.1,BR-012,E-0123,false
RB-CS-001671,RB-C-00794-1,RB-FA-001758,2025-07-10T09:21:38.000Z,2025-07-18T17:13:35.000Z,Voice,Card Dispute,Duplicate Charge,Closed,Low,false,,23.2,BR-012,E-0092,false
RB-CS-001672,RB-C-00794-1,RB-FA-001758,2024-11-09T08:07:28.000Z,2024-11-09T13:31:25.000Z,Voice,Account Access,Locked Account,Closed,Medium,true,,27.3,BR-012,E-0108,true
RB-CS-001673,RB-C-00796-1,RB-FA-001763,2025-09-24T10:41:16.000Z,2025-09-24T09:59:57.000Z,Voice,Payments,Failed Transfer,Closed,Medium,true,,12.0,BR-030,E-0071,false
RB-CS-001674,RB-C-00796-1,RB-FA-001763,2026-08-03T08:56:12.000Z,2026-08-03T09:10:30.000Z,Voice,Payments,Bill Pay,Closed,Medium,true,,10.6,BR-030,E-0081,true
RB-CS-001675,RB-C-00796-1,RB-FA-001765,2024-09-29T13:08:44.000Z,2024-09-29T17:31:41.000Z,Email,Card Dispute,Duplicate Charge,Closed,Low,true,,20.6,BR-030,E-0122,true
RB-CS-001676,RB-C-00796-1,RB-FA-001765,2026-02-26T11:25:29.000Z,2026-02-26T16:05:46.000Z,Mobile App,Account Access,MFA,Closed,Low,true,4,12.1,BR-030,E-0064,true
RB-CS-001677,RB-C-00797-1,RB-FA-001766,2025-05-24T13:49:31.000Z,2025-05-24T08:41:40.000Z,Voice,Fee Inquiry,Monthly Maintenance,Closed,Medium,true,5,13.1,BR-018,E-0134,false
RB-CS-001678,RB-C-00798-1,RB-FA-001767,2026-08-15T14:58:05.000Z,2026-08-15T19:54:05.000Z,Email,Fee Inquiry,Monthly Maintenance,Closed,Low,true,4,15.3,BR-016,E-0097,false
RB-CS-001679,RB-C-00798-1,RB-FA-001769,2026-04-14T14:54:00.000Z,2026-04-14T19:55:51.000Z,Chat,Fraud,Card Compromised,Closed,Medium,true,,10.4,BR-016,E-0076,false
RB-CS-001680,RB-C-00798-1,RB-FA-001770,2025-09-23T15:01:19.000Z,2025-09-23T16:26:38.000Z,Voice,Card Dispute,Unrecognized Charge,Closed,Medium,true,3,6.3,BR-016,E-0108,false
RB-CS-001681,RB-C-00799-1,RB-FA-001772,2025-09-21T15:13:07.000Z,2025-09-21T07:06:36.000Z,Voice,Card Dispute,Duplicate Charge,Closed,Medium,true,2,10.7,BR-008,E-0068,false
RB-CS-001682,RB-C-00800-1,RB-FA-001773,2025-11-28T08:46:31.000Z,2025-12-02T15:16:39.000Z,Voice,Product Question,Rates,Closed,Low,false,5,18.7,BR-007,E-0102,false
RB-CS-001683,RB-C-00800-1,RB-FA-001774,2025-02-12T12:41:30.000Z,2025-02-12T16:29:29.000Z,Voice,Card Dispute,Unrecognized Charge,Closed,Medium,true,,12.8,BR-007,E-0118,true
RB-CS-001684,RB-C-00801-1,RB-FA-001775,2025-09-07T13:16:29.000Z,2025-09-07T19:34:25.000Z,Chat,Card Dispute,Merchant Refund,Closed,Medium,true,,6.2,BR-014,E-0117,false
RB-CS-001685,RB-C-00801-1,RB-FA-001775,2024-10-19T16:04:37.000Z,2024-10-21T09:57:35.000Z,Chat,Card Dispute,Duplicate Charge,Closed,Low,false,5,11.4,BR-014,E-0068,true
RB-CS-001686,RB-C-00801-1,RB-FA-001775,2025-11-02T09:44:55.000Z,2025-11-02T14:03:46.000Z,Email,Fraud,Card Compromised,Closed,Medium,true,5,63.3,BR-014,E-0126,false
RB-CS-001687,RB-C-00801-1,RB-FA-001775,2025-06-13T09:25:59.000Z,2025-06-13T16:22:44.000Z,Chat,Product Question,Eligibility,Closed,Low,true,,10.9,BR-014,E-0138,false
RB-CS-001688,RB-C-00802-1,RB-FA-001779,2026-04-18T18:10:18.000Z,2026-04-18T11:34:40.000Z,Voice,Fraud,Account Takeover,Closed,Low,true,,18.8,BR-016,E-0095,false
RB-CS-001689,RB-C-00802-1,RB-FA-001779,2025-06-04T15:03:38.000Z,2025-06-04T07:00:07.000Z,Mobile App,Account Access,MFA,Closed,Low,true,4,8.3,BR-016,E-0070,false
RB-CS-001690,RB-C-00805-1,RB-FA-001783,2026-04-19T08:08:00.000Z,2026-04-19T19:55:27.000Z,Email,Card Dispute,Unrecognized Charge,Closed,Medium,true,5,34.2,BR-016,E-0114,false
RB-CS-001691,RB-C-00805-1,RB-FA-001783,2025-05-23T17:50:31.000Z,,Chat,Card Dispute,Unrecognized Charge,In Progress,Low,true,5,9.8,BR-016,E-0101,false
RB-CS-001692,RB-C-00805-1,RB-FA-001783,2026-08-29T17:44:11.000Z,2026-08-29T17:03:38.000Z,Mobile App,Account Access,Password Reset,Closed,High,true,,9.3,BR-016,E-0077,false
RB-CS-001693,RB-C-00805-1,RB-FA-001783,2024-11-29T09:47:26.000Z,2024-11-29T08:46:01.000Z,Branch,Account Access,Password Reset,Closed,High,true,4,18.9,BR-016,E-0073,false
RB-CS-001694,RB-C-00806-1,RB-FA-001785,2025-06-21T19:42:37.000Z,2025-06-21T17:11:32.000Z,Chat,Payments,Bill Pay,Closed,Low,true,5,22.6,BR-019,E-0090,false
RB-CS-001695,RB-C-00806-1,RB-FA-001786,2025-11-26T17:41:21.000Z,2025-12-03T14:21:38.000Z,Voice,Card Dispute,Unrecognized Charge,Closed,Medium,false,,19.6,BR-019,E-0098,true
RB-CS-001696,RB-C-00806-1,RB-FA-001787,2025-07-20T07:53:14.000Z,2025-07-31T08:05:48.000Z,Chat,Fee Inquiry,Monthly Maintenance,Closed,Low,false,,39.2,BR-019,E-0109,false
RB-CS-001697,RB-C-00807-1,RB-FA-001789,2025-09-27T15:21:24.000Z,2025-09-27T11:29:51.000Z,Mobile App,Payments,Wire Status,Closed,Low,true,1,14.0,BR-008,E-0069,true
RB-CS-001698,RB-C-00807-1,RB-FA-001789,2025-01-25T09:50:50.000Z,2025-01-25T09:20:35.000Z,Chat,Product Question,Rates,Closed,Low,true,4,18.3,BR-008,E-0091,false
RB-CS-001699,RB-C-00809-1,RB-FA-001791,2026-03-08T17:44:13.000Z,2026-03-08T09:09:58.000Z,Chat,Product Question,Rates,Closed,Medium,true,4,11.1,BR-003,E-0123,false
RB-CS-001700,RB-C-00809-1,RB-FA-001791,2026-04-05T12:04:37.000Z,2026-04-05T19:44:29.000Z,Voice,Payments,Failed Transfer,Closed,High,true,5,16.3,BR-003,E-0074,false
RB-CS-001701,RB-C-00809-1,RB-FA-001791,2026-07-16T07:33:05.000Z,2026-07-16T19:48:08.000Z,Chat,Account Access,Locked Account,Closed,Medium,true,3,5.8,BR-003,E-0089,false
RB-CS-001702,RB-C-00809-1,RB-FA-001791,2025-12-11T10:39:14.000Z,2025-12-11T09:24:27.000Z,Voice,Product Question,Rates,Closed,Medium,true,,9.1,BR-003,E-0064,false
RB-CS-001703,RB-C-00809-1,RB-FA-001792,2024-10-29T07:35:43.000Z,2024-10-29T14:38:22.000Z,Voice,Fee Inquiry,Overdraft Fee,Closed,High,true,5,15.2,BR-003,E-0104,false
RB-CS-001704,RB-C-00809-1,RB-FA-001793,2025-01-27T16:36:17.000Z,2025-01-30T12:59:07.000Z,Mobile App,Card Dispute,Merchant Refund,Closed,Low,false,4,4.5,BR-003,E-0068,false
RB-CS-001705,RB-C-00809-1,RB-FA-001794,2024-12-25T18:50:57.000Z,2024-12-25T16:17:43.000Z,Email,Account Access,Locked Account,Closed,High,true,,9.6,BR-003,E-0133,false
RB-CS-001706,RB-C-00809-1,RB-FA-001794,2026-07-11T12:07:48.000Z,2026-07-23T12:03:47.000Z,Voice,Card Dispute,Merchant Refund,Closed,Medium,false,,9.1,BR-003,E-0112,false
RB-CS-001707,RB-C-00810-1,RB-FA-001795,2024-12-24T07:39:20.000Z,2025-01-08T19:33:02.000Z,Branch,Card Dispute,Merchant Refund,Closed,Low,false,2,9.7,BR-008,E-0081,true
RB-CS-001708,RB-C-00811-1,RB-FA-001796,2026-08-31T17:36:10.000Z,2026-08-31T18:53:53.000Z,Voice,Payments,Failed Transfer,Closed,High,true,4,2.5,BR-024,E-0118,false
RB-CS-001709,RB-C-00811-1,RB-FA-001796,2026-04-06T12:54:13.000Z,2026-04-06T18:37:27.000Z,Email,Fee Inquiry,Monthly Maintenance,Closed,Low,true,,21.7,BR-024,E-0118,true
RB-CS-001710,RB-C-00811-1,RB-FA-001797,2026-06-18T12:56:45.000Z,2026-06-18T11:47:01.000Z,Chat,Product Question,Eligibility,Closed,Medium,true,,5.0,BR-024,E-0094,false
RB-CS-001711,RB-C-00811-1,RB-FA-001797,2025-10-29T12:09:03.000Z,2025-10-29T12:49:26.000Z,Chat,Card Dispute,Merchant Refund,Closed,Medium,true,,23.3,BR-024,E-0097,true
RB-CS-001712,RB-C-00811-1,RB-FA-001797,2026-08-12T12:21:31.000Z,,Voice,Card Dispute,Duplicate Charge,In Progress,Low,false,,7.3,BR-024,E-0097,false
RB-CS-001713,RB-C-00811-1,RB-FA-001797,2026-02-22T18:53:18.000Z,2026-02-22T15:13:43.000Z,Chat,Payments,Bill Pay,Closed,Low,true,5,13.2,BR-024,E-0101,true
RB-CS-001714,RB-C-00812-1,RB-FA-001799,2025-11-02T16:55:58.000Z,2025-11-02T07:12:42.000Z,Voice,Product Question,Rates,Closed,High,true,5,16.4,BR-002,E-0064,false
RB-CS-001715,RB-C-00812-1,RB-FA-001799,2026-07-04T11:38:48.000Z,,Mobile App,Product Question,Rates,In Progress,High,true,,14.4,BR-002,E-0098,true
RB-CS-001716,RB-C-00812-1,RB-FA-001799,2025-08-24T09:52:59.000Z,2025-08-24T07:02:57.000Z,Mobile App,Product Question,Eligibility,Closed,Medium,true,4,3.6,BR-002,E-0139,false
RB-CS-001717,RB-C-00813-1,RB-FA-001800,2025-06-09T11:19:03.000Z,2025-06-23T07:25:12.000Z,Voice,Product Question,Eligibility,Closed,High,false,3,17.7,BR-024,E-0078,false
RB-CS-001718,RB-C-00813-1,RB-FA-001801,2026-08-06T16:18:42.000Z,,Mobile App,Fee Inquiry,Overdraft Fee,In Progress,High,true,5,2.1,BR-024,E-0085,false
RB-CS-001719,RB-C-00814-1,RB-FA-001803,2026-04-05T12:21:23.000Z,2026-04-05T08:56:17.000Z,Mobile App,Payments,Bill Pay,Closed,Low,true,,12.3,BR-014,E-0079,false
RB-CS-001720,RB-C-00814-1,RB-FA-001804,2025-11-23T11:26:35.000Z,,Branch,Account Access,Password Reset,Escalated,Low,true,2,3.8,BR-014,E-0062,false
RB-CS-001721,RB-C-00814-1,RB-FA-001804,2026-04-27T16:39:47.000Z,2026-05-03T19:30:40.000Z,Chat,Fraud,Account Takeover,Closed,Low,false,,8.6,BR-014,E-0072,false
RB-CS-001722,RB-C-00814-1,RB-FA-001804,2025-02-16T12:09:02.000Z,2025-02-16T17:32:45.000Z,Branch,Fee Inquiry,ATM Fee,Closed,Medium,true,5,6.5,BR-014,E-0069,false
RB-CS-001723,RB-C-00815-1,RB-FA-001805,2026-02-23T14:45:17.000Z,2026-02-23T16:04:18.000Z,Voice,Payments,Bill Pay,Closed,Low,true,,10.0,BR-018,E-0080,false
RB-CS-001724,RB-C-00817-1,RB-FA-001809,2024-11-24T11:51:14.000Z,2024-11-24T16:24:42.000Z,Mobile App,Fee Inquiry,Monthly Maintenance,Closed,Low,true,3,13.6,BR-015,E-0098,true
RB-CS-001725,RB-C-00818-1,RB-FA-001813,2025-04-04T08:00:52.000Z,2025-04-04T09:15:09.000Z,Chat,Payments,Bill Pay,Closed,Low,true,,6.1,BR-010,E-0091,false
RB-CS-001726,RB-C-00818-1,RB-FA-001814,2026-04-22T14:26:14.000Z,2026-04-27T08:29:26.000Z,Voice,Payments,Failed Transfer,Closed,Low,false,4,7.5,BR-010,E-0080,false
RB-CS-001727,RB-C-00820-1,RB-FA-001817,2025-06-16T11:56:26.000Z,2025-06-16T17:24:51.000Z,Voice,Card Dispute,Merchant Refund,Closed,Medium,true,,9.6,BR-008,E-0094,false
RB-CS-001728,RB-C-00820-1,RB-FA-001817,2026-05-20T12:59:47.000Z,2026-05-20T12:42:40.000Z,Voice,Payments,Bill Pay,Closed,Low,true,,11.1,BR-008,E-0118,false
RB-CS-001729,RB-C-00820-1,RB-FA-001817,2025-04-08T14:20:23.000Z,2025-04-13T08:58:24.000Z,Chat,Card Dispute,Merchant Refund,Closed,Medium,false,5,22.1,BR-008,E-0082,false
RB-CS-001730,RB-C-00821-1,RB-FA-001818,2025-05-31T07:23:06.000Z,2025-06-02T18:07:34.000Z,Mobile App,Card Dispute,Duplicate Charge,Closed,Low,false,3,25.8,BR-012,E-0078,false
RB-CS-001731,RB-C-00821-1,RB-FA-001819,2026-03-06T09:18:43.000Z,2026-03-14T15:25:29.000Z,Email,Fee Inquiry,ATM Fee,Closed,High,false,,36.3,BR-012,E-0134,false
RB-CS-001732,RB-C-00821-1,RB-FA-001819,2025-03-09T19:04:38.000Z,2025-03-21T13:44:32.000Z,Branch,Card Dispute,Duplicate Charge,Closed,Medium,false,,4.0,BR-012,E-0120,false
RB-CS-001733,RB-C-00821-1,RB-FA-001819,2025-12-28T19:05:29.000Z,2025-12-28T12:16:52.000Z,Email,Payments,Bill Pay,Closed,Low,true,4,31.5,BR-012,E-0075,true
RB-CS-001734,RB-C-00822-1,RB-FA-001820,2026-01-27T09:04:53.000Z,2026-01-27T13:12:29.000Z,Mobile App,Fraud,Card Compromised,Closed,Medium,true,3,14.0,BR-024,E-0071,false
RB-CS-001735,RB-C-00822-1,RB-FA-001820,2026-05-16T16:40:58.000Z,2026-05-16T19:12:44.000Z,Email,Product Question,Rates,Closed,Medium,true,,16.3,BR-024,E-0111,false
RB-CS-001736,RB-C-00822-1,RB-FA-001820,2026-02-16T07:33:29.000Z,2026-02-16T18:39:46.000Z,Voice,Account Access,Locked Account,Closed,Low,true,4,7.5,BR-024,E-0140,false
RB-CS-001737,RB-C-00822-1,RB-FA-001820,2026-07-28T19:51:32.000Z,2026-07-28T18:38:21.000Z,Chat,Account Access,Locked Account,Closed,Medium,true,,5.1,BR-024,E-0113,false
RB-CS-001738,RB-C-00822-1,RB-FA-001821,2024-12-12T07:02:46.000Z,2024-12-12T16:48:24.000Z,Voice,Card Dispute,Duplicate Charge,Closed,Medium,true,1,29.2,BR-024,E-0064,false
RB-CS-001739,RB-C-00823-1,RB-FA-001825,2026-05-06T17:17:34.000Z,2026-05-06T14:14:37.000Z,Chat,Fee Inquiry,ATM Fee,Closed,Medium,true,5,11.4,BR-017,E-0099,false
RB-CS-001740,RB-C-00825-1,RB-FA-001829,2024-09-22T11:42:05.000Z,2024-09-22T11:40:18.000Z,Chat,Account Access,MFA,Closed,Low,true,5,19.2,BR-004,E-0114,true
RB-CS-001741,RB-C-00827-1,RB-FA-001832,2024-11-18T09:11:00.000Z,2024-11-30T14:35:30.000Z,Voice,Card Dispute,Unrecognized Charge,Closed,Low,false,2,18.3,BR-010,E-0122,true
RB-CS-001742,RB-C-00827-1,RB-FA-001832,2026-01-15T17:16:46.000Z,2026-02-01T14:45:04.000Z,Chat,Fraud,Card Compromised,Closed,Medium,false,,9.7,BR-010,E-0098,true
RB-CS-001743,RB-C-00829-1,RB-FA-001835,2024-10-27T18:36:41.000Z,2024-10-27T09:56:13.000Z,Chat,Payments,Failed Transfer,Closed,High,true,,11.9,BR-001,E-0077,true
RB-CS-001744,RB-C-00829-1,RB-FA-001835,2026-04-22T17:31:04.000Z,2026-04-30T11:33:35.000Z,Chat,Card Dispute,Unrecognized Charge,Closed,Medium,false,1,10.3,BR-001,E-0120,true
RB-CS-001745,RB-C-00830-1,RB-FA-001837,2025-10-31T11:58:08.000Z,2025-10-31T18:33:24.000Z,Chat,Account Access,Password Reset,Closed,High,true,,22.7,BR-002,E-0091,true
RB-CS-001746,RB-C-00831-1,RB-FA-001839,2025-12-05T17:18:51.000Z,2025-12-05T09:13:53.000Z,Chat,Fee Inquiry,Overdraft Fee,Closed,Medium,true,3,9.0,BR-026,E-0084,false
RB-CS-001747,RB-C-00833-1,RB-FA-001841,2025-11-06T10:20:23.000Z,2025-11-06T12:22:36.000Z,Voice,Account Access,Password Reset,Closed,Low,true,,20.0,BR-001,E-0134,true
RB-CS-001748,RB-C-00834-1,RB-FA-001844,2025-12-01T12:29:39.000Z,2025-12-20T17:10:22.000Z,Branch,Fee Inquiry,Monthly Maintenance,Closed,Low,false,5,8.2,BR-011,E-0075,false
RB-CS-001749,RB-C-00834-1,RB-FA-001846,2025-10-10T07:09:32.000Z,2025-10-10T12:46:49.000Z,Chat,Product Question,Eligibility,Closed,High,true,5,14.1,BR-011,E-0084,true
RB-CS-001750,RB-C-00835-1,RB-FA-001847,2024-12-13T13:35:40.000Z,2024-12-20T11:32:10.000Z,Chat,Account Access,MFA,Closed,Low,false,4,13.7,BR-006,E-0138,false
RB-CS-001751,RB-C-00835-1,RB-FA-001848,2026-01-06T07:15:24.000Z,2026-01-06T19:02:18.000Z,Email,Account Access,Password Reset,Closed,High,true,,16.7,BR-006,E-0067,false
RB-CS-001752,RB-C-00835-1,RB-FA-001848,2025-12-12T12:17:34.000Z,2025-12-12T11:00:40.000Z,Voice,Fraud,Account Takeover,Closed,Low,true,3,11.2,BR-006,E-0113,false
RB-CS-001753,RB-C-00836-1,RB-FA-001851,2024-12-12T18:36:30.000Z,2024-12-12T17:40:59.000Z,Mobile App,Account Access,MFA,Closed,Low,true,5,14.5,BR-030,E-0091,true
RB-CS-001754,RB-C-00837-1,RB-FA-001854,2025-12-30T07:09:26.000Z,2025-12-30T08:23:56.000Z,Mobile App,Account Access,Password Reset,Closed,Medium,true,,4.3,BR-009,E-0125,false
RB-CS-001755,RB-C-00839-1,RB-FA-001858,2025-02-25T11:28:44.000Z,2025-02-25T19:41:44.000Z,Email,Product Question,Eligibility,Closed,Medium,true,5,22.6,BR-018,E-0095,false
RB-CS-001756,RB-C-00839-1,RB-FA-001860,2024-10-26T09:38:11.000Z,,Mobile App,Account Access,Locked Account,In Progress,Medium,false,5,8.3,BR-018,E-0076,false
RB-CS-001757,RB-C-00840-1,RB-FA-001861,2026-04-01T08:46:40.000Z,2026-04-01T14:11:14.000Z,Mobile App,Payments,Wire Status,Closed,Medium,true,,9.0,BR-025,E-0106,false
RB-CS-001758,RB-C-00840-1,RB-FA-001861,2025-04-20T08:47:22.000Z,,Chat,Card Dispute,Duplicate Charge,In Progress,High,false,1,16.0,BR-025,E-0129,true
RB-CS-001759,RB-C-00840-1,RB-FA-001861,2026-03-28T09:28:38.000Z,2026-03-28T15:00:17.000Z,Voice,Card Dispute,Unrecognized Charge,Closed,Medium,true,5,27.2,BR-025,E-0137,true
RB-CS-001760,RB-C-00840-1,RB-FA-001862,2026-01-03T12:30:36.000Z,2026-01-03T07:54:17.000Z,Voice,Card Dispute,Unrecognized Charge,Closed,Low,true,2,11.6,BR-025,E-0130,true
RB-CS-001761,RB-C-00840-1,RB-FA-001863,2026-06-23T08:44:32.000Z,,Chat,Card Dispute,Unrecognized Charge,In Progress,High,true,4,20.4,BR-025,E-0136,false
RB-CS-001762,RB-C-00841-1,RB-FA-001865,2025-04-01T12:53:22.000Z,2025-04-01T14:19:11.000Z,Voice,Fraud,Account Takeover,Closed,Low,true,4,29.1,BR-021,E-0120,false
RB-CS-001763,RB-C-00842-1,RB-FA-001869,2026-03-09T12:01:30.000Z,2026-03-09T12:21:47.000Z,Branch,Account Access,MFA,Closed,Low,true,5,11.3,BR-002,E-0093,true
RB-CS-001764,RB-C-00842-1,RB-FA-001869,2025-06-13T13:01:43.000Z,2025-06-15T16:30:51.000Z,Branch,Card Dispute,Merchant Refund,Closed,Low,false,2,11.0,BR-002,E-0066,false
RB-CS-001765,RB-C-00842-1,RB-FA-001869,2024-12-26T18:50:12.000Z,2024-12-26T17:54:58.000Z,Chat,Account Access,MFA,Closed,Low,true,,20.1,BR-002,E-0137,false
RB-CS-001766,RB-C-00842-1,RB-FA-001869,2024-10-21T13:19:06.000Z,2024-10-21T13:29:18.000Z,Chat,Payments,Wire Status,Closed,Low,true,4,15.6,BR-002,E-0070,false
RB-CS-001767,RB-C-00843-1,RB-FA-001870,2026-04-15T07:26:33.000Z,2026-04-27T11:58:18.000Z,Mobile App,Product Question,Eligibility,Closed,Medium,false,3,8.7,BR-018,E-0092,true
RB-CS-001768,RB-C-00843-1,RB-FA-001870,2025-07-26T17:20:48.000Z,,Voice,Account Access,Password Reset,In Progress,Low,true,,7.2,BR-018,E-0069,false
RB-CS-001769,RB-C-00844-1,RB-FA-001871,2024-09-12T16:21:42.000Z,2024-09-12T16:47:59.000Z,Voice,Product Question,Rates,Closed,Low,true,3,15.8,BR-010,E-0086,true
RB-CS-001770,RB-C-00844-1,RB-FA-001872,2024-11-08T10:40:05.000Z,2024-11-08T15:53:21.000Z,Voice,Fee Inquiry,Overdraft Fee,Closed,Low,true,,11.7,BR-010,E-0096,false
RB-CS-001771,RB-C-00845-1,RB-FA-001873,2025-04-27T07:19:21.000Z,2025-05-10T08:25:45.000Z,Voice,Account Access,Password Reset,Closed,Medium,false,1,13.6,BR-019,E-0090,false
RB-CS-001772,RB-C-00845-1,RB-FA-001873,2026-07-02T16:58:04.000Z,2026-07-02T14:20:31.000Z,Email,Fee Inquiry,Overdraft Fee,Closed,Medium,true,,41.6,BR-019,E-0136,false
RB-CS-001773,RB-C-00846-1,RB-FA-001875,2026-01-05T12:03:52.000Z,2026-01-05T19:44:47.000Z,Chat,Account Access,Password Reset,Closed,Low,true,5,11.4,BR-020,E-0088,true
RB-CS-001774,RB-C-00846-1,RB-FA-001875,2024-10-09T18:35:48.000Z,2024-10-09T17:06:32.000Z,Chat,Fee Inquiry,Monthly Maintenance,Closed,Low,true,,13.6,BR-020,E-0084,false
RB-CS-001775,RB-C-00846-1,RB-FA-001875,2025-05-17T18:21:59.000Z,2025-06-06T07:33:40.000Z,Email,Account Access,Password Reset,Closed,Low,false,,28.3,BR-020,E-0137,false
RB-CS-001776,RB-C-00846-1,RB-FA-001875,2026-08-09T08:19:49.000Z,,Chat,Product Question,Eligibility,In Progress,High,true,3,11.7,BR-020,E-0130,false
RB-CS-001777,RB-C-00846-1,RB-FA-001877,2024-10-16T16:20:29.000Z,2024-10-17T17:24:23.000Z,Mobile App,Account Access,MFA,Closed,Low,false,2,14.6,BR-020,E-0085,true
RB-CS-001778,RB-C-00847-1,RB-FA-001878,2026-05-26T17:11:44.000Z,2026-05-29T11:52:46.000Z,Email,Product Question,Rates,Closed,High,false,5,20.1,BR-014,E-0097,true
RB-CS-001779,RB-C-00847-1,RB-FA-001879,2025-08-06T07:17:38.000Z,2025-08-06T10:04:28.000Z,Chat,Account Access,MFA,Closed,Low,true,,5.6,BR-014,E-0068,false
RB-CS-001780,RB-C-00848-1,RB-FA-001881,2025-08-26T09:13:22.000Z,2025-08-26T14:27:47.000Z,Chat,Card Dispute,Merchant Refund,Closed,Low,true,,21.6,BR-030,E-0078,false
RB-CS-001781,RB-C-00848-1,RB-FA-001881,2025-12-12T17:17:05.000Z,2025-12-12T16:45:27.000Z,Email,Payments,Wire Status,Closed,Low,true,,10.9,BR-030,E-0124,false
RB-CS-001782,RB-C-00848-1,RB-FA-001881,2025-09-26T16:25:33.000Z,2025-09-26T11:59:44.000Z,Mobile App,Product Question,Eligibility,Closed,Medium,true,5,74.8,BR-030,E-0111,false
RB-CS-001783,RB-C-00848-1,RB-FA-001881,2026-03-06T07:08:58.000Z,2026-03-09T15:58:39.000Z,Voice,Account Access,Locked Account,Closed,Low,false,4,15.9,BR-030,E-0078,true
RB-CS-001784,RB-C-00850-1,RB-FA-001884,2025-03-08T08:05:47.000Z,2025-03-08T15:33:05.000Z,Mobile App,Payments,Bill Pay,Closed,Medium,true,5,6.8,BR-012,E-0129,false
RB-CS-001785,RB-C-00850-1,RB-FA-001884,2026-04-08T18:55:06.000Z,2026-04-22T10:17:24.000Z,Voice,Fee Inquiry,ATM Fee,Closed,Low,false,5,11.6,BR-012,E-0096,false
RB-CS-001786,RB-C-00850-1,RB-FA-001884,2025-01-20T10:29:33.000Z,2025-01-20T13:23:36.000Z,Email,Fee Inquiry,Overdraft Fee,Closed,Medium,true,5,28.6,BR-012,E-0140,false
RB-CS-001787,RB-C-00851-1,RB-FA-001886,2025-10-03T18:37:03.000Z,,Mobile App,Fee Inquiry,ATM Fee,In Progress,Low,true,4,13.7,BR-029,E-0114,false
RB-CS-001788,RB-C-00851-1,RB-FA-001888,2025-08-31T13:14:44.000Z,2025-09-16T18:21:36.000Z,Mobile App,Account Access,Password Reset,Closed,Low,false,,8.2,BR-029,E-0091,true
RB-CS-001789,RB-C-00851-1,RB-FA-001888,2025-05-29T13:43:24.000Z,2025-05-29T07:24:56.000Z,Chat,Card Dispute,Duplicate Charge,Closed,Low,true,,9.5,BR-029,E-0091,false
RB-CS-001790,RB-C-00851-1,RB-FA-001888,2025-04-17T18:26:59.000Z,2025-05-02T19:18:40.000Z,Chat,Account Access,MFA,Closed,Low,false,5,34.3,BR-029,E-0082,false
RB-CS-001791,RB-C-00851-1,RB-FA-001888,2025-12-07T11:13:08.000Z,2025-12-07T17:57:53.000Z,Voice,Account Access,MFA,Closed,Low,true,4,10.0,BR-029,E-0072,false
RB-CS-001792,RB-C-00852-1,RB-FA-001890,2024-12-22T10:18:08.000Z,2024-12-22T16:13:49.000Z,Chat,Fee Inquiry,Monthly Maintenance,Closed,Medium,true,5,13.7,BR-005,E-0107,false
RB-CS-001793,RB-C-00852-1,RB-FA-001891,2025-09-27T19:30:14.000Z,2025-09-27T16:32:32.000Z,Voice,Card Dispute,Unrecognized Charge,Closed,Medium,true,,10.6,BR-005,E-0083,true
RB-CS-001794,RB-C-00852-1,RB-FA-001891,2026-04-09T18:18:58.000Z,2026-04-11T08:35:03.000Z,Branch,Fee Inquiry,ATM Fee,Closed,High,false,3,8.6,BR-005,E-0086,false
RB-CS-001795,RB-C-00852-1,RB-FA-001891,2025-04-01T16:29:49.000Z,2025-04-01T12:21:52.000Z,Voice,Fee Inquiry,Monthly Maintenance,Closed,Low,true,5,13.2,BR-005,E-0093,false
RB-CS-001796,RB-C-00854-1,RB-FA-001894,2024-09-22T12:15:18.000Z,2024-09-22T12:47:02.000Z,Voice,Fee Inquiry,Overdraft Fee,Closed,Low,true,3,15.7,BR-004,E-0065,true
RB-CS-001797,RB-C-00855-1,RB-FA-001896,2025-11-09T16:30:38.000Z,2025-11-09T16:03:43.000Z,Chat,Account Access,MFA,Closed,Medium,true,5,14.3,BR-013,E-0068,false
RB-CS-001798,RB-C-00855-1,RB-FA-001896,2025-06-28T13:08:04.000Z,2025-06-28T19:18:45.000Z,Chat,Account Access,Locked Account,Closed,Medium,true,,37.7,BR-013,E-0075,false
RB-CS-001799,RB-C-00855-1,RB-FA-001896,2026-07-14T08:23:12.000Z,2026-07-24T07:23:32.000Z,Voice,Account Access,MFA,Closed,Medium,false,3,19.7,BR-013,E-0125,false
RB-CS-001800,RB-C-00855-1,RB-FA-001897,2024-12-08T19:43:21.000Z,2024-12-08T14:05:59.000Z,Email,Product Question,Rates,Closed,Medium,true,,29.2,BR-013,E-0084,false
RB-CS-001801,RB-C-00855-1,RB-FA-001897,2025-11-12T17:36:51.000Z,2025-11-12T19:16:35.000Z,Voice,Fee Inquiry,ATM Fee,Closed,Low,true,4,12.4,BR-013,E-0064,true
RB-CS-001802,RB-C-00855-1,RB-FA-001899,2024-11-06T08:47:16.000Z,2024-11-06T14:03:10.000Z,Email,Account Access,Locked Account,Closed,Medium,true,5,21.6,BR-013,E-0062,true
RB-CS-001803,RB-C-00855-1,RB-FA-001899,2025-08-14T18:32:38.000Z,2025-08-14T10:42:51.000Z,Voice,Fraud,Account Takeover,Closed,High,true,4,6.5,BR-013,E-0117,false
RB-CS-001804,RB-C-00855-1,RB-FA-001899,2024-10-28T18:40:23.000Z,2024-10-28T13:42:39.000Z,Chat,Card Dispute,Merchant Refund,Closed,Low,true,,31.2,BR-013,E-0078,false
RB-CS-001805,RB-C-00855-1,RB-FA-001899,2026-01-14T08:14:22.000Z,2026-01-14T15:19:26.000Z,Voice,Fraud,Card Compromised,Closed,Low,true,,10.6,BR-013,E-0134,false
RB-CS-001806,RB-C-00856-1,RB-FA-001901,2026-06-22T07:21:53.000Z,,Chat,Fraud,Account Takeover,In Progress,Medium,true,1,10.4,BR-017,E-0107,false
RB-CS-001807,RB-C-00857-1,RB-FA-001903,2026-03-17T09:18:40.000Z,2026-03-26T16:05:51.000Z,Voice,Card Dispute,Merchant Refund,Closed,Low,false,2,11.2,BR-023,E-0113,false
RB-CS-001808,RB-C-00858-1,RB-FA-001907,2025-12-05T19:06:37.000Z,2025-12-05T13:19:48.000Z,Chat,Product Question,Eligibility,Closed,Medium,true,,5.5,BR-018,E-0128,false
RB-CS-001809,RB-C-00859-1,RB-FA-001909,2025-06-18T17:12:39.000Z,2025-06-18T07:03:59.000Z,Voice,Card Dispute,Unrecognized Charge,Closed,Medium,true,,2.5,BR-001,E-0118,false
RB-CS-001810,RB-C-00859-1,RB-FA-001909,2025-06-04T11:19:49.000Z,2025-06-04T11:21:18.000Z,Branch,Fraud,Card Compromised,Closed,Medium,true,,7.9,BR-001,E-0100,false
RB-CS-001811,RB-C-00859-1,RB-FA-001909,2026-05-22T12:35:03.000Z,2026-05-22T13:33:22.000Z,Chat,Account Access,Password Reset,Closed,Medium,true,,10.5,BR-001,E-0116,false
RB-CS-001812,RB-C-00861-1,RB-FA-001913,2025-03-12T12:02:11.000Z,,Mobile App,Fee Inquiry,ATM Fee,In Progress,Medium,true,4,5.3,BR-009,E-0082,false
RB-CS-001813,RB-C-00861-1,RB-FA-001913,2025-11-06T18:25:09.000Z,2025-11-10T13:36:35.000Z,Mobile App,Card Dispute,Unrecognized Charge,Closed,Low,false,,11.8,BR-009,E-0094,false
RB-CS-001814,RB-C-00861-1,RB-FA-001913,2025-12-15T14:27:10.000Z,2025-12-15T14:40:30.000Z,Chat,Fee Inquiry,Overdraft Fee,Closed,High,true,5,11.4,BR-009,E-0091,true
RB-CS-001815,RB-C-00861-1,RB-FA-001914,2026-07-31T13:40:46.000Z,2026-08-16T09:43:52.000Z,Chat,Card Dispute,Merchant Refund,Closed,Low,false,3,3.0,BR-009,E-0129,true
RB-CS-001816,RB-C-00861-1,RB-FA-001914,2026-01-28T10:59:56.000Z,2026-01-28T18:31:25.000Z,Voice,Fee Inquiry,Overdraft Fee,Closed,Medium,true,,13.0,BR-009,E-0077,true
RB-CS-001817,RB-C-00861-1,RB-FA-001914,2025-01-22T12:06:09.000Z,,Voice,Fraud,Card Compromised,In Progress,Low,true,,10.7,BR-009,E-0124,false
RB-CS-001818,RB-C-00861-1,RB-FA-001914,2026-07-14T10:44:22.000Z,2026-07-14T07:08:08.000Z,Email,Product Question,Rates,Closed,High,true,4,16.2,BR-009,E-0080,true
RB-CS-001819,RB-C-00861-1,RB-FA-001915,2026-06-06T07:50:01.000Z,2026-06-26T13:57:00.000Z,Voice,Card Dispute,Merchant Refund,Closed,Medium,false,,9.2,BR-009,E-0139,false
RB-CS-001820,RB-C-00863-1,RB-FA-001918,2025-06-28T07:02:16.000Z,2025-06-28T16:22:54.000Z,Email,Account Access,Locked Account,Closed,Low,true,,64.0,BR-014,E-0114,true
RB-CS-001821,RB-C-00863-1,RB-FA-001918,2025-08-29T08:43:18.000Z,2025-08-29T15:46:56.000Z,Email,Fraud,Card Compromised,Closed,Medium,true,,25.5,BR-014,E-0127,true
RB-CS-001822,RB-C-00863-1,RB-FA-001918,2026-03-01T08:15:30.000Z,2026-03-20T10:22:52.000Z,Voice,Account Access,Locked Account,Closed,Low,false,,4.0,BR-014,E-0063,false
RB-CS-001823,RB-C-00863-1,RB-FA-001918,2025-08-03T12:22:55.000Z,2025-08-03T15:33:50.000Z,Voice,Product Question,Eligibility,Closed,Medium,true,5,14.0,BR-014,E-0081,true
RB-CS-001824,RB-C-00867-1,RB-FA-001925,2025-03-29T13:44:15.000Z,2025-03-29T16:30:26.000Z,Mobile App,Card Dispute,Merchant Refund,Closed,Medium,true,4,8.1,BR-005,E-0125,true
RB-CS-001825,RB-C-00867-1,RB-FA-001926,2025-09-14T08:27:42.000Z,2025-09-14T19:39:05.000Z,Mobile App,Payments,Wire Status,Closed,Low,true,3,15.2,BR-005,E-0132,true
RB-CS-001826,RB-C-00867-1,RB-FA-001926,2024-10-04T08:40:06.000Z,2024-10-04T11:28:27.000Z,Chat,Fee Inquiry,Overdraft Fee,Closed,Medium,true,,12.5,BR-005,E-0079,true
RB-CS-001827,RB-C-00868-1,RB-FA-001927,2026-04-29T08:53:49.000Z,2026-05-01T12:17:21.000Z,Voice,Card Dispute,Merchant Refund,Closed,Low,false,1,6.8,BR-004,E-0070,false
RB-CS-001828,RB-C-00868-1,RB-FA-001927,2025-04-06T09:22:35.000Z,2025-04-19T18:12:39.000Z,Email,Card Dispute,Duplicate Charge,Closed,Medium,false,5,19.0,BR-004,E-0129,false
RB-CS-001829,RB-C-00868-1,RB-FA-001927,2025-11-28T13:04:17.000Z,2025-12-16T13:41:23.000Z,Email,Card Dispute,Duplicate Charge,Closed,Low,false,5,20.9,BR-004,E-0114,false
RB-CS-001830,RB-C-00868-1,RB-FA-001929,2025-03-10T11:17:43.000Z,2025-03-10T11:30:42.000Z,Chat,Account Access,Password Reset,Closed,Low,true,1,11.4,BR-004,E-0088,false
RB-CS-001831,RB-C-00868-1,RB-FA-001929,2025-12-26T13:38:42.000Z,2025-12-26T16:46:52.000Z,Chat,Card Dispute,Duplicate Charge,Closed,Medium,true,4,7.6,BR-004,E-0129,true
RB-CS-001832,RB-C-00870-1,RB-FA-001932,2024-10-19T11:21:02.000Z,2024-10-19T09:00:26.000Z,Email,Account Access,Locked Account,Closed,Low,true,2,19.5,BR-003,E-0064,false
RB-CS-001833,RB-C-00870-1,RB-FA-001933,2025-03-03T19:53:27.000Z,,Chat,Product Question,Eligibility,Open,Low,false,4,6.0,BR-003,E-0101,false
RB-CS-001834,RB-C-00870-1,RB-FA-001933,2025-05-07T13:07:01.000Z,2025-05-20T10:19:14.000Z,Email,Payments,Wire Status,Closed,Medium,false,1,14.6,BR-003,E-0081,true
RB-CS-001835,RB-C-00870-1,RB-FA-001933,2025-04-05T13:44:42.000Z,2025-04-05T18:37:59.000Z,Email,Account Access,Password Reset,Closed,Medium,true,,23.5,BR-003,E-0104,false
RB-CS-001836,RB-C-00871-1,RB-FA-001934,2025-09-18T12:20:55.000Z,2025-09-18T11:17:32.000Z,Mobile App,Payments,Wire Status,Closed,Medium,true,,6.1,BR-011,E-0106,false
RB-CS-001837,RB-C-00871-1,RB-FA-001935,2024-09-06T08:30:16.000Z,2024-09-06T08:34:50.000Z,Voice,Fee Inquiry,Monthly Maintenance,Closed,Low,true,5,17.8,BR-011,E-0068,false
RB-CS-001838,RB-C-00871-1,RB-FA-001935,2025-11-21T08:37:13.000Z,,Voice,Fee Inquiry,ATM Fee,In Progress,High,true,,11.2,BR-011,E-0106,true
RB-CS-001839,RB-C-00872-1,RB-FA-001937,2025-09-06T07:02:26.000Z,2025-09-06T12:38:23.000Z,Voice,Card Dispute,Unrecognized Charge,Closed,Medium,true,4,4.8,BR-002,E-0081,false
RB-CS-001840,RB-C-00872-1,RB-FA-001938,2026-02-07T07:54:05.000Z,2026-02-21T16:26:09.000Z,Chat,Fee Inquiry,Overdraft Fee,Closed,Medium,false,2,20.6,BR-002,E-0064,false
RB-CS-001841,RB-C-00872-1,RB-FA-001938,2026-03-01T17:13:23.000Z,2026-03-01T09:56:05.000Z,Voice,Fee Inquiry,Monthly Maintenance,Closed,Low,true,5,8.2,BR-002,E-0106,true
RB-CS-001842,RB-C-00872-1,RB-FA-001938,2025-08-14T13:07:49.000Z,2025-08-19T07:00:02.000Z,Email,Account Access,Password Reset,Closed,Medium,false,,47.9,BR-002,E-0100,false
RB-CS-001843,RB-C-00875-1,RB-FA-001942,2026-01-22T15:40:24.000Z,2026-01-22T07:10:50.000Z,Chat,Payments,Failed Transfer,Closed,Low,true,,8.0,BR-025,E-0067,false
RB-CS-001844,RB-C-00876-1,RB-FA-001944,2025-09-25T19:14:49.000Z,,Chat,Account Access,Locked Account,Open,Low,true,,10.5,BR-024,E-0063,false
RB-CS-001845,RB-C-00877-1,RB-FA-001945,2026-03-26T09:01:13.000Z,,Voice,Payments,Failed Transfer,Open,Medium,false,5,11.1,BR-008,E-0124,false
RB-CS-001846,RB-C-00877-1,RB-FA-001946,2024-11-08T11:19:09.000Z,2024-11-08T07:15:09.000Z,Voice,Account Access,MFA,Closed,Low,true,5,15.2,BR-008,E-0089,true
RB-CS-001847,RB-C-00879-1,RB-FA-001950,2025-06-08T17:44:30.000Z,2025-06-08T14:43:03.000Z,Chat,Fee Inquiry,Overdraft Fee,Closed,Low,true,5,12.9,BR-012,E-0074,true
RB-CS-001848,RB-C-00879-1,RB-FA-001952,2026-05-29T16:42:45.000Z,2026-05-29T11:24:08.000Z,Voice,Payments,Bill Pay,Closed,Low,true,3,18.3,BR-012,E-0067,false
RB-CS-001849,RB-C-00880-1,RB-FA-001954,2025-04-19T19:51:06.000Z,2025-04-19T15:22:11.000Z,Email,Fee Inquiry,ATM Fee,Closed,Low,true,4,60.7,BR-026,E-0110,false
RB-CS-001850,RB-C-00881-1,RB-FA-001957,2025-05-26T13:09:54.000Z,2025-05-26T09:51:23.000Z,Voice,Account Access,MFA,Closed,Low,true,,16.4,BR-006,E-0066,false
RB-CS-001851,RB-C-00882-1,RB-FA-001958,2026-01-24T07:51:17.000Z,2026-01-24T16:18:11.000Z,Voice,Payments,Failed Transfer,Closed,Medium,true,,19.2,BR-030,E-0067,true
RB-CS-001852,RB-C-00882-1,RB-FA-001958,2025-10-20T09:18:47.000Z,2025-10-20T15:59:37.000Z,Mobile App,Account Access,MFA,Closed,Low,true,,6.0,BR-030,E-0135,true
RB-CS-001853,RB-C-00882-1,RB-FA-001958,2026-05-14T18:01:09.000Z,2026-05-14T13:36:40.000Z,Chat,Payments,Bill Pay,Closed,Medium,true,,18.1,BR-030,E-0070,false
RB-CS-001854,RB-C-00882-1,RB-FA-001958,2026-05-30T08:09:51.000Z,2026-05-30T15:26:37.000Z,Voice,Product Question,Rates,Closed,Low,true,,12.7,BR-030,E-0133,false
RB-CS-001855,RB-C-00882-1,RB-FA-001960,2026-08-28T09:28:58.000Z,2026-08-28T17:54:00.000Z,Chat,Product Question,Rates,Closed,Medium,true,,21.6,BR-030,E-0120,false
RB-CS-001856,RB-C-00882-1,RB-FA-001960,2024-12-29T07:35:58.000Z,2024-12-29T13:55:20.000Z,Mobile App,Fee Inquiry,ATM Fee,Closed,Low,true,,19.2,BR-030,E-0072,false
RB-CS-001857,RB-C-00884-1,RB-FA-001963,2025-06-05T09:23:30.000Z,,Voice,Account Access,MFA,In Progress,Low,true,,13.1,BR-015,E-0127,true
RB-CS-001858,RB-C-00884-1,RB-FA-001963,2025-02-08T15:41:06.000Z,2025-02-08T17:57:49.000Z,Branch,Fee Inquiry,ATM Fee,Closed,Low,true,,25.1,BR-015,E-0083,true
RB-CS-001859,RB-C-00884-1,RB-FA-001963,2024-10-12T11:06:08.000Z,2024-10-12T16:31:00.000Z,Mobile App,Payments,Wire Status,Closed,Low,true,4,10.0,BR-015,E-0121,true
RB-CS-001860,RB-C-00884-1,RB-FA-001963,2026-07-13T07:46:17.000Z,2026-07-13T18:54:18.000Z,Voice,Fee Inquiry,ATM Fee,Closed,Medium,true,5,11.6,BR-015,E-0062,false
RB-CS-001861,RB-C-00886-1,RB-FA-001967,2026-07-19T16:21:41.000Z,,Voice,Fee Inquiry,ATM Fee,Open,Medium,true,4,10.1,BR-006,E-0138,true
RB-CS-001862,RB-C-00887-1,RB-FA-001969,2024-11-23T15:31:03.000Z,2024-11-23T12:46:02.000Z,Email,Account Access,Locked Account,Closed,Low,true,,47.2,BR-020,E-0134,false
RB-CS-001863,RB-C-00888-1,RB-FA-001973,2025-02-05T07:54:08.000Z,2025-02-05T14:49:30.000Z,Branch,Account Access,MFA,Closed,Medium,true,5,6.3,BR-018,E-0090,false
RB-CS-001864,RB-C-00888-1,RB-FA-001973,2025-02-18T10:30:48.000Z,2025-02-18T09:48:48.000Z,Branch,Card Dispute,Duplicate Charge,Closed,Low,true,,7.1,BR-018,E-0083,false
RB-CS-001865,RB-C-00889-1,RB-FA-001975,2025-10-16T11:59:28.000Z,2025-10-16T08:08:19.000Z,Chat,Product Question,Rates,Closed,Medium,true,,9.2,BR-005,E-0104,false
RB-CS-001866,RB-C-00889-1,RB-FA-001975,2025-05-21T10:47:59.000Z,2025-05-21T07:05:02.000Z,Voice,Product Question,Eligibility,Closed,Medium,true,1,7.1,BR-005,E-0098,false
RB-CS-001867,RB-C-00890-1,RB-FA-001976,2025-03-09T18:52:13.000Z,2025-03-09T13:04:54.000Z,Chat,Account Access,Locked Account,Closed,Medium,true,,7.1,BR-029,E-0100,false
RB-CS-001868,RB-C-00890-1,RB-FA-001977,2025-10-08T13:26:04.000Z,2025-10-08T18:42:24.000Z,Chat,Fee Inquiry,ATM Fee,Closed,Low,true,5,5.4,BR-029,E-0070,true
RB-CS-001869,RB-C-00893-1,RB-FA-001981,2026-07-03T12:14:45.000Z,,Email,Product Question,Eligibility,Escalated,Low,false,,23.9,BR-005,E-0079,true
RB-CS-001870,RB-C-00893-1,RB-FA-001982,2026-08-10T18:24:40.000Z,,Voice,Fraud,Card Compromised,Open,Low,true,4,24.7,BR-005,E-0061,true
RB-CS-001871,RB-C-00895-1,RB-FA-001985,2025-01-07T11:23:22.000Z,2025-01-07T17:21:49.000Z,Voice,Payments,Wire Status,Closed,Low,true,5,16.2,BR-004,E-0129,true
RB-CS-001872,RB-C-00895-1,RB-FA-001986,2024-09-02T08:42:41.000Z,2024-09-02T18:04:14.000Z,Chat,Account Access,Password Reset,Closed,Low,true,5,11.8,BR-004,E-0103,false
RB-CS-001873,RB-C-00895-1,RB-FA-001986,2026-03-30T17:53:04.000Z,2026-04-05T08:14:57.000Z,Mobile App,Payments,Bill Pay,Closed,Low,false,,19.2,BR-004,E-0111,false
RB-CS-001874,RB-C-00895-1,RB-FA-001986,2025-05-05T07:32:11.000Z,2025-05-05T07:36:34.000Z,Chat,Card Dispute,Unrecognized Charge,Closed,Medium,true,,18.9,BR-004,E-0135,true
RB-CS-001875,RB-C-00895-1,RB-FA-001986,2025-08-26T11:30:45.000Z,2025-09-12T19:07:47.000Z,Chat,Card Dispute,Merchant Refund,Closed,Medium,false,,9.1,BR-004,E-0107,false
RB-CS-001876,RB-C-00897-1,RB-FA-001988,2025-07-06T15:38:55.000Z,2025-07-06T13:45:00.000Z,Chat,Product Question,Eligibility,Closed,Medium,true,3,11.0,BR-018,E-0097,true
RB-CS-001877,RB-C-00897-1,RB-FA-001990,2025-07-27T19:13:57.000Z,2025-07-27T13:12:50.000Z,Voice,Payments,Wire Status,Closed,High,true,5,15.0,BR-018,E-0114,false
RB-CS-001878,RB-C-00898-1,RB-FA-001991,2025-07-01T08:44:14.000Z,2025-07-05T10:28:21.000Z,Voice,Fraud,Card Compromised,Closed,Low,false,,6.8,BR-017,E-0137,false
RB-CS-001879,RB-C-00898-1,RB-FA-001992,2025-05-02T15:15:42.000Z,2025-05-06T15:18:38.000Z,Chat,Card Dispute,Duplicate Charge,Closed,Low,false,,37.8,BR-017,E-0110,false
RB-CS-001880,RB-C-00898-1,RB-FA-001993,2025-03-06T09:39:31.000Z,2025-03-07T19:30:27.000Z,Mobile App,Card Dispute,Unrecognized Charge,Closed,Low,false,,8.5,BR-017,E-0070,false
RB-CS-001881,RB-C-00898-1,RB-FA-001993,2026-03-12T11:41:53.000Z,2026-03-12T19:59:25.000Z,Voice,Fee Inquiry,Monthly Maintenance,Closed,Low,true,4,18.0,BR-017,E-0098,true
RB-CS-001882,RB-C-00898-1,RB-FA-001993,2025-01-29T12:18:29.000Z,2025-01-29T08:47:47.000Z,Voice,Payments,Failed Transfer,Closed,Low,true,5,15.4,BR-017,E-0137,false
RB-CS-001883,RB-C-00898-1,RB-FA-001993,2025-01-09T15:45:42.000Z,,Voice,Account Access,MFA,Open,High,true,,16.4,BR-017,E-0097,false
RB-CS-001884,RB-C-00900-1,RB-FA-001996,2025-09-29T12:34:38.000Z,,Voice,Fee Inquiry,Monthly Maintenance,Escalated,Medium,false,5,12.1,BR-022,E-0094,true
RB-CS-001885,RB-C-00900-1,RB-FA-001996,2025-05-13T18:56:46.000Z,2025-05-24T17:52:11.000Z,Mobile App,Payments,Failed Transfer,Closed,Low,false,4,10.9,BR-022,E-0125,true
RB-CS-001886,RB-C-00902-1,RB-FA-001999,2026-01-05T18:21:09.000Z,2026-01-05T17:11:06.000Z,Chat,Payments,Wire Status,Closed,Medium,true,,19.5,BR-004,E-0116,true
RB-CS-001887,RB-C-00902-1,RB-FA-002000,2025-04-10T07:51:20.000Z,2025-04-11T19:15:54.000Z,Email,Fee Inquiry,ATM Fee,Closed,Medium,false,,26.1,BR-004,E-0081,false
RB-CS-001888,RB-C-00902-1,RB-FA-002000,2024-10-06T19:04:00.000Z,2024-10-06T10:03:32.000Z,Branch,Account Access,Locked Account,Closed,Low,true,3,10.7,BR-004,E-0074,true
RB-CS-001889,RB-C-00902-1,RB-FA-002000,2026-08-02T07:56:18.000Z,2026-08-02T17:00:45.000Z,Chat,Account Access,Password Reset,Closed,Medium,true,,8.8,BR-004,E-0108,false
RB-CS-001890,RB-C-00902-1,RB-FA-002000,2025-09-05T09:50:47.000Z,,Chat,Card Dispute,Unrecognized Charge,Open,High,false,,2.6,BR-004,E-0083,true
RB-CS-001891,RB-C-00902-1,RB-FA-002001,2025-06-22T17:01:59.000Z,2025-06-22T11:27:31.000Z,Email,Payments,Wire Status,Closed,Medium,true,,17.7,BR-004,E-0070,false
RB-CS-001892,RB-C-00904-1,RB-FA-002003,2024-12-30T14:49:05.000Z,2024-12-30T16:25:54.000Z,Mobile App,Fraud,Account Takeover,Closed,Medium,true,4,23.8,BR-011,E-0117,false
RB-CS-001893,RB-C-00905-1,RB-FA-002006,2024-12-31T08:45:20.000Z,,Chat,Card Dispute,Unrecognized Charge,In Progress,Low,true,,5.7,BR-020,E-0094,false
RB-CS-001894,RB-C-00905-1,RB-FA-002008,2026-03-26T15:31:54.000Z,2026-04-14T18:45:28.000Z,Voice,Card Dispute,Merchant Refund,Closed,Low,false,,22.3,BR-020,E-0099,true
RB-CS-001895,RB-C-00905-1,RB-FA-002008,2024-11-10T19:39:48.000Z,,Mobile App,Account Access,MFA,In Progress,Medium,true,5,12.4,BR-020,E-0065,false
RB-CS-001896,RB-C-00905-1,RB-FA-002009,2025-09-24T10:33:59.000Z,2025-10-07T17:07:53.000Z,Voice,Card Dispute,Duplicate Charge,Closed,Medium,false,1,8.7,BR-020,E-0134,false
RB-CS-001897,RB-C-00905-1,RB-FA-002009,2026-02-14T07:36:35.000Z,2026-02-14T18:11:37.000Z,Voice,Account Access,Password Reset,Closed,High,true,5,7.9,BR-020,E-0106,true
RB-CS-001898,RB-C-00905-1,RB-FA-002009,2024-09-02T13:25:09.000Z,,Branch,Fee Inquiry,Monthly Maintenance,Escalated,Low,true,,5.3,BR-020,E-0084,true
RB-CS-001899,RB-C-00906-1,RB-FA-002011,2026-08-15T10:29:26.000Z,2026-08-24T13:35:00.000Z,Chat,Fee Inquiry,Monthly Maintenance,Closed,High,false,,5.8,BR-017,E-0134,false
RB-CS-001900,RB-C-00906-1,RB-FA-002012,2025-08-18T15:17:17.000Z,2025-08-18T14:59:06.000Z,Chat,Card Dispute,Merchant Refund,Closed,Medium,true,5,4.3,BR-017,E-0121,false
RB-CS-001901,RB-C-00907-1,RB-FA-002014,2024-12-26T12:43:25.000Z,2024-12-26T09:18:40.000Z,Voice,Fee Inquiry,Monthly Maintenance,Closed,High,true,,6.0,BR-016,E-0138,false
RB-CS-001902,RB-C-00907-1,RB-FA-002014,2026-08-01T18:49:51.000Z,2026-08-01T08:06:03.000Z,Chat,Card Dispute,Merchant Refund,Closed,High,true,3,4.1,BR-016,E-0118,false
RB-CS-001903,RB-C-00907-1,RB-FA-002014,2026-06-28T18:17:10.000Z,,Voice,Payments,Wire Status,In Progress,Low,true,3,20.2,BR-016,E-0105,false
RB-CS-001904,RB-C-00907-1,RB-FA-002014,2025-01-09T13:56:08.000Z,,Email,Account Access,MFA,Open,Low,true,3,63.7,BR-016,E-0121,true
RB-CS-001905,RB-C-00908-1,RB-FA-002017,2026-07-13T10:21:18.000Z,2026-07-13T12:51:31.000Z,Branch,Payments,Failed Transfer,Closed,Medium,true,4,37.6,BR-021,E-0064,false
RB-CS-001906,RB-C-00908-1,RB-FA-002017,2025-12-20T12:22:03.000Z,2025-12-20T17:14:58.000Z,Voice,Account Access,MFA,Closed,Low,true,,11.3,BR-021,E-0084,true
RB-CS-001907,RB-C-00908-1,RB-FA-002018,2026-07-26T12:38:45.000Z,2026-07-26T13:45:13.000Z,Voice,Fraud,Account Takeover,Closed,Low,true,3,13.0,BR-021,E-0075,false
RB-CS-001908,RB-C-00909-1,RB-FA-002019,2026-02-14T18:17:07.000Z,2026-02-14T18:28:00.000Z,Chat,Payments,Bill Pay,Closed,Low,true,5,8.8,BR-030,E-0101,false
RB-CS-001909,RB-C-00911-1,RB-FA-002021,2026-04-06T08:24:44.000Z,2026-04-06T15:38:30.000Z,Chat,Fee Inquiry,Overdraft Fee,Closed,Low,true,4,3.7,BR-030,E-0072,false
RB-CS-001910,RB-C-00913-1,RB-FA-002025,2025-06-25T18:38:32.000Z,2025-06-25T09:41:14.000Z,Chat,Fraud,Account Takeover,Closed,Low,true,5,15.9,BR-020,E-0108,false
RB-CS-001911,RB-C-00913-1,RB-FA-002025,2025-10-25T10:59:52.000Z,2025-11-08T19:38:57.000Z,Chat,Account Access,Password Reset,Closed,Medium,false,,14.9,BR-020,E-0098,false
RB-CS-001912,RB-C-00913-1,RB-FA-002025,2025-02-08T12:06:49.000Z,,Voice,Card Dispute,Unrecognized Charge,Open,Medium,false,,12.1,BR-020,E-0076,false
RB-CS-001913,RB-C-00915-1,RB-FA-002027,2024-11-12T11:44:37.000Z,2024-11-25T17:00:22.000Z,Voice,Card Dispute,Duplicate Charge,Closed,Medium,false,5,20.3,BR-023,E-0082,true
RB-CS-001914,RB-C-00916-1,RB-FA-002032,2026-01-30T11:06:26.000Z,,Email,Payments,Failed Transfer,In Progress,Medium,true,,15.8,BR-030,E-0076,false
RB-CS-001915,RB-C-00916-1,RB-FA-002032,2025-06-07T16:02:41.000Z,,Voice,Fee Inquiry,ATM Fee,Escalated,Medium,true,5,11.2,BR-030,E-0080,true
RB-CS-001916,RB-C-00916-1,RB-FA-002032,2025-10-21T19:26:44.000Z,2025-10-21T14:22:50.000Z,Email,Product Question,Rates,Closed,Medium,true,,62.6,BR-030,E-0130,false
RB-CS-001917,RB-C-00917-1,RB-FA-002033,2024-11-23T10:32:15.000Z,2024-11-23T08:42:37.000Z,Email,Payments,Bill Pay,Closed,Low,true,5,33.5,BR-030,E-0093,false
RB-CS-001918,RB-C-00919-1,RB-FA-002036,2026-07-12T18:10:43.000Z,,Chat,Card Dispute,Merchant Refund,Escalated,Medium,false,,4.9,BR-001,E-0134,false
RB-CS-001919,RB-C-00919-1,RB-FA-002036,2026-07-17T16:38:51.000Z,2026-07-17T13:39:34.000Z,Voice,Fraud,Card Compromised,Closed,Low,true,4,13.6,BR-001,E-0080,false
RB-CS-001920,RB-C-00919-1,RB-FA-002036,2026-04-14T15:55:40.000Z,2026-04-14T07:08:05.000Z,Branch,Account Access,MFA,Closed,Low,true,4,13.4,BR-001,E-0109,true
RB-CS-001921,RB-C-00919-1,RB-FA-002036,2026-02-02T19:48:12.000Z,2026-02-02T13:50:59.000Z,Voice,Fee Inquiry,ATM Fee,Closed,Medium,true,5,4.8,BR-001,E-0104,true
RB-CS-001922,RB-C-00920-1,RB-FA-002038,2025-01-05T18:22:15.000Z,2025-01-23T14:45:45.000Z,Email,Card Dispute,Unrecognized Charge,Closed,Medium,false,4,14.7,BR-005,E-0090,true
RB-CS-001923,RB-C-00921-1,RB-FA-002039,2025-04-06T16:12:55.000Z,2025-04-06T08:13:57.000Z,Voice,Account Access,MFA,Closed,Medium,true,,16.8,BR-013,E-0131,true
RB-CS-001924,RB-C-00923-1,RB-FA-002042,2024-09-01T12:23:54.000Z,2024-09-01T19:07:12.000Z,Mobile App,Payments,Bill Pay,Closed,Low,true,5,18.3,BR-030,E-0095,false
RB-CS-001925,RB-C-00923-1,RB-FA-002043,2025-05-03T14:40:20.000Z,,Mobile App,Fee Inquiry,ATM Fee,In Progress,Low,true,4,15.4,BR-030,E-0086,true
RB-CS-001926,RB-C-00923-1,RB-FA-002043,2026-03-30T10:53:55.000Z,,Voice,Fraud,Account Takeover,In Progress,Low,true,,8.5,BR-030,E-0099,true
RB-CS-001927,RB-C-00923-1,RB-FA-002043,2025-11-10T13:09:51.000Z,2025-11-10T14:45:14.000Z,Voice,Product Question,Eligibility,Closed,Medium,true,4,15.6,BR-030,E-0089,false
RB-CS-001928,RB-C-00923-1,RB-FA-002043,2025-06-26T18:14:56.000Z,2025-07-05T13:27:26.000Z,Voice,Product Question,Eligibility,Closed,High,false,4,15.9,BR-030,E-0091,false
RB-CS-001929,RB-C-00924-1,RB-FA-002044,2024-10-08T16:19:05.000Z,,Voice,Payments,Bill Pay,Open,Low,true,,13.4,BR-003,E-0085,false
RB-CS-001930,RB-C-00925-1,RB-FA-002048,2025-08-20T11:17:37.000Z,2025-08-20T18:07:05.000Z,Voice,Account Access,Password Reset,Closed,Low,true,5,17.4,BR-002,E-0134,true
RB-CS-001931,RB-C-00925-1,RB-FA-002048,2026-06-01T08:15:54.000Z,2026-06-06T17:43:06.000Z,Chat,Card Dispute,Duplicate Charge,Closed,Medium,false,3,16.6,BR-002,E-0092,false
RB-CS-001932,RB-C-00926-1,RB-FA-002049,2026-08-03T18:03:57.000Z,2026-08-03T12:41:55.000Z,Voice,Account Access,MFA,Closed,Low,true,4,7.3,BR-007,E-0138,true
RB-CS-001933,RB-C-00926-1,RB-FA-002049,2025-04-12T09:20:30.000Z,2025-04-12T17:48:50.000Z,Voice,Fee Inquiry,Monthly Maintenance,Closed,High,true,4,17.8,BR-007,E-0138,false
RB-CS-001934,RB-C-00926-1,RB-FA-002049,2024-09-05T07:12:10.000Z,2024-09-05T10:03:14.000Z,Chat,Fee Inquiry,ATM Fee,Closed,Low,true,4,5.7,BR-007,E-0061,true
RB-CS-001935,RB-C-00928-1,RB-FA-002053,2025-09-01T11:12:23.000Z,2025-09-01T16:56:45.000Z,Voice,Card Dispute,Unrecognized Charge,Closed,Medium,true,4,6.6,BR-027,E-0069,false
RB-CS-001936,RB-C-00928-1,RB-FA-002053,2025-04-06T13:04:10.000Z,2025-04-06T16:03:55.000Z,Chat,Fraud,Account Takeover,Closed,Medium,true,,8.4,BR-027,E-0133,false
RB-CS-001937,RB-C-00928-1,RB-FA-002053,2026-04-27T19:57:42.000Z,2026-04-27T10:01:43.000Z,Voice,Card Dispute,Unrecognized Charge,Closed,Low,true,5,18.4,BR-027,E-0117,false
RB-CS-001938,RB-C-00928-1,RB-FA-002053,2025-05-20T10:01:34.000Z,2025-05-20T10:16:37.000Z,Chat,Payments,Wire Status,Closed,Medium,true,,6.0,BR-027,E-0076,false
RB-CS-001939,RB-C-00928-1,RB-FA-002054,2025-06-28T10:23:24.000Z,2025-07-16T14:56:37.000Z,Mobile App,Account Access,Password Reset,Closed,Low,false,5,15.5,BR-027,E-0087,false
RB-CS-001940,RB-C-00928-1,RB-FA-002055,2026-07-07T08:23:33.000Z,2026-07-07T18:50:45.000Z,Mobile App,Payments,Failed Transfer,Closed,Medium,true,5,13.4,BR-027,E-0088,true
RB-CS-001941,RB-C-00928-1,RB-FA-002055,2026-02-05T08:04:32.000Z,,Voice,Card Dispute,Duplicate Charge,Escalated,Medium,false,2,11.4,BR-027,E-0082,false
RB-CS-001942,RB-C-00928-1,RB-FA-002055,2025-09-16T14:50:51.000Z,2025-09-16T11:48:30.000Z,Chat,Product Question,Rates,Closed,Medium,true,4,23.3,BR-027,E-0126,false
RB-CS-001943,RB-C-00928-1,RB-FA-002055,2026-04-17T15:09:11.000Z,2026-05-02T09:30:14.000Z,Voice,Card Dispute,Merchant Refund,Closed,Low,false,,11.9,BR-027,E-0140,false
RB-CS-001944,RB-C-00929-1,RB-FA-002056,2025-07-24T10:06:54.000Z,2025-07-24T19:21:53.000Z,Branch,Account Access,MFA,Closed,High,true,4,7.2,BR-009,E-0132,true
RB-CS-001945,RB-C-00929-1,RB-FA-002056,2026-01-21T07:09:50.000Z,2026-01-21T07:11:38.000Z,Voice,Account Access,MFA,Closed,Low,true,,12.3,BR-009,E-0073,false
RB-CS-001946,RB-C-00929-1,RB-FA-002056,2025-05-09T09:16:23.000Z,2025-05-09T15:44:06.000Z,Voice,Fee Inquiry,Monthly Maintenance,Closed,Low,true,4,14.1,BR-009,E-0089,false
RB-CS-001947,RB-C-00929-1,RB-FA-002057,2026-05-10T09:54:54.000Z,2026-05-10T18:27:07.000Z,Email,Account Access,Password Reset,Closed,Low,true,,21.3,BR-009,E-0065,true
RB-CS-001948,RB-C-00929-1,RB-FA-002059,2025-10-10T15:33:53.000Z,2025-10-10T17:29:02.000Z,Email,Fee Inquiry,Monthly Maintenance,Closed,Low,true,5,33.6,BR-009,E-0133,false
RB-CS-001949,RB-C-00932-1,RB-FA-002065,2024-12-10T16:24:20.000Z,2024-12-10T07:12:30.000Z,Voice,Account Access,Locked Account,Closed,Low,true,,6.4,BR-007,E-0073,true
RB-CS-001950,RB-C-00933-1,RB-FA-002066,2025-08-06T18:57:07.000Z,2025-08-06T19:57:22.000Z,Chat,Fee Inquiry,Monthly Maintenance,Closed,Medium,true,,21.9,BR-004,E-0138,false
RB-CS-001951,RB-C-00933-1,RB-FA-002066,2025-02-21T09:51:09.000Z,2025-02-21T15:50:59.000Z,Email,Fee Inquiry,ATM Fee,Closed,Low,true,,48.2,BR-004,E-0067,true
RB-CS-001952,RB-C-00933-1,RB-FA-002066,2025-04-28T08:52:54.000Z,2025-04-28T18:40:29.000Z,Voice,Account Access,MFA,Closed,High,true,,6.5,BR-004,E-0121,false
RB-CS-001953,RB-C-00933-1,RB-FA-002067,2025-08-24T08:32:12.000Z,2025-08-24T14:16:05.000Z,Branch,Fraud,Card Compromised,Closed,Low,true,4,5.3,BR-004,E-0064,false
RB-CS-001954,RB-C-00933-1,RB-FA-002067,2024-09-10T10:40:51.000Z,2024-09-10T17:54:05.000Z,Voice,Account Access,MFA,Closed,Low,true,,34.2,BR-004,E-0077,true
RB-CS-001955,RB-C-00933-1,RB-FA-002067,2026-07-07T07:42:29.000Z,2026-07-07T19:48:03.000Z,Mobile App,Account Access,Locked Account,Closed,Medium,true,,12.3,BR-004,E-0064,false
RB-CS-001956,RB-C-00934-1,RB-FA-002069,2025-05-22T08:36:10.000Z,2025-05-30T08:57:13.000Z,Chat,Card Dispute,Merchant Refund,Closed,Medium,false,,4.6,BR-009,E-0070,false
RB-CS-001957,RB-C-00935-1,RB-FA-002070,2024-12-16T10:11:38.000Z,2025-01-01T17:33:30.000Z,Email,Product Question,Eligibility,Closed,Medium,false,4,6.2,BR-008,E-0121,true
RB-CS-001958,RB-C-00939-1,RB-FA-002076,2026-07-24T10:18:10.000Z,2026-08-11T14:35:43.000Z,Chat,Account Access,MFA,Closed,Medium,false,3,12.9,BR-023,E-0138,false
RB-CS-001959,RB-C-00939-1,RB-FA-002077,2024-11-27T08:29:26.000Z,2024-12-01T09:18:35.000Z,Chat,Card Dispute,Merchant Refund,Closed,High,false,3,14.1,BR-023,E-0100,false
RB-CS-001960,RB-C-00940-1,RB-FA-002079,2024-12-27T08:21:19.000Z,2025-01-08T16:05:58.000Z,Voice,Card Dispute,Duplicate Charge,Closed,Low,false,4,7.9,BR-008,E-0068,false
RB-CS-001961,RB-C-00941-1,RB-FA-002080,2026-08-31T09:51:16.000Z,,Chat,Account Access,Locked Account,Open,Low,false,1,10.3,BR-020,E-0096,true
RB-CS-001962,RB-C-00942-1,RB-FA-002084,2024-10-02T09:14:40.000Z,2024-10-15T13:21:41.000Z,Voice,Account Access,Locked Account,Closed,Medium,false,4,5.0,BR-001,E-0075,false
RB-CS-001963,RB-C-00942-1,RB-FA-002084,2025-12-09T16:05:23.000Z,2025-12-24T14:44:53.000Z,Voice,Account Access,Password Reset,Closed,Medium,false,,11.2,BR-001,E-0126,true
RB-CS-001964,RB-C-00942-1,RB-FA-002084,2025-07-11T09:46:00.000Z,2025-07-11T09:41:59.000Z,Chat,Account Access,MFA,Closed,Low,true,,7.9,BR-001,E-0084,true
RB-CS-001965,RB-C-00943-1,RB-FA-002086,2026-04-28T10:41:03.000Z,,Voice,Fraud,Card Compromised,Escalated,Medium,true,5,7.5,BR-030,E-0113,true
RB-CS-001966,RB-C-00944-1,RB-FA-002087,2026-01-29T17:50:49.000Z,2026-01-29T07:10:13.000Z,Email,Account Access,MFA,Closed,Low,true,5,18.7,BR-014,E-0088,false
RB-CS-001967,RB-C-00944-1,RB-FA-002088,2026-08-10T17:42:49.000Z,2026-08-10T17:42:38.000Z,Email,Card Dispute,Merchant Refund,Closed,Low,true,,26.7,BR-014,E-0063,false
RB-CS-001968,RB-C-00944-1,RB-FA-002089,2026-07-13T09:51:20.000Z,2026-07-13T07:44:45.000Z,Chat,Fee Inquiry,Overdraft Fee,Closed,Low,true,4,5.4,BR-014,E-0089,false
RB-CS-001969,RB-C-00945-1,RB-FA-002090,2025-10-18T18:15:19.000Z,2025-10-18T17:01:54.000Z,Voice,Account Access,MFA,Closed,Low,true,,8.0,BR-008,E-0119,false
RB-CS-001970,RB-C-00945-1,RB-FA-002090,2026-02-22T07:24:19.000Z,2026-03-11T19:48:01.000Z,Email,Card Dispute,Unrecognized Charge,Closed,Low,false,1,75.2,BR-008,E-0123,false
RB-CS-001971,RB-C-00945-1,RB-FA-002090,2025-04-13T09:48:53.000Z,2025-04-13T18:03:31.000Z,Email,Product Question,Rates,Closed,Medium,true,,32.9,BR-008,E-0102,true
RB-CS-001972,RB-C-00945-1,RB-FA-002090,2024-11-04T13:13:49.000Z,2024-11-22T08:02:27.000Z,Mobile App,Product Question,Eligibility,Closed,Low,false,,10.1,BR-008,E-0126,true
RB-CS-001973,RB-C-00946-1,RB-FA-002092,2025-08-10T19:13:14.000Z,2025-08-10T17:05:54.000Z,Email,Card Dispute,Unrecognized Charge,Closed,High,true,4,49.5,BR-004,E-0061,false
RB-CS-001974,RB-C-00946-1,RB-FA-002093,2025-11-30T18:33:57.000Z,2025-11-30T09:41:21.000Z,Voice,Card Dispute,Unrecognized Charge,Closed,Low,true,3,4.9,BR-004,E-0127,true
RB-CS-001975,RB-C-00946-1,RB-FA-002093,2025-06-20T13:31:20.000Z,2025-06-20T07:32:14.000Z,Email,Account Access,MFA,Closed,Low,true,4,6.1,BR-004,E-0084,false
RB-CS-001976,RB-C-00946-1,RB-FA-002093,2025-09-16T16:46:00.000Z,2025-09-16T14:09:16.000Z,Branch,Card Dispute,Unrecognized Charge,Closed,Low,true,5,25.7,BR-004,E-0061,false
RB-CS-001977,RB-C-00946-1,RB-FA-002093,2025-02-28T10:37:16.000Z,2025-02-28T09:37:25.000Z,Chat,Fee Inquiry,Overdraft Fee,Closed,Low,true,,8.3,BR-004,E-0111,true
RB-CS-001978,RB-C-00947-1,RB-FA-002095,2026-04-20T09:28:57.000Z,2026-04-20T16:46:08.000Z,Chat,Fee Inquiry,ATM Fee,Closed,Low,true,5,9.6,BR-010,E-0079,true
RB-CS-001979,RB-C-00947-1,RB-FA-002095,2025-12-12T17:11:35.000Z,2025-12-12T19:32:24.000Z,Mobile App,Fee Inquiry,Overdraft Fee,Closed,High,true,4,10.2,BR-010,E-0093,false
RB-CS-001980,RB-C-00947-1,RB-FA-002095,2026-01-15T12:34:37.000Z,2026-02-01T10:10:05.000Z,Voice,Fraud,Card Compromised,Closed,Low,false,,8.7,BR-010,E-0138,true
RB-CS-001981,RB-C-00951-1,RB-FA-002101,2025-09-09T12:13:10.000Z,2025-09-09T18:32:00.000Z,Chat,Fraud,Card Compromised,Closed,Low,true,,18.2,BR-007,E-0137,false
RB-CS-001982,RB-C-00951-1,RB-FA-002102,2026-04-29T12:50:26.000Z,,Email,Account Access,Locked Account,In Progress,Low,false,2,29.1,BR-007,E-0098,true
RB-CS-001983,RB-C-00951-1,RB-FA-002102,2025-03-23T18:44:03.000Z,2025-03-23T10:21:44.000Z,Mobile App,Payments,Failed Transfer,Closed,High,true,,14.5,BR-007,E-0118,false
RB-CS-001984,RB-C-00952-1,RB-FA-002103,2025-05-30T10:57:53.000Z,2025-05-30T13:06:44.000Z,Voice,Product Question,Eligibility,Closed,High,true,,7.2,BR-015,E-0119,true
RB-CS-001985,RB-C-00952-1,RB-FA-002104,2025-01-26T11:50:50.000Z,2025-01-26T12:03:01.000Z,Voice,Fraud,Card Compromised,Closed,Medium,true,4,17.1,BR-015,E-0110,true
RB-CS-001986,RB-C-00952-1,RB-FA-002104,2026-01-07T07:24:57.000Z,2026-01-07T17:07:08.000Z,Voice,Product Question,Eligibility,Closed,High,true,5,21.2,BR-015,E-0119,true
RB-CS-001987,RB-C-00952-1,RB-FA-002105,2025-08-05T07:05:13.000Z,2025-08-05T08:55:48.000Z,Branch,Payments,Bill Pay,Closed,Medium,true,5,15.1,BR-015,E-0094,true
RB-CS-001988,RB-C-00953-1,RB-FA-002107,2025-09-29T15:17:53.000Z,2025-10-18T08:24:32.000Z,Chat,Product Question,Eligibility,Closed,High,false,5,14.8,BR-007,E-0093,false
RB-CS-001989,RB-C-00953-1,RB-FA-002107,2025-02-21T14:35:21.000Z,2025-03-13T07:31:18.000Z,Voice,Fee Inquiry,Monthly Maintenance,Closed,Medium,false,3,29.0,BR-007,E-0133,true
RB-CS-001990,RB-C-00953-1,RB-FA-002107,2026-01-04T09:18:20.000Z,2026-01-23T11:53:55.000Z,Chat,Card Dispute,Unrecognized Charge,Closed,Low,false,,18.0,BR-007,E-0134,true
RB-CS-001991,RB-C-00953-1,RB-FA-002108,2025-02-07T16:27:24.000Z,2025-02-15T07:07:37.000Z,Email,Payments,Bill Pay,Closed,Low,false,,67.3,BR-007,E-0107,false
RB-CS-001992,RB-C-00953-1,RB-FA-002109,2025-09-15T10:47:53.000Z,2025-09-15T13:53:00.000Z,Email,Payments,Wire Status,Closed,Medium,true,3,30.9,BR-007,E-0117,false
RB-CS-001993,RB-C-00954-1,RB-FA-002111,2025-01-02T08:05:17.000Z,2025-01-23T19:33:28.000Z,Voice,Account Access,Locked Account,Closed,Medium,false,,25.0,BR-004,E-0062,false
RB-CS-001994,RB-C-00955-1,RB-FA-002113,2026-06-11T11:00:47.000Z,2026-06-11T11:12:01.000Z,Chat,Product Question,Eligibility,Closed,Low,true,,18.3,BR-021,E-0117,false
RB-CS-001995,RB-C-00955-1,RB-FA-002113,2025-05-13T07:25:07.000Z,2025-05-13T08:11:44.000Z,Mobile App,Card Dispute,Duplicate Charge,Closed,Medium,true,5,6.5,BR-021,E-0089,false
RB-CS-001996,RB-C-00955-1,RB-FA-002113,2025-05-28T14:59:45.000Z,2025-05-28T14:31:51.000Z,Chat,Fee Inquiry,Overdraft Fee,Closed,Medium,true,,9.3,BR-021,E-0108,false
RB-CS-001997,RB-C-00955-1,RB-FA-002113,2026-07-30T19:39:23.000Z,2026-07-30T07:21:18.000Z,Email,Account Access,Locked Account,Closed,Medium,true,4,20.6,BR-021,E-0071,false
RB-CS-001998,RB-C-00955-1,RB-FA-002114,2025-12-06T10:13:24.000Z,2025-12-23T19:11:07.000Z,Chat,Account Access,Password Reset,Closed,Low,false,,18.5,BR-021,E-0099,true
RB-CS-001999,RB-C-00957-1,RB-FA-002116,2026-06-19T12:03:48.000Z,2026-06-19T19:53:33.000Z,Voice,Card Dispute,Unrecognized Charge,Closed,Medium,true,3,10.5,BR-027,E-0104,true
RB-CS-002000,RB-C-00959-1,RB-FA-002120,2026-04-28T09:24:37.000Z,2026-04-28T16:00:02.000Z,Chat,Fraud,Card Compromised,Closed,Medium,true,3,18.6,BR-030,E-0061,false
RB-CS-002001,RB-C-00959-1,RB-FA-002120,2025-07-11T11:31:10.000Z,2025-07-11T17:29:07.000Z,Chat,Fraud,Account Takeover,Closed,Low,true,,8.0,BR-030,E-0066,false
RB-CS-002002,RB-C-00959-1,RB-FA-002120,2025-10-20T18:50:54.000Z,2025-10-20T11:30:57.000Z,Email,Fee Inquiry,Overdraft Fee,Closed,Medium,true,,46.1,BR-030,E-0105,true
RB-CS-002003,RB-C-00959-1,RB-FA-002121,2025-02-15T19:24:34.000Z,,Voice,Product Question,Rates,In Progress,Low,true,4,14.5,BR-030,E-0120,true
RB-CS-002004,RB-C-00960-1,RB-FA-002123,2025-05-01T18:01:44.000Z,2025-05-06T17:32:40.000Z,Email,Fee Inquiry,Overdraft Fee,Closed,Low,false,,27.7,BR-005,E-0074,true
RB-CS-002005,RB-C-00960-1,RB-FA-002123,2024-11-01T18:06:21.000Z,2024-11-01T17:36:34.000Z,Email,Fee Inquiry,Overdraft Fee,Closed,Low,true,,34.7,BR-005,E-0107,false
RB-CS-002006,RB-C-00960-1,RB-FA-002123,2025-07-19T14:46:47.000Z,2025-08-03T07:51:34.000Z,Voice,Fraud,Account Takeover,Closed,Medium,false,,26.9,BR-005,E-0130,true
RB-CS-002007,RB-C-00960-1,RB-FA-002123,2026-03-12T07:36:14.000Z,2026-04-02T14:28:31.000Z,Branch,Fraud,Account Takeover,Closed,High,false,,30.9,BR-005,E-0121,false
RB-CS-002008,RB-C-00961-1,RB-FA-002125,2026-05-29T16:32:14.000Z,2026-06-07T18:06:57.000Z,Voice,Fee Inquiry,ATM Fee,Closed,High,false,2,8.6,BR-008,E-0073,false
RB-CS-002009,RB-C-00962-1,RB-FA-002126,2025-12-11T15:59:32.000Z,2025-12-22T09:50:47.000Z,Chat,Fraud,Card Compromised,Closed,Medium,false,4,18.9,BR-025,E-0115,true
RB-CS-002010,RB-C-00962-1,RB-FA-002127,2025-01-13T16:28:58.000Z,2025-01-13T15:19:03.000Z,Voice,Fraud,Card Compromised,Closed,Low,true,,5.7,BR-025,E-0081,false
RB-CS-002011,RB-C-00963-1,RB-FA-002129,2026-04-27T19:43:20.000Z,2026-04-27T09:26:59.000Z,Voice,Payments,Failed Transfer,Closed,Low,true,2,6.1,BR-012,E-0111,false
RB-CS-002012,RB-C-00964-1,RB-FA-002131,2024-11-11T18:40:39.000Z,2024-11-11T08:42:54.000Z,Branch,Account Access,Locked Account,Closed,Medium,true,,5.0,BR-027,E-0093,false
RB-CS-002013,RB-C-00965-1,RB-FA-002132,2025-09-30T07:09:36.000Z,,Branch,Account Access,Locked Account,Open,Medium,true,5,35.1,BR-003,E-0076,false
RB-CS-002014,RB-C-00965-1,RB-FA-002132,2026-07-17T10:29:12.000Z,2026-08-05T07:19:11.000Z,Voice,Card Dispute,Merchant Refund,Closed,Medium,false,,11.3,BR-003,E-0090,true
RB-CS-002015,RB-C-00965-1,RB-FA-002132,2025-10-15T07:29:03.000Z,2025-10-15T15:30:55.000Z,Chat,Card Dispute,Merchant Refund,Closed,Medium,true,,14.3,BR-003,E-0083,true
RB-CS-002016,RB-C-00965-1,RB-FA-002132,2025-07-22T16:41:13.000Z,2025-07-22T11:10:46.000Z,Email,Product Question,Rates,Closed,Low,true,5,27.5,BR-003,E-0086,false
RB-CS-002017,RB-C-00965-1,RB-FA-002133,2025-05-19T11:19:12.000Z,2025-05-22T12:56:09.000Z,Email,Product Question,Eligibility,Closed,Low,false,3,42.7,BR-003,E-0089,true
RB-CS-002018,RB-C-00965-1,RB-FA-002133,2025-03-29T14:28:22.000Z,2025-03-29T10:51:59.000Z,Branch,Fraud,Card Compromised,Closed,Medium,true,,21.7,BR-003,E-0080,true
RB-CS-002019,RB-C-00965-1,RB-FA-002133,2025-07-01T11:41:44.000Z,2025-07-01T12:18:07.000Z,Voice,Fee Inquiry,Monthly Maintenance,Closed,High,true,,3.3,BR-003,E-0090,false
RB-CS-002020,RB-C-00965-1,RB-FA-002133,2026-06-04T12:12:25.000Z,,Chat,Fraud,Account Takeover,Escalated,Medium,true,5,5.1,BR-003,E-0112,true
RB-CS-002021,RB-C-00966-1,RB-FA-002135,2025-11-10T16:09:00.000Z,2025-11-10T09:04:53.000Z,Voice,Card Dispute,Merchant Refund,Closed,Medium,true,,16.3,BR-004,E-0085,true
RB-CS-002022,RB-C-00966-1,RB-FA-002136,2025-08-27T19:04:53.000Z,2025-08-27T13:52:15.000Z,Mobile App,Account Access,Password Reset,Closed,Low,true,,11.7,BR-004,E-0130,false
RB-CS-002023,RB-C-00966-1,RB-FA-002137,2026-06-09T11:00:27.000Z,2026-06-09T10:22:09.000Z,Voice,Card Dispute,Merchant Refund,Closed,Low,true,,13.4,BR-004,E-0074,false
RB-CS-002024,RB-C-00967-1,RB-FA-002138,2025-01-16T09:38:05.000Z,2025-02-04T09:01:06.000Z,Voice,Card Dispute,Merchant Refund,Closed,Low,false,,15.7,BR-012,E-0084,true
RB-CS-002025,RB-C-00967-1,RB-FA-002138,2026-08-16T11:26:57.000Z,2026-08-16T18:42:07.000Z,Email,Product Question,Rates,Closed,High,true,5,90.4,BR-012,E-0139,false
RB-CS-002026,RB-C-00967-1,RB-FA-002139,2025-04-17T19:29:24.000Z,2025-04-17T17:49:09.000Z,Chat,Account Access,Locked Account,Closed,Low,true,5,11.7,BR-012,E-0064,false
RB-CS-002027,RB-C-00968-1,RB-FA-002140,2024-09-11T08:49:13.000Z,2024-09-20T15:29:06.000Z,Chat,Payments,Failed Transfer,Closed,Low,false,5,2.6,BR-014,E-0089,true
RB-CS-002028,RB-C-00968-1,RB-FA-002140,2024-10-24T12:54:11.000Z,2024-10-24T09:36:48.000Z,Mobile App,Fraud,Card Compromised,Closed,Low,true,,4.5,BR-014,E-0119,false
RB-CS-002029,RB-C-00968-1,RB-FA-002140,2025-07-18T17:21:40.000Z,,Voice,Account Access,Locked Account,Open,Low,false,2,6.8,BR-014,E-0098,true
RB-CS-002030,RB-C-00968-1,RB-FA-002142,2025-06-07T09:14:28.000Z,2025-06-07T14:15:17.000Z,Chat,Account Access,Password Reset,Closed,Medium,true,4,12.5,BR-014,E-0106,false
RB-CS-002031,RB-C-00968-1,RB-FA-002142,2026-01-09T10:01:00.000Z,,Chat,Account Access,Password Reset,In Progress,Low,false,2,14.9,BR-014,E-0134,true
RB-CS-002032,RB-C-00968-1,RB-FA-002142,2025-10-23T11:59:13.000Z,2025-10-23T12:51:31.000Z,Branch,Fee Inquiry,Monthly Maintenance,Closed,High,true,1,8.2,BR-014,E-0080,false
RB-CS-002033,RB-C-00968-1,RB-FA-002142,2024-11-02T11:00:29.000Z,2024-11-02T10:13:18.000Z,Chat,Account Access,Locked Account,Closed,Low,true,,12.2,BR-014,E-0074,false
RB-CS-002034,RB-C-00969-1,RB-FA-002143,2024-10-21T15:21:05.000Z,2024-10-21T18:13:51.000Z,Branch,Fee Inquiry,Overdraft Fee,Closed,Low,true,,12.9,BR-024,E-0077,false
RB-CS-002035,RB-C-00969-1,RB-FA-002143,2024-12-10T16:05:50.000Z,2024-12-20T16:08:13.000Z,Voice,Fee Inquiry,Overdraft Fee,Closed,Low,false,2,15.4,BR-024,E-0081,false
RB-CS-002036,RB-C-00969-1,RB-FA-002143,2026-07-12T18:35:03.000Z,2026-07-17T14:46:05.000Z,Branch,Card Dispute,Unrecognized Charge,Closed,Low,false,,14.4,BR-024,E-0112,false
RB-CS-002037,RB-C-00969-1,RB-FA-002144,2026-05-10T17:54:07.000Z,2026-05-10T07:58:39.000Z,Voice,Account Access,MFA,Closed,Medium,true,,17.0,BR-024,E-0071,true
RB-CS-002038,RB-C-00969-1,RB-FA-002145,2025-09-18T08:02:41.000Z,2025-10-01T18:44:05.000Z,Branch,Card Dispute,Unrecognized Charge,Closed,Low,false,2,6.3,BR-024,E-0066,false
RB-CS-002039,RB-C-00970-1,RB-FA-002146,2026-05-27T08:54:50.000Z,2026-05-27T18:10:18.000Z,Branch,Fee Inquiry,ATM Fee,Closed,Low,true,,6.9,BR-001,E-0086,false
RB-CS-002040,RB-C-00970-1,RB-FA-002146,2026-02-19T17:43:56.000Z,,Branch,Card Dispute,Merchant Refund,Open,Medium,true,5,11.3,BR-001,E-0106,false
RB-CS-002041,RB-C-00970-1,RB-FA-002147,2026-04-30T11:44:46.000Z,2026-04-30T19:00:57.000Z,Mobile App,Fee Inquiry,Overdraft Fee,Closed,Low,true,,19.3,BR-001,E-0081,true
RB-CS-002042,RB-C-00970-1,RB-FA-002148,2025-03-25T19:17:06.000Z,2025-03-25T13:58:20.000Z,Voice,Card Dispute,Duplicate Charge,Closed,Low,true,,11.2,BR-001,E-0068,false
RB-CS-002043,RB-C-00971-1,RB-FA-002151,2026-06-13T13:57:33.000Z,2026-06-13T18:27:11.000Z,Chat,Payments,Bill Pay,Closed,Medium,true,3,11.8,BR-008,E-0093,true
RB-CS-002044,RB-C-00971-1,RB-FA-002152,2026-08-29T15:51:01.000Z,2026-08-29T08:44:57.000Z,Chat,Card Dispute,Duplicate Charge,Closed,Low,true,5,17.1,BR-008,E-0102,false
RB-CS-002045,RB-C-00971-1,RB-FA-002152,2026-06-06T14:19:16.000Z,2026-06-06T10:50:24.000Z,Voice,Card Dispute,Merchant Refund,Closed,Medium,true,5,6.2,BR-008,E-0073,false
RB-CS-002046,RB-C-00972-1,RB-FA-002154,2025-10-14T11:26:58.000Z,2025-10-14T11:12:35.000Z,Chat,Account Access,Locked Account,Closed,Low,true,5,11.7,BR-017,E-0079,false
RB-CS-002047,RB-C-00973-1,RB-FA-002156,2026-04-09T12:30:56.000Z,2026-04-09T08:53:20.000Z,Voice,Account Access,Password Reset,Closed,High,true,5,11.6,BR-024,E-0127,true
RB-CS-002048,RB-C-00973-1,RB-FA-002156,2024-09-11T19:40:37.000Z,2024-09-11T07:50:51.000Z,Voice,Fee Inquiry,Overdraft Fee,Closed,Low,true,5,12.6,BR-024,E-0090,true
RB-CS-002049,RB-C-00973-1,RB-FA-002156,2025-11-22T18:05:57.000Z,2025-11-22T10:26:42.000Z,Mobile App,Fee Inquiry,ATM Fee,Closed,Low,true,,7.2,BR-024,E-0128,false
RB-CS-002050,RB-C-00973-1,RB-FA-002156,2025-02-05T17:26:59.000Z,2025-02-05T19:06:53.000Z,Chat,Fee Inquiry,Monthly Maintenance,Closed,High,true,,11.5,BR-024,E-0084,false
RB-CS-002051,RB-C-00973-1,RB-FA-002157,2025-02-23T10:45:42.000Z,2025-03-09T10:48:38.000Z,Voice,Card Dispute,Merchant Refund,Closed,Medium,false,,8.6,BR-024,E-0086,false
RB-CS-002052,RB-C-00974-1,RB-FA-002160,2025-10-26T07:53:09.000Z,2025-10-28T13:05:12.000Z,Voice,Account Access,Password Reset,Closed,Medium,false,4,13.7,BR-016,E-0120,false
RB-CS-002053,RB-C-00974-1,RB-FA-002160,2025-04-07T15:07:59.000Z,2025-04-07T10:16:41.000Z,Voice,Product Question,Rates,Closed,High,true,,13.9,BR-016,E-0100,false
RB-CS-002054,RB-C-00974-1,RB-FA-002160,2024-09-26T10:33:37.000Z,2024-10-05T16:19:51.000Z,Voice,Card Dispute,Duplicate Charge,Closed,High,false,5,11.7,BR-016,E-0092,false
RB-CS-002055,RB-C-00976-1,RB-FA-002162,2025-03-13T11:49:01.000Z,2025-03-13T08:42:54.000Z,Mobile App,Account Access,Locked Account,Closed,Low,true,4,11.7,BR-010,E-0110,false
RB-CS-002056,RB-C-00976-1,RB-FA-002162,2024-12-18T18:44:31.000Z,2025-01-02T13:43:22.000Z,Voice,Fraud,Account Takeover,Closed,Medium,false,3,11.3,BR-010,E-0063,false
RB-CS-002057,RB-C-00977-1,RB-FA-002164,2025-01-22T19:06:41.000Z,2025-01-22T17:21:06.000Z,Voice,Card Dispute,Duplicate Charge,Closed,Low,true,4,14.5,BR-029,E-0107,true
RB-CS-002058,RB-C-00977-1,RB-FA-002165,2024-12-27T12:50:40.000Z,2024-12-27T12:08:33.000Z,Email,Product Question,Rates,Closed,Low,true,1,31.9,BR-029,E-0104,false
RB-CS-002059,RB-C-00977-1,RB-FA-002165,2025-07-14T18:24:39.000Z,2025-08-03T13:20:46.000Z,Email,Product Question,Eligibility,Closed,Low,false,2,28.9,BR-029,E-0132,true
RB-CS-002060,RB-C-00977-1,RB-FA-002165,2026-06-03T11:33:30.000Z,2026-06-03T16:25:30.000Z,Chat,Card Dispute,Unrecognized Charge,Closed,Low,true,,16.3,BR-029,E-0139,false
RB-CS-002061,RB-C-00977-1,RB-FA-002165,2025-07-28T07:41:56.000Z,2025-07-28T11:22:04.000Z,Mobile App,Fee Inquiry,Monthly Maintenance,Closed,Low,true,5,8.9,BR-029,E-0074,true
RB-CS-002062,RB-C-00981-1,RB-FA-002171,2025-08-29T17:54:08.000Z,2025-08-29T17:40:20.000Z,Chat,Account Access,Locked Account,Closed,Low,true,3,12.9,BR-024,E-0061,true
RB-CS-002063,RB-C-00981-1,RB-FA-002171,2025-01-06T08:25:22.000Z,2025-01-06T17:00:10.000Z,Chat,Card Dispute,Duplicate Charge,Closed,Medium,true,5,14.3,BR-024,E-0077,true
RB-CS-002064,RB-C-00983-1,RB-FA-002174,2025-02-12T11:51:27.000Z,2025-02-19T09:12:30.000Z,Voice,Fee Inquiry,ATM Fee,Closed,Low,false,1,6.0,BR-008,E-0131,false
RB-CS-002065,RB-C-00986-1,RB-FA-002178,2026-06-06T16:36:43.000Z,2026-06-06T12:19:33.000Z,Branch,Fraud,Card Compromised,Closed,Low,true,4,9.8,BR-001,E-0094,true
RB-CS-002066,RB-C-00986-1,RB-FA-002180,2025-02-28T07:44:42.000Z,2025-03-09T10:26:49.000Z,Mobile App,Fee Inquiry,ATM Fee,Closed,Low,false,3,9.9,BR-001,E-0075,false
RB-CS-002067,RB-C-00988-1,RB-FA-002183,2025-06-28T12:33:04.000Z,2025-06-28T16:17:42.000Z,Voice,Fraud,Card Compromised,Closed,Low,true,5,13.4,BR-002,E-0062,false
RB-CS-002068,RB-C-00988-1,RB-FA-002183,2025-09-02T11:17:05.000Z,2025-09-02T07:31:20.000Z,Email,Product Question,Rates,Closed,Low,true,3,30.3,BR-002,E-0116,false
RB-CS-002069,RB-C-00988-1,RB-FA-002183,2024-12-01T11:21:34.000Z,2024-12-01T18:07:56.000Z,Voice,Payments,Bill Pay,Closed,Medium,true,,8.3,BR-002,E-0122,true
RB-CS-002070,RB-C-00988-1,RB-FA-002183,2025-01-25T12:28:42.000Z,2025-02-11T11:32:29.000Z,Email,Card Dispute,Unrecognized Charge,Closed,High,false,,22.5,BR-002,E-0094,false
RB-CS-002071,RB-C-00991-1,RB-FA-002191,2025-06-16T08:33:05.000Z,2025-06-16T18:47:09.000Z,Email,Payments,Wire Status,Closed,Low,true,,30.3,BR-004,E-0124,false
RB-CS-002072,RB-C-00992-1,RB-FA-002193,2026-01-24T13:21:40.000Z,2026-02-04T11:31:56.000Z,Voice,Card Dispute,Merchant Refund,Closed,Low,false,3,4.7,BR-013,E-0083,false
RB-CS-002073,RB-C-00992-1,RB-FA-002193,2025-09-26T07:21:01.000Z,2025-09-26T17:35:04.000Z,Chat,Account Access,MFA,Closed,Low,true,,10.6,BR-013,E-0124,false
RB-CS-002074,RB-C-00992-1,RB-FA-002193,2026-07-01T07:36:28.000Z,2026-07-01T15:35:31.000Z,Chat,Payments,Failed Transfer,Closed,Low,true,5,8.8,BR-013,E-0140,false
RB-CS-002075,RB-C-00992-1,RB-FA-002193,2025-02-26T17:52:26.000Z,2025-02-26T19:29:31.000Z,Branch,Payments,Failed Transfer,Closed,Medium,true,,6.8,BR-013,E-0067,true
RB-CS-002076,RB-C-00993-1,RB-FA-002195,2025-07-21T14:57:51.000Z,2025-08-11T15:17:05.000Z,Mobile App,Card Dispute,Unrecognized Charge,Closed,Medium,false,2,5.8,BR-020,E-0071,false
RB-CS-002077,RB-C-00994-1,RB-FA-002197,2025-05-08T13:48:30.000Z,,Voice,Account Access,MFA,Open,Medium,true,,11.7,BR-029,E-0091,false
RB-CS-002078,RB-C-00995-1,RB-FA-002198,2026-06-02T15:37:03.000Z,2026-06-02T16:41:18.000Z,Voice,Fraud,Card Compromised,Closed,Low,true,4,24.3,BR-010,E-0128,false
RB-CS-002079,RB-C-00998-1,RB-FA-002202,2026-05-03T15:36:18.000Z,2026-05-03T13:13:44.000Z,Email,Card Dispute,Unrecognized Charge,Closed,Medium,true,5,29.1,BR-028,E-0134,false
RB-CS-002080,RB-C-00998-1,RB-FA-002204,2026-07-24T07:18:10.000Z,,Voice,Card Dispute,Duplicate Charge,In Progress,Low,true,,11.8,BR-028,E-0132,true
RB-CS-002081,RB-C-01000-1,RB-FA-002207,2026-03-24T11:41:10.000Z,2026-03-24T08:36:40.000Z,Email,Account Access,MFA,Closed,High,true,3,29.8,BR-029,E-0131,true
RB-CS-002082,RB-C-01000-1,RB-FA-002207,2026-05-22T19:56:51.000Z,2026-05-22T09:57:17.000Z,Mobile App,Fee Inquiry,Monthly Maintenance,Closed,Medium,true,,12.9,BR-029,E-0130,false
RB-CS-002083,RB-C-01000-1,RB-FA-002207,2026-01-15T13:03:50.000Z,2026-01-15T13:41:07.000Z,Branch,Fraud,Account Takeover,Closed,Low,true,,6.7,BR-029,E-0117,false
RB-CS-002084,RB-C-01000-1,RB-FA-002207,2026-05-18T11:01:58.000Z,2026-05-18T08:17:57.000Z,Voice,Fraud,Account Takeover,Closed,Medium,true,5,22.9,BR-029,E-0113,false
RB-CS-002085,RB-C-01001-1,RB-FA-002208,2025-02-25T19:31:16.000Z,2025-02-25T07:15:12.000Z,Voice,Account Access,MFA,Closed,Low,true,,38.4,BR-016,E-0063,false
RB-CS-002086,RB-C-01001-1,RB-FA-002209,2025-10-27T19:49:23.000Z,2025-10-27T18:46:52.000Z,Voice,Fraud,Card Compromised,Closed,Medium,true,,8.1,BR-016,E-0093,true
RB-CS-002087,RB-C-01002-1,RB-FA-002210,2025-04-22T16:38:18.000Z,,Email,Card Dispute,Unrecognized Charge,Escalated,Low,true,4,25.0,BR-008,E-0091,true
RB-CS-002088,RB-C-01002-1,RB-FA-002210,2026-05-23T08:34:41.000Z,2026-05-23T09:00:56.000Z,Mobile App,Account Access,Locked Account,Closed,Low,true,4,22.3,BR-008,E-0126,true
RB-CS-002089,RB-C-01002-1,RB-FA-002210,2024-12-31T17:51:27.000Z,2024-12-31T18:43:50.000Z,Chat,Fraud,Card Compromised,Closed,Medium,true,,8.9,BR-008,E-0078,false
RB-CS-002090,RB-C-01002-1,RB-FA-002210,2026-03-02T18:32:41.000Z,2026-03-02T07:23:16.000Z,Mobile App,Card Dispute,Duplicate Charge,Closed,Low,true,5,5.0,BR-008,E-0078,false
RB-CS-002091,RB-C-01004-1,RB-FA-002214,2025-03-14T12:05:24.000Z,2025-03-14T18:01:47.000Z,Mobile App,Fraud,Card Compromised,Closed,Low,true,,9.5,BR-011,E-0131,true
RB-CS-002092,RB-C-01004-1,RB-FA-002215,2025-04-19T16:48:39.000Z,2025-04-26T18:46:11.000Z,Chat,Card Dispute,Merchant Refund,Closed,Low,false,,19.0,BR-011,E-0120,true
RB-CS-002093,RB-C-01004-1,RB-FA-002215,2024-09-13T18:40:58.000Z,2024-09-21T18:40:59.000Z,Chat,Product Question,Eligibility,Closed,Medium,false,,10.4,BR-011,E-0106,true
RB-CS-002094,RB-C-01005-1,RB-FA-002216,2025-10-17T09:54:33.000Z,2025-10-17T18:49:48.000Z,Voice,Payments,Failed Transfer,Closed,Medium,true,4,12.7,BR-019,E-0124,true
RB-CS-002095,RB-C-01005-1,RB-FA-002216,2026-08-08T11:44:54.000Z,,Email,Account Access,Password Reset,Escalated,Low,false,1,26.5,BR-019,E-0087,false
RB-CS-002096,RB-C-01005-1,RB-FA-002216,2025-05-31T19:10:03.000Z,2025-06-10T11:01:03.000Z,Chat,Card Dispute,Duplicate Charge,Closed,Medium,false,1,7.2,BR-019,E-0064,true
RB-CS-002097,RB-C-01006-1,RB-FA-002219,2026-06-15T13:50:08.000Z,,Chat,Product Question,Rates,Escalated,Medium,false,2,11.3,BR-024,E-0095,false
RB-CS-002098,RB-C-01006-1,RB-FA-002219,2026-01-26T12:20:47.000Z,2026-01-26T14:16:54.000Z,Voice,Fraud,Account Takeover,Closed,Medium,true,,10.6,BR-024,E-0120,false
RB-CS-002099,RB-C-01006-1,RB-FA-002219,2024-10-13T11:53:49.000Z,2024-10-13T15:45:56.000Z,Voice,Payments,Wire Status,Closed,Low,true,,9.7,BR-024,E-0094,false
RB-CS-002100,RB-C-01007-1,RB-FA-002221,2026-06-01T10:52:27.000Z,2026-06-06T09:20:17.000Z,Mobile App,Payments,Bill Pay,Closed,Low,false,,10.0,BR-004,E-0073,true
RB-CS-002101,RB-C-01009-1,RB-FA-002225,2026-07-07T11:09:52.000Z,2026-07-07T17:38:11.000Z,Voice,Payments,Wire Status,Closed,Low,true,3,10.4,BR-030,E-0109,false
RB-CS-002102,RB-C-01009-1,RB-FA-002225,2026-07-29T08:28:26.000Z,2026-08-17T17:40:48.000Z,Chat,Card Dispute,Unrecognized Charge,Closed,Medium,false,4,16.8,BR-030,E-0119,true
RB-CS-002103,RB-C-01009-1,RB-FA-002225,2026-07-22T08:23:57.000Z,2026-07-22T17:55:14.000Z,Chat,Account Access,Locked Account,Closed,High,true,1,10.3,BR-030,E-0124,true
RB-CS-002104,RB-C-01012-1,RB-FA-002230,2025-10-02T07:11:24.000Z,2025-10-19T16:26:35.000Z,Email,Fee Inquiry,Overdraft Fee,Closed,Low,false,3,24.9,BR-005,E-0134,false
RB-CS-002105,RB-C-01012-1,RB-FA-002230,2025-05-09T08:15:15.000Z,2025-05-17T08:35:44.000Z,Email,Product Question,Eligibility,Closed,Low,false,,26.5,BR-005,E-0131,false
RB-CS-002106,RB-C-01012-1,RB-FA-002230,2024-11-03T18:01:28.000Z,2024-11-03T09:31:28.000Z,Voice,Fraud,Card Compromised,Closed,Medium,true,,16.4,BR-005,E-0079,false
RB-CS-002107,RB-C-01012-1,RB-FA-002231,2024-09-29T10:07:44.000Z,2024-10-20T12:56:15.000Z,Chat,Fee Inquiry,ATM Fee,Closed,Medium,false,,12.7,BR-005,E-0092,false
RB-CS-002108,RB-C-01013-1,RB-FA-002233,2025-01-21T08:31:31.000Z,2025-01-21T15:41:23.000Z,Voice,Fee Inquiry,Monthly Maintenance,Closed,Low,true,3,14.0,BR-026,E-0139,false
RB-CS-002109,RB-C-01013-1,RB-FA-002233,2026-02-10T14:52:11.000Z,2026-02-10T19:06:44.000Z,Chat,Product Question,Eligibility,Closed,Low,true,,8.4,BR-026,E-0130,false
RB-CS-002110,RB-C-01013-1,RB-FA-002233,2025-11-30T13:11:41.000Z,2025-11-30T08:38:47.000Z,Email,Account Access,Locked Account,Closed,Medium,true,,11.6,BR-026,E-0085,false
RB-CS-002111,RB-C-01013-1,RB-FA-002233,2025-10-28T12:36:38.000Z,2025-10-28T10:19:33.000Z,Chat,Fee Inquiry,Monthly Maintenance,Closed,Low,true,,18.3,BR-026,E-0133,false
RB-CS-002112,RB-C-01013-1,RB-FA-002235,2025-10-04T15:41:59.000Z,2025-10-04T16:15:01.000Z,Voice,Fraud,Account Takeover,Closed,Low,true,2,13.5,BR-026,E-0128,false
RB-CS-002113,RB-C-01013-1,RB-FA-002236,2026-04-16T14:04:00.000Z,2026-04-16T09:39:14.000Z,Chat,Account Access,Locked Account,Closed,Low,true,5,3.8,BR-026,E-0069,false
RB-CS-002114,RB-C-01014-1,RB-FA-002238,2025-06-07T13:15:41.000Z,2025-06-24T07:23:10.000Z,Email,Account Access,Password Reset,Closed,Medium,false,2,34.8,BR-008,E-0123,true
RB-CS-002115,RB-C-01014-1,RB-FA-002238,2024-12-21T19:45:07.000Z,2024-12-21T09:03:45.000Z,Voice,Product Question,Rates,Closed,Low,true,,8.2,BR-008,E-0087,false
RB-CS-002116,RB-C-01014-1,RB-FA-002238,2024-09-28T08:21:31.000Z,2024-09-28T07:55:32.000Z,Email,Fraud,Account Takeover,Closed,Medium,true,5,41.2,BR-008,E-0074,true
RB-CS-002117,RB-C-01014-1,RB-FA-002238,2025-01-07T14:22:57.000Z,,Voice,Fraud,Card Compromised,Open,Low,true,4,22.2,BR-008,E-0138,true
RB-CS-002118,RB-C-01015-1,RB-FA-002239,2025-09-26T15:48:47.000Z,2025-09-29T12:23:42.000Z,Voice,Account Access,Password Reset,Closed,Medium,false,1,11.2,BR-017,E-0070,false
RB-CS-002119,RB-C-01015-1,RB-FA-002240,2026-05-31T07:03:13.000Z,2026-06-19T18:34:25.000Z,Voice,Card Dispute,Duplicate Charge,Closed,Low,false,3,9.7,BR-017,E-0113,false
RB-CS-002120,RB-C-01015-1,RB-FA-002241,2024-12-08T08:30:48.000Z,2024-12-18T18:56:47.000Z,Chat,Product Question,Eligibility,Closed,Low,false,1,12.1,BR-017,E-0079,false
RB-CS-002121,RB-C-01015-1,RB-FA-002241,2025-11-30T07:22:19.000Z,2025-11-30T19:08:50.000Z,Chat,Fee Inquiry,Overdraft Fee,Closed,Medium,true,,13.1,BR-017,E-0091,false
RB-CS-002122,RB-C-01015-1,RB-FA-002241,2025-01-08T19:39:00.000Z,2025-01-08T17:22:37.000Z,Mobile App,Card Dispute,Unrecognized Charge,Closed,Low,true,,7.5,BR-017,E-0119,true
RB-CS-002123,RB-C-01015-1,RB-FA-002241,2025-07-08T13:38:59.000Z,,Chat,Fee Inquiry,Overdraft Fee,Escalated,High,true,,19.8,BR-017,E-0086,false
RB-CS-002124,RB-C-01016-1,RB-FA-002242,2024-11-17T08:32:53.000Z,2024-11-17T09:16:31.000Z,Voice,Fraud,Card Compromised,Closed,Medium,true,4,8.9,BR-006,E-0093,true
RB-CS-002125,RB-C-01016-1,RB-FA-002243,2026-06-13T15:46:37.000Z,2026-06-13T16:26:06.000Z,Email,Fee Inquiry,Overdraft Fee,Closed,Medium,true,,29.6,BR-006,E-0113,false
RB-CS-002126,RB-C-01016-1,RB-FA-002243,2024-09-20T12:47:55.000Z,2024-10-01T09:16:36.000Z,Voice,Product Question,Rates,Closed,Low,false,1,2.6,BR-006,E-0117,false
RB-CS-002127,RB-C-01016-1,RB-FA-002243,2026-05-30T15:58:45.000Z,2026-05-30T14:40:54.000Z,Voice,Account Access,Locked Account,Closed,Medium,true,,9.4,BR-006,E-0124,true
RB-CS-002128,RB-C-01018-1,RB-FA-002247,2024-12-29T14:32:56.000Z,2024-12-29T17:11:30.000Z,Mobile App,Fee Inquiry,Overdraft Fee,Closed,Medium,true,5,15.9,BR-016,E-0066,true
RB-CS-002129,RB-C-01019-1,RB-FA-002248,2026-04-02T08:46:19.000Z,2026-04-02T10:28:25.000Z,Email,Account Access,Locked Account,Closed,Medium,true,1,19.7,BR-028,E-0085,false
RB-CS-002130,RB-C-01019-1,RB-FA-002249,2024-09-13T12:32:28.000Z,2024-09-29T19:42:02.000Z,Chat,Card Dispute,Unrecognized Charge,Closed,Low,false,,5.0,BR-028,E-0082,false
RB-CS-002131,RB-C-01019-1,RB-FA-002249,2024-11-07T10:30:48.000Z,2024-11-07T17:18:21.000Z,Email,Account Access,Password Reset,Closed,Medium,true,4,76.9,BR-028,E-0108,false
RB-CS-002132,RB-C-01019-1,RB-FA-002249,2024-09-03T18:48:33.000Z,2024-09-18T07:31:19.000Z,Voice,Account Access,Locked Account,Closed,Medium,false,,4.8,BR-028,E-0098,false
RB-CS-002133,RB-C-01020-1,RB-FA-002250,2025-06-20T14:39:15.000Z,2025-06-20T14:46:36.000Z,Voice,Fee Inquiry,Monthly Maintenance,Closed,Medium,true,,4.2,BR-004,E-0135,true
RB-CS-002134,RB-C-01020-1,RB-FA-002252,2025-02-13T19:20:31.000Z,2025-02-27T12:31:24.000Z,Branch,Fee Inquiry,Overdraft Fee,Closed,Medium,false,3,8.7,BR-004,E-0105,true
RB-CS-002135,RB-C-01021-1,RB-FA-002253,2026-02-02T19:34:09.000Z,2026-02-02T09:37:41.000Z,Voice,Account Access,Password Reset,Closed,Low,true,,13.1,BR-006,E-0139,true
RB-CS-002136,RB-C-01021-1,RB-FA-002253,2025-06-27T15:37:03.000Z,2025-06-27T08:22:58.000Z,Chat,Account Access,MFA,Closed,Low,true,3,14.8,BR-006,E-0089,false
RB-CS-002137,RB-C-01023-1,RB-FA-002257,2025-09-12T11:08:53.000Z,2025-09-12T13:25:53.000Z,Mobile App,Card Dispute,Unrecognized Charge,Closed,Medium,true,5,11.7,BR-013,E-0094,true
RB-CS-002138,RB-C-01023-1,RB-FA-002257,2025-03-17T11:05:36.000Z,2025-03-26T11:14:18.000Z,Mobile App,Card Dispute,Unrecognized Charge,Closed,Medium,false,4,9.8,BR-013,E-0071,false
RB-CS-002139,RB-C-01023-1,RB-FA-002258,2024-10-13T11:03:35.000Z,2024-11-02T12:41:05.000Z,Mobile App,Card Dispute,Unrecognized Charge,Closed,Medium,false,,8.5,BR-013,E-0067,false
RB-CS-002140,RB-C-01023-1,RB-FA-002258,2026-04-18T14:02:20.000Z,2026-04-18T09:09:37.000Z,Chat,Fee Inquiry,ATM Fee,Closed,Medium,true,4,26.7,BR-013,E-0096,false
RB-CS-002141,RB-C-01023-1,RB-FA-002258,2025-08-09T12:03:54.000Z,2025-08-22T11:54:49.000Z,Voice,Payments,Failed Transfer,Closed,Medium,false,,10.2,BR-013,E-0139,true
RB-CS-002142,RB-C-01023-1,RB-FA-002258,2026-03-23T12:40:03.000Z,2026-03-23T12:53:00.000Z,Branch,Account Access,Locked Account,Closed,Medium,true,,38.1,BR-013,E-0067,true
RB-CS-002143,RB-C-01024-1,RB-FA-002261,2025-03-30T19:43:49.000Z,2025-03-30T15:00:53.000Z,Email,Account Access,MFA,Closed,Medium,true,,16.9,BR-027,E-0131,false
RB-CS-002144,RB-C-01024-1,RB-FA-002262,2024-09-29T08:46:33.000Z,,Chat,Account Access,Password Reset,In Progress,Low,false,,19.3,BR-027,E-0116,true
RB-CS-002145,RB-C-01024-1,RB-FA-002262,2024-12-13T14:33:49.000Z,2024-12-13T17:03:11.000Z,Chat,Account Access,Locked Account,Closed,High,true,,7.4,BR-027,E-0139,false
RB-CS-002146,RB-C-01024-1,RB-FA-002262,2025-06-26T18:17:03.000Z,,Branch,Fraud,Card Compromised,Escalated,Medium,true,4,19.3,BR-027,E-0108,false
RB-CS-002147,RB-C-01027-1,RB-FA-002265,2024-10-25T13:13:00.000Z,2024-10-25T12:45:14.000Z,Email,Account Access,Locked Account,Closed,Medium,true,3,12.5,BR-030,E-0137,false
RB-CS-002148,RB-C-01027-1,RB-FA-002266,2025-07-30T14:34:54.000Z,2025-07-30T14:28:21.000Z,Email,Fraud,Account Takeover,Closed,Low,true,5,55.5,BR-030,E-0122,false
RB-CS-002149,RB-C-01029-1,RB-FA-002269,2024-12-17T12:03:22.000Z,2025-01-06T18:14:47.000Z,Voice,Card Dispute,Duplicate Charge,Closed,Low,false,,9.2,BR-024,E-0123,true
RB-CS-002150,RB-C-01029-1,RB-FA-002269,2025-07-05T08:57:43.000Z,2025-07-26T08:25:40.000Z,Voice,Account Access,MFA,Closed,Low,false,,23.4,BR-024,E-0091,true
RB-CS-002151,RB-C-01030-1,RB-FA-002270,2026-07-15T09:17:11.000Z,2026-07-15T12:04:00.000Z,Chat,Fee Inquiry,ATM Fee,Closed,Low,true,,14.0,BR-024,E-0089,true
RB-CS-002152,RB-C-01030-1,RB-FA-002270,2024-10-22T19:56:17.000Z,2024-10-22T12:59:28.000Z,Chat,Payments,Failed Transfer,Closed,High,true,4,11.6,BR-024,E-0075,true
RB-CS-002153,RB-C-01030-1,RB-FA-002270,2025-07-16T19:54:50.000Z,2025-07-16T12:26:53.000Z,Email,Fee Inquiry,Overdraft Fee,Closed,Low,true,,14.6,BR-024,E-0123,false
RB-CS-002154,RB-C-01030-1,RB-FA-002270,2025-09-03T19:47:56.000Z,2025-09-03T17:46:18.000Z,Mobile App,Product Question,Rates,Closed,Low,true,,14.7,BR-024,E-0134,false
RB-CS-002155,RB-C-01030-1,RB-FA-002271,2026-07-22T15:13:02.000Z,2026-07-22T17:33:17.000Z,Branch,Card Dispute,Duplicate Charge,Closed,Low,true,4,10.4,BR-024,E-0101,true
RB-CS-002156,RB-C-01030-1,RB-FA-002272,2026-08-12T09:45:27.000Z,2026-08-19T19:31:15.000Z,Chat,Fee Inquiry,Overdraft Fee,Closed,Medium,false,2,15.2,BR-024,E-0081,true
RB-CS-002157,RB-C-01031-1,RB-FA-002274,2025-03-14T13:25:00.000Z,2025-03-14T10:33:29.000Z,Voice,Account Access,MFA,Closed,Low,true,5,8.4,BR-018,E-0120,true
RB-CS-002158,RB-C-01033-1,RB-FA-002277,2024-11-16T11:32:27.000Z,2024-11-19T19:40:40.000Z,Mobile App,Fraud,Account Takeover,Closed,Medium,false,,8.0,BR-001,E-0088,false
RB-CS-002159,RB-C-01033-1,RB-FA-002278,2026-02-10T14:15:44.000Z,,Voice,Fee Inquiry,Monthly Maintenance,In Progress,Medium,true,3,4.9,BR-001,E-0090,false
RB-CS-002160,RB-C-01033-1,RB-FA-002278,2025-03-10T17:17:23.000Z,2025-03-10T08:27:25.000Z,Mobile App,Payments,Wire Status,Closed,Low,true,3,11.9,BR-001,E-0096,false
RB-CS-002161,RB-C-01033-1,RB-FA-002279,2026-02-23T08:23:11.000Z,2026-02-23T12:18:56.000Z,Voice,Product Question,Rates,Closed,Medium,true,5,26.9,BR-001,E-0117,true
RB-CS-002162,RB-C-01035-1,RB-FA-002284,2025-02-26T08:23:49.000Z,2025-02-26T12:38:38.000Z,Voice,Fee Inquiry,Overdraft Fee,Closed,Medium,true,4,6.2,BR-018,E-0120,false
RB-CS-002163,RB-C-01035-1,RB-FA-002285,2025-10-04T09:32:37.000Z,2025-10-04T12:29:38.000Z,Mobile App,Payments,Wire Status,Closed,Medium,true,2,27.8,BR-018,E-0106,false
RB-CS-002164,RB-C-01036-1,RB-FA-002286,2025-12-06T07:47:14.000Z,2025-12-18T14:56:10.000Z,Branch,Card Dispute,Merchant Refund,Closed,Low,false,,23.6,BR-017,E-0079,false
RB-CS-002165,RB-C-01036-1,RB-FA-002286,2025-01-29T08:29:07.000Z,,Voice,Fee Inquiry,Monthly Maintenance,Escalated,Low,false,5,12.6,BR-017,E-0065,false
RB-CS-002166,RB-C-01036-1,RB-FA-002286,2025-10-16T08:46:36.000Z,2025-10-24T13:17:49.000Z,Chat,Card Dispute,Duplicate Charge,Closed,Low,false,,5.8,BR-017,E-0133,true
RB-CS-002167,RB-C-01036-1,RB-FA-002286,2025-09-08T13:03:20.000Z,2025-09-15T07:09:15.000Z,Branch,Fee Inquiry,Overdraft Fee,Closed,Medium,false,1,7.3,BR-017,E-0112,false
RB-CS-002168,RB-C-01036-1,RB-FA-002287,2025-11-12T08:12:43.000Z,2025-11-12T17:27:29.000Z,Voice,Payments,Failed Transfer,Closed,Low,true,,8.0,BR-017,E-0127,true
RB-CS-002169,RB-C-01036-1,RB-FA-002287,2026-04-18T12:29:27.000Z,2026-04-18T16:43:00.000Z,Branch,Account Access,Password Reset,Closed,Medium,true,,3.1,BR-017,E-0074,false
RB-CS-002170,RB-C-01036-1,RB-FA-002287,2026-06-03T08:25:21.000Z,2026-06-03T14:12:26.000Z,Voice,Card Dispute,Duplicate Charge,Closed,Low,true,,6.1,BR-017,E-0087,false
RB-CS-002171,RB-C-01036-1,RB-FA-002287,2026-05-01T19:08:31.000Z,2026-05-01T13:19:36.000Z,Email,Card Dispute,Merchant Refund,Closed,Medium,true,,13.8,BR-017,E-0073,false
RB-CS-002172,RB-C-01037-1,RB-FA-002288,2026-06-12T11:51:56.000Z,2026-06-19T15:08:49.000Z,Branch,Product Question,Eligibility,Closed,Low,false,2,24.4,BR-005,E-0073,false
RB-CS-002173,RB-C-01037-1,RB-FA-002289,2025-08-09T19:33:25.000Z,2025-08-09T07:58:50.000Z,Chat,Fraud,Account Takeover,Closed,High,true,,26.9,BR-005,E-0075,false
RB-CS-002174,RB-C-01038-1,RB-FA-002290,2026-08-24T09:53:02.000Z,2026-08-24T17:06:29.000Z,Chat,Payments,Failed Transfer,Closed,Low,true,3,23.5,BR-021,E-0121,false
RB-CS-002175,RB-C-01039-1,RB-FA-002292,2025-08-06T18:41:06.000Z,,Mobile App,Product Question,Rates,Open,Low,true,4,12.1,BR-015,E-0076,false
RB-CS-002176,RB-C-01040-1,RB-FA-002294,2026-01-15T16:27:19.000Z,,Voice,Card Dispute,Merchant Refund,Open,High,false,5,6.0,BR-010,E-0078,true
RB-CS-002177,RB-C-01042-1,RB-FA-002298,2025-01-14T13:45:50.000Z,2025-02-04T10:10:02.000Z,Email,Card Dispute,Unrecognized Charge,Closed,High,false,3,24.2,BR-026,E-0110,false
RB-CS-002178,RB-C-01042-1,RB-FA-002298,2024-09-29T18:51:33.000Z,,Voice,Account Access,MFA,Open,Medium,true,1,3.7,BR-026,E-0082,true
RB-CS-002179,RB-C-01042-1,RB-FA-002298,2026-02-12T16:08:05.000Z,,Voice,Card Dispute,Merchant Refund,Open,Medium,false,,11.3,BR-026,E-0062,false
RB-CS-002180,RB-C-01042-1,RB-FA-002299,2025-12-14T10:20:47.000Z,2025-12-14T07:32:05.000Z,Voice,Product Question,Eligibility,Closed,Low,true,4,3.6,BR-026,E-0065,true
RB-CS-002181,RB-C-01043-1,RB-FA-002301,2025-12-23T12:16:06.000Z,2025-12-23T12:31:52.000Z,Mobile App,Card Dispute,Unrecognized Charge,Closed,Low,true,5,17.8,BR-022,E-0136,false
RB-CS-002182,RB-C-01044-1,RB-FA-002302,2025-11-21T11:21:44.000Z,2025-11-22T11:52:21.000Z,Email,Account Access,MFA,Closed,Medium,false,,21.3,BR-018,E-0122,false
RB-CS-002183,RB-C-01044-1,RB-FA-002303,2025-03-11T13:30:34.000Z,2025-03-11T12:38:13.000Z,Mobile App,Fee Inquiry,Overdraft Fee,Closed,Low,true,5,31.6,BR-018,E-0122,true
RB-CS-002184,RB-C-01044-1,RB-FA-002304,2025-10-03T17:48:26.000Z,2025-10-03T11:49:29.000Z,Chat,Card Dispute,Duplicate Charge,Closed,Medium,true,,14.2,BR-018,E-0061,false
RB-CS-002185,RB-C-01045-1,RB-FA-002305,2025-02-16T14:08:02.000Z,2025-02-16T13:03:45.000Z,Branch,Account Access,Locked Account,Closed,High,true,5,7.1,BR-007,E-0096,false
RB-CS-002186,RB-C-01045-1,RB-FA-002307,2025-10-27T08:40:49.000Z,2025-10-27T12:04:58.000Z,Voice,Product Question,Eligibility,Closed,Low,true,3,20.9,BR-007,E-0118,false
RB-CS-002187,RB-C-01045-1,RB-FA-002307,2024-12-18T08:30:13.000Z,,Chat,Card Dispute,Unrecognized Charge,Open,Medium,false,,13.4,BR-007,E-0105,false
RB-CS-002188,RB-C-01045-1,RB-FA-002307,2025-02-22T16:13:18.000Z,,Voice,Account Access,Locked Account,Escalated,High,false,2,17.2,BR-007,E-0084,true
RB-CS-002189,RB-C-01046-1,RB-FA-002309,2024-12-25T13:59:16.000Z,2024-12-25T13:05:30.000Z,Mobile App,Fee Inquiry,Monthly Maintenance,Closed,Medium,true,,4.8,BR-015,E-0127,true
RB-CS-002190,RB-C-01046-1,RB-FA-002309,2026-05-21T09:30:51.000Z,2026-05-21T16:11:07.000Z,Mobile App,Fraud,Card Compromised,Closed,Low,true,,14.7,BR-015,E-0104,true
RB-CS-002191,RB-C-01046-1,RB-FA-002309,2025-07-14T13:16:46.000Z,2025-07-20T11:10:34.000Z,Chat,Fee Inquiry,Monthly Maintenance,Closed,Low,false,4,11.9,BR-015,E-0090,false
RB-CS-002192,RB-C-01046-1,RB-FA-002309,2025-05-24T12:29:06.000Z,2025-05-24T16:20:46.000Z,Voice,Card Dispute,Unrecognized Charge,Closed,Low,true,5,8.3,BR-015,E-0065,false
RB-CS-002193,RB-C-01048-1,RB-FA-002311,2025-01-26T08:54:15.000Z,2025-01-26T16:38:25.000Z,Email,Fee Inquiry,ATM Fee,Closed,Low,true,4,31.6,BR-023,E-0131,true
RB-CS-002194,RB-C-01048-1,RB-FA-002312,2026-03-07T14:40:36.000Z,2026-03-07T10:01:51.000Z,Email,Payments,Failed Transfer,Closed,Low,true,4,28.7,BR-023,E-0131,true
RB-CS-002195,RB-C-01048-1,RB-FA-002312,2026-03-08T19:23:08.000Z,2026-03-10T07:46:06.000Z,Mobile App,Fraud,Card Compromised,Closed,Low,false,3,34.9,BR-023,E-0092,true
RB-CS-002196,RB-C-01048-1,RB-FA-002312,2026-03-16T13:19:46.000Z,2026-03-16T15:12:45.000Z,Voice,Account Access,Locked Account,Closed,High,true,,7.4,BR-023,E-0120,false
RB-CS-002197,RB-C-01049-1,RB-FA-002313,2026-03-26T14:29:37.000Z,2026-03-26T11:29:55.000Z,Mobile App,Product Question,Eligibility,Closed,Medium,true,4,10.9,BR-007,E-0131,false
RB-CS-002198,RB-C-01049-1,RB-FA-002313,2025-01-03T09:49:53.000Z,2025-01-03T17:55:39.000Z,Email,Payments,Bill Pay,Closed,Medium,true,,22.7,BR-007,E-0131,false
RB-CS-002199,RB-C-01049-1,RB-FA-002314,2025-07-10T16:25:50.000Z,,Branch,Card Dispute,Merchant Refund,Escalated,High,false,,15.5,BR-007,E-0093,false
RB-CS-002200,RB-C-01049-1,RB-FA-002314,2024-11-24T15:36:25.000Z,2024-11-25T14:11:07.000Z,Mobile App,Product Question,Rates,Closed,Medium,false,5,11.5,BR-007,E-0130,false
RB-CS-002201,RB-C-01049-1,RB-FA-002314,2026-06-20T17:51:34.000Z,2026-07-08T08:16:58.000Z,Email,Fee Inquiry,ATM Fee,Closed,Medium,false,,23.2,BR-007,E-0133,true
RB-CS-002202,RB-C-01049-1,RB-FA-002315,2026-02-08T11:03:10.000Z,2026-02-13T07:47:57.000Z,Chat,Card Dispute,Merchant Refund,Closed,Low,false,5,18.6,BR-007,E-0125,true
RB-CS-002203,RB-C-01051-1,RB-FA-002318,2025-08-14T14:03:01.000Z,2025-08-16T19:38:22.000Z,Email,Account Access,Password Reset,Closed,Medium,false,1,60.7,BR-017,E-0110,true
RB-CS-002204,RB-C-01051-1,RB-FA-002319,2024-09-05T16:16:40.000Z,2024-09-05T19:59:47.000Z,Branch,Product Question,Rates,Closed,Low,true,,11.0,BR-017,E-0061,true
RB-CS-002205,RB-C-01052-1,RB-FA-002323,2025-10-26T14:05:42.000Z,,Mobile App,Card Dispute,Duplicate Charge,In Progress,Low,false,,60.7,BR-007,E-0087,false
RB-CS-002206,RB-C-01052-1,RB-FA-002323,2025-06-23T11:44:25.000Z,2025-06-23T16:19:48.000Z,Mobile App,Payments,Bill Pay,Closed,Medium,true,4,3.6,BR-007,E-0133,true
RB-CS-002207,RB-C-01052-1,RB-FA-002323,2025-03-07T09:12:00.000Z,,Chat,Card Dispute,Unrecognized Charge,Open,High,false,4,8.5,BR-007,E-0106,false
RB-CS-002208,RB-C-01053-1,RB-FA-002324,2026-05-28T19:28:29.000Z,,Mobile App,Product Question,Eligibility,In Progress,Low,false,3,13.8,BR-030,E-0120,false
RB-CS-002209,RB-C-01053-1,RB-FA-002326,2025-09-30T15:16:59.000Z,2025-09-30T08:10:44.000Z,Chat,Card Dispute,Unrecognized Charge,Closed,Low,true,4,5.2,BR-030,E-0133,false
RB-CS-002210,RB-C-01054-1,RB-FA-002327,2026-04-18T15:29:51.000Z,,Voice,Product Question,Rates,Open,Low,true,3,12.4,BR-028,E-0064,true
RB-CS-002211,RB-C-01054-1,RB-FA-002327,2024-10-15T17:38:22.000Z,2024-10-15T10:06:53.000Z,Voice,Fee Inquiry,Monthly Maintenance,Closed,High,true,3,3.5,BR-028,E-0140,false
RB-CS-002212,RB-C-01054-1,RB-FA-002327,2025-11-02T19:29:07.000Z,2025-11-22T13:40:07.000Z,Chat,Card Dispute,Duplicate Charge,Closed,Medium,false,4,9.4,BR-028,E-0105,true
RB-CS-002213,RB-C-01054-1,RB-FA-002328,2025-12-25T10:57:01.000Z,2025-12-25T13:31:47.000Z,Email,Card Dispute,Unrecognized Charge,Closed,Low,true,4,14.4,BR-028,E-0117,false
RB-CS-002214,RB-C-01054-1,RB-FA-002328,2026-07-24T09:54:31.000Z,2026-07-24T10:48:49.000Z,Voice,Product Question,Eligibility,Closed,Low,true,,8.5,BR-028,E-0116,false
RB-CS-002215,RB-C-01054-1,RB-FA-002328,2024-10-24T13:19:22.000Z,2024-10-26T16:09:50.000Z,Email,Account Access,MFA,Closed,Low,false,,15.5,BR-028,E-0103,true
RB-CS-002216,RB-C-01054-1,RB-FA-002328,2025-05-04T12:47:12.000Z,2025-05-04T07:53:50.000Z,Email,Account Access,Locked Account,Closed,Low,true,1,67.9,BR-028,E-0084,false
RB-CS-002217,RB-C-01054-1,RB-FA-002329,2025-10-06T07:56:52.000Z,2025-10-16T13:15:16.000Z,Mobile App,Payments,Bill Pay,Closed,Low,false,,18.6,BR-028,E-0103,true
RB-CS-002218,RB-C-01055-1,RB-FA-002331,2025-01-26T13:25:27.000Z,2025-02-15T10:35:18.000Z,Voice,Card Dispute,Unrecognized Charge,Closed,Medium,false,,17.4,BR-008,E-0110,true
RB-CS-002219,RB-C-01055-1,RB-FA-002331,2025-05-30T15:29:18.000Z,2025-06-14T16:23:56.000Z,Chat,Account Access,Password Reset,Closed,High,false,4,20.1,BR-008,E-0088,false
RB-CS-002220,RB-C-01055-1,RB-FA-002331,2025-11-06T11:18:32.000Z,2025-11-06T10:02:33.000Z,Email,Card Dispute,Merchant Refund,Closed,Low,true,,17.3,BR-008,E-0114,false
RB-CS-002221,RB-C-01055-1,RB-FA-002332,2026-01-11T14:52:19.000Z,2026-01-11T07:09:56.000Z,Mobile App,Account Access,MFA,Closed,Low,true,5,12.3,BR-008,E-0098,true
RB-CS-002222,RB-C-01056-1,RB-FA-002333,2026-05-24T14:46:04.000Z,2026-06-06T10:35:11.000Z,Mobile App,Account Access,Password Reset,Closed,Low,false,,8.5,BR-002,E-0116,true
RB-CS-002223,RB-C-01057-1,RB-FA-002335,2025-01-01T17:51:55.000Z,2025-01-01T15:33:28.000Z,Email,Account Access,MFA,Closed,Low,true,,34.1,BR-007,E-0105,false
RB-CS-002224,RB-C-01058-1,RB-FA-002336,2025-05-10T16:17:16.000Z,2025-05-10T19:45:04.000Z,Chat,Account Access,Password Reset,Closed,Medium,true,4,10.9,BR-021,E-0086,true
RB-CS-002225,RB-C-01058-1,RB-FA-002337,2025-10-06T16:06:16.000Z,2025-10-06T14:28:53.000Z,Voice,Fee Inquiry,Monthly Maintenance,Closed,Medium,true,5,24.6,BR-021,E-0132,false
RB-CS-002226,RB-C-01058-1,RB-FA-002337,2025-05-27T15:49:07.000Z,2025-05-27T19:30:19.000Z,Voice,Fee Inquiry,Overdraft Fee,Closed,Medium,true,5,10.4,BR-021,E-0064,true
RB-CS-002227,RB-C-01059-1,RB-FA-002338,2026-06-25T07:28:52.000Z,2026-06-25T18:46:02.000Z,Mobile App,Account Access,Password Reset,Closed,Medium,true,5,6.4,BR-009,E-0062,false
RB-CS-002228,RB-C-01059-1,RB-FA-002338,2025-10-26T14:50:46.000Z,2025-10-26T15:11:00.000Z,Voice,Card Dispute,Merchant Refund,Closed,Low,true,,6.3,BR-009,E-0077,false
RB-CS-002229,RB-C-01059-1,RB-FA-002340,2025-04-26T11:20:24.000Z,2025-05-17T09:56:26.000Z,Mobile App,Account Access,MFA,Closed,Low,false,5,9.9,BR-009,E-0064,false
RB-CS-002230,RB-C-01059-1,RB-FA-002340,2025-03-19T14:54:48.000Z,2025-03-19T14:34:30.000Z,Chat,Account Access,MFA,Closed,High,true,,9.9,BR-009,E-0076,true
RB-CS-002231,RB-C-01059-1,RB-FA-002340,2025-04-11T11:59:23.000Z,2025-04-11T16:53:11.000Z,Voice,Fee Inquiry,Monthly Maintenance,Closed,Medium,true,4,6.4,BR-009,E-0076,false
RB-CS-002232,RB-C-01059-1,RB-FA-002340,2025-08-16T11:39:04.000Z,2025-08-17T07:25:38.000Z,Voice,Account Access,Locked Account,Closed,Low,false,2,12.7,BR-009,E-0128,false
RB-CS-002233,RB-C-01060-1,RB-FA-002342,2024-09-20T15:21:02.000Z,2024-09-25T15:54:39.000Z,Voice,Card Dispute,Duplicate Charge,Closed,Medium,false,,16.8,BR-003,E-0082,false
RB-CS-002234,RB-C-01060-1,RB-FA-002342,2026-01-19T07:03:15.000Z,2026-02-05T15:46:52.000Z,Mobile App,Fee Inquiry,Overdraft Fee,Closed,Medium,false,,9.1,BR-003,E-0116,false
RB-CS-002235,RB-C-01060-1,RB-FA-002342,2025-06-20T11:56:52.000Z,2025-06-20T18:41:32.000Z,Email,Fee Inquiry,ATM Fee,Closed,Medium,true,,9.4,BR-003,E-0081,false
RB-CS-002236,RB-C-01061-1,RB-FA-002343,2024-11-30T17:38:54.000Z,2024-11-30T17:23:07.000Z,Voice,Account Access,Password Reset,Closed,Low,true,4,26.8,BR-024,E-0119,false
RB-CS-002237,RB-C-01061-1,RB-FA-002344,2026-07-21T16:23:15.000Z,2026-08-01T12:05:30.000Z,Chat,Card Dispute,Merchant Refund,Closed,Low,false,1,7.4,BR-024,E-0114,false
RB-CS-002238,RB-C-01061-1,RB-FA-002344,2025-06-09T19:42:37.000Z,2025-06-09T18:56:19.000Z,Voice,Fraud,Account Takeover,Closed,Low,true,3,8.6,BR-024,E-0137,false
RB-CS-002239,RB-C-01061-1,RB-FA-002344,2026-07-14T08:58:47.000Z,2026-07-14T17:35:13.000Z,Chat,Fraud,Account Takeover,Closed,Low,true,4,9.2,BR-024,E-0097,true
RB-CS-002240,RB-C-01061-1,RB-FA-002346,2026-02-04T08:36:58.000Z,2026-02-04T08:47:00.000Z,Voice,Account Access,MFA,Closed,Low,true,,16.1,BR-024,E-0110,false
RB-CS-002241,RB-C-01063-1,RB-FA-002348,2025-07-05T07:07:11.000Z,2025-07-05T14:15:20.000Z,Voice,Fee Inquiry,Overdraft Fee,Closed,Low,true,4,5.3,BR-009,E-0078,false
RB-CS-002242,RB-C-01063-1,RB-FA-002348,2026-06-20T19:08:50.000Z,2026-06-26T15:30:36.000Z,Voice,Card Dispute,Merchant Refund,Closed,Low,false,,10.5,BR-009,E-0125,false
RB-CS-002243,RB-C-01063-1,RB-FA-002350,2025-02-23T18:50:58.000Z,,Branch,Fraud,Account Takeover,Escalated,Medium,true,,16.1,BR-009,E-0076,false
RB-CS-002244,RB-C-01064-1,RB-FA-002352,2025-09-29T08:44:41.000Z,2025-09-29T13:02:33.000Z,Mobile App,Card Dispute,Unrecognized Charge,Closed,Medium,true,4,17.6,BR-024,E-0076,true
RB-CS-002245,RB-C-01064-1,RB-FA-002352,2025-08-04T11:02:50.000Z,2025-08-04T08:06:54.000Z,Voice,Fraud,Card Compromised,Closed,Low,true,4,7.0,BR-024,E-0078,false
RB-CS-002246,RB-C-01064-1,RB-FA-002352,2025-10-11T08:13:05.000Z,2025-10-11T07:56:06.000Z,Voice,Card Dispute,Merchant Refund,Closed,Low,true,,6.9,BR-024,E-0081,false
RB-CS-002247,RB-C-01064-1,RB-FA-002353,2024-10-12T17:47:27.000Z,2024-10-12T16:23:06.000Z,Voice,Product Question,Rates,Closed,Low,true,3,12.4,BR-024,E-0108,false
RB-CS-002248,RB-C-01065-1,RB-FA-002354,2025-01-08T17:30:12.000Z,,Chat,Card Dispute,Duplicate Charge,Open,Medium,false,1,8.9,BR-029,E-0097,false
RB-CS-002249,RB-C-01065-1,RB-FA-002356,2025-10-29T16:08:56.000Z,2025-10-29T13:50:20.000Z,Chat,Fraud,Card Compromised,Closed,Low,true,5,7.6,BR-029,E-0115,true
RB-CS-002250,RB-C-01065-1,RB-FA-002357,2026-06-06T07:25:56.000Z,2026-06-06T16:25:46.000Z,Voice,Account Access,MFA,Closed,Low,true,4,33.7,BR-029,E-0103,true
RB-CS-002251,RB-C-01066-1,RB-FA-002358,2026-07-23T11:39:08.000Z,2026-07-23T13:24:28.000Z,Chat,Account Access,MFA,Closed,Low,true,3,9.3,BR-008,E-0107,false
RB-CS-002252,RB-C-01067-1,RB-FA-002362,2025-01-17T12:43:59.000Z,2025-01-17T12:57:26.000Z,Voice,Account Access,Password Reset,Closed,Medium,true,,11.2,BR-001,E-0129,true
RB-CS-002253,RB-C-01067-1,RB-FA-002363,2025-07-11T08:10:16.000Z,2025-07-15T12:12:36.000Z,Chat,Card Dispute,Duplicate Charge,Closed,Low,false,,16.5,BR-001,E-0069,true
RB-CS-002254,RB-C-01067-1,RB-FA-002364,2026-02-27T10:27:48.000Z,,Mobile App,Product Question,Rates,Escalated,Medium,true,,24.7,BR-001,E-0083,false
RB-CS-002255,RB-C-01068-1,RB-FA-002366,2024-12-11T19:11:46.000Z,2024-12-11T10:40:44.000Z,Mobile App,Account Access,MFA,Closed,High,true,,15.5,BR-028,E-0138,true
RB-CS-002256,RB-C-01069-1,RB-FA-002367,2025-11-25T07:14:10.000Z,2025-12-10T16:35:52.000Z,Email,Fee Inquiry,ATM Fee,Closed,Low,false,,58.1,BR-010,E-0121,false
RB-CS-002257,RB-C-01069-1,RB-FA-002368,2025-06-05T09:40:44.000Z,2025-06-05T09:23:19.000Z,Voice,Fraud,Card Compromised,Closed,Medium,true,,9.7,BR-010,E-0115,true
RB-CS-002258,RB-C-01069-1,RB-FA-002368,2025-07-21T13:03:11.000Z,2025-07-21T19:00:25.000Z,Voice,Account Access,MFA,Closed,Low,true,4,9.6,BR-010,E-0062,false
RB-CS-002259,RB-C-01069-1,RB-FA-002368,2025-08-23T10:43:50.000Z,2025-08-23T10:22:28.000Z,Mobile App,Account Access,MFA,Closed,High,true,,21.1,BR-010,E-0067,true
RB-CS-002260,RB-C-01069-1,RB-FA-002369,2025-04-25T16:10:37.000Z,2025-04-25T07:21:11.000Z,Branch,Fee Inquiry,Overdraft Fee,Closed,Low,true,,9.3,BR-010,E-0121,false
RB-CS-002261,RB-C-01072-1,RB-FA-002376,2026-07-15T14:35:00.000Z,2026-07-15T07:44:41.000Z,Mobile App,Payments,Failed Transfer,Closed,Medium,true,2,37.0,BR-006,E-0137,false
RB-CS-002262,RB-C-01073-1,RB-FA-002377,2025-01-29T08:55:23.000Z,,Chat,Account Access,Password Reset,Open,Medium,false,,17.4,BR-006,E-0062,false
RB-CS-002263,RB-C-01075-1,RB-FA-002379,2026-08-16T19:23:59.000Z,,Chat,Account Access,MFA,In Progress,Medium,true,5,15.0,BR-025,E-0133,true
RB-CS-002264,RB-C-01075-1,RB-FA-002380,2026-06-11T07:20:02.000Z,2026-06-11T14:13:17.000Z,Voice,Account Access,MFA,Closed,High,true,4,8.6,BR-025,E-0066,true
RB-CS-002265,RB-C-01075-1,RB-FA-002382,2026-08-01T14:07:55.000Z,2026-08-01T10:42:39.000Z,Voice,Payments,Bill Pay,Closed,Low,true,5,14.5,BR-025,E-0091,true
RB-CS-002266,RB-C-01075-1,RB-FA-002382,2024-12-08T16:39:35.000Z,2024-12-29T19:26:33.000Z,Chat,Payments,Failed Transfer,Closed,Medium,false,3,11.0,BR-025,E-0062,false
RB-CS-002267,RB-C-01075-1,RB-FA-002382,2025-03-31T13:06:53.000Z,2025-03-31T08:14:05.000Z,Chat,Account Access,Password Reset,Closed,Medium,true,,20.8,BR-025,E-0063,true
RB-CS-002268,RB-C-01076-1,RB-FA-002383,2026-07-01T08:28:30.000Z,2026-07-01T16:16:25.000Z,Mobile App,Payments,Wire Status,Closed,High,true,,13.7,BR-009,E-0102,false
RB-CS-002269,RB-C-01076-1,RB-FA-002384,2025-01-30T15:55:07.000Z,2025-01-30T08:10:38.000Z,Voice,Account Access,Locked Account,Closed,Medium,true,,10.9,BR-009,E-0123,false
RB-CS-002270,RB-C-01076-1,RB-FA-002385,2024-09-24T07:12:54.000Z,2024-09-28T14:23:18.000Z,Chat,Account Access,Locked Account,Closed,Medium,false,,4.3,BR-009,E-0080,false
RB-CS-002271,RB-C-01076-1,RB-FA-002385,2026-04-22T17:35:20.000Z,2026-04-22T08:02:44.000Z,Mobile App,Card Dispute,Duplicate Charge,Closed,Medium,true,4,8.8,BR-009,E-0135,true
RB-CS-002272,RB-C-01076-1,RB-FA-002385,2024-11-18T14:42:27.000Z,2024-11-18T16:33:06.000Z,Voice,Product Question,Eligibility,Closed,Medium,true,,8.2,BR-009,E-0064,true
RB-CS-002273,RB-C-01077-1,RB-FA-002386,2025-06-14T19:05:06.000Z,2025-06-23T17:46:58.000Z,Chat,Card Dispute,Duplicate Charge,Closed,Medium,false,,9.3,BR-021,E-0083,false
RB-CS-002274,RB-C-01078-1,RB-FA-002388,2026-05-31T12:57:28.000Z,2026-06-21T17:47:43.000Z,Email,Card Dispute,Unrecognized Charge,Closed,Medium,false,5,29.1,BR-003,E-0138,true
RB-CS-002275,RB-C-01078-1,RB-FA-002388,2025-09-16T13:40:05.000Z,2025-09-25T11:29:36.000Z,Voice,Card Dispute,Duplicate Charge,Closed,High,false,1,16.0,BR-003,E-0093,true
RB-CS-002276,RB-C-01078-1,RB-FA-002388,2025-04-05T17:43:39.000Z,2025-04-05T14:48:03.000Z,Branch,Fraud,Card Compromised,Closed,Low,true,1,11.5,BR-003,E-0123,false
RB-CS-002277,RB-C-01078-1,RB-FA-002388,2025-12-03T15:20:45.000Z,,Voice,Account Access,Password Reset,Open,Low,false,,16.7,BR-003,E-0136,false
RB-CS-002278,RB-C-01079-1,RB-FA-002391,2024-12-22T13:19:43.000Z,2024-12-22T14:16:56.000Z,Chat,Fee Inquiry,Monthly Maintenance,Closed,High,true,,5.1,BR-026,E-0122,false
RB-CS-002279,RB-C-01081-1,RB-FA-002394,2025-04-07T18:20:40.000Z,2025-04-07T16:44:56.000Z,Email,Payments,Bill Pay,Closed,Medium,true,2,52.6,BR-009,E-0077,true
RB-CS-002280,RB-C-01082-1,RB-FA-002399,2025-03-17T15:35:03.000Z,2025-03-25T07:44:16.000Z,Voice,Card Dispute,Merchant Refund,Closed,High,false,4,10.5,BR-026,E-0094,false
RB-CS-002281,RB-C-01082-1,RB-FA-002399,2026-08-24T13:16:01.000Z,,Chat,Account Access,MFA,Open,Low,false,5,17.5,BR-026,E-0130,true
RB-CS-002282,RB-C-01082-1,RB-FA-002399,2025-04-23T16:10:31.000Z,2025-04-26T18:34:36.000Z,Email,Card Dispute,Duplicate Charge,Closed,Low,false,,27.0,BR-026,E-0092,false
RB-CS-002283,RB-C-01082-1,RB-FA-002399,2026-01-10T17:16:03.000Z,2026-01-17T08:53:39.000Z,Chat,Fraud,Card Compromised,Closed,Low,false,3,9.4,BR-026,E-0088,true
RB-CS-002284,RB-C-01082-1,RB-FA-002400,2026-02-06T19:27:23.000Z,2026-02-06T12:45:20.000Z,Chat,Payments,Failed Transfer,Closed,Low,true,3,11.3,BR-026,E-0104,false
RB-CS-002285,RB-C-01082-1,RB-FA-002401,2024-11-18T08:32:09.000Z,2024-11-18T09:26:46.000Z,Voice,Card Dispute,Unrecognized Charge,Closed,Medium,true,,21.9,BR-026,E-0082,true
RB-CS-002286,RB-C-01083-1,RB-FA-002403,2024-12-01T15:23:01.000Z,2024-12-01T08:02:26.000Z,Chat,Product Question,Eligibility,Closed,Low,true,4,5.2,BR-019,E-0107,false
RB-CS-002287,RB-C-01083-1,RB-FA-002403,2024-12-30T15:40:38.000Z,2024-12-30T10:19:16.000Z,Voice,Card Dispute,Unrecognized Charge,Closed,Low,true,,13.6,BR-019,E-0133,true
RB-CS-002288,RB-C-01083-1,RB-FA-002403,2026-01-31T14:38:23.000Z,,Email,Account Access,Locked Account,In Progress,Low,true,,26.6,BR-019,E-0064,true
RB-CS-002289,RB-C-01086-1,RB-FA-002407,2026-08-13T14:55:25.000Z,,Voice,Product Question,Rates,Escalated,Medium,false,,9.1,BR-029,E-0104,true
RB-CS-002290,RB-C-01086-1,RB-FA-002408,2024-10-02T17:39:19.000Z,,Chat,Product Question,Rates,In Progress,Low,true,,14.2,BR-029,E-0085,true
RB-CS-002291,RB-C-01087-1,RB-FA-002409,2024-09-18T16:32:07.000Z,2024-09-18T13:44:32.000Z,Mobile App,Account Access,MFA,Closed,Low,true,,13.9,BR-007,E-0078,false
RB-CS-002292,RB-C-01087-1,RB-FA-002409,2025-12-05T12:45:19.000Z,2025-12-05T18:07:26.000Z,Email,Fee Inquiry,ATM Fee,Closed,Medium,true,3,30.8,BR-007,E-0131,true
RB-CS-002293,RB-C-01087-1,RB-FA-002409,2026-07-24T18:18:15.000Z,2026-07-24T16:30:38.000Z,Voice,Fraud,Card Compromised,Closed,Low,true,2,13.1,BR-007,E-0092,false
RB-CS-002294,RB-C-01087-1,RB-FA-002410,2026-01-15T16:18:36.000Z,2026-02-04T18:24:13.000Z,Voice,Account Access,Locked Account,Closed,Medium,false,3,12.7,BR-007,E-0137,false
RB-CS-002295,RB-C-01088-1,RB-FA-002411,2026-05-04T18:35:42.000Z,2026-05-04T10:23:49.000Z,Voice,Account Access,MFA,Closed,Medium,true,,31.7,BR-016,E-0087,false
RB-CS-002296,RB-C-01088-1,RB-FA-002411,2025-11-16T10:41:28.000Z,2025-11-16T10:04:20.000Z,Mobile App,Fee Inquiry,Monthly Maintenance,Closed,Medium,true,,12.4,BR-016,E-0087,true
RB-CS-002297,RB-C-01088-1,RB-FA-002411,2025-09-09T19:49:33.000Z,2025-09-09T12:00:19.000Z,Voice,Account Access,Password Reset,Closed,Low,true,4,7.5,BR-016,E-0140,true
RB-CS-002298,RB-C-01089-1,RB-FA-002412,2025-10-09T16:42:11.000Z,,Chat,Payments,Wire Status,Open,High,false,3,7.7,BR-020,E-0114,false
RB-CS-002299,RB-C-01090-1,RB-FA-002414,2026-01-08T12:14:07.000Z,,Mobile App,Fee Inquiry,ATM Fee,In Progress,Low,false,,11.9,BR-023,E-0075,false
RB-CS-002300,RB-C-01090-1,RB-FA-002414,2024-11-19T11:05:21.000Z,2024-11-19T10:23:04.000Z,Branch,Account Access,Locked Account,Closed,Low,true,,12.4,BR-023,E-0136,true
RB-CS-002301,RB-C-01090-1,RB-FA-002414,2025-12-31T10:00:11.000Z,2025-12-31T09:01:33.000Z,Voice,Product Question,Eligibility,Closed,Medium,true,4,28.5,BR-023,E-0085,false
RB-CS-002302,RB-C-01090-1,RB-FA-002414,2026-06-24T08:10:49.000Z,2026-06-24T13:04:43.000Z,Mobile App,Product Question,Eligibility,Closed,Low,true,,11.7,BR-023,E-0109,false
RB-CS-002303,RB-C-01090-1,RB-FA-002415,2026-03-04T11:12:48.000Z,2026-03-04T14:47:49.000Z,Mobile App,Fee Inquiry,ATM Fee,Closed,Medium,true,,6.7,BR-023,E-0100,false
RB-CS-002304,RB-C-01090-1,RB-FA-002415,2025-12-01T15:45:30.000Z,2025-12-01T10:19:28.000Z,Voice,Card Dispute,Duplicate Charge,Closed,Low,true,5,10.7,BR-023,E-0088,true
RB-CS-002305,RB-C-01091-1,RB-FA-002416,2026-08-10T12:03:41.000Z,2026-08-10T07:29:46.000Z,Chat,Card Dispute,Merchant Refund,Closed,Medium,true,3,19.6,BR-011,E-0075,false
RB-CS-002306,RB-C-01091-1,RB-FA-002417,2024-09-20T07:09:47.000Z,2024-09-20T13:51:55.000Z,Branch,Card Dispute,Unrecognized Charge,Closed,Medium,true,1,18.8,BR-011,E-0132,false
RB-CS-002307,RB-C-01092-1,RB-FA-002418,2026-02-09T15:24:22.000Z,2026-02-15T10:32:04.000Z,Mobile App,Account Access,Locked Account,Closed,Low,false,,5.4,BR-012,E-0117,false
RB-CS-002308,RB-C-01092-1,RB-FA-002419,2025-11-03T14:55:42.000Z,2025-11-18T13:33:15.000Z,Chat,Card Dispute,Unrecognized Charge,Closed,Low,false,3,7.6,BR-012,E-0098,false
RB-CS-002309,RB-C-01092-1,RB-FA-002420,2025-01-09T07:11:24.000Z,2025-01-23T14:27:27.000Z,Email,Fraud,Account Takeover,Closed,Low,false,,62.4,BR-012,E-0061,false
RB-CS-002310,RB-C-01092-1,RB-FA-002420,2026-05-10T19:48:59.000Z,2026-05-10T11:54:19.000Z,Email,Fee Inquiry,Monthly Maintenance,Closed,High,true,,26.4,BR-012,E-0075,true
RB-CS-002311,RB-C-01092-1,RB-FA-002420,2026-01-13T17:09:24.000Z,,Email,Product Question,Eligibility,Open,Low,true,5,38.5,BR-012,E-0140,true
RB-CS-002312,RB-C-01092-1,RB-FA-002421,2026-05-25T13:45:38.000Z,2026-05-25T15:23:29.000Z,Chat,Card Dispute,Merchant Refund,Closed,Low,true,5,18.3,BR-012,E-0096,true
RB-CS-002313,RB-C-01092-1,RB-FA-002421,2025-02-16T11:26:10.000Z,2025-02-16T10:37:14.000Z,Voice,Product Question,Rates,Closed,Low,true,3,8.3,BR-012,E-0063,false
RB-CS-002314,RB-C-01094-1,RB-FA-002423,2025-06-20T15:12:36.000Z,,Chat,Account Access,Password Reset,Open,Medium,true,4,4.3,BR-002,E-0136,false
RB-CS-002315,RB-C-01095-1,RB-FA-002425,2026-06-01T17:30:10.000Z,2026-06-01T07:45:40.000Z,Voice,Fraud,Account Takeover,Closed,Low,true,,8.2,BR-012,E-0079,false
RB-CS-002316,RB-C-01095-1,RB-FA-002425,2026-05-11T09:08:27.000Z,,Voice,Card Dispute,Merchant Refund,Open,Low,true,,31.0,BR-012,E-0121,true
RB-CS-002317,RB-C-01095-1,RB-FA-002425,2025-08-22T08:21:26.000Z,,Voice,Fee Inquiry,Monthly Maintenance,In Progress,Medium,false,,19.4,BR-012,E-0076,false
RB-CS-002318,RB-C-01095-1,RB-FA-002426,2024-11-25T16:31:42.000Z,2024-11-25T11:53:15.000Z,Chat,Fee Inquiry,Monthly Maintenance,Closed,Low,true,3,9.1,BR-012,E-0106,true
RB-CS-002319,RB-C-01095-1,RB-FA-002427,2024-12-23T19:33:32.000Z,2024-12-23T13:07:55.000Z,Voice,Fee Inquiry,Overdraft Fee,Closed,Medium,true,4,5.9,BR-012,E-0134,false
RB-CS-002320,RB-C-01095-1,RB-FA-002427,2024-12-26T07:29:50.000Z,2024-12-26T11:39:20.000Z,Chat,Product Question,Rates,Closed,Medium,true,5,12.7,BR-012,E-0064,true
RB-CS-002321,RB-C-01095-1,RB-FA-002427,2025-01-20T12:35:31.000Z,2025-01-20T07:36:59.000Z,Voice,Card Dispute,Unrecognized Charge,Closed,High,true,4,15.4,BR-012,E-0132,false
RB-CS-002322,RB-C-01095-1,RB-FA-002427,2026-07-25T10:56:36.000Z,,Voice,Product Question,Eligibility,Open,Medium,true,1,4.9,BR-012,E-0131,false
RB-CS-002323,RB-C-01096-1,RB-FA-002429,2025-08-07T10:32:41.000Z,2025-08-07T15:15:52.000Z,Voice,Fee Inquiry,Overdraft Fee,Closed,Medium,true,5,45.0,BR-029,E-0140,true
RB-CS-002324,RB-C-01096-1,RB-FA-002429,2026-07-23T16:28:26.000Z,2026-07-23T19:47:03.000Z,Mobile App,Account Access,Password Reset,Closed,Low,true,,13.9,BR-029,E-0120,false
RB-CS-002325,RB-C-01096-1,RB-FA-002429,2025-06-06T08:24:24.000Z,2025-06-16T16:12:49.000Z,Chat,Account Access,Locked Account,Closed,High,false,5,17.0,BR-029,E-0135,false
RB-CS-002326,RB-C-01096-1,RB-FA-002430,2025-09-10T15:23:09.000Z,2025-09-15T09:03:43.000Z,Email,Account Access,Password Reset,Closed,High,false,,16.2,BR-029,E-0124,true
RB-CS-002327,RB-C-01096-1,RB-FA-002430,2026-02-03T07:58:16.000Z,2026-02-19T09:48:49.000Z,Chat,Fee Inquiry,Monthly Maintenance,Closed,Medium,false,,8.7,BR-029,E-0137,true
RB-CS-002328,RB-C-01096-1,RB-FA-002430,2025-07-18T07:37:00.000Z,2025-07-21T12:13:38.000Z,Voice,Account Access,Locked Account,Closed,Low,false,3,12.5,BR-029,E-0131,true
RB-CS-002329,RB-C-01096-1,RB-FA-002431,2024-11-29T17:49:21.000Z,2024-12-14T15:13:36.000Z,Voice,Fraud,Card Compromised,Closed,Low,false,5,9.1,BR-029,E-0091,false
RB-CS-002330,RB-C-01097-1,RB-FA-002432,2026-06-12T11:17:27.000Z,2026-06-12T09:42:50.000Z,Voice,Fee Inquiry,Monthly Maintenance,Closed,Medium,true,,27.2,BR-027,E-0122,true
RB-CS-002331,RB-C-01097-1,RB-FA-002432,2026-06-03T14:59:34.000Z,2026-06-03T12:50:02.000Z,Voice,Fraud,Card Compromised,Closed,Low,true,3,11.4,BR-027,E-0061,true
RB-CS-002332,RB-C-01098-1,RB-FA-002435,2025-06-20T18:34:50.000Z,2025-06-20T15:03:11.000Z,Email,Account Access,MFA,Closed,Low,true,,30.3,BR-021,E-0084,false
RB-CS-002333,RB-C-01098-1,RB-FA-002435,2025-10-01T15:40:19.000Z,,Email,Account Access,MFA,Open,Low,false,,26.6,BR-021,E-0091,false
RB-CS-002334,RB-C-01099-1,RB-FA-002437,2026-02-05T18:22:28.000Z,2026-02-25T15:49:23.000Z,Chat,Account Access,MFA,Closed,Low,false,3,4.2,BR-003,E-0088,false
RB-CS-002335,RB-C-01101-1,RB-FA-002440,2026-04-21T17:41:04.000Z,2026-04-21T19:02:32.000Z,Voice,Card Dispute,Unrecognized Charge,Closed,Low,true,,6.3,BR-012,E-0136,true
RB-CS-002336,RB-C-01101-1,RB-FA-002440,2026-08-13T16:22:29.000Z,2026-08-23T11:55:56.000Z,Chat,Account Access,Password Reset,Closed,Low,false,,9.9,BR-012,E-0071,false
RB-CS-002337,RB-C-01103-1,RB-FA-002443,2024-09-07T10:55:19.000Z,2024-09-07T16:27:42.000Z,Chat,Payments,Bill Pay,Closed,Medium,true,1,11.3,BR-010,E-0107,false
RB-CS-002338,RB-C-01103-1,RB-FA-002443,2026-06-23T12:07:39.000Z,2026-06-23T07:58:03.000Z,Voice,Account Access,Locked Account,Closed,Medium,true,,19.0,BR-010,E-0067,true
RB-CS-002339,RB-C-01104-1,RB-FA-002446,2025-03-30T14:32:06.000Z,2025-03-30T19:23:41.000Z,Email,Fraud,Account Takeover,Closed,Low,true,4,16.1,BR-026,E-0123,true
RB-CS-002340,RB-C-01104-1,RB-FA-002446,2025-11-26T17:15:38.000Z,2025-11-26T15:56:47.000Z,Email,Fee Inquiry,Overdraft Fee,Closed,Medium,true,,48.8,BR-026,E-0120,false
RB-CS-002341,RB-C-01105-1,RB-FA-002448,2026-03-21T09:17:08.000Z,2026-03-21T17:14:40.000Z,Chat,Fee Inquiry,Overdraft Fee,Closed,Low,true,5,17.8,BR-010,E-0084,true
RB-CS-002342,RB-C-01105-1,RB-FA-002448,2025-07-13T14:51:13.000Z,,Mobile App,Account Access,Password Reset,Open,Medium,true,,12.8,BR-010,E-0104,false
RB-CS-002343,RB-C-01105-1,RB-FA-002449,2024-09-13T16:45:42.000Z,,Branch,Card Dispute,Unrecognized Charge,In Progress,Medium,false,4,11.9,BR-010,E-0067,false
RB-CS-002344,RB-C-01105-1,RB-FA-002450,2026-06-16T10:38:24.000Z,2026-06-16T18:23:25.000Z,Voice,Account Access,MFA,Closed,Low,true,,10.3,BR-010,E-0105,false
RB-CS-002345,RB-C-01105-1,RB-FA-002450,2026-07-31T08:15:59.000Z,,Voice,Payments,Bill Pay,In Progress,High,true,,3.3,BR-010,E-0111,true
RB-CS-002346,RB-C-01105-1,RB-FA-002450,2024-11-22T14:28:34.000Z,,Chat,Fee Inquiry,Overdraft Fee,In Progress,Medium,true,,7.6,BR-010,E-0107,false
RB-CS-002347,RB-C-01105-1,RB-FA-002450,2026-07-14T09:12:55.000Z,2026-07-14T11:03:38.000Z,Chat,Fraud,Account Takeover,Closed,Low,true,4,13.1,BR-010,E-0134,true
RB-CS-002348,RB-C-01106-1,RB-FA-002451,2025-01-28T08:36:29.000Z,2025-02-15T19:14:45.000Z,Chat,Account Access,Password Reset,Closed,Medium,false,,6.6,BR-030,E-0133,true
RB-CS-002349,RB-C-01107-1,RB-FA-002452,2024-10-11T11:28:35.000Z,2024-10-11T10:13:32.000Z,Voice,Account Access,Password Reset,Closed,Low,true,,5.9,BR-009,E-0098,true
RB-CS-002350,RB-C-01107-1,RB-FA-002454,2026-03-02T15:56:24.000Z,2026-03-20T07:23:45.000Z,Branch,Fee Inquiry,Overdraft Fee,Closed,Low,false,,11.1,BR-009,E-0070,false
RB-CS-002351,RB-C-01108-1,RB-FA-002455,2024-12-30T11:21:28.000Z,2025-01-08T09:27:30.000Z,Voice,Fee Inquiry,Monthly Maintenance,Closed,High,false,2,4.0,BR-019,E-0106,false
RB-CS-002352,RB-C-01108-1,RB-FA-002456,2026-01-10T14:55:12.000Z,2026-01-10T08:03:01.000Z,Voice,Card Dispute,Merchant Refund,Closed,Low,true,,12.4,BR-019,E-0095,false
RB-CS-002353,RB-C-01109-1,RB-FA-002457,2026-07-24T13:11:00.000Z,2026-08-01T17:07:48.000Z,Voice,Account Access,Locked Account,Closed,Medium,false,1,23.8,BR-018,E-0085,true
RB-CS-002354,RB-C-01109-1,RB-FA-002457,2025-11-13T19:58:47.000Z,2025-11-13T14:10:36.000Z,Voice,Card Dispute,Unrecognized Charge,Closed,Medium,true,,8.5,BR-018,E-0086,false
RB-CS-002355,RB-C-01109-1,RB-FA-002457,2024-11-02T13:52:39.000Z,2024-11-02T19:08:17.000Z,Email,Payments,Wire Status,Closed,Low,true,5,11.4,BR-018,E-0128,true
RB-CS-002356,RB-C-01111-1,RB-FA-002460,2025-12-15T17:19:01.000Z,2025-12-15T14:42:53.000Z,Chat,Card Dispute,Merchant Refund,Closed,Medium,true,,5.4,BR-016,E-0123,false
RB-CS-002357,RB-C-01111-1,RB-FA-002463,2025-02-04T19:04:46.000Z,2025-02-05T19:14:07.000Z,Branch,Card Dispute,Duplicate Charge,Closed,Low,false,,10.9,BR-016,E-0127,true
RB-CS-002358,RB-C-01111-1,RB-FA-002463,2026-04-02T14:17:40.000Z,2026-04-02T16:15:52.000Z,Voice,Fee Inquiry,ATM Fee,Closed,High,true,4,10.1,BR-016,E-0112,true
RB-CS-002359,RB-C-01111-1,RB-FA-002463,2025-02-15T11:22:57.000Z,,Branch,Fraud,Account Takeover,Escalated,Medium,true,,10.7,BR-016,E-0085,false
RB-CS-002360,RB-C-01111-1,RB-FA-002463,2026-01-11T13:56:38.000Z,,Chat,Card Dispute,Merchant Refund,Escalated,Medium,false,1,3.6,BR-016,E-0085,false
RB-CS-002361,RB-C-01112-1,RB-FA-002464,2025-08-21T15:29:28.000Z,2025-09-07T17:26:01.000Z,Voice,Card Dispute,Duplicate Charge,Closed,Low,false,5,5.1,BR-002,E-0095,false
RB-CS-002362,RB-C-01112-1,RB-FA-002465,2026-05-01T09:56:48.000Z,2026-05-01T18:19:50.000Z,Voice,Account Access,Locked Account,Closed,Low,true,4,30.5,BR-002,E-0084,false
RB-CS-002363,RB-C-01112-1,RB-FA-002465,2024-11-11T07:35:43.000Z,2024-11-11T18:45:12.000Z,Voice,Fraud,Card Compromised,Closed,Medium,true,4,10.2,BR-002,E-0110,false
RB-CS-002364,RB-C-01112-1,RB-FA-002465,2025-01-21T11:24:40.000Z,2025-01-21T18:11:50.000Z,Email,Account Access,MFA,Closed,Medium,true,4,9.0,BR-002,E-0084,false
RB-CS-002365,RB-C-01112-1,RB-FA-002465,2026-08-12T15:49:28.000Z,2026-08-12T10:08:08.000Z,Voice,Payments,Wire Status,Closed,Medium,true,4,19.9,BR-002,E-0063,false
RB-CS-002366,RB-C-01112-1,RB-FA-002466,2026-07-02T07:51:07.000Z,2026-07-23T12:28:32.000Z,Voice,Account Access,MFA,Closed,Low,false,1,6.4,BR-002,E-0114,false
RB-CS-002367,RB-C-01112-1,RB-FA-002467,2026-06-25T14:52:56.000Z,2026-07-01T17:37:33.000Z,Chat,Fraud,Card Compromised,Closed,Medium,false,,10.8,BR-002,E-0094,false
RB-CS-002368,RB-C-01113-1,RB-FA-002468,2026-07-26T10:10:49.000Z,2026-07-26T15:14:37.000Z,Voice,Fee Inquiry,ATM Fee,Closed,Low,true,5,10.1,BR-023,E-0136,false
RB-CS-002369,RB-C-01113-1,RB-FA-002470,2025-03-28T13:01:56.000Z,2025-03-28T15:43:24.000Z,Voice,Card Dispute,Unrecognized Charge,Closed,Medium,true,4,13.0,BR-023,E-0094,true
RB-CS-002370,RB-C-01114-1,RB-FA-002472,2026-04-05T13:47:12.000Z,2026-04-16T14:45:57.000Z,Chat,Card Dispute,Merchant Refund,Closed,Low,false,2,10.5,BR-025,E-0086,false
RB-CS-002371,RB-C-01115-1,RB-FA-002473,2025-01-04T10:53:09.000Z,2025-01-25T19:18:40.000Z,Voice,Card Dispute,Merchant Refund,Closed,Medium,false,,7.0,BR-030,E-0085,false
RB-CS-002372,RB-C-01116-1,RB-FA-002475,2026-08-18T16:26:09.000Z,,Voice,Account Access,Locked Account,Escalated,Low,false,,16.0,BR-003,E-0075,true
RB-CS-002373,RB-C-01117-1,RB-FA-002477,2024-12-12T16:45:07.000Z,2024-12-23T18:43:58.000Z,Mobile App,Card Dispute,Duplicate Charge,Closed,Medium,false,,2.2,BR-006,E-0132,false
RB-CS-002374,RB-C-01117-1,RB-FA-002477,2025-07-24T16:13:17.000Z,2025-07-28T15:07:23.000Z,Chat,Fee Inquiry,Monthly Maintenance,Closed,Medium,false,5,16.3,BR-006,E-0101,false
RB-CS-002375,RB-C-01117-1,RB-FA-002477,2026-08-13T19:12:57.000Z,2026-08-13T19:18:39.000Z,Chat,Card Dispute,Merchant Refund,Closed,Low,true,4,10.7,BR-006,E-0077,true
RB-CS-002376,RB-C-01117-1,RB-FA-002477,2026-08-31T19:16:13.000Z,2026-08-31T16:24:08.000Z,Voice,Product Question,Eligibility,Closed,Low,true,,3.7,BR-006,E-0071,false
RB-CS-002377,RB-C-01117-1,RB-FA-002478,2026-01-06T11:30:47.000Z,2026-01-06T15:12:09.000Z,Email,Product Question,Eligibility,Closed,High,true,,15.8,BR-006,E-0099,false
RB-CS-002378,RB-C-01117-1,RB-FA-002478,2025-02-12T15:43:20.000Z,2025-02-12T15:44:22.000Z,Mobile App,Card Dispute,Duplicate Charge,Closed,Low,true,4,9.5,BR-006,E-0091,false
RB-CS-002379,RB-C-01118-1,RB-FA-002480,2024-11-05T17:15:13.000Z,2024-11-07T15:00:41.000Z,Chat,Fraud,Card Compromised,Closed,Medium,false,,6.3,BR-018,E-0087,false
RB-CS-002380,RB-C-01120-1,RB-FA-002483,2026-04-17T11:24:46.000Z,2026-04-17T16:58:45.000Z,Voice,Account Access,Locked Account,Closed,Medium,true,3,22.7,BR-025,E-0137,true
RB-CS-002381,RB-C-01120-1,RB-FA-002484,2026-01-22T12:22:08.000Z,2026-01-22T15:40:47.000Z,Email,Product Question,Rates,Closed,Low,true,,46.4,BR-025,E-0064,true
RB-CS-002382,RB-C-01121-1,RB-FA-002485,2026-03-10T08:36:12.000Z,2026-03-10T16:46:46.000Z,Chat,Card Dispute,Unrecognized Charge,Closed,Medium,true,4,7.1,BR-019,E-0139,false
RB-CS-002383,RB-C-01124-1,RB-FA-002492,2026-08-13T15:50:01.000Z,2026-08-13T19:43:18.000Z,Chat,Payments,Bill Pay,Closed,Low,true,5,11.3,BR-010,E-0139,true
RB-CS-002384,RB-C-01126-1,RB-FA-002494,2025-04-05T18:09:20.000Z,2025-04-05T19:31:03.000Z,Email,Card Dispute,Merchant Refund,Closed,Low,true,4,20.0,BR-021,E-0101,true
RB-CS-002385,RB-C-01126-1,RB-FA-002494,2025-01-05T14:37:10.000Z,2025-01-05T15:22:00.000Z,Chat,Fraud,Account Takeover,Closed,High,true,1,14.6,BR-021,E-0076,true
RB-CS-002386,RB-C-01127-1,RB-FA-002495,2026-08-08T10:26:15.000Z,2026-08-08T11:35:44.000Z,Voice,Account Access,Locked Account,Closed,Medium,true,,22.4,BR-001,E-0115,false
RB-CS-002387,RB-C-01127-1,RB-FA-002497,2025-10-26T16:57:57.000Z,2025-10-26T13:43:37.000Z,Mobile App,Fee Inquiry,Overdraft Fee,Closed,Medium,true,5,5.5,BR-001,E-0104,true
RB-CS-002388,RB-C-01128-1,RB-FA-002500,2026-03-07T18:53:19.000Z,,Email,Account Access,Locked Account,Escalated,Low,false,4,47.4,BR-009,E-0082,true
RB-CS-002389,RB-C-01129-1,RB-FA-002501,2024-12-06T13:10:30.000Z,2024-12-06T19:34:27.000Z,Email,Card Dispute,Merchant Refund,Closed,Medium,true,4,19.8,BR-013,E-0078,true
RB-CS-002390,RB-C-01130-1,RB-FA-002502,2024-09-13T09:35:40.000Z,2024-09-13T09:14:18.000Z,Voice,Card Dispute,Duplicate Charge,Closed,High,true,,35.3,BR-024,E-0121,false
RB-CS-002391,RB-C-01130-1,RB-FA-002502,2026-08-07T12:54:48.000Z,2026-08-07T10:19:14.000Z,Chat,Card Dispute,Unrecognized Charge,Closed,Medium,true,4,17.2,BR-024,E-0075,false
RB-CS-002392,RB-C-01130-1,RB-FA-002502,2025-08-28T12:37:04.000Z,,Branch,Card Dispute,Merchant Refund,Open,Medium,true,,8.0,BR-024,E-0066,false
RB-CS-002393,RB-C-01130-1,RB-FA-002502,2025-01-14T13:47:55.000Z,2025-01-26T15:02:33.000Z,Chat,Card Dispute,Duplicate Charge,Closed,Low,false,1,15.1,BR-024,E-0113,false
RB-CS-002394,RB-C-01130-1,RB-FA-002503,2025-01-10T14:40:06.000Z,2025-01-10T07:38:14.000Z,Email,Account Access,MFA,Closed,Low,true,2,32.5,BR-024,E-0066,false
RB-CS-002395,RB-C-01131-1,RB-FA-002504,2024-10-23T11:01:31.000Z,2024-10-23T19:36:33.000Z,Chat,Fee Inquiry,Monthly Maintenance,Closed,High,true,,7.7,BR-013,E-0099,false
RB-CS-002396,RB-C-01132-1,RB-FA-002506,2026-05-08T13:52:03.000Z,,Chat,Card Dispute,Unrecognized Charge,In Progress,Low,true,4,12.9,BR-016,E-0133,false
RB-CS-002397,RB-C-01132-1,RB-FA-002507,2026-04-19T18:09:32.000Z,2026-04-19T16:10:54.000Z,Voice,Fee Inquiry,ATM Fee,Closed,Low,true,,9.1,BR-016,E-0074,true
RB-CS-002398,RB-C-01132-1,RB-FA-002507,2024-09-13T19:37:02.000Z,2024-09-13T17:23:39.000Z,Branch,Product Question,Eligibility,Closed,Medium,true,4,15.6,BR-016,E-0061,true
RB-CS-002399,RB-C-01133-1,RB-FA-002508,2024-09-13T09:37:17.000Z,2024-09-15T11:08:01.000Z,Voice,Payments,Failed Transfer,Closed,Medium,false,,16.3,BR-027,E-0105,true
RB-CS-002400,RB-C-01135-1,RB-FA-002511,2024-09-09T14:34:54.000Z,2024-09-09T10:17:30.000Z,Chat,Account Access,Password Reset,Closed,High,true,3,43.0,BR-009,E-0118,false
RB-CS-002401,RB-C-01135-1,RB-FA-002512,2026-05-17T09:46:42.000Z,2026-06-03T08:18:50.000Z,Email,Account Access,Locked Account,Closed,High,false,4,22.4,BR-009,E-0107,false
RB-CS-002402,RB-C-01135-1,RB-FA-002512,2026-03-24T13:03:50.000Z,2026-03-24T13:18:08.000Z,Voice,Account Access,Password Reset,Closed,Low,true,4,18.2,BR-009,E-0134,false
RB-CS-002403,RB-C-01135-1,RB-FA-002512,2026-02-20T19:09:33.000Z,2026-03-13T10:02:10.000Z,Branch,Card Dispute,Duplicate Charge,Closed,Low,false,2,16.6,BR-009,E-0123,false
RB-CS-002404,RB-C-01135-1,RB-FA-002512,2025-09-28T12:25:09.000Z,,Chat,Fraud,Account Takeover,Escalated,Low,true,3,6.2,BR-009,E-0089,false
RB-CS-002405,RB-C-01135-1,RB-FA-002513,2026-05-13T18:30:09.000Z,,Voice,Payments,Failed Transfer,In Progress,Low,true,,9.0,BR-009,E-0136,true
RB-CS-002406,RB-C-01135-1,RB-FA-002513,2025-10-11T13:12:26.000Z,2025-10-11T08:05:57.000Z,Email,Payments,Wire Status,Closed,Medium,true,,16.9,BR-009,E-0139,false
RB-CS-002407,RB-C-01136-1,RB-FA-002514,2026-08-31T16:59:49.000Z,,Email,Fee Inquiry,ATM Fee,In Progress,Low,false,,67.8,BR-026,E-0108,false
RB-CS-002408,RB-C-01136-1,RB-FA-002515,2024-11-10T10:41:50.000Z,2024-11-10T18:54:33.000Z,Chat,Payments,Failed Transfer,Closed,Low,true,,22.6,BR-026,E-0099,true
RB-CS-002409,RB-C-01138-1,RB-FA-002517,2026-02-03T07:04:36.000Z,2026-02-03T14:46:41.000Z,Chat,Product Question,Eligibility,Closed,Medium,true,,18.7,BR-030,E-0106,false
RB-CS-002410,RB-C-01138-1,RB-FA-002517,2025-09-11T12:53:37.000Z,2025-09-11T13:01:06.000Z,Voice,Fee Inquiry,Monthly Maintenance,Closed,High,true,4,11.0,BR-030,E-0123,false
RB-CS-002411,RB-C-01138-1,RB-FA-002517,2025-04-16T19:40:07.000Z,2025-04-16T16:37:20.000Z,Email,Fee Inquiry,ATM Fee,Closed,Medium,true,1,26.4,BR-030,E-0112,false
RB-CS-002412,RB-C-01138-1,RB-FA-002517,2025-08-12T16:41:59.000Z,2025-08-13T12:02:21.000Z,Voice,Product Question,Eligibility,Closed,High,false,,8.8,BR-030,E-0071,false
RB-CS-002413,RB-C-01139-1,RB-FA-002519,2025-02-06T17:48:00.000Z,2025-02-06T09:13:38.000Z,Branch,Fee Inquiry,ATM Fee,Closed,Low,true,,4.4,BR-021,E-0076,true
RB-CS-002414,RB-C-01139-1,RB-FA-002520,2026-02-16T19:44:44.000Z,,Voice,Fee Inquiry,ATM Fee,Open,Low,true,,15.4,BR-021,E-0069,false
RB-CS-002415,RB-C-01139-1,RB-FA-002520,2024-11-08T18:30:56.000Z,2024-11-08T18:12:34.000Z,Chat,Payments,Failed Transfer,Closed,High,true,5,24.0,BR-021,E-0087,false
RB-CS-002416,RB-C-01139-1,RB-FA-002520,2025-04-07T07:08:34.000Z,2025-04-07T08:52:45.000Z,Mobile App,Fee Inquiry,ATM Fee,Closed,Medium,true,5,10.1,BR-021,E-0093,false
RB-CS-002417,RB-C-01139-1,RB-FA-002520,2024-09-30T07:51:05.000Z,2024-09-30T13:43:54.000Z,Email,Payments,Bill Pay,Closed,Low,true,,18.3,BR-021,E-0137,false
RB-CS-002418,RB-C-01140-1,RB-FA-002521,2026-04-05T17:31:53.000Z,2026-04-05T18:09:45.000Z,Mobile App,Account Access,Password Reset,Closed,Low,true,,4.6,BR-021,E-0065,false
RB-CS-002419,RB-C-01140-1,RB-FA-002522,2026-01-03T18:40:14.000Z,2026-01-03T19:39:48.000Z,Mobile App,Product Question,Eligibility,Closed,Medium,true,,10.2,BR-021,E-0138,false
RB-CS-002420,RB-C-01140-1,RB-FA-002522,2026-01-17T19:27:08.000Z,2026-01-17T11:04:04.000Z,Mobile App,Fee Inquiry,Overdraft Fee,Closed,Low,true,,12.8,BR-021,E-0116,true
RB-CS-002421,RB-C-01140-1,RB-FA-002522,2025-06-15T09:47:31.000Z,2025-06-15T18:32:11.000Z,Email,Product Question,Rates,Closed,Low,true,4,32.0,BR-021,E-0096,true
RB-CS-002422,RB-C-01140-1,RB-FA-002522,2025-09-11T07:12:51.000Z,2025-09-11T10:41:57.000Z,Chat,Account Access,Locked Account,Closed,Low,true,3,19.6,BR-021,E-0086,false
RB-CS-002423,RB-C-01140-1,RB-FA-002523,2025-05-02T16:38:23.000Z,2025-05-09T16:28:47.000Z,Mobile App,Fee Inquiry,Overdraft Fee,Closed,Low,false,5,10.0,BR-021,E-0076,true
RB-CS-002424,RB-C-01140-1,RB-FA-002523,2026-08-27T12:04:44.000Z,2026-08-27T10:18:42.000Z,Chat,Fee Inquiry,ATM Fee,Closed,High,true,4,20.7,BR-021,E-0094,false
RB-CS-002425,RB-C-01140-1,RB-FA-002523,2024-10-04T17:53:03.000Z,2024-10-06T11:53:51.000Z,Email,Card Dispute,Unrecognized Charge,Closed,Medium,false,,14.2,BR-021,E-0079,true
RB-CS-002426,RB-C-01141-1,RB-FA-002525,2024-11-13T14:20:37.000Z,2024-11-13T10:14:14.000Z,Chat,Product Question,Rates,Closed,Low,true,1,13.6,BR-028,E-0072,true
RB-CS-002427,RB-C-01141-1,RB-FA-002526,2025-09-04T16:49:20.000Z,2025-09-04T19:10:55.000Z,Voice,Payments,Wire Status,Closed,Low,true,4,25.1,BR-028,E-0095,false
RB-CS-002428,RB-C-01143-1,RB-FA-002528,2025-07-04T17:58:24.000Z,2025-07-05T12:47:28.000Z,Email,Card Dispute,Merchant Refund,Closed,Low,false,3,11.0,BR-016,E-0120,false
RB-CS-002429,RB-C-01143-1,RB-FA-002529,2025-01-22T19:54:25.000Z,2025-02-06T09:47:26.000Z,Voice,Card Dispute,Unrecognized Charge,Closed,Low,false,1,20.2,BR-016,E-0084,false
RB-CS-002430,RB-C-01143-1,RB-FA-002530,2026-01-07T17:29:04.000Z,2026-01-07T14:33:31.000Z,Chat,Fee Inquiry,Monthly Maintenance,Closed,Low,true,4,20.0,BR-016,E-0068,false
RB-CS-002431,RB-C-01144-1,RB-FA-002533,2025-02-12T08:22:30.000Z,2025-02-18T16:02:49.000Z,Email,Account Access,MFA,Closed,Low,false,4,30.9,BR-016,E-0077,true
RB-CS-002432,RB-C-01145-1,RB-FA-002535,2026-07-16T14:20:02.000Z,2026-07-29T10:34:52.000Z,Chat,Account Access,MFA,Closed,Medium,false,5,13.9,BR-005,E-0073,false
RB-CS-002433,RB-C-01145-1,RB-FA-002535,2026-03-30T10:08:39.000Z,2026-04-16T07:45:11.000Z,Voice,Account Access,Locked Account,Closed,Medium,false,5,13.1,BR-005,E-0114,false
RB-CS-002434,RB-C-01145-1,RB-FA-002535,2026-06-14T10:34:45.000Z,2026-06-14T19:28:23.000Z,Voice,Fee Inquiry,Monthly Maintenance,Closed,Medium,true,5,41.2,BR-005,E-0079,true
RB-CS-002435,RB-C-01145-1,RB-FA-002535,2024-12-30T07:30:02.000Z,,Chat,Payments,Wire Status,In Progress,Medium,false,,15.6,BR-005,E-0121,false
RB-CS-002436,RB-C-01148-1,RB-FA-002540,2025-12-17T12:55:32.000Z,2025-12-24T11:20:50.000Z,Chat,Payments,Wire Status,Closed,Low,false,3,7.6,BR-030,E-0118,false
RB-CS-002437,RB-C-01149-1,RB-FA-002542,2025-09-10T15:36:18.000Z,,Mobile App,Card Dispute,Duplicate Charge,Open,Low,false,1,14.5,BR-011,E-0140,true
RB-CS-002438,RB-C-01151-1,RB-FA-002547,2025-07-11T15:01:10.000Z,2025-07-28T11:09:15.000Z,Voice,Card Dispute,Unrecognized Charge,Closed,Medium,false,,12.5,BR-012,E-0086,true
RB-CS-002439,RB-C-01151-1,RB-FA-002547,2025-06-11T17:39:51.000Z,2025-06-11T12:09:39.000Z,Mobile App,Payments,Failed Transfer,Closed,Medium,true,5,22.4,BR-012,E-0096,true
RB-CS-002440,RB-C-01151-1,RB-FA-002547,2024-12-09T17:18:41.000Z,2024-12-22T08:42:34.000Z,Chat,Card Dispute,Duplicate Charge,Closed,Medium,false,,10.6,BR-012,E-0132,false
RB-CS-002441,RB-C-01151-1,RB-FA-002547,2025-08-27T09:27:08.000Z,2025-08-27T11:50:39.000Z,Voice,Payments,Bill Pay,Closed,Medium,true,,9.6,BR-012,E-0078,true
RB-CS-002442,RB-C-01152-1,RB-FA-002550,2025-08-14T12:57:07.000Z,2025-08-14T08:24:30.000Z,Chat,Card Dispute,Duplicate Charge,Closed,Low,true,5,6.4,BR-009,E-0077,true
RB-CS-002443,RB-C-01152-1,RB-FA-002551,2025-08-04T19:27:12.000Z,2025-08-04T14:23:57.000Z,Email,Fraud,Account Takeover,Closed,Low,true,,10.6,BR-009,E-0087,true
RB-CS-002444,RB-C-01153-1,RB-FA-002552,2025-04-05T15:24:56.000Z,2025-04-06T09:44:35.000Z,Mobile App,Card Dispute,Merchant Refund,Closed,Low,false,5,14.9,BR-003,E-0066,false
RB-CS-002445,RB-C-01153-1,RB-FA-002552,2026-01-22T08:05:07.000Z,2026-01-22T10:05:32.000Z,Chat,Fraud,Account Takeover,Closed,Low,true,5,12.1,BR-003,E-0070,false
RB-CS-002446,RB-C-01153-1,RB-FA-002552,2026-03-04T17:15:11.000Z,2026-03-04T14:39:23.000Z,Voice,Fee Inquiry,ATM Fee,Closed,Medium,true,,9.4,BR-003,E-0103,false
RB-CS-002447,RB-C-01154-1,RB-FA-002553,2026-07-05T14:11:56.000Z,,Chat,Account Access,MFA,Open,Medium,true,,17.9,BR-007,E-0073,false
RB-CS-002448,RB-C-01154-1,RB-FA-002554,2025-04-28T19:10:37.000Z,2025-04-28T16:43:00.000Z,Voice,Account Access,Locked Account,Closed,Low,true,2,7.2,BR-007,E-0137,true
RB-CS-002449,RB-C-01155-1,RB-FA-002555,2025-10-23T14:35:00.000Z,2025-10-23T10:36:45.000Z,Voice,Payments,Bill Pay,Closed,Medium,true,,19.9,BR-012,E-0132,false
RB-CS-002450,RB-C-01156-1,RB-FA-002558,2025-10-12T09:22:13.000Z,2025-10-12T07:03:31.000Z,Chat,Product Question,Rates,Closed,Low,true,4,9.6,BR-004,E-0080,false
RB-CS-002451,RB-C-01158-1,RB-FA-002561,2025-06-20T18:23:12.000Z,2025-06-20T18:38:12.000Z,Email,Card Dispute,Merchant Refund,Closed,Low,true,5,11.0,BR-023,E-0069,false
RB-CS-002452,RB-C-01158-1,RB-FA-002562,2026-05-16T15:45:05.000Z,2026-05-16T11:34:52.000Z,Voice,Product Question,Rates,Closed,Low,true,5,21.8,BR-023,E-0106,false
RB-CS-002453,RB-C-01159-1,RB-FA-002564,2024-09-07T11:50:21.000Z,2024-09-07T13:06:31.000Z,Chat,Card Dispute,Duplicate Charge,Closed,Medium,true,5,26.4,BR-024,E-0079,true
RB-CS-002454,RB-C-01159-1,RB-FA-002564,2026-08-21T19:57:33.000Z,,Email,Payments,Wire Status,In Progress,Medium,false,4,31.3,BR-024,E-0109,false
RB-CS-002455,RB-C-01159-1,RB-FA-002564,2025-12-21T14:59:14.000Z,2025-12-21T17:12:00.000Z,Email,Card Dispute,Merchant Refund,Closed,Low,true,,26.3,BR-024,E-0118,false
RB-CS-002456,RB-C-01160-1,RB-FA-002565,2025-08-13T14:27:42.000Z,,Voice,Fraud,Card Compromised,Escalated,Low,true,,8.9,BR-006,E-0127,false
RB-CS-002457,RB-C-01160-1,RB-FA-002567,2025-08-07T18:20:56.000Z,2025-08-07T17:51:05.000Z,Branch,Fee Inquiry,Monthly Maintenance,Closed,Low,true,3,8.9,BR-006,E-0102,false
RB-CS-002458,RB-C-01160-1,RB-FA-002567,2026-03-01T15:48:13.000Z,2026-03-01T10:54:06.000Z,Chat,Fee Inquiry,Monthly Maintenance,Closed,High,true,4,12.4,BR-006,E-0070,false
RB-CS-002459,RB-C-01160-1,RB-FA-002567,2024-10-31T14:00:54.000Z,2024-10-31T19:26:59.000Z,Voice,Account Access,Password Reset,Closed,High,true,2,8.1,BR-006,E-0092,false
RB-CS-002460,RB-C-01160-1,RB-FA-002568,2025-06-14T19:52:38.000Z,2025-07-05T09:35:21.000Z,Chat,Payments,Bill Pay,Closed,High,false,,18.1,BR-006,E-0093,false
RB-CS-002461,RB-C-01161-1,RB-FA-002570,2025-05-10T14:45:26.000Z,2025-05-11T15:06:54.000Z,Email,Card Dispute,Duplicate Charge,Closed,Medium,false,5,13.7,BR-008,E-0119,false
RB-CS-002462,RB-C-01161-1,RB-FA-002570,2024-11-09T07:37:06.000Z,2024-11-10T19:29:02.000Z,Voice,Payments,Bill Pay,Closed,Low,false,,8.5,BR-008,E-0075,false
RB-CS-002463,RB-C-01162-1,RB-FA-002573,2025-03-24T12:42:35.000Z,2025-03-27T18:19:29.000Z,Branch,Card Dispute,Merchant Refund,Closed,Low,false,2,9.8,BR-020,E-0108,false
RB-CS-002464,RB-C-01162-1,RB-FA-002573,2026-04-11T14:38:09.000Z,2026-04-28T15:03:46.000Z,Voice,Product Question,Eligibility,Closed,Low,false,,7.4,BR-020,E-0093,false
RB-CS-002465,RB-C-01162-1,RB-FA-002573,2024-12-26T11:58:55.000Z,2024-12-26T08:14:37.000Z,Voice,Account Access,Password Reset,Closed,Low,true,4,6.7,BR-020,E-0093,false
RB-CS-002466,RB-C-01162-1,RB-FA-002573,2024-09-18T18:58:53.000Z,2024-10-08T18:11:57.000Z,Email,Card Dispute,Duplicate Charge,Closed,Medium,false,3,20.4,BR-020,E-0071,false
RB-CS-002467,RB-C-01163-1,RB-FA-002574,2026-03-02T11:35:34.000Z,2026-03-02T18:53:02.000Z,Mobile App,Account Access,Locked Account,Closed,Low,true,4,11.5,BR-007,E-0127,true
RB-CS-002468,RB-C-01163-1,RB-FA-002576,2026-06-19T19:48:16.000Z,2026-06-19T11:22:36.000Z,Chat,Fee Inquiry,Overdraft Fee,Closed,Low,true,,18.3,BR-007,E-0071,false
RB-CS-002469,RB-C-01164-1,RB-FA-002578,2025-05-01T07:59:51.000Z,2025-05-21T15:41:50.000Z,Branch,Account Access,MFA,Closed,High,false,1,8.1,BR-026,E-0138,true
RB-CS-002470,RB-C-01164-1,RB-FA-002579,2026-05-01T16:25:13.000Z,2026-05-01T16:54:15.000Z,Chat,Product Question,Rates,Closed,Medium,true,,17.4,BR-026,E-0111,false
RB-CS-002471,RB-C-01164-1,RB-FA-002579,2026-06-18T16:58:13.000Z,2026-06-18T08:26:57.000Z,Chat,Account Access,MFA,Closed,Low,true,5,12.8,BR-026,E-0074,true
RB-CS-002472,RB-C-01164-1,RB-FA-002579,2024-12-19T08:50:17.000Z,2024-12-19T19:56:15.000Z,Mobile App,Card Dispute,Unrecognized Charge,Closed,High,true,,17.8,BR-026,E-0125,true
RB-CS-002473,RB-C-01165-1,RB-FA-002582,2024-11-29T09:41:13.000Z,2024-11-29T07:39:09.000Z,Voice,Product Question,Rates,Closed,Medium,true,,11.1,BR-019,E-0139,true
RB-CS-002474,RB-C-01165-1,RB-FA-002583,2025-09-06T13:45:27.000Z,,Chat,Payments,Bill Pay,Escalated,Low,true,,5.7,BR-019,E-0091,false
RB-CS-002475,RB-C-01167-1,RB-FA-002585,2024-09-17T12:57:40.000Z,2024-09-24T18:39:45.000Z,Voice,Card Dispute,Merchant Refund,Closed,Low,false,,26.5,BR-008,E-0106,false
RB-CS-002476,RB-C-01170-1,RB-FA-002591,2026-05-14T12:06:30.000Z,2026-05-14T07:55:22.000Z,Voice,Product Question,Eligibility,Closed,Medium,true,,20.7,BR-005,E-0135,false
RB-CS-002477,RB-C-01171-1,RB-FA-002592,2026-01-21T13:40:05.000Z,,Voice,Card Dispute,Merchant Refund,Escalated,Medium,false,,10.5,BR-019,E-0107,false
RB-CS-002478,RB-C-01171-1,RB-FA-002593,2026-08-06T17:46:04.000Z,2026-08-06T07:45:53.000Z,Voice,Card Dispute,Merchant Refund,Closed,Low,true,4,13.4,BR-019,E-0139,false
RB-CS-002479,RB-C-01171-1,RB-FA-002595,2026-05-02T11:33:38.000Z,,Email,Card Dispute,Unrecognized Charge,In Progress,Low,true,4,24.0,BR-019,E-0105,false
RB-CS-002480,RB-C-01171-1,RB-FA-002595,2026-01-27T16:55:14.000Z,2026-01-27T10:29:10.000Z,Voice,Product Question,Rates,Closed,Medium,true,,12.8,BR-019,E-0121,true
RB-CS-002481,RB-C-01171-1,RB-FA-002595,2025-06-13T07:18:41.000Z,2025-06-21T08:41:52.000Z,Voice,Fraud,Card Compromised,Closed,Medium,false,4,7.1,BR-019,E-0115,false
RB-CS-002482,RB-C-01171-1,RB-FA-002595,2025-11-17T10:43:12.000Z,2025-11-17T18:58:26.000Z,Voice,Account Access,Password Reset,Closed,Low,true,5,8.9,BR-019,E-0101,true
RB-CS-002483,RB-C-01172-1,RB-FA-002596,2025-05-05T16:55:41.000Z,2025-05-05T18:59:44.000Z,Voice,Card Dispute,Unrecognized Charge,Closed,Low,true,,5.9,BR-030,E-0138,false
RB-CS-002484,RB-C-01172-1,RB-FA-002597,2025-06-06T08:22:04.000Z,2025-06-19T15:42:19.000Z,Email,Product Question,Eligibility,Closed,Low,false,2,19.2,BR-030,E-0108,false
RB-CS-002485,RB-C-01173-1,RB-FA-002599,2025-09-13T17:26:27.000Z,2025-09-13T15:25:46.000Z,Mobile App,Card Dispute,Duplicate Charge,Closed,Medium,true,,4.8,BR-002,E-0061,true
RB-CS-002486,RB-C-01174-1,RB-FA-002602,2025-12-04T19:23:16.000Z,2025-12-04T16:30:35.000Z,Voice,Card Dispute,Duplicate Charge,Closed,Medium,true,3,7.5,BR-028,E-0091,false
RB-CS-002487,RB-C-01175-1,RB-FA-002604,2025-12-09T09:19:56.000Z,2025-12-15T11:11:33.000Z,Chat,Fee Inquiry,Monthly Maintenance,Closed,Low,false,,13.5,BR-013,E-0138,false
RB-CS-002488,RB-C-01176-1,RB-FA-002606,2025-03-21T08:59:51.000Z,2025-03-21T09:14:16.000Z,Chat,Card Dispute,Duplicate Charge,Closed,Low,true,4,32.7,BR-010,E-0105,true
RB-CS-002489,RB-C-01177-1,RB-FA-002608,2025-05-31T12:38:11.000Z,2025-05-31T11:14:38.000Z,Voice,Fraud,Account Takeover,Closed,High,true,,15.1,BR-012,E-0099,true
RB-CS-002490,RB-C-01178-1,RB-FA-002609,2026-02-26T13:43:56.000Z,2026-02-26T19:28:46.000Z,Chat,Payments,Bill Pay,Closed,Medium,true,2,9.7,BR-018,E-0118,false
RB-CS-002491,RB-C-01178-1,RB-FA-002610,2026-07-30T08:57:47.000Z,2026-08-16T09:53:50.000Z,Email,Card Dispute,Merchant Refund,Closed,Medium,false,2,27.2,BR-018,E-0103,false
RB-CS-002492,RB-C-01179-1,RB-FA-002611,2026-07-31T10:46:52.000Z,2026-07-31T08:47:19.000Z,Mobile App,Card Dispute,Duplicate Charge,Closed,Low,true,4,9.3,BR-030,E-0109,false
RB-CS-002493,RB-C-01179-1,RB-FA-002611,2025-06-07T11:45:25.000Z,2025-06-28T18:19:55.000Z,Email,Fee Inquiry,Monthly Maintenance,Closed,Medium,false,4,19.1,BR-030,E-0086,true
RB-CS-002494,RB-C-01180-1,RB-FA-002612,2026-07-31T15:48:22.000Z,,Email,Card Dispute,Unrecognized Charge,Escalated,Low,true,5,14.1,BR-003,E-0096,false
RB-CS-002495,RB-C-01181-1,RB-FA-002614,2025-04-14T09:53:03.000Z,,Voice,Fraud,Card Compromised,Escalated,Low,true,,11.2,BR-017,E-0132,true
RB-CS-002496,RB-C-01181-1,RB-FA-002616,2024-11-03T19:22:21.000Z,2024-11-21T12:56:45.000Z,Email,Card Dispute,Unrecognized Charge,Closed,Medium,false,1,17.5,BR-017,E-0137,true
RB-CS-002497,RB-C-01181-1,RB-FA-002616,2025-05-22T08:38:42.000Z,2025-05-22T09:31:18.000Z,Mobile App,Fee Inquiry,Overdraft Fee,Closed,High,true,,16.7,BR-017,E-0074,true
RB-CS-002498,RB-C-01181-1,RB-FA-002616,2026-08-02T12:23:27.000Z,2026-08-02T19:22:51.000Z,Email,Fee Inquiry,ATM Fee,Closed,Low,true,,40.6,BR-017,E-0066,true
RB-CS-002499,RB-C-01181-1,RB-FA-002617,2025-11-26T17:44:31.000Z,2025-11-26T14:32:16.000Z,Voice,Card Dispute,Duplicate Charge,Closed,High,true,,9.0,BR-017,E-0075,false
RB-CS-002500,RB-C-01182-1,RB-FA-002618,2025-09-10T10:44:35.000Z,2025-09-24T07:25:25.000Z,Branch,Card Dispute,Merchant Refund,Closed,Medium,false,4,45.7,BR-020,E-0103,true
RB-CS-002501,RB-C-01183-1,RB-FA-002623,2025-11-27T10:54:44.000Z,2025-11-27T15:21:01.000Z,Chat,Fee Inquiry,Monthly Maintenance,Closed,Low,true,5,11.3,BR-019,E-0071,true
RB-CS-002502,RB-C-01184-1,RB-FA-002624,2024-10-21T08:34:48.000Z,2024-10-21T08:13:04.000Z,Voice,Payments,Failed Transfer,Closed,Low,true,5,9.1,BR-004,E-0080,false
RB-CS-002503,RB-C-01184-1,RB-FA-002625,2026-08-15T12:39:16.000Z,2026-08-15T19:01:22.000Z,Chat,Card Dispute,Merchant Refund,Closed,Low,true,,25.2,BR-004,E-0078,false
RB-CS-002504,RB-C-01185-1,RB-FA-002629,2026-06-25T16:44:28.000Z,2026-06-25T14:20:20.000Z,Voice,Card Dispute,Unrecognized Charge,Closed,Medium,true,3,7.3,BR-005,E-0124,true
RB-CS-002505,RB-C-01185-1,RB-FA-002630,2025-08-01T17:15:10.000Z,2025-08-20T07:50:10.000Z,Voice,Account Access,MFA,Closed,Low,false,2,17.6,BR-005,E-0092,true
RB-CS-002506,RB-C-01186-1,RB-FA-002631,2024-09-29T14:51:06.000Z,2024-09-29T17:52:30.000Z,Voice,Fee Inquiry,ATM Fee,Closed,Medium,true,3,15.4,BR-012,E-0069,false
RB-CS-002507,RB-C-01186-1,RB-FA-002631,2026-01-17T07:42:12.000Z,2026-02-01T15:34:45.000Z,Voice,Account Access,MFA,Closed,Low,false,,10.9,BR-012,E-0117,true
RB-CS-002508,RB-C-01186-1,RB-FA-002631,2026-05-10T14:43:54.000Z,2026-05-19T17:05:59.000Z,Chat,Account Access,Locked Account,Closed,High,false,,10.9,BR-012,E-0064,false
RB-CS-002509,RB-C-01186-1,RB-FA-002632,2026-05-01T13:41:51.000Z,2026-05-01T14:23:49.000Z,Mobile App,Payments,Wire Status,Closed,Medium,true,,8.9,BR-012,E-0117,true
RB-CS-002510,RB-C-01187-1,RB-FA-002633,2025-08-27T14:09:53.000Z,2025-08-27T11:56:43.000Z,Voice,Fee Inquiry,Monthly Maintenance,Closed,Medium,true,,5.3,BR-030,E-0120,false
RB-CS-002511,RB-C-01187-1,RB-FA-002633,2025-10-05T15:10:57.000Z,2025-10-05T17:11:35.000Z,Voice,Payments,Wire Status,Closed,High,true,,29.3,BR-030,E-0136,false
RB-CS-002512,RB-C-01187-1,RB-FA-002633,2026-04-03T19:51:54.000Z,,Chat,Account Access,Locked Account,In Progress,Low,false,1,5.9,BR-030,E-0062,true
RB-CS-002513,RB-C-01187-1,RB-FA-002633,2024-11-25T10:29:07.000Z,2024-11-25T19:41:35.000Z,Email,Account Access,Password Reset,Closed,High,true,,66.2,BR-030,E-0085,false
RB-CS-002514,RB-C-01188-1,RB-FA-002634,2025-01-20T19:17:27.000Z,2025-01-20T07:19:43.000Z,Mobile App,Payments,Failed Transfer,Closed,Medium,true,4,4.0,BR-027,E-0120,true
RB-CS-002515,RB-C-01188-1,RB-FA-002636,2026-04-09T08:44:01.000Z,2026-04-24T19:48:12.000Z,Mobile App,Fraud,Card Compromised,Closed,Low,false,1,23.8,BR-027,E-0135,true
RB-CS-002516,RB-C-01189-1,RB-FA-002638,2024-12-16T07:54:37.000Z,2024-12-16T19:10:09.000Z,Chat,Fee Inquiry,Monthly Maintenance,Closed,Medium,true,3,10.8,BR-020,E-0105,false
RB-CS-002517,RB-C-01191-1,RB-FA-002641,2024-12-25T09:50:29.000Z,2025-01-10T08:38:51.000Z,Email,Card Dispute,Merchant Refund,Closed,Medium,false,,31.3,BR-001,E-0102,true
RB-CS-002518,RB-C-01192-1,RB-FA-002642,2025-07-11T10:04:17.000Z,2025-07-11T07:21:09.000Z,Chat,Account Access,Locked Account,Closed,Medium,true,3,24.6,BR-017,E-0138,false
RB-CS-002519,RB-C-01192-1,RB-FA-002643,2024-10-10T14:18:47.000Z,2024-10-10T11:47:23.000Z,Voice,Payments,Failed Transfer,Closed,Low,true,5,10.9,BR-017,E-0132,true
RB-CS-002520,RB-C-01192-1,RB-FA-002643,2026-05-23T19:44:26.000Z,2026-05-28T10:12:48.000Z,Email,Account Access,Password Reset,Closed,Medium,false,4,17.9,BR-017,E-0118,true
RB-CS-002521,RB-C-01195-1,RB-FA-002649,2025-03-30T16:46:12.000Z,2025-04-14T11:37:54.000Z,Voice,Fee Inquiry,ATM Fee,Closed,Low,false,5,19.8,BR-015,E-0125,true
RB-CS-002522,RB-C-01195-1,RB-FA-002649,2025-10-15T17:42:32.000Z,2025-10-29T12:20:40.000Z,Chat,Card Dispute,Merchant Refund,Closed,High,false,1,6.9,BR-015,E-0126,true
RB-CS-002523,RB-C-01195-1,RB-FA-002650,2026-02-04T14:39:03.000Z,2026-02-04T11:25:35.000Z,Voice,Card Dispute,Merchant Refund,Closed,Medium,true,,23.4,BR-015,E-0115,false
RB-CS-002524,RB-C-01196-1,RB-FA-002652,2026-04-19T18:32:42.000Z,2026-04-19T19:57:22.000Z,Voice,Product Question,Rates,Closed,Medium,true,5,11.6,BR-029,E-0084,false
RB-CS-002525,RB-C-01197-1,RB-FA-002653,2025-04-19T13:05:49.000Z,,Email,Account Access,Locked Account,In Progress,Medium,false,,69.5,BR-017,E-0138,false
RB-CS-002526,RB-C-01198-1,RB-FA-002656,2026-03-24T15:14:35.000Z,2026-03-24T19:03:24.000Z,Chat,Payments,Bill Pay,Closed,Medium,true,,8.4,BR-014,E-0111,false
RB-CS-002527,RB-C-01198-1,RB-FA-002659,2026-01-29T15:37:08.000Z,2026-02-06T17:15:29.000Z,Chat,Account Access,MFA,Closed,High,false,,3.9,BR-014,E-0083,false
RB-CS-002528,RB-C-01199-1,RB-FA-002661,2026-06-15T07:55:36.000Z,2026-06-15T18:53:04.000Z,Voice,Payments,Failed Transfer,Closed,Low,true,,6.6,BR-009,E-0066,true
RB-CS-002529,RB-C-01199-1,RB-FA-002662,2025-10-17T13:15:09.000Z,2025-10-29T11:14:16.000Z,Email,Card Dispute,Unrecognized Charge,Closed,Medium,false,4,30.1,BR-009,E-0128,false
RB-CS-002530,RB-C-01200-1,RB-FA-002663,2026-05-23T15:07:39.000Z,2026-05-23T08:17:13.000Z,Branch,Product Question,Eligibility,Closed,Low,true,5,12.7,BR-020,E-0138,false
RB-CS-002531,RB-C-01200-1,RB-FA-002664,2025-08-09T13:31:53.000Z,2025-08-09T19:56:13.000Z,Voice,Card Dispute,Duplicate Charge,Closed,Low,true,3,6.9,BR-020,E-0130,false
RB-CS-002532,RB-C-01200-1,RB-FA-002666,2026-08-07T16:13:10.000Z,2026-08-07T11:23:56.000Z,Chat,Fee Inquiry,Overdraft Fee,Closed,Medium,true,,14.6,BR-020,E-0122,true
RB-CS-002533,RB-C-01201-1,RB-FA-002667,2026-07-10T17:37:40.000Z,2026-07-18T12:49:12.000Z,Mobile App,Card Dispute,Unrecognized Charge,Closed,Medium,false,,10.9,BR-004,E-0080,true
RB-CS-002534,RB-C-01201-1,RB-FA-002667,2025-06-21T11:16:37.000Z,2025-06-21T14:51:49.000Z,Voice,Account Access,Password Reset,Closed,Low,true,4,12.1,BR-004,E-0093,false
RB-CS-002535,RB-C-01201-1,RB-FA-002667,2025-10-04T07:04:39.000Z,2025-10-09T09:21:28.000Z,Voice,Payments,Wire Status,Closed,Low,false,3,13.1,BR-004,E-0087,false
RB-CS-002536,RB-C-01201-1,RB-FA-002667,2025-11-15T17:05:58.000Z,2025-11-15T07:12:57.000Z,Branch,Card Dispute,Unrecognized Charge,Closed,Low,true,,18.6,BR-004,E-0091,true
RB-CS-002537,RB-C-01201-1,RB-FA-002668,2026-02-07T08:45:41.000Z,,Chat,Fraud,Card Compromised,Escalated,High,true,1,22.1,BR-004,E-0119,true
RB-CS-002538,RB-C-01201-1,RB-FA-002669,2026-02-09T13:52:19.000Z,2026-02-09T12:23:44.000Z,Voice,Fee Inquiry,Monthly Maintenance,Closed,Low,true,,14.7,BR-004,E-0076,false
RB-CS-002539,RB-C-01202-1,RB-FA-002670,2025-02-09T15:30:24.000Z,2025-02-09T19:22:39.000Z,Mobile App,Product Question,Rates,Closed,Medium,true,,9.4,BR-024,E-0113,true
RB-CS-002540,RB-C-01204-1,RB-FA-002673,2025-12-02T11:50:17.000Z,,Chat,Card Dispute,Unrecognized Charge,Open,Low,true,,20.5,BR-006,E-0113,true
RB-CS-002541,RB-C-01204-1,RB-FA-002674,2025-02-18T16:27:47.000Z,2025-02-18T15:34:51.000Z,Chat,Card Dispute,Duplicate Charge,Closed,Low,true,5,20.3,BR-006,E-0078,false
RB-CS-002542,RB-C-01204-1,RB-FA-002674,2026-07-06T09:52:36.000Z,2026-07-08T16:32:19.000Z,Mobile App,Fee Inquiry,ATM Fee,Closed,Low,false,4,9.4,BR-006,E-0089,false
RB-CS-002543,RB-C-01204-1,RB-FA-002675,2025-03-19T16:28:44.000Z,2025-03-19T09:30:10.000Z,Voice,Fee Inquiry,Overdraft Fee,Closed,Medium,true,,6.8,BR-006,E-0129,false
RB-CS-002544,RB-C-01206-1,RB-FA-002677,2026-03-20T07:35:29.000Z,,Voice,Card Dispute,Unrecognized Charge,In Progress,High,true,,33.1,BR-014,E-0127,false
RB-CS-002545,RB-C-01206-1,RB-FA-002677,2024-12-20T09:09:39.000Z,2024-12-20T14:52:58.000Z,Voice,Payments,Wire Status,Closed,Medium,true,,7.1,BR-014,E-0114,true
RB-CS-002546,RB-C-01206-1,RB-FA-002678,2026-07-26T11:01:15.000Z,2026-07-26T07:38:48.000Z,Voice,Account Access,Password Reset,Closed,Low,true,4,8.1,BR-014,E-0108,true
RB-CS-002547,RB-C-01206-1,RB-FA-002679,2025-10-19T12:24:33.000Z,2025-10-19T13:57:06.000Z,Branch,Payments,Bill Pay,Closed,Medium,true,3,14.8,BR-014,E-0077,true
RB-CS-002548,RB-C-01207-1,RB-FA-002680,2026-04-06T18:31:38.000Z,2026-04-17T14:53:45.000Z,Voice,Card Dispute,Merchant Refund,Closed,Low,false,3,12.1,BR-013,E-0129,true
RB-CS-002549,RB-C-01211-1,RB-FA-002686,2025-08-14T13:24:12.000Z,2025-08-14T16:09:27.000Z,Branch,Payments,Failed Transfer,Closed,Low,true,,19.6,BR-027,E-0111,false
RB-CS-002550,RB-C-01211-1,RB-FA-002686,2025-07-15T13:24:29.000Z,2025-07-23T12:08:36.000Z,Voice,Account Access,MFA,Closed,Low,false,4,14.4,BR-027,E-0077,true
RB-CS-002551,RB-C-01211-1,RB-FA-002686,2025-01-29T13:24:37.000Z,,Voice,Product Question,Eligibility,Open,Low,false,,9.0,BR-027,E-0073,true
RB-CS-002552,RB-C-01212-1,RB-FA-002688,2025-07-28T16:34:20.000Z,2025-08-05T09:54:19.000Z,Mobile App,Payments,Bill Pay,Closed,Low,false,5,10.8,BR-004,E-0064,false
RB-CS-002553,RB-C-01212-1,RB-FA-002688,2024-09-05T15:35:08.000Z,2024-09-05T13:25:07.000Z,Voice,Account Access,Password Reset,Closed,Medium,true,,23.3,BR-004,E-0113,false
RB-CS-002554,RB-C-01212-1,RB-FA-002688,2025-01-07T07:11:19.000Z,2025-01-26T09:28:41.000Z,Voice,Fraud,Card Compromised,Closed,Low,false,5,6.9,BR-004,E-0107,false
RB-CS-002555,RB-C-01212-1,RB-FA-002688,2026-01-01T14:37:24.000Z,2026-01-01T14:19:35.000Z,Chat,Account Access,Password Reset,Closed,Low,true,5,9.6,BR-004,E-0117,false
RB-CS-002556,RB-C-01213-1,RB-FA-002693,2024-11-06T07:24:39.000Z,2024-11-06T16:41:56.000Z,Branch,Account Access,Password Reset,Closed,Medium,true,,10.9,BR-014,E-0090,false
RB-CS-002557,RB-C-01213-1,RB-FA-002693,2024-09-25T12:23:23.000Z,2024-09-25T07:47:27.000Z,Mobile App,Fee Inquiry,Monthly Maintenance,Closed,High,true,5,7.8,BR-014,E-0107,false
RB-CS-002558,RB-C-01215-1,RB-FA-002695,2025-02-20T11:47:28.000Z,2025-02-20T08:06:44.000Z,Branch,Product Question,Eligibility,Closed,Low,true,,7.9,BR-020,E-0061,false
RB-CS-002559,RB-C-01216-1,RB-FA-002696,2025-01-21T07:08:39.000Z,2025-01-21T18:53:11.000Z,Voice,Fee Inquiry,ATM Fee,Closed,Low,true,5,11.7,BR-019,E-0132,true
RB-CS-002560,RB-C-01216-1,RB-FA-002697,2026-01-15T10:13:39.000Z,2026-01-18T07:47:27.000Z,Chat,Fee Inquiry,Overdraft Fee,Closed,Low,false,,8.8,BR-019,E-0082,true
RB-CS-002561,RB-C-01216-1,RB-FA-002697,2024-11-12T15:44:21.000Z,2024-11-29T16:31:27.000Z,Email,Card Dispute,Duplicate Charge,Closed,Low,false,,31.3,BR-019,E-0083,false
RB-CS-002562,RB-C-01216-1,RB-FA-002697,2025-01-15T18:47:32.000Z,2025-01-15T08:17:51.000Z,Voice,Payments,Failed Transfer,Closed,Medium,true,1,10.2,BR-019,E-0118,true
RB-CS-002563,RB-C-01217-1,RB-FA-002698,2025-07-24T12:35:21.000Z,2025-07-24T15:53:02.000Z,Voice,Account Access,Password Reset,Closed,Medium,true,,12.7,BR-007,E-0093,true
RB-CS-002564,RB-C-01217-1,RB-FA-002698,2026-06-27T11:47:01.000Z,2026-07-18T19:23:05.000Z,Email,Fee Inquiry,Overdraft Fee,Closed,Low,false,,22.8,BR-007,E-0101,false
RB-CS-002565,RB-C-01217-1,RB-FA-002700,2026-02-03T10:01:01.000Z,2026-02-18T19:25:51.000Z,Mobile App,Payments,Failed Transfer,Closed,Low,false,,11.4,BR-007,E-0097,false
RB-CS-002566,RB-C-01217-1,RB-FA-002701,2024-10-19T15:02:41.000Z,2024-10-20T15:57:11.000Z,Email,Account Access,MFA,Closed,Low,false,3,23.7,BR-007,E-0137,true
RB-CS-002567,RB-C-01218-1,RB-FA-002703,2025-06-30T09:28:56.000Z,2025-06-30T10:28:53.000Z,Chat,Account Access,Password Reset,Closed,Low,true,4,8.7,BR-030,E-0088,true
RB-CS-002568,RB-C-01218-1,RB-FA-002703,2026-05-09T16:25:23.000Z,2026-05-09T15:52:02.000Z,Chat,Product Question,Eligibility,Closed,Medium,true,4,18.4,BR-030,E-0108,false
RB-CS-002569,RB-C-01219-1,RB-FA-002706,2024-12-20T10:17:18.000Z,2024-12-20T15:23:38.000Z,Mobile App,Payments,Failed Transfer,Closed,High,true,,10.0,BR-022,E-0078,false
RB-CS-002570,RB-C-01220-1,RB-FA-002708,2025-07-15T12:49:52.000Z,2025-07-28T17:57:47.000Z,Voice,Card Dispute,Unrecognized Charge,Closed,Low,false,,7.3,BR-030,E-0128,false
RB-CS-002571,RB-C-01223-1,RB-FA-002713,2025-11-28T17:03:56.000Z,2025-11-28T17:53:13.000Z,Chat,Payments,Wire Status,Closed,Low,true,,21.9,BR-023,E-0094,false
RB-CS-002572,RB-C-01223-1,RB-FA-002714,2026-04-02T18:41:28.000Z,2026-04-02T09:03:36.000Z,Mobile App,Account Access,Password Reset,Closed,High,true,,21.9,BR-023,E-0118,false
RB-CS-002573,RB-C-01225-1,RB-FA-002717,2026-01-16T12:56:16.000Z,2026-01-16T16:21:22.000Z,Voice,Fee Inquiry,Overdraft Fee,Closed,Low,true,,9.3,BR-025,E-0070,false
RB-CS-002574,RB-C-01225-1,RB-FA-002719,2026-01-22T15:38:54.000Z,2026-01-23T10:18:27.000Z,Chat,Card Dispute,Unrecognized Charge,Closed,Medium,false,,18.3,BR-025,E-0062,false
RB-CS-002575,RB-C-01226-1,RB-FA-002721,2026-01-28T07:43:18.000Z,2026-02-04T07:47:49.000Z,Chat,Account Access,MFA,Closed,Low,false,2,8.6,BR-030,E-0129,false
RB-CS-002576,RB-C-01226-1,RB-FA-002721,2025-06-03T17:15:52.000Z,2025-06-03T10:28:30.000Z,Voice,Account Access,Locked Account,Closed,Low,true,3,12.1,BR-030,E-0102,true
RB-CS-002577,RB-C-01226-1,RB-FA-002721,2024-09-24T12:08:58.000Z,2024-10-05T15:23:24.000Z,Email,Fee Inquiry,ATM Fee,Closed,Low,false,2,14.8,BR-030,E-0068,false
RB-CS-002578,RB-C-01226-1,RB-FA-002721,2025-09-26T16:02:12.000Z,2025-10-12T14:13:09.000Z,Email,Product Question,Eligibility,Closed,High,false,,23.8,BR-030,E-0136,false
RB-CS-002579,RB-C-01227-1,RB-FA-002723,2025-08-25T15:55:52.000Z,2025-09-03T17:00:18.000Z,Chat,Fee Inquiry,Overdraft Fee,Closed,Low,false,4,10.5,BR-029,E-0091,false
RB-CS-002580,RB-C-01227-1,RB-FA-002724,2026-08-03T13:07:42.000Z,2026-08-03T07:46:49.000Z,Chat,Product Question,Eligibility,Closed,Medium,true,5,45.4,BR-029,E-0098,false
RB-CS-002581,RB-C-01227-1,RB-FA-002724,2026-08-07T12:54:37.000Z,2026-08-07T16:39:44.000Z,Mobile App,Account Access,Password Reset,Closed,High,true,,5.7,BR-029,E-0079,true
RB-CS-002582,RB-C-01227-1,RB-FA-002726,2025-06-10T18:52:19.000Z,2025-06-10T12:35:56.000Z,Voice,Product Question,Rates,Closed,High,true,,9.8,BR-029,E-0065,false
RB-CS-002583,RB-C-01228-1,RB-FA-002727,2026-04-17T19:16:26.000Z,2026-04-17T13:33:18.000Z,Voice,Payments,Wire Status,Closed,Low,true,3,7.6,BR-007,E-0075,false
RB-CS-002584,RB-C-01230-1,RB-FA-002730,2026-07-13T15:28:32.000Z,2026-07-13T19:01:46.000Z,Email,Product Question,Eligibility,Closed,High,true,,36.4,BR-008,E-0094,false
RB-CS-002585,RB-C-01230-1,RB-FA-002730,2026-06-30T11:12:21.000Z,2026-06-30T15:47:19.000Z,Email,Account Access,Password Reset,Closed,Low,true,,49.2,BR-008,E-0113,false
RB-CS-002586,RB-C-01230-1,RB-FA-002730,2025-10-21T07:14:01.000Z,2025-10-21T18:30:54.000Z,Voice,Fraud,Account Takeover,Closed,Low,true,,15.0,BR-008,E-0068,false
RB-CS-002587,RB-C-01230-1,RB-FA-002731,2026-07-23T09:47:34.000Z,2026-07-23T09:07:29.000Z,Mobile App,Fee Inquiry,Monthly Maintenance,Closed,Medium,true,5,12.1,BR-008,E-0127,true
RB-CS-002588,RB-C-01231-1,RB-FA-002732,2026-05-28T07:07:08.000Z,2026-05-28T19:31:13.000Z,Chat,Product Question,Rates,Closed,Low,true,4,6.3,BR-014,E-0128,true
RB-CS-002589,RB-C-01231-1,RB-FA-002733,2025-07-27T09:40:11.000Z,2025-07-27T09:33:50.000Z,Voice,Fee Inquiry,Overdraft Fee,Closed,Medium,true,5,6.4,BR-014,E-0138,true
RB-CS-002590,RB-C-01231-1,RB-FA-002733,2025-09-06T12:48:22.000Z,2025-09-10T14:36:34.000Z,Voice,Account Access,Locked Account,Closed,High,false,4,11.9,BR-014,E-0134,false
RB-CS-002591,RB-C-01233-1,RB-FA-002738,2025-06-18T18:34:19.000Z,2025-06-29T07:15:16.000Z,Mobile App,Card Dispute,Merchant Refund,Closed,Low,false,,10.1,BR-030,E-0134,false
RB-CS-002592,RB-C-01234-1,RB-FA-002739,2025-03-24T18:11:38.000Z,2025-03-24T15:26:16.000Z,Chat,Payments,Wire Status,Closed,Medium,true,3,11.1,BR-011,E-0091,false
RB-CS-002593,RB-C-01234-1,RB-FA-002739,2025-01-03T18:08:19.000Z,2025-01-10T15:20:27.000Z,Voice,Card Dispute,Merchant Refund,Closed,Medium,false,3,16.6,BR-011,E-0064,true
RB-CS-002594,RB-C-01234-1,RB-FA-002739,2025-06-24T07:40:55.000Z,2025-06-24T16:43:03.000Z,Voice,Fraud,Account Takeover,Closed,Medium,true,,9.6,BR-011,E-0127,false
RB-CS-002595,RB-C-01234-1,RB-FA-002741,2026-01-11T09:58:19.000Z,2026-01-11T13:44:47.000Z,Voice,Card Dispute,Duplicate Charge,Closed,Medium,true,4,18.7,BR-011,E-0091,false
RB-CS-002596,RB-C-01234-1,RB-FA-002741,2026-06-13T07:22:44.000Z,2026-06-13T11:12:25.000Z,Voice,Fraud,Card Compromised,Closed,Medium,true,2,7.0,BR-011,E-0093,false
RB-CS-002597,RB-C-01234-1,RB-FA-002741,2026-03-18T16:32:36.000Z,2026-04-06T07:53:49.000Z,Mobile App,Card Dispute,Unrecognized Charge,Closed,High,false,4,3.8,BR-011,E-0095,false
RB-CS-002598,RB-C-01235-1,RB-FA-002743,2026-01-01T19:50:13.000Z,2026-01-01T08:43:26.000Z,Chat,Card Dispute,Unrecognized Charge,Closed,High,true,,8.6,BR-016,E-0115,true
RB-CS-002599,RB-C-01235-1,RB-FA-002743,2026-05-04T07:29:11.000Z,2026-05-25T11:48:26.000Z,Mobile App,Account Access,Locked Account,Closed,High,false,,8.1,BR-016,E-0134,true
RB-CS-002600,RB-C-01235-1,RB-FA-002743,2025-12-05T12:06:21.000Z,2025-12-08T16:13:51.000Z,Voice,Fee Inquiry,ATM Fee,Closed,High,false,4,11.2,BR-016,E-0064,false
RB-CS-002601,RB-C-01235-1,RB-FA-002743,2026-02-18T19:47:02.000Z,2026-02-18T19:56:09.000Z,Chat,Fraud,Card Compromised,Closed,Low,true,4,14.2,BR-016,E-0116,false
RB-CS-002602,RB-C-01235-1,RB-FA-002744,2025-03-04T10:33:49.000Z,2025-03-04T11:02:16.000Z,Voice,Account Access,Password Reset,Closed,Medium,true,,10.3,BR-016,E-0076,false
RB-CS-002603,RB-C-01236-1,RB-FA-002746,2024-11-20T09:53:59.000Z,2024-11-20T13:36:44.000Z,Voice,Product Question,Eligibility,Closed,Low,true,,5.6,BR-015,E-0072,true
RB-CS-002604,RB-C-01236-1,RB-FA-002746,2025-12-12T17:30:37.000Z,2025-12-12T12:09:09.000Z,Email,Fee Inquiry,Overdraft Fee,Closed,High,true,5,8.1,BR-015,E-0112,false
RB-CS-002605,RB-C-01237-1,RB-FA-002748,2024-11-05T12:37:47.000Z,2024-11-09T07:31:31.000Z,Chat,Fee Inquiry,ATM Fee,Closed,High,false,,7.3,BR-020,E-0133,false
RB-CS-002606,RB-C-01237-1,RB-FA-002748,2024-12-02T08:21:28.000Z,2024-12-02T18:58:41.000Z,Chat,Payments,Failed Transfer,Closed,Low,true,,8.5,BR-020,E-0066,true
RB-CS-002607,RB-C-01237-1,RB-FA-002748,2026-07-11T11:53:00.000Z,2026-07-19T18:57:23.000Z,Mobile App,Account Access,Locked Account,Closed,Medium,false,,16.4,BR-020,E-0135,false
RB-CS-002608,RB-C-01238-1,RB-FA-002749,2025-05-16T07:14:17.000Z,2025-05-16T15:41:29.000Z,Mobile App,Card Dispute,Unrecognized Charge,Closed,Low,true,,20.0,BR-018,E-0066,false
RB-CS-002609,RB-C-01238-1,RB-FA-002749,2025-07-30T08:53:18.000Z,2025-08-14T19:25:15.000Z,Voice,Account Access,MFA,Closed,Low,false,,21.9,BR-018,E-0102,false
RB-CS-002610,RB-C-01238-1,RB-FA-002749,2025-10-29T14:26:45.000Z,2025-11-02T08:04:43.000Z,Voice,Fee Inquiry,Overdraft Fee,Closed,High,false,2,16.9,BR-018,E-0078,true
RB-CS-002611,RB-C-01239-1,RB-FA-002750,2025-06-27T12:40:09.000Z,2025-06-27T15:56:28.000Z,Branch,Fee Inquiry,Overdraft Fee,Closed,Low,true,3,9.4,BR-007,E-0123,false
RB-CS-002612,RB-C-01239-1,RB-FA-002750,2025-01-05T09:17:59.000Z,2025-01-05T16:34:03.000Z,Voice,Fee Inquiry,Monthly Maintenance,Closed,Medium,true,5,12.4,BR-007,E-0102,false
RB-CS-002613,RB-C-01239-1,RB-FA-002752,2025-02-22T18:06:25.000Z,2025-02-22T15:37:50.000Z,Voice,Fee Inquiry,Overdraft Fee,Closed,Medium,true,2,17.0,BR-007,E-0135,true
RB-CS-002614,RB-C-01239-1,RB-FA-002752,2025-10-28T16:19:29.000Z,2025-11-11T12:42:42.000Z,Voice,Fee Inquiry,Overdraft Fee,Closed,Low,false,,12.7,BR-007,E-0081,false
RB-CS-002615,RB-C-01241-1,RB-FA-002755,2025-03-31T14:50:45.000Z,2025-03-31T16:32:33.000Z,Voice,Fee Inquiry,Overdraft Fee,Closed,Low,true,,13.4,BR-030,E-0067,false
RB-CS-002616,RB-C-01242-1,RB-FA-002756,2026-03-22T16:58:07.000Z,2026-04-12T11:48:18.000Z,Chat,Account Access,MFA,Closed,Medium,false,,6.0,BR-005,E-0119,false
RB-CS-002617,RB-C-01244-1,RB-FA-002761,2025-01-08T09:16:26.000Z,2025-01-23T13:08:23.000Z,Chat,Fee Inquiry,Monthly Maintenance,Closed,Low,false,,15.5,BR-007,E-0075,true
RB-CS-002618,RB-C-01244-1,RB-FA-002761,2025-02-01T12:11:51.000Z,2025-02-01T07:16:47.000Z,Voice,Payments,Wire Status,Closed,Low,true,,5.4,BR-007,E-0089,true
RB-CS-002619,RB-C-01244-1,RB-FA-002761,2024-11-27T11:29:33.000Z,2024-11-27T18:54:27.000Z,Chat,Card Dispute,Unrecognized Charge,Closed,Medium,true,,17.3,BR-007,E-0066,false
RB-CS-002620,RB-C-01245-1,RB-FA-002762,2025-03-02T11:39:17.000Z,2025-03-02T16:10:27.000Z,Mobile App,Account Access,Password Reset,Closed,Low,true,5,16.4,BR-026,E-0139,false
RB-CS-002621,RB-C-01245-1,RB-FA-002762,2025-11-11T13:05:16.000Z,2025-11-11T13:44:51.000Z,Voice,Product Question,Rates,Closed,High,true,3,7.3,BR-026,E-0075,false
RB-CS-002622,RB-C-01245-1,RB-FA-002762,2024-09-26T19:02:58.000Z,,Email,Account Access,Locked Account,Escalated,Low,true,,30.4,BR-026,E-0104,false
RB-CS-002623,RB-C-01245-1,RB-FA-002763,2025-09-14T10:32:35.000Z,2025-09-21T10:08:40.000Z,Voice,Card Dispute,Unrecognized Charge,Closed,Low,false,3,18.0,BR-026,E-0064,false
RB-CS-002624,RB-C-01246-1,RB-FA-002765,2026-08-16T12:42:01.000Z,,Chat,Card Dispute,Merchant Refund,In Progress,Medium,false,3,6.9,BR-005,E-0061,false
RB-CS-002625,RB-C-01246-1,RB-FA-002765,2026-01-27T17:07:39.000Z,2026-01-27T16:09:22.000Z,Chat,Fee Inquiry,Monthly Maintenance,Closed,Medium,true,3,5.9,BR-005,E-0078,false
RB-CS-002626,RB-C-01246-1,RB-FA-002766,2025-06-11T18:48:15.000Z,2025-06-12T19:25:09.000Z,Mobile App,Card Dispute,Merchant Refund,Closed,High,false,4,3.7,BR-005,E-0113,true
RB-CS-002627,RB-C-01246-1,RB-FA-002766,2025-04-17T13:57:13.000Z,,Email,Fee Inquiry,ATM Fee,In Progress,Low,true,,36.6,BR-005,E-0126,false
RB-CS-002628,RB-C-01247-1,RB-FA-002768,2025-12-11T15:11:25.000Z,2025-12-11T10:40:25.000Z,Voice,Card Dispute,Merchant Refund,Closed,High,true,3,14.1,BR-004,E-0102,false
RB-CS-002629,RB-C-01248-1,RB-FA-002770,2026-02-24T19:13:57.000Z,2026-02-24T17:40:25.000Z,Voice,Account Access,Locked Account,Closed,Low,true,2,3.5,BR-025,E-0084,false
RB-CS-002630,RB-C-01248-1,RB-FA-002771,2025-07-13T19:29:31.000Z,2025-07-13T14:46:40.000Z,Branch,Product Question,Rates,Closed,Medium,true,,9.6,BR-025,E-0091,true
RB-CS-002631,RB-C-01250-1,RB-FA-002773,2025-12-27T16:34:59.000Z,2025-12-27T18:26:34.000Z,Mobile App,Account Access,Password Reset,Closed,High,true,,13.6,BR-005,E-0076,false
RB-CS-002632,RB-C-01250-1,RB-FA-002773,2024-10-13T13:46:48.000Z,2024-10-13T15:54:40.000Z,Voice,Card Dispute,Merchant Refund,Closed,Low,true,4,11.1,BR-005,E-0064,false
RB-CS-002633,RB-C-01251-1,RB-FA-002775,2024-10-03T15:05:44.000Z,2024-10-03T15:30:10.000Z,Voice,Fee Inquiry,Overdraft Fee,Closed,Low,true,,10.4,BR-026,E-0091,false
RB-CS-002634,RB-C-01251-1,RB-FA-002775,2026-05-01T09:31:15.000Z,,Mobile App,Account Access,Password Reset,Escalated,Low,true,,11.1,BR-026,E-0090,true
RB-CS-002635,RB-C-01251-1,RB-FA-002775,2026-06-30T08:23:43.000Z,2026-07-05T16:24:33.000Z,Chat,Card Dispute,Merchant Refund,Closed,High,false,3,14.9,BR-026,E-0066,false
RB-CS-002636,RB-C-01251-1,RB-FA-002775,2024-10-25T12:01:42.000Z,2024-10-25T17:20:59.000Z,Chat,Payments,Wire Status,Closed,Low,true,,8.6,BR-026,E-0104,true
RB-CS-002637,RB-C-01252-1,RB-FA-002776,2026-02-02T17:52:48.000Z,2026-02-02T13:15:32.000Z,Voice,Fee Inquiry,Overdraft Fee,Closed,Medium,true,3,5.1,BR-012,E-0109,false
RB-CS-002638,RB-C-01252-1,RB-FA-002777,2025-10-26T18:16:04.000Z,2025-10-28T14:36:59.000Z,Branch,Payments,Failed Transfer,Closed,Medium,false,,5.3,BR-012,E-0082,true
RB-CS-002639,RB-C-01254-1,RB-FA-002781,2026-08-18T07:53:29.000Z,2026-08-18T15:18:32.000Z,Chat,Account Access,MFA,Closed,Medium,true,,14.3,BR-029,E-0076,false
RB-CS-002640,RB-C-01256-1,RB-FA-002783,2025-08-29T18:02:18.000Z,2025-09-04T07:34:18.000Z,Mobile App,Card Dispute,Duplicate Charge,Closed,Medium,false,5,13.1,BR-027,E-0140,false
RB-CS-002641,RB-C-01256-1,RB-FA-002784,2024-11-26T18:37:22.000Z,2024-11-26T12:22:23.000Z,Mobile App,Account Access,MFA,Closed,Low,true,,8.8,BR-027,E-0138,true
RB-CS-002642,RB-C-01256-1,RB-FA-002785,2025-01-18T19:30:18.000Z,2025-01-18T09:14:10.000Z,Voice,Card Dispute,Unrecognized Charge,Closed,High,true,,11.0,BR-027,E-0117,true
RB-CS-002643,RB-C-01257-1,RB-FA-002786,2025-09-07T10:15:30.000Z,2025-09-07T12:40:47.000Z,Voice,Product Question,Rates,Closed,Low,true,,18.7,BR-028,E-0082,false
RB-CS-002644,RB-C-01257-1,RB-FA-002786,2025-10-18T07:37:24.000Z,2025-10-18T08:32:21.000Z,Chat,Fee Inquiry,Overdraft Fee,Closed,High,true,,12.6,BR-028,E-0086,false
RB-CS-002645,RB-C-01257-1,RB-FA-002788,2025-02-28T19:54:22.000Z,2025-02-28T15:12:40.000Z,Chat,Fee Inquiry,Monthly Maintenance,Closed,Low,true,,29.2,BR-028,E-0087,false
RB-CS-002646,RB-C-01257-1,RB-FA-002788,2025-05-19T17:35:42.000Z,,Mobile App,Fee Inquiry,Overdraft Fee,Open,Medium,true,3,10.2,BR-028,E-0135,true
RB-CS-002647,RB-C-01257-1,RB-FA-002788,2025-07-10T16:15:30.000Z,2025-07-10T15:43:31.000Z,Voice,Account Access,MFA,Closed,High,true,4,10.9,BR-028,E-0130,false
RB-CS-002648,RB-C-01257-1,RB-FA-002789,2025-01-13T11:52:05.000Z,,Chat,Fee Inquiry,ATM Fee,In Progress,Low,true,4,16.1,BR-028,E-0100,true
RB-CS-002649,RB-C-01258-1,RB-FA-002790,2025-08-27T09:13:39.000Z,2025-08-27T07:37:35.000Z,Chat,Fee Inquiry,Monthly Maintenance,Closed,Low,true,,15.8,BR-020,E-0115,true
RB-CS-002650,RB-C-01258-1,RB-FA-002790,2026-03-30T09:52:36.000Z,2026-03-30T09:05:01.000Z,Branch,Account Access,Password Reset,Closed,Medium,true,4,30.9,BR-020,E-0068,false
RB-CS-002651,RB-C-01258-1,RB-FA-002790,2025-03-03T16:01:57.000Z,2025-03-03T08:02:42.000Z,Mobile App,Account Access,Password Reset,Closed,High,true,5,18.8,BR-020,E-0124,false
RB-CS-002652,RB-C-01258-1,RB-FA-002790,2025-11-11T15:59:21.000Z,2025-11-30T19:52:37.000Z,Branch,Product Question,Eligibility,Closed,Low,false,1,5.0,BR-020,E-0102,false
RB-CS-002653,RB-C-01259-1,RB-FA-002795,2026-05-16T17:14:21.000Z,2026-05-16T12:37:15.000Z,Voice,Card Dispute,Merchant Refund,Closed,Medium,true,4,7.1,BR-002,E-0127,false
RB-CS-002654,RB-C-01260-1,RB-FA-002796,2026-02-16T14:34:39.000Z,2026-02-16T08:29:24.000Z,Chat,Payments,Failed Transfer,Closed,High,true,1,9.3,BR-001,E-0063,false
RB-CS-002655,RB-C-01260-1,RB-FA-002796,2025-07-24T08:57:32.000Z,2025-07-24T09:11:29.000Z,Voice,Account Access,Locked Account,Closed,Low,true,,65.8,BR-001,E-0093,true
RB-CS-002656,RB-C-01260-1,RB-FA-002796,2025-05-27T12:46:49.000Z,2025-05-27T10:26:35.000Z,Chat,Fraud,Account Takeover,Closed,Medium,true,,6.8,BR-001,E-0068,true
RB-CS-002657,RB-C-01261-1,RB-FA-002797,2024-12-26T11:27:42.000Z,2024-12-26T19:37:57.000Z,Branch,Payments,Wire Status,Closed,Medium,true,4,17.8,BR-026,E-0107,false
RB-CS-002658,RB-C-01261-1,RB-FA-002798,2025-01-23T18:15:34.000Z,2025-01-25T10:30:10.000Z,Email,Fraud,Card Compromised,Closed,Medium,false,,12.8,BR-026,E-0120,false
RB-CS-002659,RB-C-01262-1,RB-FA-002799,2026-01-12T13:31:32.000Z,2026-01-24T11:28:17.000Z,Branch,Card Dispute,Unrecognized Charge,Closed,Medium,false,,4.3,BR-012,E-0118,false
RB-CS-002660,RB-C-01262-1,RB-FA-002799,2025-07-28T18:48:54.000Z,2025-08-18T13:29:16.000Z,Email,Card Dispute,Duplicate Charge,Closed,Low,false,,25.3,BR-012,E-0137,false
RB-CS-002661,RB-C-01262-1,RB-FA-002799,2024-10-24T09:07:16.000Z,2024-10-24T18:39:29.000Z,Email,Fee Inquiry,ATM Fee,Closed,Medium,true,,29.7,BR-012,E-0121,false
RB-CS-002662,RB-C-01262-1,RB-FA-002800,2026-07-29T17:45:22.000Z,2026-08-13T17:17:49.000Z,Mobile App,Card Dispute,Duplicate Charge,Closed,Medium,false,,9.4,BR-012,E-0081,false
RB-CS-002663,RB-C-01263-1,RB-FA-002803,2024-10-02T14:20:50.000Z,2024-10-02T08:13:49.000Z,Chat,Fee Inquiry,ATM Fee,Closed,Low,true,3,7.4,BR-016,E-0098,false
RB-CS-002664,RB-C-01263-1,RB-FA-002803,2025-04-14T13:03:08.000Z,2025-04-14T17:01:24.000Z,Mobile App,Account Access,MFA,Closed,Medium,true,,27.1,BR-016,E-0112,false
RB-CS-002665,RB-C-01264-1,RB-FA-002806,2025-08-14T07:34:30.000Z,2025-08-21T10:22:21.000Z,Voice,Fraud,Account Takeover,Closed,Medium,false,4,11.3,BR-003,E-0068,false
RB-CS-002666,RB-C-01265-1,RB-FA-002808,2024-10-24T19:13:21.000Z,2024-10-24T11:16:55.000Z,Voice,Account Access,Locked Account,Closed,Low,true,,8.4,BR-018,E-0129,false
RB-CS-002667,RB-C-01265-1,RB-FA-002808,2025-05-04T15:18:50.000Z,2025-05-04T07:34:55.000Z,Email,Fee Inquiry,Monthly Maintenance,Closed,Low,true,,54.8,BR-018,E-0092,false
RB-CS-002668,RB-C-01266-1,RB-FA-002810,2026-02-09T19:09:31.000Z,2026-02-15T13:07:18.000Z,Mobile App,Fee Inquiry,Overdraft Fee,Closed,Low,false,4,10.5,BR-003,E-0105,false
RB-CS-002669,RB-C-01266-1,RB-FA-002811,2025-11-24T17:06:11.000Z,2025-11-24T15:50:54.000Z,Voice,Account Access,Password Reset,Closed,Low,true,3,17.1,BR-003,E-0095,false
RB-CS-002670,RB-C-01267-1,RB-FA-002813,2026-08-10T17:22:50.000Z,2026-08-10T19:54:00.000Z,Voice,Fee Inquiry,Overdraft Fee,Closed,Medium,true,,6.5,BR-004,E-0064,false
RB-CS-002671,RB-C-01267-1,RB-FA-002813,2025-03-05T11:28:59.000Z,2025-03-05T12:07:03.000Z,Voice,Fee Inquiry,Overdraft Fee,Closed,Medium,true,5,11.9,BR-004,E-0088,true
RB-CS-002672,RB-C-01268-1,RB-FA-002814,2026-08-14T13:55:39.000Z,2026-08-14T12:45:22.000Z,Email,Fee Inquiry,ATM Fee,Closed,Low,true,1,57.2,BR-010,E-0108,true
RB-CS-002673,RB-C-01269-1,RB-FA-002815,2025-01-26T14:04:49.000Z,2025-02-05T14:09:19.000Z,Chat,Card Dispute,Unrecognized Charge,Closed,Low,false,,9.1,BR-008,E-0136,true
RB-CS-002674,RB-C-01269-1,RB-FA-002817,2024-10-26T08:26:21.000Z,2024-10-26T10:16:12.000Z,Chat,Card Dispute,Merchant Refund,Closed,Medium,true,,4.6,BR-008,E-0080,false
RB-CS-002675,RB-C-01270-1,RB-FA-002820,2026-03-11T16:27:42.000Z,2026-03-27T18:29:59.000Z,Email,Account Access,Locked Account,Closed,Medium,false,,38.5,BR-013,E-0128,true
RB-CS-002676,RB-C-01270-1,RB-FA-002820,2024-12-25T09:19:13.000Z,2024-12-25T12:49:56.000Z,Mobile App,Account Access,Locked Account,Closed,Medium,true,4,5.4,BR-013,E-0074,false
RB-CS-002677,RB-C-01270-1,RB-FA-002820,2025-10-17T19:00:44.000Z,2025-11-06T15:39:31.000Z,Email,Product Question,Eligibility,Closed,Low,false,4,33.0,BR-013,E-0112,true
RB-CS-002678,RB-C-01270-1,RB-FA-002821,2026-01-01T13:42:57.000Z,2026-01-01T12:09:48.000Z,Branch,Fee Inquiry,ATM Fee,Closed,Low,true,3,17.4,BR-013,E-0101,true
RB-CS-002679,RB-C-01271-1,RB-FA-002822,2024-11-09T11:59:03.000Z,2024-11-09T19:51:34.000Z,Email,Account Access,MFA,Closed,Low,true,,24.9,BR-026,E-0078,true
RB-CS-002680,RB-C-01271-1,RB-FA-002822,2025-08-23T09:01:40.000Z,2025-08-23T11:39:08.000Z,Chat,Fee Inquiry,ATM Fee,Closed,Medium,true,4,14.9,BR-026,E-0105,false
RB-CS-002681,RB-C-01272-1,RB-FA-002826,2026-03-01T15:34:17.000Z,2026-03-05T12:34:49.000Z,Mobile App,Account Access,Locked Account,Closed,Low,false,4,16.4,BR-025,E-0084,false
RB-CS-002682,RB-C-01272-1,RB-FA-002827,2024-12-10T09:44:52.000Z,2024-12-10T08:59:13.000Z,Voice,Fee Inquiry,ATM Fee,Closed,Low,true,,10.6,BR-025,E-0125,false
RB-CS-002683,RB-C-01274-1,RB-FA-002830,2024-10-02T12:48:19.000Z,2024-10-02T09:29:41.000Z,Chat,Payments,Wire Status,Closed,Medium,true,,20.5,BR-003,E-0131,true
RB-CS-002684,RB-C-01274-1,RB-FA-002830,2026-08-27T19:00:32.000Z,,Chat,Fee Inquiry,Monthly Maintenance,Escalated,Low,true,,17.0,BR-003,E-0113,false
RB-CS-002685,RB-C-01274-1,RB-FA-002831,2024-09-26T11:26:12.000Z,,Voice,Card Dispute,Duplicate Charge,Open,High,true,5,13.0,BR-003,E-0136,true
RB-CS-002686,RB-C-01274-1,RB-FA-002831,2025-12-08T19:00:39.000Z,2025-12-08T10:13:45.000Z,Voice,Card Dispute,Duplicate Charge,Closed,Low,true,4,17.2,BR-003,E-0136,true
RB-CS-002687,RB-C-01274-1,RB-FA-002831,2024-10-28T17:43:56.000Z,2024-10-31T14:12:42.000Z,Voice,Card Dispute,Unrecognized Charge,Closed,High,false,,19.2,BR-003,E-0076,false
RB-CS-002688,RB-C-01274-1,RB-FA-002831,2025-08-15T07:30:23.000Z,,Voice,Account Access,Locked Account,Open,Low,true,4,30.8,BR-003,E-0094,false
RB-CS-002689,RB-C-01276-1,RB-FA-002834,2025-08-20T08:53:48.000Z,2025-08-29T07:03:20.000Z,Chat,Card Dispute,Merchant Refund,Closed,Medium,false,,19.3,BR-029,E-0120,false
RB-CS-002690,RB-C-01277-1,RB-FA-002835,2025-07-21T15:42:14.000Z,2025-07-21T15:11:55.000Z,Email,Fraud,Account Takeover,Closed,Low,true,4,24.8,BR-026,E-0132,false
RB-CS-002691,RB-C-01277-1,RB-FA-002835,2025-08-31T18:05:07.000Z,2025-08-31T10:25:32.000Z,Voice,Product Question,Rates,Closed,High,true,5,16.3,BR-026,E-0139,true
RB-CS-002692,RB-C-01278-1,RB-FA-002837,2025-08-17T17:11:43.000Z,2025-09-01T16:59:13.000Z,Voice,Product Question,Eligibility,Closed,High,false,3,10.8,BR-008,E-0103,true
RB-CS-002693,RB-C-01278-1,RB-FA-002838,2025-11-18T07:14:30.000Z,2025-11-23T08:02:56.000Z,Chat,Card Dispute,Duplicate Charge,Closed,Medium,false,,32.3,BR-008,E-0132,false
RB-CS-002694,RB-C-01278-1,RB-FA-002838,2025-08-16T07:33:32.000Z,2025-08-16T13:06:43.000Z,Voice,Product Question,Rates,Closed,Medium,true,,10.8,BR-008,E-0083,false
RB-CS-002695,RB-C-01279-1,RB-FA-002840,2025-01-02T10:53:08.000Z,2025-01-02T13:15:16.000Z,Email,Fee Inquiry,Monthly Maintenance,Closed,Low,true,,28.5,BR-029,E-0121,false
RB-CS-002696,RB-C-01279-1,RB-FA-002841,2025-09-23T10:13:07.000Z,2025-10-02T19:08:25.000Z,Chat,Card Dispute,Duplicate Charge,Closed,Medium,false,,20.4,BR-029,E-0114,false
RB-CS-002697,RB-C-01279-1,RB-FA-002842,2024-10-11T17:25:17.000Z,2024-10-25T16:38:17.000Z,Branch,Product Question,Rates,Closed,Low,false,,39.0,BR-029,E-0115,false
RB-CS-002698,RB-C-01280-1,RB-FA-002843,2024-12-20T19:56:24.000Z,2024-12-20T07:01:10.000Z,Branch,Payments,Failed Transfer,Closed,High,true,,21.8,BR-023,E-0123,true
RB-CS-002699,RB-C-01281-1,RB-FA-002844,2026-02-07T12:46:51.000Z,,Chat,Account Access,Locked Account,Open,Low,true,4,18.5,BR-030,E-0128,true
RB-CS-002700,RB-C-01281-1,RB-FA-002846,2025-03-13T09:17:41.000Z,2025-03-13T18:42:30.000Z,Mobile App,Fraud,Account Takeover,Closed,Medium,true,,15.4,BR-030,E-0092,true
RB-CS-002701,RB-C-01283-1,RB-FA-002850,2026-05-30T10:28:26.000Z,2026-05-30T17:00:51.000Z,Chat,Card Dispute,Unrecognized Charge,Closed,Low,true,,11.7,BR-010,E-0069,true
RB-CS-002702,RB-C-01285-1,RB-FA-002853,2026-01-09T11:06:27.000Z,2026-01-09T17:36:53.000Z,Mobile App,Fee Inquiry,Overdraft Fee,Closed,High,true,,7.5,BR-023,E-0107,false
RB-CS-002703,RB-C-01285-1,RB-FA-002853,2025-04-24T18:17:13.000Z,,Chat,Fraud,Account Takeover,In Progress,Low,true,4,15.3,BR-023,E-0139,false
RB-CS-002704,RB-C-01285-1,RB-FA-002854,2026-02-20T15:29:05.000Z,2026-02-20T07:24:30.000Z,Voice,Card Dispute,Duplicate Charge,Closed,Medium,true,4,16.9,BR-023,E-0122,true
RB-CS-002705,RB-C-01286-1,RB-FA-002855,2026-03-20T14:41:14.000Z,2026-03-20T16:17:54.000Z,Voice,Account Access,Password Reset,Closed,Medium,true,,7.4,BR-004,E-0135,true
RB-CS-002706,RB-C-01286-1,RB-FA-002856,2026-02-24T12:19:55.000Z,2026-03-10T07:26:43.000Z,Chat,Payments,Bill Pay,Closed,Medium,false,2,12.1,BR-004,E-0138,false
RB-CS-002707,RB-C-01286-1,RB-FA-002856,2026-03-10T10:47:32.000Z,2026-03-10T16:22:35.000Z,Chat,Payments,Bill Pay,Closed,Medium,true,4,14.4,BR-004,E-0130,true
RB-CS-002708,RB-C-01286-1,RB-FA-002856,2025-05-10T19:46:46.000Z,2025-05-23T12:55:43.000Z,Voice,Card Dispute,Unrecognized Charge,Closed,Low,false,1,12.1,BR-004,E-0107,true
RB-CS-002709,RB-C-01286-1,RB-FA-002856,2025-04-24T10:02:44.000Z,2025-04-24T07:02:32.000Z,Chat,Card Dispute,Merchant Refund,Closed,High,true,4,16.9,BR-004,E-0106,false
RB-CS-002710,RB-C-01286-1,RB-FA-002857,2024-12-23T14:07:03.000Z,2024-12-23T09:31:08.000Z,Chat,Account Access,Locked Account,Closed,Medium,true,5,10.4,BR-004,E-0127,false
RB-CS-002711,RB-C-01286-1,RB-FA-002857,2024-09-06T07:17:44.000Z,2024-09-11T16:53:38.000Z,Branch,Card Dispute,Unrecognized Charge,Closed,Medium,false,,10.8,BR-004,E-0064,false
RB-CS-002712,RB-C-01286-1,RB-FA-002857,2026-03-30T07:21:13.000Z,2026-04-19T15:04:21.000Z,Voice,Card Dispute,Duplicate Charge,Closed,Medium,false,,5.0,BR-004,E-0132,false
RB-CS-002713,RB-C-01286-1,RB-FA-002857,2025-09-16T16:40:03.000Z,2025-09-16T08:16:56.000Z,Voice,Account Access,Locked Account,Closed,Medium,true,4,5.5,BR-004,E-0140,false
RB-CS-002714,RB-C-01287-1,RB-FA-002861,2026-06-16T11:38:57.000Z,2026-06-16T19:33:08.000Z,Email,Account Access,MFA,Closed,Medium,true,4,46.5,BR-027,E-0061,true
RB-CS-002715,RB-C-01288-1,RB-FA-002863,2026-04-08T13:20:05.000Z,2026-04-08T14:50:30.000Z,Voice,Account Access,Password Reset,Closed,Low,true,3,14.2,BR-008,E-0139,false
RB-CS-002716,RB-C-01288-1,RB-FA-002863,2024-09-27T10:42:09.000Z,,Voice,Fraud,Account Takeover,In Progress,Medium,false,2,13.1,BR-008,E-0116,false
RB-CS-002717,RB-C-01288-1,RB-FA-002863,2025-12-13T16:23:50.000Z,2025-12-13T13:26:59.000Z,Mobile App,Payments,Bill Pay,Closed,Medium,true,3,4.8,BR-008,E-0086,true
RB-CS-002718,RB-C-01288-1,RB-FA-002863,2025-11-06T10:07:51.000Z,2025-11-06T15:01:09.000Z,Chat,Payments,Wire Status,Closed,High,true,5,15.9,BR-008,E-0096,true
RB-CS-002719,RB-C-01288-1,RB-FA-002864,2025-03-01T13:44:20.000Z,2025-03-01T18:17:56.000Z,Email,Account Access,MFA,Closed,Medium,true,,26.2,BR-008,E-0092,false
RB-CS-002720,RB-C-01288-1,RB-FA-002864,2026-05-23T19:32:22.000Z,2026-05-23T11:53:49.000Z,Chat,Product Question,Rates,Closed,Low,true,,10.1,BR-008,E-0119,false
RB-CS-002721,RB-C-01288-1,RB-FA-002864,2026-03-29T19:28:27.000Z,,Chat,Product Question,Eligibility,Escalated,Low,false,,15.8,BR-008,E-0104,true
RB-CS-002722,RB-C-01288-1,RB-FA-002864,2026-06-17T18:08:47.000Z,2026-06-17T14:20:45.000Z,Voice,Product Question,Eligibility,Closed,Low,true,,28.4,BR-008,E-0111,false
RB-CS-002723,RB-C-01288-1,RB-FA-002865,2025-08-16T10:58:52.000Z,2025-08-27T15:01:30.000Z,Chat,Card Dispute,Unrecognized Charge,Closed,Medium,false,,8.1,BR-008,E-0117,true
RB-CS-002724,RB-C-01290-1,RB-FA-002869,2025-01-04T12:57:00.000Z,2025-01-09T13:56:15.000Z,Chat,Card Dispute,Duplicate Charge,Closed,Low,false,4,8.1,BR-023,E-0064,false
RB-CS-002725,RB-C-01290-1,RB-FA-002870,2026-03-31T16:44:02.000Z,2026-03-31T12:26:43.000Z,Chat,Fee Inquiry,ATM Fee,Closed,High,true,,16.8,BR-023,E-0109,true
RB-CS-002726,RB-C-01290-1,RB-FA-002871,2025-03-12T18:38:18.000Z,2025-03-12T15:00:49.000Z,Voice,Product Question,Rates,Closed,Low,true,,10.6,BR-023,E-0080,false
RB-CS-002727,RB-C-01290-1,RB-FA-002871,2026-07-03T11:45:28.000Z,2026-07-03T08:26:17.000Z,Email,Card Dispute,Merchant Refund,Closed,Medium,true,2,21.7,BR-023,E-0122,false
RB-CS-002728,RB-C-01290-1,RB-FA-002871,2024-09-12T15:27:49.000Z,2024-09-12T18:42:11.000Z,Branch,Account Access,Password Reset,Closed,High,true,5,17.1,BR-023,E-0070,false
RB-CS-002729,RB-C-01292-1,RB-FA-002873,2026-07-17T16:21:23.000Z,2026-07-19T11:02:43.000Z,Chat,Product Question,Eligibility,Closed,Low,false,,11.5,BR-025,E-0133,false
RB-CS-002730,RB-C-01292-1,RB-FA-002873,2026-08-31T17:14:44.000Z,2026-08-31T10:33:55.000Z,Voice,Account Access,MFA,Closed,Low,true,5,12.1,BR-025,E-0096,false
RB-CS-002731,RB-C-01292-1,RB-FA-002874,2025-12-27T11:40:44.000Z,2025-12-27T18:15:51.000Z,Chat,Account Access,MFA,Closed,Low,true,3,11.2,BR-025,E-0135,true
RB-CS-002732,RB-C-01294-1,RB-FA-002876,2026-08-17T13:41:48.000Z,2026-08-17T09:18:40.000Z,Chat,Account Access,Password Reset,Closed,Low,true,4,8.5,BR-019,E-0106,false
RB-CS-002733,RB-C-01294-1,RB-FA-002876,2024-12-27T14:00:06.000Z,2024-12-27T07:51:23.000Z,Voice,Product Question,Eligibility,Closed,Medium,true,,8.2,BR-019,E-0136,false
RB-CS-002734,RB-C-01296-1,RB-FA-002879,2025-09-02T08:38:34.000Z,2025-09-02T07:12:31.000Z,Chat,Payments,Failed Transfer,Closed,High,true,5,17.4,BR-017,E-0096,false
RB-CS-002735,RB-C-01296-1,RB-FA-002879,2025-05-24T16:07:41.000Z,2025-05-28T08:42:44.000Z,Chat,Account Access,Password Reset,Closed,High,false,,10.2,BR-017,E-0078,true
RB-CS-002736,RB-C-01296-1,RB-FA-002880,2025-02-10T19:10:03.000Z,2025-02-27T16:49:44.000Z,Chat,Account Access,MFA,Closed,Low,false,5,9.2,BR-017,E-0140,true
RB-CS-002737,RB-C-01297-1,RB-FA-002881,2026-02-11T18:48:52.000Z,,Voice,Card Dispute,Unrecognized Charge,In Progress,Medium,true,,12.1,BR-010,E-0105,false
RB-CS-002738,RB-C-01297-1,RB-FA-002881,2025-09-23T14:37:28.000Z,2025-09-23T11:02:04.000Z,Chat,Account Access,MFA,Closed,High,true,5,3.4,BR-010,E-0118,false
RB-CS-002739,RB-C-01297-1,RB-FA-002881,2025-07-02T17:30:24.000Z,2025-07-02T17:23:45.000Z,Branch,Account Access,Locked Account,Closed,Low,true,,18.6,BR-010,E-0073,false
RB-CS-002740,RB-C-01297-1,RB-FA-002881,2026-07-15T17:11:54.000Z,2026-07-22T12:18:58.000Z,Voice,Product Question,Rates,Closed,Low,false,2,8.2,BR-010,E-0087,false
RB-CS-002741,RB-C-01297-1,RB-FA-002882,2026-01-29T10:32:26.000Z,2026-01-29T13:58:33.000Z,Voice,Card Dispute,Unrecognized Charge,Closed,High,true,4,3.7,BR-010,E-0079,true
RB-CS-002742,RB-C-01297-1,RB-FA-002883,2025-06-17T19:55:54.000Z,2025-06-21T13:25:14.000Z,Chat,Fee Inquiry,Overdraft Fee,Closed,Low,false,5,6.7,BR-010,E-0117,false
RB-CS-002743,RB-C-01297-1,RB-FA-002883,2026-08-07T13:35:55.000Z,2026-08-08T17:19:51.000Z,Voice,Fee Inquiry,Overdraft Fee,Closed,Low,false,2,8.0,BR-010,E-0071,false
RB-CS-002744,RB-C-01298-1,RB-FA-002885,2026-01-08T15:46:25.000Z,2026-01-08T12:34:57.000Z,Voice,Fee Inquiry,ATM Fee,Closed,Medium,true,5,24.8,BR-016,E-0138,false
RB-CS-002745,RB-C-01298-1,RB-FA-002886,2026-01-01T18:12:48.000Z,2026-01-01T12:49:02.000Z,Branch,Payments,Bill Pay,Closed,Medium,true,,26.7,BR-016,E-0088,false
RB-CS-002746,RB-C-01298-1,RB-FA-002886,2026-06-02T09:59:51.000Z,2026-06-02T13:37:14.000Z,Voice,Fee Inquiry,Monthly Maintenance,Closed,Medium,true,,23.8,BR-016,E-0126,false
RB-CS-002747,RB-C-01299-1,RB-FA-002887,2026-06-08T15:26:31.000Z,2026-06-08T18:43:26.000Z,Chat,Fee Inquiry,Monthly Maintenance,Closed,High,true,5,19.8,BR-028,E-0079,false
RB-CS-002748,RB-C-01300-1,RB-FA-002889,2025-11-17T11:47:23.000Z,,Mobile App,Fee Inquiry,Monthly Maintenance,In Progress,Low,true,4,18.8,BR-023,E-0094,true
RB-CS-002749,RB-C-01302-1,RB-FA-002894,2026-07-05T17:13:59.000Z,,Voice,Product Question,Rates,In Progress,Low,true,4,6.3,BR-009,E-0076,false
RB-CS-002750,RB-C-01302-1,RB-FA-002895,2025-11-28T10:47:59.000Z,2025-12-19T12:07:42.000Z,Chat,Card Dispute,Merchant Refund,Closed,Medium,false,3,12.6,BR-009,E-0069,true
RB-CS-002751,RB-C-01303-1,RB-FA-002896,2025-08-20T15:46:10.000Z,2025-08-20T12:12:09.000Z,Voice,Payments,Wire Status,Closed,Medium,true,,6.7,BR-003,E-0064,false
RB-CS-002752,RB-C-01303-1,RB-FA-002896,2025-02-10T17:03:21.000Z,2025-02-25T11:17:12.000Z,Chat,Product Question,Rates,Closed,Low,false,5,19.5,BR-003,E-0103,false
RB-CS-002753,RB-C-01307-1,RB-FA-002904,2026-07-03T19:53:51.000Z,2026-07-22T13:59:35.000Z,Email,Account Access,Password Reset,Closed,Low,false,2,28.5,BR-014,E-0064,false
RB-CS-002754,RB-C-01310-1,RB-FA-002909,2024-10-07T15:24:51.000Z,2024-10-09T09:36:13.000Z,Voice,Card Dispute,Unrecognized Charge,Closed,Low,false,1,4.1,BR-009,E-0136,false
RB-CS-002755,RB-C-01310-1,RB-FA-002910,2025-04-26T18:37:09.000Z,2025-04-26T13:09:36.000Z,Chat,Fraud,Account Takeover,Closed,Low,true,,7.8,BR-009,E-0127,false
RB-CS-002756,RB-C-01312-1,RB-FA-002914,2025-01-17T09:12:06.000Z,2025-02-07T16:50:27.000Z,Mobile App,Product Question,Eligibility,Closed,Low,false,,6.9,BR-017,E-0121,true
RB-CS-002757,RB-C-01312-1,RB-FA-002916,2024-09-17T15:38:30.000Z,2024-09-17T09:41:14.000Z,Branch,Account Access,MFA,Closed,Medium,true,4,9.5,BR-017,E-0080,false
RB-CS-002758,RB-C-01312-1,RB-FA-002916,2024-09-17T17:41:39.000Z,2024-09-17T15:24:24.000Z,Chat,Fee Inquiry,Overdraft Fee,Closed,Medium,true,,7.9,BR-017,E-0115,false
RB-CS-002759,RB-C-01312-1,RB-FA-002916,2024-10-27T14:21:44.000Z,2024-10-27T12:26:56.000Z,Voice,Account Access,MFA,Closed,Low,true,2,15.9,BR-017,E-0073,false
RB-CS-002760,RB-C-01312-1,RB-FA-002916,2025-04-24T10:50:28.000Z,2025-04-24T07:05:18.000Z,Mobile App,Account Access,MFA,Closed,Low,true,3,21.7,BR-017,E-0086,false
RB-CS-002761,RB-C-01313-1,RB-FA-002917,2025-01-03T09:39:28.000Z,,Mobile App,Fee Inquiry,ATM Fee,Escalated,High,true,3,6.7,BR-014,E-0074,false
RB-CS-002762,RB-C-01313-1,RB-FA-002918,2025-05-06T07:47:57.000Z,2025-05-06T09:24:01.000Z,Voice,Account Access,Locked Account,Closed,Low,true,,8.4,BR-014,E-0095,false
RB-CS-002763,RB-C-01314-1,RB-FA-002919,2024-09-23T16:36:48.000Z,2024-09-23T10:42:27.000Z,Voice,Account Access,MFA,Closed,Low,true,4,11.4,BR-022,E-0130,false
RB-CS-002764,RB-C-01314-1,RB-FA-002920,2024-10-15T09:03:38.000Z,2024-10-15T12:52:03.000Z,Mobile App,Fee Inquiry,Overdraft Fee,Closed,Low,true,5,12.0,BR-022,E-0076,true
RB-CS-002765,RB-C-01314-1,RB-FA-002920,2025-05-31T14:49:19.000Z,2025-05-31T19:37:25.000Z,Branch,Fraud,Account Takeover,Closed,Low,true,4,2.9,BR-022,E-0118,true
RB-CS-002766,RB-C-01315-1,RB-FA-002921,2025-05-01T16:33:41.000Z,2025-05-01T11:46:04.000Z,Email,Account Access,MFA,Closed,Medium,true,,81.2,BR-009,E-0117,true
RB-CS-002767,RB-C-01317-1,RB-FA-002923,2025-02-07T19:50:03.000Z,2025-02-14T08:59:09.000Z,Branch,Fee Inquiry,Overdraft Fee,Closed,Low,false,,11.7,BR-024,E-0096,false
RB-CS-002768,RB-C-01319-1,RB-FA-002927,2025-01-13T19:29:16.000Z,2025-01-31T12:27:55.000Z,Email,Card Dispute,Unrecognized Charge,Closed,Low,false,4,55.0,BR-005,E-0136,false
RB-CS-002769,RB-C-01319-1,RB-FA-002927,2026-02-19T09:51:47.000Z,2026-02-19T19:46:58.000Z,Voice,Account Access,MFA,Closed,Medium,true,,34.7,BR-005,E-0136,true
RB-CS-002770,RB-C-01319-1,RB-FA-002927,2025-03-29T11:04:37.000Z,2025-03-29T09:45:00.000Z,Voice,Account Access,Password Reset,Closed,Low,true,3,4.8,BR-005,E-0089,false
RB-CS-002771,RB-C-01319-1,RB-FA-002927,2025-07-04T11:27:40.000Z,2025-07-04T10:40:30.000Z,Mobile App,Fee Inquiry,ATM Fee,Closed,High,true,5,5.4,BR-005,E-0138,false
RB-CS-002772,RB-C-01320-1,RB-FA-002928,2026-08-12T07:13:47.000Z,2026-08-12T07:49:17.000Z,Voice,Account Access,Locked Account,Closed,Medium,true,,13.5,BR-014,E-0117,true
RB-CS-002773,RB-C-01321-1,RB-FA-002930,2025-01-23T18:11:15.000Z,2025-01-23T09:36:00.000Z,Voice,Fee Inquiry,Overdraft Fee,Closed,High,true,5,10.2,BR-010,E-0086,true
RB-CS-002774,RB-C-01321-1,RB-FA-002931,2025-07-05T15:29:49.000Z,2025-07-05T12:17:43.000Z,Chat,Product Question,Rates,Closed,Low,true,,9.1,BR-010,E-0098,false
RB-CS-002775,RB-C-01321-1,RB-FA-002931,2025-02-24T09:05:21.000Z,2025-02-24T09:33:22.000Z,Mobile App,Account Access,Locked Account,Closed,Low,true,,32.4,BR-010,E-0069,true
RB-CS-002776,RB-C-01322-1,RB-FA-002932,2025-11-27T18:25:00.000Z,2025-11-27T13:06:07.000Z,Voice,Fee Inquiry,Monthly Maintenance,Closed,Medium,true,,19.7,BR-014,E-0069,false
RB-CS-002777,RB-C-01324-1,RB-FA-002936,2025-07-19T08:26:45.000Z,,Chat,Fee Inquiry,Monthly Maintenance,Open,Low,false,,9.3,BR-016,E-0121,true
RB-CS-002778,RB-C-01324-1,RB-FA-002937,2024-12-25T12:24:52.000Z,,Chat,Account Access,MFA,In Progress,Medium,true,,15.2,BR-016,E-0100,false
RB-CS-002779,RB-C-01324-1,RB-FA-002937,2025-05-12T11:23:55.000Z,2025-05-12T13:08:45.000Z,Chat,Account Access,Locked Account,Closed,Low,true,5,8.3,BR-016,E-0065,false
RB-CS-002780,RB-C-01324-1,RB-FA-002937,2026-02-01T09:56:29.000Z,,Mobile App,Fee Inquiry,Overdraft Fee,In Progress,Medium,true,4,20.9,BR-016,E-0134,false
RB-CS-002781,RB-C-01324-1,RB-FA-002938,2024-09-21T17:43:21.000Z,2024-09-21T18:55:48.000Z,Mobile App,Payments,Bill Pay,Closed,Low,true,3,17.6,BR-016,E-0121,true
RB-CS-002782,RB-C-01325-1,RB-FA-002940,2025-01-20T16:37:16.000Z,,Chat,Card Dispute,Unrecognized Charge,Escalated,Medium,false,,10.7,BR-005,E-0076,true
RB-CS-002783,RB-C-01325-1,RB-FA-002941,2026-04-20T07:59:15.000Z,2026-04-20T10:11:45.000Z,Voice,Account Access,Password Reset,Closed,Low,true,5,33.4,BR-005,E-0103,true
RB-CS-002784,RB-C-01325-1,RB-FA-002941,2026-06-10T17:43:18.000Z,2026-06-10T09:18:32.000Z,Voice,Payments,Failed Transfer,Closed,Low,true,2,18.8,BR-005,E-0098,false
RB-CS-002785,RB-C-01326-1,RB-FA-002942,2026-06-26T12:10:55.000Z,2026-07-14T16:31:03.000Z,Email,Card Dispute,Duplicate Charge,Closed,Medium,false,3,27.2,BR-030,E-0131,true
RB-CS-002786,RB-C-01326-1,RB-FA-002943,2026-05-22T18:35:39.000Z,2026-05-22T18:36:30.000Z,Chat,Card Dispute,Unrecognized Charge,Closed,Medium,true,,10.2,BR-030,E-0074,true
RB-CS-002787,RB-C-01326-1,RB-FA-002944,2025-12-17T19:05:12.000Z,2025-12-17T18:07:04.000Z,Email,Account Access,MFA,Closed,High,true,3,41.5,BR-030,E-0095,false
RB-CS-002788,RB-C-01327-1,RB-FA-002946,2025-10-18T13:01:46.000Z,,Mobile App,Fraud,Account Takeover,In Progress,Low,true,,12.1,BR-016,E-0107,false
RB-CS-002789,RB-C-01327-1,RB-FA-002947,2026-02-18T09:44:41.000Z,,Voice,Fee Inquiry,Monthly Maintenance,Open,Low,true,5,13.8,BR-016,E-0133,false
RB-CS-002790,RB-C-01328-1,RB-FA-002948,2024-10-21T08:48:50.000Z,,Email,Fee Inquiry,Overdraft Fee,Escalated,High,false,2,33.1,BR-018,E-0086,true
RB-CS-002791,RB-C-01328-1,RB-FA-002948,2025-05-15T16:15:40.000Z,2025-06-01T13:40:40.000Z,Email,Account Access,Locked Account,Closed,Low,false,3,33.8,BR-018,E-0115,false
RB-CS-002792,RB-C-01328-1,RB-FA-002948,2025-02-05T13:58:59.000Z,2025-02-09T08:58:52.000Z,Chat,Card Dispute,Duplicate Charge,Closed,Low,false,,13.8,BR-018,E-0068,false
RB-CS-002793,RB-C-01328-1,RB-FA-002948,2025-08-09T11:20:51.000Z,2025-08-09T14:32:04.000Z,Voice,Fraud,Account Takeover,Closed,Low,true,,9.8,BR-018,E-0095,false
RB-CS-002794,RB-C-01330-1,RB-FA-002953,2025-05-20T16:51:05.000Z,2025-05-20T14:58:38.000Z,Mobile App,Payments,Failed Transfer,Closed,Low,true,5,10.3,BR-002,E-0079,true
RB-CS-002795,RB-C-01331-1,RB-FA-002955,2025-06-12T18:10:01.000Z,2025-06-12T10:57:08.000Z,Chat,Product Question,Eligibility,Closed,Medium,true,4,8.3,BR-001,E-0076,true
RB-CS-002796,RB-C-01331-1,RB-FA-002955,2026-02-01T07:01:30.000Z,,Voice,Card Dispute,Unrecognized Charge,Escalated,Medium,true,,9.1,BR-001,E-0079,false
RB-CS-002797,RB-C-01332-1,RB-FA-002956,2024-12-07T14:38:00.000Z,2024-12-07T17:17:45.000Z,Voice,Payments,Failed Transfer,Closed,Medium,true,2,6.2,BR-021,E-0104,false
RB-CS-002798,RB-C-01332-1,RB-FA-002956,2025-12-04T10:33:29.000Z,2025-12-04T11:44:41.000Z,Email,Payments,Bill Pay,Closed,Low,true,,18.5,BR-021,E-0128,false
RB-CS-002799,RB-C-01332-1,RB-FA-002956,2025-11-28T19:49:51.000Z,2025-11-28T08:53:19.000Z,Voice,Fee Inquiry,Overdraft Fee,Closed,Medium,true,,7.7,BR-021,E-0127,false
RB-CS-002800,RB-C-01333-1,RB-FA-002959,2026-02-15T12:06:36.000Z,2026-03-06T08:33:23.000Z,Mobile App,Account Access,Password Reset,Closed,Medium,false,,15.6,BR-004,E-0064,true
RB-CS-002801,RB-C-01333-1,RB-FA-002960,2025-03-11T19:24:33.000Z,2025-03-11T16:04:13.000Z,Mobile App,Fee Inquiry,Overdraft Fee,Closed,Low,true,1,4.4,BR-004,E-0112,false
RB-CS-002802,RB-C-01333-1,RB-FA-002960,2025-07-27T10:30:35.000Z,2025-08-14T16:28:09.000Z,Mobile App,Fee Inquiry,Monthly Maintenance,Closed,High,false,5,12.9,BR-004,E-0113,false
RB-CS-002803,RB-C-01333-1,RB-FA-002960,2025-05-06T13:15:08.000Z,2025-05-15T19:08:28.000Z,Branch,Payments,Bill Pay,Closed,Low,false,2,10.7,BR-004,E-0084,false
RB-CS-002804,RB-C-01333-1,RB-FA-002961,2026-06-06T15:55:40.000Z,2026-06-06T19:53:24.000Z,Chat,Account Access,MFA,Closed,Low,true,4,5.4,BR-004,E-0064,false
RB-CS-002805,RB-C-01335-1,RB-FA-002964,2026-04-14T19:26:16.000Z,2026-04-14T19:11:15.000Z,Chat,Account Access,Locked Account,Closed,Medium,true,,21.9,BR-004,E-0084,false
RB-CS-002806,RB-C-01336-1,RB-FA-002966,2025-09-10T11:29:02.000Z,,Voice,Card Dispute,Merchant Refund,Escalated,Low,true,,10.0,BR-001,E-0092,false
RB-CS-002807,RB-C-01336-1,RB-FA-002967,2026-07-07T15:48:09.000Z,2026-07-07T19:41:39.000Z,Mobile App,Payments,Failed Transfer,Closed,Low,true,,11.3,BR-001,E-0108,true
RB-CS-002808,RB-C-01336-1,RB-FA-002967,2024-10-10T17:02:15.000Z,2024-10-10T14:45:10.000Z,Chat,Fraud,Account Takeover,Closed,Low,true,,34.6,BR-001,E-0098,true
RB-CS-002809,RB-C-01336-1,RB-FA-002967,2025-08-13T16:50:40.000Z,2025-08-13T17:39:55.000Z,Chat,Fraud,Card Compromised,Closed,Medium,true,3,18.2,BR-001,E-0062,false
RB-CS-002810,RB-C-01336-1,RB-FA-002967,2025-09-03T09:40:36.000Z,2025-09-21T10:38:43.000Z,Voice,Account Access,MFA,Closed,Medium,false,5,12.5,BR-001,E-0129,false
RB-CS-002811,RB-C-01337-1,RB-FA-002968,2025-10-05T08:55:43.000Z,2025-10-05T12:33:13.000Z,Chat,Fraud,Account Takeover,Closed,Low,true,5,3.3,BR-005,E-0113,false
RB-CS-002812,RB-C-01337-1,RB-FA-002968,2025-07-14T10:17:57.000Z,,Voice,Card Dispute,Merchant Refund,Open,Medium,true,3,41.4,BR-005,E-0077,false
RB-CS-002813,RB-C-01337-1,RB-FA-002968,2025-02-07T17:23:42.000Z,2025-02-10T07:36:32.000Z,Branch,Product Question,Eligibility,Closed,Medium,false,4,9.1,BR-005,E-0105,false
RB-CS-002814,RB-C-01338-1,RB-FA-002972,2026-06-18T07:05:41.000Z,2026-06-18T07:55:46.000Z,Chat,Fraud,Card Compromised,Closed,Low,true,,5.0,BR-011,E-0069,false
RB-CS-002815,RB-C-01339-1,RB-FA-002973,2026-05-04T19:35:47.000Z,2026-05-04T15:55:41.000Z,Email,Fraud,Card Compromised,Closed,Low,true,,24.3,BR-016,E-0085,true
RB-CS-002816,RB-C-01340-1,RB-FA-002975,2024-12-06T12:13:57.000Z,2024-12-08T09:46:30.000Z,Chat,Card Dispute,Merchant Refund,Closed,Low,false,,22.4,BR-029,E-0121,false
RB-CS-002817,RB-C-01340-1,RB-FA-002975,2026-02-27T08:43:46.000Z,2026-03-19T09:40:49.000Z,Voice,Card Dispute,Merchant Refund,Closed,Medium,false,5,16.3,BR-029,E-0067,true
RB-CS-002818,RB-C-01341-1,RB-FA-002976,2024-11-24T15:06:59.000Z,2024-11-24T14:41:29.000Z,Chat,Card Dispute,Merchant Refund,Closed,Low,true,5,3.4,BR-023,E-0134,false
RB-CS-002819,RB-C-01341-1,RB-FA-002976,2025-04-27T16:45:17.000Z,2025-04-27T11:15:00.000Z,Chat,Fraud,Account Takeover,Closed,Medium,true,3,10.0,BR-023,E-0130,false
RB-CS-002820,RB-C-01341-1,RB-FA-002976,2025-10-29T10:59:20.000Z,,Branch,Account Access,Password Reset,In Progress,Medium,true,,10.5,BR-023,E-0121,true
RB-CS-002821,RB-C-01341-1,RB-FA-002976,2025-08-30T08:11:05.000Z,2025-09-10T16:33:57.000Z,Mobile App,Fee Inquiry,Overdraft Fee,Closed,Medium,false,,3.2,BR-023,E-0089,true
RB-CS-002822,RB-C-01341-1,RB-FA-002977,2025-07-23T18:53:43.000Z,2025-07-23T13:31:38.000Z,Chat,Fee Inquiry,Overdraft Fee,Closed,High,true,,8.7,BR-023,E-0100,false
RB-CS-002823,RB-C-01341-1,RB-FA-002977,2025-06-10T15:31:38.000Z,2025-06-10T07:48:21.000Z,Voice,Account Access,MFA,Closed,Medium,true,2,10.8,BR-023,E-0137,false
RB-CS-002824,RB-C-01341-1,RB-FA-002977,2025-06-02T15:01:14.000Z,2025-06-02T13:06:41.000Z,Chat,Card Dispute,Merchant Refund,Closed,Low,true,5,7.8,BR-023,E-0105,false
RB-CS-002825,RB-C-01342-1,RB-FA-002978,2025-09-16T10:24:24.000Z,2025-09-16T15:11:43.000Z,Mobile App,Fee Inquiry,Monthly Maintenance,Closed,Low,true,,12.5,BR-008,E-0107,true
RB-CS-002826,RB-C-01342-1,RB-FA-002979,2026-08-10T07:31:25.000Z,2026-08-31T08:11:56.000Z,Chat,Payments,Bill Pay,Closed,High,false,3,11.8,BR-008,E-0071,true
RB-CS-002827,RB-C-01342-1,RB-FA-002979,2025-12-04T08:49:06.000Z,2025-12-04T16:46:01.000Z,Chat,Fraud,Account Takeover,Closed,Low,true,3,6.3,BR-008,E-0091,false
RB-CS-002828,RB-C-01342-1,RB-FA-002979,2025-04-03T14:37:34.000Z,2025-04-03T10:51:59.000Z,Mobile App,Fraud,Card Compromised,Closed,High,true,,10.5,BR-008,E-0074,true
RB-CS-002829,RB-C-01342-1,RB-FA-002979,2025-11-10T18:50:53.000Z,,Voice,Account Access,Password Reset,In Progress,High,true,,6.1,BR-008,E-0131,false
RB-CS-002830,RB-C-01342-1,RB-FA-002980,2026-07-23T07:22:59.000Z,2026-07-23T10:07:53.000Z,Chat,Account Access,Locked Account,Closed,Low,true,,14.5,BR-008,E-0097,false
RB-CS-002831,RB-C-01343-1,RB-FA-002982,2024-10-13T13:06:16.000Z,2024-10-13T15:44:20.000Z,Voice,Fee Inquiry,Overdraft Fee,Closed,Low,true,,5.2,BR-022,E-0077,false
RB-CS-002832,RB-C-01343-1,RB-FA-002983,2025-10-27T11:17:01.000Z,2025-11-09T14:19:22.000Z,Voice,Payments,Bill Pay,Closed,Medium,false,,20.2,BR-022,E-0081,false
RB-CS-002833,RB-C-01346-1,RB-FA-002988,2024-09-28T14:21:38.000Z,2024-09-28T10:21:10.000Z,Voice,Account Access,Password Reset,Closed,Low,true,2,5.8,BR-011,E-0116,false
RB-CS-002834,RB-C-01346-1,RB-FA-002988,2025-08-23T08:27:13.000Z,2025-08-23T08:02:01.000Z,Voice,Account Access,Locked Account,Closed,Low,true,,9.9,BR-011,E-0128,false
RB-CS-002835,RB-C-01346-1,RB-FA-002989,2024-09-27T19:27:13.000Z,2024-10-03T19:12:46.000Z,Email,Card Dispute,Duplicate Charge,Closed,Medium,false,4,24.4,BR-011,E-0067,true
RB-CS-002836,RB-C-01346-1,RB-FA-002989,2026-04-26T09:03:29.000Z,2026-05-16T12:25:32.000Z,Voice,Fee Inquiry,Overdraft Fee,Closed,Low,false,2,9.2,BR-011,E-0073,false
RB-CS-002837,RB-C-01346-1,RB-FA-002989,2025-04-13T07:34:15.000Z,2025-04-27T12:50:04.000Z,Branch,Product Question,Eligibility,Closed,Medium,false,2,18.9,BR-011,E-0126,false
RB-CS-002838,RB-C-01347-1,RB-FA-002992,2026-05-10T17:10:25.000Z,2026-05-10T18:53:39.000Z,Chat,Fraud,Card Compromised,Closed,Low,true,,16.8,BR-013,E-0097,true
RB-CS-002839,RB-C-01348-1,RB-FA-002995,2024-12-12T15:05:54.000Z,2024-12-12T16:11:50.000Z,Mobile App,Card Dispute,Duplicate Charge,Closed,Medium,true,,5.1,BR-008,E-0115,false
RB-CS-002840,RB-C-01348-1,RB-FA-002995,2026-01-10T11:30:43.000Z,2026-01-10T12:08:10.000Z,Mobile App,Fee Inquiry,Overdraft Fee,Closed,Low,true,,14.0,BR-008,E-0136,false
RB-CS-002841,RB-C-01348-1,RB-FA-002995,2026-03-25T15:01:30.000Z,2026-03-25T15:36:12.000Z,Voice,Product Question,Rates,Closed,Low,true,4,7.6,BR-008,E-0085,true
RB-CS-002842,RB-C-01348-1,RB-FA-002995,2025-01-11T18:50:51.000Z,2025-01-11T11:41:07.000Z,Mobile App,Fraud,Account Takeover,Closed,Low,true,4,10.1,BR-008,E-0070,true
RB-CS-002843,RB-C-01349-1,RB-FA-002996,2025-02-25T08:49:23.000Z,2025-03-01T16:37:56.000Z,Branch,Product Question,Rates,Closed,Medium,false,2,16.2,BR-003,E-0086,false
RB-CS-002844,RB-C-01349-1,RB-FA-002996,2025-08-25T08:25:24.000Z,2025-08-25T11:39:42.000Z,Voice,Fraud,Card Compromised,Closed,Low,true,,24.6,BR-003,E-0094,false
RB-CS-002845,RB-C-01350-1,RB-FA-002997,2026-05-26T13:31:43.000Z,2026-05-26T11:45:30.000Z,Chat,Card Dispute,Merchant Refund,Closed,Medium,true,4,7.0,BR-006,E-0063,false
RB-CS-002846,RB-C-01350-1,RB-FA-002997,2025-07-05T09:09:05.000Z,2025-07-06T19:40:46.000Z,Chat,Card Dispute,Duplicate Charge,Closed,Low,false,5,9.5,BR-006,E-0118,true
RB-CS-002847,RB-C-01350-1,RB-FA-002997,2025-10-25T08:15:32.000Z,2025-11-06T17:41:42.000Z,Voice,Product Question,Rates,Closed,Low,false,5,8.9,BR-006,E-0088,true
RB-CS-002848,RB-C-01350-1,RB-FA-002997,2026-01-01T12:26:58.000Z,2026-01-01T08:50:28.000Z,Chat,Payments,Bill Pay,Closed,Medium,true,4,11.1,BR-006,E-0079,false
RB-CS-002849,RB-C-01350-1,RB-FA-002998,2025-08-25T17:13:39.000Z,2025-08-25T17:35:59.000Z,Chat,Payments,Wire Status,Closed,Low,true,,8.7,BR-006,E-0133,false
RB-CS-002850,RB-C-01350-1,RB-FA-002998,2025-09-23T17:07:54.000Z,2025-09-23T18:19:59.000Z,Email,Product Question,Rates,Closed,Low,true,,32.8,BR-006,E-0076,false
RB-CS-002851,RB-C-01350-1,RB-FA-002999,2026-03-21T12:45:25.000Z,2026-03-21T16:34:32.000Z,Email,Card Dispute,Unrecognized Charge,Closed,Medium,true,1,18.6,BR-006,E-0062,false
RB-CS-002852,RB-C-01351-1,RB-FA-003001,2026-05-06T08:24:51.000Z,2026-05-25T07:32:30.000Z,Voice,Account Access,Password Reset,Closed,Low,false,2,4.4,BR-030,E-0085,false
RB-CS-002853,RB-C-01351-1,RB-FA-003002,2025-02-07T07:35:01.000Z,2025-02-07T07:08:33.000Z,Email,Fee Inquiry,ATM Fee,Closed,Medium,true,4,9.0,BR-030,E-0114,false
RB-CS-002854,RB-C-01351-1,RB-FA-003002,2025-11-19T09:03:56.000Z,2025-11-19T19:49:41.000Z,Mobile App,Account Access,Locked Account,Closed,Medium,true,4,8.2,BR-030,E-0069,false
RB-CS-002855,RB-C-01351-1,RB-FA-003002,2026-08-26T16:39:21.000Z,2026-08-26T07:47:05.000Z,Branch,Fee Inquiry,Overdraft Fee,Closed,Low,true,,18.1,BR-030,E-0098,false
RB-CS-002856,RB-C-01351-1,RB-FA-003003,2025-02-23T16:34:24.000Z,2025-02-23T10:00:35.000Z,Voice,Fraud,Account Takeover,Closed,Medium,true,,23.2,BR-030,E-0066,false
RB-CS-002857,RB-C-01351-1,RB-FA-003004,2025-08-08T11:14:40.000Z,2025-08-08T09:34:45.000Z,Chat,Payments,Bill Pay,Closed,High,true,4,10.4,BR-030,E-0079,true
RB-CS-002858,RB-C-01351-1,RB-FA-003004,2024-10-01T18:22:53.000Z,2024-10-01T09:57:35.000Z,Email,Product Question,Eligibility,Closed,Low,true,5,19.6,BR-030,E-0130,false
RB-CS-002859,RB-C-01352-1,RB-FA-003005,2026-02-06T14:38:09.000Z,2026-02-06T09:31:03.000Z,Chat,Card Dispute,Unrecognized Charge,Closed,Low,true,,15.9,BR-004,E-0108,true
RB-CS-002860,RB-C-01352-1,RB-FA-003006,2025-05-11T15:19:07.000Z,2025-05-11T17:39:00.000Z,Voice,Account Access,Password Reset,Closed,Medium,true,5,9.3,BR-004,E-0077,false
RB-CS-002861,RB-C-01352-1,RB-FA-003007,2025-05-20T09:15:20.000Z,2025-05-20T19:25:12.000Z,Chat,Fee Inquiry,ATM Fee,Closed,Medium,true,4,7.8,BR-004,E-0074,false
RB-CS-002862,RB-C-01353-1,RB-FA-003008,2026-07-10T19:46:24.000Z,2026-07-10T16:57:42.000Z,Chat,Product Question,Rates,Closed,High,true,5,13.9,BR-009,E-0140,false
RB-CS-002863,RB-C-01354-1,RB-FA-003012,2024-12-22T11:34:33.000Z,2024-12-22T17:52:44.000Z,Voice,Fraud,Card Compromised,Closed,Medium,true,4,27.6,BR-020,E-0073,true
RB-CS-002864,RB-C-01354-1,RB-FA-003012,2025-10-05T09:53:11.000Z,2025-10-10T13:27:17.000Z,Chat,Card Dispute,Duplicate Charge,Closed,Low,false,,8.9,BR-020,E-0121,true
RB-CS-002865,RB-C-01354-1,RB-FA-003012,2026-01-20T13:16:42.000Z,2026-01-20T17:02:37.000Z,Chat,Account Access,Locked Account,Closed,High,true,,16.0,BR-020,E-0095,false
RB-CS-002866,RB-C-01354-1,RB-FA-003012,2024-11-10T14:52:03.000Z,2024-11-10T09:28:31.000Z,Voice,Payments,Wire Status,Closed,Medium,true,,3.1,BR-020,E-0063,true
RB-CS-002867,RB-C-01355-1,RB-FA-003014,2026-06-22T12:32:27.000Z,2026-06-22T12:57:05.000Z,Voice,Fee Inquiry,Overdraft Fee,Closed,Medium,true,,15.6,BR-030,E-0107,false
RB-CS-002868,RB-C-01355-1,RB-FA-003015,2026-02-12T16:23:21.000Z,2026-02-12T16:14:24.000Z,Chat,Card Dispute,Unrecognized Charge,Closed,Low,true,1,6.8,BR-030,E-0098,false
RB-CS-002869,RB-C-01356-1,RB-FA-003016,2026-08-31T17:32:05.000Z,,Voice,Card Dispute,Merchant Refund,Escalated,Low,false,1,6.9,BR-026,E-0092,true
RB-CS-002870,RB-C-01356-1,RB-FA-003017,2026-02-02T14:59:42.000Z,2026-02-02T18:56:14.000Z,Voice,Card Dispute,Unrecognized Charge,Closed,Medium,true,,19.4,BR-026,E-0097,false
RB-CS-002871,RB-C-01358-1,RB-FA-003021,2025-04-22T07:14:44.000Z,2025-04-22T13:33:25.000Z,Email,Account Access,Password Reset,Closed,High,true,5,31.6,BR-010,E-0061,false
RB-CS-002872,RB-C-01359-1,RB-FA-003024,2025-12-17T07:51:45.000Z,2025-12-30T12:03:30.000Z,Email,Fee Inquiry,ATM Fee,Closed,Medium,false,3,27.2,BR-011,E-0082,false
RB-CS-002873,RB-C-01361-1,RB-FA-003027,2025-06-13T09:56:35.000Z,2025-06-21T08:17:47.000Z,Chat,Account Access,Locked Account,Closed,Low,false,,20.4,BR-017,E-0092,false
RB-CS-002874,RB-C-01362-1,RB-FA-003029,2025-04-10T13:24:09.000Z,2025-04-10T11:42:55.000Z,Voice,Account Access,Locked Account,Closed,Medium,true,5,8.2,BR-018,E-0130,true
RB-CS-002875,RB-C-01363-1,RB-FA-003032,2025-07-05T19:08:41.000Z,2025-07-05T13:26:02.000Z,Email,Product Question,Eligibility,Closed,High,true,4,43.2,BR-028,E-0104,false
RB-CS-002876,RB-C-01364-1,RB-FA-003033,2025-08-23T07:08:48.000Z,2025-08-23T11:50:40.000Z,Chat,Account Access,MFA,Closed,Low,true,5,22.7,BR-027,E-0113,false
RB-CS-002877,RB-C-01364-1,RB-FA-003033,2024-10-17T08:30:40.000Z,2024-10-17T11:06:51.000Z,Voice,Fee Inquiry,ATM Fee,Closed,Medium,true,2,11.8,BR-027,E-0138,true
RB-CS-002878,RB-C-01364-1,RB-FA-003033,2026-07-23T09:44:04.000Z,2026-07-28T17:17:06.000Z,Email,Account Access,MFA,Closed,Low,false,2,17.0,BR-027,E-0061,false
RB-CS-002879,RB-C-01364-1,RB-FA-003033,2024-09-03T16:35:45.000Z,2024-09-03T18:27:38.000Z,Branch,Product Question,Eligibility,Closed,Medium,true,3,16.6,BR-027,E-0061,false
RB-CS-002880,RB-C-01364-1,RB-FA-003034,2025-03-07T11:31:51.000Z,2025-03-07T07:00:01.000Z,Voice,Product Question,Rates,Closed,Medium,true,3,14.7,BR-027,E-0107,false
RB-CS-002881,RB-C-01364-1,RB-FA-003034,2025-12-28T18:56:56.000Z,2025-12-28T10:45:56.000Z,Voice,Account Access,Locked Account,Closed,Low,true,,6.2,BR-027,E-0085,false
RB-CS-002882,RB-C-01364-1,RB-FA-003034,2025-12-12T19:45:15.000Z,2025-12-19T12:07:15.000Z,Email,Account Access,Password Reset,Closed,Low,false,,22.5,BR-027,E-0115,false
RB-CS-002883,RB-C-01364-1,RB-FA-003035,2024-11-09T11:37:00.000Z,2024-11-09T07:43:32.000Z,Mobile App,Account Access,Password Reset,Closed,High,true,,3.3,BR-027,E-0068,false
RB-CS-002884,RB-C-01364-1,RB-FA-003035,2025-04-04T10:32:20.000Z,2025-04-04T12:47:11.000Z,Mobile App,Account Access,MFA,Closed,Low,true,2,28.4,BR-027,E-0116,false
RB-CS-002885,RB-C-01364-1,RB-FA-003036,2025-04-11T09:42:12.000Z,2025-04-11T10:51:07.000Z,Voice,Payments,Failed Transfer,Closed,Low,true,,9.7,BR-027,E-0116,true
RB-CS-002886,RB-C-01365-1,RB-FA-003037,2025-07-18T13:44:27.000Z,2025-07-31T14:19:01.000Z,Voice,Card Dispute,Duplicate Charge,Closed,Medium,false,,10.6,BR-007,E-0134,false
RB-CS-002887,RB-C-01365-1,RB-FA-003038,2025-02-26T14:05:45.000Z,2025-03-08T07:54:46.000Z,Email,Account Access,MFA,Closed,Low,false,,15.6,BR-007,E-0123,true
RB-CS-002888,RB-C-01365-1,RB-FA-003039,2025-07-10T07:22:59.000Z,,Email,Account Access,MFA,Open,High,false,,31.6,BR-007,E-0090,false
RB-CS-002889,RB-C-01368-1,RB-FA-003045,2025-10-09T17:39:40.000Z,2025-10-09T18:29:03.000Z,Branch,Fraud,Account Takeover,Closed,Low,true,3,13.6,BR-029,E-0133,false
RB-CS-002890,RB-C-01368-1,RB-FA-003047,2026-06-27T19:28:11.000Z,2026-07-15T13:36:14.000Z,Chat,Payments,Failed Transfer,Closed,High,false,5,9.0,BR-029,E-0094,false
RB-CS-002891,RB-C-01368-1,RB-FA-003047,2024-10-26T09:03:41.000Z,2024-11-02T16:26:01.000Z,Chat,Payments,Wire Status,Closed,Low,false,2,4.3,BR-029,E-0127,false
RB-CS-002892,RB-C-01369-1,RB-FA-003049,2025-08-03T14:10:27.000Z,2025-08-03T19:52:57.000Z,Chat,Fee Inquiry,ATM Fee,Closed,Medium,true,,10.6,BR-020,E-0139,true
RB-CS-002893,RB-C-01370-1,RB-FA-003052,2025-03-26T17:17:44.000Z,2025-03-26T16:42:18.000Z,Chat,Fee Inquiry,ATM Fee,Closed,Low,true,,25.2,BR-001,E-0085,true
RB-CS-002894,RB-C-01370-1,RB-FA-003053,2024-12-18T08:02:12.000Z,2024-12-18T11:33:24.000Z,Voice,Fee Inquiry,Overdraft Fee,Closed,Low,true,,4.3,BR-001,E-0124,false
RB-CS-002895,RB-C-01373-1,RB-FA-003058,2025-12-08T10:49:27.000Z,2025-12-08T12:43:04.000Z,Voice,Account Access,MFA,Closed,Low,true,,11.4,BR-007,E-0072,true
RB-CS-002896,RB-C-01373-1,RB-FA-003058,2026-05-30T19:11:08.000Z,2026-06-20T17:32:17.000Z,Email,Card Dispute,Merchant Refund,Closed,Low,false,3,32.6,BR-007,E-0117,false
RB-CS-002897,RB-C-01373-1,RB-FA-003058,2025-06-13T15:31:31.000Z,2025-06-13T08:56:16.000Z,Voice,Fee Inquiry,Monthly Maintenance,Closed,Medium,true,,8.0,BR-007,E-0127,false
RB-CS-002898,RB-C-01374-1,RB-FA-003059,2025-07-27T12:08:13.000Z,2025-07-27T07:07:43.000Z,Voice,Account Access,Locked Account,Closed,Low,true,,6.5,BR-004,E-0071,true
RB-CS-002899,RB-C-01375-1,RB-FA-003060,2024-11-20T13:40:42.000Z,2024-11-20T11:13:56.000Z,Voice,Fee Inquiry,ATM Fee,Closed,Medium,true,3,16.5,BR-021,E-0139,false
RB-CS-002900,RB-C-01375-1,RB-FA-003061,2025-06-11T10:51:40.000Z,,Voice,Account Access,Locked Account,Escalated,Low,false,4,25.8,BR-021,E-0064,false
RB-CS-002901,RB-C-01375-1,RB-FA-003062,2025-03-11T07:22:16.000Z,2025-03-11T13:44:22.000Z,Voice,Account Access,Password Reset,Closed,High,true,5,7.7,BR-021,E-0085,false
RB-CS-002902,RB-C-01376-1,RB-FA-003063,2025-06-10T09:31:28.000Z,2025-06-10T16:16:22.000Z,Chat,Fee Inquiry,ATM Fee,Closed,Medium,true,,12.7,BR-020,E-0074,false
RB-CS-002903,RB-C-01376-1,RB-FA-003064,2025-02-28T08:38:47.000Z,2025-02-28T18:47:42.000Z,Chat,Fraud,Card Compromised,Closed,Medium,true,4,11.2,BR-020,E-0133,false
RB-CS-002904,RB-C-01376-1,RB-FA-003064,2026-07-23T08:33:04.000Z,2026-07-31T13:18:04.000Z,Email,Card Dispute,Duplicate Charge,Closed,Low,false,3,22.2,BR-020,E-0102,false
RB-CS-002905,RB-C-01376-1,RB-FA-003064,2025-12-31T16:27:26.000Z,2025-12-31T07:44:41.000Z,Chat,Account Access,Locked Account,Closed,Medium,true,,11.6,BR-020,E-0076,false
RB-CS-002906,RB-C-01376-1,RB-FA-003065,2026-08-26T16:11:33.000Z,2026-08-26T14:18:25.000Z,Chat,Card Dispute,Duplicate Charge,Closed,High,true,4,7.0,BR-020,E-0065,false
RB-CS-002907,RB-C-01377-1,RB-FA-003066,2025-05-07T10:06:58.000Z,2025-05-07T08:42:08.000Z,Chat,Account Access,Password Reset,Closed,High,true,,11.7,BR-003,E-0099,false
RB-CS-002908,RB-C-01377-1,RB-FA-003066,2025-10-29T17:00:23.000Z,2025-11-01T07:01:57.000Z,Mobile App,Product Question,Rates,Closed,Medium,false,1,11.7,BR-003,E-0098,false
RB-CS-002909,RB-C-01377-1,RB-FA-003068,2025-12-30T08:21:15.000Z,2026-01-02T16:49:49.000Z,Mobile App,Account Access,Locked Account,Closed,Medium,false,2,45.0,BR-003,E-0068,true
RB-CS-002910,RB-C-01378-1,RB-FA-003069,2026-02-14T12:10:56.000Z,2026-02-14T17:41:08.000Z,Email,Card Dispute,Duplicate Charge,Closed,Medium,true,,25.4,BR-001,E-0124,false
RB-CS-002911,RB-C-01378-1,RB-FA-003069,2025-01-03T16:55:37.000Z,,Email,Account Access,MFA,Open,Medium,false,3,49.3,BR-001,E-0102,true
RB-CS-002912,RB-C-01378-1,RB-FA-003069,2026-05-16T12:36:08.000Z,2026-05-16T11:41:46.000Z,Mobile App,Card Dispute,Unrecognized Charge,Closed,Medium,true,1,7.4,BR-001,E-0106,true
RB-CS-002913,RB-C-01378-1,RB-FA-003069,2026-03-11T18:16:57.000Z,2026-03-30T11:26:44.000Z,Chat,Card Dispute,Duplicate Charge,Closed,Medium,false,4,7.2,BR-001,E-0127,true
RB-CS-002914,RB-C-01378-1,RB-FA-003070,2025-06-09T07:04:29.000Z,2025-06-09T11:25:25.000Z,Mobile App,Product Question,Rates,Closed,High,true,,15.7,BR-001,E-0089,false
RB-CS-002915,RB-C-01379-1,RB-FA-003071,2024-09-20T07:16:35.000Z,2024-09-20T19:55:24.000Z,Chat,Card Dispute,Merchant Refund,Closed,Medium,true,4,9.8,BR-019,E-0073,false
RB-CS-002916,RB-C-01379-1,RB-FA-003072,2025-04-17T15:26:03.000Z,2025-04-25T13:40:13.000Z,Mobile App,Product Question,Rates,Closed,High,false,,7.7,BR-019,E-0080,false
RB-CS-002917,RB-C-01380-1,RB-FA-003074,2024-12-31T10:49:49.000Z,2025-01-06T15:34:46.000Z,Email,Payments,Bill Pay,Closed,Medium,false,,33.3,BR-010,E-0072,false
RB-CS-002918,RB-C-01380-1,RB-FA-003075,2025-04-14T17:38:59.000Z,2025-04-14T15:17:33.000Z,Voice,Fee Inquiry,ATM Fee,Closed,Medium,true,5,18.4,BR-010,E-0093,true
RB-CS-002919,RB-C-01383-1,RB-FA-003083,2024-11-06T15:13:40.000Z,2024-11-06T09:25:33.000Z,Voice,Fraud,Account Takeover,Closed,Low,true,,7.0,BR-025,E-0087,false
RB-CS-002920,RB-C-01383-1,RB-FA-003086,2025-10-26T12:02:28.000Z,2025-10-26T13:25:14.000Z,Voice,Card Dispute,Unrecognized Charge,Closed,Low,true,,5.1,BR-025,E-0082,false
RB-CS-002921,RB-C-01384-1,RB-FA-003087,2026-01-26T14:27:47.000Z,2026-02-14T16:23:38.000Z,Mobile App,Fee Inquiry,ATM Fee,Closed,Low,false,2,11.0,BR-009,E-0065,true
RB-CS-002922,RB-C-01384-1,RB-FA-003087,2024-09-05T14:01:27.000Z,2024-09-05T11:27:26.000Z,Voice,Card Dispute,Unrecognized Charge,Closed,Low,true,5,6.6,BR-009,E-0100,true
RB-CS-002923,RB-C-01386-1,RB-FA-003091,2026-06-18T18:18:37.000Z,2026-06-18T18:59:41.000Z,Email,Account Access,MFA,Closed,Low,true,5,29.7,BR-021,E-0140,true
RB-CS-002924,RB-C-01388-1,RB-FA-003093,2025-06-16T15:09:42.000Z,2025-06-16T14:48:40.000Z,Voice,Card Dispute,Duplicate Charge,Closed,Medium,true,4,6.3,BR-018,E-0127,true
RB-CS-002925,RB-C-01388-1,RB-FA-003093,2025-04-10T18:47:41.000Z,,Voice,Fraud,Card Compromised,In Progress,Low,true,,15.0,BR-018,E-0119,false
RB-CS-002926,RB-C-01389-1,RB-FA-003099,2025-09-15T14:25:33.000Z,2025-09-15T11:42:50.000Z,Voice,Fraud,Account Takeover,Closed,Medium,true,,7.6,BR-020,E-0099,true
RB-CS-002927,RB-C-01390-1,RB-FA-003100,2025-10-11T14:49:22.000Z,2025-10-11T09:39:39.000Z,Chat,Account Access,Locked Account,Closed,Medium,true,1,8.3,BR-003,E-0131,false
RB-CS-002928,RB-C-01391-1,RB-FA-003102,2025-08-10T12:38:44.000Z,2025-08-10T10:39:13.000Z,Email,Card Dispute,Merchant Refund,Closed,High,true,,55.2,BR-001,E-0062,true
RB-CS-002929,RB-C-01391-1,RB-FA-003102,2025-09-03T17:34:33.000Z,2025-09-13T07:34:13.000Z,Mobile App,Product Question,Eligibility,Closed,Low,false,4,32.0,BR-001,E-0132,false
RB-CS-002930,RB-C-01391-1,RB-FA-003103,2025-05-25T12:17:57.000Z,2025-06-04T11:14:27.000Z,Mobile App,Account Access,Password Reset,Closed,Medium,false,5,11.8,BR-001,E-0078,false
RB-CS-002931,RB-C-01392-1,RB-FA-003104,2025-04-09T08:22:04.000Z,,Chat,Payments,Failed Transfer,In Progress,Low,true,,8.5,BR-028,E-0134,false
RB-CS-002932,RB-C-01392-1,RB-FA-003105,2026-02-21T14:35:30.000Z,2026-03-09T18:43:24.000Z,Chat,Payments,Wire Status,Closed,Low,false,1,7.1,BR-028,E-0085,false
RB-CS-002933,RB-C-01392-1,RB-FA-003105,2025-04-29T19:05:55.000Z,2025-04-29T16:52:20.000Z,Voice,Account Access,Password Reset,Closed,Low,true,4,12.5,BR-028,E-0096,true
RB-CS-002934,RB-C-01392-1,RB-FA-003105,2026-04-05T15:55:34.000Z,2026-04-15T11:25:55.000Z,Voice,Payments,Failed Transfer,Closed,Low,false,,15.2,BR-028,E-0082,true
RB-CS-002935,RB-C-01392-1,RB-FA-003105,2026-08-26T17:19:56.000Z,,Mobile App,Product Question,Rates,Escalated,Medium,false,,15.7,BR-028,E-0098,false
RB-CS-002936,RB-C-01392-1,RB-FA-003106,2024-10-04T10:15:24.000Z,,Voice,Fee Inquiry,Overdraft Fee,In Progress,Low,true,5,14.6,BR-028,E-0097,true
RB-CS-002937,RB-C-01393-1,RB-FA-003108,2024-12-12T09:22:42.000Z,2024-12-12T07:28:26.000Z,Voice,Card Dispute,Unrecognized Charge,Closed,Low,true,,17.4,BR-003,E-0094,false
RB-CS-002938,RB-C-01393-1,RB-FA-003110,2025-02-25T12:32:04.000Z,2025-02-25T15:37:35.000Z,Chat,Product Question,Eligibility,Closed,Low,true,5,6.3,BR-003,E-0077,false
RB-CS-002939,RB-C-01394-1,RB-FA-003111,2026-03-11T14:13:56.000Z,2026-03-11T07:05:59.000Z,Voice,Product Question,Eligibility,Closed,Medium,true,,16.2,BR-023,E-0091,false
RB-CS-002940,RB-C-01395-1,RB-FA-003112,2025-12-18T13:26:02.000Z,2025-12-30T10:20:21.000Z,Voice,Fee Inquiry,Monthly Maintenance,Closed,High,false,,10.5,BR-026,E-0121,true
RB-CS-002941,RB-C-01395-1,RB-FA-003113,2025-09-28T11:45:13.000Z,2025-09-28T19:41:47.000Z,Voice,Fee Inquiry,Overdraft Fee,Closed,Medium,true,5,6.7,BR-026,E-0136,false
RB-CS-002942,RB-C-01395-1,RB-FA-003113,2026-03-26T09:06:39.000Z,2026-03-31T13:11:07.000Z,Email,Product Question,Rates,Closed,Low,false,3,15.0,BR-026,E-0094,true
RB-CS-002943,RB-C-01395-1,RB-FA-003113,2025-11-11T14:49:41.000Z,2025-11-11T14:47:03.000Z,Mobile App,Payments,Failed Transfer,Closed,Low,true,,15.8,BR-026,E-0102,false
RB-CS-002944,RB-C-01395-1,RB-FA-003113,2025-06-19T17:49:38.000Z,2025-06-19T19:34:48.000Z,Voice,Payments,Bill Pay,Closed,Medium,true,5,16.3,BR-026,E-0129,false
RB-CS-002945,RB-C-01396-1,RB-FA-003114,2025-08-09T09:40:50.000Z,2025-08-09T16:00:42.000Z,Branch,Account Access,Locked Account,Closed,Low,true,5,11.6,BR-001,E-0111,false
RB-CS-002946,RB-C-01396-1,RB-FA-003114,2026-05-31T17:28:39.000Z,2026-05-31T18:25:38.000Z,Voice,Product Question,Eligibility,Closed,Medium,true,3,18.2,BR-001,E-0111,false
RB-CS-002947,RB-C-01396-1,RB-FA-003114,2025-09-27T12:15:01.000Z,2025-09-27T19:31:06.000Z,Chat,Account Access,Password Reset,Closed,Medium,true,,12.0,BR-001,E-0134,true
RB-CS-002948,RB-C-01396-1,RB-FA-003114,2026-07-02T10:57:28.000Z,2026-07-02T07:31:57.000Z,Email,Account Access,MFA,Closed,High,true,4,22.1,BR-001,E-0070,false
RB-CS-002949,RB-C-01396-1,RB-FA-003115,2024-12-02T13:09:16.000Z,2024-12-19T08:48:37.000Z,Mobile App,Card Dispute,Unrecognized Charge,Closed,Low,false,2,11.5,BR-001,E-0106,true
RB-CS-002950,RB-C-01396-1,RB-FA-003115,2026-02-06T13:25:31.000Z,2026-02-17T14:44:33.000Z,Chat,Card Dispute,Unrecognized Charge,Closed,Medium,false,,10.8,BR-001,E-0070,true
RB-CS-002951,RB-C-01396-1,RB-FA-003115,2026-06-16T07:48:20.000Z,2026-06-29T07:23:17.000Z,Voice,Card Dispute,Duplicate Charge,Closed,High,false,5,16.2,BR-001,E-0100,false
RB-CS-002952,RB-C-01396-1,RB-FA-003115,2025-02-19T15:26:10.000Z,2025-02-24T17:59:09.000Z,Chat,Fee Inquiry,Monthly Maintenance,Closed,Low,false,,10.1,BR-001,E-0133,false
RB-CS-002953,RB-C-01396-1,RB-FA-003116,2025-01-10T17:01:12.000Z,2025-01-10T14:17:58.000Z,Mobile App,Fee Inquiry,Overdraft Fee,Closed,Low,true,5,30.6,BR-001,E-0135,true
RB-CS-002954,RB-C-01397-1,RB-FA-003119,2026-04-01T19:24:09.000Z,2026-04-01T19:33:29.000Z,Chat,Fee Inquiry,Overdraft Fee,Closed,Medium,true,,8.0,BR-028,E-0073,true
RB-CS-002955,RB-C-01397-1,RB-FA-003119,2026-03-01T10:29:42.000Z,2026-03-16T16:46:40.000Z,Chat,Card Dispute,Merchant Refund,Closed,Low,false,5,17.4,BR-028,E-0114,true
RB-CS-002956,RB-C-01397-1,RB-FA-003119,2025-10-06T18:10:41.000Z,2025-10-06T09:34:09.000Z,Voice,Card Dispute,Merchant Refund,Closed,Low,true,4,8.0,BR-028,E-0076,true
RB-CS-002957,RB-C-01397-1,RB-FA-003119,2025-04-19T12:08:35.000Z,2025-04-19T09:24:55.000Z,Email,Account Access,Password Reset,Closed,Medium,true,,37.5,BR-028,E-0097,false
RB-CS-002958,RB-C-01397-1,RB-FA-003120,2026-06-11T18:52:45.000Z,2026-06-11T11:56:27.000Z,Mobile App,Product Question,Rates,Closed,Medium,true,,16.2,BR-028,E-0072,false
RB-CS-002959,RB-C-01397-1,RB-FA-003121,2026-04-15T13:15:52.000Z,2026-04-15T13:58:28.000Z,Mobile App,Fee Inquiry,Monthly Maintenance,Closed,High,true,,12.0,BR-028,E-0105,false
RB-CS-002960,RB-C-01398-1,RB-FA-003122,2026-07-05T19:47:10.000Z,2026-07-08T09:08:34.000Z,Chat,Card Dispute,Merchant Refund,Closed,Low,false,,10.3,BR-006,E-0100,true
RB-CS-002961,RB-C-01398-1,RB-FA-003124,2025-04-03T10:38:12.000Z,2025-04-18T09:53:10.000Z,Email,Fee Inquiry,ATM Fee,Closed,Medium,false,4,11.5,BR-006,E-0078,false
RB-CS-002962,RB-C-01401-1,RB-FA-003128,2024-12-22T13:17:45.000Z,2024-12-22T13:55:10.000Z,Chat,Fee Inquiry,Monthly Maintenance,Closed,Low,true,5,7.1,BR-003,E-0128,false
RB-CS-002963,RB-C-01401-1,RB-FA-003130,2025-09-21T19:02:29.000Z,2025-09-21T08:08:03.000Z,Chat,Product Question,Rates,Closed,Medium,true,4,12.6,BR-003,E-0107,false
RB-CS-002964,RB-C-01402-1,RB-FA-003132,2024-12-09T09:15:56.000Z,2024-12-09T19:40:24.000Z,Chat,Account Access,Password Reset,Closed,High,true,5,15.1,BR-019,E-0089,false
RB-CS-002965,RB-C-01404-1,RB-FA-003135,2024-11-13T11:46:55.000Z,,Branch,Account Access,Locked Account,Open,Medium,true,,10.1,BR-006,E-0095,false
RB-CS-002966,RB-C-01404-1,RB-FA-003136,2026-01-31T13:50:06.000Z,2026-01-31T15:26:06.000Z,Voice,Payments,Failed Transfer,Closed,Low,true,,8.1,BR-006,E-0073,true
RB-CS-002967,RB-C-01404-1,RB-FA-003136,2026-06-25T15:42:52.000Z,2026-07-14T09:20:09.000Z,Voice,Product Question,Rates,Closed,Medium,false,,16.4,BR-006,E-0114,false
RB-CS-002968,RB-C-01404-1,RB-FA-003136,2025-05-27T08:09:05.000Z,,Voice,Card Dispute,Duplicate Charge,In Progress,Low,true,1,12.8,BR-006,E-0108,false
RB-CS-002969,RB-C-01405-1,RB-FA-003137,2024-10-19T12:57:27.000Z,2024-10-19T07:20:04.000Z,Chat,Product Question,Eligibility,Closed,High,true,,15.8,BR-002,E-0104,true
RB-CS-002970,RB-C-01405-1,RB-FA-003137,2024-11-07T13:04:58.000Z,2024-11-07T08:22:01.000Z,Voice,Card Dispute,Unrecognized Charge,Closed,Medium,true,,12.8,BR-002,E-0117,false
RB-CS-002971,RB-C-01405-1,RB-FA-003138,2025-10-08T11:50:59.000Z,2025-10-08T14:25:05.000Z,Mobile App,Card Dispute,Duplicate Charge,Closed,High,true,3,18.0,BR-002,E-0140,false
RB-CS-002972,RB-C-01405-1,RB-FA-003138,2025-10-30T07:33:06.000Z,2025-11-12T08:11:02.000Z,Voice,Payments,Failed Transfer,Closed,Medium,false,3,7.8,BR-002,E-0086,false
RB-CS-002973,RB-C-01405-1,RB-FA-003139,2025-09-03T18:44:33.000Z,2025-09-23T10:36:31.000Z,Voice,Payments,Failed Transfer,Closed,Low,false,,14.9,BR-002,E-0070,true
RB-CS-002974,RB-C-01405-1,RB-FA-003140,2026-07-31T16:17:20.000Z,2026-07-31T07:06:16.000Z,Chat,Card Dispute,Duplicate Charge,Closed,Medium,true,5,14.8,BR-002,E-0072,false
RB-CS-002975,RB-C-01405-1,RB-FA-003140,2025-05-14T19:41:51.000Z,2025-05-14T15:04:44.000Z,Mobile App,Product Question,Rates,Closed,Low,true,4,10.5,BR-002,E-0088,false
RB-CS-002976,RB-C-01405-1,RB-FA-003140,2025-05-12T15:57:30.000Z,2025-05-12T10:18:07.000Z,Chat,Account Access,MFA,Closed,Low,true,4,6.7,BR-002,E-0062,false
RB-CS-002977,RB-C-01405-1,RB-FA-003140,2025-08-30T18:06:03.000Z,2025-08-30T12:28:21.000Z,Chat,Payments,Failed Transfer,Closed,Low,true,4,11.1,BR-002,E-0063,false
RB-CS-002978,RB-C-01406-1,RB-FA-003141,2026-02-20T13:27:31.000Z,2026-02-20T10:15:20.000Z,Email,Payments,Bill Pay,Closed,Low,true,4,38.7,BR-010,E-0134,false
RB-CS-002979,RB-C-01407-1,RB-FA-003143,2026-06-17T10:09:30.000Z,2026-06-17T10:04:28.000Z,Branch,Account Access,MFA,Closed,Low,true,5,10.1,BR-018,E-0104,false
RB-CS-002980,RB-C-01408-1,RB-FA-003144,2025-03-14T19:04:59.000Z,2025-03-14T08:38:37.000Z,Chat,Payments,Bill Pay,Closed,Medium,true,1,4.8,BR-024,E-0066,false
RB-CS-002981,RB-C-01408-1,RB-FA-003146,2025-02-18T18:28:47.000Z,2025-02-21T07:58:09.000Z,Chat,Card Dispute,Merchant Refund,Closed,Low,false,,12.1,BR-024,E-0122,false
RB-CS-002982,RB-C-01409-1,RB-FA-003147,2026-07-17T14:06:17.000Z,2026-07-17T07:46:44.000Z,Voice,Fee Inquiry,ATM Fee,Closed,Medium,true,,6.0,BR-022,E-0097,false
RB-CS-002983,RB-C-01409-1,RB-FA-003149,2025-07-29T14:16:44.000Z,2025-07-29T18:46:10.000Z,Voice,Account Access,MFA,Closed,Low,true,3,6.0,BR-022,E-0082,false
RB-CS-002984,RB-C-01409-1,RB-FA-003149,2025-05-03T14:09:39.000Z,2025-05-03T07:24:02.000Z,Voice,Account Access,Locked Account,Closed,High,true,,11.9,BR-022,E-0076,true
RB-CS-002985,RB-C-01410-1,RB-FA-003150,2025-02-08T08:36:55.000Z,2025-02-08T14:47:39.000Z,Voice,Fee Inquiry,Monthly Maintenance,Closed,Medium,true,,12.6,BR-021,E-0091,false
RB-CS-002986,RB-C-01410-1,RB-FA-003151,2024-10-18T12:15:29.000Z,2024-10-18T07:31:40.000Z,Voice,Payments,Bill Pay,Closed,Medium,true,,16.6,BR-021,E-0132,false
RB-CS-002987,RB-C-01410-1,RB-FA-003151,2026-04-22T17:33:32.000Z,2026-04-22T18:54:48.000Z,Chat,Payments,Failed Transfer,Closed,Medium,true,,14.8,BR-021,E-0115,false
RB-CS-002988,RB-C-01410-1,RB-FA-003151,2024-11-25T13:45:05.000Z,2024-11-25T18:41:31.000Z,Chat,Account Access,MFA,Closed,Medium,true,4,9.0,BR-021,E-0076,false
RB-CS-002989,RB-C-01410-1,RB-FA-003152,2024-09-16T16:53:05.000Z,2024-10-04T19:37:08.000Z,Voice,Card Dispute,Merchant Refund,Closed,High,false,,12.7,BR-021,E-0069,false
RB-CS-002990,RB-C-01410-1,RB-FA-003152,2026-07-09T10:34:52.000Z,2026-07-26T07:13:33.000Z,Chat,Payments,Wire Status,Closed,Low,false,,14.5,BR-021,E-0137,false
RB-CS-002991,RB-C-01410-1,RB-FA-003152,2026-07-04T13:48:50.000Z,,Mobile App,Account Access,Password Reset,Escalated,Low,true,5,7.6,BR-021,E-0132,true
RB-CS-002992,RB-C-01411-1,RB-FA-003153,2026-03-27T09:10:52.000Z,2026-03-29T08:50:28.000Z,Voice,Payments,Bill Pay,Closed,Medium,false,3,9.3,BR-014,E-0119,false
RB-CS-002993,RB-C-01411-1,RB-FA-003153,2026-05-01T07:56:11.000Z,2026-05-22T16:51:20.000Z,Voice,Payments,Bill Pay,Closed,Low,false,,10.3,BR-014,E-0125,true
RB-CS-002994,RB-C-01412-1,RB-FA-003155,2026-06-30T18:51:17.000Z,2026-06-30T11:50:51.000Z,Voice,Card Dispute,Merchant Refund,Closed,Medium,true,4,9.3,BR-011,E-0089,false
RB-CS-002995,RB-C-01412-1,RB-FA-003156,2026-07-27T12:42:14.000Z,2026-07-27T10:11:30.000Z,Chat,Fee Inquiry,Monthly Maintenance,Closed,Medium,true,4,15.9,BR-011,E-0062,false
RB-CS-002996,RB-C-01413-1,RB-FA-003158,2026-03-24T15:43:06.000Z,2026-04-11T17:49:25.000Z,Chat,Product Question,Rates,Closed,Medium,false,,13.8,BR-019,E-0098,true
RB-CS-002997,RB-C-01414-1,RB-FA-003159,2026-08-04T18:52:28.000Z,2026-08-04T16:42:26.000Z,Voice,Fraud,Card Compromised,Closed,Low,true,4,6.2,BR-001,E-0098,true
RB-CS-002998,RB-C-01415-1,RB-FA-003161,2025-05-17T15:05:35.000Z,2025-05-17T17:43:08.000Z,Voice,Fee Inquiry,Overdraft Fee,Closed,Low,true,4,9.4,BR-011,E-0101,true
RB-CS-002999,RB-C-01415-1,RB-FA-003162,2025-12-11T14:42:55.000Z,2025-12-30T10:41:07.000Z,Branch,Card Dispute,Duplicate Charge,Closed,Low,false,,15.9,BR-011,E-0104,true
RB-CS-003000,RB-C-01415-1,RB-FA-003162,2024-12-10T12:18:00.000Z,2024-12-10T09:45:41.000Z,Chat,Payments,Wire Status,Closed,Medium,true,2,4.2,BR-011,E-0087,false
RB-CS-003001,RB-C-01415-1,RB-FA-003163,2026-05-14T07:52:13.000Z,2026-05-14T13:11:22.000Z,Chat,Card Dispute,Duplicate Charge,Closed,Medium,true,2,10.8,BR-011,E-0078,false
RB-CS-003002,RB-C-01416-1,RB-FA-003164,2024-09-06T14:33:39.000Z,2024-09-06T18:59:22.000Z,Mobile App,Payments,Wire Status,Closed,Medium,true,,20.2,BR-024,E-0075,false
RB-CS-003003,RB-C-01417-1,RB-FA-003165,2026-06-08T10:44:51.000Z,2026-06-08T07:50:40.000Z,Chat,Fraud,Account Takeover,Closed,Low,true,,9.1,BR-002,E-0106,true
RB-CS-003004,RB-C-01417-1,RB-FA-003165,2025-04-19T18:31:56.000Z,2025-04-19T12:04:37.000Z,Voice,Account Access,MFA,Closed,Medium,true,4,6.5,BR-002,E-0140,true
RB-CS-003005,RB-C-01417-1,RB-FA-003166,2026-08-15T07:32:40.000Z,2026-08-15T17:46:42.000Z,Email,Fee Inquiry,Overdraft Fee,Closed,High,true,4,18.0,BR-002,E-0069,false
RB-CS-003006,RB-C-01418-1,RB-FA-003170,2026-05-24T08:01:07.000Z,2026-05-24T15:57:49.000Z,Voice,Account Access,Password Reset,Closed,Medium,true,5,15.5,BR-014,E-0116,true
RB-CS-003007,RB-C-01418-1,RB-FA-003170,2026-05-13T08:37:26.000Z,2026-05-28T12:14:38.000Z,Chat,Fee Inquiry,ATM Fee,Closed,Medium,false,,8.7,BR-014,E-0106,false
RB-CS-003008,RB-C-01418-1,RB-FA-003170,2025-01-20T10:55:50.000Z,2025-01-20T13:28:32.000Z,Chat,Account Access,Password Reset,Closed,Low,true,1,4.0,BR-014,E-0103,false
RB-CS-003009,RB-C-01421-1,RB-FA-003174,2025-07-22T19:25:47.000Z,2025-07-22T14:39:13.000Z,Chat,Fee Inquiry,Overdraft Fee,Closed,Low,true,,10.9,BR-004,E-0087,true
RB-CS-003010,RB-C-01421-1,RB-FA-003174,2025-02-17T11:59:34.000Z,2025-02-17T11:54:30.000Z,Email,Fee Inquiry,Overdraft Fee,Closed,Low,true,,54.4,BR-004,E-0129,true
RB-CS-003011,RB-C-01421-1,RB-FA-003175,2025-07-09T18:35:06.000Z,2025-07-09T11:24:38.000Z,Chat,Fee Inquiry,ATM Fee,Closed,Low,true,,20.3,BR-004,E-0068,false
RB-CS-003012,RB-C-01421-1,RB-FA-003175,2025-08-17T13:13:37.000Z,2025-08-29T18:00:32.000Z,Voice,Account Access,MFA,Closed,Medium,false,1,14.7,BR-004,E-0112,true
RB-CS-003013,RB-C-01421-1,RB-FA-003175,2026-05-19T07:01:07.000Z,2026-05-19T17:35:43.000Z,Voice,Account Access,Password Reset,Closed,Medium,true,,13.5,BR-004,E-0118,true
RB-CS-003014,RB-C-01422-1,RB-FA-003176,2026-04-11T12:38:39.000Z,2026-04-11T19:48:36.000Z,Voice,Card Dispute,Unrecognized Charge,Closed,Medium,true,,7.3,BR-010,E-0110,false
RB-CS-003015,RB-C-01422-1,RB-FA-003177,2026-04-27T12:16:16.000Z,2026-04-27T09:49:22.000Z,Voice,Card Dispute,Merchant Refund,Closed,Low,true,5,15.2,BR-010,E-0114,true
RB-CS-003016,RB-C-01423-1,RB-FA-003178,2024-10-07T17:06:39.000Z,2024-10-07T16:20:08.000Z,Voice,Account Access,MFA,Closed,Low,true,4,8.3,BR-023,E-0128,true
RB-CS-003017,RB-C-01424-1,RB-FA-003179,2024-09-22T13:55:55.000Z,2024-09-22T12:15:13.000Z,Branch,Fee Inquiry,Monthly Maintenance,Closed,Low,true,1,9.8,BR-020,E-0100,false
RB-CS-003018,RB-C-01425-1,RB-FA-003181,2025-07-22T19:34:05.000Z,,Voice,Account Access,Locked Account,In Progress,Medium,false,,14.3,BR-021,E-0074,false
RB-CS-003019,RB-C-01426-1,RB-FA-003182,2024-12-10T13:12:56.000Z,2024-12-10T14:36:23.000Z,Voice,Fraud,Account Takeover,Closed,Medium,true,3,8.8,BR-013,E-0080,true
RB-CS-003020,RB-C-01426-1,RB-FA-003183,2024-11-14T11:28:34.000Z,2024-11-14T13:23:17.000Z,Voice,Product Question,Rates,Closed,High,true,3,12.8,BR-013,E-0110,false
RB-CS-003021,RB-C-01426-1,RB-FA-003183,2026-07-20T07:28:51.000Z,2026-07-20T16:04:06.000Z,Voice,Account Access,Locked Account,Closed,Low,true,3,9.2,BR-013,E-0092,true
RB-CS-003022,RB-C-01426-1,RB-FA-003183,2024-09-18T18:19:42.000Z,2024-09-18T11:09:23.000Z,Chat,Card Dispute,Duplicate Charge,Closed,Low,true,,9.0,BR-013,E-0068,true
RB-CS-003023,RB-C-01426-1,RB-FA-003183,2025-06-09T07:27:28.000Z,2025-06-09T16:32:11.000Z,Email,Account Access,Password Reset,Closed,High,true,,45.2,BR-013,E-0078,false
RB-CS-003024,RB-C-01427-1,RB-FA-003185,2025-06-29T17:50:45.000Z,2025-06-29T09:42:29.000Z,Voice,Fee Inquiry,ATM Fee,Closed,Low,true,5,6.1,BR-010,E-0135,true
RB-CS-003025,RB-C-01427-1,RB-FA-003185,2024-09-27T12:48:06.000Z,2024-09-27T17:44:36.000Z,Chat,Account Access,MFA,Closed,Medium,true,,5.0,BR-010,E-0109,false
RB-CS-003026,RB-C-01428-1,RB-FA-003186,2026-07-14T14:26:46.000Z,2026-07-15T18:41:38.000Z,Email,Payments,Bill Pay,Closed,Low,false,3,19.0,BR-012,E-0077,false
RB-CS-003027,RB-C-01428-1,RB-FA-003187,2026-07-06T08:02:43.000Z,2026-07-19T17:04:14.000Z,Voice,Account Access,MFA,Closed,Medium,false,4,15.9,BR-012,E-0069,false
RB-CS-003028,RB-C-01428-1,RB-FA-003187,2024-11-20T18:51:49.000Z,2024-11-26T11:32:12.000Z,Email,Product Question,Eligibility,Closed,Medium,false,,12.4,BR-012,E-0079,false
RB-CS-003029,RB-C-01428-1,RB-FA-003187,2026-05-28T11:59:05.000Z,2026-06-18T15:42:53.000Z,Chat,Fee Inquiry,Overdraft Fee,Closed,High,false,,4.4,BR-012,E-0067,true
RB-CS-003030,RB-C-01428-1,RB-FA-003188,2026-05-29T17:10:19.000Z,,Voice,Account Access,Locked Account,Escalated,Medium,false,3,10.0,BR-012,E-0077,true
RB-CS-003031,RB-C-01430-1,RB-FA-003190,2025-11-13T15:41:37.000Z,2025-11-13T17:05:44.000Z,Mobile App,Fraud,Account Takeover,Closed,High,true,4,13.8,BR-015,E-0137,false
RB-CS-003032,RB-C-01430-1,RB-FA-003190,2026-06-13T12:50:09.000Z,2026-06-13T18:42:13.000Z,Voice,Account Access,Password Reset,Closed,Low,true,4,14.9,BR-015,E-0102,true
RB-CS-003033,RB-C-01430-1,RB-FA-003190,2024-09-18T12:25:30.000Z,2024-09-18T10:51:53.000Z,Voice,Product Question,Eligibility,Closed,Medium,true,5,23.0,BR-015,E-0067,false
RB-CS-003034,RB-C-01430-1,RB-FA-003192,2026-03-10T16:03:41.000Z,2026-03-10T12:38:31.000Z,Chat,Fee Inquiry,ATM Fee,Closed,Medium,true,4,9.8,BR-015,E-0081,false
RB-CS-003035,RB-C-01430-1,RB-FA-003192,2024-10-05T13:43:00.000Z,2024-10-05T18:49:48.000Z,Branch,Fee Inquiry,Monthly Maintenance,Closed,Low,true,3,9.7,BR-015,E-0078,false
RB-CS-003036,RB-C-01430-1,RB-FA-003192,2025-08-27T08:32:15.000Z,,Voice,Card Dispute,Unrecognized Charge,In Progress,Medium,false,1,11.2,BR-015,E-0098,false
RB-CS-003037,RB-C-01431-1,RB-FA-003194,2024-09-03T12:51:25.000Z,2024-09-03T11:30:46.000Z,Mobile App,Product Question,Rates,Closed,Medium,true,,5.8,BR-002,E-0076,true
RB-CS-003038,RB-C-01431-1,RB-FA-003194,2026-04-03T19:26:09.000Z,2026-04-03T15:15:43.000Z,Chat,Account Access,MFA,Closed,Medium,true,,6.0,BR-002,E-0125,false
RB-CS-003039,RB-C-01432-1,RB-FA-003196,2026-08-05T16:12:13.000Z,2026-08-07T18:04:16.000Z,Voice,Card Dispute,Merchant Refund,Closed,Medium,false,5,8.7,BR-023,E-0123,true
RB-CS-003040,RB-C-01433-1,RB-FA-003198,2025-03-01T08:00:46.000Z,2025-03-01T12:25:39.000Z,Voice,Account Access,Password Reset,Closed,Medium,true,4,6.1,BR-002,E-0112,true
RB-CS-003041,RB-C-01434-1,RB-FA-003200,2025-06-02T08:20:29.000Z,2025-06-02T19:07:36.000Z,Email,Card Dispute,Unrecognized Charge,Closed,Low,true,4,25.7,BR-024,E-0074,true
RB-CS-003042,RB-C-01435-1,RB-FA-003201,2026-08-19T14:26:16.000Z,,Email,Card Dispute,Duplicate Charge,Escalated,Low,false,,50.2,BR-029,E-0092,true
RB-CS-003043,RB-C-01435-1,RB-FA-003203,2026-08-13T18:52:30.000Z,2026-08-17T11:56:43.000Z,Branch,Card Dispute,Duplicate Charge,Closed,Medium,false,2,7.5,BR-029,E-0110,false
RB-CS-003044,RB-C-01435-1,RB-FA-003204,2025-02-20T11:13:46.000Z,2025-02-20T15:25:00.000Z,Email,Product Question,Eligibility,Closed,High,true,2,37.0,BR-029,E-0083,true
RB-CS-003045,RB-C-01436-1,RB-FA-003205,2025-03-11T11:18:15.000Z,2025-03-12T16:46:36.000Z,Chat,Card Dispute,Merchant Refund,Closed,Low,false,1,13.5,BR-021,E-0086,false
RB-CS-003046,RB-C-01436-1,RB-FA-003207,2026-03-26T10:18:20.000Z,2026-04-12T10:50:11.000Z,Voice,Fee Inquiry,ATM Fee,Closed,High,false,2,10.9,BR-021,E-0119,false
RB-CS-003047,RB-C-01436-1,RB-FA-003207,2025-02-09T16:48:52.000Z,2025-02-09T12:04:57.000Z,Voice,Fee Inquiry,Overdraft Fee,Closed,Low,true,5,13.0,BR-021,E-0129,true
RB-CS-003048,RB-C-01436-1,RB-FA-003207,2024-11-16T11:25:59.000Z,2024-11-22T16:38:56.000Z,Voice,Card Dispute,Duplicate Charge,Closed,Low,false,4,21.2,BR-021,E-0062,false
RB-CS-003049,RB-C-01436-1,RB-FA-003208,2024-09-08T11:22:07.000Z,2024-09-08T18:35:45.000Z,Voice,Account Access,MFA,Closed,Low,true,3,10.6,BR-021,E-0061,true
RB-CS-003050,RB-C-01438-1,RB-FA-003211,2026-06-27T18:11:00.000Z,2026-06-27T16:26:45.000Z,Mobile App,Card Dispute,Duplicate Charge,Closed,Low,true,5,15.8,BR-012,E-0127,true
RB-CS-003051,RB-C-01439-1,RB-FA-003212,2026-08-23T14:36:06.000Z,,Voice,Card Dispute,Merchant Refund,Escalated,High,false,4,12.6,BR-022,E-0108,false
RB-CS-003052,RB-C-01439-1,RB-FA-003213,2026-02-15T08:37:30.000Z,2026-02-15T13:45:41.000Z,Email,Fee Inquiry,Overdraft Fee,Closed,Medium,true,,19.4,BR-022,E-0086,true
RB-CS-003053,RB-C-01440-1,RB-FA-003214,2025-06-24T12:08:29.000Z,2025-06-24T19:50:09.000Z,Chat,Card Dispute,Duplicate Charge,Closed,Medium,true,,4.2,BR-003,E-0105,false
RB-CS-003054,RB-C-01441-1,RB-FA-003217,2025-06-17T18:48:48.000Z,2025-06-24T18:48:17.000Z,Voice,Card Dispute,Merchant Refund,Closed,Medium,false,,15.2,BR-005,E-0126,false
RB-CS-003055,RB-C-01441-1,RB-FA-003217,2025-05-12T19:00:33.000Z,,Voice,Account Access,MFA,Open,Medium,false,1,13.9,BR-005,E-0074,false
RB-CS-003056,RB-C-01441-1,RB-FA-003217,2024-12-12T19:55:22.000Z,2024-12-26T18:56:42.000Z,Voice,Fee Inquiry,Monthly Maintenance,Closed,Low,false,4,15.4,BR-005,E-0121,false
RB-CS-003057,RB-C-01441-1,RB-FA-003217,2024-11-14T14:26:34.000Z,2024-11-14T13:56:19.000Z,Voice,Fee Inquiry,Overdraft Fee,Closed,Low,true,5,8.0,BR-005,E-0122,true
RB-CS-003058,RB-C-01441-1,RB-FA-003218,2025-10-16T15:03:44.000Z,2025-10-16T16:22:34.000Z,Branch,Card Dispute,Merchant Refund,Closed,Low,true,3,16.8,BR-005,E-0137,false
RB-CS-003059,RB-C-01441-1,RB-FA-003218,2026-08-05T19:52:16.000Z,2026-08-05T15:27:34.000Z,Voice,Fraud,Card Compromised,Closed,Medium,true,1,25.5,BR-005,E-0081,true
RB-CS-003060,RB-C-01442-1,RB-FA-003219,2024-11-19T12:26:42.000Z,2024-11-23T07:39:33.000Z,Voice,Account Access,Locked Account,Closed,Low,false,,10.0,BR-018,E-0063,true
RB-CS-003061,RB-C-01442-1,RB-FA-003219,2026-01-12T15:01:34.000Z,2026-01-12T14:35:51.000Z,Chat,Card Dispute,Duplicate Charge,Closed,Medium,true,4,10.6,BR-018,E-0065,true
RB-CS-003062,RB-C-01442-1,RB-FA-003219,2026-02-27T19:06:22.000Z,2026-03-05T19:56:10.000Z,Chat,Card Dispute,Duplicate Charge,Closed,Low,false,4,5.7,BR-018,E-0107,false
RB-CS-003063,RB-C-01442-1,RB-FA-003219,2025-02-04T18:00:38.000Z,2025-02-04T14:13:32.000Z,Voice,Fraud,Account Takeover,Closed,Medium,true,,17.5,BR-018,E-0116,true
RB-CS-003064,RB-C-01442-1,RB-FA-003220,2025-01-22T07:33:47.000Z,2025-01-22T15:42:06.000Z,Chat,Card Dispute,Merchant Refund,Closed,Medium,true,,12.7,BR-018,E-0076,false
RB-CS-003065,RB-C-01443-1,RB-FA-003222,2025-03-23T11:10:58.000Z,2025-03-23T19:01:34.000Z,Email,Product Question,Rates,Closed,Low,true,,13.2,BR-019,E-0118,true
RB-CS-003066,RB-C-01443-1,RB-FA-003222,2025-12-08T14:53:19.000Z,2025-12-08T10:03:57.000Z,Voice,Fee Inquiry,Overdraft Fee,Closed,Medium,true,4,31.9,BR-019,E-0130,false
RB-CS-003067,RB-C-01444-1,RB-FA-003224,2025-11-24T12:13:55.000Z,2025-12-09T07:16:51.000Z,Branch,Product Question,Rates,Closed,Low,false,5,13.9,BR-010,E-0100,false
RB-CS-003068,RB-C-01445-1,RB-FA-003227,2025-11-08T09:18:15.000Z,2025-11-29T10:49:38.000Z,Chat,Product Question,Eligibility,Closed,Low,false,,4.9,BR-023,E-0065,true
RB-CS-003069,RB-C-01446-1,RB-FA-003229,2024-12-31T07:50:23.000Z,2025-01-10T19:45:45.000Z,Voice,Fraud,Card Compromised,Closed,Medium,false,2,16.4,BR-012,E-0088,false
RB-CS-003070,RB-C-01446-1,RB-FA-003231,2025-04-02T18:04:41.000Z,2025-04-02T17:59:58.000Z,Chat,Fee Inquiry,ATM Fee,Closed,Low,true,,8.9,BR-012,E-0124,false
RB-CS-003071,RB-C-01446-1,RB-FA-003231,2026-04-07T17:53:03.000Z,2026-04-07T17:29:51.000Z,Branch,Product Question,Eligibility,Closed,Low,true,,14.8,BR-012,E-0081,false
RB-CS-003072,RB-C-01446-1,RB-FA-003231,2026-08-28T18:28:56.000Z,2026-08-28T16:07:10.000Z,Voice,Account Access,Locked Account,Closed,Low,true,5,5.1,BR-012,E-0090,true
RB-CS-003073,RB-C-01447-1,RB-FA-003233,2025-06-02T17:31:37.000Z,2025-06-03T08:08:49.000Z,Chat,Card Dispute,Duplicate Charge,Closed,Low,false,,8.6,BR-030,E-0138,true
RB-CS-003074,RB-C-01447-1,RB-FA-003233,2026-06-12T09:12:51.000Z,2026-06-13T11:58:01.000Z,Mobile App,Account Access,Locked Account,Closed,Medium,false,,5.1,BR-030,E-0121,true
RB-CS-003075,RB-C-01447-1,RB-FA-003233,2025-03-19T12:45:51.000Z,2025-03-19T09:11:28.000Z,Mobile App,Account Access,Locked Account,Closed,Low,true,3,6.9,BR-030,E-0088,false
RB-CS-003076,RB-C-01450-1,RB-FA-003238,2025-04-25T07:14:46.000Z,2025-04-25T15:53:05.000Z,Chat,Card Dispute,Duplicate Charge,Closed,Low,true,,6.8,BR-001,E-0088,true
RB-CS-003077,RB-C-01450-1,RB-FA-003239,2025-04-03T18:25:43.000Z,2025-04-03T14:30:17.000Z,Email,Product Question,Rates,Closed,Low,true,,17.6,BR-001,E-0084,false
RB-CS-003078,RB-C-01450-1,RB-FA-003239,2026-02-18T07:55:52.000Z,2026-02-18T17:40:12.000Z,Chat,Account Access,Password Reset,Closed,Low,true,4,10.9,BR-001,E-0066,false
RB-CS-003079,RB-C-01450-1,RB-FA-003239,2025-11-23T15:35:30.000Z,2025-11-30T07:20:03.000Z,Chat,Product Question,Eligibility,Closed,Medium,false,5,11.7,BR-001,E-0114,true
RB-CS-003080,RB-C-01451-1,RB-FA-003241,2024-11-08T09:42:51.000Z,2024-11-08T10:49:09.000Z,Chat,Account Access,Password Reset,Closed,Low,true,,20.1,BR-009,E-0100,false
RB-CS-003081,RB-C-01452-1,RB-FA-003244,2026-04-15T17:27:51.000Z,2026-04-15T12:23:28.000Z,Chat,Product Question,Eligibility,Closed,Low,true,3,9.7,BR-021,E-0095,true
RB-CS-003082,RB-C-01453-1,RB-FA-003245,2026-05-10T11:51:12.000Z,2026-05-10T14:31:09.000Z,Chat,Fee Inquiry,ATM Fee,Closed,Medium,true,3,10.5,BR-020,E-0113,false
RB-CS-003083,RB-C-01454-1,RB-FA-003246,2026-07-27T15:57:12.000Z,2026-08-01T08:41:33.000Z,Chat,Account Access,Locked Account,Closed,Low,false,4,17.5,BR-010,E-0082,true
RB-CS-003084,RB-C-01454-1,RB-FA-003246,2025-09-30T09:00:57.000Z,2025-09-30T17:38:42.000Z,Voice,Payments,Bill Pay,Closed,Medium,true,,26.0,BR-010,E-0131,false
RB-CS-003085,RB-C-01454-1,RB-FA-003246,2025-07-20T11:20:21.000Z,2025-07-30T11:55:51.000Z,Voice,Card Dispute,Unrecognized Charge,Closed,Medium,false,1,9.5,BR-010,E-0129,false
RB-CS-003086,RB-C-01454-1,RB-FA-003248,2025-02-24T14:31:53.000Z,2025-02-24T17:30:09.000Z,Voice,Account Access,Locked Account,Closed,Medium,true,,6.3,BR-010,E-0117,true
RB-CS-003087,RB-C-01454-1,RB-FA-003248,2025-11-21T09:10:55.000Z,2025-11-21T15:53:58.000Z,Chat,Fee Inquiry,Overdraft Fee,Closed,Low,true,,5.4,BR-010,E-0079,false
RB-CS-003088,RB-C-01454-1,RB-FA-003248,2025-12-02T10:29:59.000Z,2025-12-02T11:36:06.000Z,Voice,Account Access,MFA,Closed,Low,true,5,32.5,BR-010,E-0114,false
RB-CS-003089,RB-C-01455-1,RB-FA-003250,2026-05-01T09:17:29.000Z,,Voice,Fee Inquiry,Monthly Maintenance,Escalated,Low,true,,33.0,BR-016,E-0109,false
RB-CS-003090,RB-C-01455-1,RB-FA-003250,2026-08-11T10:38:45.000Z,2026-08-11T19:57:00.000Z,Chat,Card Dispute,Merchant Refund,Closed,Low,true,,6.4,BR-016,E-0105,false
RB-CS-003091,RB-C-01455-1,RB-FA-003250,2024-10-13T08:12:22.000Z,2024-10-25T16:33:25.000Z,Voice,Account Access,Password Reset,Closed,Medium,false,1,9.8,BR-016,E-0126,false
RB-CS-003092,RB-C-01456-1,RB-FA-003252,2026-06-26T12:21:03.000Z,2026-06-26T08:36:12.000Z,Mobile App,Fee Inquiry,Monthly Maintenance,Closed,Low,true,,12.9,BR-011,E-0091,true
RB-CS-003093,RB-C-01456-1,RB-FA-003252,2025-10-09T19:19:04.000Z,2025-10-16T11:14:56.000Z,Branch,Card Dispute,Merchant Refund,Closed,Low,false,4,5.8,BR-011,E-0068,false
RB-CS-003094,RB-C-01456-1,RB-FA-003253,2026-05-01T08:08:35.000Z,2026-05-15T18:42:53.000Z,Voice,Fee Inquiry,Monthly Maintenance,Closed,Medium,false,,13.3,BR-011,E-0121,true
RB-CS-003095,RB-C-01456-1,RB-FA-003254,2026-01-03T17:28:11.000Z,2026-01-19T18:32:18.000Z,Voice,Account Access,MFA,Closed,Low,false,5,11.2,BR-011,E-0098,true
RB-CS-003096,RB-C-01457-1,RB-FA-003255,2026-05-04T12:16:41.000Z,,Chat,Product Question,Rates,In Progress,Medium,true,3,9.1,BR-021,E-0122,false
RB-CS-003097,RB-C-01457-1,RB-FA-003255,2025-06-02T10:18:04.000Z,2025-06-02T19:37:44.000Z,Voice,Card Dispute,Duplicate Charge,Closed,Low,true,,31.7,BR-021,E-0117,true
RB-CS-003098,RB-C-01458-1,RB-FA-003256,2026-04-01T15:59:01.000Z,2026-04-19T14:35:56.000Z,Chat,Card Dispute,Merchant Refund,Closed,Low,false,,6.9,BR-010,E-0138,false
RB-CS-003099,RB-C-01459-1,RB-FA-003259,2026-08-22T19:19:07.000Z,,Email,Fraud,Account Takeover,Open,Medium,true,,51.6,BR-010,E-0102,true
RB-CS-003100,RB-C-01460-1,RB-FA-003260,2026-06-13T15:12:24.000Z,2026-06-13T18:06:33.000Z,Chat,Account Access,Locked Account,Closed,High,true,5,6.3,BR-019,E-0132,true
RB-CS-003101,RB-C-01461-1,RB-FA-003261,2025-05-30T18:59:33.000Z,2025-05-30T19:16:22.000Z,Email,Account Access,MFA,Closed,Medium,true,,20.8,BR-029,E-0136,false
RB-CS-003102,RB-C-01461-1,RB-FA-003262,2024-10-14T16:42:51.000Z,2024-10-14T14:47:14.000Z,Email,Account Access,Locked Account,Closed,Low,true,5,18.7,BR-029,E-0099,false
RB-CS-003103,RB-C-01461-1,RB-FA-003262,2026-01-17T16:15:10.000Z,2026-01-17T16:37:39.000Z,Chat,Card Dispute,Merchant Refund,Closed,High,true,,11.4,BR-029,E-0107,false
RB-CS-003104,RB-C-01462-1,RB-FA-003263,2025-08-28T08:52:40.000Z,2025-08-28T08:58:23.000Z,Voice,Account Access,MFA,Closed,Low,true,,10.0,BR-021,E-0114,false
RB-CS-003105,RB-C-01464-1,RB-FA-003267,2026-02-14T12:53:09.000Z,2026-02-14T13:54:45.000Z,Voice,Payments,Bill Pay,Closed,Low,true,,5.5,BR-019,E-0104,false
RB-CS-003106,RB-C-01464-1,RB-FA-003268,2025-01-15T15:48:41.000Z,2025-01-24T19:31:07.000Z,Mobile App,Fraud,Card Compromised,Closed,High,false,2,13.6,BR-019,E-0101,false
RB-CS-003107,RB-C-01464-1,RB-FA-003269,2024-11-16T13:56:56.000Z,2024-11-16T14:37:38.000Z,Chat,Fraud,Card Compromised,Closed,Medium,true,2,7.8,BR-019,E-0105,true
RB-CS-003108,RB-C-01465-1,RB-FA-003271,2026-01-23T11:51:49.000Z,2026-01-23T16:33:37.000Z,Email,Card Dispute,Merchant Refund,Closed,Low,true,4,20.8,BR-023,E-0079,false
RB-CS-003109,RB-C-01465-1,RB-FA-003271,2026-06-01T18:15:33.000Z,2026-06-01T16:00:34.000Z,Chat,Fraud,Account Takeover,Closed,Low,true,4,13.9,BR-023,E-0108,false
RB-CS-003110,RB-C-01465-1,RB-FA-003272,2026-08-23T10:47:09.000Z,2026-08-23T12:59:58.000Z,Chat,Account Access,Locked Account,Closed,High,true,,13.9,BR-023,E-0119,true
RB-CS-003111,RB-C-01466-1,RB-FA-003275,2025-01-17T11:59:35.000Z,2025-01-17T12:51:42.000Z,Voice,Fee Inquiry,ATM Fee,Closed,Low,true,,30.1,BR-015,E-0068,false
RB-CS-003112,RB-C-01466-1,RB-FA-003275,2024-12-23T18:38:00.000Z,2024-12-23T08:57:57.000Z,Chat,Card Dispute,Duplicate Charge,Closed,Medium,true,,8.5,BR-015,E-0072,false
RB-CS-003113,RB-C-01466-1,RB-FA-003275,2026-07-10T10:47:14.000Z,2026-07-10T10:42:48.000Z,Voice,Account Access,Password Reset,Closed,Medium,true,,7.3,BR-015,E-0118,false
RB-CS-003114,RB-C-01469-1,RB-FA-003278,2025-09-23T14:35:30.000Z,2025-09-23T19:33:31.000Z,Chat,Fee Inquiry,Monthly Maintenance,Closed,Medium,true,,15.8,BR-010,E-0133,false
RB-CS-003115,RB-C-01469-1,RB-FA-003278,2025-10-02T19:50:12.000Z,2025-10-06T12:24:39.000Z,Voice,Fee Inquiry,ATM Fee,Closed,Low,false,3,11.8,BR-010,E-0119,false
RB-CS-003116,RB-C-01470-1,RB-FA-003280,2025-06-18T14:27:26.000Z,2025-07-09T12:05:04.000Z,Branch,Product Question,Rates,Closed,Medium,false,5,4.1,BR-013,E-0080,true
RB-CS-003117,RB-C-01471-1,RB-FA-003283,2026-07-25T12:42:57.000Z,2026-07-26T08:54:46.000Z,Chat,Fee Inquiry,Overdraft Fee,Closed,Medium,false,1,11.0,BR-019,E-0067,true
RB-CS-003118,RB-C-01472-1,RB-FA-003284,2024-11-11T11:50:04.000Z,2024-11-27T18:32:51.000Z,Mobile App,Card Dispute,Merchant Refund,Closed,Low,false,,8.6,BR-022,E-0104,false
RB-CS-003119,RB-C-01472-1,RB-FA-003284,2025-09-14T09:11:04.000Z,,Voice,Card Dispute,Unrecognized Charge,Open,Medium,true,,11.2,BR-022,E-0137,true
RB-CS-003120,RB-C-01472-1,RB-FA-003284,2025-10-09T19:38:47.000Z,2025-10-09T10:59:07.000Z,Email,Fee Inquiry,Monthly Maintenance,Closed,High,true,,39.4,BR-022,E-0076,false
RB-CS-003121,RB-C-01473-1,RB-FA-003285,2025-10-18T07:46:06.000Z,2025-10-18T08:24:38.000Z,Branch,Product Question,Rates,Closed,Low,true,,17.4,BR-002,E-0131,true
RB-CS-003122,RB-C-01473-1,RB-FA-003285,2026-01-27T14:27:08.000Z,2026-02-06T18:58:22.000Z,Chat,Card Dispute,Unrecognized Charge,Closed,Medium,false,3,18.7,BR-002,E-0071,false
RB-CS-003123,RB-C-01473-1,RB-FA-003285,2025-07-24T19:55:18.000Z,2025-07-28T14:13:20.000Z,Chat,Account Access,Password Reset,Closed,Low,false,,8.9,BR-002,E-0107,false
RB-CS-003124,RB-C-01473-1,RB-FA-003285,2025-04-20T09:45:24.000Z,2025-04-25T18:32:57.000Z,Voice,Payments,Bill Pay,Closed,Low,false,4,11.6,BR-002,E-0109,true
RB-CS-003125,RB-C-01474-1,RB-FA-003288,2024-12-23T07:58:30.000Z,2024-12-23T09:42:06.000Z,Mobile App,Account Access,Locked Account,Closed,Medium,true,,11.1,BR-011,E-0100,false
RB-CS-003126,RB-C-01474-1,RB-FA-003289,2024-11-25T17:56:17.000Z,2024-11-25T10:24:29.000Z,Branch,Product Question,Rates,Closed,Low,true,,22.9,BR-011,E-0115,true
RB-CS-003127,RB-C-01475-1,RB-FA-003292,2026-02-25T16:53:23.000Z,2026-02-25T07:25:26.000Z,Voice,Fraud,Card Compromised,Closed,Medium,true,,35.0,BR-019,E-0093,false
RB-CS-003128,RB-C-01475-1,RB-FA-003293,2025-06-16T14:50:22.000Z,2025-06-16T14:18:44.000Z,Branch,Fee Inquiry,ATM Fee,Closed,High,true,,9.5,BR-019,E-0081,false
RB-CS-003129,RB-C-01476-1,RB-FA-003295,2024-10-05T12:26:04.000Z,2024-10-22T12:18:10.000Z,Voice,Account Access,MFA,Closed,Low,false,,18.9,BR-014,E-0065,true
RB-CS-003130,RB-C-01477-1,RB-FA-003297,2025-03-13T18:28:13.000Z,2025-03-13T12:01:25.000Z,Voice,Account Access,Password Reset,Closed,Low,true,2,17.3,BR-007,E-0082,false
RB-CS-003131,RB-C-01477-1,RB-FA-003298,2026-01-21T10:26:37.000Z,2026-01-21T19:35:28.000Z,Voice,Account Access,Password Reset,Closed,Low,true,4,3.3,BR-007,E-0106,false
RB-CS-003132,RB-C-01477-1,RB-FA-003299,2025-12-22T18:33:34.000Z,2026-01-05T14:46:34.000Z,Email,Fee Inquiry,ATM Fee,Closed,High,false,,25.5,BR-007,E-0138,true
RB-CS-003133,RB-C-01480-1,RB-FA-003302,2026-05-18T11:21:21.000Z,,Voice,Account Access,Password Reset,Escalated,High,true,5,15.0,BR-005,E-0102,false
RB-CS-003134,RB-C-01481-1,RB-FA-003303,2025-03-26T14:04:58.000Z,2025-04-14T15:54:38.000Z,Mobile App,Card Dispute,Merchant Refund,Closed,Low,false,,66.5,BR-019,E-0091,true
RB-CS-003135,RB-C-01481-1,RB-FA-003303,2026-03-13T16:18:57.000Z,2026-03-13T13:14:19.000Z,Mobile App,Product Question,Rates,Closed,Low,true,3,8.2,BR-019,E-0067,false
RB-CS-003136,RB-C-01481-1,RB-FA-003304,2025-10-16T15:14:31.000Z,2025-10-17T09:18:33.000Z,Chat,Account Access,Locked Account,Closed,Low,false,5,11.5,BR-019,E-0082,false
RB-CS-003137,RB-C-01482-1,RB-FA-003305,2026-06-13T11:57:32.000Z,2026-06-13T15:42:37.000Z,Chat,Fee Inquiry,ATM Fee,Closed,Low,true,3,18.1,BR-004,E-0099,false
RB-CS-003138,RB-C-01483-1,RB-FA-003307,2025-08-06T17:58:43.000Z,2025-08-06T18:10:56.000Z,Email,Account Access,Locked Account,Closed,Medium,true,,17.7,BR-007,E-0130,false
RB-CS-003139,RB-C-01483-1,RB-FA-003307,2025-08-03T08:30:33.000Z,2025-08-03T14:46:08.000Z,Mobile App,Fraud,Account Takeover,Closed,Medium,true,5,8.4,BR-007,E-0096,false
RB-CS-003140,RB-C-01483-1,RB-FA-003307,2025-06-11T13:30:13.000Z,2025-06-26T17:21:36.000Z,Chat,Account Access,Locked Account,Closed,Low,false,,11.7,BR-007,E-0087,true
RB-CS-003141,RB-C-01485-1,RB-FA-003310,2026-02-11T18:24:43.000Z,,Voice,Card Dispute,Unrecognized Charge,Escalated,Low,false,1,8.7,BR-002,E-0066,true
RB-CS-003142,RB-C-01486-1,RB-FA-003311,2025-12-12T12:50:56.000Z,2025-12-12T18:21:45.000Z,Chat,Fee Inquiry,Overdraft Fee,Closed,Medium,true,3,6.0,BR-005,E-0103,true
RB-CS-003143,RB-C-01487-1,RB-FA-003313,2026-02-20T09:45:26.000Z,2026-02-20T13:49:23.000Z,Voice,Product Question,Rates,Closed,Medium,true,3,4.7,BR-004,E-0061,true
RB-CS-003144,RB-C-01487-1,RB-FA-003313,2025-04-10T08:33:22.000Z,2025-04-10T16:59:11.000Z,Mobile App,Fee Inquiry,Overdraft Fee,Closed,Medium,true,5,4.6,BR-004,E-0093,true
RB-CS-003145,RB-C-01487-1,RB-FA-003314,2026-02-04T17:00:52.000Z,2026-02-04T09:04:23.000Z,Voice,Payments,Failed Transfer,Closed,Low,true,4,21.1,BR-004,E-0079,true
RB-CS-003146,RB-C-01487-1,RB-FA-003314,2024-10-05T13:41:59.000Z,2024-10-05T15:35:53.000Z,Email,Account Access,Password Reset,Closed,Medium,true,,37.9,BR-004,E-0122,false
RB-CS-003147,RB-C-01488-1,RB-FA-003315,2024-10-02T08:14:18.000Z,2024-10-19T15:10:53.000Z,Voice,Product Question,Rates,Closed,High,false,4,5.5,BR-009,E-0122,false
RB-CS-003148,RB-C-01488-1,RB-FA-003316,2025-11-25T08:16:25.000Z,2025-11-25T07:31:39.000Z,Voice,Fraud,Card Compromised,Closed,Medium,true,,10.0,BR-009,E-0123,true
RB-CS-003149,RB-C-01488-1,RB-FA-003317,2026-03-31T11:33:51.000Z,,Voice,Account Access,Password Reset,Open,Low,true,,16.3,BR-009,E-0128,false
RB-CS-003150,RB-C-01488-1,RB-FA-003318,2024-10-21T18:23:17.000Z,2024-10-21T15:48:01.000Z,Voice,Fee Inquiry,ATM Fee,Closed,Low,true,,14.2,BR-009,E-0081,false
RB-CS-003151,RB-C-01488-1,RB-FA-003318,2025-03-14T16:43:57.000Z,2025-03-14T13:59:41.000Z,Voice,Product Question,Rates,Closed,High,true,,7.5,BR-009,E-0106,false
RB-CS-003152,RB-C-01488-1,RB-FA-003318,2025-01-28T19:33:47.000Z,2025-01-28T14:45:58.000Z,Mobile App,Account Access,MFA,Closed,High,true,4,3.0,BR-009,E-0114,true
RB-CS-003153,RB-C-01488-1,RB-FA-003318,2025-01-04T08:41:42.000Z,2025-01-04T07:36:20.000Z,Mobile App,Fraud,Card Compromised,Closed,Low,true,5,3.5,BR-009,E-0107,true
RB-CS-003154,RB-C-01490-1,RB-FA-003320,2025-08-07T07:20:42.000Z,2025-08-12T11:38:35.000Z,Branch,Card Dispute,Duplicate Charge,Closed,Medium,false,1,8.0,BR-025,E-0128,false
RB-CS-003155,RB-C-01490-1,RB-FA-003323,2025-02-28T09:30:01.000Z,2025-03-19T11:59:11.000Z,Mobile App,Fee Inquiry,Overdraft Fee,Closed,Low,false,,16.8,BR-025,E-0108,false
RB-CS-003156,RB-C-01491-1,RB-FA-003324,2026-08-30T17:30:29.000Z,2026-08-30T09:04:13.000Z,Chat,Fraud,Card Compromised,Closed,Low,true,4,20.9,BR-022,E-0073,true
RB-CS-003157,RB-C-01491-1,RB-FA-003324,2025-10-27T07:58:27.000Z,2025-10-27T12:57:34.000Z,Mobile App,Account Access,Password Reset,Closed,High,true,,7.5,BR-022,E-0135,false
RB-CS-003158,RB-C-01491-1,RB-FA-003324,2026-01-15T15:38:55.000Z,2026-01-15T18:48:41.000Z,Chat,Fee Inquiry,ATM Fee,Closed,Low,true,4,5.9,BR-022,E-0081,true
RB-CS-003159,RB-C-01491-1,RB-FA-003325,2024-10-08T15:39:48.000Z,2024-10-08T12:57:14.000Z,Mobile App,Fee Inquiry,Monthly Maintenance,Closed,Low,true,1,24.5,BR-022,E-0062,false
RB-CS-003160,RB-C-01491-1,RB-FA-003325,2024-11-01T11:03:06.000Z,2024-11-05T09:44:08.000Z,Mobile App,Fee Inquiry,ATM Fee,Closed,High,false,1,10.1,BR-022,E-0104,false
RB-CS-003161,RB-C-01492-1,RB-FA-003326,2025-11-10T08:56:29.000Z,2025-11-10T09:20:56.000Z,Email,Account Access,Password Reset,Closed,Low,true,3,48.2,BR-020,E-0075,true
RB-CS-003162,RB-C-01492-1,RB-FA-003326,2025-10-02T12:40:49.000Z,2025-10-02T10:27:50.000Z,Voice,Payments,Bill Pay,Closed,Medium,true,4,8.0,BR-020,E-0139,true
RB-CS-003163,RB-C-01492-1,RB-FA-003326,2026-06-09T11:56:16.000Z,2026-06-09T13:33:44.000Z,Chat,Payments,Failed Transfer,Closed,Medium,true,,15.2,BR-020,E-0106,false
RB-CS-003164,RB-C-01492-1,RB-FA-003326,2024-12-06T19:06:15.000Z,2024-12-19T19:36:50.000Z,Chat,Account Access,MFA,Closed,Low,false,,15.0,BR-020,E-0133,true
RB-CS-003165,RB-C-01493-1,RB-FA-003328,2024-11-23T18:17:30.000Z,2024-12-14T08:00:41.000Z,Voice,Card Dispute,Duplicate Charge,Closed,Low,false,,8.0,BR-006,E-0074,true
RB-CS-003166,RB-C-01493-1,RB-FA-003329,2024-11-23T12:20:35.000Z,2024-11-23T10:29:03.000Z,Chat,Account Access,MFA,Closed,Medium,true,,9.6,BR-006,E-0074,true
RB-CS-003167,RB-C-01494-1,RB-FA-003331,2026-05-22T12:19:30.000Z,2026-05-22T13:53:24.000Z,Voice,Fee Inquiry,Monthly Maintenance,Closed,High,true,,6.8,BR-015,E-0101,true
RB-CS-003168,RB-C-01494-1,RB-FA-003331,2025-04-28T07:14:44.000Z,2025-04-28T16:35:28.000Z,Mobile App,Fee Inquiry,Overdraft Fee,Closed,High,true,,6.6,BR-015,E-0087,false
RB-CS-003169,RB-C-01494-1,RB-FA-003332,2025-05-03T10:23:22.000Z,2025-05-20T15:30:50.000Z,Email,Payments,Failed Transfer,Closed,Low,false,,41.0,BR-015,E-0129,false
RB-CS-003170,RB-C-01496-1,RB-FA-003335,2026-03-26T09:09:57.000Z,2026-04-07T15:07:52.000Z,Mobile App,Payments,Bill Pay,Closed,High,false,,20.0,BR-020,E-0070,true
RB-CS-003171,RB-C-01496-1,RB-FA-003335,2026-04-21T16:03:24.000Z,2026-04-21T18:19:47.000Z,Email,Account Access,Password Reset,Closed,Low,true,5,49.5,BR-020,E-0084,false
RB-CS-003172,RB-C-01496-1,RB-FA-003335,2024-11-04T08:59:50.000Z,2024-11-18T11:24:04.000Z,Chat,Card Dispute,Merchant Refund,Closed,Medium,false,5,9.6,BR-020,E-0120,false
RB-CS-003173,RB-C-01496-1,RB-FA-003336,2024-09-07T15:26:52.000Z,2024-09-16T10:09:48.000Z,Chat,Account Access,Password Reset,Closed,Low,false,,10.8,BR-020,E-0132,true
RB-CS-003174,RB-C-01497-1,RB-FA-003337,2026-05-16T18:27:40.000Z,2026-05-16T18:03:23.000Z,Email,Payments,Bill Pay,Closed,High,true,,32.5,BR-009,E-0135,false
RB-CS-003175,RB-C-01497-1,RB-FA-003338,2025-10-25T17:17:32.000Z,2025-10-25T09:21:44.000Z,Email,Account Access,Password Reset,Closed,Medium,true,5,42.7,BR-009,E-0067,true
RB-CS-003176,RB-C-01498-1,RB-FA-003340,2026-03-30T19:44:24.000Z,2026-03-30T13:48:21.000Z,Email,Product Question,Rates,Closed,Medium,true,3,29.1,BR-024,E-0101,true
RB-CS-003177,RB-C-01498-1,RB-FA-003340,2025-06-22T17:07:19.000Z,,Voice,Card Dispute,Unrecognized Charge,In Progress,Low,false,1,8.3,BR-024,E-0128,false
RB-CS-003178,RB-C-01499-1,RB-FA-003342,2025-02-24T17:21:01.000Z,2025-02-24T11:53:01.000Z,Chat,Payments,Failed Transfer,Closed,Low,true,5,8.4,BR-022,E-0102,false
RB-CS-003179,RB-C-01499-1,RB-FA-003342,2025-03-26T09:10:28.000Z,2025-03-26T07:22:08.000Z,Chat,Fee Inquiry,Monthly Maintenance,Closed,Medium,true,,28.3,BR-022,E-0124,true
RB-CS-003180,RB-C-01499-1,RB-FA-003342,2024-12-28T07:10:51.000Z,2025-01-03T09:32:12.000Z,Mobile App,Card Dispute,Unrecognized Charge,Closed,Low,false,,7.2,BR-022,E-0083,false
RB-CS-003181,RB-C-01499-1,RB-FA-003344,2024-10-13T18:43:20.000Z,2024-10-27T11:22:48.000Z,Branch,Card Dispute,Unrecognized Charge,Closed,Low,false,,10.5,BR-022,E-0073,false
RB-CS-003182,RB-C-01500-1,RB-FA-003346,2024-10-04T17:33:44.000Z,2024-10-04T18:42:15.000Z,Mobile App,Fee Inquiry,ATM Fee,Closed,Medium,true,3,11.0,BR-015,E-0136,false
RB-CS-003183,RB-C-01501-1,RB-FA-003348,2024-10-24T18:36:55.000Z,2024-10-29T11:29:53.000Z,Voice,Card Dispute,Unrecognized Charge,Closed,Low,false,,12.0,BR-025,E-0070,false
RB-CS-003184,RB-C-01502-1,RB-FA-003349,2025-06-07T15:45:35.000Z,2025-06-20T13:54:16.000Z,Voice,Fraud,Card Compromised,Closed,Medium,false,,22.4,BR-001,E-0065,true
RB-CS-003185,RB-C-01503-1,RB-FA-003351,2025-02-08T10:57:29.000Z,2025-02-08T19:47:09.000Z,Branch,Fee Inquiry,ATM Fee,Closed,Medium,true,,11.9,BR-020,E-0061,false
RB-CS-003186,RB-C-01503-1,RB-FA-003351,2024-09-01T18:04:11.000Z,2024-09-10T17:37:29.000Z,Voice,Card Dispute,Unrecognized Charge,Closed,Low,false,4,26.6,BR-020,E-0118,true
RB-CS-003187,RB-C-01504-1,RB-FA-003354,2025-01-08T17:50:23.000Z,2025-01-20T18:25:33.000Z,Chat,Card Dispute,Duplicate Charge,Closed,Low,false,1,9.5,BR-013,E-0099,false
RB-CS-003188,RB-C-01504-1,RB-FA-003354,2025-01-10T12:22:58.000Z,2025-01-10T15:36:05.000Z,Chat,Product Question,Eligibility,Closed,Low,true,,14.8,BR-013,E-0085,false
RB-CS-003189,RB-C-01504-1,RB-FA-003355,2025-03-24T16:50:06.000Z,2025-04-01T11:21:19.000Z,Mobile App,Card Dispute,Merchant Refund,Closed,Low,false,,13.8,BR-013,E-0113,false
RB-CS-003190,RB-C-01505-1,RB-FA-003357,2025-07-01T15:12:12.000Z,2025-07-01T15:41:22.000Z,Voice,Fee Inquiry,Monthly Maintenance,Closed,Low,true,4,7.6,BR-005,E-0090,false
RB-CS-003191,RB-C-01505-1,RB-FA-003357,2026-08-08T17:00:03.000Z,2026-08-08T13:46:26.000Z,Voice,Card Dispute,Duplicate Charge,Closed,Medium,true,,5.9,BR-005,E-0061,false
RB-CS-003192,RB-C-01505-1,RB-FA-003357,2025-03-30T13:41:16.000Z,2025-03-31T07:50:55.000Z,Chat,Fee Inquiry,ATM Fee,Closed,Low,false,2,17.1,BR-005,E-0133,false
RB-CS-003193,RB-C-01508-1,RB-FA-003361,2025-07-10T17:36:15.000Z,2025-07-21T12:49:29.000Z,Voice,Fraud,Card Compromised,Closed,Low,false,5,13.4,BR-011,E-0084,false
RB-CS-003194,RB-C-01508-1,RB-FA-003362,2025-07-13T13:48:52.000Z,2025-07-13T16:47:49.000Z,Chat,Product Question,Rates,Closed,Low,true,4,12.0,BR-011,E-0098,true
RB-CS-003195,RB-C-01508-1,RB-FA-003362,2025-03-09T16:36:41.000Z,2025-03-09T12:11:15.000Z,Chat,Account Access,Locked Account,Closed,Medium,true,,22.9,BR-011,E-0076,true
RB-CS-003196,RB-C-01508-1,RB-FA-003362,2026-01-20T14:12:26.000Z,2026-01-20T19:20:42.000Z,Voice,Fee Inquiry,Overdraft Fee,Closed,Medium,true,5,12.6,BR-011,E-0080,true
RB-CS-003197,RB-C-01508-1,RB-FA-003362,2024-11-05T12:32:08.000Z,2024-11-05T19:44:59.000Z,Email,Product Question,Eligibility,Closed,Medium,true,,11.8,BR-011,E-0071,false
RB-CS-003198,RB-C-01510-1,RB-FA-003364,2025-01-12T08:09:54.000Z,2025-01-25T16:32:15.000Z,Branch,Card Dispute,Merchant Refund,Closed,Low,false,,4.1,BR-012,E-0064,false
RB-CS-003199,RB-C-01510-1,RB-FA-003364,2026-02-12T07:28:23.000Z,,Voice,Fee Inquiry,Monthly Maintenance,Open,Low,false,5,12.0,BR-012,E-0090,false
RB-CS-003200,RB-C-01510-1,RB-FA-003364,2024-11-06T18:43:08.000Z,2024-11-06T09:46:37.000Z,Email,Account Access,Password Reset,Closed,Medium,true,,43.6,BR-012,E-0120,false
RB-CS-003201,RB-C-01510-1,RB-FA-003366,2026-08-22T19:26:19.000Z,,Chat,Account Access,MFA,Escalated,Medium,false,,5.3,BR-012,E-0132,false
RB-CS-003202,RB-C-01510-1,RB-FA-003366,2025-04-04T19:49:55.000Z,2025-04-04T19:29:30.000Z,Chat,Payments,Bill Pay,Closed,Low,true,,4.3,BR-012,E-0126,false
RB-CS-003203,RB-C-01510-1,RB-FA-003366,2026-05-26T08:53:00.000Z,2026-06-14T10:43:37.000Z,Mobile App,Card Dispute,Unrecognized Charge,Closed,Medium,false,,11.1,BR-012,E-0083,false
RB-CS-003204,RB-C-01511-1,RB-FA-003367,2025-05-14T09:52:29.000Z,2025-05-14T19:15:18.000Z,Branch,Fee Inquiry,Overdraft Fee,Closed,Medium,true,5,9.9,BR-024,E-0113,false
RB-CS-003205,RB-C-01511-1,RB-FA-003367,2025-08-04T18:57:19.000Z,2025-08-04T14:20:12.000Z,Voice,Account Access,Password Reset,Closed,Low,true,2,20.0,BR-024,E-0083,true
RB-CS-003206,RB-C-01511-1,RB-FA-003369,2026-08-11T07:23:59.000Z,2026-08-11T18:31:26.000Z,Chat,Fee Inquiry,ATM Fee,Closed,Medium,true,4,3.7,BR-024,E-0096,false
RB-CS-003207,RB-C-01511-1,RB-FA-003369,2025-11-13T08:26:54.000Z,,Voice,Payments,Failed Transfer,Open,Low,true,4,8.7,BR-024,E-0136,false
RB-CS-003208,RB-C-01512-1,RB-FA-003370,2025-12-14T08:13:49.000Z,2025-12-14T16:02:09.000Z,Email,Fee Inquiry,ATM Fee,Closed,Low,true,3,22.8,BR-024,E-0096,false
RB-CS-003209,RB-C-01512-1,RB-FA-003370,2026-08-24T15:04:16.000Z,,Voice,Card Dispute,Merchant Refund,Open,Low,false,1,21.5,BR-024,E-0100,false
RB-CS-003210,RB-C-01512-1,RB-FA-003371,2025-01-17T12:09:20.000Z,2025-01-17T19:10:26.000Z,Chat,Card Dispute,Duplicate Charge,Closed,Low,true,5,5.8,BR-024,E-0100,false
RB-CS-003211,RB-C-01513-1,RB-FA-003374,2025-06-06T17:11:26.000Z,2025-06-10T10:21:10.000Z,Mobile App,Product Question,Eligibility,Closed,Medium,false,3,14.9,BR-019,E-0090,true
RB-CS-003212,RB-C-01514-1,RB-FA-003376,2025-10-07T10:19:17.000Z,2025-10-07T19:25:05.000Z,Chat,Fee Inquiry,Monthly Maintenance,Closed,Medium,true,5,14.0,BR-016,E-0094,false
RB-CS-003213,RB-C-01514-1,RB-FA-003376,2024-09-16T12:41:08.000Z,2024-09-16T10:15:19.000Z,Chat,Account Access,Password Reset,Closed,Low,true,3,12.6,BR-016,E-0097,true
RB-CS-003214,RB-C-01514-1,RB-FA-003376,2025-12-27T12:29:57.000Z,2026-01-06T16:41:34.000Z,Voice,Product Question,Rates,Closed,High,false,,14.6,BR-016,E-0102,true
RB-CS-003215,RB-C-01514-1,RB-FA-003376,2025-05-26T14:55:43.000Z,2025-05-26T07:52:39.000Z,Email,Payments,Bill Pay,Closed,Low,true,,11.4,BR-016,E-0085,false
RB-CS-003216,RB-C-01514-1,RB-FA-003377,2026-07-12T09:24:18.000Z,2026-07-12T14:25:47.000Z,Chat,Fee Inquiry,Overdraft Fee,Closed,Low,true,1,10.6,BR-016,E-0100,false
RB-CS-003217,RB-C-01515-1,RB-FA-003378,2024-11-25T11:46:52.000Z,2024-11-25T10:41:45.000Z,Chat,Product Question,Eligibility,Closed,Low,true,2,8.6,BR-014,E-0097,true
RB-CS-003218,RB-C-01515-1,RB-FA-003378,2026-08-13T11:25:18.000Z,,Chat,Fee Inquiry,ATM Fee,Open,Low,false,5,15.0,BR-014,E-0102,false
RB-CS-003219,RB-C-01516-1,RB-FA-003379,2024-11-26T19:33:14.000Z,2024-11-26T10:53:51.000Z,Chat,Fee Inquiry,ATM Fee,Closed,Medium,true,3,23.3,BR-010,E-0138,false
RB-CS-003220,RB-C-01516-1,RB-FA-003380,2026-07-11T18:51:50.000Z,2026-07-11T17:04:16.000Z,Mobile App,Payments,Wire Status,Closed,High,true,5,23.3,BR-010,E-0105,true
RB-CS-003221,RB-C-01516-1,RB-FA-003380,2024-11-25T12:53:43.000Z,2024-11-25T13:05:07.000Z,Voice,Account Access,MFA,Closed,Low,true,,14.2,BR-010,E-0125,false
RB-CS-003222,RB-C-01518-1,RB-FA-003385,2025-09-05T17:17:50.000Z,2025-09-05T11:25:07.000Z,Voice,Card Dispute,Duplicate Charge,Closed,Low,true,3,5.4,BR-006,E-0102,true
RB-CS-003223,RB-C-01518-1,RB-FA-003386,2026-01-17T12:27:12.000Z,2026-01-18T09:37:24.000Z,Chat,Payments,Wire Status,Closed,Low,false,,15.5,BR-006,E-0121,true
RB-CS-003224,RB-C-01521-1,RB-FA-003391,2025-12-03T10:15:58.000Z,,Email,Product Question,Eligibility,In Progress,Low,true,,23.8,BR-027,E-0074,true
RB-CS-003225,RB-C-01522-1,RB-FA-003393,2026-03-30T13:52:53.000Z,2026-03-30T16:21:55.000Z,Voice,Account Access,MFA,Closed,Medium,true,,6.1,BR-023,E-0102,true
RB-CS-003226,RB-C-01522-1,RB-FA-003393,2024-09-11T11:16:46.000Z,2024-09-11T12:43:00.000Z,Email,Product Question,Eligibility,Closed,Low,true,2,52.3,BR-023,E-0114,false
RB-CS-003227,RB-C-01523-1,RB-FA-003394,2024-09-26T10:38:28.000Z,2024-09-26T19:44:33.000Z,Voice,Account Access,Locked Account,Closed,High,true,,10.3,BR-003,E-0096,false
RB-CS-003228,RB-C-01523-1,RB-FA-003394,2024-11-21T09:34:19.000Z,2024-11-21T13:12:20.000Z,Chat,Fee Inquiry,Monthly Maintenance,Closed,Medium,true,4,21.9,BR-003,E-0102,false
RB-CS-003229,RB-C-01523-1,RB-FA-003394,2026-05-11T12:27:33.000Z,2026-05-11T19:23:23.000Z,Branch,Fee Inquiry,Monthly Maintenance,Closed,Medium,true,5,14.2,BR-003,E-0129,true
RB-CS-003230,RB-C-01523-1,RB-FA-003394,2025-12-13T07:04:20.000Z,2025-12-13T19:14:57.000Z,Chat,Product Question,Eligibility,Closed,Low,true,4,9.1,BR-003,E-0110,false
RB-CS-003231,RB-C-01523-1,RB-FA-003395,2025-09-22T11:32:38.000Z,2025-09-27T18:25:11.000Z,Chat,Card Dispute,Duplicate Charge,Closed,Low,false,4,9.3,BR-003,E-0066,false
RB-CS-003232,RB-C-01525-1,RB-FA-003397,2025-08-04T19:48:28.000Z,2025-08-04T10:07:21.000Z,Email,Card Dispute,Merchant Refund,Closed,High,true,,32.6,BR-016,E-0093,false
RB-CS-003233,RB-C-01526-1,RB-FA-003398,2024-12-07T10:48:38.000Z,,Email,Payments,Bill Pay,In Progress,Low,false,,12.1,BR-009,E-0063,true
RB-CS-003234,RB-C-01526-1,RB-FA-003398,2025-12-25T18:15:43.000Z,2025-12-25T09:24:47.000Z,Mobile App,Payments,Wire Status,Closed,Medium,true,,15.3,BR-009,E-0101,false
RB-CS-003235,RB-C-01526-1,RB-FA-003398,2025-10-29T09:05:16.000Z,2025-10-29T18:33:23.000Z,Mobile App,Fee Inquiry,Monthly Maintenance,Closed,Medium,true,1,46.2,BR-009,E-0093,false
RB-CS-003236,RB-C-01526-1,RB-FA-003399,2024-10-10T17:07:37.000Z,2024-10-13T17:52:08.000Z,Voice,Account Access,MFA,Closed,Medium,false,5,14.4,BR-009,E-0073,true
RB-CS-003237,RB-C-01526-1,RB-FA-003399,2025-06-25T11:30:14.000Z,2025-06-25T14:01:24.000Z,Email,Account Access,Locked Account,Closed,High,true,,49.7,BR-009,E-0098,true
RB-CS-003238,RB-C-01526-1,RB-FA-003399,2025-04-24T14:53:06.000Z,2025-04-28T11:43:18.000Z,Email,Fraud,Card Compromised,Closed,Low,false,1,39.9,BR-009,E-0129,false
RB-CS-003239,RB-C-01526-1,RB-FA-003399,2026-04-19T11:10:34.000Z,2026-04-19T11:59:46.000Z,Mobile App,Card Dispute,Merchant Refund,Closed,Low,true,4,4.3,BR-009,E-0080,true
RB-CS-003240,RB-C-01526-1,RB-FA-003400,2024-12-02T10:26:36.000Z,2024-12-17T18:32:56.000Z,Voice,Payments,Wire Status,Closed,Medium,false,3,7.6,BR-009,E-0066,true
RB-CS-003241,RB-C-01526-1,RB-FA-003400,2025-08-18T16:25:40.000Z,2025-09-05T18:28:42.000Z,Branch,Product Question,Eligibility,Closed,Medium,false,,7.6,BR-009,E-0078,false
RB-CS-003242,RB-C-01526-1,RB-FA-003400,2025-08-02T19:37:20.000Z,2025-08-02T12:49:34.000Z,Chat,Fee Inquiry,Overdraft Fee,Closed,Low,true,4,20.0,BR-009,E-0104,true
RB-CS-003243,RB-C-01526-1,RB-FA-003400,2025-07-21T19:01:21.000Z,,Mobile App,Fee Inquiry,ATM Fee,In Progress,Low,false,1,16.2,BR-009,E-0087,true
RB-CS-003244,RB-C-01527-1,RB-FA-003402,2024-09-13T10:17:12.000Z,,Voice,Fee Inquiry,Overdraft Fee,In Progress,Low,true,5,7.9,BR-001,E-0118,false
RB-CS-003245,RB-C-01527-1,RB-FA-003402,2026-05-17T17:40:43.000Z,2026-05-17T19:30:32.000Z,Email,Fee Inquiry,ATM Fee,Closed,Low,true,5,31.7,BR-001,E-0102,true
RB-CS-003246,RB-C-01529-1,RB-FA-003404,2025-07-27T10:53:38.000Z,2025-07-27T08:34:23.000Z,Email,Payments,Failed Transfer,Closed,Low,true,,17.5,BR-022,E-0110,false
RB-CS-003247,RB-C-01529-1,RB-FA-003404,2024-10-19T17:08:28.000Z,2024-10-19T08:29:32.000Z,Voice,Card Dispute,Unrecognized Charge,Closed,Medium,true,3,4.1,BR-022,E-0122,false
RB-CS-003248,RB-C-01529-1,RB-FA-003404,2025-12-02T18:09:12.000Z,2025-12-02T18:53:52.000Z,Branch,Product Question,Rates,Closed,High,true,,8.8,BR-022,E-0092,true
RB-CS-003249,RB-C-01529-1,RB-FA-003404,2024-10-15T16:29:07.000Z,2024-10-20T09:20:30.000Z,Chat,Product Question,Rates,Closed,Medium,false,3,7.7,BR-022,E-0098,true
RB-CS-003250,RB-C-01529-1,RB-FA-003405,2025-11-06T08:18:52.000Z,2025-11-06T14:01:32.000Z,Branch,Account Access,MFA,Closed,Low,true,5,8.8,BR-022,E-0114,false
RB-CS-003251,RB-C-01530-1,RB-FA-003406,2026-02-13T19:40:41.000Z,2026-02-13T12:56:53.000Z,Mobile App,Fraud,Card Compromised,Closed,Medium,true,5,8.4,BR-009,E-0081,false
RB-CS-003252,RB-C-01531-1,RB-FA-003409,2024-11-19T08:19:51.000Z,2024-12-06T13:40:45.000Z,Chat,Product Question,Rates,Closed,High,false,,7.8,BR-011,E-0119,false
RB-CS-003253,RB-C-01531-1,RB-FA-003409,2026-05-27T17:08:27.000Z,2026-06-02T13:53:45.000Z,Voice,Card Dispute,Duplicate Charge,Closed,Low,false,,4.9,BR-011,E-0124,false
RB-CS-003254,RB-C-01531-1,RB-FA-003409,2026-03-03T12:29:21.000Z,2026-03-24T14:47:38.000Z,Voice,Card Dispute,Unrecognized Charge,Closed,Medium,false,,11.6,BR-011,E-0114,false
RB-CS-003255,RB-C-01535-1,RB-FA-003417,2025-10-31T07:16:19.000Z,2025-10-31T07:42:19.000Z,Chat,Product Question,Eligibility,Closed,Medium,true,,15.7,BR-027,E-0089,false
RB-CS-003256,RB-C-01535-1,RB-FA-003418,2025-08-05T19:08:23.000Z,2025-08-05T15:26:57.000Z,Chat,Card Dispute,Unrecognized Charge,Closed,Medium,true,,8.0,BR-027,E-0134,true
RB-CS-003257,RB-C-01535-1,RB-FA-003418,2024-10-08T11:30:55.000Z,,Voice,Payments,Failed Transfer,Open,Low,false,2,8.2,BR-027,E-0106,false
RB-CS-003258,RB-C-01535-1,RB-FA-003418,2024-12-25T17:15:43.000Z,2024-12-25T08:37:11.000Z,Chat,Fraud,Account Takeover,Closed,Medium,true,5,5.2,BR-027,E-0089,false
RB-CS-003259,RB-C-01536-1,RB-FA-003420,2026-08-22T15:59:42.000Z,2026-08-28T19:21:58.000Z,Email,Card Dispute,Duplicate Charge,Closed,Medium,false,3,10.6,BR-001,E-0116,false
RB-CS-003260,RB-C-01537-1,RB-FA-003421,2026-07-27T16:51:53.000Z,2026-07-27T14:44:41.000Z,Branch,Fee Inquiry,Monthly Maintenance,Closed,Low,true,5,13.7,BR-020,E-0094,true
RB-CS-003261,RB-C-01539-1,RB-FA-003423,2025-12-12T10:06:25.000Z,,Email,Account Access,MFA,Escalated,Low,false,3,32.3,BR-008,E-0080,false
RB-CS-003262,RB-C-01539-1,RB-FA-003424,2026-03-29T18:44:03.000Z,2026-04-10T14:52:34.000Z,Chat,Account Access,MFA,Closed,Low,false,,10.7,BR-008,E-0088,false
RB-CS-003263,RB-C-01539-1,RB-FA-003426,2025-10-26T12:57:38.000Z,2025-10-26T15:46:39.000Z,Email,Product Question,Rates,Closed,High,true,1,21.7,BR-008,E-0088,false
RB-CS-003264,RB-C-01540-1,RB-FA-003427,2025-08-14T08:54:33.000Z,2025-08-20T17:15:12.000Z,Voice,Product Question,Rates,Closed,Low,false,4,8.8,BR-014,E-0100,true
RB-CS-003265,RB-C-01541-1,RB-FA-003428,2025-10-19T10:06:17.000Z,2025-10-19T19:59:12.000Z,Email,Account Access,Locked Account,Closed,Medium,true,4,56.5,BR-021,E-0066,false
RB-CS-003266,RB-C-01541-1,RB-FA-003429,2026-07-10T15:59:11.000Z,,Voice,Account Access,Password Reset,Open,Medium,false,3,17.9,BR-021,E-0072,true
RB-CS-003267,RB-C-01542-1,RB-FA-003431,2026-04-12T19:22:31.000Z,2026-05-02T13:18:06.000Z,Chat,Card Dispute,Merchant Refund,Closed,Medium,false,5,9.4,BR-004,E-0130,false
RB-CS-003268,RB-C-01542-1,RB-FA-003431,2024-12-08T19:11:42.000Z,2024-12-08T19:02:43.000Z,Chat,Card Dispute,Merchant Refund,Closed,Low,true,5,17.1,BR-004,E-0077,false
RB-CS-003269,RB-C-01542-1,RB-FA-003432,2026-06-29T14:32:30.000Z,2026-06-29T16:10:32.000Z,Voice,Payments,Failed Transfer,Closed,Medium,true,3,11.2,BR-004,E-0132,false
RB-CS-003270,RB-C-01542-1,RB-FA-003433,2026-02-04T09:59:56.000Z,2026-02-04T14:25:33.000Z,Mobile App,Account Access,Locked Account,Closed,Medium,true,,9.4,BR-004,E-0138,true
RB-CS-003271,RB-C-01542-1,RB-FA-003433,2025-12-17T07:57:44.000Z,2026-01-04T12:34:16.000Z,Chat,Card Dispute,Merchant Refund,Closed,Low,false,3,12.0,BR-004,E-0098,false
RB-CS-003272,RB-C-01542-1,RB-FA-003433,2025-06-04T12:46:52.000Z,2025-06-04T11:18:58.000Z,Mobile App,Payments,Failed Transfer,Closed,Medium,true,,12.0,BR-004,E-0062,false
RB-CS-003273,RB-C-01542-1,RB-FA-003433,2024-11-26T17:40:50.000Z,2024-11-26T14:45:05.000Z,Mobile App,Product Question,Eligibility,Closed,Medium,true,5,6.2,BR-004,E-0064,true
RB-CS-003274,RB-C-01543-1,RB-FA-003434,2025-03-14T11:44:31.000Z,2025-03-14T13:58:50.000Z,Voice,Payments,Failed Transfer,Closed,Medium,true,4,10.7,BR-027,E-0133,true
RB-CS-003275,RB-C-01544-1,RB-FA-003436,2026-06-21T16:41:31.000Z,2026-07-05T08:16:00.000Z,Mobile App,Payments,Bill Pay,Closed,Low,false,,8.9,BR-005,E-0120,false
RB-CS-003276,RB-C-01544-1,RB-FA-003439,2026-05-14T09:49:04.000Z,2026-06-03T09:03:55.000Z,Branch,Card Dispute,Duplicate Charge,Closed,Medium,false,,10.4,BR-005,E-0079,false
RB-CS-003277,RB-C-01545-1,RB-FA-003441,2026-05-16T07:17:28.000Z,2026-05-16T17:34:45.000Z,Voice,Fraud,Card Compromised,Closed,High,true,,18.0,BR-025,E-0103,false
RB-CS-003278,RB-C-01545-1,RB-FA-003442,2026-05-06T12:11:07.000Z,,Mobile App,Card Dispute,Duplicate Charge,In Progress,Low,false,4,22.3,BR-025,E-0067,false
RB-CS-003279,RB-C-01545-1,RB-FA-003443,2024-12-29T13:15:39.000Z,2025-01-14T16:05:52.000Z,Email,Card Dispute,Unrecognized Charge,Closed,Low,false,4,16.9,BR-025,E-0068,false
RB-CS-003280,RB-C-01546-1,RB-FA-003445,2025-11-07T11:27:11.000Z,2025-11-19T10:17:01.000Z,Branch,Card Dispute,Duplicate Charge,Closed,Medium,false,,26.9,BR-022,E-0092,false
RB-CS-003281,RB-C-01547-1,RB-FA-003446,2026-05-27T19:24:44.000Z,2026-05-27T13:24:47.000Z,Chat,Account Access,Password Reset,Closed,Low,true,1,9.8,BR-013,E-0117,false
RB-CS-003282,RB-C-01549-1,RB-FA-003449,2025-12-24T11:44:48.000Z,2025-12-24T09:57:39.000Z,Chat,Payments,Wire Status,Closed,Low,true,,10.7,BR-011,E-0077,false
RB-CS-003283,RB-C-01549-1,RB-FA-003449,2025-06-02T10:31:12.000Z,2025-06-02T07:33:23.000Z,Voice,Fee Inquiry,Overdraft Fee,Closed,Medium,true,5,12.1,BR-011,E-0134,true
RB-CS-003284,RB-C-01549-1,RB-FA-003449,2025-10-19T11:22:56.000Z,,Chat,Product Question,Rates,Escalated,Low,false,1,11.9,BR-011,E-0063,true
RB-CS-003285,RB-C-01549-1,RB-FA-003449,2024-09-24T10:33:59.000Z,2024-10-05T07:36:14.000Z,Chat,Fraud,Card Compromised,Closed,Low,false,,12.2,BR-011,E-0139,true
RB-CS-003286,RB-C-01551-1,RB-FA-003453,2025-06-03T16:55:38.000Z,2025-06-03T17:49:17.000Z,Chat,Fee Inquiry,Monthly Maintenance,Closed,Medium,true,1,7.2,BR-017,E-0120,true
RB-CS-003287,RB-C-01552-1,RB-FA-003456,2025-08-27T13:40:31.000Z,2025-08-28T10:19:38.000Z,Email,Fee Inquiry,Overdraft Fee,Closed,High,false,5,16.1,BR-018,E-0076,true
RB-CS-003288,RB-C-01552-1,RB-FA-003456,2025-03-15T12:25:02.000Z,2025-03-15T10:33:58.000Z,Voice,Payments,Bill Pay,Closed,Low,true,5,6.3,BR-018,E-0135,false
RB-CS-003289,RB-C-01552-1,RB-FA-003457,2025-01-14T09:34:42.000Z,2025-01-22T16:35:15.000Z,Chat,Card Dispute,Unrecognized Charge,Closed,High,false,2,14.2,BR-018,E-0134,false
RB-CS-003290,RB-C-01552-1,RB-FA-003457,2025-10-01T13:11:06.000Z,2025-10-01T10:36:41.000Z,Voice,Card Dispute,Merchant Refund,Closed,Low,true,,16.6,BR-018,E-0105,false
RB-CS-003291,RB-C-01552-1,RB-FA-003457,2025-02-04T09:52:33.000Z,2025-02-04T13:55:04.000Z,Email,Account Access,MFA,Closed,High,true,5,53.4,BR-018,E-0062,false
RB-CS-003292,RB-C-01552-1,RB-FA-003458,2025-11-05T18:05:26.000Z,2025-11-12T08:44:12.000Z,Email,Fee Inquiry,ATM Fee,Closed,Low,false,,27.2,BR-018,E-0103,false
RB-CS-003293,RB-C-01552-1,RB-FA-003458,2025-04-04T16:29:51.000Z,2025-04-04T09:41:35.000Z,Email,Account Access,Password Reset,Closed,Low,true,1,23.4,BR-018,E-0125,true
RB-CS-003294,RB-C-01552-1,RB-FA-003458,2025-11-29T14:49:43.000Z,2025-12-08T19:16:14.000Z,Chat,Account Access,Password Reset,Closed,Low,false,3,12.5,BR-018,E-0127,true
RB-CS-003295,RB-C-01552-1,RB-FA-003458,2025-09-03T09:26:06.000Z,,Voice,Card Dispute,Duplicate Charge,In Progress,High,true,,18.4,BR-018,E-0099,true
RB-CS-003296,RB-C-01553-1,RB-FA-003460,2024-12-02T15:00:48.000Z,2024-12-02T16:07:13.000Z,Voice,Fee Inquiry,Overdraft Fee,Closed,High,true,5,6.4,BR-009,E-0091,true
RB-CS-003297,RB-C-01553-1,RB-FA-003461,2025-09-25T10:55:40.000Z,2025-10-12T19:09:38.000Z,Chat,Card Dispute,Duplicate Charge,Closed,Low,false,2,6.9,BR-009,E-0070,false
RB-CS-003298,RB-C-01554-1,RB-FA-003462,2025-09-17T10:34:38.000Z,2025-09-17T18:30:34.000Z,Chat,Fee Inquiry,Overdraft Fee,Closed,Medium,true,2,8.0,BR-008,E-0092,false
RB-CS-003299,RB-C-01554-1,RB-FA-003462,2025-03-25T16:56:44.000Z,2025-04-08T15:03:20.000Z,Mobile App,Product Question,Eligibility,Closed,Medium,false,2,9.5,BR-008,E-0122,false
RB-CS-003300,RB-C-01554-1,RB-FA-003462,2024-09-17T12:04:58.000Z,2024-09-17T09:40:27.000Z,Email,Product Question,Rates,Closed,Medium,true,3,30.7,BR-008,E-0083,true
RB-CS-003301,RB-C-01555-1,RB-FA-003463,2026-01-07T17:06:27.000Z,,Voice,Card Dispute,Merchant Refund,Escalated,Low,false,,30.3,BR-025,E-0086,false
RB-CS-003302,RB-C-01555-1,RB-FA-003464,2025-08-06T18:43:36.000Z,2025-08-21T13:27:19.000Z,Voice,Fee Inquiry,Monthly Maintenance,Closed,High,false,3,8.3,BR-025,E-0136,false
RB-CS-003303,RB-C-01556-1,RB-FA-003465,2025-09-29T08:55:39.000Z,2025-09-29T16:40:55.000Z,Voice,Payments,Bill Pay,Closed,Low,true,,7.3,BR-016,E-0089,true
RB-CS-003304,RB-C-01557-1,RB-FA-003468,2025-01-11T09:43:21.000Z,2025-01-15T11:03:23.000Z,Voice,Card Dispute,Merchant Refund,Closed,Low,false,,20.6,BR-003,E-0091,false
RB-CS-003305,RB-C-01557-1,RB-FA-003468,2025-06-14T16:09:41.000Z,2025-06-14T08:09:12.000Z,Voice,Fee Inquiry,ATM Fee,Closed,Low,true,5,12.8,BR-003,E-0129,false
RB-CS-003306,RB-C-01557-1,RB-FA-003468,2026-02-21T08:09:40.000Z,2026-02-21T10:09:57.000Z,Email,Fee Inquiry,Monthly Maintenance,Closed,Low,true,,15.4,BR-003,E-0072,false
RB-CS-003307,RB-C-01557-1,RB-FA-003468,2025-03-14T14:19:51.000Z,2025-03-14T15:47:01.000Z,Chat,Fee Inquiry,Overdraft Fee,Closed,Low,true,1,5.5,BR-003,E-0138,false
RB-CS-003308,RB-C-01557-1,RB-FA-003469,2026-01-28T08:00:55.000Z,2026-01-28T12:56:01.000Z,Mobile App,Fee Inquiry,ATM Fee,Closed,Low,true,3,10.3,BR-003,E-0076,false
RB-CS-003309,RB-C-01558-1,RB-FA-003470,2026-03-04T07:23:36.000Z,2026-03-04T10:54:28.000Z,Email,Account Access,MFA,Closed,Low,true,2,20.0,BR-027,E-0126,false
RB-CS-003310,RB-C-01558-1,RB-FA-003470,2025-02-06T09:53:11.000Z,2025-02-06T19:04:28.000Z,Chat,Product Question,Eligibility,Closed,Low,true,,14.1,BR-027,E-0073,false
RB-CS-003311,RB-C-01558-1,RB-FA-003471,2025-09-14T17:28:14.000Z,2025-09-16T12:35:24.000Z,Email,Fee Inquiry,ATM Fee,Closed,Medium,false,1,49.7,BR-027,E-0114,false
RB-CS-003312,RB-C-01558-1,RB-FA-003471,2025-11-27T18:37:42.000Z,2025-11-27T19:12:46.000Z,Voice,Product Question,Eligibility,Closed,Low,true,5,17.7,BR-027,E-0120,false
RB-CS-003313,RB-C-01559-1,RB-FA-003472,2025-02-13T10:25:23.000Z,2025-02-14T11:40:32.000Z,Mobile App,Fraud,Account Takeover,Closed,Low,false,2,11.0,BR-022,E-0072,true
RB-CS-003314,RB-C-01559-1,RB-FA-003473,2026-02-26T08:27:28.000Z,2026-02-26T08:14:53.000Z,Chat,Fee Inquiry,ATM Fee,Closed,High,true,5,23.3,BR-022,E-0092,true
RB-CS-003315,RB-C-01559-1,RB-FA-003474,2025-05-27T15:00:31.000Z,2025-06-09T13:30:17.000Z,Voice,Account Access,Password Reset,Closed,High,false,4,2.6,BR-022,E-0125,false
RB-CS-003316,RB-C-01562-1,RB-FA-003481,2026-05-18T14:55:02.000Z,2026-05-18T11:54:13.000Z,Voice,Fraud,Card Compromised,Closed,Low,true,5,4.6,BR-016,E-0091,true
RB-CS-003317,RB-C-01562-1,RB-FA-003481,2025-12-13T17:29:30.000Z,2025-12-13T19:10:34.000Z,Chat,Account Access,Password Reset,Closed,Medium,true,4,10.0,BR-016,E-0135,false
RB-CS-003318,RB-C-01562-1,RB-FA-003481,2025-01-03T09:21:07.000Z,2025-01-03T12:07:08.000Z,Voice,Fraud,Card Compromised,Closed,Low,true,,11.4,BR-016,E-0130,false
RB-CS-003319,RB-C-01562-1,RB-FA-003481,2025-09-20T08:51:55.000Z,2025-09-21T13:20:28.000Z,Voice,Card Dispute,Duplicate Charge,Closed,Low,false,,3.7,BR-016,E-0137,true
RB-CS-003320,RB-C-01563-1,RB-FA-003482,2026-05-08T08:41:34.000Z,2026-05-29T18:04:21.000Z,Voice,Product Question,Eligibility,Closed,Medium,false,2,14.8,BR-020,E-0098,true
RB-CS-003321,RB-C-01564-1,RB-FA-003484,2026-07-02T19:52:42.000Z,,Voice,Fraud,Card Compromised,In Progress,Medium,true,,11.4,BR-026,E-0107,false
RB-CS-003322,RB-C-01564-1,RB-FA-003484,2025-08-05T15:07:51.000Z,2025-08-14T17:47:24.000Z,Voice,Card Dispute,Unrecognized Charge,Closed,High,false,5,6.9,BR-026,E-0135,false
RB-CS-003323,RB-C-01564-1,RB-FA-003484,2025-06-29T11:55:08.000Z,2025-07-07T14:34:24.000Z,Voice,Card Dispute,Unrecognized Charge,Closed,Medium,false,4,7.1,BR-026,E-0076,true
RB-CS-003324,RB-C-01565-1,RB-FA-003485,2024-10-27T07:02:54.000Z,,Email,Payments,Failed Transfer,Open,High,true,2,24.5,BR-004,E-0137,true
RB-CS-003325,RB-C-01566-1,RB-FA-003488,2024-10-25T12:02:21.000Z,2024-10-25T11:00:17.000Z,Voice,Fraud,Card Compromised,Closed,Medium,true,3,4.1,BR-005,E-0075,false
RB-CS-003326,RB-C-01566-1,RB-FA-003488,2025-03-01T08:50:03.000Z,2025-03-10T11:46:24.000Z,Email,Card Dispute,Merchant Refund,Closed,High,false,,58.1,BR-005,E-0086,false
RB-CS-003327,RB-C-01566-1,RB-FA-003488,2025-05-24T12:56:09.000Z,2025-05-30T15:26:03.000Z,Branch,Account Access,Locked Account,Closed,High,false,,23.0,BR-005,E-0128,false
RB-CS-003328,RB-C-01567-1,RB-FA-003489,2025-06-27T12:00:02.000Z,2025-06-27T15:37:09.000Z,Voice,Account Access,Password Reset,Closed,Low,true,5,6.2,BR-023,E-0070,false
RB-CS-003329,RB-C-01567-1,RB-FA-003489,2025-07-15T12:05:28.000Z,2025-08-01T07:04:45.000Z,Mobile App,Product Question,Rates,Closed,Low,false,1,5.5,BR-023,E-0068,true
RB-CS-003330,RB-C-01567-1,RB-FA-003489,2026-05-05T07:25:57.000Z,2026-05-05T16:00:05.000Z,Voice,Account Access,MFA,Closed,Medium,true,,7.7,BR-023,E-0088,true
RB-CS-003331,RB-C-01567-1,RB-FA-003489,2024-10-13T07:57:29.000Z,2024-10-25T16:01:01.000Z,Branch,Account Access,MFA,Closed,High,false,4,8.6,BR-023,E-0094,false
RB-CS-003332,RB-C-01568-1,RB-FA-003490,2025-11-01T10:58:19.000Z,2025-11-01T08:42:37.000Z,Chat,Fee Inquiry,ATM Fee,Closed,Medium,true,,18.5,BR-006,E-0122,true
RB-CS-003333,RB-C-01569-1,RB-FA-003493,2026-04-03T10:24:55.000Z,2026-04-03T07:08:57.000Z,Voice,Product Question,Rates,Closed,Medium,true,4,10.0,BR-012,E-0116,true
RB-CS-003334,RB-C-01569-1,RB-FA-003494,2024-09-06T07:58:37.000Z,2024-09-06T09:03:49.000Z,Chat,Card Dispute,Merchant Refund,Closed,High,true,4,19.9,BR-012,E-0135,false
RB-CS-003335,RB-C-01570-1,RB-FA-003495,2025-03-31T09:58:53.000Z,2025-03-31T16:50:19.000Z,Voice,Account Access,MFA,Closed,Low,true,,5.8,BR-012,E-0091,false
RB-CS-003336,RB-C-01571-1,RB-FA-003497,2025-07-19T14:14:20.000Z,2025-08-06T13:59:07.000Z,Voice,Fraud,Card Compromised,Closed,Low,false,4,16.3,BR-003,E-0138,true
RB-CS-003337,RB-C-01572-1,RB-FA-003500,2025-03-27T15:55:47.000Z,2025-03-30T12:56:20.000Z,Chat,Card Dispute,Merchant Refund,Closed,Low,false,5,16.8,BR-009,E-0131,true
RB-CS-003338,RB-C-01573-1,RB-FA-003502,2024-09-28T15:52:04.000Z,2024-09-28T18:38:28.000Z,Email,Account Access,Password Reset,Closed,Medium,true,,35.6,BR-017,E-0075,false
RB-CS-003339,RB-C-01574-1,RB-FA-003504,2025-05-26T08:40:44.000Z,2025-06-13T11:08:08.000Z,Email,Card Dispute,Merchant Refund,Closed,Medium,false,,24.7,BR-028,E-0110,false
RB-CS-003340,RB-C-01575-1,RB-FA-003507,2025-01-10T17:09:53.000Z,2025-01-10T09:07:13.000Z,Voice,Fee Inquiry,Overdraft Fee,Closed,Low,true,,25.8,BR-001,E-0097,true
RB-CS-003341,RB-C-01575-1,RB-FA-003508,2025-06-23T12:48:41.000Z,2025-06-23T11:41:56.000Z,Voice,Fraud,Account Takeover,Closed,Medium,true,,6.2,BR-001,E-0086,false
RB-CS-003342,RB-C-01577-1,RB-FA-003513,2026-03-11T08:21:18.000Z,2026-03-11T13:27:15.000Z,Voice,Card Dispute,Unrecognized Charge,Closed,Medium,true,,11.8,BR-008,E-0090,true
RB-CS-003343,RB-C-01577-1,RB-FA-003514,2026-06-29T16:08:36.000Z,2026-06-29T09:10:10.000Z,Mobile App,Payments,Bill Pay,Closed,Low,true,,22.2,BR-008,E-0101,false
RB-CS-003344,RB-C-01578-1,RB-FA-003517,2025-11-05T15:40:50.000Z,2025-11-05T12:38:20.000Z,Email,Payments,Failed Transfer,Closed,Low,true,,34.3,BR-002,E-0097,true
RB-CS-003345,RB-C-01579-1,RB-FA-003519,2025-08-18T08:54:45.000Z,2025-08-29T19:53:14.000Z,Mobile App,Card Dispute,Merchant Refund,Closed,Low,false,,11.3,BR-026,E-0127,false
RB-CS-003346,RB-C-01579-1,RB-FA-003520,2026-01-08T12:30:11.000Z,2026-01-08T15:49:34.000Z,Email,Account Access,Locked Account,Closed,Low,true,,31.6,BR-026,E-0071,false
RB-CS-003347,RB-C-01580-1,RB-FA-003521,2026-01-24T17:39:14.000Z,2026-01-24T17:20:21.000Z,Voice,Account Access,Locked Account,Closed,Low,true,,16.7,BR-012,E-0135,false
RB-CS-003348,RB-C-01580-1,RB-FA-003521,2025-10-17T07:19:30.000Z,2025-10-29T13:49:03.000Z,Voice,Fee Inquiry,Monthly Maintenance,Closed,Medium,false,4,5.2,BR-012,E-0136,false
RB-CS-003349,RB-C-01580-1,RB-FA-003521,2026-03-02T14:34:28.000Z,2026-03-02T11:14:54.000Z,Mobile App,Fee Inquiry,ATM Fee,Closed,Medium,true,,11.2,BR-012,E-0087,true
RB-CS-003350,RB-C-01580-1,RB-FA-003521,2025-10-25T11:36:16.000Z,2025-10-25T10:41:58.000Z,Voice,Fee Inquiry,Monthly Maintenance,Closed,Low,true,4,15.0,BR-012,E-0133,false
RB-CS-003351,RB-C-01580-1,RB-FA-003523,2026-06-20T10:34:24.000Z,,Email,Fee Inquiry,Monthly Maintenance,In Progress,High,false,,17.0,BR-012,E-0096,true
RB-CS-003352,RB-C-01582-1,RB-FA-003526,2026-04-17T09:13:23.000Z,2026-05-01T17:39:42.000Z,Chat,Account Access,MFA,Closed,Medium,false,1,11.7,BR-029,E-0069,false
RB-CS-003353,RB-C-01582-1,RB-FA-003526,2024-10-27T11:10:17.000Z,2024-11-03T07:20:28.000Z,Voice,Account Access,Password Reset,Closed,Low,false,4,9.9,BR-029,E-0062,false
RB-CS-003354,RB-C-01582-1,RB-FA-003526,2025-11-15T19:53:27.000Z,2025-11-17T12:45:13.000Z,Voice,Product Question,Eligibility,Closed,Low,false,,9.3,BR-029,E-0129,true
RB-CS-003355,RB-C-01583-1,RB-FA-003529,2025-05-25T08:01:57.000Z,,Voice,Account Access,Password Reset,Open,Medium,true,5,16.5,BR-025,E-0122,true
RB-CS-003356,RB-C-01583-1,RB-FA-003529,2025-10-16T16:55:46.000Z,2025-10-16T13:01:37.000Z,Email,Fraud,Account Takeover,Closed,Low,true,3,31.2,BR-025,E-0073,true
RB-CS-003357,RB-C-01583-1,RB-FA-003529,2025-10-27T08:17:50.000Z,,Chat,Account Access,Locked Account,Open,Medium,false,4,12.5,BR-025,E-0114,true
RB-CS-003358,RB-C-01583-1,RB-FA-003529,2025-02-14T07:00:55.000Z,2025-02-14T12:17:06.000Z,Voice,Fraud,Card Compromised,Closed,Medium,true,4,27.6,BR-025,E-0105,true
RB-CS-003359,RB-C-01584-1,RB-FA-003530,2026-07-12T19:00:31.000Z,2026-07-29T17:36:32.000Z,Email,Account Access,MFA,Closed,Medium,false,3,27.4,BR-015,E-0119,true
RB-CS-003360,RB-C-01584-1,RB-FA-003530,2026-07-31T17:27:41.000Z,2026-08-05T15:55:12.000Z,Voice,Fee Inquiry,Monthly Maintenance,Closed,Medium,false,4,8.8,BR-015,E-0083,false
RB-CS-003361,RB-C-01584-1,RB-FA-003530,2025-10-17T13:19:06.000Z,2025-10-17T18:29:38.000Z,Branch,Account Access,MFA,Closed,Medium,true,4,15.5,BR-015,E-0078,false
RB-CS-003362,RB-C-01585-1,RB-FA-003532,2025-11-08T11:23:25.000Z,2025-11-11T16:27:32.000Z,Chat,Fee Inquiry,ATM Fee,Closed,Low,false,,16.2,BR-004,E-0069,false
RB-CS-003363,RB-C-01585-1,RB-FA-003532,2025-03-18T10:20:27.000Z,2025-03-18T14:40:20.000Z,Voice,Payments,Bill Pay,Closed,Low,true,,15.5,BR-004,E-0115,true
RB-CS-003364,RB-C-01585-1,RB-FA-003532,2025-07-16T18:38:02.000Z,2025-07-16T08:58:30.000Z,Chat,Fraud,Card Compromised,Closed,Low,true,5,3.9,BR-004,E-0075,false
RB-CS-003365,RB-C-01585-1,RB-FA-003532,2026-05-19T11:24:30.000Z,2026-05-19T16:30:54.000Z,Chat,Product Question,Eligibility,Closed,Medium,true,,8.2,BR-004,E-0130,false
RB-CS-003366,RB-C-01586-1,RB-FA-003533,2024-09-21T11:20:45.000Z,2024-09-21T13:02:30.000Z,Mobile App,Account Access,Password Reset,Closed,Low,true,3,18.8,BR-018,E-0096,true
RB-CS-003367,RB-C-01587-1,RB-FA-003538,2025-03-07T10:36:31.000Z,2025-03-28T16:06:12.000Z,Chat,Card Dispute,Duplicate Charge,Closed,Low,false,,8.5,BR-023,E-0133,false
RB-CS-003368,RB-C-01588-1,RB-FA-003539,2026-01-23T09:52:19.000Z,2026-02-03T15:45:24.000Z,Voice,Card Dispute,Unrecognized Charge,Closed,Low,false,3,6.4,BR-001,E-0086,false
RB-CS-003369,RB-C-01589-1,RB-FA-003540,2026-06-03T09:19:19.000Z,2026-06-03T10:15:10.000Z,Voice,Fee Inquiry,Monthly Maintenance,Closed,Medium,true,3,12.4,BR-018,E-0133,false
RB-CS-003370,RB-C-01590-1,RB-FA-003541,2024-11-24T13:12:22.000Z,2024-12-10T13:52:54.000Z,Email,Product Question,Eligibility,Closed,Low,false,,17.1,BR-004,E-0091,true
RB-CS-003371,RB-C-01590-1,RB-FA-003542,2025-06-24T10:28:50.000Z,2025-06-24T09:28:37.000Z,Mobile App,Card Dispute,Unrecognized Charge,Closed,Low,true,,17.3,BR-004,E-0075,true
RB-CS-003372,RB-C-01591-1,RB-FA-003544,2024-09-26T17:28:24.000Z,2024-10-17T08:00:18.000Z,Chat,Payments,Failed Transfer,Closed,Medium,false,,30.6,BR-007,E-0118,true
RB-CS-003373,RB-C-01591-1,RB-FA-003544,2025-08-06T17:51:06.000Z,2025-08-06T15:35:43.000Z,Chat,Account Access,Password Reset,Closed,Medium,true,1,13.4,BR-007,E-0105,true
RB-CS-003374,RB-C-01591-1,RB-FA-003544,2026-04-01T11:52:28.000Z,2026-04-01T08:26:37.000Z,Chat,Account Access,MFA,Closed,Low,true,,11.0,BR-007,E-0138,true
RB-CS-003375,RB-C-01591-1,RB-FA-003544,2025-11-16T14:02:55.000Z,,Mobile App,Account Access,MFA,Escalated,Medium,true,5,6.9,BR-007,E-0082,false
RB-CS-003376,RB-C-01591-1,RB-FA-003545,2025-11-26T17:01:26.000Z,2025-11-26T08:52:33.000Z,Email,Account Access,MFA,Closed,Medium,true,,57.9,BR-007,E-0126,true
RB-CS-003377,RB-C-01591-1,RB-FA-003545,2026-01-31T16:12:56.000Z,2026-01-31T14:12:04.000Z,Email,Account Access,MFA,Closed,Low,true,5,17.0,BR-007,E-0113,false
RB-CS-003378,RB-C-01592-1,RB-FA-003547,2026-08-14T17:15:09.000Z,2026-08-14T08:26:38.000Z,Voice,Account Access,Password Reset,Closed,High,true,2,9.9,BR-011,E-0123,false
RB-CS-003379,RB-C-01592-1,RB-FA-003548,2026-03-14T09:04:25.000Z,2026-03-14T16:25:52.000Z,Mobile App,Payments,Failed Transfer,Closed,Low,true,,11.3,BR-011,E-0109,true
RB-CS-003380,RB-C-01593-1,RB-FA-003551,2025-10-03T09:27:15.000Z,2025-10-03T12:25:44.000Z,Branch,Account Access,MFA,Closed,High,true,,13.4,BR-004,E-0075,true
RB-CS-003381,RB-C-01595-1,RB-FA-003554,2024-12-23T10:16:20.000Z,2024-12-23T14:06:15.000Z,Mobile App,Account Access,Password Reset,Closed,Medium,true,4,8.3,BR-002,E-0066,true
RB-CS-003382,RB-C-01595-1,RB-FA-003554,2024-09-30T18:54:05.000Z,2024-09-30T17:35:57.000Z,Voice,Card Dispute,Duplicate Charge,Closed,Low,true,3,9.0,BR-002,E-0063,false
RB-CS-003383,RB-C-01596-1,RB-FA-003557,2024-11-02T09:13:53.000Z,2024-11-02T08:14:20.000Z,Voice,Fraud,Card Compromised,Closed,Medium,true,4,21.3,BR-013,E-0116,true
RB-CS-003384,RB-C-01596-1,RB-FA-003557,2026-04-18T11:09:34.000Z,2026-04-22T12:18:58.000Z,Mobile App,Product Question,Rates,Closed,Medium,false,5,9.5,BR-013,E-0066,false
RB-CS-003385,RB-C-01597-1,RB-FA-003559,2024-10-27T08:02:43.000Z,,Chat,Fee Inquiry,Overdraft Fee,Escalated,Low,true,5,10.4,BR-008,E-0076,false
RB-CS-003386,RB-C-01597-1,RB-FA-003559,2025-05-08T08:08:28.000Z,,Mobile App,Payments,Bill Pay,In Progress,Medium,true,2,9.1,BR-008,E-0102,false
RB-CS-003387,RB-C-01597-1,RB-FA-003559,2026-07-28T09:14:30.000Z,2026-07-28T07:02:12.000Z,Branch,Fee Inquiry,ATM Fee,Closed,Low,true,3,12.0,BR-008,E-0099,false
RB-CS-003388,RB-C-01597-1,RB-FA-003560,2025-11-23T10:02:05.000Z,2025-11-23T07:52:41.000Z,Chat,Account Access,MFA,Closed,Medium,true,4,8.8,BR-008,E-0127,false
RB-CS-003389,RB-C-01597-1,RB-FA-003560,2026-01-26T17:58:19.000Z,2026-02-01T19:24:03.000Z,Voice,Product Question,Rates,Closed,Low,false,2,12.7,BR-008,E-0063,false
RB-CS-003390,RB-C-01597-1,RB-FA-003560,2025-01-06T16:41:57.000Z,2025-01-06T18:59:36.000Z,Branch,Account Access,Password Reset,Closed,Medium,true,4,12.1,BR-008,E-0064,true
RB-CS-003391,RB-C-01597-1,RB-FA-003560,2026-06-23T18:52:42.000Z,2026-06-23T13:07:15.000Z,Chat,Fee Inquiry,ATM Fee,Closed,Medium,true,5,6.4,BR-008,E-0106,true
RB-CS-003392,RB-C-01598-1,RB-FA-003561,2025-02-12T09:04:16.000Z,2025-02-21T09:18:25.000Z,Voice,Fee Inquiry,Overdraft Fee,Closed,Low,false,5,12.5,BR-010,E-0069,false
RB-CS-003393,RB-C-01598-1,RB-FA-003562,2024-12-28T09:10:54.000Z,2024-12-28T19:30:33.000Z,Mobile App,Product Question,Rates,Closed,Low,true,3,7.1,BR-010,E-0139,false
RB-CS-003394,RB-C-01599-1,RB-FA-003563,2025-04-12T09:35:11.000Z,2025-04-12T14:56:54.000Z,Voice,Fee Inquiry,Monthly Maintenance,Closed,High,true,,8.4,BR-025,E-0128,true
RB-CS-003395,RB-C-01600-1,RB-FA-003564,2024-10-20T13:43:07.000Z,2024-10-29T11:33:04.000Z,Voice,Payments,Bill Pay,Closed,Low,false,3,20.8,BR-014,E-0138,false
RB-CS-003396,RB-C-01600-1,RB-FA-003564,2024-11-23T18:28:36.000Z,2024-11-27T08:08:05.000Z,Chat,Fee Inquiry,Monthly Maintenance,Closed,High,false,,16.9,BR-014,E-0104,true
RB-CS-003397,RB-C-01600-1,RB-FA-003564,2025-06-22T19:56:57.000Z,2025-06-22T15:27:53.000Z,Chat,Account Access,MFA,Closed,Low,true,,5.1,BR-014,E-0123,true
RB-CS-003398,RB-C-01601-1,RB-FA-003566,2024-12-09T19:33:37.000Z,2024-12-17T12:50:30.000Z,Chat,Fraud,Card Compromised,Closed,Low,false,3,6.1,BR-023,E-0109,true
RB-CS-003399,RB-C-01602-1,RB-FA-003567,2025-04-27T08:34:54.000Z,2025-04-27T19:03:11.000Z,Email,Account Access,MFA,Closed,Medium,true,,11.9,BR-008,E-0120,false
RB-CS-003400,RB-C-01602-1,RB-FA-003567,2025-04-15T10:23:07.000Z,2025-04-15T13:03:34.000Z,Voice,Account Access,Locked Account,Closed,Medium,true,5,15.6,BR-008,E-0091,false
RB-CS-003401,RB-C-01602-1,RB-FA-003567,2025-12-21T16:20:47.000Z,2025-12-31T11:40:36.000Z,Mobile App,Fee Inquiry,Monthly Maintenance,Closed,Medium,false,3,8.8,BR-008,E-0084,false
RB-CS-003402,RB-C-01602-1,RB-FA-003567,2024-12-08T16:53:10.000Z,2024-12-08T16:52:21.000Z,Mobile App,Fraud,Account Takeover,Closed,Low,true,4,16.9,BR-008,E-0101,false
RB-CS-003403,RB-C-01602-1,RB-FA-003568,2026-08-22T07:58:39.000Z,,Email,Fee Inquiry,Monthly Maintenance,In Progress,Low,false,,12.4,BR-008,E-0111,false
RB-CS-003404,RB-C-01602-1,RB-FA-003569,2025-09-16T07:04:33.000Z,2025-09-16T16:40:29.000Z,Mobile App,Payments,Failed Transfer,Closed,High,true,,9.9,BR-008,E-0122,true
RB-CS-003405,RB-C-01603-1,RB-FA-003571,2025-01-11T11:51:06.000Z,2025-01-11T12:59:52.000Z,Mobile App,Product Question,Rates,Closed,Medium,true,2,33.8,BR-001,E-0069,false
RB-CS-003406,RB-C-01604-1,RB-FA-003572,2026-04-26T12:54:05.000Z,2026-04-26T10:55:33.000Z,Chat,Fee Inquiry,ATM Fee,Closed,High,true,,9.6,BR-005,E-0088,false
RB-CS-003407,RB-C-01606-1,RB-FA-003577,2025-12-08T07:26:01.000Z,,Mobile App,Payments,Wire Status,Escalated,Low,true,,6.8,BR-016,E-0061,true
RB-CS-003408,RB-C-01609-1,RB-FA-003583,2024-11-08T19:20:31.000Z,,Voice,Card Dispute,Unrecognized Charge,Escalated,Low,false,,16.8,BR-027,E-0107,false
RB-CS-003409,RB-C-01609-1,RB-FA-003584,2025-05-27T10:32:09.000Z,2025-05-27T17:32:22.000Z,Chat,Account Access,Locked Account,Closed,High,true,4,5.7,BR-027,E-0134,false
RB-CS-003410,RB-C-01610-1,RB-FA-003587,2026-01-16T15:30:57.000Z,2026-01-16T07:12:14.000Z,Email,Product Question,Rates,Closed,Low,true,,26.4,BR-025,E-0107,true
RB-CS-003411,RB-C-01611-1,RB-FA-003588,2024-10-15T12:31:00.000Z,2024-10-15T19:33:43.000Z,Chat,Product Question,Rates,Closed,Low,true,5,9.8,BR-001,E-0065,true
RB-CS-003412,RB-C-01611-1,RB-FA-003588,2025-09-26T18:49:36.000Z,2025-10-08T14:52:54.000Z,Email,Card Dispute,Merchant Refund,Closed,Low,false,4,42.9,BR-001,E-0097,true
RB-CS-003413,RB-C-01612-1,RB-FA-003590,2026-04-02T15:06:19.000Z,2026-04-02T13:56:02.000Z,Email,Fee Inquiry,Monthly Maintenance,Closed,Low,true,1,25.3,BR-022,E-0134,false
RB-CS-003414,RB-C-01612-1,RB-FA-003590,2025-09-25T13:26:24.000Z,2025-09-25T07:16:50.000Z,Voice,Product Question,Rates,Closed,Low,true,,11.1,BR-022,E-0121,true
RB-CS-003415,RB-C-01612-1,RB-FA-003590,2024-11-09T17:41:19.000Z,2024-11-21T09:59:18.000Z,Chat,Account Access,Locked Account,Closed,Low,false,,26.2,BR-022,E-0133,false
RB-CS-003416,RB-C-01612-1,RB-FA-003591,2024-12-21T10:14:41.000Z,2024-12-21T13:02:20.000Z,Mobile App,Product Question,Rates,Closed,Low,true,4,5.9,BR-022,E-0093,true
RB-CS-003417,RB-C-01612-1,RB-FA-003591,2025-07-13T11:43:53.000Z,2025-07-13T12:07:13.000Z,Chat,Account Access,MFA,Closed,Medium,true,4,6.6,BR-022,E-0086,false
RB-CS-003418,RB-C-01612-1,RB-FA-003591,2025-12-17T18:20:53.000Z,,Mobile App,Fraud,Account Takeover,Escalated,Low,true,,19.4,BR-022,E-0080,true
RB-CS-003419,RB-C-01612-1,RB-FA-003591,2025-01-14T09:23:06.000Z,2025-01-14T15:44:12.000Z,Email,Fraud,Account Takeover,Closed,Medium,true,5,14.7,BR-022,E-0080,false
RB-CS-003420,RB-C-01614-1,RB-FA-003595,2025-07-16T15:14:06.000Z,2025-08-05T15:00:52.000Z,Mobile App,Card Dispute,Merchant Refund,Closed,Low,false,,7.3,BR-021,E-0073,true
RB-CS-003421,RB-C-01614-1,RB-FA-003595,2024-10-27T13:53:15.000Z,2024-10-27T16:09:11.000Z,Mobile App,Card Dispute,Duplicate Charge,Closed,Low,true,,14.4,BR-021,E-0087,true
RB-CS-003422,RB-C-01614-1,RB-FA-003595,2025-12-07T16:47:40.000Z,2025-12-07T07:16:54.000Z,Chat,Payments,Wire Status,Closed,Medium,true,,7.0,BR-021,E-0138,false
RB-CS-003423,RB-C-01614-1,RB-FA-003596,2025-01-09T19:47:26.000Z,2025-01-09T11:36:54.000Z,Chat,Product Question,Eligibility,Closed,Medium,true,5,9.6,BR-021,E-0125,false
RB-CS-003424,RB-C-01615-1,RB-FA-003597,2025-12-26T09:50:54.000Z,2025-12-26T12:25:42.000Z,Chat,Fee Inquiry,ATM Fee,Closed,Medium,true,5,9.2,BR-023,E-0114,false
RB-CS-003425,RB-C-01617-1,RB-FA-003600,2026-06-08T08:04:14.000Z,2026-06-08T09:36:30.000Z,Email,Account Access,Locked Account,Closed,Low,true,1,21.9,BR-028,E-0137,true
RB-CS-003426,RB-C-01618-1,RB-FA-003601,2025-03-16T16:53:30.000Z,2025-03-16T16:36:00.000Z,Chat,Card Dispute,Merchant Refund,Closed,Medium,true,2,11.6,BR-012,E-0138,false
RB-CS-003427,RB-C-01618-1,RB-FA-003601,2026-02-25T12:40:15.000Z,,Email,Fee Inquiry,Overdraft Fee,Escalated,Low,true,5,47.6,BR-012,E-0068,false
RB-CS-003428,RB-C-01618-1,RB-FA-003601,2026-01-25T10:53:20.000Z,,Voice,Fraud,Card Compromised,In Progress,Medium,false,5,17.2,BR-012,E-0069,false
RB-CS-003429,RB-C-01618-1,RB-FA-003602,2025-06-09T18:18:10.000Z,2025-06-09T12:51:50.000Z,Voice,Fee Inquiry,Monthly Maintenance,Closed,Medium,true,,4.2,BR-012,E-0063,false
RB-CS-003430,RB-C-01618-1,RB-FA-003602,2025-09-02T13:12:56.000Z,2025-09-02T17:15:54.000Z,Email,Fee Inquiry,Monthly Maintenance,Closed,Medium,true,4,13.1,BR-012,E-0087,false
RB-CS-003431,RB-C-01618-1,RB-FA-003602,2025-08-12T07:22:25.000Z,2025-08-12T10:02:04.000Z,Voice,Fee Inquiry,Overdraft Fee,Closed,Medium,true,,12.2,BR-012,E-0140,false
RB-CS-003432,RB-C-01618-1,RB-FA-003602,2025-11-10T10:46:37.000Z,2025-11-10T07:27:52.000Z,Voice,Product Question,Eligibility,Closed,Medium,true,5,7.0,BR-012,E-0090,false
RB-CS-003433,RB-C-01620-1,RB-FA-003606,2025-03-06T10:56:42.000Z,2025-03-14T18:36:33.000Z,Voice,Card Dispute,Merchant Refund,Closed,High,false,3,14.3,BR-021,E-0126,true
RB-CS-003434,RB-C-01620-1,RB-FA-003606,2025-01-12T15:22:40.000Z,2025-01-12T15:22:15.000Z,Chat,Card Dispute,Duplicate Charge,Closed,Low,true,4,12.3,BR-021,E-0116,false
RB-CS-003435,RB-C-01620-1,RB-FA-003606,2024-12-01T10:38:10.000Z,2024-12-01T12:46:06.000Z,Mobile App,Fee Inquiry,Overdraft Fee,Closed,Medium,true,4,27.6,BR-021,E-0119,true
RB-CS-003436,RB-C-01622-1,RB-FA-003608,2025-11-18T12:52:09.000Z,2025-11-28T15:14:04.000Z,Voice,Fraud,Account Takeover,Closed,Low,false,,11.1,BR-009,E-0071,true
RB-CS-003437,RB-C-01623-1,RB-FA-003611,2025-11-11T11:56:40.000Z,2025-12-02T14:34:55.000Z,Voice,Payments,Wire Status,Closed,Low,false,,11.3,BR-008,E-0111,false
RB-CS-003438,RB-C-01625-1,RB-FA-003616,2026-01-11T13:05:48.000Z,2026-01-11T15:50:31.000Z,Chat,Account Access,Password Reset,Closed,Medium,true,5,10.9,BR-030,E-0069,true
RB-CS-003439,RB-C-01625-1,RB-FA-003616,2026-05-04T16:24:47.000Z,2026-05-04T11:18:25.000Z,Mobile App,Product Question,Eligibility,Closed,Low,true,,22.3,BR-030,E-0115,false
RB-CS-003440,RB-C-01626-1,RB-FA-003618,2024-09-27T15:56:46.000Z,2024-09-27T15:18:19.000Z,Email,Account Access,Password Reset,Closed,Medium,true,,18.7,BR-015,E-0106,true
RB-CS-003441,RB-C-01627-1,RB-FA-003621,2025-06-24T08:35:40.000Z,2025-06-24T19:57:01.000Z,Branch,Fee Inquiry,Overdraft Fee,Closed,Low,true,,13.1,BR-019,E-0135,false
RB-CS-003442,RB-C-01627-1,RB-FA-003623,2026-01-02T16:03:58.000Z,2026-01-02T15:07:09.000Z,Chat,Fee Inquiry,Monthly Maintenance,Closed,Low,true,5,31.0,BR-019,E-0100,false
RB-CS-003443,RB-C-01627-1,RB-FA-003623,2025-04-28T18:53:35.000Z,2025-04-30T19:15:26.000Z,Chat,Account Access,Locked Account,Closed,Medium,false,,10.1,BR-019,E-0091,false
RB-CS-003444,RB-C-01627-1,RB-FA-003623,2025-09-01T19:15:44.000Z,2025-09-01T14:35:42.000Z,Voice,Payments,Bill Pay,Closed,Medium,true,4,10.1,BR-019,E-0134,false
RB-CS-003445,RB-C-01627-1,RB-FA-003623,2025-03-10T16:37:46.000Z,2025-03-17T12:19:17.000Z,Chat,Card Dispute,Duplicate Charge,Closed,Low,false,2,8.2,BR-019,E-0106,false
RB-CS-003446,RB-C-01630-1,RB-FA-003627,2025-04-30T13:16:08.000Z,2025-04-30T16:46:05.000Z,Voice,Fee Inquiry,Monthly Maintenance,Closed,Medium,true,5,8.1,BR-011,E-0121,false
RB-CS-003447,RB-C-01630-1,RB-FA-003627,2026-06-03T18:20:00.000Z,2026-06-03T13:04:58.000Z,Voice,Payments,Bill Pay,Closed,Medium,true,,10.1,BR-011,E-0112,false
RB-CS-003448,RB-C-01630-1,RB-FA-003627,2025-12-25T13:18:48.000Z,,Chat,Card Dispute,Unrecognized Charge,Open,Low,true,,10.2,BR-011,E-0113,true
RB-CS-003449,RB-C-01632-1,RB-FA-003632,2024-09-17T08:59:18.000Z,2024-09-17T14:18:29.000Z,Voice,Account Access,Locked Account,Closed,Low,true,4,8.7,BR-015,E-0136,true
RB-CS-003450,RB-C-01632-1,RB-FA-003633,2025-07-06T11:13:28.000Z,2025-07-06T14:43:26.000Z,Email,Fee Inquiry,Monthly Maintenance,Closed,Low,true,3,33.8,BR-015,E-0087,false
RB-CS-003451,RB-C-01632-1,RB-FA-003633,2026-05-08T13:14:37.000Z,2026-05-08T18:52:01.000Z,Voice,Account Access,Password Reset,Closed,Low,true,2,7.3,BR-015,E-0109,false
RB-CS-003452,RB-C-01632-1,RB-FA-003633,2026-05-07T12:31:36.000Z,,Email,Card Dispute,Merchant Refund,Escalated,High,true,3,42.9,BR-015,E-0134,false
RB-CS-003453,RB-C-01633-1,RB-FA-003634,2026-06-22T16:41:08.000Z,2026-06-26T08:28:23.000Z,Voice,Card Dispute,Unrecognized Charge,Closed,Low,false,,19.2,BR-008,E-0096,false
RB-CS-003454,RB-C-01634-1,RB-FA-003636,2025-07-15T08:04:29.000Z,2025-07-30T17:01:14.000Z,Branch,Product Question,Rates,Closed,Medium,false,2,10.5,BR-018,E-0083,true
RB-CS-003455,RB-C-01637-1,RB-FA-003642,2026-08-24T09:51:46.000Z,2026-08-24T14:26:03.000Z,Chat,Account Access,MFA,Closed,Low,true,,12.4,BR-008,E-0073,true
RB-CS-003456,RB-C-01637-1,RB-FA-003642,2026-05-03T18:53:51.000Z,2026-05-03T11:33:20.000Z,Mobile App,Account Access,Password Reset,Closed,High,true,,10.3,BR-008,E-0093,true
RB-CS-003457,RB-C-01637-1,RB-FA-003642,2025-03-07T14:07:33.000Z,2025-03-07T10:18:50.000Z,Chat,Fee Inquiry,ATM Fee,Closed,Low,true,5,10.6,BR-008,E-0108,true
RB-CS-003458,RB-C-01638-1,RB-FA-003644,2026-07-19T07:15:19.000Z,2026-07-19T15:49:26.000Z,Voice,Fee Inquiry,Overdraft Fee,Closed,High,true,,8.9,BR-015,E-0131,true
RB-CS-003459,RB-C-01638-1,RB-FA-003644,2024-12-17T18:47:29.000Z,2024-12-20T18:21:28.000Z,Chat,Card Dispute,Duplicate Charge,Closed,Low,false,4,4.1,BR-015,E-0070,true
RB-CS-003460,RB-C-01638-1,RB-FA-003644,2026-06-03T17:33:52.000Z,2026-06-03T09:11:36.000Z,Chat,Product Question,Rates,Closed,Medium,true,,15.9,BR-015,E-0065,false
RB-CS-003461,RB-C-01638-1,RB-FA-003644,2026-02-06T10:14:06.000Z,2026-02-27T13:42:46.000Z,Branch,Account Access,Locked Account,Closed,Low,false,,10.3,BR-015,E-0082,true
RB-CS-003462,RB-C-01639-1,RB-FA-003645,2026-08-10T09:17:38.000Z,2026-08-10T19:50:40.000Z,Voice,Fee Inquiry,Monthly Maintenance,Closed,Medium,true,,13.4,BR-011,E-0126,false
RB-CS-003463,RB-C-01639-1,RB-FA-003646,2024-12-17T12:38:59.000Z,2024-12-17T19:56:32.000Z,Mobile App,Card Dispute,Duplicate Charge,Closed,Low,true,,11.8,BR-011,E-0098,false
RB-CS-003464,RB-C-01639-1,RB-FA-003646,2025-08-03T18:06:42.000Z,2025-08-03T18:25:49.000Z,Chat,Payments,Bill Pay,Closed,Low,true,5,7.9,BR-011,E-0112,false
RB-CS-003465,RB-C-01639-1,RB-FA-003646,2025-10-25T07:11:58.000Z,2025-10-25T17:33:12.000Z,Chat,Payments,Failed Transfer,Closed,Low,true,4,11.7,BR-011,E-0138,true
RB-CS-003466,RB-C-01639-1,RB-FA-003647,2025-09-20T10:34:56.000Z,2025-09-20T15:34:16.000Z,Mobile App,Payments,Bill Pay,Closed,Medium,true,,20.3,BR-011,E-0063,false
RB-CS-003467,RB-C-01639-1,RB-FA-003647,2025-02-23T16:52:34.000Z,2025-02-23T10:16:21.000Z,Voice,Account Access,Password Reset,Closed,Medium,true,,13.8,BR-011,E-0068,true
RB-CS-003468,RB-C-01639-1,RB-FA-003647,2024-09-08T16:49:56.000Z,2024-09-08T07:35:52.000Z,Chat,Fee Inquiry,Monthly Maintenance,Closed,Low,true,,14.1,BR-011,E-0113,false
RB-CS-003469,RB-C-01640-1,RB-FA-003648,2025-10-09T17:45:57.000Z,2025-10-20T16:16:29.000Z,Chat,Account Access,Password Reset,Closed,Low,false,,9.5,BR-009,E-0071,false
RB-CS-003470,RB-C-01641-1,RB-FA-003649,2024-09-22T16:23:26.000Z,2024-09-22T18:06:33.000Z,Voice,Account Access,MFA,Closed,Medium,true,,14.7,BR-016,E-0071,true
RB-CS-003471,RB-C-01641-1,RB-FA-003649,2026-05-01T17:18:49.000Z,2026-05-01T18:05:16.000Z,Chat,Card Dispute,Merchant Refund,Closed,Medium,true,,11.3,BR-016,E-0068,false
RB-CS-003472,RB-C-01641-1,RB-FA-003652,2025-09-25T08:14:59.000Z,2025-10-05T08:44:48.000Z,Mobile App,Card Dispute,Unrecognized Charge,Closed,Medium,false,,12.2,BR-016,E-0088,true
RB-CS-003473,RB-C-01642-1,RB-FA-003653,2026-03-05T15:37:42.000Z,2026-03-05T17:35:29.000Z,Voice,Account Access,MFA,Closed,Medium,true,,13.1,BR-008,E-0081,true
RB-CS-003474,RB-C-01643-1,RB-FA-003655,2026-03-14T19:10:25.000Z,2026-03-14T12:33:00.000Z,Voice,Fraud,Card Compromised,Closed,Low,true,4,10.3,BR-020,E-0087,true
RB-CS-003475,RB-C-01643-1,RB-FA-003656,2025-07-13T07:31:02.000Z,2025-07-13T18:09:41.000Z,Voice,Account Access,Password Reset,Closed,Low,true,,18.9,BR-020,E-0070,false
RB-CS-003476,RB-C-01643-1,RB-FA-003657,2025-06-12T13:00:35.000Z,2025-06-27T16:20:42.000Z,Email,Card Dispute,Duplicate Charge,Closed,Low,false,3,57.8,BR-020,E-0089,false
RB-CS-003477,RB-C-01643-1,RB-FA-003657,2025-05-04T12:14:51.000Z,2025-05-04T09:40:59.000Z,Chat,Fee Inquiry,Overdraft Fee,Closed,Medium,true,3,22.4,BR-020,E-0123,true
RB-CS-003478,RB-C-01643-1,RB-FA-003657,2026-02-12T08:14:06.000Z,2026-02-27T17:41:01.000Z,Branch,Card Dispute,Unrecognized Charge,Closed,Medium,false,,3.8,BR-020,E-0116,false
RB-CS-003479,RB-C-01643-1,RB-FA-003658,2025-06-04T16:35:21.000Z,2025-06-04T13:03:11.000Z,Branch,Product Question,Eligibility,Closed,Low,true,,7.6,BR-020,E-0111,false
RB-CS-003480,RB-C-01645-1,RB-FA-003661,2024-10-23T07:25:36.000Z,2024-11-09T10:44:37.000Z,Chat,Account Access,Locked Account,Closed,Medium,false,,3.7,BR-011,E-0102,false
RB-CS-003481,RB-C-01646-1,RB-FA-003662,2024-09-10T13:14:21.000Z,2024-09-10T08:05:01.000Z,Voice,Account Access,MFA,Closed,Low,true,3,8.3,BR-020,E-0088,false
RB-CS-003482,RB-C-01646-1,RB-FA-003662,2024-11-14T17:06:19.000Z,2024-11-14T17:16:16.000Z,Chat,Account Access,Locked Account,Closed,Low,true,,8.0,BR-020,E-0133,false
RB-CS-003483,RB-C-01648-1,RB-FA-003667,2026-05-23T13:58:46.000Z,2026-06-09T14:50:05.000Z,Voice,Card Dispute,Duplicate Charge,Closed,Medium,false,,10.6,BR-018,E-0097,false
RB-CS-003484,RB-C-01648-1,RB-FA-003668,2024-10-10T08:53:42.000Z,,Mobile App,Product Question,Rates,Escalated,Medium,true,,18.6,BR-018,E-0084,false
RB-CS-003485,RB-C-01649-1,RB-FA-003669,2025-07-14T12:11:48.000Z,2025-07-15T08:01:29.000Z,Email,Account Access,Password Reset,Closed,Medium,false,,26.3,BR-022,E-0077,false
RB-CS-003486,RB-C-01649-1,RB-FA-003669,2025-10-31T11:02:36.000Z,2025-10-31T18:43:42.000Z,Chat,Product Question,Rates,Closed,Medium,true,5,15.2,BR-022,E-0127,true
RB-CS-003487,RB-C-01651-1,RB-FA-003674,2026-07-13T18:05:02.000Z,2026-07-13T19:01:54.000Z,Mobile App,Card Dispute,Merchant Refund,Closed,Medium,true,,22.7,BR-025,E-0081,false
RB-CS-003488,RB-C-01651-1,RB-FA-003675,2026-06-01T09:24:05.000Z,2026-06-01T15:29:28.000Z,Voice,Account Access,Locked Account,Closed,Medium,true,,11.4,BR-025,E-0136,false
RB-CS-003489,RB-C-01653-1,RB-FA-003678,2025-06-11T09:43:32.000Z,2025-06-18T15:46:48.000Z,Voice,Fee Inquiry,Monthly Maintenance,Closed,Low,false,,14.6,BR-025,E-0110,false
RB-CS-003490,RB-C-01653-1,RB-FA-003678,2025-12-30T14:51:24.000Z,2025-12-30T15:44:43.000Z,Email,Fraud,Account Takeover,Closed,Low,true,1,11.1,BR-025,E-0126,false
RB-CS-003491,RB-C-01653-1,RB-FA-003678,2025-09-04T11:51:49.000Z,2025-09-12T18:22:35.000Z,Voice,Fraud,Account Takeover,Closed,Low,false,,23.6,BR-025,E-0093,false
RB-CS-003492,RB-C-01653-1,RB-FA-003679,2026-04-14T15:49:28.000Z,2026-04-19T16:10:10.000Z,Branch,Payments,Failed Transfer,Closed,Low,false,1,15.0,BR-025,E-0111,false
RB-CS-003493,RB-C-01654-1,RB-FA-003680,2026-05-17T11:36:28.000Z,2026-05-17T09:41:56.000Z,Chat,Card Dispute,Unrecognized Charge,Closed,Medium,true,5,8.7,BR-006,E-0096,true
RB-CS-003494,RB-C-01655-1,RB-FA-003683,2024-10-12T19:37:17.000Z,2024-10-18T12:00:16.000Z,Chat,Card Dispute,Duplicate Charge,Closed,Medium,false,3,10.5,BR-009,E-0117,true
RB-CS-003495,RB-C-01655-1,RB-FA-003683,2025-05-28T18:20:54.000Z,,Chat,Card Dispute,Duplicate Charge,Escalated,High,false,2,4.8,BR-009,E-0101,false
RB-CS-003496,RB-C-01655-1,RB-FA-003684,2025-01-20T10:06:26.000Z,2025-01-20T17:51:30.000Z,Voice,Fee Inquiry,ATM Fee,Closed,Medium,true,2,11.0,BR-009,E-0123,true
RB-CS-003497,RB-C-01656-1,RB-FA-003685,2026-06-12T09:46:01.000Z,,Voice,Product Question,Rates,Escalated,Low,true,,14.1,BR-013,E-0095,false
RB-CS-003498,RB-C-01656-1,RB-FA-003687,2025-01-02T14:27:43.000Z,2025-01-02T10:02:09.000Z,Voice,Fraud,Card Compromised,Closed,Medium,true,3,16.0,BR-013,E-0101,true
RB-CS-003499,RB-C-01656-1,RB-FA-003687,2024-09-17T16:32:21.000Z,2024-10-03T19:46:02.000Z,Voice,Fee Inquiry,ATM Fee,Closed,Low,false,4,15.6,BR-013,E-0110,true
RB-CS-003500,RB-C-01656-1,RB-FA-003687,2026-01-01T08:27:36.000Z,2026-01-21T16:45:17.000Z,Email,Card Dispute,Unrecognized Charge,Closed,Low,false,,41.0,BR-013,E-0074,false
RB-CS-003501,RB-C-01657-1,RB-FA-003688,2026-08-02T16:39:26.000Z,2026-08-02T07:37:26.000Z,Email,Fraud,Account Takeover,Closed,Medium,true,4,33.0,BR-017,E-0084,true
RB-CS-003502,RB-C-01659-1,RB-FA-003692,2025-08-23T11:53:01.000Z,2025-08-23T16:59:36.000Z,Voice,Fee Inquiry,Monthly Maintenance,Closed,Low,true,,6.9,BR-027,E-0124,false
RB-CS-003503,RB-C-01661-1,RB-FA-003696,2026-03-31T18:01:36.000Z,2026-03-31T17:07:10.000Z,Chat,Payments,Wire Status,Closed,High,true,4,12.5,BR-010,E-0096,true
RB-CS-003504,RB-C-01661-1,RB-FA-003696,2026-06-18T18:59:10.000Z,2026-06-25T11:30:25.000Z,Voice,Fee Inquiry,ATM Fee,Closed,Medium,false,1,7.1,BR-010,E-0130,false
RB-CS-003505,RB-C-01661-1,RB-FA-003696,2025-03-17T10:34:59.000Z,2025-03-17T16:13:40.000Z,Mobile App,Account Access,MFA,Closed,High,true,3,7.3,BR-010,E-0069,false
RB-CS-003506,RB-C-01661-1,RB-FA-003696,2025-10-01T19:22:58.000Z,2025-10-01T12:02:42.000Z,Branch,Fraud,Account Takeover,Closed,Low,true,5,11.1,BR-010,E-0138,false
RB-CS-003507,RB-C-01662-1,RB-FA-003697,2025-01-27T07:41:18.000Z,2025-01-27T18:02:40.000Z,Chat,Account Access,Password Reset,Closed,Low,true,3,8.7,BR-030,E-0083,false
RB-CS-003508,RB-C-01662-1,RB-FA-003697,2025-12-01T12:58:41.000Z,2025-12-21T13:15:10.000Z,Mobile App,Fee Inquiry,Overdraft Fee,Closed,Low,false,1,14.4,BR-030,E-0075,false
RB-CS-003509,RB-C-01662-1,RB-FA-003698,2026-04-22T14:25:10.000Z,2026-05-04T09:05:44.000Z,Voice,Payments,Wire Status,Closed,Medium,false,,31.1,BR-030,E-0101,false
RB-CS-003510,RB-C-01663-1,RB-FA-003699,2024-11-26T12:51:30.000Z,2024-12-12T10:42:08.000Z,Branch,Fee Inquiry,ATM Fee,Closed,Low,false,,7.9,BR-017,E-0111,true
RB-CS-003511,RB-C-01663-1,RB-FA-003700,2026-01-29T10:53:16.000Z,2026-02-12T12:31:11.000Z,Voice,Account Access,Password Reset,Closed,Low,false,,18.0,BR-017,E-0078,false
RB-CS-003512,RB-C-01663-1,RB-FA-003700,2025-02-11T09:55:10.000Z,2025-02-11T08:25:14.000Z,Email,Fee Inquiry,ATM Fee,Closed,Medium,true,4,26.2,BR-017,E-0075,false
RB-CS-003513,RB-C-01663-1,RB-FA-003700,2026-07-03T19:12:49.000Z,2026-07-03T13:39:02.000Z,Voice,Fee Inquiry,Overdraft Fee,Closed,High,true,,16.8,BR-017,E-0067,false
RB-CS-003514,RB-C-01663-1,RB-FA-003701,2025-12-01T18:24:52.000Z,2025-12-19T16:03:19.000Z,Mobile App,Card Dispute,Unrecognized Charge,Closed,Low,false,3,25.1,BR-017,E-0121,false
RB-CS-003515,RB-C-01663-1,RB-FA-003701,2026-02-21T15:06:51.000Z,2026-02-24T10:56:38.000Z,Branch,Card Dispute,Merchant Refund,Closed,Medium,false,5,6.1,BR-017,E-0124,false
RB-CS-003516,RB-C-01663-1,RB-FA-003701,2025-10-11T07:13:40.000Z,2025-10-11T11:52:58.000Z,Voice,Payments,Bill Pay,Closed,Low,true,,11.2,BR-017,E-0110,false
RB-CS-003517,RB-C-01664-1,RB-FA-003702,2025-12-19T09:49:33.000Z,2026-01-05T12:53:30.000Z,Chat,Payments,Bill Pay,Closed,Medium,false,,11.0,BR-020,E-0101,true
RB-CS-003518,RB-C-01664-1,RB-FA-003703,2025-04-12T08:24:00.000Z,2025-04-12T19:16:29.000Z,Chat,Fraud,Account Takeover,Closed,Medium,true,4,6.1,BR-020,E-0131,false
RB-CS-003519,RB-C-01665-1,RB-FA-003705,2025-10-05T14:38:21.000Z,,Chat,Card Dispute,Merchant Refund,In Progress,Low,false,,6.0,BR-019,E-0084,false
RB-CS-003520,RB-C-01665-1,RB-FA-003705,2026-02-12T17:45:38.000Z,2026-02-12T19:01:53.000Z,Voice,Fee Inquiry,ATM Fee,Closed,Low,true,1,9.1,BR-019,E-0096,false
RB-CS-003521,RB-C-01667-1,RB-FA-003709,2026-07-02T09:03:35.000Z,2026-07-17T19:37:48.000Z,Chat,Card Dispute,Merchant Refund,Closed,Low,false,,10.7,BR-017,E-0122,false
RB-CS-003522,RB-C-01668-1,RB-FA-003711,2025-03-29T15:34:08.000Z,2025-03-29T13:56:58.000Z,Voice,Card Dispute,Unrecognized Charge,Closed,Medium,true,5,12.6,BR-003,E-0134,false
RB-CS-003523,RB-C-01669-1,RB-FA-003713,2026-08-11T08:14:19.000Z,2026-08-11T16:50:56.000Z,Email,Account Access,MFA,Closed,Medium,true,5,12.6,BR-020,E-0139,true
RB-CS-003524,RB-C-01669-1,RB-FA-003713,2025-05-14T19:45:57.000Z,2025-05-15T12:12:40.000Z,Mobile App,Account Access,MFA,Closed,Low,false,3,5.7,BR-020,E-0139,false
RB-CS-003525,RB-C-01669-1,RB-FA-003713,2025-04-03T13:31:32.000Z,2025-04-19T18:17:54.000Z,Mobile App,Fraud,Card Compromised,Closed,Low,false,2,13.6,BR-020,E-0066,false
RB-CS-003526,RB-C-01669-1,RB-FA-003714,2024-11-26T15:57:46.000Z,2024-12-02T12:18:59.000Z,Voice,Card Dispute,Duplicate Charge,Closed,Low,false,,7.3,BR-020,E-0132,false
RB-CS-003527,RB-C-01669-1,RB-FA-003714,2025-11-16T09:21:23.000Z,2025-11-16T08:31:01.000Z,Email,Product Question,Rates,Closed,Low,true,,33.3,BR-020,E-0080,false
RB-CS-003528,RB-C-01669-1,RB-FA-003716,2026-05-19T15:39:23.000Z,2026-05-19T12:45:42.000Z,Voice,Card Dispute,Unrecognized Charge,Closed,Medium,true,,5.3,BR-020,E-0133,false
RB-CS-003529,RB-C-01669-1,RB-FA-003716,2026-01-26T16:11:39.000Z,2026-01-26T17:58:57.000Z,Mobile App,Product Question,Eligibility,Closed,Low,true,5,12.3,BR-020,E-0073,false
RB-CS-003530,RB-C-01669-1,RB-FA-003716,2024-10-10T08:46:44.000Z,,Voice,Card Dispute,Duplicate Charge,Escalated,Medium,true,,10.7,BR-020,E-0100,true
RB-CS-003531,RB-C-01670-1,RB-FA-003717,2024-10-11T10:19:32.000Z,2024-10-13T14:48:13.000Z,Chat,Payments,Failed Transfer,Closed,Low,false,2,12.6,BR-004,E-0117,false
RB-CS-003532,RB-C-01670-1,RB-FA-003720,2026-04-09T19:20:43.000Z,2026-04-19T08:57:53.000Z,Voice,Fee Inquiry,Overdraft Fee,Closed,High,false,,7.3,BR-004,E-0135,false
RB-CS-003533,RB-C-01671-1,RB-FA-003721,2026-01-31T16:33:40.000Z,2026-02-19T15:25:47.000Z,Chat,Card Dispute,Duplicate Charge,Closed,Low,false,,9.2,BR-016,E-0128,false
RB-CS-003534,RB-C-01672-1,RB-FA-003722,2025-11-20T19:40:25.000Z,2025-12-07T12:43:47.000Z,Email,Fee Inquiry,Overdraft Fee,Closed,Low,false,2,43.2,BR-012,E-0092,false
RB-CS-003535,RB-C-01673-1,RB-FA-003724,2025-04-29T12:42:43.000Z,2025-05-18T10:27:57.000Z,Voice,Account Access,MFA,Closed,Medium,false,,12.9,BR-013,E-0136,true
RB-CS-003536,RB-C-01674-1,RB-FA-003725,2025-11-26T19:23:59.000Z,2025-11-29T08:04:49.000Z,Voice,Card Dispute,Duplicate Charge,Closed,Low,false,,12.4,BR-017,E-0077,false
RB-CS-003537,RB-C-01674-1,RB-FA-003725,2026-08-02T19:21:42.000Z,2026-08-02T14:37:51.000Z,Chat,Fraud,Card Compromised,Closed,High,true,,27.9,BR-017,E-0104,false
RB-CS-003538,RB-C-01674-1,RB-FA-003725,2024-09-30T10:21:06.000Z,2024-09-30T11:00:22.000Z,Mobile App,Account Access,Locked Account,Closed,Low,true,5,13.6,BR-017,E-0063,true
RB-CS-003539,RB-C-01674-1,RB-FA-003725,2024-10-28T13:16:03.000Z,,Voice,Card Dispute,Unrecognized Charge,Escalated,Low,false,3,8.2,BR-017,E-0119,true
RB-CS-003540,RB-C-01674-1,RB-FA-003727,2026-08-31T14:33:00.000Z,,Chat,Product Question,Rates,Open,Low,true,3,17.2,BR-017,E-0072,false
RB-CS-003541,RB-C-01674-1,RB-FA-003727,2026-06-04T19:48:31.000Z,2026-06-04T19:07:02.000Z,Email,Account Access,Locked Account,Closed,Medium,true,1,22.0,BR-017,E-0134,false
RB-CS-003542,RB-C-01674-1,RB-FA-003727,2024-09-20T17:30:24.000Z,2024-09-20T11:32:39.000Z,Mobile App,Account Access,Locked Account,Closed,Low,true,1,22.0,BR-017,E-0105,false
RB-CS-003543,RB-C-01674-1,RB-FA-003727,2026-04-05T11:13:11.000Z,2026-04-05T17:33:36.000Z,Chat,Account Access,Locked Account,Closed,High,true,,3.9,BR-017,E-0104,true
RB-CS-003544,RB-C-01675-1,RB-FA-003728,2026-01-29T09:04:57.000Z,2026-01-29T07:27:39.000Z,Mobile App,Card Dispute,Duplicate Charge,Closed,Medium,true,4,5.4,BR-018,E-0079,false
RB-CS-003545,RB-C-01676-1,RB-FA-003730,2026-01-02T12:44:03.000Z,2026-01-02T17:58:30.000Z,Voice,Product Question,Eligibility,Closed,Low,true,4,7.7,BR-012,E-0071,false
RB-CS-003546,RB-C-01678-1,RB-FA-003734,2025-11-08T16:03:45.000Z,2025-11-22T11:10:34.000Z,Email,Product Question,Eligibility,Closed,Low,false,,31.7,BR-010,E-0080,false
RB-CS-003547,RB-C-01679-1,RB-FA-003737,2026-04-09T12:05:29.000Z,2026-04-25T09:01:51.000Z,Branch,Fraud,Account Takeover,Closed,Medium,false,3,4.5,BR-001,E-0071,false
RB-CS-003548,RB-C-01679-1,RB-FA-003738,2025-08-07T09:07:13.000Z,2025-08-16T18:36:59.000Z,Branch,Account Access,Locked Account,Closed,Low,false,4,7.9,BR-001,E-0135,true
RB-CS-003549,RB-C-01679-1,RB-FA-003738,2024-11-23T12:19:55.000Z,2024-11-23T15:13:19.000Z,Voice,Fee Inquiry,Monthly Maintenance,Closed,Medium,true,,27.1,BR-001,E-0086,false
RB-CS-003550,RB-C-01679-1,RB-FA-003739,2025-11-07T17:57:23.000Z,2025-11-07T07:30:04.000Z,Email,Payments,Failed Transfer,Closed,High,true,5,27.3,BR-001,E-0091,false
RB-CS-003551,RB-C-01680-1,RB-FA-003740,2026-07-18T12:25:18.000Z,2026-07-18T09:02:42.000Z,Mobile App,Fee Inquiry,Monthly Maintenance,Closed,Low,true,4,15.5,BR-024,E-0140,true
RB-CS-003552,RB-C-01681-1,RB-FA-003744,2026-05-02T09:33:00.000Z,2026-05-02T15:47:45.000Z,Voice,Fraud,Card Compromised,Closed,Low,true,4,12.4,BR-030,E-0110,false
RB-CS-003553,RB-C-01681-1,RB-FA-003744,2025-06-11T15:11:59.000Z,,Voice,Card Dispute,Merchant Refund,In Progress,High,true,,10.0,BR-030,E-0108,false
RB-CS-003554,RB-C-01682-1,RB-FA-003745,2026-02-13T13:52:13.000Z,2026-02-20T15:12:17.000Z,Chat,Card Dispute,Unrecognized Charge,Closed,Low,false,5,10.4,BR-005,E-0065,false
RB-CS-003555,RB-C-01682-1,RB-FA-003746,2025-01-25T12:56:52.000Z,2025-01-25T19:43:10.000Z,Mobile App,Fee Inquiry,Monthly Maintenance,Closed,Medium,true,5,10.1,BR-005,E-0101,false
RB-CS-003556,RB-C-01682-1,RB-FA-003746,2024-12-18T18:38:38.000Z,2024-12-18T09:45:58.000Z,Mobile App,Card Dispute,Unrecognized Charge,Closed,Medium,true,,13.0,BR-005,E-0134,true
RB-CS-003557,RB-C-01682-1,RB-FA-003746,2025-03-19T18:18:18.000Z,2025-03-19T12:22:36.000Z,Branch,Fee Inquiry,Overdraft Fee,Closed,Medium,true,,17.9,BR-005,E-0078,false
RB-CS-003558,RB-C-01682-1,RB-FA-003746,2025-09-13T12:22:04.000Z,2025-10-03T10:46:22.000Z,Chat,Card Dispute,Unrecognized Charge,Closed,Medium,false,,4.4,BR-005,E-0104,true
RB-CS-003559,RB-C-01683-1,RB-FA-003748,2026-07-07T10:28:19.000Z,2026-07-07T11:24:21.000Z,Voice,Payments,Failed Transfer,Closed,Medium,true,3,10.5,BR-014,E-0139,true
RB-CS-003560,RB-C-01685-1,RB-FA-003751,2026-06-28T10:54:12.000Z,2026-06-28T18:28:26.000Z,Email,Account Access,Password Reset,Closed,Low,true,3,23.5,BR-024,E-0094,false
RB-CS-003561,RB-C-01685-1,RB-FA-003751,2025-06-14T08:09:25.000Z,2025-06-28T15:59:47.000Z,Voice,Product Question,Eligibility,Closed,Low,false,5,10.6,BR-024,E-0083,false
RB-CS-003562,RB-C-01685-1,RB-FA-003751,2026-08-12T07:07:18.000Z,2026-08-12T17:08:52.000Z,Voice,Card Dispute,Merchant Refund,Closed,Low,true,5,7.9,BR-024,E-0109,true
RB-CS-003563,RB-C-01686-1,RB-FA-003752,2026-06-19T09:29:53.000Z,2026-07-09T17:50:39.000Z,Branch,Card Dispute,Merchant Refund,Closed,Low,false,3,13.6,BR-019,E-0094,false
RB-CS-003564,RB-C-01686-1,RB-FA-003753,2026-06-29T18:58:12.000Z,2026-06-29T13:15:42.000Z,Voice,Product Question,Eligibility,Closed,Medium,true,,17.0,BR-019,E-0112,true
RB-CS-003565,RB-C-01687-1,RB-FA-003754,2026-01-31T15:40:20.000Z,2026-01-31T08:20:39.000Z,Email,Fee Inquiry,ATM Fee,Closed,Medium,true,1,15.6,BR-028,E-0134,true
RB-CS-003566,RB-C-01687-1,RB-FA-003754,2024-10-19T18:23:44.000Z,2024-10-19T17:31:27.000Z,Voice,Payments,Bill Pay,Closed,Low,true,4,10.9,BR-028,E-0109,false
RB-CS-003567,RB-C-01687-1,RB-FA-003754,2026-08-12T09:01:25.000Z,2026-08-12T08:57:52.000Z,Chat,Fee Inquiry,ATM Fee,Closed,Low,true,3,5.8,BR-028,E-0091,true
RB-CS-003568,RB-C-01687-1,RB-FA-003754,2025-10-06T14:45:18.000Z,2025-10-06T11:01:38.000Z,Chat,Fraud,Card Compromised,Closed,Low,true,,25.8,BR-028,E-0075,false
RB-CS-003569,RB-C-01687-1,RB-FA-003755,2025-12-16T14:10:31.000Z,2025-12-16T09:27:25.000Z,Voice,Card Dispute,Merchant Refund,Closed,Low,true,5,29.3,BR-028,E-0107,false
RB-CS-003570,RB-C-01689-1,RB-FA-003758,2024-12-10T07:15:09.000Z,2024-12-10T08:30:09.000Z,Mobile App,Payments,Bill Pay,Closed,Medium,true,,6.0,BR-022,E-0120,true
RB-CS-003571,RB-C-01689-1,RB-FA-003758,2025-04-15T07:53:18.000Z,2025-04-23T09:45:10.000Z,Email,Card Dispute,Duplicate Charge,Closed,Medium,false,,18.7,BR-022,E-0063,false
RB-CS-003572,RB-C-01690-1,RB-FA-003760,2025-05-24T09:59:16.000Z,2025-05-24T16:09:46.000Z,Branch,Payments,Wire Status,Closed,Medium,true,,12.1,BR-002,E-0117,false
RB-CS-003573,RB-C-01691-1,RB-FA-003762,2024-12-17T14:30:20.000Z,2024-12-17T10:10:52.000Z,Mobile App,Account Access,MFA,Closed,Medium,true,5,9.1,BR-025,E-0113,false
RB-CS-003574,RB-C-01691-1,RB-FA-003762,2026-03-31T19:08:08.000Z,,Chat,Card Dispute,Merchant Refund,Open,Low,true,5,11.9,BR-025,E-0100,false
RB-CS-003575,RB-C-01691-1,RB-FA-003762,2024-11-14T12:27:25.000Z,2024-11-14T19:08:32.000Z,Voice,Payments,Wire Status,Closed,Low,true,5,4.7,BR-025,E-0139,false
RB-CS-003576,RB-C-01692-1,RB-FA-003765,2026-01-16T08:54:55.000Z,2026-01-16T19:07:22.000Z,Email,Fraud,Account Takeover,Closed,Medium,true,2,42.5,BR-022,E-0110,false
RB-CS-003577,RB-C-01694-1,RB-FA-003769,2025-03-06T17:02:51.000Z,2025-03-06T12:09:06.000Z,Chat,Payments,Failed Transfer,Closed,Low,true,,8.8,BR-003,E-0091,false
RB-CS-003578,RB-C-01694-1,RB-FA-003769,2025-07-31T19:07:07.000Z,2025-07-31T16:56:24.000Z,Chat,Card Dispute,Unrecognized Charge,Closed,Low,true,3,35.0,BR-003,E-0063,false
RB-CS-003579,RB-C-01694-1,RB-FA-003770,2026-02-07T14:06:31.000Z,2026-02-07T17:22:34.000Z,Email,Account Access,MFA,Closed,Low,true,4,16.8,BR-003,E-0062,true
RB-CS-003580,RB-C-01696-1,RB-FA-003773,2024-11-08T15:02:28.000Z,2024-11-08T09:09:48.000Z,Voice,Product Question,Rates,Closed,Low,true,,4.6,BR-018,E-0082,true
RB-CS-003581,RB-C-01696-1,RB-FA-003774,2025-09-12T07:45:02.000Z,2025-09-12T07:23:07.000Z,Chat,Account Access,Password Reset,Closed,Low,true,3,15.2,BR-018,E-0120,false
RB-CS-003582,RB-C-01696-1,RB-FA-003774,2026-04-19T14:08:58.000Z,2026-04-19T14:28:33.000Z,Mobile App,Account Access,MFA,Closed,Low,true,,5.2,BR-018,E-0117,false
RB-CS-003583,RB-C-01696-1,RB-FA-003776,2026-02-09T18:50:50.000Z,2026-03-02T14:19:29.000Z,Chat,Fraud,Account Takeover,Closed,High,false,2,9.6,BR-018,E-0131,true
RB-CS-003584,RB-C-01697-1,RB-FA-003777,2025-01-31T14:01:27.000Z,2025-01-31T07:47:14.000Z,Voice,Fee Inquiry,Overdraft Fee,Closed,Medium,true,4,17.5,BR-012,E-0068,true
RB-CS-003585,RB-C-01697-1,RB-FA-003777,2025-06-21T18:43:53.000Z,2025-06-21T15:11:40.000Z,Chat,Fraud,Account Takeover,Closed,Low,true,,5.8,BR-012,E-0069,true
RB-CS-003586,RB-C-01698-1,RB-FA-003778,2025-12-22T19:35:26.000Z,2025-12-22T17:53:31.000Z,Voice,Fee Inquiry,ATM Fee,Closed,Low,true,,17.1,BR-004,E-0133,false
RB-CS-003587,RB-C-01698-1,RB-FA-003778,2025-10-26T08:05:12.000Z,2025-10-26T12:35:32.000Z,Chat,Fee Inquiry,Overdraft Fee,Closed,Medium,true,,6.0,BR-004,E-0095,true
RB-CS-003588,RB-C-01698-1,RB-FA-003778,2025-08-15T14:13:24.000Z,2025-08-26T10:26:54.000Z,Chat,Card Dispute,Duplicate Charge,Closed,Low,false,2,9.8,BR-004,E-0077,true
RB-CS-003589,RB-C-01699-1,RB-FA-003779,2026-02-20T17:44:51.000Z,,Email,Product Question,Eligibility,In Progress,High,true,,29.4,BR-012,E-0093,true
RB-CS-003590,RB-C-01699-1,RB-FA-003779,2026-01-17T10:32:08.000Z,2026-01-20T09:11:32.000Z,Mobile App,Card Dispute,Unrecognized Charge,Closed,Low,false,4,7.0,BR-012,E-0070,true
RB-CS-003591,RB-C-01700-1,RB-FA-003780,2026-07-30T07:33:04.000Z,2026-07-30T19:29:31.000Z,Mobile App,Card Dispute,Merchant Refund,Closed,Low,true,,7.2,BR-010,E-0071,false
RB-CS-003592,RB-C-01702-1,RB-FA-003784,2025-01-28T19:53:59.000Z,2025-01-28T17:06:20.000Z,Branch,Fee Inquiry,Overdraft Fee,Closed,Low,true,5,18.7,BR-004,E-0088,false
RB-CS-003593,RB-C-01705-1,RB-FA-003788,2026-08-05T10:42:53.000Z,2026-08-05T09:46:23.000Z,Voice,Payments,Failed Transfer,Closed,Low,true,4,8.3,BR-027,E-0099,false
RB-CS-003594,RB-C-01708-1,RB-FA-003791,2025-08-22T17:17:59.000Z,,Voice,Product Question,Eligibility,In Progress,Medium,true,4,12.7,BR-004,E-0087,false
RB-CS-003595,RB-C-01710-1,RB-FA-003795,2025-08-02T17:48:10.000Z,2025-08-09T14:59:47.000Z,Chat,Card Dispute,Duplicate Charge,Closed,Low,false,,14.1,BR-030,E-0124,false
RB-CS-003596,RB-C-01710-1,RB-FA-003796,2026-06-22T14:59:08.000Z,2026-06-22T08:16:15.000Z,Chat,Account Access,MFA,Closed,Low,true,,2.5,BR-030,E-0138,false
RB-CS-003597,RB-C-01710-1,RB-FA-003796,2024-09-08T18:22:30.000Z,2024-09-08T15:50:08.000Z,Email,Card Dispute,Duplicate Charge,Closed,Low,true,5,29.6,BR-030,E-0112,false
RB-CS-003598,RB-C-01711-1,RB-FA-003797,2025-09-04T17:16:11.000Z,2025-09-10T11:19:33.000Z,Chat,Fee Inquiry,ATM Fee,Closed,Medium,false,,7.1,BR-030,E-0126,false
RB-CS-003599,RB-C-01711-1,RB-FA-003798,2026-04-05T18:37:14.000Z,2026-04-05T14:03:42.000Z,Chat,Fee Inquiry,Overdraft Fee,Closed,Medium,true,,10.1,BR-030,E-0121,true
RB-CS-003600,RB-C-01711-1,RB-FA-003798,2025-12-19T19:11:02.000Z,2025-12-19T11:16:12.000Z,Voice,Product Question,Eligibility,Closed,Low,true,,34.7,BR-030,E-0075,true
RB-CS-003601,RB-C-01711-1,RB-FA-003798,2025-10-16T08:48:36.000Z,2025-10-16T13:41:22.000Z,Chat,Account Access,Password Reset,Closed,Medium,true,,13.0,BR-030,E-0092,false
RB-CS-003602,RB-C-01711-1,RB-FA-003799,2025-11-21T15:19:10.000Z,2025-11-21T09:39:46.000Z,Voice,Account Access,Locked Account,Closed,Medium,true,4,22.0,BR-030,E-0073,true
RB-CS-003603,RB-C-01711-1,RB-FA-003799,2026-07-05T10:56:30.000Z,,Email,Fraud,Card Compromised,Open,Medium,true,3,16.5,BR-030,E-0073,false
RB-CS-003604,RB-C-01711-1,RB-FA-003800,2026-03-04T15:22:10.000Z,2026-03-04T09:32:42.000Z,Voice,Fraud,Account Takeover,Closed,Low,true,5,9.2,BR-030,E-0124,true
RB-CS-003605,RB-C-01711-1,RB-FA-003800,2025-04-05T10:05:44.000Z,,Chat,Fee Inquiry,Monthly Maintenance,In Progress,Low,true,5,14.2,BR-030,E-0070,false
RB-CS-003606,RB-C-01712-1,RB-FA-003802,2026-05-03T18:57:48.000Z,2026-05-03T07:57:02.000Z,Voice,Account Access,Password Reset,Closed,Medium,true,5,8.8,BR-003,E-0131,false
RB-CS-003607,RB-C-01712-1,RB-FA-003802,2025-11-07T19:58:13.000Z,,Chat,Fraud,Account Takeover,Escalated,Low,true,4,9.5,BR-003,E-0129,false
RB-CS-003608,RB-C-01712-1,RB-FA-003803,2025-06-20T12:38:34.000Z,2025-06-29T10:18:46.000Z,Voice,Account Access,Password Reset,Closed,Low,false,1,9.9,BR-003,E-0083,false
RB-CS-003609,RB-C-01712-1,RB-FA-003803,2025-11-28T12:51:40.000Z,2025-12-06T16:54:37.000Z,Voice,Fee Inquiry,Monthly Maintenance,Closed,Low,false,,23.4,BR-003,E-0062,false
RB-CS-003610,RB-C-01712-1,RB-FA-003803,2026-06-16T19:39:49.000Z,2026-06-18T18:48:02.000Z,Mobile App,Card Dispute,Merchant Refund,Closed,High,false,,9.9,BR-003,E-0127,false
RB-CS-003611,RB-C-01713-1,RB-FA-003804,2024-09-28T07:42:50.000Z,2024-09-30T08:49:28.000Z,Branch,Account Access,Locked Account,Closed,Low,false,,7.4,BR-027,E-0115,true
RB-CS-003612,RB-C-01714-1,RB-FA-003808,2026-05-23T08:15:20.000Z,2026-05-23T11:20:59.000Z,Email,Account Access,Locked Account,Closed,Low,true,4,27.6,BR-015,E-0077,false
RB-CS-003613,RB-C-01715-1,RB-FA-003809,2025-08-21T07:47:10.000Z,2025-08-21T08:59:26.000Z,Chat,Fee Inquiry,Overdraft Fee,Closed,Medium,true,,20.6,BR-009,E-0096,true
RB-CS-003614,RB-C-01715-1,RB-FA-003809,2026-05-16T11:03:18.000Z,2026-05-27T16:19:28.000Z,Branch,Payments,Failed Transfer,Closed,Medium,false,2,6.0,BR-009,E-0076,false
RB-CS-003615,RB-C-01715-1,RB-FA-003810,2026-05-09T09:13:37.000Z,,Voice,Account Access,Locked Account,Escalated,Low,true,,10.1,BR-009,E-0109,false
RB-CS-003616,RB-C-01716-1,RB-FA-003811,2024-10-09T10:57:14.000Z,2024-10-09T19:12:14.000Z,Voice,Fee Inquiry,Overdraft Fee,Closed,Low,true,3,20.9,BR-010,E-0121,false
RB-CS-003617,RB-C-01717-1,RB-FA-003812,2026-05-11T16:26:16.000Z,2026-05-11T13:27:09.000Z,Branch,Card Dispute,Duplicate Charge,Closed,Low,true,4,8.8,BR-029,E-0071,false
RB-CS-003618,RB-C-01718-1,RB-FA-003814,2026-04-08T17:25:48.000Z,2026-04-08T16:17:39.000Z,Voice,Payments,Failed Transfer,Closed,Medium,true,,7.3,BR-016,E-0134,true
RB-CS-003619,RB-C-01719-1,RB-FA-003815,2025-01-23T10:41:31.000Z,2025-01-23T14:58:46.000Z,Chat,Payments,Bill Pay,Closed,High,true,4,21.5,BR-014,E-0073,false
RB-CS-003620,RB-C-01719-1,RB-FA-003815,2025-06-25T13:46:02.000Z,2025-06-28T13:07:07.000Z,Voice,Fee Inquiry,Monthly Maintenance,Closed,Medium,false,1,6.3,BR-014,E-0088,false
RB-CS-003621,RB-C-01719-1,RB-FA-003815,2024-09-10T08:27:27.000Z,2024-09-10T13:44:06.000Z,Mobile App,Product Question,Eligibility,Closed,Low,true,,9.9,BR-014,E-0062,true
RB-CS-003622,RB-C-01720-1,RB-FA-003819,2026-05-17T18:21:22.000Z,2026-05-17T07:21:18.000Z,Email,Fee Inquiry,ATM Fee,Closed,Medium,true,,18.0,BR-020,E-0134,false
RB-CS-003623,RB-C-01720-1,RB-FA-003819,2026-06-16T14:09:39.000Z,2026-06-16T09:45:09.000Z,Chat,Card Dispute,Duplicate Charge,Closed,Low,true,,12.6,BR-020,E-0135,false
RB-CS-003624,RB-C-01720-1,RB-FA-003819,2025-06-07T09:10:15.000Z,2025-06-15T13:44:17.000Z,Branch,Fraud,Account Takeover,Closed,Medium,false,,11.4,BR-020,E-0073,false
RB-CS-003625,RB-C-01720-1,RB-FA-003819,2025-11-22T08:45:57.000Z,2025-11-22T19:45:22.000Z,Chat,Fee Inquiry,Overdraft Fee,Closed,Low,true,4,4.0,BR-020,E-0109,false
RB-CS-003626,RB-C-01721-1,RB-FA-003821,2026-04-26T09:22:01.000Z,,Email,Account Access,MFA,Escalated,Low,true,,32.9,BR-011,E-0115,true
RB-CS-003627,RB-C-01722-1,RB-FA-003822,2026-05-04T19:33:43.000Z,2026-05-04T14:18:29.000Z,Chat,Fee Inquiry,Monthly Maintenance,Closed,Low,true,4,18.0,BR-006,E-0067,false
RB-CS-003628,RB-C-01723-1,RB-FA-003824,2026-05-26T09:05:16.000Z,2026-06-06T18:50:31.000Z,Branch,Fee Inquiry,Overdraft Fee,Closed,Medium,false,,12.7,BR-024,E-0091,false
RB-CS-003629,RB-C-01723-1,RB-FA-003825,2026-07-26T07:57:39.000Z,2026-08-06T08:29:02.000Z,Voice,Account Access,Locked Account,Closed,Low,false,1,12.2,BR-024,E-0092,false
RB-CS-003630,RB-C-01724-1,RB-FA-003826,2025-09-05T12:27:09.000Z,2025-09-05T14:25:00.000Z,Chat,Fee Inquiry,Overdraft Fee,Closed,Medium,true,5,14.6,BR-020,E-0132,false
RB-CS-003631,RB-C-01724-1,RB-FA-003829,2026-07-28T09:43:00.000Z,2026-07-28T10:31:18.000Z,Chat,Card Dispute,Unrecognized Charge,Closed,Medium,true,,13.7,BR-020,E-0075,false
RB-CS-003632,RB-C-01725-1,RB-FA-003831,2025-01-13T18:10:01.000Z,2025-01-13T16:49:50.000Z,Chat,Payments,Bill Pay,Closed,High,true,,5.1,BR-008,E-0112,false
RB-CS-003633,RB-C-01726-1,RB-FA-003832,2025-01-12T14:40:49.000Z,2025-01-12T17:15:04.000Z,Voice,Payments,Failed Transfer,Closed,Medium,true,5,21.8,BR-005,E-0105,true
RB-CS-003634,RB-C-01726-1,RB-FA-003832,2025-02-19T13:59:32.000Z,2025-02-19T13:00:29.000Z,Voice,Card Dispute,Unrecognized Charge,Closed,Low,true,,9.4,BR-005,E-0074,false
RB-CS-003635,RB-C-01726-1,RB-FA-003832,2024-10-19T17:17:46.000Z,2024-10-19T10:07:58.000Z,Mobile App,Account Access,MFA,Closed,Medium,true,3,9.3,BR-005,E-0071,true
RB-CS-003636,RB-C-01726-1,RB-FA-003833,2026-07-11T17:20:54.000Z,2026-07-11T07:49:12.000Z,Chat,Fee Inquiry,ATM Fee,Closed,Medium,true,,7.2,BR-005,E-0115,false
RB-CS-003637,RB-C-01726-1,RB-FA-003833,2025-02-27T18:34:43.000Z,2025-03-17T17:21:07.000Z,Voice,Account Access,MFA,Closed,Medium,false,2,9.0,BR-005,E-0064,false
RB-CS-003638,RB-C-01726-1,RB-FA-003833,2025-01-23T19:51:34.000Z,2025-02-11T11:42:29.000Z,Voice,Account Access,Password Reset,Closed,Low,false,2,10.6,BR-005,E-0119,true
RB-CS-003639,RB-C-01726-1,RB-FA-003834,2026-06-11T13:59:26.000Z,,Chat,Fraud,Account Takeover,In Progress,Low,true,5,17.9,BR-005,E-0095,false
RB-CS-003640,RB-C-01729-1,RB-FA-003839,2026-06-09T08:40:00.000Z,2026-06-09T12:38:02.000Z,Voice,Fee Inquiry,ATM Fee,Closed,Low,true,2,20.2,BR-010,E-0067,false
RB-CS-003641,RB-C-01729-1,RB-FA-003839,2026-02-08T07:31:02.000Z,2026-02-08T15:41:05.000Z,Email,Fee Inquiry,ATM Fee,Closed,Medium,true,5,16.7,BR-010,E-0079,true
RB-CS-003642,RB-C-01729-1,RB-FA-003839,2026-04-24T15:52:09.000Z,2026-04-24T11:54:51.000Z,Voice,Product Question,Rates,Closed,Medium,true,4,7.4,BR-010,E-0116,true
RB-CS-003643,RB-C-01729-1,RB-FA-003839,2025-06-16T07:56:24.000Z,2025-06-16T12:43:50.000Z,Voice,Fee Inquiry,Monthly Maintenance,Closed,Medium,true,,25.6,BR-010,E-0074,false
RB-CS-003644,RB-C-01730-1,RB-FA-003841,2024-12-13T10:55:44.000Z,2024-12-13T12:55:06.000Z,Email,Card Dispute,Merchant Refund,Closed,Medium,true,,48.3,BR-015,E-0090,true
RB-CS-003645,RB-C-01732-1,RB-FA-003844,2025-09-28T17:28:08.000Z,2025-09-28T17:50:58.000Z,Email,Account Access,MFA,Closed,Low,true,1,29.2,BR-030,E-0126,true
RB-CS-003646,RB-C-01733-1,RB-FA-003845,2025-02-13T12:45:24.000Z,2025-02-25T16:10:46.000Z,Branch,Card Dispute,Duplicate Charge,Closed,Low,false,1,19.4,BR-015,E-0068,false
RB-CS-003647,RB-C-01733-1,RB-FA-003847,2024-12-13T08:42:27.000Z,2024-12-13T14:15:51.000Z,Voice,Fee Inquiry,Overdraft Fee,Closed,Low,true,,6.9,BR-015,E-0090,false
RB-CS-003648,RB-C-01734-1,RB-FA-003850,2026-06-14T11:41:51.000Z,2026-06-14T13:04:38.000Z,Mobile App,Account Access,Password Reset,Closed,Low,true,3,5.8,BR-002,E-0099,true
RB-CS-003649,RB-C-01734-1,RB-FA-003850,2025-10-13T10:01:18.000Z,2025-10-13T15:44:27.000Z,Voice,Card Dispute,Merchant Refund,Closed,Low,true,,17.9,BR-002,E-0128,true
RB-CS-003650,RB-C-01734-1,RB-FA-003850,2025-08-17T15:56:39.000Z,2025-08-27T09:28:19.000Z,Mobile App,Card Dispute,Unrecognized Charge,Closed,Medium,false,,13.7,BR-002,E-0139,true
RB-CS-003651,RB-C-01734-1,RB-FA-003850,2026-01-22T16:19:39.000Z,2026-02-03T08:23:56.000Z,Email,Card Dispute,Merchant Refund,Closed,High,false,2,44.6,BR-002,E-0066,false
RB-CS-003652,RB-C-01735-1,RB-FA-003851,2026-06-04T15:10:56.000Z,2026-06-11T08:55:19.000Z,Voice,Account Access,MFA,Closed,Medium,false,,24.2,BR-007,E-0093,true
RB-CS-003653,RB-C-01735-1,RB-FA-003851,2025-10-29T08:01:39.000Z,2025-10-29T10:07:27.000Z,Voice,Card Dispute,Unrecognized Charge,Closed,Medium,true,,12.4,BR-007,E-0069,false
RB-CS-003654,RB-C-01735-1,RB-FA-003851,2026-01-13T11:09:45.000Z,,Mobile App,Card Dispute,Duplicate Charge,Open,Medium,false,,8.1,BR-007,E-0073,true
RB-CS-003655,RB-C-01735-1,RB-FA-003851,2025-09-08T18:33:05.000Z,2025-09-08T15:18:14.000Z,Mobile App,Card Dispute,Merchant Refund,Closed,Low,true,,14.2,BR-007,E-0095,true
RB-CS-003656,RB-C-01736-1,RB-FA-003855,2026-07-16T16:18:37.000Z,2026-07-16T07:45:29.000Z,Mobile App,Account Access,MFA,Closed,Medium,true,5,6.9,BR-001,E-0071,true
RB-CS-003657,RB-C-01736-1,RB-FA-003855,2026-01-03T07:41:39.000Z,2026-01-21T14:49:04.000Z,Email,Fee Inquiry,Monthly Maintenance,Closed,Low,false,,32.0,BR-001,E-0090,false
RB-CS-003658,RB-C-01736-1,RB-FA-003855,2025-03-30T08:32:02.000Z,2025-03-30T19:20:06.000Z,Voice,Fee Inquiry,Overdraft Fee,Closed,High,true,4,9.3,BR-001,E-0091,false
RB-CS-003659,RB-C-01737-1,RB-FA-003856,2025-06-24T15:48:20.000Z,2025-06-26T07:50:59.000Z,Chat,Card Dispute,Merchant Refund,Closed,High,false,5,4.8,BR-001,E-0111,false
RB-CS-003660,RB-C-01737-1,RB-FA-003856,2025-08-26T16:14:30.000Z,2025-09-01T18:06:11.000Z,Chat,Card Dispute,Unrecognized Charge,Closed,Low,false,,27.2,BR-001,E-0104,false
RB-CS-003661,RB-C-01738-1,RB-FA-003857,2024-12-08T13:05:46.000Z,2024-12-08T08:26:00.000Z,Voice,Product Question,Rates,Closed,Low,true,,5.1,BR-017,E-0065,true
RB-CS-003662,RB-C-01740-1,RB-FA-003860,2026-04-14T15:04:51.000Z,2026-04-14T09:46:00.000Z,Voice,Product Question,Eligibility,Closed,Low,true,,13.4,BR-011,E-0086,false
RB-CS-003663,RB-C-01740-1,RB-FA-003860,2024-11-26T18:59:19.000Z,2024-11-26T18:54:06.000Z,Email,Product Question,Eligibility,Closed,High,true,5,70.2,BR-011,E-0076,true
RB-CS-003664,RB-C-01740-1,RB-FA-003860,2026-01-29T16:20:16.000Z,2026-01-29T12:19:31.000Z,Voice,Account Access,Locked Account,Closed,Medium,true,4,12.2,BR-011,E-0139,false
RB-CS-003665,RB-C-01740-1,RB-FA-003860,2026-01-19T12:34:46.000Z,,Email,Fee Inquiry,Monthly Maintenance,Open,Medium,true,2,5.9,BR-011,E-0103,true
RB-CS-003666,RB-C-01740-1,RB-FA-003861,2025-10-17T19:43:32.000Z,2025-11-06T15:38:54.000Z,Email,Fee Inquiry,Overdraft Fee,Closed,Low,false,,30.9,BR-011,E-0119,true
RB-CS-003667,RB-C-01741-1,RB-FA-003862,2025-01-24T17:04:39.000Z,2025-02-05T07:54:19.000Z,Chat,Account Access,Locked Account,Closed,Medium,false,4,15.1,BR-005,E-0130,true
RB-CS-003668,RB-C-01741-1,RB-FA-003863,2024-12-18T12:56:02.000Z,2025-01-01T07:18:20.000Z,Voice,Fraud,Card Compromised,Closed,Medium,false,4,4.3,BR-005,E-0130,true
RB-CS-003669,RB-C-01743-1,RB-FA-003867,2026-05-02T10:11:49.000Z,2026-05-02T10:07:49.000Z,Voice,Account Access,Locked Account,Closed,Low,true,,11.9,BR-022,E-0098,true
RB-CS-003670,RB-C-01743-1,RB-FA-003868,2025-04-02T18:18:26.000Z,2025-04-06T13:18:56.000Z,Chat,Product Question,Eligibility,Closed,Low,false,,8.5,BR-022,E-0068,false
RB-CS-003671,RB-C-01743-1,RB-FA-003868,2025-03-26T12:18:01.000Z,2025-04-03T08:40:29.000Z,Voice,Account Access,Locked Account,Closed,Low,false,5,5.9,BR-022,E-0087,true
RB-CS-003672,RB-C-01743-1,RB-FA-003868,2026-07-01T07:30:44.000Z,2026-07-01T13:58:21.000Z,Chat,Fee Inquiry,ATM Fee,Closed,Low,true,,11.9,BR-022,E-0092,false
RB-CS-003673,RB-C-01743-1,RB-FA-003868,2025-10-27T17:01:58.000Z,2025-11-07T08:41:23.000Z,Mobile App,Card Dispute,Unrecognized Charge,Closed,Medium,false,1,9.1,BR-022,E-0073,true
RB-CS-003674,RB-C-01744-1,RB-FA-003869,2026-08-22T12:04:37.000Z,2026-08-22T18:26:00.000Z,Chat,Fee Inquiry,Overdraft Fee,Closed,Medium,true,,7.9,BR-011,E-0087,false
RB-CS-003675,RB-C-01744-1,RB-FA-003870,2025-02-14T11:58:33.000Z,2025-02-18T11:30:13.000Z,Email,Account Access,Password Reset,Closed,Medium,false,,46.8,BR-011,E-0064,true
RB-CS-003676,RB-C-01744-1,RB-FA-003871,2025-09-28T12:20:30.000Z,2025-10-06T07:24:57.000Z,Voice,Card Dispute,Unrecognized Charge,Closed,Medium,false,3,19.0,BR-011,E-0089,false
RB-CS-003677,RB-C-01745-1,RB-FA-003872,2026-07-29T08:36:19.000Z,2026-08-10T15:24:49.000Z,Voice,Card Dispute,Duplicate Charge,Closed,Low,false,,16.3,BR-014,E-0116,false
RB-CS-003678,RB-C-01745-1,RB-FA-003872,2025-01-09T07:03:33.000Z,2025-01-09T09:40:35.000Z,Chat,Account Access,Locked Account,Closed,Low,true,1,11.4,BR-014,E-0126,true
RB-CS-003679,RB-C-01745-1,RB-FA-003872,2025-08-18T14:26:50.000Z,2025-08-18T18:15:11.000Z,Chat,Account Access,Locked Account,Closed,Low,true,5,25.0,BR-014,E-0094,false
RB-CS-003680,RB-C-01746-1,RB-FA-003873,2026-03-17T19:42:05.000Z,2026-03-17T15:44:22.000Z,Email,Fraud,Card Compromised,Closed,Medium,true,,18.0,BR-013,E-0123,false
RB-CS-003681,RB-C-01747-1,RB-FA-003874,2026-01-28T11:59:07.000Z,2026-01-28T12:17:36.000Z,Mobile App,Card Dispute,Merchant Refund,Closed,High,true,,19.9,BR-002,E-0087,true
RB-CS-003682,RB-C-01747-1,RB-FA-003875,2024-10-09T09:32:05.000Z,2024-10-23T13:19:27.000Z,Voice,Payments,Failed Transfer,Closed,Low,false,,6.4,BR-002,E-0118,true
RB-CS-003683,RB-C-01747-1,RB-FA-003875,2025-10-17T11:28:28.000Z,2025-10-27T19:28:36.000Z,Chat,Payments,Bill Pay,Closed,High,false,3,25.9,BR-002,E-0085,true
RB-CS-003684,RB-C-01747-1,RB-FA-003875,2026-03-05T12:31:34.000Z,2026-03-05T11:38:34.000Z,Voice,Product Question,Eligibility,Closed,Low,true,4,6.9,BR-002,E-0103,false
RB-CS-003685,RB-C-01747-1,RB-FA-003875,2025-04-01T17:28:25.000Z,2025-04-01T15:26:26.000Z,Chat,Account Access,MFA,Closed,Medium,true,,5.3,BR-002,E-0138,false
RB-CS-003686,RB-C-01748-1,RB-FA-003876,2025-10-01T16:35:00.000Z,2025-10-01T07:02:41.000Z,Email,Fee Inquiry,ATM Fee,Closed,Medium,true,4,27.9,BR-001,E-0131,false
RB-CS-003687,RB-C-01748-1,RB-FA-003876,2024-12-30T18:48:23.000Z,2025-01-07T09:37:24.000Z,Chat,Payments,Failed Transfer,Closed,Low,false,1,15.0,BR-001,E-0127,true
RB-CS-003688,RB-C-01748-1,RB-FA-003877,2024-09-05T18:53:13.000Z,,Chat,Account Access,Password Reset,Escalated,Medium,true,3,3.1,BR-001,E-0109,false
RB-CS-003689,RB-C-01748-1,RB-FA-003878,2024-10-18T19:44:01.000Z,2024-11-02T17:19:25.000Z,Mobile App,Account Access,Password Reset,Closed,Medium,false,,7.5,BR-001,E-0066,false
RB-CS-003690,RB-C-01749-1,RB-FA-003881,2026-03-04T11:52:28.000Z,2026-03-04T19:47:24.000Z,Voice,Card Dispute,Merchant Refund,Closed,Medium,true,,18.6,BR-029,E-0118,false
RB-CS-003691,RB-C-01750-1,RB-FA-003883,2024-10-01T09:22:22.000Z,,Voice,Payments,Bill Pay,Open,Medium,true,5,8.9,BR-027,E-0137,true
RB-CS-003692,RB-C-01751-1,RB-FA-003885,2024-09-29T14:45:06.000Z,2024-09-29T14:41:27.000Z,Email,Account Access,MFA,Closed,High,true,5,23.2,BR-004,E-0099,false
RB-CS-003693,RB-C-01751-1,RB-FA-003886,2025-09-14T10:27:24.000Z,2025-09-14T11:15:30.000Z,Chat,Product Question,Rates,Closed,Low,true,5,13.5,BR-004,E-0115,false
RB-CS-003694,RB-C-01752-1,RB-FA-003889,2026-02-01T09:36:12.000Z,2026-02-11T19:41:14.000Z,Chat,Product Question,Eligibility,Closed,Low,false,3,8.2,BR-025,E-0103,false
RB-CS-003695,RB-C-01753-1,RB-FA-003890,2024-11-30T12:24:24.000Z,2024-12-07T11:51:28.000Z,Voice,Fraud,Account Takeover,Closed,Low,false,,13.2,BR-019,E-0121,false
RB-CS-003696,RB-C-01754-1,RB-FA-003893,2025-04-10T08:45:05.000Z,2025-04-10T12:37:57.000Z,Chat,Product Question,Rates,Closed,Medium,true,3,4.4,BR-029,E-0098,false
RB-CS-003697,RB-C-01755-1,RB-FA-003894,2026-02-03T19:20:38.000Z,2026-02-03T11:47:31.000Z,Chat,Payments,Wire Status,Closed,Medium,true,,13.9,BR-015,E-0122,false
RB-CS-003698,RB-C-01755-1,RB-FA-003895,2025-06-27T10:12:14.000Z,2025-06-28T15:13:20.000Z,Voice,Product Question,Eligibility,Closed,Low,false,,22.2,BR-015,E-0116,false
RB-CS-003699,RB-C-01755-1,RB-FA-003896,2025-07-23T09:22:19.000Z,2025-07-23T07:26:49.000Z,Voice,Fee Inquiry,Monthly Maintenance,Closed,High,true,5,15.8,BR-015,E-0105,false
RB-CS-003700,RB-C-01755-1,RB-FA-003897,2025-05-01T11:39:14.000Z,2025-05-17T09:43:35.000Z,Voice,Card Dispute,Unrecognized Charge,Closed,Low,false,3,14.5,BR-015,E-0089,true
RB-CS-003701,RB-C-01755-1,RB-FA-003897,2025-03-28T07:46:13.000Z,2025-04-10T10:48:08.000Z,Chat,Card Dispute,Duplicate Charge,Closed,Medium,false,,12.5,BR-015,E-0094,false
RB-CS-003702,RB-C-01756-1,RB-FA-003898,2026-03-16T14:51:50.000Z,2026-03-16T17:31:42.000Z,Voice,Account Access,Password Reset,Closed,Medium,true,3,17.8,BR-010,E-0065,true
RB-CS-003703,RB-C-01757-1,RB-FA-003899,2025-03-29T18:39:03.000Z,2025-03-29T18:20:08.000Z,Voice,Card Dispute,Unrecognized Charge,Closed,Low,true,,4.4,BR-019,E-0113,false
RB-CS-003704,RB-C-01757-1,RB-FA-003899,2026-07-26T07:11:17.000Z,2026-08-13T15:08:39.000Z,Voice,Account Access,Locked Account,Closed,Low,false,,11.2,BR-019,E-0126,true
RB-CS-003705,RB-C-01757-1,RB-FA-003899,2026-03-07T10:21:42.000Z,2026-03-07T14:14:29.000Z,Voice,Card Dispute,Merchant Refund,Closed,High,true,4,13.0,BR-019,E-0106,false
RB-CS-003706,RB-C-01757-1,RB-FA-003900,2024-12-25T08:56:01.000Z,2024-12-25T09:24:02.000Z,Voice,Fraud,Account Takeover,Closed,Low,true,1,7.1,BR-019,E-0073,false
RB-CS-003707,RB-C-01758-1,RB-FA-003901,2026-07-27T09:42:18.000Z,2026-07-27T10:53:59.000Z,Voice,Fee Inquiry,Monthly Maintenance,Closed,Medium,true,,21.5,BR-012,E-0110,true
RB-CS-003708,RB-C-01758-1,RB-FA-003903,2025-07-29T19:38:35.000Z,2025-08-02T08:25:31.000Z,Voice,Account Access,Locked Account,Closed,Medium,false,1,10.8,BR-012,E-0119,false
RB-CS-003709,RB-C-01759-1,RB-FA-003904,2026-06-16T11:23:12.000Z,2026-07-03T15:34:10.000Z,Mobile App,Card Dispute,Duplicate Charge,Closed,Medium,false,1,8.0,BR-003,E-0125,true
RB-CS-003710,RB-C-01759-1,RB-FA-003904,2025-03-30T12:17:25.000Z,2025-04-20T15:53:22.000Z,Branch,Card Dispute,Unrecognized Charge,Closed,Medium,false,,16.7,BR-003,E-0092,false
RB-CS-003711,RB-C-01759-1,RB-FA-003905,2026-02-11T09:38:29.000Z,2026-02-11T12:20:21.000Z,Email,Account Access,Locked Account,Closed,Low,true,,27.1,BR-003,E-0087,false
RB-CS-003712,RB-C-01761-1,RB-FA-003908,2025-04-29T14:30:18.000Z,2025-05-06T09:01:51.000Z,Voice,Account Access,Password Reset,Closed,Low,false,4,10.5,BR-018,E-0069,true
RB-CS-003713,RB-C-01761-1,RB-FA-003908,2024-10-31T08:01:59.000Z,2024-10-31T12:34:04.000Z,Chat,Product Question,Rates,Closed,Low,true,5,12.1,BR-018,E-0064,false
RB-CS-003714,RB-C-01761-1,RB-FA-003909,2025-06-11T08:18:27.000Z,2025-06-11T09:48:31.000Z,Voice,Fee Inquiry,Overdraft Fee,Closed,High,true,4,7.7,BR-018,E-0076,false
RB-CS-003715,RB-C-01761-1,RB-FA-003909,2025-03-17T09:16:37.000Z,2025-03-17T13:04:32.000Z,Branch,Fee Inquiry,Overdraft Fee,Closed,Low,true,5,17.5,BR-018,E-0109,false
RB-CS-003716,RB-C-01761-1,RB-FA-003910,2026-07-23T15:22:22.000Z,2026-07-23T16:16:34.000Z,Chat,Fee Inquiry,Monthly Maintenance,Closed,Medium,true,3,13.2,BR-018,E-0102,false
RB-CS-003717,RB-C-01762-1,RB-FA-003911,2025-03-11T16:34:59.000Z,2025-03-28T16:56:59.000Z,Chat,Fraud,Card Compromised,Closed,Medium,false,,11.3,BR-019,E-0131,false
RB-CS-003718,RB-C-01763-1,RB-FA-003912,2025-12-27T13:50:59.000Z,2025-12-27T13:02:48.000Z,Voice,Fraud,Card Compromised,Closed,High,true,4,9.0,BR-004,E-0093,false
RB-CS-003719,RB-C-01763-1,RB-FA-003913,2026-03-15T07:38:01.000Z,2026-03-15T08:03:18.000Z,Email,Fraud,Account Takeover,Closed,Low,true,3,27.1,BR-004,E-0104,false
RB-CS-003720,RB-C-01763-1,RB-FA-003914,2025-07-21T07:03:36.000Z,2025-07-21T10:20:45.000Z,Branch,Product Question,Rates,Closed,Low,true,,8.5,BR-004,E-0103,true
RB-CS-003721,RB-C-01763-1,RB-FA-003915,2026-01-09T17:48:23.000Z,2026-01-09T12:44:46.000Z,Email,Fraud,Account Takeover,Closed,Low,true,,15.8,BR-004,E-0120,true
RB-CS-003722,RB-C-01764-1,RB-FA-003916,2024-11-30T15:40:03.000Z,2024-11-30T19:10:19.000Z,Email,Fraud,Account Takeover,Closed,Low,true,,24.3,BR-017,E-0075,false
RB-CS-003723,RB-C-01764-1,RB-FA-003916,2026-05-06T12:28:17.000Z,2026-05-06T16:10:26.000Z,Branch,Fee Inquiry,Monthly Maintenance,Closed,Medium,true,4,7.8,BR-017,E-0091,true
RB-CS-003724,RB-C-01764-1,RB-FA-003916,2026-07-24T09:58:28.000Z,2026-07-24T08:33:43.000Z,Voice,Card Dispute,Duplicate Charge,Closed,Medium,true,4,18.1,BR-017,E-0102,false
RB-CS-003725,RB-C-01764-1,RB-FA-003916,2026-03-02T09:33:42.000Z,2026-03-02T16:42:14.000Z,Voice,Fraud,Card Compromised,Closed,High,true,5,8.7,BR-017,E-0082,false
RB-CS-003726,RB-C-01764-1,RB-FA-003918,2026-01-22T09:18:59.000Z,2026-01-22T11:03:11.000Z,Chat,Payments,Failed Transfer,Closed,Low,true,,7.6,BR-017,E-0110,true
RB-CS-003727,RB-C-01764-1,RB-FA-003918,2026-03-06T11:46:59.000Z,,Voice,Account Access,Locked Account,Escalated,Low,true,5,10.4,BR-017,E-0068,false
RB-CS-003728,RB-C-01764-1,RB-FA-003918,2025-06-29T15:30:22.000Z,2025-06-29T13:34:28.000Z,Voice,Account Access,Password Reset,Closed,Low,true,,5.6,BR-017,E-0068,false
RB-CS-003729,RB-C-01764-1,RB-FA-003918,2025-02-27T13:44:26.000Z,2025-02-27T13:05:58.000Z,Voice,Fee Inquiry,Monthly Maintenance,Closed,Low,true,,15.8,BR-017,E-0115,false
RB-CS-003730,RB-C-01764-1,RB-FA-003919,2024-11-12T08:30:59.000Z,,Mobile App,Card Dispute,Unrecognized Charge,Escalated,Medium,true,,9.5,BR-017,E-0095,false
RB-CS-003731,RB-C-01764-1,RB-FA-003919,2024-09-19T07:12:40.000Z,2024-09-19T17:17:06.000Z,Voice,Account Access,MFA,Closed,Low,true,5,7.4,BR-017,E-0112,false
RB-CS-003732,RB-C-01764-1,RB-FA-003919,2025-08-23T09:23:35.000Z,2025-09-03T13:14:07.000Z,Mobile App,Payments,Failed Transfer,Closed,Medium,false,3,7.9,BR-017,E-0088,false
RB-CS-003733,RB-C-01764-1,RB-FA-003919,2025-07-17T14:56:56.000Z,,Voice,Fraud,Card Compromised,Escalated,Medium,true,,3.8,BR-017,E-0078,false
RB-CS-003734,RB-C-01766-1,RB-FA-003923,2025-11-22T07:13:35.000Z,2025-11-22T18:42:24.000Z,Chat,Fee Inquiry,ATM Fee,Closed,Low,true,4,9.7,BR-030,E-0135,false
RB-CS-003735,RB-C-01766-1,RB-FA-003923,2026-06-19T08:31:14.000Z,2026-06-19T10:58:16.000Z,Branch,Account Access,Password Reset,Closed,Medium,true,2,17.7,BR-030,E-0139,false
RB-CS-003736,RB-C-01766-1,RB-FA-003923,2025-08-07T07:02:16.000Z,2025-08-07T17:58:19.000Z,Voice,Account Access,Locked Account,Closed,Low,true,,11.5,BR-030,E-0097,false
RB-CS-003737,RB-C-01766-1,RB-FA-003923,2024-12-30T16:58:25.000Z,2024-12-30T07:09:53.000Z,Voice,Product Question,Eligibility,Closed,Low,true,5,15.6,BR-030,E-0133,true
RB-CS-003738,RB-C-01767-1,RB-FA-003924,2026-01-24T14:41:45.000Z,2026-01-24T08:37:56.000Z,Chat,Payments,Bill Pay,Closed,High,true,,9.4,BR-004,E-0069,true
RB-CS-003739,RB-C-01767-1,RB-FA-003925,2025-07-16T13:16:29.000Z,,Voice,Product Question,Rates,In Progress,Low,false,1,13.6,BR-004,E-0084,true
RB-CS-003740,RB-C-01768-1,RB-FA-003926,2025-02-11T08:24:48.000Z,2025-02-11T09:30:47.000Z,Mobile App,Fee Inquiry,ATM Fee,Closed,Medium,true,,23.0,BR-007,E-0107,false
RB-CS-003741,RB-C-01768-1,RB-FA-003927,2024-10-31T07:51:08.000Z,2024-10-31T14:06:34.000Z,Voice,Product Question,Rates,Closed,Low,true,,9.2,BR-007,E-0140,true
RB-CS-003742,RB-C-01768-1,RB-FA-003927,2025-10-28T18:24:12.000Z,,Mobile App,Fraud,Card Compromised,In Progress,Medium,false,4,16.0,BR-007,E-0085,false
RB-CS-003743,RB-C-01769-1,RB-FA-003928,2026-04-24T10:59:19.000Z,2026-05-11T09:31:02.000Z,Email,Fee Inquiry,Overdraft Fee,Closed,Low,false,5,12.6,BR-030,E-0064,false
RB-CS-003744,RB-C-01769-1,RB-FA-003929,2024-10-02T15:29:13.000Z,2024-10-02T14:43:55.000Z,Voice,Fee Inquiry,Monthly Maintenance,Closed,Low,true,,12.4,BR-030,E-0130,false
RB-CS-003745,RB-C-01770-1,RB-FA-003931,2025-01-01T19:53:11.000Z,2025-01-01T07:53:17.000Z,Chat,Product Question,Rates,Closed,Medium,true,3,15.5,BR-004,E-0122,false
RB-CS-003746,RB-C-01771-1,RB-FA-003932,2026-08-22T11:18:13.000Z,2026-08-22T07:21:09.000Z,Voice,Product Question,Rates,Closed,Medium,true,,9.1,BR-028,E-0075,false
RB-CS-003747,RB-C-01772-1,RB-FA-003935,2026-03-16T16:11:07.000Z,2026-03-17T17:03:53.000Z,Email,Product Question,Rates,Closed,Medium,false,,13.7,BR-024,E-0063,false
RB-CS-003748,RB-C-01772-1,RB-FA-003935,2026-05-14T15:57:00.000Z,2026-05-14T14:37:19.000Z,Chat,Account Access,MFA,Closed,Medium,true,,12.0,BR-024,E-0073,false
RB-CS-003749,RB-C-01772-1,RB-FA-003935,2025-03-20T19:18:56.000Z,2025-03-20T13:56:14.000Z,Voice,Fee Inquiry,Overdraft Fee,Closed,Medium,true,,8.5,BR-024,E-0072,true
RB-CS-003750,RB-C-01772-1,RB-FA-003935,2025-01-15T16:34:51.000Z,,Mobile App,Fee Inquiry,Monthly Maintenance,Escalated,Low,true,,6.2,BR-024,E-0084,false
RB-CS-003751,RB-C-01773-1,RB-FA-003937,2026-04-23T09:23:56.000Z,2026-05-05T10:14:05.000Z,Mobile App,Account Access,Locked Account,Closed,Medium,false,,33.0,BR-022,E-0116,true
RB-CS-003752,RB-C-01773-1,RB-FA-003939,2026-03-13T14:35:19.000Z,2026-03-13T17:41:29.000Z,Branch,Fee Inquiry,ATM Fee,Closed,Low,true,,32.5,BR-022,E-0127,false
RB-CS-003753,RB-C-01774-1,RB-FA-003942,2024-10-06T15:50:24.000Z,,Chat,Fee Inquiry,Monthly Maintenance,In Progress,High,false,2,8.9,BR-013,E-0124,false
RB-CS-003754,RB-C-01775-1,RB-FA-003943,2024-10-24T16:51:14.000Z,,Voice,Account Access,MFA,In Progress,Medium,true,,16.0,BR-014,E-0090,true
RB-CS-003755,RB-C-01775-1,RB-FA-003943,2025-09-14T12:09:29.000Z,2025-09-14T09:40:56.000Z,Voice,Fraud,Card Compromised,Closed,Medium,true,5,9.6,BR-014,E-0128,true
RB-CS-003756,RB-C-01775-1,RB-FA-003943,2024-09-03T14:45:20.000Z,2024-09-08T14:09:51.000Z,Voice,Card Dispute,Unrecognized Charge,Closed,Low,false,5,14.6,BR-014,E-0066,false
RB-CS-003757,RB-C-01775-1,RB-FA-003943,2024-10-01T11:56:15.000Z,2024-10-14T19:48:29.000Z,Chat,Fraud,Card Compromised,Closed,Low,false,,15.7,BR-014,E-0139,false
RB-CS-003758,RB-C-01776-1,RB-FA-003944,2025-02-18T17:08:02.000Z,2025-02-18T12:23:59.000Z,Chat,Account Access,Password Reset,Closed,Medium,true,,15.1,BR-006,E-0082,false
RB-CS-003759,RB-C-01776-1,RB-FA-003944,2025-10-20T07:30:35.000Z,2025-10-20T07:03:31.000Z,Branch,Fraud,Card Compromised,Closed,Medium,true,,20.9,BR-006,E-0097,true
RB-CS-003760,RB-C-01776-1,RB-FA-003944,2026-05-30T10:13:02.000Z,2026-05-30T13:09:58.000Z,Chat,Account Access,Locked Account,Closed,Low,true,5,5.0,BR-006,E-0082,false
RB-CS-003761,RB-C-01777-1,RB-FA-003947,2026-03-25T08:03:09.000Z,2026-03-25T16:29:06.000Z,Voice,Account Access,Locked Account,Closed,Low,true,3,15.3,BR-020,E-0083,false
RB-CS-003762,RB-C-01777-1,RB-FA-003947,2025-09-21T07:38:22.000Z,2025-09-21T16:38:46.000Z,Voice,Payments,Failed Transfer,Closed,Low,true,,12.8,BR-020,E-0072,false
RB-CS-003763,RB-C-01777-1,RB-FA-003947,2024-11-02T15:45:28.000Z,2024-11-02T09:52:40.000Z,Chat,Account Access,Locked Account,Closed,Low,true,,15.5,BR-020,E-0113,true
RB-CS-003764,RB-C-01777-1,RB-FA-003948,2025-07-15T18:28:47.000Z,2025-07-21T07:09:32.000Z,Voice,Card Dispute,Unrecognized Charge,Closed,Low,false,2,15.6,BR-020,E-0138,false
RB-CS-003765,RB-C-01777-1,RB-FA-003949,2026-03-23T16:13:20.000Z,2026-03-23T18:24:16.000Z,Chat,Product Question,Eligibility,Closed,High,true,5,13.2,BR-020,E-0077,false
RB-CS-003766,RB-C-01778-1,RB-FA-003951,2026-04-17T17:31:18.000Z,2026-04-17T10:08:47.000Z,Chat,Card Dispute,Duplicate Charge,Closed,Medium,true,4,15.4,BR-022,E-0070,true
RB-CS-003767,RB-C-01778-1,RB-FA-003951,2025-02-18T14:18:33.000Z,2025-03-09T17:53:34.000Z,Email,Account Access,Locked Account,Closed,Low,false,,46.0,BR-022,E-0107,false
RB-CS-003768,RB-C-01778-1,RB-FA-003952,2025-02-23T17:34:53.000Z,,Branch,Account Access,MFA,Escalated,Low,false,,5.8,BR-022,E-0110,true
RB-CS-003769,RB-C-01780-1,RB-FA-003956,2025-05-21T08:08:31.000Z,2025-05-21T10:09:16.000Z,Chat,Card Dispute,Unrecognized Charge,Closed,Low,true,3,25.0,BR-024,E-0067,false
RB-CS-003770,RB-C-01781-1,RB-FA-003957,2026-08-01T09:20:54.000Z,2026-08-01T19:31:54.000Z,Mobile App,Fee Inquiry,ATM Fee,Closed,High,true,,5.4,BR-028,E-0086,false
RB-CS-003771,RB-C-01781-1,RB-FA-003958,2026-03-11T18:08:03.000Z,2026-03-11T11:44:13.000Z,Email,Payments,Wire Status,Closed,Low,true,4,13.9,BR-028,E-0092,false
RB-CS-003772,RB-C-01783-1,RB-FA-003963,2026-05-12T15:50:22.000Z,2026-05-12T17:37:52.000Z,Voice,Payments,Bill Pay,Closed,Low,true,,8.5,BR-026,E-0102,true
RB-CS-003773,RB-C-01783-1,RB-FA-003964,2025-06-10T16:42:33.000Z,2025-06-17T10:11:20.000Z,Chat,Fee Inquiry,ATM Fee,Closed,Low,false,2,7.5,BR-026,E-0085,true
RB-CS-003774,RB-C-01783-1,RB-FA-003965,2025-11-18T12:39:34.000Z,2025-11-18T17:37:00.000Z,Mobile App,Card Dispute,Merchant Refund,Closed,Low,true,,13.2,BR-026,E-0090,false
RB-CS-003775,RB-C-01783-1,RB-FA-003965,2025-03-07T09:15:32.000Z,2025-03-07T09:59:00.000Z,Chat,Account Access,Locked Account,Closed,High,true,5,12.9,BR-026,E-0100,false
RB-CS-003776,RB-C-01783-1,RB-FA-003965,2024-11-28T17:14:44.000Z,2024-11-28T14:40:49.000Z,Chat,Payments,Bill Pay,Closed,Medium,true,3,6.8,BR-026,E-0114,true
RB-CS-003777,RB-C-01784-1,RB-FA-003966,2026-01-26T14:15:32.000Z,2026-01-26T13:11:45.000Z,Email,Card Dispute,Duplicate Charge,Closed,Low,true,5,32.5,BR-009,E-0118,false
RB-CS-003778,RB-C-01784-1,RB-FA-003966,2026-08-21T12:55:45.000Z,,Branch,Payments,Wire Status,Open,Medium,false,,7.0,BR-009,E-0117,true
RB-CS-003779,RB-C-01784-1,RB-FA-003966,2026-06-04T17:05:31.000Z,2026-06-04T07:48:11.000Z,Chat,Fraud,Account Takeover,Closed,Low,true,4,13.2,BR-009,E-0114,false
RB-CS-003780,RB-C-01785-1,RB-FA-003969,2024-11-18T17:01:36.000Z,2024-11-20T08:09:56.000Z,Voice,Card Dispute,Duplicate Charge,Closed,Medium,false,,11.4,BR-002,E-0112,false
RB-CS-003781,RB-C-01785-1,RB-FA-003971,2026-05-31T13:16:23.000Z,2026-05-31T07:07:34.000Z,Chat,Payments,Bill Pay,Closed,High,true,,7.3,BR-002,E-0091,true
RB-CS-003782,RB-C-01785-1,RB-FA-003971,2025-06-29T18:27:08.000Z,2025-06-29T15:03:09.000Z,Email,Fee Inquiry,Overdraft Fee,Closed,Medium,true,,16.1,BR-002,E-0105,true
RB-CS-003783,RB-C-01786-1,RB-FA-003975,2024-11-24T08:02:56.000Z,2024-11-24T14:45:31.000Z,Voice,Payments,Failed Transfer,Closed,Medium,true,5,12.2,BR-020,E-0086,false
RB-CS-003784,RB-C-01788-1,RB-FA-003978,2025-02-16T13:21:34.000Z,2025-02-16T18:15:39.000Z,Chat,Account Access,Password Reset,Closed,Low,true,4,5.4,BR-010,E-0094,false
RB-CS-003785,RB-C-01788-1,RB-FA-003978,2025-01-19T14:23:15.000Z,2025-01-27T14:51:06.000Z,Voice,Account Access,MFA,Closed,Low,false,,27.2,BR-010,E-0067,false
RB-CS-003786,RB-C-01788-1,RB-FA-003978,2025-03-21T18:11:45.000Z,2025-03-25T14:59:56.000Z,Email,Product Question,Rates,Closed,Medium,false,,19.1,BR-010,E-0091,false
RB-CS-003787,RB-C-01788-1,RB-FA-003978,2025-01-04T14:47:22.000Z,2025-01-04T14:27:01.000Z,Mobile App,Account Access,MFA,Closed,High,true,,13.0,BR-010,E-0075,true
RB-CS-003788,RB-C-01788-1,RB-FA-003979,2024-12-08T19:23:50.000Z,,Chat,Payments,Failed Transfer,Escalated,Medium,true,,10.4,BR-010,E-0132,true
RB-CS-003789,RB-C-01788-1,RB-FA-003979,2025-04-15T11:17:04.000Z,2025-04-15T19:28:12.000Z,Voice,Card Dispute,Unrecognized Charge,Closed,High,true,,9.8,BR-010,E-0129,false
RB-CS-003790,RB-C-01789-1,RB-FA-003980,2026-02-25T09:33:06.000Z,2026-03-11T17:51:27.000Z,Mobile App,Card Dispute,Unrecognized Charge,Closed,Low,false,3,17.0,BR-025,E-0131,false
RB-CS-003791,RB-C-01789-1,RB-FA-003981,2025-06-14T12:37:23.000Z,2025-07-05T10:41:08.000Z,Chat,Fee Inquiry,Overdraft Fee,Closed,High,false,5,9.0,BR-025,E-0069,false
RB-CS-003792,RB-C-01789-1,RB-FA-003981,2026-06-29T08:30:34.000Z,2026-06-29T15:14:33.000Z,Mobile App,Card Dispute,Unrecognized Charge,Closed,Medium,true,4,7.1,BR-025,E-0089,true
RB-CS-003793,RB-C-01790-1,RB-FA-003982,2025-04-09T13:57:50.000Z,2025-04-26T09:07:46.000Z,Email,Account Access,MFA,Closed,Medium,false,5,13.9,BR-016,E-0102,false
RB-CS-003794,RB-C-01790-1,RB-FA-003984,2026-04-29T13:45:26.000Z,2026-05-10T07:10:42.000Z,Email,Product Question,Eligibility,Closed,Low,false,4,17.7,BR-016,E-0078,true
RB-CS-003795,RB-C-01790-1,RB-FA-003984,2025-04-15T08:28:01.000Z,,Voice,Account Access,Password Reset,In Progress,Medium,true,,9.6,BR-016,E-0111,false
RB-CS-003796,RB-C-01791-1,RB-FA-003986,2025-07-12T18:16:07.000Z,2025-07-18T13:38:48.000Z,Mobile App,Card Dispute,Merchant Refund,Closed,Low,false,5,11.5,BR-011,E-0129,false
RB-CS-003797,RB-C-01792-1,RB-FA-003987,2025-03-01T13:45:57.000Z,2025-03-01T10:05:23.000Z,Voice,Payments,Bill Pay,Closed,Medium,true,,14.2,BR-027,E-0101,true
RB-CS-003798,RB-C-01793-1,RB-FA-003989,2025-03-29T19:20:03.000Z,2025-03-29T19:58:14.000Z,Email,Payments,Bill Pay,Closed,Medium,true,2,18.8,BR-004,E-0063,false
RB-CS-003799,RB-C-01794-1,RB-FA-003990,2025-11-02T17:52:18.000Z,2025-11-02T14:35:46.000Z,Voice,Fee Inquiry,Overdraft Fee,Closed,Low,true,,16.9,BR-009,E-0064,false
RB-CS-003800,RB-C-01794-1,RB-FA-003990,2025-07-10T12:46:15.000Z,2025-07-10T15:10:34.000Z,Voice,Account Access,Locked Account,Closed,Low,true,3,12.1,BR-009,E-0121,true
RB-CS-003801,RB-C-01796-1,RB-FA-003995,2025-06-22T10:30:37.000Z,,Chat,Fee Inquiry,Overdraft Fee,Open,Medium,false,,10.3,BR-002,E-0073,true
RB-CS-003802,RB-C-01797-1,RB-FA-003998,2026-05-02T11:30:28.000Z,2026-05-20T15:25:37.000Z,Email,Fraud,Account Takeover,Closed,Low,false,,16.5,BR-016,E-0138,false
RB-CS-003803,RB-C-01798-1,RB-FA-004000,2025-06-05T15:13:38.000Z,2025-06-05T13:15:57.000Z,Chat,Account Access,Locked Account,Closed,Low,true,,10.6,BR-025,E-0133,true
RB-CS-003804,RB-C-01798-1,RB-FA-004000,2024-12-16T11:12:49.000Z,2024-12-16T09:13:03.000Z,Chat,Account Access,Locked Account,Closed,Low,true,5,10.7,BR-025,E-0083,true
RB-CS-003805,RB-C-01798-1,RB-FA-004000,2025-12-23T15:23:15.000Z,2025-12-23T12:10:22.000Z,Email,Card Dispute,Duplicate Charge,Closed,Low,true,4,22.5,BR-025,E-0138,false
RB-CS-003806,RB-C-01798-1,RB-FA-004001,2025-08-06T07:07:01.000Z,2025-08-06T09:36:40.000Z,Chat,Product Question,Eligibility,Closed,Low,true,5,3.6,BR-025,E-0081,true
RB-CS-003807,RB-C-01799-1,RB-FA-004004,2026-01-27T16:57:15.000Z,2026-01-27T15:55:57.000Z,Voice,Account Access,Locked Account,Closed,Medium,true,2,13.7,BR-008,E-0136,false
RB-CS-003808,RB-C-01800-1,RB-FA-004006,2026-05-10T12:54:38.000Z,2026-05-23T19:40:44.000Z,Mobile App,Fee Inquiry,Monthly Maintenance,Closed,Medium,false,1,10.1,BR-024,E-0075,false
RB-CS-003809,RB-C-01800-1,RB-FA-004007,2025-07-04T09:16:31.000Z,2025-07-04T12:48:48.000Z,Voice,Fee Inquiry,ATM Fee,Closed,High,true,4,7.8,BR-024,E-0062,true
RB-CS-003810,RB-C-01801-1,RB-FA-004008,2025-08-17T10:59:29.000Z,2025-08-18T15:26:59.000Z,Voice,Product Question,Eligibility,Closed,Low,false,,17.8,BR-005,E-0080,false
RB-CS-003811,RB-C-01801-1,RB-FA-004009,2025-12-28T17:40:19.000Z,2025-12-28T17:26:53.000Z,Voice,Account Access,Password Reset,Closed,Medium,true,,11.4,BR-005,E-0071,true
RB-CS-003812,RB-C-01802-1,RB-FA-004010,2025-12-13T10:07:15.000Z,2025-12-18T19:56:52.000Z,Voice,Product Question,Rates,Closed,Low,false,,17.4,BR-001,E-0107,false
RB-CS-003813,RB-C-01802-1,RB-FA-004011,2025-01-15T15:02:12.000Z,2025-01-15T10:37:28.000Z,Voice,Account Access,Locked Account,Closed,Medium,true,5,15.0,BR-001,E-0114,false
RB-CS-003814,RB-C-01802-1,RB-FA-004011,2025-02-20T14:07:15.000Z,2025-02-20T10:02:22.000Z,Chat,Fee Inquiry,Overdraft Fee,Closed,Medium,true,5,16.5,BR-001,E-0139,false
RB-CS-003815,RB-C-01802-1,RB-FA-004012,2026-06-07T09:57:54.000Z,2026-06-08T16:36:58.000Z,Voice,Card Dispute,Duplicate Charge,Closed,Low,false,,5.1,BR-001,E-0115,false
RB-CS-003816,RB-C-01803-1,RB-FA-004013,2025-04-10T11:12:12.000Z,2025-04-10T11:54:08.000Z,Email,Product Question,Rates,Closed,Low,true,4,35.8,BR-020,E-0139,false
RB-CS-003817,RB-C-01803-1,RB-FA-004013,2024-11-04T13:48:00.000Z,2024-11-04T10:04:43.000Z,Voice,Account Access,Password Reset,Closed,Low,true,4,11.1,BR-020,E-0128,false
RB-CS-003818,RB-C-01803-1,RB-FA-004013,2026-07-03T08:15:28.000Z,,Voice,Product Question,Rates,In Progress,Low,false,4,17.5,BR-020,E-0103,true
RB-CS-003819,RB-C-01803-1,RB-FA-004015,2026-05-13T09:15:10.000Z,2026-05-13T18:04:24.000Z,Chat,Card Dispute,Duplicate Charge,Closed,Low,true,,16.6,BR-020,E-0127,true
RB-CS-003820,RB-C-01803-1,RB-FA-004015,2026-08-04T09:49:45.000Z,2026-08-04T10:10:04.000Z,Mobile App,Product Question,Rates,Closed,Low,true,,12.5,BR-020,E-0099,false
RB-CS-003821,RB-C-01803-1,RB-FA-004015,2025-02-25T14:23:20.000Z,2025-02-25T14:37:13.000Z,Voice,Account Access,Locked Account,Closed,Low,true,,14.5,BR-020,E-0136,true
RB-CS-003822,RB-C-01803-1,RB-FA-004016,2026-01-01T18:37:55.000Z,2026-01-08T08:46:16.000Z,Voice,Payments,Failed Transfer,Closed,High,false,2,30.0,BR-020,E-0087,true
RB-CS-003823,RB-C-01805-1,RB-FA-004019,2026-03-05T16:43:59.000Z,2026-03-20T14:19:13.000Z,Chat,Fee Inquiry,ATM Fee,Closed,High,false,5,21.6,BR-017,E-0066,true
RB-CS-003824,RB-C-01805-1,RB-FA-004019,2025-01-08T13:07:23.000Z,2025-01-08T16:18:34.000Z,Voice,Payments,Bill Pay,Closed,Medium,true,,11.1,BR-017,E-0095,true
RB-CS-003825,RB-C-01807-1,RB-FA-004021,2026-01-25T17:51:05.000Z,2026-02-14T13:08:43.000Z,Voice,Card Dispute,Unrecognized Charge,Closed,Low,false,,37.9,BR-006,E-0131,true
RB-CS-003826,RB-C-01808-1,RB-FA-004024,2025-05-21T15:40:36.000Z,2025-06-02T16:07:05.000Z,Email,Payments,Wire Status,Closed,Low,false,3,23.9,BR-014,E-0105,false
RB-CS-003827,RB-C-01808-1,RB-FA-004024,2025-03-30T13:56:49.000Z,2025-03-30T18:13:17.000Z,Email,Payments,Failed Transfer,Closed,High,true,5,40.9,BR-014,E-0127,true
RB-CS-003828,RB-C-01808-1,RB-FA-004024,2025-08-13T19:53:11.000Z,2025-08-13T17:57:02.000Z,Mobile App,Fee Inquiry,Overdraft Fee,Closed,Medium,true,,14.9,BR-014,E-0138,true
RB-CS-003829,RB-C-01811-1,RB-FA-004030,2024-10-13T11:28:45.000Z,2024-10-13T09:38:37.000Z,Voice,Account Access,MFA,Closed,High,true,,9.2,BR-017,E-0108,true
RB-CS-003830,RB-C-01812-1,RB-FA-004031,2026-08-06T14:42:21.000Z,2026-08-06T15:42:10.000Z,Chat,Fee Inquiry,ATM Fee,Closed,Medium,true,5,10.7,BR-007,E-0124,true
RB-CS-003831,RB-C-01812-1,RB-FA-004031,2025-09-21T18:42:13.000Z,2025-09-26T16:28:46.000Z,Branch,Card Dispute,Merchant Refund,Closed,High,false,,10.8,BR-007,E-0099,true
RB-CS-003832,RB-C-01812-1,RB-FA-004031,2024-11-15T11:12:24.000Z,2024-11-15T10:28:35.000Z,Mobile App,Fraud,Account Takeover,Closed,Low,true,,31.8,BR-007,E-0078,true
RB-CS-003833,RB-C-01812-1,RB-FA-004031,2026-06-23T19:48:48.000Z,2026-07-14T12:02:56.000Z,Chat,Account Access,MFA,Closed,Medium,false,1,3.6,BR-007,E-0114,true
RB-CS-003834,RB-C-01813-1,RB-FA-004032,2025-05-12T11:40:02.000Z,2025-05-12T13:10:51.000Z,Branch,Account Access,MFA,Closed,Low,true,,4.9,BR-007,E-0084,false
RB-CS-003835,RB-C-01813-1,RB-FA-004032,2024-09-10T15:13:43.000Z,2024-09-23T11:45:42.000Z,Email,Card Dispute,Merchant Refund,Closed,Low,false,,22.4,BR-007,E-0140,false
RB-CS-003836,RB-C-01813-1,RB-FA-004033,2025-01-22T09:42:33.000Z,2025-01-22T16:20:51.000Z,Mobile App,Fee Inquiry,Monthly Maintenance,Closed,Medium,true,4,13.8,BR-007,E-0118,true
RB-CS-003837,RB-C-01814-1,RB-FA-004036,2026-02-08T11:36:04.000Z,2026-02-08T13:06:12.000Z,Voice,Account Access,Password Reset,Closed,High,true,,13.8,BR-021,E-0100,false
RB-CS-003838,RB-C-01814-1,RB-FA-004037,2025-03-26T18:22:41.000Z,2025-04-10T12:12:24.000Z,Chat,Product Question,Rates,Closed,Medium,false,,18.4,BR-021,E-0108,false
RB-CS-003839,RB-C-01815-1,RB-FA-004038,2025-12-12T07:57:53.000Z,2025-12-12T15:37:17.000Z,Voice,Product Question,Rates,Closed,Medium,true,5,15.5,BR-025,E-0109,false
RB-CS-003840,RB-C-01815-1,RB-FA-004038,2025-03-13T15:37:45.000Z,2025-03-13T10:32:34.000Z,Email,Account Access,MFA,Closed,High,true,1,9.1,BR-025,E-0109,false
RB-CS-003841,RB-C-01816-1,RB-FA-004039,2026-07-24T08:31:08.000Z,2026-07-31T16:07:49.000Z,Voice,Fraud,Account Takeover,Closed,High,false,2,10.3,BR-022,E-0097,true
RB-CS-003842,RB-C-01817-1,RB-FA-004041,2026-08-04T14:06:27.000Z,2026-08-22T19:08:35.000Z,Mobile App,Account Access,MFA,Closed,Low,false,,23.4,BR-008,E-0070,false
RB-CS-003843,RB-C-01817-1,RB-FA-004041,2025-09-13T10:10:25.000Z,2025-09-13T18:28:53.000Z,Voice,Account Access,Password Reset,Closed,Medium,true,,14.7,BR-008,E-0135,true
RB-CS-003844,RB-C-01818-1,RB-FA-004043,2025-04-18T09:36:18.000Z,2025-05-07T08:50:01.000Z,Mobile App,Card Dispute,Merchant Refund,Closed,Medium,false,,7.4,BR-008,E-0077,true
RB-CS-003845,RB-C-01819-1,RB-FA-004044,2024-12-31T08:20:07.000Z,2024-12-31T09:03:35.000Z,Voice,Product Question,Eligibility,Closed,Low,true,,20.4,BR-013,E-0062,false
RB-CS-003846,RB-C-01819-1,RB-FA-004044,2025-04-06T12:31:46.000Z,2025-04-06T15:34:58.000Z,Branch,Account Access,Password Reset,Closed,Medium,true,,19.6,BR-013,E-0103,false
RB-CS-003847,RB-C-01819-1,RB-FA-004044,2026-02-02T11:11:25.000Z,2026-02-07T12:53:24.000Z,Email,Fee Inquiry,ATM Fee,Closed,Low,false,,44.6,BR-013,E-0064,false
RB-CS-003848,RB-C-01819-1,RB-FA-004045,2024-11-09T15:35:47.000Z,2024-11-09T11:49:08.000Z,Email,Account Access,MFA,Closed,Low,true,5,14.1,BR-013,E-0072,false
RB-CS-003849,RB-C-01821-1,RB-FA-004049,2025-02-11T09:02:20.000Z,2025-02-20T13:59:52.000Z,Branch,Account Access,Locked Account,Closed,Medium,false,,6.8,BR-016,E-0077,true
RB-CS-003850,RB-C-01821-1,RB-FA-004049,2025-12-22T13:06:42.000Z,2026-01-07T16:41:25.000Z,Mobile App,Payments,Bill Pay,Closed,Medium,false,,5.8,BR-016,E-0070,false
RB-CS-003851,RB-C-01822-1,RB-FA-004051,2024-10-30T14:23:59.000Z,2024-11-14T17:56:45.000Z,Mobile App,Product Question,Eligibility,Closed,Low,false,,11.0,BR-023,E-0113,true
RB-CS-003852,RB-C-01825-1,RB-FA-004057,2025-03-02T16:22:35.000Z,,Email,Card Dispute,Duplicate Charge,Open,Low,false,,22.7,BR-025,E-0104,false
RB-CS-003853,RB-C-01825-1,RB-FA-004058,2025-11-28T08:54:58.000Z,2025-12-19T16:35:56.000Z,Branch,Card Dispute,Merchant Refund,Closed,High,false,,5.4,BR-025,E-0073,true
RB-CS-003854,RB-C-01826-1,RB-FA-004059,2025-01-09T08:49:02.000Z,,Voice,Product Question,Eligibility,Escalated,Low,true,,15.4,BR-029,E-0137,true
RB-CS-003855,RB-C-01828-1,RB-FA-004061,2026-05-27T10:48:34.000Z,2026-06-01T13:39:29.000Z,Email,Product Question,Rates,Closed,Medium,false,2,25.7,BR-015,E-0080,false
RB-CS-003856,RB-C-01828-1,RB-FA-004062,2026-08-12T07:53:26.000Z,2026-08-17T08:11:12.000Z,Chat,Payments,Wire Status,Closed,Medium,false,,16.9,BR-015,E-0070,false
RB-CS-003857,RB-C-01829-1,RB-FA-004063,2025-11-10T11:45:12.000Z,2025-11-23T10:52:37.000Z,Mobile App,Card Dispute,Unrecognized Charge,Closed,Medium,false,,16.7,BR-013,E-0078,true
RB-CS-003858,RB-C-01830-1,RB-FA-004067,2026-03-06T08:16:48.000Z,2026-03-06T17:00:14.000Z,Voice,Payments,Wire Status,Closed,Medium,true,3,5.8,BR-007,E-0134,false
RB-CS-003859,RB-C-01830-1,RB-FA-004067,2024-10-21T12:06:06.000Z,2024-10-21T10:14:39.000Z,Branch,Card Dispute,Merchant Refund,Closed,High,true,4,27.4,BR-007,E-0075,false
RB-CS-003860,RB-C-01830-1,RB-FA-004067,2025-08-28T15:24:37.000Z,2025-08-29T17:15:07.000Z,Chat,Account Access,Locked Account,Closed,Low,false,1,10.2,BR-007,E-0069,true
RB-CS-003861,RB-C-01830-1,RB-FA-004067,2026-04-21T09:46:01.000Z,2026-05-07T13:03:41.000Z,Branch,Card Dispute,Unrecognized Charge,Closed,Low,false,,13.2,BR-007,E-0090,false
RB-CS-003862,RB-C-01830-1,RB-FA-004068,2025-02-08T15:06:42.000Z,2025-02-08T17:24:48.000Z,Email,Account Access,Password Reset,Closed,Medium,true,5,23.6,BR-007,E-0091,false
RB-CS-003863,RB-C-01830-1,RB-FA-004068,2025-10-04T12:49:02.000Z,,Mobile App,Account Access,MFA,Open,Medium,false,1,9.9,BR-007,E-0098,true
RB-CS-003864,RB-C-01830-1,RB-FA-004069,2024-12-23T13:41:47.000Z,2024-12-23T16:55:42.000Z,Chat,Card Dispute,Duplicate Charge,Closed,Medium,true,3,2.7,BR-007,E-0079,false
RB-CS-003865,RB-C-01831-1,RB-FA-004071,2025-09-01T07:35:12.000Z,2025-09-03T18:26:47.000Z,Email,Fee Inquiry,Monthly Maintenance,Closed,Medium,false,,17.0,BR-022,E-0097,true
RB-CS-003866,RB-C-01832-1,RB-FA-004073,2025-05-05T14:41:46.000Z,2025-05-07T13:06:18.000Z,Email,Product Question,Rates,Closed,Low,false,,19.2,BR-008,E-0102,true
RB-CS-003867,RB-C-01833-1,RB-FA-004074,2025-07-19T12:49:15.000Z,2025-08-02T08:15:40.000Z,Voice,Fee Inquiry,Overdraft Fee,Closed,High,false,,21.2,BR-003,E-0093,false
RB-CS-003868,RB-C-01834-1,RB-FA-004076,2026-04-26T15:59:29.000Z,2026-05-10T16:05:20.000Z,Email,Card Dispute,Unrecognized Charge,Closed,Low,false,4,15.5,BR-023,E-0082,false
RB-CS-003869,RB-C-01834-1,RB-FA-004076,2025-05-19T19:57:53.000Z,2025-05-19T19:07:12.000Z,Voice,Payments,Bill Pay,Closed,Medium,true,5,13.8,BR-023,E-0069,false
RB-CS-003870,RB-C-01834-1,RB-FA-004077,2024-09-16T16:11:38.000Z,2024-09-16T17:21:21.000Z,Chat,Account Access,MFA,Closed,Low,true,,11.6,BR-023,E-0075,false
RB-CS-003871,RB-C-01836-1,RB-FA-004081,2025-08-29T12:46:52.000Z,,Email,Fee Inquiry,ATM Fee,Escalated,Low,true,5,25.3,BR-003,E-0126,true
RB-CS-003872,RB-C-01836-1,RB-FA-004082,2025-05-28T15:08:12.000Z,2025-05-28T15:35:38.000Z,Mobile App,Fee Inquiry,Monthly Maintenance,Closed,Low,true,,19.4,BR-003,E-0112,false
RB-CS-003873,RB-C-01836-1,RB-FA-004082,2026-03-22T14:08:10.000Z,2026-03-22T13:09:36.000Z,Branch,Product Question,Eligibility,Closed,Medium,true,3,8.4,BR-003,E-0083,true
RB-CS-003874,RB-C-01836-1,RB-FA-004082,2025-05-13T16:19:50.000Z,,Chat,Card Dispute,Merchant Refund,In Progress,Low,false,3,15.4,BR-003,E-0110,false
RB-CS-003875,RB-C-01836-1,RB-FA-004083,2026-08-06T15:04:01.000Z,2026-08-06T14:00:12.000Z,Voice,Payments,Bill Pay,Closed,High,true,,12.3,BR-003,E-0077,true
RB-CS-003876,RB-C-01836-1,RB-FA-004083,2025-08-19T15:48:02.000Z,2025-08-22T19:00:06.000Z,Chat,Account Access,Password Reset,Closed,Low,false,,12.1,BR-003,E-0125,false
RB-CS-003877,RB-C-01836-1,RB-FA-004083,2025-03-18T19:37:29.000Z,2025-03-20T08:18:30.000Z,Mobile App,Product Question,Rates,Closed,Low,false,,13.6,BR-003,E-0126,false
RB-CS-003878,RB-C-01837-1,RB-FA-004085,2025-08-26T10:22:43.000Z,2025-09-05T07:49:31.000Z,Voice,Card Dispute,Duplicate Charge,Closed,Low,false,1,10.4,BR-012,E-0076,false
RB-CS-003879,RB-C-01837-1,RB-FA-004085,2026-05-29T12:40:22.000Z,2026-05-29T07:37:52.000Z,Mobile App,Payments,Bill Pay,Closed,High,true,5,4.7,BR-012,E-0102,false
RB-CS-003880,RB-C-01837-1,RB-FA-004085,2025-05-05T11:10:55.000Z,2025-05-14T16:01:09.000Z,Mobile App,Fee Inquiry,Overdraft Fee,Closed,Low,false,1,5.4,BR-012,E-0140,false
RB-CS-003881,RB-C-01837-1,RB-FA-004085,2025-01-22T14:20:28.000Z,2025-01-22T16:14:44.000Z,Chat,Account Access,MFA,Closed,Medium,true,3,13.3,BR-012,E-0092,false
RB-CS-003882,RB-C-01838-1,RB-FA-004086,2025-03-20T12:03:54.000Z,,Voice,Card Dispute,Duplicate Charge,Open,Medium,false,4,11.7,BR-010,E-0130,false
RB-CS-003883,RB-C-01838-1,RB-FA-004086,2025-09-08T16:42:38.000Z,2025-09-22T18:58:43.000Z,Email,Account Access,Locked Account,Closed,Medium,false,3,35.6,BR-010,E-0107,false
RB-CS-003884,RB-C-01838-1,RB-FA-004086,2026-03-06T08:34:28.000Z,2026-03-27T07:12:24.000Z,Email,Card Dispute,Duplicate Charge,Closed,Low,false,4,28.9,BR-010,E-0124,false
RB-CS-003885,RB-C-01841-1,RB-FA-004093,2026-04-10T16:20:22.000Z,2026-04-10T14:36:56.000Z,Voice,Account Access,Password Reset,Closed,Low,true,,7.0,BR-016,E-0065,true
RB-CS-003886,RB-C-01841-1,RB-FA-004093,2025-11-29T08:06:49.000Z,2025-12-07T11:19:24.000Z,Chat,Fraud,Card Compromised,Closed,Low,false,2,8.0,BR-016,E-0089,true
RB-CS-003887,RB-C-01841-1,RB-FA-004094,2025-04-03T19:41:29.000Z,2025-04-15T12:35:25.000Z,Email,Payments,Wire Status,Closed,Low,false,3,11.7,BR-016,E-0111,true
RB-CS-003888,RB-C-01841-1,RB-FA-004094,2024-12-13T15:41:15.000Z,2025-01-03T13:51:13.000Z,Email,Card Dispute,Unrecognized Charge,Closed,Low,false,,59.4,BR-016,E-0101,false
RB-CS-003889,RB-C-01841-1,RB-FA-004094,2025-06-07T12:23:53.000Z,2025-06-07T14:27:33.000Z,Mobile App,Card Dispute,Merchant Refund,Closed,Medium,true,,11.5,BR-016,E-0124,false
RB-CS-003890,RB-C-01841-1,RB-FA-004094,2026-01-03T07:27:44.000Z,,Email,Fee Inquiry,ATM Fee,In Progress,Low,false,,42.4,BR-016,E-0084,false
RB-CS-003891,RB-C-01841-1,RB-FA-004095,2025-08-20T18:41:26.000Z,2025-08-20T15:25:46.000Z,Email,Payments,Wire Status,Closed,Medium,true,,13.5,BR-016,E-0080,false
RB-CS-003892,RB-C-01842-1,RB-FA-004098,2025-09-28T07:40:09.000Z,2025-09-28T11:55:53.000Z,Chat,Fraud,Account Takeover,Closed,Low,true,4,6.2,BR-030,E-0125,false
RB-CS-003893,RB-C-01845-1,RB-FA-004107,2026-01-02T13:00:52.000Z,2026-01-18T09:24:13.000Z,Voice,Payments,Wire Status,Closed,Low,false,3,11.0,BR-006,E-0064,false
RB-CS-003894,RB-C-01846-1,RB-FA-004109,2025-10-15T11:37:33.000Z,2025-10-15T19:07:27.000Z,Email,Card Dispute,Unrecognized Charge,Closed,Medium,true,4,13.1,BR-009,E-0131,false
RB-CS-003895,RB-C-01846-1,RB-FA-004109,2025-06-21T09:03:23.000Z,2025-06-21T14:03:45.000Z,Voice,Payments,Failed Transfer,Closed,High,true,4,9.9,BR-009,E-0108,false
RB-CS-003896,RB-C-01847-1,RB-FA-004110,2025-02-11T07:20:44.000Z,2025-02-24T12:52:38.000Z,Voice,Fee Inquiry,Overdraft Fee,Closed,Low,false,,9.9,BR-027,E-0062,false
RB-CS-003897,RB-C-01847-1,RB-FA-004110,2026-01-04T16:08:11.000Z,2026-01-04T14:05:04.000Z,Chat,Account Access,MFA,Closed,Low,true,4,8.8,BR-027,E-0130,false
RB-CS-003898,RB-C-01847-1,RB-FA-004111,2026-06-24T10:58:01.000Z,2026-06-24T13:47:08.000Z,Voice,Account Access,Locked Account,Closed,High,true,,14.1,BR-027,E-0063,false
RB-CS-003899,RB-C-01848-1,RB-FA-004112,2025-12-30T10:36:13.000Z,2026-01-11T16:42:01.000Z,Chat,Fee Inquiry,ATM Fee,Closed,Medium,false,,4.8,BR-010,E-0115,false
RB-CS-003900,RB-C-01848-1,RB-FA-004112,2024-10-30T11:46:54.000Z,2024-10-30T11:28:21.000Z,Chat,Fee Inquiry,ATM Fee,Closed,Medium,true,4,6.3,BR-010,E-0138,false
RB-CS-003901,RB-C-01849-1,RB-FA-004115,2025-02-28T08:24:09.000Z,2025-02-28T14:36:09.000Z,Chat,Card Dispute,Duplicate Charge,Closed,High,true,5,13.1,BR-009,E-0097,false
RB-CS-003902,RB-C-01849-1,RB-FA-004115,2025-07-13T07:49:04.000Z,2025-07-13T17:41:50.000Z,Voice,Payments,Wire Status,Closed,Medium,true,5,6.5,BR-009,E-0093,true
RB-CS-003903,RB-C-01849-1,RB-FA-004115,2024-11-14T11:35:41.000Z,2024-11-14T10:17:56.000Z,Chat,Account Access,MFA,Closed,Medium,true,5,4.4,BR-009,E-0120,false
RB-CS-003904,RB-C-01849-1,RB-FA-004115,2025-02-11T09:05:03.000Z,2025-02-11T11:56:30.000Z,Chat,Account Access,Locked Account,Closed,Medium,true,,7.4,BR-009,E-0109,false
RB-CS-003905,RB-C-01849-1,RB-FA-004116,2025-10-17T16:22:41.000Z,2025-10-17T11:42:15.000Z,Voice,Account Access,Locked Account,Closed,Low,true,,7.3,BR-009,E-0129,false
RB-CS-003906,RB-C-01850-1,RB-FA-004117,2025-08-30T09:22:29.000Z,2025-09-15T16:16:13.000Z,Email,Product Question,Rates,Closed,Medium,false,,21.7,BR-015,E-0096,false
RB-CS-003907,RB-C-01850-1,RB-FA-004117,2025-04-12T15:09:11.000Z,2025-04-12T14:38:38.000Z,Mobile App,Fee Inquiry,ATM Fee,Closed,Medium,true,5,18.0,BR-015,E-0075,false
RB-CS-003908,RB-C-01850-1,RB-FA-004117,2025-08-24T14:14:42.000Z,2025-08-24T18:45:43.000Z,Branch,Account Access,Locked Account,Closed,Medium,true,4,25.7,BR-015,E-0104,true
RB-CS-003909,RB-C-01850-1,RB-FA-004117,2025-04-25T17:33:39.000Z,,Voice,Card Dispute,Duplicate Charge,Open,Medium,true,,8.9,BR-015,E-0114,false
RB-CS-003910,RB-C-01851-1,RB-FA-004119,2026-08-19T12:08:13.000Z,2026-08-19T10:30:00.000Z,Chat,Account Access,Password Reset,Closed,High,true,,14.4,BR-005,E-0099,false
RB-CS-003911,RB-C-01851-1,RB-FA-004119,2026-01-10T16:28:30.000Z,2026-01-13T10:44:34.000Z,Voice,Card Dispute,Merchant Refund,Closed,Medium,false,,10.9,BR-005,E-0095,false
RB-CS-003912,RB-C-01851-1,RB-FA-004119,2025-05-31T19:55:02.000Z,2025-05-31T14:36:54.000Z,Voice,Fee Inquiry,Overdraft Fee,Closed,Medium,true,,7.2,BR-005,E-0108,false
RB-CS-003913,RB-C-01853-1,RB-FA-004124,2025-07-02T11:29:57.000Z,2025-07-22T14:17:20.000Z,Chat,Fee Inquiry,ATM Fee,Closed,Medium,false,5,8.9,BR-019,E-0088,true
RB-CS-003914,RB-C-01853-1,RB-FA-004124,2026-01-02T11:12:15.000Z,2026-01-02T14:15:38.000Z,Chat,Card Dispute,Merchant Refund,Closed,Low,true,4,6.9,BR-019,E-0081,true
RB-CS-003915,RB-C-01853-1,RB-FA-004125,2026-01-18T08:47:21.000Z,,Voice,Card Dispute,Unrecognized Charge,Escalated,Medium,true,5,31.3,BR-019,E-0087,false
RB-CS-003916,RB-C-01853-1,RB-FA-004125,2025-04-26T07:41:07.000Z,2025-04-26T15:36:17.000Z,Voice,Payments,Wire Status,Closed,Medium,true,,17.9,BR-019,E-0078,false
RB-CS-003917,RB-C-01854-1,RB-FA-004126,2026-03-03T09:56:12.000Z,2026-03-03T12:26:42.000Z,Voice,Fee Inquiry,Monthly Maintenance,Closed,Medium,true,,10.6,BR-026,E-0078,true
RB-CS-003918,RB-C-01855-1,RB-FA-004128,2026-08-24T17:16:05.000Z,2026-08-24T18:05:09.000Z,Chat,Account Access,MFA,Closed,Low,true,1,12.1,BR-007,E-0122,true
RB-CS-003919,RB-C-01855-1,RB-FA-004129,2026-02-18T07:13:17.000Z,2026-02-18T16:16:06.000Z,Voice,Payments,Bill Pay,Closed,Medium,true,1,13.9,BR-007,E-0108,false
RB-CS-003920,RB-C-01857-1,RB-FA-004134,2026-06-21T12:08:02.000Z,,Chat,Fee Inquiry,Monthly Maintenance,Escalated,Low,true,3,10.5,BR-011,E-0121,true
RB-CS-003921,RB-C-01857-1,RB-FA-004135,2025-11-27T18:56:19.000Z,2025-11-27T12:18:44.000Z,Mobile App,Account Access,Password Reset,Closed,Medium,true,3,9.0,BR-011,E-0121,false
RB-CS-003922,RB-C-01858-1,RB-FA-004136,2026-07-27T07:04:40.000Z,2026-08-17T17:38:34.000Z,Chat,Product Question,Eligibility,Closed,Low,false,5,10.9,BR-026,E-0114,false
RB-CS-003923,RB-C-01862-1,RB-FA-004142,2025-01-16T19:19:04.000Z,2025-01-16T13:54:03.000Z,Voice,Card Dispute,Merchant Refund,Closed,Medium,true,,7.9,BR-023,E-0131,true
RB-CS-003924,RB-C-01862-1,RB-FA-004142,2026-04-21T13:10:12.000Z,2026-04-29T08:15:37.000Z,Voice,Product Question,Eligibility,Closed,Low,false,,8.6,BR-023,E-0077,false
RB-CS-003925,RB-C-01862-1,RB-FA-004142,2026-08-14T10:13:33.000Z,2026-08-14T10:02:39.000Z,Chat,Fee Inquiry,Overdraft Fee,Closed,Low,true,,16.6,BR-023,E-0106,false
RB-CS-003926,RB-C-01862-1,RB-FA-004142,2026-05-11T07:22:14.000Z,2026-05-11T15:08:23.000Z,Chat,Product Question,Eligibility,Closed,Medium,true,,16.6,BR-023,E-0103,true
RB-CS-003927,RB-C-01863-1,RB-FA-004145,2025-10-13T16:34:35.000Z,2025-10-13T10:09:27.000Z,Branch,Account Access,Password Reset,Closed,Medium,true,,3.2,BR-006,E-0137,false
RB-CS-003928,RB-C-01863-1,RB-FA-004145,2025-08-05T09:29:24.000Z,2025-08-08T10:22:41.000Z,Chat,Payments,Wire Status,Closed,High,false,5,16.5,BR-006,E-0125,false
RB-CS-003929,RB-C-01864-1,RB-FA-004146,2026-01-30T16:14:09.000Z,2026-01-30T09:18:55.000Z,Email,Account Access,Locked Account,Closed,Low,true,5,26.8,BR-025,E-0134,false
RB-CS-003930,RB-C-01864-1,RB-FA-004146,2024-12-13T08:19:38.000Z,2024-12-13T09:30:00.000Z,Voice,Account Access,Locked Account,Closed,Low,true,,5.4,BR-025,E-0094,false
RB-CS-003931,RB-C-01864-1,RB-FA-004146,2026-02-20T16:16:29.000Z,2026-02-20T16:39:08.000Z,Voice,Fraud,Card Compromised,Closed,Medium,true,4,15.9,BR-025,E-0097,true
RB-CS-003932,RB-C-01864-1,RB-FA-004149,2026-01-21T12:22:14.000Z,2026-02-01T14:48:11.000Z,Chat,Fraud,Card Compromised,Closed,Low,false,,7.8,BR-025,E-0127,false
RB-CS-003933,RB-C-01865-1,RB-FA-004150,2025-02-17T12:01:07.000Z,2025-02-25T12:53:02.000Z,Email,Fee Inquiry,ATM Fee,Closed,Low,false,,38.0,BR-027,E-0111,false
RB-CS-003934,RB-C-01865-1,RB-FA-004150,2026-01-03T13:22:18.000Z,,Mobile App,Card Dispute,Duplicate Charge,Escalated,Low,true,4,11.7,BR-027,E-0121,false
RB-CS-003935,RB-C-01865-1,RB-FA-004150,2025-04-26T15:51:08.000Z,2025-04-26T13:15:01.000Z,Chat,Fee Inquiry,Overdraft Fee,Closed,Low,true,5,40.2,BR-027,E-0118,false
RB-CS-003936,RB-C-01865-1,RB-FA-004152,2025-12-05T07:19:38.000Z,2025-12-18T08:53:33.000Z,Voice,Card Dispute,Merchant Refund,Closed,Low,false,,9.4,BR-027,E-0097,false
RB-CS-003937,RB-C-01866-1,RB-FA-004155,2024-10-29T13:19:02.000Z,2024-10-29T19:07:07.000Z,Mobile App,Fee Inquiry,Monthly Maintenance,Closed,Low,true,4,9.2,BR-011,E-0137,true
RB-CS-003938,RB-C-01867-1,RB-FA-004156,2025-07-20T11:51:07.000Z,2025-07-20T10:41:03.000Z,Voice,Card Dispute,Merchant Refund,Closed,Medium,true,5,12.6,BR-029,E-0102,false
RB-CS-003939,RB-C-01867-1,RB-FA-004156,2025-06-09T15:47:20.000Z,2025-06-09T17:13:46.000Z,Mobile App,Fee Inquiry,Overdraft Fee,Closed,High,true,4,9.7,BR-029,E-0122,true
RB-CS-003940,RB-C-01867-1,RB-FA-004156,2026-03-31T17:51:33.000Z,2026-04-16T12:55:40.000Z,Voice,Payments,Wire Status,Closed,High,false,,23.0,BR-029,E-0140,true
RB-CS-003941,RB-C-01867-1,RB-FA-004156,2026-06-17T09:40:17.000Z,2026-06-17T09:23:27.000Z,Voice,Account Access,MFA,Closed,High,true,3,15.3,BR-029,E-0100,true
RB-CS-003942,RB-C-01867-1,RB-FA-004157,2025-08-30T14:20:47.000Z,2025-08-30T07:07:24.000Z,Voice,Fee Inquiry,ATM Fee,Closed,High,true,,31.7,BR-029,E-0119,false
RB-CS-003943,RB-C-01867-1,RB-FA-004157,2025-10-05T12:56:34.000Z,2025-10-12T18:46:56.000Z,Email,Account Access,MFA,Closed,Low,false,4,27.2,BR-029,E-0103,true
RB-CS-003944,RB-C-01867-1,RB-FA-004157,2026-05-25T15:52:08.000Z,2026-05-25T17:28:39.000Z,Chat,Account Access,Password Reset,Closed,Low,true,,8.4,BR-029,E-0090,false
RB-CS-003945,RB-C-01867-1,RB-FA-004157,2024-12-27T15:54:57.000Z,2024-12-27T10:12:13.000Z,Voice,Fee Inquiry,Overdraft Fee,Closed,High,true,,5.9,BR-029,E-0079,true
RB-CS-003946,RB-C-01870-1,RB-FA-004162,2024-09-23T08:08:10.000Z,2024-09-23T14:49:28.000Z,Chat,Fee Inquiry,ATM Fee,Closed,Medium,true,3,9.0,BR-008,E-0081,true
RB-CS-003947,RB-C-01870-1,RB-FA-004163,2026-02-10T07:55:58.000Z,2026-02-19T15:16:19.000Z,Chat,Product Question,Eligibility,Closed,Low,false,,5.1,BR-008,E-0131,false
RB-CS-003948,RB-C-01871-1,RB-FA-004165,2026-08-23T12:35:29.000Z,2026-08-28T08:14:41.000Z,Voice,Product Question,Rates,Closed,Low,false,4,22.2,BR-017,E-0106,false
RB-CS-003949,RB-C-01872-1,RB-FA-004166,2025-01-10T07:03:02.000Z,2025-01-29T16:04:35.000Z,Chat,Fee Inquiry,Overdraft Fee,Closed,Medium,false,2,16.1,BR-029,E-0116,false
RB-CS-003950,RB-C-01872-1,RB-FA-004168,2025-05-23T07:11:18.000Z,2025-05-23T13:06:25.000Z,Chat,Payments,Wire Status,Closed,Medium,true,,10.3,BR-029,E-0102,false
RB-CS-003951,RB-C-01872-1,RB-FA-004168,2025-07-01T07:22:01.000Z,2025-07-01T19:01:35.000Z,Chat,Account Access,Locked Account,Closed,Low,true,5,3.2,BR-029,E-0110,false
RB-CS-003952,RB-C-01872-1,RB-FA-004168,2026-07-10T14:10:15.000Z,,Email,Product Question,Eligibility,Escalated,Medium,true,,14.8,BR-029,E-0124,false
RB-CS-003953,RB-C-01872-1,RB-FA-004169,2026-02-08T15:16:17.000Z,,Chat,Card Dispute,Unrecognized Charge,Open,Low,false,3,4.9,BR-029,E-0087,false
RB-CS-003954,RB-C-01873-1,RB-FA-004170,2024-09-08T14:37:30.000Z,2024-09-08T15:32:24.000Z,Email,Payments,Bill Pay,Closed,High,true,,24.9,BR-006,E-0108,true
RB-CS-003955,RB-C-01873-1,RB-FA-004171,2026-06-11T14:57:56.000Z,2026-06-11T13:55:44.000Z,Voice,Account Access,MFA,Closed,High,true,4,31.2,BR-006,E-0136,true
RB-CS-003956,RB-C-01874-1,RB-FA-004173,2026-05-06T10:54:04.000Z,2026-05-24T13:30:48.000Z,Email,Fee Inquiry,ATM Fee,Closed,Medium,false,5,17.1,BR-011,E-0071,false
RB-CS-003957,RB-C-01875-1,RB-FA-004175,2025-06-26T13:05:43.000Z,2025-06-26T13:02:43.000Z,Branch,Account Access,MFA,Closed,High,true,5,12.1,BR-002,E-0113,false
RB-CS-003958,RB-C-01876-1,RB-FA-004176,2025-05-06T08:03:22.000Z,,Email,Fraud,Account Takeover,Open,Medium,true,,42.7,BR-016,E-0088,true
RB-CS-003959,RB-C-01876-1,RB-FA-004176,2026-07-07T14:19:21.000Z,2026-07-14T07:35:47.000Z,Branch,Account Access,Password Reset,Closed,Medium,false,3,13.4,BR-016,E-0110,false
RB-CS-003960,RB-C-01876-1,RB-FA-004176,2025-04-11T15:17:15.000Z,2025-04-11T08:14:38.000Z,Email,Card Dispute,Merchant Refund,Closed,High,true,4,43.9,BR-016,E-0071,false
RB-CS-003961,RB-C-01877-1,RB-FA-004177,2025-09-03T13:33:49.000Z,2025-09-06T07:56:19.000Z,Voice,Card Dispute,Duplicate Charge,Closed,Low,false,2,11.9,BR-027,E-0114,true
RB-CS-003962,RB-C-01877-1,RB-FA-004177,2025-09-24T14:48:22.000Z,2025-09-24T09:02:11.000Z,Chat,Fee Inquiry,Overdraft Fee,Closed,Low,true,,22.9,BR-027,E-0119,false
RB-CS-003963,RB-C-01877-1,RB-FA-004177,2025-05-16T19:50:05.000Z,2025-06-05T10:46:30.000Z,Chat,Fraud,Card Compromised,Closed,Low,false,2,10.0,BR-027,E-0072,false
RB-CS-003964,RB-C-01878-1,RB-FA-004178,2025-12-16T12:27:36.000Z,2025-12-16T18:08:21.000Z,Voice,Card Dispute,Merchant Refund,Closed,Low,true,,11.8,BR-024,E-0130,false
RB-CS-003965,RB-C-01879-1,RB-FA-004179,2025-03-30T13:26:27.000Z,2025-03-30T09:10:01.000Z,Voice,Account Access,MFA,Closed,Medium,true,,11.0,BR-028,E-0076,true
RB-CS-003966,RB-C-01879-1,RB-FA-004180,2024-12-20T08:50:58.000Z,2024-12-20T15:42:21.000Z,Voice,Product Question,Eligibility,Closed,Low,true,4,11.5,BR-028,E-0113,true
RB-CS-003967,RB-C-01879-1,RB-FA-004180,2025-12-07T15:37:25.000Z,2025-12-07T19:51:11.000Z,Chat,Fee Inquiry,ATM Fee,Closed,Low,true,4,5.6,BR-028,E-0103,true
RB-CS-003968,RB-C-01879-1,RB-FA-004180,2026-06-17T19:21:19.000Z,2026-06-17T12:56:12.000Z,Email,Fraud,Account Takeover,Closed,Low,true,,66.9,BR-028,E-0112,false
RB-CS-003969,RB-C-01880-1,RB-FA-004182,2024-12-04T11:19:08.000Z,2024-12-25T17:18:20.000Z,Voice,Account Access,MFA,Closed,Medium,false,5,6.2,BR-006,E-0118,false
RB-CS-003970,RB-C-01881-1,RB-FA-004184,2026-03-30T12:11:19.000Z,2026-04-03T10:59:10.000Z,Mobile App,Card Dispute,Merchant Refund,Closed,Low,false,,9.3,BR-028,E-0124,false
RB-CS-003971,RB-C-01881-1,RB-FA-004185,2025-09-01T19:28:53.000Z,2025-09-01T12:17:10.000Z,Voice,Card Dispute,Merchant Refund,Closed,Medium,true,,15.3,BR-028,E-0115,true
RB-CS-003972,RB-C-01882-1,RB-FA-004188,2025-09-26T07:00:56.000Z,2025-09-26T09:30:53.000Z,Email,Card Dispute,Unrecognized Charge,Closed,Low,true,5,62.0,BR-006,E-0105,false
RB-CS-003973,RB-C-01884-1,RB-FA-004190,2025-11-21T18:49:30.000Z,2025-11-21T16:20:06.000Z,Voice,Payments,Wire Status,Closed,High,true,3,10.0,BR-021,E-0122,true
RB-CS-003974,RB-C-01884-1,RB-FA-004190,2025-02-02T18:28:12.000Z,,Email,Card Dispute,Duplicate Charge,Escalated,Low,false,1,41.9,BR-021,E-0131,true
RB-CS-003975,RB-C-01884-1,RB-FA-004191,2024-12-17T09:49:23.000Z,2024-12-17T19:58:42.000Z,Email,Card Dispute,Unrecognized Charge,Closed,High,true,3,41.0,BR-021,E-0104,false
RB-CS-003976,RB-C-01884-1,RB-FA-004191,2025-04-16T09:12:02.000Z,,Mobile App,Payments,Wire Status,Escalated,Low,true,3,7.9,BR-021,E-0121,false
RB-CS-003977,RB-C-01884-1,RB-FA-004191,2025-06-20T18:11:34.000Z,2025-06-20T07:44:56.000Z,Voice,Fee Inquiry,ATM Fee,Closed,Medium,true,3,4.1,BR-021,E-0078,false
RB-CS-003978,RB-C-01885-1,RB-FA-004192,2026-07-24T18:14:20.000Z,2026-07-24T15:35:04.000Z,Chat,Account Access,Password Reset,Closed,Low,true,4,8.3,BR-010,E-0111,false
RB-CS-003979,RB-C-01885-1,RB-FA-004192,2025-04-01T07:37:54.000Z,2025-04-01T07:04:25.000Z,Chat,Card Dispute,Duplicate Charge,Closed,High,true,1,10.5,BR-010,E-0108,false
RB-CS-003980,RB-C-01885-1,RB-FA-004192,2026-07-06T08:14:02.000Z,2026-07-06T18:19:55.000Z,Chat,Fraud,Card Compromised,Closed,Medium,true,5,30.9,BR-010,E-0064,true
RB-CS-003981,RB-C-01885-1,RB-FA-004192,2026-02-15T10:43:37.000Z,2026-03-07T15:44:39.000Z,Voice,Card Dispute,Unrecognized Charge,Closed,Low,false,1,42.5,BR-010,E-0089,false
RB-CS-003982,RB-C-01885-1,RB-FA-004193,2025-09-21T18:52:58.000Z,2025-10-05T19:13:13.000Z,Chat,Card Dispute,Duplicate Charge,Closed,Low,false,,4.8,BR-010,E-0070,false
RB-CS-003983,RB-C-01885-1,RB-FA-004193,2025-03-13T17:01:27.000Z,2025-03-13T15:31:59.000Z,Mobile App,Product Question,Eligibility,Closed,Low,true,4,12.3,BR-010,E-0101,true
RB-CS-003984,RB-C-01885-1,RB-FA-004193,2026-07-29T17:56:27.000Z,2026-07-29T14:49:52.000Z,Chat,Fraud,Card Compromised,Closed,Medium,true,3,19.7,BR-010,E-0127,false
RB-CS-003985,RB-C-01887-1,RB-FA-004195,2026-07-28T11:26:57.000Z,2026-07-28T19:16:54.000Z,Branch,Payments,Bill Pay,Closed,Low,true,,8.0,BR-019,E-0098,false
RB-CS-003986,RB-C-01887-1,RB-FA-004196,2025-03-16T12:51:14.000Z,2025-03-23T14:00:34.000Z,Voice,Account Access,MFA,Closed,Low,false,,9.1,BR-019,E-0067,true
RB-CS-003987,RB-C-01888-1,RB-FA-004198,2025-08-03T16:57:46.000Z,2025-08-03T08:24:52.000Z,Voice,Account Access,MFA,Closed,Medium,true,4,5.1,BR-019,E-0100,true
RB-CS-003988,RB-C-01888-1,RB-FA-004198,2025-02-14T07:38:43.000Z,2025-02-16T17:02:47.000Z,Mobile App,Product Question,Eligibility,Closed,Medium,false,,6.0,BR-019,E-0127,true
RB-CS-003989,RB-C-01889-1,RB-FA-004200,2024-10-28T10:00:59.000Z,2024-10-28T17:30:33.000Z,Mobile App,Payments,Failed Transfer,Closed,Medium,true,5,15.8,BR-023,E-0084,true
RB-CS-003990,RB-C-01890-1,RB-FA-004201,2025-08-04T19:54:57.000Z,2025-08-18T18:04:05.000Z,Email,Account Access,MFA,Closed,Medium,false,,37.4,BR-016,E-0121,true
RB-CS-003991,RB-C-01890-1,RB-FA-004201,2026-05-11T15:33:22.000Z,2026-05-19T16:32:54.000Z,Branch,Card Dispute,Merchant Refund,Closed,Medium,false,,26.5,BR-016,E-0094,true
RB-CS-003992,RB-C-01890-1,RB-FA-004201,2025-08-27T17:48:32.000Z,2025-08-27T15:59:41.000Z,Voice,Payments,Failed Transfer,Closed,Low,true,4,17.4,BR-016,E-0098,false
RB-CS-003993,RB-C-01890-1,RB-FA-004201,2026-06-15T16:20:44.000Z,2026-06-15T19:10:15.000Z,Voice,Account Access,Locked Account,Closed,Low,true,,8.8,BR-016,E-0120,true
RB-CS-003994,RB-C-01891-1,RB-FA-004202,2025-09-01T07:42:33.000Z,2025-09-01T12:46:15.000Z,Chat,Card Dispute,Merchant Refund,Closed,Medium,true,4,20.2,BR-022,E-0111,true
RB-CS-003995,RB-C-01891-1,RB-FA-004203,2026-06-06T17:35:11.000Z,2026-06-06T16:45:27.000Z,Email,Fee Inquiry,Overdraft Fee,Closed,High,true,5,29.5,BR-022,E-0071,true
RB-CS-003996,RB-C-01891-1,RB-FA-004204,2024-10-19T12:09:30.000Z,2024-10-19T16:57:24.000Z,Voice,Fraud,Account Takeover,Closed,Low,true,,8.6,BR-022,E-0129,false
RB-CS-003997,RB-C-01891-1,RB-FA-004205,2025-12-23T19:39:24.000Z,2025-12-28T11:57:22.000Z,Branch,Fee Inquiry,Monthly Maintenance,Closed,Medium,false,,7.6,BR-022,E-0125,true
RB-CS-003998,RB-C-01892-1,RB-FA-004206,2026-01-05T10:07:41.000Z,,Chat,Fee Inquiry,Overdraft Fee,Open,Medium,false,2,4.6,BR-001,E-0108,true
RB-CS-003999,RB-C-01892-1,RB-FA-004207,2026-04-25T19:46:19.000Z,2026-04-25T07:12:38.000Z,Email,Account Access,Locked Account,Closed,Medium,true,4,83.5,BR-001,E-0130,false
RB-CS-004000,RB-C-01893-1,RB-FA-004208,2026-04-28T18:06:48.000Z,,Mobile App,Fraud,Account Takeover,Escalated,Medium,true,5,22.5,BR-021,E-0084,true
RB-CS-004001,RB-C-01894-1,RB-FA-004209,2026-07-12T16:42:52.000Z,2026-07-12T12:38:42.000Z,Voice,Payments,Wire Status,Closed,Low,true,1,16.7,BR-013,E-0080,false
RB-CS-004002,RB-C-01895-1,RB-FA-004211,2024-09-01T17:23:37.000Z,2024-09-01T18:13:25.000Z,Voice,Card Dispute,Duplicate Charge,Closed,Low,true,2,21.6,BR-015,E-0109,false
RB-CS-004003,RB-C-01896-1,RB-FA-004213,2025-10-19T11:18:20.000Z,2025-10-31T19:32:08.000Z,Email,Fee Inquiry,Overdraft Fee,Closed,Low,false,,27.7,BR-014,E-0076,false
RB-CS-004004,RB-C-01896-1,RB-FA-004214,2025-06-05T10:29:58.000Z,2025-06-05T17:18:22.000Z,Chat,Account Access,Locked Account,Closed,Medium,true,4,7.2,BR-014,E-0139,true
RB-CS-004005,RB-C-01896-1,RB-FA-004214,2025-05-18T19:24:53.000Z,2025-05-23T11:17:14.000Z,Voice,Fee Inquiry,Monthly Maintenance,Closed,Low,false,2,8.8,BR-014,E-0136,false
RB-CS-004006,RB-C-01897-1,RB-FA-004215,2026-02-19T18:32:59.000Z,2026-02-19T08:03:41.000Z,Mobile App,Payments,Failed Transfer,Closed,Low,true,,7.0,BR-002,E-0102,true
RB-CS-004007,RB-C-01897-1,RB-FA-004215,2025-11-29T15:23:31.000Z,2025-12-19T09:40:21.000Z,Voice,Fraud,Card Compromised,Closed,Low,false,,17.9,BR-002,E-0139,true
RB-CS-004008,RB-C-01898-1,RB-FA-004216,2025-11-11T19:49:26.000Z,2025-11-11T14:34:21.000Z,Chat,Account Access,MFA,Closed,Medium,true,,15.3,BR-003,E-0111,false
RB-CS-004009,RB-C-01898-1,RB-FA-004216,2026-06-20T15:21:29.000Z,,Voice,Card Dispute,Duplicate Charge,Open,Low,false,,3.8,BR-003,E-0109,false
RB-CS-004010,RB-C-01898-1,RB-FA-004217,2026-02-02T13:38:10.000Z,2026-02-02T19:31:27.000Z,Voice,Fraud,Account Takeover,Closed,Low,true,3,7.8,BR-003,E-0138,true
RB-CS-004011,RB-C-01900-1,RB-FA-004220,2025-06-13T16:31:25.000Z,2025-06-13T18:46:37.000Z,Chat,Account Access,Locked Account,Closed,Low,true,,18.6,BR-027,E-0085,false
RB-CS-004012,RB-C-01900-1,RB-FA-004220,2026-01-25T18:24:13.000Z,2026-01-25T08:24:38.000Z,Chat,Account Access,Password Reset,Closed,Low,true,,19.2,BR-027,E-0139,true
RB-CS-004013,RB-C-01900-1,RB-FA-004220,2025-04-24T07:13:58.000Z,,Voice,Account Access,MFA,Escalated,Low,true,5,7.0,BR-027,E-0103,true
RB-CS-004014,RB-C-01900-1,RB-FA-004220,2024-09-26T09:34:34.000Z,2024-09-26T18:54:25.000Z,Chat,Fraud,Card Compromised,Closed,High,true,4,6.1,BR-027,E-0084,false
RB-CS-004015,RB-C-01900-1,RB-FA-004221,2025-06-05T14:13:21.000Z,,Voice,Account Access,Locked Account,Escalated,Low,true,,7.9,BR-027,E-0139,false
RB-CS-004016,RB-C-01901-1,RB-FA-004222,2025-01-05T18:53:46.000Z,2025-01-18T07:20:45.000Z,Voice,Card Dispute,Duplicate Charge,Closed,High,false,,8.2,BR-007,E-0112,true
RB-CS-004017,RB-C-01902-1,RB-FA-004223,2025-08-05T13:02:35.000Z,2025-08-05T12:40:28.000Z,Email,Fee Inquiry,ATM Fee,Closed,Low,true,5,49.2,BR-006,E-0128,false
RB-CS-004018,RB-C-01902-1,RB-FA-004224,2026-02-26T10:16:26.000Z,2026-02-26T08:12:50.000Z,Voice,Product Question,Eligibility,Closed,Low,true,,5.1,BR-006,E-0106,false
RB-CS-004019,RB-C-01902-1,RB-FA-004224,2025-09-07T11:15:30.000Z,2025-09-07T18:47:47.000Z,Chat,Account Access,Password Reset,Closed,High,true,5,14.2,BR-006,E-0086,false
RB-CS-004020,RB-C-01902-1,RB-FA-004224,2026-02-01T19:51:56.000Z,2026-02-11T18:58:27.000Z,Chat,Card Dispute,Duplicate Charge,Closed,High,false,,7.6,BR-006,E-0086,false
RB-CS-004021,RB-C-01903-1,RB-FA-004225,2026-07-04T12:48:24.000Z,2026-07-04T18:11:09.000Z,Email,Account Access,Locked Account,Closed,Low,true,4,20.7,BR-006,E-0139,true
RB-CS-004022,RB-C-01905-1,RB-FA-004227,2026-05-11T14:50:04.000Z,2026-05-11T19:17:34.000Z,Email,Product Question,Eligibility,Closed,Low,true,,13.2,BR-006,E-0106,true
RB-CS-004023,RB-C-01906-1,RB-FA-004230,2025-08-13T08:23:44.000Z,2025-08-13T09:56:17.000Z,Email,Fee Inquiry,Monthly Maintenance,Closed,High,true,,29.5,BR-002,E-0128,true
RB-CS-004024,RB-C-01907-1,RB-FA-004232,2025-03-18T18:01:38.000Z,2025-03-22T14:50:23.000Z,Voice,Card Dispute,Unrecognized Charge,Closed,Low,false,,12.6,BR-003,E-0118,true
RB-CS-004025,RB-C-01908-1,RB-FA-004233,2025-01-12T13:28:41.000Z,2025-01-12T11:54:31.000Z,Chat,Account Access,MFA,Closed,Low,true,1,7.9,BR-001,E-0133,false
RB-CS-004026,RB-C-01909-1,RB-FA-004235,2025-10-28T08:24:31.000Z,2025-11-07T14:12:11.000Z,Chat,Product Question,Eligibility,Closed,Low,false,,23.9,BR-016,E-0087,true
RB-CS-004027,RB-C-01910-1,RB-FA-004237,2025-06-01T11:36:29.000Z,2025-06-01T13:12:39.000Z,Chat,Product Question,Eligibility,Closed,Low,true,,14.2,BR-014,E-0113,false
RB-CS-004028,RB-C-01911-1,RB-FA-004240,2026-07-01T14:02:47.000Z,2026-07-01T19:50:54.000Z,Voice,Card Dispute,Merchant Refund,Closed,Low,true,5,12.5,BR-025,E-0077,false
RB-CS-004029,RB-C-01911-1,RB-FA-004240,2026-01-10T12:52:34.000Z,2026-01-10T18:04:24.000Z,Voice,Fee Inquiry,ATM Fee,Closed,Medium,true,5,20.4,BR-025,E-0098,false
RB-CS-004030,RB-C-01912-1,RB-FA-004241,2024-10-22T10:49:09.000Z,2024-10-30T12:20:29.000Z,Branch,Card Dispute,Merchant Refund,Closed,Low,false,1,30.8,BR-002,E-0111,false
RB-CS-004031,RB-C-01912-1,RB-FA-004241,2025-09-08T15:58:03.000Z,2025-09-18T19:41:54.000Z,Mobile App,Payments,Failed Transfer,Closed,High,false,3,20.9,BR-002,E-0137,false
RB-CS-004032,RB-C-01912-1,RB-FA-004241,2025-06-27T10:13:17.000Z,2025-06-27T16:30:39.000Z,Voice,Fraud,Card Compromised,Closed,Medium,true,5,11.7,BR-002,E-0085,true
RB-CS-004033,RB-C-01912-1,RB-FA-004242,2024-12-20T17:06:46.000Z,2025-01-07T17:05:22.000Z,Chat,Card Dispute,Duplicate Charge,Closed,Low,false,,8.7,BR-002,E-0106,true
RB-CS-004034,RB-C-01912-1,RB-FA-004243,2024-11-22T09:42:21.000Z,2024-11-22T17:23:20.000Z,Voice,Fee Inquiry,Overdraft Fee,Closed,Low,true,,12.3,BR-002,E-0117,false
RB-CS-004035,RB-C-01912-1,RB-FA-004243,2025-07-19T13:05:49.000Z,2025-07-19T18:55:17.000Z,Chat,Fee Inquiry,Overdraft Fee,Closed,Medium,true,,21.2,BR-002,E-0090,false
RB-CS-004036,RB-C-01913-1,RB-FA-004246,2026-08-12T08:14:53.000Z,2026-08-12T08:45:23.000Z,Chat,Fee Inquiry,Monthly Maintenance,Closed,Low,true,,8.8,BR-008,E-0063,false
RB-CS-004037,RB-C-01913-1,RB-FA-004247,2024-12-13T11:49:30.000Z,,Email,Product Question,Eligibility,Escalated,Low,true,,21.0,BR-008,E-0125,false
RB-CS-004038,RB-C-01913-1,RB-FA-004247,2025-05-29T13:08:17.000Z,2025-05-29T18:26:13.000Z,Chat,Payments,Wire Status,Closed,Low,true,4,6.4,BR-008,E-0140,true
RB-CS-004039,RB-C-01914-1,RB-FA-004248,2025-09-02T16:37:18.000Z,2025-09-22T10:34:55.000Z,Voice,Card Dispute,Duplicate Charge,Closed,High,false,3,15.8,BR-029,E-0061,false
RB-CS-004040,RB-C-01915-1,RB-FA-004249,2025-01-08T13:46:07.000Z,2025-01-08T15:51:54.000Z,Email,Payments,Wire Status,Closed,Low,true,,22.4,BR-003,E-0073,false
RB-CS-004041,RB-C-01915-1,RB-FA-004250,2025-08-07T12:51:46.000Z,,Chat,Fee Inquiry,Overdraft Fee,Escalated,High,true,5,18.6,BR-003,E-0131,true
RB-CS-004042,RB-C-01916-1,RB-FA-004252,2025-04-18T18:35:45.000Z,2025-04-18T09:37:24.000Z,Voice,Product Question,Rates,Closed,Medium,true,,18.7,BR-007,E-0126,false
RB-CS-004043,RB-C-01916-1,RB-FA-004252,2024-10-28T17:33:28.000Z,2024-10-31T11:25:55.000Z,Voice,Payments,Wire Status,Closed,Medium,false,,7.5,BR-007,E-0104,true
RB-CS-004044,RB-C-01917-1,RB-FA-004256,2026-01-02T07:28:37.000Z,2026-01-02T17:46:01.000Z,Chat,Card Dispute,Unrecognized Charge,Closed,Low,true,5,13.6,BR-016,E-0073,false
RB-CS-004045,RB-C-01917-1,RB-FA-004256,2025-03-27T13:55:36.000Z,2025-03-27T16:23:28.000Z,Mobile App,Fraud,Account Takeover,Closed,Low,true,4,13.3,BR-016,E-0065,false
RB-CS-004046,RB-C-01917-1,RB-FA-004257,2026-05-27T15:25:49.000Z,2026-06-17T11:51:51.000Z,Mobile App,Card Dispute,Merchant Refund,Closed,Low,false,,15.5,BR-016,E-0096,false
RB-CS-004047,RB-C-01917-1,RB-FA-004257,2025-07-18T19:30:50.000Z,2025-07-18T13:13:27.000Z,Branch,Payments,Failed Transfer,Closed,Low,true,5,6.7,BR-016,E-0095,true
RB-CS-004048,RB-C-01918-1,RB-FA-004258,2025-12-01T09:20:22.000Z,2025-12-18T10:12:50.000Z,Voice,Fee Inquiry,Monthly Maintenance,Closed,Medium,false,3,7.4,BR-012,E-0089,false
RB-CS-004049,RB-C-01919-1,RB-FA-004259,2026-07-17T13:52:02.000Z,2026-07-17T13:27:16.000Z,Mobile App,Payments,Failed Transfer,Closed,Low,true,5,22.5,BR-017,E-0069,false
RB-CS-004050,RB-C-01919-1,RB-FA-004260,2025-11-19T17:31:38.000Z,2025-11-19T13:29:21.000Z,Email,Product Question,Eligibility,Closed,Medium,true,5,11.1,BR-017,E-0102,false
RB-CS-004051,RB-C-01919-1,RB-FA-004260,2025-07-04T19:06:12.000Z,2025-07-04T16:46:02.000Z,Branch,Product Question,Rates,Closed,Low,true,5,29.0,BR-017,E-0092,true
RB-CS-004052,RB-C-01919-1,RB-FA-004260,2026-01-28T09:45:59.000Z,2026-02-03T14:26:47.000Z,Chat,Card Dispute,Duplicate Charge,Closed,Low,false,5,48.2,BR-017,E-0131,true
RB-CS-004053,RB-C-01919-1,RB-FA-004260,2024-09-23T15:24:51.000Z,2024-10-14T19:34:55.000Z,Chat,Card Dispute,Duplicate Charge,Closed,Low,false,3,27.2,BR-017,E-0093,false
RB-CS-004054,RB-C-01922-1,RB-FA-004264,2026-04-03T12:29:01.000Z,2026-04-03T11:16:19.000Z,Mobile App,Product Question,Eligibility,Closed,Low,true,3,5.3,BR-018,E-0085,false
RB-CS-004055,RB-C-01922-1,RB-FA-004265,2025-02-19T07:32:19.000Z,2025-02-19T12:17:47.000Z,Chat,Product Question,Eligibility,Closed,Low,true,,8.0,BR-018,E-0086,false
RB-CS-004056,RB-C-01922-1,RB-FA-004266,2026-03-15T18:29:16.000Z,2026-03-15T08:17:04.000Z,Voice,Payments,Failed Transfer,Closed,Medium,true,4,14.6,BR-018,E-0064,false
RB-CS-004057,RB-C-01923-1,RB-FA-004269,2025-10-08T13:13:45.000Z,2025-10-16T08:11:14.000Z,Email,Account Access,MFA,Closed,Medium,false,3,23.1,BR-017,E-0082,false
RB-CS-004058,RB-C-01924-1,RB-FA-004270,2026-06-07T14:29:08.000Z,2026-06-17T08:48:52.000Z,Chat,Payments,Failed Transfer,Closed,High,false,3,7.3,BR-009,E-0104,true
RB-CS-004059,RB-C-01924-1,RB-FA-004270,2024-09-01T14:09:45.000Z,2024-09-01T18:03:00.000Z,Voice,Payments,Wire Status,Closed,Low,true,,12.0,BR-009,E-0069,true
RB-CS-004060,RB-C-01924-1,RB-FA-004270,2025-03-06T07:26:28.000Z,2025-03-12T13:40:19.000Z,Voice,Card Dispute,Merchant Refund,Closed,Medium,false,2,5.9,BR-009,E-0085,false
RB-CS-004061,RB-C-01924-1,RB-FA-004271,2024-12-11T11:51:16.000Z,2024-12-11T17:28:02.000Z,Chat,Card Dispute,Merchant Refund,Closed,Medium,true,4,5.4,BR-009,E-0090,true
RB-CS-004062,RB-C-01925-1,RB-FA-004274,2025-08-10T16:16:13.000Z,2025-08-10T12:17:09.000Z,Voice,Fee Inquiry,Overdraft Fee,Closed,Low,true,,8.1,BR-024,E-0096,false
RB-CS-004063,RB-C-01926-1,RB-FA-004275,2025-03-17T18:59:46.000Z,2025-03-17T13:30:18.000Z,Email,Account Access,MFA,Closed,Medium,true,,29.5,BR-021,E-0093,true
RB-CS-004064,RB-C-01926-1,RB-FA-004276,2025-12-23T12:51:21.000Z,2025-12-23T17:04:24.000Z,Voice,Fee Inquiry,Monthly Maintenance,Closed,Medium,true,5,8.4,BR-021,E-0085,true
RB-CS-004065,RB-C-01926-1,RB-FA-004276,2026-08-20T12:09:29.000Z,,Email,Product Question,Rates,In Progress,Low,true,,43.8,BR-021,E-0131,true
RB-CS-004066,RB-C-01926-1,RB-FA-004276,2026-08-16T19:21:06.000Z,2026-08-16T07:11:38.000Z,Chat,Payments,Failed Transfer,Closed,Low,true,1,2.3,BR-021,E-0103,false
RB-CS-004067,RB-C-01926-1,RB-FA-004276,2026-08-15T14:17:56.000Z,2026-08-15T19:01:52.000Z,Voice,Fraud,Card Compromised,Closed,Medium,true,5,15.6,BR-021,E-0065,false
RB-CS-004068,RB-C-01927-1,RB-FA-004277,2026-01-28T16:39:26.000Z,2026-01-28T11:55:59.000Z,Voice,Account Access,Password Reset,Closed,High,true,5,10.7,BR-013,E-0111,true
RB-CS-004069,RB-C-01927-1,RB-FA-004278,2026-04-13T17:13:27.000Z,2026-04-13T19:51:44.000Z,Branch,Card Dispute,Unrecognized Charge,Closed,Low,true,,5.2,BR-013,E-0114,false
RB-CS-004070,RB-C-01928-1,RB-FA-004279,2025-02-24T08:39:08.000Z,,Voice,Fee Inquiry,Monthly Maintenance,In Progress,Medium,true,,11.1,BR-010,E-0115,false
RB-CS-004071,RB-C-01928-1,RB-FA-004279,2025-05-12T19:08:01.000Z,,Voice,Card Dispute,Duplicate Charge,In Progress,High,true,4,9.0,BR-010,E-0125,false
RB-CS-004072,RB-C-01928-1,RB-FA-004280,2025-07-15T13:00:42.000Z,2025-07-16T10:43:53.000Z,Chat,Account Access,MFA,Closed,Low,false,,13.4,BR-010,E-0092,true
RB-CS-004073,RB-C-01928-1,RB-FA-004281,2026-03-24T14:51:13.000Z,2026-04-14T16:36:30.000Z,Chat,Account Access,Password Reset,Closed,Low,false,4,21.5,BR-010,E-0084,false
RB-CS-004074,RB-C-01928-1,RB-FA-004281,2025-11-27T15:16:32.000Z,2025-11-27T13:56:28.000Z,Email,Card Dispute,Merchant Refund,Closed,Medium,true,5,50.2,BR-010,E-0103,false
RB-CS-004075,RB-C-01928-1,RB-FA-004281,2025-04-26T19:43:14.000Z,2025-04-26T17:35:55.000Z,Email,Account Access,Locked Account,Closed,Low,true,5,38.9,BR-010,E-0077,false
RB-CS-004076,RB-C-01928-1,RB-FA-004281,2026-08-12T11:30:48.000Z,2026-08-12T13:23:16.000Z,Chat,Fee Inquiry,Monthly Maintenance,Closed,Medium,true,,9.9,BR-010,E-0080,false
RB-CS-004077,RB-C-01930-1,RB-FA-004283,2024-10-24T13:07:09.000Z,2024-10-24T08:07:46.000Z,Email,Account Access,Locked Account,Closed,Medium,true,3,31.5,BR-021,E-0074,false
RB-CS-004078,RB-C-01930-1,RB-FA-004285,2026-06-29T11:13:03.000Z,2026-06-30T15:22:06.000Z,Email,Product Question,Eligibility,Closed,Medium,false,,27.1,BR-021,E-0087,false
RB-CS-004079,RB-C-01930-1,RB-FA-004286,2026-07-10T12:23:21.000Z,2026-07-27T12:26:08.000Z,Mobile App,Card Dispute,Unrecognized Charge,Closed,Low,false,,13.9,BR-021,E-0138,false
RB-CS-004080,RB-C-01930-1,RB-FA-004286,2025-08-14T16:38:08.000Z,2025-08-14T08:42:47.000Z,Mobile App,Account Access,Locked Account,Closed,High,true,,7.8,BR-021,E-0133,false
RB-CS-004081,RB-C-01931-1,RB-FA-004288,2025-09-18T16:15:32.000Z,2025-09-20T11:11:24.000Z,Voice,Card Dispute,Merchant Refund,Closed,Medium,false,,10.6,BR-003,E-0088,false
RB-CS-004082,RB-C-01931-1,RB-FA-004289,2024-10-13T18:30:38.000Z,2024-10-13T17:42:11.000Z,Email,Fee Inquiry,ATM Fee,Closed,Low,true,3,13.0,BR-003,E-0129,false
RB-CS-004083,RB-C-01931-1,RB-FA-004289,2026-05-12T17:35:29.000Z,2026-05-12T19:06:42.000Z,Chat,Card Dispute,Merchant Refund,Closed,Medium,true,,10.2,BR-003,E-0117,false
RB-CS-004084,RB-C-01931-1,RB-FA-004289,2025-05-11T17:08:13.000Z,2025-05-12T11:06:15.000Z,Chat,Card Dispute,Merchant Refund,Closed,Medium,false,,26.0,BR-003,E-0116,false
RB-CS-004085,RB-C-01931-1,RB-FA-004289,2025-01-14T09:30:59.000Z,2025-01-14T18:00:14.000Z,Chat,Card Dispute,Unrecognized Charge,Closed,Low,true,,10.1,BR-003,E-0083,false
RB-CS-004086,RB-C-01934-1,RB-FA-004297,2025-07-30T14:29:57.000Z,2025-08-09T12:52:07.000Z,Chat,Fee Inquiry,Monthly Maintenance,Closed,Low,false,4,18.7,BR-007,E-0076,false
RB-CS-004087,RB-C-01934-1,RB-FA-004297,2026-05-27T08:57:59.000Z,2026-05-27T07:55:42.000Z,Email,Fee Inquiry,Monthly Maintenance,Closed,Low,true,3,17.9,BR-007,E-0091,true
RB-CS-004088,RB-C-01934-1,RB-FA-004297,2025-04-12T15:48:31.000Z,2025-04-12T18:20:43.000Z,Email,Card Dispute,Duplicate Charge,Closed,Medium,true,,29.3,BR-007,E-0108,true
RB-CS-004089,RB-C-01934-1,RB-FA-004298,2025-11-11T07:20:26.000Z,2025-11-11T11:56:48.000Z,Mobile App,Fraud,Account Takeover,Closed,Low,true,3,8.9,BR-007,E-0069,false
RB-CS-004090,RB-C-01934-1,RB-FA-004298,2025-06-09T14:39:47.000Z,2025-06-09T16:36:50.000Z,Chat,Product Question,Rates,Closed,Low,true,5,5.7,BR-007,E-0134,true
RB-CS-004091,RB-C-01934-1,RB-FA-004298,2026-05-07T11:56:31.000Z,2026-05-07T17:09:13.000Z,Voice,Account Access,Password Reset,Closed,Low,true,5,10.0,BR-007,E-0106,false
RB-CS-004092,RB-C-01934-1,RB-FA-004298,2025-03-03T18:07:04.000Z,2025-03-03T09:07:15.000Z,Chat,Payments,Failed Transfer,Closed,Low,true,3,8.9,BR-007,E-0075,false
RB-CS-004093,RB-C-01935-1,RB-FA-004300,2026-08-19T07:29:41.000Z,2026-08-19T19:46:59.000Z,Email,Fee Inquiry,Overdraft Fee,Closed,Low,true,4,32.4,BR-006,E-0079,false
RB-CS-004094,RB-C-01935-1,RB-FA-004300,2025-12-09T13:26:34.000Z,2025-12-14T11:00:28.000Z,Chat,Fee Inquiry,Overdraft Fee,Closed,Medium,false,,11.1,BR-006,E-0092,true
RB-CS-004095,RB-C-01935-1,RB-FA-004301,2026-06-24T08:39:01.000Z,2026-07-15T12:07:34.000Z,Voice,Product Question,Eligibility,Closed,Low,false,4,13.8,BR-006,E-0086,true
RB-CS-004096,RB-C-01936-1,RB-FA-004303,2025-10-26T17:31:02.000Z,2025-10-26T17:24:10.000Z,Mobile App,Payments,Wire Status,Closed,Low,true,4,25.4,BR-022,E-0095,false
RB-CS-004097,RB-C-01936-1,RB-FA-004305,2025-12-13T09:21:21.000Z,2025-12-13T17:44:50.000Z,Chat,Account Access,Locked Account,Closed,Low,true,,16.9,BR-022,E-0066,true
RB-CS-004098,RB-C-01937-1,RB-FA-004306,2025-03-11T13:22:33.000Z,2025-03-11T09:22:00.000Z,Chat,Fee Inquiry,Overdraft Fee,Closed,Medium,true,5,10.1,BR-016,E-0132,true
RB-CS-004099,RB-C-01937-1,RB-FA-004306,2025-10-15T18:47:41.000Z,2025-10-15T16:06:19.000Z,Email,Payments,Wire Status,Closed,High,true,,16.3,BR-016,E-0083,true
RB-CS-004100,RB-C-01937-1,RB-FA-004306,2025-10-21T12:17:28.000Z,2025-11-10T10:00:35.000Z,Mobile App,Product Question,Eligibility,Closed,Low,false,5,13.9,BR-016,E-0096,false
RB-CS-004101,RB-C-01937-1,RB-FA-004306,2024-12-31T19:52:54.000Z,2025-01-17T11:28:48.000Z,Voice,Account Access,Locked Account,Closed,Medium,false,,7.4,BR-016,E-0110,true
RB-CS-004102,RB-C-01938-1,RB-FA-004308,2024-12-20T14:19:36.000Z,2024-12-20T12:48:27.000Z,Email,Fraud,Card Compromised,Closed,Low,true,3,31.5,BR-009,E-0123,true
RB-CS-004103,RB-C-01940-1,RB-FA-004312,2025-01-20T12:12:14.000Z,2025-01-20T08:55:59.000Z,Voice,Card Dispute,Duplicate Charge,Closed,Medium,true,4,19.2,BR-022,E-0082,false
RB-CS-004104,RB-C-01940-1,RB-FA-004315,2026-04-09T17:48:46.000Z,2026-04-15T12:13:41.000Z,Mobile App,Product Question,Rates,Closed,Low,false,,20.8,BR-022,E-0106,true
RB-CS-004105,RB-C-01940-1,RB-FA-004315,2024-10-12T17:08:30.000Z,2024-10-12T09:07:17.000Z,Voice,Card Dispute,Merchant Refund,Closed,Low,true,,20.4,BR-022,E-0064,false
RB-CS-004106,RB-C-01940-1,RB-FA-004315,2024-12-08T14:08:39.000Z,,Voice,Fraud,Account Takeover,In Progress,Medium,false,,9.1,BR-022,E-0111,false
RB-CS-004107,RB-C-01942-1,RB-FA-004318,2025-09-19T15:24:49.000Z,2025-09-19T10:20:46.000Z,Branch,Card Dispute,Merchant Refund,Closed,Low,true,,10.9,BR-007,E-0083,true
RB-CS-004108,RB-C-01942-1,RB-FA-004318,2025-09-30T08:52:48.000Z,2025-09-30T13:42:04.000Z,Chat,Account Access,Locked Account,Closed,Low,true,4,10.2,BR-007,E-0107,false
RB-CS-004109,RB-C-01943-1,RB-FA-004319,2024-12-09T14:12:18.000Z,2024-12-09T19:04:35.000Z,Email,Account Access,MFA,Closed,Low,true,5,10.1,BR-003,E-0126,false
RB-CS-004110,RB-C-01944-1,RB-FA-004321,2024-11-19T12:39:22.000Z,2024-12-06T13:20:20.000Z,Voice,Fee Inquiry,Overdraft Fee,Closed,Medium,false,,4.4,BR-017,E-0119,true
RB-CS-004111,RB-C-01944-1,RB-FA-004322,2026-08-23T18:35:39.000Z,2026-08-31T16:10:16.000Z,Chat,Card Dispute,Unrecognized Charge,Closed,Low,false,5,19.7,BR-017,E-0105,true
RB-CS-004112,RB-C-01946-1,RB-FA-004324,2026-08-29T12:32:46.000Z,2026-08-29T12:44:33.000Z,Voice,Card Dispute,Merchant Refund,Closed,Medium,true,,14.9,BR-011,E-0103,false
RB-CS-004113,RB-C-01946-1,RB-FA-004325,2025-05-24T09:05:00.000Z,2025-05-31T14:42:55.000Z,Voice,Fee Inquiry,Overdraft Fee,Closed,Low,false,4,6.2,BR-011,E-0077,false
RB-CS-004114,RB-C-01948-1,RB-FA-004328,2026-04-07T16:58:37.000Z,2026-04-07T11:36:27.000Z,Voice,Fee Inquiry,ATM Fee,Closed,Low,true,,8.0,BR-018,E-0088,true
RB-CS-004115,RB-C-01949-1,RB-FA-004330,2025-07-21T12:26:46.000Z,2025-08-06T12:56:49.000Z,Voice,Card Dispute,Duplicate Charge,Closed,Low,false,2,19.0,BR-002,E-0092,false
RB-CS-004116,RB-C-01949-1,RB-FA-004330,2025-03-03T10:16:13.000Z,2025-03-03T10:23:10.000Z,Email,Fee Inquiry,Overdraft Fee,Closed,Medium,true,3,54.0,BR-002,E-0072,false
RB-CS-004117,RB-C-01949-1,RB-FA-004330,2025-06-21T18:07:28.000Z,2025-06-27T11:47:17.000Z,Email,Fee Inquiry,Monthly Maintenance,Closed,Medium,false,,28.2,BR-002,E-0087,false
RB-CS-004118,RB-C-01949-1,RB-FA-004330,2026-05-12T07:28:41.000Z,2026-05-31T11:05:58.000Z,Voice,Fraud,Account Takeover,Closed,Medium,false,,6.3,BR-002,E-0087,false
RB-CS-004119,RB-C-01950-1,RB-FA-004334,2025-04-25T09:41:00.000Z,2025-04-25T16:46:05.000Z,Chat,Card Dispute,Merchant Refund,Closed,Low,true,4,8.6,BR-020,E-0064,true
RB-CS-004120,RB-C-01950-1,RB-FA-004334,2026-04-18T14:33:41.000Z,2026-04-18T09:04:23.000Z,Mobile App,Fraud,Card Compromised,Closed,Low,true,3,3.7,BR-020,E-0081,true
RB-CS-004121,RB-C-01951-1,RB-FA-004335,2024-12-14T12:29:15.000Z,2024-12-14T07:49:55.000Z,Email,Product Question,Eligibility,Closed,Medium,true,,25.1,BR-007,E-0078,true
RB-CS-004122,RB-C-01952-1,RB-FA-004336,2025-09-18T18:00:15.000Z,2025-09-18T17:00:00.000Z,Chat,Payments,Bill Pay,Closed,Medium,true,,4.4,BR-023,E-0104,false
RB-CS-004123,RB-C-01952-1,RB-FA-004336,2025-04-04T16:50:53.000Z,2025-04-04T17:55:51.000Z,Email,Product Question,Rates,Closed,Medium,true,,26.9,BR-023,E-0137,false
RB-CS-004124,RB-C-01952-1,RB-FA-004337,2026-01-07T07:27:00.000Z,,Mobile App,Fraud,Card Compromised,Open,Low,true,4,11.9,BR-023,E-0120,false
RB-CS-004125,RB-C-01953-1,RB-FA-004338,2025-04-08T10:50:53.000Z,2025-04-08T13:07:12.000Z,Chat,Fee Inquiry,Monthly Maintenance,Closed,Medium,true,,9.2,BR-005,E-0104,true
RB-CS-004126,RB-C-01954-1,RB-FA-004340,2026-07-12T09:22:08.000Z,2026-07-12T10:16:06.000Z,Email,Account Access,Password Reset,Closed,Low,true,,23.3,BR-013,E-0103,false
RB-CS-004127,RB-C-01954-1,RB-FA-004340,2025-03-23T15:17:24.000Z,2025-03-23T08:29:49.000Z,Voice,Account Access,Password Reset,Closed,Low,true,4,8.0,BR-013,E-0084,true
RB-CS-004128,RB-C-01954-1,RB-FA-004341,2026-04-17T16:32:46.000Z,2026-04-17T10:56:57.000Z,Chat,Fee Inquiry,Overdraft Fee,Closed,Medium,true,,18.8,BR-013,E-0072,false
RB-CS-004129,RB-C-01955-1,RB-FA-004342,2025-12-26T13:04:28.000Z,2025-12-26T18:18:22.000Z,Voice,Card Dispute,Unrecognized Charge,Closed,Low,true,4,23.3,BR-004,E-0101,false
RB-CS-004130,RB-C-01955-1,RB-FA-004342,2026-04-03T14:28:15.000Z,,Chat,Card Dispute,Merchant Refund,In Progress,Medium,false,,7.0,BR-004,E-0062,true
RB-CS-004131,RB-C-01955-1,RB-FA-004342,2026-08-25T07:43:48.000Z,,Email,Account Access,Locked Account,Open,Low,false,4,16.6,BR-004,E-0065,false
RB-CS-004132,RB-C-01955-1,RB-FA-004342,2024-10-10T10:33:26.000Z,,Chat,Payments,Bill Pay,Escalated,Low,true,5,5.7,BR-004,E-0111,false
RB-CS-004133,RB-C-01955-1,RB-FA-004343,2026-03-08T15:34:09.000Z,2026-03-08T16:48:09.000Z,Mobile App,Fee Inquiry,Overdraft Fee,Closed,Low,true,4,7.1,BR-004,E-0129,true
RB-CS-004134,RB-C-01956-1,RB-FA-004345,2025-10-11T11:00:54.000Z,2025-10-11T10:55:01.000Z,Branch,Payments,Failed Transfer,Closed,Low,true,,24.8,BR-017,E-0064,false
RB-CS-004135,RB-C-01957-1,RB-FA-004346,2025-06-04T16:03:59.000Z,2025-06-04T07:36:52.000Z,Mobile App,Payments,Failed Transfer,Closed,Low,true,5,12.1,BR-010,E-0079,true
RB-CS-004136,RB-C-01957-1,RB-FA-004347,2025-02-18T08:54:52.000Z,,Branch,Account Access,Locked Account,Open,Medium,false,2,6.1,BR-010,E-0077,false
RB-CS-004137,RB-C-01957-1,RB-FA-004349,2024-12-11T18:32:58.000Z,2024-12-11T08:02:39.000Z,Voice,Fee Inquiry,Monthly Maintenance,Closed,Low,true,,13.3,BR-010,E-0080,false
RB-CS-004138,RB-C-01957-1,RB-FA-004349,2025-02-07T19:53:33.000Z,2025-02-07T08:52:08.000Z,Mobile App,Fee Inquiry,Monthly Maintenance,Closed,High,true,4,8.1,BR-010,E-0132,true
RB-CS-004139,RB-C-01958-1,RB-FA-004350,2026-03-25T10:21:22.000Z,2026-03-25T08:42:36.000Z,Email,Fraud,Card Compromised,Closed,Medium,true,4,18.7,BR-027,E-0074,true
RB-CS-004140,RB-C-01959-1,RB-FA-004352,2024-10-05T13:06:03.000Z,2024-10-05T19:50:33.000Z,Mobile App,Account Access,Password Reset,Closed,Low,true,5,13.0,BR-019,E-0079,true
RB-CS-004141,RB-C-01959-1,RB-FA-004353,2025-06-11T17:42:56.000Z,2025-06-11T12:49:32.000Z,Chat,Card Dispute,Duplicate Charge,Closed,Low,true,,9.9,BR-019,E-0112,false
RB-CS-004142,RB-C-01960-1,RB-FA-004354,2025-10-01T13:26:30.000Z,2025-10-01T16:53:17.000Z,Voice,Card Dispute,Duplicate Charge,Closed,Low,true,5,8.2,BR-007,E-0104,true
RB-CS-004143,RB-C-01961-1,RB-FA-004356,2025-07-30T19:54:54.000Z,2025-07-30T18:12:26.000Z,Voice,Product Question,Rates,Closed,Medium,true,4,10.5,BR-009,E-0078,true
RB-CS-004144,RB-C-01961-1,RB-FA-004357,2025-06-12T07:17:54.000Z,2025-06-12T19:06:01.000Z,Voice,Product Question,Eligibility,Closed,Medium,true,2,15.1,BR-009,E-0065,true
RB-CS-004145,RB-C-01963-1,RB-FA-004359,2025-02-15T16:55:55.000Z,2025-02-15T10:16:36.000Z,Branch,Card Dispute,Unrecognized Charge,Closed,Medium,true,,11.1,BR-008,E-0124,false
RB-CS-004146,RB-C-01963-1,RB-FA-004359,2025-09-10T18:37:33.000Z,2025-09-26T08:55:25.000Z,Mobile App,Payments,Wire Status,Closed,High,false,,8.8,BR-008,E-0092,true
RB-CS-004147,RB-C-01964-1,RB-FA-004363,2025-12-30T16:29:18.000Z,2025-12-30T14:03:50.000Z,Chat,Fraud,Card Compromised,Closed,Medium,true,,16.7,BR-009,E-0096,true
RB-CS-004148,RB-C-01964-1,RB-FA-004363,2024-12-20T12:03:53.000Z,2025-01-06T18:55:33.000Z,Email,Card Dispute,Merchant Refund,Closed,Low,false,5,22.1,BR-009,E-0135,true
RB-CS-004149,RB-C-01964-1,RB-FA-004364,2025-03-25T11:37:19.000Z,2025-03-25T18:22:48.000Z,Branch,Card Dispute,Merchant Refund,Closed,Medium,true,4,10.7,BR-009,E-0134,false
RB-CS-004150,RB-C-01964-1,RB-FA-004365,2026-01-22T12:47:33.000Z,2026-02-06T16:21:58.000Z,Voice,Product Question,Rates,Closed,Medium,false,1,11.5,BR-009,E-0084,false
RB-CS-004151,RB-C-01965-1,RB-FA-004367,2026-01-29T12:40:35.000Z,2026-01-30T08:31:37.000Z,Voice,Product Question,Rates,Closed,Medium,false,5,22.8,BR-022,E-0121,true
RB-CS-004152,RB-C-01965-1,RB-FA-004367,2025-03-14T14:49:46.000Z,2025-03-17T11:12:56.000Z,Voice,Account Access,MFA,Closed,Low,false,,8.3,BR-022,E-0119,false
RB-CS-004153,RB-C-01965-1,RB-FA-004367,2024-12-19T11:53:58.000Z,2024-12-24T12:06:34.000Z,Mobile App,Account Access,Locked Account,Closed,Low,false,5,27.5,BR-022,E-0129,false
RB-CS-004154,RB-C-01965-1,RB-FA-004368,2025-08-25T17:26:11.000Z,2025-08-25T07:15:08.000Z,Voice,Account Access,Locked Account,Closed,Medium,true,,5.8,BR-022,E-0117,false
RB-CS-004155,RB-C-01966-1,RB-FA-004369,2025-07-27T12:04:24.000Z,2025-07-31T18:58:02.000Z,Voice,Card Dispute,Merchant Refund,Closed,High,false,,12.5,BR-006,E-0109,false
RB-CS-004156,RB-C-01967-1,RB-FA-004371,2025-08-10T07:30:45.000Z,2025-08-10T10:39:55.000Z,Branch,Account Access,Password Reset,Closed,Medium,true,,8.9,BR-028,E-0124,true
RB-CS-004157,RB-C-01968-1,RB-FA-004373,2024-12-31T17:16:45.000Z,2024-12-31T15:57:31.000Z,Chat,Product Question,Eligibility,Closed,High,true,,3.5,BR-001,E-0103,true
RB-CS-004158,RB-C-01968-1,RB-FA-004374,2024-12-20T07:58:35.000Z,2025-01-07T15:32:12.000Z,Chat,Payments,Wire Status,Closed,Low,false,,5.7,BR-001,E-0063,false
RB-CS-004159,RB-C-01968-1,RB-FA-004376,2026-06-03T07:03:44.000Z,2026-06-03T16:22:55.000Z,Voice,Account Access,MFA,Closed,Medium,true,3,8.7,BR-001,E-0125,false
RB-CS-004160,RB-C-01969-1,RB-FA-004377,2025-03-21T12:52:42.000Z,2025-03-21T10:03:23.000Z,Voice,Fee Inquiry,Monthly Maintenance,Closed,Medium,true,4,19.8,BR-009,E-0131,false
RB-CS-004161,RB-C-01970-1,RB-FA-004380,2026-03-02T14:17:32.000Z,2026-03-02T15:48:18.000Z,Chat,Card Dispute,Merchant Refund,Closed,Medium,true,3,8.1,BR-028,E-0086,false
RB-CS-004162,RB-C-01971-1,RB-FA-004381,2026-03-17T07:16:28.000Z,2026-03-17T10:15:35.000Z,Voice,Card Dispute,Merchant Refund,Closed,Medium,true,,8.8,BR-013,E-0099,false
RB-CS-004163,RB-C-01972-1,RB-FA-004384,2026-05-01T15:15:12.000Z,2026-05-02T11:53:29.000Z,Branch,Card Dispute,Duplicate Charge,Closed,High,false,4,6.6,BR-005,E-0098,true
RB-CS-004164,RB-C-01973-1,RB-FA-004386,2026-04-10T14:44:32.000Z,2026-04-10T10:32:48.000Z,Voice,Fee Inquiry,Overdraft Fee,Closed,Low,true,5,10.3,BR-009,E-0097,false
RB-CS-004165,RB-C-01973-1,RB-FA-004387,2025-08-19T14:22:52.000Z,,Mobile App,Product Question,Rates,In Progress,Low,false,5,8.6,BR-009,E-0094,false
RB-CS-004166,RB-C-01974-1,RB-FA-004388,2025-12-24T09:48:19.000Z,2025-12-24T15:43:34.000Z,Voice,Account Access,MFA,Closed,Low,true,5,9.3,BR-010,E-0115,false
RB-CS-004167,RB-C-01975-1,RB-FA-004390,2025-02-12T14:20:53.000Z,2025-02-18T13:16:38.000Z,Chat,Account Access,Password Reset,Closed,Low,false,,13.5,BR-028,E-0062,true
RB-CS-004168,RB-C-01975-1,RB-FA-004390,2025-01-12T19:16:49.000Z,2025-01-12T09:27:40.000Z,Email,Payments,Bill Pay,Closed,Medium,true,,10.5,BR-028,E-0100,false
RB-CS-004169,RB-C-01975-1,RB-FA-004390,2026-08-11T10:24:29.000Z,2026-08-14T15:49:43.000Z,Mobile App,Card Dispute,Duplicate Charge,Closed,Low,false,,14.4,BR-028,E-0099,true
RB-CS-004170,RB-C-01975-1,RB-FA-004392,2025-06-21T12:55:41.000Z,2025-06-21T12:11:35.000Z,Chat,Account Access,MFA,Closed,Medium,true,3,11.3,BR-028,E-0061,true
RB-CS-004171,RB-C-01977-1,RB-FA-004394,2025-10-07T07:48:48.000Z,2025-10-07T14:56:56.000Z,Voice,Account Access,Password Reset,Closed,High,true,4,6.4,BR-014,E-0114,false
RB-CS-004172,RB-C-01977-1,RB-FA-004395,2025-07-11T15:10:07.000Z,2025-07-11T15:27:12.000Z,Chat,Product Question,Eligibility,Closed,Low,true,,12.8,BR-014,E-0065,true
RB-CS-004173,RB-C-01978-1,RB-FA-004396,2025-03-08T09:08:02.000Z,2025-03-21T07:42:42.000Z,Email,Card Dispute,Duplicate Charge,Closed,Medium,false,,20.2,BR-023,E-0073,false
RB-CS-004174,RB-C-01980-1,RB-FA-004398,2026-02-04T17:21:56.000Z,2026-02-19T15:33:51.000Z,Voice,Account Access,Password Reset,Closed,Low,false,2,19.9,BR-020,E-0115,false
RB-CS-004175,RB-C-01980-1,RB-FA-004399,2025-05-21T18:40:10.000Z,2025-05-21T12:30:52.000Z,Mobile App,Product Question,Eligibility,Closed,Low,true,1,5.5,BR-020,E-0104,true
RB-CS-004176,RB-C-01981-1,RB-FA-004400,2025-02-28T09:23:04.000Z,2025-03-16T13:03:11.000Z,Voice,Fee Inquiry,ATM Fee,Closed,High,false,,8.5,BR-003,E-0121,false
RB-CS-004177,RB-C-01983-1,RB-FA-004404,2026-01-20T18:41:43.000Z,,Mobile App,Account Access,Locked Account,Escalated,Low,false,5,11.1,BR-030,E-0072,true
RB-CS-004178,RB-C-01984-1,RB-FA-004405,2026-03-03T12:53:12.000Z,2026-03-03T10:58:02.000Z,Mobile App,Account Access,MFA,Closed,High,true,5,13.0,BR-011,E-0093,false
RB-CS-004179,RB-C-01984-1,RB-FA-004406,2026-01-03T15:08:20.000Z,2026-01-03T11:21:43.000Z,Chat,Card Dispute,Unrecognized Charge,Closed,Low,true,,10.2,BR-011,E-0097,true
RB-CS-004180,RB-C-01985-1,RB-FA-004408,2025-01-13T09:02:35.000Z,2025-01-29T08:46:01.000Z,Voice,Product Question,Rates,Closed,Medium,false,,5.3,BR-010,E-0069,false
RB-CS-004181,RB-C-01985-1,RB-FA-004408,2025-04-03T10:07:50.000Z,2025-04-13T17:19:40.000Z,Voice,Account Access,Locked Account,Closed,Low,false,,8.4,BR-010,E-0072,false
RB-CS-004182,RB-C-01985-1,RB-FA-004410,2026-07-06T15:48:56.000Z,2026-07-18T15:01:16.000Z,Mobile App,Account Access,MFA,Closed,Medium,false,1,4.3,BR-010,E-0077,true
RB-CS-004183,RB-C-01988-1,RB-FA-004414,2025-05-17T13:06:09.000Z,2025-05-17T07:14:19.000Z,Chat,Fee Inquiry,Monthly Maintenance,Closed,Medium,true,,12.6,BR-016,E-0121,false
RB-CS-004184,RB-C-01988-1,RB-FA-004414,2024-11-21T12:38:32.000Z,2024-11-21T12:41:27.000Z,Voice,Payments,Failed Transfer,Closed,Medium,true,4,7.8,BR-016,E-0067,false
RB-CS-004185,RB-C-01988-1,RB-FA-004414,2025-10-05T07:47:50.000Z,2025-10-05T09:19:41.000Z,Voice,Payments,Wire Status,Closed,Low,true,,8.2,BR-016,E-0118,true
RB-CS-004186,RB-C-01988-1,RB-FA-004414,2025-02-05T16:05:59.000Z,2025-02-05T19:55:00.000Z,Chat,Card Dispute,Unrecognized Charge,Closed,Low,true,,8.5,BR-016,E-0071,true
RB-CS-004187,RB-C-01990-1,RB-FA-004419,2026-03-08T14:38:59.000Z,2026-03-19T13:38:25.000Z,Email,Fee Inquiry,Overdraft Fee,Closed,High,false,5,21.8,BR-028,E-0085,false
RB-CS-004188,RB-C-01990-1,RB-FA-004419,2025-02-05T12:10:48.000Z,2025-02-05T17:21:42.000Z,Chat,Account Access,Password Reset,Closed,Medium,true,,19.0,BR-028,E-0097,false
RB-CS-004189,RB-C-01990-1,RB-FA-004419,2025-04-24T10:59:52.000Z,2025-04-24T08:35:01.000Z,Voice,Payments,Bill Pay,Closed,High,true,4,10.1,BR-028,E-0084,false
RB-CS-004190,RB-C-01990-1,RB-FA-004419,2025-04-26T13:41:04.000Z,2025-04-26T11:48:55.000Z,Voice,Fee Inquiry,ATM Fee,Closed,Low,true,,7.9,BR-028,E-0070,false
RB-CS-004191,RB-C-01991-1,RB-FA-004420,2025-12-06T08:46:16.000Z,,Voice,Payments,Wire Status,Open,Medium,true,,14.8,BR-001,E-0112,true
RB-CS-004192,RB-C-01991-1,RB-FA-004420,2025-04-10T09:54:46.000Z,2025-04-10T09:06:32.000Z,Email,Fee Inquiry,Overdraft Fee,Closed,Medium,true,,17.5,BR-001,E-0139,false
RB-CS-004193,RB-C-01991-1,RB-FA-004420,2026-07-10T16:21:13.000Z,2026-07-10T14:18:08.000Z,Voice,Fee Inquiry,Overdraft Fee,Closed,High,true,5,6.1,BR-001,E-0080,false
RB-CS-004194,RB-C-01991-1,RB-FA-004420,2026-01-10T12:34:17.000Z,2026-01-26T19:14:05.000Z,Email,Card Dispute,Merchant Refund,Closed,Medium,false,5,27.2,BR-001,E-0093,false
RB-CS-004195,RB-C-01992-1,RB-FA-004421,2025-08-17T12:08:44.000Z,2025-08-17T17:13:55.000Z,Chat,Fee Inquiry,Monthly Maintenance,Closed,Low,true,,3.8,BR-007,E-0122,true
RB-CS-004196,RB-C-01992-1,RB-FA-004422,2026-05-23T07:45:13.000Z,2026-06-01T14:03:11.000Z,Voice,Card Dispute,Unrecognized Charge,Closed,Low,false,2,11.4,BR-007,E-0082,false
RB-CS-004197,RB-C-01993-1,RB-FA-004424,2026-07-26T10:55:05.000Z,2026-07-26T14:17:32.000Z,Email,Fee Inquiry,Overdraft Fee,Closed,Medium,true,,23.7,BR-011,E-0110,false
RB-CS-004198,RB-C-01994-1,RB-FA-004425,2024-09-17T17:40:29.000Z,,Voice,Fraud,Card Compromised,Escalated,Low,true,3,13.8,BR-006,E-0110,false
RB-CS-004199,RB-C-01994-1,RB-FA-004426,2025-09-11T19:59:10.000Z,2025-09-11T19:02:27.000Z,Voice,Card Dispute,Merchant Refund,Closed,Medium,true,,18.6,BR-006,E-0094,true
RB-CS-004200,RB-C-01995-1,RB-FA-004427,2026-05-13T17:49:22.000Z,2026-05-13T17:36:08.000Z,Chat,Account Access,Password Reset,Closed,High,true,3,12.7,BR-027,E-0068,false
RB-CS-004201,RB-C-01995-1,RB-FA-004428,2025-07-27T15:55:56.000Z,2025-08-12T18:54:22.000Z,Chat,Card Dispute,Unrecognized Charge,Closed,Low,false,3,12.1,BR-027,E-0097,true
RB-CS-004202,RB-C-01995-1,RB-FA-004429,2025-01-10T14:42:03.000Z,2025-01-10T14:57:50.000Z,Voice,Account Access,MFA,Closed,Medium,true,,10.3,BR-027,E-0087,true
RB-CS-004203,RB-C-01995-1,RB-FA-004429,2024-09-10T18:52:32.000Z,2024-09-10T16:05:15.000Z,Mobile App,Account Access,MFA,Closed,Low,true,5,21.5,BR-027,E-0106,false
RB-CS-004204,RB-C-01996-1,RB-FA-004430,2026-06-17T15:27:23.000Z,2026-06-25T13:13:53.000Z,Voice,Payments,Failed Transfer,Closed,Medium,false,,21.2,BR-015,E-0103,true
RB-CS-004205,RB-C-01996-1,RB-FA-004431,2026-04-15T16:20:31.000Z,2026-04-15T10:26:07.000Z,Email,Fee Inquiry,Overdraft Fee,Closed,Low,true,4,32.8,BR-015,E-0119,false
RB-CS-004206,RB-C-01996-1,RB-FA-004431,2025-05-26T19:07:27.000Z,2025-06-07T08:32:53.000Z,Branch,Account Access,Password Reset,Closed,Medium,false,,17.8,BR-015,E-0077,true
RB-CS-004207,RB-C-01996-1,RB-FA-004431,2025-04-05T07:50:39.000Z,2025-04-05T13:34:58.000Z,Voice,Account Access,Password Reset,Closed,High,true,,22.8,BR-015,E-0108,false
RB-CS-004208,RB-C-01996-1,RB-FA-004431,2026-07-04T14:06:17.000Z,2026-07-04T19:39:25.000Z,Email,Account Access,MFA,Closed,Low,true,5,51.0,BR-015,E-0095,true
RB-CS-004209,RB-C-01997-1,RB-FA-004432,2026-01-04T10:51:46.000Z,,Mobile App,Account Access,Locked Account,In Progress,High,true,5,15.7,BR-009,E-0077,false
RB-CS-004210,RB-C-01997-1,RB-FA-004433,2026-01-05T15:55:11.000Z,2026-01-05T11:45:25.000Z,Chat,Payments,Wire Status,Closed,Low,true,2,7.6,BR-009,E-0133,true
RB-CS-004211,RB-C-01998-1,RB-FA-004434,2026-04-19T12:44:44.000Z,2026-04-19T16:20:01.000Z,Mobile App,Account Access,MFA,Closed,High,true,4,9.7,BR-009,E-0108,true
RB-CS-004212,RB-C-01998-1,RB-FA-004434,2026-05-22T18:59:19.000Z,2026-05-22T15:15:40.000Z,Branch,Card Dispute,Merchant Refund,Closed,Medium,true,5,8.1,BR-009,E-0078,true
RB-CS-004213,RB-C-01998-1,RB-FA-004435,2025-05-10T18:53:26.000Z,2025-05-10T08:54:56.000Z,Voice,Account Access,Password Reset,Closed,Low,true,,5.7,BR-009,E-0105,false
RB-CS-004214,RB-C-01998-1,RB-FA-004435,2026-06-17T19:28:46.000Z,,Chat,Product Question,Rates,Open,Low,true,2,9.6,BR-009,E-0131,true
RB-CS-004215,RB-C-01998-1,RB-FA-004435,2025-08-11T12:37:30.000Z,2025-08-11T19:15:00.000Z,Chat,Fee Inquiry,Overdraft Fee,Closed,Low,true,,9.9,BR-009,E-0120,false
RB-CS-004216,RB-C-01998-1,RB-FA-004436,2024-09-07T11:49:02.000Z,2024-09-07T19:21:59.000Z,Voice,Account Access,Locked Account,Closed,Low,true,,6.6,BR-009,E-0105,false
RB-CS-004217,RB-C-02000-1,RB-FA-004440,2026-06-13T08:03:21.000Z,2026-06-13T12:11:20.000Z,Email,Account Access,Locked Account,Closed,Medium,true,5,27.5,BR-019,E-0110,true
RB-CS-004218,RB-C-02000-1,RB-FA-004440,2024-10-07T15:44:15.000Z,2024-10-25T09:57:25.000Z,Chat,Fee Inquiry,Monthly Maintenance,Closed,High,false,,5.0,BR-019,E-0140,false
RB-CS-004219,RB-C-02000-1,RB-FA-004440,2026-04-15T07:11:02.000Z,2026-04-15T13:03:21.000Z,Voice,Product Question,Rates,Closed,Medium,true,4,11.3,BR-019,E-0112,true
RB-CS-004220,RB-C-02002-1,RB-FA-004442,2024-11-10T18:15:23.000Z,2024-11-10T08:43:44.000Z,Chat,Account Access,MFA,Closed,High,true,,23.9,BR-030,E-0124,false
RB-CS-004221,RB-C-02002-1,RB-FA-004443,2026-06-21T16:34:14.000Z,2026-06-21T12:30:05.000Z,Voice,Account Access,Locked Account,Closed,Medium,true,,7.2,BR-030,E-0118,false
RB-CS-004222,RB-C-02002-1,RB-FA-004443,2024-09-07T18:44:42.000Z,,Chat,Payments,Wire Status,Open,Medium,false,5,7.3,BR-030,E-0109,false
RB-CS-004223,RB-C-02002-1,RB-FA-004443,2025-12-29T11:11:51.000Z,2025-12-30T18:03:27.000Z,Voice,Fraud,Account Takeover,Closed,Low,false,,8.8,BR-030,E-0137,false
RB-CS-004224,RB-C-02002-1,RB-FA-004443,2025-11-16T16:11:57.000Z,2025-11-20T09:37:18.000Z,Branch,Fee Inquiry,Monthly Maintenance,Closed,Low,false,,9.1,BR-030,E-0134,false
RB-CS-004225,RB-C-02002-1,RB-FA-004444,2024-11-19T19:19:44.000Z,2024-11-19T17:39:43.000Z,Email,Account Access,Password Reset,Closed,Low,true,,34.1,BR-030,E-0107,false
RB-CS-004226,RB-C-02003-1,RB-FA-004445,2026-01-03T11:25:55.000Z,2026-01-15T18:31:46.000Z,Chat,Payments,Failed Transfer,Closed,Medium,false,,5.2,BR-003,E-0080,false
RB-CS-004227,RB-C-02003-1,RB-FA-004446,2026-01-09T12:17:17.000Z,2026-01-29T08:06:03.000Z,Voice,Card Dispute,Duplicate Charge,Closed,Low,false,,7.5,BR-003,E-0116,false
RB-CS-004228,RB-C-02003-1,RB-FA-004446,2026-02-10T07:55:31.000Z,2026-02-10T15:29:25.000Z,Chat,Card Dispute,Unrecognized Charge,Closed,Low,true,,17.7,BR-003,E-0081,true
RB-CS-004229,RB-C-02003-1,RB-FA-004446,2026-06-09T19:04:32.000Z,2026-06-09T19:56:59.000Z,Email,Fee Inquiry,ATM Fee,Closed,Low,true,3,23.8,BR-003,E-0078,true
RB-CS-004230,RB-C-02003-1,RB-FA-004446,2026-01-12T15:55:10.000Z,2026-01-12T10:35:58.000Z,Chat,Product Question,Eligibility,Closed,Low,true,5,8.1,BR-003,E-0134,true
RB-CS-004231,RB-C-02004-1,RB-FA-004447,2026-07-31T10:33:59.000Z,,Mobile App,Fee Inquiry,ATM Fee,In Progress,Medium,false,3,6.6,BR-024,E-0096,true
RB-CS-004232,RB-C-02005-1,RB-FA-004450,2026-04-02T10:00:07.000Z,2026-04-11T09:14:05.000Z,Chat,Card Dispute,Unrecognized Charge,Closed,Low,false,,19.6,BR-022,E-0069,false
RB-CS-004233,RB-C-02007-1,RB-FA-004454,2026-04-17T08:29:54.000Z,2026-04-17T17:21:25.000Z,Email,Card Dispute,Unrecognized Charge,Closed,Medium,true,4,12.6,BR-006,E-0082,false
RB-CS-004234,RB-C-02007-1,RB-FA-004455,2025-12-11T09:28:51.000Z,2025-12-11T12:30:44.000Z,Mobile App,Card Dispute,Unrecognized Charge,Closed,Medium,true,3,5.7,BR-006,E-0123,true
RB-CS-004235,RB-C-02010-1,RB-FA-004460,2024-11-19T13:06:51.000Z,2024-11-19T19:42:51.000Z,Mobile App,Card Dispute,Unrecognized Charge,Closed,Low,true,,4.9,BR-009,E-0069,true
RB-CS-004236,RB-C-02010-1,RB-FA-004461,2026-04-29T17:50:28.000Z,2026-05-17T11:44:12.000Z,Email,Product Question,Rates,Closed,High,false,,21.9,BR-009,E-0064,false
RB-CS-004237,RB-C-02011-1,RB-FA-004462,2025-06-06T09:19:50.000Z,2025-06-06T17:51:40.000Z,Voice,Fee Inquiry,ATM Fee,Closed,High,true,,13.3,BR-016,E-0075,false
RB-CS-004238,RB-C-02011-1,RB-FA-004462,2024-12-02T17:54:51.000Z,,Voice,Fee Inquiry,Overdraft Fee,Escalated,Medium,true,,11.2,BR-016,E-0067,true
RB-CS-004239,RB-C-02011-1,RB-FA-004462,2026-07-15T12:01:03.000Z,2026-07-15T15:49:21.000Z,Voice,Fee Inquiry,ATM Fee,Closed,Low,true,3,7.7,BR-016,E-0139,false
RB-CS-004240,RB-C-02011-1,RB-FA-004462,2025-02-01T12:50:24.000Z,2025-02-01T14:13:08.000Z,Chat,Account Access,MFA,Closed,High,true,,12.7,BR-016,E-0064,false
RB-CS-004241,RB-C-02013-1,RB-FA-004464,2026-01-15T15:16:12.000Z,2026-01-15T07:43:59.000Z,Mobile App,Card Dispute,Duplicate Charge,Closed,Low,true,,11.0,BR-027,E-0087,false
RB-CS-004242,RB-C-02013-1,RB-FA-004464,2025-06-22T10:06:45.000Z,2025-07-06T16:23:05.000Z,Email,Fraud,Card Compromised,Closed,Medium,false,,26.3,BR-027,E-0093,false
RB-CS-004243,RB-C-02014-1,RB-FA-004466,2025-12-27T11:20:38.000Z,2025-12-30T11:05:40.000Z,Branch,Account Access,Password Reset,Closed,High,false,,7.5,BR-008,E-0102,false
RB-CS-004244,RB-C-02014-1,RB-FA-004467,2024-12-19T16:08:55.000Z,2024-12-24T09:13:00.000Z,Mobile App,Product Question,Eligibility,Closed,Medium,false,,6.8,BR-008,E-0122,false
RB-CS-004245,RB-C-02015-1,RB-FA-004469,2025-12-29T11:12:52.000Z,2025-12-29T19:37:40.000Z,Mobile App,Fee Inquiry,Monthly Maintenance,Closed,Medium,true,,3.9,BR-017,E-0119,true
RB-CS-004246,RB-C-02015-1,RB-FA-004469,2024-10-31T08:38:01.000Z,2024-11-06T08:25:04.000Z,Branch,Fee Inquiry,Monthly Maintenance,Closed,Medium,false,,7.6,BR-017,E-0065,true
RB-CS-004247,RB-C-02015-1,RB-FA-004469,2026-06-05T09:09:37.000Z,2026-06-05T12:05:35.000Z,Email,Product Question,Eligibility,Closed,Medium,true,,13.4,BR-017,E-0090,true
RB-CS-004248,RB-C-02015-1,RB-FA-004469,2025-02-28T18:48:15.000Z,2025-02-28T14:24:00.000Z,Voice,Product Question,Eligibility,Closed,Medium,true,,22.6,BR-017,E-0082,false
RB-CS-004249,RB-C-02017-1,RB-FA-004472,2024-09-08T17:45:24.000Z,2024-09-08T16:40:34.000Z,Branch,Card Dispute,Duplicate Charge,Closed,Low,true,,12.1,BR-027,E-0131,false
RB-CS-004250,RB-C-02017-1,RB-FA-004474,2024-10-13T10:08:48.000Z,2024-10-13T13:24:54.000Z,Chat,Fee Inquiry,ATM Fee,Closed,High,true,5,13.0,BR-027,E-0124,false
RB-CS-004251,RB-C-02017-1,RB-FA-004474,2024-10-26T07:03:31.000Z,2024-10-26T15:31:39.000Z,Branch,Account Access,MFA,Closed,Medium,true,4,13.6,BR-027,E-0119,false
RB-CS-004252,RB-C-02017-1,RB-FA-004474,2025-06-19T08:16:37.000Z,2025-07-10T16:39:22.000Z,Branch,Card Dispute,Merchant Refund,Closed,Medium,false,2,14.9,BR-027,E-0133,false
RB-CS-004253,RB-C-02017-1,RB-FA-004474,2026-06-02T15:14:13.000Z,2026-06-15T10:10:33.000Z,Chat,Account Access,MFA,Closed,Medium,false,,7.7,BR-027,E-0062,false
RB-CS-004254,RB-C-02018-1,RB-FA-004476,2025-11-30T08:02:23.000Z,2025-12-02T13:06:27.000Z,Email,Fee Inquiry,Overdraft Fee,Closed,Low,false,1,25.3,BR-024,E-0138,false
RB-CS-004255,RB-C-02020-1,RB-FA-004479,2025-06-19T07:43:40.000Z,2025-06-28T19:01:35.000Z,Mobile App,Fee Inquiry,Monthly Maintenance,Closed,Medium,false,3,7.0,BR-024,E-0130,false
RB-CS-004256,RB-C-02021-1,RB-FA-004481,2025-08-31T18:43:02.000Z,2025-08-31T14:33:03.000Z,Voice,Fee Inquiry,Overdraft Fee,Closed,Medium,true,1,9.9,BR-008,E-0061,false
RB-CS-004257,RB-C-02021-1,RB-FA-004481,2025-06-22T15:58:10.000Z,2025-06-23T10:53:28.000Z,Chat,Payments,Bill Pay,Closed,Medium,false,,26.4,BR-008,E-0105,false
RB-CS-004258,RB-C-02021-1,RB-FA-004481,2025-07-27T15:44:12.000Z,2025-07-27T10:33:00.000Z,Voice,Fee Inquiry,Monthly Maintenance,Closed,Medium,true,,10.2,BR-008,E-0094,true
RB-CS-004259,RB-C-02021-1,RB-FA-004481,2024-09-21T11:09:56.000Z,2024-10-05T12:14:10.000Z,Voice,Card Dispute,Unrecognized Charge,Closed,Low,false,2,9.8,BR-008,E-0081,false
RB-CS-004260,RB-C-02022-1,RB-FA-004483,2025-10-01T17:44:48.000Z,2025-10-01T14:41:30.000Z,Voice,Payments,Failed Transfer,Closed,Low,true,3,7.1,BR-016,E-0134,false
RB-CS-004261,RB-C-02023-1,RB-FA-004486,2025-10-21T17:18:36.000Z,2025-10-21T18:09:14.000Z,Voice,Product Question,Eligibility,Closed,Low,true,5,5.7,BR-004,E-0118,false
RB-CS-004262,RB-C-02026-1,RB-FA-004491,2026-06-13T08:35:23.000Z,2026-06-13T15:18:22.000Z,Email,Fee Inquiry,Monthly Maintenance,Closed,Medium,true,2,28.2,BR-003,E-0076,false
RB-CS-004263,RB-C-02028-1,RB-FA-004494,2026-05-25T07:55:53.000Z,2026-05-25T18:02:08.000Z,Voice,Product Question,Rates,Closed,Low,true,3,17.3,BR-021,E-0136,false
RB-CS-004264,RB-C-02029-1,RB-FA-004496,2025-04-16T07:03:34.000Z,,Voice,Account Access,Password Reset,Escalated,Low,false,,8.2,BR-012,E-0089,false
RB-CS-004265,RB-C-02029-1,RB-FA-004496,2025-05-21T08:20:55.000Z,2025-05-21T07:07:17.000Z,Chat,Product Question,Rates,Closed,Low,true,,13.8,BR-012,E-0077,false
RB-CS-004266,RB-C-02029-1,RB-FA-004496,2026-05-01T15:14:34.000Z,2026-05-01T12:24:44.000Z,Chat,Fraud,Card Compromised,Closed,Low,true,,11.0,BR-012,E-0124,false
RB-CS-004267,RB-C-02029-1,RB-FA-004497,2025-10-20T10:18:28.000Z,2025-10-20T13:51:31.000Z,Chat,Card Dispute,Unrecognized Charge,Closed,High,true,3,18.0,BR-012,E-0099,false
RB-CS-004268,RB-C-02030-1,RB-FA-004500,2025-12-11T08:46:19.000Z,2025-12-21T12:33:36.000Z,Branch,Card Dispute,Merchant Refund,Closed,Medium,false,2,8.3,BR-001,E-0105,false
RB-CS-004269,RB-C-02030-1,RB-FA-004500,2024-12-29T18:19:57.000Z,2024-12-29T15:40:58.000Z,Voice,Fee Inquiry,ATM Fee,Closed,Medium,true,,8.0,BR-001,E-0082,false
RB-CS-004270,RB-C-02030-1,RB-FA-004500,2026-02-23T16:12:00.000Z,2026-02-23T16:43:03.000Z,Chat,Fee Inquiry,Overdraft Fee,Closed,Medium,true,4,10.7,BR-001,E-0061,true
RB-CS-004271,RB-C-02030-1,RB-FA-004500,2025-12-01T13:09:05.000Z,2025-12-01T14:19:08.000Z,Chat,Fee Inquiry,ATM Fee,Closed,Medium,true,4,24.0,BR-001,E-0096,true
RB-CS-004272,RB-C-02031-1,RB-FA-004501,2026-06-09T11:51:06.000Z,2026-06-09T12:41:33.000Z,Voice,Payments,Bill Pay,Closed,Low,true,4,9.5,BR-012,E-0096,true
RB-CS-004273,RB-C-02033-1,RB-FA-004504,2025-09-10T16:01:58.000Z,2025-09-29T09:05:59.000Z,Mobile App,Account Access,Password Reset,Closed,High,false,,9.2,BR-014,E-0094,true
RB-CS-004274,RB-C-02033-1,RB-FA-004506,2026-08-12T15:41:57.000Z,2026-08-12T13:47:28.000Z,Voice,Fraud,Card Compromised,Closed,Low,true,4,13.1,BR-014,E-0134,true
RB-CS-004275,RB-C-02034-1,RB-FA-004508,2025-11-24T15:06:24.000Z,2025-11-24T11:19:59.000Z,Voice,Account Access,MFA,Closed,Low,true,3,16.8,BR-010,E-0066,false
RB-CS-004276,RB-C-02035-1,RB-FA-004510,2025-07-09T11:44:29.000Z,2025-07-09T07:46:05.000Z,Email,Fee Inquiry,ATM Fee,Closed,Medium,true,5,14.4,BR-014,E-0065,true
RB-CS-004277,RB-C-02036-1,RB-FA-004512,2025-10-30T17:55:30.000Z,2025-10-30T19:11:35.000Z,Chat,Card Dispute,Duplicate Charge,Closed,Low,true,,7.4,BR-003,E-0082,false
RB-CS-004278,RB-C-02037-1,RB-FA-004514,2024-12-23T19:52:42.000Z,2024-12-29T19:52:06.000Z,Voice,Product Question,Eligibility,Closed,Low,false,2,9.1,BR-016,E-0129,false
RB-CS-004279,RB-C-02037-1,RB-FA-004514,2026-05-29T11:50:06.000Z,2026-05-29T07:05:19.000Z,Voice,Fee Inquiry,Monthly Maintenance,Closed,Low,true,5,8.6,BR-016,E-0130,false
RB-CS-004280,RB-C-02037-1,RB-FA-004514,2026-07-04T08:41:16.000Z,2026-07-14T12:21:43.000Z,Voice,Fee Inquiry,Monthly Maintenance,Closed,Low,false,4,35.0,BR-016,E-0119,false
RB-CS-004281,RB-C-02037-1,RB-FA-004514,2026-03-14T09:49:26.000Z,2026-03-26T17:32:09.000Z,Voice,Card Dispute,Merchant Refund,Closed,Low,false,1,8.9,BR-016,E-0139,true
RB-CS-004282,RB-C-02037-1,RB-FA-004515,2026-06-29T09:14:16.000Z,2026-06-29T19:19:08.000Z,Chat,Product Question,Rates,Closed,Low,true,1,16.2,BR-016,E-0076,false
RB-CS-004283,RB-C-02038-1,RB-FA-004517,2026-06-04T19:38:04.000Z,2026-06-05T12:04:00.000Z,Voice,Card Dispute,Merchant Refund,Closed,Low,false,,18.0,BR-001,E-0140,true
RB-CS-004284,RB-C-02038-1,RB-FA-004517,2026-07-22T14:03:25.000Z,2026-07-22T15:01:07.000Z,Chat,Account Access,Locked Account,Closed,Medium,true,,16.7,BR-001,E-0070,false
RB-CS-004285,RB-C-02039-1,RB-FA-004519,2025-05-21T12:06:20.000Z,2025-05-21T11:28:31.000Z,Chat,Account Access,Password Reset,Closed,Medium,true,4,4.6,BR-002,E-0128,true
RB-CS-004286,RB-C-02039-1,RB-FA-004520,2025-09-06T08:28:51.000Z,2025-09-06T17:59:21.000Z,Chat,Card Dispute,Unrecognized Charge,Closed,Medium,true,,10.2,BR-002,E-0103,true
RB-CS-004287,RB-C-02039-1,RB-FA-004520,2026-02-01T18:05:27.000Z,2026-02-01T16:33:10.000Z,Mobile App,Fee Inquiry,ATM Fee,Closed,Medium,true,5,10.9,BR-002,E-0127,false
RB-CS-004288,RB-C-02040-1,RB-FA-004521,2025-09-26T18:16:27.000Z,2025-10-11T18:05:22.000Z,Email,Product Question,Eligibility,Closed,Low,false,3,35.6,BR-003,E-0099,true
RB-CS-004289,RB-C-02040-1,RB-FA-004521,2024-10-26T12:14:24.000Z,2024-10-26T13:35:24.000Z,Email,Card Dispute,Duplicate Charge,Closed,Low,true,1,27.6,BR-003,E-0092,true
RB-CS-004290,RB-C-02040-1,RB-FA-004521,2026-07-03T12:31:13.000Z,2026-07-10T12:32:16.000Z,Chat,Card Dispute,Unrecognized Charge,Closed,Medium,false,2,9.6,BR-003,E-0088,true
RB-CS-004291,RB-C-02040-1,RB-FA-004522,2026-04-10T13:34:20.000Z,2026-04-10T11:01:17.000Z,Voice,Account Access,MFA,Closed,Medium,true,,19.7,BR-003,E-0120,false
RB-CS-004292,RB-C-02041-1,RB-FA-004523,2026-03-04T16:17:55.000Z,2026-03-04T14:50:18.000Z,Mobile App,Card Dispute,Merchant Refund,Closed,Low,true,,10.4,BR-003,E-0138,false
RB-CS-004293,RB-C-02041-1,RB-FA-004524,2025-12-27T17:32:29.000Z,2025-12-27T17:26:08.000Z,Mobile App,Fee Inquiry,Monthly Maintenance,Closed,Low,true,,16.3,BR-003,E-0078,true
RB-CS-004294,RB-C-02041-1,RB-FA-004524,2026-06-27T10:02:28.000Z,2026-06-27T08:07:28.000Z,Mobile App,Card Dispute,Duplicate Charge,Closed,High,true,,9.8,BR-003,E-0119,true
RB-CS-004295,RB-C-02041-1,RB-FA-004525,2024-11-08T09:09:21.000Z,2024-11-08T07:06:16.000Z,Chat,Payments,Failed Transfer,Closed,Medium,true,,23.0,BR-003,E-0122,true
RB-CS-004296,RB-C-02042-1,RB-FA-004527,2024-11-09T13:11:19.000Z,2024-11-09T12:43:40.000Z,Voice,Card Dispute,Unrecognized Charge,Closed,Medium,true,,6.6,BR-018,E-0131,false
RB-CS-004297,RB-C-02043-1,RB-FA-004529,2026-01-24T16:29:37.000Z,2026-01-24T10:49:28.000Z,Voice,Product Question,Rates,Closed,Low,true,,12.9,BR-015,E-0099,false
RB-CS-004298,RB-C-02044-1,RB-FA-004532,2026-03-26T11:00:33.000Z,2026-03-26T16:30:19.000Z,Mobile App,Payments,Bill Pay,Closed,Medium,true,,14.1,BR-015,E-0076,false
RB-CS-004299,RB-C-02044-1,RB-FA-004532,2026-04-30T08:42:06.000Z,2026-04-30T17:04:57.000Z,Email,Fee Inquiry,ATM Fee,Closed,Low,true,5,21.9,BR-015,E-0114,false
RB-CS-004300,RB-C-02044-1,RB-FA-004532,2025-09-04T11:31:16.000Z,2025-09-04T09:04:18.000Z,Voice,Fee Inquiry,ATM Fee,Closed,Low,true,4,16.5,BR-015,E-0137,true
RB-CS-004301,RB-C-02044-1,RB-FA-004532,2026-02-04T08:02:26.000Z,2026-02-08T18:47:28.000Z,Chat,Account Access,Locked Account,Closed,Medium,false,,9.6,BR-015,E-0098,false
RB-CS-004302,RB-C-02045-1,RB-FA-004535,2025-01-07T15:31:51.000Z,2025-01-07T17:18:53.000Z,Branch,Fee Inquiry,Overdraft Fee,Closed,High,true,,6.3,BR-020,E-0137,false
RB-CS-004303,RB-C-02046-1,RB-FA-004536,2024-10-16T14:19:33.000Z,2024-10-16T11:35:14.000Z,Branch,Payments,Failed Transfer,Closed,High,true,4,16.4,BR-020,E-0099,true
RB-CS-004304,RB-C-02048-1,RB-FA-004540,2026-04-19T13:39:20.000Z,,Mobile App,Card Dispute,Duplicate Charge,Escalated,High,true,,10.8,BR-004,E-0086,true
RB-CS-004305,RB-C-02048-1,RB-FA-004540,2025-03-01T18:51:33.000Z,2025-03-01T11:19:03.000Z,Chat,Card Dispute,Duplicate Charge,Closed,High,true,4,17.6,BR-004,E-0078,false
RB-CS-004306,RB-C-02050-1,RB-FA-004544,2026-08-27T08:43:12.000Z,,Chat,Product Question,Rates,Escalated,Low,false,3,13.1,BR-013,E-0127,false
RB-CS-004307,RB-C-02050-1,RB-FA-004544,2026-01-04T16:15:41.000Z,2026-01-04T09:21:42.000Z,Voice,Payments,Failed Transfer,Closed,Low,true,5,12.0,BR-013,E-0123,true
RB-CS-004308,RB-C-02050-1,RB-FA-004544,2026-01-06T07:24:38.000Z,2026-01-06T09:30:11.000Z,Chat,Payments,Bill Pay,Closed,Low,true,2,7.7,BR-013,E-0112,true
RB-CS-004309,RB-C-02050-1,RB-FA-004544,2025-05-28T12:52:18.000Z,2025-05-28T10:04:19.000Z,Branch,Fee Inquiry,Monthly Maintenance,Closed,Medium,true,3,11.8,BR-013,E-0109,false
RB-CS-004310,RB-C-02051-1,RB-FA-004546,2024-10-17T14:03:12.000Z,2024-10-17T12:05:30.000Z,Chat,Fee Inquiry,Monthly Maintenance,Closed,Low,true,5,8.3,BR-009,E-0123,true
RB-CS-004311,RB-C-02051-1,RB-FA-004546,2024-09-14T13:45:38.000Z,2024-09-14T15:11:41.000Z,Chat,Product Question,Rates,Closed,Low,true,,15.5,BR-009,E-0075,true
RB-CS-004312,RB-C-02051-1,RB-FA-004547,2026-06-22T10:32:05.000Z,2026-06-22T19:55:06.000Z,Mobile App,Fee Inquiry,Monthly Maintenance,Closed,Low,true,5,5.4,BR-009,E-0103,true
RB-CS-004313,RB-C-02051-1,RB-FA-004547,2025-12-12T10:33:37.000Z,2025-12-12T17:27:46.000Z,Voice,Card Dispute,Unrecognized Charge,Closed,Medium,true,,13.1,BR-009,E-0082,true
RB-CS-004314,RB-C-02051-1,RB-FA-004547,2025-10-30T09:59:40.000Z,2025-10-30T14:55:15.000Z,Branch,Payments,Bill Pay,Closed,Low,true,,4.1,BR-009,E-0080,true
RB-CS-004315,RB-C-02051-1,RB-FA-004547,2025-12-06T07:50:19.000Z,2025-12-06T17:20:07.000Z,Mobile App,Product Question,Rates,Closed,Medium,true,,8.7,BR-009,E-0084,false
RB-CS-004316,RB-C-02051-1,RB-FA-004548,2024-10-03T11:51:32.000Z,2024-10-11T16:58:52.000Z,Branch,Card Dispute,Merchant Refund,Closed,High,false,4,8.0,BR-009,E-0120,false
RB-CS-004317,RB-C-02053-1,RB-FA-004550,2026-07-19T13:34:45.000Z,2026-07-19T11:09:27.000Z,Voice,Payments,Failed Transfer,Closed,Low,true,,14.0,BR-005,E-0088,true
RB-CS-004318,RB-C-02053-1,RB-FA-004550,2025-12-27T10:33:29.000Z,,Voice,Account Access,Password Reset,In Progress,Low,false,1,7.7,BR-005,E-0063,false
RB-CS-004319,RB-C-02053-1,RB-FA-004550,2025-12-21T17:58:25.000Z,,Mobile App,Account Access,MFA,In Progress,Medium,true,3,8.9,BR-005,E-0076,true
RB-CS-004320,RB-C-02054-1,RB-FA-004552,2026-03-12T18:36:24.000Z,,Mobile App,Account Access,MFA,Open,Medium,true,3,23.1,BR-018,E-0138,false
RB-CS-004321,RB-C-02054-1,RB-FA-004552,2026-06-24T13:53:50.000Z,2026-07-01T16:35:39.000Z,Chat,Account Access,Password Reset,Closed,Low,false,3,8.2,BR-018,E-0125,false
RB-CS-004322,RB-C-02054-1,RB-FA-004552,2026-01-24T11:14:26.000Z,2026-01-24T19:59:33.000Z,Mobile App,Product Question,Eligibility,Closed,Low,true,4,9.1,BR-018,E-0129,false
RB-CS-004323,RB-C-02054-1,RB-FA-004553,2026-04-09T17:54:34.000Z,2026-04-26T17:16:56.000Z,Chat,Account Access,Locked Account,Closed,Medium,false,1,20.5,BR-018,E-0105,true
RB-CS-004324,RB-C-02054-1,RB-FA-004553,2025-08-08T19:15:56.000Z,2025-08-20T13:58:22.000Z,Voice,Payments,Failed Transfer,Closed,Medium,false,4,10.8,BR-018,E-0111,false
RB-CS-004325,RB-C-02054-1,RB-FA-004553,2024-12-16T14:22:43.000Z,2024-12-16T18:09:07.000Z,Mobile App,Account Access,Locked Account,Closed,Medium,true,,11.9,BR-018,E-0072,false
RB-CS-004326,RB-C-02055-1,RB-FA-004554,2025-07-13T10:32:12.000Z,2025-07-13T15:24:24.000Z,Email,Fee Inquiry,Overdraft Fee,Closed,Medium,true,5,32.7,BR-023,E-0100,false
RB-CS-004327,RB-C-02055-1,RB-FA-004555,2025-12-19T09:04:21.000Z,2025-12-19T07:39:41.000Z,Chat,Card Dispute,Merchant Refund,Closed,Medium,true,5,10.0,BR-023,E-0095,false
RB-CS-004328,RB-C-02056-1,RB-FA-004558,2026-08-28T07:54:26.000Z,,Mobile App,Product Question,Eligibility,Open,Medium,false,,8.6,BR-025,E-0098,true
RB-CS-004329,RB-C-02056-1,RB-FA-004558,2025-08-22T09:16:08.000Z,2025-08-22T19:14:39.000Z,Voice,Account Access,Locked Account,Closed,High,true,3,8.7,BR-025,E-0119,true
RB-CS-004330,RB-C-02056-1,RB-FA-004558,2025-09-21T17:44:51.000Z,2025-09-29T07:36:55.000Z,Voice,Card Dispute,Unrecognized Charge,Closed,Low,false,1,6.9,BR-025,E-0080,true
RB-CS-004331,RB-C-02057-1,RB-FA-004560,2026-06-29T12:40:40.000Z,,Branch,Card Dispute,Merchant Refund,In Progress,Medium,false,2,8.5,BR-017,E-0072,false
RB-CS-004332,RB-C-02057-1,RB-FA-004562,2024-12-29T12:49:32.000Z,2024-12-29T07:35:23.000Z,Chat,Payments,Failed Transfer,Closed,Low,true,4,5.6,BR-017,E-0104,false
RB-CS-004333,RB-C-02060-1,RB-FA-004565,2025-07-14T15:18:51.000Z,2025-07-14T14:48:23.000Z,Mobile App,Account Access,Locked Account,Closed,Low,true,,6.0,BR-016,E-0092,false
RB-CS-004334,RB-C-02060-1,RB-FA-004565,2026-04-20T15:22:42.000Z,2026-04-29T12:41:12.000Z,Voice,Fee Inquiry,Overdraft Fee,Closed,Medium,false,4,8.3,BR-016,E-0098,false
RB-CS-004335,RB-C-02060-1,RB-FA-004566,2025-06-26T10:47:32.000Z,2025-06-26T12:04:33.000Z,Voice,Card Dispute,Merchant Refund,Closed,High,true,4,11.2,BR-016,E-0118,true
RB-CS-004336,RB-C-02060-1,RB-FA-004567,2025-03-22T10:20:18.000Z,,Chat,Fee Inquiry,Monthly Maintenance,In Progress,Low,true,5,9.3,BR-016,E-0093,false
RB-CS-004337,RB-C-02061-1,RB-FA-004568,2025-05-06T07:10:24.000Z,2025-05-06T12:04:25.000Z,Mobile App,Account Access,MFA,Closed,Medium,true,,3.9,BR-004,E-0090,false
RB-CS-004338,RB-C-02061-1,RB-FA-004568,2024-11-12T17:15:23.000Z,2024-11-12T12:57:19.000Z,Branch,Card Dispute,Merchant Refund,Closed,Low,true,4,5.7,BR-004,E-0062,false
RB-CS-004339,RB-C-02061-1,RB-FA-004568,2025-06-20T14:41:32.000Z,2025-06-20T11:43:55.000Z,Branch,Payments,Failed Transfer,Closed,Medium,true,,15.7,BR-004,E-0073,false
RB-CS-004340,RB-C-02061-1,RB-FA-004569,2025-10-21T11:01:10.000Z,2025-10-21T10:46:31.000Z,Email,Card Dispute,Merchant Refund,Closed,Low,true,3,34.3,BR-004,E-0102,true
RB-CS-004341,RB-C-02061-1,RB-FA-004570,2026-06-29T10:47:31.000Z,2026-06-30T11:28:45.000Z,Chat,Fraud,Card Compromised,Closed,Low,false,,12.6,BR-004,E-0113,false
RB-CS-004342,RB-C-02061-1,RB-FA-004570,2024-11-03T17:19:58.000Z,2024-11-03T14:52:02.000Z,Chat,Account Access,MFA,Closed,Low,true,4,6.5,BR-004,E-0135,false
RB-CS-004343,RB-C-02061-1,RB-FA-004570,2026-04-08T08:18:50.000Z,2026-04-08T10:45:37.000Z,Mobile App,Fraud,Account Takeover,Closed,Medium,true,2,4.5,BR-004,E-0094,true
RB-CS-004344,RB-C-02061-1,RB-FA-004571,2024-12-04T11:01:09.000Z,2024-12-04T18:35:10.000Z,Mobile App,Account Access,MFA,Closed,Low,true,3,8.5,BR-004,E-0111,false
RB-CS-004345,RB-C-02062-1,RB-FA-004573,2024-09-29T12:48:42.000Z,2024-09-29T10:43:42.000Z,Mobile App,Account Access,Password Reset,Closed,Low,true,,9.8,BR-025,E-0137,false
RB-CS-004346,RB-C-02062-1,RB-FA-004573,2025-01-25T19:03:04.000Z,2025-02-03T14:24:31.000Z,Chat,Card Dispute,Merchant Refund,Closed,Low,false,2,7.9,BR-025,E-0078,false
RB-CS-004347,RB-C-02062-1,RB-FA-004573,2025-11-08T19:51:37.000Z,2025-11-08T07:01:24.000Z,Email,Fee Inquiry,Overdraft Fee,Closed,Medium,true,,24.4,BR-025,E-0097,true
RB-CS-004348,RB-C-02062-1,RB-FA-004573,2024-10-31T09:24:14.000Z,2024-11-10T08:16:23.000Z,Chat,Payments,Failed Transfer,Closed,Low,false,5,9.6,BR-025,E-0061,true
RB-CS-004349,RB-C-02062-1,RB-FA-004574,2025-05-19T17:16:29.000Z,2025-05-19T16:28:18.000Z,Branch,Card Dispute,Unrecognized Charge,Closed,Low,true,4,15.3,BR-025,E-0139,false
RB-CS-004350,RB-C-02062-1,RB-FA-004574,2025-12-31T15:25:58.000Z,2025-12-31T19:54:28.000Z,Branch,Fee Inquiry,Overdraft Fee,Closed,Medium,true,,20.5,BR-025,E-0098,true
RB-CS-004351,RB-C-02062-1,RB-FA-004574,2026-01-01T15:42:14.000Z,2026-01-08T17:48:30.000Z,Voice,Card Dispute,Unrecognized Charge,Closed,Medium,false,3,7.8,BR-025,E-0105,true
RB-CS-004352,RB-C-02065-1,RB-FA-004580,2026-07-07T11:57:06.000Z,2026-07-07T16:40:19.000Z,Voice,Account Access,Locked Account,Closed,Low,true,3,8.9,BR-020,E-0095,false
RB-CS-004353,RB-C-02065-1,RB-FA-004580,2025-08-12T19:04:54.000Z,2025-08-12T09:35:07.000Z,Mobile App,Card Dispute,Duplicate Charge,Closed,High,true,4,10.4,BR-020,E-0088,false
RB-CS-004354,RB-C-02065-1,RB-FA-004580,2025-10-27T17:50:21.000Z,,Email,Payments,Failed Transfer,Open,Low,true,,16.4,BR-020,E-0061,true
RB-CS-004355,RB-C-02065-1,RB-FA-004581,2026-06-18T17:10:53.000Z,,Voice,Account Access,MFA,Escalated,Low,true,3,21.0,BR-020,E-0105,false
RB-CS-004356,RB-C-02065-1,RB-FA-004581,2026-01-19T15:42:14.000Z,2026-01-19T10:03:33.000Z,Chat,Account Access,Locked Account,Closed,Medium,true,,2.6,BR-020,E-0102,false
RB-CS-004357,RB-C-02065-1,RB-FA-004581,2024-11-09T15:19:53.000Z,2024-11-17T19:36:32.000Z,Voice,Product Question,Rates,Closed,Low,false,3,13.6,BR-020,E-0084,false
RB-CS-004358,RB-C-02066-1,RB-FA-004582,2025-02-23T11:21:49.000Z,2025-02-23T09:51:59.000Z,Voice,Payments,Wire Status,Closed,Low,true,4,8.8,BR-024,E-0125,false
RB-CS-004359,RB-C-02067-1,RB-FA-004587,2025-01-05T14:45:45.000Z,2025-01-05T19:22:13.000Z,Chat,Account Access,MFA,Closed,Medium,true,,10.2,BR-008,E-0093,false
RB-CS-004360,RB-C-02069-1,RB-FA-004591,2025-01-26T10:09:19.000Z,2025-01-31T16:21:20.000Z,Chat,Card Dispute,Duplicate Charge,Closed,Medium,false,4,12.5,BR-011,E-0067,true
RB-CS-004361,RB-C-02070-1,RB-FA-004592,2024-09-11T10:33:56.000Z,2024-09-11T13:33:45.000Z,Chat,Card Dispute,Unrecognized Charge,Closed,Low,true,,12.9,BR-023,E-0117,false
RB-CS-004362,RB-C-02070-1,RB-FA-004594,2025-04-26T13:33:39.000Z,2025-04-26T13:41:58.000Z,Mobile App,Fee Inquiry,Overdraft Fee,Closed,Medium,true,2,20.6,BR-023,E-0066,false
RB-CS-004363,RB-C-02070-1,RB-FA-004594,2025-07-04T18:15:51.000Z,2025-07-04T09:23:55.000Z,Voice,Fee Inquiry,ATM Fee,Closed,Low,true,5,5.3,BR-023,E-0076,false
RB-CS-004364,RB-C-02070-1,RB-FA-004594,2025-07-28T18:14:55.000Z,2025-07-28T15:09:35.000Z,Chat,Fee Inquiry,Monthly Maintenance,Closed,Low,true,,9.5,BR-023,E-0085,true
RB-CS-004365,RB-C-02071-1,RB-FA-004595,2026-07-30T16:14:39.000Z,2026-08-13T10:43:14.000Z,Chat,Card Dispute,Duplicate Charge,Closed,Low,false,,21.9,BR-023,E-0075,false
RB-CS-004366,RB-C-02071-1,RB-FA-004596,2025-10-09T16:49:36.000Z,2025-10-09T13:53:24.000Z,Voice,Product Question,Eligibility,Closed,High,true,5,9.4,BR-023,E-0099,false
RB-CS-004367,RB-C-02072-1,RB-FA-004597,2026-08-31T09:15:14.000Z,,Voice,Fee Inquiry,ATM Fee,In Progress,Low,false,5,12.0,BR-006,E-0079,false
RB-CS-004368,RB-C-02073-1,RB-FA-004598,2025-09-01T15:11:40.000Z,2025-09-01T16:47:55.000Z,Chat,Fee Inquiry,ATM Fee,Closed,Low,true,,8.2,BR-006,E-0114,true
RB-CS-004369,RB-C-02074-1,RB-FA-004602,2024-10-12T11:51:52.000Z,2024-10-12T16:47:06.000Z,Voice,Fraud,Account Takeover,Closed,Low,true,4,6.1,BR-009,E-0090,false
RB-CS-004370,RB-C-02074-1,RB-FA-004602,2026-02-22T15:08:21.000Z,2026-02-26T11:09:32.000Z,Voice,Product Question,Eligibility,Closed,Low,false,,17.5,BR-009,E-0126,true
RB-CS-004371,RB-C-02074-1,RB-FA-004602,2025-11-05T11:53:45.000Z,2025-11-05T10:32:24.000Z,Voice,Account Access,MFA,Closed,Low,true,5,5.9,BR-009,E-0092,true
RB-CS-004372,RB-C-02075-1,RB-FA-004603,2026-02-09T17:53:36.000Z,2026-02-09T16:15:09.000Z,Voice,Account Access,Locked Account,Closed,Low,true,,6.3,BR-008,E-0091,true
RB-CS-004373,RB-C-02076-1,RB-FA-004604,2026-07-21T16:56:43.000Z,2026-07-27T19:38:09.000Z,Chat,Card Dispute,Merchant Refund,Closed,Low,false,1,20.5,BR-007,E-0129,true
RB-CS-004374,RB-C-02076-1,RB-FA-004604,2025-12-05T19:52:08.000Z,2025-12-05T18:20:19.000Z,Chat,Fraud,Account Takeover,Closed,Low,true,2,5.1,BR-007,E-0131,false
RB-CS-004375,RB-C-02077-1,RB-FA-004607,2025-12-12T16:40:35.000Z,2025-12-12T15:44:24.000Z,Voice,Account Access,Password Reset,Closed,Medium,true,4,25.5,BR-030,E-0132,false
RB-CS-004376,RB-C-02077-1,RB-FA-004607,2025-07-23T09:55:33.000Z,2025-08-08T14:35:05.000Z,Branch,Card Dispute,Duplicate Charge,Closed,Medium,false,5,17.3,BR-030,E-0094,true
RB-CS-004377,RB-C-02078-1,RB-FA-004609,2024-10-07T13:46:57.000Z,2024-10-07T11:25:45.000Z,Voice,Card Dispute,Merchant Refund,Closed,Medium,true,5,15.7,BR-013,E-0069,false
RB-CS-004378,RB-C-02079-1,RB-FA-004610,2026-05-12T08:57:51.000Z,2026-05-12T16:31:55.000Z,Chat,Card Dispute,Duplicate Charge,Closed,Medium,true,5,3.4,BR-009,E-0083,false
RB-CS-004379,RB-C-02080-1,RB-FA-004614,2025-07-21T19:19:33.000Z,2025-07-21T12:22:27.000Z,Voice,Account Access,Password Reset,Closed,Low,true,3,10.5,BR-007,E-0136,false
RB-CS-004380,RB-C-02080-1,RB-FA-004615,2025-10-09T14:59:25.000Z,2025-10-11T09:00:22.000Z,Mobile App,Payments,Failed Transfer,Closed,Low,false,3,17.5,BR-007,E-0140,true
RB-CS-004381,RB-C-02081-1,RB-FA-004618,2025-10-12T09:31:55.000Z,2025-11-02T09:05:55.000Z,Mobile App,Account Access,Locked Account,Closed,Low,false,1,15.6,BR-024,E-0137,true
RB-CS-004382,RB-C-02082-1,RB-FA-004622,2026-06-24T14:18:53.000Z,2026-06-24T16:26:27.000Z,Voice,Card Dispute,Duplicate Charge,Closed,Low,true,,16.9,BR-029,E-0116,true
RB-CS-004383,RB-C-02083-1,RB-FA-004625,2025-05-20T19:35:01.000Z,2025-05-20T16:26:09.000Z,Voice,Fee Inquiry,ATM Fee,Closed,Medium,true,,5.4,BR-016,E-0121,false
RB-CS-004384,RB-C-02083-1,RB-FA-004625,2025-03-23T19:06:13.000Z,2025-04-13T08:00:16.000Z,Voice,Card Dispute,Unrecognized Charge,Closed,Medium,false,3,18.2,BR-016,E-0067,false
RB-CS-004385,RB-C-02083-1,RB-FA-004625,2026-06-06T13:23:12.000Z,,Chat,Card Dispute,Merchant Refund,Open,Medium,true,3,11.1,BR-016,E-0073,false
RB-CS-004386,RB-C-02083-1,RB-FA-004625,2026-01-18T16:35:34.000Z,2026-01-18T17:55:05.000Z,Mobile App,Fraud,Account Takeover,Closed,Medium,true,,9.4,BR-016,E-0124,false
RB-CS-004387,RB-C-02084-1,RB-FA-004626,2025-08-23T18:00:37.000Z,2025-08-30T11:03:51.000Z,Chat,Payments,Bill Pay,Closed,Low,false,3,14.3,BR-023,E-0108,false
RB-CS-004388,RB-C-02084-1,RB-FA-004626,2024-09-04T15:50:51.000Z,2024-09-04T09:02:45.000Z,Mobile App,Payments,Bill Pay,Closed,Medium,true,,11.1,BR-023,E-0091,false
RB-CS-004389,RB-C-02084-1,RB-FA-004627,2026-03-22T11:18:59.000Z,2026-03-22T07:10:11.000Z,Email,Account Access,MFA,Closed,High,true,3,21.4,BR-023,E-0065,true
RB-CS-004390,RB-C-02084-1,RB-FA-004627,2025-04-01T13:57:47.000Z,2025-04-01T08:34:57.000Z,Voice,Product Question,Rates,Closed,Medium,true,,15.4,BR-023,E-0119,true
RB-CS-004391,RB-C-02084-1,RB-FA-004627,2026-03-01T17:56:14.000Z,2026-03-22T15:33:55.000Z,Email,Card Dispute,Unrecognized Charge,Closed,High,false,,23.2,BR-023,E-0080,false
RB-CS-004392,RB-C-02084-1,RB-FA-004628,2026-05-09T11:36:22.000Z,2026-05-09T16:17:10.000Z,Voice,Account Access,MFA,Closed,High,true,4,18.4,BR-023,E-0085,true
RB-CS-004393,RB-C-02084-1,RB-FA-004628,2026-06-10T11:55:44.000Z,2026-06-10T08:37:46.000Z,Email,Card Dispute,Unrecognized Charge,Closed,Low,true,5,17.5,BR-023,E-0112,false
RB-CS-004394,RB-C-02084-1,RB-FA-004628,2025-03-26T15:15:44.000Z,2025-03-26T18:46:11.000Z,Email,Fee Inquiry,Overdraft Fee,Closed,High,true,5,19.6,BR-023,E-0086,true
RB-CS-004395,RB-C-02084-1,RB-FA-004628,2025-09-24T08:22:51.000Z,2025-09-27T08:35:53.000Z,Voice,Account Access,MFA,Closed,Low,false,,9.0,BR-023,E-0125,false
RB-CS-004396,RB-C-02085-1,RB-FA-004629,2025-12-09T15:18:48.000Z,2025-12-09T10:37:42.000Z,Email,Card Dispute,Duplicate Charge,Closed,Low,true,5,22.0,BR-014,E-0101,true
RB-CS-004397,RB-C-02085-1,RB-FA-004629,2026-02-12T14:29:06.000Z,2026-02-28T16:50:58.000Z,Mobile App,Card Dispute,Merchant Refund,Closed,Medium,false,,18.8,BR-014,E-0091,true
RB-CS-004398,RB-C-02085-1,RB-FA-004629,2025-10-01T08:29:17.000Z,2025-10-14T13:03:27.000Z,Chat,Account Access,Password Reset,Closed,Medium,false,,13.6,BR-014,E-0129,true
RB-CS-004399,RB-C-02085-1,RB-FA-004629,2026-03-16T12:50:11.000Z,2026-03-16T11:57:42.000Z,Chat,Account Access,MFA,Closed,Low,true,4,12.8,BR-014,E-0103,false
RB-CS-004400,RB-C-02085-1,RB-FA-004630,2025-01-19T11:36:13.000Z,2025-01-19T18:03:40.000Z,Voice,Fee Inquiry,Overdraft Fee,Closed,Medium,true,,5.9,BR-014,E-0062,false
RB-CS-004401,RB-C-02085-1,RB-FA-004630,2026-02-24T17:41:42.000Z,2026-03-13T14:47:40.000Z,Chat,Fee Inquiry,ATM Fee,Closed,Low,false,,8.7,BR-014,E-0090,false
RB-CS-004402,RB-C-02085-1,RB-FA-004630,2025-06-05T12:53:29.000Z,,Voice,Fee Inquiry,Overdraft Fee,In Progress,Low,false,2,18.6,BR-014,E-0138,true
RB-CS-004403,RB-C-02086-1,RB-FA-004631,2025-11-18T19:24:47.000Z,2025-11-18T13:21:16.000Z,Mobile App,Fraud,Account Takeover,Closed,Low,true,,6.0,BR-006,E-0101,false
RB-CS-004404,RB-C-02086-1,RB-FA-004631,2026-04-10T13:17:34.000Z,2026-04-10T09:32:21.000Z,Mobile App,Card Dispute,Unrecognized Charge,Closed,Medium,true,,10.2,BR-006,E-0095,false
RB-CS-004405,RB-C-02086-1,RB-FA-004631,2025-03-05T07:51:29.000Z,2025-03-05T10:09:08.000Z,Chat,Fee Inquiry,Monthly Maintenance,Closed,Medium,true,,4.7,BR-006,E-0097,false
RB-CS-004406,RB-C-02086-1,RB-FA-004632,2025-04-04T07:51:10.000Z,2025-04-04T12:37:57.000Z,Voice,Account Access,MFA,Closed,Low,true,5,5.1,BR-006,E-0119,true
RB-CS-004407,RB-C-02086-1,RB-FA-004633,2025-10-07T18:23:26.000Z,,Voice,Fee Inquiry,ATM Fee,In Progress,High,false,,7.9,BR-006,E-0110,true
RB-CS-004408,RB-C-02087-1,RB-FA-004634,2025-05-23T17:49:25.000Z,2025-05-23T08:52:45.000Z,Chat,Product Question,Rates,Closed,Low,true,,10.5,BR-020,E-0102,true
RB-CS-004409,RB-C-02087-1,RB-FA-004634,2026-04-16T16:27:05.000Z,2026-04-17T08:10:32.000Z,Voice,Card Dispute,Duplicate Charge,Closed,Low,false,,9.6,BR-020,E-0068,true
RB-CS-004410,RB-C-02087-1,RB-FA-004634,2025-02-09T14:04:04.000Z,2025-02-21T08:10:40.000Z,Chat,Payments,Bill Pay,Closed,Low,false,,10.0,BR-020,E-0106,false
RB-CS-004411,RB-C-02087-1,RB-FA-004634,2026-03-02T08:24:06.000Z,2026-03-23T12:51:10.000Z,Voice,Card Dispute,Duplicate Charge,Closed,Medium,false,3,7.3,BR-020,E-0108,false
RB-CS-004412,RB-C-02088-1,RB-FA-004635,2025-12-12T17:22:58.000Z,2025-12-12T10:12:08.000Z,Mobile App,Card Dispute,Duplicate Charge,Closed,High,true,5,8.6,BR-005,E-0077,true
RB-CS-004413,RB-C-02089-1,RB-FA-004637,2026-02-07T18:49:38.000Z,2026-02-07T09:49:59.000Z,Chat,Account Access,MFA,Closed,Medium,true,,20.0,BR-002,E-0133,true
RB-CS-004414,RB-C-02091-1,RB-FA-004641,2025-10-04T17:56:08.000Z,2025-10-04T18:15:49.000Z,Mobile App,Account Access,Locked Account,Closed,Medium,true,5,16.3,BR-003,E-0087,false
RB-CS-004415,RB-C-02093-1,RB-FA-004644,2025-06-27T14:39:09.000Z,2025-07-15T11:08:16.000Z,Voice,Fraud,Account Takeover,Closed,Medium,false,5,22.1,BR-009,E-0090,false
RB-CS-004416,RB-C-02093-1,RB-FA-004647,2024-12-14T11:03:28.000Z,2024-12-14T14:23:05.000Z,Chat,Account Access,Locked Account,Closed,High,true,5,6.0,BR-009,E-0123,true
RB-CS-004417,RB-C-02093-1,RB-FA-004647,2026-05-30T14:47:06.000Z,2026-05-30T14:44:01.000Z,Mobile App,Account Access,MFA,Closed,Low,true,,7.4,BR-009,E-0109,true
RB-CS-004418,RB-C-02093-1,RB-FA-004647,2026-06-12T12:38:56.000Z,2026-06-12T09:26:28.000Z,Email,Fraud,Account Takeover,Closed,Low,true,,32.8,BR-009,E-0071,false
RB-CS-004419,RB-C-02094-1,RB-FA-004649,2026-08-15T07:58:26.000Z,2026-08-15T13:15:33.000Z,Branch,Account Access,MFA,Closed,Medium,true,5,10.7,BR-028,E-0091,true
RB-CS-004420,RB-C-02094-1,RB-FA-004649,2026-08-22T09:48:36.000Z,2026-08-22T08:40:07.000Z,Chat,Payments,Failed Transfer,Closed,Low,true,3,5.2,BR-028,E-0127,false
RB-CS-004421,RB-C-02094-1,RB-FA-004649,2026-01-03T18:13:59.000Z,2026-01-03T17:25:16.000Z,Mobile App,Account Access,Password Reset,Closed,Low,true,4,12.5,BR-028,E-0126,true
RB-CS-004422,RB-C-02097-1,RB-FA-004654,2025-07-04T14:51:19.000Z,2025-07-04T18:46:05.000Z,Branch,Product Question,Eligibility,Closed,Low,true,4,37.7,BR-027,E-0109,false
RB-CS-004423,RB-C-02097-1,RB-FA-004655,2025-09-07T16:18:15.000Z,2025-09-07T09:50:04.000Z,Email,Fraud,Account Takeover,Closed,Medium,true,,30.8,BR-027,E-0095,false
RB-CS-004424,RB-C-02099-1,RB-FA-004657,2025-12-22T10:16:49.000Z,,Chat,Product Question,Eligibility,Open,High,true,,6.2,BR-016,E-0100,true
RB-CS-004425,RB-C-02099-1,RB-FA-004657,2024-09-19T10:21:25.000Z,2024-10-07T08:54:56.000Z,Email,Fraud,Card Compromised,Closed,Medium,false,5,9.8,BR-016,E-0075,false
RB-CS-004426,RB-C-02099-1,RB-FA-004657,2025-04-15T14:32:46.000Z,,Voice,Fraud,Card Compromised,Escalated,Low,true,,31.7,BR-016,E-0103,true
RB-CS-004427,RB-C-02099-1,RB-FA-004657,2025-07-31T18:16:26.000Z,2025-07-31T18:44:18.000Z,Chat,Fraud,Card Compromised,Closed,Low,true,5,7.7,BR-016,E-0088,true
RB-CS-004428,RB-C-02100-1,RB-FA-004658,2026-01-22T10:27:40.000Z,,Chat,Fraud,Account Takeover,In Progress,Low,false,,33.7,BR-006,E-0131,false
RB-CS-004429,RB-C-02100-1,RB-FA-004658,2025-07-27T15:19:25.000Z,2025-08-03T11:50:31.000Z,Chat,Account Access,MFA,Closed,Low,false,,16.1,BR-006,E-0121,true
RB-CS-004430,RB-C-02100-1,RB-FA-004658,2026-04-02T17:47:22.000Z,2026-04-02T15:30:48.000Z,Voice,Account Access,Password Reset,Closed,Low,true,4,10.2,BR-006,E-0140,true
RB-CS-004431,RB-C-02100-1,RB-FA-004658,2025-11-27T19:58:04.000Z,2025-12-17T15:55:18.000Z,Chat,Fee Inquiry,ATM Fee,Closed,Medium,false,3,11.7,BR-006,E-0124,false
RB-CS-004432,RB-C-02102-1,RB-FA-004662,2024-11-25T08:39:51.000Z,2024-11-27T08:29:47.000Z,Branch,Card Dispute,Duplicate Charge,Closed,Low,false,1,9.9,BR-020,E-0063,true
RB-CS-004433,RB-C-02103-1,RB-FA-004663,2025-12-05T07:27:10.000Z,2025-12-05T09:28:00.000Z,Chat,Fee Inquiry,ATM Fee,Closed,Medium,true,,43.0,BR-004,E-0089,false
RB-CS-004434,RB-C-02104-1,RB-FA-004666,2024-09-25T07:29:21.000Z,2024-09-27T19:42:07.000Z,Voice,Account Access,Locked Account,Closed,Low,false,,13.6,BR-027,E-0132,true
RB-CS-004435,RB-C-02104-1,RB-FA-004667,2025-04-13T07:02:51.000Z,2025-04-29T16:43:44.000Z,Email,Fraud,Card Compromised,Closed,High,false,,34.0,BR-027,E-0132,false
RB-CS-004436,RB-C-02104-1,RB-FA-004668,2026-05-30T09:15:01.000Z,2026-06-04T16:18:31.000Z,Voice,Account Access,MFA,Closed,Low,false,3,12.8,BR-027,E-0102,false
RB-CS-004437,RB-C-02104-1,RB-FA-004668,2025-06-22T17:03:09.000Z,2025-06-23T07:53:55.000Z,Chat,Card Dispute,Duplicate Charge,Closed,Low,false,,7.9,BR-027,E-0106,false
RB-CS-004438,RB-C-02104-1,RB-FA-004669,2026-06-13T13:10:38.000Z,2026-06-13T07:51:47.000Z,Voice,Account Access,MFA,Closed,Medium,true,,10.2,BR-027,E-0140,true
RB-CS-004439,RB-C-02105-1,RB-FA-004670,2026-04-09T10:31:30.000Z,2026-04-15T18:52:50.000Z,Branch,Product Question,Rates,Closed,High,false,1,12.4,BR-013,E-0102,true
RB-CS-004440,RB-C-02105-1,RB-FA-004671,2026-03-02T11:37:26.000Z,2026-03-22T10:29:34.000Z,Voice,Card Dispute,Duplicate Charge,Closed,Medium,false,3,5.5,BR-013,E-0110,false
RB-CS-004441,RB-C-02106-1,RB-FA-004673,2025-09-30T07:24:33.000Z,2025-09-30T17:10:05.000Z,Mobile App,Payments,Wire Status,Closed,Medium,true,1,12.1,BR-027,E-0064,false
RB-CS-004442,RB-C-02106-1,RB-FA-004674,2025-10-24T17:30:51.000Z,,Mobile App,Account Access,Locked Account,In Progress,Low,true,5,14.1,BR-027,E-0091,false
RB-CS-004443,RB-C-02106-1,RB-FA-004674,2024-09-22T16:31:11.000Z,2024-09-22T14:59:40.000Z,Chat,Fee Inquiry,Overdraft Fee,Closed,Low,true,4,6.0,BR-027,E-0126,false
RB-CS-004444,RB-C-02106-1,RB-FA-004674,2024-10-22T16:21:09.000Z,2024-10-22T12:58:50.000Z,Mobile App,Account Access,MFA,Closed,High,true,,10.5,BR-027,E-0091,true
RB-CS-004445,RB-C-02107-1,RB-FA-004675,2025-02-25T16:41:59.000Z,2025-02-25T08:57:00.000Z,Voice,Account Access,Locked Account,Closed,Low,true,,10.5,BR-016,E-0094,true
RB-CS-004446,RB-C-02108-1,RB-FA-004678,2025-08-26T10:12:13.000Z,2025-08-26T09:44:00.000Z,Chat,Fee Inquiry,Overdraft Fee,Closed,Medium,true,,20.9,BR-012,E-0067,false
RB-CS-004447,RB-C-02109-1,RB-FA-004679,2026-02-21T11:27:39.000Z,,Chat,Card Dispute,Duplicate Charge,In Progress,Low,true,4,11.7,BR-030,E-0107,false
RB-CS-004448,RB-C-02109-1,RB-FA-004679,2025-03-08T19:55:10.000Z,2025-03-08T08:05:19.000Z,Chat,Account Access,Password Reset,Closed,Low,true,4,5.7,BR-030,E-0095,false
RB-CS-004449,RB-C-02109-1,RB-FA-004680,2024-10-17T18:47:05.000Z,2024-10-17T07:25:47.000Z,Chat,Account Access,MFA,Closed,Low,true,,26.0,BR-030,E-0133,true
RB-CS-004450,RB-C-02110-1,RB-FA-004683,2025-05-18T14:02:14.000Z,,Mobile App,Fee Inquiry,Overdraft Fee,Escalated,Medium,false,3,7.7,BR-012,E-0108,false
RB-CS-004451,RB-C-02111-1,RB-FA-004686,2026-05-22T12:24:58.000Z,2026-06-01T14:40:59.000Z,Chat,Fraud,Card Compromised,Closed,Low,false,5,8.0,BR-021,E-0070,true
RB-CS-004452,RB-C-02112-1,RB-FA-004688,2025-02-17T15:43:27.000Z,2025-02-17T15:48:57.000Z,Mobile App,Account Access,Password Reset,Closed,Low,true,,9.6,BR-019,E-0062,true
RB-CS-004453,RB-C-02113-1,RB-FA-004691,2025-01-27T13:38:58.000Z,2025-01-29T18:41:22.000Z,Email,Product Question,Eligibility,Closed,Medium,false,1,30.9,BR-014,E-0086,false
RB-CS-004454,RB-C-02113-1,RB-FA-004691,2025-01-29T18:27:32.000Z,,Email,Fee Inquiry,Monthly Maintenance,Open,Medium,true,2,16.3,BR-014,E-0103,false
RB-CS-004455,RB-C-02114-1,RB-FA-004694,2026-01-04T17:58:56.000Z,2026-01-12T15:42:25.000Z,Chat,Card Dispute,Unrecognized Charge,Closed,Low,false,5,35.3,BR-016,E-0063,false
RB-CS-004456,RB-C-02114-1,RB-FA-004696,2026-03-26T17:17:16.000Z,2026-03-26T12:07:23.000Z,Voice,Payments,Bill Pay,Closed,High,true,4,16.9,BR-016,E-0061,false
RB-CS-004457,RB-C-02114-1,RB-FA-004697,2025-05-10T16:42:43.000Z,2025-05-10T19:04:38.000Z,Voice,Card Dispute,Merchant Refund,Closed,Low,true,5,37.3,BR-016,E-0133,true
RB-CS-004458,RB-C-02116-1,RB-FA-004701,2026-05-25T07:09:12.000Z,2026-06-02T17:24:21.000Z,Chat,Card Dispute,Duplicate Charge,Closed,Low,false,3,4.0,BR-027,E-0064,false
RB-CS-004459,RB-C-02116-1,RB-FA-004701,2024-10-10T10:31:18.000Z,,Voice,Account Access,Password Reset,Escalated,Low,true,,18.3,BR-027,E-0062,false
RB-CS-004460,RB-C-02116-1,RB-FA-004701,2025-01-24T08:25:22.000Z,2025-01-25T07:40:25.000Z,Mobile App,Card Dispute,Duplicate Charge,Closed,High,false,2,33.1,BR-027,E-0068,true
RB-CS-004461,RB-C-02117-1,RB-FA-004704,2026-04-06T09:27:34.000Z,2026-04-24T08:51:34.000Z,Voice,Fee Inquiry,ATM Fee,Closed,Medium,false,,7.8,BR-023,E-0065,false
RB-CS-004462,RB-C-02117-1,RB-FA-004704,2026-05-16T14:42:22.000Z,,Email,Account Access,Locked Account,Escalated,Medium,true,,16.3,BR-023,E-0088,false
RB-CS-004463,RB-C-02118-1,RB-FA-004706,2024-11-04T12:11:58.000Z,2024-11-04T12:52:56.000Z,Email,Payments,Failed Transfer,Closed,Low,true,4,29.2,BR-025,E-0099,true
RB-CS-004464,RB-C-02119-1,RB-FA-004707,2025-05-07T07:16:04.000Z,2025-05-07T11:03:56.000Z,Email,Account Access,MFA,Closed,Medium,true,,32.7,BR-030,E-0105,false
RB-CS-004465,RB-C-02119-1,RB-FA-004707,2025-12-24T13:42:02.000Z,,Mobile App,Account Access,Locked Account,Escalated,High,false,,4.6,BR-030,E-0101,false
RB-CS-004466,RB-C-02119-1,RB-FA-004707,2025-09-03T13:36:36.000Z,2025-09-03T11:43:11.000Z,Voice,Account Access,Password Reset,Closed,Low,true,3,12.3,BR-030,E-0106,false
RB-CS-004467,RB-C-02119-1,RB-FA-004708,2026-04-15T10:30:39.000Z,2026-04-15T09:05:23.000Z,Chat,Account Access,MFA,Closed,High,true,,3.8,BR-030,E-0120,false
RB-CS-004468,RB-C-02121-1,RB-FA-004710,2026-01-30T19:14:43.000Z,2026-01-30T11:37:57.000Z,Voice,Payments,Bill Pay,Closed,Low,true,4,5.5,BR-003,E-0061,false
RB-CS-004469,RB-C-02121-1,RB-FA-004710,2025-02-04T07:15:00.000Z,2025-02-04T10:13:21.000Z,Voice,Account Access,MFA,Closed,Low,true,,9.6,BR-003,E-0096,true
RB-CS-004470,RB-C-02121-1,RB-FA-004710,2026-03-22T09:40:05.000Z,2026-03-29T10:02:38.000Z,Voice,Card Dispute,Unrecognized Charge,Closed,Low,false,5,16.2,BR-003,E-0091,true
RB-CS-004471,RB-C-02121-1,RB-FA-004710,2026-07-19T17:51:53.000Z,2026-07-19T13:08:44.000Z,Voice,Product Question,Rates,Closed,Medium,true,,3.6,BR-003,E-0117,false
RB-CS-004472,RB-C-02121-1,RB-FA-004712,2024-09-01T12:43:07.000Z,2024-09-15T19:36:08.000Z,Voice,Card Dispute,Unrecognized Charge,Closed,Medium,false,4,6.6,BR-003,E-0132,true
RB-CS-004473,RB-C-02122-1,RB-FA-004713,2024-10-05T14:35:28.000Z,2024-10-05T14:11:45.000Z,Email,Account Access,Locked Account,Closed,Low,true,4,21.3,BR-002,E-0128,false
RB-CS-004474,RB-C-02122-1,RB-FA-004713,2026-08-26T09:10:48.000Z,2026-08-26T19:07:50.000Z,Voice,Account Access,MFA,Closed,Medium,true,,9.8,BR-002,E-0133,false
RB-CS-004475,RB-C-02122-1,RB-FA-004713,2025-12-23T12:11:16.000Z,2025-12-24T19:54:13.000Z,Chat,Card Dispute,Duplicate Charge,Closed,Low,false,3,10.6,BR-002,E-0062,false
RB-CS-004476,RB-C-02123-1,RB-FA-004714,2026-03-13T14:53:19.000Z,2026-03-14T07:42:31.000Z,Branch,Product Question,Eligibility,Closed,Low,false,5,8.3,BR-004,E-0093,false
RB-CS-004477,RB-C-02125-1,RB-FA-004720,2025-05-30T14:00:27.000Z,2025-05-30T16:26:26.000Z,Voice,Card Dispute,Merchant Refund,Closed,Low,true,3,11.6,BR-029,E-0137,true
RB-CS-004478,RB-C-02125-1,RB-FA-004720,2026-04-25T17:07:06.000Z,2026-05-08T07:12:14.000Z,Voice,Product Question,Rates,Closed,Low,false,,9.3,BR-029,E-0086,true
RB-CS-004479,RB-C-02125-1,RB-FA-004720,2026-08-15T09:09:28.000Z,2026-08-31T18:33:11.000Z,Mobile App,Card Dispute,Merchant Refund,Closed,Low,false,4,8.9,BR-029,E-0067,true
RB-CS-004480,RB-C-02125-1,RB-FA-004721,2026-08-26T18:52:00.000Z,,Chat,Card Dispute,Duplicate Charge,Escalated,Medium,false,,14.6,BR-029,E-0128,false
RB-CS-004481,RB-C-02126-1,RB-FA-004722,2026-07-07T16:17:06.000Z,2026-07-19T12:49:34.000Z,Email,Account Access,Password Reset,Closed,Low,false,2,14.7,BR-002,E-0127,false
RB-CS-004482,RB-C-02126-1,RB-FA-004725,2025-01-25T13:38:22.000Z,2025-01-25T16:45:08.000Z,Voice,Product Question,Rates,Closed,Low,true,5,10.1,BR-002,E-0099,false
RB-CS-004483,RB-C-02127-1,RB-FA-004727,2026-06-25T09:45:45.000Z,2026-06-25T11:05:03.000Z,Voice,Product Question,Eligibility,Closed,Low,true,4,15.0,BR-006,E-0079,false
RB-CS-004484,RB-C-02127-1,RB-FA-004728,2026-07-07T09:59:49.000Z,2026-07-07T10:52:24.000Z,Voice,Product Question,Eligibility,Closed,Medium,true,,10.6,BR-006,E-0131,false
RB-CS-004485,RB-C-02127-1,RB-FA-004729,2025-04-11T09:30:20.000Z,,Chat,Account Access,Locked Account,In Progress,Medium,true,,4.3,BR-006,E-0067,false
RB-CS-004486,RB-C-02127-1,RB-FA-004729,2025-02-21T10:32:40.000Z,2025-02-21T08:01:45.000Z,Mobile App,Card Dispute,Unrecognized Charge,Closed,High,true,1,8.2,BR-006,E-0104,true
RB-CS-004487,RB-C-02127-1,RB-FA-004729,2025-10-10T11:21:12.000Z,2025-10-10T11:22:36.000Z,Voice,Fraud,Account Takeover,Closed,Medium,true,,10.4,BR-006,E-0122,false
RB-CS-004488,RB-C-02128-1,RB-FA-004731,2024-11-09T09:20:26.000Z,2024-11-09T15:02:43.000Z,Branch,Fee Inquiry,ATM Fee,Closed,High,true,3,17.3,BR-009,E-0127,true
RB-CS-004489,RB-C-02129-1,RB-FA-004735,2025-03-07T17:03:36.000Z,2025-03-07T07:36:54.000Z,Chat,Product Question,Eligibility,Closed,Medium,true,,8.7,BR-027,E-0138,false
RB-CS-004490,RB-C-02129-1,RB-FA-004735,2025-06-30T09:10:56.000Z,2025-07-01T11:26:02.000Z,Voice,Payments,Bill Pay,Closed,Low,false,2,9.3,BR-027,E-0117,true
RB-CS-004491,RB-C-02129-1,RB-FA-004735,2025-02-19T11:55:41.000Z,2025-02-19T13:38:50.000Z,Email,Card Dispute,Unrecognized Charge,Closed,Low,true,,26.9,BR-027,E-0108,false
RB-CS-004492,RB-C-02129-1,RB-FA-004735,2026-07-20T13:11:22.000Z,,Chat,Account Access,Password Reset,In Progress,Low,true,,9.9,BR-027,E-0061,false
RB-CS-004493,RB-C-02131-1,RB-FA-004738,2025-03-22T12:56:47.000Z,2025-04-09T19:12:03.000Z,Chat,Account Access,MFA,Closed,High,false,4,19.0,BR-027,E-0067,false
RB-CS-004494,RB-C-02131-1,RB-FA-004738,2024-10-30T10:09:45.000Z,2024-10-30T17:32:47.000Z,Voice,Fee Inquiry,Overdraft Fee,Closed,High,true,5,22.2,BR-027,E-0089,false
RB-CS-004495,RB-C-02131-1,RB-FA-004738,2025-03-11T19:53:10.000Z,2025-03-11T18:23:09.000Z,Chat,Account Access,Password Reset,Closed,High,true,,20.0,BR-027,E-0120,true
RB-CS-004496,RB-C-02131-1,RB-FA-004738,2026-05-21T08:05:37.000Z,,Voice,Account Access,Password Reset,Open,Low,true,,5.1,BR-027,E-0082,false
RB-CS-004497,RB-C-02131-1,RB-FA-004739,2025-10-25T18:10:34.000Z,2025-10-25T17:00:50.000Z,Chat,Payments,Failed Transfer,Closed,Low,true,4,6.2,BR-027,E-0132,false
RB-CS-004498,RB-C-02131-1,RB-FA-004740,2025-08-27T17:44:31.000Z,2025-08-27T14:27:25.000Z,Email,Product Question,Rates,Closed,Low,true,4,20.4,BR-027,E-0098,false
RB-CS-004499,RB-C-02131-1,RB-FA-004740,2026-02-20T18:18:29.000Z,2026-02-20T15:06:16.000Z,Chat,Account Access,MFA,Closed,Low,true,5,30.6,BR-027,E-0077,true
RB-CS-004500,RB-C-02132-1,RB-FA-004742,2025-02-01T17:49:19.000Z,2025-02-01T15:29:21.000Z,Email,Fraud,Account Takeover,Closed,Low,true,,11.9,BR-027,E-0091,true
RB-CS-004501,RB-C-02133-1,RB-FA-004743,2026-08-07T17:20:33.000Z,2026-08-21T17:39:41.000Z,Chat,Account Access,Locked Account,Closed,High,false,,16.3,BR-020,E-0071,false
RB-CS-004502,RB-C-02133-1,RB-FA-004743,2025-05-12T15:09:00.000Z,2025-05-12T19:38:35.000Z,Voice,Fee Inquiry,Monthly Maintenance,Closed,Medium,true,,10.4,BR-020,E-0075,true
RB-CS-004503,RB-C-02133-1,RB-FA-004745,2026-08-17T07:43:17.000Z,2026-08-17T08:57:13.000Z,Email,Fee Inquiry,ATM Fee,Closed,Medium,true,3,21.9,BR-020,E-0132,false
RB-CS-004504,RB-C-02134-1,RB-FA-004747,2025-10-27T07:07:41.000Z,2025-10-27T17:12:40.000Z,Chat,Account Access,MFA,Closed,Low,true,2,3.6,BR-010,E-0128,false
RB-CS-004505,RB-C-02134-1,RB-FA-004748,2025-07-30T14:53:03.000Z,2025-08-14T13:37:19.000Z,Email,Product Question,Rates,Closed,Low,false,,67.8,BR-010,E-0099,false
RB-CS-004506,RB-C-02135-1,RB-FA-004749,2024-10-24T12:35:31.000Z,2024-10-24T08:26:46.000Z,Voice,Payments,Failed Transfer,Closed,Low,true,5,7.0,BR-028,E-0128,false
RB-CS-004507,RB-C-02135-1,RB-FA-004749,2025-04-18T10:50:40.000Z,2025-04-24T18:12:50.000Z,Email,Card Dispute,Merchant Refund,Closed,Medium,false,1,19.4,BR-028,E-0089,true
RB-CS-004508,RB-C-02135-1,RB-FA-004749,2026-01-06T12:38:53.000Z,2026-01-06T12:35:23.000Z,Chat,Fraud,Account Takeover,Closed,Medium,true,3,6.9,BR-028,E-0095,true
RB-CS-004509,RB-C-02135-1,RB-FA-004749,2025-03-17T19:09:05.000Z,2025-03-17T08:06:25.000Z,Voice,Product Question,Eligibility,Closed,Low,true,5,9.4,BR-028,E-0091,false
RB-CS-004510,RB-C-02139-1,RB-FA-004756,2025-03-06T09:06:22.000Z,2025-03-06T10:41:00.000Z,Email,Fee Inquiry,Monthly Maintenance,Closed,Medium,true,1,41.1,BR-006,E-0108,true
RB-CS-004511,RB-C-02139-1,RB-FA-004757,2026-01-26T12:10:14.000Z,2026-01-26T12:15:18.000Z,Chat,Account Access,Password Reset,Closed,Medium,true,,9.7,BR-006,E-0123,true
RB-CS-004512,RB-C-02139-1,RB-FA-004758,2024-09-03T11:47:59.000Z,2024-09-03T17:15:34.000Z,Voice,Payments,Wire Status,Closed,Low,true,,15.4,BR-006,E-0110,true
RB-CS-004513,RB-C-02140-1,RB-FA-004760,2026-08-28T16:11:57.000Z,2026-08-28T18:38:54.000Z,Mobile App,Fee Inquiry,Monthly Maintenance,Closed,High,true,,5.8,BR-005,E-0130,true
RB-CS-004514,RB-C-02141-1,RB-FA-004763,2025-02-25T13:38:10.000Z,2025-03-10T17:09:10.000Z,Mobile App,Product Question,Eligibility,Closed,Medium,false,,16.6,BR-009,E-0086,true
RB-CS-004515,RB-C-02141-1,RB-FA-004763,2025-03-04T11:40:55.000Z,2025-03-10T15:15:16.000Z,Voice,Fee Inquiry,Monthly Maintenance,Closed,High,false,2,7.2,BR-009,E-0069,true
RB-CS-004516,RB-C-02141-1,RB-FA-004763,2026-04-17T14:06:11.000Z,2026-04-17T09:27:53.000Z,Branch,Fee Inquiry,Overdraft Fee,Closed,High,true,4,15.1,BR-009,E-0111,false
RB-CS-004517,RB-C-02141-1,RB-FA-004763,2025-04-13T10:11:24.000Z,,Voice,Fraud,Card Compromised,In Progress,Low,true,,7.1,BR-009,E-0077,true
RB-CS-004518,RB-C-02142-1,RB-FA-004765,2026-04-06T13:21:43.000Z,2026-04-06T17:40:15.000Z,Chat,Product Question,Rates,Closed,Medium,true,5,5.2,BR-025,E-0138,true
RB-CS-004519,RB-C-02142-1,RB-FA-004765,2026-06-29T18:43:27.000Z,,Voice,Product Question,Eligibility,Open,Low,true,,21.3,BR-025,E-0111,true
RB-CS-004520,RB-C-02142-1,RB-FA-004765,2026-03-29T17:40:12.000Z,2026-04-13T15:34:09.000Z,Branch,Card Dispute,Duplicate Charge,Closed,Low,false,1,8.8,BR-025,E-0077,false
RB-CS-004521,RB-C-02142-1,RB-FA-004765,2025-09-20T09:09:09.000Z,2025-09-20T10:32:20.000Z,Voice,Fee Inquiry,ATM Fee,Closed,Low,true,4,6.9,BR-025,E-0103,true
RB-CS-004522,RB-C-02143-1,RB-FA-004766,2024-12-10T13:20:51.000Z,2024-12-10T12:49:29.000Z,Mobile App,Fraud,Card Compromised,Closed,High,true,5,10.5,BR-007,E-0112,true
RB-CS-004523,RB-C-02143-1,RB-FA-004766,2025-11-11T19:20:27.000Z,2025-11-28T17:27:30.000Z,Voice,Fee Inquiry,Overdraft Fee,Closed,Low,false,5,10.6,BR-007,E-0136,true
RB-CS-004524,RB-C-02143-1,RB-FA-004766,2026-03-31T16:45:58.000Z,,Mobile App,Card Dispute,Unrecognized Charge,Escalated,Low,false,3,3.4,BR-007,E-0080,false
RB-CS-004525,RB-C-02143-1,RB-FA-004769,2026-06-30T13:14:01.000Z,2026-07-15T14:14:08.000Z,Chat,Card Dispute,Unrecognized Charge,Closed,Medium,false,3,7.4,BR-007,E-0125,true
RB-CS-004526,RB-C-02143-1,RB-FA-004769,2024-12-04T15:04:52.000Z,,Voice,Product Question,Rates,Escalated,Low,true,,11.5,BR-007,E-0110,true
RB-CS-004527,RB-C-02143-1,RB-FA-004769,2026-04-29T18:25:15.000Z,2026-05-19T15:35:14.000Z,Email,Account Access,Locked Account,Closed,Medium,false,3,37.6,BR-007,E-0080,true
RB-CS-004528,RB-C-02143-1,RB-FA-004769,2026-05-12T16:59:24.000Z,2026-05-12T12:07:01.000Z,Email,Account Access,Password Reset,Closed,Medium,true,4,23.5,BR-007,E-0122,true
RB-CS-004529,RB-C-02144-1,RB-FA-004770,2024-10-18T19:32:55.000Z,2024-10-18T11:54:08.000Z,Mobile App,Account Access,MFA,Closed,Low,true,,21.9,BR-013,E-0078,false
RB-CS-004530,RB-C-02145-1,RB-FA-004771,2026-08-08T09:31:13.000Z,2026-08-08T13:47:05.000Z,Voice,Card Dispute,Duplicate Charge,Closed,Medium,true,1,5.5,BR-011,E-0119,true
RB-CS-004531,RB-C-02147-1,RB-FA-004773,2025-09-03T15:51:50.000Z,2025-09-03T16:59:44.000Z,Chat,Account Access,Locked Account,Closed,Low,true,5,13.0,BR-022,E-0110,false
RB-CS-004532,RB-C-02147-1,RB-FA-004775,2026-07-21T14:27:59.000Z,,Voice,Account Access,MFA,Open,Low,true,,5.0,BR-022,E-0137,false
RB-CS-004533,RB-C-02147-1,RB-FA-004775,2025-09-14T18:44:48.000Z,2025-10-04T18:57:43.000Z,Email,Fee Inquiry,Monthly Maintenance,Closed,Low,false,5,38.5,BR-022,E-0136,false
RB-CS-004534,RB-C-02147-1,RB-FA-004775,2025-02-20T13:52:43.000Z,2025-02-20T08:54:19.000Z,Email,Account Access,Password Reset,Closed,Medium,true,,42.0,BR-022,E-0114,false
RB-CS-004535,RB-C-02147-1,RB-FA-004775,2025-03-22T09:52:59.000Z,2025-03-22T07:58:40.000Z,Email,Payments,Failed Transfer,Closed,Medium,true,,9.0,BR-022,E-0110,false
RB-CS-004536,RB-C-02148-1,RB-FA-004777,2026-07-09T16:36:28.000Z,2026-07-23T13:58:37.000Z,Chat,Card Dispute,Unrecognized Charge,Closed,High,false,,14.0,BR-015,E-0123,false
RB-CS-004537,RB-C-02149-1,RB-FA-004778,2025-04-28T17:09:55.000Z,2025-05-11T09:38:52.000Z,Email,Card Dispute,Unrecognized Charge,Closed,Low,false,3,20.5,BR-009,E-0077,false
RB-CS-004538,RB-C-02149-1,RB-FA-004779,2026-06-14T19:57:03.000Z,2026-06-14T11:04:14.000Z,Voice,Fee Inquiry,Overdraft Fee,Closed,Medium,true,,8.0,BR-009,E-0067,false
RB-CS-004539,RB-C-02149-1,RB-FA-004779,2025-10-21T18:58:32.000Z,2025-10-21T08:25:54.000Z,Mobile App,Card Dispute,Unrecognized Charge,Closed,High,true,5,26.4,BR-009,E-0070,true
RB-CS-004540,RB-C-02149-1,RB-FA-004779,2026-06-13T10:06:08.000Z,2026-06-13T18:30:57.000Z,Voice,Payments,Wire Status,Closed,Medium,true,4,8.4,BR-009,E-0115,true
RB-CS-004541,RB-C-02150-1,RB-FA-004782,2026-03-19T12:32:40.000Z,,Mobile App,Fraud,Account Takeover,Open,High,true,,5.6,BR-027,E-0126,false
RB-CS-004542,RB-C-02150-1,RB-FA-004782,2026-05-19T13:11:20.000Z,2026-05-19T11:56:08.000Z,Voice,Product Question,Eligibility,Closed,Medium,true,1,6.1,BR-027,E-0134,false
RB-CS-004543,RB-C-02150-1,RB-FA-004782,2025-05-28T11:26:31.000Z,,Voice,Card Dispute,Merchant Refund,Open,Medium,false,,27.7,BR-027,E-0091,false
RB-CS-004544,RB-C-02150-1,RB-FA-004782,2024-10-08T14:02:06.000Z,2024-10-08T07:32:12.000Z,Chat,Account Access,Locked Account,Closed,Low,true,,6.0,BR-027,E-0089,false
RB-CS-004545,RB-C-02150-1,RB-FA-004783,2025-04-20T15:44:53.000Z,2025-04-20T10:29:32.000Z,Mobile App,Fee Inquiry,Monthly Maintenance,Closed,Low,true,5,22.8,BR-027,E-0128,false
RB-CS-004546,RB-C-02151-1,RB-FA-004784,2026-07-28T09:10:19.000Z,2026-07-28T13:48:03.000Z,Branch,Account Access,Password Reset,Closed,Low,true,,5.9,BR-008,E-0074,false
RB-CS-004547,RB-C-02152-1,RB-FA-004787,2026-08-28T15:26:38.000Z,,Voice,Account Access,Locked Account,Escalated,Low,false,3,10.8,BR-004,E-0078,true
RB-CS-004548,RB-C-02152-1,RB-FA-004787,2026-05-12T13:48:29.000Z,2026-05-12T14:46:03.000Z,Branch,Fee Inquiry,ATM Fee,Closed,Medium,true,5,19.8,BR-004,E-0102,false
RB-CS-004549,RB-C-02152-1,RB-FA-004787,2024-12-08T19:17:12.000Z,2024-12-08T07:53:03.000Z,Branch,Fee Inquiry,ATM Fee,Closed,Medium,true,5,7.1,BR-004,E-0089,false
RB-CS-004550,RB-C-02152-1,RB-FA-004787,2025-03-14T12:38:42.000Z,2025-03-14T08:00:27.000Z,Email,Fee Inquiry,Overdraft Fee,Closed,Medium,true,5,56.3,BR-004,E-0105,false
RB-CS-004551,RB-C-02153-1,RB-FA-004789,2024-11-07T07:16:01.000Z,2024-11-07T12:59:27.000Z,Branch,Account Access,MFA,Closed,Low,true,,4.0,BR-018,E-0127,false
RB-CS-004552,RB-C-02154-1,RB-FA-004792,2024-10-19T11:32:09.000Z,2024-10-19T08:21:51.000Z,Voice,Account Access,Password Reset,Closed,Medium,true,4,5.5,BR-018,E-0063,true
RB-CS-004553,RB-C-02156-1,RB-FA-004795,2024-09-28T19:41:47.000Z,2024-09-28T08:51:12.000Z,Mobile App,Payments,Failed Transfer,Closed,High,true,3,12.2,BR-030,E-0136,false
RB-CS-004554,RB-C-02156-1,RB-FA-004795,2025-06-22T07:07:40.000Z,2025-06-22T17:41:46.000Z,Branch,Fee Inquiry,ATM Fee,Closed,Medium,true,4,10.9,BR-030,E-0139,false
RB-CS-004555,RB-C-02156-1,RB-FA-004795,2024-09-09T07:35:23.000Z,2024-09-09T19:28:15.000Z,Voice,Account Access,Locked Account,Closed,Low,true,,10.4,BR-030,E-0135,false
RB-CS-004556,RB-C-02156-1,RB-FA-004795,2025-01-05T11:18:02.000Z,,Voice,Account Access,Locked Account,Open,Medium,true,1,16.6,BR-030,E-0132,false
RB-CS-004557,RB-C-02157-1,RB-FA-004796,2025-01-08T15:58:03.000Z,2025-01-08T14:23:43.000Z,Voice,Card Dispute,Merchant Refund,Closed,High,true,,7.1,BR-016,E-0096,false
RB-CS-004558,RB-C-02157-1,RB-FA-004796,2024-12-19T11:24:24.000Z,2024-12-19T12:25:46.000Z,Chat,Account Access,Password Reset,Closed,Low,true,2,9.9,BR-016,E-0096,true
RB-CS-004559,RB-C-02157-1,RB-FA-004796,2025-03-24T08:53:53.000Z,,Voice,Product Question,Rates,Open,Low,false,,11.7,BR-016,E-0061,false
RB-CS-004560,RB-C-02158-1,RB-FA-004797,2025-03-14T07:23:33.000Z,2025-03-29T08:18:39.000Z,Chat,Payments,Failed Transfer,Closed,Low,false,,12.3,BR-026,E-0119,false
RB-CS-004561,RB-C-02158-1,RB-FA-004797,2024-09-10T09:11:43.000Z,2024-09-10T10:02:38.000Z,Voice,Account Access,MFA,Closed,Medium,true,3,6.5,BR-026,E-0113,true
RB-CS-004562,RB-C-02158-1,RB-FA-004797,2025-04-18T14:52:59.000Z,2025-04-26T09:11:56.000Z,Voice,Fee Inquiry,Overdraft Fee,Closed,Medium,false,,10.1,BR-026,E-0093,false
RB-CS-004563,RB-C-02158-1,RB-FA-004798,2025-12-12T08:57:15.000Z,2025-12-12T13:42:58.000Z,Voice,Fee Inquiry,Monthly Maintenance,Closed,Medium,true,,13.2,BR-026,E-0106,false
RB-CS-004564,RB-C-02158-1,RB-FA-004798,2026-01-22T10:24:37.000Z,2026-01-30T18:28:49.000Z,Mobile App,Product Question,Rates,Closed,Medium,false,5,6.2,BR-026,E-0085,false
RB-CS-004565,RB-C-02158-1,RB-FA-004798,2024-09-18T08:11:02.000Z,2024-10-05T14:34:15.000Z,Mobile App,Fraud,Account Takeover,Closed,Medium,false,1,7.7,BR-026,E-0089,false
RB-CS-004566,RB-C-02159-1,RB-FA-004800,2024-10-21T07:43:09.000Z,2024-10-23T13:43:35.000Z,Mobile App,Fee Inquiry,Monthly Maintenance,Closed,Low,false,5,9.9,BR-007,E-0095,true
RB-CS-004567,RB-C-02159-1,RB-FA-004801,2026-03-21T09:48:58.000Z,2026-03-21T11:06:03.000Z,Email,Fee Inquiry,ATM Fee,Closed,Low,true,3,14.4,BR-007,E-0092,true
RB-CS-004568,RB-C-02160-1,RB-FA-004802,2025-04-06T11:18:18.000Z,2025-04-06T15:47:06.000Z,Mobile App,Fee Inquiry,ATM Fee,Closed,Low,true,,4.9,BR-029,E-0075,true
RB-CS-004569,RB-C-02160-1,RB-FA-004802,2025-08-01T19:36:39.000Z,2025-08-13T18:40:27.000Z,Branch,Card Dispute,Merchant Refund,Closed,Low,false,,12.4,BR-029,E-0114,true
RB-CS-004570,RB-C-02160-1,RB-FA-004802,2025-02-05T12:02:01.000Z,2025-02-05T15:24:24.000Z,Chat,Payments,Failed Transfer,Closed,Low,true,,5.8,BR-029,E-0062,false
RB-CS-004571,RB-C-02160-1,RB-FA-004802,2026-02-25T10:48:49.000Z,2026-03-17T08:23:50.000Z,Chat,Card Dispute,Duplicate Charge,Closed,Low,false,3,14.2,BR-029,E-0130,true
RB-CS-004572,RB-C-02160-1,RB-FA-004804,2025-09-30T08:07:37.000Z,2025-09-30T10:50:19.000Z,Chat,Account Access,MFA,Closed,Low,true,,10.1,BR-029,E-0069,false
RB-CS-004573,RB-C-02160-1,RB-FA-004804,2025-05-05T11:26:20.000Z,2025-05-05T12:56:24.000Z,Voice,Account Access,Locked Account,Closed,Low,true,4,8.3,BR-029,E-0077,false
RB-CS-004574,RB-C-02160-1,RB-FA-004804,2026-02-26T11:49:51.000Z,2026-02-26T18:19:41.000Z,Email,Fraud,Account Takeover,Closed,Low,true,4,17.9,BR-029,E-0106,false
RB-CS-004575,RB-C-02160-1,RB-FA-004804,2025-05-20T15:54:27.000Z,2025-05-20T12:21:38.000Z,Chat,Account Access,Password Reset,Closed,Low,true,,22.4,BR-029,E-0064,true
RB-CS-004576,RB-C-02161-1,RB-FA-004806,2025-03-24T13:07:19.000Z,,Voice,Account Access,Locked Account,Open,High,true,2,14.6,BR-014,E-0123,false
RB-CS-004577,RB-C-02161-1,RB-FA-004807,2025-04-15T15:18:50.000Z,2025-04-15T19:59:09.000Z,Voice,Product Question,Eligibility,Closed,Medium,true,3,14.6,BR-014,E-0063,false
RB-CS-004578,RB-C-02161-1,RB-FA-004807,2026-06-30T14:44:22.000Z,2026-06-30T08:02:51.000Z,Chat,Card Dispute,Merchant Refund,Closed,Medium,true,3,15.6,BR-014,E-0065,true
RB-CS-004579,RB-C-02161-1,RB-FA-004807,2025-04-07T19:15:07.000Z,2025-04-07T09:48:41.000Z,Branch,Card Dispute,Unrecognized Charge,Closed,Low,true,4,13.0,BR-014,E-0075,false
RB-CS-004580,RB-C-02161-1,RB-FA-004807,2026-01-20T13:48:58.000Z,2026-02-05T09:47:32.000Z,Chat,Payments,Wire Status,Closed,Low,false,4,16.6,BR-014,E-0127,false
RB-CS-004581,RB-C-02162-1,RB-FA-004808,2025-10-02T10:44:23.000Z,2025-10-02T10:06:47.000Z,Voice,Fee Inquiry,ATM Fee,Closed,Low,true,,10.5,BR-002,E-0140,true
RB-CS-004582,RB-C-02162-1,RB-FA-004808,2025-03-09T12:57:45.000Z,2025-03-09T07:54:47.000Z,Voice,Payments,Bill Pay,Closed,High,true,,14.7,BR-002,E-0084,false
RB-CS-004583,RB-C-02162-1,RB-FA-004809,2026-08-11T13:08:56.000Z,2026-08-11T19:08:59.000Z,Voice,Card Dispute,Unrecognized Charge,Closed,Medium,true,,13.8,BR-002,E-0078,true
RB-CS-004584,RB-C-02162-1,RB-FA-004810,2025-04-20T18:54:49.000Z,2025-05-03T16:08:55.000Z,Chat,Payments,Wire Status,Closed,Medium,false,5,9.0,BR-002,E-0073,true
RB-CS-004585,RB-C-02162-1,RB-FA-004810,2025-03-07T07:00:30.000Z,2025-03-27T08:54:39.000Z,Voice,Product Question,Eligibility,Closed,High,false,4,15.9,BR-002,E-0114,false
RB-CS-004586,RB-C-02164-1,RB-FA-004815,2025-01-31T09:00:58.000Z,2025-01-31T15:41:41.000Z,Email,Card Dispute,Unrecognized Charge,Closed,Low,true,5,61.4,BR-002,E-0081,false
RB-CS-004587,RB-C-02164-1,RB-FA-004815,2025-12-11T15:11:32.000Z,2025-12-16T14:57:42.000Z,Branch,Account Access,Locked Account,Closed,Medium,false,4,15.9,BR-002,E-0068,true
RB-CS-004588,RB-C-02164-1,RB-FA-004815,2026-01-31T19:46:27.000Z,2026-02-02T18:43:00.000Z,Voice,Fraud,Card Compromised,Closed,Medium,false,5,24.7,BR-002,E-0066,true
RB-CS-004589,RB-C-02164-1,RB-FA-004815,2025-11-06T18:25:41.000Z,2025-11-07T11:13:11.000Z,Mobile App,Account Access,MFA,Closed,Medium,false,,17.8,BR-002,E-0063,true
RB-CS-004590,RB-C-02167-1,RB-FA-004820,2025-11-14T12:58:29.000Z,2025-11-26T12:16:45.000Z,Branch,Fraud,Card Compromised,Closed,Low,false,4,13.6,BR-006,E-0140,false
RB-CS-004591,RB-C-02167-1,RB-FA-004821,2026-08-10T07:16:48.000Z,2026-08-10T12:58:19.000Z,Voice,Product Question,Rates,Closed,Medium,true,4,10.0,BR-006,E-0113,true
RB-CS-004592,RB-C-02167-1,RB-FA-004821,2025-07-18T15:06:11.000Z,2025-08-07T09:33:11.000Z,Chat,Fee Inquiry,Monthly Maintenance,Closed,Low,false,4,8.9,BR-006,E-0139,true
RB-CS-004593,RB-C-02167-1,RB-FA-004821,2026-01-11T12:47:12.000Z,2026-01-25T15:21:49.000Z,Voice,Fee Inquiry,ATM Fee,Closed,Medium,false,3,6.2,BR-006,E-0071,true
RB-CS-004594,RB-C-02167-1,RB-FA-004821,2026-07-28T19:10:03.000Z,2026-07-28T18:54:19.000Z,Voice,Product Question,Eligibility,Closed,Medium,true,,6.2,BR-006,E-0128,false
RB-CS-004595,RB-C-02169-1,RB-FA-004823,2026-03-01T09:24:06.000Z,2026-03-10T12:36:41.000Z,Voice,Product Question,Eligibility,Closed,Low,false,5,10.9,BR-003,E-0061,false
RB-CS-004596,RB-C-02170-1,RB-FA-004827,2024-10-20T14:51:48.000Z,2024-10-24T18:24:38.000Z,Chat,Account Access,Password Reset,Closed,High,false,5,13.4,BR-027,E-0113,false
RB-CS-004597,RB-C-02170-1,RB-FA-004827,2025-02-16T15:53:51.000Z,2025-02-16T07:41:53.000Z,Chat,Card Dispute,Duplicate Charge,Closed,Low,true,,10.7,BR-027,E-0128,false
RB-CS-004598,RB-C-02170-1,RB-FA-004829,2026-02-02T19:55:33.000Z,,Chat,Account Access,MFA,Open,Medium,false,,11.7,BR-027,E-0127,false
RB-CS-004599,RB-C-02171-1,RB-FA-004831,2026-05-30T17:20:11.000Z,2026-05-30T13:03:34.000Z,Voice,Fee Inquiry,ATM Fee,Closed,Medium,true,4,16.4,BR-015,E-0067,false
RB-CS-004600,RB-C-02171-1,RB-FA-004831,2025-05-31T08:00:51.000Z,2025-06-18T19:21:22.000Z,Voice,Payments,Bill Pay,Closed,Low,false,4,20.3,BR-015,E-0064,false
RB-CS-004601,RB-C-02171-1,RB-FA-004832,2025-03-07T11:06:16.000Z,2025-03-07T07:18:35.000Z,Chat,Card Dispute,Unrecognized Charge,Closed,Medium,true,,16.8,BR-015,E-0073,false
RB-CS-004602,RB-C-02172-1,RB-FA-004833,2025-09-17T12:40:46.000Z,,Voice,Fee Inquiry,Monthly Maintenance,Open,Low,true,5,5.7,BR-009,E-0098,false
RB-CS-004603,RB-C-02172-1,RB-FA-004834,2025-02-27T09:34:42.000Z,2025-03-05T13:24:43.000Z,Voice,Product Question,Eligibility,Closed,Medium,false,5,10.9,BR-009,E-0092,false
RB-CS-004604,RB-C-02172-1,RB-FA-004834,2024-12-06T16:54:59.000Z,2024-12-06T19:50:17.000Z,Email,Card Dispute,Duplicate Charge,Closed,Low,true,3,21.3,BR-009,E-0099,false
RB-CS-004605,RB-C-02172-1,RB-FA-004834,2026-07-29T16:05:30.000Z,2026-07-29T14:39:18.000Z,Voice,Account Access,MFA,Closed,Low,true,3,15.1,BR-009,E-0099,true
RB-CS-004606,RB-C-02172-1,RB-FA-004835,2025-05-19T19:07:21.000Z,2025-05-23T09:48:41.000Z,Email,Card Dispute,Unrecognized Charge,Closed,Low,false,,28.4,BR-009,E-0120,false
RB-CS-004607,RB-C-02172-1,RB-FA-004835,2026-01-27T07:33:07.000Z,2026-02-13T11:46:25.000Z,Voice,Product Question,Eligibility,Closed,Low,false,3,7.3,BR-009,E-0102,false
RB-CS-004608,RB-C-02172-1,RB-FA-004835,2024-09-30T18:42:49.000Z,2024-09-30T19:39:14.000Z,Chat,Card Dispute,Merchant Refund,Closed,Low,true,,14.6,BR-009,E-0118,false
RB-CS-004609,RB-C-02172-1,RB-FA-004835,2024-10-21T13:19:00.000Z,2024-10-21T09:14:22.000Z,Chat,Card Dispute,Unrecognized Charge,Closed,Low,true,,7.6,BR-009,E-0122,false
RB-CS-004610,RB-C-02172-1,RB-FA-004836,2026-08-03T18:29:04.000Z,2026-08-18T09:00:43.000Z,Voice,Card Dispute,Duplicate Charge,Closed,Low,false,1,13.2,BR-009,E-0120,false
RB-CS-004611,RB-C-02172-1,RB-FA-004836,2025-08-31T13:09:03.000Z,2025-08-31T10:20:38.000Z,Voice,Fee Inquiry,Overdraft Fee,Closed,Low,true,,11.1,BR-009,E-0064,false
RB-CS-004612,RB-C-02172-1,RB-FA-004836,2025-02-24T12:34:28.000Z,2025-02-24T08:54:45.000Z,Voice,Product Question,Eligibility,Closed,Low,true,4,7.0,BR-009,E-0112,false
RB-CS-004613,RB-C-02173-1,RB-FA-004837,2024-12-26T16:46:21.000Z,2024-12-26T15:28:41.000Z,Voice,Account Access,Locked Account,Closed,High,true,,24.1,BR-028,E-0061,false
RB-CS-004614,RB-C-02173-1,RB-FA-004837,2026-01-29T14:32:14.000Z,2026-01-29T07:29:10.000Z,Chat,Product Question,Rates,Closed,Medium,true,4,8.7,BR-028,E-0115,true
RB-CS-004615,RB-C-02173-1,RB-FA-004839,2025-12-08T07:28:23.000Z,2025-12-23T09:05:07.000Z,Voice,Account Access,Password Reset,Closed,High,false,2,4.6,BR-028,E-0074,false
RB-CS-004616,RB-C-02173-1,RB-FA-004840,2025-12-31T19:56:59.000Z,2025-12-31T09:20:29.000Z,Mobile App,Fee Inquiry,ATM Fee,Closed,Low,true,,13.4,BR-028,E-0063,false
RB-CS-004617,RB-C-02175-1,RB-FA-004842,2025-03-08T11:45:22.000Z,2025-03-08T19:21:32.000Z,Chat,Fee Inquiry,Monthly Maintenance,Closed,Low,true,5,20.0,BR-027,E-0140,true
RB-CS-004618,RB-C-02175-1,RB-FA-004842,2025-11-21T07:51:37.000Z,2025-11-21T07:19:27.000Z,Mobile App,Fee Inquiry,ATM Fee,Closed,High,true,,24.9,BR-027,E-0107,true
RB-CS-004619,RB-C-02175-1,RB-FA-004843,2025-07-21T12:12:21.000Z,2025-07-21T08:02:40.000Z,Email,Product Question,Rates,Closed,Medium,true,5,35.9,BR-027,E-0097,false
RB-CS-004620,RB-C-02175-1,RB-FA-004843,2024-10-09T11:42:14.000Z,2024-10-28T13:09:21.000Z,Email,Card Dispute,Merchant Refund,Closed,Low,false,2,44.1,BR-027,E-0076,false
RB-CS-004621,RB-C-02175-1,RB-FA-004843,2024-11-29T13:23:44.000Z,,Email,Card Dispute,Unrecognized Charge,In Progress,Medium,false,,51.8,BR-027,E-0120,false
RB-CS-004622,RB-C-02176-1,RB-FA-004848,2026-05-11T11:13:27.000Z,2026-05-11T08:04:19.000Z,Voice,Account Access,MFA,Closed,Low,true,3,10.6,BR-026,E-0064,true
RB-CS-004623,RB-C-02177-1,RB-FA-004849,2024-12-05T12:40:38.000Z,2024-12-11T09:54:09.000Z,Voice,Card Dispute,Merchant Refund,Closed,Low,false,,6.6,BR-027,E-0118,true
RB-CS-004624,RB-C-02177-1,RB-FA-004849,2024-10-17T07:48:30.000Z,2024-11-04T15:03:52.000Z,Voice,Card Dispute,Merchant Refund,Closed,Low,false,1,12.3,BR-027,E-0106,false
RB-CS-004625,RB-C-02177-1,RB-FA-004849,2026-02-23T07:35:02.000Z,2026-03-09T19:07:07.000Z,Email,Account Access,MFA,Closed,Medium,false,5,18.9,BR-027,E-0073,false
RB-CS-004626,RB-C-02178-1,RB-FA-004852,2026-01-20T12:55:31.000Z,,Voice,Payments,Failed Transfer,Escalated,Medium,false,,20.0,BR-010,E-0100,false
RB-CS-004627,RB-C-02179-1,RB-FA-004853,2026-02-16T08:46:25.000Z,2026-02-16T13:40:40.000Z,Mobile App,Fee Inquiry,ATM Fee,Closed,Low,true,5,32.3,BR-022,E-0139,true
RB-CS-004628,RB-C-02180-1,RB-FA-004855,2025-06-23T17:30:41.000Z,,Mobile App,Account Access,Password Reset,Escalated,Medium,true,,14.6,BR-016,E-0063,false
RB-CS-004629,RB-C-02180-1,RB-FA-004856,2025-12-19T14:26:14.000Z,2025-12-19T10:59:46.000Z,Chat,Payments,Failed Transfer,Closed,Low,true,5,8.3,BR-016,E-0089,false
RB-CS-004630,RB-C-02181-1,RB-FA-004859,2025-02-11T09:08:47.000Z,2025-02-11T13:11:48.000Z,Chat,Fraud,Card Compromised,Closed,High,true,,9.5,BR-007,E-0067,false
RB-CS-004631,RB-C-02181-1,RB-FA-004859,2026-02-06T13:25:27.000Z,2026-02-06T14:40:42.000Z,Chat,Account Access,Password Reset,Closed,Medium,true,,15.8,BR-007,E-0062,false
RB-CS-004632,RB-C-02181-1,RB-FA-004859,2025-02-13T07:57:21.000Z,2025-02-13T10:30:08.000Z,Branch,Product Question,Eligibility,Closed,Medium,true,5,8.9,BR-007,E-0087,true
RB-CS-004633,RB-C-02184-1,RB-FA-004864,2026-05-23T08:44:59.000Z,2026-06-01T09:10:38.000Z,Voice,Fraud,Card Compromised,Closed,Low,false,4,20.8,BR-030,E-0079,true
RB-CS-004634,RB-C-02186-1,RB-FA-004868,2026-07-12T13:54:40.000Z,2026-07-12T19:49:07.000Z,Chat,Product Question,Eligibility,Closed,Medium,true,,7.6,BR-013,E-0127,true
RB-CS-004635,RB-C-02186-1,RB-FA-004868,2025-04-14T07:01:03.000Z,2025-04-14T17:27:15.000Z,Voice,Product Question,Rates,Closed,Medium,true,,14.8,BR-013,E-0131,false
RB-CS-004636,RB-C-02188-1,RB-FA-004870,2025-03-17T08:53:07.000Z,,Voice,Product Question,Eligibility,Open,Low,false,2,8.9,BR-011,E-0125,true
RB-CS-004637,RB-C-02188-1,RB-FA-004871,2026-02-24T12:24:00.000Z,2026-02-24T18:29:59.000Z,Mobile App,Account Access,Locked Account,Closed,Medium,true,3,18.8,BR-011,E-0073,false
RB-CS-004638,RB-C-02188-1,RB-FA-004871,2025-05-02T12:27:38.000Z,,Voice,Card Dispute,Duplicate Charge,In Progress,Medium,true,5,14.5,BR-011,E-0073,false
RB-CS-004639,RB-C-02189-1,RB-FA-004872,2025-02-20T16:40:18.000Z,2025-02-20T09:00:40.000Z,Voice,Account Access,Password Reset,Closed,Medium,true,,10.0,BR-025,E-0107,true
RB-CS-004640,RB-C-02189-1,RB-FA-004872,2025-07-25T15:36:38.000Z,2025-07-25T18:07:28.000Z,Voice,Card Dispute,Unrecognized Charge,Closed,High,true,4,5.5,BR-025,E-0129,false
RB-CS-004641,RB-C-02189-1,RB-FA-004873,2026-04-12T16:51:13.000Z,2026-04-12T18:16:31.000Z,Mobile App,Payments,Bill Pay,Closed,Low,true,4,4.7,BR-025,E-0064,true
RB-CS-004642,RB-C-02191-1,RB-FA-004876,2026-02-22T07:29:06.000Z,2026-03-01T16:50:10.000Z,Chat,Card Dispute,Duplicate Charge,Closed,High,false,,18.0,BR-010,E-0095,false
RB-CS-004643,RB-C-02191-1,RB-FA-004878,2024-11-10T16:06:34.000Z,2024-11-16T07:15:02.000Z,Voice,Fraud,Card Compromised,Closed,Medium,false,5,17.5,BR-010,E-0124,true
RB-CS-004644,RB-C-02192-1,RB-FA-004879,2024-09-15T10:02:02.000Z,2024-09-15T10:34:22.000Z,Voice,Fraud,Card Compromised,Closed,Low,true,4,12.1,BR-017,E-0098,true
RB-CS-004645,RB-C-02192-1,RB-FA-004880,2025-04-19T12:37:14.000Z,2025-04-19T15:45:06.000Z,Chat,Account Access,MFA,Closed,Low,true,4,9.5,BR-017,E-0138,false
RB-CS-004646,RB-C-02192-1,RB-FA-004881,2024-10-26T19:44:30.000Z,2024-10-26T09:12:28.000Z,Chat,Fee Inquiry,Monthly Maintenance,Closed,High,true,3,10.7,BR-017,E-0067,true
RB-CS-004647,RB-C-02192-1,RB-FA-004882,2025-02-13T19:24:28.000Z,,Mobile App,Account Access,Locked Account,Open,Low,true,,12.6,BR-017,E-0139,false
RB-CS-004648,RB-C-02193-1,RB-FA-004883,2026-01-01T09:00:08.000Z,2026-01-01T19:11:13.000Z,Mobile App,Card Dispute,Merchant Refund,Closed,Medium,true,,11.0,BR-017,E-0123,false
RB-CS-004649,RB-C-02193-1,RB-FA-004883,2026-08-09T18:23:43.000Z,2026-08-09T13:13:52.000Z,Voice,Card Dispute,Unrecognized Charge,Closed,Low,true,4,5.6,BR-017,E-0090,true
RB-CS-004650,RB-C-02194-1,RB-FA-004884,2025-12-11T07:14:50.000Z,2025-12-16T16:44:46.000Z,Chat,Fraud,Account Takeover,Closed,High,false,2,5.2,BR-030,E-0077,false
RB-CS-004651,RB-C-02194-1,RB-FA-004884,2025-02-03T10:34:28.000Z,2025-02-03T13:31:35.000Z,Chat,Product Question,Rates,Closed,Low,true,5,8.4,BR-030,E-0124,true
RB-CS-004652,RB-C-02194-1,RB-FA-004884,2025-05-23T19:29:36.000Z,2025-05-31T17:33:45.000Z,Mobile App,Card Dispute,Unrecognized Charge,Closed,High,false,2,17.7,BR-030,E-0136,false
RB-CS-004653,RB-C-02196-1,RB-FA-004887,2026-08-30T11:55:53.000Z,2026-08-30T10:32:36.000Z,Chat,Fee Inquiry,Monthly Maintenance,Closed,Medium,true,,7.5,BR-011,E-0123,false
RB-CS-004654,RB-C-02197-1,RB-FA-004888,2025-03-15T15:46:15.000Z,2025-03-15T11:45:55.000Z,Mobile App,Fee Inquiry,ATM Fee,Closed,Low,true,2,5.9,BR-004,E-0089,true
RB-CS-004655,RB-C-02197-1,RB-FA-004888,2025-11-19T10:53:04.000Z,2025-11-19T10:52:51.000Z,Chat,Card Dispute,Merchant Refund,Closed,Low,true,,5.9,BR-004,E-0101,false
RB-CS-004656,RB-C-02197-1,RB-FA-004888,2026-05-23T13:50:34.000Z,2026-05-23T14:00:41.000Z,Chat,Fee Inquiry,Overdraft Fee,Closed,Low,true,,19.7,BR-004,E-0112,false
RB-CS-004657,RB-C-02197-1,RB-FA-004889,2024-10-17T07:53:50.000Z,2024-10-17T08:16:55.000Z,Voice,Account Access,Password Reset,Closed,Low,true,4,8.2,BR-004,E-0086,true
RB-CS-004658,RB-C-02197-1,RB-FA-004890,2024-10-23T11:44:55.000Z,2024-10-23T07:20:31.000Z,Voice,Account Access,MFA,Closed,Medium,true,,15.4,BR-004,E-0109,false
RB-CS-004659,RB-C-02198-1,RB-FA-004892,2025-04-05T19:51:32.000Z,2025-04-06T18:04:56.000Z,Email,Payments,Wire Status,Closed,Low,false,5,71.9,BR-021,E-0110,true
RB-CS-004660,RB-C-02200-1,RB-FA-004894,2025-03-24T17:58:32.000Z,2025-03-31T16:50:04.000Z,Chat,Fraud,Account Takeover,Closed,Medium,false,,20.4,BR-019,E-0074,false
RB-CS-004661,RB-C-02200-1,RB-FA-004894,2025-03-26T16:30:39.000Z,2025-04-04T17:30:42.000Z,Voice,Card Dispute,Duplicate Charge,Closed,Low,false,,5.1,BR-019,E-0090,false
RB-CS-004662,RB-C-02200-1,RB-FA-004894,2026-05-30T13:16:59.000Z,2026-06-07T11:04:34.000Z,Chat,Account Access,Password Reset,Closed,Medium,false,3,13.7,BR-019,E-0066,true
RB-CS-004663,RB-C-02200-1,RB-FA-004894,2025-12-06T09:48:10.000Z,2025-12-06T11:10:10.000Z,Chat,Payments,Bill Pay,Closed,Low,true,4,7.2,BR-019,E-0135,false
RB-CS-004664,RB-C-02200-1,RB-FA-004895,2025-01-18T14:14:14.000Z,2025-01-18T08:46:02.000Z,Voice,Fee Inquiry,Overdraft Fee,Closed,Medium,true,4,10.6,BR-019,E-0080,false
RB-CS-004665,RB-C-02200-1,RB-FA-004895,2026-07-07T07:48:23.000Z,,Email,Card Dispute,Merchant Refund,Escalated,Low,true,4,28.1,BR-019,E-0089,true
RB-CS-004666,RB-C-02200-1,RB-FA-004896,2025-09-22T10:33:15.000Z,,Email,Account Access,Locked Account,Escalated,Medium,true,,44.0,BR-019,E-0068,false
RB-CS-004667,RB-C-02201-1,RB-FA-004898,2026-02-11T14:21:16.000Z,2026-02-11T12:20:21.000Z,Mobile App,Card Dispute,Unrecognized Charge,Closed,Low,true,5,6.2,BR-005,E-0107,false
RB-CS-004668,RB-C-02201-1,RB-FA-004900,2025-07-01T07:09:26.000Z,2025-07-01T17:44:41.000Z,Voice,Fee Inquiry,Overdraft Fee,Closed,Low,true,2,6.5,BR-005,E-0102,false
RB-CS-004669,RB-C-02201-1,RB-FA-004901,2025-12-20T18:46:27.000Z,2025-12-20T12:03:15.000Z,Branch,Card Dispute,Duplicate Charge,Closed,Medium,true,4,3.2,BR-005,E-0066,false
RB-CS-004670,RB-C-02201-1,RB-FA-004901,2024-09-24T15:38:01.000Z,2024-09-24T08:12:28.000Z,Chat,Account Access,MFA,Closed,Low,true,,7.0,BR-005,E-0072,false
RB-CS-004671,RB-C-02201-1,RB-FA-004901,2025-04-03T17:18:09.000Z,2025-04-16T11:48:45.000Z,Chat,Fraud,Card Compromised,Closed,Medium,false,,6.0,BR-005,E-0085,true
RB-CS-004672,RB-C-02201-1,RB-FA-004901,2025-12-13T08:18:38.000Z,2025-12-13T12:16:42.000Z,Email,Fraud,Card Compromised,Closed,Low,true,,25.1,BR-005,E-0109,false
RB-CS-004673,RB-C-02203-1,RB-FA-004903,2024-10-30T07:03:04.000Z,2024-11-10T18:30:05.000Z,Mobile App,Account Access,Password Reset,Closed,Low,false,3,18.5,BR-002,E-0109,false
RB-CS-004674,RB-C-02203-1,RB-FA-004905,2026-04-27T14:54:22.000Z,,Mobile App,Product Question,Eligibility,Open,Low,true,5,17.0,BR-002,E-0137,true
RB-CS-004675,RB-C-02204-1,RB-FA-004906,2025-03-19T15:46:53.000Z,2025-03-31T12:07:21.000Z,Voice,Product Question,Eligibility,Closed,Low,false,,17.4,BR-009,E-0080,false
RB-CS-004676,RB-C-02206-1,RB-FA-004911,2026-06-09T15:37:47.000Z,2026-06-26T19:12:44.000Z,Branch,Card Dispute,Duplicate Charge,Closed,Medium,false,1,6.8,BR-011,E-0129,false
RB-CS-004677,RB-C-02209-1,RB-FA-004916,2026-02-06T12:42:03.000Z,2026-02-06T07:57:52.000Z,Email,Payments,Bill Pay,Closed,Medium,true,5,12.4,BR-024,E-0112,true
RB-CS-004678,RB-C-02209-1,RB-FA-004916,2026-05-08T08:54:12.000Z,2026-05-08T09:42:05.000Z,Email,Payments,Bill Pay,Closed,Low,true,5,15.2,BR-024,E-0114,false
RB-CS-004679,RB-C-02209-1,RB-FA-004916,2025-09-12T13:31:44.000Z,2025-09-12T09:25:28.000Z,Voice,Card Dispute,Unrecognized Charge,Closed,Medium,true,3,26.4,BR-024,E-0082,false
RB-CS-004680,RB-C-02210-1,RB-FA-004918,2026-04-04T15:36:31.000Z,2026-04-04T16:06:52.000Z,Voice,Card Dispute,Merchant Refund,Closed,Low,true,,22.8,BR-020,E-0085,true
RB-CS-004681,RB-C-02211-1,RB-FA-004919,2025-07-05T08:44:17.000Z,2025-07-05T13:25:16.000Z,Email,Product Question,Eligibility,Closed,Low,true,,34.7,BR-027,E-0120,true
RB-CS-004682,RB-C-02213-1,RB-FA-004926,2026-08-17T10:10:50.000Z,,Email,Fraud,Account Takeover,Open,Low,true,4,26.3,BR-002,E-0087,true
RB-CS-004683,RB-C-02213-1,RB-FA-004927,2026-06-09T18:11:53.000Z,2026-06-09T19:57:35.000Z,Voice,Account Access,Locked Account,Closed,Low,true,4,21.7,BR-002,E-0116,false
RB-CS-004684,RB-C-02213-1,RB-FA-004927,2025-05-13T12:01:10.000Z,2025-05-13T18:47:17.000Z,Chat,Fee Inquiry,Monthly Maintenance,Closed,Medium,true,5,9.3,BR-002,E-0122,false
RB-CS-004685,RB-C-02214-1,RB-FA-004929,2026-04-22T18:02:25.000Z,,Voice,Payments,Failed Transfer,Escalated,Medium,true,3,5.7,BR-018,E-0099,false
RB-CS-004686,RB-C-02214-1,RB-FA-004929,2025-04-12T15:13:49.000Z,2025-04-12T13:30:51.000Z,Chat,Fee Inquiry,ATM Fee,Closed,Low,true,4,4.6,BR-018,E-0120,false
RB-CS-004687,RB-C-02214-1,RB-FA-004929,2026-05-01T09:53:49.000Z,2026-05-01T14:20:34.000Z,Mobile App,Product Question,Rates,Closed,Medium,true,,5.1,BR-018,E-0116,false
RB-CS-004688,RB-C-02214-1,RB-FA-004929,2026-02-20T14:51:02.000Z,2026-02-20T11:54:36.000Z,Voice,Account Access,MFA,Closed,High,true,,7.6,BR-018,E-0092,true
RB-CS-004689,RB-C-02215-1,RB-FA-004931,2026-07-11T17:11:14.000Z,2026-07-11T09:08:48.000Z,Chat,Card Dispute,Merchant Refund,Closed,Medium,true,3,9.6,BR-028,E-0075,true
RB-CS-004690,RB-C-02215-1,RB-FA-004931,2025-07-03T17:54:25.000Z,2025-07-18T07:12:24.000Z,Voice,Product Question,Eligibility,Closed,Medium,false,4,14.1,BR-028,E-0064,false
RB-CS-004691,RB-C-02215-1,RB-FA-004931,2026-03-05T19:47:16.000Z,2026-03-05T15:41:46.000Z,Chat,Card Dispute,Unrecognized Charge,Closed,Low,true,,8.3,BR-028,E-0112,false
RB-CS-004692,RB-C-02215-1,RB-FA-004931,2026-07-24T08:58:10.000Z,2026-07-24T14:13:13.000Z,Voice,Fee Inquiry,Overdraft Fee,Closed,Medium,true,,12.2,BR-028,E-0114,false
RB-CS-004693,RB-C-02216-1,RB-FA-004933,2024-10-23T13:26:24.000Z,2024-10-23T12:54:14.000Z,Chat,Account Access,MFA,Closed,Medium,true,,14.6,BR-014,E-0113,true
RB-CS-004694,RB-C-02216-1,RB-FA-004935,2024-10-18T19:17:53.000Z,,Email,Fraud,Account Takeover,Escalated,Low,false,2,33.6,BR-014,E-0068,false
RB-CS-004695,RB-C-02216-1,RB-FA-004935,2024-12-22T08:22:26.000Z,2024-12-22T12:27:01.000Z,Email,Account Access,Password Reset,Closed,Low,true,,26.5,BR-014,E-0131,false
RB-CS-004696,RB-C-02216-1,RB-FA-004935,2024-11-16T18:33:01.000Z,2024-11-25T07:39:24.000Z,Voice,Account Access,Locked Account,Closed,Low,false,,10.0,BR-014,E-0111,true
RB-CS-004697,RB-C-02216-1,RB-FA-004936,2026-05-30T12:56:20.000Z,2026-05-30T11:38:24.000Z,Email,Account Access,Password Reset,Closed,Medium,true,4,31.5,BR-014,E-0076,false
RB-CS-004698,RB-C-02216-1,RB-FA-004936,2024-09-12T18:42:37.000Z,2024-09-12T13:55:42.000Z,Chat,Fee Inquiry,ATM Fee,Closed,Medium,true,,14.7,BR-014,E-0092,false
RB-CS-004699,RB-C-02216-1,RB-FA-004936,2025-07-29T07:18:13.000Z,,Mobile App,Fee Inquiry,Overdraft Fee,In Progress,Medium,true,4,12.9,BR-014,E-0134,false
RB-CS-004700,RB-C-02216-1,RB-FA-004936,2025-05-25T08:43:10.000Z,2025-05-27T09:47:59.000Z,Voice,Account Access,MFA,Closed,Low,false,3,6.7,BR-014,E-0140,true
RB-CS-004701,RB-C-02217-1,RB-FA-004938,2024-10-11T07:39:18.000Z,2024-10-24T14:26:24.000Z,Voice,Card Dispute,Duplicate Charge,Closed,High,false,,15.3,BR-008,E-0115,false
RB-CS-004702,RB-C-02218-1,RB-FA-004940,2025-07-01T10:11:18.000Z,2025-07-14T18:21:45.000Z,Chat,Card Dispute,Unrecognized Charge,Closed,Low,false,3,10.8,BR-030,E-0074,true
RB-CS-004703,RB-C-02218-1,RB-FA-004941,2025-07-28T18:53:46.000Z,2025-07-29T15:46:23.000Z,Chat,Account Access,MFA,Closed,High,false,3,7.0,BR-030,E-0066,false
RB-CS-004704,RB-C-02219-1,RB-FA-004943,2024-09-27T14:54:49.000Z,2024-09-27T19:10:37.000Z,Email,Product Question,Eligibility,Closed,Low,true,,21.9,BR-002,E-0122,true
RB-CS-004705,RB-C-02220-1,RB-FA-004944,2025-08-23T08:56:23.000Z,2025-08-23T18:11:30.000Z,Email,Account Access,MFA,Closed,Medium,true,3,39.7,BR-015,E-0104,false
RB-CS-004706,RB-C-02220-1,RB-FA-004944,2026-03-23T14:53:12.000Z,2026-03-30T15:29:06.000Z,Chat,Fee Inquiry,ATM Fee,Closed,Low,false,3,8.7,BR-015,E-0066,false
RB-CS-004707,RB-C-02220-1,RB-FA-004945,2026-06-18T19:14:45.000Z,2026-06-18T16:20:38.000Z,Mobile App,Payments,Bill Pay,Closed,Low,true,3,28.2,BR-015,E-0076,true
RB-CS-004708,RB-C-02221-1,RB-FA-004947,2025-08-11T12:38:25.000Z,2025-08-25T12:17:41.000Z,Chat,Account Access,Locked Account,Closed,Medium,false,3,19.3,BR-030,E-0078,true
RB-CS-004709,RB-C-02222-1,RB-FA-004948,2025-07-18T14:08:52.000Z,2025-08-02T14:14:49.000Z,Mobile App,Account Access,Password Reset,Closed,Low,false,,6.3,BR-002,E-0064,false
RB-CS-004710,RB-C-02222-1,RB-FA-004949,2026-07-09T12:34:45.000Z,2026-07-09T18:34:40.000Z,Chat,Product Question,Eligibility,Closed,Medium,true,4,7.5,BR-002,E-0121,false
RB-CS-004711,RB-C-02223-1,RB-FA-004950,2025-04-14T10:51:26.000Z,2025-04-14T09:25:17.000Z,Chat,Product Question,Eligibility,Closed,High,true,,7.9,BR-014,E-0099,false
RB-CS-004712,RB-C-02223-1,RB-FA-004950,2025-05-27T16:17:22.000Z,2025-05-27T07:13:29.000Z,Mobile App,Fee Inquiry,Overdraft Fee,Closed,High,true,5,12.5,BR-014,E-0075,false
RB-CS-004713,RB-C-02223-1,RB-FA-004951,2025-08-14T07:55:02.000Z,2025-08-14T13:04:43.000Z,Branch,Product Question,Eligibility,Closed,Medium,true,,7.0,BR-014,E-0101,false
RB-CS-004714,RB-C-02223-1,RB-FA-004952,2026-01-21T17:44:15.000Z,2026-01-21T09:34:01.000Z,Voice,Card Dispute,Merchant Refund,Closed,Medium,true,5,7.3,BR-014,E-0078,true
RB-CS-004715,RB-C-02223-1,RB-FA-004953,2025-06-06T13:28:33.000Z,2025-06-06T18:47:47.000Z,Chat,Payments,Wire Status,Closed,High,true,,14.8,BR-014,E-0090,true
RB-CS-004716,RB-C-02223-1,RB-FA-004953,2025-10-02T18:36:07.000Z,2025-10-02T13:30:32.000Z,Chat,Payments,Bill Pay,Closed,Low,true,4,7.6,BR-014,E-0129,false
RB-CS-004717,RB-C-02223-1,RB-FA-004953,2024-12-16T11:23:32.000Z,2025-01-05T07:24:47.000Z,Email,Product Question,Eligibility,Closed,Low,false,,27.0,BR-014,E-0131,false
RB-CS-004718,RB-C-02223-1,RB-FA-004953,2026-04-28T16:32:01.000Z,2026-04-28T08:06:30.000Z,Voice,Account Access,MFA,Closed,Low,true,,14.3,BR-014,E-0135,false
RB-CS-004719,RB-C-02224-1,RB-FA-004954,2025-10-25T08:10:02.000Z,2025-10-25T15:18:04.000Z,Mobile App,Account Access,Password Reset,Closed,High,true,,10.6,BR-023,E-0097,false
RB-CS-004720,RB-C-02224-1,RB-FA-004954,2025-11-15T17:10:38.000Z,2025-11-27T13:04:33.000Z,Mobile App,Fee Inquiry,Monthly Maintenance,Closed,Low,false,1,5.8,BR-023,E-0134,false
RB-CS-004721,RB-C-02224-1,RB-FA-004956,2026-03-27T15:12:25.000Z,2026-03-27T18:54:43.000Z,Voice,Payments,Failed Transfer,Closed,Low,true,,16.6,BR-023,E-0092,false
RB-CS-004722,RB-C-02225-1,RB-FA-004957,2024-09-10T19:46:19.000Z,2024-09-10T15:34:06.000Z,Voice,Card Dispute,Duplicate Charge,Closed,Medium,true,3,6.9,BR-011,E-0125,false
RB-CS-004723,RB-C-02225-1,RB-FA-004957,2024-09-24T19:21:41.000Z,2024-09-29T17:10:15.000Z,Chat,Payments,Wire Status,Closed,Low,false,1,16.8,BR-011,E-0114,true
RB-CS-004724,RB-C-02225-1,RB-FA-004957,2025-05-21T16:56:12.000Z,2025-05-22T19:29:58.000Z,Voice,Product Question,Rates,Closed,Medium,false,,11.9,BR-011,E-0088,false
RB-CS-004725,RB-C-02225-1,RB-FA-004957,2025-12-11T07:40:48.000Z,2025-12-11T18:10:56.000Z,Chat,Payments,Wire Status,Closed,Low,true,,13.7,BR-011,E-0137,false
RB-CS-004726,RB-C-02225-1,RB-FA-004960,2025-05-07T14:05:54.000Z,2025-05-07T17:42:32.000Z,Email,Account Access,Locked Account,Closed,Medium,true,,37.1,BR-011,E-0128,true
RB-CS-004727,RB-C-02225-1,RB-FA-004960,2025-03-25T15:32:23.000Z,2025-03-25T18:52:52.000Z,Voice,Fee Inquiry,Overdraft Fee,Closed,High,true,,4.4,BR-011,E-0130,false
RB-CS-004728,RB-C-02225-1,RB-FA-004960,2026-01-02T11:09:25.000Z,2026-01-02T07:08:20.000Z,Email,Fraud,Account Takeover,Closed,Medium,true,,19.0,BR-011,E-0090,true
RB-CS-004729,RB-C-02225-1,RB-FA-004960,2024-10-13T09:51:52.000Z,2024-10-28T16:34:59.000Z,Chat,Fee Inquiry,Monthly Maintenance,Closed,Low,false,2,9.5,BR-011,E-0076,false
RB-CS-004730,RB-C-02226-1,RB-FA-004961,2024-09-25T11:39:12.000Z,2024-10-14T11:34:10.000Z,Chat,Account Access,Password Reset,Closed,Low,false,,10.9,BR-014,E-0079,true
RB-CS-004731,RB-C-02228-1,RB-FA-004965,2026-05-21T08:55:58.000Z,2026-05-21T13:06:19.000Z,Email,Fee Inquiry,Overdraft Fee,Closed,Low,true,,36.5,BR-004,E-0129,false
RB-CS-004732,RB-C-02228-1,RB-FA-004965,2025-05-19T17:05:02.000Z,2025-06-09T16:46:11.000Z,Voice,Card Dispute,Merchant Refund,Closed,High,false,1,8.6,BR-004,E-0084,false
RB-CS-004733,RB-C-02228-1,RB-FA-004965,2026-05-09T18:13:44.000Z,2026-05-09T09:49:36.000Z,Voice,Fee Inquiry,Monthly Maintenance,Closed,Low,true,5,13.3,BR-004,E-0125,true
RB-CS-004734,RB-C-02228-1,RB-FA-004965,2025-06-16T10:52:03.000Z,2025-06-16T18:19:47.000Z,Email,Account Access,Password Reset,Closed,Low,true,5,49.0,BR-004,E-0122,false
RB-CS-004735,RB-C-02229-1,RB-FA-004966,2025-03-31T18:41:54.000Z,,Voice,Payments,Bill Pay,Open,Low,true,3,8.1,BR-011,E-0115,true
RB-CS-004736,RB-C-02229-1,RB-FA-004967,2025-08-29T07:01:27.000Z,2025-08-29T15:21:31.000Z,Chat,Account Access,Locked Account,Closed,Low,true,4,19.7,BR-011,E-0129,false
RB-CS-004737,RB-C-02229-1,RB-FA-004967,2026-04-09T13:41:35.000Z,2026-04-09T10:16:20.000Z,Email,Fee Inquiry,ATM Fee,Closed,Low,true,,13.9,BR-011,E-0092,false
RB-CS-004738,RB-C-02230-1,RB-FA-004968,2025-03-27T10:47:03.000Z,2025-03-27T14:25:25.000Z,Chat,Fee Inquiry,Overdraft Fee,Closed,Low,true,,6.2,BR-005,E-0086,false
RB-CS-004739,RB-C-02232-1,RB-FA-004970,2025-12-03T12:42:43.000Z,2025-12-03T15:27:09.000Z,Mobile App,Payments,Bill Pay,Closed,Low,true,4,4.7,BR-021,E-0089,false
RB-CS-004740,RB-C-02232-1,RB-FA-004970,2025-01-13T17:08:17.000Z,2025-01-13T17:21:21.000Z,Chat,Account Access,MFA,Closed,Low,true,5,7.8,BR-021,E-0117,true
RB-CS-004741,RB-C-02232-1,RB-FA-004970,2026-01-26T15:52:56.000Z,2026-01-26T09:47:12.000Z,Chat,Card Dispute,Unrecognized Charge,Closed,Medium,true,,11.8,BR-021,E-0131,true
RB-CS-004742,RB-C-02233-1,RB-FA-004972,2026-03-15T18:11:44.000Z,2026-03-30T13:59:48.000Z,Chat,Fee Inquiry,ATM Fee,Closed,Medium,false,4,8.9,BR-011,E-0128,false
RB-CS-004743,RB-C-02233-1,RB-FA-004973,2025-08-16T19:27:24.000Z,2025-08-16T14:10:06.000Z,Chat,Fee Inquiry,Overdraft Fee,Closed,Medium,true,1,5.9,BR-011,E-0104,true
RB-CS-004744,RB-C-02234-1,RB-FA-004974,2026-05-06T12:39:52.000Z,2026-05-16T09:09:55.000Z,Chat,Fee Inquiry,ATM Fee,Closed,Medium,false,5,14.5,BR-016,E-0078,false
RB-CS-004745,RB-C-02234-1,RB-FA-004975,2025-04-20T14:17:37.000Z,2025-04-20T14:59:25.000Z,Email,Payments,Bill Pay,Closed,Medium,true,,19.7,BR-016,E-0071,false
RB-CS-004746,RB-C-02234-1,RB-FA-004975,2025-06-01T19:53:30.000Z,2025-06-01T11:47:22.000Z,Mobile App,Account Access,Password Reset,Closed,Low,true,,7.3,BR-016,E-0115,false
RB-CS-004747,RB-C-02234-1,RB-FA-004975,2025-12-22T14:20:17.000Z,2025-12-22T10:20:20.000Z,Voice,Account Access,Password Reset,Closed,High,true,,10.3,BR-016,E-0087,false
RB-CS-004748,RB-C-02234-1,RB-FA-004975,2026-07-12T19:40:19.000Z,2026-07-12T16:50:40.000Z,Chat,Account Access,Locked Account,Closed,Medium,true,,6.3,BR-016,E-0075,false
RB-CS-004749,RB-C-02236-1,RB-FA-004977,2026-06-04T07:01:28.000Z,2026-06-12T14:15:49.000Z,Voice,Fee Inquiry,Overdraft Fee,Closed,Medium,false,,7.3,BR-012,E-0087,false
RB-CS-004750,RB-C-02236-1,RB-FA-004977,2025-08-17T16:12:06.000Z,2025-08-17T19:01:54.000Z,Mobile App,Card Dispute,Unrecognized Charge,Closed,Low,true,4,17.1,BR-012,E-0126,true
RB-CS-004751,RB-C-02236-1,RB-FA-004979,2025-06-03T07:32:41.000Z,2025-06-14T10:24:22.000Z,Mobile App,Account Access,Password Reset,Closed,Low,false,5,28.5,BR-012,E-0097,false
RB-CS-004752,RB-C-02236-1,RB-FA-004979,2026-02-20T10:30:50.000Z,2026-02-20T07:43:14.000Z,Chat,Fee Inquiry,ATM Fee,Closed,Low,true,,25.9,BR-012,E-0068,false
RB-CS-004753,RB-C-02236-1,RB-FA-004979,2025-03-15T16:54:25.000Z,2025-03-15T12:40:55.000Z,Email,Product Question,Eligibility,Closed,Medium,true,3,63.8,BR-012,E-0131,false
RB-CS-004754,RB-C-02237-1,RB-FA-004980,2024-11-30T10:11:52.000Z,2024-11-30T14:40:12.000Z,Voice,Account Access,Password Reset,Closed,Medium,true,5,15.2,BR-004,E-0138,false
RB-CS-004755,RB-C-02237-1,RB-FA-004980,2025-05-09T09:10:44.000Z,2025-05-09T18:26:31.000Z,Branch,Fee Inquiry,Overdraft Fee,Closed,Low,true,3,14.9,BR-004,E-0130,false
RB-CS-004756,RB-C-02237-1,RB-FA-004980,2024-12-10T09:45:53.000Z,2024-12-10T14:15:50.000Z,Voice,Fee Inquiry,ATM Fee,Closed,Low,true,,4.3,BR-004,E-0083,false
RB-CS-004757,RB-C-02237-1,RB-FA-004980,2026-02-25T11:03:09.000Z,2026-03-11T14:48:57.000Z,Email,Card Dispute,Merchant Refund,Closed,Low,false,4,13.4,BR-004,E-0076,false
RB-CS-004758,RB-C-02238-1,RB-FA-004982,2024-09-12T13:42:48.000Z,2024-09-12T17:57:00.000Z,Voice,Fee Inquiry,Overdraft Fee,Closed,High,true,4,19.4,BR-016,E-0114,true
RB-CS-004759,RB-C-02239-1,RB-FA-004985,2025-11-30T12:40:37.000Z,2025-11-30T19:16:05.000Z,Voice,Product Question,Rates,Closed,Low,true,,33.1,BR-006,E-0140,true
RB-CS-004760,RB-C-02240-1,RB-FA-004986,2025-08-19T15:39:20.000Z,2025-08-19T11:02:18.000Z,Branch,Fee Inquiry,ATM Fee,Closed,Low,true,,24.0,BR-028,E-0134,true
RB-CS-004761,RB-C-02240-1,RB-FA-004986,2025-12-05T18:04:42.000Z,2025-12-11T10:35:58.000Z,Chat,Card Dispute,Unrecognized Charge,Closed,Low,false,,16.4,BR-028,E-0126,true
RB-CS-004762,RB-C-02240-1,RB-FA-004986,2025-04-06T12:07:50.000Z,2025-04-09T08:25:50.000Z,Mobile App,Fee Inquiry,Monthly Maintenance,Closed,Low,false,3,14.5,BR-028,E-0109,false
RB-CS-004763,RB-C-02240-1,RB-FA-004986,2026-01-31T07:21:21.000Z,2026-02-10T13:41:14.000Z,Email,Fee Inquiry,Monthly Maintenance,Closed,Low,false,,49.8,BR-028,E-0111,false
RB-CS-004764,RB-C-02241-1,RB-FA-004987,2026-03-09T12:29:51.000Z,2026-03-09T09:45:57.000Z,Mobile App,Account Access,Locked Account,Closed,Low,true,5,11.1,BR-012,E-0128,false
RB-CS-004765,RB-C-02241-1,RB-FA-004989,2025-09-22T15:36:16.000Z,2025-09-22T12:48:58.000Z,Voice,Product Question,Eligibility,Closed,Medium,true,3,15.8,BR-012,E-0115,true
RB-CS-004766,RB-C-02242-1,RB-FA-004990,2026-04-11T15:47:15.000Z,2026-04-11T10:55:48.000Z,Branch,Product Question,Rates,Closed,Medium,true,3,17.8,BR-013,E-0102,false
RB-CS-004767,RB-C-02242-1,RB-FA-004990,2025-03-27T18:35:52.000Z,2025-04-11T14:12:43.000Z,Voice,Fee Inquiry,Overdraft Fee,Closed,Medium,false,1,9.7,BR-013,E-0131,false
RB-CS-004768,RB-C-02242-1,RB-FA-004990,2025-11-30T17:30:48.000Z,,Voice,Card Dispute,Duplicate Charge,Open,Medium,true,5,12.7,BR-013,E-0080,false
RB-CS-004769,RB-C-02242-1,RB-FA-004991,2026-02-18T08:51:12.000Z,2026-02-18T12:39:24.000Z,Mobile App,Payments,Wire Status,Closed,Low,true,,4.5,BR-013,E-0123,true
RB-CS-004770,RB-C-02242-1,RB-FA-004991,2026-05-15T11:48:27.000Z,2026-05-15T08:13:14.000Z,Chat,Payments,Wire Status,Closed,High,true,,2.5,BR-013,E-0098,false
RB-CS-004771,RB-C-02244-1,RB-FA-004993,2025-05-10T07:01:56.000Z,2025-05-10T11:09:03.000Z,Mobile App,Card Dispute,Unrecognized Charge,Closed,High,true,5,13.4,BR-021,E-0068,false
RB-CS-004772,RB-C-02244-1,RB-FA-004993,2026-01-08T15:40:34.000Z,2026-01-08T07:28:57.000Z,Branch,Fraud,Account Takeover,Closed,Low,true,,11.2,BR-021,E-0092,false
RB-CS-004773,RB-C-02244-1,RB-FA-004993,2025-05-16T09:00:11.000Z,2025-05-16T15:00:53.000Z,Email,Payments,Bill Pay,Closed,High,true,3,21.4,BR-021,E-0093,false
RB-CS-004774,RB-C-02244-1,RB-FA-004993,2025-09-06T14:02:18.000Z,,Branch,Card Dispute,Unrecognized Charge,Open,Medium,false,5,8.7,BR-021,E-0091,false
RB-CS-004775,RB-C-02245-1,RB-FA-004994,2025-03-10T16:45:40.000Z,2025-03-10T09:42:14.000Z,Voice,Product Question,Rates,Closed,Low,true,,6.4,BR-017,E-0139,false
RB-CS-004776,RB-C-02246-1,RB-FA-004995,2025-01-03T10:19:22.000Z,2025-01-22T11:09:52.000Z,Branch,Payments,Failed Transfer,Closed,High,false,5,11.2,BR-023,E-0115,true
RB-CS-004777,RB-C-02246-1,RB-FA-004995,2026-06-06T13:14:13.000Z,2026-06-06T12:35:54.000Z,Branch,Fraud,Card Compromised,Closed,Medium,true,4,18.8,BR-023,E-0133,true
RB-CS-004778,RB-C-02246-1,RB-FA-004995,2025-10-23T14:48:55.000Z,2025-10-23T16:52:51.000Z,Email,Card Dispute,Unrecognized Charge,Closed,Medium,true,4,31.4,BR-023,E-0069,false
RB-CS-004779,RB-C-02246-1,RB-FA-004995,2025-05-23T17:57:43.000Z,,Voice,Card Dispute,Unrecognized Charge,In Progress,Medium,true,,7.3,BR-023,E-0106,true
RB-CS-004780,RB-C-02249-1,RB-FA-005000,2026-01-19T16:02:15.000Z,2026-01-19T15:54:31.000Z,Mobile App,Account Access,MFA,Closed,High,true,,11.6,BR-015,E-0064,true
RB-CS-004781,RB-C-02250-1,RB-FA-005002,2026-07-12T10:48:51.000Z,2026-07-28T11:08:19.000Z,Voice,Account Access,MFA,Closed,Low,false,1,20.4,BR-005,E-0140,true
RB-CS-004782,RB-C-02251-1,RB-FA-005003,2025-10-07T15:54:40.000Z,2025-10-14T16:21:18.000Z,Chat,Account Access,MFA,Closed,Medium,false,,9.0,BR-030,E-0107,false
RB-CS-004783,RB-C-02252-1,RB-FA-005005,2026-07-01T19:51:14.000Z,2026-07-01T17:28:21.000Z,Email,Fee Inquiry,ATM Fee,Closed,Low,true,5,25.5,BR-009,E-0131,true
RB-CS-004784,RB-C-02254-1,RB-FA-005008,2025-09-01T14:02:06.000Z,2025-09-17T11:02:14.000Z,Voice,Payments,Failed Transfer,Closed,Medium,false,4,3.1,BR-021,E-0099,true
RB-CS-004785,RB-C-02255-1,RB-FA-005009,2025-12-18T11:32:19.000Z,2025-12-28T11:21:01.000Z,Chat,Fee Inquiry,Overdraft Fee,Closed,Low,false,1,14.6,BR-028,E-0116,false
RB-CS-004786,RB-C-02255-1,RB-FA-005010,2025-06-16T10:23:16.000Z,2025-06-16T07:00:25.000Z,Mobile App,Fraud,Account Takeover,Closed,Low,true,5,5.2,BR-028,E-0097,true
RB-CS-004787,RB-C-02255-1,RB-FA-005011,2025-02-07T10:24:43.000Z,2025-02-07T12:08:18.000Z,Email,Fee Inquiry,Monthly Maintenance,Closed,Medium,true,5,42.6,BR-028,E-0062,true
RB-CS-004788,RB-C-02257-1,RB-FA-005016,2026-01-25T14:06:44.000Z,2026-01-28T16:10:33.000Z,Voice,Card Dispute,Merchant Refund,Closed,Low,false,5,16.1,BR-004,E-0077,true
RB-CS-004789,RB-C-02257-1,RB-FA-005016,2026-03-04T16:42:35.000Z,,Voice,Payments,Failed Transfer,In Progress,High,false,,17.1,BR-004,E-0091,false
RB-CS-004790,RB-C-02257-1,RB-FA-005016,2025-09-07T07:44:49.000Z,2025-09-25T08:39:33.000Z,Voice,Fee Inquiry,Overdraft Fee,Closed,Low,false,4,15.1,BR-004,E-0092,true
RB-CS-004791,RB-C-02257-1,RB-FA-005016,2026-05-17T08:02:43.000Z,2026-05-17T16:27:56.000Z,Voice,Account Access,Password Reset,Closed,Medium,true,5,19.3,BR-004,E-0109,false
RB-CS-004792,RB-C-02258-1,RB-FA-005017,2024-10-16T15:50:11.000Z,,Email,Payments,Bill Pay,In Progress,Low,false,,30.6,BR-003,E-0099,true
RB-CS-004793,RB-C-02259-1,RB-FA-005018,2025-11-05T17:35:27.000Z,2025-11-16T12:01:53.000Z,Mobile App,Card Dispute,Unrecognized Charge,Closed,Medium,false,,13.4,BR-030,E-0134,true
RB-CS-004794,RB-C-02260-1,RB-FA-005020,2025-02-11T15:27:18.000Z,2025-02-11T14:54:46.000Z,Branch,Card Dispute,Duplicate Charge,Closed,Low,true,,5.3,BR-020,E-0087,false
RB-CS-004795,RB-C-02261-1,RB-FA-005021,2026-04-10T16:06:03.000Z,2026-04-10T19:26:40.000Z,Voice,Account Access,Locked Account,Closed,Medium,true,5,35.5,BR-010,E-0068,false
RB-CS-004796,RB-C-02262-1,RB-FA-005024,2026-07-14T14:01:52.000Z,2026-08-03T12:04:44.000Z,Voice,Fee Inquiry,Overdraft Fee,Closed,Low,false,,13.0,BR-027,E-0121,false
RB-CS-004797,RB-C-02262-1,RB-FA-005024,2025-08-22T07:21:08.000Z,2025-08-29T16:39:33.000Z,Chat,Payments,Wire Status,Closed,Medium,false,,28.8,BR-027,E-0118,true
RB-CS-004798,RB-C-02262-1,RB-FA-005024,2025-04-11T17:16:11.000Z,2025-04-11T17:41:33.000Z,Voice,Card Dispute,Duplicate Charge,Closed,Low,true,,4.8,BR-027,E-0120,false
RB-CS-004799,RB-C-02262-1,RB-FA-005024,2025-10-16T14:59:30.000Z,2025-10-16T10:29:53.000Z,Voice,Account Access,Password Reset,Closed,Medium,true,3,4.6,BR-027,E-0099,true
RB-CS-004800,RB-C-02264-1,RB-FA-005028,2026-03-29T11:21:22.000Z,2026-03-29T12:41:57.000Z,Chat,Card Dispute,Merchant Refund,Closed,Medium,true,1,46.1,BR-002,E-0125,true
RB-CS-004801,RB-C-02265-1,RB-FA-005029,2024-09-21T14:31:25.000Z,2024-10-07T17:29:26.000Z,Voice,Fee Inquiry,Overdraft Fee,Closed,Low,false,,13.8,BR-029,E-0104,true
RB-CS-004802,RB-C-02266-1,RB-FA-005033,2026-04-20T11:04:18.000Z,,Chat,Product Question,Rates,In Progress,Low,false,5,8.4,BR-023,E-0105,true
RB-CS-004803,RB-C-02266-1,RB-FA-005034,2026-07-19T09:51:38.000Z,2026-07-19T09:33:05.000Z,Chat,Payments,Failed Transfer,Closed,Medium,true,,10.4,BR-023,E-0084,false
RB-CS-004804,RB-C-02267-1,RB-FA-005035,2024-12-23T12:14:09.000Z,2024-12-23T19:07:37.000Z,Voice,Fee Inquiry,Monthly Maintenance,Closed,Medium,true,,8.4,BR-015,E-0062,true
RB-CS-004805,RB-C-02267-1,RB-FA-005035,2025-05-28T16:29:58.000Z,2025-06-03T18:41:10.000Z,Chat,Fee Inquiry,Monthly Maintenance,Closed,Medium,false,1,19.0,BR-015,E-0070,false
RB-CS-004806,RB-C-02268-1,RB-FA-005037,2025-07-09T09:18:27.000Z,2025-07-24T15:48:28.000Z,Chat,Card Dispute,Unrecognized Charge,Closed,High,false,5,6.1,BR-019,E-0096,true
RB-CS-004807,RB-C-02269-1,RB-FA-005039,2024-11-02T11:12:10.000Z,2024-11-02T12:03:06.000Z,Chat,Fraud,Card Compromised,Closed,High,true,,44.4,BR-028,E-0115,true
RB-CS-004808,RB-C-02269-1,RB-FA-005039,2026-06-29T16:58:15.000Z,2026-06-29T09:32:19.000Z,Chat,Fee Inquiry,ATM Fee,Closed,Low,true,4,10.6,BR-028,E-0140,true
RB-CS-004809,RB-C-02269-1,RB-FA-005039,2024-09-08T19:11:09.000Z,2024-09-19T10:55:46.000Z,Voice,Card Dispute,Unrecognized Charge,Closed,Low,false,2,8.0,BR-028,E-0124,true
RB-CS-004810,RB-C-02269-1,RB-FA-005039,2025-08-08T13:23:05.000Z,2025-08-24T15:11:48.000Z,Email,Fraud,Card Compromised,Closed,Low,false,,62.0,BR-028,E-0076,false
RB-CS-004811,RB-C-02270-1,RB-FA-005042,2026-02-16T11:11:09.000Z,2026-02-16T14:27:33.000Z,Mobile App,Account Access,MFA,Closed,Low,true,,22.6,BR-008,E-0087,false
RB-CS-004812,RB-C-02270-1,RB-FA-005042,2026-04-07T19:56:37.000Z,2026-04-07T11:31:09.000Z,Voice,Account Access,MFA,Closed,Low,true,,7.5,BR-008,E-0076,false
RB-CS-004813,RB-C-02271-1,RB-FA-005044,2026-08-24T16:26:18.000Z,2026-08-24T16:28:44.000Z,Mobile App,Fee Inquiry,ATM Fee,Closed,High,true,4,11.2,BR-017,E-0138,false
RB-CS-004814,RB-C-02273-1,RB-FA-005046,2025-04-07T19:07:57.000Z,2025-04-07T11:06:49.000Z,Email,Fee Inquiry,Monthly Maintenance,Closed,Low,true,3,21.6,BR-003,E-0121,true
RB-CS-004815,RB-C-02273-1,RB-FA-005047,2024-11-25T12:06:03.000Z,2024-12-13T17:00:19.000Z,Chat,Payments,Failed Transfer,Closed,Medium,false,3,8.9,BR-003,E-0103,true
RB-CS-004816,RB-C-02273-1,RB-FA-005047,2025-05-02T15:16:31.000Z,,Chat,Account Access,MFA,Escalated,Medium,true,5,5.7,BR-003,E-0129,false
RB-CS-004817,RB-C-02273-1,RB-FA-005047,2026-03-23T15:20:50.000Z,2026-04-12T14:53:41.000Z,Email,Card Dispute,Duplicate Charge,Closed,Medium,false,5,42.6,BR-003,E-0138,false
RB-CS-004818,RB-C-02273-1,RB-FA-005047,2026-07-19T16:42:25.000Z,2026-07-30T15:53:20.000Z,Voice,Fee Inquiry,Overdraft Fee,Closed,High,false,,5.6,BR-003,E-0106,false
RB-CS-004819,RB-C-02274-1,RB-FA-005048,2024-11-26T14:21:10.000Z,2024-11-26T18:00:40.000Z,Voice,Payments,Wire Status,Closed,Medium,true,1,5.0,BR-017,E-0108,true
RB-CS-004820,RB-C-02275-1,RB-FA-005052,2025-06-28T14:32:09.000Z,2025-06-28T07:19:12.000Z,Branch,Card Dispute,Merchant Refund,Closed,Low,true,4,8.0,BR-008,E-0125,true
RB-CS-004821,RB-C-02275-1,RB-FA-005052,2024-09-26T10:29:42.000Z,2024-09-26T17:21:59.000Z,Voice,Card Dispute,Unrecognized Charge,Closed,Low,true,5,18.6,BR-008,E-0066,false
RB-CS-004822,RB-C-02275-1,RB-FA-005052,2026-06-01T10:38:35.000Z,2026-06-01T14:33:06.000Z,Chat,Payments,Bill Pay,Closed,Low,true,,10.0,BR-008,E-0100,true
RB-CS-004823,RB-C-02276-1,RB-FA-005054,2026-03-28T19:48:42.000Z,2026-03-28T08:33:48.000Z,Mobile App,Account Access,MFA,Closed,Medium,true,,6.2,BR-003,E-0070,false
RB-CS-004824,RB-C-02276-1,RB-FA-005054,2025-06-01T19:03:28.000Z,2025-06-01T11:03:56.000Z,Email,Fee Inquiry,Overdraft Fee,Closed,Low,true,,36.0,BR-003,E-0075,false
RB-CS-004825,RB-C-02276-1,RB-FA-005054,2026-04-10T08:56:36.000Z,2026-04-18T15:13:43.000Z,Voice,Product Question,Rates,Closed,Medium,false,,21.3,BR-003,E-0090,true
RB-CS-004826,RB-C-02276-1,RB-FA-005055,2025-04-06T19:02:38.000Z,2025-04-06T10:18:17.000Z,Mobile App,Fee Inquiry,ATM Fee,Closed,Low,true,5,16.0,BR-003,E-0134,false
RB-CS-004827,RB-C-02277-1,RB-FA-005056,2026-06-15T16:31:38.000Z,2026-06-15T14:41:06.000Z,Mobile App,Payments,Failed Transfer,Closed,Medium,true,5,22.9,BR-014,E-0078,false
RB-CS-004828,RB-C-02277-1,RB-FA-005056,2025-02-14T15:04:44.000Z,2025-02-14T10:11:20.000Z,Voice,Account Access,Locked Account,Closed,Medium,true,4,6.4,BR-014,E-0109,false
RB-CS-004829,RB-C-02278-1,RB-FA-005057,2025-11-23T18:01:13.000Z,2025-11-23T18:09:05.000Z,Mobile App,Payments,Wire Status,Closed,High,true,4,4.7,BR-004,E-0084,true
RB-CS-004830,RB-C-02278-1,RB-FA-005058,2025-03-31T08:40:25.000Z,2025-03-31T12:27:09.000Z,Voice,Fee Inquiry,Monthly Maintenance,Closed,Low,true,,9.4,BR-004,E-0123,true
RB-CS-004831,RB-C-02278-1,RB-FA-005058,2025-09-02T08:36:13.000Z,,Mobile App,Payments,Failed Transfer,Open,Low,true,5,2.9,BR-004,E-0076,true
RB-CS-004832,RB-C-02278-1,RB-FA-005058,2025-11-14T13:49:36.000Z,2025-11-14T09:26:43.000Z,Chat,Account Access,MFA,Closed,High,true,,8.3,BR-004,E-0075,false
RB-CS-004833,RB-C-02281-1,RB-FA-005064,2024-11-07T07:56:22.000Z,2024-11-07T10:48:29.000Z,Mobile App,Card Dispute,Merchant Refund,Closed,High,true,,10.5,BR-001,E-0099,false
RB-CS-004834,RB-C-02281-1,RB-FA-005064,2026-01-02T14:42:26.000Z,2026-01-11T13:10:47.000Z,Chat,Product Question,Rates,Closed,High,false,,16.3,BR-001,E-0118,true
RB-CS-004835,RB-C-02281-1,RB-FA-005064,2024-11-24T10:52:51.000Z,2024-11-24T16:26:06.000Z,Mobile App,Account Access,Password Reset,Closed,Low,true,,12.3,BR-001,E-0101,false
RB-CS-004836,RB-C-02282-1,RB-FA-005067,2024-11-03T16:19:27.000Z,2024-11-03T15:57:48.000Z,Voice,Card Dispute,Merchant Refund,Closed,High,true,,3.6,BR-028,E-0128,false
RB-CS-004837,RB-C-02282-1,RB-FA-005067,2025-10-08T17:54:08.000Z,2025-10-08T18:28:44.000Z,Voice,Account Access,Password Reset,Closed,Low,true,5,25.5,BR-028,E-0116,false
RB-CS-004838,RB-C-02282-1,RB-FA-005067,2024-09-27T08:43:50.000Z,2024-09-27T18:18:03.000Z,Voice,Payments,Failed Transfer,Closed,Medium,true,5,10.6,BR-028,E-0133,false
RB-CS-004839,RB-C-02284-1,RB-FA-005069,2025-06-12T09:17:40.000Z,2025-06-12T08:39:43.000Z,Voice,Card Dispute,Unrecognized Charge,Closed,Medium,true,5,7.4,BR-009,E-0077,false
RB-CS-004840,RB-C-02284-1,RB-FA-005070,2025-04-07T12:17:17.000Z,2025-04-07T12:26:06.000Z,Chat,Fraud,Account Takeover,Closed,High,true,4,9.8,BR-009,E-0126,true
RB-CS-004841,RB-C-02286-1,RB-FA-005072,2025-10-17T09:23:21.000Z,2025-10-17T18:57:11.000Z,Voice,Fee Inquiry,Overdraft Fee,Closed,Low,true,,14.7,BR-024,E-0101,false
RB-CS-004842,RB-C-02286-1,RB-FA-005072,2025-05-13T15:44:56.000Z,2025-05-23T16:58:18.000Z,Voice,Fee Inquiry,Overdraft Fee,Closed,Low,false,,9.0,BR-024,E-0070,false
RB-CS-004843,RB-C-02286-1,RB-FA-005072,2026-08-15T13:13:54.000Z,2026-08-18T14:50:45.000Z,Chat,Account Access,MFA,Closed,Low,false,1,30.4,BR-024,E-0123,true
RB-CS-004844,RB-C-02286-1,RB-FA-005072,2024-09-25T10:23:01.000Z,2024-09-26T11:08:49.000Z,Chat,Fee Inquiry,Monthly Maintenance,Closed,Low,false,,20.8,BR-024,E-0067,false
RB-CS-004845,RB-C-02286-1,RB-FA-005073,2024-12-27T16:37:43.000Z,2024-12-27T12:49:18.000Z,Email,Fee Inquiry,Monthly Maintenance,Closed,High,true,5,12.1,BR-024,E-0135,true
RB-CS-004846,RB-C-02286-1,RB-FA-005074,2024-11-08T15:03:15.000Z,2024-11-08T19:28:33.000Z,Email,Card Dispute,Duplicate Charge,Closed,Low,true,4,41.6,BR-024,E-0064,false
RB-CS-004847,RB-C-02287-1,RB-FA-005075,2025-07-27T15:50:43.000Z,2025-07-27T07:08:39.000Z,Chat,Card Dispute,Duplicate Charge,Closed,Low,true,4,6.4,BR-004,E-0080,false
RB-CS-004848,RB-C-02287-1,RB-FA-005076,2026-02-20T15:39:55.000Z,2026-02-20T09:27:09.000Z,Mobile App,Account Access,Locked Account,Closed,Low,true,4,24.1,BR-004,E-0095,false
RB-CS-004849,RB-C-02288-1,RB-FA-005077,2026-02-11T08:39:46.000Z,2026-02-11T07:07:54.000Z,Chat,Fee Inquiry,Monthly Maintenance,Closed,Low,true,5,20.7,BR-020,E-0125,false
RB-CS-004850,RB-C-02289-1,RB-FA-005078,2026-02-26T12:17:33.000Z,2026-02-26T19:43:58.000Z,Voice,Account Access,MFA,Closed,Medium,true,1,11.2,BR-010,E-0093,true
RB-CS-004851,RB-C-02289-1,RB-FA-005079,2026-03-07T13:08:04.000Z,2026-03-07T13:44:49.000Z,Chat,Card Dispute,Duplicate Charge,Closed,Low,true,4,9.1,BR-010,E-0097,true
RB-CS-004852,RB-C-02289-1,RB-FA-005080,2026-04-12T12:39:05.000Z,2026-05-01T15:29:04.000Z,Voice,Account Access,Password Reset,Closed,Medium,false,1,32.7,BR-010,E-0128,true
RB-CS-004853,RB-C-02290-1,RB-FA-005081,2025-03-18T08:48:53.000Z,2025-03-21T19:22:49.000Z,Email,Fraud,Card Compromised,Closed,Medium,false,3,41.8,BR-020,E-0100,true
RB-CS-004854,RB-C-02291-1,RB-FA-005083,2025-10-04T14:33:08.000Z,2025-10-04T07:59:30.000Z,Mobile App,Fraud,Account Takeover,Closed,Low,true,3,5.6,BR-020,E-0061,false
RB-CS-004855,RB-C-02291-1,RB-FA-005083,2026-05-22T09:13:21.000Z,2026-05-26T10:45:51.000Z,Mobile App,Fee Inquiry,Overdraft Fee,Closed,Medium,false,4,14.6,BR-020,E-0105,false
RB-CS-004856,RB-C-02291-1,RB-FA-005083,2024-09-21T07:01:42.000Z,,Chat,Fee Inquiry,Overdraft Fee,Open,Low,true,,9.4,BR-020,E-0103,true
RB-CS-004857,RB-C-02291-1,RB-FA-005083,2026-02-07T18:19:30.000Z,2026-02-25T07:50:30.000Z,Chat,Fee Inquiry,Monthly Maintenance,Closed,High,false,,13.3,BR-020,E-0069,true
RB-CS-004858,RB-C-02292-1,RB-FA-005084,2026-07-06T14:30:09.000Z,2026-07-06T14:15:40.000Z,Chat,Fee Inquiry,Overdraft Fee,Closed,Low,true,,14.1,BR-003,E-0105,false
RB-CS-004859,RB-C-02293-1,RB-FA-005085,2026-07-14T12:28:22.000Z,2026-07-14T15:27:49.000Z,Mobile App,Fee Inquiry,ATM Fee,Closed,Medium,true,,12.1,BR-013,E-0131,false
RB-CS-004860,RB-C-02294-1,RB-FA-005086,2025-11-02T14:56:17.000Z,2025-11-02T17:03:45.000Z,Mobile App,Card Dispute,Unrecognized Charge,Closed,Medium,true,,6.5,BR-027,E-0062,true
RB-CS-004861,RB-C-02294-1,RB-FA-005086,2026-08-21T12:14:37.000Z,2026-08-30T17:12:41.000Z,Mobile App,Payments,Wire Status,Closed,Low,false,4,11.8,BR-027,E-0121,true
RB-CS-004862,RB-C-02295-1,RB-FA-005088,2026-04-02T15:26:08.000Z,2026-04-02T11:49:36.000Z,Email,Fraud,Account Takeover,Closed,Low,true,2,13.7,BR-017,E-0138,false
RB-CS-004863,RB-C-02295-1,RB-FA-005091,2025-02-27T15:57:41.000Z,,Chat,Account Access,Password Reset,In Progress,Medium,true,3,8.4,BR-017,E-0119,true
RB-CS-004864,RB-C-02295-1,RB-FA-005091,2025-11-03T14:12:48.000Z,2025-11-03T12:53:58.000Z,Email,Account Access,Locked Account,Closed,High,true,4,21.0,BR-017,E-0137,false
RB-CS-004865,RB-C-02295-1,RB-FA-005091,2025-11-24T07:40:57.000Z,2025-11-28T10:05:54.000Z,Chat,Product Question,Rates,Closed,High,false,,8.7,BR-017,E-0061,true
RB-CS-004866,RB-C-02296-1,RB-FA-005092,2026-02-20T12:28:55.000Z,2026-02-20T14:10:13.000Z,Chat,Fraud,Card Compromised,Closed,Medium,true,,14.4,BR-013,E-0078,true
RB-CS-004867,RB-C-02297-1,RB-FA-005095,2025-03-13T12:54:46.000Z,2025-03-13T08:56:21.000Z,Voice,Payments,Bill Pay,Closed,High,true,3,11.1,BR-018,E-0080,false
RB-CS-004868,RB-C-02299-1,RB-FA-005098,2025-12-10T15:35:46.000Z,2025-12-15T11:50:25.000Z,Chat,Fraud,Card Compromised,Closed,Low,false,2,13.1,BR-017,E-0116,true
RB-CS-004869,RB-C-02299-1,RB-FA-005098,2025-08-26T15:01:34.000Z,2025-08-26T10:01:01.000Z,Mobile App,Payments,Wire Status,Closed,Low,true,,6.8,BR-017,E-0081,false
RB-CS-004870,RB-C-02299-1,RB-FA-005098,2025-09-04T11:13:54.000Z,2025-09-04T14:00:27.000Z,Chat,Account Access,Locked Account,Closed,Low,true,,11.1,BR-017,E-0086,false
RB-CS-004871,RB-C-02299-1,RB-FA-005098,2026-02-01T19:43:18.000Z,2026-02-21T12:36:58.000Z,Voice,Payments,Bill Pay,Closed,Medium,false,,23.0,BR-017,E-0118,true
RB-CS-004872,RB-C-02307-1,RB-FA-005114,2026-02-11T10:12:37.000Z,2026-02-24T14:40:53.000Z,Mobile App,Card Dispute,Unrecognized Charge,Closed,Low,false,,11.1,BR-014,E-0100,false
RB-CS-004873,RB-C-02307-1,RB-FA-005114,2025-11-03T08:10:39.000Z,2025-11-03T14:15:59.000Z,Voice,Account Access,Password Reset,Closed,Low,true,4,5.5,BR-014,E-0098,true
RB-CS-004874,RB-C-02307-1,RB-FA-005114,2025-01-05T11:52:18.000Z,2025-01-05T07:44:59.000Z,Chat,Account Access,Locked Account,Closed,High,true,,7.4,BR-014,E-0128,false
RB-CS-004875,RB-C-02307-1,RB-FA-005114,2026-07-12T19:38:35.000Z,2026-07-29T13:01:13.000Z,Voice,Account Access,Locked Account,Closed,Medium,false,,29.4,BR-014,E-0070,true
RB-CS-004876,RB-C-02308-1,RB-FA-005115,2026-04-10T14:05:13.000Z,2026-04-10T19:28:20.000Z,Chat,Fee Inquiry,Overdraft Fee,Closed,Low,true,,12.4,BR-009,E-0080,false
RB-CS-004877,RB-C-02308-1,RB-FA-005115,2024-11-27T15:10:34.000Z,2024-12-14T13:26:48.000Z,Email,Card Dispute,Merchant Refund,Closed,Low,false,,20.5,BR-009,E-0068,true
RB-CS-004878,RB-C-02308-1,RB-FA-005115,2025-07-19T07:05:10.000Z,2025-07-19T12:16:20.000Z,Voice,Account Access,MFA,Closed,Low,true,4,9.1,BR-009,E-0106,false
RB-CS-004879,RB-C-02308-1,RB-FA-005116,2025-12-21T15:12:35.000Z,2025-12-21T09:03:55.000Z,Chat,Card Dispute,Unrecognized Charge,Closed,Medium,true,5,9.8,BR-009,E-0085,false
RB-CS-004880,RB-C-02308-1,RB-FA-005116,2026-06-05T09:03:55.000Z,2026-06-05T10:56:56.000Z,Voice,Fee Inquiry,Overdraft Fee,Closed,Low,true,,12.2,BR-009,E-0094,false
RB-CS-004881,RB-C-02308-1,RB-FA-005116,2025-04-27T13:05:26.000Z,2025-04-27T08:49:06.000Z,Voice,Fraud,Account Takeover,Closed,Medium,true,5,11.0,BR-009,E-0110,true
RB-CS-004882,RB-C-02309-1,RB-FA-005117,2025-05-06T17:17:59.000Z,2025-05-17T07:47:12.000Z,Branch,Card Dispute,Duplicate Charge,Closed,Low,false,5,5.5,BR-007,E-0131,false
RB-CS-004883,RB-C-02309-1,RB-FA-005119,2026-07-24T07:57:57.000Z,2026-07-24T18:23:55.000Z,Mobile App,Fee Inquiry,Overdraft Fee,Closed,Medium,true,5,6.0,BR-007,E-0067,false
RB-CS-004884,RB-C-02312-1,RB-FA-005123,2026-07-19T17:30:11.000Z,2026-07-19T07:41:41.000Z,Voice,Account Access,Password Reset,Closed,Medium,true,,12.4,BR-013,E-0128,false
RB-CS-004885,RB-C-02313-1,RB-FA-005125,2025-03-11T11:57:54.000Z,2025-03-11T10:00:14.000Z,Voice,Account Access,MFA,Closed,Low,true,,18.3,BR-025,E-0129,false
RB-CS-004886,RB-C-02313-1,RB-FA-005125,2024-10-04T10:11:33.000Z,2024-10-04T12:51:22.000Z,Voice,Account Access,Password Reset,Closed,Low,true,2,12.2,BR-025,E-0069,true
RB-CS-004887,RB-C-02313-1,RB-FA-005126,2025-12-12T09:58:07.000Z,2025-12-12T15:35:53.000Z,Chat,Account Access,Password Reset,Closed,Medium,true,1,9.1,BR-025,E-0099,true
RB-CS-004888,RB-C-02313-1,RB-FA-005126,2026-06-10T19:11:00.000Z,2026-06-10T08:29:13.000Z,Chat,Account Access,Locked Account,Closed,Low,true,,13.2,BR-025,E-0090,false
RB-CS-004889,RB-C-02313-1,RB-FA-005126,2026-07-11T11:52:04.000Z,2026-07-11T16:42:27.000Z,Mobile App,Fee Inquiry,Overdraft Fee,Closed,Low,true,,20.8,BR-025,E-0083,true
RB-CS-004890,RB-C-02313-1,RB-FA-005126,2026-05-10T19:00:16.000Z,2026-05-19T09:31:40.000Z,Chat,Account Access,MFA,Closed,Low,false,,8.5,BR-025,E-0073,false
RB-CS-004891,RB-C-02314-1,RB-FA-005130,2026-06-27T09:31:58.000Z,2026-06-27T12:04:34.000Z,Email,Account Access,Password Reset,Closed,Medium,true,4,11.8,BR-025,E-0119,false
RB-CS-004892,RB-C-02315-1,RB-FA-005131,2026-04-26T11:28:08.000Z,2026-05-04T14:15:25.000Z,Voice,Card Dispute,Unrecognized Charge,Closed,Low,false,,8.7,BR-006,E-0123,true
RB-CS-004893,RB-C-02315-1,RB-FA-005131,2026-04-02T13:01:35.000Z,2026-04-02T16:55:01.000Z,Voice,Product Question,Eligibility,Closed,High,true,,17.8,BR-006,E-0095,false
RB-CS-004894,RB-C-02315-1,RB-FA-005131,2025-09-27T14:30:08.000Z,2025-09-27T12:59:57.000Z,Voice,Account Access,Password Reset,Closed,Medium,true,5,13.7,BR-006,E-0114,false
RB-CS-004895,RB-C-02315-1,RB-FA-005131,2025-08-22T14:23:53.000Z,2025-08-22T09:20:42.000Z,Voice,Fee Inquiry,Overdraft Fee,Closed,Low,true,,5.9,BR-006,E-0114,false
RB-CS-004896,RB-C-02315-1,RB-FA-005132,2024-09-26T14:57:48.000Z,2024-09-26T14:55:12.000Z,Voice,Payments,Failed Transfer,Closed,High,true,5,7.5,BR-006,E-0124,false
RB-CS-004897,RB-C-02316-1,RB-FA-005133,2024-10-14T19:08:59.000Z,2024-10-14T12:31:09.000Z,Chat,Product Question,Rates,Closed,Medium,true,,23.2,BR-027,E-0130,true
RB-CS-004898,RB-C-02316-1,RB-FA-005134,2025-03-07T13:54:47.000Z,2025-03-07T13:55:00.000Z,Voice,Payments,Bill Pay,Closed,Medium,true,,24.5,BR-027,E-0129,false
RB-CS-004899,RB-C-02317-1,RB-FA-005135,2026-02-27T07:15:31.000Z,2026-02-27T16:57:43.000Z,Branch,Card Dispute,Duplicate Charge,Closed,Low,true,,14.1,BR-006,E-0096,true
RB-CS-004900,RB-C-02317-1,RB-FA-005135,2026-06-04T14:40:12.000Z,,Voice,Card Dispute,Duplicate Charge,In Progress,High,false,,6.9,BR-006,E-0110,false
RB-CS-004901,RB-C-02318-1,RB-FA-005136,2025-07-15T19:34:40.000Z,2025-08-02T09:47:27.000Z,Mobile App,Fraud,Card Compromised,Closed,Low,false,,23.7,BR-022,E-0129,false
RB-CS-004902,RB-C-02318-1,RB-FA-005136,2026-03-11T12:03:40.000Z,2026-03-11T09:03:26.000Z,Mobile App,Product Question,Rates,Closed,Medium,true,2,47.3,BR-022,E-0120,false
RB-CS-004903,RB-C-02318-1,RB-FA-005136,2026-05-01T15:50:01.000Z,2026-05-01T11:16:09.000Z,Chat,Card Dispute,Merchant Refund,Closed,Low,true,4,23.8,BR-022,E-0125,false
RB-CS-004904,RB-C-02318-1,RB-FA-005138,2025-02-20T19:11:41.000Z,2025-02-24T18:01:55.000Z,Voice,Card Dispute,Unrecognized Charge,Closed,Low,false,2,4.8,BR-022,E-0130,false
RB-CS-004905,RB-C-02318-1,RB-FA-005138,2026-06-10T17:47:14.000Z,2026-06-23T07:06:22.000Z,Branch,Fee Inquiry,Monthly Maintenance,Closed,Medium,false,2,12.1,BR-022,E-0138,false
RB-CS-004906,RB-C-02318-1,RB-FA-005138,2025-02-07T15:27:15.000Z,2025-02-07T16:08:41.000Z,Voice,Account Access,MFA,Closed,Low,true,5,5.1,BR-022,E-0120,false
RB-CS-004907,RB-C-02319-1,RB-FA-005139,2025-03-22T09:35:04.000Z,2025-03-22T19:02:51.000Z,Email,Card Dispute,Merchant Refund,Closed,High,true,,20.3,BR-009,E-0108,false
RB-CS-004908,RB-C-02321-1,RB-FA-005143,2025-01-15T14:56:04.000Z,2025-01-15T16:36:17.000Z,Voice,Account Access,Password Reset,Closed,Medium,true,,20.4,BR-022,E-0079,true
RB-CS-004909,RB-C-02321-1,RB-FA-005143,2025-01-27T18:57:21.000Z,2025-01-27T10:30:13.000Z,Voice,Fee Inquiry,Monthly Maintenance,Closed,Low,true,4,10.6,BR-022,E-0062,true
RB-CS-004910,RB-C-02321-1,RB-FA-005143,2025-11-07T11:08:30.000Z,2025-11-13T17:40:57.000Z,Email,Product Question,Rates,Closed,Medium,false,,13.8,BR-022,E-0107,false
RB-CS-004911,RB-C-02323-1,RB-FA-005146,2025-08-15T15:19:06.000Z,2025-08-15T19:13:48.000Z,Voice,Account Access,MFA,Closed,Medium,true,4,9.6,BR-002,E-0112,true
RB-CS-004912,RB-C-02323-1,RB-FA-005147,2025-05-29T07:33:01.000Z,2025-05-29T15:50:06.000Z,Chat,Fee Inquiry,Overdraft Fee,Closed,Medium,true,,5.8,BR-002,E-0070,false
RB-CS-004913,RB-C-02323-1,RB-FA-005147,2025-07-20T17:09:20.000Z,2025-07-20T07:34:30.000Z,Chat,Card Dispute,Unrecognized Charge,Closed,Low,true,3,2.8,BR-002,E-0083,false
RB-CS-004914,RB-C-02325-1,RB-FA-005152,2025-05-30T12:15:39.000Z,2025-05-30T11:56:54.000Z,Email,Product Question,Rates,Closed,Low,true,,18.5,BR-008,E-0101,false
RB-CS-004915,RB-C-02326-1,RB-FA-005153,2024-09-10T17:44:07.000Z,2024-09-11T18:02:57.000Z,Email,Account Access,Locked Account,Closed,Low,false,,23.9,BR-026,E-0072,false
RB-CS-004916,RB-C-02326-1,RB-FA-005153,2025-09-29T07:24:30.000Z,2025-09-29T14:00:56.000Z,Chat,Card Dispute,Unrecognized Charge,Closed,Low,true,,8.6,BR-026,E-0103,false
RB-CS-004917,RB-C-02326-1,RB-FA-005155,2025-01-26T11:01:54.000Z,2025-01-26T09:15:22.000Z,Chat,Product Question,Rates,Closed,Low,true,5,15.1,BR-026,E-0113,false
RB-CS-004918,RB-C-02326-1,RB-FA-005155,2024-10-26T13:27:38.000Z,2024-10-26T14:38:13.000Z,Mobile App,Card Dispute,Merchant Refund,Closed,High,true,3,5.7,BR-026,E-0075,false
RB-CS-004919,RB-C-02328-1,RB-FA-005157,2026-08-11T12:53:21.000Z,2026-08-24T10:42:23.000Z,Email,Card Dispute,Duplicate Charge,Closed,Medium,false,,16.9,BR-012,E-0113,true
RB-CS-004920,RB-C-02328-1,RB-FA-005157,2026-07-02T14:40:23.000Z,2026-07-02T07:15:18.000Z,Mobile App,Product Question,Eligibility,Closed,High,true,,8.6,BR-012,E-0078,false
RB-CS-004921,RB-C-02328-1,RB-FA-005157,2025-05-12T10:16:52.000Z,2025-05-12T16:26:44.000Z,Email,Fee Inquiry,ATM Fee,Closed,Medium,true,,16.8,BR-012,E-0110,true
RB-CS-004922,RB-C-02328-1,RB-FA-005159,2025-12-22T07:22:25.000Z,2026-01-07T18:24:39.000Z,Voice,Card Dispute,Unrecognized Charge,Closed,Low,false,5,6.1,BR-012,E-0084,false
RB-CS-004923,RB-C-02329-1,RB-FA-005160,2026-07-17T19:23:22.000Z,2026-07-17T09:42:00.000Z,Chat,Fee Inquiry,Monthly Maintenance,Closed,Medium,true,,7.8,BR-030,E-0117,false
RB-CS-004924,RB-C-02330-1,RB-FA-005161,2026-05-05T11:56:59.000Z,2026-05-26T18:08:47.000Z,Email,Payments,Bill Pay,Closed,High,false,2,29.4,BR-013,E-0105,true
RB-CS-004925,RB-C-02332-1,RB-FA-005165,2024-11-09T19:56:11.000Z,,Chat,Account Access,Locked Account,In Progress,High,true,5,9.2,BR-011,E-0093,false
RB-CS-004926,RB-C-02332-1,RB-FA-005167,2025-12-11T12:05:44.000Z,2025-12-11T17:57:46.000Z,Email,Account Access,Password Reset,Closed,Medium,true,,7.6,BR-011,E-0112,true
RB-CS-004927,RB-C-02332-1,RB-FA-005168,2024-09-09T08:38:33.000Z,2024-09-09T13:26:38.000Z,Voice,Fee Inquiry,ATM Fee,Closed,Medium,true,3,8.9,BR-011,E-0070,true
RB-CS-004928,RB-C-02332-1,RB-FA-005168,2025-04-21T11:18:19.000Z,2025-04-21T18:33:24.000Z,Voice,Account Access,Password Reset,Closed,High,true,4,7.4,BR-011,E-0076,false
RB-CS-004929,RB-C-02332-1,RB-FA-005168,2024-12-04T16:42:20.000Z,2024-12-04T14:42:57.000Z,Voice,Card Dispute,Merchant Refund,Closed,Medium,true,5,10.5,BR-011,E-0083,false
RB-CS-004930,RB-C-02332-1,RB-FA-005168,2024-11-19T13:20:11.000Z,2024-11-19T18:59:59.000Z,Branch,Card Dispute,Merchant Refund,Closed,Medium,true,,14.0,BR-011,E-0140,true
RB-CS-004931,RB-C-02333-1,RB-FA-005169,2025-02-25T11:43:34.000Z,2025-02-25T16:23:18.000Z,Voice,Fraud,Card Compromised,Closed,Medium,true,,7.6,BR-025,E-0134,true
RB-CS-004932,RB-C-02334-1,RB-FA-005171,2026-05-09T11:06:38.000Z,2026-05-09T11:57:42.000Z,Chat,Payments,Bill Pay,Closed,Low,true,4,10.6,BR-014,E-0080,false
RB-CS-004933,RB-C-02334-1,RB-FA-005173,2025-08-10T12:07:48.000Z,2025-08-22T15:30:21.000Z,Chat,Fee Inquiry,Overdraft Fee,Closed,Low,false,2,8.4,BR-014,E-0094,false
RB-CS-004934,RB-C-02334-1,RB-FA-005174,2025-05-21T19:42:20.000Z,2025-05-21T17:28:55.000Z,Chat,Card Dispute,Duplicate Charge,Closed,Medium,true,,4.8,BR-014,E-0062,true
RB-CS-004935,RB-C-02335-1,RB-FA-005175,2026-07-07T18:35:52.000Z,2026-07-09T10:16:05.000Z,Chat,Product Question,Eligibility,Closed,Low,false,,16.5,BR-007,E-0099,true
RB-CS-004936,RB-C-02336-1,RB-FA-005178,2025-11-07T11:54:31.000Z,2025-11-07T11:31:14.000Z,Voice,Product Question,Rates,Closed,Low,true,5,7.2,BR-007,E-0066,false
RB-CS-004937,RB-C-02336-1,RB-FA-005178,2025-05-25T09:48:17.000Z,2025-06-11T16:20:58.000Z,Voice,Account Access,Password Reset,Closed,Low,false,2,26.3,BR-007,E-0113,false
RB-CS-004938,RB-C-02336-1,RB-FA-005178,2024-11-07T16:41:57.000Z,2024-11-07T12:56:04.000Z,Voice,Account Access,Password Reset,Closed,Medium,true,2,5.7,BR-007,E-0072,true
RB-CS-004939,RB-C-02338-1,RB-FA-005182,2026-08-08T18:17:57.000Z,2026-08-08T10:13:51.000Z,Voice,Product Question,Rates,Closed,Medium,true,5,7.9,BR-021,E-0126,false
RB-CS-004940,RB-C-02339-1,RB-FA-005184,2026-03-10T07:22:36.000Z,,Chat,Fee Inquiry,Overdraft Fee,In Progress,Low,true,4,8.6,BR-004,E-0125,false
RB-CS-004941,RB-C-02341-1,RB-FA-005189,2025-04-28T16:04:15.000Z,2025-04-28T18:03:27.000Z,Voice,Fee Inquiry,Monthly Maintenance,Closed,Low,true,5,7.7,BR-029,E-0083,false
RB-CS-004942,RB-C-02341-1,RB-FA-005189,2025-01-23T19:13:39.000Z,2025-01-23T14:46:31.000Z,Chat,Account Access,Locked Account,Closed,Low,true,,7.1,BR-029,E-0136,false
RB-CS-004943,RB-C-02341-1,RB-FA-005189,2025-05-17T09:05:01.000Z,2025-05-26T15:06:57.000Z,Voice,Fee Inquiry,ATM Fee,Closed,Low,false,,8.0,BR-029,E-0115,true
RB-CS-004944,RB-C-02342-1,RB-FA-005190,2025-07-29T13:58:34.000Z,2025-07-29T11:44:24.000Z,Chat,Card Dispute,Merchant Refund,Closed,Medium,true,3,11.4,BR-027,E-0061,true
RB-CS-004945,RB-C-02343-1,RB-FA-005193,2025-10-05T12:24:24.000Z,2025-10-05T19:02:02.000Z,Chat,Account Access,Password Reset,Closed,Medium,true,,6.9,BR-028,E-0065,false
RB-CS-004946,RB-C-02343-1,RB-FA-005194,2025-03-18T07:48:41.000Z,2025-03-18T19:45:48.000Z,Voice,Fee Inquiry,Overdraft Fee,Closed,Medium,true,,12.8,BR-028,E-0072,false
RB-CS-004947,RB-C-02343-1,RB-FA-005196,2026-04-04T19:52:50.000Z,2026-04-08T12:23:47.000Z,Chat,Card Dispute,Merchant Refund,Closed,Medium,false,,19.5,BR-028,E-0080,true
RB-CS-004948,RB-C-02345-1,RB-FA-005198,2025-12-16T15:41:22.000Z,2026-01-04T18:17:08.000Z,Email,Payments,Bill Pay,Closed,Low,false,5,61.5,BR-030,E-0075,false
RB-CS-004949,RB-C-02346-1,RB-FA-005199,2025-01-04T18:29:54.000Z,2025-01-05T12:19:12.000Z,Mobile App,Fee Inquiry,ATM Fee,Closed,Low,false,1,14.5,BR-028,E-0127,true
RB-CS-004950,RB-C-02346-1,RB-FA-005200,2025-12-31T18:27:57.000Z,2026-01-02T09:15:05.000Z,Voice,Card Dispute,Merchant Refund,Closed,Medium,false,1,9.5,BR-028,E-0095,false
RB-CS-004951,RB-C-02346-1,RB-FA-005201,2026-04-25T09:39:12.000Z,2026-04-25T11:27:04.000Z,Chat,Product Question,Eligibility,Closed,Low,true,3,10.0,BR-028,E-0133,true
RB-CS-004952,RB-C-02347-1,RB-FA-005202,2024-11-29T07:44:48.000Z,2024-11-29T16:00:07.000Z,Voice,Fraud,Card Compromised,Closed,Medium,true,,20.1,BR-012,E-0135,false
RB-CS-004953,RB-C-02349-1,RB-FA-005205,2026-07-09T10:57:05.000Z,2026-07-09T08:37:47.000Z,Email,Account Access,MFA,Closed,Low,true,3,49.4,BR-027,E-0100,false
RB-CS-004954,RB-C-02350-1,RB-FA-005206,2025-05-13T07:20:41.000Z,2025-05-13T13:42:12.000Z,Voice,Account Access,Locked Account,Closed,Low,true,3,17.6,BR-024,E-0104,false
RB-CS-004955,RB-C-02350-1,RB-FA-005207,2025-12-19T09:56:26.000Z,2025-12-19T08:56:05.000Z,Voice,Fee Inquiry,Monthly Maintenance,Closed,Medium,true,,21.5,BR-024,E-0081,false
RB-CS-004956,RB-C-02352-1,RB-FA-005211,2024-12-11T17:40:42.000Z,2024-12-11T15:52:26.000Z,Voice,Card Dispute,Duplicate Charge,Closed,High,true,,9.7,BR-017,E-0125,true
RB-CS-004957,RB-C-02352-1,RB-FA-005211,2025-10-05T14:04:27.000Z,2025-10-05T07:48:59.000Z,Branch,Card Dispute,Duplicate Charge,Closed,Low,true,,5.3,BR-017,E-0132,true
RB-CS-004958,RB-C-02354-1,RB-FA-005213,2024-10-02T16:30:35.000Z,2024-10-05T13:15:39.000Z,Branch,Card Dispute,Merchant Refund,Closed,Low,false,3,4.0,BR-024,E-0093,false
RB-CS-004959,RB-C-02355-1,RB-FA-005214,2026-02-27T10:48:26.000Z,2026-03-05T08:32:05.000Z,Email,Card Dispute,Duplicate Charge,Closed,Low,false,,6.8,BR-003,E-0111,false
RB-CS-004960,RB-C-02355-1,RB-FA-005215,2026-01-24T12:16:19.000Z,2026-01-24T10:23:13.000Z,Email,Product Question,Rates,Closed,Medium,true,,19.2,BR-003,E-0107,false
RB-CS-004961,RB-C-02356-1,RB-FA-005217,2026-07-22T17:15:22.000Z,,Chat,Fraud,Card Compromised,In Progress,Medium,false,,8.7,BR-007,E-0112,true
RB-CS-004962,RB-C-02356-1,RB-FA-005217,2025-03-25T15:25:14.000Z,2025-03-30T18:43:07.000Z,Email,Account Access,MFA,Closed,Low,false,5,38.6,BR-007,E-0129,false
RB-CS-004963,RB-C-02356-1,RB-FA-005217,2025-08-23T11:35:55.000Z,,Voice,Fraud,Account Takeover,Open,Medium,true,4,19.1,BR-007,E-0113,true
RB-CS-004964,RB-C-02356-1,RB-FA-005218,2025-01-30T11:42:50.000Z,,Voice,Fee Inquiry,Monthly Maintenance,Escalated,Low,false,4,12.7,BR-007,E-0121,false
RB-CS-004965,RB-C-02356-1,RB-FA-005218,2026-03-29T10:10:58.000Z,2026-04-18T14:59:46.000Z,Chat,Card Dispute,Merchant Refund,Closed,Low,false,,20.3,BR-007,E-0085,false
RB-CS-004966,RB-C-02356-1,RB-FA-005218,2024-09-03T15:47:03.000Z,2024-09-03T07:46:26.000Z,Branch,Fee Inquiry,ATM Fee,Closed,Low,true,,16.2,BR-007,E-0130,false
RB-CS-004967,RB-C-02356-1,RB-FA-005218,2025-09-23T10:45:00.000Z,2025-09-23T14:09:48.000Z,Voice,Fee Inquiry,Overdraft Fee,Closed,High,true,4,9.1,BR-007,E-0074,false
RB-CS-004968,RB-C-02357-1,RB-FA-005220,2026-03-26T10:32:37.000Z,2026-03-26T08:29:12.000Z,Chat,Account Access,Locked Account,Closed,Low,true,,7.6,BR-002,E-0127,true
RB-CS-004969,RB-C-02357-1,RB-FA-005222,2025-11-03T07:06:07.000Z,2025-11-03T19:28:16.000Z,Voice,Fee Inquiry,ATM Fee,Closed,Medium,true,4,15.1,BR-002,E-0122,true
RB-CS-004970,RB-C-02357-1,RB-FA-005222,2025-05-10T18:57:11.000Z,2025-05-17T07:06:48.000Z,Chat,Card Dispute,Duplicate Charge,Closed,Low,false,3,3.0,BR-002,E-0100,false
RB-CS-004971,RB-C-02357-1,RB-FA-005222,2025-05-14T12:06:04.000Z,2025-05-27T08:00:17.000Z,Chat,Account Access,Password Reset,Closed,High,false,,10.4,BR-002,E-0124,true
RB-CS-004972,RB-C-02358-1,RB-FA-005224,2025-08-18T07:08:22.000Z,2025-08-18T18:01:03.000Z,Voice,Fee Inquiry,Overdraft Fee,Closed,Low,true,,8.5,BR-012,E-0109,false
RB-CS-004973,RB-C-02359-1,RB-FA-005225,2025-01-01T07:52:32.000Z,2025-01-07T07:40:38.000Z,Email,Card Dispute,Duplicate Charge,Closed,Low,false,,70.1,BR-027,E-0102,false
RB-CS-004974,RB-C-02359-1,RB-FA-005226,2025-03-24T09:34:06.000Z,2025-04-08T10:32:58.000Z,Chat,Product Question,Eligibility,Closed,Medium,false,1,19.7,BR-027,E-0078,true
RB-CS-004975,RB-C-02360-1,RB-FA-005228,2026-07-24T16:51:29.000Z,2026-07-27T11:01:13.000Z,Voice,Product Question,Rates,Closed,Low,false,4,10.2,BR-004,E-0140,false
RB-CS-004976,RB-C-02360-1,RB-FA-005228,2025-09-26T12:16:07.000Z,2025-09-26T14:21:54.000Z,Chat,Card Dispute,Duplicate Charge,Closed,High,true,4,6.6,BR-004,E-0092,true
RB-CS-004977,RB-C-02360-1,RB-FA-005228,2026-04-17T16:13:31.000Z,,Chat,Product Question,Rates,Escalated,Medium,true,3,9.0,BR-004,E-0086,false
RB-CS-004978,RB-C-02360-1,RB-FA-005228,2026-02-10T08:49:59.000Z,2026-02-27T07:35:23.000Z,Voice,Card Dispute,Merchant Refund,Closed,Medium,false,,9.7,BR-004,E-0118,false
RB-CS-004979,RB-C-02360-1,RB-FA-005229,2025-11-15T16:54:18.000Z,2025-11-19T19:29:27.000Z,Email,Fee Inquiry,ATM Fee,Closed,Medium,false,5,18.2,BR-004,E-0130,false
RB-CS-004980,RB-C-02360-1,RB-FA-005230,2026-07-30T09:49:20.000Z,2026-07-30T13:36:27.000Z,Email,Card Dispute,Duplicate Charge,Closed,Medium,true,,21.2,BR-004,E-0081,false
RB-CS-004981,RB-C-02361-1,RB-FA-005231,2025-11-02T16:49:48.000Z,2025-11-02T13:33:44.000Z,Email,Product Question,Rates,Closed,Low,true,,16.2,BR-008,E-0122,true
RB-CS-004982,RB-C-02361-1,RB-FA-005231,2026-02-12T12:02:33.000Z,2026-02-12T07:53:38.000Z,Mobile App,Card Dispute,Merchant Refund,Closed,Low,true,4,8.2,BR-008,E-0105,true
RB-CS-004983,RB-C-02362-1,RB-FA-005233,2025-01-16T14:42:10.000Z,2025-01-16T19:18:05.000Z,Chat,Fee Inquiry,Monthly Maintenance,Closed,Low,true,,13.4,BR-011,E-0107,false
RB-CS-004984,RB-C-02363-1,RB-FA-005235,2026-05-23T17:49:42.000Z,2026-06-08T14:27:33.000Z,Chat,Payments,Failed Transfer,Closed,Low,false,,6.8,BR-030,E-0119,false
RB-CS-004985,RB-C-02363-1,RB-FA-005235,2024-11-16T09:24:36.000Z,2024-11-16T10:38:36.000Z,Email,Card Dispute,Unrecognized Charge,Closed,Medium,true,5,19.3,BR-030,E-0066,true
RB-CS-004986,RB-C-02363-1,RB-FA-005235,2025-10-20T11:54:23.000Z,2025-10-20T15:11:39.000Z,Chat,Product Question,Eligibility,Closed,Low,true,,23.8,BR-030,E-0074,true
RB-CS-004987,RB-C-02363-1,RB-FA-005236,2025-12-16T07:16:47.000Z,,Chat,Fee Inquiry,ATM Fee,Escalated,Medium,false,2,11.0,BR-030,E-0081,true
RB-CS-004988,RB-C-02363-1,RB-FA-005236,2024-12-09T12:23:46.000Z,2024-12-09T14:06:30.000Z,Voice,Account Access,Locked Account,Closed,Low,true,3,18.8,BR-030,E-0066,true
RB-CS-004989,RB-C-02363-1,RB-FA-005236,2024-11-28T18:24:41.000Z,2024-11-28T09:41:44.000Z,Voice,Fee Inquiry,Monthly Maintenance,Closed,Medium,true,,3.2,BR-030,E-0080,false
RB-CS-004990,RB-C-02363-1,RB-FA-005236,2026-08-07T18:13:40.000Z,2026-08-07T15:50:18.000Z,Mobile App,Card Dispute,Merchant Refund,Closed,Low,true,,62.6,BR-030,E-0078,false
RB-CS-004991,RB-C-02364-1,RB-FA-005237,2025-06-01T16:17:03.000Z,2025-06-09T07:53:27.000Z,Chat,Account Access,Password Reset,Closed,Low,false,,17.6,BR-003,E-0112,false
RB-CS-004992,RB-C-02365-1,RB-FA-005239,2025-07-23T12:20:45.000Z,2025-08-06T09:05:38.000Z,Chat,Card Dispute,Duplicate Charge,Closed,Medium,false,,20.2,BR-023,E-0088,true
RB-CS-004993,RB-C-02365-1,RB-FA-005240,2025-10-13T12:24:35.000Z,2025-11-02T19:21:18.000Z,Voice,Card Dispute,Duplicate Charge,Closed,Medium,false,,18.1,BR-023,E-0079,false
RB-CS-004994,RB-C-02365-1,RB-FA-005240,2025-11-13T19:14:56.000Z,2025-11-24T19:53:37.000Z,Email,Fee Inquiry,Monthly Maintenance,Closed,Low,false,3,40.2,BR-023,E-0063,true
RB-CS-004995,RB-C-02366-1,RB-FA-005242,2026-05-14T07:51:33.000Z,2026-05-14T07:10:12.000Z,Chat,Fee Inquiry,Overdraft Fee,Closed,Medium,true,4,13.3,BR-011,E-0075,false
RB-CS-004996,RB-C-02366-1,RB-FA-005242,2026-02-01T15:08:16.000Z,2026-02-01T11:54:44.000Z,Voice,Card Dispute,Merchant Refund,Closed,Medium,true,,24.5,BR-011,E-0106,false
RB-CS-004997,RB-C-02366-1,RB-FA-005242,2025-01-30T08:58:00.000Z,2025-01-30T11:29:15.000Z,Voice,Fee Inquiry,Overdraft Fee,Closed,Low,true,,12.2,BR-011,E-0081,false
RB-CS-004998,RB-C-02368-1,RB-FA-005246,2025-02-19T17:16:45.000Z,2025-02-19T12:39:47.000Z,Voice,Fraud,Card Compromised,Closed,Low,true,4,13.7,BR-026,E-0127,false
RB-CS-004999,RB-C-02368-1,RB-FA-005247,2024-11-06T15:44:12.000Z,2024-11-06T11:14:36.000Z,Email,Payments,Wire Status,Closed,Low,true,,46.5,BR-026,E-0094,true
RB-CS-005000,RB-C-02368-1,RB-FA-005247,2024-12-27T12:49:00.000Z,2025-01-12T07:58:30.000Z,Chat,Card Dispute,Duplicate Charge,Closed,Medium,false,,15.4,BR-026,E-0119,true
RB-CS-005001,RB-C-02369-1,RB-FA-005248,2026-01-20T13:57:55.000Z,2026-01-20T18:26:12.000Z,Email,Fee Inquiry,Monthly Maintenance,Closed,High,true,,46.4,BR-028,E-0108,false
RB-CS-005002,RB-C-02369-1,RB-FA-005249,2025-06-28T15:35:34.000Z,2025-07-18T11:49:23.000Z,Voice,Payments,Wire Status,Closed,High,false,1,8.5,BR-028,E-0082,true
RB-CS-005003,RB-C-02369-1,RB-FA-005249,2025-01-30T18:17:49.000Z,2025-01-30T18:52:21.000Z,Mobile App,Account Access,Locked Account,Closed,Medium,true,,16.7,BR-028,E-0123,true
RB-CS-005004,RB-C-02369-1,RB-FA-005249,2025-09-02T17:15:33.000Z,2025-09-11T07:45:40.000Z,Voice,Account Access,MFA,Closed,Low,false,,9.6,BR-028,E-0074,false
RB-CS-005005,RB-C-02369-1,RB-FA-005249,2026-01-06T14:20:28.000Z,2026-01-15T09:59:35.000Z,Chat,Card Dispute,Duplicate Charge,Closed,Low,false,4,7.2,BR-028,E-0088,false
RB-CS-005006,RB-C-02369-1,RB-FA-005251,2024-09-02T12:17:17.000Z,2024-09-10T13:09:35.000Z,Voice,Account Access,Password Reset,Closed,Medium,false,3,14.6,BR-028,E-0066,true
RB-CS-005007,RB-C-02369-1,RB-FA-005251,2026-06-11T08:36:37.000Z,2026-06-16T10:55:38.000Z,Voice,Fee Inquiry,Monthly Maintenance,Closed,Low,false,,22.8,BR-028,E-0108,false
RB-CS-005008,RB-C-02369-1,RB-FA-005251,2025-06-23T17:46:49.000Z,2025-07-07T13:32:38.000Z,Mobile App,Card Dispute,Unrecognized Charge,Closed,High,false,,8.5,BR-028,E-0121,false
RB-CS-005009,RB-C-02369-1,RB-FA-005251,2025-11-12T10:11:24.000Z,2025-12-01T16:17:22.000Z,Voice,Card Dispute,Unrecognized Charge,Closed,Medium,false,,4.9,BR-028,E-0070,true
RB-CS-005010,RB-C-02371-1,RB-FA-005253,2025-02-13T08:49:51.000Z,2025-02-13T16:59:52.000Z,Email,Product Question,Rates,Closed,Low,true,,39.8,BR-027,E-0113,true
RB-CS-005011,RB-C-02371-1,RB-FA-005253,2025-06-23T15:58:07.000Z,2025-06-23T12:37:25.000Z,Chat,Fee Inquiry,Monthly Maintenance,Closed,Medium,true,,12.7,BR-027,E-0065,false
RB-CS-005012,RB-C-02372-1,RB-FA-005255,2025-07-12T12:37:36.000Z,2025-07-12T15:15:29.000Z,Chat,Fee Inquiry,ATM Fee,Closed,Low,true,,6.6,BR-023,E-0087,false
RB-CS-005013,RB-C-02372-1,RB-FA-005256,2025-07-21T09:53:18.000Z,2025-07-21T19:26:40.000Z,Email,Account Access,MFA,Closed,Low,true,2,32.8,BR-023,E-0100,true
RB-CS-005014,RB-C-02372-1,RB-FA-005257,2025-11-01T16:53:06.000Z,2025-11-16T16:27:55.000Z,Voice,Fee Inquiry,ATM Fee,Closed,Low,false,3,7.6,BR-023,E-0116,false
RB-CS-005015,RB-C-02372-1,RB-FA-005257,2025-10-31T18:06:11.000Z,2025-10-31T14:01:42.000Z,Branch,Fee Inquiry,ATM Fee,Closed,Low,true,4,5.1,BR-023,E-0065,false
RB-CS-005016,RB-C-02373-1,RB-FA-005260,2026-07-18T10:25:16.000Z,2026-07-18T15:36:03.000Z,Voice,Payments,Failed Transfer,Closed,Medium,true,4,5.9,BR-026,E-0075,false
RB-CS-005017,RB-C-02373-1,RB-FA-005260,2025-09-25T14:33:58.000Z,2025-10-13T10:10:22.000Z,Voice,Account Access,MFA,Closed,Medium,false,,11.7,BR-026,E-0132,false
RB-CS-005018,RB-C-02373-1,RB-FA-005260,2024-12-12T13:23:07.000Z,2024-12-12T12:10:42.000Z,Branch,Card Dispute,Unrecognized Charge,Closed,Low,true,,10.6,BR-026,E-0080,false
RB-CS-005019,RB-C-02373-1,RB-FA-005260,2025-06-18T15:26:31.000Z,2025-06-23T19:18:43.000Z,Mobile App,Product Question,Rates,Closed,Low,false,,10.8,BR-026,E-0093,false
RB-CS-005020,RB-C-02373-1,RB-FA-005261,2025-04-19T19:57:50.000Z,2025-04-19T13:38:24.000Z,Branch,Account Access,Password Reset,Closed,Medium,true,3,4.2,BR-026,E-0105,true
RB-CS-005021,RB-C-02373-1,RB-FA-005261,2026-06-27T19:32:26.000Z,2026-07-06T08:42:15.000Z,Email,Account Access,MFA,Closed,Low,false,2,66.0,BR-026,E-0078,false
RB-CS-005022,RB-C-02375-1,RB-FA-005264,2025-08-27T16:51:07.000Z,,Email,Payments,Wire Status,Escalated,Medium,true,,28.1,BR-016,E-0063,false
RB-CS-005023,RB-C-02375-1,RB-FA-005266,2024-10-03T19:46:27.000Z,2024-10-03T10:05:13.000Z,Chat,Account Access,Password Reset,Closed,High,true,,15.2,BR-016,E-0122,false
RB-CS-005024,RB-C-02376-1,RB-FA-005267,2026-05-29T07:07:48.000Z,,Voice,Fee Inquiry,Overdraft Fee,Escalated,Medium,true,,24.3,BR-004,E-0083,false
RB-CS-005025,RB-C-02377-1,RB-FA-005269,2026-06-01T16:26:00.000Z,2026-06-01T15:18:41.000Z,Email,Account Access,Locked Account,Closed,Medium,true,,15.5,BR-008,E-0128,false
RB-CS-005026,RB-C-02377-1,RB-FA-005269,2025-10-06T08:13:59.000Z,2025-10-06T08:59:57.000Z,Chat,Card Dispute,Unrecognized Charge,Closed,Low,true,3,21.7,BR-008,E-0140,false
RB-CS-005027,RB-C-02377-1,RB-FA-005269,2026-03-22T11:12:03.000Z,2026-03-22T11:40:45.000Z,Voice,Fee Inquiry,Monthly Maintenance,Closed,High,true,4,7.9,BR-008,E-0090,true
RB-CS-005028,RB-C-02379-1,RB-FA-005275,2026-04-09T09:18:00.000Z,2026-04-24T09:42:50.000Z,Mobile App,Payments,Failed Transfer,Closed,High,false,,8.4,BR-024,E-0120,false
RB-CS-005029,RB-C-02380-1,RB-FA-005277,2024-12-09T10:21:09.000Z,2024-12-09T12:05:45.000Z,Mobile App,Product Question,Rates,Closed,Low,true,5,9.8,BR-010,E-0122,false
RB-CS-005030,RB-C-02380-1,RB-FA-005277,2025-01-27T14:20:07.000Z,2025-01-27T07:43:39.000Z,Mobile App,Payments,Bill Pay,Closed,Low,true,1,10.0,BR-010,E-0140,true
RB-CS-005031,RB-C-02380-1,RB-FA-005277,2026-03-08T07:15:49.000Z,2026-03-08T13:15:42.000Z,Voice,Account Access,Locked Account,Closed,High,true,,5.4,BR-010,E-0082,false
RB-CS-005032,RB-C-02380-1,RB-FA-005278,2026-01-27T19:06:16.000Z,2026-01-27T17:54:23.000Z,Chat,Fraud,Account Takeover,Closed,Low,true,3,13.6,BR-010,E-0098,false
RB-CS-005033,RB-C-02380-1,RB-FA-005279,2026-04-30T15:28:19.000Z,2026-05-03T15:24:21.000Z,Email,Fee Inquiry,Monthly Maintenance,Closed,Low,false,,70.4,BR-010,E-0090,false
RB-CS-005034,RB-C-02381-1,RB-FA-005281,2025-12-13T19:30:00.000Z,2025-12-15T10:18:59.000Z,Chat,Card Dispute,Unrecognized Charge,Closed,Low,false,,3.8,BR-007,E-0113,false
RB-CS-005035,RB-C-02381-1,RB-FA-005281,2026-01-28T11:09:53.000Z,2026-01-28T12:16:25.000Z,Voice,Fee Inquiry,ATM Fee,Closed,Low,true,3,10.4,BR-007,E-0071,true
RB-CS-005036,RB-C-02382-1,RB-FA-005283,2026-01-25T10:46:50.000Z,2026-01-25T16:19:25.000Z,Voice,Card Dispute,Duplicate Charge,Closed,Low,true,,10.2,BR-016,E-0098,false
RB-CS-005037,RB-C-02383-1,RB-FA-005284,2025-10-27T08:39:47.000Z,2025-10-27T13:40:18.000Z,Voice,Account Access,MFA,Closed,High,true,4,6.1,BR-004,E-0111,true
RB-CS-005038,RB-C-02383-1,RB-FA-005285,2026-05-11T11:23:40.000Z,2026-05-11T12:05:10.000Z,Chat,Payments,Wire Status,Closed,Low,true,4,33.2,BR-004,E-0108,true
RB-CS-005039,RB-C-02383-1,RB-FA-005285,2026-05-28T19:54:17.000Z,2026-05-28T17:32:08.000Z,Mobile App,Fee Inquiry,ATM Fee,Closed,Medium,true,4,7.6,BR-004,E-0114,true
RB-CS-005040,RB-C-02383-1,RB-FA-005285,2026-02-23T10:15:30.000Z,2026-02-23T15:11:03.000Z,Voice,Product Question,Rates,Closed,Low,true,4,6.0,BR-004,E-0090,true
RB-CS-005041,RB-C-02384-1,RB-FA-005287,2026-04-15T08:51:21.000Z,2026-04-29T13:37:46.000Z,Voice,Account Access,Password Reset,Closed,Low,false,,5.8,BR-021,E-0119,true
RB-CS-005042,RB-C-02385-1,RB-FA-005290,2026-01-28T07:00:49.000Z,2026-01-28T08:00:07.000Z,Voice,Fee Inquiry,Monthly Maintenance,Closed,Low,true,5,6.7,BR-023,E-0079,false
RB-CS-005043,RB-C-02386-1,RB-FA-005291,2026-02-03T08:42:21.000Z,2026-02-10T15:12:47.000Z,Email,Account Access,Password Reset,Closed,Low,false,2,40.2,BR-001,E-0074,false
RB-CS-005044,RB-C-02387-1,RB-FA-005293,2024-10-09T14:28:48.000Z,2024-10-19T16:50:09.000Z,Voice,Card Dispute,Duplicate Charge,Closed,Low,false,3,5.2,BR-017,E-0066,true
RB-CS-005045,RB-C-02387-1,RB-FA-005293,2026-06-08T14:12:14.000Z,2026-06-08T08:38:11.000Z,Voice,Account Access,Locked Account,Closed,Medium,true,4,7.9,BR-017,E-0077,false
RB-CS-005046,RB-C-02387-1,RB-FA-005293,2026-04-16T08:33:38.000Z,2026-04-16T15:26:40.000Z,Voice,Account Access,Locked Account,Closed,High,true,,11.6,BR-017,E-0081,false
RB-CS-005047,RB-C-02388-1,RB-FA-005294,2026-02-21T17:20:12.000Z,2026-02-21T17:22:41.000Z,Chat,Card Dispute,Merchant Refund,Closed,Medium,true,5,11.1,BR-013,E-0119,false
RB-CS-005048,RB-C-02388-1,RB-FA-005295,2025-05-30T08:00:44.000Z,2025-05-30T18:04:53.000Z,Mobile App,Card Dispute,Unrecognized Charge,Closed,High,true,3,11.9,BR-013,E-0132,false
RB-CS-005049,RB-C-02388-1,RB-FA-005295,2026-08-03T19:54:53.000Z,2026-08-03T18:09:54.000Z,Mobile App,Fee Inquiry,Monthly Maintenance,Closed,Medium,true,,14.7,BR-013,E-0121,true
RB-CS-005050,RB-C-02388-1,RB-FA-005295,2025-04-12T11:24:37.000Z,,Chat,Card Dispute,Unrecognized Charge,In Progress,Medium,false,3,9.6,BR-013,E-0093,false
RB-CS-005051,RB-C-02388-1,RB-FA-005295,2025-09-13T07:27:57.000Z,2025-09-13T14:24:05.000Z,Email,Payments,Wire Status,Closed,Medium,true,,34.1,BR-013,E-0132,false
RB-CS-005052,RB-C-02388-1,RB-FA-005296,2025-09-29T11:49:01.000Z,,Chat,Card Dispute,Unrecognized Charge,Open,Low,true,,8.0,BR-013,E-0135,false
RB-CS-005053,RB-C-02389-1,RB-FA-005297,2025-03-31T14:58:33.000Z,2025-03-31T11:18:47.000Z,Mobile App,Account Access,Password Reset,Closed,High,true,5,8.9,BR-010,E-0084,false
RB-CS-005054,RB-C-02389-1,RB-FA-005298,2025-06-23T11:21:49.000Z,2025-06-23T10:39:46.000Z,Voice,Account Access,MFA,Closed,High,true,,7.5,BR-010,E-0073,true
RB-CS-005055,RB-C-02389-1,RB-FA-005298,2025-11-21T09:11:03.000Z,2025-11-21T19:14:32.000Z,Voice,Fee Inquiry,Monthly Maintenance,Closed,Low,true,,6.8,BR-010,E-0070,false
RB-CS-005056,RB-C-02390-1,RB-FA-005300,2025-03-31T19:19:15.000Z,2025-03-31T14:25:35.000Z,Mobile App,Account Access,Password Reset,Closed,Medium,true,,12.7,BR-011,E-0076,false
RB-CS-005057,RB-C-02390-1,RB-FA-005301,2026-06-09T11:39:00.000Z,2026-06-09T13:01:53.000Z,Chat,Fraud,Account Takeover,Closed,Medium,true,2,7.9,BR-011,E-0137,false
RB-CS-005058,RB-C-02390-1,RB-FA-005301,2025-05-12T12:14:45.000Z,2025-05-19T14:00:41.000Z,Voice,Product Question,Rates,Closed,Medium,false,3,12.7,BR-011,E-0092,true
RB-CS-005059,RB-C-02390-1,RB-FA-005301,2025-10-02T12:17:25.000Z,2025-10-02T13:19:19.000Z,Voice,Product Question,Rates,Closed,Low,true,5,6.5,BR-011,E-0064,true
RB-CS-005060,RB-C-02390-1,RB-FA-005301,2024-11-14T19:13:50.000Z,2024-11-14T12:08:15.000Z,Voice,Product Question,Rates,Closed,High,true,,9.1,BR-011,E-0119,false
RB-CS-005061,RB-C-02391-1,RB-FA-005302,2025-10-11T14:14:00.000Z,2025-10-16T15:34:06.000Z,Mobile App,Account Access,Password Reset,Closed,Low,false,,6.5,BR-012,E-0132,true
RB-CS-005062,RB-C-02391-1,RB-FA-005303,2026-04-08T09:10:21.000Z,2026-04-08T07:03:58.000Z,Voice,Account Access,MFA,Closed,Medium,true,,4.2,BR-012,E-0071,false
RB-CS-005063,RB-C-02392-1,RB-FA-005304,2025-06-05T17:46:39.000Z,2025-06-05T09:32:57.000Z,Voice,Product Question,Rates,Closed,Medium,true,5,18.1,BR-016,E-0139,false
RB-CS-005064,RB-C-02392-1,RB-FA-005304,2025-02-15T14:35:07.000Z,2025-02-15T18:01:42.000Z,Email,Account Access,MFA,Closed,Low,true,3,39.1,BR-016,E-0135,false
RB-CS-005065,RB-C-02392-1,RB-FA-005304,2025-12-19T13:31:58.000Z,2025-12-27T11:55:28.000Z,Voice,Fee Inquiry,Overdraft Fee,Closed,Low,false,2,14.7,BR-016,E-0118,false
RB-CS-005066,RB-C-02392-1,RB-FA-005304,2024-10-21T13:49:16.000Z,2024-10-21T18:41:02.000Z,Chat,Account Access,Locked Account,Closed,Low,true,3,21.6,BR-016,E-0068,true
RB-CS-005067,RB-C-02392-1,RB-FA-005305,2024-09-11T14:38:12.000Z,,Voice,Card Dispute,Unrecognized Charge,In Progress,Low,true,,9.9,BR-016,E-0116,false
RB-CS-005068,RB-C-02392-1,RB-FA-005305,2025-05-16T10:29:55.000Z,2025-05-16T11:59:53.000Z,Voice,Payments,Failed Transfer,Closed,Medium,true,,20.7,BR-016,E-0103,true
RB-CS-005069,RB-C-02392-1,RB-FA-005305,2025-08-26T16:57:49.000Z,2025-08-26T19:04:17.000Z,Chat,Fee Inquiry,ATM Fee,Closed,Low,true,,17.3,BR-016,E-0130,false
RB-CS-005070,RB-C-02392-1,RB-FA-005305,2026-05-21T11:47:34.000Z,2026-05-21T17:50:27.000Z,Mobile App,Account Access,Password Reset,Closed,Low,true,3,14.7,BR-016,E-0094,false
RB-CS-005071,RB-C-02392-1,RB-FA-005306,2026-03-08T09:26:50.000Z,2026-03-13T18:50:16.000Z,Chat,Product Question,Rates,Closed,Low,false,5,12.6,BR-016,E-0084,false
RB-CS-005072,RB-C-02393-1,RB-FA-005308,2024-12-12T18:48:31.000Z,2024-12-12T09:11:12.000Z,Email,Payments,Wire Status,Closed,Medium,true,2,43.9,BR-029,E-0093,false
RB-CS-005073,RB-C-02397-1,RB-FA-005316,2025-11-24T17:05:47.000Z,2025-11-24T09:32:01.000Z,Voice,Account Access,Password Reset,Closed,Medium,true,5,12.7,BR-001,E-0103,true
RB-CS-005074,RB-C-02398-1,RB-FA-005317,2025-07-24T09:42:13.000Z,,Chat,Card Dispute,Unrecognized Charge,Escalated,High,false,2,14.8,BR-008,E-0073,true
RB-CS-005075,RB-C-02398-1,RB-FA-005317,2024-11-05T18:47:05.000Z,2024-11-05T15:33:15.000Z,Email,Fee Inquiry,ATM Fee,Closed,Medium,true,4,18.7,BR-008,E-0115,false
RB-CS-005076,RB-C-02401-1,RB-FA-005324,2025-12-03T19:17:14.000Z,2025-12-03T17:20:46.000Z,Voice,Product Question,Rates,Closed,Medium,true,,8.7,BR-026,E-0135,false
RB-CS-005077,RB-C-02403-1,RB-FA-005328,2024-11-27T17:20:46.000Z,2024-11-27T15:58:51.000Z,Email,Account Access,Password Reset,Closed,Low,true,,28.2,BR-003,E-0072,false
RB-CS-005078,RB-C-02403-1,RB-FA-005329,2026-06-28T09:49:15.000Z,2026-07-09T16:36:35.000Z,Email,Card Dispute,Merchant Refund,Closed,Medium,false,2,32.2,BR-003,E-0087,false
RB-CS-005079,RB-C-02403-1,RB-FA-005330,2025-09-16T14:18:44.000Z,2025-09-16T11:06:01.000Z,Chat,Payments,Wire Status,Closed,High,true,2,18.4,BR-003,E-0070,true
RB-CS-005080,RB-C-02403-1,RB-FA-005330,2025-03-20T10:44:23.000Z,2025-03-20T12:25:27.000Z,Email,Card Dispute,Duplicate Charge,Closed,High,true,4,24.5,BR-003,E-0089,false
RB-CS-005081,RB-C-02403-1,RB-FA-005330,2025-04-13T19:57:24.000Z,2025-04-13T08:13:58.000Z,Mobile App,Product Question,Eligibility,Closed,Low,true,,10.7,BR-003,E-0126,false
RB-CS-005082,RB-C-02403-1,RB-FA-005330,2025-06-08T07:04:01.000Z,2025-06-08T12:36:15.000Z,Chat,Fraud,Account Takeover,Closed,Low,true,,8.9,BR-003,E-0112,false
RB-CS-005083,RB-C-02404-1,RB-FA-005331,2025-12-03T15:22:48.000Z,,Mobile App,Fee Inquiry,ATM Fee,In Progress,Low,false,1,4.6,BR-027,E-0132,false
RB-CS-005084,RB-C-02404-1,RB-FA-005331,2026-05-24T14:11:21.000Z,2026-06-04T14:48:27.000Z,Email,Fee Inquiry,Monthly Maintenance,Closed,Low,false,,27.4,BR-027,E-0072,false
RB-CS-005085,RB-C-02404-1,RB-FA-005331,2025-03-22T11:56:46.000Z,2025-03-22T07:36:49.000Z,Chat,Product Question,Rates,Closed,Medium,true,,9.6,BR-027,E-0074,false
RB-CS-005086,RB-C-02404-1,RB-FA-005331,2025-12-17T11:50:19.000Z,2025-12-17T11:14:03.000Z,Chat,Fee Inquiry,ATM Fee,Closed,Low,true,5,9.0,BR-027,E-0083,false
RB-CS-005087,RB-C-02404-1,RB-FA-005332,2025-11-09T10:47:55.000Z,2025-11-09T09:16:03.000Z,Voice,Account Access,Password Reset,Closed,Medium,true,,8.9,BR-027,E-0121,false
RB-CS-005088,RB-C-02405-1,RB-FA-005335,2025-12-21T19:32:08.000Z,2025-12-21T17:21:08.000Z,Chat,Account Access,Password Reset,Closed,Low,true,5,15.9,BR-020,E-0119,false
RB-CS-005089,RB-C-02405-1,RB-FA-005336,2025-04-11T12:10:31.000Z,2025-04-24T15:51:56.000Z,Mobile App,Account Access,Password Reset,Closed,Low,false,2,9.4,BR-020,E-0090,false
RB-CS-005090,RB-C-02406-1,RB-FA-005338,2025-03-05T18:47:00.000Z,2025-03-05T17:56:41.000Z,Voice,Account Access,Locked Account,Closed,Low,true,5,13.3,BR-011,E-0136,true
RB-CS-005091,RB-C-02406-1,RB-FA-005339,2025-06-10T14:05:55.000Z,,Chat,Payments,Bill Pay,In Progress,Low,true,4,9.1,BR-011,E-0087,false
RB-CS-005092,RB-C-02406-1,RB-FA-005340,2025-09-28T17:20:55.000Z,2025-09-28T16:53:48.000Z,Mobile App,Fee Inquiry,Monthly Maintenance,Closed,High,true,3,9.0,BR-011,E-0065,false
RB-CS-005093,RB-C-02406-1,RB-FA-005340,2026-05-27T08:00:43.000Z,2026-05-27T14:12:59.000Z,Voice,Fee Inquiry,ATM Fee,Closed,Medium,true,4,9.4,BR-011,E-0067,false
RB-CS-005094,RB-C-02406-1,RB-FA-005340,2024-11-14T10:07:40.000Z,2024-11-14T09:44:00.000Z,Voice,Account Access,MFA,Closed,Low,true,4,13.6,BR-011,E-0139,true
RB-CS-005095,RB-C-02407-1,RB-FA-005341,2025-10-30T08:46:52.000Z,2025-10-30T09:51:32.000Z,Mobile App,Fraud,Card Compromised,Closed,Low,true,,12.3,BR-002,E-0103,true
RB-CS-005096,RB-C-02408-1,RB-FA-005343,2026-04-25T09:37:07.000Z,2026-04-25T15:15:53.000Z,Chat,Fee Inquiry,Overdraft Fee,Closed,Low,true,3,6.7,BR-009,E-0115,true
RB-CS-005097,RB-C-02409-1,RB-FA-005345,2026-07-17T18:18:20.000Z,2026-07-17T19:38:17.000Z,Chat,Account Access,Password Reset,Closed,Low,true,,19.6,BR-001,E-0115,false
RB-CS-005098,RB-C-02409-1,RB-FA-005346,2024-09-09T11:55:07.000Z,2024-09-09T19:29:39.000Z,Mobile App,Account Access,Locked Account,Closed,Low,true,4,9.2,BR-001,E-0112,true
RB-CS-005099,RB-C-02412-1,RB-FA-005352,2026-05-05T12:33:57.000Z,2026-05-12T19:49:02.000Z,Chat,Account Access,MFA,Closed,Medium,false,,27.2,BR-011,E-0062,false
RB-CS-005100,RB-C-02412-1,RB-FA-005353,2026-08-31T13:21:21.000Z,2026-08-31T08:03:36.000Z,Voice,Fee Inquiry,Monthly Maintenance,Closed,Medium,true,,9.6,BR-011,E-0080,false
RB-CS-005101,RB-C-02412-1,RB-FA-005353,2025-05-14T09:11:54.000Z,2025-06-02T16:14:50.000Z,Chat,Card Dispute,Merchant Refund,Closed,Medium,false,1,15.3,BR-011,E-0077,true
RB-CS-005102,RB-C-02412-1,RB-FA-005353,2025-03-25T17:25:52.000Z,2025-03-25T17:56:50.000Z,Voice,Fraud,Account Takeover,Closed,Medium,true,3,13.9,BR-011,E-0092,false
RB-CS-005103,RB-C-02412-1,RB-FA-005353,2025-12-19T12:24:19.000Z,,Mobile App,Card Dispute,Unrecognized Charge,Escalated,Low,false,5,5.3,BR-011,E-0061,false
RB-CS-005104,RB-C-02413-1,RB-FA-005354,2025-04-30T16:44:56.000Z,2025-05-18T13:47:46.000Z,Voice,Card Dispute,Merchant Refund,Closed,Medium,false,2,8.5,BR-028,E-0093,true
RB-CS-005105,RB-C-02413-1,RB-FA-005354,2025-01-08T14:24:37.000Z,2025-01-09T17:28:15.000Z,Chat,Product Question,Rates,Closed,Medium,false,,12.8,BR-028,E-0096,false
RB-CS-005106,RB-C-02413-1,RB-FA-005354,2025-03-04T07:04:41.000Z,2025-03-04T15:22:05.000Z,Chat,Payments,Bill Pay,Closed,Low,true,,15.8,BR-028,E-0094,false
RB-CS-005107,RB-C-02413-1,RB-FA-005354,2026-08-28T07:15:18.000Z,2026-08-28T17:45:57.000Z,Voice,Product Question,Eligibility,Closed,Low,true,4,10.2,BR-028,E-0128,false
RB-CS-005108,RB-C-02416-1,RB-FA-005359,2026-05-29T12:00:49.000Z,2026-05-29T15:43:35.000Z,Voice,Fraud,Account Takeover,Closed,Low,true,3,4.1,BR-018,E-0131,true
RB-CS-005109,RB-C-02416-1,RB-FA-005359,2025-09-27T19:37:12.000Z,2025-09-27T19:57:47.000Z,Voice,Card Dispute,Unrecognized Charge,Closed,Low,true,5,10.4,BR-018,E-0100,false
RB-CS-005110,RB-C-02416-1,RB-FA-005359,2025-02-27T09:42:28.000Z,2025-03-17T17:40:56.000Z,Email,Card Dispute,Unrecognized Charge,Closed,Medium,false,,41.3,BR-018,E-0139,false
RB-CS-005111,RB-C-02416-1,RB-FA-005359,2025-01-04T08:04:36.000Z,2025-01-04T07:57:58.000Z,Voice,Fee Inquiry,Monthly Maintenance,Closed,Medium,true,5,12.4,BR-018,E-0134,false
RB-CS-005112,RB-C-02417-1,RB-FA-005361,2026-08-08T12:16:23.000Z,2026-08-08T07:12:36.000Z,Email,Card Dispute,Duplicate Charge,Closed,Low,true,,24.8,BR-020,E-0083,true
RB-CS-005113,RB-C-02417-1,RB-FA-005361,2025-05-05T19:06:24.000Z,,Branch,Fee Inquiry,ATM Fee,In Progress,Medium,true,1,13.3,BR-020,E-0091,true
RB-CS-005114,RB-C-02417-1,RB-FA-005361,2025-09-20T19:44:59.000Z,,Mobile App,Fee Inquiry,ATM Fee,In Progress,Medium,false,,9.7,BR-020,E-0137,true
RB-CS-005115,RB-C-02417-1,RB-FA-005361,2026-02-21T07:32:38.000Z,2026-02-21T18:16:35.000Z,Chat,Fee Inquiry,ATM Fee,Closed,Low,true,4,13.1,BR-020,E-0127,false
RB-CS-005116,RB-C-02418-1,RB-FA-005362,2025-04-06T19:14:39.000Z,,Email,Card Dispute,Unrecognized Charge,Escalated,Low,false,5,27.1,BR-020,E-0085,false
RB-CS-005117,RB-C-02419-1,RB-FA-005364,2026-06-06T10:42:55.000Z,2026-06-06T17:09:35.000Z,Mobile App,Fraud,Card Compromised,Closed,Low,true,5,4.1,BR-014,E-0083,false
RB-CS-005118,RB-C-02420-1,RB-FA-005366,2026-07-11T07:14:40.000Z,2026-07-11T07:25:48.000Z,Voice,Account Access,Locked Account,Closed,Medium,true,,6.5,BR-007,E-0085,false
RB-CS-005119,RB-C-02420-1,RB-FA-005366,2026-08-14T15:59:50.000Z,2026-08-14T18:39:17.000Z,Voice,Fraud,Card Compromised,Closed,Medium,true,3,15.7,BR-007,E-0122,false
RB-CS-005120,RB-C-02420-1,RB-FA-005366,2025-11-11T19:55:52.000Z,2025-11-11T17:07:14.000Z,Voice,Product Question,Rates,Closed,Low,true,5,9.6,BR-007,E-0109,true
RB-CS-005121,RB-C-02421-1,RB-FA-005367,2024-10-29T12:58:09.000Z,2024-10-29T09:27:59.000Z,Voice,Card Dispute,Unrecognized Charge,Closed,Low,true,,16.1,BR-021,E-0075,false
RB-CS-005122,RB-C-02422-1,RB-FA-005368,2024-09-23T08:52:44.000Z,,Chat,Fee Inquiry,Overdraft Fee,In Progress,High,true,,11.2,BR-025,E-0083,false
RB-CS-005123,RB-C-02424-1,RB-FA-005373,2025-05-27T07:10:00.000Z,2025-05-27T07:57:24.000Z,Chat,Payments,Wire Status,Closed,High,true,,11.1,BR-003,E-0069,false
RB-CS-005124,RB-C-02425-1,RB-FA-005375,2025-10-31T08:10:49.000Z,2025-11-13T08:58:44.000Z,Email,Product Question,Rates,Closed,Medium,false,4,41.6,BR-001,E-0107,false
RB-CS-005125,RB-C-02426-1,RB-FA-005376,2025-12-27T19:22:59.000Z,2025-12-27T16:31:31.000Z,Chat,Product Question,Eligibility,Closed,Medium,true,,7.9,BR-014,E-0090,false
RB-CS-005126,RB-C-02426-1,RB-FA-005376,2025-04-17T17:41:27.000Z,2025-04-17T12:13:32.000Z,Voice,Card Dispute,Duplicate Charge,Closed,Medium,true,2,15.2,BR-014,E-0096,false
RB-CS-005127,RB-C-02426-1,RB-FA-005376,2025-09-08T10:25:28.000Z,2025-09-08T12:26:58.000Z,Email,Fraud,Card Compromised,Closed,Low,true,2,33.2,BR-014,E-0134,true
RB-CS-005128,RB-C-02426-1,RB-FA-005376,2025-01-30T12:58:02.000Z,2025-02-12T10:44:57.000Z,Voice,Card Dispute,Merchant Refund,Closed,Low,false,2,11.3,BR-014,E-0074,false
RB-CS-005129,RB-C-02426-1,RB-FA-005377,2026-08-11T16:48:48.000Z,2026-08-11T07:20:52.000Z,Chat,Fee Inquiry,Monthly Maintenance,Closed,Low,true,3,5.4,BR-014,E-0131,true
RB-CS-005130,RB-C-02427-1,RB-FA-005379,2026-03-27T12:41:03.000Z,2026-03-27T08:02:37.000Z,Chat,Payments,Bill Pay,Closed,Medium,true,5,6.6,BR-023,E-0131,true
RB-CS-005131,RB-C-02429-1,RB-FA-005382,2025-02-27T07:05:00.000Z,2025-02-27T14:36:01.000Z,Voice,Card Dispute,Merchant Refund,Closed,Medium,true,3,17.3,BR-019,E-0091,false
RB-CS-005132,RB-C-02429-1,RB-FA-005382,2026-03-22T12:22:46.000Z,2026-03-27T08:05:24.000Z,Branch,Fraud,Account Takeover,Closed,High,false,3,16.3,BR-019,E-0082,true
RB-CS-005133,RB-C-02429-1,RB-FA-005382,2024-11-30T14:48:43.000Z,2024-12-20T10:19:50.000Z,Mobile App,Card Dispute,Merchant Refund,Closed,Medium,false,1,15.4,BR-019,E-0105,true
RB-CS-005134,RB-C-02429-1,RB-FA-005382,2025-07-10T15:43:18.000Z,2025-07-10T11:32:47.000Z,Chat,Card Dispute,Unrecognized Charge,Closed,High,true,,6.1,BR-019,E-0067,false
RB-CS-005135,RB-C-02429-1,RB-FA-005383,2025-11-08T16:16:05.000Z,2025-11-08T10:49:22.000Z,Email,Account Access,MFA,Closed,Low,true,4,42.3,BR-019,E-0092,true
RB-CS-005136,RB-C-02430-1,RB-FA-005385,2024-11-24T19:35:55.000Z,2024-12-13T19:08:05.000Z,Branch,Account Access,Password Reset,Closed,Low,false,,33.2,BR-010,E-0124,true
RB-CS-005137,RB-C-02430-1,RB-FA-005385,2026-01-21T08:13:24.000Z,2026-01-21T16:00:18.000Z,Chat,Account Access,Locked Account,Closed,High,true,5,11.3,BR-010,E-0066,false
RB-CS-005138,RB-C-02430-1,RB-FA-005385,2026-01-02T12:51:17.000Z,2026-01-22T12:20:50.000Z,Chat,Card Dispute,Duplicate Charge,Closed,Low,false,,15.0,BR-010,E-0083,true
RB-CS-005139,RB-C-02430-1,RB-FA-005387,2025-08-27T14:55:46.000Z,,Voice,Fraud,Account Takeover,Escalated,Low,false,,8.0,BR-010,E-0068,false
RB-CS-005140,RB-C-02430-1,RB-FA-005387,2026-03-13T09:19:58.000Z,2026-03-17T10:17:18.000Z,Email,Account Access,Locked Account,Closed,Low,false,1,34.8,BR-010,E-0073,false
RB-CS-005141,RB-C-02430-1,RB-FA-005387,2024-10-15T09:35:39.000Z,2024-10-15T15:48:51.000Z,Chat,Payments,Bill Pay,Closed,Low,true,4,10.9,BR-010,E-0112,false
RB-CS-005142,RB-C-02430-1,RB-FA-005387,2025-03-11T18:43:24.000Z,2025-03-11T18:51:45.000Z,Branch,Fee Inquiry,Monthly Maintenance,Closed,Low,true,3,9.0,BR-010,E-0118,false
RB-CS-005143,RB-C-02431-1,RB-FA-005388,2026-05-30T18:09:57.000Z,,Email,Account Access,Locked Account,In Progress,Medium,true,2,44.5,BR-020,E-0075,false
RB-CS-005144,RB-C-02431-1,RB-FA-005388,2026-05-31T09:50:33.000Z,2026-05-31T12:19:03.000Z,Chat,Card Dispute,Unrecognized Charge,Closed,Low,true,,6.2,BR-020,E-0139,true
RB-CS-005145,RB-C-02431-1,RB-FA-005388,2026-08-30T09:49:13.000Z,2026-08-30T19:53:05.000Z,Chat,Card Dispute,Merchant Refund,Closed,Medium,true,,20.8,BR-020,E-0101,false
RB-CS-005146,RB-C-02431-1,RB-FA-005389,2026-06-21T17:49:15.000Z,2026-07-06T10:21:16.000Z,Voice,Fee Inquiry,ATM Fee,Closed,Medium,false,,6.4,BR-020,E-0122,false
RB-CS-005147,RB-C-02431-1,RB-FA-005389,2025-07-30T16:23:16.000Z,2025-07-30T16:11:34.000Z,Chat,Product Question,Rates,Closed,Low,true,,12.9,BR-020,E-0109,false
RB-CS-005148,RB-C-02431-1,RB-FA-005390,2025-05-15T15:47:17.000Z,2025-05-15T10:14:24.000Z,Mobile App,Fee Inquiry,Overdraft Fee,Closed,Low,true,5,14.3,BR-020,E-0092,false
RB-CS-005149,RB-C-02432-1,RB-FA-005393,2025-02-23T07:44:21.000Z,2025-02-23T10:22:48.000Z,Email,Account Access,Password Reset,Closed,Medium,true,,16.9,BR-014,E-0071,true
RB-CS-005150,RB-C-02432-1,RB-FA-005394,2025-12-11T08:37:01.000Z,2025-12-24T18:26:15.000Z,Voice,Product Question,Eligibility,Closed,Medium,false,,26.8,BR-014,E-0100,false
RB-CS-005151,RB-C-02434-1,RB-FA-005396,2025-05-28T14:10:57.000Z,2025-05-28T12:43:06.000Z,Mobile App,Card Dispute,Unrecognized Charge,Closed,High,true,,17.4,BR-002,E-0122,false
RB-CS-005152,RB-C-02434-1,RB-FA-005397,2026-03-31T17:08:51.000Z,2026-03-31T12:57:17.000Z,Voice,Account Access,Locked Account,Closed,Medium,true,5,20.1,BR-002,E-0118,false
RB-CS-005153,RB-C-02434-1,RB-FA-005397,2026-02-14T15:25:34.000Z,2026-02-14T16:45:14.000Z,Mobile App,Fee Inquiry,Monthly Maintenance,Closed,Low,true,,6.1,BR-002,E-0086,false
RB-CS-005154,RB-C-02434-1,RB-FA-005399,2024-11-11T11:11:53.000Z,2024-11-25T12:01:43.000Z,Email,Fraud,Account Takeover,Closed,Medium,false,,22.4,BR-002,E-0130,false
RB-CS-005155,RB-C-02434-1,RB-FA-005399,2024-09-02T08:58:31.000Z,,Branch,Account Access,MFA,In Progress,High,true,,5.8,BR-002,E-0093,false
RB-CS-005156,RB-C-02434-1,RB-FA-005399,2026-02-24T14:24:03.000Z,2026-03-12T10:02:35.000Z,Email,Card Dispute,Merchant Refund,Closed,Medium,false,5,91.5,BR-002,E-0071,false
RB-CS-005157,RB-C-02434-1,RB-FA-005399,2025-05-20T13:52:10.000Z,2025-05-26T13:48:57.000Z,Email,Fraud,Account Takeover,Closed,Medium,false,5,24.9,BR-002,E-0101,false
RB-CS-005158,RB-C-02435-1,RB-FA-005400,2025-06-09T08:25:44.000Z,2025-06-17T18:49:35.000Z,Voice,Card Dispute,Merchant Refund,Closed,Medium,false,2,16.1,BR-014,E-0125,false
RB-CS-005159,RB-C-02435-1,RB-FA-005400,2024-12-28T18:06:11.000Z,2024-12-28T11:28:39.000Z,Voice,Fraud,Account Takeover,Closed,Medium,true,1,15.2,BR-014,E-0111,false
RB-CS-005160,RB-C-02435-1,RB-FA-005401,2025-09-29T19:29:46.000Z,2025-10-11T16:19:45.000Z,Branch,Product Question,Rates,Closed,Medium,false,,18.2,BR-014,E-0092,false
RB-CS-005161,RB-C-02435-1,RB-FA-005402,2025-09-10T08:33:31.000Z,2025-09-24T15:39:36.000Z,Mobile App,Card Dispute,Merchant Refund,Closed,High,false,5,11.2,BR-014,E-0065,false
RB-CS-005162,RB-C-02435-1,RB-FA-005402,2024-11-17T15:25:04.000Z,2024-11-17T14:22:21.000Z,Chat,Product Question,Rates,Closed,Low,true,,11.2,BR-014,E-0125,false
RB-CS-005163,RB-C-02435-1,RB-FA-005403,2025-03-01T13:27:52.000Z,,Email,Fee Inquiry,Monthly Maintenance,Escalated,Low,false,,28.2,BR-014,E-0075,false
RB-CS-005164,RB-C-02436-1,RB-FA-005405,2025-08-30T15:14:27.000Z,2025-08-30T15:35:48.000Z,Voice,Payments,Wire Status,Closed,Low,true,1,10.3,BR-014,E-0076,true
RB-CS-005165,RB-C-02437-1,RB-FA-005408,2024-12-25T07:54:24.000Z,2024-12-25T19:19:42.000Z,Voice,Payments,Failed Transfer,Closed,Medium,true,,12.9,BR-002,E-0126,false
RB-CS-005166,RB-C-02437-1,RB-FA-005409,2025-05-28T15:59:36.000Z,2025-05-28T08:01:06.000Z,Voice,Account Access,MFA,Closed,Medium,true,5,10.9,BR-002,E-0140,true
RB-CS-005167,RB-C-02438-1,RB-FA-005410,2025-11-23T07:49:02.000Z,2025-12-13T16:43:20.000Z,Chat,Fraud,Card Compromised,Closed,Medium,false,5,12.0,BR-018,E-0082,false
RB-CS-005168,RB-C-02439-1,RB-FA-005412,2025-03-24T10:13:14.000Z,2025-03-27T10:45:03.000Z,Voice,Payments,Wire Status,Closed,Medium,false,,6.0,BR-005,E-0114,false
RB-CS-005169,RB-C-02440-1,RB-FA-005413,2025-02-07T18:52:48.000Z,2025-02-17T07:43:49.000Z,Voice,Card Dispute,Duplicate Charge,Closed,Low,false,,6.0,BR-014,E-0124,true
RB-CS-005170,RB-C-02441-1,RB-FA-005414,2025-01-03T18:16:30.000Z,2025-01-03T15:14:28.000Z,Voice,Product Question,Rates,Closed,Low,true,,9.4,BR-004,E-0066,false
RB-CS-005171,RB-C-02443-1,RB-FA-005417,2026-06-01T15:37:06.000Z,2026-06-01T07:06:48.000Z,Email,Fee Inquiry,ATM Fee,Closed,High,true,,18.7,BR-003,E-0113,false
RB-CS-005172,RB-C-02443-1,RB-FA-005418,2026-07-01T13:31:16.000Z,,Branch,Card Dispute,Duplicate Charge,In Progress,Medium,true,,6.4,BR-003,E-0094,true
RB-CS-005173,RB-C-02445-1,RB-FA-005421,2026-06-11T12:48:43.000Z,2026-06-11T12:58:41.000Z,Chat,Fee Inquiry,Monthly Maintenance,Closed,Medium,true,2,9.0,BR-004,E-0067,false
RB-CS-005174,RB-C-02445-1,RB-FA-005422,2024-11-30T13:00:08.000Z,2024-11-30T16:48:48.000Z,Voice,Fee Inquiry,ATM Fee,Closed,High,true,,12.2,BR-004,E-0095,false
RB-CS-005175,RB-C-02446-1,RB-FA-005423,2024-09-26T08:01:19.000Z,2024-09-26T18:10:28.000Z,Email,Product Question,Rates,Closed,Medium,true,2,23.1,BR-004,E-0062,false
RB-CS-005176,RB-C-02446-1,RB-FA-005423,2025-07-24T13:28:23.000Z,2025-07-25T16:52:28.000Z,Chat,Card Dispute,Duplicate Charge,Closed,Medium,false,5,13.6,BR-004,E-0103,false
RB-CS-005177,RB-C-02446-1,RB-FA-005423,2025-04-12T13:03:19.000Z,2025-04-12T15:16:35.000Z,Voice,Payments,Wire Status,Closed,Medium,true,,4.2,BR-004,E-0136,true
RB-CS-005178,RB-C-02446-1,RB-FA-005423,2026-06-10T07:18:22.000Z,2026-06-14T15:29:55.000Z,Voice,Account Access,Password Reset,Closed,Low,false,1,11.9,BR-004,E-0124,false
RB-CS-005179,RB-C-02446-1,RB-FA-005424,2025-05-19T09:31:17.000Z,,Voice,Card Dispute,Unrecognized Charge,Open,Low,true,,15.1,BR-004,E-0100,false
RB-CS-005180,RB-C-02447-1,RB-FA-005425,2025-07-04T15:44:54.000Z,2025-07-04T12:27:15.000Z,Chat,Account Access,Locked Account,Closed,Medium,true,3,28.2,BR-013,E-0136,false
RB-CS-005181,RB-C-02447-1,RB-FA-005425,2026-08-21T18:41:59.000Z,2026-08-21T18:45:19.000Z,Voice,Fee Inquiry,ATM Fee,Closed,Medium,true,,10.5,BR-013,E-0093,true
RB-CS-005182,RB-C-02447-1,RB-FA-005426,2024-12-25T12:39:45.000Z,2024-12-30T15:10:33.000Z,Voice,Card Dispute,Unrecognized Charge,Closed,Low,false,3,11.9,BR-013,E-0079,false
RB-CS-005183,RB-C-02447-1,RB-FA-005426,2025-07-31T13:30:39.000Z,2025-07-31T09:45:30.000Z,Chat,Account Access,MFA,Closed,Medium,true,,9.0,BR-013,E-0090,true
RB-CS-005184,RB-C-02447-1,RB-FA-005426,2026-07-10T15:20:45.000Z,2026-07-27T09:36:14.000Z,Voice,Account Access,MFA,Closed,Medium,false,1,16.6,BR-013,E-0105,false
RB-CS-005185,RB-C-02447-1,RB-FA-005426,2026-04-03T07:47:04.000Z,2026-04-03T17:30:39.000Z,Chat,Fee Inquiry,Monthly Maintenance,Closed,Medium,true,,5.2,BR-013,E-0105,false
RB-CS-005186,RB-C-02448-1,RB-FA-005427,2025-11-23T17:48:19.000Z,,Email,Account Access,Password Reset,Escalated,Low,false,,46.4,BR-001,E-0099,false
RB-CS-005187,RB-C-02449-1,RB-FA-005429,2024-09-03T10:21:25.000Z,2024-09-03T12:31:55.000Z,Chat,Card Dispute,Duplicate Charge,Closed,Medium,true,5,9.2,BR-018,E-0108,false
RB-CS-005188,RB-C-02450-1,RB-FA-005432,2026-07-18T17:44:12.000Z,,Voice,Fee Inquiry,Overdraft Fee,In Progress,Low,false,3,23.1,BR-023,E-0120,false
RB-CS-005189,RB-C-02451-1,RB-FA-005434,2025-07-29T13:15:10.000Z,,Chat,Card Dispute,Unrecognized Charge,Escalated,High,true,,9.0,BR-030,E-0123,true
RB-CS-005190,RB-C-02451-1,RB-FA-005434,2025-08-31T07:22:13.000Z,2025-08-31T15:41:29.000Z,Chat,Fee Inquiry,Overdraft Fee,Closed,Medium,true,,15.4,BR-030,E-0072,false
RB-CS-005191,RB-C-02451-1,RB-FA-005434,2026-07-17T14:08:23.000Z,,Branch,Fee Inquiry,Overdraft Fee,In Progress,Low,true,5,11.2,BR-030,E-0124,false
RB-CS-005192,RB-C-02451-1,RB-FA-005435,2025-04-10T16:38:13.000Z,2025-04-10T10:39:33.000Z,Branch,Account Access,Locked Account,Closed,Low,true,4,8.1,BR-030,E-0099,false
RB-CS-005193,RB-C-02453-1,RB-FA-005438,2026-07-26T08:57:04.000Z,2026-07-26T10:03:37.000Z,Voice,Fee Inquiry,Monthly Maintenance,Closed,High,true,3,6.9,BR-024,E-0087,false
RB-CS-005194,RB-C-02453-1,RB-FA-005438,2024-11-26T16:07:39.000Z,2024-11-26T10:20:06.000Z,Voice,Payments,Failed Transfer,Closed,Medium,true,,20.5,BR-024,E-0114,false
RB-CS-005195,RB-C-02454-1,RB-FA-005441,2025-11-19T11:35:33.000Z,2025-11-19T11:55:20.000Z,Voice,Fee Inquiry,ATM Fee,Closed,High,true,,20.5,BR-020,E-0123,false
RB-CS-005196,RB-C-02454-1,RB-FA-005441,2026-01-17T19:37:02.000Z,2026-01-17T11:04:27.000Z,Branch,Account Access,MFA,Closed,Medium,true,,7.7,BR-020,E-0065,true
RB-CS-005197,RB-C-02455-1,RB-FA-005442,2025-05-04T10:29:27.000Z,2025-05-21T18:05:49.000Z,Chat,Fee Inquiry,ATM Fee,Closed,Low,false,,6.0,BR-027,E-0073,true
RB-CS-005198,RB-C-02456-1,RB-FA-005445,2026-04-27T07:49:53.000Z,2026-04-27T13:27:45.000Z,Email,Product Question,Rates,Closed,Low,true,,14.5,BR-029,E-0077,false
RB-CS-005199,RB-C-02456-1,RB-FA-005446,2026-03-07T08:48:42.000Z,2026-03-07T16:02:08.000Z,Mobile App,Card Dispute,Unrecognized Charge,Closed,Medium,true,4,14.7,BR-029,E-0068,false
RB-CS-005200,RB-C-02457-1,RB-FA-005448,2024-09-30T15:40:21.000Z,2024-09-30T12:45:03.000Z,Chat,Fraud,Account Takeover,Closed,High,true,,6.8,BR-010,E-0113,true
RB-CS-005201,RB-C-02457-1,RB-FA-005448,2025-06-23T15:33:07.000Z,2025-07-11T13:21:19.000Z,Chat,Card Dispute,Duplicate Charge,Closed,Low,false,,11.4,BR-010,E-0095,true
RB-CS-005202,RB-C-02457-1,RB-FA-005448,2025-08-19T17:14:53.000Z,2025-08-27T14:56:01.000Z,Voice,Fee Inquiry,Monthly Maintenance,Closed,Medium,false,2,30.8,BR-010,E-0134,true
RB-CS-005203,RB-C-02457-1,RB-FA-005448,2025-12-12T17:06:20.000Z,2025-12-12T08:56:27.000Z,Voice,Product Question,Rates,Closed,High,true,,9.0,BR-010,E-0070,false
RB-CS-005204,RB-C-02457-1,RB-FA-005451,2025-04-21T10:14:39.000Z,2025-04-21T12:38:15.000Z,Voice,Payments,Failed Transfer,Closed,High,true,,14.6,BR-010,E-0110,false
RB-CS-005205,RB-C-02461-1,RB-FA-005457,2025-10-20T15:49:51.000Z,2025-10-20T12:28:09.000Z,Email,Product Question,Eligibility,Closed,Medium,true,,19.9,BR-001,E-0098,false
RB-CS-005206,RB-C-02462-1,RB-FA-005460,2025-07-08T09:38:01.000Z,2025-07-17T10:38:58.000Z,Voice,Card Dispute,Unrecognized Charge,Closed,Low,false,5,38.0,BR-008,E-0094,false
RB-CS-005207,RB-C-02462-1,RB-FA-005460,2025-06-05T15:54:04.000Z,2025-06-05T08:33:05.000Z,Email,Product Question,Eligibility,Closed,Low,true,4,27.6,BR-008,E-0132,true
RB-CS-005208,RB-C-02463-1,RB-FA-005462,2024-12-08T14:50:52.000Z,2024-12-08T14:00:57.000Z,Chat,Account Access,MFA,Closed,Low,true,,11.6,BR-016,E-0068,false
RB-CS-005209,RB-C-02464-1,RB-FA-005463,2025-09-20T12:34:37.000Z,2025-09-20T14:14:59.000Z,Chat,Payments,Failed Transfer,Closed,Low,true,4,20.2,BR-029,E-0071,true
RB-CS-005210,RB-C-02464-1,RB-FA-005464,2024-11-23T07:26:23.000Z,2024-11-23T18:59:39.000Z,Email,Account Access,Locked Account,Closed,Low,true,5,30.8,BR-029,E-0089,true
RB-CS-005211,RB-C-02464-1,RB-FA-005465,2025-12-07T19:44:58.000Z,2025-12-07T19:13:41.000Z,Chat,Payments,Wire Status,Closed,High,true,5,11.0,BR-029,E-0113,false
RB-CS-005212,RB-C-02466-1,RB-FA-005468,2026-08-07T12:02:16.000Z,2026-08-07T08:28:07.000Z,Chat,Card Dispute,Merchant Refund,Closed,Medium,true,,16.6,BR-006,E-0075,false
RB-CS-005213,RB-C-02466-1,RB-FA-005469,2026-08-21T19:10:30.000Z,2026-08-21T08:56:20.000Z,Chat,Fee Inquiry,Overdraft Fee,Closed,Medium,true,3,7.7,BR-006,E-0132,true
RB-CS-005214,RB-C-02468-1,RB-FA-005471,2024-12-30T10:38:10.000Z,2025-01-10T13:46:00.000Z,Voice,Card Dispute,Duplicate Charge,Closed,Low,false,2,13.2,BR-003,E-0068,false
RB-CS-005215,RB-C-02468-1,RB-FA-005471,2026-06-11T12:17:37.000Z,2026-06-11T10:15:25.000Z,Mobile App,Fee Inquiry,ATM Fee,Closed,Medium,true,,8.0,BR-003,E-0105,false
RB-CS-005216,RB-C-02468-1,RB-FA-005471,2025-04-05T16:26:30.000Z,2025-04-05T11:44:19.000Z,Mobile App,Card Dispute,Duplicate Charge,Closed,Low,true,,13.8,BR-003,E-0138,false
RB-CS-005217,RB-C-02468-1,RB-FA-005471,2026-04-05T10:16:06.000Z,,Voice,Product Question,Eligibility,Escalated,High,true,3,10.8,BR-003,E-0064,true
RB-CS-005218,RB-C-02468-1,RB-FA-005472,2024-11-29T11:27:59.000Z,2024-11-29T11:12:32.000Z,Email,Payments,Failed Transfer,Closed,Medium,true,2,43.0,BR-003,E-0112,true
RB-CS-005219,RB-C-02469-1,RB-FA-005473,2025-01-09T17:19:57.000Z,2025-01-09T14:34:46.000Z,Chat,Account Access,MFA,Closed,Medium,true,,5.3,BR-017,E-0140,false
RB-CS-005220,RB-C-02469-1,RB-FA-005474,2025-04-09T11:58:29.000Z,2025-04-09T14:36:12.000Z,Email,Fraud,Account Takeover,Closed,Low,true,5,19.4,BR-017,E-0061,false
RB-CS-005221,RB-C-02469-1,RB-FA-005474,2025-10-10T07:00:14.000Z,2025-10-10T11:53:46.000Z,Chat,Payments,Bill Pay,Closed,Medium,true,5,8.7,BR-017,E-0112,true
RB-CS-005222,RB-C-02469-1,RB-FA-005474,2025-08-12T13:23:28.000Z,2025-08-27T11:17:04.000Z,Email,Card Dispute,Duplicate Charge,Closed,Medium,false,,20.1,BR-017,E-0064,false
RB-CS-005223,RB-C-02469-1,RB-FA-005475,2025-06-18T16:18:31.000Z,2025-06-18T12:57:05.000Z,Chat,Card Dispute,Merchant Refund,Closed,Medium,true,,16.1,BR-017,E-0121,true
RB-CS-005224,RB-C-02469-1,RB-FA-005475,2024-09-02T16:32:15.000Z,2024-09-17T13:38:37.000Z,Mobile App,Card Dispute,Unrecognized Charge,Closed,Low,false,2,5.7,BR-017,E-0128,true
RB-CS-005225,RB-C-02470-1,RB-FA-005476,2025-05-20T16:42:03.000Z,2025-05-20T10:40:00.000Z,Voice,Fee Inquiry,Overdraft Fee,Closed,Medium,true,5,10.8,BR-010,E-0084,true
RB-CS-005226,RB-C-02470-1,RB-FA-005476,2026-05-22T14:29:15.000Z,,Voice,Payments,Bill Pay,In Progress,Medium,true,,5.9,BR-010,E-0072,false
RB-CS-005227,RB-C-02470-1,RB-FA-005476,2025-04-18T16:04:05.000Z,2025-04-18T19:15:56.000Z,Voice,Card Dispute,Duplicate Charge,Closed,Low,true,,10.4,BR-010,E-0130,true
RB-CS-005228,RB-C-02472-1,RB-FA-005481,2025-09-27T12:31:21.000Z,2025-09-27T08:14:13.000Z,Branch,Payments,Bill Pay,Closed,Medium,true,4,13.6,BR-013,E-0098,false
RB-CS-005229,RB-C-02473-1,RB-FA-005483,2025-01-22T16:39:08.000Z,2025-02-11T18:56:34.000Z,Voice,Card Dispute,Unrecognized Charge,Closed,Low,false,4,24.3,BR-008,E-0124,false
RB-CS-005230,RB-C-02474-1,RB-FA-005484,2026-03-06T16:10:45.000Z,2026-03-06T08:56:43.000Z,Email,Card Dispute,Unrecognized Charge,Closed,Low,true,,38.8,BR-004,E-0094,false
RB-CS-005231,RB-C-02474-1,RB-FA-005484,2025-10-10T09:10:13.000Z,2025-10-27T13:54:50.000Z,Mobile App,Product Question,Rates,Closed,Low,false,,9.1,BR-004,E-0133,false
RB-CS-005232,RB-C-02474-1,RB-FA-005485,2026-02-14T12:00:57.000Z,2026-02-14T16:44:35.000Z,Branch,Account Access,MFA,Closed,Medium,true,4,14.2,BR-004,E-0064,false
RB-CS-005233,RB-C-02474-1,RB-FA-005485,2025-08-26T11:51:46.000Z,,Voice,Product Question,Eligibility,Escalated,High,true,,5.9,BR-004,E-0128,false
RB-CS-005234,RB-C-02474-1,RB-FA-005486,2026-04-21T16:31:16.000Z,2026-04-21T14:38:49.000Z,Voice,Card Dispute,Unrecognized Charge,Closed,Low,true,3,6.4,BR-004,E-0113,false
RB-CS-005235,RB-C-02475-1,RB-FA-005487,2026-07-03T18:12:58.000Z,2026-07-03T08:09:00.000Z,Chat,Fraud,Card Compromised,Closed,Low,true,5,11.8,BR-019,E-0096,false
RB-CS-005236,RB-C-02475-1,RB-FA-005488,2026-04-18T15:15:26.000Z,2026-05-03T16:43:41.000Z,Mobile App,Payments,Failed Transfer,Closed,Medium,false,,3.9,BR-019,E-0092,true
RB-CS-005237,RB-C-02476-1,RB-FA-005490,2024-09-16T08:13:49.000Z,2024-09-16T09:12:18.000Z,Branch,Product Question,Rates,Closed,Low,true,,16.6,BR-028,E-0113,true
RB-CS-005238,RB-C-02477-1,RB-FA-005492,2024-09-27T11:20:38.000Z,2024-09-27T13:57:30.000Z,Branch,Product Question,Eligibility,Closed,High,true,,10.8,BR-024,E-0128,false
RB-CS-005239,RB-C-02477-1,RB-FA-005493,2026-01-02T17:51:23.000Z,2026-01-02T15:12:01.000Z,Chat,Account Access,Locked Account,Closed,High,true,,25.9,BR-024,E-0127,true
RB-CS-005240,RB-C-02477-1,RB-FA-005493,2026-08-29T08:56:29.000Z,2026-08-29T08:35:07.000Z,Mobile App,Payments,Bill Pay,Closed,Low,true,,10.7,BR-024,E-0107,false
RB-CS-005241,RB-C-02477-1,RB-FA-005493,2026-07-31T07:29:07.000Z,2026-07-31T07:23:10.000Z,Voice,Payments,Bill Pay,Closed,Medium,true,5,23.8,BR-024,E-0062,false
RB-CS-005242,RB-C-02477-1,RB-FA-005493,2025-06-07T14:00:46.000Z,2025-06-07T07:15:25.000Z,Chat,Fee Inquiry,Overdraft Fee,Closed,Medium,true,,14.5,BR-024,E-0120,false
RB-CS-005243,RB-C-02478-1,RB-FA-005495,2024-10-23T17:21:13.000Z,2024-11-04T18:06:35.000Z,Chat,Payments,Wire Status,Closed,Low,false,2,9.3,BR-024,E-0097,false
RB-CS-005244,RB-C-02478-1,RB-FA-005495,2024-11-25T12:36:28.000Z,2024-11-28T09:47:09.000Z,Chat,Account Access,Locked Account,Closed,Low,false,,8.7,BR-024,E-0138,true
RB-CS-005245,RB-C-02478-1,RB-FA-005496,2024-09-19T15:31:52.000Z,,Voice,Fee Inquiry,Monthly Maintenance,Open,High,false,4,8.4,BR-024,E-0090,true
RB-CS-005246,RB-C-02479-1,RB-FA-005497,2025-11-07T14:42:04.000Z,2025-11-07T10:32:32.000Z,Voice,Account Access,Locked Account,Closed,Medium,true,,8.4,BR-013,E-0112,false
RB-CS-005247,RB-C-02479-1,RB-FA-005497,2025-06-21T08:19:04.000Z,2025-06-21T08:23:18.000Z,Chat,Fee Inquiry,Overdraft Fee,Closed,Medium,true,,14.0,BR-013,E-0074,false
RB-CS-005248,RB-C-02479-1,RB-FA-005498,2025-12-05T18:44:13.000Z,2025-12-07T13:11:57.000Z,Email,Fee Inquiry,Monthly Maintenance,Closed,Low,false,2,42.5,BR-013,E-0134,true
RB-CS-005249,RB-C-02482-1,RB-FA-005501,2025-09-09T10:15:18.000Z,2025-09-09T09:28:00.000Z,Voice,Card Dispute,Unrecognized Charge,Closed,Medium,true,4,7.5,BR-009,E-0096,true
RB-CS-005250,RB-C-02482-1,RB-FA-005502,2025-01-07T09:02:23.000Z,2025-01-07T19:14:20.000Z,Email,Payments,Failed Transfer,Closed,High,true,,27.1,BR-009,E-0083,false
RB-CS-005251,RB-C-02483-1,RB-FA-005504,2025-10-04T09:28:27.000Z,2025-10-04T15:17:27.000Z,Voice,Fraud,Account Takeover,Closed,Low,true,,4.6,BR-009,E-0061,false
RB-CS-005252,RB-C-02484-1,RB-FA-005506,2025-08-05T18:12:59.000Z,2025-08-05T17:40:01.000Z,Branch,Fraud,Account Takeover,Closed,Low,true,5,9.1,BR-009,E-0062,true
RB-CS-005253,RB-C-02484-1,RB-FA-005506,2025-02-10T09:04:16.000Z,2025-02-15T16:12:27.000Z,Voice,Account Access,Locked Account,Closed,Low,false,4,6.1,BR-009,E-0129,true
RB-CS-005254,RB-C-02485-1,RB-FA-005508,2024-12-12T08:22:22.000Z,2024-12-12T13:50:29.000Z,Voice,Payments,Wire Status,Closed,Medium,true,5,10.6,BR-011,E-0104,false
RB-CS-005255,RB-C-02486-1,RB-FA-005509,2026-08-17T19:52:47.000Z,2026-08-22T10:01:52.000Z,Voice,Fee Inquiry,Monthly Maintenance,Closed,Medium,false,4,10.2,BR-012,E-0095,false
RB-CS-005256,RB-C-02487-1,RB-FA-005511,2025-04-12T12:57:44.000Z,2025-04-12T07:09:27.000Z,Email,Account Access,Locked Account,Closed,Medium,true,,24.4,BR-003,E-0074,false
RB-CS-005257,RB-C-02487-1,RB-FA-005512,2024-11-02T12:36:53.000Z,2024-11-02T15:16:41.000Z,Mobile App,Payments,Failed Transfer,Closed,Low,true,4,6.9,BR-003,E-0081,false
RB-CS-005258,RB-C-02488-1,RB-FA-005514,2024-09-14T16:51:34.000Z,2024-09-14T07:31:38.000Z,Chat,Fee Inquiry,Overdraft Fee,Closed,Low,true,5,6.2,BR-009,E-0068,true
RB-CS-005259,RB-C-02488-1,RB-FA-005514,2026-08-22T07:22:45.000Z,2026-08-31T16:12:12.000Z,Chat,Account Access,Password Reset,Closed,Medium,false,1,11.5,BR-009,E-0116,true
RB-CS-005260,RB-C-02488-1,RB-FA-005514,2025-05-31T12:41:29.000Z,2025-05-31T17:06:03.000Z,Voice,Payments,Wire Status,Closed,Low,true,,18.2,BR-009,E-0140,false
RB-CS-005261,RB-C-02488-1,RB-FA-005516,2026-04-21T12:29:59.000Z,2026-04-21T11:46:13.000Z,Email,Product Question,Rates,Closed,Low,true,3,30.6,BR-009,E-0095,true
RB-CS-005262,RB-C-02489-1,RB-FA-005517,2024-10-09T11:02:10.000Z,2024-10-09T17:23:09.000Z,Mobile App,Account Access,Password Reset,Closed,Low,true,,3.7,BR-026,E-0137,false
RB-CS-005263,RB-C-02489-1,RB-FA-005517,2026-06-17T09:53:55.000Z,2026-06-17T16:59:16.000Z,Voice,Payments,Failed Transfer,Closed,Low,true,5,21.0,BR-026,E-0112,false
RB-CS-005264,RB-C-02489-1,RB-FA-005517,2026-06-18T15:55:18.000Z,2026-06-23T17:31:04.000Z,Mobile App,Card Dispute,Unrecognized Charge,Closed,Medium,false,3,8.1,BR-026,E-0119,false
RB-CS-005265,RB-C-02489-1,RB-FA-005517,2026-07-30T13:53:25.000Z,2026-07-30T18:31:31.000Z,Voice,Account Access,MFA,Closed,High,true,3,13.6,BR-026,E-0077,true
RB-CS-005266,RB-C-02491-1,RB-FA-005521,2025-12-10T12:46:51.000Z,2025-12-26T09:35:56.000Z,Chat,Payments,Bill Pay,Closed,Low,false,2,16.0,BR-029,E-0102,true
RB-CS-005267,RB-C-02491-1,RB-FA-005521,2025-08-26T08:49:35.000Z,2025-08-29T17:52:33.000Z,Chat,Account Access,Password Reset,Closed,Medium,false,,18.9,BR-029,E-0072,true
RB-CS-005268,RB-C-02492-1,RB-FA-005522,2026-05-15T13:43:38.000Z,2026-05-19T17:27:37.000Z,Mobile App,Card Dispute,Duplicate Charge,Closed,Medium,false,3,6.4,BR-011,E-0138,false
RB-CS-005269,RB-C-02492-1,RB-FA-005522,2025-04-12T13:41:15.000Z,2025-04-12T10:55:16.000Z,Chat,Product Question,Rates,Closed,Low,true,,28.1,BR-011,E-0074,false
RB-CS-005270,RB-C-02492-1,RB-FA-005522,2024-10-26T16:46:20.000Z,2024-10-26T09:37:23.000Z,Branch,Account Access,Password Reset,Closed,Medium,true,,12.1,BR-011,E-0066,true
RB-CS-005271,RB-C-02492-1,RB-FA-005522,2025-06-15T10:13:31.000Z,2025-06-27T11:23:24.000Z,Voice,Fee Inquiry,Overdraft Fee,Closed,Medium,false,,18.0,BR-011,E-0076,false
RB-CS-005272,RB-C-02492-1,RB-FA-005523,2025-10-22T17:17:22.000Z,2025-10-22T12:25:53.000Z,Voice,Fee Inquiry,Monthly Maintenance,Closed,High,true,,12.8,BR-011,E-0116,true
RB-CS-005273,RB-C-02492-1,RB-FA-005523,2025-08-07T09:56:07.000Z,2025-08-22T09:01:42.000Z,Voice,Payments,Wire Status,Closed,Medium,false,,12.6,BR-011,E-0112,true
RB-CS-005274,RB-C-02492-1,RB-FA-005524,2026-05-28T16:45:15.000Z,2026-05-28T16:21:35.000Z,Voice,Card Dispute,Merchant Refund,Closed,Medium,true,1,7.6,BR-011,E-0127,true
RB-CS-005275,RB-C-02492-1,RB-FA-005525,2025-04-26T08:09:22.000Z,2025-04-26T16:48:09.000Z,Chat,Fee Inquiry,Overdraft Fee,Closed,High,true,5,10.6,BR-011,E-0132,false
RB-CS-005276,RB-C-02493-1,RB-FA-005526,2026-07-16T08:49:35.000Z,2026-07-16T18:14:43.000Z,Branch,Account Access,Password Reset,Closed,Medium,true,,9.6,BR-012,E-0125,false
RB-CS-005277,RB-C-02494-1,RB-FA-005528,2025-01-29T08:33:53.000Z,2025-02-04T09:22:36.000Z,Voice,Card Dispute,Duplicate Charge,Closed,Low,false,,6.2,BR-007,E-0133,true
RB-CS-005278,RB-C-02494-1,RB-FA-005528,2025-04-19T09:46:56.000Z,2025-05-06T09:28:52.000Z,Chat,Fee Inquiry,Monthly Maintenance,Closed,Low,false,4,9.0,BR-007,E-0071,false
RB-CS-005279,RB-C-02494-1,RB-FA-005529,2025-05-07T18:17:01.000Z,,Voice,Fee Inquiry,ATM Fee,Escalated,Medium,true,,20.6,BR-007,E-0085,false
RB-CS-005280,RB-C-02495-1,RB-FA-005530,2025-06-17T15:15:45.000Z,2025-06-17T07:31:28.000Z,Mobile App,Product Question,Eligibility,Closed,Low,true,,5.8,BR-007,E-0131,true
RB-CS-005281,RB-C-02496-1,RB-FA-005533,2024-12-26T15:42:16.000Z,2024-12-26T17:07:44.000Z,Email,Fee Inquiry,Monthly Maintenance,Closed,Low,true,,20.1,BR-013,E-0122,false
RB-CS-005282,RB-C-02497-1,RB-FA-005534,2026-02-02T07:27:12.000Z,2026-02-09T16:39:11.000Z,Voice,Account Access,MFA,Closed,Low,false,,17.3,BR-006,E-0091,false
RB-CS-005283,RB-C-02497-1,RB-FA-005535,2026-04-09T15:24:59.000Z,2026-04-11T09:35:36.000Z,Branch,Account Access,Locked Account,Closed,Low,false,1,9.5,BR-006,E-0092,true
RB-CS-005284,RB-C-02498-1,RB-FA-005536,2025-11-08T13:05:38.000Z,2025-11-08T11:43:11.000Z,Chat,Fee Inquiry,Overdraft Fee,Closed,Low,true,,9.9,BR-026,E-0109,true
RB-CS-005285,RB-C-02498-1,RB-FA-005536,2024-10-06T09:17:56.000Z,2024-10-06T19:23:50.000Z,Email,Card Dispute,Duplicate Charge,Closed,Medium,true,1,28.9,BR-026,E-0073,true
RB-CS-005286,RB-C-02498-1,RB-FA-005537,2025-03-02T07:14:06.000Z,2025-03-02T10:56:51.000Z,Voice,Product Question,Rates,Closed,Medium,true,,21.3,BR-026,E-0076,false
RB-CS-005287,RB-C-02498-1,RB-FA-005539,2026-01-20T15:31:09.000Z,2026-01-20T11:18:19.000Z,Mobile App,Account Access,Password Reset,Closed,Medium,true,4,5.2,BR-026,E-0105,false
RB-CS-005288,RB-C-02499-1,RB-FA-005540,2025-01-17T12:48:30.000Z,2025-01-17T17:42:22.000Z,Chat,Account Access,MFA,Closed,Medium,true,,11.7,BR-013,E-0088,false
RB-CS-005289,RB-C-02499-1,RB-FA-005540,2025-10-22T17:33:22.000Z,2025-11-03T10:54:04.000Z,Voice,Card Dispute,Merchant Refund,Closed,Medium,false,1,7.8,BR-013,E-0111,false
RB-CS-005290,RB-C-02499-1,RB-FA-005540,2024-12-18T09:54:09.000Z,2024-12-29T15:20:26.000Z,Chat,Card Dispute,Unrecognized Charge,Closed,Medium,false,1,5.3,BR-013,E-0103,false
RB-CS-005291,RB-C-02499-1,RB-FA-005541,2026-02-05T07:05:07.000Z,2026-02-05T14:08:33.000Z,Branch,Fee Inquiry,Overdraft Fee,Closed,Low,true,5,7.3,BR-013,E-0111,false
RB-CS-005292,RB-C-02499-1,RB-FA-005541,2025-08-04T18:58:00.000Z,2025-08-09T19:43:17.000Z,Mobile App,Account Access,Password Reset,Closed,Low,false,1,11.8,BR-013,E-0128,false
RB-CS-005293,RB-C-02499-1,RB-FA-005541,2026-05-16T14:15:52.000Z,2026-05-21T16:50:45.000Z,Chat,Card Dispute,Duplicate Charge,Closed,Medium,false,,5.7,BR-013,E-0082,false
RB-CS-005294,RB-C-02500-1,RB-FA-005542,2025-05-22T12:09:59.000Z,2025-05-22T11:52:56.000Z,Email,Account Access,MFA,Closed,Medium,true,,9.0,BR-021,E-0139,false
RB-CS-005295,RB-C-02500-1,RB-FA-005544,2026-01-17T07:24:57.000Z,2026-01-17T19:24:24.000Z,Chat,Account Access,MFA,Closed,Low,true,,6.2,BR-021,E-0121,true
RB-CS-005296,RB-C-00001-1,RB-FA-000001,2026-08-19T09:14:00.000Z,2026-08-19T09:41:00.000Z,Voice,Card Dispute,Unrecognized Charge,Closed,High,true,5,27.0,BR-009,E-0107,true
