RequestId,ClientId,AssociateId,RequestType,CreatedDate,ClosedDate,Status,SLADays,CycleTimeDays,SLABreached,Channel,Priority,ClientName,ClientType,ClientTier,Region,RelationshipManagerName,ServiceAssociateName,IsQuarterEnd
AM-SR-000001,AM-CL-0024,E-0282,Data Feed Issue,2026-06-28,2026-06-29,Closed,2,1.26,false,Email,Medium,Granite University Endowment 24,Foundation,Standard,Mountain West,Grace Bailey,Julian Adams,false
AM-SR-000002,AM-CL-0105,E-0284,Data Feed Issue,2025-07-28,2025-08-01,Closed,2,4.93,true,Email,Medium,Northfield Community Foundation 105,Corporate Pension,Key,Midwest,Nina Scott,Iris Thomas,false
AM-SR-000003,AM-CL-0001,E-0279,Onboarding Document,2025-06-06,2025-06-08,Closed,7,2.36,false,Email,High,Lakeshore Employees Pension 1,Sub-Advisory,Strategic,Pacific,Wei Thomas,Ravi Campbell,false
AM-SR-000004,AM-CL-0092,E-0284,Compliance Attestation,2026-04-21,2026-05-03,Closed,10,12.55,true,Email,Low,Meridian Capital Partners 92,Public Pension,Key,Northeast,Noah Carter,Iris Thomas,false
AM-SR-000005,AM-CL-0104,E-0279,Fee Invoice Question,2025-04-05,2025-04-06,Closed,5,1.82,false,Email,Medium,Blue Ridge University Endowment 104,Sub-Advisory,Standard,Pacific,Owen Okafor,Ravi Campbell,true
AM-SR-000006,AM-CL-0006,E-0284,Performance Report,2024-12-16,2024-12-18,Closed,5,2.47,false,Email,Medium,Cascade Employees Pension 6,Family Office,Standard,APAC,Sofia Bailey,Iris Thomas,false
AM-SR-000007,AM-CL-0057,E-0281,Performance Report,2025-09-10,2025-09-12,Closed,5,2.97,false,Email,Medium,Lakeshore University Endowment 57,Sovereign,Standard,Mountain West,Luis Silva,Sofia Campbell,false
AM-SR-000008,AM-CL-0057,E-0281,Reconciliation,2025-05-17,2025-05-18,Closed,3,1.54,false,Email,Low,Lakeshore University Endowment 57,Sovereign,Standard,Mountain West,Luis Silva,Sofia Campbell,false
AM-SR-000009,AM-CL-0067,E-0275,Cash Movement,2026-08-15,2026-08-15,Closed,1,0.56,false,Portal,Low,Silverline Employees Pension 67,Public Pension,Key,Midwest,Leo King,Daniel Allen,false
AM-SR-000010,AM-CL-0136,E-0287,Onboarding Document,2025-07-10,2025-07-13,Closed,7,3.56,false,Email,Low,Summit University Endowment 136,Insurance GA,Key,APAC,Owen Okafor,Emma Allen,true
AM-SR-000011,AM-CL-0022,E-0273,Cash Movement,2026-03-07,2026-03-08,Closed,1,1.35,true,Email,Low,Northfield Mutual Insurance 22,Foundation,Key,EMEA,Iris Allen,Samuel Wright,false
AM-SR-000012,AM-CL-0082,E-0275,Reconciliation,2025-11-03,2025-11-09,Closed,3,6.59,true,Email,Medium,Harbor Sovereign Fund 82,Foundation,Key,APAC,Iris Allen,Daniel Allen,false
AM-SR-000013,AM-CL-0061,E-0290,Fee Invoice Question,2025-11-27,2025-12-04,Closed,5,7.18,true,Phone,High,Summit Sovereign Fund 61,Insurance GA,Key,Midwest,Iris Allen,Luis Ashford,false
AM-SR-000014,AM-CL-0065,E-0286,Reconciliation,2025-06-30,2025-07-05,Closed,3,5.39,true,Email,Low,Harbor Capital Partners 65,Foundation,Standard,Northeast,Iris Clark,Daniel Nguyen,false
AM-SR-000015,AM-CL-0004,E-0272,Reconciliation,2026-06-19,2026-06-22,Closed,3,3.97,true,Email,Low,Lakeshore Teachers Retirement 4,Sub-Advisory,Key,EMEA,Julian Collins,Aisha Green,false
AM-SR-000016,AM-CL-0132,E-0273,Fee Invoice Question,2025-11-09,2025-11-11,Closed,5,2.14,false,Email,Medium,Blue Ridge Teachers Retirement 132,Sovereign,Standard,APAC,Fatima Patel,Samuel Wright,false
AM-SR-000017,AM-CL-0127,E-0266,Reconciliation,2025-01-18,2025-01-22,Closed,3,4.14,true,Portal,Medium,Granite Community Foundation 127,Sovereign,Standard,APAC,Layla Carter,Ethan Roberts,false
AM-SR-000018,AM-CL-0023,E-0285,Performance Report,2025-01-05,2025-01-15,Closed,5,10.99,true,Phone,Medium,Harbor Community Foundation 23,Public Pension,Key,Midwest,Sofia Bailey,Aisha Ashford,true
AM-SR-000019,AM-CL-0119,E-0285,Performance Report,2025-04-24,2025-04-26,Closed,5,2.42,false,Email,Low,Harbor Sovereign Fund 119,Endowment,Key,Pacific,Hannah Roberts,Aisha Ashford,false
AM-SR-000020,AM-CL-0074,E-0280,Data Feed Issue,2025-12-09,2025-12-12,Closed,2,3.47,true,Portal,Medium,Harbor Capital Partners 74,Sub-Advisory,Standard,Mountain West,Noah Carter,Mateo Harris,false
AM-SR-000021,AM-CL-0128,E-0286,Reconciliation,2025-03-30,2025-04-02,Closed,3,3.3,true,Email,Medium,Cascade Mutual Insurance 128,Sub-Advisory,Key,Northeast,Noah Carter,Daniel Nguyen,false
AM-SR-000022,AM-CL-0041,E-0279,Fee Invoice Question,2025-12-01,2025-12-07,Closed,5,6.71,true,Email,Low,Granite Mutual Insurance 41,Corporate Pension,Standard,APAC,Fatima Patel,Ravi Campbell,false
AM-SR-000023,AM-CL-0076,E-0282,Onboarding Document,2024-11-12,2024-11-14,Closed,7,2.0,false,Portal,Low,Ironwood Capital Partners 76,Foundation,Key,Midwest,Nina Scott,Julian Adams,false
AM-SR-000024,AM-CL-0010,E-0275,Performance Report,2026-02-15,2026-02-19,Closed,5,4.71,false,Email,Medium,Northfield Capital Partners 10,Insurance GA,Standard,Midwest,Wei Thomas,Daniel Allen,false
AM-SR-000025,AM-CL-0089,E-0280,Fee Invoice Question,2026-04-07,2026-04-09,Closed,5,2.44,false,Portal,Low,Blue Ridge Community Foundation 89,Endowment,Standard,Midwest,Tom Silva,Mateo Harris,true
AM-SR-000026,AM-CL-0036,E-0267,Onboarding Document,2024-11-19,2024-12-14,Closed,7,25.15,true,Email,Low,Harbor Teachers Retirement 36,Corporate Pension,Standard,APAC,Luis Silva,Felix Stewart,false
AM-SR-000027,AM-CL-0018,E-0266,Performance Report,2025-07-02,2025-07-08,Closed,5,6.42,true,Portal,Low,Meridian Mutual Insurance 18,Public Pension,Key,Pacific,Noah Carter,Ethan Roberts,true
AM-SR-000028,AM-CL-0077,E-0282,Performance Report,2026-05-29,2026-05-30,Closed,5,1.62,false,Email,Low,Granite Teachers Retirement 77,Sovereign,Key,Midwest,Mei Hall,Julian Adams,false
AM-SR-000029,AM-CL-0021,E-0286,Reconciliation,2026-08-12,2026-08-13,Closed,3,1.56,false,Email,High,Lakeshore Sovereign Fund 21,Sub-Advisory,Strategic,Pacific,Tom Silva,Daniel Nguyen,false
AM-SR-000030,AM-CL-0040,E-0268,Reconciliation,2025-07-21,2025-07-25,Closed,3,4.01,true,Portal,Low,Cascade Capital Partners 40,Corporate Pension,Key,EMEA,Luis Silva,Rosa Nguyen,false
AM-SR-000031,AM-CL-0077,E-0282,Performance Report,2025-05-08,2025-05-11,Closed,5,3.5,false,Email,Medium,Granite Teachers Retirement 77,Sovereign,Key,Midwest,Mei Hall,Julian Adams,false
AM-SR-000032,AM-CL-0042,E-0286,Compliance Attestation,2024-09-19,2024-09-28,Closed,10,9.97,false,Email,Medium,Blue Ridge Teachers Retirement 42,Public Pension,Standard,Mountain West,Layla Carter,Daniel Nguyen,false
AM-SR-000033,AM-CL-0027,E-0271,Cash Movement,2025-06-11,2025-06-11,Closed,1,0.48,false,Portal,Medium,Northfield Teachers Retirement 27,Sovereign,Key,Mountain West,Hannah Roberts,Isabella Collins,false
AM-SR-000034,AM-CL-0139,E-0266,Reconciliation,2025-07-13,2025-07-13,Closed,3,0.72,false,Portal,Medium,Lakeshore Teachers Retirement 139,Foundation,Strategic,Mountain West,Fatima Okafor,Ethan Roberts,false
AM-SR-000035,AM-CL-0035,E-0267,Cash Movement,2025-08-17,2025-08-17,Closed,1,0.75,false,Email,High,Harbor Capital Partners 35,Endowment,Strategic,Southeast,Iris Kim,Felix Stewart,false
AM-SR-000036,AM-CL-0072,E-0286,Data Feed Issue,2025-06-22,2025-06-23,Closed,2,1.24,false,Email,Low,Blue Ridge Mutual Insurance 72,Foundation,Standard,Mountain West,Fatima Okafor,Daniel Nguyen,false
AM-SR-000037,AM-CL-0058,E-0280,Fee Invoice Question,2025-05-08,2025-05-12,Closed,5,4.55,false,Email,Low,Harbor Teachers Retirement 58,Sub-Advisory,Standard,APAC,Fatima Patel,Mateo Harris,false
AM-SR-000038,AM-CL-0060,E-0284,Cash Movement,2025-03-24,2025-03-24,Closed,1,0.72,false,Phone,Medium,Granite Teachers Retirement 60,Sovereign,Standard,Northeast,Hannah Young,Iris Thomas,false
AM-SR-000039,AM-CL-0133,E-0275,Performance Report,2025-05-22,2025-05-26,Closed,5,4.72,false,Email,Low,Granite University Endowment 133,Insurance GA,Standard,Northeast,Luis Silva,Daniel Allen,false
AM-SR-000040,AM-CL-0059,E-0273,Onboarding Document,2025-12-20,2025-12-23,Closed,7,3.31,false,Portal,Low,Lakeshore Teachers Retirement 59,Endowment,Strategic,Midwest,Nina Scott,Samuel Wright,false
AM-SR-000041,AM-CL-0098,E-0268,Data Feed Issue,2024-09-29,2024-09-29,Closed,2,0.74,false,Email,Medium,Summit Capital Partners 98,Corporate Pension,Key,EMEA,Luis Silva,Rosa Nguyen,false
AM-SR-000042,AM-CL-0002,E-0268,Performance Report,2025-05-10,2025-05-12,Closed,5,2.89,false,Email,Medium,Blue Ridge Sovereign Fund 2,Family Office,Key,EMEA,Noah Carter,Rosa Nguyen,false
AM-SR-000043,AM-CL-0068,E-0283,Reconciliation,2026-01-15,2026-01-16,Closed,3,1.76,false,Email,Medium,Northfield Employees Pension 68,Foundation,Strategic,Midwest,Noah Carter,Victor Chen,false
AM-SR-000044,AM-CL-0090,E-0267,Performance Report,2026-07-11,2026-07-18,Closed,5,7.07,true,Portal,Low,Meridian University Endowment 90,Sovereign,Strategic,Midwest,Maya Ashford,Felix Stewart,true
AM-SR-000045,AM-CL-0124,E-0270,Reconciliation,2025-09-02,2025-09-06,Closed,3,4.08,true,Email,Medium,Blue Ridge Community Foundation 124,Endowment,Strategic,Northeast,Iris Kim,Sara Kim,false
AM-SR-000046,AM-CL-0113,E-0270,Fee Invoice Question,2025-12-15,2025-12-21,Closed,5,6.81,true,Email,Medium,Harbor Teachers Retirement 113,Insurance GA,Standard,APAC,Leo King,Sara Kim,false
AM-SR-000047,AM-CL-0087,E-0290,Reconciliation,2025-11-19,2025-11-29,Closed,3,10.25,true,Email,Medium,Summit Capital Partners 87,Family Office,Strategic,APAC,Julian Collins,Luis Ashford,false
AM-SR-000048,AM-CL-0083,E-0287,Data Feed Issue,2025-08-28,2025-08-28,Closed,2,0.85,false,Email,Medium,Northfield Sovereign Fund 83,Public Pension,Strategic,APAC,Iris Allen,Emma Allen,false
AM-SR-000049,AM-CL-0031,E-0276,Fee Invoice Question,2026-07-03,2026-07-06,Closed,5,3.36,false,Portal,Medium,Blue Ridge Employees Pension 31,Sub-Advisory,Standard,Southeast,Owen Okafor,Felix Edwards,true
AM-SR-000050,AM-CL-0125,E-0286,Reconciliation,2025-07-17,2025-07-19,Closed,3,2.16,false,Email,Medium,Northfield Mutual Insurance 125,Insurance GA,Key,Mountain West,Luis Silva,Daniel Nguyen,false
AM-SR-000051,AM-CL-0099,E-0279,Data Feed Issue,2025-07-28,2025-07-28,Closed,2,0.56,false,Email,Medium,Cascade Teachers Retirement 99,Foundation,Key,APAC,Hannah Young,Ravi Campbell,false
AM-SR-000052,AM-CL-0046,E-0270,Fee Invoice Question,2025-01-02,2025-01-06,Closed,5,4.66,false,Email,Medium,Summit University Endowment 46,Foundation,Standard,Pacific,Fatima Patel,Sara Kim,true
AM-SR-000053,AM-CL-0114,E-0278,Cash Movement,2024-11-19,2024-11-19,Closed,1,0.58,false,Email,Medium,Meridian Mutual Insurance 114,Family Office,Strategic,Midwest,Rosa Miller,Lauren Lopez,false
AM-SR-000054,AM-CL-0116,E-0272,Reconciliation,2025-09-20,2025-09-20,Closed,3,0.86,false,Email,Medium,Silverline Sovereign Fund 116,Sub-Advisory,Key,Pacific,Iris Allen,Aisha Green,false
AM-SR-000055,AM-CL-0075,E-0270,Fee Invoice Question,2024-09-20,2024-09-24,Closed,5,4.71,false,Email,Low,Harbor Teachers Retirement 75,Endowment,Standard,Mountain West,Fatima Patel,Sara Kim,false
AM-SR-000056,AM-CL-0045,E-0269,Data Feed Issue,2026-01-06,2026-01-07,Closed,2,1.55,false,Portal,High,Blue Ridge Teachers Retirement 45,Family Office,Strategic,Southeast,Maya Ashford,Noah Hall,true
AM-SR-000057,AM-CL-0075,E-0270,Compliance Attestation,2025-11-06,2025-11-08,Closed,10,2.42,false,Email,Medium,Harbor Teachers Retirement 75,Endowment,Standard,Mountain West,Fatima Patel,Sara Kim,false
AM-SR-000058,AM-CL-0101,E-0289,Compliance Attestation,2025-05-01,2025-05-07,Closed,10,6.05,false,Portal,Medium,Harbor University Endowment 101,Family Office,Key,Northeast,Luis Ashford,Victor Nguyen,false
AM-SR-000059,AM-CL-0013,E-0277,Performance Report,2025-12-30,2026-01-01,Closed,5,2.68,false,Email,Low,Meridian Teachers Retirement 13,Sovereign,Standard,Northeast,Leo King,Kenji White,false
AM-SR-000060,AM-CL-0026,E-0266,Reconciliation,2025-09-08,2025-09-11,Closed,3,3.55,true,Phone,Low,Summit Teachers Retirement 26,Foundation,Standard,Northeast,Layla Carter,Ethan Roberts,false
AM-SR-000061,AM-CL-0068,E-0283,Performance Report,2026-03-23,2026-03-25,Closed,5,2.58,false,Portal,Low,Northfield Employees Pension 68,Foundation,Strategic,Midwest,Noah Carter,Victor Chen,false
AM-SR-000062,AM-CL-0106,E-0272,Compliance Attestation,2026-01-09,2026-01-24,Closed,10,15.09,true,Email,Low,Silverline Sovereign Fund 106,Endowment,Strategic,Pacific,Mei Hall,Aisha Green,true
AM-SR-000063,AM-CL-0131,E-0285,Fee Invoice Question,2025-02-27,2025-03-02,Closed,5,3.24,false,Email,Medium,Northfield Capital Partners 131,Family Office,Key,Southeast,Priya Martinez,Aisha Ashford,false
AM-SR-000064,AM-CL-0068,E-0283,Reconciliation,2025-01-13,2025-01-14,Closed,3,1.04,false,Email,High,Northfield Employees Pension 68,Foundation,Strategic,Midwest,Noah Carter,Victor Chen,false
AM-SR-000065,AM-CL-0139,E-0266,Onboarding Document,2024-12-07,2024-12-24,Closed,7,17.16,true,Portal,Low,Lakeshore Teachers Retirement 139,Foundation,Strategic,Mountain West,Fatima Okafor,Ethan Roberts,false
AM-SR-000066,AM-CL-0064,E-0274,Reconciliation,2026-06-12,2026-06-16,Closed,3,4.38,true,Portal,Medium,Granite Mutual Insurance 64,Sub-Advisory,Standard,Midwest,Layla Carter,Hannah Young,false
AM-SR-000067,AM-CL-0126,E-0270,Fee Invoice Question,2024-09-11,2024-09-16,Closed,5,5.28,true,Portal,Medium,Northfield Employees Pension 126,Family Office,Strategic,Pacific,Noah Carter,Sara Kim,false
AM-SR-000068,AM-CL-0091,E-0285,Cash Movement,2025-05-26,2025-05-26,Closed,1,0.49,false,Email,Low,Northfield University Endowment 91,Insurance GA,Standard,Mountain West,Owen Okafor,Aisha Ashford,false
AM-SR-000069,AM-CL-0060,E-0284,Performance Report,2025-02-10,2025-02-10,Closed,5,0.78,false,Portal,Low,Granite Teachers Retirement 60,Sovereign,Standard,Northeast,Hannah Young,Iris Thomas,false
AM-SR-000070,AM-CL-0095,E-0280,Reconciliation,2025-04-28,2025-05-02,Closed,3,4.29,true,Email,Low,Ironwood Sovereign Fund 95,Sub-Advisory,Standard,Southeast,Wei Thomas,Mateo Harris,false
AM-SR-000071,AM-CL-0064,E-0274,Compliance Attestation,2025-12-29,2026-01-04,Closed,10,6.23,false,Portal,Low,Granite Mutual Insurance 64,Sub-Advisory,Standard,Midwest,Layla Carter,Hannah Young,false
AM-SR-000072,AM-CL-0101,E-0289,Compliance Attestation,2025-01-26,2025-02-01,Closed,10,6.83,false,Email,Low,Harbor University Endowment 101,Family Office,Key,Northeast,Luis Ashford,Victor Nguyen,false
AM-SR-000073,AM-CL-0063,E-0284,Performance Report,2025-03-06,2025-03-08,Closed,5,2.51,false,Portal,Medium,Cascade Employees Pension 63,Sovereign,Key,Mountain West,Fatima Patel,Iris Thomas,false
AM-SR-000074,AM-CL-0044,E-0282,Reconciliation,2025-01-01,2025-01-03,Closed,3,2.15,false,Email,High,Blue Ridge Teachers Retirement 44,Sovereign,Key,Southeast,Fatima Patel,Julian Adams,true
AM-SR-000075,AM-CL-0026,E-0266,Cash Movement,2025-06-27,2025-06-27,Closed,1,0.73,false,Portal,Medium,Summit Teachers Retirement 26,Foundation,Standard,Northeast,Layla Carter,Ethan Roberts,false
AM-SR-000076,AM-CL-0105,E-0284,Cash Movement,2024-10-07,2024-10-07,Closed,1,0.44,false,Portal,Low,Northfield Community Foundation 105,Corporate Pension,Key,Midwest,Nina Scott,Iris Thomas,true
AM-SR-000077,AM-CL-0058,E-0280,Fee Invoice Question,2025-02-22,2025-02-26,Closed,5,4.4,false,Phone,Low,Harbor Teachers Retirement 58,Sub-Advisory,Standard,APAC,Fatima Patel,Mateo Harris,false
AM-SR-000078,AM-CL-0053,E-0271,Performance Report,2026-01-25,2026-01-29,Closed,5,4.78,false,Portal,Medium,Granite Sovereign Fund 53,Family Office,Standard,Northeast,Iris Clark,Isabella Collins,false
AM-SR-000079,AM-CL-0085,E-0267,Reconciliation,2026-01-21,2026-01-22,Closed,3,1.1,false,Portal,Medium,Summit Community Foundation 85,Sub-Advisory,Standard,Pacific,Luis Ashford,Felix Stewart,false
AM-SR-000080,AM-CL-0111,E-0270,Cash Movement,2024-12-11,2024-12-11,Closed,1,0.45,false,Portal,Medium,Blue Ridge University Endowment 111,Sovereign,Strategic,Pacific,Iris Allen,Sara Kim,false
AM-SR-000081,AM-CL-0083,E-0287,Fee Invoice Question,2026-01-29,2026-02-04,Closed,5,6.76,true,Email,Low,Northfield Sovereign Fund 83,Public Pension,Strategic,APAC,Iris Allen,Emma Allen,false
AM-SR-000082,AM-CL-0065,E-0286,Performance Report,2024-09-20,2024-09-21,Closed,5,1.86,false,Phone,High,Harbor Capital Partners 65,Foundation,Standard,Northeast,Iris Clark,Daniel Nguyen,false
AM-SR-000083,AM-CL-0094,E-0271,Performance Report,2024-10-09,2024-10-14,Closed,5,5.93,true,Email,Medium,Granite Capital Partners 94,Family Office,Standard,Pacific,Luis Ashford,Isabella Collins,true
AM-SR-000084,AM-CL-0015,E-0287,Fee Invoice Question,2026-05-20,2026-05-21,Closed,5,1.62,false,Portal,Medium,Northfield Teachers Retirement 15,Foundation,Key,Mountain West,Hannah Young,Emma Allen,false
AM-SR-000085,AM-CL-0131,E-0285,Reconciliation,2025-06-15,2025-06-17,Closed,3,2.68,false,Email,High,Northfield Capital Partners 131,Family Office,Key,Southeast,Priya Martinez,Aisha Ashford,false
AM-SR-000086,AM-CL-0065,E-0286,Cash Movement,2025-02-08,2025-02-08,Closed,1,0.68,false,Phone,Medium,Harbor Capital Partners 65,Foundation,Standard,Northeast,Iris Clark,Daniel Nguyen,false
AM-SR-000087,AM-CL-0016,E-0269,Reconciliation,2025-05-24,2025-05-26,Closed,3,2.84,false,Email,Medium,Ironwood Sovereign Fund 16,Sovereign,Key,Pacific,Maya Ashford,Noah Hall,false
AM-SR-000088,AM-CL-0136,E-0287,Performance Report,2025-12-20,2025-12-21,Closed,5,1.76,false,Email,Medium,Summit University Endowment 136,Insurance GA,Key,APAC,Owen Okafor,Emma Allen,false
AM-SR-000089,AM-CL-0073,E-0269,Reconciliation,2025-01-07,2025-01-10,Closed,3,3.92,true,Portal,Low,Ironwood Employees Pension 73,Sub-Advisory,Strategic,Southeast,Hannah Roberts,Noah Hall,true
AM-SR-000090,AM-CL-0044,E-0282,Onboarding Document,2025-03-31,2025-04-09,Closed,7,9.78,true,Portal,High,Blue Ridge Teachers Retirement 44,Sovereign,Key,Southeast,Fatima Patel,Julian Adams,false
AM-SR-000091,AM-CL-0078,E-0278,Fee Invoice Question,2026-01-14,2026-01-18,Closed,5,4.18,false,Portal,Medium,Lakeshore Employees Pension 78,Insurance GA,Standard,EMEA,Julian Collins,Lauren Lopez,false
AM-SR-000092,AM-CL-0035,E-0267,Performance Report,2025-03-17,2025-03-20,Closed,5,3.74,false,Portal,Medium,Harbor Capital Partners 35,Endowment,Strategic,Southeast,Iris Kim,Felix Stewart,false
AM-SR-000093,AM-CL-0107,E-0281,Reconciliation,2026-05-06,2026-05-07,Closed,3,1.33,false,Portal,Medium,Harbor Teachers Retirement 107,Sub-Advisory,Key,Pacific,Priya Martinez,Sofia Campbell,false
AM-SR-000094,AM-CL-0042,E-0286,Performance Report,2024-12-19,2024-12-27,Closed,5,8.06,true,Email,Medium,Blue Ridge Teachers Retirement 42,Public Pension,Standard,Mountain West,Layla Carter,Daniel Nguyen,false
AM-SR-000095,AM-CL-0044,E-0282,Data Feed Issue,2024-09-01,2024-09-01,Closed,2,0.97,false,Portal,Low,Blue Ridge Teachers Retirement 44,Sovereign,Key,Southeast,Fatima Patel,Julian Adams,false
AM-SR-000096,AM-CL-0086,E-0268,Performance Report,2025-07-19,2025-07-20,Closed,5,1.42,false,Portal,High,Cascade University Endowment 86,Public Pension,Standard,EMEA,Layla Carter,Rosa Nguyen,false
AM-SR-000097,AM-CL-0074,E-0280,Onboarding Document,2026-08-01,2026-08-05,Closed,7,4.27,false,Portal,Low,Harbor Capital Partners 74,Sub-Advisory,Standard,Mountain West,Noah Carter,Mateo Harris,false
AM-SR-000098,AM-CL-0021,E-0286,Reconciliation,2025-08-08,2025-08-09,Closed,3,1.01,false,Portal,Medium,Lakeshore Sovereign Fund 21,Sub-Advisory,Strategic,Pacific,Tom Silva,Daniel Nguyen,false
AM-SR-000099,AM-CL-0047,E-0266,Fee Invoice Question,2025-12-06,2025-12-09,Closed,5,3.38,false,Portal,Low,Granite Sovereign Fund 47,Endowment,Standard,Mountain West,Noah Nelson,Ethan Roberts,false
AM-SR-000100,AM-CL-0042,E-0286,Onboarding Document,2026-01-01,2026-01-02,Closed,7,1.51,false,Portal,Medium,Blue Ridge Teachers Retirement 42,Public Pension,Standard,Mountain West,Layla Carter,Daniel Nguyen,true
AM-SR-000101,AM-CL-0045,E-0269,Performance Report,2024-10-10,2024-10-14,Closed,5,4.09,false,Email,Low,Blue Ridge Teachers Retirement 45,Family Office,Strategic,Southeast,Maya Ashford,Noah Hall,true
AM-SR-000102,AM-CL-0047,E-0266,Reconciliation,2026-02-27,2026-02-28,Closed,3,1.0,false,Portal,Medium,Granite Sovereign Fund 47,Endowment,Standard,Mountain West,Noah Nelson,Ethan Roberts,false
AM-SR-000103,AM-CL-0035,E-0267,Reconciliation,2025-08-06,2025-08-08,Closed,3,2.93,false,Email,Medium,Harbor Capital Partners 35,Endowment,Strategic,Southeast,Iris Kim,Felix Stewart,false
AM-SR-000104,AM-CL-0089,E-0280,Cash Movement,2025-05-28,2025-05-29,Closed,1,1.09,true,Email,Medium,Blue Ridge Community Foundation 89,Endowment,Standard,Midwest,Tom Silva,Mateo Harris,false
AM-SR-000105,AM-CL-0112,E-0289,Fee Invoice Question,2025-05-07,2025-05-14,Closed,5,7.77,true,Email,Low,Northfield University Endowment 112,Endowment,Standard,APAC,Fatima Okafor,Victor Nguyen,false
AM-SR-000106,AM-CL-0059,E-0273,Reconciliation,2026-04-22,2026-04-24,Closed,3,2.1,false,Email,Low,Lakeshore Teachers Retirement 59,Endowment,Strategic,Midwest,Nina Scott,Samuel Wright,false
AM-SR-000107,AM-CL-0037,E-0282,Performance Report,2025-03-27,2025-04-05,Closed,5,9.34,true,Email,High,Harbor Capital Partners 37,Foundation,Standard,APAC,Nina Scott,Julian Adams,false
AM-SR-000108,AM-CL-0031,E-0276,Cash Movement,2024-10-29,2024-10-29,Closed,1,0.45,false,Email,Low,Blue Ridge Employees Pension 31,Sub-Advisory,Standard,Southeast,Owen Okafor,Felix Edwards,false
AM-SR-000109,AM-CL-0044,E-0282,Data Feed Issue,2026-03-09,2026-03-10,Closed,2,1.62,false,Portal,Low,Blue Ridge Teachers Retirement 44,Sovereign,Key,Southeast,Fatima Patel,Julian Adams,false
AM-SR-000110,AM-CL-0117,E-0289,Performance Report,2025-07-12,2025-07-14,Closed,5,2.75,false,Email,Low,Lakeshore Teachers Retirement 117,Endowment,Standard,EMEA,Wei Thomas,Victor Nguyen,true
AM-SR-000111,AM-CL-0017,E-0281,Performance Report,2025-05-26,2025-05-27,Closed,5,1.3,false,Email,Medium,Lakeshore Teachers Retirement 17,Family Office,Standard,EMEA,Tom Silva,Sofia Campbell,false
AM-SR-000112,AM-CL-0013,E-0277,Performance Report,2025-05-04,2025-05-07,Closed,5,3.48,false,Email,Medium,Meridian Teachers Retirement 13,Sovereign,Standard,Northeast,Leo King,Kenji White,false
AM-SR-000113,AM-CL-0134,E-0281,Fee Invoice Question,2026-08-09,2026-08-11,Closed,5,2.92,false,Portal,Medium,Granite Sovereign Fund 134,Family Office,Standard,Midwest,Maya Ashford,Sofia Campbell,false
AM-SR-000114,AM-CL-0139,E-0266,Cash Movement,2025-11-30,2025-11-30,Closed,1,0.41,false,Email,Medium,Lakeshore Teachers Retirement 139,Foundation,Strategic,Mountain West,Fatima Okafor,Ethan Roberts,false
AM-SR-000115,AM-CL-0134,E-0281,Cash Movement,2025-05-11,2025-05-14,Closed,1,3.13,true,Portal,Medium,Granite Sovereign Fund 134,Family Office,Standard,Midwest,Maya Ashford,Sofia Campbell,false
AM-SR-000116,AM-CL-0127,E-0266,Cash Movement,2024-11-14,2024-11-14,Closed,1,0.48,false,Portal,Medium,Granite Community Foundation 127,Sovereign,Standard,APAC,Layla Carter,Ethan Roberts,false
AM-SR-000117,AM-CL-0114,E-0278,Onboarding Document,2025-01-25,2025-01-28,Closed,7,3.75,false,Email,Low,Meridian Mutual Insurance 114,Family Office,Strategic,Midwest,Rosa Miller,Lauren Lopez,false
AM-SR-000118,AM-CL-0050,E-0276,Compliance Attestation,2026-04-16,2026-04-24,Closed,10,8.44,false,Portal,Low,Harbor Community Foundation 50,Endowment,Standard,Pacific,Hannah Roberts,Felix Edwards,false
AM-SR-000119,AM-CL-0089,E-0280,Data Feed Issue,2026-02-24,2026-02-24,Closed,2,0.92,false,Email,Low,Blue Ridge Community Foundation 89,Endowment,Standard,Midwest,Tom Silva,Mateo Harris,false
AM-SR-000120,AM-CL-0040,E-0268,Reconciliation,2024-11-23,2024-11-23,Closed,3,0.77,false,Portal,Low,Cascade Capital Partners 40,Corporate Pension,Key,EMEA,Luis Silva,Rosa Nguyen,false
AM-SR-000121,AM-CL-0132,E-0273,Performance Report,2026-04-02,2026-04-06,Closed,5,4.79,false,Email,Medium,Blue Ridge Teachers Retirement 132,Sovereign,Standard,APAC,Fatima Patel,Samuel Wright,true
AM-SR-000122,AM-CL-0102,E-0277,Onboarding Document,2025-06-24,2025-06-27,Closed,7,3.67,false,Email,High,Granite Community Foundation 102,Endowment,Strategic,APAC,Noah Nelson,Kenji White,false
AM-SR-000123,AM-CL-0022,E-0273,Reconciliation,2026-05-24,2026-05-26,Closed,3,2.03,false,Email,Low,Northfield Mutual Insurance 22,Foundation,Key,EMEA,Iris Allen,Samuel Wright,false
AM-SR-000124,AM-CL-0054,E-0290,Data Feed Issue,2026-08-09,2026-08-09,Closed,2,0.9,false,Phone,Medium,Granite Mutual Insurance 54,Corporate Pension,Standard,Pacific,Hannah Young,Luis Ashford,false
AM-SR-000125,AM-CL-0084,E-0287,Compliance Attestation,2026-06-04,2026-06-10,Closed,10,6.36,false,Phone,Medium,Ironwood Community Foundation 84,Sovereign,Standard,Southeast,Noah Nelson,Emma Allen,false
AM-SR-000126,AM-CL-0106,E-0272,Reconciliation,2024-10-02,2024-10-20,Closed,3,18.49,true,Email,Low,Silverline Sovereign Fund 106,Endowment,Strategic,Pacific,Mei Hall,Aisha Green,true
AM-SR-000127,AM-CL-0060,E-0284,Fee Invoice Question,2026-02-12,2026-02-17,Closed,5,5.52,true,Portal,Low,Granite Teachers Retirement 60,Sovereign,Standard,Northeast,Hannah Young,Iris Thomas,false
AM-SR-000128,AM-CL-0002,E-0268,Data Feed Issue,2025-01-13,2025-01-14,Closed,2,1.14,false,Email,High,Blue Ridge Sovereign Fund 2,Family Office,Key,EMEA,Noah Carter,Rosa Nguyen,false
AM-SR-000129,AM-CL-0057,E-0281,Onboarding Document,2026-08-08,2026-08-10,Closed,7,2.48,false,Portal,High,Lakeshore University Endowment 57,Sovereign,Standard,Mountain West,Luis Silva,Sofia Campbell,false
AM-SR-000130,AM-CL-0036,E-0267,Performance Report,2025-06-30,2025-07-06,Closed,5,6.1,true,Portal,Low,Harbor Teachers Retirement 36,Corporate Pension,Standard,APAC,Luis Silva,Felix Stewart,false
AM-SR-000131,AM-CL-0034,E-0271,Fee Invoice Question,2025-09-26,2025-10-02,Closed,5,6.86,true,Email,High,Cascade Employees Pension 34,Insurance GA,Standard,Mountain West,Mei Hall,Isabella Collins,false
AM-SR-000132,AM-CL-0095,E-0280,Fee Invoice Question,2026-02-04,2026-02-06,Closed,5,2.31,false,Email,High,Ironwood Sovereign Fund 95,Sub-Advisory,Standard,Southeast,Wei Thomas,Mateo Harris,false
AM-SR-000133,AM-CL-0086,E-0268,Fee Invoice Question,2025-04-02,2025-04-04,Closed,5,2.53,false,Email,Low,Cascade University Endowment 86,Public Pension,Standard,EMEA,Layla Carter,Rosa Nguyen,true
AM-SR-000134,AM-CL-0067,E-0275,Performance Report,2024-10-11,2024-10-20,Closed,5,9.72,true,Email,High,Silverline Employees Pension 67,Public Pension,Key,Midwest,Leo King,Daniel Allen,true
AM-SR-000135,AM-CL-0073,E-0269,Performance Report,2026-05-17,2026-05-18,Closed,5,1.62,false,Phone,Low,Ironwood Employees Pension 73,Sub-Advisory,Strategic,Southeast,Hannah Roberts,Noah Hall,false
AM-SR-000136,AM-CL-0045,E-0269,Reconciliation,2025-06-02,2025-06-06,Closed,3,4.38,true,Email,Medium,Blue Ridge Teachers Retirement 45,Family Office,Strategic,Southeast,Maya Ashford,Noah Hall,false
AM-SR-000137,AM-CL-0026,E-0266,Reconciliation,2026-07-13,2026-07-20,Closed,3,7.79,true,Portal,Medium,Summit Teachers Retirement 26,Foundation,Standard,Northeast,Layla Carter,Ethan Roberts,false
AM-SR-000138,AM-CL-0053,E-0271,Onboarding Document,2026-04-24,2026-04-30,Closed,7,6.28,false,Email,Medium,Granite Sovereign Fund 53,Family Office,Standard,Northeast,Iris Clark,Isabella Collins,false
AM-SR-000139,AM-CL-0022,E-0273,Fee Invoice Question,2024-10-31,2024-11-06,Closed,5,6.08,true,Email,Low,Northfield Mutual Insurance 22,Foundation,Key,EMEA,Iris Allen,Samuel Wright,false
AM-SR-000140,AM-CL-0055,E-0268,Performance Report,2025-02-19,2025-02-22,Closed,5,3.75,false,Email,Medium,Granite Teachers Retirement 55,Sub-Advisory,Key,Northeast,Fatima Patel,Rosa Nguyen,false
AM-SR-000141,AM-CL-0074,E-0280,Performance Report,2025-11-14,2025-11-17,Closed,5,3.8,false,Email,Medium,Harbor Capital Partners 74,Sub-Advisory,Standard,Mountain West,Noah Carter,Mateo Harris,false
AM-SR-000142,AM-CL-0104,E-0279,Reconciliation,2026-02-26,2026-02-26,Closed,3,0.45,false,Email,High,Blue Ridge University Endowment 104,Sub-Advisory,Standard,Pacific,Owen Okafor,Ravi Campbell,false
AM-SR-000143,AM-CL-0113,E-0270,Fee Invoice Question,2025-05-11,2025-05-16,Closed,5,5.38,true,Email,Medium,Harbor Teachers Retirement 113,Insurance GA,Standard,APAC,Leo King,Sara Kim,false
AM-SR-000144,AM-CL-0031,E-0276,Reconciliation,2025-07-22,2025-07-25,Closed,3,3.27,true,Portal,Low,Blue Ridge Employees Pension 31,Sub-Advisory,Standard,Southeast,Owen Okafor,Felix Edwards,false
AM-SR-000145,AM-CL-0140,E-0272,Performance Report,2025-10-27,2025-10-31,Closed,5,4.17,false,Email,Low,Lakeshore Teachers Retirement 140,Foundation,Key,Midwest,Wei Thomas,Aisha Green,false
AM-SR-000146,AM-CL-0001,E-0279,Fee Invoice Question,2025-07-28,2025-07-30,Closed,5,2.86,false,Email,Low,Lakeshore Employees Pension 1,Sub-Advisory,Strategic,Pacific,Wei Thomas,Ravi Campbell,false
AM-SR-000147,AM-CL-0097,E-0289,Fee Invoice Question,2024-11-20,2024-11-28,Closed,5,8.04,true,Email,Low,Summit Capital Partners 97,Corporate Pension,Standard,Northeast,Fatima Okafor,Victor Nguyen,false
AM-SR-000148,AM-CL-0049,E-0289,Onboarding Document,2025-02-04,2025-02-14,Closed,7,10.45,true,Email,High,Lakeshore Sovereign Fund 49,Sub-Advisory,Key,Mountain West,Priya Martinez,Victor Nguyen,false
AM-SR-000149,AM-CL-0093,E-0275,Performance Report,2025-06-04,2025-06-07,Closed,5,4.0,false,Portal,Medium,Harbor Community Foundation 93,Corporate Pension,Strategic,Southeast,Maya Ashford,Daniel Allen,false
AM-SR-000150,AM-CL-0011,E-0271,Performance Report,2025-06-18,2025-06-22,Closed,5,4.74,false,Portal,Low,Lakeshore Community Foundation 11,Corporate Pension,Key,Midwest,Julian Collins,Isabella Collins,false
AM-SR-000151,AM-CL-0013,E-0277,Performance Report,2025-05-12,2025-05-23,Closed,5,12.0,true,Email,High,Meridian Teachers Retirement 13,Sovereign,Standard,Northeast,Leo King,Kenji White,false
AM-SR-000152,AM-CL-0135,E-0287,Cash Movement,2026-05-23,2026-05-24,Closed,1,1.08,true,Email,Medium,Meridian Capital Partners 135,Public Pension,Standard,Southeast,Tom Silva,Emma Allen,false
AM-SR-000153,AM-CL-0007,E-0280,Performance Report,2025-10-18,2025-10-28,Closed,5,10.01,true,Phone,Medium,Ironwood Teachers Retirement 7,Insurance GA,Standard,Midwest,Fatima Okafor,Mateo Harris,false
AM-SR-000154,AM-CL-0120,E-0279,Data Feed Issue,2024-09-01,2024-09-04,Closed,2,3.92,true,Portal,Low,Ironwood Capital Partners 120,Foundation,Standard,Pacific,Owen Okafor,Ravi Campbell,false
AM-SR-000155,AM-CL-0051,E-0272,Onboarding Document,2026-02-28,2026-03-09,Closed,7,9.08,true,Portal,High,Silverline Teachers Retirement 51,Insurance GA,Standard,EMEA,Nina Scott,Aisha Green,false
AM-SR-000156,AM-CL-0051,E-0272,Performance Report,2025-04-16,2025-04-20,Closed,5,4.51,false,Phone,Medium,Silverline Teachers Retirement 51,Insurance GA,Standard,EMEA,Nina Scott,Aisha Green,false
AM-SR-000157,AM-CL-0070,E-0282,Fee Invoice Question,2026-03-14,2026-03-19,Closed,5,5.83,true,Email,Medium,Cascade Capital Partners 70,Public Pension,Strategic,EMEA,Noah Nelson,Julian Adams,false
AM-SR-000158,AM-CL-0008,E-0279,Performance Report,2026-01-02,2026-01-06,Closed,5,4.37,false,Email,Low,Granite Community Foundation 8,Insurance GA,Standard,Mountain West,Luis Silva,Ravi Campbell,true
AM-SR-000159,AM-CL-0053,E-0271,Performance Report,2026-01-08,2026-01-11,Closed,5,3.72,false,Portal,Low,Granite Sovereign Fund 53,Family Office,Standard,Northeast,Iris Clark,Isabella Collins,true
AM-SR-000160,AM-CL-0108,E-0272,Data Feed Issue,2024-12-25,2024-12-26,Closed,2,1.32,false,Portal,Low,Ironwood Employees Pension 108,Family Office,Strategic,APAC,Grace Bailey,Aisha Green,false
AM-SR-000161,AM-CL-0104,E-0279,Data Feed Issue,2024-11-26,2024-11-27,Closed,2,1.05,false,Portal,Medium,Blue Ridge University Endowment 104,Sub-Advisory,Standard,Pacific,Owen Okafor,Ravi Campbell,false
AM-SR-000162,AM-CL-0082,E-0275,Onboarding Document,2026-05-21,2026-05-30,Closed,7,9.44,true,Email,High,Harbor Sovereign Fund 82,Foundation,Key,APAC,Iris Allen,Daniel Allen,false
AM-SR-000163,AM-CL-0079,E-0270,Reconciliation,2026-07-17,2026-07-19,Closed,3,2.3,false,Email,High,Northfield Teachers Retirement 79,Foundation,Strategic,APAC,Luis Ashford,Sara Kim,false
AM-SR-000164,AM-CL-0029,E-0266,Reconciliation,2025-08-24,2025-08-27,Closed,3,3.05,true,Portal,Medium,Granite Capital Partners 29,Sovereign,Key,Midwest,Iris Allen,Ethan Roberts,false
AM-SR-000165,AM-CL-0003,E-0280,Performance Report,2025-05-09,2025-05-13,Closed,5,4.32,false,Portal,High,Blue Ridge Mutual Insurance 3,Foundation,Strategic,EMEA,Grace Martinez,Mateo Harris,false
AM-SR-000166,AM-CL-0052,E-0285,Performance Report,2025-12-22,2025-12-25,Closed,5,3.9,false,Email,Medium,Lakeshore Mutual Insurance 52,Family Office,Key,Mountain West,Tom Silva,Aisha Ashford,false
AM-SR-000167,AM-CL-0080,E-0275,Performance Report,2025-06-16,2025-06-19,Closed,5,3.92,false,Email,Low,Harbor Teachers Retirement 80,Insurance GA,Standard,Pacific,Layla Carter,Daniel Allen,false
AM-SR-000168,AM-CL-0001,E-0279,Performance Report,2024-11-20,2024-11-22,Closed,5,2.06,false,Email,Low,Lakeshore Employees Pension 1,Sub-Advisory,Strategic,Pacific,Wei Thomas,Ravi Campbell,false
AM-SR-000169,AM-CL-0102,E-0277,Performance Report,2026-05-07,2026-05-10,Closed,5,3.79,false,Email,High,Granite Community Foundation 102,Endowment,Strategic,APAC,Noah Nelson,Kenji White,false
AM-SR-000170,AM-CL-0061,E-0290,Fee Invoice Question,2025-11-18,2025-11-19,Closed,5,1.85,false,Phone,Low,Summit Sovereign Fund 61,Insurance GA,Key,Midwest,Iris Allen,Luis Ashford,false
AM-SR-000171,AM-CL-0109,E-0288,Cash Movement,2025-02-15,2025-02-15,Closed,1,0.41,false,Email,High,Cascade Community Foundation 109,Sub-Advisory,Standard,APAC,Luis Silva,Mateo Collins,false
AM-SR-000172,AM-CL-0006,E-0284,Performance Report,2025-09-14,2025-09-16,Closed,5,2.53,false,Email,Medium,Cascade Employees Pension 6,Family Office,Standard,APAC,Sofia Bailey,Iris Thomas,false
AM-SR-000173,AM-CL-0108,E-0272,Onboarding Document,2026-08-20,2026-08-26,Closed,7,6.3,false,Email,Medium,Ironwood Employees Pension 108,Family Office,Strategic,APAC,Grace Bailey,Aisha Green,false
AM-SR-000174,AM-CL-0040,E-0268,Cash Movement,2026-05-18,2026-05-18,Closed,1,0.77,false,Email,Medium,Cascade Capital Partners 40,Corporate Pension,Key,EMEA,Luis Silva,Rosa Nguyen,false
AM-SR-000175,AM-CL-0102,E-0277,Compliance Attestation,2025-02-21,2025-03-28,Closed,10,35.71,true,Email,High,Granite Community Foundation 102,Endowment,Strategic,APAC,Noah Nelson,Kenji White,false
AM-SR-000176,AM-CL-0105,E-0284,Fee Invoice Question,2025-05-02,2025-05-09,Closed,5,7.56,true,Portal,High,Northfield Community Foundation 105,Corporate Pension,Key,Midwest,Nina Scott,Iris Thomas,false
AM-SR-000177,AM-CL-0040,E-0268,Compliance Attestation,2025-04-19,2025-04-26,Closed,10,7.88,false,Email,High,Cascade Capital Partners 40,Corporate Pension,Key,EMEA,Luis Silva,Rosa Nguyen,false
AM-SR-000178,AM-CL-0039,E-0275,Reconciliation,2024-11-07,2024-11-09,Closed,3,2.11,false,Email,Medium,Blue Ridge Mutual Insurance 39,Foundation,Key,APAC,Iris Clark,Daniel Allen,false
AM-SR-000179,AM-CL-0127,E-0266,Performance Report,2025-11-19,2025-11-23,Closed,5,4.46,false,Portal,Medium,Granite Community Foundation 127,Sovereign,Standard,APAC,Layla Carter,Ethan Roberts,false
AM-SR-000180,AM-CL-0059,E-0273,Reconciliation,2025-07-11,2025-07-18,Closed,3,7.82,true,Email,Medium,Lakeshore Teachers Retirement 59,Endowment,Strategic,Midwest,Nina Scott,Samuel Wright,true
AM-SR-000181,AM-CL-0038,E-0288,Cash Movement,2026-04-17,2026-04-17,Closed,1,1.0,false,Portal,Medium,Summit Capital Partners 38,Endowment,Standard,Mountain West,Sofia Bailey,Mateo Collins,false
AM-SR-000182,AM-CL-0051,E-0272,Reconciliation,2025-05-16,2025-05-17,Closed,3,1.31,false,Portal,Low,Silverline Teachers Retirement 51,Insurance GA,Standard,EMEA,Nina Scott,Aisha Green,false
AM-SR-000183,AM-CL-0070,E-0282,Reconciliation,2026-06-15,2026-06-19,Closed,3,4.16,true,Email,Medium,Cascade Capital Partners 70,Public Pension,Strategic,EMEA,Noah Nelson,Julian Adams,false
AM-SR-000184,AM-CL-0071,E-0279,Cash Movement,2025-05-18,2025-05-18,Closed,1,0.58,false,Email,Medium,Ironwood Capital Partners 71,Insurance GA,Standard,Mountain West,Iris Allen,Ravi Campbell,false
AM-SR-000185,AM-CL-0055,E-0268,Fee Invoice Question,2024-12-29,2024-12-30,Closed,5,1.71,false,Phone,Low,Granite Teachers Retirement 55,Sub-Advisory,Key,Northeast,Fatima Patel,Rosa Nguyen,false
AM-SR-000186,AM-CL-0048,E-0284,Fee Invoice Question,2026-06-17,2026-06-21,Closed,5,4.41,false,Email,Medium,Lakeshore Community Foundation 48,Family Office,Strategic,Mountain West,Grace Martinez,Iris Thomas,false
AM-SR-000187,AM-CL-0065,E-0286,Data Feed Issue,2025-12-10,2025-12-10,Closed,2,0.85,false,Email,Medium,Harbor Capital Partners 65,Foundation,Standard,Northeast,Iris Clark,Daniel Nguyen,false
AM-SR-000188,AM-CL-0115,E-0274,Performance Report,2026-07-25,2026-07-26,Closed,5,1.89,false,Portal,Low,Ironwood Capital Partners 115,Public Pension,Key,EMEA,Maya Ashford,Hannah Young,false
AM-SR-000189,AM-CL-0092,E-0284,Performance Report,2026-08-11,2026-08-12,Closed,5,1.96,false,Portal,High,Meridian Capital Partners 92,Public Pension,Key,Northeast,Noah Carter,Iris Thomas,false
AM-SR-000190,AM-CL-0089,E-0280,Reconciliation,2026-01-07,2026-02-02,Closed,3,26.4,true,Email,Medium,Blue Ridge Community Foundation 89,Endowment,Standard,Midwest,Tom Silva,Mateo Harris,true
AM-SR-000191,AM-CL-0003,E-0280,Performance Report,2025-04-14,2025-04-19,Closed,5,5.28,true,Email,Medium,Blue Ridge Mutual Insurance 3,Foundation,Strategic,EMEA,Grace Martinez,Mateo Harris,false
AM-SR-000192,AM-CL-0122,E-0276,Fee Invoice Question,2025-10-19,2025-10-20,Closed,5,1.78,false,Email,Low,Granite Teachers Retirement 122,Insurance GA,Standard,EMEA,Luis Ashford,Felix Edwards,false
AM-SR-000193,AM-CL-0104,E-0279,Onboarding Document,2026-08-18,2026-08-23,Closed,7,5.51,false,Portal,Medium,Blue Ridge University Endowment 104,Sub-Advisory,Standard,Pacific,Owen Okafor,Ravi Campbell,false
AM-SR-000194,AM-CL-0100,E-0284,Performance Report,2026-05-30,2026-06-07,Closed,5,8.43,true,Portal,Low,Harbor Mutual Insurance 100,Sub-Advisory,Key,EMEA,Luis Ashford,Iris Thomas,false
AM-SR-000195,AM-CL-0034,E-0271,Performance Report,2026-02-09,2026-02-16,Closed,5,7.91,true,Email,Low,Cascade Employees Pension 34,Insurance GA,Standard,Mountain West,Mei Hall,Isabella Collins,false
AM-SR-000196,AM-CL-0069,E-0274,Performance Report,2026-03-25,2026-04-11,Closed,5,17.66,true,Email,Low,Northfield Community Foundation 69,Family Office,Standard,Southeast,Hannah Roberts,Hannah Young,false
AM-SR-000197,AM-CL-0007,E-0280,Compliance Attestation,2025-08-06,2025-08-15,Closed,10,9.87,false,Email,Medium,Ironwood Teachers Retirement 7,Insurance GA,Standard,Midwest,Fatima Okafor,Mateo Harris,false
AM-SR-000198,AM-CL-0086,E-0268,Performance Report,2024-12-05,2024-12-08,Closed,5,3.47,false,Portal,Low,Cascade University Endowment 86,Public Pension,Standard,EMEA,Layla Carter,Rosa Nguyen,false
AM-SR-000199,AM-CL-0114,E-0278,Compliance Attestation,2026-05-22,2026-05-27,Closed,10,5.24,false,Portal,Medium,Meridian Mutual Insurance 114,Family Office,Strategic,Midwest,Rosa Miller,Lauren Lopez,false
AM-SR-000200,AM-CL-0084,E-0287,Compliance Attestation,2025-02-08,2025-02-13,Closed,10,5.72,false,Email,Medium,Ironwood Community Foundation 84,Sovereign,Standard,Southeast,Noah Nelson,Emma Allen,false
AM-SR-000201,AM-CL-0049,E-0289,Performance Report,2026-06-16,2026-06-17,Closed,5,1.75,false,Email,Medium,Lakeshore Sovereign Fund 49,Sub-Advisory,Key,Mountain West,Priya Martinez,Victor Nguyen,false
AM-SR-000202,AM-CL-0073,E-0269,Onboarding Document,2025-03-03,2025-03-06,Closed,7,3.26,false,Email,Medium,Ironwood Employees Pension 73,Sub-Advisory,Strategic,Southeast,Hannah Roberts,Noah Hall,false
AM-SR-000203,AM-CL-0026,E-0266,Onboarding Document,2026-06-15,2026-06-17,Closed,7,2.94,false,Portal,Low,Summit Teachers Retirement 26,Foundation,Standard,Northeast,Layla Carter,Ethan Roberts,false
AM-SR-000204,AM-CL-0060,E-0284,Reconciliation,2026-08-14,2026-08-14,Closed,3,0.88,false,Email,Low,Granite Teachers Retirement 60,Sovereign,Standard,Northeast,Hannah Young,Iris Thomas,false
AM-SR-000205,AM-CL-0133,E-0275,Fee Invoice Question,2026-05-19,2026-05-23,Closed,5,4.38,false,Email,Medium,Granite University Endowment 133,Insurance GA,Standard,Northeast,Luis Silva,Daniel Allen,false
AM-SR-000206,AM-CL-0077,E-0282,Data Feed Issue,2026-06-17,2026-06-19,Closed,2,2.96,true,Email,Low,Granite Teachers Retirement 77,Sovereign,Key,Midwest,Mei Hall,Julian Adams,false
AM-SR-000207,AM-CL-0080,E-0275,Reconciliation,2025-03-23,2025-03-25,Closed,3,2.69,false,Email,Low,Harbor Teachers Retirement 80,Insurance GA,Standard,Pacific,Layla Carter,Daniel Allen,false
AM-SR-000208,AM-CL-0121,E-0285,Compliance Attestation,2025-10-28,2025-11-05,Closed,10,8.92,false,Email,Low,Meridian Capital Partners 121,Corporate Pension,Standard,Northeast,Iris Allen,Aisha Ashford,false
AM-SR-000209,AM-CL-0023,E-0285,Performance Report,2025-09-14,2025-10-06,Closed,5,22.73,true,Email,High,Harbor Community Foundation 23,Public Pension,Key,Midwest,Sofia Bailey,Aisha Ashford,false
AM-SR-000210,AM-CL-0068,E-0283,Performance Report,2026-01-15,2026-01-22,Closed,5,7.02,true,Phone,Medium,Northfield Employees Pension 68,Foundation,Strategic,Midwest,Noah Carter,Victor Chen,false
AM-SR-000211,AM-CL-0085,E-0267,Compliance Attestation,2026-08-25,,Open,10,,false,Email,Medium,Summit Community Foundation 85,Sub-Advisory,Standard,Pacific,Luis Ashford,Felix Stewart,false
AM-SR-000212,AM-CL-0084,E-0287,Fee Invoice Question,2025-09-05,2025-09-08,Closed,5,3.68,false,Portal,Medium,Ironwood Community Foundation 84,Sovereign,Standard,Southeast,Noah Nelson,Emma Allen,false
AM-SR-000213,AM-CL-0004,E-0272,Fee Invoice Question,2025-03-02,2025-03-04,Closed,5,2.57,false,Portal,Medium,Lakeshore Teachers Retirement 4,Sub-Advisory,Key,EMEA,Julian Collins,Aisha Green,false
AM-SR-000214,AM-CL-0031,E-0276,Reconciliation,2025-11-29,2025-11-30,Closed,3,1.27,false,Email,Medium,Blue Ridge Employees Pension 31,Sub-Advisory,Standard,Southeast,Owen Okafor,Felix Edwards,false
AM-SR-000215,AM-CL-0094,E-0271,Onboarding Document,2024-10-07,2024-10-09,Closed,7,2.45,false,Portal,Medium,Granite Capital Partners 94,Family Office,Standard,Pacific,Luis Ashford,Isabella Collins,true
AM-SR-000216,AM-CL-0001,E-0279,Fee Invoice Question,2026-08-31,,Open,5,,false,Portal,High,Lakeshore Employees Pension 1,Sub-Advisory,Strategic,Pacific,Wei Thomas,Ravi Campbell,false
AM-SR-000217,AM-CL-0090,E-0267,Data Feed Issue,2025-04-08,2025-04-09,Closed,2,1.46,false,Portal,High,Meridian University Endowment 90,Sovereign,Strategic,Midwest,Maya Ashford,Felix Stewart,true
AM-SR-000218,AM-CL-0132,E-0273,Performance Report,2024-10-08,2024-10-09,Closed,5,1.67,false,Phone,High,Blue Ridge Teachers Retirement 132,Sovereign,Standard,APAC,Fatima Patel,Samuel Wright,true
AM-SR-000219,AM-CL-0098,E-0268,Reconciliation,2026-03-20,2026-03-21,Closed,3,1.6,false,Email,Medium,Summit Capital Partners 98,Corporate Pension,Key,EMEA,Luis Silva,Rosa Nguyen,false
AM-SR-000220,AM-CL-0009,E-0279,Reconciliation,2025-11-05,2025-11-06,Closed,3,1.58,false,Phone,Low,Cascade Sovereign Fund 9,Corporate Pension,Strategic,Midwest,Fatima Patel,Ravi Campbell,false
AM-SR-000221,AM-CL-0138,E-0271,Reconciliation,2026-07-23,2026-07-28,Closed,3,5.69,true,Email,Low,Cascade Employees Pension 138,Endowment,Strategic,APAC,Tom Silva,Isabella Collins,false
AM-SR-000222,AM-CL-0097,E-0289,Data Feed Issue,2026-01-22,2026-01-22,Closed,2,0.41,false,Email,Low,Summit Capital Partners 97,Corporate Pension,Standard,Northeast,Fatima Okafor,Victor Nguyen,false
AM-SR-000223,AM-CL-0046,E-0270,Onboarding Document,2024-10-24,2024-10-29,Closed,7,5.55,false,Phone,Medium,Summit University Endowment 46,Foundation,Standard,Pacific,Fatima Patel,Sara Kim,false
AM-SR-000224,AM-CL-0136,E-0287,Compliance Attestation,2024-10-30,2024-11-02,Closed,10,3.82,false,Phone,Low,Summit University Endowment 136,Insurance GA,Key,APAC,Owen Okafor,Emma Allen,false
AM-SR-000225,AM-CL-0053,E-0271,Reconciliation,2025-10-14,2025-10-15,Closed,3,1.41,false,Email,Low,Granite Sovereign Fund 53,Family Office,Standard,Northeast,Iris Clark,Isabella Collins,false
AM-SR-000226,AM-CL-0080,E-0275,Compliance Attestation,2024-09-18,2024-09-27,Closed,10,9.38,false,Email,Medium,Harbor Teachers Retirement 80,Insurance GA,Standard,Pacific,Layla Carter,Daniel Allen,false
AM-SR-000227,AM-CL-0007,E-0280,Data Feed Issue,2026-03-13,2026-03-15,Closed,2,2.01,true,Email,Medium,Ironwood Teachers Retirement 7,Insurance GA,Standard,Midwest,Fatima Okafor,Mateo Harris,false
AM-SR-000228,AM-CL-0046,E-0270,Fee Invoice Question,2025-11-15,2025-11-23,Closed,5,8.08,true,Email,Medium,Summit University Endowment 46,Foundation,Standard,Pacific,Fatima Patel,Sara Kim,false
AM-SR-000229,AM-CL-0138,E-0271,Cash Movement,2025-11-29,2025-11-30,Closed,1,1.4,true,Email,High,Cascade Employees Pension 138,Endowment,Strategic,APAC,Tom Silva,Isabella Collins,false
AM-SR-000230,AM-CL-0024,E-0282,Onboarding Document,2024-11-16,2024-12-03,Closed,7,17.5,true,Portal,Low,Granite University Endowment 24,Foundation,Standard,Mountain West,Grace Bailey,Julian Adams,false
AM-SR-000231,AM-CL-0112,E-0289,Performance Report,2026-07-27,2026-08-02,Closed,5,6.96,true,Portal,Low,Northfield University Endowment 112,Endowment,Standard,APAC,Fatima Okafor,Victor Nguyen,false
AM-SR-000232,AM-CL-0004,E-0272,Fee Invoice Question,2025-04-11,2025-04-12,Closed,5,1.36,false,Email,High,Lakeshore Teachers Retirement 4,Sub-Advisory,Key,EMEA,Julian Collins,Aisha Green,true
AM-SR-000233,AM-CL-0106,E-0272,Fee Invoice Question,2026-01-26,2026-01-27,Closed,5,1.94,false,Email,Medium,Silverline Sovereign Fund 106,Endowment,Strategic,Pacific,Mei Hall,Aisha Green,false
AM-SR-000234,AM-CL-0062,E-0278,Onboarding Document,2024-12-09,2024-12-13,Closed,7,4.19,false,Portal,Medium,Northfield Teachers Retirement 62,Corporate Pension,Standard,Midwest,Owen Okafor,Lauren Lopez,false
AM-SR-000235,AM-CL-0056,E-0288,Performance Report,2024-09-27,2024-10-02,Closed,5,5.21,true,Portal,High,Harbor Mutual Insurance 56,Endowment,Strategic,APAC,Grace Bailey,Mateo Collins,false
AM-SR-000236,AM-CL-0080,E-0275,Performance Report,2026-04-09,2026-04-13,Closed,5,4.19,false,Email,Medium,Harbor Teachers Retirement 80,Insurance GA,Standard,Pacific,Layla Carter,Daniel Allen,true
AM-SR-000237,AM-CL-0005,E-0277,Cash Movement,2025-12-06,2025-12-06,Closed,1,0.37,false,Email,Medium,Blue Ridge Capital Partners 5,Sub-Advisory,Key,APAC,Rosa Miller,Kenji White,false
AM-SR-000238,AM-CL-0024,E-0282,Performance Report,2025-08-25,2025-08-27,Closed,5,2.93,false,Portal,Low,Granite University Endowment 24,Foundation,Standard,Mountain West,Grace Bailey,Julian Adams,false
AM-SR-000239,AM-CL-0025,E-0287,Performance Report,2025-08-03,2025-08-08,Closed,5,5.01,true,Email,Low,Summit Teachers Retirement 25,Insurance GA,Standard,Midwest,Rosa Miller,Emma Allen,false
AM-SR-000240,AM-CL-0128,E-0286,Cash Movement,2024-12-07,2024-12-08,Closed,1,1.35,true,Portal,High,Cascade Mutual Insurance 128,Sub-Advisory,Key,Northeast,Noah Carter,Daniel Nguyen,false
AM-SR-000241,AM-CL-0040,E-0268,Cash Movement,2026-05-18,2026-05-18,Closed,1,0.78,false,Email,High,Cascade Capital Partners 40,Corporate Pension,Key,EMEA,Luis Silva,Rosa Nguyen,false
AM-SR-000242,AM-CL-0136,E-0287,Onboarding Document,2024-10-21,2024-10-23,Closed,7,2.25,false,Portal,Medium,Summit University Endowment 136,Insurance GA,Key,APAC,Owen Okafor,Emma Allen,false
AM-SR-000243,AM-CL-0064,E-0274,Cash Movement,2025-03-13,2025-03-13,Closed,1,0.71,false,Email,Low,Granite Mutual Insurance 64,Sub-Advisory,Standard,Midwest,Layla Carter,Hannah Young,false
AM-SR-000244,AM-CL-0117,E-0289,Onboarding Document,2026-02-05,2026-02-13,Closed,7,8.63,true,Email,Low,Lakeshore Teachers Retirement 117,Endowment,Standard,EMEA,Wei Thomas,Victor Nguyen,false
AM-SR-000245,AM-CL-0041,E-0279,Fee Invoice Question,2024-11-01,2024-11-04,Closed,5,3.18,false,Email,High,Granite Mutual Insurance 41,Corporate Pension,Standard,APAC,Fatima Patel,Ravi Campbell,false
AM-SR-000246,AM-CL-0058,E-0280,Compliance Attestation,2025-05-23,2025-05-25,Closed,10,2.93,false,Email,Medium,Harbor Teachers Retirement 58,Sub-Advisory,Standard,APAC,Fatima Patel,Mateo Harris,false
AM-SR-000247,AM-CL-0117,E-0289,Compliance Attestation,2025-06-14,2025-06-25,Closed,10,11.49,true,Portal,High,Lakeshore Teachers Retirement 117,Endowment,Standard,EMEA,Wei Thomas,Victor Nguyen,false
AM-SR-000248,AM-CL-0139,E-0266,Performance Report,2026-04-25,2026-05-06,Closed,5,11.98,true,Email,Low,Lakeshore Teachers Retirement 139,Foundation,Strategic,Mountain West,Fatima Okafor,Ethan Roberts,false
AM-SR-000249,AM-CL-0040,E-0268,Reconciliation,2024-12-10,2024-12-11,Closed,3,1.57,false,Portal,High,Cascade Capital Partners 40,Corporate Pension,Key,EMEA,Luis Silva,Rosa Nguyen,false
AM-SR-000250,AM-CL-0046,E-0270,Cash Movement,2024-09-24,2024-09-25,Closed,1,1.26,true,Portal,Medium,Summit University Endowment 46,Foundation,Standard,Pacific,Fatima Patel,Sara Kim,false
AM-SR-000251,AM-CL-0052,E-0285,Performance Report,2025-06-07,2025-06-12,Closed,5,5.28,true,Portal,Low,Lakeshore Mutual Insurance 52,Family Office,Key,Mountain West,Tom Silva,Aisha Ashford,false
AM-SR-000252,AM-CL-0054,E-0290,Data Feed Issue,2025-05-26,2025-05-29,Closed,2,3.89,true,Email,Low,Granite Mutual Insurance 54,Corporate Pension,Standard,Pacific,Hannah Young,Luis Ashford,false
AM-SR-000253,AM-CL-0057,E-0281,Reconciliation,2026-03-14,2026-03-16,Closed,3,2.05,false,Email,Low,Lakeshore University Endowment 57,Sovereign,Standard,Mountain West,Luis Silva,Sofia Campbell,false
AM-SR-000254,AM-CL-0062,E-0278,Reconciliation,2026-07-18,2026-07-19,Closed,3,1.04,false,Email,Low,Northfield Teachers Retirement 62,Corporate Pension,Standard,Midwest,Owen Okafor,Lauren Lopez,false
AM-SR-000255,AM-CL-0027,E-0271,Performance Report,2025-08-01,2025-08-05,Closed,5,4.06,false,Portal,Low,Northfield Teachers Retirement 27,Sovereign,Key,Mountain West,Hannah Roberts,Isabella Collins,false
AM-SR-000256,AM-CL-0030,E-0275,Cash Movement,2026-05-13,2026-05-13,Closed,1,0.46,false,Email,Medium,Meridian Capital Partners 30,Family Office,Standard,Southeast,Sofia Bailey,Daniel Allen,false
AM-SR-000257,AM-CL-0015,E-0287,Performance Report,2024-11-07,2024-11-08,Closed,5,1.61,false,Email,High,Northfield Teachers Retirement 15,Foundation,Key,Mountain West,Hannah Young,Emma Allen,false
AM-SR-000258,AM-CL-0059,E-0273,Performance Report,2025-02-18,2025-02-20,Closed,5,2.59,false,Email,High,Lakeshore Teachers Retirement 59,Endowment,Strategic,Midwest,Nina Scott,Samuel Wright,false
AM-SR-000259,AM-CL-0087,E-0290,Reconciliation,2024-10-01,2024-10-15,Closed,3,14.89,true,Portal,Medium,Summit Capital Partners 87,Family Office,Strategic,APAC,Julian Collins,Luis Ashford,true
AM-SR-000260,AM-CL-0108,E-0272,Performance Report,2024-09-18,2024-09-23,Closed,5,5.37,true,Email,Low,Ironwood Employees Pension 108,Family Office,Strategic,APAC,Grace Bailey,Aisha Green,false
AM-SR-000261,AM-CL-0056,E-0288,Performance Report,2025-05-16,2025-05-22,Closed,5,6.15,true,Email,Low,Harbor Mutual Insurance 56,Endowment,Strategic,APAC,Grace Bailey,Mateo Collins,false
AM-SR-000262,AM-CL-0020,E-0266,Onboarding Document,2025-06-22,2025-06-26,Closed,7,4.64,false,Portal,Medium,Summit Capital Partners 20,Corporate Pension,Standard,Mountain West,Wei Thomas,Ethan Roberts,false
AM-SR-000263,AM-CL-0127,E-0266,Performance Report,2024-10-27,2024-10-30,Closed,5,3.03,false,Email,Low,Granite Community Foundation 127,Sovereign,Standard,APAC,Layla Carter,Ethan Roberts,false
AM-SR-000264,AM-CL-0093,E-0275,Onboarding Document,2025-04-04,2025-04-09,Closed,7,5.63,false,Email,Medium,Harbor Community Foundation 93,Corporate Pension,Strategic,Southeast,Maya Ashford,Daniel Allen,true
AM-SR-000265,AM-CL-0028,E-0279,Reconciliation,2026-03-12,2026-03-14,Closed,3,2.3,false,Portal,Medium,Silverline Teachers Retirement 28,Public Pension,Key,Pacific,Layla Carter,Ravi Campbell,false
AM-SR-000266,AM-CL-0041,E-0279,Cash Movement,2025-12-30,2025-12-31,Closed,1,1.6,true,Email,Medium,Granite Mutual Insurance 41,Corporate Pension,Standard,APAC,Fatima Patel,Ravi Campbell,false
AM-SR-000267,AM-CL-0025,E-0287,Performance Report,2024-12-29,2024-12-30,Closed,5,1.77,false,Email,Low,Summit Teachers Retirement 25,Insurance GA,Standard,Midwest,Rosa Miller,Emma Allen,false
AM-SR-000268,AM-CL-0088,E-0271,Performance Report,2026-03-19,2026-03-24,Closed,5,5.62,true,Portal,Medium,Northfield Mutual Insurance 88,Sub-Advisory,Key,Midwest,Fatima Okafor,Isabella Collins,false
AM-SR-000269,AM-CL-0139,E-0266,Reconciliation,2024-12-31,2025-01-08,Closed,3,8.81,true,Email,Low,Lakeshore Teachers Retirement 139,Foundation,Strategic,Mountain West,Fatima Okafor,Ethan Roberts,false
AM-SR-000270,AM-CL-0139,E-0266,Performance Report,2026-02-19,2026-02-22,Closed,5,3.39,false,Portal,Medium,Lakeshore Teachers Retirement 139,Foundation,Strategic,Mountain West,Fatima Okafor,Ethan Roberts,false
AM-SR-000271,AM-CL-0045,E-0269,Reconciliation,2025-03-31,2025-04-02,Closed,3,2.76,false,Portal,Medium,Blue Ridge Teachers Retirement 45,Family Office,Strategic,Southeast,Maya Ashford,Noah Hall,false
AM-SR-000272,AM-CL-0113,E-0270,Onboarding Document,2025-11-21,2025-11-27,Closed,7,6.23,false,Email,Low,Harbor Teachers Retirement 113,Insurance GA,Standard,APAC,Leo King,Sara Kim,false
AM-SR-000273,AM-CL-0009,E-0279,Cash Movement,2026-05-23,2026-05-23,Closed,1,0.27,false,Email,Medium,Cascade Sovereign Fund 9,Corporate Pension,Strategic,Midwest,Fatima Patel,Ravi Campbell,false
AM-SR-000274,AM-CL-0063,E-0284,Performance Report,2026-01-14,2026-01-15,Closed,5,1.46,false,Portal,Low,Cascade Employees Pension 63,Sovereign,Key,Mountain West,Fatima Patel,Iris Thomas,false
AM-SR-000275,AM-CL-0028,E-0279,Cash Movement,2024-11-27,2024-11-27,Closed,1,0.52,false,Email,Medium,Silverline Teachers Retirement 28,Public Pension,Key,Pacific,Layla Carter,Ravi Campbell,false
AM-SR-000276,AM-CL-0099,E-0279,Fee Invoice Question,2025-11-19,2025-11-20,Closed,5,1.69,false,Email,Low,Cascade Teachers Retirement 99,Foundation,Key,APAC,Hannah Young,Ravi Campbell,false
AM-SR-000277,AM-CL-0025,E-0287,Data Feed Issue,2025-09-03,2025-09-04,Closed,2,1.89,false,Email,Medium,Summit Teachers Retirement 25,Insurance GA,Standard,Midwest,Rosa Miller,Emma Allen,false
AM-SR-000278,AM-CL-0130,E-0273,Reconciliation,2025-01-28,2025-01-30,Closed,3,2.45,false,Portal,Medium,Lakeshore University Endowment 130,Public Pension,Key,Northeast,Owen Okafor,Samuel Wright,false
AM-SR-000279,AM-CL-0038,E-0288,Performance Report,2025-11-15,2025-11-17,Closed,5,2.1,false,Phone,Low,Summit Capital Partners 38,Endowment,Standard,Mountain West,Sofia Bailey,Mateo Collins,false
AM-SR-000280,AM-CL-0049,E-0289,Reconciliation,2025-03-06,2025-03-07,Closed,3,1.6,false,Email,Medium,Lakeshore Sovereign Fund 49,Sub-Advisory,Key,Mountain West,Priya Martinez,Victor Nguyen,false
AM-SR-000281,AM-CL-0118,E-0274,Reconciliation,2025-02-26,2025-02-27,Closed,3,1.55,false,Portal,Low,Silverline Community Foundation 118,Family Office,Key,Midwest,Maya Ashford,Hannah Young,false
AM-SR-000282,AM-CL-0012,E-0289,Reconciliation,2025-10-14,2025-10-14,Closed,3,0.61,false,Email,High,Blue Ridge Community Foundation 12,Foundation,Strategic,Mountain West,Luis Silva,Victor Nguyen,false
AM-SR-000283,AM-CL-0032,E-0279,Reconciliation,2025-10-10,2025-10-20,Closed,3,10.12,true,Portal,Medium,Meridian Sovereign Fund 32,Corporate Pension,Standard,Mountain West,Priya Martinez,Ravi Campbell,true
AM-SR-000284,AM-CL-0124,E-0270,Performance Report,2025-03-05,2025-03-07,Closed,5,2.29,false,Portal,Low,Blue Ridge Community Foundation 124,Endowment,Strategic,Northeast,Iris Kim,Sara Kim,false
AM-SR-000285,AM-CL-0119,E-0285,Cash Movement,2025-01-07,2025-01-07,Closed,1,0.48,false,Portal,Low,Harbor Sovereign Fund 119,Endowment,Key,Pacific,Hannah Roberts,Aisha Ashford,true
AM-SR-000286,AM-CL-0078,E-0278,Data Feed Issue,2026-01-21,2026-01-21,Closed,2,0.71,false,Email,High,Lakeshore Employees Pension 78,Insurance GA,Standard,EMEA,Julian Collins,Lauren Lopez,false
AM-SR-000287,AM-CL-0031,E-0276,Performance Report,2026-06-11,2026-06-16,Closed,5,5.89,true,Portal,Medium,Blue Ridge Employees Pension 31,Sub-Advisory,Standard,Southeast,Owen Okafor,Felix Edwards,false
AM-SR-000288,AM-CL-0120,E-0279,Performance Report,2025-12-05,2025-12-12,Closed,5,7.47,true,Portal,Medium,Ironwood Capital Partners 120,Foundation,Standard,Pacific,Owen Okafor,Ravi Campbell,false
AM-SR-000289,AM-CL-0136,E-0287,Performance Report,2026-08-12,2026-08-14,Closed,5,2.52,false,Email,Medium,Summit University Endowment 136,Insurance GA,Key,APAC,Owen Okafor,Emma Allen,false
AM-SR-000290,AM-CL-0053,E-0271,Performance Report,2025-09-27,2025-09-30,Closed,5,3.46,false,Email,Medium,Granite Sovereign Fund 53,Family Office,Standard,Northeast,Iris Clark,Isabella Collins,false
AM-SR-000291,AM-CL-0104,E-0279,Performance Report,2026-07-05,2026-07-08,Closed,5,3.78,false,Email,Medium,Blue Ridge University Endowment 104,Sub-Advisory,Standard,Pacific,Owen Okafor,Ravi Campbell,true
AM-SR-000292,AM-CL-0055,E-0268,Cash Movement,2024-11-30,2024-12-02,Closed,1,2.73,true,Email,Medium,Granite Teachers Retirement 55,Sub-Advisory,Key,Northeast,Fatima Patel,Rosa Nguyen,false
AM-SR-000293,AM-CL-0092,E-0284,Reconciliation,2026-08-06,2026-08-07,Closed,3,1.77,false,Portal,Medium,Meridian Capital Partners 92,Public Pension,Key,Northeast,Noah Carter,Iris Thomas,false
AM-SR-000294,AM-CL-0059,E-0273,Reconciliation,2026-06-22,2026-06-24,Closed,3,2.22,false,Phone,Medium,Lakeshore Teachers Retirement 59,Endowment,Strategic,Midwest,Nina Scott,Samuel Wright,false
AM-SR-000295,AM-CL-0129,E-0273,Fee Invoice Question,2025-06-23,2025-06-25,Closed,5,2.28,false,Email,Low,Blue Ridge Mutual Insurance 129,Foundation,Key,Pacific,Luis Silva,Samuel Wright,false
AM-SR-000296,AM-CL-0016,E-0269,Reconciliation,2026-04-21,2026-04-25,Closed,3,4.04,true,Portal,High,Ironwood Sovereign Fund 16,Sovereign,Key,Pacific,Maya Ashford,Noah Hall,false
AM-SR-000297,AM-CL-0140,E-0272,Reconciliation,2025-05-07,2025-05-07,Closed,3,0.99,false,Email,Medium,Lakeshore Teachers Retirement 140,Foundation,Key,Midwest,Wei Thomas,Aisha Green,false
AM-SR-000298,AM-CL-0115,E-0274,Data Feed Issue,2025-02-10,2025-02-10,Closed,2,0.99,false,Phone,Medium,Ironwood Capital Partners 115,Public Pension,Key,EMEA,Maya Ashford,Hannah Young,false
AM-SR-000299,AM-CL-0128,E-0286,Performance Report,2025-03-15,2025-03-22,Closed,5,7.15,true,Phone,Medium,Cascade Mutual Insurance 128,Sub-Advisory,Key,Northeast,Noah Carter,Daniel Nguyen,false
AM-SR-000300,AM-CL-0118,E-0274,Data Feed Issue,2025-05-18,2025-05-19,Closed,2,1.43,false,Email,Medium,Silverline Community Foundation 118,Family Office,Key,Midwest,Maya Ashford,Hannah Young,false
AM-SR-000301,AM-CL-0096,E-0272,Performance Report,2024-10-08,2024-10-14,Closed,5,6.15,true,Email,Low,Cascade Teachers Retirement 96,Endowment,Strategic,APAC,Grace Bailey,Aisha Green,true
AM-SR-000302,AM-CL-0053,E-0271,Cash Movement,2026-01-27,2026-01-27,Closed,1,0.54,false,Email,Low,Granite Sovereign Fund 53,Family Office,Standard,Northeast,Iris Clark,Isabella Collins,false
AM-SR-000303,AM-CL-0008,E-0279,Reconciliation,2026-02-07,2026-02-09,Closed,3,2.07,false,Email,Low,Granite Community Foundation 8,Insurance GA,Standard,Mountain West,Luis Silva,Ravi Campbell,false
AM-SR-000304,AM-CL-0087,E-0290,Data Feed Issue,2025-12-20,2025-12-23,Closed,2,3.06,true,Email,Low,Summit Capital Partners 87,Family Office,Strategic,APAC,Julian Collins,Luis Ashford,false
AM-SR-000305,AM-CL-0043,E-0267,Performance Report,2025-05-04,2025-05-07,Closed,5,3.51,false,Portal,Low,Lakeshore Community Foundation 43,Family Office,Key,Pacific,Rosa Miller,Felix Stewart,false
AM-SR-000306,AM-CL-0066,E-0278,Performance Report,2026-03-03,2026-03-06,Closed,5,3.32,false,Email,Low,Cascade Mutual Insurance 66,Family Office,Strategic,Midwest,Luis Silva,Lauren Lopez,false
AM-SR-000307,AM-CL-0053,E-0271,Fee Invoice Question,2026-05-14,2026-05-21,Closed,5,7.27,true,Portal,Low,Granite Sovereign Fund 53,Family Office,Standard,Northeast,Iris Clark,Isabella Collins,false
AM-SR-000308,AM-CL-0028,E-0279,Onboarding Document,2025-03-26,2025-03-29,Closed,7,3.59,false,Email,Low,Silverline Teachers Retirement 28,Public Pension,Key,Pacific,Layla Carter,Ravi Campbell,false
AM-SR-000309,AM-CL-0088,E-0271,Reconciliation,2025-02-28,2025-03-02,Closed,3,2.92,false,Portal,High,Northfield Mutual Insurance 88,Sub-Advisory,Key,Midwest,Fatima Okafor,Isabella Collins,false
AM-SR-000310,AM-CL-0018,E-0266,Reconciliation,2025-07-20,2025-07-25,Closed,3,5.58,true,Email,Medium,Meridian Mutual Insurance 18,Public Pension,Key,Pacific,Noah Carter,Ethan Roberts,false
AM-SR-000311,AM-CL-0095,E-0280,Performance Report,2026-02-22,2026-03-02,Closed,5,8.66,true,Portal,Medium,Ironwood Sovereign Fund 95,Sub-Advisory,Standard,Southeast,Wei Thomas,Mateo Harris,false
AM-SR-000312,AM-CL-0020,E-0266,Onboarding Document,2025-12-31,2026-01-01,Closed,7,1.93,false,Portal,Medium,Summit Capital Partners 20,Corporate Pension,Standard,Mountain West,Wei Thomas,Ethan Roberts,false
AM-SR-000313,AM-CL-0108,E-0272,Fee Invoice Question,2026-08-24,2026-08-28,Closed,5,4.85,false,Portal,Medium,Ironwood Employees Pension 108,Family Office,Strategic,APAC,Grace Bailey,Aisha Green,false
AM-SR-000314,AM-CL-0121,E-0285,Cash Movement,2026-08-30,2026-08-30,Closed,1,0.74,false,Email,Low,Meridian Capital Partners 121,Corporate Pension,Standard,Northeast,Iris Allen,Aisha Ashford,false
AM-SR-000315,AM-CL-0110,E-0286,Fee Invoice Question,2025-01-30,2025-02-09,Closed,5,10.76,true,Portal,Medium,Summit Community Foundation 110,Public Pension,Standard,Northeast,Grace Martinez,Daniel Nguyen,false
AM-SR-000316,AM-CL-0087,E-0290,Performance Report,2025-09-07,2025-09-13,Closed,5,6.96,true,Portal,Low,Summit Capital Partners 87,Family Office,Strategic,APAC,Julian Collins,Luis Ashford,false
AM-SR-000317,AM-CL-0117,E-0289,Fee Invoice Question,2026-04-19,2026-04-21,Closed,5,2.33,false,Email,Low,Lakeshore Teachers Retirement 117,Endowment,Standard,EMEA,Wei Thomas,Victor Nguyen,false
AM-SR-000318,AM-CL-0105,E-0284,Reconciliation,2025-12-02,2025-12-03,Closed,3,1.9,false,Email,Low,Northfield Community Foundation 105,Corporate Pension,Key,Midwest,Nina Scott,Iris Thomas,false
AM-SR-000319,AM-CL-0017,E-0281,Fee Invoice Question,2026-02-07,2026-02-12,Closed,5,5.21,true,Portal,Low,Lakeshore Teachers Retirement 17,Family Office,Standard,EMEA,Tom Silva,Sofia Campbell,false
AM-SR-000320,AM-CL-0044,E-0282,Compliance Attestation,2025-02-25,2025-03-13,Closed,10,16.86,true,Phone,High,Blue Ridge Teachers Retirement 44,Sovereign,Key,Southeast,Fatima Patel,Julian Adams,false
AM-SR-000321,AM-CL-0056,E-0288,Performance Report,2025-03-11,2025-03-12,Closed,5,1.23,false,Email,Low,Harbor Mutual Insurance 56,Endowment,Strategic,APAC,Grace Bailey,Mateo Collins,false
AM-SR-000322,AM-CL-0046,E-0270,Fee Invoice Question,2026-03-19,2026-03-23,Closed,5,4.21,false,Portal,Low,Summit University Endowment 46,Foundation,Standard,Pacific,Fatima Patel,Sara Kim,false
AM-SR-000323,AM-CL-0046,E-0270,Performance Report,2024-11-27,2024-12-01,Closed,5,4.36,false,Email,High,Summit University Endowment 46,Foundation,Standard,Pacific,Fatima Patel,Sara Kim,false
AM-SR-000324,AM-CL-0064,E-0274,Reconciliation,2025-01-28,2025-01-29,Closed,3,1.99,false,Phone,Medium,Granite Mutual Insurance 64,Sub-Advisory,Standard,Midwest,Layla Carter,Hannah Young,false
AM-SR-000325,AM-CL-0077,E-0282,Reconciliation,2025-08-14,2025-08-18,Closed,3,4.76,true,Email,Low,Granite Teachers Retirement 77,Sovereign,Key,Midwest,Mei Hall,Julian Adams,false
AM-SR-000326,AM-CL-0063,E-0284,Fee Invoice Question,2024-11-03,2024-11-04,Closed,5,1.58,false,Portal,Low,Cascade Employees Pension 63,Sovereign,Key,Mountain West,Fatima Patel,Iris Thomas,false
AM-SR-000327,AM-CL-0004,E-0272,Cash Movement,2025-12-27,2025-12-29,Closed,1,2.47,true,Portal,Low,Lakeshore Teachers Retirement 4,Sub-Advisory,Key,EMEA,Julian Collins,Aisha Green,false
AM-SR-000328,AM-CL-0123,E-0272,Compliance Attestation,2024-11-12,2024-11-13,Closed,10,1.78,false,Email,High,Cascade Mutual Insurance 123,Sub-Advisory,Standard,Southeast,Layla Carter,Aisha Green,false
AM-SR-000329,AM-CL-0070,E-0282,Performance Report,2025-08-02,2025-08-04,Closed,5,2.4,false,Email,Low,Cascade Capital Partners 70,Public Pension,Strategic,EMEA,Noah Nelson,Julian Adams,false
AM-SR-000330,AM-CL-0028,E-0279,Performance Report,2025-05-18,2025-05-24,Closed,5,6.62,true,Phone,Low,Silverline Teachers Retirement 28,Public Pension,Key,Pacific,Layla Carter,Ravi Campbell,false
AM-SR-000331,AM-CL-0040,E-0268,Reconciliation,2026-04-01,2026-04-07,Closed,3,6.21,true,Email,Medium,Cascade Capital Partners 40,Corporate Pension,Key,EMEA,Luis Silva,Rosa Nguyen,true
AM-SR-000332,AM-CL-0136,E-0287,Reconciliation,2026-07-07,2026-07-08,Closed,3,1.44,false,Email,High,Summit University Endowment 136,Insurance GA,Key,APAC,Owen Okafor,Emma Allen,true
AM-SR-000333,AM-CL-0022,E-0273,Cash Movement,2025-10-24,2025-10-24,Closed,1,0.35,false,Email,Low,Northfield Mutual Insurance 22,Foundation,Key,EMEA,Iris Allen,Samuel Wright,false
AM-SR-000334,AM-CL-0115,E-0274,Performance Report,2024-10-02,2024-10-03,Closed,5,1.46,false,Email,Medium,Ironwood Capital Partners 115,Public Pension,Key,EMEA,Maya Ashford,Hannah Young,true
AM-SR-000335,AM-CL-0037,E-0282,Performance Report,2025-04-27,2025-04-30,Closed,5,3.24,false,Portal,Low,Harbor Capital Partners 37,Foundation,Standard,APAC,Nina Scott,Julian Adams,false
AM-SR-000336,AM-CL-0020,E-0266,Performance Report,2026-07-09,2026-07-16,Closed,5,7.42,true,Phone,Low,Summit Capital Partners 20,Corporate Pension,Standard,Mountain West,Wei Thomas,Ethan Roberts,true
AM-SR-000337,AM-CL-0034,E-0271,Fee Invoice Question,2025-07-23,2025-07-28,Closed,5,5.14,true,Email,Medium,Cascade Employees Pension 34,Insurance GA,Standard,Mountain West,Mei Hall,Isabella Collins,false
AM-SR-000338,AM-CL-0060,E-0284,Reconciliation,2024-09-16,2024-09-19,Closed,3,3.88,true,Portal,Medium,Granite Teachers Retirement 60,Sovereign,Standard,Northeast,Hannah Young,Iris Thomas,false
AM-SR-000339,AM-CL-0057,E-0281,Reconciliation,2025-07-13,2025-07-14,Closed,3,1.16,false,Portal,Low,Lakeshore University Endowment 57,Sovereign,Standard,Mountain West,Luis Silva,Sofia Campbell,false
AM-SR-000340,AM-CL-0093,E-0275,Cash Movement,2025-01-30,2025-01-31,Closed,1,1.02,true,Email,Medium,Harbor Community Foundation 93,Corporate Pension,Strategic,Southeast,Maya Ashford,Daniel Allen,false
AM-SR-000341,AM-CL-0058,E-0280,Reconciliation,2025-12-27,2025-12-29,Closed,3,2.02,false,Portal,Medium,Harbor Teachers Retirement 58,Sub-Advisory,Standard,APAC,Fatima Patel,Mateo Harris,false
AM-SR-000342,AM-CL-0121,E-0285,Reconciliation,2025-08-13,2025-08-14,Closed,3,1.28,false,Email,Medium,Meridian Capital Partners 121,Corporate Pension,Standard,Northeast,Iris Allen,Aisha Ashford,false
AM-SR-000343,AM-CL-0098,E-0268,Performance Report,2024-11-24,2024-11-28,Closed,5,4.55,false,Portal,Low,Summit Capital Partners 98,Corporate Pension,Key,EMEA,Luis Silva,Rosa Nguyen,false
AM-SR-000344,AM-CL-0068,E-0283,Performance Report,2025-10-02,2025-10-04,Closed,5,2.9,false,Email,Low,Northfield Employees Pension 68,Foundation,Strategic,Midwest,Noah Carter,Victor Chen,true
AM-SR-000345,AM-CL-0140,E-0272,Reconciliation,2025-12-28,2025-12-31,Closed,3,3.82,true,Email,Low,Lakeshore Teachers Retirement 140,Foundation,Key,Midwest,Wei Thomas,Aisha Green,false
AM-SR-000346,AM-CL-0087,E-0290,Fee Invoice Question,2026-05-11,2026-05-20,Closed,5,9.17,true,Email,Medium,Summit Capital Partners 87,Family Office,Strategic,APAC,Julian Collins,Luis Ashford,false
AM-SR-000347,AM-CL-0056,E-0288,Reconciliation,2025-07-07,2025-07-14,Closed,3,7.33,true,Email,Low,Harbor Mutual Insurance 56,Endowment,Strategic,APAC,Grace Bailey,Mateo Collins,true
AM-SR-000348,AM-CL-0076,E-0282,Reconciliation,2026-02-05,2026-02-07,Closed,3,2.97,false,Phone,Low,Ironwood Capital Partners 76,Foundation,Key,Midwest,Nina Scott,Julian Adams,false
AM-SR-000349,AM-CL-0010,E-0275,Performance Report,2025-01-26,2025-02-03,Closed,5,8.46,true,Portal,High,Northfield Capital Partners 10,Insurance GA,Standard,Midwest,Wei Thomas,Daniel Allen,false
AM-SR-000350,AM-CL-0095,E-0280,Performance Report,2025-10-31,2025-11-06,Closed,5,6.82,true,Portal,Low,Ironwood Sovereign Fund 95,Sub-Advisory,Standard,Southeast,Wei Thomas,Mateo Harris,false
AM-SR-000351,AM-CL-0137,E-0284,Reconciliation,2024-12-03,2024-12-04,Closed,3,1.14,false,Portal,Low,Northfield Sovereign Fund 137,Endowment,Strategic,Mountain West,Grace Bailey,Iris Thomas,false
AM-SR-000352,AM-CL-0110,E-0286,Performance Report,2026-08-28,2026-08-31,Closed,5,3.17,false,Email,Medium,Summit Community Foundation 110,Public Pension,Standard,Northeast,Grace Martinez,Daniel Nguyen,false
AM-SR-000353,AM-CL-0034,E-0271,Data Feed Issue,2026-05-29,2026-06-02,Closed,2,4.83,true,Portal,Low,Cascade Employees Pension 34,Insurance GA,Standard,Mountain West,Mei Hall,Isabella Collins,false
AM-SR-000354,AM-CL-0093,E-0275,Reconciliation,2025-05-16,2025-05-17,Closed,3,1.43,false,Portal,Low,Harbor Community Foundation 93,Corporate Pension,Strategic,Southeast,Maya Ashford,Daniel Allen,false
AM-SR-000355,AM-CL-0064,E-0274,Fee Invoice Question,2025-07-25,2025-07-28,Closed,5,3.03,false,Email,Low,Granite Mutual Insurance 64,Sub-Advisory,Standard,Midwest,Layla Carter,Hannah Young,false
AM-SR-000356,AM-CL-0090,E-0267,Fee Invoice Question,2025-06-07,2025-06-10,Closed,5,3.78,false,Email,Medium,Meridian University Endowment 90,Sovereign,Strategic,Midwest,Maya Ashford,Felix Stewart,false
AM-SR-000357,AM-CL-0037,E-0282,Compliance Attestation,2025-03-20,2025-04-03,Closed,10,14.76,true,Email,High,Harbor Capital Partners 37,Foundation,Standard,APAC,Nina Scott,Julian Adams,false
AM-SR-000358,AM-CL-0103,E-0289,Performance Report,2025-02-05,2025-02-07,Closed,5,2.92,false,Phone,Low,Blue Ridge University Endowment 103,Foundation,Standard,Midwest,Julian Collins,Victor Nguyen,false
AM-SR-000359,AM-CL-0020,E-0266,Compliance Attestation,2025-04-28,2025-05-17,Closed,10,19.58,true,Email,Medium,Summit Capital Partners 20,Corporate Pension,Standard,Mountain West,Wei Thomas,Ethan Roberts,false
AM-SR-000360,AM-CL-0029,E-0266,Performance Report,2026-01-10,2026-01-11,Closed,5,1.56,false,Portal,High,Granite Capital Partners 29,Sovereign,Key,Midwest,Iris Allen,Ethan Roberts,true
AM-SR-000361,AM-CL-0062,E-0278,Performance Report,2025-07-08,2025-07-12,Closed,5,4.77,false,Email,Medium,Northfield Teachers Retirement 62,Corporate Pension,Standard,Midwest,Owen Okafor,Lauren Lopez,true
AM-SR-000362,AM-CL-0068,E-0283,Compliance Attestation,2025-11-29,2025-12-06,Closed,10,7.92,false,Portal,Medium,Northfield Employees Pension 68,Foundation,Strategic,Midwest,Noah Carter,Victor Chen,false
AM-SR-000363,AM-CL-0095,E-0280,Performance Report,2025-03-30,2025-04-05,Closed,5,6.79,true,Portal,High,Ironwood Sovereign Fund 95,Sub-Advisory,Standard,Southeast,Wei Thomas,Mateo Harris,false
AM-SR-000364,AM-CL-0126,E-0270,Performance Report,2025-11-07,2025-11-11,Closed,5,4.78,false,Email,High,Northfield Employees Pension 126,Family Office,Strategic,Pacific,Noah Carter,Sara Kim,false
AM-SR-000365,AM-CL-0096,E-0272,Performance Report,2025-01-14,2025-01-18,Closed,5,4.96,false,Email,High,Cascade Teachers Retirement 96,Endowment,Strategic,APAC,Grace Bailey,Aisha Green,false
AM-SR-000366,AM-CL-0018,E-0266,Reconciliation,2025-12-04,2025-12-05,Closed,3,1.85,false,Email,Medium,Meridian Mutual Insurance 18,Public Pension,Key,Pacific,Noah Carter,Ethan Roberts,false
AM-SR-000367,AM-CL-0075,E-0270,Data Feed Issue,2025-11-15,2025-11-16,Closed,2,1.53,false,Portal,Medium,Harbor Teachers Retirement 75,Endowment,Standard,Mountain West,Fatima Patel,Sara Kim,false
AM-SR-000368,AM-CL-0046,E-0270,Fee Invoice Question,2025-08-22,2025-08-30,Closed,5,8.03,true,Email,Medium,Summit University Endowment 46,Foundation,Standard,Pacific,Fatima Patel,Sara Kim,false
AM-SR-000369,AM-CL-0004,E-0272,Performance Report,2026-03-28,2026-04-01,Closed,5,4.8,false,Email,Medium,Lakeshore Teachers Retirement 4,Sub-Advisory,Key,EMEA,Julian Collins,Aisha Green,false
AM-SR-000370,AM-CL-0104,E-0279,Performance Report,2026-03-13,2026-03-28,Closed,5,15.23,true,Email,Medium,Blue Ridge University Endowment 104,Sub-Advisory,Standard,Pacific,Owen Okafor,Ravi Campbell,false
AM-SR-000371,AM-CL-0115,E-0274,Cash Movement,2024-09-17,2024-09-17,Closed,1,0.34,false,Portal,High,Ironwood Capital Partners 115,Public Pension,Key,EMEA,Maya Ashford,Hannah Young,false
AM-SR-000372,AM-CL-0066,E-0278,Reconciliation,2026-05-24,2026-05-27,Closed,3,3.81,true,Email,Medium,Cascade Mutual Insurance 66,Family Office,Strategic,Midwest,Luis Silva,Lauren Lopez,false
AM-SR-000373,AM-CL-0118,E-0274,Onboarding Document,2026-02-24,2026-03-04,Closed,7,8.59,true,Email,Medium,Silverline Community Foundation 118,Family Office,Key,Midwest,Maya Ashford,Hannah Young,false
AM-SR-000374,AM-CL-0087,E-0290,Compliance Attestation,2025-06-27,2025-07-05,Closed,10,8.94,false,Email,Low,Summit Capital Partners 87,Family Office,Strategic,APAC,Julian Collins,Luis Ashford,false
AM-SR-000375,AM-CL-0048,E-0284,Performance Report,2026-07-01,2026-07-06,Closed,5,5.85,true,Portal,Medium,Lakeshore Community Foundation 48,Family Office,Strategic,Mountain West,Grace Martinez,Iris Thomas,true
AM-SR-000376,AM-CL-0102,E-0277,Cash Movement,2024-12-22,2024-12-22,Closed,1,0.7,false,Email,Low,Granite Community Foundation 102,Endowment,Strategic,APAC,Noah Nelson,Kenji White,false
AM-SR-000377,AM-CL-0083,E-0287,Fee Invoice Question,2025-10-31,2025-11-02,Closed,5,2.67,false,Email,Medium,Northfield Sovereign Fund 83,Public Pension,Strategic,APAC,Iris Allen,Emma Allen,false
AM-SR-000378,AM-CL-0140,E-0272,Reconciliation,2024-12-29,2024-12-31,Closed,3,2.42,false,Email,Low,Lakeshore Teachers Retirement 140,Foundation,Key,Midwest,Wei Thomas,Aisha Green,false
AM-SR-000379,AM-CL-0062,E-0278,Fee Invoice Question,2026-04-25,2026-04-26,Closed,5,1.94,false,Email,Low,Northfield Teachers Retirement 62,Corporate Pension,Standard,Midwest,Owen Okafor,Lauren Lopez,false
AM-SR-000380,AM-CL-0011,E-0271,Cash Movement,2025-01-23,2025-01-23,Closed,1,0.87,false,Phone,Medium,Lakeshore Community Foundation 11,Corporate Pension,Key,Midwest,Julian Collins,Isabella Collins,false
AM-SR-000381,AM-CL-0060,E-0284,Reconciliation,2025-08-15,2025-08-15,Closed,3,0.8,false,Portal,Low,Granite Teachers Retirement 60,Sovereign,Standard,Northeast,Hannah Young,Iris Thomas,false
AM-SR-000382,AM-CL-0017,E-0281,Performance Report,2026-04-12,2026-04-16,Closed,5,4.48,false,Email,High,Lakeshore Teachers Retirement 17,Family Office,Standard,EMEA,Tom Silva,Sofia Campbell,true
AM-SR-000383,AM-CL-0013,E-0277,Compliance Attestation,2025-03-14,2025-03-17,Closed,10,3.06,false,Portal,Low,Meridian Teachers Retirement 13,Sovereign,Standard,Northeast,Leo King,Kenji White,false
AM-SR-000384,AM-CL-0038,E-0288,Fee Invoice Question,2025-01-28,2025-01-31,Closed,5,3.05,false,Email,High,Summit Capital Partners 38,Endowment,Standard,Mountain West,Sofia Bailey,Mateo Collins,false
AM-SR-000385,AM-CL-0065,E-0286,Performance Report,2025-07-04,2025-07-07,Closed,5,3.61,false,Email,Low,Harbor Capital Partners 65,Foundation,Standard,Northeast,Iris Clark,Daniel Nguyen,true
AM-SR-000386,AM-CL-0092,E-0284,Performance Report,2025-08-23,2025-08-23,Closed,5,0.91,false,Email,High,Meridian Capital Partners 92,Public Pension,Key,Northeast,Noah Carter,Iris Thomas,false
AM-SR-000387,AM-CL-0028,E-0279,Reconciliation,2025-09-11,2025-09-12,Closed,3,1.2,false,Email,Medium,Silverline Teachers Retirement 28,Public Pension,Key,Pacific,Layla Carter,Ravi Campbell,false
AM-SR-000388,AM-CL-0025,E-0287,Reconciliation,2025-10-02,2025-10-11,Closed,3,9.32,true,Portal,Medium,Summit Teachers Retirement 25,Insurance GA,Standard,Midwest,Rosa Miller,Emma Allen,true
AM-SR-000389,AM-CL-0048,E-0284,Onboarding Document,2026-08-04,2026-08-10,Closed,7,6.93,false,Phone,Medium,Lakeshore Community Foundation 48,Family Office,Strategic,Mountain West,Grace Martinez,Iris Thomas,false
AM-SR-000390,AM-CL-0033,E-0266,Fee Invoice Question,2025-06-11,2025-06-15,Closed,5,4.36,false,Email,Low,Summit Employees Pension 33,Family Office,Standard,EMEA,Hannah Young,Ethan Roberts,false
AM-SR-000391,AM-CL-0086,E-0268,Data Feed Issue,2025-09-13,2025-09-16,Closed,2,3.68,true,Email,Low,Cascade University Endowment 86,Public Pension,Standard,EMEA,Layla Carter,Rosa Nguyen,false
AM-SR-000392,AM-CL-0116,E-0272,Performance Report,2025-08-15,2025-08-17,Closed,5,2.43,false,Portal,High,Silverline Sovereign Fund 116,Sub-Advisory,Key,Pacific,Iris Allen,Aisha Green,false
AM-SR-000393,AM-CL-0069,E-0274,Compliance Attestation,2025-10-28,2025-11-13,Closed,10,16.26,true,Email,Medium,Northfield Community Foundation 69,Family Office,Standard,Southeast,Hannah Roberts,Hannah Young,false
AM-SR-000394,AM-CL-0004,E-0272,Onboarding Document,2025-08-22,2025-08-25,Closed,7,3.77,false,Phone,Medium,Lakeshore Teachers Retirement 4,Sub-Advisory,Key,EMEA,Julian Collins,Aisha Green,false
AM-SR-000395,AM-CL-0042,E-0286,Compliance Attestation,2025-11-28,2025-12-12,Closed,10,14.39,true,Portal,Medium,Blue Ridge Teachers Retirement 42,Public Pension,Standard,Mountain West,Layla Carter,Daniel Nguyen,false
AM-SR-000396,AM-CL-0017,E-0281,Onboarding Document,2026-07-04,2026-07-14,Closed,7,10.0,true,Phone,Medium,Lakeshore Teachers Retirement 17,Family Office,Standard,EMEA,Tom Silva,Sofia Campbell,true
AM-SR-000397,AM-CL-0011,E-0271,Cash Movement,2025-01-23,2025-01-23,Closed,1,0.79,false,Email,Medium,Lakeshore Community Foundation 11,Corporate Pension,Key,Midwest,Julian Collins,Isabella Collins,false
AM-SR-000398,AM-CL-0122,E-0276,Performance Report,2024-11-20,2024-11-22,Closed,5,2.73,false,Phone,Medium,Granite Teachers Retirement 122,Insurance GA,Standard,EMEA,Luis Ashford,Felix Edwards,false
AM-SR-000399,AM-CL-0134,E-0281,Cash Movement,2024-12-07,2024-12-08,Closed,1,1.12,true,Email,Medium,Granite Sovereign Fund 134,Family Office,Standard,Midwest,Maya Ashford,Sofia Campbell,false
AM-SR-000400,AM-CL-0055,E-0268,Compliance Attestation,2026-03-15,2026-03-19,Closed,10,4.29,false,Portal,Medium,Granite Teachers Retirement 55,Sub-Advisory,Key,Northeast,Fatima Patel,Rosa Nguyen,false
AM-SR-000401,AM-CL-0114,E-0278,Data Feed Issue,2025-09-02,2025-09-02,Closed,2,0.82,false,Portal,Medium,Meridian Mutual Insurance 114,Family Office,Strategic,Midwest,Rosa Miller,Lauren Lopez,false
AM-SR-000402,AM-CL-0123,E-0272,Reconciliation,2025-12-01,2025-12-05,Closed,3,4.62,true,Email,Low,Cascade Mutual Insurance 123,Sub-Advisory,Standard,Southeast,Layla Carter,Aisha Green,false
AM-SR-000403,AM-CL-0010,E-0275,Fee Invoice Question,2026-05-21,2026-05-25,Closed,5,4.9,false,Portal,Medium,Northfield Capital Partners 10,Insurance GA,Standard,Midwest,Wei Thomas,Daniel Allen,false
AM-SR-000404,AM-CL-0077,E-0282,Fee Invoice Question,2026-08-26,2026-08-26,Closed,5,0.76,false,Email,Medium,Granite Teachers Retirement 77,Sovereign,Key,Midwest,Mei Hall,Julian Adams,false
AM-SR-000405,AM-CL-0134,E-0281,Reconciliation,2026-06-20,2026-06-27,Closed,3,7.78,true,Email,Medium,Granite Sovereign Fund 134,Family Office,Standard,Midwest,Maya Ashford,Sofia Campbell,false
AM-SR-000406,AM-CL-0090,E-0267,Cash Movement,2026-06-18,2026-06-18,Closed,1,0.4,false,Email,Low,Meridian University Endowment 90,Sovereign,Strategic,Midwest,Maya Ashford,Felix Stewart,false
AM-SR-000407,AM-CL-0038,E-0288,Compliance Attestation,2024-11-22,2024-11-29,Closed,10,7.94,false,Email,Medium,Summit Capital Partners 38,Endowment,Standard,Mountain West,Sofia Bailey,Mateo Collins,false
AM-SR-000408,AM-CL-0058,E-0280,Performance Report,2026-05-19,2026-05-20,Closed,5,1.77,false,Email,Low,Harbor Teachers Retirement 58,Sub-Advisory,Standard,APAC,Fatima Patel,Mateo Harris,false
AM-SR-000409,AM-CL-0106,E-0272,Performance Report,2025-06-02,2025-06-05,Closed,5,3.1,false,Portal,Medium,Silverline Sovereign Fund 106,Endowment,Strategic,Pacific,Mei Hall,Aisha Green,false
AM-SR-000410,AM-CL-0070,E-0282,Performance Report,2025-03-25,2025-03-25,Closed,5,0.51,false,Email,High,Cascade Capital Partners 70,Public Pension,Strategic,EMEA,Noah Nelson,Julian Adams,false
AM-SR-000411,AM-CL-0103,E-0289,Cash Movement,2025-12-26,2025-12-26,Closed,1,0.77,false,Portal,High,Blue Ridge University Endowment 103,Foundation,Standard,Midwest,Julian Collins,Victor Nguyen,false
AM-SR-000412,AM-CL-0100,E-0284,Fee Invoice Question,2024-11-27,2024-12-01,Closed,5,4.89,false,Portal,Medium,Harbor Mutual Insurance 100,Sub-Advisory,Key,EMEA,Luis Ashford,Iris Thomas,false
AM-SR-000413,AM-CL-0119,E-0285,Cash Movement,2026-02-15,2026-02-16,Closed,1,1.18,true,Email,High,Harbor Sovereign Fund 119,Endowment,Key,Pacific,Hannah Roberts,Aisha Ashford,false
AM-SR-000414,AM-CL-0018,E-0266,Cash Movement,2025-11-10,2025-11-10,Closed,1,0.46,false,Phone,Medium,Meridian Mutual Insurance 18,Public Pension,Key,Pacific,Noah Carter,Ethan Roberts,false
AM-SR-000415,AM-CL-0115,E-0274,Performance Report,2026-03-26,2026-03-28,Closed,5,2.92,false,Portal,Low,Ironwood Capital Partners 115,Public Pension,Key,EMEA,Maya Ashford,Hannah Young,false
AM-SR-000416,AM-CL-0077,E-0282,Onboarding Document,2025-05-27,2025-05-31,Closed,7,4.53,false,Email,Low,Granite Teachers Retirement 77,Sovereign,Key,Midwest,Mei Hall,Julian Adams,false
AM-SR-000417,AM-CL-0017,E-0281,Performance Report,2026-08-21,2026-08-25,Closed,5,4.82,false,Email,Medium,Lakeshore Teachers Retirement 17,Family Office,Standard,EMEA,Tom Silva,Sofia Campbell,false
AM-SR-000418,AM-CL-0033,E-0266,Reconciliation,2024-10-16,2024-10-17,Closed,3,1.52,false,Portal,Low,Summit Employees Pension 33,Family Office,Standard,EMEA,Hannah Young,Ethan Roberts,false
AM-SR-000419,AM-CL-0099,E-0279,Cash Movement,2026-04-29,2026-04-29,Closed,1,1.0,false,Email,Medium,Cascade Teachers Retirement 99,Foundation,Key,APAC,Hannah Young,Ravi Campbell,false
AM-SR-000420,AM-CL-0135,E-0287,Performance Report,2025-04-26,2025-04-28,Closed,5,2.28,false,Phone,Medium,Meridian Capital Partners 135,Public Pension,Standard,Southeast,Tom Silva,Emma Allen,false
AM-SR-000421,AM-CL-0045,E-0269,Performance Report,2026-08-21,2026-08-23,Closed,5,2.23,false,Portal,Low,Blue Ridge Teachers Retirement 45,Family Office,Strategic,Southeast,Maya Ashford,Noah Hall,false
AM-SR-000422,AM-CL-0036,E-0267,Cash Movement,2025-10-13,2025-10-14,Closed,1,1.09,true,Email,Low,Harbor Teachers Retirement 36,Corporate Pension,Standard,APAC,Luis Silva,Felix Stewart,false
AM-SR-000423,AM-CL-0017,E-0281,Reconciliation,2026-03-25,2026-03-27,Closed,3,2.4,false,Email,Low,Lakeshore Teachers Retirement 17,Family Office,Standard,EMEA,Tom Silva,Sofia Campbell,false
AM-SR-000424,AM-CL-0036,E-0267,Data Feed Issue,2025-06-25,2025-06-26,Closed,2,1.66,false,Email,Low,Harbor Teachers Retirement 36,Corporate Pension,Standard,APAC,Luis Silva,Felix Stewart,false
AM-SR-000425,AM-CL-0033,E-0266,Performance Report,2025-10-15,2025-10-22,Closed,5,7.07,true,Email,Low,Summit Employees Pension 33,Family Office,Standard,EMEA,Hannah Young,Ethan Roberts,false
AM-SR-000426,AM-CL-0058,E-0280,Reconciliation,2024-10-09,2024-10-14,Closed,3,5.81,true,Email,Medium,Harbor Teachers Retirement 58,Sub-Advisory,Standard,APAC,Fatima Patel,Mateo Harris,true
AM-SR-000427,AM-CL-0137,E-0284,Cash Movement,2025-07-28,2025-07-28,Closed,1,0.96,false,Email,Medium,Northfield Sovereign Fund 137,Endowment,Strategic,Mountain West,Grace Bailey,Iris Thomas,false
AM-SR-000428,AM-CL-0005,E-0277,Fee Invoice Question,2025-09-13,2025-09-16,Closed,5,3.42,false,Portal,Medium,Blue Ridge Capital Partners 5,Sub-Advisory,Key,APAC,Rosa Miller,Kenji White,false
AM-SR-000429,AM-CL-0136,E-0287,Performance Report,2026-04-17,2026-04-19,Closed,5,2.77,false,Email,Low,Summit University Endowment 136,Insurance GA,Key,APAC,Owen Okafor,Emma Allen,false
AM-SR-000430,AM-CL-0044,E-0282,Performance Report,2026-07-28,2026-07-31,Closed,5,3.72,false,Email,High,Blue Ridge Teachers Retirement 44,Sovereign,Key,Southeast,Fatima Patel,Julian Adams,false
AM-SR-000431,AM-CL-0129,E-0273,Performance Report,2026-08-31,,In Progress,5,,false,Email,Low,Blue Ridge Mutual Insurance 129,Foundation,Key,Pacific,Luis Silva,Samuel Wright,false
AM-SR-000432,AM-CL-0084,E-0287,Cash Movement,2025-10-11,2025-10-11,Closed,1,0.96,false,Email,Medium,Ironwood Community Foundation 84,Sovereign,Standard,Southeast,Noah Nelson,Emma Allen,true
AM-SR-000433,AM-CL-0117,E-0289,Reconciliation,2026-03-03,2026-03-05,Closed,3,2.67,false,Portal,Medium,Lakeshore Teachers Retirement 117,Endowment,Standard,EMEA,Wei Thomas,Victor Nguyen,false
AM-SR-000434,AM-CL-0072,E-0286,Performance Report,2026-04-02,2026-04-08,Closed,5,6.7,true,Portal,Medium,Blue Ridge Mutual Insurance 72,Foundation,Standard,Mountain West,Fatima Okafor,Daniel Nguyen,true
AM-SR-000435,AM-CL-0011,E-0271,Compliance Attestation,2025-02-22,2025-02-28,Closed,10,6.37,false,Portal,Medium,Lakeshore Community Foundation 11,Corporate Pension,Key,Midwest,Julian Collins,Isabella Collins,false
AM-SR-000436,AM-CL-0046,E-0270,Performance Report,2025-04-03,2025-04-05,Closed,5,2.51,false,Email,Low,Summit University Endowment 46,Foundation,Standard,Pacific,Fatima Patel,Sara Kim,true
AM-SR-000437,AM-CL-0072,E-0286,Cash Movement,2024-12-25,2024-12-26,Closed,1,1.11,true,Email,Low,Blue Ridge Mutual Insurance 72,Foundation,Standard,Mountain West,Fatima Okafor,Daniel Nguyen,false
AM-SR-000438,AM-CL-0044,E-0282,Onboarding Document,2025-03-27,2025-03-30,Closed,7,3.51,false,Portal,Medium,Blue Ridge Teachers Retirement 44,Sovereign,Key,Southeast,Fatima Patel,Julian Adams,false
AM-SR-000439,AM-CL-0070,E-0282,Compliance Attestation,2026-02-19,2026-02-27,Closed,10,8.85,false,Email,Medium,Cascade Capital Partners 70,Public Pension,Strategic,EMEA,Noah Nelson,Julian Adams,false
AM-SR-000440,AM-CL-0047,E-0266,Reconciliation,2025-08-22,2025-08-23,Closed,3,1.82,false,Email,Medium,Granite Sovereign Fund 47,Endowment,Standard,Mountain West,Noah Nelson,Ethan Roberts,false
AM-SR-000441,AM-CL-0010,E-0275,Performance Report,2025-03-30,2025-04-04,Closed,5,5.14,true,Portal,Low,Northfield Capital Partners 10,Insurance GA,Standard,Midwest,Wei Thomas,Daniel Allen,false
AM-SR-000442,AM-CL-0072,E-0286,Cash Movement,2026-08-06,2026-08-06,Closed,1,0.59,false,Email,Low,Blue Ridge Mutual Insurance 72,Foundation,Standard,Mountain West,Fatima Okafor,Daniel Nguyen,false
AM-SR-000443,AM-CL-0090,E-0267,Performance Report,2025-06-26,2025-06-30,Closed,5,4.44,false,Email,Medium,Meridian University Endowment 90,Sovereign,Strategic,Midwest,Maya Ashford,Felix Stewart,false
AM-SR-000444,AM-CL-0038,E-0288,Performance Report,2026-05-14,2026-05-16,Closed,5,2.58,false,Portal,Medium,Summit Capital Partners 38,Endowment,Standard,Mountain West,Sofia Bailey,Mateo Collins,false
AM-SR-000445,AM-CL-0013,E-0277,Compliance Attestation,2025-10-20,2025-11-04,Closed,10,15.18,true,Email,Low,Meridian Teachers Retirement 13,Sovereign,Standard,Northeast,Leo King,Kenji White,false
AM-SR-000446,AM-CL-0119,E-0285,Performance Report,2026-04-16,2026-04-27,Closed,5,11.39,true,Phone,Low,Harbor Sovereign Fund 119,Endowment,Key,Pacific,Hannah Roberts,Aisha Ashford,false
AM-SR-000447,AM-CL-0051,E-0272,Reconciliation,2024-09-17,2024-09-20,Closed,3,3.2,true,Portal,Medium,Silverline Teachers Retirement 51,Insurance GA,Standard,EMEA,Nina Scott,Aisha Green,false
AM-SR-000448,AM-CL-0140,E-0272,Onboarding Document,2026-08-01,2026-08-05,Closed,7,4.05,false,Email,Low,Lakeshore Teachers Retirement 140,Foundation,Key,Midwest,Wei Thomas,Aisha Green,false
AM-SR-000449,AM-CL-0010,E-0275,Performance Report,2025-08-06,2025-08-10,Closed,5,4.84,false,Email,Low,Northfield Capital Partners 10,Insurance GA,Standard,Midwest,Wei Thomas,Daniel Allen,false
AM-SR-000450,AM-CL-0092,E-0284,Performance Report,2025-06-13,2025-06-17,Closed,5,4.9,false,Portal,Medium,Meridian Capital Partners 92,Public Pension,Key,Northeast,Noah Carter,Iris Thomas,false
AM-SR-000451,AM-CL-0136,E-0287,Fee Invoice Question,2025-04-20,2025-04-21,Closed,5,1.44,false,Email,Medium,Summit University Endowment 136,Insurance GA,Key,APAC,Owen Okafor,Emma Allen,false
AM-SR-000452,AM-CL-0107,E-0281,Fee Invoice Question,2026-06-08,2026-06-09,Closed,5,1.71,false,Portal,Low,Harbor Teachers Retirement 107,Sub-Advisory,Key,Pacific,Priya Martinez,Sofia Campbell,false
AM-SR-000453,AM-CL-0137,E-0284,Performance Report,2025-05-29,2025-06-07,Closed,5,9.31,true,Email,Low,Northfield Sovereign Fund 137,Endowment,Strategic,Mountain West,Grace Bailey,Iris Thomas,false
AM-SR-000454,AM-CL-0100,E-0284,Reconciliation,2025-06-09,2025-06-11,Closed,3,2.35,false,Portal,Medium,Harbor Mutual Insurance 100,Sub-Advisory,Key,EMEA,Luis Ashford,Iris Thomas,false
AM-SR-000455,AM-CL-0066,E-0278,Performance Report,2025-04-24,2025-04-29,Closed,5,5.97,true,Email,Low,Cascade Mutual Insurance 66,Family Office,Strategic,Midwest,Luis Silva,Lauren Lopez,false
AM-SR-000456,AM-CL-0019,E-0283,Data Feed Issue,2026-06-09,2026-06-09,Closed,2,0.75,false,Email,Medium,Northfield Employees Pension 19,Family Office,Key,Southeast,Iris Kim,Victor Chen,false
AM-SR-000457,AM-CL-0089,E-0280,Performance Report,2025-03-03,2025-03-08,Closed,5,5.93,true,Portal,Medium,Blue Ridge Community Foundation 89,Endowment,Standard,Midwest,Tom Silva,Mateo Harris,false
AM-SR-000458,AM-CL-0088,E-0271,Fee Invoice Question,2025-12-27,2025-12-30,Closed,5,3.43,false,Email,Low,Northfield Mutual Insurance 88,Sub-Advisory,Key,Midwest,Fatima Okafor,Isabella Collins,false
AM-SR-000459,AM-CL-0003,E-0280,Reconciliation,2026-05-12,2026-05-14,Closed,3,2.34,false,Portal,Medium,Blue Ridge Mutual Insurance 3,Foundation,Strategic,EMEA,Grace Martinez,Mateo Harris,false
AM-SR-000460,AM-CL-0008,E-0279,Performance Report,2026-05-06,2026-05-09,Closed,5,3.33,false,Portal,High,Granite Community Foundation 8,Insurance GA,Standard,Mountain West,Luis Silva,Ravi Campbell,false
AM-SR-000461,AM-CL-0056,E-0288,Fee Invoice Question,2026-04-08,2026-04-09,Closed,5,1.16,false,Email,Low,Harbor Mutual Insurance 56,Endowment,Strategic,APAC,Grace Bailey,Mateo Collins,true
AM-SR-000462,AM-CL-0135,E-0287,Cash Movement,2025-09-27,2025-09-28,Closed,1,1.6,true,Portal,Medium,Meridian Capital Partners 135,Public Pension,Standard,Southeast,Tom Silva,Emma Allen,false
AM-SR-000463,AM-CL-0122,E-0276,Data Feed Issue,2026-03-17,2026-03-18,Closed,2,1.86,false,Phone,Medium,Granite Teachers Retirement 122,Insurance GA,Standard,EMEA,Luis Ashford,Felix Edwards,false
AM-SR-000464,AM-CL-0097,E-0289,Performance Report,2026-01-18,2026-01-23,Closed,5,5.03,true,Email,High,Summit Capital Partners 97,Corporate Pension,Standard,Northeast,Fatima Okafor,Victor Nguyen,false
AM-SR-000465,AM-CL-0001,E-0279,Compliance Attestation,2025-11-06,2025-11-13,Closed,10,7.16,false,Email,Low,Lakeshore Employees Pension 1,Sub-Advisory,Strategic,Pacific,Wei Thomas,Ravi Campbell,false
AM-SR-000466,AM-CL-0043,E-0267,Performance Report,2024-09-05,2024-09-08,Closed,5,3.44,false,Portal,Low,Lakeshore Community Foundation 43,Family Office,Key,Pacific,Rosa Miller,Felix Stewart,false
AM-SR-000467,AM-CL-0104,E-0279,Performance Report,2026-02-09,2026-02-10,Closed,5,1.43,false,Portal,Low,Blue Ridge University Endowment 104,Sub-Advisory,Standard,Pacific,Owen Okafor,Ravi Campbell,false
AM-SR-000468,AM-CL-0070,E-0282,Fee Invoice Question,2026-08-20,2026-08-26,Closed,5,6.65,true,Email,Low,Cascade Capital Partners 70,Public Pension,Strategic,EMEA,Noah Nelson,Julian Adams,false
AM-SR-000469,AM-CL-0014,E-0288,Reconciliation,2025-05-13,2025-05-14,Closed,3,1.58,false,Email,Medium,Granite Mutual Insurance 14,Corporate Pension,Standard,APAC,Fatima Okafor,Mateo Collins,false
AM-SR-000470,AM-CL-0051,E-0272,Performance Report,2024-09-14,2024-09-14,Closed,5,0.6,false,Phone,High,Silverline Teachers Retirement 51,Insurance GA,Standard,EMEA,Nina Scott,Aisha Green,false
AM-SR-000471,AM-CL-0069,E-0274,Fee Invoice Question,2024-09-20,2024-09-24,Closed,5,4.81,false,Email,Medium,Northfield Community Foundation 69,Family Office,Standard,Southeast,Hannah Roberts,Hannah Young,false
AM-SR-000472,AM-CL-0077,E-0282,Fee Invoice Question,2026-01-02,2026-01-06,Closed,5,4.45,false,Email,Low,Granite Teachers Retirement 77,Sovereign,Key,Midwest,Mei Hall,Julian Adams,true
AM-SR-000473,AM-CL-0096,E-0272,Onboarding Document,2025-04-04,2025-04-10,Closed,7,6.04,false,Portal,Medium,Cascade Teachers Retirement 96,Endowment,Strategic,APAC,Grace Bailey,Aisha Green,true
AM-SR-000474,AM-CL-0052,E-0285,Reconciliation,2025-02-05,2025-02-09,Closed,3,4.63,true,Portal,Medium,Lakeshore Mutual Insurance 52,Family Office,Key,Mountain West,Tom Silva,Aisha Ashford,false
AM-SR-000475,AM-CL-0107,E-0281,Performance Report,2025-01-27,2025-01-31,Closed,5,4.26,false,Portal,Medium,Harbor Teachers Retirement 107,Sub-Advisory,Key,Pacific,Priya Martinez,Sofia Campbell,false
AM-SR-000476,AM-CL-0040,E-0268,Fee Invoice Question,2025-11-08,2025-11-17,Closed,5,9.23,true,Email,Medium,Cascade Capital Partners 40,Corporate Pension,Key,EMEA,Luis Silva,Rosa Nguyen,false
AM-SR-000477,AM-CL-0137,E-0284,Reconciliation,2025-09-05,2025-09-08,Closed,3,3.4,true,Email,Medium,Northfield Sovereign Fund 137,Endowment,Strategic,Mountain West,Grace Bailey,Iris Thomas,false
AM-SR-000478,AM-CL-0018,E-0266,Data Feed Issue,2025-06-26,2025-06-27,Closed,2,1.56,false,Phone,Medium,Meridian Mutual Insurance 18,Public Pension,Key,Pacific,Noah Carter,Ethan Roberts,false
AM-SR-000479,AM-CL-0126,E-0270,Performance Report,2025-03-18,2025-03-20,Closed,5,2.45,false,Email,High,Northfield Employees Pension 126,Family Office,Strategic,Pacific,Noah Carter,Sara Kim,false
AM-SR-000480,AM-CL-0121,E-0285,Cash Movement,2026-04-09,2026-04-10,Closed,1,1.74,true,Email,Low,Meridian Capital Partners 121,Corporate Pension,Standard,Northeast,Iris Allen,Aisha Ashford,true
AM-SR-000481,AM-CL-0126,E-0270,Cash Movement,2025-07-12,2025-07-12,Closed,1,0.37,false,Email,Medium,Northfield Employees Pension 126,Family Office,Strategic,Pacific,Noah Carter,Sara Kim,true
AM-SR-000482,AM-CL-0045,E-0269,Performance Report,2025-04-11,2025-04-12,Closed,5,1.63,false,Portal,Medium,Blue Ridge Teachers Retirement 45,Family Office,Strategic,Southeast,Maya Ashford,Noah Hall,true
AM-SR-000483,AM-CL-0113,E-0270,Reconciliation,2024-12-03,2024-12-04,Closed,3,1.99,false,Email,Low,Harbor Teachers Retirement 113,Insurance GA,Standard,APAC,Leo King,Sara Kim,false
AM-SR-000484,AM-CL-0022,E-0273,Performance Report,2025-02-14,2025-02-14,Closed,5,0.85,false,Portal,High,Northfield Mutual Insurance 22,Foundation,Key,EMEA,Iris Allen,Samuel Wright,false
AM-SR-000485,AM-CL-0103,E-0289,Compliance Attestation,2025-06-22,2025-07-02,Closed,10,10.9,true,Phone,Low,Blue Ridge University Endowment 103,Foundation,Standard,Midwest,Julian Collins,Victor Nguyen,false
AM-SR-000486,AM-CL-0006,E-0284,Reconciliation,2026-01-02,2026-01-09,Closed,3,7.96,true,Portal,Medium,Cascade Employees Pension 6,Family Office,Standard,APAC,Sofia Bailey,Iris Thomas,true
AM-SR-000487,AM-CL-0008,E-0279,Reconciliation,2025-03-04,2025-03-06,Closed,3,2.4,false,Portal,Low,Granite Community Foundation 8,Insurance GA,Standard,Mountain West,Luis Silva,Ravi Campbell,false
AM-SR-000488,AM-CL-0104,E-0279,Performance Report,2025-10-06,2025-10-10,Closed,5,4.39,false,Portal,Low,Blue Ridge University Endowment 104,Sub-Advisory,Standard,Pacific,Owen Okafor,Ravi Campbell,true
AM-SR-000489,AM-CL-0001,E-0279,Fee Invoice Question,2025-03-08,2025-03-10,Closed,5,2.81,false,Portal,High,Lakeshore Employees Pension 1,Sub-Advisory,Strategic,Pacific,Wei Thomas,Ravi Campbell,false
AM-SR-000490,AM-CL-0108,E-0272,Performance Report,2026-04-05,2026-04-08,Closed,5,3.12,false,Portal,Low,Ironwood Employees Pension 108,Family Office,Strategic,APAC,Grace Bailey,Aisha Green,true
AM-SR-000491,AM-CL-0082,E-0275,Cash Movement,2026-06-16,2026-06-16,Closed,1,0.3,false,Portal,High,Harbor Sovereign Fund 82,Foundation,Key,APAC,Iris Allen,Daniel Allen,false
AM-SR-000492,AM-CL-0100,E-0284,Reconciliation,2025-07-22,2025-07-23,Closed,3,1.48,false,Portal,Medium,Harbor Mutual Insurance 100,Sub-Advisory,Key,EMEA,Luis Ashford,Iris Thomas,false
AM-SR-000493,AM-CL-0075,E-0270,Cash Movement,2025-09-05,2025-09-05,Closed,1,0.39,false,Phone,Low,Harbor Teachers Retirement 75,Endowment,Standard,Mountain West,Fatima Patel,Sara Kim,false
AM-SR-000494,AM-CL-0078,E-0278,Data Feed Issue,2026-05-24,2026-05-25,Closed,2,1.55,false,Phone,Low,Lakeshore Employees Pension 78,Insurance GA,Standard,EMEA,Julian Collins,Lauren Lopez,false
AM-SR-000495,AM-CL-0002,E-0268,Data Feed Issue,2025-10-26,2025-10-26,Closed,2,0.48,false,Phone,Low,Blue Ridge Sovereign Fund 2,Family Office,Key,EMEA,Noah Carter,Rosa Nguyen,false
AM-SR-000496,AM-CL-0081,E-0267,Reconciliation,2026-06-11,2026-06-16,Closed,3,5.87,true,Portal,Medium,Northfield Employees Pension 81,Family Office,Standard,Southeast,Wei Thomas,Felix Stewart,false
AM-SR-000497,AM-CL-0091,E-0285,Onboarding Document,2026-06-06,2026-06-11,Closed,7,5.11,false,Email,Low,Northfield University Endowment 91,Insurance GA,Standard,Mountain West,Owen Okafor,Aisha Ashford,false
AM-SR-000498,AM-CL-0055,E-0268,Onboarding Document,2024-10-23,2024-10-26,Closed,7,3.18,false,Email,Medium,Granite Teachers Retirement 55,Sub-Advisory,Key,Northeast,Fatima Patel,Rosa Nguyen,false
AM-SR-000499,AM-CL-0078,E-0278,Data Feed Issue,2025-02-08,2025-02-09,Closed,2,1.98,false,Phone,High,Lakeshore Employees Pension 78,Insurance GA,Standard,EMEA,Julian Collins,Lauren Lopez,false
AM-SR-000500,AM-CL-0139,E-0266,Performance Report,2025-06-12,2025-06-14,Closed,5,2.25,false,Email,Medium,Lakeshore Teachers Retirement 139,Foundation,Strategic,Mountain West,Fatima Okafor,Ethan Roberts,false
AM-SR-000501,AM-CL-0051,E-0272,Performance Report,2025-06-05,2025-06-11,Closed,5,6.29,true,Portal,Low,Silverline Teachers Retirement 51,Insurance GA,Standard,EMEA,Nina Scott,Aisha Green,false
AM-SR-000502,AM-CL-0015,E-0287,Performance Report,2024-10-17,2024-10-23,Closed,5,6.9,true,Email,Low,Northfield Teachers Retirement 15,Foundation,Key,Mountain West,Hannah Young,Emma Allen,false
AM-SR-000503,AM-CL-0076,E-0282,Performance Report,2024-11-26,2024-11-27,Closed,5,1.34,false,Email,Low,Ironwood Capital Partners 76,Foundation,Key,Midwest,Nina Scott,Julian Adams,false
AM-SR-000504,AM-CL-0020,E-0266,Performance Report,2026-07-16,2026-07-18,Closed,5,2.9,false,Portal,Low,Summit Capital Partners 20,Corporate Pension,Standard,Mountain West,Wei Thomas,Ethan Roberts,false
AM-SR-000505,AM-CL-0136,E-0287,Cash Movement,2025-06-19,2025-06-19,Closed,1,0.63,false,Email,Medium,Summit University Endowment 136,Insurance GA,Key,APAC,Owen Okafor,Emma Allen,false
AM-SR-000506,AM-CL-0096,E-0272,Performance Report,2026-01-08,2026-01-09,Closed,5,1.64,false,Email,Medium,Cascade Teachers Retirement 96,Endowment,Strategic,APAC,Grace Bailey,Aisha Green,true
AM-SR-000507,AM-CL-0040,E-0268,Reconciliation,2025-11-08,2025-11-10,Closed,3,2.36,false,Email,Medium,Cascade Capital Partners 40,Corporate Pension,Key,EMEA,Luis Silva,Rosa Nguyen,false
AM-SR-000508,AM-CL-0006,E-0284,Performance Report,2024-09-24,2024-09-25,Closed,5,1.87,false,Portal,Low,Cascade Employees Pension 6,Family Office,Standard,APAC,Sofia Bailey,Iris Thomas,false
AM-SR-000509,AM-CL-0116,E-0272,Reconciliation,2024-11-13,2024-11-14,Closed,3,1.27,false,Email,Medium,Silverline Sovereign Fund 116,Sub-Advisory,Key,Pacific,Iris Allen,Aisha Green,false
AM-SR-000510,AM-CL-0072,E-0286,Fee Invoice Question,2025-07-13,2025-07-18,Closed,5,5.31,true,Email,Medium,Blue Ridge Mutual Insurance 72,Foundation,Standard,Mountain West,Fatima Okafor,Daniel Nguyen,false
AM-SR-000511,AM-CL-0029,E-0266,Onboarding Document,2025-12-27,2026-01-03,Closed,7,7.62,true,Portal,Medium,Granite Capital Partners 29,Sovereign,Key,Midwest,Iris Allen,Ethan Roberts,false
AM-SR-000512,AM-CL-0041,E-0279,Performance Report,2025-10-01,2025-10-03,Closed,5,2.02,false,Email,Medium,Granite Mutual Insurance 41,Corporate Pension,Standard,APAC,Fatima Patel,Ravi Campbell,true
AM-SR-000513,AM-CL-0106,E-0272,Compliance Attestation,2026-06-29,2026-07-03,Closed,10,4.89,false,Email,Low,Silverline Sovereign Fund 106,Endowment,Strategic,Pacific,Mei Hall,Aisha Green,false
AM-SR-000514,AM-CL-0054,E-0290,Data Feed Issue,2025-02-12,2025-02-16,Closed,2,4.09,true,Email,Medium,Granite Mutual Insurance 54,Corporate Pension,Standard,Pacific,Hannah Young,Luis Ashford,false
AM-SR-000515,AM-CL-0094,E-0271,Onboarding Document,2026-01-31,2026-02-01,Closed,7,1.15,false,Email,High,Granite Capital Partners 94,Family Office,Standard,Pacific,Luis Ashford,Isabella Collins,false
AM-SR-000516,AM-CL-0034,E-0271,Cash Movement,2025-09-27,2025-09-27,Closed,1,0.8,false,Portal,Low,Cascade Employees Pension 34,Insurance GA,Standard,Mountain West,Mei Hall,Isabella Collins,false
AM-SR-000517,AM-CL-0123,E-0272,Onboarding Document,2026-05-07,2026-05-13,Closed,7,6.63,false,Email,Low,Cascade Mutual Insurance 123,Sub-Advisory,Standard,Southeast,Layla Carter,Aisha Green,false
AM-SR-000518,AM-CL-0059,E-0273,Performance Report,2025-09-03,2025-09-06,Closed,5,3.72,false,Email,Low,Lakeshore Teachers Retirement 59,Endowment,Strategic,Midwest,Nina Scott,Samuel Wright,false
AM-SR-000519,AM-CL-0091,E-0285,Fee Invoice Question,2025-01-02,2025-01-13,Closed,5,11.22,true,Portal,Low,Northfield University Endowment 91,Insurance GA,Standard,Mountain West,Owen Okafor,Aisha Ashford,true
AM-SR-000520,AM-CL-0080,E-0275,Reconciliation,2025-07-08,2025-07-19,Closed,3,11.36,true,Portal,Medium,Harbor Teachers Retirement 80,Insurance GA,Standard,Pacific,Layla Carter,Daniel Allen,true
AM-SR-000521,AM-CL-0084,E-0287,Performance Report,2025-07-09,2025-07-18,Closed,5,9.4,true,Email,High,Ironwood Community Foundation 84,Sovereign,Standard,Southeast,Noah Nelson,Emma Allen,true
AM-SR-000522,AM-CL-0077,E-0282,Performance Report,2025-09-13,2025-09-17,Closed,5,4.09,false,Portal,Medium,Granite Teachers Retirement 77,Sovereign,Key,Midwest,Mei Hall,Julian Adams,false
AM-SR-000523,AM-CL-0050,E-0276,Fee Invoice Question,2026-04-26,2026-04-28,Closed,5,2.86,false,Portal,Low,Harbor Community Foundation 50,Endowment,Standard,Pacific,Hannah Roberts,Felix Edwards,false
AM-SR-000524,AM-CL-0140,E-0272,Compliance Attestation,2025-08-17,2025-08-19,Closed,10,2.87,false,Email,High,Lakeshore Teachers Retirement 140,Foundation,Key,Midwest,Wei Thomas,Aisha Green,false
AM-SR-000525,AM-CL-0118,E-0274,Cash Movement,2026-02-25,2026-02-26,Closed,1,1.01,true,Email,Medium,Silverline Community Foundation 118,Family Office,Key,Midwest,Maya Ashford,Hannah Young,false
AM-SR-000526,AM-CL-0061,E-0290,Cash Movement,2024-11-18,2024-11-19,Closed,1,1.97,true,Email,Low,Summit Sovereign Fund 61,Insurance GA,Key,Midwest,Iris Allen,Luis Ashford,false
AM-SR-000527,AM-CL-0132,E-0273,Performance Report,2024-10-16,2024-10-17,Closed,5,1.67,false,Phone,Medium,Blue Ridge Teachers Retirement 132,Sovereign,Standard,APAC,Fatima Patel,Samuel Wright,false
AM-SR-000528,AM-CL-0130,E-0273,Compliance Attestation,2025-06-24,2025-07-01,Closed,10,7.81,false,Email,Low,Lakeshore University Endowment 130,Public Pension,Key,Northeast,Owen Okafor,Samuel Wright,false
AM-SR-000529,AM-CL-0134,E-0281,Performance Report,2024-12-09,2024-12-14,Closed,5,5.59,true,Email,Low,Granite Sovereign Fund 134,Family Office,Standard,Midwest,Maya Ashford,Sofia Campbell,false
AM-SR-000530,AM-CL-0120,E-0279,Fee Invoice Question,2025-10-06,2025-10-07,Closed,5,1.84,false,Email,Medium,Ironwood Capital Partners 120,Foundation,Standard,Pacific,Owen Okafor,Ravi Campbell,true
AM-SR-000531,AM-CL-0038,E-0288,Reconciliation,2024-11-08,2024-11-09,Closed,3,1.23,false,Portal,Medium,Summit Capital Partners 38,Endowment,Standard,Mountain West,Sofia Bailey,Mateo Collins,false
AM-SR-000532,AM-CL-0010,E-0275,Reconciliation,2025-03-29,2025-04-01,Closed,3,3.04,true,Portal,Medium,Northfield Capital Partners 10,Insurance GA,Standard,Midwest,Wei Thomas,Daniel Allen,false
AM-SR-000533,AM-CL-0022,E-0273,Reconciliation,2026-07-28,2026-07-30,Closed,3,2.18,false,Email,High,Northfield Mutual Insurance 22,Foundation,Key,EMEA,Iris Allen,Samuel Wright,false
AM-SR-000534,AM-CL-0009,E-0279,Cash Movement,2025-07-14,2025-07-14,Closed,1,0.65,false,Phone,Low,Cascade Sovereign Fund 9,Corporate Pension,Strategic,Midwest,Fatima Patel,Ravi Campbell,false
AM-SR-000535,AM-CL-0024,E-0282,Cash Movement,2026-04-16,2026-04-16,Closed,1,0.37,false,Portal,High,Granite University Endowment 24,Foundation,Standard,Mountain West,Grace Bailey,Julian Adams,false
AM-SR-000536,AM-CL-0020,E-0266,Fee Invoice Question,2025-01-23,2025-01-24,Closed,5,1.89,false,Email,Low,Summit Capital Partners 20,Corporate Pension,Standard,Mountain West,Wei Thomas,Ethan Roberts,false
AM-SR-000537,AM-CL-0115,E-0274,Cash Movement,2024-11-17,2024-11-17,Closed,1,0.36,false,Portal,High,Ironwood Capital Partners 115,Public Pension,Key,EMEA,Maya Ashford,Hannah Young,false
AM-SR-000538,AM-CL-0032,E-0279,Reconciliation,2026-01-31,2026-01-31,Closed,3,0.96,false,Email,High,Meridian Sovereign Fund 32,Corporate Pension,Standard,Mountain West,Priya Martinez,Ravi Campbell,false
AM-SR-000539,AM-CL-0086,E-0268,Onboarding Document,2024-12-30,2024-12-31,Closed,7,1.53,false,Email,Low,Cascade University Endowment 86,Public Pension,Standard,EMEA,Layla Carter,Rosa Nguyen,false
AM-SR-000540,AM-CL-0071,E-0279,Onboarding Document,2026-03-21,2026-03-22,Closed,7,1.55,false,Email,Medium,Ironwood Capital Partners 71,Insurance GA,Standard,Mountain West,Iris Allen,Ravi Campbell,false
AM-SR-000541,AM-CL-0072,E-0286,Performance Report,2025-04-14,2025-04-24,Closed,5,10.14,true,Portal,Medium,Blue Ridge Mutual Insurance 72,Foundation,Standard,Mountain West,Fatima Okafor,Daniel Nguyen,false
AM-SR-000542,AM-CL-0073,E-0269,Performance Report,2024-10-29,2024-10-31,Closed,5,2.05,false,Email,Medium,Ironwood Employees Pension 73,Sub-Advisory,Strategic,Southeast,Hannah Roberts,Noah Hall,false
AM-SR-000543,AM-CL-0065,E-0286,Performance Report,2026-05-14,2026-05-22,Closed,5,8.23,true,Email,High,Harbor Capital Partners 65,Foundation,Standard,Northeast,Iris Clark,Daniel Nguyen,false
AM-SR-000544,AM-CL-0098,E-0268,Reconciliation,2025-05-25,2025-05-26,Closed,3,1.82,false,Phone,Medium,Summit Capital Partners 98,Corporate Pension,Key,EMEA,Luis Silva,Rosa Nguyen,false
AM-SR-000545,AM-CL-0131,E-0285,Fee Invoice Question,2026-05-28,2026-05-29,Closed,5,1.85,false,Email,Medium,Northfield Capital Partners 131,Family Office,Key,Southeast,Priya Martinez,Aisha Ashford,false
AM-SR-000546,AM-CL-0105,E-0284,Cash Movement,2025-08-14,2025-08-14,Closed,1,0.4,false,Portal,Medium,Northfield Community Foundation 105,Corporate Pension,Key,Midwest,Nina Scott,Iris Thomas,false
AM-SR-000547,AM-CL-0133,E-0275,Compliance Attestation,2025-08-23,2025-09-11,Closed,10,19.96,true,Email,Low,Granite University Endowment 133,Insurance GA,Standard,Northeast,Luis Silva,Daniel Allen,false
AM-SR-000548,AM-CL-0039,E-0275,Reconciliation,2026-05-05,2026-05-05,Closed,3,0.84,false,Email,Low,Blue Ridge Mutual Insurance 39,Foundation,Key,APAC,Iris Clark,Daniel Allen,false
AM-SR-000549,AM-CL-0139,E-0266,Fee Invoice Question,2026-01-16,2026-01-18,Closed,5,2.96,false,Portal,Medium,Lakeshore Teachers Retirement 139,Foundation,Strategic,Mountain West,Fatima Okafor,Ethan Roberts,false
AM-SR-000550,AM-CL-0131,E-0285,Performance Report,2024-09-14,2024-09-19,Closed,5,5.62,true,Portal,Low,Northfield Capital Partners 131,Family Office,Key,Southeast,Priya Martinez,Aisha Ashford,false
AM-SR-000551,AM-CL-0005,E-0277,Performance Report,2025-01-17,2025-01-19,Closed,5,2.4,false,Phone,High,Blue Ridge Capital Partners 5,Sub-Advisory,Key,APAC,Rosa Miller,Kenji White,false
AM-SR-000552,AM-CL-0132,E-0273,Performance Report,2025-10-14,2025-10-19,Closed,5,5.32,true,Portal,Medium,Blue Ridge Teachers Retirement 132,Sovereign,Standard,APAC,Fatima Patel,Samuel Wright,false
AM-SR-000553,AM-CL-0132,E-0273,Performance Report,2024-09-03,2024-09-08,Closed,5,5.96,true,Portal,Low,Blue Ridge Teachers Retirement 132,Sovereign,Standard,APAC,Fatima Patel,Samuel Wright,false
AM-SR-000554,AM-CL-0087,E-0290,Data Feed Issue,2025-10-29,2025-11-02,Closed,2,4.47,true,Email,High,Summit Capital Partners 87,Family Office,Strategic,APAC,Julian Collins,Luis Ashford,false
AM-SR-000555,AM-CL-0099,E-0279,Performance Report,2025-12-06,2025-12-08,Closed,5,2.97,false,Email,Low,Cascade Teachers Retirement 99,Foundation,Key,APAC,Hannah Young,Ravi Campbell,false
AM-SR-000556,AM-CL-0119,E-0285,Performance Report,2024-11-09,2024-11-11,Closed,5,2.98,false,Portal,Low,Harbor Sovereign Fund 119,Endowment,Key,Pacific,Hannah Roberts,Aisha Ashford,false
AM-SR-000557,AM-CL-0133,E-0275,Cash Movement,2025-03-29,2025-03-29,Closed,1,0.49,false,Email,Medium,Granite University Endowment 133,Insurance GA,Standard,Northeast,Luis Silva,Daniel Allen,false
AM-SR-000558,AM-CL-0126,E-0270,Onboarding Document,2026-03-30,2026-04-06,Closed,7,7.38,true,Portal,Medium,Northfield Employees Pension 126,Family Office,Strategic,Pacific,Noah Carter,Sara Kim,false
AM-SR-000559,AM-CL-0061,E-0290,Onboarding Document,2026-01-12,2026-01-21,Closed,7,9.05,true,Portal,Low,Summit Sovereign Fund 61,Insurance GA,Key,Midwest,Iris Allen,Luis Ashford,true
AM-SR-000560,AM-CL-0134,E-0281,Cash Movement,2026-06-04,2026-06-04,Closed,1,0.63,false,Portal,Medium,Granite Sovereign Fund 134,Family Office,Standard,Midwest,Maya Ashford,Sofia Campbell,false
AM-SR-000561,AM-CL-0125,E-0286,Reconciliation,2025-11-02,2025-11-03,Closed,3,1.66,false,Email,Low,Northfield Mutual Insurance 125,Insurance GA,Key,Mountain West,Luis Silva,Daniel Nguyen,false
AM-SR-000562,AM-CL-0003,E-0280,Cash Movement,2024-10-20,2024-10-20,Closed,1,0.58,false,Portal,Low,Blue Ridge Mutual Insurance 3,Foundation,Strategic,EMEA,Grace Martinez,Mateo Harris,false
AM-SR-000563,AM-CL-0090,E-0267,Performance Report,2025-08-14,2025-08-16,Closed,5,2.52,false,Portal,Medium,Meridian University Endowment 90,Sovereign,Strategic,Midwest,Maya Ashford,Felix Stewart,false
AM-SR-000564,AM-CL-0050,E-0276,Performance Report,2025-07-07,2025-07-10,Closed,5,3.43,false,Portal,Medium,Harbor Community Foundation 50,Endowment,Standard,Pacific,Hannah Roberts,Felix Edwards,true
AM-SR-000565,AM-CL-0053,E-0271,Reconciliation,2026-06-04,2026-06-05,Closed,3,1.38,false,Portal,Medium,Granite Sovereign Fund 53,Family Office,Standard,Northeast,Iris Clark,Isabella Collins,false
AM-SR-000566,AM-CL-0102,E-0277,Cash Movement,2026-06-18,2026-06-18,Closed,1,0.62,false,Email,High,Granite Community Foundation 102,Endowment,Strategic,APAC,Noah Nelson,Kenji White,false
AM-SR-000567,AM-CL-0051,E-0272,Cash Movement,2026-02-26,2026-02-26,Closed,1,0.88,false,Email,Medium,Silverline Teachers Retirement 51,Insurance GA,Standard,EMEA,Nina Scott,Aisha Green,false
AM-SR-000568,AM-CL-0049,E-0289,Reconciliation,2024-10-30,2024-10-31,Closed,3,1.16,false,Portal,Medium,Lakeshore Sovereign Fund 49,Sub-Advisory,Key,Mountain West,Priya Martinez,Victor Nguyen,false
AM-SR-000569,AM-CL-0111,E-0270,Performance Report,2025-05-23,2025-05-27,Closed,5,4.51,false,Portal,Medium,Blue Ridge University Endowment 111,Sovereign,Strategic,Pacific,Iris Allen,Sara Kim,false
AM-SR-000570,AM-CL-0116,E-0272,Reconciliation,2026-07-20,2026-07-21,Closed,3,1.92,false,Email,Low,Silverline Sovereign Fund 116,Sub-Advisory,Key,Pacific,Iris Allen,Aisha Green,false
AM-SR-000571,AM-CL-0135,E-0287,Performance Report,2025-10-14,2025-10-20,Closed,5,6.05,true,Phone,Medium,Meridian Capital Partners 135,Public Pension,Standard,Southeast,Tom Silva,Emma Allen,false
AM-SR-000572,AM-CL-0025,E-0287,Data Feed Issue,2025-07-02,2025-07-02,Closed,2,0.64,false,Portal,Low,Summit Teachers Retirement 25,Insurance GA,Standard,Midwest,Rosa Miller,Emma Allen,true
AM-SR-000573,AM-CL-0003,E-0280,Reconciliation,2024-11-02,2024-11-04,Closed,3,2.13,false,Portal,Medium,Blue Ridge Mutual Insurance 3,Foundation,Strategic,EMEA,Grace Martinez,Mateo Harris,false
AM-SR-000574,AM-CL-0117,E-0289,Performance Report,2026-08-03,2026-08-07,Closed,5,4.74,false,Email,Low,Lakeshore Teachers Retirement 117,Endowment,Standard,EMEA,Wei Thomas,Victor Nguyen,false
AM-SR-000575,AM-CL-0011,E-0271,Fee Invoice Question,2025-04-29,2025-04-30,Closed,5,1.52,false,Email,Medium,Lakeshore Community Foundation 11,Corporate Pension,Key,Midwest,Julian Collins,Isabella Collins,false
AM-SR-000576,AM-CL-0073,E-0269,Cash Movement,2025-12-09,2025-12-09,Closed,1,0.35,false,Email,Medium,Ironwood Employees Pension 73,Sub-Advisory,Strategic,Southeast,Hannah Roberts,Noah Hall,false
AM-SR-000577,AM-CL-0136,E-0287,Performance Report,2025-06-21,2025-06-25,Closed,5,4.98,false,Email,Medium,Summit University Endowment 136,Insurance GA,Key,APAC,Owen Okafor,Emma Allen,false
AM-SR-000578,AM-CL-0080,E-0275,Reconciliation,2026-06-21,2026-06-24,Closed,3,3.46,true,Email,Medium,Harbor Teachers Retirement 80,Insurance GA,Standard,Pacific,Layla Carter,Daniel Allen,false
AM-SR-000579,AM-CL-0017,E-0281,Performance Report,2025-05-01,2025-05-03,Closed,5,2.94,false,Portal,High,Lakeshore Teachers Retirement 17,Family Office,Standard,EMEA,Tom Silva,Sofia Campbell,false
AM-SR-000580,AM-CL-0045,E-0269,Onboarding Document,2026-08-01,2026-08-03,Closed,7,2.7,false,Portal,High,Blue Ridge Teachers Retirement 45,Family Office,Strategic,Southeast,Maya Ashford,Noah Hall,false
AM-SR-000581,AM-CL-0134,E-0281,Reconciliation,2025-12-17,2025-12-21,Closed,3,4.71,true,Phone,Low,Granite Sovereign Fund 134,Family Office,Standard,Midwest,Maya Ashford,Sofia Campbell,false
AM-SR-000582,AM-CL-0042,E-0286,Performance Report,2026-08-24,2026-08-27,Closed,5,3.13,false,Phone,High,Blue Ridge Teachers Retirement 42,Public Pension,Standard,Mountain West,Layla Carter,Daniel Nguyen,false
AM-SR-000583,AM-CL-0082,E-0275,Onboarding Document,2026-02-17,2026-02-20,Closed,7,3.83,false,Portal,Low,Harbor Sovereign Fund 82,Foundation,Key,APAC,Iris Allen,Daniel Allen,false
AM-SR-000584,AM-CL-0002,E-0268,Performance Report,2024-11-08,2024-11-09,Closed,5,1.11,false,Email,Low,Blue Ridge Sovereign Fund 2,Family Office,Key,EMEA,Noah Carter,Rosa Nguyen,false
AM-SR-000585,AM-CL-0002,E-0268,Reconciliation,2024-12-13,2024-12-13,Closed,3,0.97,false,Portal,Low,Blue Ridge Sovereign Fund 2,Family Office,Key,EMEA,Noah Carter,Rosa Nguyen,false
AM-SR-000586,AM-CL-0075,E-0270,Performance Report,2025-01-25,2025-01-30,Closed,5,5.02,true,Portal,Medium,Harbor Teachers Retirement 75,Endowment,Standard,Mountain West,Fatima Patel,Sara Kim,false
AM-SR-000587,AM-CL-0007,E-0280,Performance Report,2026-04-26,2026-04-27,Closed,5,1.2,false,Email,Medium,Ironwood Teachers Retirement 7,Insurance GA,Standard,Midwest,Fatima Okafor,Mateo Harris,false
AM-SR-000588,AM-CL-0031,E-0276,Performance Report,2025-07-09,2025-07-11,Closed,5,2.99,false,Portal,Medium,Blue Ridge Employees Pension 31,Sub-Advisory,Standard,Southeast,Owen Okafor,Felix Edwards,true
AM-SR-000589,AM-CL-0061,E-0290,Fee Invoice Question,2026-06-22,2026-06-24,Closed,5,2.68,false,Portal,Medium,Summit Sovereign Fund 61,Insurance GA,Key,Midwest,Iris Allen,Luis Ashford,false
AM-SR-000590,AM-CL-0079,E-0270,Performance Report,2025-12-24,2026-01-02,Closed,5,9.53,true,Portal,Low,Northfield Teachers Retirement 79,Foundation,Strategic,APAC,Luis Ashford,Sara Kim,false
AM-SR-000591,AM-CL-0018,E-0266,Compliance Attestation,2025-04-20,2025-04-25,Closed,10,5.66,false,Email,Medium,Meridian Mutual Insurance 18,Public Pension,Key,Pacific,Noah Carter,Ethan Roberts,false
AM-SR-000592,AM-CL-0070,E-0282,Onboarding Document,2026-05-20,2026-05-22,Closed,7,2.14,false,Portal,Medium,Cascade Capital Partners 70,Public Pension,Strategic,EMEA,Noah Nelson,Julian Adams,false
AM-SR-000593,AM-CL-0011,E-0271,Onboarding Document,2025-12-05,2025-12-11,Closed,7,6.14,false,Phone,Low,Lakeshore Community Foundation 11,Corporate Pension,Key,Midwest,Julian Collins,Isabella Collins,false
AM-SR-000594,AM-CL-0029,E-0266,Fee Invoice Question,2025-11-08,2025-11-17,Closed,5,9.53,true,Email,Medium,Granite Capital Partners 29,Sovereign,Key,Midwest,Iris Allen,Ethan Roberts,false
AM-SR-000595,AM-CL-0127,E-0266,Fee Invoice Question,2026-05-15,2026-05-19,Closed,5,4.74,false,Email,High,Granite Community Foundation 127,Sovereign,Standard,APAC,Layla Carter,Ethan Roberts,false
AM-SR-000596,AM-CL-0056,E-0288,Performance Report,2025-08-17,2025-08-18,Closed,5,1.72,false,Portal,Low,Harbor Mutual Insurance 56,Endowment,Strategic,APAC,Grace Bailey,Mateo Collins,false
AM-SR-000597,AM-CL-0092,E-0284,Compliance Attestation,2025-12-06,2025-12-11,Closed,10,5.25,false,Email,Medium,Meridian Capital Partners 92,Public Pension,Key,Northeast,Noah Carter,Iris Thomas,false
AM-SR-000598,AM-CL-0031,E-0276,Reconciliation,2026-03-03,2026-03-05,Closed,3,2.88,false,Portal,Medium,Blue Ridge Employees Pension 31,Sub-Advisory,Standard,Southeast,Owen Okafor,Felix Edwards,false
AM-SR-000599,AM-CL-0094,E-0271,Performance Report,2025-09-03,2025-09-04,Closed,5,1.83,false,Portal,Low,Granite Capital Partners 94,Family Office,Standard,Pacific,Luis Ashford,Isabella Collins,false
AM-SR-000600,AM-CL-0008,E-0279,Reconciliation,2025-01-16,2025-01-22,Closed,3,6.81,true,Email,High,Granite Community Foundation 8,Insurance GA,Standard,Mountain West,Luis Silva,Ravi Campbell,false
AM-SR-000601,AM-CL-0029,E-0266,Compliance Attestation,2026-07-12,2026-07-16,Closed,10,4.0,false,Portal,High,Granite Capital Partners 29,Sovereign,Key,Midwest,Iris Allen,Ethan Roberts,true
AM-SR-000602,AM-CL-0064,E-0274,Performance Report,2025-10-02,2025-10-04,Closed,5,2.82,false,Portal,Medium,Granite Mutual Insurance 64,Sub-Advisory,Standard,Midwest,Layla Carter,Hannah Young,true
AM-SR-000603,AM-CL-0031,E-0276,Reconciliation,2025-07-14,2025-07-17,Closed,3,3.33,true,Portal,Medium,Blue Ridge Employees Pension 31,Sub-Advisory,Standard,Southeast,Owen Okafor,Felix Edwards,false
AM-SR-000604,AM-CL-0078,E-0278,Data Feed Issue,2026-05-11,2026-05-13,Closed,2,2.76,true,Email,High,Lakeshore Employees Pension 78,Insurance GA,Standard,EMEA,Julian Collins,Lauren Lopez,false
AM-SR-000605,AM-CL-0113,E-0270,Performance Report,2025-08-13,2025-08-20,Closed,5,7.64,true,Portal,Medium,Harbor Teachers Retirement 113,Insurance GA,Standard,APAC,Leo King,Sara Kim,false
AM-SR-000606,AM-CL-0114,E-0278,Onboarding Document,2025-02-10,2025-02-16,Closed,7,6.08,false,Email,Low,Meridian Mutual Insurance 114,Family Office,Strategic,Midwest,Rosa Miller,Lauren Lopez,false
AM-SR-000607,AM-CL-0120,E-0279,Reconciliation,2026-08-30,,Open,3,,false,Email,Medium,Ironwood Capital Partners 120,Foundation,Standard,Pacific,Owen Okafor,Ravi Campbell,false
AM-SR-000608,AM-CL-0062,E-0278,Cash Movement,2026-04-29,2026-04-29,Closed,1,0.29,false,Email,High,Northfield Teachers Retirement 62,Corporate Pension,Standard,Midwest,Owen Okafor,Lauren Lopez,false
AM-SR-000609,AM-CL-0082,E-0275,Onboarding Document,2024-09-05,2024-09-10,Closed,7,5.93,false,Portal,Medium,Harbor Sovereign Fund 82,Foundation,Key,APAC,Iris Allen,Daniel Allen,false
AM-SR-000610,AM-CL-0091,E-0285,Cash Movement,2026-05-27,2026-05-28,Closed,1,1.01,true,Portal,High,Northfield University Endowment 91,Insurance GA,Standard,Mountain West,Owen Okafor,Aisha Ashford,false
AM-SR-000611,AM-CL-0099,E-0279,Reconciliation,2024-12-25,2024-12-26,Closed,3,1.11,false,Email,High,Cascade Teachers Retirement 99,Foundation,Key,APAC,Hannah Young,Ravi Campbell,false
AM-SR-000612,AM-CL-0095,E-0280,Performance Report,2025-07-16,2025-07-21,Closed,5,5.28,true,Phone,Medium,Ironwood Sovereign Fund 95,Sub-Advisory,Standard,Southeast,Wei Thomas,Mateo Harris,false
AM-SR-000613,AM-CL-0096,E-0272,Performance Report,2025-02-02,2025-02-03,Closed,5,1.09,false,Email,High,Cascade Teachers Retirement 96,Endowment,Strategic,APAC,Grace Bailey,Aisha Green,false
AM-SR-000614,AM-CL-0095,E-0280,Performance Report,2024-12-25,2024-12-28,Closed,5,3.7,false,Portal,Low,Ironwood Sovereign Fund 95,Sub-Advisory,Standard,Southeast,Wei Thomas,Mateo Harris,false
AM-SR-000615,AM-CL-0135,E-0287,Onboarding Document,2025-02-23,2025-02-26,Closed,7,3.27,false,Portal,Medium,Meridian Capital Partners 135,Public Pension,Standard,Southeast,Tom Silva,Emma Allen,false
AM-SR-000616,AM-CL-0070,E-0282,Performance Report,2026-06-20,2026-06-25,Closed,5,5.45,true,Email,Medium,Cascade Capital Partners 70,Public Pension,Strategic,EMEA,Noah Nelson,Julian Adams,false
AM-SR-000617,AM-CL-0105,E-0284,Performance Report,2026-01-22,2026-01-25,Closed,5,3.46,false,Portal,Low,Northfield Community Foundation 105,Corporate Pension,Key,Midwest,Nina Scott,Iris Thomas,false
AM-SR-000618,AM-CL-0078,E-0278,Compliance Attestation,2026-02-04,2026-03-09,Closed,10,33.15,true,Email,Low,Lakeshore Employees Pension 78,Insurance GA,Standard,EMEA,Julian Collins,Lauren Lopez,false
AM-SR-000619,AM-CL-0128,E-0286,Data Feed Issue,2025-04-19,2025-04-20,Closed,2,1.02,false,Email,Medium,Cascade Mutual Insurance 128,Sub-Advisory,Key,Northeast,Noah Carter,Daniel Nguyen,false
AM-SR-000620,AM-CL-0028,E-0279,Performance Report,2026-06-12,2026-06-13,Closed,5,1.61,false,Email,Low,Silverline Teachers Retirement 28,Public Pension,Key,Pacific,Layla Carter,Ravi Campbell,false
AM-SR-000621,AM-CL-0076,E-0282,Performance Report,2025-07-17,2025-07-21,Closed,5,4.61,false,Email,Low,Ironwood Capital Partners 76,Foundation,Key,Midwest,Nina Scott,Julian Adams,false
AM-SR-000622,AM-CL-0095,E-0280,Compliance Attestation,2026-04-04,2026-04-08,Closed,10,4.35,false,Portal,Medium,Ironwood Sovereign Fund 95,Sub-Advisory,Standard,Southeast,Wei Thomas,Mateo Harris,true
AM-SR-000623,AM-CL-0018,E-0266,Cash Movement,2026-02-14,2026-02-14,Closed,1,0.54,false,Email,Medium,Meridian Mutual Insurance 18,Public Pension,Key,Pacific,Noah Carter,Ethan Roberts,false
AM-SR-000624,AM-CL-0015,E-0287,Fee Invoice Question,2026-02-20,2026-02-25,Closed,5,5.32,true,Email,Medium,Northfield Teachers Retirement 15,Foundation,Key,Mountain West,Hannah Young,Emma Allen,false
AM-SR-000625,AM-CL-0019,E-0283,Fee Invoice Question,2025-02-07,2025-02-16,Closed,5,9.27,true,Portal,Medium,Northfield Employees Pension 19,Family Office,Key,Southeast,Iris Kim,Victor Chen,false
AM-SR-000626,AM-CL-0081,E-0267,Performance Report,2025-07-10,2025-07-15,Closed,5,5.23,true,Email,High,Northfield Employees Pension 81,Family Office,Standard,Southeast,Wei Thomas,Felix Stewart,true
AM-SR-000627,AM-CL-0060,E-0284,Data Feed Issue,2026-02-13,2026-02-14,Closed,2,1.52,false,Phone,Medium,Granite Teachers Retirement 60,Sovereign,Standard,Northeast,Hannah Young,Iris Thomas,false
AM-SR-000628,AM-CL-0116,E-0272,Performance Report,2026-08-04,2026-08-07,Closed,5,3.64,false,Email,Low,Silverline Sovereign Fund 116,Sub-Advisory,Key,Pacific,Iris Allen,Aisha Green,false
AM-SR-000629,AM-CL-0036,E-0267,Reconciliation,2026-07-05,2026-07-07,Closed,3,2.64,false,Email,Medium,Harbor Teachers Retirement 36,Corporate Pension,Standard,APAC,Luis Silva,Felix Stewart,true
AM-SR-000630,AM-CL-0008,E-0279,Performance Report,2024-11-03,2024-11-08,Closed,5,5.08,true,Phone,Medium,Granite Community Foundation 8,Insurance GA,Standard,Mountain West,Luis Silva,Ravi Campbell,false
AM-SR-000631,AM-CL-0098,E-0268,Cash Movement,2026-02-22,2026-02-22,Closed,1,0.49,false,Portal,Low,Summit Capital Partners 98,Corporate Pension,Key,EMEA,Luis Silva,Rosa Nguyen,false
AM-SR-000632,AM-CL-0092,E-0284,Fee Invoice Question,2025-08-03,2025-08-11,Closed,5,8.39,true,Email,Low,Meridian Capital Partners 92,Public Pension,Key,Northeast,Noah Carter,Iris Thomas,false
AM-SR-000633,AM-CL-0119,E-0285,Reconciliation,2025-12-29,2026-01-01,Closed,3,3.97,true,Email,High,Harbor Sovereign Fund 119,Endowment,Key,Pacific,Hannah Roberts,Aisha Ashford,false
AM-SR-000634,AM-CL-0138,E-0271,Fee Invoice Question,2025-01-11,2025-01-12,Closed,5,1.75,false,Portal,High,Cascade Employees Pension 138,Endowment,Strategic,APAC,Tom Silva,Isabella Collins,true
AM-SR-000635,AM-CL-0072,E-0286,Cash Movement,2026-03-11,2026-03-12,Closed,1,1.07,true,Portal,High,Blue Ridge Mutual Insurance 72,Foundation,Standard,Mountain West,Fatima Okafor,Daniel Nguyen,false
AM-SR-000636,AM-CL-0011,E-0271,Fee Invoice Question,2026-03-24,2026-03-29,Closed,5,5.72,true,Email,Medium,Lakeshore Community Foundation 11,Corporate Pension,Key,Midwest,Julian Collins,Isabella Collins,false
AM-SR-000637,AM-CL-0100,E-0284,Reconciliation,2024-12-27,2024-12-31,Closed,3,4.34,true,Portal,Medium,Harbor Mutual Insurance 100,Sub-Advisory,Key,EMEA,Luis Ashford,Iris Thomas,false
AM-SR-000638,AM-CL-0003,E-0280,Fee Invoice Question,2026-07-22,2026-07-28,Closed,5,6.55,true,Portal,Medium,Blue Ridge Mutual Insurance 3,Foundation,Strategic,EMEA,Grace Martinez,Mateo Harris,false
AM-SR-000639,AM-CL-0108,E-0272,Reconciliation,2025-08-01,2025-08-02,Closed,3,1.8,false,Portal,Medium,Ironwood Employees Pension 108,Family Office,Strategic,APAC,Grace Bailey,Aisha Green,false
AM-SR-000640,AM-CL-0027,E-0271,Fee Invoice Question,2025-03-03,2025-03-08,Closed,5,5.47,true,Portal,Low,Northfield Teachers Retirement 27,Sovereign,Key,Mountain West,Hannah Roberts,Isabella Collins,false
AM-SR-000641,AM-CL-0065,E-0286,Data Feed Issue,2025-12-13,2025-12-16,Closed,2,3.43,true,Email,Low,Harbor Capital Partners 65,Foundation,Standard,Northeast,Iris Clark,Daniel Nguyen,false
AM-SR-000642,AM-CL-0070,E-0282,Performance Report,2026-04-18,2026-04-28,Closed,5,10.67,true,Portal,High,Cascade Capital Partners 70,Public Pension,Strategic,EMEA,Noah Nelson,Julian Adams,false
AM-SR-000643,AM-CL-0063,E-0284,Performance Report,2024-10-02,2024-10-05,Closed,5,3.96,false,Phone,Medium,Cascade Employees Pension 63,Sovereign,Key,Mountain West,Fatima Patel,Iris Thomas,true
AM-SR-000644,AM-CL-0132,E-0273,Performance Report,2024-09-04,2024-09-15,Closed,5,11.02,true,Email,Low,Blue Ridge Teachers Retirement 132,Sovereign,Standard,APAC,Fatima Patel,Samuel Wright,false
AM-SR-000645,AM-CL-0049,E-0289,Performance Report,2025-11-08,2025-11-11,Closed,5,3.52,false,Portal,High,Lakeshore Sovereign Fund 49,Sub-Advisory,Key,Mountain West,Priya Martinez,Victor Nguyen,false
AM-SR-000646,AM-CL-0128,E-0286,Fee Invoice Question,2025-06-11,2025-06-20,Closed,5,9.54,true,Portal,Medium,Cascade Mutual Insurance 128,Sub-Advisory,Key,Northeast,Noah Carter,Daniel Nguyen,false
AM-SR-000647,AM-CL-0084,E-0287,Cash Movement,2026-06-04,2026-06-05,Closed,1,1.8,true,Email,Medium,Ironwood Community Foundation 84,Sovereign,Standard,Southeast,Noah Nelson,Emma Allen,false
AM-SR-000648,AM-CL-0075,E-0270,Onboarding Document,2025-01-13,2025-01-19,Closed,7,6.22,false,Email,Low,Harbor Teachers Retirement 75,Endowment,Standard,Mountain West,Fatima Patel,Sara Kim,false
AM-SR-000649,AM-CL-0051,E-0272,Fee Invoice Question,2025-05-07,2025-05-09,Closed,5,2.89,false,Email,Low,Silverline Teachers Retirement 51,Insurance GA,Standard,EMEA,Nina Scott,Aisha Green,false
AM-SR-000650,AM-CL-0008,E-0279,Onboarding Document,2025-07-17,2025-07-21,Closed,7,4.84,false,Phone,Medium,Granite Community Foundation 8,Insurance GA,Standard,Mountain West,Luis Silva,Ravi Campbell,false
AM-SR-000651,AM-CL-0032,E-0279,Compliance Attestation,2025-07-23,2025-07-27,Closed,10,4.06,false,Portal,Low,Meridian Sovereign Fund 32,Corporate Pension,Standard,Mountain West,Priya Martinez,Ravi Campbell,false
AM-SR-000652,AM-CL-0127,E-0266,Reconciliation,2024-11-19,2024-11-19,Closed,3,0.89,false,Portal,Medium,Granite Community Foundation 127,Sovereign,Standard,APAC,Layla Carter,Ethan Roberts,false
AM-SR-000653,AM-CL-0013,E-0277,Data Feed Issue,2025-09-29,2025-10-03,Closed,2,4.37,true,Phone,High,Meridian Teachers Retirement 13,Sovereign,Standard,Northeast,Leo King,Kenji White,false
AM-SR-000654,AM-CL-0070,E-0282,Performance Report,2025-05-11,2025-05-17,Closed,5,6.56,true,Email,Low,Cascade Capital Partners 70,Public Pension,Strategic,EMEA,Noah Nelson,Julian Adams,false
AM-SR-000655,AM-CL-0016,E-0269,Fee Invoice Question,2026-02-10,2026-02-15,Closed,5,5.2,true,Email,Low,Ironwood Sovereign Fund 16,Sovereign,Key,Pacific,Maya Ashford,Noah Hall,false
AM-SR-000656,AM-CL-0115,E-0274,Performance Report,2026-06-02,2026-06-04,Closed,5,2.93,false,Email,Low,Ironwood Capital Partners 115,Public Pension,Key,EMEA,Maya Ashford,Hannah Young,false
AM-SR-000657,AM-CL-0083,E-0287,Performance Report,2024-09-05,2024-09-08,Closed,5,3.61,false,Portal,Low,Northfield Sovereign Fund 83,Public Pension,Strategic,APAC,Iris Allen,Emma Allen,false
AM-SR-000658,AM-CL-0091,E-0285,Performance Report,2025-03-17,2025-03-19,Closed,5,2.97,false,Portal,Low,Northfield University Endowment 91,Insurance GA,Standard,Mountain West,Owen Okafor,Aisha Ashford,false
AM-SR-000659,AM-CL-0012,E-0289,Performance Report,2025-02-26,2025-03-01,Closed,5,3.55,false,Email,High,Blue Ridge Community Foundation 12,Foundation,Strategic,Mountain West,Luis Silva,Victor Nguyen,false
AM-SR-000660,AM-CL-0106,E-0272,Data Feed Issue,2026-07-30,2026-07-30,Closed,2,0.9,false,Portal,Low,Silverline Sovereign Fund 106,Endowment,Strategic,Pacific,Mei Hall,Aisha Green,false
AM-SR-000661,AM-CL-0101,E-0289,Compliance Attestation,2026-01-25,2026-01-28,Closed,10,3.32,false,Email,Medium,Harbor University Endowment 101,Family Office,Key,Northeast,Luis Ashford,Victor Nguyen,false
AM-SR-000662,AM-CL-0123,E-0272,Cash Movement,2025-01-05,2025-01-06,Closed,1,1.03,true,Portal,Medium,Cascade Mutual Insurance 123,Sub-Advisory,Standard,Southeast,Layla Carter,Aisha Green,true
AM-SR-000663,AM-CL-0001,E-0279,Onboarding Document,2026-07-11,2026-07-18,Closed,7,7.24,true,Portal,Medium,Lakeshore Employees Pension 1,Sub-Advisory,Strategic,Pacific,Wei Thomas,Ravi Campbell,true
AM-SR-000664,AM-CL-0085,E-0267,Compliance Attestation,2025-08-19,2025-09-05,Closed,10,17.74,true,Portal,Medium,Summit Community Foundation 85,Sub-Advisory,Standard,Pacific,Luis Ashford,Felix Stewart,false
AM-SR-000665,AM-CL-0104,E-0279,Reconciliation,2024-12-20,2024-12-22,Closed,3,2.6,false,Email,High,Blue Ridge University Endowment 104,Sub-Advisory,Standard,Pacific,Owen Okafor,Ravi Campbell,false
AM-SR-000666,AM-CL-0085,E-0267,Performance Report,2025-11-21,2025-11-24,Closed,5,3.21,false,Email,Low,Summit Community Foundation 85,Sub-Advisory,Standard,Pacific,Luis Ashford,Felix Stewart,false
AM-SR-000667,AM-CL-0052,E-0285,Compliance Attestation,2026-03-14,2026-03-26,Closed,10,12.14,true,Portal,Low,Lakeshore Mutual Insurance 52,Family Office,Key,Mountain West,Tom Silva,Aisha Ashford,false
AM-SR-000668,AM-CL-0122,E-0276,Performance Report,2024-09-12,2024-09-16,Closed,5,4.87,false,Email,Low,Granite Teachers Retirement 122,Insurance GA,Standard,EMEA,Luis Ashford,Felix Edwards,false
AM-SR-000669,AM-CL-0106,E-0272,Reconciliation,2025-09-12,2025-09-15,Closed,3,3.43,true,Portal,Low,Silverline Sovereign Fund 106,Endowment,Strategic,Pacific,Mei Hall,Aisha Green,false
AM-SR-000670,AM-CL-0082,E-0275,Onboarding Document,2024-11-04,2024-11-11,Closed,7,7.85,true,Portal,Low,Harbor Sovereign Fund 82,Foundation,Key,APAC,Iris Allen,Daniel Allen,false
AM-SR-000671,AM-CL-0056,E-0288,Cash Movement,2026-01-31,2026-01-31,Closed,1,0.57,false,Email,Medium,Harbor Mutual Insurance 56,Endowment,Strategic,APAC,Grace Bailey,Mateo Collins,false
AM-SR-000672,AM-CL-0039,E-0275,Performance Report,2026-07-12,2026-07-13,Closed,5,1.81,false,Email,Medium,Blue Ridge Mutual Insurance 39,Foundation,Key,APAC,Iris Clark,Daniel Allen,true
AM-SR-000673,AM-CL-0004,E-0272,Cash Movement,2025-06-27,2025-06-28,Closed,1,1.04,true,Email,High,Lakeshore Teachers Retirement 4,Sub-Advisory,Key,EMEA,Julian Collins,Aisha Green,false
AM-SR-000674,AM-CL-0052,E-0285,Reconciliation,2024-12-31,2025-01-03,Closed,3,3.03,true,Email,Low,Lakeshore Mutual Insurance 52,Family Office,Key,Mountain West,Tom Silva,Aisha Ashford,false
AM-SR-000675,AM-CL-0096,E-0272,Performance Report,2025-05-21,2025-05-25,Closed,5,4.54,false,Portal,Low,Cascade Teachers Retirement 96,Endowment,Strategic,APAC,Grace Bailey,Aisha Green,false
AM-SR-000676,AM-CL-0085,E-0267,Fee Invoice Question,2025-12-08,2025-12-11,Closed,5,3.28,false,Phone,Medium,Summit Community Foundation 85,Sub-Advisory,Standard,Pacific,Luis Ashford,Felix Stewart,false
AM-SR-000677,AM-CL-0052,E-0285,Reconciliation,2026-04-14,2026-04-18,Closed,3,4.85,true,Phone,Medium,Lakeshore Mutual Insurance 52,Family Office,Key,Mountain West,Tom Silva,Aisha Ashford,false
AM-SR-000678,AM-CL-0110,E-0286,Performance Report,2025-12-25,2025-12-26,Closed,5,1.5,false,Portal,Low,Summit Community Foundation 110,Public Pension,Standard,Northeast,Grace Martinez,Daniel Nguyen,false
AM-SR-000679,AM-CL-0002,E-0268,Fee Invoice Question,2026-04-27,2026-04-28,Closed,5,1.7,false,Email,Medium,Blue Ridge Sovereign Fund 2,Family Office,Key,EMEA,Noah Carter,Rosa Nguyen,false
AM-SR-000680,AM-CL-0098,E-0268,Performance Report,2026-05-07,2026-05-10,Closed,5,3.55,false,Email,Medium,Summit Capital Partners 98,Corporate Pension,Key,EMEA,Luis Silva,Rosa Nguyen,false
AM-SR-000681,AM-CL-0084,E-0287,Reconciliation,2025-09-07,2025-09-07,Closed,3,0.49,false,Phone,Medium,Ironwood Community Foundation 84,Sovereign,Standard,Southeast,Noah Nelson,Emma Allen,false
AM-SR-000682,AM-CL-0053,E-0271,Cash Movement,2025-05-03,2025-05-03,Closed,1,0.81,false,Email,Medium,Granite Sovereign Fund 53,Family Office,Standard,Northeast,Iris Clark,Isabella Collins,false
AM-SR-000683,AM-CL-0095,E-0280,Reconciliation,2025-11-29,2025-11-30,Closed,3,1.01,false,Email,Medium,Ironwood Sovereign Fund 95,Sub-Advisory,Standard,Southeast,Wei Thomas,Mateo Harris,false
AM-SR-000684,AM-CL-0104,E-0279,Data Feed Issue,2025-08-30,2025-08-31,Closed,2,1.39,false,Portal,Medium,Blue Ridge University Endowment 104,Sub-Advisory,Standard,Pacific,Owen Okafor,Ravi Campbell,false
AM-SR-000685,AM-CL-0028,E-0279,Performance Report,2025-06-18,2025-06-19,Closed,5,1.23,false,Portal,Medium,Silverline Teachers Retirement 28,Public Pension,Key,Pacific,Layla Carter,Ravi Campbell,false
AM-SR-000686,AM-CL-0100,E-0284,Performance Report,2025-01-09,2025-01-12,Closed,5,3.64,false,Email,Medium,Harbor Mutual Insurance 100,Sub-Advisory,Key,EMEA,Luis Ashford,Iris Thomas,true
AM-SR-000687,AM-CL-0036,E-0267,Performance Report,2025-08-23,2025-08-24,Closed,5,1.76,false,Portal,Medium,Harbor Teachers Retirement 36,Corporate Pension,Standard,APAC,Luis Silva,Felix Stewart,false
AM-SR-000688,AM-CL-0046,E-0270,Fee Invoice Question,2025-04-23,2025-04-25,Closed,5,2.23,false,Portal,High,Summit University Endowment 46,Foundation,Standard,Pacific,Fatima Patel,Sara Kim,false
AM-SR-000689,AM-CL-0080,E-0275,Fee Invoice Question,2025-04-27,2025-04-28,Closed,5,1.88,false,Email,Medium,Harbor Teachers Retirement 80,Insurance GA,Standard,Pacific,Layla Carter,Daniel Allen,false
AM-SR-000690,AM-CL-0096,E-0272,Reconciliation,2025-04-27,2025-04-28,Closed,3,1.33,false,Email,Medium,Cascade Teachers Retirement 96,Endowment,Strategic,APAC,Grace Bailey,Aisha Green,false
AM-SR-000691,AM-CL-0130,E-0273,Performance Report,2025-09-08,2025-09-15,Closed,5,7.4,true,Portal,Low,Lakeshore University Endowment 130,Public Pension,Key,Northeast,Owen Okafor,Samuel Wright,false
AM-SR-000692,AM-CL-0123,E-0272,Onboarding Document,2025-02-24,2025-02-26,Closed,7,2.88,false,Email,Medium,Cascade Mutual Insurance 123,Sub-Advisory,Standard,Southeast,Layla Carter,Aisha Green,false
AM-SR-000693,AM-CL-0036,E-0267,Compliance Attestation,2026-07-29,2026-08-03,Closed,10,5.9,false,Phone,Low,Harbor Teachers Retirement 36,Corporate Pension,Standard,APAC,Luis Silva,Felix Stewart,false
AM-SR-000694,AM-CL-0077,E-0282,Onboarding Document,2026-05-12,2026-05-14,Closed,7,2.37,false,Portal,Medium,Granite Teachers Retirement 77,Sovereign,Key,Midwest,Mei Hall,Julian Adams,false
AM-SR-000695,AM-CL-0027,E-0271,Fee Invoice Question,2025-01-24,2025-01-27,Closed,5,3.1,false,Email,Medium,Northfield Teachers Retirement 27,Sovereign,Key,Mountain West,Hannah Roberts,Isabella Collins,false
AM-SR-000696,AM-CL-0114,E-0278,Onboarding Document,2025-01-12,2025-01-15,Closed,7,3.98,false,Portal,Low,Meridian Mutual Insurance 114,Family Office,Strategic,Midwest,Rosa Miller,Lauren Lopez,true
AM-SR-000697,AM-CL-0102,E-0277,Reconciliation,2025-11-26,2025-11-28,Closed,3,2.31,false,Email,Medium,Granite Community Foundation 102,Endowment,Strategic,APAC,Noah Nelson,Kenji White,false
AM-SR-000698,AM-CL-0018,E-0266,Cash Movement,2024-09-10,2024-09-10,Closed,1,0.53,false,Portal,Low,Meridian Mutual Insurance 18,Public Pension,Key,Pacific,Noah Carter,Ethan Roberts,false
AM-SR-000699,AM-CL-0028,E-0279,Reconciliation,2026-07-26,2026-07-27,Closed,3,1.79,false,Portal,High,Silverline Teachers Retirement 28,Public Pension,Key,Pacific,Layla Carter,Ravi Campbell,false
AM-SR-000700,AM-CL-0115,E-0274,Fee Invoice Question,2025-10-18,2025-10-21,Closed,5,3.58,false,Email,Medium,Ironwood Capital Partners 115,Public Pension,Key,EMEA,Maya Ashford,Hannah Young,false
AM-SR-000701,AM-CL-0125,E-0286,Reconciliation,2025-03-30,2025-04-01,Closed,3,2.16,false,Email,High,Northfield Mutual Insurance 125,Insurance GA,Key,Mountain West,Luis Silva,Daniel Nguyen,false
AM-SR-000702,AM-CL-0011,E-0271,Performance Report,2024-12-19,2024-12-23,Closed,5,4.63,false,Email,Medium,Lakeshore Community Foundation 11,Corporate Pension,Key,Midwest,Julian Collins,Isabella Collins,false
AM-SR-000703,AM-CL-0102,E-0277,Cash Movement,2026-05-03,2026-05-03,Closed,1,0.24,false,Portal,Medium,Granite Community Foundation 102,Endowment,Strategic,APAC,Noah Nelson,Kenji White,false
AM-SR-000704,AM-CL-0043,E-0267,Reconciliation,2025-07-10,2025-07-16,Closed,3,6.5,true,Email,Medium,Lakeshore Community Foundation 43,Family Office,Key,Pacific,Rosa Miller,Felix Stewart,true
AM-SR-000705,AM-CL-0030,E-0275,Reconciliation,2026-08-25,2026-08-27,Closed,3,2.8,false,Phone,Medium,Meridian Capital Partners 30,Family Office,Standard,Southeast,Sofia Bailey,Daniel Allen,false
AM-SR-000706,AM-CL-0096,E-0272,Reconciliation,2025-10-20,2025-10-25,Closed,3,5.43,true,Portal,Medium,Cascade Teachers Retirement 96,Endowment,Strategic,APAC,Grace Bailey,Aisha Green,false
AM-SR-000707,AM-CL-0032,E-0279,Reconciliation,2026-02-01,2026-02-01,Closed,3,0.64,false,Portal,Low,Meridian Sovereign Fund 32,Corporate Pension,Standard,Mountain West,Priya Martinez,Ravi Campbell,false
AM-SR-000708,AM-CL-0066,E-0278,Performance Report,2025-12-06,2025-12-11,Closed,5,5.52,true,Email,Medium,Cascade Mutual Insurance 66,Family Office,Strategic,Midwest,Luis Silva,Lauren Lopez,false
AM-SR-000709,AM-CL-0044,E-0282,Reconciliation,2025-02-07,2025-02-08,Closed,3,1.45,false,Portal,Medium,Blue Ridge Teachers Retirement 44,Sovereign,Key,Southeast,Fatima Patel,Julian Adams,false
AM-SR-000710,AM-CL-0054,E-0290,Performance Report,2025-04-14,2025-04-16,Closed,5,2.68,false,Email,Low,Granite Mutual Insurance 54,Corporate Pension,Standard,Pacific,Hannah Young,Luis Ashford,false
AM-SR-000711,AM-CL-0030,E-0275,Performance Report,2025-05-25,2025-06-14,Closed,5,20.18,true,Portal,Low,Meridian Capital Partners 30,Family Office,Standard,Southeast,Sofia Bailey,Daniel Allen,false
AM-SR-000712,AM-CL-0034,E-0271,Reconciliation,2024-11-27,2024-11-30,Closed,3,3.41,true,Email,Medium,Cascade Employees Pension 34,Insurance GA,Standard,Mountain West,Mei Hall,Isabella Collins,false
AM-SR-000713,AM-CL-0104,E-0279,Fee Invoice Question,2025-04-16,2025-04-21,Closed,5,5.68,true,Portal,Medium,Blue Ridge University Endowment 104,Sub-Advisory,Standard,Pacific,Owen Okafor,Ravi Campbell,false
AM-SR-000714,AM-CL-0132,E-0273,Compliance Attestation,2026-02-16,2026-02-25,Closed,10,9.91,false,Email,Low,Blue Ridge Teachers Retirement 132,Sovereign,Standard,APAC,Fatima Patel,Samuel Wright,false
AM-SR-000715,AM-CL-0010,E-0275,Reconciliation,2026-05-02,2026-05-06,Closed,3,4.54,true,Email,Medium,Northfield Capital Partners 10,Insurance GA,Standard,Midwest,Wei Thomas,Daniel Allen,false
AM-SR-000716,AM-CL-0012,E-0289,Reconciliation,2025-12-03,2025-12-05,Closed,3,2.94,false,Portal,Low,Blue Ridge Community Foundation 12,Foundation,Strategic,Mountain West,Luis Silva,Victor Nguyen,false
AM-SR-000717,AM-CL-0014,E-0288,Onboarding Document,2024-09-25,2024-10-09,Closed,7,14.8,true,Email,Medium,Granite Mutual Insurance 14,Corporate Pension,Standard,APAC,Fatima Okafor,Mateo Collins,false
AM-SR-000718,AM-CL-0074,E-0280,Cash Movement,2025-10-13,2025-10-14,Closed,1,1.32,true,Email,Low,Harbor Capital Partners 74,Sub-Advisory,Standard,Mountain West,Noah Carter,Mateo Harris,false
AM-SR-000719,AM-CL-0131,E-0285,Cash Movement,2025-03-04,2025-03-04,Closed,1,0.98,false,Portal,Medium,Northfield Capital Partners 131,Family Office,Key,Southeast,Priya Martinez,Aisha Ashford,false
AM-SR-000720,AM-CL-0127,E-0266,Fee Invoice Question,2025-02-01,2025-02-07,Closed,5,6.06,true,Portal,Medium,Granite Community Foundation 127,Sovereign,Standard,APAC,Layla Carter,Ethan Roberts,false
AM-SR-000721,AM-CL-0056,E-0288,Data Feed Issue,2025-11-26,2025-11-28,Closed,2,2.46,true,Phone,Medium,Harbor Mutual Insurance 56,Endowment,Strategic,APAC,Grace Bailey,Mateo Collins,false
AM-SR-000722,AM-CL-0011,E-0271,Performance Report,2024-10-30,2024-10-31,Closed,5,1.96,false,Email,Medium,Lakeshore Community Foundation 11,Corporate Pension,Key,Midwest,Julian Collins,Isabella Collins,false
AM-SR-000723,AM-CL-0074,E-0280,Fee Invoice Question,2025-12-24,2025-12-29,Closed,5,5.82,true,Email,Low,Harbor Capital Partners 74,Sub-Advisory,Standard,Mountain West,Noah Carter,Mateo Harris,false
AM-SR-000724,AM-CL-0049,E-0289,Fee Invoice Question,2026-02-23,2026-03-03,Closed,5,8.34,true,Email,High,Lakeshore Sovereign Fund 49,Sub-Advisory,Key,Mountain West,Priya Martinez,Victor Nguyen,false
AM-SR-000725,AM-CL-0079,E-0270,Performance Report,2026-01-18,2026-01-25,Closed,5,7.8,true,Email,High,Northfield Teachers Retirement 79,Foundation,Strategic,APAC,Luis Ashford,Sara Kim,false
AM-SR-000726,AM-CL-0096,E-0272,Onboarding Document,2025-03-19,2025-03-21,Closed,7,2.97,false,Email,Medium,Cascade Teachers Retirement 96,Endowment,Strategic,APAC,Grace Bailey,Aisha Green,false
AM-SR-000727,AM-CL-0082,E-0275,Cash Movement,2025-09-05,2025-09-05,Closed,1,0.91,false,Phone,Low,Harbor Sovereign Fund 82,Foundation,Key,APAC,Iris Allen,Daniel Allen,false
AM-SR-000728,AM-CL-0011,E-0271,Fee Invoice Question,2024-09-08,2024-09-11,Closed,5,3.23,false,Email,Low,Lakeshore Community Foundation 11,Corporate Pension,Key,Midwest,Julian Collins,Isabella Collins,false
AM-SR-000729,AM-CL-0037,E-0282,Performance Report,2026-01-11,2026-01-15,Closed,5,4.44,false,Phone,Medium,Harbor Capital Partners 37,Foundation,Standard,APAC,Nina Scott,Julian Adams,true
AM-SR-000730,AM-CL-0050,E-0276,Fee Invoice Question,2024-12-07,2024-12-10,Closed,5,3.87,false,Portal,Low,Harbor Community Foundation 50,Endowment,Standard,Pacific,Hannah Roberts,Felix Edwards,false
AM-SR-000731,AM-CL-0074,E-0280,Compliance Attestation,2025-12-21,2025-12-30,Closed,10,9.33,false,Email,Medium,Harbor Capital Partners 74,Sub-Advisory,Standard,Mountain West,Noah Carter,Mateo Harris,false
AM-SR-000732,AM-CL-0129,E-0273,Cash Movement,2024-11-19,2024-11-19,Closed,1,0.79,false,Email,Low,Blue Ridge Mutual Insurance 129,Foundation,Key,Pacific,Luis Silva,Samuel Wright,false
AM-SR-000733,AM-CL-0089,E-0280,Performance Report,2024-10-27,2024-10-30,Closed,5,3.13,false,Phone,Medium,Blue Ridge Community Foundation 89,Endowment,Standard,Midwest,Tom Silva,Mateo Harris,false
AM-SR-000734,AM-CL-0091,E-0285,Reconciliation,2025-12-15,2025-12-15,Closed,3,0.51,false,Portal,Low,Northfield University Endowment 91,Insurance GA,Standard,Mountain West,Owen Okafor,Aisha Ashford,false
AM-SR-000735,AM-CL-0062,E-0278,Reconciliation,2026-04-12,2026-04-15,Closed,3,3.28,true,Phone,High,Northfield Teachers Retirement 62,Corporate Pension,Standard,Midwest,Owen Okafor,Lauren Lopez,true
AM-SR-000736,AM-CL-0100,E-0284,Reconciliation,2025-05-13,2025-05-14,Closed,3,1.06,false,Portal,High,Harbor Mutual Insurance 100,Sub-Advisory,Key,EMEA,Luis Ashford,Iris Thomas,false
AM-SR-000737,AM-CL-0038,E-0288,Reconciliation,2025-02-01,2025-02-02,Closed,3,1.55,false,Email,Medium,Summit Capital Partners 38,Endowment,Standard,Mountain West,Sofia Bailey,Mateo Collins,false
AM-SR-000738,AM-CL-0010,E-0275,Performance Report,2025-11-11,2025-11-18,Closed,5,7.2,true,Email,Low,Northfield Capital Partners 10,Insurance GA,Standard,Midwest,Wei Thomas,Daniel Allen,false
AM-SR-000739,AM-CL-0060,E-0284,Reconciliation,2026-04-13,2026-04-14,Closed,3,1.56,false,Email,Medium,Granite Teachers Retirement 60,Sovereign,Standard,Northeast,Hannah Young,Iris Thomas,false
AM-SR-000740,AM-CL-0023,E-0285,Onboarding Document,2025-03-06,2025-03-07,Closed,7,1.93,false,Portal,Medium,Harbor Community Foundation 23,Public Pension,Key,Midwest,Sofia Bailey,Aisha Ashford,false
AM-SR-000741,AM-CL-0049,E-0289,Performance Report,2026-08-10,2026-08-15,Closed,5,5.7,true,Portal,Medium,Lakeshore Sovereign Fund 49,Sub-Advisory,Key,Mountain West,Priya Martinez,Victor Nguyen,false
AM-SR-000742,AM-CL-0081,E-0267,Cash Movement,2025-01-18,2025-01-18,Closed,1,0.55,false,Email,Medium,Northfield Employees Pension 81,Family Office,Standard,Southeast,Wei Thomas,Felix Stewart,false
AM-SR-000743,AM-CL-0069,E-0274,Reconciliation,2025-12-09,2025-12-11,Closed,3,2.94,false,Portal,Medium,Northfield Community Foundation 69,Family Office,Standard,Southeast,Hannah Roberts,Hannah Young,false
AM-SR-000744,AM-CL-0009,E-0279,Cash Movement,2024-10-01,2024-10-01,Closed,1,0.5,false,Portal,High,Cascade Sovereign Fund 9,Corporate Pension,Strategic,Midwest,Fatima Patel,Ravi Campbell,true
AM-SR-000745,AM-CL-0133,E-0275,Fee Invoice Question,2024-10-31,2024-11-04,Closed,5,4.16,false,Portal,Medium,Granite University Endowment 133,Insurance GA,Standard,Northeast,Luis Silva,Daniel Allen,false
AM-SR-000746,AM-CL-0007,E-0280,Fee Invoice Question,2024-09-30,2024-10-01,Closed,5,1.99,false,Email,Medium,Ironwood Teachers Retirement 7,Insurance GA,Standard,Midwest,Fatima Okafor,Mateo Harris,false
AM-SR-000747,AM-CL-0070,E-0282,Fee Invoice Question,2024-12-07,2024-12-09,Closed,5,2.04,false,Email,Medium,Cascade Capital Partners 70,Public Pension,Strategic,EMEA,Noah Nelson,Julian Adams,false
AM-SR-000748,AM-CL-0139,E-0266,Cash Movement,2026-05-25,2026-05-28,Closed,1,3.2,true,Portal,Medium,Lakeshore Teachers Retirement 139,Foundation,Strategic,Mountain West,Fatima Okafor,Ethan Roberts,false
AM-SR-000749,AM-CL-0091,E-0285,Reconciliation,2026-01-12,2026-01-26,Closed,3,14.22,true,Email,High,Northfield University Endowment 91,Insurance GA,Standard,Mountain West,Owen Okafor,Aisha Ashford,true
AM-SR-000750,AM-CL-0127,E-0266,Reconciliation,2025-06-16,2025-06-16,Closed,3,0.45,false,Portal,High,Granite Community Foundation 127,Sovereign,Standard,APAC,Layla Carter,Ethan Roberts,false
AM-SR-000751,AM-CL-0134,E-0281,Performance Report,2025-11-22,2025-11-24,Closed,5,2.45,false,Portal,Low,Granite Sovereign Fund 134,Family Office,Standard,Midwest,Maya Ashford,Sofia Campbell,false
AM-SR-000752,AM-CL-0047,E-0266,Reconciliation,2025-12-05,2025-12-06,Closed,3,1.92,false,Phone,Medium,Granite Sovereign Fund 47,Endowment,Standard,Mountain West,Noah Nelson,Ethan Roberts,false
AM-SR-000753,AM-CL-0086,E-0268,Reconciliation,2025-05-12,2025-05-13,Closed,3,1.1,false,Email,Medium,Cascade University Endowment 86,Public Pension,Standard,EMEA,Layla Carter,Rosa Nguyen,false
AM-SR-000754,AM-CL-0093,E-0275,Performance Report,2025-06-27,2025-06-28,Closed,5,1.47,false,Portal,Low,Harbor Community Foundation 93,Corporate Pension,Strategic,Southeast,Maya Ashford,Daniel Allen,false
AM-SR-000755,AM-CL-0081,E-0267,Data Feed Issue,2025-10-25,2025-10-25,Closed,2,0.89,false,Email,High,Northfield Employees Pension 81,Family Office,Standard,Southeast,Wei Thomas,Felix Stewart,false
AM-SR-000756,AM-CL-0084,E-0287,Fee Invoice Question,2025-12-12,2025-12-18,Closed,5,6.83,true,Phone,Medium,Ironwood Community Foundation 84,Sovereign,Standard,Southeast,Noah Nelson,Emma Allen,false
AM-SR-000757,AM-CL-0002,E-0268,Performance Report,2026-07-07,2026-07-09,Closed,5,2.07,false,Portal,Low,Blue Ridge Sovereign Fund 2,Family Office,Key,EMEA,Noah Carter,Rosa Nguyen,true
AM-SR-000758,AM-CL-0012,E-0289,Reconciliation,2025-10-15,2025-10-16,Closed,3,1.97,false,Phone,Medium,Blue Ridge Community Foundation 12,Foundation,Strategic,Mountain West,Luis Silva,Victor Nguyen,false
AM-SR-000759,AM-CL-0038,E-0288,Performance Report,2026-06-10,2026-06-13,Closed,5,3.13,false,Phone,Medium,Summit Capital Partners 38,Endowment,Standard,Mountain West,Sofia Bailey,Mateo Collins,false
AM-SR-000760,AM-CL-0036,E-0267,Reconciliation,2025-01-23,2025-01-24,Closed,3,1.06,false,Email,Medium,Harbor Teachers Retirement 36,Corporate Pension,Standard,APAC,Luis Silva,Felix Stewart,false
AM-SR-000761,AM-CL-0047,E-0266,Compliance Attestation,2026-04-26,2026-04-28,Closed,10,2.57,false,Portal,Medium,Granite Sovereign Fund 47,Endowment,Standard,Mountain West,Noah Nelson,Ethan Roberts,false
AM-SR-000762,AM-CL-0028,E-0279,Reconciliation,2024-12-21,2024-12-22,Closed,3,1.77,false,Phone,Medium,Silverline Teachers Retirement 28,Public Pension,Key,Pacific,Layla Carter,Ravi Campbell,false
AM-SR-000763,AM-CL-0067,E-0275,Fee Invoice Question,2025-08-19,2025-08-23,Closed,5,4.92,false,Portal,Low,Silverline Employees Pension 67,Public Pension,Key,Midwest,Leo King,Daniel Allen,false
AM-SR-000764,AM-CL-0093,E-0275,Performance Report,2026-08-22,2026-08-25,Closed,5,3.23,false,Phone,Medium,Harbor Community Foundation 93,Corporate Pension,Strategic,Southeast,Maya Ashford,Daniel Allen,false
AM-SR-000765,AM-CL-0084,E-0287,Reconciliation,2025-11-21,2025-11-22,Closed,3,1.49,false,Email,Low,Ironwood Community Foundation 84,Sovereign,Standard,Southeast,Noah Nelson,Emma Allen,false
AM-SR-000766,AM-CL-0095,E-0280,Compliance Attestation,2024-10-07,2024-10-11,Closed,10,4.65,false,Email,Medium,Ironwood Sovereign Fund 95,Sub-Advisory,Standard,Southeast,Wei Thomas,Mateo Harris,true
AM-SR-000767,AM-CL-0116,E-0272,Cash Movement,2026-03-10,2026-03-10,Closed,1,0.66,false,Portal,Medium,Silverline Sovereign Fund 116,Sub-Advisory,Key,Pacific,Iris Allen,Aisha Green,false
AM-SR-000768,AM-CL-0024,E-0282,Onboarding Document,2026-06-06,2026-06-18,Closed,7,12.68,true,Email,Low,Granite University Endowment 24,Foundation,Standard,Mountain West,Grace Bailey,Julian Adams,false
AM-SR-000769,AM-CL-0081,E-0267,Performance Report,2025-07-09,2025-07-15,Closed,5,6.55,true,Email,High,Northfield Employees Pension 81,Family Office,Standard,Southeast,Wei Thomas,Felix Stewart,true
AM-SR-000770,AM-CL-0030,E-0275,Performance Report,2026-04-10,2026-04-12,Closed,5,2.68,false,Portal,Medium,Meridian Capital Partners 30,Family Office,Standard,Southeast,Sofia Bailey,Daniel Allen,true
AM-SR-000771,AM-CL-0104,E-0279,Onboarding Document,2026-07-05,2026-07-10,Closed,7,5.31,false,Portal,Medium,Blue Ridge University Endowment 104,Sub-Advisory,Standard,Pacific,Owen Okafor,Ravi Campbell,true
AM-SR-000772,AM-CL-0079,E-0270,Performance Report,2026-01-15,2026-01-17,Closed,5,2.07,false,Phone,Low,Northfield Teachers Retirement 79,Foundation,Strategic,APAC,Luis Ashford,Sara Kim,false
AM-SR-000773,AM-CL-0058,E-0280,Fee Invoice Question,2025-10-24,2025-10-29,Closed,5,5.12,true,Portal,High,Harbor Teachers Retirement 58,Sub-Advisory,Standard,APAC,Fatima Patel,Mateo Harris,false
AM-SR-000774,AM-CL-0066,E-0278,Fee Invoice Question,2024-10-05,2024-10-06,Closed,5,1.35,false,Portal,Medium,Cascade Mutual Insurance 66,Family Office,Strategic,Midwest,Luis Silva,Lauren Lopez,true
AM-SR-000775,AM-CL-0011,E-0271,Reconciliation,2026-05-24,2026-05-24,Closed,3,0.9,false,Email,Low,Lakeshore Community Foundation 11,Corporate Pension,Key,Midwest,Julian Collins,Isabella Collins,false
AM-SR-000776,AM-CL-0127,E-0266,Performance Report,2026-03-27,2026-03-29,Closed,5,2.47,false,Portal,Low,Granite Community Foundation 127,Sovereign,Standard,APAC,Layla Carter,Ethan Roberts,false
AM-SR-000777,AM-CL-0017,E-0281,Performance Report,2025-03-07,2025-03-11,Closed,5,4.98,false,Portal,Medium,Lakeshore Teachers Retirement 17,Family Office,Standard,EMEA,Tom Silva,Sofia Campbell,false
AM-SR-000778,AM-CL-0137,E-0284,Cash Movement,2026-08-22,2026-08-22,Closed,1,0.86,false,Email,Low,Northfield Sovereign Fund 137,Endowment,Strategic,Mountain West,Grace Bailey,Iris Thomas,false
AM-SR-000779,AM-CL-0010,E-0275,Fee Invoice Question,2025-03-04,2025-03-09,Closed,5,5.61,true,Email,High,Northfield Capital Partners 10,Insurance GA,Standard,Midwest,Wei Thomas,Daniel Allen,false
AM-SR-000780,AM-CL-0064,E-0274,Onboarding Document,2025-02-13,2025-02-14,Closed,7,1.35,false,Email,Medium,Granite Mutual Insurance 64,Sub-Advisory,Standard,Midwest,Layla Carter,Hannah Young,false
AM-SR-000781,AM-CL-0047,E-0266,Performance Report,2026-01-14,2026-01-20,Closed,5,6.72,true,Portal,Low,Granite Sovereign Fund 47,Endowment,Standard,Mountain West,Noah Nelson,Ethan Roberts,false
AM-SR-000782,AM-CL-0064,E-0274,Reconciliation,2025-06-20,2025-06-23,Closed,3,3.06,true,Email,Low,Granite Mutual Insurance 64,Sub-Advisory,Standard,Midwest,Layla Carter,Hannah Young,false
AM-SR-000783,AM-CL-0112,E-0289,Cash Movement,2026-07-23,2026-07-23,Closed,1,0.36,false,Portal,Low,Northfield University Endowment 112,Endowment,Standard,APAC,Fatima Okafor,Victor Nguyen,false
AM-SR-000784,AM-CL-0086,E-0268,Reconciliation,2026-06-04,2026-06-05,Closed,3,1.47,false,Phone,High,Cascade University Endowment 86,Public Pension,Standard,EMEA,Layla Carter,Rosa Nguyen,false
AM-SR-000785,AM-CL-0108,E-0272,Compliance Attestation,2026-01-31,2026-02-05,Closed,10,5.56,false,Email,Low,Ironwood Employees Pension 108,Family Office,Strategic,APAC,Grace Bailey,Aisha Green,false
AM-SR-000786,AM-CL-0113,E-0270,Reconciliation,2025-03-22,2025-03-28,Closed,3,6.39,true,Email,High,Harbor Teachers Retirement 113,Insurance GA,Standard,APAC,Leo King,Sara Kim,false
AM-SR-000787,AM-CL-0009,E-0279,Performance Report,2026-05-26,2026-05-31,Closed,5,5.89,true,Email,Medium,Cascade Sovereign Fund 9,Corporate Pension,Strategic,Midwest,Fatima Patel,Ravi Campbell,false
AM-SR-000788,AM-CL-0039,E-0275,Performance Report,2024-09-20,2024-09-21,Closed,5,1.45,false,Email,Medium,Blue Ridge Mutual Insurance 39,Foundation,Key,APAC,Iris Clark,Daniel Allen,false
AM-SR-000789,AM-CL-0043,E-0267,Performance Report,2025-07-08,2025-07-10,Closed,5,2.41,false,Email,Medium,Lakeshore Community Foundation 43,Family Office,Key,Pacific,Rosa Miller,Felix Stewart,true
AM-SR-000790,AM-CL-0102,E-0277,Onboarding Document,2024-12-24,2025-01-05,Closed,7,12.54,true,Email,Low,Granite Community Foundation 102,Endowment,Strategic,APAC,Noah Nelson,Kenji White,false
AM-SR-000791,AM-CL-0046,E-0270,Reconciliation,2025-08-17,2025-08-20,Closed,3,3.23,true,Email,Medium,Summit University Endowment 46,Foundation,Standard,Pacific,Fatima Patel,Sara Kim,false
AM-SR-000792,AM-CL-0016,E-0269,Reconciliation,2026-02-08,2026-02-08,Closed,3,0.69,false,Email,High,Ironwood Sovereign Fund 16,Sovereign,Key,Pacific,Maya Ashford,Noah Hall,false
AM-SR-000793,AM-CL-0028,E-0279,Reconciliation,2025-09-10,2025-09-12,Closed,3,2.33,false,Email,Low,Silverline Teachers Retirement 28,Public Pension,Key,Pacific,Layla Carter,Ravi Campbell,false
AM-SR-000794,AM-CL-0004,E-0272,Cash Movement,2025-06-23,2025-06-24,Closed,1,1.92,true,Phone,Medium,Lakeshore Teachers Retirement 4,Sub-Advisory,Key,EMEA,Julian Collins,Aisha Green,false
AM-SR-000795,AM-CL-0055,E-0268,Performance Report,2024-10-27,2024-10-29,Closed,5,2.99,false,Email,Medium,Granite Teachers Retirement 55,Sub-Advisory,Key,Northeast,Fatima Patel,Rosa Nguyen,false
AM-SR-000796,AM-CL-0115,E-0274,Reconciliation,2026-01-24,2026-01-25,Closed,3,1.87,false,Email,Medium,Ironwood Capital Partners 115,Public Pension,Key,EMEA,Maya Ashford,Hannah Young,false
AM-SR-000797,AM-CL-0031,E-0276,Fee Invoice Question,2025-07-23,2025-07-25,Closed,5,2.23,false,Email,Medium,Blue Ridge Employees Pension 31,Sub-Advisory,Standard,Southeast,Owen Okafor,Felix Edwards,false
AM-SR-000798,AM-CL-0018,E-0266,Performance Report,2025-01-12,2025-01-14,Closed,5,2.59,false,Email,Low,Meridian Mutual Insurance 18,Public Pension,Key,Pacific,Noah Carter,Ethan Roberts,true
AM-SR-000799,AM-CL-0005,E-0277,Performance Report,2024-12-03,2024-12-06,Closed,5,3.52,false,Email,Low,Blue Ridge Capital Partners 5,Sub-Advisory,Key,APAC,Rosa Miller,Kenji White,false
AM-SR-000800,AM-CL-0062,E-0278,Cash Movement,2024-12-21,2024-12-21,Closed,1,0.73,false,Phone,Medium,Northfield Teachers Retirement 62,Corporate Pension,Standard,Midwest,Owen Okafor,Lauren Lopez,false
AM-SR-000801,AM-CL-0051,E-0272,Performance Report,2025-01-24,2025-01-26,Closed,5,2.74,false,Email,Medium,Silverline Teachers Retirement 51,Insurance GA,Standard,EMEA,Nina Scott,Aisha Green,false
AM-SR-000802,AM-CL-0134,E-0281,Performance Report,2025-01-29,2025-02-03,Closed,5,5.91,true,Email,Medium,Granite Sovereign Fund 134,Family Office,Standard,Midwest,Maya Ashford,Sofia Campbell,false
AM-SR-000803,AM-CL-0125,E-0286,Cash Movement,2024-12-18,2024-12-19,Closed,1,1.89,true,Email,Medium,Northfield Mutual Insurance 125,Insurance GA,Key,Mountain West,Luis Silva,Daniel Nguyen,false
AM-SR-000804,AM-CL-0012,E-0289,Performance Report,2025-11-09,2025-11-10,Closed,5,1.44,false,Portal,High,Blue Ridge Community Foundation 12,Foundation,Strategic,Mountain West,Luis Silva,Victor Nguyen,false
AM-SR-000805,AM-CL-0017,E-0281,Reconciliation,2025-06-09,2025-06-11,Closed,3,2.21,false,Portal,Medium,Lakeshore Teachers Retirement 17,Family Office,Standard,EMEA,Tom Silva,Sofia Campbell,false
AM-SR-000806,AM-CL-0062,E-0278,Reconciliation,2026-04-06,2026-04-10,Closed,3,4.08,true,Email,Low,Northfield Teachers Retirement 62,Corporate Pension,Standard,Midwest,Owen Okafor,Lauren Lopez,true
AM-SR-000807,AM-CL-0006,E-0284,Performance Report,2024-10-21,2024-10-26,Closed,5,5.17,true,Email,Medium,Cascade Employees Pension 6,Family Office,Standard,APAC,Sofia Bailey,Iris Thomas,false
AM-SR-000808,AM-CL-0120,E-0279,Compliance Attestation,2025-07-02,2025-07-09,Closed,10,7.1,false,Portal,Medium,Ironwood Capital Partners 120,Foundation,Standard,Pacific,Owen Okafor,Ravi Campbell,true
AM-SR-000809,AM-CL-0068,E-0283,Reconciliation,2025-07-16,2025-07-17,Closed,3,1.05,false,Email,Medium,Northfield Employees Pension 68,Foundation,Strategic,Midwest,Noah Carter,Victor Chen,false
AM-SR-000810,AM-CL-0043,E-0267,Cash Movement,2025-02-18,2025-02-19,Closed,1,1.14,true,Portal,Low,Lakeshore Community Foundation 43,Family Office,Key,Pacific,Rosa Miller,Felix Stewart,false
AM-SR-000811,AM-CL-0017,E-0281,Reconciliation,2026-06-23,2026-06-24,Closed,3,1.85,false,Email,Medium,Lakeshore Teachers Retirement 17,Family Office,Standard,EMEA,Tom Silva,Sofia Campbell,false
AM-SR-000812,AM-CL-0102,E-0277,Reconciliation,2025-03-17,2025-03-18,Closed,3,1.58,false,Email,Low,Granite Community Foundation 102,Endowment,Strategic,APAC,Noah Nelson,Kenji White,false
AM-SR-000813,AM-CL-0123,E-0272,Performance Report,2026-02-22,2026-03-04,Closed,5,10.1,true,Portal,Low,Cascade Mutual Insurance 123,Sub-Advisory,Standard,Southeast,Layla Carter,Aisha Green,false
AM-SR-000814,AM-CL-0021,E-0286,Performance Report,2024-09-25,2024-09-27,Closed,5,2.66,false,Portal,High,Lakeshore Sovereign Fund 21,Sub-Advisory,Strategic,Pacific,Tom Silva,Daniel Nguyen,false
AM-SR-000815,AM-CL-0108,E-0272,Performance Report,2026-02-18,2026-02-25,Closed,5,7.65,true,Email,High,Ironwood Employees Pension 108,Family Office,Strategic,APAC,Grace Bailey,Aisha Green,false
AM-SR-000816,AM-CL-0051,E-0272,Performance Report,2024-09-22,2024-09-25,Closed,5,3.08,false,Email,Medium,Silverline Teachers Retirement 51,Insurance GA,Standard,EMEA,Nina Scott,Aisha Green,false
AM-SR-000817,AM-CL-0104,E-0279,Cash Movement,2024-10-21,2024-10-21,Closed,1,0.93,false,Email,Low,Blue Ridge University Endowment 104,Sub-Advisory,Standard,Pacific,Owen Okafor,Ravi Campbell,false
AM-SR-000818,AM-CL-0034,E-0271,Reconciliation,2025-01-30,2025-02-02,Closed,3,3.94,true,Email,Low,Cascade Employees Pension 34,Insurance GA,Standard,Mountain West,Mei Hall,Isabella Collins,false
AM-SR-000819,AM-CL-0039,E-0275,Fee Invoice Question,2026-07-17,2026-07-18,Closed,5,1.01,false,Portal,High,Blue Ridge Mutual Insurance 39,Foundation,Key,APAC,Iris Clark,Daniel Allen,false
AM-SR-000820,AM-CL-0001,E-0279,Performance Report,2026-05-02,2026-05-18,Closed,5,16.6,true,Email,Low,Lakeshore Employees Pension 1,Sub-Advisory,Strategic,Pacific,Wei Thomas,Ravi Campbell,false
AM-SR-000821,AM-CL-0082,E-0275,Compliance Attestation,2024-10-14,2024-10-28,Closed,10,14.13,true,Portal,Medium,Harbor Sovereign Fund 82,Foundation,Key,APAC,Iris Allen,Daniel Allen,false
AM-SR-000822,AM-CL-0113,E-0270,Performance Report,2025-04-17,2025-04-20,Closed,5,3.99,false,Email,High,Harbor Teachers Retirement 113,Insurance GA,Standard,APAC,Leo King,Sara Kim,false
AM-SR-000823,AM-CL-0113,E-0270,Performance Report,2025-09-10,2025-09-14,Closed,5,4.02,false,Portal,Medium,Harbor Teachers Retirement 113,Insurance GA,Standard,APAC,Leo King,Sara Kim,false
AM-SR-000824,AM-CL-0136,E-0287,Performance Report,2025-04-20,2025-04-26,Closed,5,6.89,true,Portal,High,Summit University Endowment 136,Insurance GA,Key,APAC,Owen Okafor,Emma Allen,false
AM-SR-000825,AM-CL-0038,E-0288,Cash Movement,2025-07-30,2025-07-31,Closed,1,1.21,true,Email,Medium,Summit Capital Partners 38,Endowment,Standard,Mountain West,Sofia Bailey,Mateo Collins,false
AM-SR-000826,AM-CL-0126,E-0270,Performance Report,2026-06-04,2026-06-06,Closed,5,2.96,false,Email,Medium,Northfield Employees Pension 126,Family Office,Strategic,Pacific,Noah Carter,Sara Kim,false
AM-SR-000827,AM-CL-0005,E-0277,Performance Report,2026-07-29,2026-07-30,Closed,5,1.73,false,Portal,Low,Blue Ridge Capital Partners 5,Sub-Advisory,Key,APAC,Rosa Miller,Kenji White,false
AM-SR-000828,AM-CL-0052,E-0285,Performance Report,2026-08-03,2026-08-09,Closed,5,6.32,true,Email,Low,Lakeshore Mutual Insurance 52,Family Office,Key,Mountain West,Tom Silva,Aisha Ashford,false
AM-SR-000829,AM-CL-0043,E-0267,Compliance Attestation,2025-09-18,2025-09-27,Closed,10,9.04,false,Portal,Medium,Lakeshore Community Foundation 43,Family Office,Key,Pacific,Rosa Miller,Felix Stewart,false
AM-SR-000830,AM-CL-0035,E-0267,Data Feed Issue,2024-11-20,2024-11-21,Closed,2,1.72,false,Email,Medium,Harbor Capital Partners 35,Endowment,Strategic,Southeast,Iris Kim,Felix Stewart,false
AM-SR-000831,AM-CL-0018,E-0266,Reconciliation,2025-03-15,2025-03-18,Closed,3,3.09,true,Email,Medium,Meridian Mutual Insurance 18,Public Pension,Key,Pacific,Noah Carter,Ethan Roberts,false
AM-SR-000832,AM-CL-0064,E-0274,Data Feed Issue,2024-11-01,2024-11-01,Closed,2,0.47,false,Phone,Medium,Granite Mutual Insurance 64,Sub-Advisory,Standard,Midwest,Layla Carter,Hannah Young,false
AM-SR-000833,AM-CL-0061,E-0290,Performance Report,2024-09-25,2024-09-26,Closed,5,1.93,false,Email,High,Summit Sovereign Fund 61,Insurance GA,Key,Midwest,Iris Allen,Luis Ashford,false
AM-SR-000834,AM-CL-0051,E-0272,Performance Report,2026-01-22,2026-01-23,Closed,5,1.83,false,Email,High,Silverline Teachers Retirement 51,Insurance GA,Standard,EMEA,Nina Scott,Aisha Green,false
AM-SR-000835,AM-CL-0079,E-0270,Performance Report,2024-10-14,2024-10-17,Closed,5,3.32,false,Email,Medium,Northfield Teachers Retirement 79,Foundation,Strategic,APAC,Luis Ashford,Sara Kim,false
AM-SR-000836,AM-CL-0109,E-0288,Compliance Attestation,2025-04-05,2025-04-09,Closed,10,4.68,false,Portal,Low,Cascade Community Foundation 109,Sub-Advisory,Standard,APAC,Luis Silva,Mateo Collins,true
AM-SR-000837,AM-CL-0099,E-0279,Compliance Attestation,2026-03-11,2026-03-14,Closed,10,3.2,false,Email,Low,Cascade Teachers Retirement 99,Foundation,Key,APAC,Hannah Young,Ravi Campbell,false
AM-SR-000838,AM-CL-0119,E-0285,Fee Invoice Question,2026-03-25,2026-03-31,Closed,5,6.1,true,Email,High,Harbor Sovereign Fund 119,Endowment,Key,Pacific,Hannah Roberts,Aisha Ashford,false
AM-SR-000839,AM-CL-0044,E-0282,Cash Movement,2025-03-13,2025-03-13,Closed,1,0.94,false,Email,Low,Blue Ridge Teachers Retirement 44,Sovereign,Key,Southeast,Fatima Patel,Julian Adams,false
AM-SR-000840,AM-CL-0025,E-0287,Onboarding Document,2024-10-11,2024-10-20,Closed,7,9.74,true,Portal,Low,Summit Teachers Retirement 25,Insurance GA,Standard,Midwest,Rosa Miller,Emma Allen,true
AM-SR-000841,AM-CL-0119,E-0285,Performance Report,2025-12-16,2025-12-19,Closed,5,3.27,false,Email,High,Harbor Sovereign Fund 119,Endowment,Key,Pacific,Hannah Roberts,Aisha Ashford,false
AM-SR-000842,AM-CL-0055,E-0268,Performance Report,2024-10-29,2024-11-04,Closed,5,6.13,true,Phone,Low,Granite Teachers Retirement 55,Sub-Advisory,Key,Northeast,Fatima Patel,Rosa Nguyen,false
AM-SR-000843,AM-CL-0113,E-0270,Reconciliation,2026-01-07,2026-01-16,Closed,3,9.97,true,Email,Medium,Harbor Teachers Retirement 113,Insurance GA,Standard,APAC,Leo King,Sara Kim,true
AM-SR-000844,AM-CL-0070,E-0282,Data Feed Issue,2025-12-20,2025-12-22,Closed,2,2.08,true,Phone,Low,Cascade Capital Partners 70,Public Pension,Strategic,EMEA,Noah Nelson,Julian Adams,false
AM-SR-000845,AM-CL-0015,E-0287,Performance Report,2026-02-21,2026-02-25,Closed,5,4.39,false,Portal,Low,Northfield Teachers Retirement 15,Foundation,Key,Mountain West,Hannah Young,Emma Allen,false
AM-SR-000846,AM-CL-0002,E-0268,Performance Report,2025-12-22,2025-12-23,Closed,5,1.37,false,Email,High,Blue Ridge Sovereign Fund 2,Family Office,Key,EMEA,Noah Carter,Rosa Nguyen,false
AM-SR-000847,AM-CL-0057,E-0281,Fee Invoice Question,2025-08-27,2025-08-30,Closed,5,3.55,false,Portal,Medium,Lakeshore University Endowment 57,Sovereign,Standard,Mountain West,Luis Silva,Sofia Campbell,false
AM-SR-000848,AM-CL-0119,E-0285,Onboarding Document,2025-09-03,2025-09-06,Closed,7,3.84,false,Email,High,Harbor Sovereign Fund 119,Endowment,Key,Pacific,Hannah Roberts,Aisha Ashford,false
AM-SR-000849,AM-CL-0108,E-0272,Performance Report,2026-02-15,2026-02-16,Closed,5,1.69,false,Portal,Medium,Ironwood Employees Pension 108,Family Office,Strategic,APAC,Grace Bailey,Aisha Green,false
AM-SR-000850,AM-CL-0097,E-0289,Cash Movement,2025-02-23,2025-02-23,Closed,1,0.5,false,Email,Medium,Summit Capital Partners 97,Corporate Pension,Standard,Northeast,Fatima Okafor,Victor Nguyen,false
AM-SR-000851,AM-CL-0021,E-0286,Data Feed Issue,2026-05-06,2026-05-07,Closed,2,1.45,false,Email,Low,Lakeshore Sovereign Fund 21,Sub-Advisory,Strategic,Pacific,Tom Silva,Daniel Nguyen,false
AM-SR-000852,AM-CL-0127,E-0266,Compliance Attestation,2025-07-03,2025-07-07,Closed,10,4.26,false,Email,Medium,Granite Community Foundation 127,Sovereign,Standard,APAC,Layla Carter,Ethan Roberts,true
AM-SR-000853,AM-CL-0138,E-0271,Reconciliation,2025-03-29,2025-04-05,Closed,3,7.17,true,Email,Low,Cascade Employees Pension 138,Endowment,Strategic,APAC,Tom Silva,Isabella Collins,false
AM-SR-000854,AM-CL-0082,E-0275,Performance Report,2026-07-07,2026-07-11,Closed,5,4.67,false,Email,High,Harbor Sovereign Fund 82,Foundation,Key,APAC,Iris Allen,Daniel Allen,true
AM-SR-000855,AM-CL-0025,E-0287,Performance Report,2025-06-04,2025-06-11,Closed,5,7.14,true,Email,Low,Summit Teachers Retirement 25,Insurance GA,Standard,Midwest,Rosa Miller,Emma Allen,false
AM-SR-000856,AM-CL-0128,E-0286,Cash Movement,2025-04-01,2025-04-01,Closed,1,0.22,false,Email,Low,Cascade Mutual Insurance 128,Sub-Advisory,Key,Northeast,Noah Carter,Daniel Nguyen,true
AM-SR-000857,AM-CL-0127,E-0266,Reconciliation,2025-07-19,2025-07-20,Closed,3,1.65,false,Portal,Low,Granite Community Foundation 127,Sovereign,Standard,APAC,Layla Carter,Ethan Roberts,false
AM-SR-000858,AM-CL-0106,E-0272,Reconciliation,2025-08-30,2025-08-31,Closed,3,1.44,false,Email,High,Silverline Sovereign Fund 106,Endowment,Strategic,Pacific,Mei Hall,Aisha Green,false
AM-SR-000859,AM-CL-0014,E-0288,Cash Movement,2025-10-18,2025-10-18,Closed,1,0.5,false,Phone,High,Granite Mutual Insurance 14,Corporate Pension,Standard,APAC,Fatima Okafor,Mateo Collins,false
AM-SR-000860,AM-CL-0082,E-0275,Reconciliation,2024-10-26,2024-10-29,Closed,3,3.51,true,Email,Medium,Harbor Sovereign Fund 82,Foundation,Key,APAC,Iris Allen,Daniel Allen,false
AM-SR-000861,AM-CL-0001,E-0279,Performance Report,2026-04-24,2026-04-27,Closed,5,3.56,false,Email,Medium,Lakeshore Employees Pension 1,Sub-Advisory,Strategic,Pacific,Wei Thomas,Ravi Campbell,false
AM-SR-000862,AM-CL-0082,E-0275,Data Feed Issue,2026-06-17,2026-06-20,Closed,2,3.05,true,Email,High,Harbor Sovereign Fund 82,Foundation,Key,APAC,Iris Allen,Daniel Allen,false
AM-SR-000863,AM-CL-0048,E-0284,Fee Invoice Question,2024-11-06,2024-11-10,Closed,5,4.92,false,Phone,Medium,Lakeshore Community Foundation 48,Family Office,Strategic,Mountain West,Grace Martinez,Iris Thomas,false
AM-SR-000864,AM-CL-0026,E-0266,Reconciliation,2026-06-16,2026-06-17,Closed,3,1.47,false,Email,Medium,Summit Teachers Retirement 26,Foundation,Standard,Northeast,Layla Carter,Ethan Roberts,false
AM-SR-000865,AM-CL-0118,E-0274,Performance Report,2026-02-20,2026-02-22,Closed,5,2.92,false,Portal,High,Silverline Community Foundation 118,Family Office,Key,Midwest,Maya Ashford,Hannah Young,false
AM-SR-000866,AM-CL-0091,E-0285,Reconciliation,2026-05-14,2026-05-15,Closed,3,1.53,false,Email,Medium,Northfield University Endowment 91,Insurance GA,Standard,Mountain West,Owen Okafor,Aisha Ashford,false
AM-SR-000867,AM-CL-0084,E-0287,Data Feed Issue,2026-06-11,2026-06-14,Closed,2,3.42,true,Email,Low,Ironwood Community Foundation 84,Sovereign,Standard,Southeast,Noah Nelson,Emma Allen,false
AM-SR-000868,AM-CL-0059,E-0273,Performance Report,2024-12-17,2024-12-23,Closed,5,6.26,true,Portal,Medium,Lakeshore Teachers Retirement 59,Endowment,Strategic,Midwest,Nina Scott,Samuel Wright,false
AM-SR-000869,AM-CL-0049,E-0289,Compliance Attestation,2025-09-15,2025-09-21,Closed,10,6.32,false,Portal,Medium,Lakeshore Sovereign Fund 49,Sub-Advisory,Key,Mountain West,Priya Martinez,Victor Nguyen,false
AM-SR-000870,AM-CL-0050,E-0276,Compliance Attestation,2025-04-21,2025-05-04,Closed,10,13.01,true,Portal,High,Harbor Community Foundation 50,Endowment,Standard,Pacific,Hannah Roberts,Felix Edwards,false
AM-SR-000871,AM-CL-0041,E-0279,Performance Report,2024-11-03,2024-11-06,Closed,5,3.08,false,Email,High,Granite Mutual Insurance 41,Corporate Pension,Standard,APAC,Fatima Patel,Ravi Campbell,false
AM-SR-000872,AM-CL-0109,E-0288,Fee Invoice Question,2025-05-10,2025-05-12,Closed,5,2.26,false,Email,Medium,Cascade Community Foundation 109,Sub-Advisory,Standard,APAC,Luis Silva,Mateo Collins,false
AM-SR-000873,AM-CL-0062,E-0278,Compliance Attestation,2025-03-30,2025-04-02,Closed,10,3.23,false,Portal,Medium,Northfield Teachers Retirement 62,Corporate Pension,Standard,Midwest,Owen Okafor,Lauren Lopez,false
AM-SR-000874,AM-CL-0126,E-0270,Performance Report,2025-11-26,2025-12-05,Closed,5,9.52,true,Email,Low,Northfield Employees Pension 126,Family Office,Strategic,Pacific,Noah Carter,Sara Kim,false
AM-SR-000875,AM-CL-0062,E-0278,Reconciliation,2025-05-11,2025-05-14,Closed,3,3.22,true,Email,Low,Northfield Teachers Retirement 62,Corporate Pension,Standard,Midwest,Owen Okafor,Lauren Lopez,false
AM-SR-000876,AM-CL-0080,E-0275,Performance Report,2026-04-15,2026-04-19,Closed,5,4.89,false,Email,Low,Harbor Teachers Retirement 80,Insurance GA,Standard,Pacific,Layla Carter,Daniel Allen,false
AM-SR-000877,AM-CL-0037,E-0282,Performance Report,2025-09-06,2025-09-10,Closed,5,4.21,false,Portal,High,Harbor Capital Partners 37,Foundation,Standard,APAC,Nina Scott,Julian Adams,false
AM-SR-000878,AM-CL-0051,E-0272,Cash Movement,2026-04-05,2026-04-05,Closed,1,0.69,false,Email,Low,Silverline Teachers Retirement 51,Insurance GA,Standard,EMEA,Nina Scott,Aisha Green,true
AM-SR-000879,AM-CL-0110,E-0286,Reconciliation,2025-01-18,2025-01-24,Closed,3,6.08,true,Portal,Low,Summit Community Foundation 110,Public Pension,Standard,Northeast,Grace Martinez,Daniel Nguyen,false
AM-SR-000880,AM-CL-0128,E-0286,Performance Report,2025-07-13,2025-07-20,Closed,5,8.0,true,Email,Medium,Cascade Mutual Insurance 128,Sub-Advisory,Key,Northeast,Noah Carter,Daniel Nguyen,false
AM-SR-000881,AM-CL-0039,E-0275,Fee Invoice Question,2024-10-11,2024-10-12,Closed,5,1.63,false,Portal,Low,Blue Ridge Mutual Insurance 39,Foundation,Key,APAC,Iris Clark,Daniel Allen,true
AM-SR-000882,AM-CL-0069,E-0274,Onboarding Document,2025-10-20,2025-10-25,Closed,7,5.81,false,Portal,Medium,Northfield Community Foundation 69,Family Office,Standard,Southeast,Hannah Roberts,Hannah Young,false
AM-SR-000883,AM-CL-0029,E-0266,Onboarding Document,2026-06-16,2026-06-20,Closed,7,4.2,false,Portal,Low,Granite Capital Partners 29,Sovereign,Key,Midwest,Iris Allen,Ethan Roberts,false
AM-SR-000884,AM-CL-0017,E-0281,Performance Report,2025-12-21,2025-12-23,Closed,5,2.15,false,Email,Low,Lakeshore Teachers Retirement 17,Family Office,Standard,EMEA,Tom Silva,Sofia Campbell,false
AM-SR-000885,AM-CL-0093,E-0275,Fee Invoice Question,2025-11-02,2025-11-04,Closed,5,2.76,false,Email,Low,Harbor Community Foundation 93,Corporate Pension,Strategic,Southeast,Maya Ashford,Daniel Allen,false
AM-SR-000886,AM-CL-0022,E-0273,Performance Report,2025-04-04,2025-04-05,Closed,5,1.66,false,Email,Low,Northfield Mutual Insurance 22,Foundation,Key,EMEA,Iris Allen,Samuel Wright,true
AM-SR-000887,AM-CL-0014,E-0288,Cash Movement,2025-06-08,2025-06-08,Closed,1,0.33,false,Email,High,Granite Mutual Insurance 14,Corporate Pension,Standard,APAC,Fatima Okafor,Mateo Collins,false
AM-SR-000888,AM-CL-0108,E-0272,Data Feed Issue,2026-05-16,2026-05-19,Closed,2,3.6,true,Portal,Medium,Ironwood Employees Pension 108,Family Office,Strategic,APAC,Grace Bailey,Aisha Green,false
AM-SR-000889,AM-CL-0100,E-0284,Reconciliation,2025-06-18,2025-06-19,Closed,3,1.11,false,Email,Medium,Harbor Mutual Insurance 100,Sub-Advisory,Key,EMEA,Luis Ashford,Iris Thomas,false
AM-SR-000890,AM-CL-0002,E-0268,Performance Report,2025-07-09,2025-07-10,Closed,5,1.61,false,Phone,Low,Blue Ridge Sovereign Fund 2,Family Office,Key,EMEA,Noah Carter,Rosa Nguyen,true
AM-SR-000891,AM-CL-0040,E-0268,Performance Report,2024-09-08,2024-09-14,Closed,5,6.05,true,Email,Medium,Cascade Capital Partners 40,Corporate Pension,Key,EMEA,Luis Silva,Rosa Nguyen,false
AM-SR-000892,AM-CL-0027,E-0271,Performance Report,2026-08-12,2026-08-14,Closed,5,2.07,false,Email,Medium,Northfield Teachers Retirement 27,Sovereign,Key,Mountain West,Hannah Roberts,Isabella Collins,false
AM-SR-000893,AM-CL-0068,E-0283,Cash Movement,2026-03-17,2026-03-18,Closed,1,1.11,true,Email,Low,Northfield Employees Pension 68,Foundation,Strategic,Midwest,Noah Carter,Victor Chen,false
AM-SR-000894,AM-CL-0053,E-0271,Performance Report,2025-08-21,2025-09-06,Closed,5,16.37,true,Email,Medium,Granite Sovereign Fund 53,Family Office,Standard,Northeast,Iris Clark,Isabella Collins,false
AM-SR-000895,AM-CL-0069,E-0274,Performance Report,2024-10-01,2024-10-04,Closed,5,3.34,false,Email,Medium,Northfield Community Foundation 69,Family Office,Standard,Southeast,Hannah Roberts,Hannah Young,true
AM-SR-000896,AM-CL-0085,E-0267,Onboarding Document,2026-08-23,2026-08-29,Closed,7,6.49,false,Phone,Low,Summit Community Foundation 85,Sub-Advisory,Standard,Pacific,Luis Ashford,Felix Stewart,false
AM-SR-000897,AM-CL-0006,E-0284,Reconciliation,2025-03-04,2025-03-05,Closed,3,1.56,false,Phone,Medium,Cascade Employees Pension 6,Family Office,Standard,APAC,Sofia Bailey,Iris Thomas,false
AM-SR-000898,AM-CL-0081,E-0267,Compliance Attestation,2025-04-10,2025-04-29,Closed,10,19.1,true,Email,High,Northfield Employees Pension 81,Family Office,Standard,Southeast,Wei Thomas,Felix Stewart,true
AM-SR-000899,AM-CL-0008,E-0279,Cash Movement,2025-05-24,2025-05-24,Closed,1,0.69,false,Email,Medium,Granite Community Foundation 8,Insurance GA,Standard,Mountain West,Luis Silva,Ravi Campbell,false
AM-SR-000900,AM-CL-0071,E-0279,Onboarding Document,2026-06-02,2026-06-06,Closed,7,4.47,false,Portal,Low,Ironwood Capital Partners 71,Insurance GA,Standard,Mountain West,Iris Allen,Ravi Campbell,false
AM-SR-000901,AM-CL-0102,E-0277,Performance Report,2025-07-13,2025-07-16,Closed,5,3.82,false,Email,Low,Granite Community Foundation 102,Endowment,Strategic,APAC,Noah Nelson,Kenji White,false
AM-SR-000902,AM-CL-0058,E-0280,Reconciliation,2025-06-04,2025-06-07,Closed,3,3.29,true,Email,Medium,Harbor Teachers Retirement 58,Sub-Advisory,Standard,APAC,Fatima Patel,Mateo Harris,false
AM-SR-000903,AM-CL-0025,E-0287,Cash Movement,2026-04-27,2026-04-27,Closed,1,0.32,false,Email,Low,Summit Teachers Retirement 25,Insurance GA,Standard,Midwest,Rosa Miller,Emma Allen,false
AM-SR-000904,AM-CL-0104,E-0279,Cash Movement,2025-05-18,2025-05-18,Closed,1,0.1,false,Portal,Medium,Blue Ridge University Endowment 104,Sub-Advisory,Standard,Pacific,Owen Okafor,Ravi Campbell,false
AM-SR-000905,AM-CL-0084,E-0287,Compliance Attestation,2025-01-28,2025-02-10,Closed,10,13.87,true,Phone,Low,Ironwood Community Foundation 84,Sovereign,Standard,Southeast,Noah Nelson,Emma Allen,false
AM-SR-000906,AM-CL-0069,E-0274,Data Feed Issue,2024-10-10,2024-10-11,Closed,2,1.51,false,Email,Medium,Northfield Community Foundation 69,Family Office,Standard,Southeast,Hannah Roberts,Hannah Young,true
AM-SR-000907,AM-CL-0139,E-0266,Fee Invoice Question,2025-10-05,2025-10-09,Closed,5,4.3,false,Email,Low,Lakeshore Teachers Retirement 139,Foundation,Strategic,Mountain West,Fatima Okafor,Ethan Roberts,true
AM-SR-000908,AM-CL-0025,E-0287,Reconciliation,2025-09-09,2025-09-11,Closed,3,2.72,false,Email,Low,Summit Teachers Retirement 25,Insurance GA,Standard,Midwest,Rosa Miller,Emma Allen,false
AM-SR-000909,AM-CL-0012,E-0289,Performance Report,2026-08-02,2026-08-05,Closed,5,3.23,false,Email,Low,Blue Ridge Community Foundation 12,Foundation,Strategic,Mountain West,Luis Silva,Victor Nguyen,false
AM-SR-000910,AM-CL-0084,E-0287,Performance Report,2026-08-28,,In Progress,5,,true,Email,Low,Ironwood Community Foundation 84,Sovereign,Standard,Southeast,Noah Nelson,Emma Allen,false
AM-SR-000911,AM-CL-0098,E-0268,Cash Movement,2025-12-16,2025-12-16,Closed,1,0.63,false,Phone,Medium,Summit Capital Partners 98,Corporate Pension,Key,EMEA,Luis Silva,Rosa Nguyen,false
AM-SR-000912,AM-CL-0044,E-0282,Performance Report,2025-12-15,2025-12-19,Closed,5,4.31,false,Email,Low,Blue Ridge Teachers Retirement 44,Sovereign,Key,Southeast,Fatima Patel,Julian Adams,false
AM-SR-000913,AM-CL-0096,E-0272,Performance Report,2026-01-20,2026-01-26,Closed,5,6.3,true,Portal,Low,Cascade Teachers Retirement 96,Endowment,Strategic,APAC,Grace Bailey,Aisha Green,false
AM-SR-000914,AM-CL-0033,E-0266,Cash Movement,2025-11-05,2025-11-05,Closed,1,0.26,false,Phone,Low,Summit Employees Pension 33,Family Office,Standard,EMEA,Hannah Young,Ethan Roberts,false
AM-SR-000915,AM-CL-0074,E-0280,Compliance Attestation,2025-08-14,2025-08-31,Closed,10,17.42,true,Email,Low,Harbor Capital Partners 74,Sub-Advisory,Standard,Mountain West,Noah Carter,Mateo Harris,false
AM-SR-000916,AM-CL-0110,E-0286,Performance Report,2025-03-09,2025-03-13,Closed,5,4.23,false,Email,Low,Summit Community Foundation 110,Public Pension,Standard,Northeast,Grace Martinez,Daniel Nguyen,false
AM-SR-000917,AM-CL-0111,E-0270,Cash Movement,2026-01-07,2026-01-08,Closed,1,1.15,true,Portal,Low,Blue Ridge University Endowment 111,Sovereign,Strategic,Pacific,Iris Allen,Sara Kim,true
AM-SR-000918,AM-CL-0085,E-0267,Compliance Attestation,2025-08-10,2025-08-24,Closed,10,14.98,true,Email,Medium,Summit Community Foundation 85,Sub-Advisory,Standard,Pacific,Luis Ashford,Felix Stewart,false
AM-SR-000919,AM-CL-0006,E-0284,Reconciliation,2026-07-27,2026-07-29,Closed,3,2.93,false,Email,Low,Cascade Employees Pension 6,Family Office,Standard,APAC,Sofia Bailey,Iris Thomas,false
AM-SR-000920,AM-CL-0086,E-0268,Onboarding Document,2026-02-23,2026-02-24,Closed,7,1.77,false,Email,Medium,Cascade University Endowment 86,Public Pension,Standard,EMEA,Layla Carter,Rosa Nguyen,false
AM-SR-000921,AM-CL-0008,E-0279,Cash Movement,2024-12-06,2024-12-06,Closed,1,0.68,false,Email,Low,Granite Community Foundation 8,Insurance GA,Standard,Mountain West,Luis Silva,Ravi Campbell,false
AM-SR-000922,AM-CL-0086,E-0268,Performance Report,2025-03-20,2025-03-26,Closed,5,6.64,true,Phone,Medium,Cascade University Endowment 86,Public Pension,Standard,EMEA,Layla Carter,Rosa Nguyen,false
AM-SR-000923,AM-CL-0096,E-0272,Compliance Attestation,2026-08-31,,Open,10,,false,Email,Low,Cascade Teachers Retirement 96,Endowment,Strategic,APAC,Grace Bailey,Aisha Green,false
AM-SR-000924,AM-CL-0124,E-0270,Reconciliation,2024-10-10,2024-10-13,Closed,3,3.56,true,Email,High,Blue Ridge Community Foundation 124,Endowment,Strategic,Northeast,Iris Kim,Sara Kim,true
AM-SR-000925,AM-CL-0053,E-0271,Fee Invoice Question,2024-11-09,2024-11-15,Closed,5,6.84,true,Email,Low,Granite Sovereign Fund 53,Family Office,Standard,Northeast,Iris Clark,Isabella Collins,false
AM-SR-000926,AM-CL-0114,E-0278,Onboarding Document,2025-08-23,2025-08-31,Closed,7,8.49,true,Phone,Medium,Meridian Mutual Insurance 114,Family Office,Strategic,Midwest,Rosa Miller,Lauren Lopez,false
AM-SR-000927,AM-CL-0124,E-0270,Performance Report,2026-03-04,2026-03-07,Closed,5,3.36,false,Email,Medium,Blue Ridge Community Foundation 124,Endowment,Strategic,Northeast,Iris Kim,Sara Kim,false
AM-SR-000928,AM-CL-0113,E-0270,Onboarding Document,2025-08-25,2025-09-05,Closed,7,11.32,true,Email,Medium,Harbor Teachers Retirement 113,Insurance GA,Standard,APAC,Leo King,Sara Kim,false
AM-SR-000929,AM-CL-0114,E-0278,Performance Report,2026-07-08,2026-07-12,Closed,5,4.14,false,Email,High,Meridian Mutual Insurance 114,Family Office,Strategic,Midwest,Rosa Miller,Lauren Lopez,true
AM-SR-000930,AM-CL-0071,E-0279,Reconciliation,2024-12-07,2024-12-10,Closed,3,3.5,true,Email,Medium,Ironwood Capital Partners 71,Insurance GA,Standard,Mountain West,Iris Allen,Ravi Campbell,false
AM-SR-000931,AM-CL-0080,E-0275,Cash Movement,2025-11-07,2025-11-07,Closed,1,0.98,false,Email,Medium,Harbor Teachers Retirement 80,Insurance GA,Standard,Pacific,Layla Carter,Daniel Allen,false
AM-SR-000932,AM-CL-0115,E-0274,Data Feed Issue,2025-05-10,2025-05-10,Closed,2,0.33,false,Email,High,Ironwood Capital Partners 115,Public Pension,Key,EMEA,Maya Ashford,Hannah Young,false
AM-SR-000933,AM-CL-0083,E-0287,Performance Report,2025-10-16,2025-10-25,Closed,5,9.31,true,Phone,Low,Northfield Sovereign Fund 83,Public Pension,Strategic,APAC,Iris Allen,Emma Allen,false
AM-SR-000934,AM-CL-0103,E-0289,Reconciliation,2025-07-23,2025-07-24,Closed,3,1.38,false,Email,Low,Blue Ridge University Endowment 103,Foundation,Standard,Midwest,Julian Collins,Victor Nguyen,false
AM-SR-000935,AM-CL-0053,E-0271,Reconciliation,2026-06-28,2026-06-29,Closed,3,1.59,false,Portal,Low,Granite Sovereign Fund 53,Family Office,Standard,Northeast,Iris Clark,Isabella Collins,false
AM-SR-000936,AM-CL-0100,E-0284,Performance Report,2026-01-08,2026-01-11,Closed,5,3.41,false,Email,Low,Harbor Mutual Insurance 100,Sub-Advisory,Key,EMEA,Luis Ashford,Iris Thomas,true
AM-SR-000937,AM-CL-0005,E-0277,Reconciliation,2025-02-28,2025-03-02,Closed,3,2.23,false,Portal,Low,Blue Ridge Capital Partners 5,Sub-Advisory,Key,APAC,Rosa Miller,Kenji White,false
AM-SR-000938,AM-CL-0062,E-0278,Performance Report,2025-11-15,2025-11-17,Closed,5,2.6,false,Portal,High,Northfield Teachers Retirement 62,Corporate Pension,Standard,Midwest,Owen Okafor,Lauren Lopez,false
AM-SR-000939,AM-CL-0028,E-0279,Performance Report,2025-03-30,2025-03-31,Closed,5,1.43,false,Portal,Low,Silverline Teachers Retirement 28,Public Pension,Key,Pacific,Layla Carter,Ravi Campbell,false
AM-SR-000940,AM-CL-0127,E-0266,Fee Invoice Question,2025-07-07,2025-07-09,Closed,5,2.04,false,Phone,Low,Granite Community Foundation 127,Sovereign,Standard,APAC,Layla Carter,Ethan Roberts,true
AM-SR-000941,AM-CL-0001,E-0279,Fee Invoice Question,2025-02-28,2025-03-04,Closed,5,4.06,false,Email,Low,Lakeshore Employees Pension 1,Sub-Advisory,Strategic,Pacific,Wei Thomas,Ravi Campbell,false
AM-SR-000942,AM-CL-0104,E-0279,Onboarding Document,2025-04-24,2025-04-25,Closed,7,1.98,false,Email,Low,Blue Ridge University Endowment 104,Sub-Advisory,Standard,Pacific,Owen Okafor,Ravi Campbell,false
AM-SR-000943,AM-CL-0013,E-0277,Performance Report,2025-03-10,2025-03-10,Closed,5,0.95,false,Email,Low,Meridian Teachers Retirement 13,Sovereign,Standard,Northeast,Leo King,Kenji White,false
AM-SR-000944,AM-CL-0140,E-0272,Data Feed Issue,2025-02-10,2025-02-10,Closed,2,0.91,false,Portal,Medium,Lakeshore Teachers Retirement 140,Foundation,Key,Midwest,Wei Thomas,Aisha Green,false
AM-SR-000945,AM-CL-0117,E-0289,Data Feed Issue,2026-01-16,2026-01-17,Closed,2,1.47,false,Email,Medium,Lakeshore Teachers Retirement 117,Endowment,Standard,EMEA,Wei Thomas,Victor Nguyen,false
AM-SR-000946,AM-CL-0105,E-0284,Performance Report,2025-09-24,2025-09-29,Closed,5,5.91,true,Email,High,Northfield Community Foundation 105,Corporate Pension,Key,Midwest,Nina Scott,Iris Thomas,false
AM-SR-000947,AM-CL-0100,E-0284,Performance Report,2025-02-14,2025-02-15,Closed,5,1.73,false,Email,Low,Harbor Mutual Insurance 100,Sub-Advisory,Key,EMEA,Luis Ashford,Iris Thomas,false
AM-SR-000948,AM-CL-0096,E-0272,Performance Report,2026-03-02,2026-03-05,Closed,5,3.64,false,Email,Low,Cascade Teachers Retirement 96,Endowment,Strategic,APAC,Grace Bailey,Aisha Green,false
AM-SR-000949,AM-CL-0123,E-0272,Data Feed Issue,2024-10-02,2024-10-05,Closed,2,3.58,true,Portal,Medium,Cascade Mutual Insurance 123,Sub-Advisory,Standard,Southeast,Layla Carter,Aisha Green,true
AM-SR-000950,AM-CL-0133,E-0275,Reconciliation,2026-06-01,2026-06-03,Closed,3,2.26,false,Portal,Low,Granite University Endowment 133,Insurance GA,Standard,Northeast,Luis Silva,Daniel Allen,false
AM-SR-000951,AM-CL-0086,E-0268,Reconciliation,2025-06-02,2025-06-04,Closed,3,2.49,false,Email,Medium,Cascade University Endowment 86,Public Pension,Standard,EMEA,Layla Carter,Rosa Nguyen,false
AM-SR-000952,AM-CL-0055,E-0268,Cash Movement,2025-12-28,2025-12-28,Closed,1,0.82,false,Email,Medium,Granite Teachers Retirement 55,Sub-Advisory,Key,Northeast,Fatima Patel,Rosa Nguyen,false
AM-SR-000953,AM-CL-0044,E-0282,Data Feed Issue,2026-03-30,2026-03-31,Closed,2,1.54,false,Email,Low,Blue Ridge Teachers Retirement 44,Sovereign,Key,Southeast,Fatima Patel,Julian Adams,false
AM-SR-000954,AM-CL-0028,E-0279,Cash Movement,2026-06-06,2026-06-06,Closed,1,0.69,false,Portal,Medium,Silverline Teachers Retirement 28,Public Pension,Key,Pacific,Layla Carter,Ravi Campbell,false
AM-SR-000955,AM-CL-0057,E-0281,Compliance Attestation,2025-03-05,2025-03-18,Closed,10,13.44,true,Portal,Low,Lakeshore University Endowment 57,Sovereign,Standard,Mountain West,Luis Silva,Sofia Campbell,false
AM-SR-000956,AM-CL-0007,E-0280,Performance Report,2025-07-24,2025-07-27,Closed,5,3.32,false,Email,Low,Ironwood Teachers Retirement 7,Insurance GA,Standard,Midwest,Fatima Okafor,Mateo Harris,false
AM-SR-000957,AM-CL-0081,E-0267,Compliance Attestation,2025-09-02,2025-09-15,Closed,10,13.17,true,Portal,Low,Northfield Employees Pension 81,Family Office,Standard,Southeast,Wei Thomas,Felix Stewart,false
AM-SR-000958,AM-CL-0068,E-0283,Reconciliation,2025-12-22,2025-12-26,Closed,3,4.26,true,Email,Medium,Northfield Employees Pension 68,Foundation,Strategic,Midwest,Noah Carter,Victor Chen,false
AM-SR-000959,AM-CL-0070,E-0282,Reconciliation,2025-06-25,2025-06-26,Closed,3,1.12,false,Portal,Medium,Cascade Capital Partners 70,Public Pension,Strategic,EMEA,Noah Nelson,Julian Adams,false
AM-SR-000960,AM-CL-0056,E-0288,Fee Invoice Question,2024-12-09,2024-12-14,Closed,5,5.4,true,Email,Low,Harbor Mutual Insurance 56,Endowment,Strategic,APAC,Grace Bailey,Mateo Collins,false
AM-SR-000961,AM-CL-0091,E-0285,Performance Report,2025-04-25,2025-04-27,Closed,5,2.24,false,Email,Medium,Northfield University Endowment 91,Insurance GA,Standard,Mountain West,Owen Okafor,Aisha Ashford,false
AM-SR-000962,AM-CL-0038,E-0288,Fee Invoice Question,2026-06-06,2026-06-12,Closed,5,6.37,true,Email,Medium,Summit Capital Partners 38,Endowment,Standard,Mountain West,Sofia Bailey,Mateo Collins,false
AM-SR-000963,AM-CL-0135,E-0287,Reconciliation,2026-02-19,2026-02-21,Closed,3,2.73,false,Portal,Medium,Meridian Capital Partners 135,Public Pension,Standard,Southeast,Tom Silva,Emma Allen,false
AM-SR-000964,AM-CL-0008,E-0279,Performance Report,2025-12-11,2025-12-13,Closed,5,2.29,false,Email,Medium,Granite Community Foundation 8,Insurance GA,Standard,Mountain West,Luis Silva,Ravi Campbell,false
AM-SR-000965,AM-CL-0071,E-0279,Data Feed Issue,2025-09-22,2025-09-23,Closed,2,1.54,false,Email,Low,Ironwood Capital Partners 71,Insurance GA,Standard,Mountain West,Iris Allen,Ravi Campbell,false
AM-SR-000966,AM-CL-0126,E-0270,Reconciliation,2026-08-07,2026-08-10,Closed,3,3.95,true,Phone,High,Northfield Employees Pension 126,Family Office,Strategic,Pacific,Noah Carter,Sara Kim,false
AM-SR-000967,AM-CL-0028,E-0279,Performance Report,2025-05-27,2025-06-03,Closed,5,7.06,true,Email,Medium,Silverline Teachers Retirement 28,Public Pension,Key,Pacific,Layla Carter,Ravi Campbell,false
AM-SR-000968,AM-CL-0104,E-0279,Compliance Attestation,2026-02-11,2026-02-26,Closed,10,15.82,true,Portal,Low,Blue Ridge University Endowment 104,Sub-Advisory,Standard,Pacific,Owen Okafor,Ravi Campbell,false
AM-SR-000969,AM-CL-0043,E-0267,Fee Invoice Question,2024-09-19,2024-09-23,Closed,5,4.76,false,Email,Medium,Lakeshore Community Foundation 43,Family Office,Key,Pacific,Rosa Miller,Felix Stewart,false
AM-SR-000970,AM-CL-0119,E-0285,Data Feed Issue,2025-05-16,2025-05-17,Closed,2,1.37,false,Email,Medium,Harbor Sovereign Fund 119,Endowment,Key,Pacific,Hannah Roberts,Aisha Ashford,false
AM-SR-000971,AM-CL-0115,E-0274,Reconciliation,2026-01-07,2026-01-11,Closed,3,4.17,true,Email,Low,Ironwood Capital Partners 115,Public Pension,Key,EMEA,Maya Ashford,Hannah Young,true
AM-SR-000972,AM-CL-0100,E-0284,Fee Invoice Question,2026-02-16,2026-02-20,Closed,5,4.52,false,Phone,Low,Harbor Mutual Insurance 100,Sub-Advisory,Key,EMEA,Luis Ashford,Iris Thomas,false
AM-SR-000973,AM-CL-0102,E-0277,Compliance Attestation,2025-11-18,2025-11-23,Closed,10,5.75,false,Portal,Medium,Granite Community Foundation 102,Endowment,Strategic,APAC,Noah Nelson,Kenji White,false
AM-SR-000974,AM-CL-0107,E-0281,Reconciliation,2025-03-21,2025-03-21,Closed,3,0.5,false,Portal,High,Harbor Teachers Retirement 107,Sub-Advisory,Key,Pacific,Priya Martinez,Sofia Campbell,false
AM-SR-000975,AM-CL-0114,E-0278,Data Feed Issue,2026-01-04,2026-01-04,Closed,2,0.39,false,Phone,High,Meridian Mutual Insurance 114,Family Office,Strategic,Midwest,Rosa Miller,Lauren Lopez,true
AM-SR-000976,AM-CL-0127,E-0266,Performance Report,2025-11-23,2025-11-30,Closed,5,7.91,true,Phone,High,Granite Community Foundation 127,Sovereign,Standard,APAC,Layla Carter,Ethan Roberts,false
AM-SR-000977,AM-CL-0020,E-0266,Reconciliation,2026-07-27,2026-07-29,Closed,3,2.48,false,Portal,Low,Summit Capital Partners 20,Corporate Pension,Standard,Mountain West,Wei Thomas,Ethan Roberts,false
AM-SR-000978,AM-CL-0137,E-0284,Fee Invoice Question,2024-12-28,2024-12-29,Closed,5,1.47,false,Email,Low,Northfield Sovereign Fund 137,Endowment,Strategic,Mountain West,Grace Bailey,Iris Thomas,false
AM-SR-000979,AM-CL-0115,E-0274,Reconciliation,2026-08-15,2026-08-17,Closed,3,2.95,false,Email,High,Ironwood Capital Partners 115,Public Pension,Key,EMEA,Maya Ashford,Hannah Young,false
AM-SR-000980,AM-CL-0001,E-0279,Fee Invoice Question,2025-08-09,2025-08-11,Closed,5,2.86,false,Email,Low,Lakeshore Employees Pension 1,Sub-Advisory,Strategic,Pacific,Wei Thomas,Ravi Campbell,false
AM-SR-000981,AM-CL-0069,E-0274,Performance Report,2025-10-23,2025-11-01,Closed,5,9.9,true,Email,Low,Northfield Community Foundation 69,Family Office,Standard,Southeast,Hannah Roberts,Hannah Young,false
AM-SR-000982,AM-CL-0137,E-0284,Reconciliation,2025-12-16,2025-12-17,Closed,3,1.93,false,Email,Low,Northfield Sovereign Fund 137,Endowment,Strategic,Mountain West,Grace Bailey,Iris Thomas,false
AM-SR-000983,AM-CL-0098,E-0268,Cash Movement,2025-05-01,2025-05-01,Closed,1,0.2,false,Email,Low,Summit Capital Partners 98,Corporate Pension,Key,EMEA,Luis Silva,Rosa Nguyen,false
AM-SR-000984,AM-CL-0020,E-0266,Cash Movement,2025-07-11,2025-07-11,Closed,1,0.55,false,Phone,High,Summit Capital Partners 20,Corporate Pension,Standard,Mountain West,Wei Thomas,Ethan Roberts,true
AM-SR-000985,AM-CL-0034,E-0271,Reconciliation,2025-06-04,2025-06-04,Closed,3,0.5,false,Email,Medium,Cascade Employees Pension 34,Insurance GA,Standard,Mountain West,Mei Hall,Isabella Collins,false
AM-SR-000986,AM-CL-0056,E-0288,Performance Report,2024-10-01,2024-10-06,Closed,5,5.14,true,Email,Low,Harbor Mutual Insurance 56,Endowment,Strategic,APAC,Grace Bailey,Mateo Collins,true
AM-SR-000987,AM-CL-0078,E-0278,Reconciliation,2026-03-29,2026-03-30,Closed,3,1.82,false,Portal,High,Lakeshore Employees Pension 78,Insurance GA,Standard,EMEA,Julian Collins,Lauren Lopez,false
AM-SR-000988,AM-CL-0058,E-0280,Onboarding Document,2024-09-19,2024-09-24,Closed,7,5.95,false,Email,High,Harbor Teachers Retirement 58,Sub-Advisory,Standard,APAC,Fatima Patel,Mateo Harris,false
AM-SR-000989,AM-CL-0032,E-0279,Data Feed Issue,2025-12-21,2025-12-22,Closed,2,1.6,false,Email,Medium,Meridian Sovereign Fund 32,Corporate Pension,Standard,Mountain West,Priya Martinez,Ravi Campbell,false
AM-SR-000990,AM-CL-0096,E-0272,Performance Report,2026-02-24,2026-02-25,Closed,5,1.14,false,Portal,Medium,Cascade Teachers Retirement 96,Endowment,Strategic,APAC,Grace Bailey,Aisha Green,false
AM-SR-000991,AM-CL-0009,E-0279,Compliance Attestation,2025-08-19,2025-09-08,Closed,10,20.14,true,Email,Low,Cascade Sovereign Fund 9,Corporate Pension,Strategic,Midwest,Fatima Patel,Ravi Campbell,false
AM-SR-000992,AM-CL-0078,E-0278,Cash Movement,2025-03-05,2025-03-05,Closed,1,0.92,false,Email,High,Lakeshore Employees Pension 78,Insurance GA,Standard,EMEA,Julian Collins,Lauren Lopez,false
AM-SR-000993,AM-CL-0079,E-0270,Compliance Attestation,2024-10-11,2024-10-23,Closed,10,12.65,true,Portal,Medium,Northfield Teachers Retirement 79,Foundation,Strategic,APAC,Luis Ashford,Sara Kim,true
AM-SR-000994,AM-CL-0080,E-0275,Performance Report,2025-03-08,2025-03-12,Closed,5,4.5,false,Email,Low,Harbor Teachers Retirement 80,Insurance GA,Standard,Pacific,Layla Carter,Daniel Allen,false
AM-SR-000995,AM-CL-0040,E-0268,Compliance Attestation,2024-10-01,2024-10-04,Closed,10,3.81,false,Email,High,Cascade Capital Partners 40,Corporate Pension,Key,EMEA,Luis Silva,Rosa Nguyen,true
AM-SR-000996,AM-CL-0063,E-0284,Reconciliation,2025-10-27,2025-10-28,Closed,3,1.73,false,Email,Medium,Cascade Employees Pension 63,Sovereign,Key,Mountain West,Fatima Patel,Iris Thomas,false
AM-SR-000997,AM-CL-0039,E-0275,Reconciliation,2025-01-09,2025-01-10,Closed,3,1.13,false,Email,Low,Blue Ridge Mutual Insurance 39,Foundation,Key,APAC,Iris Clark,Daniel Allen,true
AM-SR-000998,AM-CL-0119,E-0285,Performance Report,2025-03-20,2025-03-27,Closed,5,7.79,true,Phone,Medium,Harbor Sovereign Fund 119,Endowment,Key,Pacific,Hannah Roberts,Aisha Ashford,false
AM-SR-000999,AM-CL-0025,E-0287,Performance Report,2025-10-02,2025-10-04,Closed,5,2.27,false,Email,Low,Summit Teachers Retirement 25,Insurance GA,Standard,Midwest,Rosa Miller,Emma Allen,true
AM-SR-001000,AM-CL-0109,E-0288,Performance Report,2026-01-11,2026-01-13,Closed,5,2.69,false,Email,Medium,Cascade Community Foundation 109,Sub-Advisory,Standard,APAC,Luis Silva,Mateo Collins,true
AM-SR-001001,AM-CL-0099,E-0279,Performance Report,2024-09-16,2024-09-20,Closed,5,4.15,false,Portal,Low,Cascade Teachers Retirement 99,Foundation,Key,APAC,Hannah Young,Ravi Campbell,false
AM-SR-001002,AM-CL-0109,E-0288,Performance Report,2026-05-06,2026-05-10,Closed,5,4.04,false,Portal,Low,Cascade Community Foundation 109,Sub-Advisory,Standard,APAC,Luis Silva,Mateo Collins,false
AM-SR-001003,AM-CL-0051,E-0272,Reconciliation,2024-12-04,2024-12-05,Closed,3,1.78,false,Email,Medium,Silverline Teachers Retirement 51,Insurance GA,Standard,EMEA,Nina Scott,Aisha Green,false
AM-SR-001004,AM-CL-0032,E-0279,Reconciliation,2024-09-18,2024-09-26,Closed,3,8.5,true,Email,Medium,Meridian Sovereign Fund 32,Corporate Pension,Standard,Mountain West,Priya Martinez,Ravi Campbell,false
AM-SR-001005,AM-CL-0029,E-0266,Reconciliation,2025-01-29,2025-01-29,Closed,3,0.87,false,Portal,Medium,Granite Capital Partners 29,Sovereign,Key,Midwest,Iris Allen,Ethan Roberts,false
AM-SR-001006,AM-CL-0030,E-0275,Performance Report,2025-06-09,2025-06-13,Closed,5,4.05,false,Email,High,Meridian Capital Partners 30,Family Office,Standard,Southeast,Sofia Bailey,Daniel Allen,false
AM-SR-001007,AM-CL-0104,E-0279,Reconciliation,2026-01-24,2026-01-26,Closed,3,2.53,false,Portal,Medium,Blue Ridge University Endowment 104,Sub-Advisory,Standard,Pacific,Owen Okafor,Ravi Campbell,false
AM-SR-001008,AM-CL-0061,E-0290,Performance Report,2025-10-08,2025-10-11,Closed,5,3.72,false,Phone,Low,Summit Sovereign Fund 61,Insurance GA,Key,Midwest,Iris Allen,Luis Ashford,true
AM-SR-001009,AM-CL-0093,E-0275,Cash Movement,2025-07-01,2025-07-01,Closed,1,0.52,false,Email,Medium,Harbor Community Foundation 93,Corporate Pension,Strategic,Southeast,Maya Ashford,Daniel Allen,true
AM-SR-001010,AM-CL-0096,E-0272,Compliance Attestation,2025-12-22,2025-12-28,Closed,10,6.25,false,Email,Medium,Cascade Teachers Retirement 96,Endowment,Strategic,APAC,Grace Bailey,Aisha Green,false
AM-SR-001011,AM-CL-0064,E-0274,Fee Invoice Question,2025-05-06,2025-05-10,Closed,5,4.21,false,Email,Low,Granite Mutual Insurance 64,Sub-Advisory,Standard,Midwest,Layla Carter,Hannah Young,false
AM-SR-001012,AM-CL-0068,E-0283,Performance Report,2026-03-24,2026-03-28,Closed,5,4.35,false,Portal,Low,Northfield Employees Pension 68,Foundation,Strategic,Midwest,Noah Carter,Victor Chen,false
AM-SR-001013,AM-CL-0006,E-0284,Cash Movement,2025-03-30,2025-03-30,Closed,1,0.81,false,Email,Medium,Cascade Employees Pension 6,Family Office,Standard,APAC,Sofia Bailey,Iris Thomas,false
AM-SR-001014,AM-CL-0117,E-0289,Performance Report,2024-10-30,2024-11-06,Closed,5,7.4,true,Portal,Medium,Lakeshore Teachers Retirement 117,Endowment,Standard,EMEA,Wei Thomas,Victor Nguyen,false
AM-SR-001015,AM-CL-0116,E-0272,Cash Movement,2025-03-11,2025-03-12,Closed,1,1.01,true,Email,Low,Silverline Sovereign Fund 116,Sub-Advisory,Key,Pacific,Iris Allen,Aisha Green,false
AM-SR-001016,AM-CL-0067,E-0275,Cash Movement,2024-11-04,2024-11-06,Closed,1,2.12,true,Email,Medium,Silverline Employees Pension 67,Public Pension,Key,Midwest,Leo King,Daniel Allen,false
AM-SR-001017,AM-CL-0132,E-0273,Cash Movement,2025-06-03,2025-06-05,Closed,1,2.39,true,Portal,Low,Blue Ridge Teachers Retirement 132,Sovereign,Standard,APAC,Fatima Patel,Samuel Wright,false
AM-SR-001018,AM-CL-0032,E-0279,Reconciliation,2026-08-08,2026-08-09,Closed,3,1.15,false,Email,Medium,Meridian Sovereign Fund 32,Corporate Pension,Standard,Mountain West,Priya Martinez,Ravi Campbell,false
AM-SR-001019,AM-CL-0042,E-0286,Compliance Attestation,2026-08-17,2026-08-30,Closed,10,13.74,true,Email,Low,Blue Ridge Teachers Retirement 42,Public Pension,Standard,Mountain West,Layla Carter,Daniel Nguyen,false
AM-SR-001020,AM-CL-0098,E-0268,Data Feed Issue,2025-04-18,2025-04-19,Closed,2,1.34,false,Portal,Medium,Summit Capital Partners 98,Corporate Pension,Key,EMEA,Luis Silva,Rosa Nguyen,false
AM-SR-001021,AM-CL-0107,E-0281,Data Feed Issue,2026-03-02,2026-03-02,Closed,2,0.66,false,Email,Medium,Harbor Teachers Retirement 107,Sub-Advisory,Key,Pacific,Priya Martinez,Sofia Campbell,false
AM-SR-001022,AM-CL-0134,E-0281,Fee Invoice Question,2024-09-16,2024-09-17,Closed,5,1.61,false,Email,Medium,Granite Sovereign Fund 134,Family Office,Standard,Midwest,Maya Ashford,Sofia Campbell,false
AM-SR-001023,AM-CL-0055,E-0268,Fee Invoice Question,2026-08-07,2026-08-14,Closed,5,7.11,true,Email,Medium,Granite Teachers Retirement 55,Sub-Advisory,Key,Northeast,Fatima Patel,Rosa Nguyen,false
AM-SR-001024,AM-CL-0077,E-0282,Reconciliation,2026-02-09,2026-02-09,Closed,3,0.74,false,Phone,Low,Granite Teachers Retirement 77,Sovereign,Key,Midwest,Mei Hall,Julian Adams,false
AM-SR-001025,AM-CL-0118,E-0274,Onboarding Document,2024-11-14,2024-11-19,Closed,7,5.33,false,Email,Medium,Silverline Community Foundation 118,Family Office,Key,Midwest,Maya Ashford,Hannah Young,false
AM-SR-001026,AM-CL-0053,E-0271,Reconciliation,2026-01-29,2026-01-30,Closed,3,1.72,false,Phone,Medium,Granite Sovereign Fund 53,Family Office,Standard,Northeast,Iris Clark,Isabella Collins,false
AM-SR-001027,AM-CL-0124,E-0270,Reconciliation,2025-07-12,2025-07-15,Closed,3,3.19,true,Portal,Medium,Blue Ridge Community Foundation 124,Endowment,Strategic,Northeast,Iris Kim,Sara Kim,true
AM-SR-001028,AM-CL-0099,E-0279,Reconciliation,2026-06-11,2026-06-13,Closed,3,2.15,false,Portal,Medium,Cascade Teachers Retirement 99,Foundation,Key,APAC,Hannah Young,Ravi Campbell,false
AM-SR-001029,AM-CL-0107,E-0281,Reconciliation,2026-06-25,2026-06-26,Closed,3,1.91,false,Portal,Medium,Harbor Teachers Retirement 107,Sub-Advisory,Key,Pacific,Priya Martinez,Sofia Campbell,false
AM-SR-001030,AM-CL-0072,E-0286,Compliance Attestation,2026-05-18,2026-05-21,Closed,10,3.77,false,Email,Medium,Blue Ridge Mutual Insurance 72,Foundation,Standard,Mountain West,Fatima Okafor,Daniel Nguyen,false
AM-SR-001031,AM-CL-0026,E-0266,Data Feed Issue,2026-01-20,2026-01-20,Closed,2,0.83,false,Email,Medium,Summit Teachers Retirement 26,Foundation,Standard,Northeast,Layla Carter,Ethan Roberts,false
AM-SR-001032,AM-CL-0122,E-0276,Performance Report,2026-01-06,2026-01-08,Closed,5,2.88,false,Email,Low,Granite Teachers Retirement 122,Insurance GA,Standard,EMEA,Luis Ashford,Felix Edwards,true
AM-SR-001033,AM-CL-0079,E-0270,Onboarding Document,2025-02-02,2025-02-04,Closed,7,2.76,false,Email,Low,Northfield Teachers Retirement 79,Foundation,Strategic,APAC,Luis Ashford,Sara Kim,false
AM-SR-001034,AM-CL-0096,E-0272,Performance Report,2026-04-21,2026-04-23,Closed,5,2.97,false,Email,Low,Cascade Teachers Retirement 96,Endowment,Strategic,APAC,Grace Bailey,Aisha Green,false
AM-SR-001035,AM-CL-0006,E-0284,Performance Report,2025-07-21,2025-07-24,Closed,5,3.15,false,Email,Medium,Cascade Employees Pension 6,Family Office,Standard,APAC,Sofia Bailey,Iris Thomas,false
AM-SR-001036,AM-CL-0122,E-0276,Performance Report,2026-08-11,2026-08-22,Closed,5,11.72,true,Portal,Medium,Granite Teachers Retirement 122,Insurance GA,Standard,EMEA,Luis Ashford,Felix Edwards,false
AM-SR-001037,AM-CL-0099,E-0279,Cash Movement,2025-06-10,2025-06-11,Closed,1,1.77,true,Phone,High,Cascade Teachers Retirement 99,Foundation,Key,APAC,Hannah Young,Ravi Campbell,false
AM-SR-001038,AM-CL-0128,E-0286,Cash Movement,2025-04-19,2025-04-20,Closed,1,1.41,true,Email,Medium,Cascade Mutual Insurance 128,Sub-Advisory,Key,Northeast,Noah Carter,Daniel Nguyen,false
AM-SR-001039,AM-CL-0018,E-0266,Performance Report,2025-02-21,2025-02-25,Closed,5,4.12,false,Email,Low,Meridian Mutual Insurance 18,Public Pension,Key,Pacific,Noah Carter,Ethan Roberts,false
AM-SR-001040,AM-CL-0081,E-0267,Fee Invoice Question,2025-08-28,2025-09-03,Closed,5,6.26,true,Phone,Medium,Northfield Employees Pension 81,Family Office,Standard,Southeast,Wei Thomas,Felix Stewart,false
AM-SR-001041,AM-CL-0138,E-0271,Performance Report,2025-09-10,2025-09-14,Closed,5,4.37,false,Phone,Medium,Cascade Employees Pension 138,Endowment,Strategic,APAC,Tom Silva,Isabella Collins,false
AM-SR-001042,AM-CL-0131,E-0285,Performance Report,2024-11-09,2024-11-12,Closed,5,3.98,false,Phone,Medium,Northfield Capital Partners 131,Family Office,Key,Southeast,Priya Martinez,Aisha Ashford,false
AM-SR-001043,AM-CL-0065,E-0286,Reconciliation,2025-10-31,2025-11-03,Closed,3,3.9,true,Email,Medium,Harbor Capital Partners 65,Foundation,Standard,Northeast,Iris Clark,Daniel Nguyen,false
AM-SR-001044,AM-CL-0049,E-0289,Performance Report,2025-12-15,2025-12-16,Closed,5,1.63,false,Email,High,Lakeshore Sovereign Fund 49,Sub-Advisory,Key,Mountain West,Priya Martinez,Victor Nguyen,false
AM-SR-001045,AM-CL-0085,E-0267,Performance Report,2026-06-30,2026-07-02,Closed,5,2.63,false,Email,Medium,Summit Community Foundation 85,Sub-Advisory,Standard,Pacific,Luis Ashford,Felix Stewart,false
AM-SR-001046,AM-CL-0062,E-0278,Performance Report,2026-02-15,2026-02-21,Closed,5,6.9,true,Portal,Low,Northfield Teachers Retirement 62,Corporate Pension,Standard,Midwest,Owen Okafor,Lauren Lopez,false
AM-SR-001047,AM-CL-0088,E-0271,Performance Report,2025-05-10,2025-05-16,Closed,5,6.29,true,Email,Low,Northfield Mutual Insurance 88,Sub-Advisory,Key,Midwest,Fatima Okafor,Isabella Collins,false
AM-SR-001048,AM-CL-0114,E-0278,Reconciliation,2025-06-12,2025-06-13,Closed,3,1.29,false,Email,Medium,Meridian Mutual Insurance 114,Family Office,Strategic,Midwest,Rosa Miller,Lauren Lopez,false
AM-SR-001049,AM-CL-0020,E-0266,Data Feed Issue,2026-01-14,2026-01-16,Closed,2,2.1,true,Email,Medium,Summit Capital Partners 20,Corporate Pension,Standard,Mountain West,Wei Thomas,Ethan Roberts,false
AM-SR-001050,AM-CL-0053,E-0271,Fee Invoice Question,2025-12-25,2025-12-27,Closed,5,2.82,false,Phone,High,Granite Sovereign Fund 53,Family Office,Standard,Northeast,Iris Clark,Isabella Collins,false
AM-SR-001051,AM-CL-0058,E-0280,Compliance Attestation,2025-02-04,2025-02-09,Closed,10,5.91,false,Email,Medium,Harbor Teachers Retirement 58,Sub-Advisory,Standard,APAC,Fatima Patel,Mateo Harris,false
AM-SR-001052,AM-CL-0004,E-0272,Compliance Attestation,2025-05-21,2025-05-27,Closed,10,6.66,false,Phone,Low,Lakeshore Teachers Retirement 4,Sub-Advisory,Key,EMEA,Julian Collins,Aisha Green,false
AM-SR-001053,AM-CL-0013,E-0277,Onboarding Document,2025-12-24,2025-12-27,Closed,7,3.83,false,Portal,Medium,Meridian Teachers Retirement 13,Sovereign,Standard,Northeast,Leo King,Kenji White,false
AM-SR-001054,AM-CL-0072,E-0286,Reconciliation,2026-08-25,2026-08-25,Closed,3,0.89,false,Email,Medium,Blue Ridge Mutual Insurance 72,Foundation,Standard,Mountain West,Fatima Okafor,Daniel Nguyen,false
AM-SR-001055,AM-CL-0097,E-0289,Cash Movement,2025-03-25,2025-03-26,Closed,1,1.54,true,Email,Medium,Summit Capital Partners 97,Corporate Pension,Standard,Northeast,Fatima Okafor,Victor Nguyen,false
AM-SR-001056,AM-CL-0071,E-0279,Reconciliation,2025-07-18,2025-07-19,Closed,3,1.09,false,Portal,Medium,Ironwood Capital Partners 71,Insurance GA,Standard,Mountain West,Iris Allen,Ravi Campbell,false
AM-SR-001057,AM-CL-0093,E-0275,Reconciliation,2025-09-07,2025-09-07,Closed,3,0.75,false,Email,Medium,Harbor Community Foundation 93,Corporate Pension,Strategic,Southeast,Maya Ashford,Daniel Allen,false
AM-SR-001058,AM-CL-0030,E-0275,Performance Report,2025-02-16,2025-02-19,Closed,5,3.56,false,Portal,Low,Meridian Capital Partners 30,Family Office,Standard,Southeast,Sofia Bailey,Daniel Allen,false
AM-SR-001059,AM-CL-0042,E-0286,Performance Report,2026-08-12,2026-08-15,Closed,5,3.35,false,Portal,Medium,Blue Ridge Teachers Retirement 42,Public Pension,Standard,Mountain West,Layla Carter,Daniel Nguyen,false
AM-SR-001060,AM-CL-0086,E-0268,Performance Report,2024-11-09,2024-11-10,Closed,5,1.9,false,Email,Low,Cascade University Endowment 86,Public Pension,Standard,EMEA,Layla Carter,Rosa Nguyen,false
AM-SR-001061,AM-CL-0112,E-0289,Cash Movement,2025-07-29,2025-07-29,Closed,1,0.29,false,Email,Low,Northfield University Endowment 112,Endowment,Standard,APAC,Fatima Okafor,Victor Nguyen,false
AM-SR-001062,AM-CL-0080,E-0275,Fee Invoice Question,2025-04-14,2025-04-17,Closed,5,3.51,false,Phone,Low,Harbor Teachers Retirement 80,Insurance GA,Standard,Pacific,Layla Carter,Daniel Allen,false
AM-SR-001063,AM-CL-0062,E-0278,Fee Invoice Question,2025-04-28,2025-05-14,Closed,5,16.26,true,Email,High,Northfield Teachers Retirement 62,Corporate Pension,Standard,Midwest,Owen Okafor,Lauren Lopez,false
AM-SR-001064,AM-CL-0040,E-0268,Cash Movement,2025-01-28,2025-01-29,Closed,1,1.09,true,Phone,Low,Cascade Capital Partners 40,Corporate Pension,Key,EMEA,Luis Silva,Rosa Nguyen,false
AM-SR-001065,AM-CL-0076,E-0282,Reconciliation,2026-05-01,2026-05-05,Closed,3,4.7,true,Email,Low,Ironwood Capital Partners 76,Foundation,Key,Midwest,Nina Scott,Julian Adams,false
AM-SR-001066,AM-CL-0072,E-0286,Reconciliation,2026-08-21,2026-08-22,Closed,3,1.55,false,Email,High,Blue Ridge Mutual Insurance 72,Foundation,Standard,Mountain West,Fatima Okafor,Daniel Nguyen,false
AM-SR-001067,AM-CL-0044,E-0282,Performance Report,2024-11-16,2024-11-18,Closed,5,2.61,false,Email,Medium,Blue Ridge Teachers Retirement 44,Sovereign,Key,Southeast,Fatima Patel,Julian Adams,false
AM-SR-001068,AM-CL-0031,E-0276,Onboarding Document,2024-10-03,2024-10-08,Closed,7,5.31,false,Email,Low,Blue Ridge Employees Pension 31,Sub-Advisory,Standard,Southeast,Owen Okafor,Felix Edwards,true
AM-SR-001069,AM-CL-0064,E-0274,Fee Invoice Question,2026-04-14,2026-04-17,Closed,5,3.67,false,Email,Medium,Granite Mutual Insurance 64,Sub-Advisory,Standard,Midwest,Layla Carter,Hannah Young,false
AM-SR-001070,AM-CL-0053,E-0271,Reconciliation,2025-12-30,2025-12-31,Closed,3,1.2,false,Portal,Low,Granite Sovereign Fund 53,Family Office,Standard,Northeast,Iris Clark,Isabella Collins,false
AM-SR-001071,AM-CL-0077,E-0282,Reconciliation,2024-12-27,2024-12-28,Closed,3,1.37,false,Email,Medium,Granite Teachers Retirement 77,Sovereign,Key,Midwest,Mei Hall,Julian Adams,false
AM-SR-001072,AM-CL-0068,E-0283,Performance Report,2025-05-16,2025-05-22,Closed,5,6.49,true,Portal,Medium,Northfield Employees Pension 68,Foundation,Strategic,Midwest,Noah Carter,Victor Chen,false
AM-SR-001073,AM-CL-0069,E-0274,Performance Report,2026-06-28,2026-06-29,Closed,5,1.09,false,Email,Low,Northfield Community Foundation 69,Family Office,Standard,Southeast,Hannah Roberts,Hannah Young,false
AM-SR-001074,AM-CL-0057,E-0281,Reconciliation,2024-12-22,2024-12-24,Closed,3,2.77,false,Portal,High,Lakeshore University Endowment 57,Sovereign,Standard,Mountain West,Luis Silva,Sofia Campbell,false
AM-SR-001075,AM-CL-0111,E-0270,Performance Report,2026-03-10,2026-03-15,Closed,5,5.43,true,Portal,Low,Blue Ridge University Endowment 111,Sovereign,Strategic,Pacific,Iris Allen,Sara Kim,false
AM-SR-001076,AM-CL-0012,E-0289,Reconciliation,2025-07-13,2025-07-20,Closed,3,7.61,true,Email,High,Blue Ridge Community Foundation 12,Foundation,Strategic,Mountain West,Luis Silva,Victor Nguyen,false
AM-SR-001077,AM-CL-0072,E-0286,Reconciliation,2026-08-28,2026-08-30,Closed,3,2.14,false,Phone,Medium,Blue Ridge Mutual Insurance 72,Foundation,Standard,Mountain West,Fatima Okafor,Daniel Nguyen,false
AM-SR-001078,AM-CL-0082,E-0275,Cash Movement,2025-10-24,2025-10-25,Closed,1,1.42,true,Email,Medium,Harbor Sovereign Fund 82,Foundation,Key,APAC,Iris Allen,Daniel Allen,false
AM-SR-001079,AM-CL-0133,E-0275,Performance Report,2024-11-27,2024-12-02,Closed,5,5.33,true,Portal,Medium,Granite University Endowment 133,Insurance GA,Standard,Northeast,Luis Silva,Daniel Allen,false
AM-SR-001080,AM-CL-0116,E-0272,Reconciliation,2025-08-21,2025-08-23,Closed,3,2.11,false,Portal,High,Silverline Sovereign Fund 116,Sub-Advisory,Key,Pacific,Iris Allen,Aisha Green,false
AM-SR-001081,AM-CL-0013,E-0277,Reconciliation,2025-07-10,2025-07-14,Closed,3,4.28,true,Portal,Low,Meridian Teachers Retirement 13,Sovereign,Standard,Northeast,Leo King,Kenji White,true
AM-SR-001082,AM-CL-0140,E-0272,Performance Report,2026-02-19,2026-02-23,Closed,5,4.16,false,Email,Medium,Lakeshore Teachers Retirement 140,Foundation,Key,Midwest,Wei Thomas,Aisha Green,false
AM-SR-001083,AM-CL-0036,E-0267,Performance Report,2026-04-01,2026-04-02,Closed,5,1.14,false,Email,High,Harbor Teachers Retirement 36,Corporate Pension,Standard,APAC,Luis Silva,Felix Stewart,true
AM-SR-001084,AM-CL-0031,E-0276,Performance Report,2026-02-03,2026-02-06,Closed,5,3.05,false,Portal,Low,Blue Ridge Employees Pension 31,Sub-Advisory,Standard,Southeast,Owen Okafor,Felix Edwards,false
AM-SR-001085,AM-CL-0010,E-0275,Fee Invoice Question,2025-05-13,2025-05-19,Closed,5,6.05,true,Email,Medium,Northfield Capital Partners 10,Insurance GA,Standard,Midwest,Wei Thomas,Daniel Allen,false
AM-SR-001086,AM-CL-0126,E-0270,Performance Report,2026-02-28,2026-03-10,Closed,5,10.28,true,Phone,Low,Northfield Employees Pension 126,Family Office,Strategic,Pacific,Noah Carter,Sara Kim,false
AM-SR-001087,AM-CL-0058,E-0280,Performance Report,2025-04-03,2025-04-06,Closed,5,3.04,false,Email,Low,Harbor Teachers Retirement 58,Sub-Advisory,Standard,APAC,Fatima Patel,Mateo Harris,true
AM-SR-001088,AM-CL-0107,E-0281,Reconciliation,2025-07-29,2025-07-30,Closed,3,1.13,false,Email,Low,Harbor Teachers Retirement 107,Sub-Advisory,Key,Pacific,Priya Martinez,Sofia Campbell,false
AM-SR-001089,AM-CL-0062,E-0278,Performance Report,2024-12-02,2024-12-06,Closed,5,4.07,false,Portal,High,Northfield Teachers Retirement 62,Corporate Pension,Standard,Midwest,Owen Okafor,Lauren Lopez,false
AM-SR-001090,AM-CL-0103,E-0289,Performance Report,2026-03-05,2026-03-10,Closed,5,5.2,true,Email,Low,Blue Ridge University Endowment 103,Foundation,Standard,Midwest,Julian Collins,Victor Nguyen,false
AM-SR-001091,AM-CL-0088,E-0271,Reconciliation,2024-11-08,2024-11-12,Closed,3,4.45,true,Email,Medium,Northfield Mutual Insurance 88,Sub-Advisory,Key,Midwest,Fatima Okafor,Isabella Collins,false
AM-SR-001092,AM-CL-0080,E-0275,Cash Movement,2025-09-09,2025-09-09,Closed,1,0.8,false,Email,Medium,Harbor Teachers Retirement 80,Insurance GA,Standard,Pacific,Layla Carter,Daniel Allen,false
AM-SR-001093,AM-CL-0033,E-0266,Onboarding Document,2025-09-09,2025-09-17,Closed,7,8.53,true,Email,High,Summit Employees Pension 33,Family Office,Standard,EMEA,Hannah Young,Ethan Roberts,false
AM-SR-001094,AM-CL-0114,E-0278,Performance Report,2025-03-30,2025-04-02,Closed,5,3.34,false,Email,Low,Meridian Mutual Insurance 114,Family Office,Strategic,Midwest,Rosa Miller,Lauren Lopez,false
AM-SR-001095,AM-CL-0010,E-0275,Cash Movement,2026-04-30,2026-04-30,Closed,1,0.36,false,Email,Medium,Northfield Capital Partners 10,Insurance GA,Standard,Midwest,Wei Thomas,Daniel Allen,false
AM-SR-001096,AM-CL-0114,E-0278,Reconciliation,2025-11-01,2025-11-04,Closed,3,3.59,true,Email,Low,Meridian Mutual Insurance 114,Family Office,Strategic,Midwest,Rosa Miller,Lauren Lopez,false
AM-SR-001097,AM-CL-0005,E-0277,Performance Report,2026-08-27,2026-08-30,Closed,5,3.43,false,Email,Medium,Blue Ridge Capital Partners 5,Sub-Advisory,Key,APAC,Rosa Miller,Kenji White,false
AM-SR-001098,AM-CL-0026,E-0266,Onboarding Document,2026-03-12,2026-03-19,Closed,7,7.63,true,Email,Medium,Summit Teachers Retirement 26,Foundation,Standard,Northeast,Layla Carter,Ethan Roberts,false
AM-SR-001099,AM-CL-0007,E-0280,Onboarding Document,2025-10-08,2025-10-15,Closed,7,7.12,true,Email,High,Ironwood Teachers Retirement 7,Insurance GA,Standard,Midwest,Fatima Okafor,Mateo Harris,true
AM-SR-001100,AM-CL-0050,E-0276,Performance Report,2025-09-03,2025-09-05,Closed,5,2.21,false,Email,Medium,Harbor Community Foundation 50,Endowment,Standard,Pacific,Hannah Roberts,Felix Edwards,false
AM-SR-001101,AM-CL-0071,E-0279,Performance Report,2025-05-13,2025-05-15,Closed,5,2.46,false,Portal,Low,Ironwood Capital Partners 71,Insurance GA,Standard,Mountain West,Iris Allen,Ravi Campbell,false
AM-SR-001102,AM-CL-0106,E-0272,Reconciliation,2026-05-14,2026-05-15,Closed,3,1.25,false,Email,Low,Silverline Sovereign Fund 106,Endowment,Strategic,Pacific,Mei Hall,Aisha Green,false
AM-SR-001103,AM-CL-0045,E-0269,Cash Movement,2025-05-25,2025-05-25,Closed,1,0.39,false,Email,Low,Blue Ridge Teachers Retirement 45,Family Office,Strategic,Southeast,Maya Ashford,Noah Hall,false
AM-SR-001104,AM-CL-0062,E-0278,Reconciliation,2025-04-15,2025-04-17,Closed,3,2.53,false,Phone,Medium,Northfield Teachers Retirement 62,Corporate Pension,Standard,Midwest,Owen Okafor,Lauren Lopez,false
AM-SR-001105,AM-CL-0080,E-0275,Reconciliation,2024-12-15,2024-12-16,Closed,3,1.98,false,Email,High,Harbor Teachers Retirement 80,Insurance GA,Standard,Pacific,Layla Carter,Daniel Allen,false
AM-SR-001106,AM-CL-0118,E-0274,Performance Report,2026-05-27,2026-05-31,Closed,5,4.38,false,Email,Medium,Silverline Community Foundation 118,Family Office,Key,Midwest,Maya Ashford,Hannah Young,false
AM-SR-001107,AM-CL-0112,E-0289,Performance Report,2026-07-21,2026-07-26,Closed,5,5.34,true,Email,Low,Northfield University Endowment 112,Endowment,Standard,APAC,Fatima Okafor,Victor Nguyen,false
AM-SR-001108,AM-CL-0130,E-0273,Compliance Attestation,2025-04-07,2025-04-08,Closed,10,1.79,false,Portal,Low,Lakeshore University Endowment 130,Public Pension,Key,Northeast,Owen Okafor,Samuel Wright,true
AM-SR-001109,AM-CL-0037,E-0282,Onboarding Document,2026-07-25,2026-07-27,Closed,7,2.61,false,Email,Medium,Harbor Capital Partners 37,Foundation,Standard,APAC,Nina Scott,Julian Adams,false
AM-SR-001110,AM-CL-0050,E-0276,Onboarding Document,2024-12-08,2024-12-18,Closed,7,10.91,true,Portal,High,Harbor Community Foundation 50,Endowment,Standard,Pacific,Hannah Roberts,Felix Edwards,false
AM-SR-001111,AM-CL-0075,E-0270,Fee Invoice Question,2025-10-13,2025-10-18,Closed,5,5.73,true,Portal,Low,Harbor Teachers Retirement 75,Endowment,Standard,Mountain West,Fatima Patel,Sara Kim,false
AM-SR-001112,AM-CL-0139,E-0266,Onboarding Document,2025-03-17,2025-03-19,Closed,7,2.94,false,Email,Medium,Lakeshore Teachers Retirement 139,Foundation,Strategic,Mountain West,Fatima Okafor,Ethan Roberts,false
AM-SR-001113,AM-CL-0027,E-0271,Onboarding Document,2026-07-01,2026-07-03,Closed,7,2.36,false,Portal,High,Northfield Teachers Retirement 27,Sovereign,Key,Mountain West,Hannah Roberts,Isabella Collins,true
AM-SR-001114,AM-CL-0067,E-0275,Compliance Attestation,2025-09-06,2025-09-15,Closed,10,9.26,false,Email,Medium,Silverline Employees Pension 67,Public Pension,Key,Midwest,Leo King,Daniel Allen,false
AM-SR-001115,AM-CL-0052,E-0285,Performance Report,2025-09-28,2025-10-02,Closed,5,4.1,false,Portal,Low,Lakeshore Mutual Insurance 52,Family Office,Key,Mountain West,Tom Silva,Aisha Ashford,false
AM-SR-001116,AM-CL-0097,E-0289,Performance Report,2026-07-12,2026-07-27,Closed,5,15.57,true,Portal,Medium,Summit Capital Partners 97,Corporate Pension,Standard,Northeast,Fatima Okafor,Victor Nguyen,true
AM-SR-001117,AM-CL-0087,E-0290,Performance Report,2026-03-22,2026-03-26,Closed,5,4.04,false,Portal,High,Summit Capital Partners 87,Family Office,Strategic,APAC,Julian Collins,Luis Ashford,false
AM-SR-001118,AM-CL-0026,E-0266,Compliance Attestation,2026-06-04,2026-06-10,Closed,10,6.31,false,Email,Medium,Summit Teachers Retirement 26,Foundation,Standard,Northeast,Layla Carter,Ethan Roberts,false
AM-SR-001119,AM-CL-0043,E-0267,Reconciliation,2025-09-10,2025-09-11,Closed,3,1.64,false,Phone,High,Lakeshore Community Foundation 43,Family Office,Key,Pacific,Rosa Miller,Felix Stewart,false
AM-SR-001120,AM-CL-0031,E-0276,Reconciliation,2025-01-08,2025-01-20,Closed,3,12.42,true,Portal,Low,Blue Ridge Employees Pension 31,Sub-Advisory,Standard,Southeast,Owen Okafor,Felix Edwards,true
AM-SR-001121,AM-CL-0095,E-0280,Performance Report,2025-09-10,2025-09-11,Closed,5,1.24,false,Email,High,Ironwood Sovereign Fund 95,Sub-Advisory,Standard,Southeast,Wei Thomas,Mateo Harris,false
AM-SR-001122,AM-CL-0123,E-0272,Performance Report,2026-04-11,2026-04-17,Closed,5,6.95,true,Portal,High,Cascade Mutual Insurance 123,Sub-Advisory,Standard,Southeast,Layla Carter,Aisha Green,true
AM-SR-001123,AM-CL-0034,E-0271,Performance Report,2024-10-30,2024-10-31,Closed,5,1.42,false,Email,Medium,Cascade Employees Pension 34,Insurance GA,Standard,Mountain West,Mei Hall,Isabella Collins,false
AM-SR-001124,AM-CL-0085,E-0267,Reconciliation,2026-07-03,2026-07-11,Closed,3,8.17,true,Email,Medium,Summit Community Foundation 85,Sub-Advisory,Standard,Pacific,Luis Ashford,Felix Stewart,true
AM-SR-001125,AM-CL-0135,E-0287,Data Feed Issue,2026-07-30,2026-07-31,Closed,2,1.35,false,Email,Medium,Meridian Capital Partners 135,Public Pension,Standard,Southeast,Tom Silva,Emma Allen,false
AM-SR-001126,AM-CL-0097,E-0289,Compliance Attestation,2024-11-12,2024-11-28,Closed,10,16.01,true,Email,Low,Summit Capital Partners 97,Corporate Pension,Standard,Northeast,Fatima Okafor,Victor Nguyen,false
AM-SR-001127,AM-CL-0035,E-0267,Compliance Attestation,2026-07-20,2026-08-08,Closed,10,19.65,true,Email,Medium,Harbor Capital Partners 35,Endowment,Strategic,Southeast,Iris Kim,Felix Stewart,false
AM-SR-001128,AM-CL-0006,E-0284,Compliance Attestation,2024-10-01,2024-10-05,Closed,10,4.04,false,Portal,High,Cascade Employees Pension 6,Family Office,Standard,APAC,Sofia Bailey,Iris Thomas,true
AM-SR-001129,AM-CL-0103,E-0289,Reconciliation,2025-10-19,2025-10-19,Closed,3,0.5,false,Email,Medium,Blue Ridge University Endowment 103,Foundation,Standard,Midwest,Julian Collins,Victor Nguyen,false
AM-SR-001130,AM-CL-0061,E-0290,Performance Report,2025-07-06,2025-07-09,Closed,5,3.82,false,Portal,Medium,Summit Sovereign Fund 61,Insurance GA,Key,Midwest,Iris Allen,Luis Ashford,true
AM-SR-001131,AM-CL-0014,E-0288,Cash Movement,2025-05-25,2025-05-25,Closed,1,0.41,false,Email,Medium,Granite Mutual Insurance 14,Corporate Pension,Standard,APAC,Fatima Okafor,Mateo Collins,false
AM-SR-001132,AM-CL-0089,E-0280,Compliance Attestation,2025-05-06,2025-06-01,Closed,10,26.3,true,Email,Medium,Blue Ridge Community Foundation 89,Endowment,Standard,Midwest,Tom Silva,Mateo Harris,false
AM-SR-001133,AM-CL-0096,E-0272,Fee Invoice Question,2024-10-22,2024-10-25,Closed,5,3.31,false,Email,High,Cascade Teachers Retirement 96,Endowment,Strategic,APAC,Grace Bailey,Aisha Green,false
AM-SR-001134,AM-CL-0111,E-0270,Onboarding Document,2024-09-05,2024-09-11,Closed,7,6.0,false,Email,Low,Blue Ridge University Endowment 111,Sovereign,Strategic,Pacific,Iris Allen,Sara Kim,false
AM-SR-001135,AM-CL-0139,E-0266,Data Feed Issue,2026-04-24,2026-04-27,Closed,2,3.05,true,Email,Low,Lakeshore Teachers Retirement 139,Foundation,Strategic,Mountain West,Fatima Okafor,Ethan Roberts,false
AM-SR-001136,AM-CL-0082,E-0275,Cash Movement,2025-11-19,2025-11-19,Closed,1,0.51,false,Portal,Low,Harbor Sovereign Fund 82,Foundation,Key,APAC,Iris Allen,Daniel Allen,false
AM-SR-001137,AM-CL-0028,E-0279,Performance Report,2026-05-29,2026-05-31,Closed,5,2.59,false,Phone,Low,Silverline Teachers Retirement 28,Public Pension,Key,Pacific,Layla Carter,Ravi Campbell,false
AM-SR-001138,AM-CL-0101,E-0289,Reconciliation,2026-03-12,2026-03-16,Closed,3,4.2,true,Portal,High,Harbor University Endowment 101,Family Office,Key,Northeast,Luis Ashford,Victor Nguyen,false
AM-SR-001139,AM-CL-0054,E-0290,Fee Invoice Question,2026-05-23,2026-05-26,Closed,5,3.97,false,Phone,Medium,Granite Mutual Insurance 54,Corporate Pension,Standard,Pacific,Hannah Young,Luis Ashford,false
AM-SR-001140,AM-CL-0041,E-0279,Reconciliation,2024-12-08,2024-12-19,Closed,3,11.29,true,Email,High,Granite Mutual Insurance 41,Corporate Pension,Standard,APAC,Fatima Patel,Ravi Campbell,false
AM-SR-001141,AM-CL-0113,E-0270,Performance Report,2025-01-10,2025-01-11,Closed,5,1.44,false,Email,High,Harbor Teachers Retirement 113,Insurance GA,Standard,APAC,Leo King,Sara Kim,true
AM-SR-001142,AM-CL-0046,E-0270,Reconciliation,2026-05-25,2026-05-26,Closed,3,1.52,false,Portal,Low,Summit University Endowment 46,Foundation,Standard,Pacific,Fatima Patel,Sara Kim,false
AM-SR-001143,AM-CL-0002,E-0268,Data Feed Issue,2026-05-23,2026-05-24,Closed,2,1.29,false,Email,Medium,Blue Ridge Sovereign Fund 2,Family Office,Key,EMEA,Noah Carter,Rosa Nguyen,false
AM-SR-001144,AM-CL-0087,E-0290,Performance Report,2025-05-01,2025-05-04,Closed,5,3.78,false,Email,Medium,Summit Capital Partners 87,Family Office,Strategic,APAC,Julian Collins,Luis Ashford,false
AM-SR-001145,AM-CL-0103,E-0289,Data Feed Issue,2024-09-23,2024-09-24,Closed,2,1.84,false,Email,High,Blue Ridge University Endowment 103,Foundation,Standard,Midwest,Julian Collins,Victor Nguyen,false
AM-SR-001146,AM-CL-0090,E-0267,Onboarding Document,2026-05-29,2026-06-02,Closed,7,4.77,false,Email,Medium,Meridian University Endowment 90,Sovereign,Strategic,Midwest,Maya Ashford,Felix Stewart,false
AM-SR-001147,AM-CL-0133,E-0275,Cash Movement,2025-11-30,2025-11-30,Closed,1,0.83,false,Email,High,Granite University Endowment 133,Insurance GA,Standard,Northeast,Luis Silva,Daniel Allen,false
AM-SR-001148,AM-CL-0101,E-0289,Cash Movement,2024-11-09,2024-11-10,Closed,1,1.06,true,Email,Medium,Harbor University Endowment 101,Family Office,Key,Northeast,Luis Ashford,Victor Nguyen,false
AM-SR-001149,AM-CL-0038,E-0288,Performance Report,2025-03-06,2025-03-11,Closed,5,5.32,true,Portal,Medium,Summit Capital Partners 38,Endowment,Standard,Mountain West,Sofia Bailey,Mateo Collins,false
AM-SR-001150,AM-CL-0128,E-0286,Compliance Attestation,2025-11-20,2025-11-24,Closed,10,4.77,false,Email,Medium,Cascade Mutual Insurance 128,Sub-Advisory,Key,Northeast,Noah Carter,Daniel Nguyen,false
AM-SR-001151,AM-CL-0007,E-0280,Data Feed Issue,2026-07-27,2026-07-30,Closed,2,3.18,true,Email,Low,Ironwood Teachers Retirement 7,Insurance GA,Standard,Midwest,Fatima Okafor,Mateo Harris,false
AM-SR-001152,AM-CL-0095,E-0280,Performance Report,2025-01-11,2025-01-16,Closed,5,5.67,true,Portal,Low,Ironwood Sovereign Fund 95,Sub-Advisory,Standard,Southeast,Wei Thomas,Mateo Harris,true
AM-SR-001153,AM-CL-0095,E-0280,Fee Invoice Question,2025-02-21,2025-02-24,Closed,5,3.07,false,Email,Low,Ironwood Sovereign Fund 95,Sub-Advisory,Standard,Southeast,Wei Thomas,Mateo Harris,false
AM-SR-001154,AM-CL-0127,E-0266,Onboarding Document,2025-07-07,2025-07-09,Closed,7,2.0,false,Email,Medium,Granite Community Foundation 127,Sovereign,Standard,APAC,Layla Carter,Ethan Roberts,true
AM-SR-001155,AM-CL-0014,E-0288,Reconciliation,2026-02-15,2026-02-16,Closed,3,1.69,false,Phone,High,Granite Mutual Insurance 14,Corporate Pension,Standard,APAC,Fatima Okafor,Mateo Collins,false
AM-SR-001156,AM-CL-0117,E-0289,Performance Report,2025-09-08,2025-09-11,Closed,5,3.06,false,Email,Medium,Lakeshore Teachers Retirement 117,Endowment,Standard,EMEA,Wei Thomas,Victor Nguyen,false
AM-SR-001157,AM-CL-0004,E-0272,Performance Report,2025-03-19,2025-03-22,Closed,5,3.79,false,Email,Low,Lakeshore Teachers Retirement 4,Sub-Advisory,Key,EMEA,Julian Collins,Aisha Green,false
AM-SR-001158,AM-CL-0076,E-0282,Data Feed Issue,2025-09-18,2025-09-19,Closed,2,1.19,false,Phone,Low,Ironwood Capital Partners 76,Foundation,Key,Midwest,Nina Scott,Julian Adams,false
AM-SR-001159,AM-CL-0075,E-0270,Reconciliation,2024-09-17,2024-09-21,Closed,3,4.25,true,Email,Medium,Harbor Teachers Retirement 75,Endowment,Standard,Mountain West,Fatima Patel,Sara Kim,false
AM-SR-001160,AM-CL-0011,E-0271,Onboarding Document,2026-05-07,2026-05-16,Closed,7,9.28,true,Portal,Low,Lakeshore Community Foundation 11,Corporate Pension,Key,Midwest,Julian Collins,Isabella Collins,false
AM-SR-001161,AM-CL-0075,E-0270,Cash Movement,2025-09-11,2025-09-11,Closed,1,0.29,false,Phone,Low,Harbor Teachers Retirement 75,Endowment,Standard,Mountain West,Fatima Patel,Sara Kim,false
AM-SR-001162,AM-CL-0081,E-0267,Performance Report,2024-10-06,2024-10-08,Closed,5,2.58,false,Email,Low,Northfield Employees Pension 81,Family Office,Standard,Southeast,Wei Thomas,Felix Stewart,true
AM-SR-001163,AM-CL-0070,E-0282,Fee Invoice Question,2026-08-06,2026-08-08,Closed,5,2.28,false,Phone,Medium,Cascade Capital Partners 70,Public Pension,Strategic,EMEA,Noah Nelson,Julian Adams,false
AM-SR-001164,AM-CL-0056,E-0288,Reconciliation,2025-01-01,2025-01-05,Closed,3,4.84,true,Email,Low,Harbor Mutual Insurance 56,Endowment,Strategic,APAC,Grace Bailey,Mateo Collins,true
AM-SR-001165,AM-CL-0100,E-0284,Reconciliation,2025-11-04,2025-11-05,Closed,3,1.85,false,Portal,Low,Harbor Mutual Insurance 100,Sub-Advisory,Key,EMEA,Luis Ashford,Iris Thomas,false
AM-SR-001166,AM-CL-0135,E-0287,Fee Invoice Question,2024-12-23,2024-12-27,Closed,5,4.29,false,Email,Medium,Meridian Capital Partners 135,Public Pension,Standard,Southeast,Tom Silva,Emma Allen,false
AM-SR-001167,AM-CL-0086,E-0268,Performance Report,2026-01-18,2026-01-21,Closed,5,3.38,false,Email,Medium,Cascade University Endowment 86,Public Pension,Standard,EMEA,Layla Carter,Rosa Nguyen,false
AM-SR-001168,AM-CL-0114,E-0278,Data Feed Issue,2024-12-28,2024-12-28,Closed,2,0.76,false,Email,Medium,Meridian Mutual Insurance 114,Family Office,Strategic,Midwest,Rosa Miller,Lauren Lopez,false
AM-SR-001169,AM-CL-0008,E-0279,Fee Invoice Question,2025-07-13,2025-07-15,Closed,5,2.95,false,Portal,Medium,Granite Community Foundation 8,Insurance GA,Standard,Mountain West,Luis Silva,Ravi Campbell,false
AM-SR-001170,AM-CL-0030,E-0275,Performance Report,2025-12-07,2025-12-11,Closed,5,4.72,false,Portal,Medium,Meridian Capital Partners 30,Family Office,Standard,Southeast,Sofia Bailey,Daniel Allen,false
AM-SR-001171,AM-CL-0081,E-0267,Fee Invoice Question,2024-10-06,2024-10-10,Closed,5,4.77,false,Portal,Medium,Northfield Employees Pension 81,Family Office,Standard,Southeast,Wei Thomas,Felix Stewart,true
AM-SR-001172,AM-CL-0094,E-0271,Reconciliation,2025-01-31,2025-02-02,Closed,3,2.93,false,Phone,High,Granite Capital Partners 94,Family Office,Standard,Pacific,Luis Ashford,Isabella Collins,false
AM-SR-001173,AM-CL-0130,E-0273,Performance Report,2025-04-08,2025-04-13,Closed,5,5.93,true,Portal,Low,Lakeshore University Endowment 130,Public Pension,Key,Northeast,Owen Okafor,Samuel Wright,true
AM-SR-001174,AM-CL-0134,E-0281,Performance Report,2026-08-15,2026-08-18,Closed,5,3.43,false,Portal,Medium,Granite Sovereign Fund 134,Family Office,Standard,Midwest,Maya Ashford,Sofia Campbell,false
AM-SR-001175,AM-CL-0005,E-0277,Performance Report,2025-01-01,2025-01-03,Closed,5,2.35,false,Portal,Medium,Blue Ridge Capital Partners 5,Sub-Advisory,Key,APAC,Rosa Miller,Kenji White,true
AM-SR-001176,AM-CL-0020,E-0266,Reconciliation,2025-06-04,2025-06-10,Closed,3,6.18,true,Portal,Low,Summit Capital Partners 20,Corporate Pension,Standard,Mountain West,Wei Thomas,Ethan Roberts,false
AM-SR-001177,AM-CL-0035,E-0267,Onboarding Document,2026-08-26,,Open,7,,true,Portal,Medium,Harbor Capital Partners 35,Endowment,Strategic,Southeast,Iris Kim,Felix Stewart,false
AM-SR-001178,AM-CL-0137,E-0284,Performance Report,2024-10-01,2024-10-08,Closed,5,7.95,true,Email,Low,Northfield Sovereign Fund 137,Endowment,Strategic,Mountain West,Grace Bailey,Iris Thomas,true
AM-SR-001179,AM-CL-0106,E-0272,Cash Movement,2025-08-10,2025-08-10,Closed,1,0.42,false,Email,Low,Silverline Sovereign Fund 106,Endowment,Strategic,Pacific,Mei Hall,Aisha Green,false
AM-SR-001180,AM-CL-0012,E-0289,Performance Report,2025-12-26,2025-12-27,Closed,5,1.36,false,Email,Low,Blue Ridge Community Foundation 12,Foundation,Strategic,Mountain West,Luis Silva,Victor Nguyen,false
AM-SR-001181,AM-CL-0017,E-0281,Performance Report,2026-08-08,2026-08-10,Closed,5,2.62,false,Portal,Low,Lakeshore Teachers Retirement 17,Family Office,Standard,EMEA,Tom Silva,Sofia Campbell,false
AM-SR-001182,AM-CL-0004,E-0272,Onboarding Document,2025-04-05,2025-04-07,Closed,7,2.33,false,Portal,Low,Lakeshore Teachers Retirement 4,Sub-Advisory,Key,EMEA,Julian Collins,Aisha Green,true
AM-SR-001183,AM-CL-0132,E-0273,Performance Report,2025-04-13,2025-04-16,Closed,5,3.02,false,Email,Medium,Blue Ridge Teachers Retirement 132,Sovereign,Standard,APAC,Fatima Patel,Samuel Wright,false
AM-SR-001184,AM-CL-0138,E-0271,Performance Report,2024-12-12,2024-12-17,Closed,5,5.98,true,Email,Medium,Cascade Employees Pension 138,Endowment,Strategic,APAC,Tom Silva,Isabella Collins,false
AM-SR-001185,AM-CL-0101,E-0289,Reconciliation,2026-06-27,2026-06-28,Closed,3,1.67,false,Email,Low,Harbor University Endowment 101,Family Office,Key,Northeast,Luis Ashford,Victor Nguyen,false
AM-SR-001186,AM-CL-0066,E-0278,Fee Invoice Question,2026-08-25,2026-08-27,Closed,5,2.86,false,Portal,High,Cascade Mutual Insurance 66,Family Office,Strategic,Midwest,Luis Silva,Lauren Lopez,false
AM-SR-001187,AM-CL-0072,E-0286,Compliance Attestation,2024-09-28,2024-09-30,Closed,10,2.23,false,Email,Low,Blue Ridge Mutual Insurance 72,Foundation,Standard,Mountain West,Fatima Okafor,Daniel Nguyen,false
AM-SR-001188,AM-CL-0012,E-0289,Reconciliation,2025-11-06,2025-11-10,Closed,3,4.27,true,Email,High,Blue Ridge Community Foundation 12,Foundation,Strategic,Mountain West,Luis Silva,Victor Nguyen,false
AM-SR-001189,AM-CL-0078,E-0278,Performance Report,2025-08-30,2025-09-01,Closed,5,2.5,false,Portal,Low,Lakeshore Employees Pension 78,Insurance GA,Standard,EMEA,Julian Collins,Lauren Lopez,false
AM-SR-001190,AM-CL-0084,E-0287,Performance Report,2025-11-05,2025-11-08,Closed,5,3.73,false,Email,High,Ironwood Community Foundation 84,Sovereign,Standard,Southeast,Noah Nelson,Emma Allen,false
AM-SR-001191,AM-CL-0030,E-0275,Onboarding Document,2025-02-07,2025-02-10,Closed,7,3.56,false,Portal,High,Meridian Capital Partners 30,Family Office,Standard,Southeast,Sofia Bailey,Daniel Allen,false
AM-SR-001192,AM-CL-0132,E-0273,Cash Movement,2026-04-04,2026-04-04,Closed,1,0.41,false,Portal,Low,Blue Ridge Teachers Retirement 132,Sovereign,Standard,APAC,Fatima Patel,Samuel Wright,true
AM-SR-001193,AM-CL-0135,E-0287,Performance Report,2026-02-28,2026-03-05,Closed,5,5.56,true,Email,Low,Meridian Capital Partners 135,Public Pension,Standard,Southeast,Tom Silva,Emma Allen,false
AM-SR-001194,AM-CL-0082,E-0275,Onboarding Document,2024-10-27,2024-10-31,Closed,7,4.99,false,Portal,Medium,Harbor Sovereign Fund 82,Foundation,Key,APAC,Iris Allen,Daniel Allen,false
AM-SR-001195,AM-CL-0138,E-0271,Data Feed Issue,2026-02-27,2026-02-27,Closed,2,0.59,false,Email,High,Cascade Employees Pension 138,Endowment,Strategic,APAC,Tom Silva,Isabella Collins,false
AM-SR-001196,AM-CL-0079,E-0270,Onboarding Document,2025-09-03,2025-09-05,Closed,7,2.59,false,Email,Low,Northfield Teachers Retirement 79,Foundation,Strategic,APAC,Luis Ashford,Sara Kim,false
AM-SR-001197,AM-CL-0037,E-0282,Compliance Attestation,2025-01-01,2025-01-02,Closed,10,1.77,false,Phone,Low,Harbor Capital Partners 37,Foundation,Standard,APAC,Nina Scott,Julian Adams,true
AM-SR-001198,AM-CL-0033,E-0266,Onboarding Document,2025-11-19,2025-11-26,Closed,7,7.55,true,Email,Low,Summit Employees Pension 33,Family Office,Standard,EMEA,Hannah Young,Ethan Roberts,false
AM-SR-001199,AM-CL-0085,E-0267,Onboarding Document,2026-08-28,,Open,7,,false,Phone,High,Summit Community Foundation 85,Sub-Advisory,Standard,Pacific,Luis Ashford,Felix Stewart,false
AM-SR-001200,AM-CL-0139,E-0266,Fee Invoice Question,2025-08-02,2025-08-05,Closed,5,3.19,false,Email,Medium,Lakeshore Teachers Retirement 139,Foundation,Strategic,Mountain West,Fatima Okafor,Ethan Roberts,false
AM-SR-001201,AM-CL-0061,E-0290,Reconciliation,2026-06-16,2026-06-18,Closed,3,2.78,false,Portal,Medium,Summit Sovereign Fund 61,Insurance GA,Key,Midwest,Iris Allen,Luis Ashford,false
AM-SR-001202,AM-CL-0123,E-0272,Fee Invoice Question,2025-04-15,2025-04-17,Closed,5,2.87,false,Phone,Medium,Cascade Mutual Insurance 123,Sub-Advisory,Standard,Southeast,Layla Carter,Aisha Green,false
AM-SR-001203,AM-CL-0083,E-0287,Fee Invoice Question,2025-05-01,2025-05-03,Closed,5,2.5,false,Email,Medium,Northfield Sovereign Fund 83,Public Pension,Strategic,APAC,Iris Allen,Emma Allen,false
AM-SR-001204,AM-CL-0125,E-0286,Cash Movement,2026-04-04,2026-04-05,Closed,1,1.24,true,Email,Low,Northfield Mutual Insurance 125,Insurance GA,Key,Mountain West,Luis Silva,Daniel Nguyen,true
AM-SR-001205,AM-CL-0138,E-0271,Onboarding Document,2025-11-01,2025-11-05,Closed,7,4.15,false,Email,Medium,Cascade Employees Pension 138,Endowment,Strategic,APAC,Tom Silva,Isabella Collins,false
AM-SR-001206,AM-CL-0007,E-0280,Performance Report,2025-11-05,2025-11-09,Closed,5,4.05,false,Email,Low,Ironwood Teachers Retirement 7,Insurance GA,Standard,Midwest,Fatima Okafor,Mateo Harris,false
AM-SR-001207,AM-CL-0123,E-0272,Cash Movement,2025-07-14,2025-07-14,Closed,1,0.55,false,Email,Medium,Cascade Mutual Insurance 123,Sub-Advisory,Standard,Southeast,Layla Carter,Aisha Green,false
AM-SR-001208,AM-CL-0022,E-0273,Reconciliation,2026-01-10,2026-01-18,Closed,3,8.65,true,Portal,High,Northfield Mutual Insurance 22,Foundation,Key,EMEA,Iris Allen,Samuel Wright,true
AM-SR-001209,AM-CL-0031,E-0276,Data Feed Issue,2026-07-07,2026-07-07,Closed,2,0.63,false,Portal,Medium,Blue Ridge Employees Pension 31,Sub-Advisory,Standard,Southeast,Owen Okafor,Felix Edwards,true
AM-SR-001210,AM-CL-0100,E-0284,Reconciliation,2024-12-26,2024-12-26,Closed,3,0.43,false,Email,Medium,Harbor Mutual Insurance 100,Sub-Advisory,Key,EMEA,Luis Ashford,Iris Thomas,false
AM-SR-001211,AM-CL-0133,E-0275,Compliance Attestation,2025-05-31,2025-06-17,Closed,10,17.92,true,Email,Low,Granite University Endowment 133,Insurance GA,Standard,Northeast,Luis Silva,Daniel Allen,false
AM-SR-001212,AM-CL-0080,E-0275,Cash Movement,2024-12-22,2024-12-22,Closed,1,0.41,false,Portal,High,Harbor Teachers Retirement 80,Insurance GA,Standard,Pacific,Layla Carter,Daniel Allen,false
AM-SR-001213,AM-CL-0008,E-0279,Data Feed Issue,2025-12-10,2025-12-10,Closed,2,0.99,false,Portal,Low,Granite Community Foundation 8,Insurance GA,Standard,Mountain West,Luis Silva,Ravi Campbell,false
AM-SR-001214,AM-CL-0034,E-0271,Cash Movement,2025-05-17,2025-05-17,Closed,1,0.5,false,Portal,Medium,Cascade Employees Pension 34,Insurance GA,Standard,Mountain West,Mei Hall,Isabella Collins,false
AM-SR-001215,AM-CL-0044,E-0282,Data Feed Issue,2026-08-09,2026-08-11,Closed,2,2.47,true,Portal,Medium,Blue Ridge Teachers Retirement 44,Sovereign,Key,Southeast,Fatima Patel,Julian Adams,false
AM-SR-001216,AM-CL-0020,E-0266,Data Feed Issue,2025-01-22,2025-01-23,Closed,2,1.7,false,Portal,Low,Summit Capital Partners 20,Corporate Pension,Standard,Mountain West,Wei Thomas,Ethan Roberts,false
AM-SR-001217,AM-CL-0058,E-0280,Reconciliation,2026-04-20,2026-04-22,Closed,3,2.14,false,Email,Medium,Harbor Teachers Retirement 58,Sub-Advisory,Standard,APAC,Fatima Patel,Mateo Harris,false
AM-SR-001218,AM-CL-0116,E-0272,Performance Report,2026-01-21,2026-02-02,Closed,5,12.02,true,Portal,Medium,Silverline Sovereign Fund 116,Sub-Advisory,Key,Pacific,Iris Allen,Aisha Green,false
AM-SR-001219,AM-CL-0061,E-0290,Cash Movement,2026-05-04,2026-05-05,Closed,1,1.17,true,Email,Medium,Summit Sovereign Fund 61,Insurance GA,Key,Midwest,Iris Allen,Luis Ashford,false
AM-SR-001220,AM-CL-0081,E-0267,Reconciliation,2025-12-26,2025-12-28,Closed,3,2.5,false,Portal,Low,Northfield Employees Pension 81,Family Office,Standard,Southeast,Wei Thomas,Felix Stewart,false
AM-SR-001221,AM-CL-0133,E-0275,Onboarding Document,2025-07-10,2025-07-13,Closed,7,3.11,false,Email,Medium,Granite University Endowment 133,Insurance GA,Standard,Northeast,Luis Silva,Daniel Allen,true
AM-SR-001222,AM-CL-0020,E-0266,Fee Invoice Question,2024-10-28,2024-10-30,Closed,5,2.38,false,Portal,Medium,Summit Capital Partners 20,Corporate Pension,Standard,Mountain West,Wei Thomas,Ethan Roberts,false
AM-SR-001223,AM-CL-0043,E-0267,Reconciliation,2026-02-10,2026-02-13,Closed,3,3.03,true,Email,Low,Lakeshore Community Foundation 43,Family Office,Key,Pacific,Rosa Miller,Felix Stewart,false
AM-SR-001224,AM-CL-0026,E-0266,Performance Report,2026-05-05,2026-05-14,Closed,5,9.97,true,Email,Low,Summit Teachers Retirement 26,Foundation,Standard,Northeast,Layla Carter,Ethan Roberts,false
AM-SR-001225,AM-CL-0098,E-0268,Fee Invoice Question,2026-04-10,2026-04-16,Closed,5,6.67,true,Email,High,Summit Capital Partners 98,Corporate Pension,Key,EMEA,Luis Silva,Rosa Nguyen,true
AM-SR-001226,AM-CL-0015,E-0287,Performance Report,2026-03-22,2026-03-25,Closed,5,3.1,false,Phone,Low,Northfield Teachers Retirement 15,Foundation,Key,Mountain West,Hannah Young,Emma Allen,false
AM-SR-001227,AM-CL-0102,E-0277,Performance Report,2024-10-20,2024-10-26,Closed,5,6.72,true,Email,Low,Granite Community Foundation 102,Endowment,Strategic,APAC,Noah Nelson,Kenji White,false
AM-SR-001228,AM-CL-0093,E-0275,Performance Report,2026-06-21,2026-06-24,Closed,5,3.49,false,Portal,Medium,Harbor Community Foundation 93,Corporate Pension,Strategic,Southeast,Maya Ashford,Daniel Allen,false
AM-SR-001229,AM-CL-0124,E-0270,Performance Report,2024-09-20,2024-09-22,Closed,5,2.49,false,Phone,Medium,Blue Ridge Community Foundation 124,Endowment,Strategic,Northeast,Iris Kim,Sara Kim,false
AM-SR-001230,AM-CL-0054,E-0290,Performance Report,2025-08-07,2025-08-10,Closed,5,3.32,false,Portal,Medium,Granite Mutual Insurance 54,Corporate Pension,Standard,Pacific,Hannah Young,Luis Ashford,false
AM-SR-001231,AM-CL-0129,E-0273,Reconciliation,2025-09-08,2025-09-10,Closed,3,2.07,false,Email,Low,Blue Ridge Mutual Insurance 129,Foundation,Key,Pacific,Luis Silva,Samuel Wright,false
AM-SR-001232,AM-CL-0035,E-0267,Performance Report,2025-01-08,2025-01-10,Closed,5,2.56,false,Portal,Low,Harbor Capital Partners 35,Endowment,Strategic,Southeast,Iris Kim,Felix Stewart,true
AM-SR-001233,AM-CL-0043,E-0267,Cash Movement,2026-03-14,2026-03-15,Closed,1,1.06,true,Phone,Low,Lakeshore Community Foundation 43,Family Office,Key,Pacific,Rosa Miller,Felix Stewart,false
AM-SR-001234,AM-CL-0121,E-0285,Performance Report,2024-12-15,2024-12-19,Closed,5,4.06,false,Phone,High,Meridian Capital Partners 121,Corporate Pension,Standard,Northeast,Iris Allen,Aisha Ashford,false
AM-SR-001235,AM-CL-0082,E-0275,Fee Invoice Question,2025-06-24,2025-06-30,Closed,5,6.15,true,Email,Medium,Harbor Sovereign Fund 82,Foundation,Key,APAC,Iris Allen,Daniel Allen,false
AM-SR-001236,AM-CL-0073,E-0269,Performance Report,2025-04-12,2025-04-14,Closed,5,2.37,false,Email,High,Ironwood Employees Pension 73,Sub-Advisory,Strategic,Southeast,Hannah Roberts,Noah Hall,true
AM-SR-001237,AM-CL-0100,E-0284,Performance Report,2024-09-30,2024-10-05,Closed,5,5.51,true,Phone,Low,Harbor Mutual Insurance 100,Sub-Advisory,Key,EMEA,Luis Ashford,Iris Thomas,false
AM-SR-001238,AM-CL-0093,E-0275,Performance Report,2025-12-13,2025-12-17,Closed,5,4.35,false,Phone,Low,Harbor Community Foundation 93,Corporate Pension,Strategic,Southeast,Maya Ashford,Daniel Allen,false
AM-SR-001239,AM-CL-0018,E-0266,Reconciliation,2025-10-09,2025-10-10,Closed,3,1.37,false,Email,Low,Meridian Mutual Insurance 18,Public Pension,Key,Pacific,Noah Carter,Ethan Roberts,true
AM-SR-001240,AM-CL-0139,E-0266,Onboarding Document,2026-03-06,2026-03-11,Closed,7,5.72,false,Email,Medium,Lakeshore Teachers Retirement 139,Foundation,Strategic,Mountain West,Fatima Okafor,Ethan Roberts,false
AM-SR-001241,AM-CL-0075,E-0270,Reconciliation,2025-03-17,2025-03-18,Closed,3,1.69,false,Email,Low,Harbor Teachers Retirement 75,Endowment,Standard,Mountain West,Fatima Patel,Sara Kim,false
AM-SR-001242,AM-CL-0138,E-0271,Performance Report,2025-10-17,2025-10-20,Closed,5,3.55,false,Email,Medium,Cascade Employees Pension 138,Endowment,Strategic,APAC,Tom Silva,Isabella Collins,false
AM-SR-001243,AM-CL-0034,E-0271,Performance Report,2026-02-20,2026-02-23,Closed,5,3.36,false,Email,Medium,Cascade Employees Pension 34,Insurance GA,Standard,Mountain West,Mei Hall,Isabella Collins,false
AM-SR-001244,AM-CL-0129,E-0273,Data Feed Issue,2024-11-18,2024-11-19,Closed,2,1.05,false,Portal,Medium,Blue Ridge Mutual Insurance 129,Foundation,Key,Pacific,Luis Silva,Samuel Wright,false
AM-SR-001245,AM-CL-0018,E-0266,Data Feed Issue,2025-05-04,2025-05-05,Closed,2,1.87,false,Email,Low,Meridian Mutual Insurance 18,Public Pension,Key,Pacific,Noah Carter,Ethan Roberts,false
AM-SR-001246,AM-CL-0067,E-0275,Compliance Attestation,2025-12-12,2025-12-18,Closed,10,6.91,false,Email,Low,Silverline Employees Pension 67,Public Pension,Key,Midwest,Leo King,Daniel Allen,false
AM-SR-001247,AM-CL-0113,E-0270,Performance Report,2025-01-30,2025-02-04,Closed,5,5.1,true,Phone,Medium,Harbor Teachers Retirement 113,Insurance GA,Standard,APAC,Leo King,Sara Kim,false
AM-SR-001248,AM-CL-0034,E-0271,Fee Invoice Question,2025-03-21,2025-03-25,Closed,5,4.31,false,Email,High,Cascade Employees Pension 34,Insurance GA,Standard,Mountain West,Mei Hall,Isabella Collins,false
AM-SR-001249,AM-CL-0106,E-0272,Performance Report,2024-10-20,2024-10-22,Closed,5,2.36,false,Portal,Low,Silverline Sovereign Fund 106,Endowment,Strategic,Pacific,Mei Hall,Aisha Green,false
AM-SR-001250,AM-CL-0060,E-0284,Performance Report,2026-04-30,2026-05-04,Closed,5,4.52,false,Email,Medium,Granite Teachers Retirement 60,Sovereign,Standard,Northeast,Hannah Young,Iris Thomas,false
AM-SR-001251,AM-CL-0002,E-0268,Fee Invoice Question,2024-11-15,2024-11-26,Closed,5,11.51,true,Email,Low,Blue Ridge Sovereign Fund 2,Family Office,Key,EMEA,Noah Carter,Rosa Nguyen,false
AM-SR-001252,AM-CL-0052,E-0285,Performance Report,2024-10-08,2024-10-10,Closed,5,2.64,false,Email,High,Lakeshore Mutual Insurance 52,Family Office,Key,Mountain West,Tom Silva,Aisha Ashford,true
AM-SR-001253,AM-CL-0116,E-0272,Performance Report,2025-07-18,2025-07-21,Closed,5,3.91,false,Email,Medium,Silverline Sovereign Fund 116,Sub-Advisory,Key,Pacific,Iris Allen,Aisha Green,false
AM-SR-001254,AM-CL-0032,E-0279,Performance Report,2025-04-25,2025-04-29,Closed,5,4.83,false,Portal,Medium,Meridian Sovereign Fund 32,Corporate Pension,Standard,Mountain West,Priya Martinez,Ravi Campbell,false
AM-SR-001255,AM-CL-0019,E-0283,Fee Invoice Question,2025-09-02,2025-09-05,Closed,5,3.38,false,Portal,Medium,Northfield Employees Pension 19,Family Office,Key,Southeast,Iris Kim,Victor Chen,false
AM-SR-001256,AM-CL-0036,E-0267,Onboarding Document,2024-10-13,2024-10-20,Closed,7,7.2,true,Email,Medium,Harbor Teachers Retirement 36,Corporate Pension,Standard,APAC,Luis Silva,Felix Stewart,false
AM-SR-001257,AM-CL-0130,E-0273,Cash Movement,2026-04-30,2026-05-01,Closed,1,1.26,true,Portal,Medium,Lakeshore University Endowment 130,Public Pension,Key,Northeast,Owen Okafor,Samuel Wright,false
AM-SR-001258,AM-CL-0073,E-0269,Cash Movement,2024-12-09,2024-12-10,Closed,1,1.07,true,Email,Medium,Ironwood Employees Pension 73,Sub-Advisory,Strategic,Southeast,Hannah Roberts,Noah Hall,false
AM-SR-001259,AM-CL-0084,E-0287,Fee Invoice Question,2024-11-03,2024-11-05,Closed,5,2.14,false,Email,Low,Ironwood Community Foundation 84,Sovereign,Standard,Southeast,Noah Nelson,Emma Allen,false
AM-SR-001260,AM-CL-0068,E-0283,Data Feed Issue,2024-10-26,2024-10-26,Closed,2,0.82,false,Portal,Medium,Northfield Employees Pension 68,Foundation,Strategic,Midwest,Noah Carter,Victor Chen,false
AM-SR-001261,AM-CL-0129,E-0273,Performance Report,2024-10-13,2024-10-21,Closed,5,8.09,true,Email,Medium,Blue Ridge Mutual Insurance 129,Foundation,Key,Pacific,Luis Silva,Samuel Wright,false
AM-SR-001262,AM-CL-0073,E-0269,Performance Report,2025-07-12,2025-07-13,Closed,5,1.46,false,Email,Medium,Ironwood Employees Pension 73,Sub-Advisory,Strategic,Southeast,Hannah Roberts,Noah Hall,true
AM-SR-001263,AM-CL-0054,E-0290,Reconciliation,2026-08-23,2026-08-26,Closed,3,3.35,true,Email,Low,Granite Mutual Insurance 54,Corporate Pension,Standard,Pacific,Hannah Young,Luis Ashford,false
AM-SR-001264,AM-CL-0059,E-0273,Performance Report,2025-10-04,2025-10-08,Closed,5,4.5,false,Email,High,Lakeshore Teachers Retirement 59,Endowment,Strategic,Midwest,Nina Scott,Samuel Wright,true
AM-SR-001265,AM-CL-0092,E-0284,Reconciliation,2026-08-13,2026-08-14,Closed,3,1.09,false,Portal,Medium,Meridian Capital Partners 92,Public Pension,Key,Northeast,Noah Carter,Iris Thomas,false
AM-SR-001266,AM-CL-0043,E-0267,Data Feed Issue,2025-08-04,2025-08-06,Closed,2,2.79,true,Email,Medium,Lakeshore Community Foundation 43,Family Office,Key,Pacific,Rosa Miller,Felix Stewart,false
AM-SR-001267,AM-CL-0028,E-0279,Reconciliation,2026-02-20,2026-02-20,Closed,3,0.82,false,Email,Low,Silverline Teachers Retirement 28,Public Pension,Key,Pacific,Layla Carter,Ravi Campbell,false
AM-SR-001268,AM-CL-0005,E-0277,Onboarding Document,2026-02-28,2026-03-11,Closed,7,11.07,true,Email,High,Blue Ridge Capital Partners 5,Sub-Advisory,Key,APAC,Rosa Miller,Kenji White,false
AM-SR-001269,AM-CL-0031,E-0276,Reconciliation,2026-03-19,2026-03-20,Closed,3,1.24,false,Portal,High,Blue Ridge Employees Pension 31,Sub-Advisory,Standard,Southeast,Owen Okafor,Felix Edwards,false
AM-SR-001270,AM-CL-0126,E-0270,Performance Report,2026-07-13,2026-07-15,Closed,5,2.46,false,Portal,Medium,Northfield Employees Pension 126,Family Office,Strategic,Pacific,Noah Carter,Sara Kim,false
AM-SR-001271,AM-CL-0116,E-0272,Cash Movement,2025-12-13,2025-12-14,Closed,1,1.03,true,Email,Medium,Silverline Sovereign Fund 116,Sub-Advisory,Key,Pacific,Iris Allen,Aisha Green,false
AM-SR-001272,AM-CL-0071,E-0279,Performance Report,2025-08-30,2025-09-01,Closed,5,2.29,false,Portal,Medium,Ironwood Capital Partners 71,Insurance GA,Standard,Mountain West,Iris Allen,Ravi Campbell,false
AM-SR-001273,AM-CL-0129,E-0273,Fee Invoice Question,2025-12-23,2025-12-25,Closed,5,2.61,false,Email,Medium,Blue Ridge Mutual Insurance 129,Foundation,Key,Pacific,Luis Silva,Samuel Wright,false
AM-SR-001274,AM-CL-0140,E-0272,Performance Report,2025-04-04,2025-04-05,Closed,5,1.74,false,Portal,Medium,Lakeshore Teachers Retirement 140,Foundation,Key,Midwest,Wei Thomas,Aisha Green,true
AM-SR-001275,AM-CL-0066,E-0278,Performance Report,2026-01-10,2026-01-15,Closed,5,5.21,true,Email,Medium,Cascade Mutual Insurance 66,Family Office,Strategic,Midwest,Luis Silva,Lauren Lopez,true
AM-SR-001276,AM-CL-0073,E-0269,Fee Invoice Question,2026-06-18,2026-06-22,Closed,5,4.49,false,Email,Low,Ironwood Employees Pension 73,Sub-Advisory,Strategic,Southeast,Hannah Roberts,Noah Hall,false
AM-SR-001277,AM-CL-0125,E-0286,Performance Report,2024-10-30,2024-11-02,Closed,5,3.11,false,Email,Medium,Northfield Mutual Insurance 125,Insurance GA,Key,Mountain West,Luis Silva,Daniel Nguyen,false
AM-SR-001278,AM-CL-0047,E-0266,Reconciliation,2026-03-28,2026-03-29,Closed,3,1.8,false,Email,Low,Granite Sovereign Fund 47,Endowment,Standard,Mountain West,Noah Nelson,Ethan Roberts,false
AM-SR-001279,AM-CL-0068,E-0283,Cash Movement,2025-03-23,2025-03-23,Closed,1,0.65,false,Email,Medium,Northfield Employees Pension 68,Foundation,Strategic,Midwest,Noah Carter,Victor Chen,false
AM-SR-001280,AM-CL-0079,E-0270,Performance Report,2025-04-28,2025-05-03,Closed,5,5.31,true,Email,High,Northfield Teachers Retirement 79,Foundation,Strategic,APAC,Luis Ashford,Sara Kim,false
AM-SR-001281,AM-CL-0079,E-0270,Onboarding Document,2025-08-11,2025-08-15,Closed,7,4.14,false,Email,Medium,Northfield Teachers Retirement 79,Foundation,Strategic,APAC,Luis Ashford,Sara Kim,false
AM-SR-001282,AM-CL-0089,E-0280,Compliance Attestation,2026-06-07,2026-06-14,Closed,10,7.93,false,Email,Medium,Blue Ridge Community Foundation 89,Endowment,Standard,Midwest,Tom Silva,Mateo Harris,false
AM-SR-001283,AM-CL-0046,E-0270,Reconciliation,2026-03-18,2026-03-19,Closed,3,1.8,false,Portal,Medium,Summit University Endowment 46,Foundation,Standard,Pacific,Fatima Patel,Sara Kim,false
AM-SR-001284,AM-CL-0043,E-0267,Performance Report,2025-05-06,2025-05-08,Closed,5,2.65,false,Email,Low,Lakeshore Community Foundation 43,Family Office,Key,Pacific,Rosa Miller,Felix Stewart,false
AM-SR-001285,AM-CL-0076,E-0282,Data Feed Issue,2025-06-01,2025-06-02,Closed,2,1.78,false,Email,Medium,Ironwood Capital Partners 76,Foundation,Key,Midwest,Nina Scott,Julian Adams,false
AM-SR-001286,AM-CL-0038,E-0288,Performance Report,2024-11-27,2024-11-30,Closed,5,3.51,false,Portal,Medium,Summit Capital Partners 38,Endowment,Standard,Mountain West,Sofia Bailey,Mateo Collins,false
AM-SR-001287,AM-CL-0009,E-0279,Onboarding Document,2025-05-04,2025-05-14,Closed,7,10.44,true,Email,Medium,Cascade Sovereign Fund 9,Corporate Pension,Strategic,Midwest,Fatima Patel,Ravi Campbell,false
AM-SR-001288,AM-CL-0018,E-0266,Cash Movement,2025-02-28,2025-03-01,Closed,1,1.05,true,Portal,Medium,Meridian Mutual Insurance 18,Public Pension,Key,Pacific,Noah Carter,Ethan Roberts,false
AM-SR-001289,AM-CL-0103,E-0289,Onboarding Document,2025-12-10,2025-12-21,Closed,7,11.62,true,Email,Medium,Blue Ridge University Endowment 103,Foundation,Standard,Midwest,Julian Collins,Victor Nguyen,false
AM-SR-001290,AM-CL-0078,E-0278,Performance Report,2025-08-01,2025-08-06,Closed,5,5.29,true,Phone,Medium,Lakeshore Employees Pension 78,Insurance GA,Standard,EMEA,Julian Collins,Lauren Lopez,false
AM-SR-001291,AM-CL-0111,E-0270,Fee Invoice Question,2025-07-13,2025-07-20,Closed,5,7.49,true,Email,Low,Blue Ridge University Endowment 111,Sovereign,Strategic,Pacific,Iris Allen,Sara Kim,false
AM-SR-001292,AM-CL-0098,E-0268,Fee Invoice Question,2024-10-02,2024-10-03,Closed,5,1.73,false,Portal,Low,Summit Capital Partners 98,Corporate Pension,Key,EMEA,Luis Silva,Rosa Nguyen,true
AM-SR-001293,AM-CL-0010,E-0275,Reconciliation,2025-12-22,2025-12-22,Closed,3,0.98,false,Email,Medium,Northfield Capital Partners 10,Insurance GA,Standard,Midwest,Wei Thomas,Daniel Allen,false
AM-SR-001294,AM-CL-0047,E-0266,Reconciliation,2025-11-28,2025-11-29,Closed,3,1.51,false,Portal,High,Granite Sovereign Fund 47,Endowment,Standard,Mountain West,Noah Nelson,Ethan Roberts,false
AM-SR-001295,AM-CL-0137,E-0284,Performance Report,2026-05-15,2026-05-17,Closed,5,2.47,false,Email,High,Northfield Sovereign Fund 137,Endowment,Strategic,Mountain West,Grace Bailey,Iris Thomas,false
AM-SR-001296,AM-CL-0006,E-0284,Reconciliation,2025-07-10,2025-07-17,Closed,3,7.83,true,Email,Low,Cascade Employees Pension 6,Family Office,Standard,APAC,Sofia Bailey,Iris Thomas,true
AM-SR-001297,AM-CL-0123,E-0272,Cash Movement,2026-01-15,2026-01-15,Closed,1,0.99,false,Portal,Low,Cascade Mutual Insurance 123,Sub-Advisory,Standard,Southeast,Layla Carter,Aisha Green,false
AM-SR-001298,AM-CL-0131,E-0285,Data Feed Issue,2025-12-31,2025-12-31,Closed,2,0.34,false,Email,Medium,Northfield Capital Partners 131,Family Office,Key,Southeast,Priya Martinez,Aisha Ashford,false
AM-SR-001299,AM-CL-0101,E-0289,Compliance Attestation,2026-03-18,2026-03-28,Closed,10,10.63,true,Phone,Medium,Harbor University Endowment 101,Family Office,Key,Northeast,Luis Ashford,Victor Nguyen,false
AM-SR-001300,AM-CL-0106,E-0272,Reconciliation,2024-12-07,2024-12-12,Closed,3,5.43,true,Email,Medium,Silverline Sovereign Fund 106,Endowment,Strategic,Pacific,Mei Hall,Aisha Green,false
AM-SR-001301,AM-CL-0003,E-0280,Performance Report,2025-10-15,2025-10-18,Closed,5,3.6,false,Email,Low,Blue Ridge Mutual Insurance 3,Foundation,Strategic,EMEA,Grace Martinez,Mateo Harris,false
AM-SR-001302,AM-CL-0048,E-0284,Onboarding Document,2026-05-25,2026-05-28,Closed,7,3.84,false,Email,High,Lakeshore Community Foundation 48,Family Office,Strategic,Mountain West,Grace Martinez,Iris Thomas,false
AM-SR-001303,AM-CL-0011,E-0271,Reconciliation,2025-04-06,2025-04-09,Closed,3,3.53,true,Email,Medium,Lakeshore Community Foundation 11,Corporate Pension,Key,Midwest,Julian Collins,Isabella Collins,true
AM-SR-001304,AM-CL-0095,E-0280,Performance Report,2026-05-13,2026-05-16,Closed,5,3.41,false,Email,High,Ironwood Sovereign Fund 95,Sub-Advisory,Standard,Southeast,Wei Thomas,Mateo Harris,false
AM-SR-001305,AM-CL-0062,E-0278,Reconciliation,2026-01-09,2026-01-10,Closed,3,1.74,false,Portal,Low,Northfield Teachers Retirement 62,Corporate Pension,Standard,Midwest,Owen Okafor,Lauren Lopez,true
AM-SR-001306,AM-CL-0106,E-0272,Performance Report,2026-08-25,2026-08-28,Closed,5,3.73,false,Email,High,Silverline Sovereign Fund 106,Endowment,Strategic,Pacific,Mei Hall,Aisha Green,false
AM-SR-001307,AM-CL-0108,E-0272,Performance Report,2026-06-08,2026-06-09,Closed,5,1.59,false,Portal,Low,Ironwood Employees Pension 108,Family Office,Strategic,APAC,Grace Bailey,Aisha Green,false
AM-SR-001308,AM-CL-0127,E-0266,Performance Report,2026-05-20,2026-05-22,Closed,5,2.17,false,Email,Medium,Granite Community Foundation 127,Sovereign,Standard,APAC,Layla Carter,Ethan Roberts,false
AM-SR-001309,AM-CL-0035,E-0267,Fee Invoice Question,2025-07-27,2025-07-28,Closed,5,1.86,false,Portal,Low,Harbor Capital Partners 35,Endowment,Strategic,Southeast,Iris Kim,Felix Stewart,false
AM-SR-001310,AM-CL-0021,E-0286,Reconciliation,2026-04-30,2026-05-02,Closed,3,2.13,false,Email,Low,Lakeshore Sovereign Fund 21,Sub-Advisory,Strategic,Pacific,Tom Silva,Daniel Nguyen,false
AM-SR-001311,AM-CL-0012,E-0289,Onboarding Document,2025-06-24,2025-06-26,Closed,7,2.41,false,Phone,Medium,Blue Ridge Community Foundation 12,Foundation,Strategic,Mountain West,Luis Silva,Victor Nguyen,false
AM-SR-001312,AM-CL-0101,E-0289,Data Feed Issue,2025-11-04,2025-11-04,Closed,2,0.81,false,Email,High,Harbor University Endowment 101,Family Office,Key,Northeast,Luis Ashford,Victor Nguyen,false
AM-SR-001313,AM-CL-0044,E-0282,Performance Report,2026-01-19,2026-01-22,Closed,5,3.96,false,Portal,Low,Blue Ridge Teachers Retirement 44,Sovereign,Key,Southeast,Fatima Patel,Julian Adams,false
AM-SR-001314,AM-CL-0062,E-0278,Cash Movement,2024-12-17,2024-12-17,Closed,1,0.46,false,Email,Low,Northfield Teachers Retirement 62,Corporate Pension,Standard,Midwest,Owen Okafor,Lauren Lopez,false
AM-SR-001315,AM-CL-0007,E-0280,Fee Invoice Question,2024-11-03,2024-11-04,Closed,5,1.71,false,Email,Low,Ironwood Teachers Retirement 7,Insurance GA,Standard,Midwest,Fatima Okafor,Mateo Harris,false
AM-SR-001316,AM-CL-0086,E-0268,Performance Report,2024-10-15,2024-10-18,Closed,5,3.04,false,Portal,Medium,Cascade University Endowment 86,Public Pension,Standard,EMEA,Layla Carter,Rosa Nguyen,false
AM-SR-001317,AM-CL-0011,E-0271,Performance Report,2024-12-23,2024-12-31,Closed,5,8.19,true,Email,Medium,Lakeshore Community Foundation 11,Corporate Pension,Key,Midwest,Julian Collins,Isabella Collins,false
AM-SR-001318,AM-CL-0058,E-0280,Fee Invoice Question,2026-07-13,2026-07-16,Closed,5,3.08,false,Portal,Medium,Harbor Teachers Retirement 58,Sub-Advisory,Standard,APAC,Fatima Patel,Mateo Harris,false
AM-SR-001319,AM-CL-0085,E-0267,Performance Report,2026-02-16,2026-02-21,Closed,5,5.44,true,Portal,Medium,Summit Community Foundation 85,Sub-Advisory,Standard,Pacific,Luis Ashford,Felix Stewart,false
AM-SR-001320,AM-CL-0028,E-0279,Cash Movement,2026-06-15,2026-06-15,Closed,1,0.88,false,Email,Low,Silverline Teachers Retirement 28,Public Pension,Key,Pacific,Layla Carter,Ravi Campbell,false
AM-SR-001321,AM-CL-0014,E-0288,Performance Report,2025-02-22,2025-03-06,Closed,5,12.93,true,Portal,Medium,Granite Mutual Insurance 14,Corporate Pension,Standard,APAC,Fatima Okafor,Mateo Collins,false
AM-SR-001322,AM-CL-0072,E-0286,Data Feed Issue,2026-05-25,2026-05-26,Closed,2,1.85,false,Email,Low,Blue Ridge Mutual Insurance 72,Foundation,Standard,Mountain West,Fatima Okafor,Daniel Nguyen,false
AM-SR-001323,AM-CL-0109,E-0288,Fee Invoice Question,2026-02-12,2026-02-17,Closed,5,5.19,true,Portal,Medium,Cascade Community Foundation 109,Sub-Advisory,Standard,APAC,Luis Silva,Mateo Collins,false
AM-SR-001324,AM-CL-0065,E-0286,Reconciliation,2025-02-04,2025-02-05,Closed,3,1.39,false,Portal,Low,Harbor Capital Partners 65,Foundation,Standard,Northeast,Iris Clark,Daniel Nguyen,false
AM-SR-001325,AM-CL-0124,E-0270,Cash Movement,2025-01-22,2025-01-22,Closed,1,0.35,false,Phone,Low,Blue Ridge Community Foundation 124,Endowment,Strategic,Northeast,Iris Kim,Sara Kim,false
AM-SR-001326,AM-CL-0108,E-0272,Performance Report,2026-04-09,2026-04-14,Closed,5,5.51,true,Email,High,Ironwood Employees Pension 108,Family Office,Strategic,APAC,Grace Bailey,Aisha Green,true
AM-SR-001327,AM-CL-0130,E-0273,Fee Invoice Question,2026-06-17,2026-06-20,Closed,5,3.73,false,Email,Low,Lakeshore University Endowment 130,Public Pension,Key,Northeast,Owen Okafor,Samuel Wright,false
AM-SR-001328,AM-CL-0040,E-0268,Reconciliation,2025-10-02,2025-10-07,Closed,3,5.98,true,Phone,Medium,Cascade Capital Partners 40,Corporate Pension,Key,EMEA,Luis Silva,Rosa Nguyen,true
AM-SR-001329,AM-CL-0016,E-0269,Onboarding Document,2025-08-17,2025-08-25,Closed,7,8.66,true,Email,Low,Ironwood Sovereign Fund 16,Sovereign,Key,Pacific,Maya Ashford,Noah Hall,false
AM-SR-001330,AM-CL-0040,E-0268,Performance Report,2026-05-18,2026-05-30,Closed,5,12.12,true,Email,Low,Cascade Capital Partners 40,Corporate Pension,Key,EMEA,Luis Silva,Rosa Nguyen,false
AM-SR-001331,AM-CL-0138,E-0271,Fee Invoice Question,2026-05-11,2026-05-17,Closed,5,6.19,true,Email,Medium,Cascade Employees Pension 138,Endowment,Strategic,APAC,Tom Silva,Isabella Collins,false
AM-SR-001332,AM-CL-0033,E-0266,Reconciliation,2026-08-07,2026-08-11,Closed,3,4.61,true,Email,Low,Summit Employees Pension 33,Family Office,Standard,EMEA,Hannah Young,Ethan Roberts,false
AM-SR-001333,AM-CL-0067,E-0275,Fee Invoice Question,2025-06-08,2025-06-15,Closed,5,7.3,true,Portal,Low,Silverline Employees Pension 67,Public Pension,Key,Midwest,Leo King,Daniel Allen,false
AM-SR-001334,AM-CL-0060,E-0284,Performance Report,2025-11-14,2025-11-16,Closed,5,2.74,false,Portal,Low,Granite Teachers Retirement 60,Sovereign,Standard,Northeast,Hannah Young,Iris Thomas,false
AM-SR-001335,AM-CL-0077,E-0282,Reconciliation,2025-06-15,2025-06-16,Closed,3,1.69,false,Portal,Medium,Granite Teachers Retirement 77,Sovereign,Key,Midwest,Mei Hall,Julian Adams,false
AM-SR-001336,AM-CL-0002,E-0268,Performance Report,2025-12-03,2025-12-05,Closed,5,2.91,false,Portal,Medium,Blue Ridge Sovereign Fund 2,Family Office,Key,EMEA,Noah Carter,Rosa Nguyen,false
AM-SR-001337,AM-CL-0139,E-0266,Performance Report,2025-07-20,2025-07-24,Closed,5,4.66,false,Email,Medium,Lakeshore Teachers Retirement 139,Foundation,Strategic,Mountain West,Fatima Okafor,Ethan Roberts,false
AM-SR-001338,AM-CL-0001,E-0279,Reconciliation,2025-09-24,2025-09-26,Closed,3,2.62,false,Email,Low,Lakeshore Employees Pension 1,Sub-Advisory,Strategic,Pacific,Wei Thomas,Ravi Campbell,false
AM-SR-001339,AM-CL-0050,E-0276,Fee Invoice Question,2026-02-01,2026-02-04,Closed,5,3.82,false,Email,Medium,Harbor Community Foundation 50,Endowment,Standard,Pacific,Hannah Roberts,Felix Edwards,false
AM-SR-001340,AM-CL-0084,E-0287,Compliance Attestation,2025-01-28,2025-02-01,Closed,10,4.13,false,Email,High,Ironwood Community Foundation 84,Sovereign,Standard,Southeast,Noah Nelson,Emma Allen,false
AM-SR-001341,AM-CL-0119,E-0285,Performance Report,2025-02-21,2025-02-27,Closed,5,6.06,true,Portal,Medium,Harbor Sovereign Fund 119,Endowment,Key,Pacific,Hannah Roberts,Aisha Ashford,false
AM-SR-001342,AM-CL-0009,E-0279,Data Feed Issue,2025-10-16,2025-10-17,Closed,2,1.71,false,Portal,Low,Cascade Sovereign Fund 9,Corporate Pension,Strategic,Midwest,Fatima Patel,Ravi Campbell,false
AM-SR-001343,AM-CL-0003,E-0280,Fee Invoice Question,2025-05-21,2025-05-25,Closed,5,4.43,false,Email,Medium,Blue Ridge Mutual Insurance 3,Foundation,Strategic,EMEA,Grace Martinez,Mateo Harris,false
AM-SR-001344,AM-CL-0117,E-0289,Onboarding Document,2025-01-20,2025-01-22,Closed,7,2.73,false,Portal,Low,Lakeshore Teachers Retirement 117,Endowment,Standard,EMEA,Wei Thomas,Victor Nguyen,false
AM-SR-001345,AM-CL-0097,E-0289,Fee Invoice Question,2025-10-21,2025-10-23,Closed,5,2.02,false,Email,Medium,Summit Capital Partners 97,Corporate Pension,Standard,Northeast,Fatima Okafor,Victor Nguyen,false
AM-SR-001346,AM-CL-0130,E-0273,Reconciliation,2024-10-13,2024-10-13,Closed,3,0.62,false,Email,Low,Lakeshore University Endowment 130,Public Pension,Key,Northeast,Owen Okafor,Samuel Wright,false
AM-SR-001347,AM-CL-0048,E-0284,Compliance Attestation,2026-05-25,2026-05-29,Closed,10,4.49,false,Portal,Medium,Lakeshore Community Foundation 48,Family Office,Strategic,Mountain West,Grace Martinez,Iris Thomas,false
AM-SR-001348,AM-CL-0082,E-0275,Data Feed Issue,2026-05-17,2026-05-18,Closed,2,1.11,false,Phone,High,Harbor Sovereign Fund 82,Foundation,Key,APAC,Iris Allen,Daniel Allen,false
AM-SR-001349,AM-CL-0028,E-0279,Reconciliation,2025-04-07,2025-04-09,Closed,3,2.77,false,Portal,Medium,Silverline Teachers Retirement 28,Public Pension,Key,Pacific,Layla Carter,Ravi Campbell,true
AM-SR-001350,AM-CL-0082,E-0275,Data Feed Issue,2024-10-10,2024-10-11,Closed,2,1.42,false,Email,Low,Harbor Sovereign Fund 82,Foundation,Key,APAC,Iris Allen,Daniel Allen,true
AM-SR-001351,AM-CL-0123,E-0272,Fee Invoice Question,2026-03-31,2026-04-01,Closed,5,1.8,false,Email,Medium,Cascade Mutual Insurance 123,Sub-Advisory,Standard,Southeast,Layla Carter,Aisha Green,false
AM-SR-001352,AM-CL-0070,E-0282,Performance Report,2026-02-07,2026-02-10,Closed,5,3.24,false,Email,High,Cascade Capital Partners 70,Public Pension,Strategic,EMEA,Noah Nelson,Julian Adams,false
AM-SR-001353,AM-CL-0132,E-0273,Onboarding Document,2026-08-26,,Open,7,,true,Email,Medium,Blue Ridge Teachers Retirement 132,Sovereign,Standard,APAC,Fatima Patel,Samuel Wright,false
AM-SR-001354,AM-CL-0039,E-0275,Performance Report,2025-03-28,2025-03-29,Closed,5,1.18,false,Phone,Low,Blue Ridge Mutual Insurance 39,Foundation,Key,APAC,Iris Clark,Daniel Allen,false
AM-SR-001355,AM-CL-0125,E-0286,Data Feed Issue,2026-05-13,2026-05-15,Closed,2,2.8,true,Email,Medium,Northfield Mutual Insurance 125,Insurance GA,Key,Mountain West,Luis Silva,Daniel Nguyen,false
AM-SR-001356,AM-CL-0081,E-0267,Performance Report,2025-01-14,2025-01-20,Closed,5,6.34,true,Email,Low,Northfield Employees Pension 81,Family Office,Standard,Southeast,Wei Thomas,Felix Stewart,false
AM-SR-001357,AM-CL-0100,E-0284,Onboarding Document,2025-02-17,2025-02-20,Closed,7,3.99,false,Portal,Medium,Harbor Mutual Insurance 100,Sub-Advisory,Key,EMEA,Luis Ashford,Iris Thomas,false
AM-SR-001358,AM-CL-0004,E-0272,Performance Report,2026-05-26,2026-06-02,Closed,5,7.79,true,Email,Medium,Lakeshore Teachers Retirement 4,Sub-Advisory,Key,EMEA,Julian Collins,Aisha Green,false
AM-SR-001359,AM-CL-0118,E-0274,Cash Movement,2026-02-06,2026-02-07,Closed,1,1.52,true,Portal,Low,Silverline Community Foundation 118,Family Office,Key,Midwest,Maya Ashford,Hannah Young,false
AM-SR-001360,AM-CL-0119,E-0285,Reconciliation,2026-07-11,2026-07-20,Closed,3,9.28,true,Portal,Low,Harbor Sovereign Fund 119,Endowment,Key,Pacific,Hannah Roberts,Aisha Ashford,true
AM-SR-001361,AM-CL-0050,E-0276,Cash Movement,2024-12-24,2024-12-25,Closed,1,1.31,true,Email,Low,Harbor Community Foundation 50,Endowment,Standard,Pacific,Hannah Roberts,Felix Edwards,false
AM-SR-001362,AM-CL-0080,E-0275,Onboarding Document,2025-12-11,2025-12-14,Closed,7,3.96,false,Email,Medium,Harbor Teachers Retirement 80,Insurance GA,Standard,Pacific,Layla Carter,Daniel Allen,false
AM-SR-001363,AM-CL-0013,E-0277,Fee Invoice Question,2025-11-23,2025-11-25,Closed,5,2.04,false,Email,High,Meridian Teachers Retirement 13,Sovereign,Standard,Northeast,Leo King,Kenji White,false
AM-SR-001364,AM-CL-0008,E-0279,Performance Report,2024-09-23,2024-09-25,Closed,5,2.41,false,Email,Low,Granite Community Foundation 8,Insurance GA,Standard,Mountain West,Luis Silva,Ravi Campbell,false
AM-SR-001365,AM-CL-0062,E-0278,Fee Invoice Question,2026-05-21,2026-05-23,Closed,5,2.41,false,Email,Medium,Northfield Teachers Retirement 62,Corporate Pension,Standard,Midwest,Owen Okafor,Lauren Lopez,false
AM-SR-001366,AM-CL-0008,E-0279,Cash Movement,2025-06-08,2025-06-08,Closed,1,0.73,false,Portal,High,Granite Community Foundation 8,Insurance GA,Standard,Mountain West,Luis Silva,Ravi Campbell,false
AM-SR-001367,AM-CL-0110,E-0286,Reconciliation,2026-02-15,2026-02-16,Closed,3,1.6,false,Portal,Medium,Summit Community Foundation 110,Public Pension,Standard,Northeast,Grace Martinez,Daniel Nguyen,false
AM-SR-001368,AM-CL-0085,E-0267,Reconciliation,2026-07-05,2026-07-09,Closed,3,4.13,true,Email,High,Summit Community Foundation 85,Sub-Advisory,Standard,Pacific,Luis Ashford,Felix Stewart,true
AM-SR-001369,AM-CL-0096,E-0272,Data Feed Issue,2024-10-07,2024-10-08,Closed,2,1.69,false,Email,Medium,Cascade Teachers Retirement 96,Endowment,Strategic,APAC,Grace Bailey,Aisha Green,true
AM-SR-001370,AM-CL-0115,E-0274,Reconciliation,2025-02-15,2025-02-20,Closed,3,5.67,true,Portal,Low,Ironwood Capital Partners 115,Public Pension,Key,EMEA,Maya Ashford,Hannah Young,false
AM-SR-001371,AM-CL-0030,E-0275,Performance Report,2024-10-28,2024-11-03,Closed,5,6.54,true,Email,Medium,Meridian Capital Partners 30,Family Office,Standard,Southeast,Sofia Bailey,Daniel Allen,false
AM-SR-001372,AM-CL-0127,E-0266,Reconciliation,2024-09-13,2024-09-14,Closed,3,1.24,false,Phone,High,Granite Community Foundation 127,Sovereign,Standard,APAC,Layla Carter,Ethan Roberts,false
AM-SR-001373,AM-CL-0110,E-0286,Onboarding Document,2025-09-28,2025-10-06,Closed,7,8.49,true,Portal,Medium,Summit Community Foundation 110,Public Pension,Standard,Northeast,Grace Martinez,Daniel Nguyen,false
AM-SR-001374,AM-CL-0095,E-0280,Fee Invoice Question,2025-05-21,2025-05-25,Closed,5,4.56,false,Email,High,Ironwood Sovereign Fund 95,Sub-Advisory,Standard,Southeast,Wei Thomas,Mateo Harris,false
AM-SR-001375,AM-CL-0111,E-0270,Reconciliation,2026-04-21,2026-04-22,Closed,3,1.91,false,Portal,High,Blue Ridge University Endowment 111,Sovereign,Strategic,Pacific,Iris Allen,Sara Kim,false
AM-SR-001376,AM-CL-0122,E-0276,Fee Invoice Question,2025-09-27,2025-09-30,Closed,5,3.84,false,Portal,Medium,Granite Teachers Retirement 122,Insurance GA,Standard,EMEA,Luis Ashford,Felix Edwards,false
AM-SR-001377,AM-CL-0057,E-0281,Fee Invoice Question,2024-11-06,2024-11-09,Closed,5,3.26,false,Email,Medium,Lakeshore University Endowment 57,Sovereign,Standard,Mountain West,Luis Silva,Sofia Campbell,false
AM-SR-001378,AM-CL-0095,E-0280,Cash Movement,2025-03-22,2025-03-23,Closed,1,1.31,true,Email,Medium,Ironwood Sovereign Fund 95,Sub-Advisory,Standard,Southeast,Wei Thomas,Mateo Harris,false
AM-SR-001379,AM-CL-0105,E-0284,Reconciliation,2025-07-19,2025-07-20,Closed,3,1.73,false,Email,Medium,Northfield Community Foundation 105,Corporate Pension,Key,Midwest,Nina Scott,Iris Thomas,false
AM-SR-001380,AM-CL-0048,E-0284,Compliance Attestation,2026-07-20,2026-07-27,Closed,10,7.3,false,Email,High,Lakeshore Community Foundation 48,Family Office,Strategic,Mountain West,Grace Martinez,Iris Thomas,false
AM-SR-001381,AM-CL-0127,E-0266,Data Feed Issue,2026-03-01,2026-03-01,Closed,2,0.97,false,Email,Medium,Granite Community Foundation 127,Sovereign,Standard,APAC,Layla Carter,Ethan Roberts,false
AM-SR-001382,AM-CL-0010,E-0275,Reconciliation,2024-12-03,2024-12-04,Closed,3,1.51,false,Email,Low,Northfield Capital Partners 10,Insurance GA,Standard,Midwest,Wei Thomas,Daniel Allen,false
AM-SR-001383,AM-CL-0050,E-0276,Reconciliation,2024-10-01,2024-10-09,Closed,3,8.97,true,Portal,Medium,Harbor Community Foundation 50,Endowment,Standard,Pacific,Hannah Roberts,Felix Edwards,true
AM-SR-001384,AM-CL-0034,E-0271,Performance Report,2025-10-19,2025-10-22,Closed,5,3.49,false,Phone,Medium,Cascade Employees Pension 34,Insurance GA,Standard,Mountain West,Mei Hall,Isabella Collins,false
AM-SR-001385,AM-CL-0026,E-0266,Performance Report,2025-05-29,2025-06-01,Closed,5,3.96,false,Email,Low,Summit Teachers Retirement 26,Foundation,Standard,Northeast,Layla Carter,Ethan Roberts,false
AM-SR-001386,AM-CL-0060,E-0284,Performance Report,2025-10-20,2025-10-22,Closed,5,2.67,false,Email,Medium,Granite Teachers Retirement 60,Sovereign,Standard,Northeast,Hannah Young,Iris Thomas,false
AM-SR-001387,AM-CL-0035,E-0267,Performance Report,2026-08-15,2026-08-17,Closed,5,2.24,false,Email,Medium,Harbor Capital Partners 35,Endowment,Strategic,Southeast,Iris Kim,Felix Stewart,false
AM-SR-001388,AM-CL-0047,E-0266,Reconciliation,2024-12-31,2025-01-02,Closed,3,2.14,false,Portal,Medium,Granite Sovereign Fund 47,Endowment,Standard,Mountain West,Noah Nelson,Ethan Roberts,false
AM-SR-001389,AM-CL-0030,E-0275,Cash Movement,2026-06-03,2026-06-03,Closed,1,0.51,false,Portal,Low,Meridian Capital Partners 30,Family Office,Standard,Southeast,Sofia Bailey,Daniel Allen,false
AM-SR-001390,AM-CL-0102,E-0277,Reconciliation,2025-08-16,2025-08-16,Closed,3,0.72,false,Email,Low,Granite Community Foundation 102,Endowment,Strategic,APAC,Noah Nelson,Kenji White,false
AM-SR-001391,AM-CL-0116,E-0272,Reconciliation,2024-11-17,2024-11-17,Closed,3,0.68,false,Email,Medium,Silverline Sovereign Fund 116,Sub-Advisory,Key,Pacific,Iris Allen,Aisha Green,false
AM-SR-001392,AM-CL-0074,E-0280,Performance Report,2025-11-09,2025-11-13,Closed,5,4.27,false,Portal,Medium,Harbor Capital Partners 74,Sub-Advisory,Standard,Mountain West,Noah Carter,Mateo Harris,false
AM-SR-001393,AM-CL-0090,E-0267,Compliance Attestation,2024-11-20,2024-11-27,Closed,10,7.81,false,Portal,High,Meridian University Endowment 90,Sovereign,Strategic,Midwest,Maya Ashford,Felix Stewart,false
AM-SR-001394,AM-CL-0009,E-0279,Onboarding Document,2025-07-03,2025-07-05,Closed,7,2.58,false,Phone,Medium,Cascade Sovereign Fund 9,Corporate Pension,Strategic,Midwest,Fatima Patel,Ravi Campbell,true
AM-SR-001395,AM-CL-0140,E-0272,Performance Report,2026-02-14,2026-02-17,Closed,5,3.0,false,Portal,Medium,Lakeshore Teachers Retirement 140,Foundation,Key,Midwest,Wei Thomas,Aisha Green,false
AM-SR-001396,AM-CL-0092,E-0284,Data Feed Issue,2025-09-03,2025-09-07,Closed,2,4.11,true,Portal,Medium,Meridian Capital Partners 92,Public Pension,Key,Northeast,Noah Carter,Iris Thomas,false
AM-SR-001397,AM-CL-0079,E-0270,Reconciliation,2024-12-18,2024-12-20,Closed,3,2.26,false,Portal,Medium,Northfield Teachers Retirement 79,Foundation,Strategic,APAC,Luis Ashford,Sara Kim,false
AM-SR-001398,AM-CL-0086,E-0268,Performance Report,2025-05-27,2025-06-02,Closed,5,6.64,true,Email,Low,Cascade University Endowment 86,Public Pension,Standard,EMEA,Layla Carter,Rosa Nguyen,false
AM-SR-001399,AM-CL-0043,E-0267,Data Feed Issue,2024-11-27,2024-11-27,Closed,2,0.51,false,Portal,Medium,Lakeshore Community Foundation 43,Family Office,Key,Pacific,Rosa Miller,Felix Stewart,false
AM-SR-001400,AM-CL-0133,E-0275,Reconciliation,2025-03-29,2025-03-30,Closed,3,1.63,false,Email,Medium,Granite University Endowment 133,Insurance GA,Standard,Northeast,Luis Silva,Daniel Allen,false
AM-SR-001401,AM-CL-0051,E-0272,Cash Movement,2026-07-28,2026-07-28,Closed,1,0.34,false,Phone,Low,Silverline Teachers Retirement 51,Insurance GA,Standard,EMEA,Nina Scott,Aisha Green,false
AM-SR-001402,AM-CL-0064,E-0274,Reconciliation,2026-05-27,2026-05-30,Closed,3,3.91,true,Email,Medium,Granite Mutual Insurance 64,Sub-Advisory,Standard,Midwest,Layla Carter,Hannah Young,false
AM-SR-001403,AM-CL-0016,E-0269,Cash Movement,2026-03-27,2026-03-28,Closed,1,1.43,true,Portal,Low,Ironwood Sovereign Fund 16,Sovereign,Key,Pacific,Maya Ashford,Noah Hall,false
AM-SR-001404,AM-CL-0051,E-0272,Reconciliation,2026-08-26,2026-08-27,Closed,3,1.54,false,Portal,Low,Silverline Teachers Retirement 51,Insurance GA,Standard,EMEA,Nina Scott,Aisha Green,false
AM-SR-001405,AM-CL-0011,E-0271,Fee Invoice Question,2025-09-16,2025-09-21,Closed,5,5.3,true,Email,High,Lakeshore Community Foundation 11,Corporate Pension,Key,Midwest,Julian Collins,Isabella Collins,false
AM-SR-001406,AM-CL-0020,E-0266,Fee Invoice Question,2025-06-06,2025-06-09,Closed,5,3.59,false,Email,Medium,Summit Capital Partners 20,Corporate Pension,Standard,Mountain West,Wei Thomas,Ethan Roberts,false
AM-SR-001407,AM-CL-0037,E-0282,Reconciliation,2026-05-12,2026-05-16,Closed,3,4.56,true,Portal,Low,Harbor Capital Partners 37,Foundation,Standard,APAC,Nina Scott,Julian Adams,false
AM-SR-001408,AM-CL-0032,E-0279,Compliance Attestation,2025-09-21,2025-09-30,Closed,10,9.49,false,Portal,Low,Meridian Sovereign Fund 32,Corporate Pension,Standard,Mountain West,Priya Martinez,Ravi Campbell,false
AM-SR-001409,AM-CL-0140,E-0272,Performance Report,2025-02-13,2025-02-26,Closed,5,13.57,true,Email,High,Lakeshore Teachers Retirement 140,Foundation,Key,Midwest,Wei Thomas,Aisha Green,false
AM-SR-001410,AM-CL-0104,E-0279,Reconciliation,2025-03-24,2025-03-26,Closed,3,2.13,false,Email,Medium,Blue Ridge University Endowment 104,Sub-Advisory,Standard,Pacific,Owen Okafor,Ravi Campbell,false
AM-SR-001411,AM-CL-0042,E-0286,Cash Movement,2026-05-25,2026-05-25,Closed,1,0.57,false,Portal,Low,Blue Ridge Teachers Retirement 42,Public Pension,Standard,Mountain West,Layla Carter,Daniel Nguyen,false
AM-SR-001412,AM-CL-0055,E-0268,Compliance Attestation,2025-12-17,2025-12-28,Closed,10,11.77,true,Email,Low,Granite Teachers Retirement 55,Sub-Advisory,Key,Northeast,Fatima Patel,Rosa Nguyen,false
AM-SR-001413,AM-CL-0092,E-0284,Performance Report,2024-11-29,2024-11-30,Closed,5,1.2,false,Email,Low,Meridian Capital Partners 92,Public Pension,Key,Northeast,Noah Carter,Iris Thomas,false
AM-SR-001414,AM-CL-0071,E-0279,Onboarding Document,2025-07-30,2025-08-02,Closed,7,3.61,false,Portal,Low,Ironwood Capital Partners 71,Insurance GA,Standard,Mountain West,Iris Allen,Ravi Campbell,false
AM-SR-001415,AM-CL-0013,E-0277,Fee Invoice Question,2025-06-22,2025-06-23,Closed,5,1.91,false,Email,Low,Meridian Teachers Retirement 13,Sovereign,Standard,Northeast,Leo King,Kenji White,false
AM-SR-001416,AM-CL-0066,E-0278,Compliance Attestation,2025-05-09,2025-05-16,Closed,10,7.11,false,Portal,Medium,Cascade Mutual Insurance 66,Family Office,Strategic,Midwest,Luis Silva,Lauren Lopez,false
AM-SR-001417,AM-CL-0110,E-0286,Compliance Attestation,2026-04-03,2026-04-11,Closed,10,8.85,false,Portal,Medium,Summit Community Foundation 110,Public Pension,Standard,Northeast,Grace Martinez,Daniel Nguyen,true
AM-SR-001418,AM-CL-0102,E-0277,Fee Invoice Question,2025-06-18,2025-06-20,Closed,5,2.07,false,Email,Medium,Granite Community Foundation 102,Endowment,Strategic,APAC,Noah Nelson,Kenji White,false
AM-SR-001419,AM-CL-0004,E-0272,Performance Report,2025-12-31,2026-01-05,Closed,5,5.92,true,Portal,Medium,Lakeshore Teachers Retirement 4,Sub-Advisory,Key,EMEA,Julian Collins,Aisha Green,false
AM-SR-001420,AM-CL-0024,E-0282,Reconciliation,2026-07-11,2026-07-17,Closed,3,6.52,true,Email,Low,Granite University Endowment 24,Foundation,Standard,Mountain West,Grace Bailey,Julian Adams,true
AM-SR-001421,AM-CL-0067,E-0275,Performance Report,2026-06-20,2026-06-25,Closed,5,5.47,true,Portal,High,Silverline Employees Pension 67,Public Pension,Key,Midwest,Leo King,Daniel Allen,false
AM-SR-001422,AM-CL-0062,E-0278,Performance Report,2025-01-03,2025-01-10,Closed,5,7.67,true,Email,Low,Northfield Teachers Retirement 62,Corporate Pension,Standard,Midwest,Owen Okafor,Lauren Lopez,true
AM-SR-001423,AM-CL-0043,E-0267,Data Feed Issue,2026-08-06,2026-08-06,Closed,2,0.94,false,Portal,Medium,Lakeshore Community Foundation 43,Family Office,Key,Pacific,Rosa Miller,Felix Stewart,false
AM-SR-001424,AM-CL-0017,E-0281,Performance Report,2025-06-08,2025-06-11,Closed,5,3.13,false,Email,High,Lakeshore Teachers Retirement 17,Family Office,Standard,EMEA,Tom Silva,Sofia Campbell,false
AM-SR-001425,AM-CL-0136,E-0287,Data Feed Issue,2025-11-28,2025-11-29,Closed,2,1.28,false,Email,Medium,Summit University Endowment 136,Insurance GA,Key,APAC,Owen Okafor,Emma Allen,false
AM-SR-001426,AM-CL-0098,E-0268,Performance Report,2025-12-11,2025-12-12,Closed,5,1.57,false,Email,High,Summit Capital Partners 98,Corporate Pension,Key,EMEA,Luis Silva,Rosa Nguyen,false
AM-SR-001427,AM-CL-0133,E-0275,Data Feed Issue,2026-03-11,2026-03-13,Closed,2,2.22,true,Email,High,Granite University Endowment 133,Insurance GA,Standard,Northeast,Luis Silva,Daniel Allen,false
AM-SR-001428,AM-CL-0127,E-0266,Onboarding Document,2026-08-24,2026-08-29,Closed,7,5.62,false,Email,High,Granite Community Foundation 127,Sovereign,Standard,APAC,Layla Carter,Ethan Roberts,false
AM-SR-001429,AM-CL-0010,E-0275,Onboarding Document,2026-03-23,2026-04-03,Closed,7,11.15,true,Phone,Medium,Northfield Capital Partners 10,Insurance GA,Standard,Midwest,Wei Thomas,Daniel Allen,false
AM-SR-001430,AM-CL-0103,E-0289,Fee Invoice Question,2025-11-08,2025-11-15,Closed,5,7.37,true,Portal,Medium,Blue Ridge University Endowment 103,Foundation,Standard,Midwest,Julian Collins,Victor Nguyen,false
AM-SR-001431,AM-CL-0070,E-0282,Reconciliation,2025-10-22,2025-10-26,Closed,3,4.16,true,Portal,Medium,Cascade Capital Partners 70,Public Pension,Strategic,EMEA,Noah Nelson,Julian Adams,false
AM-SR-001432,AM-CL-0128,E-0286,Fee Invoice Question,2025-12-26,2025-12-30,Closed,5,4.97,false,Phone,Medium,Cascade Mutual Insurance 128,Sub-Advisory,Key,Northeast,Noah Carter,Daniel Nguyen,false
AM-SR-001433,AM-CL-0006,E-0284,Compliance Attestation,2024-12-26,2024-12-31,Closed,10,5.73,false,Portal,Low,Cascade Employees Pension 6,Family Office,Standard,APAC,Sofia Bailey,Iris Thomas,false
AM-SR-001434,AM-CL-0001,E-0279,Onboarding Document,2026-04-30,2026-05-03,Closed,7,3.71,false,Email,Low,Lakeshore Employees Pension 1,Sub-Advisory,Strategic,Pacific,Wei Thomas,Ravi Campbell,false
AM-SR-001435,AM-CL-0048,E-0284,Reconciliation,2025-07-14,2025-07-16,Closed,3,2.61,false,Email,Medium,Lakeshore Community Foundation 48,Family Office,Strategic,Mountain West,Grace Martinez,Iris Thomas,false
AM-SR-001436,AM-CL-0086,E-0268,Performance Report,2025-12-12,2025-12-17,Closed,5,5.37,true,Email,Low,Cascade University Endowment 86,Public Pension,Standard,EMEA,Layla Carter,Rosa Nguyen,false
AM-SR-001437,AM-CL-0028,E-0279,Reconciliation,2026-07-03,2026-07-07,Closed,3,4.08,true,Email,Medium,Silverline Teachers Retirement 28,Public Pension,Key,Pacific,Layla Carter,Ravi Campbell,true
AM-SR-001438,AM-CL-0019,E-0283,Reconciliation,2024-10-10,2024-10-15,Closed,3,5.15,true,Portal,Medium,Northfield Employees Pension 19,Family Office,Key,Southeast,Iris Kim,Victor Chen,true
AM-SR-001439,AM-CL-0110,E-0286,Reconciliation,2025-02-10,2025-02-11,Closed,3,1.41,false,Phone,Medium,Summit Community Foundation 110,Public Pension,Standard,Northeast,Grace Martinez,Daniel Nguyen,false
AM-SR-001440,AM-CL-0112,E-0289,Reconciliation,2025-11-18,2025-11-19,Closed,3,1.83,false,Email,Low,Northfield University Endowment 112,Endowment,Standard,APAC,Fatima Okafor,Victor Nguyen,false
AM-SR-001441,AM-CL-0034,E-0271,Reconciliation,2024-09-12,2024-09-16,Closed,3,4.05,true,Portal,High,Cascade Employees Pension 34,Insurance GA,Standard,Mountain West,Mei Hall,Isabella Collins,false
AM-SR-001442,AM-CL-0130,E-0273,Performance Report,2024-10-07,2024-10-11,Closed,5,4.97,false,Email,Low,Lakeshore University Endowment 130,Public Pension,Key,Northeast,Owen Okafor,Samuel Wright,true
AM-SR-001443,AM-CL-0120,E-0279,Fee Invoice Question,2025-11-09,2025-11-13,Closed,5,4.87,false,Phone,Medium,Ironwood Capital Partners 120,Foundation,Standard,Pacific,Owen Okafor,Ravi Campbell,false
AM-SR-001444,AM-CL-0132,E-0273,Data Feed Issue,2025-03-17,2025-03-18,Closed,2,1.13,false,Portal,Low,Blue Ridge Teachers Retirement 132,Sovereign,Standard,APAC,Fatima Patel,Samuel Wright,false
AM-SR-001445,AM-CL-0017,E-0281,Reconciliation,2025-03-02,2025-03-03,Closed,3,1.46,false,Portal,Medium,Lakeshore Teachers Retirement 17,Family Office,Standard,EMEA,Tom Silva,Sofia Campbell,false
AM-SR-001446,AM-CL-0013,E-0277,Reconciliation,2024-12-10,2024-12-12,Closed,3,2.04,false,Email,Medium,Meridian Teachers Retirement 13,Sovereign,Standard,Northeast,Leo King,Kenji White,false
AM-SR-001447,AM-CL-0017,E-0281,Fee Invoice Question,2024-09-27,2024-09-30,Closed,5,3.17,false,Phone,Medium,Lakeshore Teachers Retirement 17,Family Office,Standard,EMEA,Tom Silva,Sofia Campbell,false
AM-SR-001448,AM-CL-0135,E-0287,Performance Report,2026-06-15,2026-06-17,Closed,5,2.47,false,Email,Medium,Meridian Capital Partners 135,Public Pension,Standard,Southeast,Tom Silva,Emma Allen,false
AM-SR-001449,AM-CL-0024,E-0282,Reconciliation,2026-08-24,2026-08-26,Closed,3,2.75,false,Email,Medium,Granite University Endowment 24,Foundation,Standard,Mountain West,Grace Bailey,Julian Adams,false
AM-SR-001450,AM-CL-0139,E-0266,Performance Report,2026-04-09,2026-04-11,Closed,5,2.69,false,Email,High,Lakeshore Teachers Retirement 139,Foundation,Strategic,Mountain West,Fatima Okafor,Ethan Roberts,true
AM-SR-001451,AM-CL-0078,E-0278,Onboarding Document,2024-10-19,2024-10-29,Closed,7,10.01,true,Email,High,Lakeshore Employees Pension 78,Insurance GA,Standard,EMEA,Julian Collins,Lauren Lopez,false
AM-SR-001452,AM-CL-0092,E-0284,Data Feed Issue,2026-07-24,2026-07-27,Closed,2,3.23,true,Phone,Low,Meridian Capital Partners 92,Public Pension,Key,Northeast,Noah Carter,Iris Thomas,false
AM-SR-001453,AM-CL-0138,E-0271,Performance Report,2025-10-20,2025-10-25,Closed,5,5.39,true,Email,Medium,Cascade Employees Pension 138,Endowment,Strategic,APAC,Tom Silva,Isabella Collins,false
AM-SR-001454,AM-CL-0073,E-0269,Fee Invoice Question,2026-07-03,2026-07-10,Closed,5,7.9,true,Email,Low,Ironwood Employees Pension 73,Sub-Advisory,Strategic,Southeast,Hannah Roberts,Noah Hall,true
AM-SR-001455,AM-CL-0105,E-0284,Reconciliation,2026-06-29,2026-07-04,Closed,3,5.73,true,Email,Low,Northfield Community Foundation 105,Corporate Pension,Key,Midwest,Nina Scott,Iris Thomas,false
AM-SR-001456,AM-CL-0061,E-0290,Performance Report,2024-10-12,2024-10-14,Closed,5,2.5,false,Email,Low,Summit Sovereign Fund 61,Insurance GA,Key,Midwest,Iris Allen,Luis Ashford,true
AM-SR-001457,AM-CL-0038,E-0288,Compliance Attestation,2025-05-14,2025-05-27,Closed,10,13.48,true,Email,Medium,Summit Capital Partners 38,Endowment,Standard,Mountain West,Sofia Bailey,Mateo Collins,false
AM-SR-001458,AM-CL-0074,E-0280,Performance Report,2025-05-23,2025-05-30,Closed,5,7.35,true,Email,Low,Harbor Capital Partners 74,Sub-Advisory,Standard,Mountain West,Noah Carter,Mateo Harris,false
AM-SR-001459,AM-CL-0091,E-0285,Reconciliation,2025-02-01,2025-02-01,Closed,3,0.83,false,Email,Low,Northfield University Endowment 91,Insurance GA,Standard,Mountain West,Owen Okafor,Aisha Ashford,false
AM-SR-001460,AM-CL-0134,E-0281,Reconciliation,2026-02-22,2026-02-23,Closed,3,1.66,false,Portal,Medium,Granite Sovereign Fund 134,Family Office,Standard,Midwest,Maya Ashford,Sofia Campbell,false
AM-SR-001461,AM-CL-0044,E-0282,Fee Invoice Question,2025-11-27,2025-11-28,Closed,5,1.63,false,Email,Medium,Blue Ridge Teachers Retirement 44,Sovereign,Key,Southeast,Fatima Patel,Julian Adams,false
AM-SR-001462,AM-CL-0061,E-0290,Onboarding Document,2025-04-01,2025-04-05,Closed,7,4.94,false,Email,Medium,Summit Sovereign Fund 61,Insurance GA,Key,Midwest,Iris Allen,Luis Ashford,true
AM-SR-001463,AM-CL-0129,E-0273,Reconciliation,2024-10-04,2024-10-06,Closed,3,2.83,false,Email,Medium,Blue Ridge Mutual Insurance 129,Foundation,Key,Pacific,Luis Silva,Samuel Wright,true
AM-SR-001464,AM-CL-0093,E-0275,Onboarding Document,2026-07-07,2026-07-14,Closed,7,7.72,true,Email,Low,Harbor Community Foundation 93,Corporate Pension,Strategic,Southeast,Maya Ashford,Daniel Allen,true
AM-SR-001465,AM-CL-0057,E-0281,Performance Report,2025-05-08,2025-05-14,Closed,5,6.73,true,Email,Medium,Lakeshore University Endowment 57,Sovereign,Standard,Mountain West,Luis Silva,Sofia Campbell,false
AM-SR-001466,AM-CL-0077,E-0282,Cash Movement,2026-07-18,2026-07-18,Closed,1,0.53,false,Phone,Medium,Granite Teachers Retirement 77,Sovereign,Key,Midwest,Mei Hall,Julian Adams,false
AM-SR-001467,AM-CL-0044,E-0282,Reconciliation,2025-09-19,2025-09-20,Closed,3,1.63,false,Email,Low,Blue Ridge Teachers Retirement 44,Sovereign,Key,Southeast,Fatima Patel,Julian Adams,false
AM-SR-001468,AM-CL-0060,E-0284,Onboarding Document,2026-08-07,2026-08-13,Closed,7,6.34,false,Portal,Low,Granite Teachers Retirement 60,Sovereign,Standard,Northeast,Hannah Young,Iris Thomas,false
AM-SR-001469,AM-CL-0074,E-0280,Reconciliation,2025-01-29,2025-02-01,Closed,3,3.37,true,Email,High,Harbor Capital Partners 74,Sub-Advisory,Standard,Mountain West,Noah Carter,Mateo Harris,false
AM-SR-001470,AM-CL-0126,E-0270,Reconciliation,2026-08-05,2026-08-08,Closed,3,3.21,true,Email,High,Northfield Employees Pension 126,Family Office,Strategic,Pacific,Noah Carter,Sara Kim,false
AM-SR-001471,AM-CL-0079,E-0270,Compliance Attestation,2025-12-28,2026-01-07,Closed,10,10.14,true,Email,High,Northfield Teachers Retirement 79,Foundation,Strategic,APAC,Luis Ashford,Sara Kim,false
AM-SR-001472,AM-CL-0053,E-0271,Reconciliation,2024-10-27,2024-10-28,Closed,3,1.8,false,Email,Medium,Granite Sovereign Fund 53,Family Office,Standard,Northeast,Iris Clark,Isabella Collins,false
AM-SR-001473,AM-CL-0081,E-0267,Performance Report,2025-10-25,2025-10-26,Closed,5,1.99,false,Email,Low,Northfield Employees Pension 81,Family Office,Standard,Southeast,Wei Thomas,Felix Stewart,false
AM-SR-001474,AM-CL-0019,E-0283,Reconciliation,2024-10-11,2024-10-15,Closed,3,4.4,true,Portal,Low,Northfield Employees Pension 19,Family Office,Key,Southeast,Iris Kim,Victor Chen,true
AM-SR-001475,AM-CL-0034,E-0271,Reconciliation,2026-03-22,2026-03-23,Closed,3,1.33,false,Portal,Low,Cascade Employees Pension 34,Insurance GA,Standard,Mountain West,Mei Hall,Isabella Collins,false
AM-SR-001476,AM-CL-0040,E-0268,Data Feed Issue,2025-04-04,2025-04-06,Closed,2,2.15,true,Phone,Low,Cascade Capital Partners 40,Corporate Pension,Key,EMEA,Luis Silva,Rosa Nguyen,true
AM-SR-001477,AM-CL-0053,E-0271,Reconciliation,2025-09-16,2025-09-18,Closed,3,2.46,false,Phone,Low,Granite Sovereign Fund 53,Family Office,Standard,Northeast,Iris Clark,Isabella Collins,false
AM-SR-001478,AM-CL-0074,E-0280,Onboarding Document,2026-08-11,2026-08-12,Closed,7,1.87,false,Phone,Low,Harbor Capital Partners 74,Sub-Advisory,Standard,Mountain West,Noah Carter,Mateo Harris,false
AM-SR-001479,AM-CL-0036,E-0267,Compliance Attestation,2024-12-15,2024-12-18,Closed,10,3.59,false,Email,Low,Harbor Teachers Retirement 36,Corporate Pension,Standard,APAC,Luis Silva,Felix Stewart,false
AM-SR-001480,AM-CL-0121,E-0285,Data Feed Issue,2026-02-25,2026-02-26,Closed,2,1.59,false,Phone,Low,Meridian Capital Partners 121,Corporate Pension,Standard,Northeast,Iris Allen,Aisha Ashford,false
AM-SR-001481,AM-CL-0019,E-0283,Performance Report,2025-11-11,2025-11-14,Closed,5,3.26,false,Portal,Medium,Northfield Employees Pension 19,Family Office,Key,Southeast,Iris Kim,Victor Chen,false
AM-SR-001482,AM-CL-0135,E-0287,Performance Report,2024-12-14,2024-12-20,Closed,5,6.24,true,Email,Low,Meridian Capital Partners 135,Public Pension,Standard,Southeast,Tom Silva,Emma Allen,false
AM-SR-001483,AM-CL-0099,E-0279,Performance Report,2026-03-16,2026-03-18,Closed,5,2.82,false,Email,Medium,Cascade Teachers Retirement 99,Foundation,Key,APAC,Hannah Young,Ravi Campbell,false
AM-SR-001484,AM-CL-0044,E-0282,Fee Invoice Question,2025-05-01,2025-05-02,Closed,5,1.73,false,Portal,Medium,Blue Ridge Teachers Retirement 44,Sovereign,Key,Southeast,Fatima Patel,Julian Adams,false
AM-SR-001485,AM-CL-0001,E-0279,Cash Movement,2026-04-26,2026-04-26,Closed,1,0.39,false,Email,Medium,Lakeshore Employees Pension 1,Sub-Advisory,Strategic,Pacific,Wei Thomas,Ravi Campbell,false
AM-SR-001486,AM-CL-0050,E-0276,Performance Report,2026-07-03,2026-07-13,Closed,5,10.19,true,Portal,High,Harbor Community Foundation 50,Endowment,Standard,Pacific,Hannah Roberts,Felix Edwards,true
AM-SR-001487,AM-CL-0047,E-0266,Onboarding Document,2025-11-03,2025-11-07,Closed,7,4.95,false,Email,Low,Granite Sovereign Fund 47,Endowment,Standard,Mountain West,Noah Nelson,Ethan Roberts,false
AM-SR-001488,AM-CL-0046,E-0270,Compliance Attestation,2025-12-20,2025-12-25,Closed,10,5.12,false,Email,Low,Summit University Endowment 46,Foundation,Standard,Pacific,Fatima Patel,Sara Kim,false
AM-SR-001489,AM-CL-0102,E-0277,Reconciliation,2025-12-29,2026-01-02,Closed,3,4.38,true,Phone,Low,Granite Community Foundation 102,Endowment,Strategic,APAC,Noah Nelson,Kenji White,false
AM-SR-001490,AM-CL-0049,E-0289,Performance Report,2026-04-30,2026-05-04,Closed,5,4.3,false,Portal,Medium,Lakeshore Sovereign Fund 49,Sub-Advisory,Key,Mountain West,Priya Martinez,Victor Nguyen,false
AM-SR-001491,AM-CL-0020,E-0266,Onboarding Document,2025-02-10,2025-02-17,Closed,7,7.33,true,Phone,Medium,Summit Capital Partners 20,Corporate Pension,Standard,Mountain West,Wei Thomas,Ethan Roberts,false
AM-SR-001492,AM-CL-0015,E-0287,Data Feed Issue,2026-07-07,2026-07-08,Closed,2,1.0,false,Email,Medium,Northfield Teachers Retirement 15,Foundation,Key,Mountain West,Hannah Young,Emma Allen,true
AM-SR-001493,AM-CL-0076,E-0282,Performance Report,2026-08-28,2026-08-28,Closed,5,0.58,false,Phone,Medium,Ironwood Capital Partners 76,Foundation,Key,Midwest,Nina Scott,Julian Adams,false
AM-SR-001494,AM-CL-0042,E-0286,Compliance Attestation,2025-03-23,2025-03-28,Closed,10,5.93,false,Email,Low,Blue Ridge Teachers Retirement 42,Public Pension,Standard,Mountain West,Layla Carter,Daniel Nguyen,false
AM-SR-001495,AM-CL-0140,E-0272,Data Feed Issue,2025-11-10,2025-11-10,Closed,2,0.53,false,Email,Medium,Lakeshore Teachers Retirement 140,Foundation,Key,Midwest,Wei Thomas,Aisha Green,false
AM-SR-001496,AM-CL-0086,E-0268,Performance Report,2025-08-16,2025-08-20,Closed,5,4.54,false,Email,High,Cascade University Endowment 86,Public Pension,Standard,EMEA,Layla Carter,Rosa Nguyen,false
AM-SR-001497,AM-CL-0015,E-0287,Fee Invoice Question,2025-05-29,2025-06-02,Closed,5,4.86,false,Portal,Low,Northfield Teachers Retirement 15,Foundation,Key,Mountain West,Hannah Young,Emma Allen,false
AM-SR-001498,AM-CL-0075,E-0270,Performance Report,2024-09-19,2024-09-24,Closed,5,5.77,true,Portal,Low,Harbor Teachers Retirement 75,Endowment,Standard,Mountain West,Fatima Patel,Sara Kim,false
AM-SR-001499,AM-CL-0105,E-0284,Performance Report,2025-11-22,2025-11-28,Closed,5,6.96,true,Portal,Medium,Northfield Community Foundation 105,Corporate Pension,Key,Midwest,Nina Scott,Iris Thomas,false
AM-SR-001500,AM-CL-0070,E-0282,Cash Movement,2025-12-12,2025-12-12,Closed,1,0.96,false,Portal,High,Cascade Capital Partners 70,Public Pension,Strategic,EMEA,Noah Nelson,Julian Adams,false
AM-SR-001501,AM-CL-0028,E-0279,Fee Invoice Question,2025-01-22,2025-01-27,Closed,5,5.29,true,Portal,Low,Silverline Teachers Retirement 28,Public Pension,Key,Pacific,Layla Carter,Ravi Campbell,false
AM-SR-001502,AM-CL-0124,E-0270,Performance Report,2026-06-07,2026-06-09,Closed,5,2.38,false,Email,Low,Blue Ridge Community Foundation 124,Endowment,Strategic,Northeast,Iris Kim,Sara Kim,false
AM-SR-001503,AM-CL-0072,E-0286,Cash Movement,2026-02-12,2026-02-13,Closed,1,1.04,true,Email,Medium,Blue Ridge Mutual Insurance 72,Foundation,Standard,Mountain West,Fatima Okafor,Daniel Nguyen,false
AM-SR-001504,AM-CL-0025,E-0287,Performance Report,2026-06-05,2026-06-06,Closed,5,1.38,false,Portal,Medium,Summit Teachers Retirement 25,Insurance GA,Standard,Midwest,Rosa Miller,Emma Allen,false
AM-SR-001505,AM-CL-0049,E-0289,Cash Movement,2025-11-27,2025-11-27,Closed,1,0.91,false,Portal,Medium,Lakeshore Sovereign Fund 49,Sub-Advisory,Key,Mountain West,Priya Martinez,Victor Nguyen,false
AM-SR-001506,AM-CL-0033,E-0266,Cash Movement,2025-11-05,2025-11-05,Closed,1,0.37,false,Phone,Medium,Summit Employees Pension 33,Family Office,Standard,EMEA,Hannah Young,Ethan Roberts,false
AM-SR-001507,AM-CL-0100,E-0284,Reconciliation,2026-03-13,2026-03-14,Closed,3,1.61,false,Email,Low,Harbor Mutual Insurance 100,Sub-Advisory,Key,EMEA,Luis Ashford,Iris Thomas,false
AM-SR-001508,AM-CL-0122,E-0276,Reconciliation,2024-10-17,2024-10-20,Closed,3,3.1,true,Portal,Low,Granite Teachers Retirement 122,Insurance GA,Standard,EMEA,Luis Ashford,Felix Edwards,false
AM-SR-001509,AM-CL-0084,E-0287,Reconciliation,2024-12-01,2024-12-01,Closed,3,0.98,false,Email,Low,Ironwood Community Foundation 84,Sovereign,Standard,Southeast,Noah Nelson,Emma Allen,false
AM-SR-001510,AM-CL-0089,E-0280,Cash Movement,2024-11-20,2024-11-20,Closed,1,0.35,false,Portal,Medium,Blue Ridge Community Foundation 89,Endowment,Standard,Midwest,Tom Silva,Mateo Harris,false
AM-SR-001511,AM-CL-0136,E-0287,Performance Report,2025-11-13,2025-11-19,Closed,5,6.43,true,Email,Medium,Summit University Endowment 136,Insurance GA,Key,APAC,Owen Okafor,Emma Allen,false
AM-SR-001512,AM-CL-0138,E-0271,Performance Report,2024-12-05,2024-12-09,Closed,5,4.67,false,Portal,High,Cascade Employees Pension 138,Endowment,Strategic,APAC,Tom Silva,Isabella Collins,false
AM-SR-001513,AM-CL-0001,E-0279,Data Feed Issue,2025-04-28,2025-04-28,Closed,2,0.34,false,Email,Medium,Lakeshore Employees Pension 1,Sub-Advisory,Strategic,Pacific,Wei Thomas,Ravi Campbell,false
AM-SR-001514,AM-CL-0021,E-0286,Compliance Attestation,2025-03-29,2025-04-03,Closed,10,5.3,false,Email,Medium,Lakeshore Sovereign Fund 21,Sub-Advisory,Strategic,Pacific,Tom Silva,Daniel Nguyen,false
AM-SR-001515,AM-CL-0103,E-0289,Performance Report,2025-06-27,2025-07-03,Closed,5,6.53,true,Phone,Low,Blue Ridge University Endowment 103,Foundation,Standard,Midwest,Julian Collins,Victor Nguyen,false
AM-SR-001516,AM-CL-0046,E-0270,Reconciliation,2026-02-08,2026-02-10,Closed,3,2.35,false,Email,Medium,Summit University Endowment 46,Foundation,Standard,Pacific,Fatima Patel,Sara Kim,false
AM-SR-001517,AM-CL-0140,E-0272,Reconciliation,2025-05-22,2025-05-25,Closed,3,3.09,true,Phone,Medium,Lakeshore Teachers Retirement 140,Foundation,Key,Midwest,Wei Thomas,Aisha Green,false
AM-SR-001518,AM-CL-0069,E-0274,Reconciliation,2024-11-24,2024-11-30,Closed,3,6.28,true,Email,Low,Northfield Community Foundation 69,Family Office,Standard,Southeast,Hannah Roberts,Hannah Young,false
AM-SR-001519,AM-CL-0040,E-0268,Reconciliation,2026-08-10,2026-08-11,Closed,3,1.96,false,Email,Low,Cascade Capital Partners 40,Corporate Pension,Key,EMEA,Luis Silva,Rosa Nguyen,false
AM-SR-001520,AM-CL-0041,E-0279,Reconciliation,2025-01-11,2025-01-14,Closed,3,3.23,true,Portal,High,Granite Mutual Insurance 41,Corporate Pension,Standard,APAC,Fatima Patel,Ravi Campbell,true
AM-SR-001521,AM-CL-0114,E-0278,Performance Report,2026-02-21,2026-02-27,Closed,5,6.04,true,Email,Medium,Meridian Mutual Insurance 114,Family Office,Strategic,Midwest,Rosa Miller,Lauren Lopez,false
AM-SR-001522,AM-CL-0113,E-0270,Performance Report,2026-07-25,2026-07-29,Closed,5,4.94,false,Email,Medium,Harbor Teachers Retirement 113,Insurance GA,Standard,APAC,Leo King,Sara Kim,false
AM-SR-001523,AM-CL-0021,E-0286,Data Feed Issue,2025-02-24,2025-02-24,Closed,2,0.96,false,Portal,Low,Lakeshore Sovereign Fund 21,Sub-Advisory,Strategic,Pacific,Tom Silva,Daniel Nguyen,false
AM-SR-001524,AM-CL-0054,E-0290,Data Feed Issue,2026-01-14,2026-01-14,Closed,2,0.84,false,Email,Medium,Granite Mutual Insurance 54,Corporate Pension,Standard,Pacific,Hannah Young,Luis Ashford,false
AM-SR-001525,AM-CL-0130,E-0273,Reconciliation,2026-07-15,2026-07-18,Closed,3,3.08,true,Email,Low,Lakeshore University Endowment 130,Public Pension,Key,Northeast,Owen Okafor,Samuel Wright,false
AM-SR-001526,AM-CL-0070,E-0282,Performance Report,2026-03-03,2026-03-10,Closed,5,7.14,true,Email,Medium,Cascade Capital Partners 70,Public Pension,Strategic,EMEA,Noah Nelson,Julian Adams,false
AM-SR-001527,AM-CL-0086,E-0268,Performance Report,2025-07-25,2025-07-27,Closed,5,2.7,false,Email,Low,Cascade University Endowment 86,Public Pension,Standard,EMEA,Layla Carter,Rosa Nguyen,false
AM-SR-001528,AM-CL-0014,E-0288,Onboarding Document,2026-02-24,2026-02-27,Closed,7,3.44,false,Email,Medium,Granite Mutual Insurance 14,Corporate Pension,Standard,APAC,Fatima Okafor,Mateo Collins,false
AM-SR-001529,AM-CL-0112,E-0289,Onboarding Document,2025-03-20,2025-03-30,Closed,7,10.91,true,Portal,Low,Northfield University Endowment 112,Endowment,Standard,APAC,Fatima Okafor,Victor Nguyen,false
AM-SR-001530,AM-CL-0021,E-0286,Performance Report,2024-11-23,2024-11-24,Closed,5,1.69,false,Email,Low,Lakeshore Sovereign Fund 21,Sub-Advisory,Strategic,Pacific,Tom Silva,Daniel Nguyen,false
AM-SR-001531,AM-CL-0108,E-0272,Compliance Attestation,2025-06-19,2025-06-24,Closed,10,5.85,false,Email,Medium,Ironwood Employees Pension 108,Family Office,Strategic,APAC,Grace Bailey,Aisha Green,false
AM-SR-001532,AM-CL-0134,E-0281,Fee Invoice Question,2024-12-27,2024-12-31,Closed,5,4.64,false,Portal,Medium,Granite Sovereign Fund 134,Family Office,Standard,Midwest,Maya Ashford,Sofia Campbell,false
AM-SR-001533,AM-CL-0109,E-0288,Cash Movement,2025-05-10,2025-05-10,Closed,1,0.93,false,Email,High,Cascade Community Foundation 109,Sub-Advisory,Standard,APAC,Luis Silva,Mateo Collins,false
AM-SR-001534,AM-CL-0096,E-0272,Performance Report,2025-05-09,2025-05-12,Closed,5,3.51,false,Portal,Medium,Cascade Teachers Retirement 96,Endowment,Strategic,APAC,Grace Bailey,Aisha Green,false
AM-SR-001535,AM-CL-0117,E-0289,Performance Report,2025-05-23,2025-05-25,Closed,5,2.11,false,Portal,Medium,Lakeshore Teachers Retirement 117,Endowment,Standard,EMEA,Wei Thomas,Victor Nguyen,false
AM-SR-001536,AM-CL-0008,E-0279,Cash Movement,2024-11-24,2024-11-24,Closed,1,0.39,false,Email,Low,Granite Community Foundation 8,Insurance GA,Standard,Mountain West,Luis Silva,Ravi Campbell,false
AM-SR-001537,AM-CL-0008,E-0279,Onboarding Document,2024-10-30,2024-11-03,Closed,7,4.95,false,Email,Medium,Granite Community Foundation 8,Insurance GA,Standard,Mountain West,Luis Silva,Ravi Campbell,false
AM-SR-001538,AM-CL-0044,E-0282,Cash Movement,2025-02-20,2025-02-21,Closed,1,1.6,true,Email,Low,Blue Ridge Teachers Retirement 44,Sovereign,Key,Southeast,Fatima Patel,Julian Adams,false
AM-SR-001539,AM-CL-0130,E-0273,Performance Report,2025-02-25,2025-02-25,Closed,5,0.95,false,Portal,Medium,Lakeshore University Endowment 130,Public Pension,Key,Northeast,Owen Okafor,Samuel Wright,false
AM-SR-001540,AM-CL-0129,E-0273,Reconciliation,2025-08-06,2025-08-08,Closed,3,2.07,false,Portal,Low,Blue Ridge Mutual Insurance 129,Foundation,Key,Pacific,Luis Silva,Samuel Wright,false
AM-SR-001541,AM-CL-0093,E-0275,Fee Invoice Question,2025-10-10,2025-10-17,Closed,5,7.48,true,Email,High,Harbor Community Foundation 93,Corporate Pension,Strategic,Southeast,Maya Ashford,Daniel Allen,true
AM-SR-001542,AM-CL-0066,E-0278,Cash Movement,2025-12-15,2025-12-15,Closed,1,0.76,false,Email,Low,Cascade Mutual Insurance 66,Family Office,Strategic,Midwest,Luis Silva,Lauren Lopez,false
AM-SR-001543,AM-CL-0100,E-0284,Reconciliation,2026-06-22,2026-06-27,Closed,3,5.46,true,Portal,Medium,Harbor Mutual Insurance 100,Sub-Advisory,Key,EMEA,Luis Ashford,Iris Thomas,false
AM-SR-001544,AM-CL-0124,E-0270,Performance Report,2025-03-01,2025-03-05,Closed,5,4.32,false,Email,High,Blue Ridge Community Foundation 124,Endowment,Strategic,Northeast,Iris Kim,Sara Kim,false
AM-SR-001545,AM-CL-0024,E-0282,Reconciliation,2025-08-16,2025-08-20,Closed,3,4.53,true,Portal,Low,Granite University Endowment 24,Foundation,Standard,Mountain West,Grace Bailey,Julian Adams,false
AM-SR-001546,AM-CL-0077,E-0282,Performance Report,2026-05-15,2026-05-17,Closed,5,2.89,false,Email,High,Granite Teachers Retirement 77,Sovereign,Key,Midwest,Mei Hall,Julian Adams,false
AM-SR-001547,AM-CL-0070,E-0282,Reconciliation,2026-08-04,2026-08-11,Closed,3,7.55,true,Portal,Medium,Cascade Capital Partners 70,Public Pension,Strategic,EMEA,Noah Nelson,Julian Adams,false
AM-SR-001548,AM-CL-0139,E-0266,Cash Movement,2025-10-07,2025-10-07,Closed,1,0.64,false,Portal,Low,Lakeshore Teachers Retirement 139,Foundation,Strategic,Mountain West,Fatima Okafor,Ethan Roberts,true
AM-SR-001549,AM-CL-0138,E-0271,Onboarding Document,2025-05-16,2025-05-24,Closed,7,8.55,true,Email,Low,Cascade Employees Pension 138,Endowment,Strategic,APAC,Tom Silva,Isabella Collins,false
AM-SR-001550,AM-CL-0002,E-0268,Compliance Attestation,2026-07-22,2026-07-26,Closed,10,4.19,false,Portal,High,Blue Ridge Sovereign Fund 2,Family Office,Key,EMEA,Noah Carter,Rosa Nguyen,false
AM-SR-001551,AM-CL-0027,E-0271,Onboarding Document,2025-03-15,2025-03-16,Closed,7,1.97,false,Email,Low,Northfield Teachers Retirement 27,Sovereign,Key,Mountain West,Hannah Roberts,Isabella Collins,false
AM-SR-001552,AM-CL-0097,E-0289,Performance Report,2026-04-10,2026-04-12,Closed,5,2.62,false,Email,High,Summit Capital Partners 97,Corporate Pension,Standard,Northeast,Fatima Okafor,Victor Nguyen,true
AM-SR-001553,AM-CL-0118,E-0274,Compliance Attestation,2025-03-18,2025-03-30,Closed,10,12.22,true,Portal,Low,Silverline Community Foundation 118,Family Office,Key,Midwest,Maya Ashford,Hannah Young,false
AM-SR-001554,AM-CL-0021,E-0286,Performance Report,2025-06-13,2025-07-01,Closed,5,18.47,true,Portal,Medium,Lakeshore Sovereign Fund 21,Sub-Advisory,Strategic,Pacific,Tom Silva,Daniel Nguyen,false
AM-SR-001555,AM-CL-0128,E-0286,Performance Report,2025-01-25,2025-01-30,Closed,5,5.92,true,Email,High,Cascade Mutual Insurance 128,Sub-Advisory,Key,Northeast,Noah Carter,Daniel Nguyen,false
AM-SR-001556,AM-CL-0097,E-0289,Compliance Attestation,2026-01-14,2026-01-22,Closed,10,8.25,false,Portal,Medium,Summit Capital Partners 97,Corporate Pension,Standard,Northeast,Fatima Okafor,Victor Nguyen,false
AM-SR-001557,AM-CL-0091,E-0285,Performance Report,2025-05-10,2025-05-11,Closed,5,1.09,false,Email,Medium,Northfield University Endowment 91,Insurance GA,Standard,Mountain West,Owen Okafor,Aisha Ashford,false
AM-SR-001558,AM-CL-0092,E-0284,Cash Movement,2026-08-09,2026-08-09,Closed,1,0.11,false,Phone,Medium,Meridian Capital Partners 92,Public Pension,Key,Northeast,Noah Carter,Iris Thomas,false
AM-SR-001559,AM-CL-0053,E-0271,Onboarding Document,2025-09-12,2025-09-14,Closed,7,2.89,false,Email,High,Granite Sovereign Fund 53,Family Office,Standard,Northeast,Iris Clark,Isabella Collins,false
AM-SR-001560,AM-CL-0008,E-0279,Performance Report,2026-07-19,2026-07-24,Closed,5,5.33,true,Phone,Low,Granite Community Foundation 8,Insurance GA,Standard,Mountain West,Luis Silva,Ravi Campbell,false
AM-SR-001561,AM-CL-0089,E-0280,Data Feed Issue,2024-09-23,2024-09-25,Closed,2,2.04,true,Portal,Medium,Blue Ridge Community Foundation 89,Endowment,Standard,Midwest,Tom Silva,Mateo Harris,false
AM-SR-001562,AM-CL-0106,E-0272,Reconciliation,2024-12-22,2024-12-24,Closed,3,2.59,false,Portal,Low,Silverline Sovereign Fund 106,Endowment,Strategic,Pacific,Mei Hall,Aisha Green,false
AM-SR-001563,AM-CL-0129,E-0273,Performance Report,2024-10-27,2024-10-29,Closed,5,2.93,false,Phone,Medium,Blue Ridge Mutual Insurance 129,Foundation,Key,Pacific,Luis Silva,Samuel Wright,false
AM-SR-001564,AM-CL-0024,E-0282,Reconciliation,2025-02-12,2025-02-15,Closed,3,3.39,true,Email,High,Granite University Endowment 24,Foundation,Standard,Mountain West,Grace Bailey,Julian Adams,false
AM-SR-001565,AM-CL-0119,E-0285,Performance Report,2025-11-24,2025-12-04,Closed,5,10.01,true,Email,Medium,Harbor Sovereign Fund 119,Endowment,Key,Pacific,Hannah Roberts,Aisha Ashford,false
AM-SR-001566,AM-CL-0054,E-0290,Reconciliation,2025-05-10,2025-05-11,Closed,3,1.75,false,Portal,Medium,Granite Mutual Insurance 54,Corporate Pension,Standard,Pacific,Hannah Young,Luis Ashford,false
AM-SR-001567,AM-CL-0054,E-0290,Performance Report,2025-04-18,2025-04-21,Closed,5,3.64,false,Email,High,Granite Mutual Insurance 54,Corporate Pension,Standard,Pacific,Hannah Young,Luis Ashford,false
AM-SR-001568,AM-CL-0029,E-0266,Data Feed Issue,2025-01-14,2025-01-15,Closed,2,1.59,false,Phone,Medium,Granite Capital Partners 29,Sovereign,Key,Midwest,Iris Allen,Ethan Roberts,false
AM-SR-001569,AM-CL-0128,E-0286,Performance Report,2025-05-27,2025-05-31,Closed,5,4.94,false,Email,Medium,Cascade Mutual Insurance 128,Sub-Advisory,Key,Northeast,Noah Carter,Daniel Nguyen,false
AM-SR-001570,AM-CL-0140,E-0272,Reconciliation,2025-07-25,2025-07-27,Closed,3,2.06,false,Email,High,Lakeshore Teachers Retirement 140,Foundation,Key,Midwest,Wei Thomas,Aisha Green,false
AM-SR-001571,AM-CL-0039,E-0275,Performance Report,2025-06-17,2025-06-25,Closed,5,8.61,true,Email,Medium,Blue Ridge Mutual Insurance 39,Foundation,Key,APAC,Iris Clark,Daniel Allen,false
AM-SR-001572,AM-CL-0033,E-0266,Cash Movement,2026-03-19,2026-03-20,Closed,1,1.22,true,Email,Medium,Summit Employees Pension 33,Family Office,Standard,EMEA,Hannah Young,Ethan Roberts,false
AM-SR-001573,AM-CL-0050,E-0276,Performance Report,2025-01-23,2025-01-26,Closed,5,3.24,false,Portal,Low,Harbor Community Foundation 50,Endowment,Standard,Pacific,Hannah Roberts,Felix Edwards,false
AM-SR-001574,AM-CL-0090,E-0267,Cash Movement,2025-01-03,2025-01-03,Closed,1,0.84,false,Portal,Low,Meridian University Endowment 90,Sovereign,Strategic,Midwest,Maya Ashford,Felix Stewart,true
AM-SR-001575,AM-CL-0138,E-0271,Performance Report,2025-05-14,2025-05-18,Closed,5,4.65,false,Portal,Medium,Cascade Employees Pension 138,Endowment,Strategic,APAC,Tom Silva,Isabella Collins,false
AM-SR-001576,AM-CL-0035,E-0267,Performance Report,2024-10-27,2024-10-29,Closed,5,2.12,false,Email,Medium,Harbor Capital Partners 35,Endowment,Strategic,Southeast,Iris Kim,Felix Stewart,false
AM-SR-001577,AM-CL-0075,E-0270,Performance Report,2025-01-16,2025-01-21,Closed,5,5.68,true,Email,Medium,Harbor Teachers Retirement 75,Endowment,Standard,Mountain West,Fatima Patel,Sara Kim,false
AM-SR-001578,AM-CL-0039,E-0275,Reconciliation,2026-07-23,2026-07-24,Closed,3,1.97,false,Email,Low,Blue Ridge Mutual Insurance 39,Foundation,Key,APAC,Iris Clark,Daniel Allen,false
AM-SR-001579,AM-CL-0098,E-0268,Performance Report,2026-05-18,2026-05-21,Closed,5,3.82,false,Phone,Medium,Summit Capital Partners 98,Corporate Pension,Key,EMEA,Luis Silva,Rosa Nguyen,false
AM-SR-001580,AM-CL-0101,E-0289,Reconciliation,2025-10-13,2025-10-14,Closed,3,1.48,false,Phone,Medium,Harbor University Endowment 101,Family Office,Key,Northeast,Luis Ashford,Victor Nguyen,false
AM-SR-001581,AM-CL-0076,E-0282,Reconciliation,2026-03-13,2026-03-16,Closed,3,3.43,true,Email,Low,Ironwood Capital Partners 76,Foundation,Key,Midwest,Nina Scott,Julian Adams,false
AM-SR-001582,AM-CL-0095,E-0280,Performance Report,2025-06-22,2025-06-25,Closed,5,3.6,false,Phone,Medium,Ironwood Sovereign Fund 95,Sub-Advisory,Standard,Southeast,Wei Thomas,Mateo Harris,false
AM-SR-001583,AM-CL-0118,E-0274,Reconciliation,2026-02-13,2026-02-14,Closed,3,1.15,false,Email,Low,Silverline Community Foundation 118,Family Office,Key,Midwest,Maya Ashford,Hannah Young,false
AM-SR-001584,AM-CL-0087,E-0290,Compliance Attestation,2025-01-08,2025-01-10,Closed,10,2.05,false,Portal,Low,Summit Capital Partners 87,Family Office,Strategic,APAC,Julian Collins,Luis Ashford,true
AM-SR-001585,AM-CL-0054,E-0290,Performance Report,2025-01-17,2025-01-22,Closed,5,5.13,true,Email,Medium,Granite Mutual Insurance 54,Corporate Pension,Standard,Pacific,Hannah Young,Luis Ashford,false
AM-SR-001586,AM-CL-0105,E-0284,Reconciliation,2025-11-06,2025-11-09,Closed,3,3.56,true,Email,Low,Northfield Community Foundation 105,Corporate Pension,Key,Midwest,Nina Scott,Iris Thomas,false
AM-SR-001587,AM-CL-0050,E-0276,Performance Report,2026-04-08,2026-04-11,Closed,5,3.45,false,Email,High,Harbor Community Foundation 50,Endowment,Standard,Pacific,Hannah Roberts,Felix Edwards,true
AM-SR-001588,AM-CL-0084,E-0287,Performance Report,2026-03-24,2026-04-19,Closed,5,26.16,true,Email,Medium,Ironwood Community Foundation 84,Sovereign,Standard,Southeast,Noah Nelson,Emma Allen,false
AM-SR-001589,AM-CL-0021,E-0286,Onboarding Document,2026-03-04,2026-03-06,Closed,7,2.43,false,Email,Low,Lakeshore Sovereign Fund 21,Sub-Advisory,Strategic,Pacific,Tom Silva,Daniel Nguyen,false
AM-SR-001590,AM-CL-0062,E-0278,Cash Movement,2025-07-14,2025-07-15,Closed,1,1.2,true,Email,Low,Northfield Teachers Retirement 62,Corporate Pension,Standard,Midwest,Owen Okafor,Lauren Lopez,false
AM-SR-001591,AM-CL-0085,E-0267,Performance Report,2025-02-17,2025-02-21,Closed,5,4.93,false,Phone,Medium,Summit Community Foundation 85,Sub-Advisory,Standard,Pacific,Luis Ashford,Felix Stewart,false
AM-SR-001592,AM-CL-0117,E-0289,Data Feed Issue,2026-06-20,2026-06-20,Closed,2,0.18,false,Email,Low,Lakeshore Teachers Retirement 117,Endowment,Standard,EMEA,Wei Thomas,Victor Nguyen,false
AM-SR-001593,AM-CL-0096,E-0272,Performance Report,2025-03-26,2025-03-28,Closed,5,2.4,false,Email,Medium,Cascade Teachers Retirement 96,Endowment,Strategic,APAC,Grace Bailey,Aisha Green,false
AM-SR-001594,AM-CL-0027,E-0271,Onboarding Document,2025-03-23,2025-03-25,Closed,7,2.15,false,Email,Medium,Northfield Teachers Retirement 27,Sovereign,Key,Mountain West,Hannah Roberts,Isabella Collins,false
AM-SR-001595,AM-CL-0137,E-0284,Performance Report,2025-05-26,2025-05-30,Closed,5,4.16,false,Portal,Medium,Northfield Sovereign Fund 137,Endowment,Strategic,Mountain West,Grace Bailey,Iris Thomas,false
AM-SR-001596,AM-CL-0105,E-0284,Fee Invoice Question,2026-04-16,2026-04-19,Closed,5,3.54,false,Email,Medium,Northfield Community Foundation 105,Corporate Pension,Key,Midwest,Nina Scott,Iris Thomas,false
AM-SR-001597,AM-CL-0011,E-0271,Performance Report,2026-01-07,2026-01-10,Closed,5,3.74,false,Portal,Medium,Lakeshore Community Foundation 11,Corporate Pension,Key,Midwest,Julian Collins,Isabella Collins,true
AM-SR-001598,AM-CL-0012,E-0289,Data Feed Issue,2026-02-20,2026-02-22,Closed,2,2.58,true,Portal,Medium,Blue Ridge Community Foundation 12,Foundation,Strategic,Mountain West,Luis Silva,Victor Nguyen,false
AM-SR-001599,AM-CL-0086,E-0268,Reconciliation,2025-08-12,2025-08-13,Closed,3,1.04,false,Portal,Medium,Cascade University Endowment 86,Public Pension,Standard,EMEA,Layla Carter,Rosa Nguyen,false
AM-SR-001600,AM-CL-0015,E-0287,Performance Report,2026-03-27,2026-04-01,Closed,5,5.53,true,Email,High,Northfield Teachers Retirement 15,Foundation,Key,Mountain West,Hannah Young,Emma Allen,false
AM-SR-001601,AM-CL-0058,E-0280,Onboarding Document,2026-06-10,2026-06-13,Closed,7,3.35,false,Email,Medium,Harbor Teachers Retirement 58,Sub-Advisory,Standard,APAC,Fatima Patel,Mateo Harris,false
AM-SR-001602,AM-CL-0055,E-0268,Performance Report,2026-06-18,2026-06-20,Closed,5,2.63,false,Email,Low,Granite Teachers Retirement 55,Sub-Advisory,Key,Northeast,Fatima Patel,Rosa Nguyen,false
AM-SR-001603,AM-CL-0050,E-0276,Performance Report,2024-11-09,2024-11-10,Closed,5,1.31,false,Email,High,Harbor Community Foundation 50,Endowment,Standard,Pacific,Hannah Roberts,Felix Edwards,false
AM-SR-001604,AM-CL-0005,E-0277,Reconciliation,2026-01-20,2026-01-20,Closed,3,0.99,false,Email,Medium,Blue Ridge Capital Partners 5,Sub-Advisory,Key,APAC,Rosa Miller,Kenji White,false
AM-SR-001605,AM-CL-0051,E-0272,Reconciliation,2025-03-03,2025-03-08,Closed,3,5.36,true,Email,Medium,Silverline Teachers Retirement 51,Insurance GA,Standard,EMEA,Nina Scott,Aisha Green,false
AM-SR-001606,AM-CL-0065,E-0286,Performance Report,2025-03-23,2025-03-27,Closed,5,4.98,false,Portal,High,Harbor Capital Partners 65,Foundation,Standard,Northeast,Iris Clark,Daniel Nguyen,false
AM-SR-001607,AM-CL-0139,E-0266,Cash Movement,2025-09-08,2025-09-08,Closed,1,0.29,false,Portal,Low,Lakeshore Teachers Retirement 139,Foundation,Strategic,Mountain West,Fatima Okafor,Ethan Roberts,false
AM-SR-001608,AM-CL-0053,E-0271,Cash Movement,2024-09-26,2024-09-26,Closed,1,0.85,false,Email,Low,Granite Sovereign Fund 53,Family Office,Standard,Northeast,Iris Clark,Isabella Collins,false
AM-SR-001609,AM-CL-0069,E-0274,Fee Invoice Question,2024-10-31,2024-11-01,Closed,5,1.38,false,Email,Low,Northfield Community Foundation 69,Family Office,Standard,Southeast,Hannah Roberts,Hannah Young,false
AM-SR-001610,AM-CL-0033,E-0266,Performance Report,2025-01-04,2025-01-08,Closed,5,4.8,false,Phone,Medium,Summit Employees Pension 33,Family Office,Standard,EMEA,Hannah Young,Ethan Roberts,true
AM-SR-001611,AM-CL-0071,E-0279,Reconciliation,2026-05-12,2026-05-16,Closed,3,4.86,true,Portal,Medium,Ironwood Capital Partners 71,Insurance GA,Standard,Mountain West,Iris Allen,Ravi Campbell,false
AM-SR-001612,AM-CL-0041,E-0279,Cash Movement,2024-10-25,2024-10-25,Closed,1,0.43,false,Email,Medium,Granite Mutual Insurance 41,Corporate Pension,Standard,APAC,Fatima Patel,Ravi Campbell,false
AM-SR-001613,AM-CL-0063,E-0284,Onboarding Document,2025-04-23,2025-04-29,Closed,7,6.52,false,Email,Medium,Cascade Employees Pension 63,Sovereign,Key,Mountain West,Fatima Patel,Iris Thomas,false
AM-SR-001614,AM-CL-0081,E-0267,Reconciliation,2026-08-06,2026-08-06,Closed,3,0.8,false,Portal,Low,Northfield Employees Pension 81,Family Office,Standard,Southeast,Wei Thomas,Felix Stewart,false
AM-SR-001615,AM-CL-0030,E-0275,Onboarding Document,2026-01-10,2026-01-12,Closed,7,2.77,false,Portal,Low,Meridian Capital Partners 30,Family Office,Standard,Southeast,Sofia Bailey,Daniel Allen,true
AM-SR-001616,AM-CL-0126,E-0270,Onboarding Document,2025-07-29,2025-07-31,Closed,7,2.5,false,Phone,Low,Northfield Employees Pension 126,Family Office,Strategic,Pacific,Noah Carter,Sara Kim,false
AM-SR-001617,AM-CL-0032,E-0279,Performance Report,2025-08-31,2025-09-10,Closed,5,10.13,true,Email,Medium,Meridian Sovereign Fund 32,Corporate Pension,Standard,Mountain West,Priya Martinez,Ravi Campbell,false
AM-SR-001618,AM-CL-0134,E-0281,Performance Report,2025-09-04,2025-09-07,Closed,5,3.18,false,Email,High,Granite Sovereign Fund 134,Family Office,Standard,Midwest,Maya Ashford,Sofia Campbell,false
AM-SR-001619,AM-CL-0056,E-0288,Compliance Attestation,2026-05-18,2026-05-25,Closed,10,7.03,false,Portal,High,Harbor Mutual Insurance 56,Endowment,Strategic,APAC,Grace Bailey,Mateo Collins,false
AM-SR-001620,AM-CL-0052,E-0285,Performance Report,2026-07-01,2026-07-04,Closed,5,3.98,false,Email,High,Lakeshore Mutual Insurance 52,Family Office,Key,Mountain West,Tom Silva,Aisha Ashford,true
AM-SR-001621,AM-CL-0007,E-0280,Onboarding Document,2026-08-12,2026-08-22,Closed,7,10.31,true,Portal,Medium,Ironwood Teachers Retirement 7,Insurance GA,Standard,Midwest,Fatima Okafor,Mateo Harris,false
AM-SR-001622,AM-CL-0009,E-0279,Onboarding Document,2026-08-31,,In Progress,7,,false,Email,High,Cascade Sovereign Fund 9,Corporate Pension,Strategic,Midwest,Fatima Patel,Ravi Campbell,false
AM-SR-001623,AM-CL-0090,E-0267,Reconciliation,2026-01-31,2026-02-02,Closed,3,2.82,false,Email,Low,Meridian University Endowment 90,Sovereign,Strategic,Midwest,Maya Ashford,Felix Stewart,false
AM-SR-001624,AM-CL-0090,E-0267,Performance Report,2025-11-30,2025-12-03,Closed,5,3.97,false,Portal,Medium,Meridian University Endowment 90,Sovereign,Strategic,Midwest,Maya Ashford,Felix Stewart,false
AM-SR-001625,AM-CL-0140,E-0272,Reconciliation,2024-09-29,2024-10-06,Closed,3,7.15,true,Email,Low,Lakeshore Teachers Retirement 140,Foundation,Key,Midwest,Wei Thomas,Aisha Green,false
AM-SR-001626,AM-CL-0046,E-0270,Reconciliation,2026-03-07,2026-03-09,Closed,3,2.22,false,Email,Low,Summit University Endowment 46,Foundation,Standard,Pacific,Fatima Patel,Sara Kim,false
AM-SR-001627,AM-CL-0081,E-0267,Reconciliation,2024-10-21,2024-10-22,Closed,3,1.35,false,Email,Low,Northfield Employees Pension 81,Family Office,Standard,Southeast,Wei Thomas,Felix Stewart,false
AM-SR-001628,AM-CL-0136,E-0287,Performance Report,2025-09-25,2025-09-30,Closed,5,5.71,true,Email,Medium,Summit University Endowment 136,Insurance GA,Key,APAC,Owen Okafor,Emma Allen,false
AM-SR-001629,AM-CL-0135,E-0287,Performance Report,2025-05-15,2025-05-16,Closed,5,1.58,false,Portal,Medium,Meridian Capital Partners 135,Public Pension,Standard,Southeast,Tom Silva,Emma Allen,false
AM-SR-001630,AM-CL-0074,E-0280,Compliance Attestation,2025-04-19,2025-04-25,Closed,10,6.23,false,Email,Medium,Harbor Capital Partners 74,Sub-Advisory,Standard,Mountain West,Noah Carter,Mateo Harris,false
AM-SR-001631,AM-CL-0103,E-0289,Performance Report,2025-05-23,2025-05-25,Closed,5,3.0,false,Email,Low,Blue Ridge University Endowment 103,Foundation,Standard,Midwest,Julian Collins,Victor Nguyen,false
AM-SR-001632,AM-CL-0032,E-0279,Reconciliation,2025-10-11,2025-10-19,Closed,3,8.37,true,Email,Low,Meridian Sovereign Fund 32,Corporate Pension,Standard,Mountain West,Priya Martinez,Ravi Campbell,true
AM-SR-001633,AM-CL-0130,E-0273,Fee Invoice Question,2026-07-14,2026-07-22,Closed,5,8.4,true,Portal,Low,Lakeshore University Endowment 130,Public Pension,Key,Northeast,Owen Okafor,Samuel Wright,false
AM-SR-001634,AM-CL-0007,E-0280,Reconciliation,2025-05-13,2025-05-17,Closed,3,4.67,true,Email,Medium,Ironwood Teachers Retirement 7,Insurance GA,Standard,Midwest,Fatima Okafor,Mateo Harris,false
AM-SR-001635,AM-CL-0036,E-0267,Reconciliation,2025-12-04,2025-12-06,Closed,3,2.4,false,Email,Medium,Harbor Teachers Retirement 36,Corporate Pension,Standard,APAC,Luis Silva,Felix Stewart,false
AM-SR-001636,AM-CL-0040,E-0268,Onboarding Document,2025-05-10,2025-05-21,Closed,7,11.53,true,Email,Medium,Cascade Capital Partners 40,Corporate Pension,Key,EMEA,Luis Silva,Rosa Nguyen,false
AM-SR-001637,AM-CL-0065,E-0286,Onboarding Document,2026-05-12,2026-05-14,Closed,7,2.47,false,Portal,High,Harbor Capital Partners 65,Foundation,Standard,Northeast,Iris Clark,Daniel Nguyen,false
AM-SR-001638,AM-CL-0083,E-0287,Compliance Attestation,2025-08-11,2025-08-18,Closed,10,7.83,false,Portal,Medium,Northfield Sovereign Fund 83,Public Pension,Strategic,APAC,Iris Allen,Emma Allen,false
AM-SR-001639,AM-CL-0037,E-0282,Fee Invoice Question,2025-07-20,2025-07-21,Closed,5,1.36,false,Email,Low,Harbor Capital Partners 37,Foundation,Standard,APAC,Nina Scott,Julian Adams,false
AM-SR-001640,AM-CL-0095,E-0280,Fee Invoice Question,2026-08-08,2026-08-13,Closed,5,5.93,true,Email,Low,Ironwood Sovereign Fund 95,Sub-Advisory,Standard,Southeast,Wei Thomas,Mateo Harris,false
AM-SR-001641,AM-CL-0052,E-0285,Data Feed Issue,2025-02-21,2025-02-23,Closed,2,2.9,true,Email,Low,Lakeshore Mutual Insurance 52,Family Office,Key,Mountain West,Tom Silva,Aisha Ashford,false
AM-SR-001642,AM-CL-0005,E-0277,Cash Movement,2025-09-19,2025-09-19,Closed,1,0.45,false,Phone,Medium,Blue Ridge Capital Partners 5,Sub-Advisory,Key,APAC,Rosa Miller,Kenji White,false
AM-SR-001643,AM-CL-0138,E-0271,Fee Invoice Question,2025-08-28,2025-09-02,Closed,5,5.99,true,Phone,Medium,Cascade Employees Pension 138,Endowment,Strategic,APAC,Tom Silva,Isabella Collins,false
AM-SR-001644,AM-CL-0118,E-0274,Performance Report,2025-08-31,2025-09-01,Closed,5,1.43,false,Portal,Low,Silverline Community Foundation 118,Family Office,Key,Midwest,Maya Ashford,Hannah Young,false
AM-SR-001645,AM-CL-0055,E-0268,Performance Report,2025-12-26,2025-12-30,Closed,5,4.6,false,Email,Medium,Granite Teachers Retirement 55,Sub-Advisory,Key,Northeast,Fatima Patel,Rosa Nguyen,false
AM-SR-001646,AM-CL-0135,E-0287,Performance Report,2026-08-12,2026-08-16,Closed,5,4.62,false,Portal,Low,Meridian Capital Partners 135,Public Pension,Standard,Southeast,Tom Silva,Emma Allen,false
AM-SR-001647,AM-CL-0072,E-0286,Performance Report,2025-11-09,2025-11-14,Closed,5,5.31,true,Portal,Medium,Blue Ridge Mutual Insurance 72,Foundation,Standard,Mountain West,Fatima Okafor,Daniel Nguyen,false
AM-SR-001648,AM-CL-0094,E-0271,Performance Report,2025-11-01,2025-11-09,Closed,5,8.8,true,Phone,Low,Granite Capital Partners 94,Family Office,Standard,Pacific,Luis Ashford,Isabella Collins,false
AM-SR-001649,AM-CL-0076,E-0282,Performance Report,2026-06-22,2026-06-26,Closed,5,4.33,false,Email,Low,Ironwood Capital Partners 76,Foundation,Key,Midwest,Nina Scott,Julian Adams,false
AM-SR-001650,AM-CL-0022,E-0273,Reconciliation,2024-11-20,2024-11-21,Closed,3,2.0,false,Email,Medium,Northfield Mutual Insurance 22,Foundation,Key,EMEA,Iris Allen,Samuel Wright,false
AM-SR-001651,AM-CL-0003,E-0280,Reconciliation,2025-10-05,2025-10-12,Closed,3,7.18,true,Portal,Medium,Blue Ridge Mutual Insurance 3,Foundation,Strategic,EMEA,Grace Martinez,Mateo Harris,true
AM-SR-001652,AM-CL-0115,E-0274,Performance Report,2026-07-21,2026-07-23,Closed,5,2.44,false,Portal,Low,Ironwood Capital Partners 115,Public Pension,Key,EMEA,Maya Ashford,Hannah Young,false
AM-SR-001653,AM-CL-0074,E-0280,Reconciliation,2025-05-29,2025-05-31,Closed,3,2.05,false,Portal,Low,Harbor Capital Partners 74,Sub-Advisory,Standard,Mountain West,Noah Carter,Mateo Harris,false
AM-SR-001654,AM-CL-0001,E-0279,Performance Report,2026-05-21,2026-05-22,Closed,5,1.71,false,Email,Medium,Lakeshore Employees Pension 1,Sub-Advisory,Strategic,Pacific,Wei Thomas,Ravi Campbell,false
AM-SR-001655,AM-CL-0084,E-0287,Cash Movement,2026-01-10,2026-01-10,Closed,1,0.41,false,Portal,Low,Ironwood Community Foundation 84,Sovereign,Standard,Southeast,Noah Nelson,Emma Allen,true
AM-SR-001656,AM-CL-0111,E-0270,Fee Invoice Question,2025-03-23,2025-03-28,Closed,5,5.31,true,Portal,Medium,Blue Ridge University Endowment 111,Sovereign,Strategic,Pacific,Iris Allen,Sara Kim,false
AM-SR-001657,AM-CL-0019,E-0283,Fee Invoice Question,2025-05-15,2025-05-21,Closed,5,6.69,true,Portal,Medium,Northfield Employees Pension 19,Family Office,Key,Southeast,Iris Kim,Victor Chen,false
AM-SR-001658,AM-CL-0017,E-0281,Cash Movement,2025-08-25,2025-08-26,Closed,1,1.11,true,Portal,Low,Lakeshore Teachers Retirement 17,Family Office,Standard,EMEA,Tom Silva,Sofia Campbell,false
AM-SR-001659,AM-CL-0090,E-0267,Reconciliation,2025-11-26,2025-11-30,Closed,3,4.34,true,Portal,Low,Meridian University Endowment 90,Sovereign,Strategic,Midwest,Maya Ashford,Felix Stewart,false
AM-SR-001660,AM-CL-0074,E-0280,Cash Movement,2024-11-19,2024-11-19,Closed,1,0.72,false,Email,Low,Harbor Capital Partners 74,Sub-Advisory,Standard,Mountain West,Noah Carter,Mateo Harris,false
AM-SR-001661,AM-CL-0038,E-0288,Performance Report,2025-12-17,2025-12-17,Closed,5,0.93,false,Phone,Medium,Summit Capital Partners 38,Endowment,Standard,Mountain West,Sofia Bailey,Mateo Collins,false
AM-SR-001662,AM-CL-0026,E-0266,Reconciliation,2025-01-14,2025-01-14,Closed,3,0.82,false,Portal,Medium,Summit Teachers Retirement 26,Foundation,Standard,Northeast,Layla Carter,Ethan Roberts,false
AM-SR-001663,AM-CL-0042,E-0286,Performance Report,2025-06-28,2025-06-29,Closed,5,1.15,false,Phone,Low,Blue Ridge Teachers Retirement 42,Public Pension,Standard,Mountain West,Layla Carter,Daniel Nguyen,false
AM-SR-001664,AM-CL-0137,E-0284,Cash Movement,2025-11-12,2025-11-13,Closed,1,1.13,true,Phone,Medium,Northfield Sovereign Fund 137,Endowment,Strategic,Mountain West,Grace Bailey,Iris Thomas,false
AM-SR-001665,AM-CL-0050,E-0276,Fee Invoice Question,2026-05-05,2026-05-08,Closed,5,3.28,false,Email,Medium,Harbor Community Foundation 50,Endowment,Standard,Pacific,Hannah Roberts,Felix Edwards,false
AM-SR-001666,AM-CL-0126,E-0270,Performance Report,2024-11-20,2024-12-03,Closed,5,13.74,true,Portal,High,Northfield Employees Pension 126,Family Office,Strategic,Pacific,Noah Carter,Sara Kim,false
AM-SR-001667,AM-CL-0138,E-0271,Compliance Attestation,2024-12-01,2024-12-14,Closed,10,13.82,true,Portal,Medium,Cascade Employees Pension 138,Endowment,Strategic,APAC,Tom Silva,Isabella Collins,false
AM-SR-001668,AM-CL-0111,E-0270,Data Feed Issue,2025-03-17,2025-03-17,Closed,2,0.8,false,Email,Medium,Blue Ridge University Endowment 111,Sovereign,Strategic,Pacific,Iris Allen,Sara Kim,false
AM-SR-001669,AM-CL-0052,E-0285,Performance Report,2024-09-10,2024-09-12,Closed,5,2.37,false,Email,Medium,Lakeshore Mutual Insurance 52,Family Office,Key,Mountain West,Tom Silva,Aisha Ashford,false
AM-SR-001670,AM-CL-0081,E-0267,Reconciliation,2025-07-30,2025-08-01,Closed,3,2.3,false,Email,Low,Northfield Employees Pension 81,Family Office,Standard,Southeast,Wei Thomas,Felix Stewart,false
AM-SR-001671,AM-CL-0128,E-0286,Fee Invoice Question,2025-07-26,2025-07-29,Closed,5,3.81,false,Phone,Medium,Cascade Mutual Insurance 128,Sub-Advisory,Key,Northeast,Noah Carter,Daniel Nguyen,false
AM-SR-001672,AM-CL-0108,E-0272,Performance Report,2024-12-21,2024-12-23,Closed,5,2.84,false,Portal,Medium,Ironwood Employees Pension 108,Family Office,Strategic,APAC,Grace Bailey,Aisha Green,false
AM-SR-001673,AM-CL-0034,E-0271,Reconciliation,2024-11-20,2024-11-21,Closed,3,2.0,false,Portal,Medium,Cascade Employees Pension 34,Insurance GA,Standard,Mountain West,Mei Hall,Isabella Collins,false
AM-SR-001674,AM-CL-0062,E-0278,Data Feed Issue,2024-11-03,2024-11-06,Closed,2,3.86,true,Email,Medium,Northfield Teachers Retirement 62,Corporate Pension,Standard,Midwest,Owen Okafor,Lauren Lopez,false
AM-SR-001675,AM-CL-0014,E-0288,Performance Report,2024-12-04,2024-12-10,Closed,5,6.71,true,Portal,Low,Granite Mutual Insurance 14,Corporate Pension,Standard,APAC,Fatima Okafor,Mateo Collins,false
AM-SR-001676,AM-CL-0076,E-0282,Cash Movement,2024-10-28,2024-10-28,Closed,1,0.5,false,Email,Medium,Ironwood Capital Partners 76,Foundation,Key,Midwest,Nina Scott,Julian Adams,false
AM-SR-001677,AM-CL-0060,E-0284,Performance Report,2024-10-15,2024-10-24,Closed,5,9.83,true,Portal,Low,Granite Teachers Retirement 60,Sovereign,Standard,Northeast,Hannah Young,Iris Thomas,false
AM-SR-001678,AM-CL-0076,E-0282,Onboarding Document,2026-02-18,2026-02-27,Closed,7,9.85,true,Email,Low,Ironwood Capital Partners 76,Foundation,Key,Midwest,Nina Scott,Julian Adams,false
AM-SR-001679,AM-CL-0059,E-0273,Cash Movement,2026-08-06,2026-08-06,Closed,1,0.3,false,Phone,Medium,Lakeshore Teachers Retirement 59,Endowment,Strategic,Midwest,Nina Scott,Samuel Wright,false
AM-SR-001680,AM-CL-0132,E-0273,Cash Movement,2024-12-29,2024-12-29,Closed,1,0.71,false,Portal,Medium,Blue Ridge Teachers Retirement 132,Sovereign,Standard,APAC,Fatima Patel,Samuel Wright,false
AM-SR-001681,AM-CL-0122,E-0276,Cash Movement,2025-01-28,2025-01-28,Closed,1,0.74,false,Email,Low,Granite Teachers Retirement 122,Insurance GA,Standard,EMEA,Luis Ashford,Felix Edwards,false
AM-SR-001682,AM-CL-0026,E-0266,Cash Movement,2025-02-04,2025-02-04,Closed,1,0.87,false,Email,Medium,Summit Teachers Retirement 26,Foundation,Standard,Northeast,Layla Carter,Ethan Roberts,false
AM-SR-001683,AM-CL-0030,E-0275,Cash Movement,2026-02-02,2026-02-02,Closed,1,0.84,false,Portal,Medium,Meridian Capital Partners 30,Family Office,Standard,Southeast,Sofia Bailey,Daniel Allen,false
AM-SR-001684,AM-CL-0026,E-0266,Reconciliation,2025-11-14,2025-11-16,Closed,3,2.89,false,Email,High,Summit Teachers Retirement 26,Foundation,Standard,Northeast,Layla Carter,Ethan Roberts,false
AM-SR-001685,AM-CL-0041,E-0279,Performance Report,2026-01-06,2026-01-13,Closed,5,7.03,true,Portal,Medium,Granite Mutual Insurance 41,Corporate Pension,Standard,APAC,Fatima Patel,Ravi Campbell,true
AM-SR-001686,AM-CL-0025,E-0287,Performance Report,2025-09-24,2025-09-28,Closed,5,4.24,false,Portal,Low,Summit Teachers Retirement 25,Insurance GA,Standard,Midwest,Rosa Miller,Emma Allen,false
AM-SR-001687,AM-CL-0081,E-0267,Cash Movement,2025-09-17,2025-09-17,Closed,1,0.76,false,Email,Medium,Northfield Employees Pension 81,Family Office,Standard,Southeast,Wei Thomas,Felix Stewart,false
AM-SR-001688,AM-CL-0119,E-0285,Cash Movement,2024-12-29,2024-12-29,Closed,1,0.89,false,Phone,Low,Harbor Sovereign Fund 119,Endowment,Key,Pacific,Hannah Roberts,Aisha Ashford,false
AM-SR-001689,AM-CL-0075,E-0270,Compliance Attestation,2025-12-13,2025-12-26,Closed,10,13.22,true,Portal,High,Harbor Teachers Retirement 75,Endowment,Standard,Mountain West,Fatima Patel,Sara Kim,false
AM-SR-001690,AM-CL-0101,E-0289,Performance Report,2025-09-02,2025-09-17,Closed,5,15.98,true,Email,Low,Harbor University Endowment 101,Family Office,Key,Northeast,Luis Ashford,Victor Nguyen,false
AM-SR-001691,AM-CL-0120,E-0279,Performance Report,2026-07-27,2026-07-29,Closed,5,2.95,false,Email,Medium,Ironwood Capital Partners 120,Foundation,Standard,Pacific,Owen Okafor,Ravi Campbell,false
AM-SR-001692,AM-CL-0055,E-0268,Onboarding Document,2024-11-07,2024-11-12,Closed,7,5.18,false,Email,Medium,Granite Teachers Retirement 55,Sub-Advisory,Key,Northeast,Fatima Patel,Rosa Nguyen,false
AM-SR-001693,AM-CL-0122,E-0276,Compliance Attestation,2025-12-14,2025-12-17,Closed,10,3.38,false,Email,Medium,Granite Teachers Retirement 122,Insurance GA,Standard,EMEA,Luis Ashford,Felix Edwards,false
AM-SR-001694,AM-CL-0092,E-0284,Reconciliation,2025-11-10,2025-11-11,Closed,3,1.08,false,Portal,Low,Meridian Capital Partners 92,Public Pension,Key,Northeast,Noah Carter,Iris Thomas,false
AM-SR-001695,AM-CL-0078,E-0278,Compliance Attestation,2025-11-18,2025-11-29,Closed,10,11.52,true,Portal,Medium,Lakeshore Employees Pension 78,Insurance GA,Standard,EMEA,Julian Collins,Lauren Lopez,false
AM-SR-001696,AM-CL-0121,E-0285,Performance Report,2024-09-23,2024-10-01,Closed,5,8.42,true,Email,Low,Meridian Capital Partners 121,Corporate Pension,Standard,Northeast,Iris Allen,Aisha Ashford,false
AM-SR-001697,AM-CL-0103,E-0289,Compliance Attestation,2025-01-10,2025-01-18,Closed,10,8.87,false,Email,High,Blue Ridge University Endowment 103,Foundation,Standard,Midwest,Julian Collins,Victor Nguyen,true
AM-SR-001698,AM-CL-0053,E-0271,Performance Report,2025-06-06,2025-06-09,Closed,5,3.08,false,Email,Medium,Granite Sovereign Fund 53,Family Office,Standard,Northeast,Iris Clark,Isabella Collins,false
AM-SR-001699,AM-CL-0132,E-0273,Fee Invoice Question,2025-11-11,2025-11-13,Closed,5,2.42,false,Phone,Low,Blue Ridge Teachers Retirement 132,Sovereign,Standard,APAC,Fatima Patel,Samuel Wright,false
AM-SR-001700,AM-CL-0014,E-0288,Performance Report,2025-01-06,2025-01-08,Closed,5,2.1,false,Portal,Medium,Granite Mutual Insurance 14,Corporate Pension,Standard,APAC,Fatima Okafor,Mateo Collins,true
AM-SR-001701,AM-CL-0123,E-0272,Fee Invoice Question,2026-06-12,2026-06-13,Closed,5,1.17,false,Portal,Medium,Cascade Mutual Insurance 123,Sub-Advisory,Standard,Southeast,Layla Carter,Aisha Green,false
AM-SR-001702,AM-CL-0111,E-0270,Performance Report,2026-07-08,2026-07-12,Closed,5,4.2,false,Portal,Medium,Blue Ridge University Endowment 111,Sovereign,Strategic,Pacific,Iris Allen,Sara Kim,true
AM-SR-001703,AM-CL-0071,E-0279,Reconciliation,2026-08-31,,Open,3,,true,Email,Medium,Ironwood Capital Partners 71,Insurance GA,Standard,Mountain West,Iris Allen,Ravi Campbell,false
AM-SR-001704,AM-CL-0086,E-0268,Compliance Attestation,2026-08-28,2026-08-31,Closed,10,3.33,false,Portal,Medium,Cascade University Endowment 86,Public Pension,Standard,EMEA,Layla Carter,Rosa Nguyen,false
AM-SR-001705,AM-CL-0037,E-0282,Reconciliation,2025-01-16,2025-01-17,Closed,3,1.98,false,Email,Medium,Harbor Capital Partners 37,Foundation,Standard,APAC,Nina Scott,Julian Adams,false
AM-SR-001706,AM-CL-0044,E-0282,Fee Invoice Question,2025-06-28,2025-06-30,Closed,5,2.86,false,Email,Low,Blue Ridge Teachers Retirement 44,Sovereign,Key,Southeast,Fatima Patel,Julian Adams,false
AM-SR-001707,AM-CL-0118,E-0274,Cash Movement,2024-12-14,2024-12-14,Closed,1,0.78,false,Email,Low,Silverline Community Foundation 118,Family Office,Key,Midwest,Maya Ashford,Hannah Young,false
AM-SR-001708,AM-CL-0114,E-0278,Performance Report,2025-10-01,2025-10-03,Closed,5,2.32,false,Email,Low,Meridian Mutual Insurance 114,Family Office,Strategic,Midwest,Rosa Miller,Lauren Lopez,true
AM-SR-001709,AM-CL-0034,E-0271,Performance Report,2025-11-07,2025-11-09,Closed,5,2.47,false,Portal,Low,Cascade Employees Pension 34,Insurance GA,Standard,Mountain West,Mei Hall,Isabella Collins,false
AM-SR-001710,AM-CL-0015,E-0287,Cash Movement,2025-01-05,2025-01-06,Closed,1,1.3,true,Email,Medium,Northfield Teachers Retirement 15,Foundation,Key,Mountain West,Hannah Young,Emma Allen,true
AM-SR-001711,AM-CL-0125,E-0286,Reconciliation,2026-08-22,2026-08-23,Closed,3,1.26,false,Portal,Medium,Northfield Mutual Insurance 125,Insurance GA,Key,Mountain West,Luis Silva,Daniel Nguyen,false
AM-SR-001712,AM-CL-0129,E-0273,Reconciliation,2025-11-24,2025-11-25,Closed,3,1.55,false,Portal,Medium,Blue Ridge Mutual Insurance 129,Foundation,Key,Pacific,Luis Silva,Samuel Wright,false
AM-SR-001713,AM-CL-0123,E-0272,Fee Invoice Question,2025-06-08,2025-06-17,Closed,5,9.77,true,Email,High,Cascade Mutual Insurance 123,Sub-Advisory,Standard,Southeast,Layla Carter,Aisha Green,false
AM-SR-001714,AM-CL-0030,E-0275,Reconciliation,2026-05-22,2026-05-22,Closed,3,0.85,false,Email,Low,Meridian Capital Partners 30,Family Office,Standard,Southeast,Sofia Bailey,Daniel Allen,false
AM-SR-001715,AM-CL-0100,E-0284,Reconciliation,2025-07-30,2025-07-31,Closed,3,1.21,false,Portal,Medium,Harbor Mutual Insurance 100,Sub-Advisory,Key,EMEA,Luis Ashford,Iris Thomas,false
AM-SR-001716,AM-CL-0115,E-0274,Performance Report,2025-11-05,2025-11-07,Closed,5,2.14,false,Portal,Medium,Ironwood Capital Partners 115,Public Pension,Key,EMEA,Maya Ashford,Hannah Young,false
AM-SR-001717,AM-CL-0017,E-0281,Performance Report,2025-09-08,2025-09-11,Closed,5,3.33,false,Portal,High,Lakeshore Teachers Retirement 17,Family Office,Standard,EMEA,Tom Silva,Sofia Campbell,false
AM-SR-001718,AM-CL-0138,E-0271,Cash Movement,2025-06-01,2025-06-01,Closed,1,0.58,false,Email,Medium,Cascade Employees Pension 138,Endowment,Strategic,APAC,Tom Silva,Isabella Collins,false
AM-SR-001719,AM-CL-0020,E-0266,Performance Report,2026-04-15,2026-04-16,Closed,5,1.94,false,Email,Low,Summit Capital Partners 20,Corporate Pension,Standard,Mountain West,Wei Thomas,Ethan Roberts,false
AM-SR-001720,AM-CL-0018,E-0266,Cash Movement,2025-03-22,2025-03-22,Closed,1,0.37,false,Portal,Low,Meridian Mutual Insurance 18,Public Pension,Key,Pacific,Noah Carter,Ethan Roberts,false
AM-SR-001721,AM-CL-0008,E-0279,Reconciliation,2026-05-29,2026-05-30,Closed,3,1.22,false,Portal,Low,Granite Community Foundation 8,Insurance GA,Standard,Mountain West,Luis Silva,Ravi Campbell,false
AM-SR-001722,AM-CL-0100,E-0284,Reconciliation,2024-11-14,2024-11-18,Closed,3,4.36,true,Email,High,Harbor Mutual Insurance 100,Sub-Advisory,Key,EMEA,Luis Ashford,Iris Thomas,false
AM-SR-001723,AM-CL-0133,E-0275,Fee Invoice Question,2024-09-10,2024-09-13,Closed,5,3.3,false,Email,Low,Granite University Endowment 133,Insurance GA,Standard,Northeast,Luis Silva,Daniel Allen,false
AM-SR-001724,AM-CL-0120,E-0279,Reconciliation,2025-08-20,2025-08-21,Closed,3,1.42,false,Portal,Medium,Ironwood Capital Partners 120,Foundation,Standard,Pacific,Owen Okafor,Ravi Campbell,false
AM-SR-001725,AM-CL-0112,E-0289,Compliance Attestation,2024-09-05,2024-09-13,Closed,10,8.89,false,Portal,Medium,Northfield University Endowment 112,Endowment,Standard,APAC,Fatima Okafor,Victor Nguyen,false
AM-SR-001726,AM-CL-0087,E-0290,Performance Report,2025-03-19,2025-03-24,Closed,5,5.54,true,Email,High,Summit Capital Partners 87,Family Office,Strategic,APAC,Julian Collins,Luis Ashford,false
AM-SR-001727,AM-CL-0085,E-0267,Reconciliation,2025-06-06,2025-06-08,Closed,3,2.11,false,Email,Low,Summit Community Foundation 85,Sub-Advisory,Standard,Pacific,Luis Ashford,Felix Stewart,false
AM-SR-001728,AM-CL-0008,E-0279,Reconciliation,2026-03-30,2026-03-31,Closed,3,1.05,false,Email,High,Granite Community Foundation 8,Insurance GA,Standard,Mountain West,Luis Silva,Ravi Campbell,false
AM-SR-001729,AM-CL-0104,E-0279,Cash Movement,2025-01-24,2025-01-24,Closed,1,0.77,false,Portal,Medium,Blue Ridge University Endowment 104,Sub-Advisory,Standard,Pacific,Owen Okafor,Ravi Campbell,false
AM-SR-001730,AM-CL-0039,E-0275,Performance Report,2026-05-09,2026-05-10,Closed,5,1.53,false,Portal,Medium,Blue Ridge Mutual Insurance 39,Foundation,Key,APAC,Iris Clark,Daniel Allen,false
AM-SR-001731,AM-CL-0127,E-0266,Fee Invoice Question,2025-08-01,2025-08-02,Closed,5,1.58,false,Email,Low,Granite Community Foundation 127,Sovereign,Standard,APAC,Layla Carter,Ethan Roberts,false
AM-SR-001732,AM-CL-0044,E-0282,Data Feed Issue,2025-01-31,2025-02-02,Closed,2,2.4,true,Phone,Low,Blue Ridge Teachers Retirement 44,Sovereign,Key,Southeast,Fatima Patel,Julian Adams,false
AM-SR-001733,AM-CL-0009,E-0279,Reconciliation,2026-05-19,2026-05-20,Closed,3,1.85,false,Portal,Medium,Cascade Sovereign Fund 9,Corporate Pension,Strategic,Midwest,Fatima Patel,Ravi Campbell,false
AM-SR-001734,AM-CL-0129,E-0273,Reconciliation,2024-09-21,2024-09-22,Closed,3,1.27,false,Portal,Low,Blue Ridge Mutual Insurance 129,Foundation,Key,Pacific,Luis Silva,Samuel Wright,false
AM-SR-001735,AM-CL-0087,E-0290,Compliance Attestation,2025-06-03,2025-06-07,Closed,10,4.46,false,Portal,High,Summit Capital Partners 87,Family Office,Strategic,APAC,Julian Collins,Luis Ashford,false
AM-SR-001736,AM-CL-0121,E-0285,Performance Report,2025-03-20,2025-03-24,Closed,5,4.83,false,Phone,Medium,Meridian Capital Partners 121,Corporate Pension,Standard,Northeast,Iris Allen,Aisha Ashford,false
AM-SR-001737,AM-CL-0093,E-0275,Compliance Attestation,2026-05-24,2026-05-26,Closed,10,2.7,false,Portal,Medium,Harbor Community Foundation 93,Corporate Pension,Strategic,Southeast,Maya Ashford,Daniel Allen,false
AM-SR-001738,AM-CL-0070,E-0282,Fee Invoice Question,2026-06-04,2026-06-07,Closed,5,3.84,false,Portal,Medium,Cascade Capital Partners 70,Public Pension,Strategic,EMEA,Noah Nelson,Julian Adams,false
AM-SR-001739,AM-CL-0139,E-0266,Performance Report,2026-03-24,2026-03-25,Closed,5,1.51,false,Email,Medium,Lakeshore Teachers Retirement 139,Foundation,Strategic,Mountain West,Fatima Okafor,Ethan Roberts,false
AM-SR-001740,AM-CL-0054,E-0290,Reconciliation,2026-02-22,2026-02-24,Closed,3,2.39,false,Portal,High,Granite Mutual Insurance 54,Corporate Pension,Standard,Pacific,Hannah Young,Luis Ashford,false
AM-SR-001741,AM-CL-0086,E-0268,Cash Movement,2026-05-11,2026-05-11,Closed,1,0.77,false,Email,High,Cascade University Endowment 86,Public Pension,Standard,EMEA,Layla Carter,Rosa Nguyen,false
AM-SR-001742,AM-CL-0061,E-0290,Data Feed Issue,2025-11-04,2025-11-05,Closed,2,1.22,false,Email,Medium,Summit Sovereign Fund 61,Insurance GA,Key,Midwest,Iris Allen,Luis Ashford,false
AM-SR-001743,AM-CL-0112,E-0289,Performance Report,2024-11-12,2024-11-13,Closed,5,1.16,false,Email,Medium,Northfield University Endowment 112,Endowment,Standard,APAC,Fatima Okafor,Victor Nguyen,false
AM-SR-001744,AM-CL-0121,E-0285,Reconciliation,2025-05-12,2025-05-16,Closed,3,4.75,true,Portal,Low,Meridian Capital Partners 121,Corporate Pension,Standard,Northeast,Iris Allen,Aisha Ashford,false
AM-SR-001745,AM-CL-0098,E-0268,Performance Report,2025-04-25,2025-04-29,Closed,5,4.17,false,Email,Medium,Summit Capital Partners 98,Corporate Pension,Key,EMEA,Luis Silva,Rosa Nguyen,false
AM-SR-001746,AM-CL-0037,E-0282,Performance Report,2025-05-30,2025-05-31,Closed,5,1.9,false,Email,High,Harbor Capital Partners 37,Foundation,Standard,APAC,Nina Scott,Julian Adams,false
AM-SR-001747,AM-CL-0001,E-0279,Data Feed Issue,2025-08-13,2025-08-14,Closed,2,1.31,false,Email,Low,Lakeshore Employees Pension 1,Sub-Advisory,Strategic,Pacific,Wei Thomas,Ravi Campbell,false
AM-SR-001748,AM-CL-0139,E-0266,Data Feed Issue,2025-08-23,2025-08-25,Closed,2,2.02,true,Email,Low,Lakeshore Teachers Retirement 139,Foundation,Strategic,Mountain West,Fatima Okafor,Ethan Roberts,false
AM-SR-001749,AM-CL-0063,E-0284,Onboarding Document,2025-08-08,2025-08-17,Closed,7,9.24,true,Email,High,Cascade Employees Pension 63,Sovereign,Key,Mountain West,Fatima Patel,Iris Thomas,false
AM-SR-001750,AM-CL-0067,E-0275,Compliance Attestation,2025-06-22,2025-06-24,Closed,10,2.29,false,Portal,Medium,Silverline Employees Pension 67,Public Pension,Key,Midwest,Leo King,Daniel Allen,false
AM-SR-001751,AM-CL-0002,E-0268,Cash Movement,2025-08-06,2025-08-06,Closed,1,0.85,false,Portal,Medium,Blue Ridge Sovereign Fund 2,Family Office,Key,EMEA,Noah Carter,Rosa Nguyen,false
AM-SR-001752,AM-CL-0055,E-0268,Data Feed Issue,2026-05-27,2026-05-28,Closed,2,1.74,false,Portal,Medium,Granite Teachers Retirement 55,Sub-Advisory,Key,Northeast,Fatima Patel,Rosa Nguyen,false
AM-SR-001753,AM-CL-0075,E-0270,Compliance Attestation,2025-10-13,2025-10-18,Closed,10,5.62,false,Portal,High,Harbor Teachers Retirement 75,Endowment,Standard,Mountain West,Fatima Patel,Sara Kim,false
AM-SR-001754,AM-CL-0042,E-0286,Compliance Attestation,2025-07-06,2025-07-14,Closed,10,8.46,false,Portal,Medium,Blue Ridge Teachers Retirement 42,Public Pension,Standard,Mountain West,Layla Carter,Daniel Nguyen,true
AM-SR-001755,AM-CL-0092,E-0284,Onboarding Document,2026-04-03,2026-04-12,Closed,7,9.46,true,Email,Medium,Meridian Capital Partners 92,Public Pension,Key,Northeast,Noah Carter,Iris Thomas,true
AM-SR-001756,AM-CL-0069,E-0274,Performance Report,2025-10-08,2025-10-10,Closed,5,2.98,false,Portal,Medium,Northfield Community Foundation 69,Family Office,Standard,Southeast,Hannah Roberts,Hannah Young,true
AM-SR-001757,AM-CL-0128,E-0286,Compliance Attestation,2025-03-06,2025-03-08,Closed,10,2.01,false,Email,High,Cascade Mutual Insurance 128,Sub-Advisory,Key,Northeast,Noah Carter,Daniel Nguyen,false
AM-SR-001758,AM-CL-0114,E-0278,Compliance Attestation,2025-01-18,2025-01-30,Closed,10,12.73,true,Portal,Medium,Meridian Mutual Insurance 114,Family Office,Strategic,Midwest,Rosa Miller,Lauren Lopez,false
AM-SR-001759,AM-CL-0064,E-0274,Onboarding Document,2025-11-10,2025-11-13,Closed,7,3.13,false,Email,Medium,Granite Mutual Insurance 64,Sub-Advisory,Standard,Midwest,Layla Carter,Hannah Young,false
AM-SR-001760,AM-CL-0011,E-0271,Performance Report,2025-08-09,2025-08-14,Closed,5,5.23,true,Email,Medium,Lakeshore Community Foundation 11,Corporate Pension,Key,Midwest,Julian Collins,Isabella Collins,false
AM-SR-001761,AM-CL-0054,E-0290,Performance Report,2025-12-19,2025-12-22,Closed,5,3.61,false,Portal,Low,Granite Mutual Insurance 54,Corporate Pension,Standard,Pacific,Hannah Young,Luis Ashford,false
AM-SR-001762,AM-CL-0057,E-0281,Reconciliation,2026-04-13,2026-04-16,Closed,3,3.37,true,Email,Medium,Lakeshore University Endowment 57,Sovereign,Standard,Mountain West,Luis Silva,Sofia Campbell,false
AM-SR-001763,AM-CL-0039,E-0275,Reconciliation,2025-05-20,2025-05-22,Closed,3,2.07,false,Email,Low,Blue Ridge Mutual Insurance 39,Foundation,Key,APAC,Iris Clark,Daniel Allen,false
AM-SR-001764,AM-CL-0080,E-0275,Reconciliation,2024-09-24,2024-09-27,Closed,3,3.82,true,Email,Low,Harbor Teachers Retirement 80,Insurance GA,Standard,Pacific,Layla Carter,Daniel Allen,false
AM-SR-001765,AM-CL-0001,E-0279,Reconciliation,2024-12-02,2024-12-04,Closed,3,2.22,false,Email,Low,Lakeshore Employees Pension 1,Sub-Advisory,Strategic,Pacific,Wei Thomas,Ravi Campbell,false
AM-SR-001766,AM-CL-0135,E-0287,Reconciliation,2024-11-01,2024-11-02,Closed,3,1.11,false,Portal,Medium,Meridian Capital Partners 135,Public Pension,Standard,Southeast,Tom Silva,Emma Allen,false
AM-SR-001767,AM-CL-0081,E-0267,Fee Invoice Question,2026-03-04,2026-03-13,Closed,5,9.33,true,Email,Medium,Northfield Employees Pension 81,Family Office,Standard,Southeast,Wei Thomas,Felix Stewart,false
AM-SR-001768,AM-CL-0008,E-0279,Performance Report,2025-04-16,2025-04-22,Closed,5,6.03,true,Phone,Low,Granite Community Foundation 8,Insurance GA,Standard,Mountain West,Luis Silva,Ravi Campbell,false
AM-SR-001769,AM-CL-0038,E-0288,Onboarding Document,2025-10-25,2025-10-29,Closed,7,4.26,false,Portal,Medium,Summit Capital Partners 38,Endowment,Standard,Mountain West,Sofia Bailey,Mateo Collins,false
AM-SR-001770,AM-CL-0016,E-0269,Fee Invoice Question,2025-01-20,2025-01-26,Closed,5,6.99,true,Email,Medium,Ironwood Sovereign Fund 16,Sovereign,Key,Pacific,Maya Ashford,Noah Hall,false
AM-SR-001771,AM-CL-0133,E-0275,Compliance Attestation,2024-11-05,2024-11-09,Closed,10,4.43,false,Portal,High,Granite University Endowment 133,Insurance GA,Standard,Northeast,Luis Silva,Daniel Allen,false
AM-SR-001772,AM-CL-0089,E-0280,Reconciliation,2026-07-15,2026-07-16,Closed,3,1.48,false,Email,Medium,Blue Ridge Community Foundation 89,Endowment,Standard,Midwest,Tom Silva,Mateo Harris,false
AM-SR-001773,AM-CL-0099,E-0279,Performance Report,2025-02-19,2025-02-22,Closed,5,3.71,false,Portal,High,Cascade Teachers Retirement 99,Foundation,Key,APAC,Hannah Young,Ravi Campbell,false
AM-SR-001774,AM-CL-0071,E-0279,Cash Movement,2026-02-02,2026-02-02,Closed,1,0.53,false,Email,Low,Ironwood Capital Partners 71,Insurance GA,Standard,Mountain West,Iris Allen,Ravi Campbell,false
AM-SR-001775,AM-CL-0006,E-0284,Fee Invoice Question,2024-10-10,2024-10-15,Closed,5,5.75,true,Portal,Low,Cascade Employees Pension 6,Family Office,Standard,APAC,Sofia Bailey,Iris Thomas,true
AM-SR-001776,AM-CL-0021,E-0286,Performance Report,2025-02-09,2025-02-14,Closed,5,5.12,true,Email,Low,Lakeshore Sovereign Fund 21,Sub-Advisory,Strategic,Pacific,Tom Silva,Daniel Nguyen,false
AM-SR-001777,AM-CL-0133,E-0275,Reconciliation,2025-11-02,2025-11-05,Closed,3,3.17,true,Email,Low,Granite University Endowment 133,Insurance GA,Standard,Northeast,Luis Silva,Daniel Allen,false
AM-SR-001778,AM-CL-0126,E-0270,Performance Report,2025-02-08,2025-02-12,Closed,5,4.41,false,Portal,High,Northfield Employees Pension 126,Family Office,Strategic,Pacific,Noah Carter,Sara Kim,false
AM-SR-001779,AM-CL-0109,E-0288,Reconciliation,2026-07-26,2026-07-27,Closed,3,1.43,false,Portal,Low,Cascade Community Foundation 109,Sub-Advisory,Standard,APAC,Luis Silva,Mateo Collins,false
AM-SR-001780,AM-CL-0119,E-0285,Cash Movement,2024-12-31,2024-12-31,Closed,1,0.66,false,Portal,Low,Harbor Sovereign Fund 119,Endowment,Key,Pacific,Hannah Roberts,Aisha Ashford,false
AM-SR-001781,AM-CL-0038,E-0288,Onboarding Document,2025-07-10,2025-07-11,Closed,7,1.71,false,Portal,Medium,Summit Capital Partners 38,Endowment,Standard,Mountain West,Sofia Bailey,Mateo Collins,true
AM-SR-001782,AM-CL-0095,E-0280,Compliance Attestation,2024-10-25,2024-11-02,Closed,10,8.83,false,Email,Medium,Ironwood Sovereign Fund 95,Sub-Advisory,Standard,Southeast,Wei Thomas,Mateo Harris,false
AM-SR-001783,AM-CL-0115,E-0274,Onboarding Document,2024-10-10,2024-10-17,Closed,7,7.49,true,Phone,Low,Ironwood Capital Partners 115,Public Pension,Key,EMEA,Maya Ashford,Hannah Young,true
AM-SR-001784,AM-CL-0017,E-0281,Data Feed Issue,2025-04-20,2025-04-22,Closed,2,2.35,true,Email,Medium,Lakeshore Teachers Retirement 17,Family Office,Standard,EMEA,Tom Silva,Sofia Campbell,false
AM-SR-001785,AM-CL-0011,E-0271,Reconciliation,2025-02-16,2025-02-18,Closed,3,2.36,false,Email,High,Lakeshore Community Foundation 11,Corporate Pension,Key,Midwest,Julian Collins,Isabella Collins,false
AM-SR-001786,AM-CL-0089,E-0280,Fee Invoice Question,2025-05-14,2025-05-16,Closed,5,2.37,false,Email,Low,Blue Ridge Community Foundation 89,Endowment,Standard,Midwest,Tom Silva,Mateo Harris,false
AM-SR-001787,AM-CL-0012,E-0289,Performance Report,2026-05-15,2026-05-17,Closed,5,2.22,false,Email,Medium,Blue Ridge Community Foundation 12,Foundation,Strategic,Mountain West,Luis Silva,Victor Nguyen,false
AM-SR-001788,AM-CL-0109,E-0288,Cash Movement,2026-05-01,2026-05-01,Closed,1,0.77,false,Email,Medium,Cascade Community Foundation 109,Sub-Advisory,Standard,APAC,Luis Silva,Mateo Collins,false
AM-SR-001789,AM-CL-0091,E-0285,Data Feed Issue,2025-04-14,2025-04-14,Closed,2,0.72,false,Portal,Medium,Northfield University Endowment 91,Insurance GA,Standard,Mountain West,Owen Okafor,Aisha Ashford,false
AM-SR-001790,AM-CL-0016,E-0269,Reconciliation,2026-02-20,2026-02-25,Closed,3,5.54,true,Portal,Medium,Ironwood Sovereign Fund 16,Sovereign,Key,Pacific,Maya Ashford,Noah Hall,false
AM-SR-001791,AM-CL-0059,E-0273,Reconciliation,2025-11-02,2025-11-03,Closed,3,1.59,false,Phone,Medium,Lakeshore Teachers Retirement 59,Endowment,Strategic,Midwest,Nina Scott,Samuel Wright,false
AM-SR-001792,AM-CL-0077,E-0282,Cash Movement,2025-01-15,2025-01-16,Closed,1,1.03,true,Phone,Low,Granite Teachers Retirement 77,Sovereign,Key,Midwest,Mei Hall,Julian Adams,false
AM-SR-001793,AM-CL-0083,E-0287,Performance Report,2025-05-20,2025-05-23,Closed,5,3.96,false,Email,Low,Northfield Sovereign Fund 83,Public Pension,Strategic,APAC,Iris Allen,Emma Allen,false
AM-SR-001794,AM-CL-0054,E-0290,Onboarding Document,2025-12-17,2025-12-23,Closed,7,6.93,false,Email,High,Granite Mutual Insurance 54,Corporate Pension,Standard,Pacific,Hannah Young,Luis Ashford,false
AM-SR-001795,AM-CL-0099,E-0279,Fee Invoice Question,2024-12-29,2024-12-30,Closed,5,1.07,false,Email,Low,Cascade Teachers Retirement 99,Foundation,Key,APAC,Hannah Young,Ravi Campbell,false
AM-SR-001796,AM-CL-0067,E-0275,Compliance Attestation,2025-05-03,2025-05-25,Closed,10,22.48,true,Portal,Low,Silverline Employees Pension 67,Public Pension,Key,Midwest,Leo King,Daniel Allen,false
AM-SR-001797,AM-CL-0020,E-0266,Reconciliation,2026-07-04,2026-07-12,Closed,3,8.24,true,Portal,High,Summit Capital Partners 20,Corporate Pension,Standard,Mountain West,Wei Thomas,Ethan Roberts,true
AM-SR-001798,AM-CL-0069,E-0274,Performance Report,2025-08-05,2025-08-19,Closed,5,14.24,true,Portal,High,Northfield Community Foundation 69,Family Office,Standard,Southeast,Hannah Roberts,Hannah Young,false
AM-SR-001799,AM-CL-0136,E-0287,Reconciliation,2025-02-21,2025-02-26,Closed,3,5.59,true,Portal,High,Summit University Endowment 136,Insurance GA,Key,APAC,Owen Okafor,Emma Allen,false
AM-SR-001800,AM-CL-0034,E-0271,Performance Report,2025-04-07,2025-04-11,Closed,5,4.84,false,Email,Low,Cascade Employees Pension 34,Insurance GA,Standard,Mountain West,Mei Hall,Isabella Collins,true
AM-SR-001801,AM-CL-0079,E-0270,Data Feed Issue,2025-09-27,2025-09-27,Closed,2,0.52,false,Email,Medium,Northfield Teachers Retirement 79,Foundation,Strategic,APAC,Luis Ashford,Sara Kim,false
AM-SR-001802,AM-CL-0004,E-0272,Cash Movement,2026-03-22,2026-03-22,Closed,1,0.86,false,Email,Medium,Lakeshore Teachers Retirement 4,Sub-Advisory,Key,EMEA,Julian Collins,Aisha Green,false
AM-SR-001803,AM-CL-0077,E-0282,Fee Invoice Question,2025-03-07,2025-03-09,Closed,5,2.64,false,Portal,Low,Granite Teachers Retirement 77,Sovereign,Key,Midwest,Mei Hall,Julian Adams,false
AM-SR-001804,AM-CL-0066,E-0278,Performance Report,2026-01-02,2026-01-04,Closed,5,2.73,false,Portal,Medium,Cascade Mutual Insurance 66,Family Office,Strategic,Midwest,Luis Silva,Lauren Lopez,true
AM-SR-001805,AM-CL-0094,E-0271,Performance Report,2025-07-13,2025-07-17,Closed,5,4.7,false,Portal,Medium,Granite Capital Partners 94,Family Office,Standard,Pacific,Luis Ashford,Isabella Collins,false
AM-SR-001806,AM-CL-0023,E-0285,Cash Movement,2025-07-05,2025-07-05,Closed,1,0.35,false,Portal,Medium,Harbor Community Foundation 23,Public Pension,Key,Midwest,Sofia Bailey,Aisha Ashford,true
AM-SR-001807,AM-CL-0133,E-0275,Data Feed Issue,2025-10-19,2025-10-21,Closed,2,2.29,true,Email,Medium,Granite University Endowment 133,Insurance GA,Standard,Northeast,Luis Silva,Daniel Allen,false
AM-SR-001808,AM-CL-0003,E-0280,Performance Report,2025-05-14,2025-05-17,Closed,5,3.25,false,Phone,Low,Blue Ridge Mutual Insurance 3,Foundation,Strategic,EMEA,Grace Martinez,Mateo Harris,false
AM-SR-001809,AM-CL-0059,E-0273,Performance Report,2026-01-24,2026-01-28,Closed,5,4.81,false,Portal,High,Lakeshore Teachers Retirement 59,Endowment,Strategic,Midwest,Nina Scott,Samuel Wright,false
AM-SR-001810,AM-CL-0111,E-0270,Performance Report,2025-03-17,2025-03-20,Closed,5,3.21,false,Email,Medium,Blue Ridge University Endowment 111,Sovereign,Strategic,Pacific,Iris Allen,Sara Kim,false
AM-SR-001811,AM-CL-0131,E-0285,Reconciliation,2026-03-01,2026-03-02,Closed,3,1.98,false,Email,Medium,Northfield Capital Partners 131,Family Office,Key,Southeast,Priya Martinez,Aisha Ashford,false
AM-SR-001812,AM-CL-0034,E-0271,Reconciliation,2024-11-20,2024-11-21,Closed,3,1.54,false,Email,Medium,Cascade Employees Pension 34,Insurance GA,Standard,Mountain West,Mei Hall,Isabella Collins,false
AM-SR-001813,AM-CL-0014,E-0288,Performance Report,2024-12-04,2024-12-09,Closed,5,5.38,true,Portal,Medium,Granite Mutual Insurance 14,Corporate Pension,Standard,APAC,Fatima Okafor,Mateo Collins,false
AM-SR-001814,AM-CL-0015,E-0287,Performance Report,2026-05-30,2026-06-01,Closed,5,2.27,false,Email,Medium,Northfield Teachers Retirement 15,Foundation,Key,Mountain West,Hannah Young,Emma Allen,false
AM-SR-001815,AM-CL-0017,E-0281,Performance Report,2026-03-31,2026-04-07,Closed,5,7.47,true,Portal,Low,Lakeshore Teachers Retirement 17,Family Office,Standard,EMEA,Tom Silva,Sofia Campbell,false
AM-SR-001816,AM-CL-0108,E-0272,Onboarding Document,2025-04-15,2025-04-18,Closed,7,3.04,false,Portal,Medium,Ironwood Employees Pension 108,Family Office,Strategic,APAC,Grace Bailey,Aisha Green,false
AM-SR-001817,AM-CL-0079,E-0270,Cash Movement,2026-07-04,2026-07-04,Closed,1,0.34,false,Email,High,Northfield Teachers Retirement 79,Foundation,Strategic,APAC,Luis Ashford,Sara Kim,true
AM-SR-001818,AM-CL-0109,E-0288,Data Feed Issue,2024-09-10,2024-09-10,Closed,2,0.75,false,Portal,High,Cascade Community Foundation 109,Sub-Advisory,Standard,APAC,Luis Silva,Mateo Collins,false
AM-SR-001819,AM-CL-0079,E-0270,Fee Invoice Question,2025-10-19,2025-10-21,Closed,5,2.11,false,Email,High,Northfield Teachers Retirement 79,Foundation,Strategic,APAC,Luis Ashford,Sara Kim,false
AM-SR-001820,AM-CL-0008,E-0279,Performance Report,2026-07-22,2026-07-25,Closed,5,3.16,false,Email,Medium,Granite Community Foundation 8,Insurance GA,Standard,Mountain West,Luis Silva,Ravi Campbell,false
AM-SR-001821,AM-CL-0031,E-0276,Performance Report,2025-08-26,2025-09-01,Closed,5,6.04,true,Portal,Medium,Blue Ridge Employees Pension 31,Sub-Advisory,Standard,Southeast,Owen Okafor,Felix Edwards,false
AM-SR-001822,AM-CL-0002,E-0268,Onboarding Document,2025-01-01,2025-01-19,Closed,7,18.83,true,Email,High,Blue Ridge Sovereign Fund 2,Family Office,Key,EMEA,Noah Carter,Rosa Nguyen,true
AM-SR-001823,AM-CL-0090,E-0267,Reconciliation,2025-10-03,2025-10-06,Closed,3,3.8,true,Email,Low,Meridian University Endowment 90,Sovereign,Strategic,Midwest,Maya Ashford,Felix Stewart,true
AM-SR-001824,AM-CL-0075,E-0270,Fee Invoice Question,2026-05-22,2026-05-31,Closed,5,9.58,true,Email,Low,Harbor Teachers Retirement 75,Endowment,Standard,Mountain West,Fatima Patel,Sara Kim,false
AM-SR-001825,AM-CL-0049,E-0289,Performance Report,2026-06-21,2026-06-23,Closed,5,2.27,false,Portal,Low,Lakeshore Sovereign Fund 49,Sub-Advisory,Key,Mountain West,Priya Martinez,Victor Nguyen,false
AM-SR-001826,AM-CL-0077,E-0282,Cash Movement,2024-12-15,2024-12-16,Closed,1,1.75,true,Email,Medium,Granite Teachers Retirement 77,Sovereign,Key,Midwest,Mei Hall,Julian Adams,false
AM-SR-001827,AM-CL-0032,E-0279,Performance Report,2026-02-04,2026-02-06,Closed,5,2.22,false,Email,Medium,Meridian Sovereign Fund 32,Corporate Pension,Standard,Mountain West,Priya Martinez,Ravi Campbell,false
AM-SR-001828,AM-CL-0087,E-0290,Reconciliation,2026-05-30,2026-06-03,Closed,3,4.56,true,Email,Low,Summit Capital Partners 87,Family Office,Strategic,APAC,Julian Collins,Luis Ashford,false
AM-SR-001829,AM-CL-0068,E-0283,Fee Invoice Question,2024-09-27,2024-09-30,Closed,5,3.32,false,Email,Medium,Northfield Employees Pension 68,Foundation,Strategic,Midwest,Noah Carter,Victor Chen,false
AM-SR-001830,AM-CL-0020,E-0266,Fee Invoice Question,2025-05-28,2025-05-31,Closed,5,3.59,false,Phone,Low,Summit Capital Partners 20,Corporate Pension,Standard,Mountain West,Wei Thomas,Ethan Roberts,false
AM-SR-001831,AM-CL-0016,E-0269,Onboarding Document,2025-08-02,2025-08-05,Closed,7,3.26,false,Email,Low,Ironwood Sovereign Fund 16,Sovereign,Key,Pacific,Maya Ashford,Noah Hall,false
AM-SR-001832,AM-CL-0098,E-0268,Cash Movement,2025-06-18,2025-06-18,Closed,1,0.99,false,Portal,Low,Summit Capital Partners 98,Corporate Pension,Key,EMEA,Luis Silva,Rosa Nguyen,false
AM-SR-001833,AM-CL-0042,E-0286,Performance Report,2026-02-23,2026-03-01,Closed,5,6.07,true,Portal,Low,Blue Ridge Teachers Retirement 42,Public Pension,Standard,Mountain West,Layla Carter,Daniel Nguyen,false
AM-SR-001834,AM-CL-0027,E-0271,Fee Invoice Question,2025-05-12,2025-05-14,Closed,5,2.9,false,Portal,Medium,Northfield Teachers Retirement 27,Sovereign,Key,Mountain West,Hannah Roberts,Isabella Collins,false
AM-SR-001835,AM-CL-0103,E-0289,Cash Movement,2024-09-20,2024-09-20,Closed,1,0.18,false,Email,Medium,Blue Ridge University Endowment 103,Foundation,Standard,Midwest,Julian Collins,Victor Nguyen,false
AM-SR-001836,AM-CL-0002,E-0268,Onboarding Document,2025-08-29,2025-09-02,Closed,7,4.37,false,Email,Medium,Blue Ridge Sovereign Fund 2,Family Office,Key,EMEA,Noah Carter,Rosa Nguyen,false
AM-SR-001837,AM-CL-0128,E-0286,Compliance Attestation,2025-04-08,2025-04-12,Closed,10,4.73,false,Email,Medium,Cascade Mutual Insurance 128,Sub-Advisory,Key,Northeast,Noah Carter,Daniel Nguyen,true
AM-SR-001838,AM-CL-0110,E-0286,Cash Movement,2026-01-05,2026-01-05,Closed,1,0.75,false,Portal,Low,Summit Community Foundation 110,Public Pension,Standard,Northeast,Grace Martinez,Daniel Nguyen,true
AM-SR-001839,AM-CL-0044,E-0282,Compliance Attestation,2024-10-21,2024-11-04,Closed,10,14.38,true,Phone,Low,Blue Ridge Teachers Retirement 44,Sovereign,Key,Southeast,Fatima Patel,Julian Adams,false
AM-SR-001840,AM-CL-0058,E-0280,Fee Invoice Question,2025-06-19,2025-06-20,Closed,5,1.05,false,Portal,Low,Harbor Teachers Retirement 58,Sub-Advisory,Standard,APAC,Fatima Patel,Mateo Harris,false
AM-SR-001841,AM-CL-0013,E-0277,Cash Movement,2026-02-08,2026-02-08,Closed,1,0.56,false,Email,Low,Meridian Teachers Retirement 13,Sovereign,Standard,Northeast,Leo King,Kenji White,false
AM-SR-001842,AM-CL-0086,E-0268,Reconciliation,2025-02-10,2025-02-12,Closed,3,2.71,false,Email,Medium,Cascade University Endowment 86,Public Pension,Standard,EMEA,Layla Carter,Rosa Nguyen,false
AM-SR-001843,AM-CL-0067,E-0275,Onboarding Document,2026-06-11,2026-06-14,Closed,7,3.62,false,Portal,Medium,Silverline Employees Pension 67,Public Pension,Key,Midwest,Leo King,Daniel Allen,false
AM-SR-001844,AM-CL-0137,E-0284,Performance Report,2024-12-18,2024-12-21,Closed,5,3.95,false,Email,High,Northfield Sovereign Fund 137,Endowment,Strategic,Mountain West,Grace Bailey,Iris Thomas,false
AM-SR-001845,AM-CL-0103,E-0289,Fee Invoice Question,2025-07-11,2025-07-12,Closed,5,1.17,false,Portal,Medium,Blue Ridge University Endowment 103,Foundation,Standard,Midwest,Julian Collins,Victor Nguyen,true
AM-SR-001846,AM-CL-0104,E-0279,Cash Movement,2026-04-29,2026-04-29,Closed,1,0.61,false,Email,High,Blue Ridge University Endowment 104,Sub-Advisory,Standard,Pacific,Owen Okafor,Ravi Campbell,false
AM-SR-001847,AM-CL-0140,E-0272,Fee Invoice Question,2025-12-16,2025-12-18,Closed,5,2.67,false,Email,Medium,Lakeshore Teachers Retirement 140,Foundation,Key,Midwest,Wei Thomas,Aisha Green,false
AM-SR-001848,AM-CL-0017,E-0281,Performance Report,2026-08-24,2026-08-26,Closed,5,2.31,false,Portal,High,Lakeshore Teachers Retirement 17,Family Office,Standard,EMEA,Tom Silva,Sofia Campbell,false
AM-SR-001849,AM-CL-0103,E-0289,Compliance Attestation,2025-06-03,2025-06-17,Closed,10,14.43,true,Email,Medium,Blue Ridge University Endowment 103,Foundation,Standard,Midwest,Julian Collins,Victor Nguyen,false
AM-SR-001850,AM-CL-0028,E-0279,Compliance Attestation,2024-11-24,2024-12-03,Closed,10,9.19,false,Email,Medium,Silverline Teachers Retirement 28,Public Pension,Key,Pacific,Layla Carter,Ravi Campbell,false
AM-SR-001851,AM-CL-0115,E-0274,Fee Invoice Question,2025-03-17,2025-03-30,Closed,5,13.21,true,Portal,High,Ironwood Capital Partners 115,Public Pension,Key,EMEA,Maya Ashford,Hannah Young,false
AM-SR-001852,AM-CL-0125,E-0286,Fee Invoice Question,2025-06-01,2025-06-02,Closed,5,1.83,false,Email,Low,Northfield Mutual Insurance 125,Insurance GA,Key,Mountain West,Luis Silva,Daniel Nguyen,false
AM-SR-001853,AM-CL-0076,E-0282,Reconciliation,2025-02-11,2025-02-12,Closed,3,1.72,false,Email,Medium,Ironwood Capital Partners 76,Foundation,Key,Midwest,Nina Scott,Julian Adams,false
AM-SR-001854,AM-CL-0007,E-0280,Reconciliation,2024-09-23,2024-09-23,Closed,3,0.7,false,Portal,Low,Ironwood Teachers Retirement 7,Insurance GA,Standard,Midwest,Fatima Okafor,Mateo Harris,false
AM-SR-001855,AM-CL-0072,E-0286,Reconciliation,2025-07-14,2025-07-18,Closed,3,4.25,true,Portal,Low,Blue Ridge Mutual Insurance 72,Foundation,Standard,Mountain West,Fatima Okafor,Daniel Nguyen,false
AM-SR-001856,AM-CL-0048,E-0284,Compliance Attestation,2025-09-26,2025-10-03,Closed,10,7.9,false,Email,High,Lakeshore Community Foundation 48,Family Office,Strategic,Mountain West,Grace Martinez,Iris Thomas,false
AM-SR-001857,AM-CL-0056,E-0288,Data Feed Issue,2025-08-21,2025-08-25,Closed,2,4.82,true,Portal,High,Harbor Mutual Insurance 56,Endowment,Strategic,APAC,Grace Bailey,Mateo Collins,false
AM-SR-001858,AM-CL-0093,E-0275,Reconciliation,2025-08-01,2025-08-02,Closed,3,1.67,false,Email,Low,Harbor Community Foundation 93,Corporate Pension,Strategic,Southeast,Maya Ashford,Daniel Allen,false
AM-SR-001859,AM-CL-0140,E-0272,Data Feed Issue,2025-06-20,2025-06-20,Closed,2,0.75,false,Email,Low,Lakeshore Teachers Retirement 140,Foundation,Key,Midwest,Wei Thomas,Aisha Green,false
AM-SR-001860,AM-CL-0101,E-0289,Performance Report,2025-06-08,2025-06-13,Closed,5,5.79,true,Portal,Medium,Harbor University Endowment 101,Family Office,Key,Northeast,Luis Ashford,Victor Nguyen,false
AM-SR-001861,AM-CL-0103,E-0289,Performance Report,2024-09-15,2024-09-17,Closed,5,2.35,false,Email,High,Blue Ridge University Endowment 103,Foundation,Standard,Midwest,Julian Collins,Victor Nguyen,false
AM-SR-001862,AM-CL-0039,E-0275,Onboarding Document,2025-01-18,2025-01-22,Closed,7,4.53,false,Portal,Low,Blue Ridge Mutual Insurance 39,Foundation,Key,APAC,Iris Clark,Daniel Allen,false
AM-SR-001863,AM-CL-0095,E-0280,Fee Invoice Question,2025-04-25,2025-05-03,Closed,5,8.94,true,Email,Medium,Ironwood Sovereign Fund 95,Sub-Advisory,Standard,Southeast,Wei Thomas,Mateo Harris,false
AM-SR-001864,AM-CL-0109,E-0288,Onboarding Document,2024-11-07,2024-11-10,Closed,7,3.65,false,Phone,Low,Cascade Community Foundation 109,Sub-Advisory,Standard,APAC,Luis Silva,Mateo Collins,false
AM-SR-001865,AM-CL-0022,E-0273,Data Feed Issue,2026-04-12,2026-04-12,Closed,2,0.85,false,Email,Medium,Northfield Mutual Insurance 22,Foundation,Key,EMEA,Iris Allen,Samuel Wright,true
AM-SR-001866,AM-CL-0022,E-0273,Cash Movement,2026-08-23,2026-08-23,Closed,1,0.43,false,Email,Low,Northfield Mutual Insurance 22,Foundation,Key,EMEA,Iris Allen,Samuel Wright,false
AM-SR-001867,AM-CL-0018,E-0266,Reconciliation,2025-10-03,2025-10-13,Closed,3,10.6,true,Portal,Medium,Meridian Mutual Insurance 18,Public Pension,Key,Pacific,Noah Carter,Ethan Roberts,true
AM-SR-001868,AM-CL-0004,E-0272,Performance Report,2026-07-14,2026-07-18,Closed,5,4.71,false,Email,Medium,Lakeshore Teachers Retirement 4,Sub-Advisory,Key,EMEA,Julian Collins,Aisha Green,false
AM-SR-001869,AM-CL-0100,E-0284,Reconciliation,2025-08-03,2025-08-11,Closed,3,8.69,true,Email,Medium,Harbor Mutual Insurance 100,Sub-Advisory,Key,EMEA,Luis Ashford,Iris Thomas,false
AM-SR-001870,AM-CL-0049,E-0289,Cash Movement,2025-07-22,2025-07-22,Closed,1,0.66,false,Portal,High,Lakeshore Sovereign Fund 49,Sub-Advisory,Key,Mountain West,Priya Martinez,Victor Nguyen,false
AM-SR-001871,AM-CL-0054,E-0290,Fee Invoice Question,2025-01-05,2025-01-09,Closed,5,4.71,false,Email,Low,Granite Mutual Insurance 54,Corporate Pension,Standard,Pacific,Hannah Young,Luis Ashford,true
AM-SR-001872,AM-CL-0125,E-0286,Onboarding Document,2026-06-06,2026-06-08,Closed,7,2.47,false,Phone,Medium,Northfield Mutual Insurance 125,Insurance GA,Key,Mountain West,Luis Silva,Daniel Nguyen,false
AM-SR-001873,AM-CL-0036,E-0267,Fee Invoice Question,2025-04-25,2025-04-27,Closed,5,2.95,false,Portal,Low,Harbor Teachers Retirement 36,Corporate Pension,Standard,APAC,Luis Silva,Felix Stewart,false
AM-SR-001874,AM-CL-0076,E-0282,Fee Invoice Question,2026-05-03,2026-05-06,Closed,5,3.56,false,Portal,Low,Ironwood Capital Partners 76,Foundation,Key,Midwest,Nina Scott,Julian Adams,false
AM-SR-001875,AM-CL-0068,E-0283,Performance Report,2025-02-24,2025-02-26,Closed,5,2.21,false,Portal,Low,Northfield Employees Pension 68,Foundation,Strategic,Midwest,Noah Carter,Victor Chen,false
AM-SR-001876,AM-CL-0109,E-0288,Reconciliation,2024-10-22,2024-11-01,Closed,3,10.38,true,Portal,Low,Cascade Community Foundation 109,Sub-Advisory,Standard,APAC,Luis Silva,Mateo Collins,false
AM-SR-001877,AM-CL-0125,E-0286,Compliance Attestation,2024-09-25,2024-09-30,Closed,10,5.72,false,Portal,Medium,Northfield Mutual Insurance 125,Insurance GA,Key,Mountain West,Luis Silva,Daniel Nguyen,false
AM-SR-001878,AM-CL-0014,E-0288,Data Feed Issue,2025-11-09,2025-11-09,Closed,2,0.66,false,Portal,Medium,Granite Mutual Insurance 14,Corporate Pension,Standard,APAC,Fatima Okafor,Mateo Collins,false
AM-SR-001879,AM-CL-0094,E-0271,Fee Invoice Question,2026-02-14,2026-02-20,Closed,5,6.16,true,Email,Low,Granite Capital Partners 94,Family Office,Standard,Pacific,Luis Ashford,Isabella Collins,false
AM-SR-001880,AM-CL-0077,E-0282,Performance Report,2025-04-19,2025-04-23,Closed,5,4.41,false,Email,Medium,Granite Teachers Retirement 77,Sovereign,Key,Midwest,Mei Hall,Julian Adams,false
AM-SR-001881,AM-CL-0081,E-0267,Compliance Attestation,2025-08-03,2025-08-08,Closed,10,5.44,false,Email,Medium,Northfield Employees Pension 81,Family Office,Standard,Southeast,Wei Thomas,Felix Stewart,false
AM-SR-001882,AM-CL-0055,E-0268,Performance Report,2025-08-20,2025-08-24,Closed,5,4.25,false,Email,Medium,Granite Teachers Retirement 55,Sub-Advisory,Key,Northeast,Fatima Patel,Rosa Nguyen,false
AM-SR-001883,AM-CL-0027,E-0271,Cash Movement,2025-07-10,2025-07-10,Closed,1,0.95,false,Portal,Medium,Northfield Teachers Retirement 27,Sovereign,Key,Mountain West,Hannah Roberts,Isabella Collins,true
AM-SR-001884,AM-CL-0053,E-0271,Cash Movement,2024-09-05,2024-09-05,Closed,1,0.68,false,Email,Medium,Granite Sovereign Fund 53,Family Office,Standard,Northeast,Iris Clark,Isabella Collins,false
AM-SR-001885,AM-CL-0033,E-0266,Performance Report,2025-06-17,2025-06-19,Closed,5,2.74,false,Portal,Low,Summit Employees Pension 33,Family Office,Standard,EMEA,Hannah Young,Ethan Roberts,false
AM-SR-001886,AM-CL-0027,E-0271,Onboarding Document,2025-04-02,2025-04-03,Closed,7,1.93,false,Portal,Medium,Northfield Teachers Retirement 27,Sovereign,Key,Mountain West,Hannah Roberts,Isabella Collins,true
AM-SR-001887,AM-CL-0125,E-0286,Cash Movement,2026-06-20,2026-06-21,Closed,1,1.45,true,Email,Low,Northfield Mutual Insurance 125,Insurance GA,Key,Mountain West,Luis Silva,Daniel Nguyen,false
AM-SR-001888,AM-CL-0055,E-0268,Performance Report,2025-12-20,2025-12-28,Closed,5,8.24,true,Email,Low,Granite Teachers Retirement 55,Sub-Advisory,Key,Northeast,Fatima Patel,Rosa Nguyen,false
AM-SR-001889,AM-CL-0079,E-0270,Performance Report,2025-09-06,2025-09-09,Closed,5,3.13,false,Email,Medium,Northfield Teachers Retirement 79,Foundation,Strategic,APAC,Luis Ashford,Sara Kim,false
AM-SR-001890,AM-CL-0017,E-0281,Fee Invoice Question,2025-11-22,2025-11-25,Closed,5,3.69,false,Email,Low,Lakeshore Teachers Retirement 17,Family Office,Standard,EMEA,Tom Silva,Sofia Campbell,false
AM-SR-001891,AM-CL-0078,E-0278,Cash Movement,2024-09-25,2024-09-25,Closed,1,0.3,false,Portal,Medium,Lakeshore Employees Pension 78,Insurance GA,Standard,EMEA,Julian Collins,Lauren Lopez,false
AM-SR-001892,AM-CL-0132,E-0273,Cash Movement,2025-06-06,2025-06-06,Closed,1,0.29,false,Phone,High,Blue Ridge Teachers Retirement 132,Sovereign,Standard,APAC,Fatima Patel,Samuel Wright,false
AM-SR-001893,AM-CL-0063,E-0284,Data Feed Issue,2024-09-06,2024-09-07,Closed,2,1.1,false,Portal,Low,Cascade Employees Pension 63,Sovereign,Key,Mountain West,Fatima Patel,Iris Thomas,false
AM-SR-001894,AM-CL-0125,E-0286,Compliance Attestation,2026-03-31,2026-04-11,Closed,10,11.21,true,Portal,Low,Northfield Mutual Insurance 125,Insurance GA,Key,Mountain West,Luis Silva,Daniel Nguyen,false
AM-SR-001895,AM-CL-0017,E-0281,Performance Report,2025-06-19,2025-06-22,Closed,5,3.41,false,Email,Medium,Lakeshore Teachers Retirement 17,Family Office,Standard,EMEA,Tom Silva,Sofia Campbell,false
AM-SR-001896,AM-CL-0013,E-0277,Onboarding Document,2026-06-21,2026-06-23,Closed,7,2.32,false,Email,Low,Meridian Teachers Retirement 13,Sovereign,Standard,Northeast,Leo King,Kenji White,false
AM-SR-001897,AM-CL-0089,E-0280,Performance Report,2025-06-02,2025-06-08,Closed,5,6.45,true,Email,Medium,Blue Ridge Community Foundation 89,Endowment,Standard,Midwest,Tom Silva,Mateo Harris,false
AM-SR-001898,AM-CL-0131,E-0285,Performance Report,2025-11-05,2025-11-11,Closed,5,6.13,true,Email,Medium,Northfield Capital Partners 131,Family Office,Key,Southeast,Priya Martinez,Aisha Ashford,false
AM-SR-001899,AM-CL-0115,E-0274,Fee Invoice Question,2025-08-23,2025-08-27,Closed,5,4.41,false,Portal,Medium,Ironwood Capital Partners 115,Public Pension,Key,EMEA,Maya Ashford,Hannah Young,false
AM-SR-001900,AM-CL-0060,E-0284,Performance Report,2025-08-18,2025-08-21,Closed,5,3.67,false,Phone,Low,Granite Teachers Retirement 60,Sovereign,Standard,Northeast,Hannah Young,Iris Thomas,false
AM-SR-001901,AM-CL-0101,E-0289,Performance Report,2026-01-22,2026-01-24,Closed,5,2.18,false,Portal,Low,Harbor University Endowment 101,Family Office,Key,Northeast,Luis Ashford,Victor Nguyen,false
AM-SR-001902,AM-CL-0094,E-0271,Performance Report,2026-03-18,2026-03-27,Closed,5,9.41,true,Portal,Medium,Granite Capital Partners 94,Family Office,Standard,Pacific,Luis Ashford,Isabella Collins,false
AM-SR-001903,AM-CL-0038,E-0288,Performance Report,2025-08-16,2025-08-19,Closed,5,3.77,false,Portal,High,Summit Capital Partners 38,Endowment,Standard,Mountain West,Sofia Bailey,Mateo Collins,false
AM-SR-001904,AM-CL-0044,E-0282,Compliance Attestation,2025-05-29,2025-06-03,Closed,10,5.4,false,Phone,Low,Blue Ridge Teachers Retirement 44,Sovereign,Key,Southeast,Fatima Patel,Julian Adams,false
AM-SR-001905,AM-CL-0075,E-0270,Performance Report,2025-06-06,2025-06-09,Closed,5,3.85,false,Email,High,Harbor Teachers Retirement 75,Endowment,Standard,Mountain West,Fatima Patel,Sara Kim,false
AM-SR-001906,AM-CL-0072,E-0286,Performance Report,2024-11-17,2024-11-21,Closed,5,4.75,false,Email,Medium,Blue Ridge Mutual Insurance 72,Foundation,Standard,Mountain West,Fatima Okafor,Daniel Nguyen,false
AM-SR-001907,AM-CL-0126,E-0270,Reconciliation,2026-07-18,2026-07-19,Closed,3,1.11,false,Email,Low,Northfield Employees Pension 126,Family Office,Strategic,Pacific,Noah Carter,Sara Kim,false
AM-SR-001908,AM-CL-0131,E-0285,Reconciliation,2025-02-18,2025-02-21,Closed,3,3.12,true,Phone,Low,Northfield Capital Partners 131,Family Office,Key,Southeast,Priya Martinez,Aisha Ashford,false
AM-SR-001909,AM-CL-0081,E-0267,Compliance Attestation,2026-07-18,2026-08-08,Closed,10,21.02,true,Phone,Medium,Northfield Employees Pension 81,Family Office,Standard,Southeast,Wei Thomas,Felix Stewart,false
AM-SR-001910,AM-CL-0061,E-0290,Cash Movement,2026-05-29,2026-05-29,Closed,1,0.67,false,Portal,Low,Summit Sovereign Fund 61,Insurance GA,Key,Midwest,Iris Allen,Luis Ashford,false
AM-SR-001911,AM-CL-0073,E-0269,Compliance Attestation,2025-05-15,2025-05-20,Closed,10,5.19,false,Email,Low,Ironwood Employees Pension 73,Sub-Advisory,Strategic,Southeast,Hannah Roberts,Noah Hall,false
AM-SR-001912,AM-CL-0102,E-0277,Cash Movement,2025-02-09,2025-02-09,Closed,1,0.35,false,Portal,Medium,Granite Community Foundation 102,Endowment,Strategic,APAC,Noah Nelson,Kenji White,false
AM-SR-001913,AM-CL-0053,E-0271,Onboarding Document,2025-12-03,2025-12-08,Closed,7,5.12,false,Portal,Medium,Granite Sovereign Fund 53,Family Office,Standard,Northeast,Iris Clark,Isabella Collins,false
AM-SR-001914,AM-CL-0136,E-0287,Performance Report,2025-02-07,2025-02-12,Closed,5,5.37,true,Email,Medium,Summit University Endowment 136,Insurance GA,Key,APAC,Owen Okafor,Emma Allen,false
AM-SR-001915,AM-CL-0090,E-0267,Compliance Attestation,2025-04-29,2025-05-01,Closed,10,2.69,false,Phone,Low,Meridian University Endowment 90,Sovereign,Strategic,Midwest,Maya Ashford,Felix Stewart,false
AM-SR-001916,AM-CL-0071,E-0279,Cash Movement,2026-07-19,2026-07-20,Closed,1,1.76,true,Email,Medium,Ironwood Capital Partners 71,Insurance GA,Standard,Mountain West,Iris Allen,Ravi Campbell,false
AM-SR-001917,AM-CL-0119,E-0285,Performance Report,2025-11-21,2025-11-24,Closed,5,3.66,false,Email,Medium,Harbor Sovereign Fund 119,Endowment,Key,Pacific,Hannah Roberts,Aisha Ashford,false
AM-SR-001918,AM-CL-0055,E-0268,Performance Report,2025-06-29,2025-06-30,Closed,5,1.75,false,Portal,High,Granite Teachers Retirement 55,Sub-Advisory,Key,Northeast,Fatima Patel,Rosa Nguyen,false
AM-SR-001919,AM-CL-0001,E-0279,Performance Report,2026-02-03,2026-02-09,Closed,5,6.54,true,Email,Low,Lakeshore Employees Pension 1,Sub-Advisory,Strategic,Pacific,Wei Thomas,Ravi Campbell,false
AM-SR-001920,AM-CL-0100,E-0284,Onboarding Document,2024-09-15,2024-09-19,Closed,7,4.22,false,Email,Medium,Harbor Mutual Insurance 100,Sub-Advisory,Key,EMEA,Luis Ashford,Iris Thomas,false
AM-SR-001921,AM-CL-0012,E-0289,Performance Report,2024-09-30,2024-10-03,Closed,5,3.29,false,Portal,Medium,Blue Ridge Community Foundation 12,Foundation,Strategic,Mountain West,Luis Silva,Victor Nguyen,false
AM-SR-001922,AM-CL-0116,E-0272,Onboarding Document,2024-12-02,2024-12-11,Closed,7,9.96,true,Portal,Low,Silverline Sovereign Fund 116,Sub-Advisory,Key,Pacific,Iris Allen,Aisha Green,false
AM-SR-001923,AM-CL-0009,E-0279,Cash Movement,2025-02-10,2025-02-11,Closed,1,1.19,true,Portal,Medium,Cascade Sovereign Fund 9,Corporate Pension,Strategic,Midwest,Fatima Patel,Ravi Campbell,false
AM-SR-001924,AM-CL-0020,E-0266,Compliance Attestation,2025-03-12,2025-03-18,Closed,10,6.17,false,Email,Medium,Summit Capital Partners 20,Corporate Pension,Standard,Mountain West,Wei Thomas,Ethan Roberts,false
AM-SR-001925,AM-CL-0112,E-0289,Data Feed Issue,2025-06-28,2025-06-28,Closed,2,0.8,false,Email,High,Northfield University Endowment 112,Endowment,Standard,APAC,Fatima Okafor,Victor Nguyen,false
AM-SR-001926,AM-CL-0035,E-0267,Fee Invoice Question,2025-10-05,2025-10-11,Closed,5,6.66,true,Email,Medium,Harbor Capital Partners 35,Endowment,Strategic,Southeast,Iris Kim,Felix Stewart,true
AM-SR-001927,AM-CL-0050,E-0276,Fee Invoice Question,2025-07-03,2025-07-06,Closed,5,3.0,false,Portal,Medium,Harbor Community Foundation 50,Endowment,Standard,Pacific,Hannah Roberts,Felix Edwards,true
AM-SR-001928,AM-CL-0076,E-0282,Cash Movement,2026-07-12,2026-07-13,Closed,1,1.44,true,Portal,Low,Ironwood Capital Partners 76,Foundation,Key,Midwest,Nina Scott,Julian Adams,true
AM-SR-001929,AM-CL-0111,E-0270,Performance Report,2025-08-27,2025-09-02,Closed,5,6.97,true,Email,Medium,Blue Ridge University Endowment 111,Sovereign,Strategic,Pacific,Iris Allen,Sara Kim,false
AM-SR-001930,AM-CL-0070,E-0282,Compliance Attestation,2026-02-22,2026-03-01,Closed,10,7.33,false,Portal,Medium,Cascade Capital Partners 70,Public Pension,Strategic,EMEA,Noah Nelson,Julian Adams,false
AM-SR-001931,AM-CL-0044,E-0282,Reconciliation,2025-06-01,2025-06-03,Closed,3,2.49,false,Phone,Low,Blue Ridge Teachers Retirement 44,Sovereign,Key,Southeast,Fatima Patel,Julian Adams,false
AM-SR-001932,AM-CL-0088,E-0271,Performance Report,2024-10-08,2024-10-18,Closed,5,10.0,true,Phone,Medium,Northfield Mutual Insurance 88,Sub-Advisory,Key,Midwest,Fatima Okafor,Isabella Collins,true
AM-SR-001933,AM-CL-0138,E-0271,Reconciliation,2024-11-01,2024-11-02,Closed,3,1.41,false,Portal,High,Cascade Employees Pension 138,Endowment,Strategic,APAC,Tom Silva,Isabella Collins,false
AM-SR-001934,AM-CL-0029,E-0266,Compliance Attestation,2025-07-14,2025-08-02,Closed,10,19.06,true,Email,Medium,Granite Capital Partners 29,Sovereign,Key,Midwest,Iris Allen,Ethan Roberts,false
AM-SR-001935,AM-CL-0018,E-0266,Performance Report,2024-11-06,2024-11-06,Closed,5,0.76,false,Email,Medium,Meridian Mutual Insurance 18,Public Pension,Key,Pacific,Noah Carter,Ethan Roberts,false
AM-SR-001936,AM-CL-0068,E-0283,Cash Movement,2025-07-24,2025-07-24,Closed,1,0.25,false,Email,Medium,Northfield Employees Pension 68,Foundation,Strategic,Midwest,Noah Carter,Victor Chen,false
AM-SR-001937,AM-CL-0101,E-0289,Compliance Attestation,2026-03-21,2026-03-24,Closed,10,3.13,false,Portal,High,Harbor University Endowment 101,Family Office,Key,Northeast,Luis Ashford,Victor Nguyen,false
AM-SR-001938,AM-CL-0104,E-0279,Data Feed Issue,2025-09-10,2025-09-10,Closed,2,0.73,false,Portal,Medium,Blue Ridge University Endowment 104,Sub-Advisory,Standard,Pacific,Owen Okafor,Ravi Campbell,false
AM-SR-001939,AM-CL-0014,E-0288,Cash Movement,2025-03-18,2025-03-18,Closed,1,0.35,false,Email,Medium,Granite Mutual Insurance 14,Corporate Pension,Standard,APAC,Fatima Okafor,Mateo Collins,false
AM-SR-001940,AM-CL-0015,E-0287,Cash Movement,2025-08-30,2025-08-30,Closed,1,0.32,false,Email,Medium,Northfield Teachers Retirement 15,Foundation,Key,Mountain West,Hannah Young,Emma Allen,false
AM-SR-001941,AM-CL-0129,E-0273,Performance Report,2026-02-16,2026-02-23,Closed,5,7.7,true,Email,High,Blue Ridge Mutual Insurance 129,Foundation,Key,Pacific,Luis Silva,Samuel Wright,false
AM-SR-001942,AM-CL-0023,E-0285,Reconciliation,2026-02-23,2026-02-25,Closed,3,2.78,false,Email,Medium,Harbor Community Foundation 23,Public Pension,Key,Midwest,Sofia Bailey,Aisha Ashford,false
AM-SR-001943,AM-CL-0011,E-0271,Performance Report,2024-12-19,2024-12-23,Closed,5,4.82,false,Portal,Medium,Lakeshore Community Foundation 11,Corporate Pension,Key,Midwest,Julian Collins,Isabella Collins,false
AM-SR-001944,AM-CL-0083,E-0287,Cash Movement,2025-02-14,2025-02-18,Closed,1,4.62,true,Email,High,Northfield Sovereign Fund 83,Public Pension,Strategic,APAC,Iris Allen,Emma Allen,false
AM-SR-001945,AM-CL-0126,E-0270,Cash Movement,2026-08-13,2026-08-15,Closed,1,2.01,true,Phone,High,Northfield Employees Pension 126,Family Office,Strategic,Pacific,Noah Carter,Sara Kim,false
AM-SR-001946,AM-CL-0035,E-0267,Fee Invoice Question,2026-01-26,2026-01-28,Closed,5,2.95,false,Email,Medium,Harbor Capital Partners 35,Endowment,Strategic,Southeast,Iris Kim,Felix Stewart,false
AM-SR-001947,AM-CL-0138,E-0271,Cash Movement,2024-10-01,2024-10-02,Closed,1,1.36,true,Portal,High,Cascade Employees Pension 138,Endowment,Strategic,APAC,Tom Silva,Isabella Collins,true
AM-SR-001948,AM-CL-0043,E-0267,Reconciliation,2026-05-23,2026-05-23,Closed,3,0.74,false,Email,Medium,Lakeshore Community Foundation 43,Family Office,Key,Pacific,Rosa Miller,Felix Stewart,false
AM-SR-001949,AM-CL-0105,E-0284,Performance Report,2026-03-18,2026-03-25,Closed,5,7.43,true,Email,Low,Northfield Community Foundation 105,Corporate Pension,Key,Midwest,Nina Scott,Iris Thomas,false
AM-SR-001950,AM-CL-0012,E-0289,Compliance Attestation,2025-08-01,2025-08-12,Closed,10,11.6,true,Email,Low,Blue Ridge Community Foundation 12,Foundation,Strategic,Mountain West,Luis Silva,Victor Nguyen,false
AM-SR-001951,AM-CL-0086,E-0268,Reconciliation,2025-03-11,2025-03-12,Closed,3,1.86,false,Email,Low,Cascade University Endowment 86,Public Pension,Standard,EMEA,Layla Carter,Rosa Nguyen,false
AM-SR-001952,AM-CL-0120,E-0279,Compliance Attestation,2025-11-13,2025-11-15,Closed,10,2.96,false,Email,Medium,Ironwood Capital Partners 120,Foundation,Standard,Pacific,Owen Okafor,Ravi Campbell,false
AM-SR-001953,AM-CL-0095,E-0280,Cash Movement,2024-11-12,2024-11-13,Closed,1,1.68,true,Email,Low,Ironwood Sovereign Fund 95,Sub-Advisory,Standard,Southeast,Wei Thomas,Mateo Harris,false
AM-SR-001954,AM-CL-0123,E-0272,Reconciliation,2025-01-21,2025-01-24,Closed,3,3.03,true,Email,High,Cascade Mutual Insurance 123,Sub-Advisory,Standard,Southeast,Layla Carter,Aisha Green,false
AM-SR-001955,AM-CL-0046,E-0270,Onboarding Document,2025-11-27,2025-12-09,Closed,7,12.11,true,Email,Low,Summit University Endowment 46,Foundation,Standard,Pacific,Fatima Patel,Sara Kim,false
AM-SR-001956,AM-CL-0023,E-0285,Performance Report,2025-09-07,2025-09-09,Closed,5,2.86,false,Email,Medium,Harbor Community Foundation 23,Public Pension,Key,Midwest,Sofia Bailey,Aisha Ashford,false
AM-SR-001957,AM-CL-0098,E-0268,Reconciliation,2026-08-21,2026-08-23,Closed,3,2.95,false,Phone,Medium,Summit Capital Partners 98,Corporate Pension,Key,EMEA,Luis Silva,Rosa Nguyen,false
AM-SR-001958,AM-CL-0094,E-0271,Cash Movement,2025-05-27,2025-05-27,Closed,1,0.62,false,Email,Medium,Granite Capital Partners 94,Family Office,Standard,Pacific,Luis Ashford,Isabella Collins,false
AM-SR-001959,AM-CL-0118,E-0274,Fee Invoice Question,2026-06-10,2026-06-14,Closed,5,4.39,false,Email,Low,Silverline Community Foundation 118,Family Office,Key,Midwest,Maya Ashford,Hannah Young,false
AM-SR-001960,AM-CL-0082,E-0275,Fee Invoice Question,2025-01-02,2025-01-04,Closed,5,2.03,false,Phone,Low,Harbor Sovereign Fund 82,Foundation,Key,APAC,Iris Allen,Daniel Allen,true
AM-SR-001961,AM-CL-0065,E-0286,Data Feed Issue,2026-07-13,2026-07-14,Closed,2,1.93,false,Email,Low,Harbor Capital Partners 65,Foundation,Standard,Northeast,Iris Clark,Daniel Nguyen,false
AM-SR-001962,AM-CL-0117,E-0289,Performance Report,2026-03-23,2026-03-27,Closed,5,4.39,false,Email,Medium,Lakeshore Teachers Retirement 117,Endowment,Standard,EMEA,Wei Thomas,Victor Nguyen,false
AM-SR-001963,AM-CL-0108,E-0272,Reconciliation,2025-01-24,2025-01-26,Closed,3,2.52,false,Portal,Medium,Ironwood Employees Pension 108,Family Office,Strategic,APAC,Grace Bailey,Aisha Green,false
AM-SR-001964,AM-CL-0090,E-0267,Performance Report,2026-08-04,2026-08-07,Closed,5,3.67,false,Email,High,Meridian University Endowment 90,Sovereign,Strategic,Midwest,Maya Ashford,Felix Stewart,false
AM-SR-001965,AM-CL-0071,E-0279,Performance Report,2026-03-22,2026-04-03,Closed,5,12.14,true,Email,Medium,Ironwood Capital Partners 71,Insurance GA,Standard,Mountain West,Iris Allen,Ravi Campbell,false
AM-SR-001966,AM-CL-0044,E-0282,Performance Report,2026-03-10,2026-03-12,Closed,5,2.78,false,Email,Low,Blue Ridge Teachers Retirement 44,Sovereign,Key,Southeast,Fatima Patel,Julian Adams,false
AM-SR-001967,AM-CL-0066,E-0278,Performance Report,2025-07-18,2025-07-22,Closed,5,4.91,false,Email,Low,Cascade Mutual Insurance 66,Family Office,Strategic,Midwest,Luis Silva,Lauren Lopez,false
AM-SR-001968,AM-CL-0004,E-0272,Onboarding Document,2026-04-07,2026-04-08,Closed,7,1.95,false,Portal,Medium,Lakeshore Teachers Retirement 4,Sub-Advisory,Key,EMEA,Julian Collins,Aisha Green,true
AM-SR-001969,AM-CL-0004,E-0272,Compliance Attestation,2025-01-17,2025-01-25,Closed,10,8.35,false,Portal,Low,Lakeshore Teachers Retirement 4,Sub-Advisory,Key,EMEA,Julian Collins,Aisha Green,false
AM-SR-001970,AM-CL-0033,E-0266,Onboarding Document,2025-09-17,2025-09-24,Closed,7,7.16,true,Phone,Medium,Summit Employees Pension 33,Family Office,Standard,EMEA,Hannah Young,Ethan Roberts,false
AM-SR-001971,AM-CL-0045,E-0269,Reconciliation,2025-11-25,2025-12-01,Closed,3,6.7,true,Email,Low,Blue Ridge Teachers Retirement 45,Family Office,Strategic,Southeast,Maya Ashford,Noah Hall,false
AM-SR-001972,AM-CL-0080,E-0275,Cash Movement,2025-09-02,2025-09-02,Closed,1,0.49,false,Email,Medium,Harbor Teachers Retirement 80,Insurance GA,Standard,Pacific,Layla Carter,Daniel Allen,false
AM-SR-001973,AM-CL-0085,E-0267,Performance Report,2025-12-13,2025-12-19,Closed,5,6.91,true,Email,Medium,Summit Community Foundation 85,Sub-Advisory,Standard,Pacific,Luis Ashford,Felix Stewart,false
AM-SR-001974,AM-CL-0084,E-0287,Data Feed Issue,2025-07-12,2025-07-13,Closed,2,1.13,false,Portal,Medium,Ironwood Community Foundation 84,Sovereign,Standard,Southeast,Noah Nelson,Emma Allen,true
AM-SR-001975,AM-CL-0088,E-0271,Reconciliation,2025-06-27,2025-06-29,Closed,3,2.83,false,Email,Low,Northfield Mutual Insurance 88,Sub-Advisory,Key,Midwest,Fatima Okafor,Isabella Collins,false
AM-SR-001976,AM-CL-0035,E-0267,Compliance Attestation,2024-11-26,2024-12-01,Closed,10,5.74,false,Portal,Low,Harbor Capital Partners 35,Endowment,Strategic,Southeast,Iris Kim,Felix Stewart,false
AM-SR-001977,AM-CL-0107,E-0281,Performance Report,2026-01-08,2026-01-14,Closed,5,6.73,true,Email,Low,Harbor Teachers Retirement 107,Sub-Advisory,Key,Pacific,Priya Martinez,Sofia Campbell,true
AM-SR-001978,AM-CL-0065,E-0286,Performance Report,2024-12-24,2024-12-27,Closed,5,3.28,false,Email,High,Harbor Capital Partners 65,Foundation,Standard,Northeast,Iris Clark,Daniel Nguyen,false
AM-SR-001979,AM-CL-0051,E-0272,Performance Report,2026-01-25,2026-01-29,Closed,5,4.36,false,Portal,Medium,Silverline Teachers Retirement 51,Insurance GA,Standard,EMEA,Nina Scott,Aisha Green,false
AM-SR-001980,AM-CL-0023,E-0285,Performance Report,2024-10-02,2024-10-03,Closed,5,1.9,false,Portal,Low,Harbor Community Foundation 23,Public Pension,Key,Midwest,Sofia Bailey,Aisha Ashford,true
AM-SR-001981,AM-CL-0032,E-0279,Cash Movement,2025-02-04,2025-02-05,Closed,1,1.21,true,Email,Low,Meridian Sovereign Fund 32,Corporate Pension,Standard,Mountain West,Priya Martinez,Ravi Campbell,false
AM-SR-001982,AM-CL-0065,E-0286,Reconciliation,2024-10-07,2024-10-12,Closed,3,5.75,true,Portal,Low,Harbor Capital Partners 65,Foundation,Standard,Northeast,Iris Clark,Daniel Nguyen,true
AM-SR-001983,AM-CL-0008,E-0279,Compliance Attestation,2024-09-18,2024-09-23,Closed,10,5.12,false,Portal,Low,Granite Community Foundation 8,Insurance GA,Standard,Mountain West,Luis Silva,Ravi Campbell,false
AM-SR-001984,AM-CL-0117,E-0289,Performance Report,2026-08-30,,In Progress,5,,false,Phone,Medium,Lakeshore Teachers Retirement 117,Endowment,Standard,EMEA,Wei Thomas,Victor Nguyen,false
AM-SR-001985,AM-CL-0073,E-0269,Onboarding Document,2026-05-08,2026-05-10,Closed,7,2.95,false,Portal,Low,Ironwood Employees Pension 73,Sub-Advisory,Strategic,Southeast,Hannah Roberts,Noah Hall,false
AM-SR-001986,AM-CL-0031,E-0276,Performance Report,2025-08-19,2025-08-26,Closed,5,7.14,true,Email,Low,Blue Ridge Employees Pension 31,Sub-Advisory,Standard,Southeast,Owen Okafor,Felix Edwards,false
AM-SR-001987,AM-CL-0106,E-0272,Reconciliation,2026-07-22,2026-07-24,Closed,3,2.33,false,Email,Low,Silverline Sovereign Fund 106,Endowment,Strategic,Pacific,Mei Hall,Aisha Green,false
AM-SR-001988,AM-CL-0063,E-0284,Reconciliation,2025-09-11,2025-09-12,Closed,3,1.88,false,Email,High,Cascade Employees Pension 63,Sovereign,Key,Mountain West,Fatima Patel,Iris Thomas,false
AM-SR-001989,AM-CL-0093,E-0275,Performance Report,2024-10-27,2024-10-29,Closed,5,2.22,false,Portal,Medium,Harbor Community Foundation 93,Corporate Pension,Strategic,Southeast,Maya Ashford,Daniel Allen,false
AM-SR-001990,AM-CL-0136,E-0287,Reconciliation,2026-06-15,2026-06-16,Closed,3,1.28,false,Portal,Low,Summit University Endowment 136,Insurance GA,Key,APAC,Owen Okafor,Emma Allen,false
AM-SR-001991,AM-CL-0031,E-0276,Reconciliation,2026-06-08,2026-06-12,Closed,3,4.32,true,Phone,High,Blue Ridge Employees Pension 31,Sub-Advisory,Standard,Southeast,Owen Okafor,Felix Edwards,false
AM-SR-001992,AM-CL-0048,E-0284,Compliance Attestation,2024-12-10,2024-12-13,Closed,10,3.88,false,Email,Low,Lakeshore Community Foundation 48,Family Office,Strategic,Mountain West,Grace Martinez,Iris Thomas,false
AM-SR-001993,AM-CL-0006,E-0284,Cash Movement,2025-11-17,2025-11-17,Closed,1,0.63,false,Portal,Medium,Cascade Employees Pension 6,Family Office,Standard,APAC,Sofia Bailey,Iris Thomas,false
AM-SR-001994,AM-CL-0129,E-0273,Reconciliation,2026-04-21,2026-04-24,Closed,3,3.08,true,Portal,Low,Blue Ridge Mutual Insurance 129,Foundation,Key,Pacific,Luis Silva,Samuel Wright,false
AM-SR-001995,AM-CL-0011,E-0271,Fee Invoice Question,2024-12-03,2024-12-05,Closed,5,2.49,false,Email,Low,Lakeshore Community Foundation 11,Corporate Pension,Key,Midwest,Julian Collins,Isabella Collins,false
AM-SR-001996,AM-CL-0137,E-0284,Fee Invoice Question,2024-10-29,2024-10-31,Closed,5,2.24,false,Email,Medium,Northfield Sovereign Fund 137,Endowment,Strategic,Mountain West,Grace Bailey,Iris Thomas,false
AM-SR-001997,AM-CL-0046,E-0270,Reconciliation,2025-06-26,2025-06-27,Closed,3,1.16,false,Portal,Low,Summit University Endowment 46,Foundation,Standard,Pacific,Fatima Patel,Sara Kim,false
AM-SR-001998,AM-CL-0082,E-0275,Compliance Attestation,2026-04-16,2026-04-21,Closed,10,5.1,false,Portal,Medium,Harbor Sovereign Fund 82,Foundation,Key,APAC,Iris Allen,Daniel Allen,false
AM-SR-001999,AM-CL-0043,E-0267,Performance Report,2025-12-13,2025-12-23,Closed,5,10.63,true,Portal,Low,Lakeshore Community Foundation 43,Family Office,Key,Pacific,Rosa Miller,Felix Stewart,false
AM-SR-002000,AM-CL-0058,E-0280,Cash Movement,2025-01-23,2025-01-24,Closed,1,1.41,true,Email,Low,Harbor Teachers Retirement 58,Sub-Advisory,Standard,APAC,Fatima Patel,Mateo Harris,false
AM-SR-002001,AM-CL-0039,E-0275,Reconciliation,2026-01-22,2026-01-24,Closed,3,2.93,false,Portal,Medium,Blue Ridge Mutual Insurance 39,Foundation,Key,APAC,Iris Clark,Daniel Allen,false
AM-SR-002002,AM-CL-0139,E-0266,Compliance Attestation,2024-09-22,2024-10-03,Closed,10,11.11,true,Email,Low,Lakeshore Teachers Retirement 139,Foundation,Strategic,Mountain West,Fatima Okafor,Ethan Roberts,false
AM-SR-002003,AM-CL-0073,E-0269,Fee Invoice Question,2026-07-18,2026-07-23,Closed,5,5.54,true,Portal,High,Ironwood Employees Pension 73,Sub-Advisory,Strategic,Southeast,Hannah Roberts,Noah Hall,false
AM-SR-002004,AM-CL-0084,E-0287,Fee Invoice Question,2025-01-15,2025-01-17,Closed,5,2.3,false,Portal,Low,Ironwood Community Foundation 84,Sovereign,Standard,Southeast,Noah Nelson,Emma Allen,false
AM-SR-002005,AM-CL-0005,E-0277,Data Feed Issue,2025-03-27,2025-03-29,Closed,2,2.44,true,Email,Medium,Blue Ridge Capital Partners 5,Sub-Advisory,Key,APAC,Rosa Miller,Kenji White,false
AM-SR-002006,AM-CL-0127,E-0266,Fee Invoice Question,2026-08-05,2026-08-07,Closed,5,2.89,false,Email,Medium,Granite Community Foundation 127,Sovereign,Standard,APAC,Layla Carter,Ethan Roberts,false
AM-SR-002007,AM-CL-0101,E-0289,Cash Movement,2026-08-30,2026-08-31,Closed,1,1.45,true,Phone,Low,Harbor University Endowment 101,Family Office,Key,Northeast,Luis Ashford,Victor Nguyen,false
AM-SR-002008,AM-CL-0076,E-0282,Compliance Attestation,2026-08-09,2026-08-20,Closed,10,11.6,true,Email,Medium,Ironwood Capital Partners 76,Foundation,Key,Midwest,Nina Scott,Julian Adams,false
AM-SR-002009,AM-CL-0128,E-0286,Cash Movement,2024-11-02,2024-11-03,Closed,1,1.95,true,Portal,Medium,Cascade Mutual Insurance 128,Sub-Advisory,Key,Northeast,Noah Carter,Daniel Nguyen,false
AM-SR-002010,AM-CL-0020,E-0266,Fee Invoice Question,2025-02-08,2025-02-12,Closed,5,4.24,false,Portal,Low,Summit Capital Partners 20,Corporate Pension,Standard,Mountain West,Wei Thomas,Ethan Roberts,false
AM-SR-002011,AM-CL-0125,E-0286,Onboarding Document,2025-03-11,2025-03-22,Closed,7,11.38,true,Email,Medium,Northfield Mutual Insurance 125,Insurance GA,Key,Mountain West,Luis Silva,Daniel Nguyen,false
AM-SR-002012,AM-CL-0135,E-0287,Performance Report,2026-02-22,2026-03-14,Closed,5,20.63,true,Email,Low,Meridian Capital Partners 135,Public Pension,Standard,Southeast,Tom Silva,Emma Allen,false
AM-SR-002013,AM-CL-0100,E-0284,Performance Report,2025-08-26,2025-08-29,Closed,5,3.54,false,Email,Medium,Harbor Mutual Insurance 100,Sub-Advisory,Key,EMEA,Luis Ashford,Iris Thomas,false
AM-SR-002014,AM-CL-0078,E-0278,Cash Movement,2025-03-10,2025-03-12,Closed,1,2.05,true,Portal,High,Lakeshore Employees Pension 78,Insurance GA,Standard,EMEA,Julian Collins,Lauren Lopez,false
AM-SR-002015,AM-CL-0024,E-0282,Compliance Attestation,2026-02-05,2026-02-17,Closed,10,12.92,true,Email,Low,Granite University Endowment 24,Foundation,Standard,Mountain West,Grace Bailey,Julian Adams,false
AM-SR-002016,AM-CL-0077,E-0282,Reconciliation,2025-08-29,2025-08-31,Closed,3,2.58,false,Portal,Medium,Granite Teachers Retirement 77,Sovereign,Key,Midwest,Mei Hall,Julian Adams,false
AM-SR-002017,AM-CL-0052,E-0285,Performance Report,2026-04-23,2026-04-25,Closed,5,2.12,false,Email,Medium,Lakeshore Mutual Insurance 52,Family Office,Key,Mountain West,Tom Silva,Aisha Ashford,false
AM-SR-002018,AM-CL-0113,E-0270,Onboarding Document,2025-05-29,2025-05-30,Closed,7,1.84,false,Email,Medium,Harbor Teachers Retirement 113,Insurance GA,Standard,APAC,Leo King,Sara Kim,false
AM-SR-002019,AM-CL-0014,E-0288,Performance Report,2025-01-26,2025-02-03,Closed,5,8.41,true,Email,Medium,Granite Mutual Insurance 14,Corporate Pension,Standard,APAC,Fatima Okafor,Mateo Collins,false
AM-SR-002020,AM-CL-0055,E-0268,Onboarding Document,2025-10-20,2025-10-25,Closed,7,5.43,false,Email,Low,Granite Teachers Retirement 55,Sub-Advisory,Key,Northeast,Fatima Patel,Rosa Nguyen,false
AM-SR-002021,AM-CL-0005,E-0277,Fee Invoice Question,2025-02-01,2025-02-04,Closed,5,3.61,false,Email,Medium,Blue Ridge Capital Partners 5,Sub-Advisory,Key,APAC,Rosa Miller,Kenji White,false
AM-SR-002022,AM-CL-0023,E-0285,Reconciliation,2025-04-20,2025-04-22,Closed,3,2.49,false,Email,Medium,Harbor Community Foundation 23,Public Pension,Key,Midwest,Sofia Bailey,Aisha Ashford,false
AM-SR-002023,AM-CL-0118,E-0274,Reconciliation,2025-01-17,2025-01-19,Closed,3,2.44,false,Phone,Medium,Silverline Community Foundation 118,Family Office,Key,Midwest,Maya Ashford,Hannah Young,false
AM-SR-002024,AM-CL-0079,E-0270,Reconciliation,2025-03-10,2025-03-12,Closed,3,2.57,false,Phone,Medium,Northfield Teachers Retirement 79,Foundation,Strategic,APAC,Luis Ashford,Sara Kim,false
AM-SR-002025,AM-CL-0124,E-0270,Performance Report,2025-01-20,2025-01-21,Closed,5,1.86,false,Portal,Medium,Blue Ridge Community Foundation 124,Endowment,Strategic,Northeast,Iris Kim,Sara Kim,false
AM-SR-002026,AM-CL-0046,E-0270,Performance Report,2026-01-06,2026-01-12,Closed,5,6.74,true,Email,Medium,Summit University Endowment 46,Foundation,Standard,Pacific,Fatima Patel,Sara Kim,true
AM-SR-002027,AM-CL-0115,E-0274,Onboarding Document,2025-11-27,2025-12-06,Closed,7,9.21,true,Portal,Low,Ironwood Capital Partners 115,Public Pension,Key,EMEA,Maya Ashford,Hannah Young,false
AM-SR-002028,AM-CL-0114,E-0278,Performance Report,2025-10-09,2025-10-14,Closed,5,5.27,true,Portal,Medium,Meridian Mutual Insurance 114,Family Office,Strategic,Midwest,Rosa Miller,Lauren Lopez,true
AM-SR-002029,AM-CL-0090,E-0267,Cash Movement,2026-07-19,2026-07-20,Closed,1,1.33,true,Phone,Low,Meridian University Endowment 90,Sovereign,Strategic,Midwest,Maya Ashford,Felix Stewart,false
AM-SR-002030,AM-CL-0086,E-0268,Reconciliation,2025-07-08,2025-07-13,Closed,3,5.21,true,Portal,Low,Cascade University Endowment 86,Public Pension,Standard,EMEA,Layla Carter,Rosa Nguyen,true
AM-SR-002031,AM-CL-0102,E-0277,Data Feed Issue,2025-08-18,2025-08-19,Closed,2,1.79,false,Email,Medium,Granite Community Foundation 102,Endowment,Strategic,APAC,Noah Nelson,Kenji White,false
AM-SR-002032,AM-CL-0065,E-0286,Performance Report,2026-06-30,2026-07-10,Closed,5,10.87,true,Email,Medium,Harbor Capital Partners 65,Foundation,Standard,Northeast,Iris Clark,Daniel Nguyen,false
AM-SR-002033,AM-CL-0111,E-0270,Data Feed Issue,2025-07-23,2025-07-24,Closed,2,1.06,false,Portal,High,Blue Ridge University Endowment 111,Sovereign,Strategic,Pacific,Iris Allen,Sara Kim,false
AM-SR-002034,AM-CL-0049,E-0289,Performance Report,2025-10-07,2025-10-09,Closed,5,2.16,false,Email,High,Lakeshore Sovereign Fund 49,Sub-Advisory,Key,Mountain West,Priya Martinez,Victor Nguyen,true
AM-SR-002035,AM-CL-0083,E-0287,Performance Report,2026-06-12,2026-06-13,Closed,5,1.61,false,Portal,Medium,Northfield Sovereign Fund 83,Public Pension,Strategic,APAC,Iris Allen,Emma Allen,false
AM-SR-002036,AM-CL-0135,E-0287,Reconciliation,2025-06-01,2025-06-03,Closed,3,2.28,false,Portal,Low,Meridian Capital Partners 135,Public Pension,Standard,Southeast,Tom Silva,Emma Allen,false
AM-SR-002037,AM-CL-0038,E-0288,Fee Invoice Question,2026-05-12,2026-05-16,Closed,5,4.75,false,Email,Low,Summit Capital Partners 38,Endowment,Standard,Mountain West,Sofia Bailey,Mateo Collins,false
AM-SR-002038,AM-CL-0136,E-0287,Data Feed Issue,2025-12-04,2025-12-07,Closed,2,3.97,true,Email,Low,Summit University Endowment 136,Insurance GA,Key,APAC,Owen Okafor,Emma Allen,false
AM-SR-002039,AM-CL-0002,E-0268,Performance Report,2025-02-17,2025-02-21,Closed,5,4.06,false,Email,Low,Blue Ridge Sovereign Fund 2,Family Office,Key,EMEA,Noah Carter,Rosa Nguyen,false
AM-SR-002040,AM-CL-0100,E-0284,Reconciliation,2026-05-18,2026-05-19,Closed,3,1.83,false,Email,Low,Harbor Mutual Insurance 100,Sub-Advisory,Key,EMEA,Luis Ashford,Iris Thomas,false
AM-SR-002041,AM-CL-0061,E-0290,Compliance Attestation,2025-03-08,2025-03-16,Closed,10,8.76,false,Portal,Low,Summit Sovereign Fund 61,Insurance GA,Key,Midwest,Iris Allen,Luis Ashford,false
AM-SR-002042,AM-CL-0060,E-0284,Reconciliation,2025-12-20,2025-12-22,Closed,3,2.6,false,Email,Medium,Granite Teachers Retirement 60,Sovereign,Standard,Northeast,Hannah Young,Iris Thomas,false
AM-SR-002043,AM-CL-0002,E-0268,Performance Report,2025-02-10,2025-02-14,Closed,5,4.55,false,Email,Low,Blue Ridge Sovereign Fund 2,Family Office,Key,EMEA,Noah Carter,Rosa Nguyen,false
AM-SR-002044,AM-CL-0126,E-0270,Fee Invoice Question,2025-11-12,2025-11-14,Closed,5,2.62,false,Email,High,Northfield Employees Pension 126,Family Office,Strategic,Pacific,Noah Carter,Sara Kim,false
AM-SR-002045,AM-CL-0058,E-0280,Data Feed Issue,2026-01-05,2026-01-07,Closed,2,2.65,true,Email,Low,Harbor Teachers Retirement 58,Sub-Advisory,Standard,APAC,Fatima Patel,Mateo Harris,true
AM-SR-002046,AM-CL-0027,E-0271,Cash Movement,2026-03-21,2026-03-21,Closed,1,0.45,false,Portal,High,Northfield Teachers Retirement 27,Sovereign,Key,Mountain West,Hannah Roberts,Isabella Collins,false
AM-SR-002047,AM-CL-0134,E-0281,Compliance Attestation,2026-08-19,,Open,10,,true,Portal,High,Granite Sovereign Fund 134,Family Office,Standard,Midwest,Maya Ashford,Sofia Campbell,false
AM-SR-002048,AM-CL-0052,E-0285,Performance Report,2025-07-17,2025-07-19,Closed,5,2.09,false,Email,Low,Lakeshore Mutual Insurance 52,Family Office,Key,Mountain West,Tom Silva,Aisha Ashford,false
AM-SR-002049,AM-CL-0036,E-0267,Performance Report,2025-03-26,2025-03-31,Closed,5,5.11,true,Email,Low,Harbor Teachers Retirement 36,Corporate Pension,Standard,APAC,Luis Silva,Felix Stewart,false
AM-SR-002050,AM-CL-0127,E-0266,Reconciliation,2024-10-27,2024-10-28,Closed,3,1.47,false,Email,Low,Granite Community Foundation 127,Sovereign,Standard,APAC,Layla Carter,Ethan Roberts,false
AM-SR-002051,AM-CL-0139,E-0266,Fee Invoice Question,2026-01-11,2026-01-12,Closed,5,1.58,false,Email,Low,Lakeshore Teachers Retirement 139,Foundation,Strategic,Mountain West,Fatima Okafor,Ethan Roberts,true
AM-SR-002052,AM-CL-0088,E-0271,Cash Movement,2026-05-03,2026-05-03,Closed,1,0.7,false,Email,Low,Northfield Mutual Insurance 88,Sub-Advisory,Key,Midwest,Fatima Okafor,Isabella Collins,false
AM-SR-002053,AM-CL-0102,E-0277,Data Feed Issue,2025-06-05,2025-06-05,Closed,2,0.85,false,Email,High,Granite Community Foundation 102,Endowment,Strategic,APAC,Noah Nelson,Kenji White,false
AM-SR-002054,AM-CL-0069,E-0274,Onboarding Document,2025-12-18,2025-12-22,Closed,7,4.58,false,Email,Low,Northfield Community Foundation 69,Family Office,Standard,Southeast,Hannah Roberts,Hannah Young,false
AM-SR-002055,AM-CL-0128,E-0286,Data Feed Issue,2026-01-18,2026-01-20,Closed,2,2.93,true,Portal,Low,Cascade Mutual Insurance 128,Sub-Advisory,Key,Northeast,Noah Carter,Daniel Nguyen,false
AM-SR-002056,AM-CL-0058,E-0280,Compliance Attestation,2026-04-30,2026-05-14,Closed,10,14.54,true,Email,Medium,Harbor Teachers Retirement 58,Sub-Advisory,Standard,APAC,Fatima Patel,Mateo Harris,false
AM-SR-002057,AM-CL-0004,E-0272,Performance Report,2026-04-27,2026-04-29,Closed,5,2.52,false,Email,Medium,Lakeshore Teachers Retirement 4,Sub-Advisory,Key,EMEA,Julian Collins,Aisha Green,false
AM-SR-002058,AM-CL-0059,E-0273,Compliance Attestation,2025-10-03,2025-10-06,Closed,10,3.11,false,Email,Medium,Lakeshore Teachers Retirement 59,Endowment,Strategic,Midwest,Nina Scott,Samuel Wright,true
AM-SR-002059,AM-CL-0050,E-0276,Performance Report,2024-10-09,2024-10-12,Closed,5,3.86,false,Email,Medium,Harbor Community Foundation 50,Endowment,Standard,Pacific,Hannah Roberts,Felix Edwards,true
AM-SR-002060,AM-CL-0118,E-0274,Reconciliation,2024-09-30,2024-10-02,Closed,3,2.78,false,Portal,Low,Silverline Community Foundation 118,Family Office,Key,Midwest,Maya Ashford,Hannah Young,false
AM-SR-002061,AM-CL-0059,E-0273,Data Feed Issue,2025-09-29,2025-09-30,Closed,2,1.54,false,Phone,Low,Lakeshore Teachers Retirement 59,Endowment,Strategic,Midwest,Nina Scott,Samuel Wright,false
AM-SR-002062,AM-CL-0085,E-0267,Fee Invoice Question,2026-02-17,2026-02-18,Closed,5,1.55,false,Portal,Medium,Summit Community Foundation 85,Sub-Advisory,Standard,Pacific,Luis Ashford,Felix Stewart,false
AM-SR-002063,AM-CL-0032,E-0279,Onboarding Document,2025-01-19,2025-01-21,Closed,7,2.27,false,Email,Low,Meridian Sovereign Fund 32,Corporate Pension,Standard,Mountain West,Priya Martinez,Ravi Campbell,false
AM-SR-002064,AM-CL-0062,E-0278,Fee Invoice Question,2025-08-29,2025-09-01,Closed,5,3.85,false,Portal,Medium,Northfield Teachers Retirement 62,Corporate Pension,Standard,Midwest,Owen Okafor,Lauren Lopez,false
AM-SR-002065,AM-CL-0053,E-0271,Performance Report,2026-01-09,2026-01-13,Closed,5,4.86,false,Portal,Low,Granite Sovereign Fund 53,Family Office,Standard,Northeast,Iris Clark,Isabella Collins,true
AM-SR-002066,AM-CL-0062,E-0278,Performance Report,2025-12-30,2026-01-03,Closed,5,4.46,false,Portal,High,Northfield Teachers Retirement 62,Corporate Pension,Standard,Midwest,Owen Okafor,Lauren Lopez,false
AM-SR-002067,AM-CL-0127,E-0266,Reconciliation,2024-12-02,2024-12-07,Closed,3,5.77,true,Phone,Low,Granite Community Foundation 127,Sovereign,Standard,APAC,Layla Carter,Ethan Roberts,false
AM-SR-002068,AM-CL-0121,E-0285,Compliance Attestation,2025-07-20,2025-08-01,Closed,10,12.73,true,Email,Low,Meridian Capital Partners 121,Corporate Pension,Standard,Northeast,Iris Allen,Aisha Ashford,false
AM-SR-002069,AM-CL-0088,E-0271,Performance Report,2025-07-09,2025-07-13,Closed,5,4.88,false,Phone,Medium,Northfield Mutual Insurance 88,Sub-Advisory,Key,Midwest,Fatima Okafor,Isabella Collins,true
AM-SR-002070,AM-CL-0065,E-0286,Fee Invoice Question,2025-07-08,2025-07-09,Closed,5,1.09,false,Portal,Low,Harbor Capital Partners 65,Foundation,Standard,Northeast,Iris Clark,Daniel Nguyen,true
AM-SR-002071,AM-CL-0132,E-0273,Performance Report,2025-06-05,2025-06-09,Closed,5,4.58,false,Email,Medium,Blue Ridge Teachers Retirement 132,Sovereign,Standard,APAC,Fatima Patel,Samuel Wright,false
AM-SR-002072,AM-CL-0124,E-0270,Cash Movement,2024-10-25,2024-10-25,Closed,1,0.66,false,Email,High,Blue Ridge Community Foundation 124,Endowment,Strategic,Northeast,Iris Kim,Sara Kim,false
AM-SR-002073,AM-CL-0097,E-0289,Reconciliation,2025-10-26,2025-10-28,Closed,3,2.68,false,Portal,Medium,Summit Capital Partners 97,Corporate Pension,Standard,Northeast,Fatima Okafor,Victor Nguyen,false
AM-SR-002074,AM-CL-0104,E-0279,Performance Report,2024-12-20,2024-12-25,Closed,5,5.8,true,Portal,Low,Blue Ridge University Endowment 104,Sub-Advisory,Standard,Pacific,Owen Okafor,Ravi Campbell,false
AM-SR-002075,AM-CL-0028,E-0279,Compliance Attestation,2026-04-22,2026-04-23,Closed,10,1.94,false,Portal,Low,Silverline Teachers Retirement 28,Public Pension,Key,Pacific,Layla Carter,Ravi Campbell,false
AM-SR-002076,AM-CL-0105,E-0284,Onboarding Document,2025-09-08,2025-09-12,Closed,7,4.31,false,Email,Low,Northfield Community Foundation 105,Corporate Pension,Key,Midwest,Nina Scott,Iris Thomas,false
AM-SR-002077,AM-CL-0070,E-0282,Compliance Attestation,2025-10-16,2025-10-21,Closed,10,5.14,false,Email,High,Cascade Capital Partners 70,Public Pension,Strategic,EMEA,Noah Nelson,Julian Adams,false
AM-SR-002078,AM-CL-0085,E-0267,Performance Report,2024-10-04,2024-10-06,Closed,5,2.87,false,Email,Medium,Summit Community Foundation 85,Sub-Advisory,Standard,Pacific,Luis Ashford,Felix Stewart,true
AM-SR-002079,AM-CL-0132,E-0273,Performance Report,2025-05-19,2025-05-21,Closed,5,2.84,false,Portal,Low,Blue Ridge Teachers Retirement 132,Sovereign,Standard,APAC,Fatima Patel,Samuel Wright,false
AM-SR-002080,AM-CL-0007,E-0280,Performance Report,2024-12-10,2024-12-12,Closed,5,2.63,false,Email,Medium,Ironwood Teachers Retirement 7,Insurance GA,Standard,Midwest,Fatima Okafor,Mateo Harris,false
AM-SR-002081,AM-CL-0088,E-0271,Data Feed Issue,2025-10-12,2025-10-20,Closed,2,8.95,true,Portal,Medium,Northfield Mutual Insurance 88,Sub-Advisory,Key,Midwest,Fatima Okafor,Isabella Collins,true
AM-SR-002082,AM-CL-0084,E-0287,Reconciliation,2025-05-17,2025-05-18,Closed,3,1.45,false,Email,Medium,Ironwood Community Foundation 84,Sovereign,Standard,Southeast,Noah Nelson,Emma Allen,false
AM-SR-002083,AM-CL-0136,E-0287,Performance Report,2026-06-29,2026-07-01,Closed,5,2.74,false,Email,Medium,Summit University Endowment 136,Insurance GA,Key,APAC,Owen Okafor,Emma Allen,false
AM-SR-002084,AM-CL-0010,E-0275,Fee Invoice Question,2025-03-09,2025-03-10,Closed,5,1.81,false,Portal,Low,Northfield Capital Partners 10,Insurance GA,Standard,Midwest,Wei Thomas,Daniel Allen,false
AM-SR-002085,AM-CL-0012,E-0289,Performance Report,2026-07-30,2026-08-03,Closed,5,4.68,false,Portal,Medium,Blue Ridge Community Foundation 12,Foundation,Strategic,Mountain West,Luis Silva,Victor Nguyen,false
AM-SR-002086,AM-CL-0043,E-0267,Performance Report,2025-10-04,2025-10-08,Closed,5,4.82,false,Email,Medium,Lakeshore Community Foundation 43,Family Office,Key,Pacific,Rosa Miller,Felix Stewart,true
AM-SR-002087,AM-CL-0108,E-0272,Data Feed Issue,2026-02-23,2026-02-24,Closed,2,1.53,false,Portal,Medium,Ironwood Employees Pension 108,Family Office,Strategic,APAC,Grace Bailey,Aisha Green,false
AM-SR-002088,AM-CL-0017,E-0281,Compliance Attestation,2025-06-23,2025-06-27,Closed,10,4.83,false,Email,Low,Lakeshore Teachers Retirement 17,Family Office,Standard,EMEA,Tom Silva,Sofia Campbell,false
AM-SR-002089,AM-CL-0135,E-0287,Reconciliation,2026-08-29,2026-08-29,Closed,3,0.77,false,Email,Low,Meridian Capital Partners 135,Public Pension,Standard,Southeast,Tom Silva,Emma Allen,false
AM-SR-002090,AM-CL-0026,E-0266,Performance Report,2025-09-18,2025-09-21,Closed,5,3.06,false,Email,High,Summit Teachers Retirement 26,Foundation,Standard,Northeast,Layla Carter,Ethan Roberts,false
AM-SR-002091,AM-CL-0006,E-0284,Fee Invoice Question,2024-09-06,2024-09-07,Closed,5,1.57,false,Email,Low,Cascade Employees Pension 6,Family Office,Standard,APAC,Sofia Bailey,Iris Thomas,false
AM-SR-002092,AM-CL-0014,E-0288,Cash Movement,2024-11-20,2024-11-21,Closed,1,1.55,true,Email,Medium,Granite Mutual Insurance 14,Corporate Pension,Standard,APAC,Fatima Okafor,Mateo Collins,false
AM-SR-002093,AM-CL-0024,E-0282,Compliance Attestation,2026-04-12,2026-04-30,Closed,10,18.48,true,Phone,Medium,Granite University Endowment 24,Foundation,Standard,Mountain West,Grace Bailey,Julian Adams,true
AM-SR-002094,AM-CL-0036,E-0267,Performance Report,2026-04-10,2026-04-15,Closed,5,5.15,true,Portal,Low,Harbor Teachers Retirement 36,Corporate Pension,Standard,APAC,Luis Silva,Felix Stewart,true
AM-SR-002095,AM-CL-0095,E-0280,Performance Report,2025-02-06,2025-02-17,Closed,5,11.4,true,Portal,Medium,Ironwood Sovereign Fund 95,Sub-Advisory,Standard,Southeast,Wei Thomas,Mateo Harris,false
AM-SR-002096,AM-CL-0087,E-0290,Performance Report,2024-09-06,2024-09-08,Closed,5,2.13,false,Portal,Low,Summit Capital Partners 87,Family Office,Strategic,APAC,Julian Collins,Luis Ashford,false
AM-SR-002097,AM-CL-0125,E-0286,Onboarding Document,2026-03-25,2026-03-30,Closed,7,5.17,false,Phone,High,Northfield Mutual Insurance 125,Insurance GA,Key,Mountain West,Luis Silva,Daniel Nguyen,false
AM-SR-002098,AM-CL-0032,E-0279,Cash Movement,2026-06-17,2026-06-18,Closed,1,1.04,true,Portal,Medium,Meridian Sovereign Fund 32,Corporate Pension,Standard,Mountain West,Priya Martinez,Ravi Campbell,false
AM-SR-002099,AM-CL-0056,E-0288,Performance Report,2026-03-02,2026-03-04,Closed,5,2.4,false,Phone,High,Harbor Mutual Insurance 56,Endowment,Strategic,APAC,Grace Bailey,Mateo Collins,false
AM-SR-002100,AM-CL-0066,E-0278,Fee Invoice Question,2025-12-05,2025-12-07,Closed,5,2.98,false,Email,Low,Cascade Mutual Insurance 66,Family Office,Strategic,Midwest,Luis Silva,Lauren Lopez,false
AM-SR-002101,AM-CL-0035,E-0267,Cash Movement,2025-01-15,2025-01-15,Closed,1,0.47,false,Email,Low,Harbor Capital Partners 35,Endowment,Strategic,Southeast,Iris Kim,Felix Stewart,false
AM-SR-002102,AM-CL-0015,E-0287,Performance Report,2024-11-18,2024-11-22,Closed,5,4.48,false,Portal,Medium,Northfield Teachers Retirement 15,Foundation,Key,Mountain West,Hannah Young,Emma Allen,false
AM-SR-002103,AM-CL-0040,E-0268,Reconciliation,2025-09-25,2025-09-28,Closed,3,3.24,true,Email,Medium,Cascade Capital Partners 40,Corporate Pension,Key,EMEA,Luis Silva,Rosa Nguyen,false
AM-SR-002104,AM-CL-0067,E-0275,Performance Report,2025-04-12,2025-04-15,Closed,5,3.99,false,Email,Medium,Silverline Employees Pension 67,Public Pension,Key,Midwest,Leo King,Daniel Allen,true
AM-SR-002105,AM-CL-0077,E-0282,Performance Report,2025-07-31,2025-08-05,Closed,5,5.24,true,Email,High,Granite Teachers Retirement 77,Sovereign,Key,Midwest,Mei Hall,Julian Adams,false
AM-SR-002106,AM-CL-0029,E-0266,Cash Movement,2026-01-28,2026-01-29,Closed,1,1.63,true,Portal,Medium,Granite Capital Partners 29,Sovereign,Key,Midwest,Iris Allen,Ethan Roberts,false
AM-SR-002107,AM-CL-0106,E-0272,Data Feed Issue,2024-11-28,2024-11-28,Closed,2,0.84,false,Email,Low,Silverline Sovereign Fund 106,Endowment,Strategic,Pacific,Mei Hall,Aisha Green,false
AM-SR-002108,AM-CL-0057,E-0281,Performance Report,2024-09-10,2024-09-12,Closed,5,2.99,false,Portal,Medium,Lakeshore University Endowment 57,Sovereign,Standard,Mountain West,Luis Silva,Sofia Campbell,false
AM-SR-002109,AM-CL-0050,E-0276,Reconciliation,2025-09-28,2025-09-28,Closed,3,0.69,false,Portal,Low,Harbor Community Foundation 50,Endowment,Standard,Pacific,Hannah Roberts,Felix Edwards,false
AM-SR-002110,AM-CL-0118,E-0274,Reconciliation,2025-09-01,2025-09-04,Closed,3,3.13,true,Email,Low,Silverline Community Foundation 118,Family Office,Key,Midwest,Maya Ashford,Hannah Young,false
AM-SR-002111,AM-CL-0005,E-0277,Fee Invoice Question,2025-09-29,2025-10-03,Closed,5,4.9,false,Portal,Low,Blue Ridge Capital Partners 5,Sub-Advisory,Key,APAC,Rosa Miller,Kenji White,false
AM-SR-002112,AM-CL-0022,E-0273,Performance Report,2025-05-10,2025-05-12,Closed,5,2.1,false,Portal,Medium,Northfield Mutual Insurance 22,Foundation,Key,EMEA,Iris Allen,Samuel Wright,false
AM-SR-002113,AM-CL-0019,E-0283,Onboarding Document,2025-10-12,2025-10-20,Closed,7,8.52,true,Email,High,Northfield Employees Pension 19,Family Office,Key,Southeast,Iris Kim,Victor Chen,true
AM-SR-002114,AM-CL-0059,E-0273,Performance Report,2024-11-05,2024-11-08,Closed,5,3.79,false,Email,Medium,Lakeshore Teachers Retirement 59,Endowment,Strategic,Midwest,Nina Scott,Samuel Wright,false
AM-SR-002115,AM-CL-0030,E-0275,Performance Report,2025-11-09,2025-11-12,Closed,5,3.43,false,Email,Medium,Meridian Capital Partners 30,Family Office,Standard,Southeast,Sofia Bailey,Daniel Allen,false
AM-SR-002116,AM-CL-0131,E-0285,Compliance Attestation,2025-08-09,2025-08-16,Closed,10,7.19,false,Email,Medium,Northfield Capital Partners 131,Family Office,Key,Southeast,Priya Martinez,Aisha Ashford,false
AM-SR-002117,AM-CL-0100,E-0284,Reconciliation,2025-05-06,2025-05-07,Closed,3,1.36,false,Email,High,Harbor Mutual Insurance 100,Sub-Advisory,Key,EMEA,Luis Ashford,Iris Thomas,false
AM-SR-002118,AM-CL-0091,E-0285,Performance Report,2026-07-12,2026-07-14,Closed,5,2.95,false,Portal,Low,Northfield University Endowment 91,Insurance GA,Standard,Mountain West,Owen Okafor,Aisha Ashford,true
AM-SR-002119,AM-CL-0015,E-0287,Performance Report,2024-09-07,2024-09-13,Closed,5,6.35,true,Phone,Medium,Northfield Teachers Retirement 15,Foundation,Key,Mountain West,Hannah Young,Emma Allen,false
AM-SR-002120,AM-CL-0083,E-0287,Performance Report,2026-02-28,2026-03-02,Closed,5,2.72,false,Portal,Low,Northfield Sovereign Fund 83,Public Pension,Strategic,APAC,Iris Allen,Emma Allen,false
AM-SR-002121,AM-CL-0113,E-0270,Compliance Attestation,2025-08-19,2025-08-25,Closed,10,6.43,false,Portal,Medium,Harbor Teachers Retirement 113,Insurance GA,Standard,APAC,Leo King,Sara Kim,false
AM-SR-002122,AM-CL-0115,E-0274,Reconciliation,2025-03-12,2025-03-13,Closed,3,1.86,false,Portal,Low,Ironwood Capital Partners 115,Public Pension,Key,EMEA,Maya Ashford,Hannah Young,false
AM-SR-002123,AM-CL-0125,E-0286,Reconciliation,2026-05-07,2026-05-08,Closed,3,1.75,false,Email,High,Northfield Mutual Insurance 125,Insurance GA,Key,Mountain West,Luis Silva,Daniel Nguyen,false
AM-SR-002124,AM-CL-0086,E-0268,Onboarding Document,2026-01-11,2026-01-14,Closed,7,3.67,false,Portal,Medium,Cascade University Endowment 86,Public Pension,Standard,EMEA,Layla Carter,Rosa Nguyen,true
AM-SR-002125,AM-CL-0134,E-0281,Fee Invoice Question,2024-09-14,2024-09-16,Closed,5,2.82,false,Portal,Low,Granite Sovereign Fund 134,Family Office,Standard,Midwest,Maya Ashford,Sofia Campbell,false
AM-SR-002126,AM-CL-0138,E-0271,Performance Report,2026-05-16,2026-05-23,Closed,5,7.92,true,Email,Medium,Cascade Employees Pension 138,Endowment,Strategic,APAC,Tom Silva,Isabella Collins,false
AM-SR-002127,AM-CL-0089,E-0280,Performance Report,2025-11-04,2025-11-08,Closed,5,4.89,false,Portal,Medium,Blue Ridge Community Foundation 89,Endowment,Standard,Midwest,Tom Silva,Mateo Harris,false
AM-SR-002128,AM-CL-0013,E-0277,Reconciliation,2025-02-20,2025-02-21,Closed,3,1.22,false,Email,Medium,Meridian Teachers Retirement 13,Sovereign,Standard,Northeast,Leo King,Kenji White,false
AM-SR-002129,AM-CL-0025,E-0287,Performance Report,2024-12-16,2024-12-18,Closed,5,2.31,false,Portal,Medium,Summit Teachers Retirement 25,Insurance GA,Standard,Midwest,Rosa Miller,Emma Allen,false
AM-SR-002130,AM-CL-0041,E-0279,Reconciliation,2026-01-17,2026-01-18,Closed,3,1.2,false,Email,Low,Granite Mutual Insurance 41,Corporate Pension,Standard,APAC,Fatima Patel,Ravi Campbell,false
AM-SR-002131,AM-CL-0053,E-0271,Fee Invoice Question,2025-06-06,2025-06-10,Closed,5,4.71,false,Portal,Medium,Granite Sovereign Fund 53,Family Office,Standard,Northeast,Iris Clark,Isabella Collins,false
AM-SR-002132,AM-CL-0060,E-0284,Onboarding Document,2026-08-25,2026-08-31,Closed,7,6.84,false,Portal,High,Granite Teachers Retirement 60,Sovereign,Standard,Northeast,Hannah Young,Iris Thomas,false
AM-SR-002133,AM-CL-0048,E-0284,Reconciliation,2025-05-15,2025-05-16,Closed,3,1.14,false,Email,Low,Lakeshore Community Foundation 48,Family Office,Strategic,Mountain West,Grace Martinez,Iris Thomas,false
AM-SR-002134,AM-CL-0029,E-0266,Reconciliation,2025-09-21,2025-09-21,Closed,3,0.96,false,Portal,Medium,Granite Capital Partners 29,Sovereign,Key,Midwest,Iris Allen,Ethan Roberts,false
AM-SR-002135,AM-CL-0104,E-0279,Compliance Attestation,2025-01-20,2025-01-21,Closed,10,1.62,false,Portal,Low,Blue Ridge University Endowment 104,Sub-Advisory,Standard,Pacific,Owen Okafor,Ravi Campbell,false
AM-SR-002136,AM-CL-0121,E-0285,Performance Report,2025-12-12,2025-12-16,Closed,5,4.99,false,Email,Low,Meridian Capital Partners 121,Corporate Pension,Standard,Northeast,Iris Allen,Aisha Ashford,false
AM-SR-002137,AM-CL-0128,E-0286,Performance Report,2025-07-30,2025-08-02,Closed,5,3.48,false,Phone,High,Cascade Mutual Insurance 128,Sub-Advisory,Key,Northeast,Noah Carter,Daniel Nguyen,false
AM-SR-002138,AM-CL-0054,E-0290,Reconciliation,2025-11-13,2025-11-13,Closed,3,0.52,false,Email,High,Granite Mutual Insurance 54,Corporate Pension,Standard,Pacific,Hannah Young,Luis Ashford,false
AM-SR-002139,AM-CL-0068,E-0283,Cash Movement,2024-10-06,2024-10-07,Closed,1,1.31,true,Phone,High,Northfield Employees Pension 68,Foundation,Strategic,Midwest,Noah Carter,Victor Chen,true
AM-SR-002140,AM-CL-0108,E-0272,Fee Invoice Question,2026-07-27,2026-07-31,Closed,5,4.79,false,Email,Medium,Ironwood Employees Pension 108,Family Office,Strategic,APAC,Grace Bailey,Aisha Green,false
AM-SR-002141,AM-CL-0137,E-0284,Reconciliation,2026-04-12,2026-04-18,Closed,3,6.46,true,Portal,Medium,Northfield Sovereign Fund 137,Endowment,Strategic,Mountain West,Grace Bailey,Iris Thomas,true
AM-SR-002142,AM-CL-0016,E-0269,Reconciliation,2025-11-25,2025-11-27,Closed,3,2.07,false,Portal,Medium,Ironwood Sovereign Fund 16,Sovereign,Key,Pacific,Maya Ashford,Noah Hall,false
AM-SR-002143,AM-CL-0066,E-0278,Onboarding Document,2026-05-28,2026-06-07,Closed,7,10.07,true,Portal,Medium,Cascade Mutual Insurance 66,Family Office,Strategic,Midwest,Luis Silva,Lauren Lopez,false
AM-SR-002144,AM-CL-0038,E-0288,Performance Report,2025-09-25,2025-09-28,Closed,5,3.25,false,Email,Medium,Summit Capital Partners 38,Endowment,Standard,Mountain West,Sofia Bailey,Mateo Collins,false
AM-SR-002145,AM-CL-0040,E-0268,Performance Report,2025-03-12,2025-03-19,Closed,5,7.39,true,Email,Medium,Cascade Capital Partners 40,Corporate Pension,Key,EMEA,Luis Silva,Rosa Nguyen,false
AM-SR-002146,AM-CL-0084,E-0287,Performance Report,2025-04-22,2025-04-26,Closed,5,4.63,false,Email,Low,Ironwood Community Foundation 84,Sovereign,Standard,Southeast,Noah Nelson,Emma Allen,false
AM-SR-002147,AM-CL-0069,E-0274,Performance Report,2025-08-03,2025-08-04,Closed,5,1.97,false,Portal,Medium,Northfield Community Foundation 69,Family Office,Standard,Southeast,Hannah Roberts,Hannah Young,false
AM-SR-002148,AM-CL-0115,E-0274,Compliance Attestation,2025-10-03,2025-10-09,Closed,10,6.12,false,Portal,High,Ironwood Capital Partners 115,Public Pension,Key,EMEA,Maya Ashford,Hannah Young,true
AM-SR-002149,AM-CL-0082,E-0275,Performance Report,2025-12-17,2025-12-20,Closed,5,3.16,false,Email,Low,Harbor Sovereign Fund 82,Foundation,Key,APAC,Iris Allen,Daniel Allen,false
AM-SR-002150,AM-CL-0137,E-0284,Fee Invoice Question,2025-07-07,2025-07-09,Closed,5,2.41,false,Email,Medium,Northfield Sovereign Fund 137,Endowment,Strategic,Mountain West,Grace Bailey,Iris Thomas,true
AM-SR-002151,AM-CL-0046,E-0270,Fee Invoice Question,2025-05-07,2025-05-13,Closed,5,6.86,true,Portal,Medium,Summit University Endowment 46,Foundation,Standard,Pacific,Fatima Patel,Sara Kim,false
AM-SR-002152,AM-CL-0063,E-0284,Performance Report,2025-11-11,2025-11-17,Closed,5,6.21,true,Email,High,Cascade Employees Pension 63,Sovereign,Key,Mountain West,Fatima Patel,Iris Thomas,false
AM-SR-002153,AM-CL-0104,E-0279,Reconciliation,2025-09-08,2025-09-09,Closed,3,1.38,false,Portal,Medium,Blue Ridge University Endowment 104,Sub-Advisory,Standard,Pacific,Owen Okafor,Ravi Campbell,false
AM-SR-002154,AM-CL-0008,E-0279,Compliance Attestation,2025-12-29,2026-01-01,Closed,10,3.91,false,Email,Low,Granite Community Foundation 8,Insurance GA,Standard,Mountain West,Luis Silva,Ravi Campbell,false
AM-SR-002155,AM-CL-0053,E-0271,Performance Report,2025-07-09,2025-07-11,Closed,5,2.49,false,Portal,Medium,Granite Sovereign Fund 53,Family Office,Standard,Northeast,Iris Clark,Isabella Collins,true
AM-SR-002156,AM-CL-0100,E-0284,Fee Invoice Question,2026-07-03,2026-07-11,Closed,5,8.69,true,Portal,Medium,Harbor Mutual Insurance 100,Sub-Advisory,Key,EMEA,Luis Ashford,Iris Thomas,true
AM-SR-002157,AM-CL-0086,E-0268,Compliance Attestation,2025-04-22,2025-05-30,Closed,10,38.42,true,Email,Medium,Cascade University Endowment 86,Public Pension,Standard,EMEA,Layla Carter,Rosa Nguyen,false
AM-SR-002158,AM-CL-0106,E-0272,Performance Report,2025-04-19,2025-04-29,Closed,5,10.29,true,Email,Low,Silverline Sovereign Fund 106,Endowment,Strategic,Pacific,Mei Hall,Aisha Green,false
AM-SR-002159,AM-CL-0105,E-0284,Performance Report,2025-01-04,2025-01-09,Closed,5,5.18,true,Email,Medium,Northfield Community Foundation 105,Corporate Pension,Key,Midwest,Nina Scott,Iris Thomas,true
AM-SR-002160,AM-CL-0125,E-0286,Cash Movement,2026-06-11,2026-06-11,Closed,1,0.55,false,Email,Medium,Northfield Mutual Insurance 125,Insurance GA,Key,Mountain West,Luis Silva,Daniel Nguyen,false
AM-SR-002161,AM-CL-0066,E-0278,Onboarding Document,2024-12-22,2024-12-25,Closed,7,3.89,false,Email,Low,Cascade Mutual Insurance 66,Family Office,Strategic,Midwest,Luis Silva,Lauren Lopez,false
AM-SR-002162,AM-CL-0120,E-0279,Performance Report,2025-04-17,2025-04-29,Closed,5,12.7,true,Portal,Medium,Ironwood Capital Partners 120,Foundation,Standard,Pacific,Owen Okafor,Ravi Campbell,false
AM-SR-002163,AM-CL-0107,E-0281,Performance Report,2026-07-20,2026-07-24,Closed,5,4.61,false,Portal,Low,Harbor Teachers Retirement 107,Sub-Advisory,Key,Pacific,Priya Martinez,Sofia Campbell,false
AM-SR-002164,AM-CL-0125,E-0286,Performance Report,2025-11-13,2025-11-19,Closed,5,6.13,true,Phone,Medium,Northfield Mutual Insurance 125,Insurance GA,Key,Mountain West,Luis Silva,Daniel Nguyen,false
AM-SR-002165,AM-CL-0031,E-0276,Reconciliation,2025-09-01,2025-09-02,Closed,3,1.98,false,Email,Low,Blue Ridge Employees Pension 31,Sub-Advisory,Standard,Southeast,Owen Okafor,Felix Edwards,false
AM-SR-002166,AM-CL-0058,E-0280,Reconciliation,2025-03-15,2025-03-18,Closed,3,3.66,true,Email,Low,Harbor Teachers Retirement 58,Sub-Advisory,Standard,APAC,Fatima Patel,Mateo Harris,false
AM-SR-002167,AM-CL-0038,E-0288,Cash Movement,2025-08-08,2025-08-08,Closed,1,0.45,false,Email,Medium,Summit Capital Partners 38,Endowment,Standard,Mountain West,Sofia Bailey,Mateo Collins,false
AM-SR-002168,AM-CL-0053,E-0271,Performance Report,2025-07-12,2025-07-16,Closed,5,4.92,false,Email,Low,Granite Sovereign Fund 53,Family Office,Standard,Northeast,Iris Clark,Isabella Collins,true
AM-SR-002169,AM-CL-0003,E-0280,Performance Report,2026-05-07,2026-05-11,Closed,5,4.33,false,Email,Low,Blue Ridge Mutual Insurance 3,Foundation,Strategic,EMEA,Grace Martinez,Mateo Harris,false
AM-SR-002170,AM-CL-0006,E-0284,Performance Report,2026-05-30,2026-06-03,Closed,5,4.8,false,Email,High,Cascade Employees Pension 6,Family Office,Standard,APAC,Sofia Bailey,Iris Thomas,false
AM-SR-002171,AM-CL-0013,E-0277,Reconciliation,2026-06-21,2026-06-23,Closed,3,2.58,false,Portal,High,Meridian Teachers Retirement 13,Sovereign,Standard,Northeast,Leo King,Kenji White,false
AM-SR-002172,AM-CL-0128,E-0286,Fee Invoice Question,2025-11-21,2025-11-22,Closed,5,1.5,false,Email,Low,Cascade Mutual Insurance 128,Sub-Advisory,Key,Northeast,Noah Carter,Daniel Nguyen,false
AM-SR-002173,AM-CL-0053,E-0271,Reconciliation,2025-12-13,2025-12-23,Closed,3,10.6,true,Email,Low,Granite Sovereign Fund 53,Family Office,Standard,Northeast,Iris Clark,Isabella Collins,false
AM-SR-002174,AM-CL-0110,E-0286,Performance Report,2026-03-22,2026-03-26,Closed,5,4.5,false,Email,Medium,Summit Community Foundation 110,Public Pension,Standard,Northeast,Grace Martinez,Daniel Nguyen,false
AM-SR-002175,AM-CL-0128,E-0286,Performance Report,2025-01-09,2025-01-12,Closed,5,3.14,false,Email,Medium,Cascade Mutual Insurance 128,Sub-Advisory,Key,Northeast,Noah Carter,Daniel Nguyen,true
AM-SR-002176,AM-CL-0088,E-0271,Cash Movement,2026-06-26,2026-06-26,Closed,1,0.48,false,Email,Medium,Northfield Mutual Insurance 88,Sub-Advisory,Key,Midwest,Fatima Okafor,Isabella Collins,false
AM-SR-002177,AM-CL-0021,E-0286,Compliance Attestation,2024-12-11,2024-12-15,Closed,10,4.78,false,Email,Medium,Lakeshore Sovereign Fund 21,Sub-Advisory,Strategic,Pacific,Tom Silva,Daniel Nguyen,false
AM-SR-002178,AM-CL-0091,E-0285,Cash Movement,2026-08-24,2026-08-24,Closed,1,0.31,false,Portal,Low,Northfield University Endowment 91,Insurance GA,Standard,Mountain West,Owen Okafor,Aisha Ashford,false
AM-SR-002179,AM-CL-0046,E-0270,Fee Invoice Question,2025-06-10,2025-06-14,Closed,5,4.59,false,Phone,Medium,Summit University Endowment 46,Foundation,Standard,Pacific,Fatima Patel,Sara Kim,false
AM-SR-002180,AM-CL-0068,E-0283,Data Feed Issue,2025-07-10,2025-07-11,Closed,2,1.62,false,Portal,High,Northfield Employees Pension 68,Foundation,Strategic,Midwest,Noah Carter,Victor Chen,true
AM-SR-002181,AM-CL-0070,E-0282,Reconciliation,2025-01-08,2025-01-13,Closed,3,5.45,true,Portal,Medium,Cascade Capital Partners 70,Public Pension,Strategic,EMEA,Noah Nelson,Julian Adams,true
AM-SR-002182,AM-CL-0029,E-0266,Compliance Attestation,2025-01-17,2025-01-22,Closed,10,5.32,false,Email,High,Granite Capital Partners 29,Sovereign,Key,Midwest,Iris Allen,Ethan Roberts,false
AM-SR-002183,AM-CL-0104,E-0279,Compliance Attestation,2024-12-09,2024-12-18,Closed,10,9.87,false,Portal,Medium,Blue Ridge University Endowment 104,Sub-Advisory,Standard,Pacific,Owen Okafor,Ravi Campbell,false
AM-SR-002184,AM-CL-0122,E-0276,Performance Report,2026-08-23,2026-08-24,Closed,5,1.64,false,Portal,Medium,Granite Teachers Retirement 122,Insurance GA,Standard,EMEA,Luis Ashford,Felix Edwards,false
AM-SR-002185,AM-CL-0097,E-0289,Reconciliation,2026-03-18,2026-03-21,Closed,3,3.78,true,Portal,Medium,Summit Capital Partners 97,Corporate Pension,Standard,Northeast,Fatima Okafor,Victor Nguyen,false
AM-SR-002186,AM-CL-0048,E-0284,Performance Report,2024-09-25,2024-09-29,Closed,5,4.77,false,Portal,High,Lakeshore Community Foundation 48,Family Office,Strategic,Mountain West,Grace Martinez,Iris Thomas,false
AM-SR-002187,AM-CL-0102,E-0277,Cash Movement,2024-09-26,2024-09-26,Closed,1,0.9,false,Email,Medium,Granite Community Foundation 102,Endowment,Strategic,APAC,Noah Nelson,Kenji White,false
AM-SR-002188,AM-CL-0070,E-0282,Fee Invoice Question,2025-12-31,2026-01-07,Closed,5,7.88,true,Email,Low,Cascade Capital Partners 70,Public Pension,Strategic,EMEA,Noah Nelson,Julian Adams,false
AM-SR-002189,AM-CL-0118,E-0274,Performance Report,2026-03-09,2026-03-18,Closed,5,9.22,true,Phone,High,Silverline Community Foundation 118,Family Office,Key,Midwest,Maya Ashford,Hannah Young,false
AM-SR-002190,AM-CL-0033,E-0266,Onboarding Document,2024-10-05,2024-10-10,Closed,7,5.08,false,Email,Low,Summit Employees Pension 33,Family Office,Standard,EMEA,Hannah Young,Ethan Roberts,true
AM-SR-002191,AM-CL-0116,E-0272,Fee Invoice Question,2025-06-26,2025-06-29,Closed,5,3.62,false,Email,Low,Silverline Sovereign Fund 116,Sub-Advisory,Key,Pacific,Iris Allen,Aisha Green,false
AM-SR-002192,AM-CL-0009,E-0279,Data Feed Issue,2025-08-16,2025-08-17,Closed,2,1.23,false,Email,Medium,Cascade Sovereign Fund 9,Corporate Pension,Strategic,Midwest,Fatima Patel,Ravi Campbell,false
AM-SR-002193,AM-CL-0061,E-0290,Data Feed Issue,2024-11-24,2024-11-25,Closed,2,1.35,false,Email,Low,Summit Sovereign Fund 61,Insurance GA,Key,Midwest,Iris Allen,Luis Ashford,false
AM-SR-002194,AM-CL-0138,E-0271,Onboarding Document,2026-02-24,2026-02-26,Closed,7,2.94,false,Email,Medium,Cascade Employees Pension 138,Endowment,Strategic,APAC,Tom Silva,Isabella Collins,false
AM-SR-002195,AM-CL-0126,E-0270,Performance Report,2025-07-18,2025-07-21,Closed,5,3.06,false,Email,Medium,Northfield Employees Pension 126,Family Office,Strategic,Pacific,Noah Carter,Sara Kim,false
AM-SR-002196,AM-CL-0140,E-0272,Performance Report,2024-12-15,2024-12-17,Closed,5,2.77,false,Portal,High,Lakeshore Teachers Retirement 140,Foundation,Key,Midwest,Wei Thomas,Aisha Green,false
AM-SR-002197,AM-CL-0012,E-0289,Performance Report,2025-08-01,2025-08-06,Closed,5,5.13,true,Portal,Medium,Blue Ridge Community Foundation 12,Foundation,Strategic,Mountain West,Luis Silva,Victor Nguyen,false
AM-SR-002198,AM-CL-0122,E-0276,Reconciliation,2026-06-17,2026-06-21,Closed,3,4.37,true,Email,Low,Granite Teachers Retirement 122,Insurance GA,Standard,EMEA,Luis Ashford,Felix Edwards,false
AM-SR-002199,AM-CL-0008,E-0279,Fee Invoice Question,2025-03-04,2025-03-05,Closed,5,1.62,false,Email,Low,Granite Community Foundation 8,Insurance GA,Standard,Mountain West,Luis Silva,Ravi Campbell,false
AM-SR-002200,AM-CL-0099,E-0279,Reconciliation,2025-10-13,2025-10-15,Closed,3,2.09,false,Portal,Low,Cascade Teachers Retirement 99,Foundation,Key,APAC,Hannah Young,Ravi Campbell,false
AM-SR-002201,AM-CL-0035,E-0267,Reconciliation,2025-03-10,2025-03-12,Closed,3,2.07,false,Phone,Low,Harbor Capital Partners 35,Endowment,Strategic,Southeast,Iris Kim,Felix Stewart,false
AM-SR-002202,AM-CL-0009,E-0279,Performance Report,2025-05-02,2025-05-12,Closed,5,10.86,true,Email,Low,Cascade Sovereign Fund 9,Corporate Pension,Strategic,Midwest,Fatima Patel,Ravi Campbell,false
AM-SR-002203,AM-CL-0001,E-0279,Data Feed Issue,2025-03-08,2025-03-09,Closed,2,1.55,false,Portal,Medium,Lakeshore Employees Pension 1,Sub-Advisory,Strategic,Pacific,Wei Thomas,Ravi Campbell,false
AM-SR-002204,AM-CL-0130,E-0273,Reconciliation,2025-06-05,2025-06-07,Closed,3,2.37,false,Portal,Low,Lakeshore University Endowment 130,Public Pension,Key,Northeast,Owen Okafor,Samuel Wright,false
AM-SR-002205,AM-CL-0037,E-0282,Reconciliation,2026-04-11,2026-04-14,Closed,3,3.53,true,Portal,Low,Harbor Capital Partners 37,Foundation,Standard,APAC,Nina Scott,Julian Adams,true
AM-SR-002206,AM-CL-0083,E-0287,Cash Movement,2024-10-13,2024-10-14,Closed,1,1.07,true,Email,High,Northfield Sovereign Fund 83,Public Pension,Strategic,APAC,Iris Allen,Emma Allen,false
AM-SR-002207,AM-CL-0084,E-0287,Reconciliation,2025-04-12,2025-04-13,Closed,3,1.52,false,Email,Medium,Ironwood Community Foundation 84,Sovereign,Standard,Southeast,Noah Nelson,Emma Allen,true
AM-SR-002208,AM-CL-0052,E-0285,Cash Movement,2026-06-09,2026-06-09,Closed,1,0.3,false,Portal,Medium,Lakeshore Mutual Insurance 52,Family Office,Key,Mountain West,Tom Silva,Aisha Ashford,false
AM-SR-002209,AM-CL-0128,E-0286,Fee Invoice Question,2025-11-11,2025-11-23,Closed,5,12.62,true,Email,Low,Cascade Mutual Insurance 128,Sub-Advisory,Key,Northeast,Noah Carter,Daniel Nguyen,false
AM-SR-002210,AM-CL-0047,E-0266,Cash Movement,2026-05-28,2026-05-28,Closed,1,0.29,false,Email,Low,Granite Sovereign Fund 47,Endowment,Standard,Mountain West,Noah Nelson,Ethan Roberts,false
AM-SR-002211,AM-CL-0132,E-0273,Onboarding Document,2024-10-20,2024-10-22,Closed,7,2.77,false,Portal,High,Blue Ridge Teachers Retirement 132,Sovereign,Standard,APAC,Fatima Patel,Samuel Wright,false
AM-SR-002212,AM-CL-0066,E-0278,Performance Report,2026-03-29,2026-04-02,Closed,5,4.21,false,Portal,High,Cascade Mutual Insurance 66,Family Office,Strategic,Midwest,Luis Silva,Lauren Lopez,false
AM-SR-002213,AM-CL-0018,E-0266,Performance Report,2026-05-18,2026-05-21,Closed,5,3.8,false,Email,Medium,Meridian Mutual Insurance 18,Public Pension,Key,Pacific,Noah Carter,Ethan Roberts,false
AM-SR-002214,AM-CL-0030,E-0275,Reconciliation,2025-08-24,2025-08-25,Closed,3,1.58,false,Email,Medium,Meridian Capital Partners 30,Family Office,Standard,Southeast,Sofia Bailey,Daniel Allen,false
AM-SR-002215,AM-CL-0002,E-0268,Cash Movement,2025-05-31,2025-05-31,Closed,1,0.77,false,Email,Low,Blue Ridge Sovereign Fund 2,Family Office,Key,EMEA,Noah Carter,Rosa Nguyen,false
AM-SR-002216,AM-CL-0104,E-0279,Performance Report,2024-11-24,2024-11-29,Closed,5,5.09,true,Email,Medium,Blue Ridge University Endowment 104,Sub-Advisory,Standard,Pacific,Owen Okafor,Ravi Campbell,false
AM-SR-002217,AM-CL-0035,E-0267,Performance Report,2024-10-19,2024-10-21,Closed,5,2.15,false,Email,Low,Harbor Capital Partners 35,Endowment,Strategic,Southeast,Iris Kim,Felix Stewart,false
AM-SR-002218,AM-CL-0009,E-0279,Fee Invoice Question,2024-11-11,2024-11-14,Closed,5,3.28,false,Portal,Low,Cascade Sovereign Fund 9,Corporate Pension,Strategic,Midwest,Fatima Patel,Ravi Campbell,false
AM-SR-002219,AM-CL-0095,E-0280,Reconciliation,2025-10-28,2025-10-31,Closed,3,3.41,true,Email,Low,Ironwood Sovereign Fund 95,Sub-Advisory,Standard,Southeast,Wei Thomas,Mateo Harris,false
AM-SR-002220,AM-CL-0109,E-0288,Reconciliation,2024-11-05,2024-11-06,Closed,3,1.16,false,Portal,Low,Cascade Community Foundation 109,Sub-Advisory,Standard,APAC,Luis Silva,Mateo Collins,false
AM-SR-002221,AM-CL-0082,E-0275,Fee Invoice Question,2025-09-14,2025-09-15,Closed,5,1.03,false,Email,Low,Harbor Sovereign Fund 82,Foundation,Key,APAC,Iris Allen,Daniel Allen,false
AM-SR-002222,AM-CL-0046,E-0270,Cash Movement,2026-05-24,2026-05-24,Closed,1,0.74,false,Email,Medium,Summit University Endowment 46,Foundation,Standard,Pacific,Fatima Patel,Sara Kim,false
AM-SR-002223,AM-CL-0108,E-0272,Reconciliation,2026-02-21,2026-02-25,Closed,3,4.57,true,Email,Low,Ironwood Employees Pension 108,Family Office,Strategic,APAC,Grace Bailey,Aisha Green,false
AM-SR-002224,AM-CL-0028,E-0279,Compliance Attestation,2024-09-23,2024-09-29,Closed,10,6.34,false,Email,Low,Silverline Teachers Retirement 28,Public Pension,Key,Pacific,Layla Carter,Ravi Campbell,false
AM-SR-002225,AM-CL-0053,E-0271,Fee Invoice Question,2026-01-25,2026-01-28,Closed,5,3.55,false,Email,Medium,Granite Sovereign Fund 53,Family Office,Standard,Northeast,Iris Clark,Isabella Collins,false
AM-SR-002226,AM-CL-0056,E-0288,Cash Movement,2025-08-27,2025-08-27,Closed,1,0.86,false,Email,Medium,Harbor Mutual Insurance 56,Endowment,Strategic,APAC,Grace Bailey,Mateo Collins,false
AM-SR-002227,AM-CL-0056,E-0288,Cash Movement,2025-03-23,2025-03-24,Closed,1,1.98,true,Email,Low,Harbor Mutual Insurance 56,Endowment,Strategic,APAC,Grace Bailey,Mateo Collins,false
AM-SR-002228,AM-CL-0072,E-0286,Data Feed Issue,2026-08-15,2026-08-16,Closed,2,1.02,false,Email,Medium,Blue Ridge Mutual Insurance 72,Foundation,Standard,Mountain West,Fatima Okafor,Daniel Nguyen,false
AM-SR-002229,AM-CL-0104,E-0279,Cash Movement,2026-05-02,2026-05-02,Closed,1,0.43,false,Portal,High,Blue Ridge University Endowment 104,Sub-Advisory,Standard,Pacific,Owen Okafor,Ravi Campbell,false
AM-SR-002230,AM-CL-0093,E-0275,Onboarding Document,2025-07-20,2025-07-23,Closed,7,3.23,false,Email,Medium,Harbor Community Foundation 93,Corporate Pension,Strategic,Southeast,Maya Ashford,Daniel Allen,false
AM-SR-002231,AM-CL-0095,E-0280,Compliance Attestation,2025-04-18,2025-04-26,Closed,10,8.66,false,Portal,Medium,Ironwood Sovereign Fund 95,Sub-Advisory,Standard,Southeast,Wei Thomas,Mateo Harris,false
AM-SR-002232,AM-CL-0018,E-0266,Reconciliation,2026-04-10,2026-04-11,Closed,3,1.34,false,Portal,Medium,Meridian Mutual Insurance 18,Public Pension,Key,Pacific,Noah Carter,Ethan Roberts,true
AM-SR-002233,AM-CL-0021,E-0286,Data Feed Issue,2025-07-27,2025-07-27,Closed,2,0.81,false,Email,Medium,Lakeshore Sovereign Fund 21,Sub-Advisory,Strategic,Pacific,Tom Silva,Daniel Nguyen,false
AM-SR-002234,AM-CL-0075,E-0270,Cash Movement,2025-08-09,2025-08-10,Closed,1,1.06,true,Portal,Medium,Harbor Teachers Retirement 75,Endowment,Standard,Mountain West,Fatima Patel,Sara Kim,false
AM-SR-002235,AM-CL-0093,E-0275,Fee Invoice Question,2026-01-24,2026-01-25,Closed,5,1.93,false,Portal,Medium,Harbor Community Foundation 93,Corporate Pension,Strategic,Southeast,Maya Ashford,Daniel Allen,false
AM-SR-002236,AM-CL-0138,E-0271,Cash Movement,2026-01-26,2026-01-26,Closed,1,0.8,false,Email,Low,Cascade Employees Pension 138,Endowment,Strategic,APAC,Tom Silva,Isabella Collins,false
AM-SR-002237,AM-CL-0138,E-0271,Fee Invoice Question,2025-03-03,2025-03-06,Closed,5,3.96,false,Portal,Low,Cascade Employees Pension 138,Endowment,Strategic,APAC,Tom Silva,Isabella Collins,false
AM-SR-002238,AM-CL-0076,E-0282,Performance Report,2025-12-31,2026-01-06,Closed,5,6.31,true,Phone,Low,Ironwood Capital Partners 76,Foundation,Key,Midwest,Nina Scott,Julian Adams,false
AM-SR-002239,AM-CL-0052,E-0285,Compliance Attestation,2025-08-17,2025-08-22,Closed,10,5.65,false,Email,High,Lakeshore Mutual Insurance 52,Family Office,Key,Mountain West,Tom Silva,Aisha Ashford,false
AM-SR-002240,AM-CL-0128,E-0286,Fee Invoice Question,2026-02-25,2026-03-08,Closed,5,11.13,true,Portal,Low,Cascade Mutual Insurance 128,Sub-Advisory,Key,Northeast,Noah Carter,Daniel Nguyen,false
AM-SR-002241,AM-CL-0067,E-0275,Fee Invoice Question,2025-04-21,2025-04-24,Closed,5,3.32,false,Email,Low,Silverline Employees Pension 67,Public Pension,Key,Midwest,Leo King,Daniel Allen,false
AM-SR-002242,AM-CL-0102,E-0277,Compliance Attestation,2024-12-31,2025-01-14,Closed,10,14.22,true,Email,Medium,Granite Community Foundation 102,Endowment,Strategic,APAC,Noah Nelson,Kenji White,false
AM-SR-002243,AM-CL-0076,E-0282,Fee Invoice Question,2025-02-20,2025-02-21,Closed,5,1.68,false,Portal,Low,Ironwood Capital Partners 76,Foundation,Key,Midwest,Nina Scott,Julian Adams,false
AM-SR-002244,AM-CL-0103,E-0289,Performance Report,2025-04-14,2025-04-18,Closed,5,4.81,false,Portal,Medium,Blue Ridge University Endowment 103,Foundation,Standard,Midwest,Julian Collins,Victor Nguyen,false
AM-SR-002245,AM-CL-0048,E-0284,Performance Report,2026-07-30,2026-08-02,Closed,5,3.53,false,Portal,Low,Lakeshore Community Foundation 48,Family Office,Strategic,Mountain West,Grace Martinez,Iris Thomas,false
AM-SR-002246,AM-CL-0113,E-0270,Reconciliation,2025-11-20,2025-11-22,Closed,3,2.45,false,Portal,Low,Harbor Teachers Retirement 113,Insurance GA,Standard,APAC,Leo King,Sara Kim,false
AM-SR-002247,AM-CL-0116,E-0272,Reconciliation,2024-10-07,2024-10-25,Closed,3,18.94,true,Phone,Low,Silverline Sovereign Fund 116,Sub-Advisory,Key,Pacific,Iris Allen,Aisha Green,true
AM-SR-002248,AM-CL-0016,E-0269,Cash Movement,2025-03-21,2025-03-22,Closed,1,1.73,true,Portal,Medium,Ironwood Sovereign Fund 16,Sovereign,Key,Pacific,Maya Ashford,Noah Hall,false
AM-SR-002249,AM-CL-0039,E-0275,Reconciliation,2026-07-24,2026-07-30,Closed,3,6.32,true,Phone,Medium,Blue Ridge Mutual Insurance 39,Foundation,Key,APAC,Iris Clark,Daniel Allen,false
AM-SR-002250,AM-CL-0057,E-0281,Reconciliation,2025-12-05,2025-12-08,Closed,3,3.34,true,Email,Low,Lakeshore University Endowment 57,Sovereign,Standard,Mountain West,Luis Silva,Sofia Campbell,false
AM-SR-002251,AM-CL-0047,E-0266,Compliance Attestation,2025-07-03,2025-07-09,Closed,10,6.79,false,Email,Low,Granite Sovereign Fund 47,Endowment,Standard,Mountain West,Noah Nelson,Ethan Roberts,true
AM-SR-002252,AM-CL-0046,E-0270,Reconciliation,2025-10-26,2025-10-27,Closed,3,1.0,false,Phone,Medium,Summit University Endowment 46,Foundation,Standard,Pacific,Fatima Patel,Sara Kim,false
AM-SR-002253,AM-CL-0057,E-0281,Cash Movement,2025-11-28,2025-11-28,Closed,1,0.49,false,Email,Medium,Lakeshore University Endowment 57,Sovereign,Standard,Mountain West,Luis Silva,Sofia Campbell,false
AM-SR-002254,AM-CL-0110,E-0286,Fee Invoice Question,2025-02-12,2025-02-15,Closed,5,3.52,false,Email,Low,Summit Community Foundation 110,Public Pension,Standard,Northeast,Grace Martinez,Daniel Nguyen,false
AM-SR-002255,AM-CL-0030,E-0275,Compliance Attestation,2025-04-14,2025-04-22,Closed,10,8.9,false,Email,Medium,Meridian Capital Partners 30,Family Office,Standard,Southeast,Sofia Bailey,Daniel Allen,false
AM-SR-002256,AM-CL-0073,E-0269,Reconciliation,2025-04-03,2025-04-07,Closed,3,4.85,true,Email,Medium,Ironwood Employees Pension 73,Sub-Advisory,Strategic,Southeast,Hannah Roberts,Noah Hall,true
AM-SR-002257,AM-CL-0093,E-0275,Reconciliation,2025-05-29,2025-05-31,Closed,3,2.28,false,Phone,Medium,Harbor Community Foundation 93,Corporate Pension,Strategic,Southeast,Maya Ashford,Daniel Allen,false
AM-SR-002258,AM-CL-0069,E-0274,Reconciliation,2026-03-21,2026-03-24,Closed,3,3.06,true,Email,Low,Northfield Community Foundation 69,Family Office,Standard,Southeast,Hannah Roberts,Hannah Young,false
AM-SR-002259,AM-CL-0124,E-0270,Reconciliation,2025-02-05,2025-02-08,Closed,3,3.84,true,Email,Medium,Blue Ridge Community Foundation 124,Endowment,Strategic,Northeast,Iris Kim,Sara Kim,false
AM-SR-002260,AM-CL-0031,E-0276,Performance Report,2025-06-28,2025-07-05,Closed,5,7.22,true,Email,Low,Blue Ridge Employees Pension 31,Sub-Advisory,Standard,Southeast,Owen Okafor,Felix Edwards,false
AM-SR-002261,AM-CL-0051,E-0272,Data Feed Issue,2025-04-21,2025-04-21,Closed,2,0.95,false,Email,High,Silverline Teachers Retirement 51,Insurance GA,Standard,EMEA,Nina Scott,Aisha Green,false
AM-SR-002262,AM-CL-0084,E-0287,Fee Invoice Question,2026-05-03,2026-05-04,Closed,5,1.82,false,Portal,Medium,Ironwood Community Foundation 84,Sovereign,Standard,Southeast,Noah Nelson,Emma Allen,false
AM-SR-002263,AM-CL-0001,E-0279,Data Feed Issue,2026-03-17,2026-03-20,Closed,2,3.57,true,Email,Medium,Lakeshore Employees Pension 1,Sub-Advisory,Strategic,Pacific,Wei Thomas,Ravi Campbell,false
AM-SR-002264,AM-CL-0051,E-0272,Fee Invoice Question,2026-01-16,2026-01-21,Closed,5,5.57,true,Email,Medium,Silverline Teachers Retirement 51,Insurance GA,Standard,EMEA,Nina Scott,Aisha Green,false
AM-SR-002265,AM-CL-0062,E-0278,Performance Report,2025-03-26,2025-03-29,Closed,5,3.51,false,Email,Medium,Northfield Teachers Retirement 62,Corporate Pension,Standard,Midwest,Owen Okafor,Lauren Lopez,false
AM-SR-002266,AM-CL-0049,E-0289,Cash Movement,2026-05-01,2026-05-01,Closed,1,0.57,false,Portal,Medium,Lakeshore Sovereign Fund 49,Sub-Advisory,Key,Mountain West,Priya Martinez,Victor Nguyen,false
AM-SR-002267,AM-CL-0137,E-0284,Cash Movement,2026-05-05,2026-05-05,Closed,1,0.7,false,Email,Medium,Northfield Sovereign Fund 137,Endowment,Strategic,Mountain West,Grace Bailey,Iris Thomas,false
AM-SR-002268,AM-CL-0022,E-0273,Reconciliation,2024-12-06,2024-12-09,Closed,3,3.18,true,Email,Low,Northfield Mutual Insurance 22,Foundation,Key,EMEA,Iris Allen,Samuel Wright,false
AM-SR-002269,AM-CL-0082,E-0275,Performance Report,2025-07-06,2025-07-08,Closed,5,2.76,false,Portal,Medium,Harbor Sovereign Fund 82,Foundation,Key,APAC,Iris Allen,Daniel Allen,true
AM-SR-002270,AM-CL-0131,E-0285,Performance Report,2024-09-08,2024-09-13,Closed,5,5.13,true,Email,Low,Northfield Capital Partners 131,Family Office,Key,Southeast,Priya Martinez,Aisha Ashford,false
AM-SR-002271,AM-CL-0043,E-0267,Cash Movement,2024-10-28,2024-10-28,Closed,1,0.72,false,Portal,Low,Lakeshore Community Foundation 43,Family Office,Key,Pacific,Rosa Miller,Felix Stewart,false
AM-SR-002272,AM-CL-0013,E-0277,Fee Invoice Question,2026-06-17,2026-06-21,Closed,5,4.1,false,Portal,Low,Meridian Teachers Retirement 13,Sovereign,Standard,Northeast,Leo King,Kenji White,false
AM-SR-002273,AM-CL-0024,E-0282,Reconciliation,2024-11-28,2024-12-01,Closed,3,3.68,true,Portal,Low,Granite University Endowment 24,Foundation,Standard,Mountain West,Grace Bailey,Julian Adams,false
AM-SR-002274,AM-CL-0128,E-0286,Fee Invoice Question,2025-01-24,2025-01-28,Closed,5,4.05,false,Email,Low,Cascade Mutual Insurance 128,Sub-Advisory,Key,Northeast,Noah Carter,Daniel Nguyen,false
AM-SR-002275,AM-CL-0051,E-0272,Reconciliation,2025-12-14,2025-12-18,Closed,3,4.07,true,Email,Low,Silverline Teachers Retirement 51,Insurance GA,Standard,EMEA,Nina Scott,Aisha Green,false
AM-SR-002276,AM-CL-0053,E-0271,Performance Report,2025-08-05,2025-08-07,Closed,5,2.46,false,Portal,Low,Granite Sovereign Fund 53,Family Office,Standard,Northeast,Iris Clark,Isabella Collins,false
AM-SR-002277,AM-CL-0105,E-0284,Fee Invoice Question,2025-07-28,2025-07-29,Closed,5,1.57,false,Email,Low,Northfield Community Foundation 105,Corporate Pension,Key,Midwest,Nina Scott,Iris Thomas,false
AM-SR-002278,AM-CL-0040,E-0268,Performance Report,2025-01-21,2025-01-25,Closed,5,4.78,false,Portal,Low,Cascade Capital Partners 40,Corporate Pension,Key,EMEA,Luis Silva,Rosa Nguyen,false
AM-SR-002279,AM-CL-0098,E-0268,Reconciliation,2025-10-22,2025-10-28,Closed,3,6.74,true,Email,Medium,Summit Capital Partners 98,Corporate Pension,Key,EMEA,Luis Silva,Rosa Nguyen,false
AM-SR-002280,AM-CL-0137,E-0284,Cash Movement,2025-11-16,2025-11-16,Closed,1,0.18,false,Phone,Medium,Northfield Sovereign Fund 137,Endowment,Strategic,Mountain West,Grace Bailey,Iris Thomas,false
AM-SR-002281,AM-CL-0023,E-0285,Reconciliation,2025-02-27,2025-02-28,Closed,3,1.02,false,Email,Low,Harbor Community Foundation 23,Public Pension,Key,Midwest,Sofia Bailey,Aisha Ashford,false
AM-SR-002282,AM-CL-0050,E-0276,Cash Movement,2025-10-02,2025-10-03,Closed,1,1.34,true,Portal,Medium,Harbor Community Foundation 50,Endowment,Standard,Pacific,Hannah Roberts,Felix Edwards,true
AM-SR-002283,AM-CL-0076,E-0282,Compliance Attestation,2025-06-25,2025-06-26,Closed,10,1.81,false,Portal,Low,Ironwood Capital Partners 76,Foundation,Key,Midwest,Nina Scott,Julian Adams,false
AM-SR-002284,AM-CL-0038,E-0288,Performance Report,2026-01-03,2026-01-04,Closed,5,1.75,false,Email,Low,Summit Capital Partners 38,Endowment,Standard,Mountain West,Sofia Bailey,Mateo Collins,true
AM-SR-002285,AM-CL-0029,E-0266,Onboarding Document,2025-03-29,2025-04-04,Closed,7,6.44,false,Portal,Low,Granite Capital Partners 29,Sovereign,Key,Midwest,Iris Allen,Ethan Roberts,false
AM-SR-002286,AM-CL-0048,E-0284,Performance Report,2025-08-23,2025-08-25,Closed,5,2.51,false,Email,Medium,Lakeshore Community Foundation 48,Family Office,Strategic,Mountain West,Grace Martinez,Iris Thomas,false
AM-SR-002287,AM-CL-0131,E-0285,Cash Movement,2026-03-12,2026-03-12,Closed,1,0.68,false,Portal,Medium,Northfield Capital Partners 131,Family Office,Key,Southeast,Priya Martinez,Aisha Ashford,false
AM-SR-002288,AM-CL-0017,E-0281,Performance Report,2024-10-17,2024-10-24,Closed,5,7.88,true,Email,Low,Lakeshore Teachers Retirement 17,Family Office,Standard,EMEA,Tom Silva,Sofia Campbell,false
AM-SR-002289,AM-CL-0015,E-0287,Compliance Attestation,2026-02-21,2026-03-06,Closed,10,13.23,true,Email,Low,Northfield Teachers Retirement 15,Foundation,Key,Mountain West,Hannah Young,Emma Allen,false
AM-SR-002290,AM-CL-0012,E-0289,Performance Report,2025-11-16,2025-11-18,Closed,5,2.42,false,Phone,Low,Blue Ridge Community Foundation 12,Foundation,Strategic,Mountain West,Luis Silva,Victor Nguyen,false
AM-SR-002291,AM-CL-0064,E-0274,Onboarding Document,2026-01-12,2026-01-26,Closed,7,14.32,true,Email,High,Granite Mutual Insurance 64,Sub-Advisory,Standard,Midwest,Layla Carter,Hannah Young,true
AM-SR-002292,AM-CL-0032,E-0279,Performance Report,2024-10-08,2024-10-12,Closed,5,4.42,false,Portal,Medium,Meridian Sovereign Fund 32,Corporate Pension,Standard,Mountain West,Priya Martinez,Ravi Campbell,true
AM-SR-002293,AM-CL-0029,E-0266,Cash Movement,2025-04-17,2025-04-17,Closed,1,0.66,false,Email,Medium,Granite Capital Partners 29,Sovereign,Key,Midwest,Iris Allen,Ethan Roberts,false
AM-SR-002294,AM-CL-0038,E-0288,Cash Movement,2025-03-09,2025-03-09,Closed,1,0.59,false,Email,Low,Summit Capital Partners 38,Endowment,Standard,Mountain West,Sofia Bailey,Mateo Collins,false
AM-SR-002295,AM-CL-0023,E-0285,Reconciliation,2026-06-19,2026-06-20,Closed,3,1.66,false,Portal,Medium,Harbor Community Foundation 23,Public Pension,Key,Midwest,Sofia Bailey,Aisha Ashford,false
AM-SR-002296,AM-CL-0086,E-0268,Performance Report,2024-10-21,2024-10-27,Closed,5,6.56,true,Phone,Medium,Cascade University Endowment 86,Public Pension,Standard,EMEA,Layla Carter,Rosa Nguyen,false
AM-SR-002297,AM-CL-0067,E-0275,Performance Report,2026-06-05,2026-06-09,Closed,5,4.34,false,Email,Low,Silverline Employees Pension 67,Public Pension,Key,Midwest,Leo King,Daniel Allen,false
AM-SR-002298,AM-CL-0093,E-0275,Cash Movement,2024-10-03,2024-10-03,Closed,1,0.26,false,Portal,Low,Harbor Community Foundation 93,Corporate Pension,Strategic,Southeast,Maya Ashford,Daniel Allen,true
AM-SR-002299,AM-CL-0032,E-0279,Cash Movement,2026-07-09,2026-07-10,Closed,1,1.95,true,Email,Medium,Meridian Sovereign Fund 32,Corporate Pension,Standard,Mountain West,Priya Martinez,Ravi Campbell,true
AM-SR-002300,AM-CL-0126,E-0270,Compliance Attestation,2026-08-09,2026-08-21,Closed,10,12.07,true,Email,Medium,Northfield Employees Pension 126,Family Office,Strategic,Pacific,Noah Carter,Sara Kim,false
AM-SR-002301,AM-CL-0004,E-0272,Performance Report,2026-08-06,2026-08-10,Closed,5,4.77,false,Email,High,Lakeshore Teachers Retirement 4,Sub-Advisory,Key,EMEA,Julian Collins,Aisha Green,false
AM-SR-002302,AM-CL-0051,E-0272,Reconciliation,2026-01-30,2026-01-31,Closed,3,1.05,false,Email,Medium,Silverline Teachers Retirement 51,Insurance GA,Standard,EMEA,Nina Scott,Aisha Green,false
AM-SR-002303,AM-CL-0049,E-0289,Reconciliation,2025-09-06,2025-09-08,Closed,3,2.2,false,Email,Medium,Lakeshore Sovereign Fund 49,Sub-Advisory,Key,Mountain West,Priya Martinez,Victor Nguyen,false
AM-SR-002304,AM-CL-0037,E-0282,Fee Invoice Question,2025-09-20,2025-09-26,Closed,5,6.69,true,Email,Medium,Harbor Capital Partners 37,Foundation,Standard,APAC,Nina Scott,Julian Adams,false
AM-SR-002305,AM-CL-0052,E-0285,Performance Report,2025-02-16,2025-02-26,Closed,5,10.53,true,Phone,Medium,Lakeshore Mutual Insurance 52,Family Office,Key,Mountain West,Tom Silva,Aisha Ashford,false
AM-SR-002306,AM-CL-0082,E-0275,Data Feed Issue,2025-05-05,2025-05-06,Closed,2,1.69,false,Email,Low,Harbor Sovereign Fund 82,Foundation,Key,APAC,Iris Allen,Daniel Allen,false
AM-SR-002307,AM-CL-0084,E-0287,Performance Report,2025-05-15,2025-05-17,Closed,5,2.89,false,Portal,High,Ironwood Community Foundation 84,Sovereign,Standard,Southeast,Noah Nelson,Emma Allen,false
AM-SR-002308,AM-CL-0091,E-0285,Performance Report,2025-10-31,2025-11-02,Closed,5,2.16,false,Email,Medium,Northfield University Endowment 91,Insurance GA,Standard,Mountain West,Owen Okafor,Aisha Ashford,false
AM-SR-002309,AM-CL-0070,E-0282,Reconciliation,2025-04-30,2025-05-01,Closed,3,1.33,false,Portal,Medium,Cascade Capital Partners 70,Public Pension,Strategic,EMEA,Noah Nelson,Julian Adams,false
AM-SR-002310,AM-CL-0094,E-0271,Performance Report,2025-04-26,2025-05-02,Closed,5,6.04,true,Portal,High,Granite Capital Partners 94,Family Office,Standard,Pacific,Luis Ashford,Isabella Collins,false
AM-SR-002311,AM-CL-0032,E-0279,Reconciliation,2026-05-11,2026-05-13,Closed,3,2.72,false,Portal,Medium,Meridian Sovereign Fund 32,Corporate Pension,Standard,Mountain West,Priya Martinez,Ravi Campbell,false
AM-SR-002312,AM-CL-0121,E-0285,Cash Movement,2026-07-12,2026-07-12,Closed,1,0.59,false,Portal,Low,Meridian Capital Partners 121,Corporate Pension,Standard,Northeast,Iris Allen,Aisha Ashford,true
AM-SR-002313,AM-CL-0102,E-0277,Compliance Attestation,2025-08-05,2025-08-08,Closed,10,3.06,false,Email,Medium,Granite Community Foundation 102,Endowment,Strategic,APAC,Noah Nelson,Kenji White,false
AM-SR-002314,AM-CL-0039,E-0275,Reconciliation,2026-02-24,2026-02-27,Closed,3,3.68,true,Portal,Low,Blue Ridge Mutual Insurance 39,Foundation,Key,APAC,Iris Clark,Daniel Allen,false
AM-SR-002315,AM-CL-0041,E-0279,Fee Invoice Question,2026-02-03,2026-02-11,Closed,5,8.36,true,Email,Medium,Granite Mutual Insurance 41,Corporate Pension,Standard,APAC,Fatima Patel,Ravi Campbell,false
AM-SR-002316,AM-CL-0081,E-0267,Performance Report,2024-11-11,2024-11-25,Closed,5,14.14,true,Portal,Low,Northfield Employees Pension 81,Family Office,Standard,Southeast,Wei Thomas,Felix Stewart,false
AM-SR-002317,AM-CL-0086,E-0268,Reconciliation,2025-09-28,2025-10-01,Closed,3,3.53,true,Portal,Medium,Cascade University Endowment 86,Public Pension,Standard,EMEA,Layla Carter,Rosa Nguyen,false
AM-SR-002318,AM-CL-0038,E-0288,Fee Invoice Question,2026-07-15,2026-07-17,Closed,5,2.96,false,Email,High,Summit Capital Partners 38,Endowment,Standard,Mountain West,Sofia Bailey,Mateo Collins,false
AM-SR-002319,AM-CL-0097,E-0289,Cash Movement,2025-09-15,2025-09-16,Closed,1,1.12,true,Email,Medium,Summit Capital Partners 97,Corporate Pension,Standard,Northeast,Fatima Okafor,Victor Nguyen,false
AM-SR-002320,AM-CL-0032,E-0279,Cash Movement,2026-08-11,2026-08-11,Closed,1,0.44,false,Email,Low,Meridian Sovereign Fund 32,Corporate Pension,Standard,Mountain West,Priya Martinez,Ravi Campbell,false
AM-SR-002321,AM-CL-0083,E-0287,Fee Invoice Question,2026-03-06,2026-03-07,Closed,5,1.39,false,Email,Medium,Northfield Sovereign Fund 83,Public Pension,Strategic,APAC,Iris Allen,Emma Allen,false
AM-SR-002322,AM-CL-0089,E-0280,Performance Report,2026-03-04,2026-03-06,Closed,5,2.16,false,Portal,Low,Blue Ridge Community Foundation 89,Endowment,Standard,Midwest,Tom Silva,Mateo Harris,false
AM-SR-002323,AM-CL-0129,E-0273,Cash Movement,2026-02-20,2026-02-20,Closed,1,0.45,false,Email,Medium,Blue Ridge Mutual Insurance 129,Foundation,Key,Pacific,Luis Silva,Samuel Wright,false
AM-SR-002324,AM-CL-0103,E-0289,Reconciliation,2026-03-10,2026-03-13,Closed,3,3.14,true,Email,Low,Blue Ridge University Endowment 103,Foundation,Standard,Midwest,Julian Collins,Victor Nguyen,false
AM-SR-002325,AM-CL-0128,E-0286,Performance Report,2025-08-03,2025-08-07,Closed,5,4.68,false,Email,High,Cascade Mutual Insurance 128,Sub-Advisory,Key,Northeast,Noah Carter,Daniel Nguyen,false
AM-SR-002326,AM-CL-0007,E-0280,Cash Movement,2025-04-28,2025-04-29,Closed,1,1.32,true,Email,Medium,Ironwood Teachers Retirement 7,Insurance GA,Standard,Midwest,Fatima Okafor,Mateo Harris,false
AM-SR-002327,AM-CL-0073,E-0269,Onboarding Document,2025-08-30,2025-09-01,Closed,7,2.97,false,Portal,Low,Ironwood Employees Pension 73,Sub-Advisory,Strategic,Southeast,Hannah Roberts,Noah Hall,false
AM-SR-002328,AM-CL-0065,E-0286,Cash Movement,2024-10-21,2024-10-21,Closed,1,0.38,false,Portal,Medium,Harbor Capital Partners 65,Foundation,Standard,Northeast,Iris Clark,Daniel Nguyen,false
AM-SR-002329,AM-CL-0120,E-0279,Reconciliation,2024-10-28,2024-11-02,Closed,3,5.8,true,Portal,High,Ironwood Capital Partners 120,Foundation,Standard,Pacific,Owen Okafor,Ravi Campbell,false
AM-SR-002330,AM-CL-0012,E-0289,Performance Report,2025-09-27,2025-10-01,Closed,5,4.07,false,Portal,High,Blue Ridge Community Foundation 12,Foundation,Strategic,Mountain West,Luis Silva,Victor Nguyen,false
AM-SR-002331,AM-CL-0026,E-0266,Reconciliation,2025-11-25,2025-11-28,Closed,3,3.04,true,Email,Low,Summit Teachers Retirement 26,Foundation,Standard,Northeast,Layla Carter,Ethan Roberts,false
AM-SR-002332,AM-CL-0003,E-0280,Compliance Attestation,2026-04-01,2026-04-16,Closed,10,15.2,true,Portal,Medium,Blue Ridge Mutual Insurance 3,Foundation,Strategic,EMEA,Grace Martinez,Mateo Harris,true
AM-SR-002333,AM-CL-0127,E-0266,Performance Report,2025-12-16,2025-12-19,Closed,5,3.87,false,Phone,Low,Granite Community Foundation 127,Sovereign,Standard,APAC,Layla Carter,Ethan Roberts,false
AM-SR-002334,AM-CL-0139,E-0266,Fee Invoice Question,2025-01-03,2025-01-08,Closed,5,5.61,true,Email,Low,Lakeshore Teachers Retirement 139,Foundation,Strategic,Mountain West,Fatima Okafor,Ethan Roberts,true
AM-SR-002335,AM-CL-0020,E-0266,Reconciliation,2025-05-05,2025-05-08,Closed,3,3.43,true,Portal,Low,Summit Capital Partners 20,Corporate Pension,Standard,Mountain West,Wei Thomas,Ethan Roberts,false
AM-SR-002336,AM-CL-0091,E-0285,Fee Invoice Question,2025-08-23,2025-08-28,Closed,5,5.13,true,Portal,Medium,Northfield University Endowment 91,Insurance GA,Standard,Mountain West,Owen Okafor,Aisha Ashford,false
AM-SR-002337,AM-CL-0090,E-0267,Performance Report,2025-07-11,2025-07-14,Closed,5,3.29,false,Portal,Low,Meridian University Endowment 90,Sovereign,Strategic,Midwest,Maya Ashford,Felix Stewart,true
AM-SR-002338,AM-CL-0136,E-0287,Reconciliation,2025-07-24,2025-07-27,Closed,3,3.29,true,Email,Medium,Summit University Endowment 136,Insurance GA,Key,APAC,Owen Okafor,Emma Allen,false
AM-SR-002339,AM-CL-0100,E-0284,Data Feed Issue,2024-09-16,2024-09-17,Closed,2,1.01,false,Email,Medium,Harbor Mutual Insurance 100,Sub-Advisory,Key,EMEA,Luis Ashford,Iris Thomas,false
AM-SR-002340,AM-CL-0028,E-0279,Data Feed Issue,2026-01-02,2026-01-03,Closed,2,1.24,false,Portal,Low,Silverline Teachers Retirement 28,Public Pension,Key,Pacific,Layla Carter,Ravi Campbell,true
AM-SR-002341,AM-CL-0074,E-0280,Performance Report,2026-01-03,2026-01-08,Closed,5,5.16,true,Email,Low,Harbor Capital Partners 74,Sub-Advisory,Standard,Mountain West,Noah Carter,Mateo Harris,true
AM-SR-002342,AM-CL-0132,E-0273,Data Feed Issue,2026-05-02,2026-05-03,Closed,2,1.89,false,Phone,High,Blue Ridge Teachers Retirement 132,Sovereign,Standard,APAC,Fatima Patel,Samuel Wright,false
AM-SR-002343,AM-CL-0062,E-0278,Fee Invoice Question,2026-03-05,2026-03-09,Closed,5,4.08,false,Email,Low,Northfield Teachers Retirement 62,Corporate Pension,Standard,Midwest,Owen Okafor,Lauren Lopez,false
AM-SR-002344,AM-CL-0011,E-0271,Fee Invoice Question,2024-12-14,2024-12-18,Closed,5,4.03,false,Email,Low,Lakeshore Community Foundation 11,Corporate Pension,Key,Midwest,Julian Collins,Isabella Collins,false
AM-SR-002345,AM-CL-0110,E-0286,Reconciliation,2025-09-28,2025-09-30,Closed,3,2.52,false,Phone,Low,Summit Community Foundation 110,Public Pension,Standard,Northeast,Grace Martinez,Daniel Nguyen,false
AM-SR-002346,AM-CL-0140,E-0272,Fee Invoice Question,2024-09-11,2024-09-15,Closed,5,4.88,false,Portal,Medium,Lakeshore Teachers Retirement 140,Foundation,Key,Midwest,Wei Thomas,Aisha Green,false
AM-SR-002347,AM-CL-0087,E-0290,Data Feed Issue,2025-03-02,2025-03-03,Closed,2,1.11,false,Portal,High,Summit Capital Partners 87,Family Office,Strategic,APAC,Julian Collins,Luis Ashford,false
AM-SR-002348,AM-CL-0126,E-0270,Reconciliation,2025-10-26,2025-10-27,Closed,3,1.78,false,Email,Medium,Northfield Employees Pension 126,Family Office,Strategic,Pacific,Noah Carter,Sara Kim,false
AM-SR-002349,AM-CL-0131,E-0285,Reconciliation,2026-01-29,2026-02-01,Closed,3,3.12,true,Portal,Low,Northfield Capital Partners 131,Family Office,Key,Southeast,Priya Martinez,Aisha Ashford,false
AM-SR-002350,AM-CL-0033,E-0266,Cash Movement,2025-08-13,2025-08-13,Closed,1,0.99,false,Phone,Medium,Summit Employees Pension 33,Family Office,Standard,EMEA,Hannah Young,Ethan Roberts,false
AM-SR-002351,AM-CL-0003,E-0280,Compliance Attestation,2025-11-08,2025-11-14,Closed,10,6.52,false,Email,Medium,Blue Ridge Mutual Insurance 3,Foundation,Strategic,EMEA,Grace Martinez,Mateo Harris,false
AM-SR-002352,AM-CL-0127,E-0266,Onboarding Document,2026-08-18,2026-08-22,Closed,7,4.06,false,Portal,Medium,Granite Community Foundation 127,Sovereign,Standard,APAC,Layla Carter,Ethan Roberts,false
AM-SR-002353,AM-CL-0051,E-0272,Cash Movement,2025-04-23,2025-04-23,Closed,1,0.3,false,Phone,Low,Silverline Teachers Retirement 51,Insurance GA,Standard,EMEA,Nina Scott,Aisha Green,false
AM-SR-002354,AM-CL-0012,E-0289,Onboarding Document,2024-09-10,2024-09-13,Closed,7,3.37,false,Email,Medium,Blue Ridge Community Foundation 12,Foundation,Strategic,Mountain West,Luis Silva,Victor Nguyen,false
AM-SR-002355,AM-CL-0013,E-0277,Compliance Attestation,2026-02-22,2026-03-04,Closed,10,10.03,true,Email,High,Meridian Teachers Retirement 13,Sovereign,Standard,Northeast,Leo King,Kenji White,false
AM-SR-002356,AM-CL-0091,E-0285,Cash Movement,2026-04-06,2026-04-07,Closed,1,1.26,true,Phone,High,Northfield University Endowment 91,Insurance GA,Standard,Mountain West,Owen Okafor,Aisha Ashford,true
AM-SR-002357,AM-CL-0084,E-0287,Compliance Attestation,2024-09-13,2024-09-17,Closed,10,4.78,false,Portal,Low,Ironwood Community Foundation 84,Sovereign,Standard,Southeast,Noah Nelson,Emma Allen,false
AM-SR-002358,AM-CL-0031,E-0276,Reconciliation,2026-02-07,2026-02-13,Closed,3,6.66,true,Email,Medium,Blue Ridge Employees Pension 31,Sub-Advisory,Standard,Southeast,Owen Okafor,Felix Edwards,false
AM-SR-002359,AM-CL-0118,E-0274,Fee Invoice Question,2025-07-01,2025-07-04,Closed,5,3.57,false,Email,Medium,Silverline Community Foundation 118,Family Office,Key,Midwest,Maya Ashford,Hannah Young,true
AM-SR-002360,AM-CL-0123,E-0272,Performance Report,2025-03-30,2025-03-31,Closed,5,1.66,false,Email,Low,Cascade Mutual Insurance 123,Sub-Advisory,Standard,Southeast,Layla Carter,Aisha Green,false
AM-SR-002361,AM-CL-0112,E-0289,Compliance Attestation,2026-05-27,2026-06-02,Closed,10,6.07,false,Email,Low,Northfield University Endowment 112,Endowment,Standard,APAC,Fatima Okafor,Victor Nguyen,false
AM-SR-002362,AM-CL-0109,E-0288,Data Feed Issue,2025-03-19,2025-03-19,Closed,2,0.95,false,Phone,High,Cascade Community Foundation 109,Sub-Advisory,Standard,APAC,Luis Silva,Mateo Collins,false
AM-SR-002363,AM-CL-0091,E-0285,Cash Movement,2026-06-30,2026-06-30,Closed,1,0.62,false,Email,Medium,Northfield University Endowment 91,Insurance GA,Standard,Mountain West,Owen Okafor,Aisha Ashford,false
AM-SR-002364,AM-CL-0068,E-0283,Fee Invoice Question,2024-12-09,2024-12-11,Closed,5,2.18,false,Portal,Low,Northfield Employees Pension 68,Foundation,Strategic,Midwest,Noah Carter,Victor Chen,false
AM-SR-002365,AM-CL-0070,E-0282,Performance Report,2024-09-26,2024-09-27,Closed,5,1.08,false,Email,High,Cascade Capital Partners 70,Public Pension,Strategic,EMEA,Noah Nelson,Julian Adams,false
AM-SR-002366,AM-CL-0103,E-0289,Cash Movement,2025-09-12,2025-09-13,Closed,1,1.17,true,Portal,Medium,Blue Ridge University Endowment 103,Foundation,Standard,Midwest,Julian Collins,Victor Nguyen,false
AM-SR-002367,AM-CL-0038,E-0288,Fee Invoice Question,2026-01-07,2026-01-10,Closed,5,3.17,false,Email,High,Summit Capital Partners 38,Endowment,Standard,Mountain West,Sofia Bailey,Mateo Collins,true
AM-SR-002368,AM-CL-0041,E-0279,Reconciliation,2026-07-12,2026-07-22,Closed,3,10.42,true,Portal,Medium,Granite Mutual Insurance 41,Corporate Pension,Standard,APAC,Fatima Patel,Ravi Campbell,true
AM-SR-002369,AM-CL-0029,E-0266,Performance Report,2025-07-03,2025-07-06,Closed,5,3.18,false,Email,Medium,Granite Capital Partners 29,Sovereign,Key,Midwest,Iris Allen,Ethan Roberts,true
AM-SR-002370,AM-CL-0125,E-0286,Performance Report,2025-01-30,2025-02-03,Closed,5,4.01,false,Email,Medium,Northfield Mutual Insurance 125,Insurance GA,Key,Mountain West,Luis Silva,Daniel Nguyen,false
AM-SR-002371,AM-CL-0103,E-0289,Fee Invoice Question,2026-01-10,2026-01-14,Closed,5,4.73,false,Email,Medium,Blue Ridge University Endowment 103,Foundation,Standard,Midwest,Julian Collins,Victor Nguyen,true
AM-SR-002372,AM-CL-0084,E-0287,Fee Invoice Question,2025-10-04,2025-10-09,Closed,5,5.71,true,Portal,High,Ironwood Community Foundation 84,Sovereign,Standard,Southeast,Noah Nelson,Emma Allen,true
AM-SR-002373,AM-CL-0029,E-0266,Fee Invoice Question,2026-04-16,2026-04-25,Closed,5,9.33,true,Portal,Low,Granite Capital Partners 29,Sovereign,Key,Midwest,Iris Allen,Ethan Roberts,false
AM-SR-002374,AM-CL-0094,E-0271,Performance Report,2025-01-02,2025-01-04,Closed,5,2.29,false,Portal,Low,Granite Capital Partners 94,Family Office,Standard,Pacific,Luis Ashford,Isabella Collins,true
AM-SR-002375,AM-CL-0084,E-0287,Performance Report,2026-02-06,2026-02-09,Closed,5,3.34,false,Email,Medium,Ironwood Community Foundation 84,Sovereign,Standard,Southeast,Noah Nelson,Emma Allen,false
AM-SR-002376,AM-CL-0098,E-0268,Performance Report,2024-12-26,2024-12-31,Closed,5,5.59,true,Portal,Low,Summit Capital Partners 98,Corporate Pension,Key,EMEA,Luis Silva,Rosa Nguyen,false
AM-SR-002377,AM-CL-0017,E-0281,Performance Report,2025-11-17,2025-11-19,Closed,5,2.21,false,Email,Low,Lakeshore Teachers Retirement 17,Family Office,Standard,EMEA,Tom Silva,Sofia Campbell,false
AM-SR-002378,AM-CL-0084,E-0287,Performance Report,2024-11-21,2024-11-24,Closed,5,3.36,false,Email,Medium,Ironwood Community Foundation 84,Sovereign,Standard,Southeast,Noah Nelson,Emma Allen,false
AM-SR-002379,AM-CL-0045,E-0269,Reconciliation,2025-01-19,2025-01-20,Closed,3,1.82,false,Email,Low,Blue Ridge Teachers Retirement 45,Family Office,Strategic,Southeast,Maya Ashford,Noah Hall,false
AM-SR-002380,AM-CL-0006,E-0284,Performance Report,2024-12-01,2024-12-02,Closed,5,1.37,false,Email,High,Cascade Employees Pension 6,Family Office,Standard,APAC,Sofia Bailey,Iris Thomas,false
AM-SR-002381,AM-CL-0032,E-0279,Compliance Attestation,2024-11-21,2024-11-26,Closed,10,5.14,false,Portal,Medium,Meridian Sovereign Fund 32,Corporate Pension,Standard,Mountain West,Priya Martinez,Ravi Campbell,false
AM-SR-002382,AM-CL-0032,E-0279,Performance Report,2025-08-20,2025-08-21,Closed,5,1.78,false,Portal,Low,Meridian Sovereign Fund 32,Corporate Pension,Standard,Mountain West,Priya Martinez,Ravi Campbell,false
AM-SR-002383,AM-CL-0117,E-0289,Reconciliation,2024-11-28,2024-11-29,Closed,3,1.75,false,Portal,Low,Lakeshore Teachers Retirement 117,Endowment,Standard,EMEA,Wei Thomas,Victor Nguyen,false
AM-SR-002384,AM-CL-0140,E-0272,Reconciliation,2026-04-14,2026-04-16,Closed,3,2.08,false,Portal,Medium,Lakeshore Teachers Retirement 140,Foundation,Key,Midwest,Wei Thomas,Aisha Green,false
AM-SR-002385,AM-CL-0116,E-0272,Reconciliation,2025-01-16,2025-01-17,Closed,3,1.74,false,Portal,Medium,Silverline Sovereign Fund 116,Sub-Advisory,Key,Pacific,Iris Allen,Aisha Green,false
AM-SR-002386,AM-CL-0096,E-0272,Fee Invoice Question,2025-04-26,2025-04-30,Closed,5,4.14,false,Email,Medium,Cascade Teachers Retirement 96,Endowment,Strategic,APAC,Grace Bailey,Aisha Green,false
AM-SR-002387,AM-CL-0136,E-0287,Reconciliation,2026-04-16,2026-04-20,Closed,3,4.3,true,Email,Medium,Summit University Endowment 136,Insurance GA,Key,APAC,Owen Okafor,Emma Allen,false
AM-SR-002388,AM-CL-0099,E-0279,Reconciliation,2025-02-01,2025-02-02,Closed,3,1.47,false,Email,Low,Cascade Teachers Retirement 99,Foundation,Key,APAC,Hannah Young,Ravi Campbell,false
AM-SR-002389,AM-CL-0067,E-0275,Performance Report,2025-10-12,2025-10-22,Closed,5,10.08,true,Email,Medium,Silverline Employees Pension 67,Public Pension,Key,Midwest,Leo King,Daniel Allen,true
AM-SR-002390,AM-CL-0005,E-0277,Data Feed Issue,2024-09-13,2024-09-14,Closed,2,1.13,false,Phone,High,Blue Ridge Capital Partners 5,Sub-Advisory,Key,APAC,Rosa Miller,Kenji White,false
AM-SR-002391,AM-CL-0021,E-0286,Performance Report,2026-08-03,2026-08-06,Closed,5,3.3,false,Portal,Low,Lakeshore Sovereign Fund 21,Sub-Advisory,Strategic,Pacific,Tom Silva,Daniel Nguyen,false
AM-SR-002392,AM-CL-0010,E-0275,Compliance Attestation,2025-04-23,2025-04-30,Closed,10,7.8,false,Phone,Medium,Northfield Capital Partners 10,Insurance GA,Standard,Midwest,Wei Thomas,Daniel Allen,false
AM-SR-002393,AM-CL-0023,E-0285,Reconciliation,2025-08-12,2025-08-12,Closed,3,0.5,false,Email,Medium,Harbor Community Foundation 23,Public Pension,Key,Midwest,Sofia Bailey,Aisha Ashford,false
AM-SR-002394,AM-CL-0086,E-0268,Compliance Attestation,2025-08-14,2025-08-29,Closed,10,15.25,true,Email,High,Cascade University Endowment 86,Public Pension,Standard,EMEA,Layla Carter,Rosa Nguyen,false
AM-SR-002395,AM-CL-0100,E-0284,Reconciliation,2025-10-01,2025-10-16,Closed,3,15.09,true,Email,Medium,Harbor Mutual Insurance 100,Sub-Advisory,Key,EMEA,Luis Ashford,Iris Thomas,true
AM-SR-002396,AM-CL-0086,E-0268,Fee Invoice Question,2026-01-29,2026-02-05,Closed,5,7.94,true,Email,High,Cascade University Endowment 86,Public Pension,Standard,EMEA,Layla Carter,Rosa Nguyen,false
AM-SR-002397,AM-CL-0026,E-0266,Performance Report,2025-12-26,2025-12-30,Closed,5,4.91,false,Email,Medium,Summit Teachers Retirement 26,Foundation,Standard,Northeast,Layla Carter,Ethan Roberts,false
AM-SR-002398,AM-CL-0124,E-0270,Performance Report,2024-10-02,2024-10-06,Closed,5,4.2,false,Email,High,Blue Ridge Community Foundation 124,Endowment,Strategic,Northeast,Iris Kim,Sara Kim,true
AM-SR-002399,AM-CL-0100,E-0284,Fee Invoice Question,2026-07-31,2026-08-07,Closed,5,7.92,true,Email,Medium,Harbor Mutual Insurance 100,Sub-Advisory,Key,EMEA,Luis Ashford,Iris Thomas,false
AM-SR-002400,AM-CL-0125,E-0286,Performance Report,2026-06-07,2026-06-14,Closed,5,7.92,true,Portal,Medium,Northfield Mutual Insurance 125,Insurance GA,Key,Mountain West,Luis Silva,Daniel Nguyen,false
AM-SR-002401,AM-CL-0083,E-0287,Performance Report,2025-10-29,2025-11-03,Closed,5,5.04,true,Portal,Medium,Northfield Sovereign Fund 83,Public Pension,Strategic,APAC,Iris Allen,Emma Allen,false
AM-SR-002402,AM-CL-0066,E-0278,Performance Report,2025-03-01,2025-03-10,Closed,5,9.35,true,Phone,Medium,Cascade Mutual Insurance 66,Family Office,Strategic,Midwest,Luis Silva,Lauren Lopez,false
AM-SR-002403,AM-CL-0034,E-0271,Data Feed Issue,2026-07-16,2026-07-16,Closed,2,0.99,false,Email,Medium,Cascade Employees Pension 34,Insurance GA,Standard,Mountain West,Mei Hall,Isabella Collins,false
AM-SR-002404,AM-CL-0104,E-0279,Data Feed Issue,2026-07-30,2026-07-30,Closed,2,0.5,false,Phone,Low,Blue Ridge University Endowment 104,Sub-Advisory,Standard,Pacific,Owen Okafor,Ravi Campbell,false
AM-SR-002405,AM-CL-0091,E-0285,Performance Report,2026-05-24,2026-05-27,Closed,5,3.31,false,Phone,Medium,Northfield University Endowment 91,Insurance GA,Standard,Mountain West,Owen Okafor,Aisha Ashford,false
AM-SR-002406,AM-CL-0003,E-0280,Data Feed Issue,2026-05-15,2026-05-17,Closed,2,2.88,true,Phone,High,Blue Ridge Mutual Insurance 3,Foundation,Strategic,EMEA,Grace Martinez,Mateo Harris,false
AM-SR-002407,AM-CL-0033,E-0266,Cash Movement,2025-09-10,2025-09-10,Closed,1,0.5,false,Portal,High,Summit Employees Pension 33,Family Office,Standard,EMEA,Hannah Young,Ethan Roberts,false
AM-SR-002408,AM-CL-0102,E-0277,Performance Report,2024-09-16,2024-10-07,Closed,5,21.66,true,Email,Medium,Granite Community Foundation 102,Endowment,Strategic,APAC,Noah Nelson,Kenji White,false
AM-SR-002409,AM-CL-0080,E-0275,Cash Movement,2024-10-24,2024-10-26,Closed,1,2.16,true,Portal,High,Harbor Teachers Retirement 80,Insurance GA,Standard,Pacific,Layla Carter,Daniel Allen,false
AM-SR-002410,AM-CL-0072,E-0286,Performance Report,2025-11-15,2025-11-18,Closed,5,3.6,false,Portal,Medium,Blue Ridge Mutual Insurance 72,Foundation,Standard,Mountain West,Fatima Okafor,Daniel Nguyen,false
AM-SR-002411,AM-CL-0025,E-0287,Cash Movement,2025-05-06,2025-05-06,Closed,1,0.84,false,Portal,High,Summit Teachers Retirement 25,Insurance GA,Standard,Midwest,Rosa Miller,Emma Allen,false
AM-SR-002412,AM-CL-0140,E-0272,Cash Movement,2025-04-11,2025-04-11,Closed,1,0.92,false,Phone,Medium,Lakeshore Teachers Retirement 140,Foundation,Key,Midwest,Wei Thomas,Aisha Green,true
AM-SR-002413,AM-CL-0100,E-0284,Reconciliation,2025-05-26,2025-05-26,Closed,3,0.76,false,Portal,Medium,Harbor Mutual Insurance 100,Sub-Advisory,Key,EMEA,Luis Ashford,Iris Thomas,false
AM-SR-002414,AM-CL-0062,E-0278,Performance Report,2025-11-27,2025-11-30,Closed,5,3.08,false,Portal,Medium,Northfield Teachers Retirement 62,Corporate Pension,Standard,Midwest,Owen Okafor,Lauren Lopez,false
AM-SR-002415,AM-CL-0013,E-0277,Performance Report,2025-07-21,2025-07-23,Closed,5,2.8,false,Portal,Medium,Meridian Teachers Retirement 13,Sovereign,Standard,Northeast,Leo King,Kenji White,false
AM-SR-002416,AM-CL-0093,E-0275,Performance Report,2025-12-26,2025-12-31,Closed,5,5.32,true,Email,Low,Harbor Community Foundation 93,Corporate Pension,Strategic,Southeast,Maya Ashford,Daniel Allen,false
AM-SR-002417,AM-CL-0030,E-0275,Onboarding Document,2026-06-02,2026-06-11,Closed,7,9.23,true,Portal,High,Meridian Capital Partners 30,Family Office,Standard,Southeast,Sofia Bailey,Daniel Allen,false
AM-SR-002418,AM-CL-0073,E-0269,Cash Movement,2025-01-30,2025-01-30,Closed,1,0.74,false,Email,Low,Ironwood Employees Pension 73,Sub-Advisory,Strategic,Southeast,Hannah Roberts,Noah Hall,false
AM-SR-002419,AM-CL-0124,E-0270,Compliance Attestation,2025-11-15,2025-11-22,Closed,10,7.89,false,Portal,Medium,Blue Ridge Community Foundation 124,Endowment,Strategic,Northeast,Iris Kim,Sara Kim,false
AM-SR-002420,AM-CL-0032,E-0279,Performance Report,2026-08-24,2026-08-28,Closed,5,4.88,false,Email,Low,Meridian Sovereign Fund 32,Corporate Pension,Standard,Mountain West,Priya Martinez,Ravi Campbell,false
AM-SR-002421,AM-CL-0055,E-0268,Cash Movement,2026-07-01,2026-07-01,Closed,1,0.88,false,Email,Low,Granite Teachers Retirement 55,Sub-Advisory,Key,Northeast,Fatima Patel,Rosa Nguyen,true
AM-SR-002422,AM-CL-0016,E-0269,Reconciliation,2026-01-22,2026-01-23,Closed,3,1.37,false,Email,High,Ironwood Sovereign Fund 16,Sovereign,Key,Pacific,Maya Ashford,Noah Hall,false
AM-SR-002423,AM-CL-0059,E-0273,Performance Report,2025-10-04,2025-10-09,Closed,5,5.39,true,Email,Low,Lakeshore Teachers Retirement 59,Endowment,Strategic,Midwest,Nina Scott,Samuel Wright,true
AM-SR-002424,AM-CL-0030,E-0275,Performance Report,2024-09-08,2024-09-19,Closed,5,11.93,true,Phone,Low,Meridian Capital Partners 30,Family Office,Standard,Southeast,Sofia Bailey,Daniel Allen,false
AM-SR-002425,AM-CL-0124,E-0270,Performance Report,2025-08-22,2025-08-28,Closed,5,6.22,true,Email,Medium,Blue Ridge Community Foundation 124,Endowment,Strategic,Northeast,Iris Kim,Sara Kim,false
AM-SR-002426,AM-CL-0116,E-0272,Compliance Attestation,2025-08-03,2025-08-09,Closed,10,6.36,false,Portal,Low,Silverline Sovereign Fund 116,Sub-Advisory,Key,Pacific,Iris Allen,Aisha Green,false
AM-SR-002427,AM-CL-0099,E-0279,Onboarding Document,2024-09-17,2024-09-18,Closed,7,1.48,false,Portal,Low,Cascade Teachers Retirement 99,Foundation,Key,APAC,Hannah Young,Ravi Campbell,false
AM-SR-002428,AM-CL-0071,E-0279,Reconciliation,2025-06-17,2025-06-18,Closed,3,1.77,false,Email,Medium,Ironwood Capital Partners 71,Insurance GA,Standard,Mountain West,Iris Allen,Ravi Campbell,false
AM-SR-002429,AM-CL-0004,E-0272,Reconciliation,2026-04-08,2026-04-10,Closed,3,2.69,false,Portal,High,Lakeshore Teachers Retirement 4,Sub-Advisory,Key,EMEA,Julian Collins,Aisha Green,true
AM-SR-002430,AM-CL-0041,E-0279,Onboarding Document,2025-08-05,2025-08-07,Closed,7,2.91,false,Email,Medium,Granite Mutual Insurance 41,Corporate Pension,Standard,APAC,Fatima Patel,Ravi Campbell,false
AM-SR-002431,AM-CL-0065,E-0286,Data Feed Issue,2025-07-13,2025-07-16,Closed,2,3.35,true,Email,Medium,Harbor Capital Partners 65,Foundation,Standard,Northeast,Iris Clark,Daniel Nguyen,false
AM-SR-002432,AM-CL-0079,E-0270,Cash Movement,2026-05-22,2026-05-23,Closed,1,1.63,true,Portal,Medium,Northfield Teachers Retirement 79,Foundation,Strategic,APAC,Luis Ashford,Sara Kim,false
AM-SR-002433,AM-CL-0088,E-0271,Reconciliation,2026-08-10,2026-08-11,Closed,3,1.36,false,Portal,Low,Northfield Mutual Insurance 88,Sub-Advisory,Key,Midwest,Fatima Okafor,Isabella Collins,false
AM-SR-002434,AM-CL-0103,E-0289,Reconciliation,2025-08-20,2025-08-25,Closed,3,5.38,true,Portal,Low,Blue Ridge University Endowment 103,Foundation,Standard,Midwest,Julian Collins,Victor Nguyen,false
AM-SR-002435,AM-CL-0127,E-0266,Onboarding Document,2025-05-02,2025-05-08,Closed,7,6.04,false,Email,Medium,Granite Community Foundation 127,Sovereign,Standard,APAC,Layla Carter,Ethan Roberts,false
AM-SR-002436,AM-CL-0120,E-0279,Reconciliation,2026-01-21,2026-01-26,Closed,3,5.23,true,Email,Low,Ironwood Capital Partners 120,Foundation,Standard,Pacific,Owen Okafor,Ravi Campbell,false
AM-SR-002437,AM-CL-0045,E-0269,Compliance Attestation,2025-04-01,2025-04-08,Closed,10,7.31,false,Portal,Medium,Blue Ridge Teachers Retirement 45,Family Office,Strategic,Southeast,Maya Ashford,Noah Hall,true
AM-SR-002438,AM-CL-0065,E-0286,Reconciliation,2025-11-12,2025-11-20,Closed,3,8.87,true,Email,Low,Harbor Capital Partners 65,Foundation,Standard,Northeast,Iris Clark,Daniel Nguyen,false
AM-SR-002439,AM-CL-0101,E-0289,Compliance Attestation,2025-10-09,2025-10-25,Closed,10,16.58,true,Email,Low,Harbor University Endowment 101,Family Office,Key,Northeast,Luis Ashford,Victor Nguyen,true
AM-SR-002440,AM-CL-0015,E-0287,Performance Report,2026-06-30,2026-07-02,Closed,5,2.37,false,Portal,Medium,Northfield Teachers Retirement 15,Foundation,Key,Mountain West,Hannah Young,Emma Allen,false
AM-SR-002441,AM-CL-0083,E-0287,Data Feed Issue,2025-01-10,2025-01-11,Closed,2,1.78,false,Email,Low,Northfield Sovereign Fund 83,Public Pension,Strategic,APAC,Iris Allen,Emma Allen,true
AM-SR-002442,AM-CL-0126,E-0270,Data Feed Issue,2025-12-02,2025-12-03,Closed,2,1.33,false,Email,Medium,Northfield Employees Pension 126,Family Office,Strategic,Pacific,Noah Carter,Sara Kim,false
AM-SR-002443,AM-CL-0064,E-0274,Performance Report,2025-06-21,2025-06-24,Closed,5,3.93,false,Phone,Medium,Granite Mutual Insurance 64,Sub-Advisory,Standard,Midwest,Layla Carter,Hannah Young,false
AM-SR-002444,AM-CL-0076,E-0282,Performance Report,2024-10-08,2024-10-13,Closed,5,5.73,true,Phone,High,Ironwood Capital Partners 76,Foundation,Key,Midwest,Nina Scott,Julian Adams,true
AM-SR-002445,AM-CL-0125,E-0286,Onboarding Document,2025-07-13,2025-07-26,Closed,7,13.15,true,Phone,Low,Northfield Mutual Insurance 125,Insurance GA,Key,Mountain West,Luis Silva,Daniel Nguyen,false
AM-SR-002446,AM-CL-0073,E-0269,Fee Invoice Question,2025-11-21,2025-11-24,Closed,5,3.22,false,Email,Medium,Ironwood Employees Pension 73,Sub-Advisory,Strategic,Southeast,Hannah Roberts,Noah Hall,false
AM-SR-002447,AM-CL-0108,E-0272,Fee Invoice Question,2025-01-07,2025-01-14,Closed,5,7.78,true,Portal,High,Ironwood Employees Pension 108,Family Office,Strategic,APAC,Grace Bailey,Aisha Green,true
AM-SR-002448,AM-CL-0012,E-0289,Compliance Attestation,2025-09-20,2025-09-28,Closed,10,8.27,false,Email,Medium,Blue Ridge Community Foundation 12,Foundation,Strategic,Mountain West,Luis Silva,Victor Nguyen,false
AM-SR-002449,AM-CL-0033,E-0266,Data Feed Issue,2026-06-22,2026-06-23,Closed,2,1.05,false,Email,Medium,Summit Employees Pension 33,Family Office,Standard,EMEA,Hannah Young,Ethan Roberts,false
AM-SR-002450,AM-CL-0057,E-0281,Fee Invoice Question,2025-02-05,2025-02-13,Closed,5,8.62,true,Email,Medium,Lakeshore University Endowment 57,Sovereign,Standard,Mountain West,Luis Silva,Sofia Campbell,false
AM-SR-002451,AM-CL-0008,E-0279,Performance Report,2024-11-11,2024-11-26,Closed,5,15.47,true,Portal,High,Granite Community Foundation 8,Insurance GA,Standard,Mountain West,Luis Silva,Ravi Campbell,false
AM-SR-002452,AM-CL-0119,E-0285,Performance Report,2026-02-04,2026-02-05,Closed,5,1.92,false,Phone,Medium,Harbor Sovereign Fund 119,Endowment,Key,Pacific,Hannah Roberts,Aisha Ashford,false
AM-SR-002453,AM-CL-0067,E-0275,Performance Report,2025-01-03,2025-01-04,Closed,5,1.51,false,Portal,High,Silverline Employees Pension 67,Public Pension,Key,Midwest,Leo King,Daniel Allen,true
AM-SR-002454,AM-CL-0112,E-0289,Performance Report,2026-07-24,2026-07-26,Closed,5,2.31,false,Portal,Medium,Northfield University Endowment 112,Endowment,Standard,APAC,Fatima Okafor,Victor Nguyen,false
AM-SR-002455,AM-CL-0100,E-0284,Performance Report,2024-10-18,2024-10-20,Closed,5,2.14,false,Portal,Low,Harbor Mutual Insurance 100,Sub-Advisory,Key,EMEA,Luis Ashford,Iris Thomas,false
AM-SR-002456,AM-CL-0049,E-0289,Fee Invoice Question,2024-09-17,2024-09-24,Closed,5,7.5,true,Email,Low,Lakeshore Sovereign Fund 49,Sub-Advisory,Key,Mountain West,Priya Martinez,Victor Nguyen,false
AM-SR-002457,AM-CL-0121,E-0285,Cash Movement,2024-10-29,2024-10-30,Closed,1,1.06,true,Portal,Low,Meridian Capital Partners 121,Corporate Pension,Standard,Northeast,Iris Allen,Aisha Ashford,false
AM-SR-002458,AM-CL-0074,E-0280,Data Feed Issue,2025-02-05,2025-02-05,Closed,2,0.57,false,Email,Medium,Harbor Capital Partners 74,Sub-Advisory,Standard,Mountain West,Noah Carter,Mateo Harris,false
AM-SR-002459,AM-CL-0010,E-0275,Compliance Attestation,2026-02-12,2026-02-17,Closed,10,5.77,false,Phone,Medium,Northfield Capital Partners 10,Insurance GA,Standard,Midwest,Wei Thomas,Daniel Allen,false
AM-SR-002460,AM-CL-0110,E-0286,Fee Invoice Question,2025-12-14,2025-12-21,Closed,5,7.14,true,Portal,Low,Summit Community Foundation 110,Public Pension,Standard,Northeast,Grace Martinez,Daniel Nguyen,false
AM-SR-002461,AM-CL-0115,E-0274,Fee Invoice Question,2024-10-13,2024-10-17,Closed,5,4.21,false,Phone,Low,Ironwood Capital Partners 115,Public Pension,Key,EMEA,Maya Ashford,Hannah Young,false
AM-SR-002462,AM-CL-0058,E-0280,Performance Report,2025-10-12,2025-10-17,Closed,5,5.73,true,Email,Medium,Harbor Teachers Retirement 58,Sub-Advisory,Standard,APAC,Fatima Patel,Mateo Harris,true
AM-SR-002463,AM-CL-0117,E-0289,Compliance Attestation,2026-06-19,2026-07-02,Closed,10,13.07,true,Phone,Low,Lakeshore Teachers Retirement 117,Endowment,Standard,EMEA,Wei Thomas,Victor Nguyen,false
AM-SR-002464,AM-CL-0039,E-0275,Performance Report,2025-07-16,2025-07-18,Closed,5,2.93,false,Email,Low,Blue Ridge Mutual Insurance 39,Foundation,Key,APAC,Iris Clark,Daniel Allen,false
AM-SR-002465,AM-CL-0082,E-0275,Data Feed Issue,2025-08-17,2025-08-18,Closed,2,1.11,false,Portal,Medium,Harbor Sovereign Fund 82,Foundation,Key,APAC,Iris Allen,Daniel Allen,false
AM-SR-002466,AM-CL-0075,E-0270,Compliance Attestation,2024-09-12,2024-09-15,Closed,10,3.52,false,Email,Medium,Harbor Teachers Retirement 75,Endowment,Standard,Mountain West,Fatima Patel,Sara Kim,false
AM-SR-002467,AM-CL-0050,E-0276,Cash Movement,2025-12-05,2025-12-05,Closed,1,0.35,false,Email,Medium,Harbor Community Foundation 50,Endowment,Standard,Pacific,Hannah Roberts,Felix Edwards,false
AM-SR-002468,AM-CL-0007,E-0280,Performance Report,2025-03-09,2025-03-15,Closed,5,6.83,true,Phone,Medium,Ironwood Teachers Retirement 7,Insurance GA,Standard,Midwest,Fatima Okafor,Mateo Harris,false
AM-SR-002469,AM-CL-0087,E-0290,Compliance Attestation,2024-11-18,2024-11-21,Closed,10,3.64,false,Portal,Medium,Summit Capital Partners 87,Family Office,Strategic,APAC,Julian Collins,Luis Ashford,false
AM-SR-002470,AM-CL-0010,E-0275,Performance Report,2025-03-05,2025-03-07,Closed,5,2.51,false,Email,Low,Northfield Capital Partners 10,Insurance GA,Standard,Midwest,Wei Thomas,Daniel Allen,false
AM-SR-002471,AM-CL-0073,E-0269,Performance Report,2025-04-07,2025-04-08,Closed,5,1.99,false,Portal,Low,Ironwood Employees Pension 73,Sub-Advisory,Strategic,Southeast,Hannah Roberts,Noah Hall,true
AM-SR-002472,AM-CL-0105,E-0284,Fee Invoice Question,2024-12-30,2025-01-02,Closed,5,3.73,false,Email,High,Northfield Community Foundation 105,Corporate Pension,Key,Midwest,Nina Scott,Iris Thomas,false
AM-SR-002473,AM-CL-0010,E-0275,Reconciliation,2026-01-15,2026-01-16,Closed,3,1.46,false,Email,Low,Northfield Capital Partners 10,Insurance GA,Standard,Midwest,Wei Thomas,Daniel Allen,false
AM-SR-002474,AM-CL-0136,E-0287,Performance Report,2025-04-08,2025-04-11,Closed,5,3.44,false,Email,Medium,Summit University Endowment 136,Insurance GA,Key,APAC,Owen Okafor,Emma Allen,true
AM-SR-002475,AM-CL-0058,E-0280,Fee Invoice Question,2025-12-26,2025-12-29,Closed,5,3.4,false,Email,Low,Harbor Teachers Retirement 58,Sub-Advisory,Standard,APAC,Fatima Patel,Mateo Harris,false
AM-SR-002476,AM-CL-0007,E-0280,Performance Report,2026-05-27,2026-05-27,Closed,5,0.95,false,Email,Medium,Ironwood Teachers Retirement 7,Insurance GA,Standard,Midwest,Fatima Okafor,Mateo Harris,false
AM-SR-002477,AM-CL-0012,E-0289,Reconciliation,2024-10-27,2024-10-28,Closed,3,1.49,false,Email,Low,Blue Ridge Community Foundation 12,Foundation,Strategic,Mountain West,Luis Silva,Victor Nguyen,false
AM-SR-002478,AM-CL-0112,E-0289,Fee Invoice Question,2026-02-08,2026-02-13,Closed,5,5.38,true,Email,Medium,Northfield University Endowment 112,Endowment,Standard,APAC,Fatima Okafor,Victor Nguyen,false
AM-SR-002479,AM-CL-0007,E-0280,Fee Invoice Question,2026-07-15,2026-07-20,Closed,5,5.59,true,Portal,Low,Ironwood Teachers Retirement 7,Insurance GA,Standard,Midwest,Fatima Okafor,Mateo Harris,false
AM-SR-002480,AM-CL-0082,E-0275,Fee Invoice Question,2026-04-26,2026-04-28,Closed,5,2.02,false,Email,Low,Harbor Sovereign Fund 82,Foundation,Key,APAC,Iris Allen,Daniel Allen,false
AM-SR-002481,AM-CL-0066,E-0278,Performance Report,2024-09-04,2024-09-07,Closed,5,3.2,false,Email,High,Cascade Mutual Insurance 66,Family Office,Strategic,Midwest,Luis Silva,Lauren Lopez,false
AM-SR-002482,AM-CL-0053,E-0271,Reconciliation,2025-12-18,2025-12-21,Closed,3,3.75,true,Portal,Medium,Granite Sovereign Fund 53,Family Office,Standard,Northeast,Iris Clark,Isabella Collins,false
AM-SR-002483,AM-CL-0063,E-0284,Data Feed Issue,2024-10-11,2024-10-15,Closed,2,4.09,true,Portal,Low,Cascade Employees Pension 63,Sovereign,Key,Mountain West,Fatima Patel,Iris Thomas,true
AM-SR-002484,AM-CL-0094,E-0271,Compliance Attestation,2025-10-11,2025-10-17,Closed,10,6.38,false,Portal,Medium,Granite Capital Partners 94,Family Office,Standard,Pacific,Luis Ashford,Isabella Collins,true
AM-SR-002485,AM-CL-0109,E-0288,Performance Report,2024-12-12,2024-12-20,Closed,5,8.63,true,Email,Low,Cascade Community Foundation 109,Sub-Advisory,Standard,APAC,Luis Silva,Mateo Collins,false
AM-SR-002486,AM-CL-0119,E-0285,Onboarding Document,2026-04-22,2026-04-28,Closed,7,6.66,false,Email,High,Harbor Sovereign Fund 119,Endowment,Key,Pacific,Hannah Roberts,Aisha Ashford,false
AM-SR-002487,AM-CL-0092,E-0284,Fee Invoice Question,2025-09-15,2025-09-20,Closed,5,5.69,true,Email,Medium,Meridian Capital Partners 92,Public Pension,Key,Northeast,Noah Carter,Iris Thomas,false
AM-SR-002488,AM-CL-0021,E-0286,Onboarding Document,2025-08-20,2025-09-02,Closed,7,13.91,true,Phone,Low,Lakeshore Sovereign Fund 21,Sub-Advisory,Strategic,Pacific,Tom Silva,Daniel Nguyen,false
AM-SR-002489,AM-CL-0126,E-0270,Performance Report,2025-03-06,2025-03-09,Closed,5,3.76,false,Email,Low,Northfield Employees Pension 126,Family Office,Strategic,Pacific,Noah Carter,Sara Kim,false
AM-SR-002490,AM-CL-0001,E-0279,Fee Invoice Question,2025-06-26,2025-06-30,Closed,5,4.7,false,Email,Low,Lakeshore Employees Pension 1,Sub-Advisory,Strategic,Pacific,Wei Thomas,Ravi Campbell,false
AM-SR-002491,AM-CL-0133,E-0275,Performance Report,2026-06-06,2026-06-10,Closed,5,4.73,false,Email,Medium,Granite University Endowment 133,Insurance GA,Standard,Northeast,Luis Silva,Daniel Allen,false
AM-SR-002492,AM-CL-0039,E-0275,Performance Report,2026-07-18,2026-07-21,Closed,5,3.23,false,Email,Low,Blue Ridge Mutual Insurance 39,Foundation,Key,APAC,Iris Clark,Daniel Allen,false
AM-SR-002493,AM-CL-0083,E-0287,Fee Invoice Question,2026-06-25,2026-06-29,Closed,5,4.85,false,Email,Low,Northfield Sovereign Fund 83,Public Pension,Strategic,APAC,Iris Allen,Emma Allen,false
AM-SR-002494,AM-CL-0079,E-0270,Performance Report,2025-12-27,2026-01-01,Closed,5,5.69,true,Portal,Medium,Northfield Teachers Retirement 79,Foundation,Strategic,APAC,Luis Ashford,Sara Kim,false
AM-SR-002495,AM-CL-0055,E-0268,Performance Report,2026-07-06,2026-07-09,Closed,5,3.69,false,Email,Medium,Granite Teachers Retirement 55,Sub-Advisory,Key,Northeast,Fatima Patel,Rosa Nguyen,true
AM-SR-002496,AM-CL-0109,E-0288,Performance Report,2025-07-11,2025-07-24,Closed,5,13.45,true,Portal,Medium,Cascade Community Foundation 109,Sub-Advisory,Standard,APAC,Luis Silva,Mateo Collins,true
AM-SR-002497,AM-CL-0064,E-0274,Cash Movement,2024-09-15,2024-09-15,Closed,1,0.64,false,Phone,Medium,Granite Mutual Insurance 64,Sub-Advisory,Standard,Midwest,Layla Carter,Hannah Young,false
AM-SR-002498,AM-CL-0122,E-0276,Reconciliation,2025-06-21,2025-06-25,Closed,3,4.66,true,Email,Low,Granite Teachers Retirement 122,Insurance GA,Standard,EMEA,Luis Ashford,Felix Edwards,false
AM-SR-002499,AM-CL-0117,E-0289,Performance Report,2024-11-28,2024-12-02,Closed,5,4.02,false,Portal,Low,Lakeshore Teachers Retirement 117,Endowment,Standard,EMEA,Wei Thomas,Victor Nguyen,false
AM-SR-002500,AM-CL-0048,E-0284,Onboarding Document,2025-05-17,2025-05-22,Closed,7,5.4,false,Phone,Low,Lakeshore Community Foundation 48,Family Office,Strategic,Mountain West,Grace Martinez,Iris Thomas,false
AM-SR-002501,AM-CL-0079,E-0270,Performance Report,2026-06-25,2026-06-27,Closed,5,2.06,false,Email,High,Northfield Teachers Retirement 79,Foundation,Strategic,APAC,Luis Ashford,Sara Kim,false
AM-SR-002502,AM-CL-0055,E-0268,Performance Report,2026-05-16,2026-05-19,Closed,5,3.36,false,Portal,High,Granite Teachers Retirement 55,Sub-Advisory,Key,Northeast,Fatima Patel,Rosa Nguyen,false
AM-SR-002503,AM-CL-0009,E-0279,Reconciliation,2024-10-01,2024-10-05,Closed,3,4.6,true,Portal,High,Cascade Sovereign Fund 9,Corporate Pension,Strategic,Midwest,Fatima Patel,Ravi Campbell,true
AM-SR-002504,AM-CL-0073,E-0269,Fee Invoice Question,2026-08-31,,Open,5,,false,Email,Low,Ironwood Employees Pension 73,Sub-Advisory,Strategic,Southeast,Hannah Roberts,Noah Hall,false
AM-SR-002505,AM-CL-0131,E-0285,Performance Report,2026-08-17,2026-08-21,Closed,5,4.75,false,Email,Medium,Northfield Capital Partners 131,Family Office,Key,Southeast,Priya Martinez,Aisha Ashford,false
AM-SR-002506,AM-CL-0077,E-0282,Fee Invoice Question,2025-05-19,2025-05-23,Closed,5,4.43,false,Portal,Medium,Granite Teachers Retirement 77,Sovereign,Key,Midwest,Mei Hall,Julian Adams,false
AM-SR-002507,AM-CL-0006,E-0284,Reconciliation,2025-05-17,2025-05-23,Closed,3,6.27,true,Email,Medium,Cascade Employees Pension 6,Family Office,Standard,APAC,Sofia Bailey,Iris Thomas,false
AM-SR-002508,AM-CL-0008,E-0279,Performance Report,2025-05-07,2025-05-13,Closed,5,6.31,true,Email,Low,Granite Community Foundation 8,Insurance GA,Standard,Mountain West,Luis Silva,Ravi Campbell,false
AM-SR-002509,AM-CL-0041,E-0279,Reconciliation,2026-04-23,2026-04-24,Closed,3,1.72,false,Email,Low,Granite Mutual Insurance 41,Corporate Pension,Standard,APAC,Fatima Patel,Ravi Campbell,false
AM-SR-002510,AM-CL-0115,E-0274,Data Feed Issue,2024-10-08,2024-10-10,Closed,2,2.31,true,Portal,High,Ironwood Capital Partners 115,Public Pension,Key,EMEA,Maya Ashford,Hannah Young,true
AM-SR-002511,AM-CL-0070,E-0282,Performance Report,2024-12-21,2024-12-24,Closed,5,3.37,false,Email,High,Cascade Capital Partners 70,Public Pension,Strategic,EMEA,Noah Nelson,Julian Adams,false
AM-SR-002512,AM-CL-0019,E-0283,Compliance Attestation,2025-02-24,2025-03-01,Closed,10,5.89,false,Email,Low,Northfield Employees Pension 19,Family Office,Key,Southeast,Iris Kim,Victor Chen,false
AM-SR-002513,AM-CL-0106,E-0272,Performance Report,2026-07-09,2026-07-12,Closed,5,3.7,false,Email,Medium,Silverline Sovereign Fund 106,Endowment,Strategic,Pacific,Mei Hall,Aisha Green,true
AM-SR-002514,AM-CL-0092,E-0284,Cash Movement,2026-01-11,2026-01-11,Closed,1,0.74,false,Email,Medium,Meridian Capital Partners 92,Public Pension,Key,Northeast,Noah Carter,Iris Thomas,true
AM-SR-002515,AM-CL-0094,E-0271,Performance Report,2025-08-20,2025-08-21,Closed,5,1.65,false,Portal,Medium,Granite Capital Partners 94,Family Office,Standard,Pacific,Luis Ashford,Isabella Collins,false
AM-SR-002516,AM-CL-0045,E-0269,Reconciliation,2026-01-29,2026-02-07,Closed,3,9.75,true,Portal,Medium,Blue Ridge Teachers Retirement 45,Family Office,Strategic,Southeast,Maya Ashford,Noah Hall,false
AM-SR-002517,AM-CL-0018,E-0266,Fee Invoice Question,2024-12-26,2024-12-27,Closed,5,1.39,false,Portal,Low,Meridian Mutual Insurance 18,Public Pension,Key,Pacific,Noah Carter,Ethan Roberts,false
AM-SR-002518,AM-CL-0119,E-0285,Reconciliation,2025-10-05,2025-10-06,Closed,3,1.58,false,Email,Low,Harbor Sovereign Fund 119,Endowment,Key,Pacific,Hannah Roberts,Aisha Ashford,true
AM-SR-002519,AM-CL-0136,E-0287,Performance Report,2026-08-29,,Open,5,,false,Email,Low,Summit University Endowment 136,Insurance GA,Key,APAC,Owen Okafor,Emma Allen,false
AM-SR-002520,AM-CL-0103,E-0289,Cash Movement,2026-03-22,2026-03-25,Closed,1,3.12,true,Portal,Medium,Blue Ridge University Endowment 103,Foundation,Standard,Midwest,Julian Collins,Victor Nguyen,false
AM-SR-002521,AM-CL-0027,E-0271,Fee Invoice Question,2025-12-24,2025-12-29,Closed,5,5.87,true,Email,Low,Northfield Teachers Retirement 27,Sovereign,Key,Mountain West,Hannah Roberts,Isabella Collins,false
AM-SR-002522,AM-CL-0015,E-0287,Performance Report,2025-09-17,2025-09-24,Closed,5,7.5,true,Email,High,Northfield Teachers Retirement 15,Foundation,Key,Mountain West,Hannah Young,Emma Allen,false
AM-SR-002523,AM-CL-0090,E-0267,Cash Movement,2025-06-25,2025-06-25,Closed,1,0.87,false,Portal,Low,Meridian University Endowment 90,Sovereign,Strategic,Midwest,Maya Ashford,Felix Stewart,false
AM-SR-002524,AM-CL-0095,E-0280,Compliance Attestation,2026-03-26,2026-04-05,Closed,10,10.1,true,Portal,Low,Ironwood Sovereign Fund 95,Sub-Advisory,Standard,Southeast,Wei Thomas,Mateo Harris,false
AM-SR-002525,AM-CL-0101,E-0289,Fee Invoice Question,2025-05-28,2025-06-01,Closed,5,4.17,false,Email,Low,Harbor University Endowment 101,Family Office,Key,Northeast,Luis Ashford,Victor Nguyen,false
AM-SR-002526,AM-CL-0103,E-0289,Compliance Attestation,2024-11-04,2024-11-09,Closed,10,5.27,false,Email,Medium,Blue Ridge University Endowment 103,Foundation,Standard,Midwest,Julian Collins,Victor Nguyen,false
AM-SR-002527,AM-CL-0097,E-0289,Fee Invoice Question,2025-06-28,2025-06-29,Closed,5,1.55,false,Email,Low,Summit Capital Partners 97,Corporate Pension,Standard,Northeast,Fatima Okafor,Victor Nguyen,false
AM-SR-002528,AM-CL-0020,E-0266,Data Feed Issue,2025-08-26,2025-08-28,Closed,2,2.62,true,Email,Medium,Summit Capital Partners 20,Corporate Pension,Standard,Mountain West,Wei Thomas,Ethan Roberts,false
AM-SR-002529,AM-CL-0032,E-0279,Data Feed Issue,2025-10-23,2025-10-23,Closed,2,0.61,false,Email,Medium,Meridian Sovereign Fund 32,Corporate Pension,Standard,Mountain West,Priya Martinez,Ravi Campbell,false
AM-SR-002530,AM-CL-0113,E-0270,Performance Report,2024-11-30,2024-12-02,Closed,5,2.56,false,Email,Low,Harbor Teachers Retirement 113,Insurance GA,Standard,APAC,Leo King,Sara Kim,false
AM-SR-002531,AM-CL-0090,E-0267,Performance Report,2024-09-12,2024-09-14,Closed,5,2.38,false,Phone,Medium,Meridian University Endowment 90,Sovereign,Strategic,Midwest,Maya Ashford,Felix Stewart,false
AM-SR-002532,AM-CL-0070,E-0282,Fee Invoice Question,2026-04-17,2026-04-19,Closed,5,2.78,false,Email,High,Cascade Capital Partners 70,Public Pension,Strategic,EMEA,Noah Nelson,Julian Adams,false
AM-SR-002533,AM-CL-0129,E-0273,Reconciliation,2025-03-16,2025-03-17,Closed,3,1.55,false,Phone,Medium,Blue Ridge Mutual Insurance 129,Foundation,Key,Pacific,Luis Silva,Samuel Wright,false
AM-SR-002534,AM-CL-0099,E-0279,Reconciliation,2024-12-10,2024-12-12,Closed,3,2.16,false,Email,High,Cascade Teachers Retirement 99,Foundation,Key,APAC,Hannah Young,Ravi Campbell,false
AM-SR-002535,AM-CL-0042,E-0286,Reconciliation,2025-09-30,2025-10-03,Closed,3,3.7,true,Portal,Medium,Blue Ridge Teachers Retirement 42,Public Pension,Standard,Mountain West,Layla Carter,Daniel Nguyen,false
AM-SR-002536,AM-CL-0079,E-0270,Reconciliation,2025-10-10,2025-10-13,Closed,3,3.96,true,Email,Medium,Northfield Teachers Retirement 79,Foundation,Strategic,APAC,Luis Ashford,Sara Kim,true
AM-SR-002537,AM-CL-0015,E-0287,Performance Report,2025-01-27,2025-01-31,Closed,5,4.75,false,Email,Medium,Northfield Teachers Retirement 15,Foundation,Key,Mountain West,Hannah Young,Emma Allen,false
AM-SR-002538,AM-CL-0094,E-0271,Compliance Attestation,2025-11-05,2025-12-03,Closed,10,28.7,true,Phone,Medium,Granite Capital Partners 94,Family Office,Standard,Pacific,Luis Ashford,Isabella Collins,false
AM-SR-002539,AM-CL-0063,E-0284,Performance Report,2025-08-09,2025-08-11,Closed,5,2.27,false,Portal,Low,Cascade Employees Pension 63,Sovereign,Key,Mountain West,Fatima Patel,Iris Thomas,false
AM-SR-002540,AM-CL-0082,E-0275,Performance Report,2025-07-06,2025-07-15,Closed,5,9.33,true,Portal,High,Harbor Sovereign Fund 82,Foundation,Key,APAC,Iris Allen,Daniel Allen,true
AM-SR-002541,AM-CL-0032,E-0279,Performance Report,2025-02-05,2025-02-09,Closed,5,4.89,false,Email,Medium,Meridian Sovereign Fund 32,Corporate Pension,Standard,Mountain West,Priya Martinez,Ravi Campbell,false
AM-SR-002542,AM-CL-0135,E-0287,Reconciliation,2024-11-09,2024-11-11,Closed,3,2.29,false,Email,Medium,Meridian Capital Partners 135,Public Pension,Standard,Southeast,Tom Silva,Emma Allen,false
AM-SR-002543,AM-CL-0086,E-0268,Reconciliation,2025-12-09,2025-12-11,Closed,3,2.56,false,Portal,Low,Cascade University Endowment 86,Public Pension,Standard,EMEA,Layla Carter,Rosa Nguyen,false
AM-SR-002544,AM-CL-0013,E-0277,Cash Movement,2025-08-08,2025-08-08,Closed,1,0.73,false,Portal,Medium,Meridian Teachers Retirement 13,Sovereign,Standard,Northeast,Leo King,Kenji White,false
AM-SR-002545,AM-CL-0082,E-0275,Performance Report,2026-07-19,2026-07-20,Closed,5,1.65,false,Portal,Low,Harbor Sovereign Fund 82,Foundation,Key,APAC,Iris Allen,Daniel Allen,false
AM-SR-002546,AM-CL-0074,E-0280,Performance Report,2025-06-04,2025-06-08,Closed,5,4.11,false,Email,Medium,Harbor Capital Partners 74,Sub-Advisory,Standard,Mountain West,Noah Carter,Mateo Harris,false
AM-SR-002547,AM-CL-0006,E-0284,Performance Report,2026-03-13,2026-03-15,Closed,5,2.31,false,Email,Medium,Cascade Employees Pension 6,Family Office,Standard,APAC,Sofia Bailey,Iris Thomas,false
AM-SR-002548,AM-CL-0041,E-0279,Reconciliation,2025-11-14,2025-11-14,Closed,3,0.95,false,Phone,Medium,Granite Mutual Insurance 41,Corporate Pension,Standard,APAC,Fatima Patel,Ravi Campbell,false
AM-SR-002549,AM-CL-0131,E-0285,Cash Movement,2025-06-10,2025-06-10,Closed,1,0.44,false,Portal,High,Northfield Capital Partners 131,Family Office,Key,Southeast,Priya Martinez,Aisha Ashford,false
AM-SR-002550,AM-CL-0058,E-0280,Performance Report,2025-05-28,2025-05-31,Closed,5,3.16,false,Phone,Medium,Harbor Teachers Retirement 58,Sub-Advisory,Standard,APAC,Fatima Patel,Mateo Harris,false
AM-SR-002551,AM-CL-0035,E-0267,Fee Invoice Question,2025-05-27,2025-05-30,Closed,5,3.02,false,Portal,Medium,Harbor Capital Partners 35,Endowment,Strategic,Southeast,Iris Kim,Felix Stewart,false
AM-SR-002552,AM-CL-0022,E-0273,Reconciliation,2025-11-20,2025-11-24,Closed,3,4.76,true,Email,Medium,Northfield Mutual Insurance 22,Foundation,Key,EMEA,Iris Allen,Samuel Wright,false
AM-SR-002553,AM-CL-0051,E-0272,Performance Report,2025-10-26,2025-11-02,Closed,5,7.15,true,Portal,Medium,Silverline Teachers Retirement 51,Insurance GA,Standard,EMEA,Nina Scott,Aisha Green,false
AM-SR-002554,AM-CL-0113,E-0270,Performance Report,2026-08-02,2026-08-06,Closed,5,4.07,false,Phone,Medium,Harbor Teachers Retirement 113,Insurance GA,Standard,APAC,Leo King,Sara Kim,false
AM-SR-002555,AM-CL-0014,E-0288,Fee Invoice Question,2024-09-02,2024-09-05,Closed,5,3.19,false,Portal,Medium,Granite Mutual Insurance 14,Corporate Pension,Standard,APAC,Fatima Okafor,Mateo Collins,false
AM-SR-002556,AM-CL-0062,E-0278,Compliance Attestation,2026-06-30,2026-07-03,Closed,10,3.63,false,Email,Medium,Northfield Teachers Retirement 62,Corporate Pension,Standard,Midwest,Owen Okafor,Lauren Lopez,false
AM-SR-002557,AM-CL-0045,E-0269,Performance Report,2024-09-07,2024-09-08,Closed,5,1.35,false,Email,Low,Blue Ridge Teachers Retirement 45,Family Office,Strategic,Southeast,Maya Ashford,Noah Hall,false
AM-SR-002558,AM-CL-0017,E-0281,Compliance Attestation,2026-07-21,2026-08-02,Closed,10,12.5,true,Email,High,Lakeshore Teachers Retirement 17,Family Office,Standard,EMEA,Tom Silva,Sofia Campbell,false
AM-SR-002559,AM-CL-0140,E-0272,Cash Movement,2024-11-07,2024-11-07,Closed,1,0.34,false,Email,Low,Lakeshore Teachers Retirement 140,Foundation,Key,Midwest,Wei Thomas,Aisha Green,false
AM-SR-002560,AM-CL-0091,E-0285,Performance Report,2024-10-07,2024-10-10,Closed,5,3.91,false,Portal,Medium,Northfield University Endowment 91,Insurance GA,Standard,Mountain West,Owen Okafor,Aisha Ashford,true
AM-SR-002561,AM-CL-0015,E-0287,Performance Report,2025-08-15,2025-08-21,Closed,5,6.15,true,Email,Low,Northfield Teachers Retirement 15,Foundation,Key,Mountain West,Hannah Young,Emma Allen,false
AM-SR-002562,AM-CL-0097,E-0289,Performance Report,2025-05-28,2025-06-02,Closed,5,5.56,true,Email,Medium,Summit Capital Partners 97,Corporate Pension,Standard,Northeast,Fatima Okafor,Victor Nguyen,false
AM-SR-002563,AM-CL-0066,E-0278,Reconciliation,2024-11-28,2024-11-28,Closed,3,0.66,false,Email,Low,Cascade Mutual Insurance 66,Family Office,Strategic,Midwest,Luis Silva,Lauren Lopez,false
AM-SR-002564,AM-CL-0010,E-0275,Data Feed Issue,2026-03-13,2026-03-14,Closed,2,1.33,false,Email,Low,Northfield Capital Partners 10,Insurance GA,Standard,Midwest,Wei Thomas,Daniel Allen,false
AM-SR-002565,AM-CL-0020,E-0266,Fee Invoice Question,2025-12-30,2026-01-01,Closed,5,2.5,false,Portal,Low,Summit Capital Partners 20,Corporate Pension,Standard,Mountain West,Wei Thomas,Ethan Roberts,false
AM-SR-002566,AM-CL-0040,E-0268,Performance Report,2026-03-16,2026-03-20,Closed,5,4.83,false,Portal,Medium,Cascade Capital Partners 40,Corporate Pension,Key,EMEA,Luis Silva,Rosa Nguyen,false
AM-SR-002567,AM-CL-0069,E-0274,Performance Report,2025-07-18,2025-07-22,Closed,5,4.12,false,Email,Medium,Northfield Community Foundation 69,Family Office,Standard,Southeast,Hannah Roberts,Hannah Young,false
AM-SR-002568,AM-CL-0061,E-0290,Cash Movement,2026-05-31,2026-06-01,Closed,1,1.43,true,Portal,Medium,Summit Sovereign Fund 61,Insurance GA,Key,Midwest,Iris Allen,Luis Ashford,false
AM-SR-002569,AM-CL-0129,E-0273,Performance Report,2025-04-17,2025-04-18,Closed,5,1.99,false,Email,Medium,Blue Ridge Mutual Insurance 129,Foundation,Key,Pacific,Luis Silva,Samuel Wright,false
AM-SR-002570,AM-CL-0129,E-0273,Performance Report,2025-11-03,2025-11-08,Closed,5,5.44,true,Email,Medium,Blue Ridge Mutual Insurance 129,Foundation,Key,Pacific,Luis Silva,Samuel Wright,false
AM-SR-002571,AM-CL-0063,E-0284,Cash Movement,2024-11-09,2024-11-10,Closed,1,1.77,true,Portal,Medium,Cascade Employees Pension 63,Sovereign,Key,Mountain West,Fatima Patel,Iris Thomas,false
AM-SR-002572,AM-CL-0077,E-0282,Fee Invoice Question,2025-06-28,2025-06-29,Closed,5,1.34,false,Portal,Low,Granite Teachers Retirement 77,Sovereign,Key,Midwest,Mei Hall,Julian Adams,false
AM-SR-002573,AM-CL-0029,E-0266,Reconciliation,2024-10-26,2024-10-27,Closed,3,1.58,false,Email,High,Granite Capital Partners 29,Sovereign,Key,Midwest,Iris Allen,Ethan Roberts,false
AM-SR-002574,AM-CL-0063,E-0284,Fee Invoice Question,2025-10-29,2025-11-02,Closed,5,4.34,false,Portal,Medium,Cascade Employees Pension 63,Sovereign,Key,Mountain West,Fatima Patel,Iris Thomas,false
AM-SR-002575,AM-CL-0052,E-0285,Performance Report,2024-09-15,2024-09-25,Closed,5,10.75,true,Phone,Low,Lakeshore Mutual Insurance 52,Family Office,Key,Mountain West,Tom Silva,Aisha Ashford,false
AM-SR-002576,AM-CL-0104,E-0279,Performance Report,2025-07-01,2025-07-07,Closed,5,6.76,true,Email,Medium,Blue Ridge University Endowment 104,Sub-Advisory,Standard,Pacific,Owen Okafor,Ravi Campbell,true
AM-SR-002577,AM-CL-0066,E-0278,Cash Movement,2025-09-10,2025-09-10,Closed,1,0.66,false,Portal,Low,Cascade Mutual Insurance 66,Family Office,Strategic,Midwest,Luis Silva,Lauren Lopez,false
AM-SR-002578,AM-CL-0120,E-0279,Reconciliation,2026-07-02,2026-07-10,Closed,3,8.42,true,Phone,Medium,Ironwood Capital Partners 120,Foundation,Standard,Pacific,Owen Okafor,Ravi Campbell,true
AM-SR-002579,AM-CL-0007,E-0280,Reconciliation,2026-01-08,2026-01-13,Closed,3,5.85,true,Email,Medium,Ironwood Teachers Retirement 7,Insurance GA,Standard,Midwest,Fatima Okafor,Mateo Harris,true
AM-SR-002580,AM-CL-0094,E-0271,Cash Movement,2025-04-24,2025-04-24,Closed,1,0.73,false,Portal,Medium,Granite Capital Partners 94,Family Office,Standard,Pacific,Luis Ashford,Isabella Collins,false
AM-SR-002581,AM-CL-0108,E-0272,Reconciliation,2024-10-06,2024-10-08,Closed,3,2.7,false,Email,Medium,Ironwood Employees Pension 108,Family Office,Strategic,APAC,Grace Bailey,Aisha Green,true
AM-SR-002582,AM-CL-0026,E-0266,Performance Report,2026-07-25,2026-07-26,Closed,5,1.46,false,Email,High,Summit Teachers Retirement 26,Foundation,Standard,Northeast,Layla Carter,Ethan Roberts,false
AM-SR-002583,AM-CL-0012,E-0289,Reconciliation,2024-09-16,2024-09-20,Closed,3,4.05,true,Email,Low,Blue Ridge Community Foundation 12,Foundation,Strategic,Mountain West,Luis Silva,Victor Nguyen,false
AM-SR-002584,AM-CL-0121,E-0285,Reconciliation,2026-06-07,2026-06-08,Closed,3,1.84,false,Email,Low,Meridian Capital Partners 121,Corporate Pension,Standard,Northeast,Iris Allen,Aisha Ashford,false
AM-SR-002585,AM-CL-0130,E-0273,Compliance Attestation,2025-02-13,2025-02-18,Closed,10,5.53,false,Email,Medium,Lakeshore University Endowment 130,Public Pension,Key,Northeast,Owen Okafor,Samuel Wright,false
AM-SR-002586,AM-CL-0016,E-0269,Reconciliation,2025-01-17,2025-01-19,Closed,3,2.54,false,Email,Low,Ironwood Sovereign Fund 16,Sovereign,Key,Pacific,Maya Ashford,Noah Hall,false
AM-SR-002587,AM-CL-0091,E-0285,Data Feed Issue,2026-02-10,2026-02-10,Closed,2,0.4,false,Email,Low,Northfield University Endowment 91,Insurance GA,Standard,Mountain West,Owen Okafor,Aisha Ashford,false
AM-SR-002588,AM-CL-0078,E-0278,Fee Invoice Question,2025-06-18,2025-06-20,Closed,5,2.34,false,Email,Medium,Lakeshore Employees Pension 78,Insurance GA,Standard,EMEA,Julian Collins,Lauren Lopez,false
AM-SR-002589,AM-CL-0055,E-0268,Onboarding Document,2025-04-25,2025-05-06,Closed,7,11.2,true,Email,Medium,Granite Teachers Retirement 55,Sub-Advisory,Key,Northeast,Fatima Patel,Rosa Nguyen,false
AM-SR-002590,AM-CL-0055,E-0268,Performance Report,2025-03-24,2025-03-26,Closed,5,2.09,false,Phone,Low,Granite Teachers Retirement 55,Sub-Advisory,Key,Northeast,Fatima Patel,Rosa Nguyen,false
AM-SR-002591,AM-CL-0025,E-0287,Fee Invoice Question,2024-11-01,2024-11-10,Closed,5,9.51,true,Email,High,Summit Teachers Retirement 25,Insurance GA,Standard,Midwest,Rosa Miller,Emma Allen,false
AM-SR-002592,AM-CL-0042,E-0286,Performance Report,2026-06-04,2026-06-06,Closed,5,2.09,false,Email,Medium,Blue Ridge Teachers Retirement 42,Public Pension,Standard,Mountain West,Layla Carter,Daniel Nguyen,false
AM-SR-002593,AM-CL-0006,E-0284,Performance Report,2025-03-12,2025-03-14,Closed,5,2.36,false,Email,Low,Cascade Employees Pension 6,Family Office,Standard,APAC,Sofia Bailey,Iris Thomas,false
AM-SR-002594,AM-CL-0056,E-0288,Reconciliation,2025-11-01,2025-11-03,Closed,3,2.63,false,Portal,Medium,Harbor Mutual Insurance 56,Endowment,Strategic,APAC,Grace Bailey,Mateo Collins,false
AM-SR-002595,AM-CL-0072,E-0286,Reconciliation,2025-09-10,2025-09-11,Closed,3,1.82,false,Portal,Low,Blue Ridge Mutual Insurance 72,Foundation,Standard,Mountain West,Fatima Okafor,Daniel Nguyen,false
AM-SR-002596,AM-CL-0054,E-0290,Performance Report,2026-06-20,2026-06-23,Closed,5,3.48,false,Email,High,Granite Mutual Insurance 54,Corporate Pension,Standard,Pacific,Hannah Young,Luis Ashford,false
AM-SR-002597,AM-CL-0117,E-0289,Reconciliation,2025-03-22,2025-03-23,Closed,3,1.27,false,Portal,High,Lakeshore Teachers Retirement 117,Endowment,Standard,EMEA,Wei Thomas,Victor Nguyen,false
AM-SR-002598,AM-CL-0067,E-0275,Cash Movement,2025-10-24,2025-10-25,Closed,1,1.35,true,Email,Medium,Silverline Employees Pension 67,Public Pension,Key,Midwest,Leo King,Daniel Allen,false
AM-SR-002599,AM-CL-0023,E-0285,Reconciliation,2026-02-11,2026-02-20,Closed,3,9.93,true,Portal,Medium,Harbor Community Foundation 23,Public Pension,Key,Midwest,Sofia Bailey,Aisha Ashford,false
AM-SR-002600,AM-CL-0118,E-0274,Reconciliation,2024-11-30,2024-12-01,Closed,3,1.35,false,Portal,Medium,Silverline Community Foundation 118,Family Office,Key,Midwest,Maya Ashford,Hannah Young,false
AM-SR-002601,AM-CL-0073,E-0269,Onboarding Document,2024-09-05,2024-09-19,Closed,7,14.42,true,Email,Low,Ironwood Employees Pension 73,Sub-Advisory,Strategic,Southeast,Hannah Roberts,Noah Hall,false
AM-SR-002602,AM-CL-0127,E-0266,Performance Report,2025-11-01,2025-11-02,Closed,5,1.99,false,Phone,Medium,Granite Community Foundation 127,Sovereign,Standard,APAC,Layla Carter,Ethan Roberts,false
AM-SR-002603,AM-CL-0114,E-0278,Fee Invoice Question,2024-12-19,2024-12-21,Closed,5,2.24,false,Email,Low,Meridian Mutual Insurance 114,Family Office,Strategic,Midwest,Rosa Miller,Lauren Lopez,false
AM-SR-002604,AM-CL-0108,E-0272,Data Feed Issue,2026-01-29,2026-01-30,Closed,2,1.05,false,Email,Medium,Ironwood Employees Pension 108,Family Office,Strategic,APAC,Grace Bailey,Aisha Green,false
AM-SR-002605,AM-CL-0108,E-0272,Performance Report,2024-11-03,2024-11-03,Closed,5,0.82,false,Email,High,Ironwood Employees Pension 108,Family Office,Strategic,APAC,Grace Bailey,Aisha Green,false
AM-SR-002606,AM-CL-0069,E-0274,Fee Invoice Question,2025-09-20,2025-09-25,Closed,5,5.33,true,Portal,Low,Northfield Community Foundation 69,Family Office,Standard,Southeast,Hannah Roberts,Hannah Young,false
AM-SR-002607,AM-CL-0119,E-0285,Performance Report,2025-10-19,2025-10-20,Closed,5,1.16,false,Portal,Medium,Harbor Sovereign Fund 119,Endowment,Key,Pacific,Hannah Roberts,Aisha Ashford,false
AM-SR-002608,AM-CL-0089,E-0280,Cash Movement,2025-08-16,2025-08-16,Closed,1,0.81,false,Portal,High,Blue Ridge Community Foundation 89,Endowment,Standard,Midwest,Tom Silva,Mateo Harris,false
AM-SR-002609,AM-CL-0090,E-0267,Data Feed Issue,2026-08-29,,In Progress,2,,true,Email,High,Meridian University Endowment 90,Sovereign,Strategic,Midwest,Maya Ashford,Felix Stewart,false
AM-SR-002610,AM-CL-0089,E-0280,Compliance Attestation,2026-03-19,2026-03-24,Closed,10,5.91,false,Portal,Medium,Blue Ridge Community Foundation 89,Endowment,Standard,Midwest,Tom Silva,Mateo Harris,false
AM-SR-002611,AM-CL-0128,E-0286,Compliance Attestation,2025-02-17,2025-02-27,Closed,10,10.38,true,Portal,Medium,Cascade Mutual Insurance 128,Sub-Advisory,Key,Northeast,Noah Carter,Daniel Nguyen,false
AM-SR-002612,AM-CL-0093,E-0275,Reconciliation,2024-12-29,2024-12-29,Closed,3,0.96,false,Email,Low,Harbor Community Foundation 93,Corporate Pension,Strategic,Southeast,Maya Ashford,Daniel Allen,false
AM-SR-002613,AM-CL-0044,E-0282,Performance Report,2025-07-01,2025-07-04,Closed,5,3.81,false,Portal,High,Blue Ridge Teachers Retirement 44,Sovereign,Key,Southeast,Fatima Patel,Julian Adams,true
AM-SR-002614,AM-CL-0015,E-0287,Performance Report,2026-02-26,2026-02-27,Closed,5,1.4,false,Phone,High,Northfield Teachers Retirement 15,Foundation,Key,Mountain West,Hannah Young,Emma Allen,false
AM-SR-002615,AM-CL-0066,E-0278,Reconciliation,2025-11-07,2025-11-09,Closed,3,2.17,false,Portal,Low,Cascade Mutual Insurance 66,Family Office,Strategic,Midwest,Luis Silva,Lauren Lopez,false
AM-SR-002616,AM-CL-0066,E-0278,Fee Invoice Question,2025-11-15,2025-11-19,Closed,5,4.82,false,Portal,Medium,Cascade Mutual Insurance 66,Family Office,Strategic,Midwest,Luis Silva,Lauren Lopez,false
AM-SR-002617,AM-CL-0043,E-0267,Compliance Attestation,2024-11-03,2024-11-11,Closed,10,8.04,false,Portal,Medium,Lakeshore Community Foundation 43,Family Office,Key,Pacific,Rosa Miller,Felix Stewart,false
AM-SR-002618,AM-CL-0083,E-0287,Performance Report,2025-07-26,2025-07-28,Closed,5,2.99,false,Email,Low,Northfield Sovereign Fund 83,Public Pension,Strategic,APAC,Iris Allen,Emma Allen,false
AM-SR-002619,AM-CL-0071,E-0279,Performance Report,2025-02-02,2025-02-05,Closed,5,3.48,false,Email,Low,Ironwood Capital Partners 71,Insurance GA,Standard,Mountain West,Iris Allen,Ravi Campbell,false
AM-SR-002620,AM-CL-0007,E-0280,Data Feed Issue,2025-01-01,2025-01-02,Closed,2,1.01,false,Portal,High,Ironwood Teachers Retirement 7,Insurance GA,Standard,Midwest,Fatima Okafor,Mateo Harris,true
AM-SR-002621,AM-CL-0074,E-0280,Performance Report,2025-01-21,2025-01-23,Closed,5,2.63,false,Email,Medium,Harbor Capital Partners 74,Sub-Advisory,Standard,Mountain West,Noah Carter,Mateo Harris,false
AM-SR-002622,AM-CL-0006,E-0284,Compliance Attestation,2024-11-12,2024-11-15,Closed,10,3.38,false,Email,Medium,Cascade Employees Pension 6,Family Office,Standard,APAC,Sofia Bailey,Iris Thomas,false
AM-SR-002623,AM-CL-0068,E-0283,Onboarding Document,2025-03-11,2025-03-17,Closed,7,6.95,false,Email,Low,Northfield Employees Pension 68,Foundation,Strategic,Midwest,Noah Carter,Victor Chen,false
AM-SR-002624,AM-CL-0120,E-0279,Performance Report,2024-11-17,2024-11-20,Closed,5,3.23,false,Phone,Low,Ironwood Capital Partners 120,Foundation,Standard,Pacific,Owen Okafor,Ravi Campbell,false
AM-SR-002625,AM-CL-0121,E-0285,Fee Invoice Question,2025-02-13,2025-02-14,Closed,5,1.8,false,Email,Medium,Meridian Capital Partners 121,Corporate Pension,Standard,Northeast,Iris Allen,Aisha Ashford,false
AM-SR-002626,AM-CL-0122,E-0276,Onboarding Document,2025-05-24,2025-05-26,Closed,7,2.47,false,Email,Medium,Granite Teachers Retirement 122,Insurance GA,Standard,EMEA,Luis Ashford,Felix Edwards,false
AM-SR-002627,AM-CL-0116,E-0272,Performance Report,2026-04-20,2026-04-22,Closed,5,2.47,false,Email,Medium,Silverline Sovereign Fund 116,Sub-Advisory,Key,Pacific,Iris Allen,Aisha Green,false
AM-SR-002628,AM-CL-0082,E-0275,Data Feed Issue,2024-10-25,2024-10-28,Closed,2,3.12,true,Portal,Medium,Harbor Sovereign Fund 82,Foundation,Key,APAC,Iris Allen,Daniel Allen,false
AM-SR-002629,AM-CL-0116,E-0272,Performance Report,2025-05-09,2025-05-16,Closed,5,7.33,true,Email,Medium,Silverline Sovereign Fund 116,Sub-Advisory,Key,Pacific,Iris Allen,Aisha Green,false
AM-SR-002630,AM-CL-0120,E-0279,Reconciliation,2025-02-01,2025-02-05,Closed,3,4.18,true,Email,Low,Ironwood Capital Partners 120,Foundation,Standard,Pacific,Owen Okafor,Ravi Campbell,false
AM-SR-002631,AM-CL-0044,E-0282,Reconciliation,2024-09-21,2024-09-25,Closed,3,4.63,true,Portal,Medium,Blue Ridge Teachers Retirement 44,Sovereign,Key,Southeast,Fatima Patel,Julian Adams,false
AM-SR-002632,AM-CL-0120,E-0279,Fee Invoice Question,2024-09-06,2024-09-08,Closed,5,2.74,false,Email,Medium,Ironwood Capital Partners 120,Foundation,Standard,Pacific,Owen Okafor,Ravi Campbell,false
AM-SR-002633,AM-CL-0124,E-0270,Reconciliation,2025-05-22,2025-05-23,Closed,3,1.31,false,Email,Low,Blue Ridge Community Foundation 124,Endowment,Strategic,Northeast,Iris Kim,Sara Kim,false
AM-SR-002634,AM-CL-0117,E-0289,Performance Report,2025-03-22,2025-03-24,Closed,5,2.69,false,Email,Low,Lakeshore Teachers Retirement 117,Endowment,Standard,EMEA,Wei Thomas,Victor Nguyen,false
AM-SR-002635,AM-CL-0024,E-0282,Performance Report,2025-11-30,2025-12-03,Closed,5,3.55,false,Email,Medium,Granite University Endowment 24,Foundation,Standard,Mountain West,Grace Bailey,Julian Adams,false
AM-SR-002636,AM-CL-0083,E-0287,Performance Report,2026-07-09,2026-07-13,Closed,5,4.35,false,Portal,Low,Northfield Sovereign Fund 83,Public Pension,Strategic,APAC,Iris Allen,Emma Allen,true
AM-SR-002637,AM-CL-0042,E-0286,Performance Report,2024-12-31,2025-01-10,Closed,5,10.72,true,Portal,Medium,Blue Ridge Teachers Retirement 42,Public Pension,Standard,Mountain West,Layla Carter,Daniel Nguyen,false
AM-SR-002638,AM-CL-0059,E-0273,Cash Movement,2026-06-10,2026-06-11,Closed,1,1.61,true,Portal,Low,Lakeshore Teachers Retirement 59,Endowment,Strategic,Midwest,Nina Scott,Samuel Wright,false
AM-SR-002639,AM-CL-0108,E-0272,Onboarding Document,2026-02-25,2026-03-01,Closed,7,4.38,false,Email,Medium,Ironwood Employees Pension 108,Family Office,Strategic,APAC,Grace Bailey,Aisha Green,false
AM-SR-002640,AM-CL-0034,E-0271,Reconciliation,2025-02-04,2025-02-04,Closed,3,0.91,false,Email,Medium,Cascade Employees Pension 34,Insurance GA,Standard,Mountain West,Mei Hall,Isabella Collins,false
AM-SR-002641,AM-CL-0081,E-0267,Data Feed Issue,2026-01-07,2026-01-08,Closed,2,1.06,false,Phone,Medium,Northfield Employees Pension 81,Family Office,Standard,Southeast,Wei Thomas,Felix Stewart,true
AM-SR-002642,AM-CL-0098,E-0268,Fee Invoice Question,2026-01-24,2026-01-28,Closed,5,4.27,false,Portal,Medium,Summit Capital Partners 98,Corporate Pension,Key,EMEA,Luis Silva,Rosa Nguyen,false
AM-SR-002643,AM-CL-0095,E-0280,Data Feed Issue,2024-10-20,2024-10-22,Closed,2,2.83,true,Phone,Low,Ironwood Sovereign Fund 95,Sub-Advisory,Standard,Southeast,Wei Thomas,Mateo Harris,false
AM-SR-002644,AM-CL-0107,E-0281,Reconciliation,2025-02-01,2025-02-03,Closed,3,2.99,false,Email,Low,Harbor Teachers Retirement 107,Sub-Advisory,Key,Pacific,Priya Martinez,Sofia Campbell,false
AM-SR-002645,AM-CL-0121,E-0285,Reconciliation,2025-05-12,2025-05-13,Closed,3,1.66,false,Email,Medium,Meridian Capital Partners 121,Corporate Pension,Standard,Northeast,Iris Allen,Aisha Ashford,false
AM-SR-002646,AM-CL-0090,E-0267,Reconciliation,2025-12-21,2025-12-23,Closed,3,2.88,false,Email,Low,Meridian University Endowment 90,Sovereign,Strategic,Midwest,Maya Ashford,Felix Stewart,false
AM-SR-002647,AM-CL-0056,E-0288,Cash Movement,2025-06-28,2025-06-29,Closed,1,2.0,true,Portal,Medium,Harbor Mutual Insurance 56,Endowment,Strategic,APAC,Grace Bailey,Mateo Collins,false
AM-SR-002648,AM-CL-0040,E-0268,Reconciliation,2025-05-22,2025-05-23,Closed,3,1.76,false,Portal,Medium,Cascade Capital Partners 40,Corporate Pension,Key,EMEA,Luis Silva,Rosa Nguyen,false
AM-SR-002649,AM-CL-0072,E-0286,Data Feed Issue,2025-06-05,2025-06-06,Closed,2,1.06,false,Portal,Medium,Blue Ridge Mutual Insurance 72,Foundation,Standard,Mountain West,Fatima Okafor,Daniel Nguyen,false
AM-SR-002650,AM-CL-0046,E-0270,Fee Invoice Question,2026-05-17,2026-05-23,Closed,5,6.6,true,Email,Medium,Summit University Endowment 46,Foundation,Standard,Pacific,Fatima Patel,Sara Kim,false
AM-SR-002651,AM-CL-0091,E-0285,Data Feed Issue,2024-11-07,2024-11-07,Closed,2,0.77,false,Email,High,Northfield University Endowment 91,Insurance GA,Standard,Mountain West,Owen Okafor,Aisha Ashford,false
AM-SR-002652,AM-CL-0089,E-0280,Cash Movement,2025-07-19,2025-07-21,Closed,1,2.27,true,Phone,Medium,Blue Ridge Community Foundation 89,Endowment,Standard,Midwest,Tom Silva,Mateo Harris,false
AM-SR-002653,AM-CL-0023,E-0285,Performance Report,2025-12-09,2025-12-10,Closed,5,1.93,false,Email,Medium,Harbor Community Foundation 23,Public Pension,Key,Midwest,Sofia Bailey,Aisha Ashford,false
AM-SR-002654,AM-CL-0042,E-0286,Data Feed Issue,2025-10-05,2025-10-06,Closed,2,1.57,false,Portal,Medium,Blue Ridge Teachers Retirement 42,Public Pension,Standard,Mountain West,Layla Carter,Daniel Nguyen,true
AM-SR-002655,AM-CL-0059,E-0273,Cash Movement,2025-06-19,2025-06-19,Closed,1,0.34,false,Email,Medium,Lakeshore Teachers Retirement 59,Endowment,Strategic,Midwest,Nina Scott,Samuel Wright,false
AM-SR-002656,AM-CL-0079,E-0270,Performance Report,2024-11-19,2024-11-21,Closed,5,2.2,false,Phone,High,Northfield Teachers Retirement 79,Foundation,Strategic,APAC,Luis Ashford,Sara Kim,false
AM-SR-002657,AM-CL-0089,E-0280,Performance Report,2026-08-29,2026-08-31,Closed,5,2.26,false,Email,Low,Blue Ridge Community Foundation 89,Endowment,Standard,Midwest,Tom Silva,Mateo Harris,false
AM-SR-002658,AM-CL-0130,E-0273,Reconciliation,2024-09-09,2024-09-11,Closed,3,2.37,false,Email,High,Lakeshore University Endowment 130,Public Pension,Key,Northeast,Owen Okafor,Samuel Wright,false
AM-SR-002659,AM-CL-0103,E-0289,Performance Report,2025-06-05,2025-06-07,Closed,5,2.27,false,Portal,Low,Blue Ridge University Endowment 103,Foundation,Standard,Midwest,Julian Collins,Victor Nguyen,false
AM-SR-002660,AM-CL-0035,E-0267,Cash Movement,2024-12-02,2024-12-02,Closed,1,0.73,false,Portal,Low,Harbor Capital Partners 35,Endowment,Strategic,Southeast,Iris Kim,Felix Stewart,false
AM-SR-002661,AM-CL-0081,E-0267,Performance Report,2025-09-30,2025-10-05,Closed,5,5.99,true,Email,High,Northfield Employees Pension 81,Family Office,Standard,Southeast,Wei Thomas,Felix Stewart,false
AM-SR-002662,AM-CL-0129,E-0273,Compliance Attestation,2026-07-18,2026-07-26,Closed,10,8.8,false,Email,High,Blue Ridge Mutual Insurance 129,Foundation,Key,Pacific,Luis Silva,Samuel Wright,false
AM-SR-002663,AM-CL-0050,E-0276,Fee Invoice Question,2026-04-09,2026-04-13,Closed,5,4.33,false,Email,Medium,Harbor Community Foundation 50,Endowment,Standard,Pacific,Hannah Roberts,Felix Edwards,true
AM-SR-002664,AM-CL-0078,E-0278,Performance Report,2026-07-10,2026-07-12,Closed,5,2.42,false,Portal,Low,Lakeshore Employees Pension 78,Insurance GA,Standard,EMEA,Julian Collins,Lauren Lopez,true
AM-SR-002665,AM-CL-0024,E-0282,Performance Report,2026-08-23,2026-08-25,Closed,5,2.15,false,Portal,Medium,Granite University Endowment 24,Foundation,Standard,Mountain West,Grace Bailey,Julian Adams,false
AM-SR-002666,AM-CL-0056,E-0288,Fee Invoice Question,2025-09-29,2025-10-01,Closed,5,2.26,false,Email,Low,Harbor Mutual Insurance 56,Endowment,Strategic,APAC,Grace Bailey,Mateo Collins,false
AM-SR-002667,AM-CL-0114,E-0278,Reconciliation,2025-10-26,2025-10-27,Closed,3,1.03,false,Phone,Low,Meridian Mutual Insurance 114,Family Office,Strategic,Midwest,Rosa Miller,Lauren Lopez,false
AM-SR-002668,AM-CL-0050,E-0276,Data Feed Issue,2024-12-01,2024-12-01,Closed,2,0.73,false,Email,High,Harbor Community Foundation 50,Endowment,Standard,Pacific,Hannah Roberts,Felix Edwards,false
AM-SR-002669,AM-CL-0016,E-0269,Data Feed Issue,2026-08-16,2026-08-18,Closed,2,2.16,true,Phone,High,Ironwood Sovereign Fund 16,Sovereign,Key,Pacific,Maya Ashford,Noah Hall,false
AM-SR-002670,AM-CL-0024,E-0282,Reconciliation,2026-02-05,2026-02-07,Closed,3,2.38,false,Portal,Low,Granite University Endowment 24,Foundation,Standard,Mountain West,Grace Bailey,Julian Adams,false
AM-SR-002671,AM-CL-0020,E-0266,Data Feed Issue,2026-08-27,2026-08-29,Closed,2,2.27,true,Email,Medium,Summit Capital Partners 20,Corporate Pension,Standard,Mountain West,Wei Thomas,Ethan Roberts,false
AM-SR-002672,AM-CL-0044,E-0282,Performance Report,2026-01-23,2026-01-26,Closed,5,3.83,false,Portal,Low,Blue Ridge Teachers Retirement 44,Sovereign,Key,Southeast,Fatima Patel,Julian Adams,false
AM-SR-002673,AM-CL-0025,E-0287,Reconciliation,2026-01-30,2026-02-03,Closed,3,4.45,true,Phone,Medium,Summit Teachers Retirement 25,Insurance GA,Standard,Midwest,Rosa Miller,Emma Allen,false
AM-SR-002674,AM-CL-0060,E-0284,Performance Report,2024-09-23,2024-09-30,Closed,5,7.07,true,Phone,Medium,Granite Teachers Retirement 60,Sovereign,Standard,Northeast,Hannah Young,Iris Thomas,false
AM-SR-002675,AM-CL-0056,E-0288,Performance Report,2025-11-03,2025-11-07,Closed,5,4.54,false,Portal,High,Harbor Mutual Insurance 56,Endowment,Strategic,APAC,Grace Bailey,Mateo Collins,false
AM-SR-002676,AM-CL-0007,E-0280,Fee Invoice Question,2025-02-24,2025-02-25,Closed,5,1.82,false,Portal,Medium,Ironwood Teachers Retirement 7,Insurance GA,Standard,Midwest,Fatima Okafor,Mateo Harris,false
AM-SR-002677,AM-CL-0059,E-0273,Reconciliation,2026-07-21,2026-07-21,Closed,3,0.73,false,Email,Medium,Lakeshore Teachers Retirement 59,Endowment,Strategic,Midwest,Nina Scott,Samuel Wright,false
AM-SR-002678,AM-CL-0113,E-0270,Performance Report,2024-12-17,2024-12-21,Closed,5,4.02,false,Portal,Medium,Harbor Teachers Retirement 113,Insurance GA,Standard,APAC,Leo King,Sara Kim,false
AM-SR-002679,AM-CL-0061,E-0290,Performance Report,2025-10-01,2025-10-04,Closed,5,3.27,false,Email,Medium,Summit Sovereign Fund 61,Insurance GA,Key,Midwest,Iris Allen,Luis Ashford,true
AM-SR-002680,AM-CL-0039,E-0275,Onboarding Document,2024-10-11,2024-10-21,Closed,7,10.14,true,Portal,Low,Blue Ridge Mutual Insurance 39,Foundation,Key,APAC,Iris Clark,Daniel Allen,true
AM-SR-002681,AM-CL-0002,E-0268,Reconciliation,2024-11-30,2024-12-01,Closed,3,1.93,false,Portal,High,Blue Ridge Sovereign Fund 2,Family Office,Key,EMEA,Noah Carter,Rosa Nguyen,false
AM-SR-002682,AM-CL-0004,E-0272,Performance Report,2026-01-24,2026-01-26,Closed,5,2.12,false,Email,Low,Lakeshore Teachers Retirement 4,Sub-Advisory,Key,EMEA,Julian Collins,Aisha Green,false
AM-SR-002683,AM-CL-0039,E-0275,Reconciliation,2025-10-15,2025-10-18,Closed,3,3.9,true,Portal,Medium,Blue Ridge Mutual Insurance 39,Foundation,Key,APAC,Iris Clark,Daniel Allen,false
AM-SR-002684,AM-CL-0097,E-0289,Compliance Attestation,2025-09-14,2025-09-19,Closed,10,5.95,false,Email,Medium,Summit Capital Partners 97,Corporate Pension,Standard,Northeast,Fatima Okafor,Victor Nguyen,false
AM-SR-002685,AM-CL-0108,E-0272,Compliance Attestation,2025-01-25,2025-02-04,Closed,10,10.58,true,Portal,Low,Ironwood Employees Pension 108,Family Office,Strategic,APAC,Grace Bailey,Aisha Green,false
AM-SR-002686,AM-CL-0013,E-0277,Reconciliation,2025-11-26,2025-11-30,Closed,3,4.1,true,Email,Medium,Meridian Teachers Retirement 13,Sovereign,Standard,Northeast,Leo King,Kenji White,false
AM-SR-002687,AM-CL-0096,E-0272,Fee Invoice Question,2024-12-26,2024-12-31,Closed,5,5.04,true,Email,Low,Cascade Teachers Retirement 96,Endowment,Strategic,APAC,Grace Bailey,Aisha Green,false
AM-SR-002688,AM-CL-0040,E-0268,Reconciliation,2025-01-02,2025-01-05,Closed,3,3.41,true,Portal,Low,Cascade Capital Partners 40,Corporate Pension,Key,EMEA,Luis Silva,Rosa Nguyen,true
AM-SR-002689,AM-CL-0121,E-0285,Onboarding Document,2026-08-29,,In Progress,7,,true,Email,Medium,Meridian Capital Partners 121,Corporate Pension,Standard,Northeast,Iris Allen,Aisha Ashford,false
AM-SR-002690,AM-CL-0040,E-0268,Reconciliation,2025-09-12,2025-09-24,Closed,3,12.19,true,Email,Medium,Cascade Capital Partners 40,Corporate Pension,Key,EMEA,Luis Silva,Rosa Nguyen,false
AM-SR-002691,AM-CL-0110,E-0286,Onboarding Document,2026-04-07,2026-04-09,Closed,7,2.05,false,Email,Medium,Summit Community Foundation 110,Public Pension,Standard,Northeast,Grace Martinez,Daniel Nguyen,true
AM-SR-002692,AM-CL-0011,E-0271,Compliance Attestation,2025-10-31,2025-11-12,Closed,10,12.72,true,Email,Medium,Lakeshore Community Foundation 11,Corporate Pension,Key,Midwest,Julian Collins,Isabella Collins,false
AM-SR-002693,AM-CL-0039,E-0275,Performance Report,2024-09-22,2024-09-27,Closed,5,5.79,true,Portal,High,Blue Ridge Mutual Insurance 39,Foundation,Key,APAC,Iris Clark,Daniel Allen,false
AM-SR-002694,AM-CL-0070,E-0282,Cash Movement,2024-09-27,2024-09-27,Closed,1,0.82,false,Portal,Medium,Cascade Capital Partners 70,Public Pension,Strategic,EMEA,Noah Nelson,Julian Adams,false
AM-SR-002695,AM-CL-0047,E-0266,Cash Movement,2025-03-31,2025-04-01,Closed,1,1.08,true,Phone,Low,Granite Sovereign Fund 47,Endowment,Standard,Mountain West,Noah Nelson,Ethan Roberts,false
AM-SR-002696,AM-CL-0094,E-0271,Compliance Attestation,2025-09-07,2025-09-16,Closed,10,9.4,false,Portal,Low,Granite Capital Partners 94,Family Office,Standard,Pacific,Luis Ashford,Isabella Collins,false
AM-SR-002697,AM-CL-0047,E-0266,Cash Movement,2025-05-19,2025-05-19,Closed,1,0.29,false,Email,Medium,Granite Sovereign Fund 47,Endowment,Standard,Mountain West,Noah Nelson,Ethan Roberts,false
AM-SR-002698,AM-CL-0123,E-0272,Cash Movement,2026-03-13,2026-03-13,Closed,1,0.57,false,Phone,Low,Cascade Mutual Insurance 123,Sub-Advisory,Standard,Southeast,Layla Carter,Aisha Green,false
AM-SR-002699,AM-CL-0091,E-0285,Fee Invoice Question,2025-10-02,2025-10-06,Closed,5,4.56,false,Portal,Low,Northfield University Endowment 91,Insurance GA,Standard,Mountain West,Owen Okafor,Aisha Ashford,true
AM-SR-002700,AM-CL-0066,E-0278,Data Feed Issue,2025-08-24,2025-08-25,Closed,2,1.14,false,Email,High,Cascade Mutual Insurance 66,Family Office,Strategic,Midwest,Luis Silva,Lauren Lopez,false
AM-SR-002701,AM-CL-0140,E-0272,Onboarding Document,2025-08-13,2025-08-18,Closed,7,5.79,false,Email,Medium,Lakeshore Teachers Retirement 140,Foundation,Key,Midwest,Wei Thomas,Aisha Green,false
AM-SR-002702,AM-CL-0021,E-0286,Data Feed Issue,2026-07-15,2026-07-16,Closed,2,1.25,false,Email,Medium,Lakeshore Sovereign Fund 21,Sub-Advisory,Strategic,Pacific,Tom Silva,Daniel Nguyen,false
AM-SR-002703,AM-CL-0080,E-0275,Reconciliation,2024-10-23,2024-10-25,Closed,3,2.08,false,Email,Medium,Harbor Teachers Retirement 80,Insurance GA,Standard,Pacific,Layla Carter,Daniel Allen,false
AM-SR-002704,AM-CL-0138,E-0271,Performance Report,2024-09-03,2024-09-07,Closed,5,4.25,false,Portal,Medium,Cascade Employees Pension 138,Endowment,Strategic,APAC,Tom Silva,Isabella Collins,false
AM-SR-002705,AM-CL-0077,E-0282,Cash Movement,2025-07-19,2025-07-19,Closed,1,0.62,false,Portal,Low,Granite Teachers Retirement 77,Sovereign,Key,Midwest,Mei Hall,Julian Adams,false
AM-SR-002706,AM-CL-0063,E-0284,Performance Report,2024-11-12,2024-12-05,Closed,5,23.47,true,Email,Low,Cascade Employees Pension 63,Sovereign,Key,Mountain West,Fatima Patel,Iris Thomas,false
AM-SR-002707,AM-CL-0064,E-0274,Fee Invoice Question,2025-03-19,2025-03-29,Closed,5,10.95,true,Email,Medium,Granite Mutual Insurance 64,Sub-Advisory,Standard,Midwest,Layla Carter,Hannah Young,false
AM-SR-002708,AM-CL-0136,E-0287,Cash Movement,2026-07-12,2026-07-12,Closed,1,0.79,false,Email,High,Summit University Endowment 136,Insurance GA,Key,APAC,Owen Okafor,Emma Allen,true
AM-SR-002709,AM-CL-0077,E-0282,Onboarding Document,2025-02-05,2025-02-12,Closed,7,7.46,true,Portal,Low,Granite Teachers Retirement 77,Sovereign,Key,Midwest,Mei Hall,Julian Adams,false
AM-SR-002710,AM-CL-0025,E-0287,Fee Invoice Question,2024-11-21,2024-12-02,Closed,5,11.97,true,Portal,High,Summit Teachers Retirement 25,Insurance GA,Standard,Midwest,Rosa Miller,Emma Allen,false
AM-SR-002711,AM-CL-0115,E-0274,Fee Invoice Question,2025-01-18,2025-01-19,Closed,5,1.91,false,Portal,Low,Ironwood Capital Partners 115,Public Pension,Key,EMEA,Maya Ashford,Hannah Young,false
AM-SR-002712,AM-CL-0064,E-0274,Reconciliation,2025-07-24,2025-07-26,Closed,3,2.74,false,Email,Medium,Granite Mutual Insurance 64,Sub-Advisory,Standard,Midwest,Layla Carter,Hannah Young,false
AM-SR-002713,AM-CL-0043,E-0267,Reconciliation,2026-01-30,2026-01-31,Closed,3,1.47,false,Portal,High,Lakeshore Community Foundation 43,Family Office,Key,Pacific,Rosa Miller,Felix Stewart,false
AM-SR-002714,AM-CL-0021,E-0286,Cash Movement,2026-03-07,2026-03-07,Closed,1,0.8,false,Portal,Medium,Lakeshore Sovereign Fund 21,Sub-Advisory,Strategic,Pacific,Tom Silva,Daniel Nguyen,false
AM-SR-002715,AM-CL-0057,E-0281,Reconciliation,2025-10-25,2025-10-29,Closed,3,4.31,true,Portal,Medium,Lakeshore University Endowment 57,Sovereign,Standard,Mountain West,Luis Silva,Sofia Campbell,false
AM-SR-002716,AM-CL-0051,E-0272,Cash Movement,2025-01-26,2025-01-27,Closed,1,1.26,true,Email,High,Silverline Teachers Retirement 51,Insurance GA,Standard,EMEA,Nina Scott,Aisha Green,false
AM-SR-002717,AM-CL-0007,E-0280,Data Feed Issue,2024-11-07,2024-11-09,Closed,2,2.95,true,Email,High,Ironwood Teachers Retirement 7,Insurance GA,Standard,Midwest,Fatima Okafor,Mateo Harris,false
AM-SR-002718,AM-CL-0008,E-0279,Cash Movement,2024-12-26,2024-12-26,Closed,1,0.58,false,Portal,High,Granite Community Foundation 8,Insurance GA,Standard,Mountain West,Luis Silva,Ravi Campbell,false
AM-SR-002719,AM-CL-0044,E-0282,Performance Report,2025-08-15,2025-08-17,Closed,5,2.56,false,Email,Medium,Blue Ridge Teachers Retirement 44,Sovereign,Key,Southeast,Fatima Patel,Julian Adams,false
AM-SR-002720,AM-CL-0058,E-0280,Performance Report,2025-08-30,2025-09-03,Closed,5,4.27,false,Phone,Medium,Harbor Teachers Retirement 58,Sub-Advisory,Standard,APAC,Fatima Patel,Mateo Harris,false
AM-SR-002721,AM-CL-0040,E-0268,Cash Movement,2025-06-02,2025-06-02,Closed,1,0.37,false,Portal,High,Cascade Capital Partners 40,Corporate Pension,Key,EMEA,Luis Silva,Rosa Nguyen,false
AM-SR-002722,AM-CL-0069,E-0274,Reconciliation,2025-01-15,2025-01-18,Closed,3,3.19,true,Portal,High,Northfield Community Foundation 69,Family Office,Standard,Southeast,Hannah Roberts,Hannah Young,false
AM-SR-002723,AM-CL-0075,E-0270,Compliance Attestation,2025-06-28,2025-07-11,Closed,10,13.05,true,Email,Low,Harbor Teachers Retirement 75,Endowment,Standard,Mountain West,Fatima Patel,Sara Kim,false
AM-SR-002724,AM-CL-0093,E-0275,Data Feed Issue,2025-06-12,2025-06-12,Closed,2,0.87,false,Email,Low,Harbor Community Foundation 93,Corporate Pension,Strategic,Southeast,Maya Ashford,Daniel Allen,false
AM-SR-002725,AM-CL-0109,E-0288,Data Feed Issue,2026-03-01,2026-03-01,Closed,2,0.88,false,Portal,Medium,Cascade Community Foundation 109,Sub-Advisory,Standard,APAC,Luis Silva,Mateo Collins,false
AM-SR-002726,AM-CL-0137,E-0284,Cash Movement,2026-03-01,2026-03-01,Closed,1,0.84,false,Portal,Medium,Northfield Sovereign Fund 137,Endowment,Strategic,Mountain West,Grace Bailey,Iris Thomas,false
AM-SR-002727,AM-CL-0017,E-0281,Reconciliation,2025-06-11,2025-06-13,Closed,3,2.93,false,Email,Low,Lakeshore Teachers Retirement 17,Family Office,Standard,EMEA,Tom Silva,Sofia Campbell,false
AM-SR-002728,AM-CL-0057,E-0281,Performance Report,2026-03-02,2026-03-03,Closed,5,1.26,false,Portal,Low,Lakeshore University Endowment 57,Sovereign,Standard,Mountain West,Luis Silva,Sofia Campbell,false
AM-SR-002729,AM-CL-0020,E-0266,Fee Invoice Question,2026-06-19,2026-06-22,Closed,5,3.13,false,Email,High,Summit Capital Partners 20,Corporate Pension,Standard,Mountain West,Wei Thomas,Ethan Roberts,false
AM-SR-002730,AM-CL-0138,E-0271,Compliance Attestation,2024-09-16,2024-09-21,Closed,10,5.31,false,Portal,Low,Cascade Employees Pension 138,Endowment,Strategic,APAC,Tom Silva,Isabella Collins,false
AM-SR-002731,AM-CL-0032,E-0279,Performance Report,2025-04-27,2025-04-29,Closed,5,2.36,false,Portal,Low,Meridian Sovereign Fund 32,Corporate Pension,Standard,Mountain West,Priya Martinez,Ravi Campbell,false
AM-SR-002732,AM-CL-0056,E-0288,Performance Report,2025-10-12,2025-10-14,Closed,5,2.09,false,Email,Medium,Harbor Mutual Insurance 56,Endowment,Strategic,APAC,Grace Bailey,Mateo Collins,true
AM-SR-002733,AM-CL-0043,E-0267,Compliance Attestation,2026-06-29,2026-07-02,Closed,10,3.27,false,Email,Medium,Lakeshore Community Foundation 43,Family Office,Key,Pacific,Rosa Miller,Felix Stewart,false
AM-SR-002734,AM-CL-0076,E-0282,Reconciliation,2025-09-19,2025-09-22,Closed,3,3.46,true,Portal,Medium,Ironwood Capital Partners 76,Foundation,Key,Midwest,Nina Scott,Julian Adams,false
AM-SR-002735,AM-CL-0020,E-0266,Performance Report,2026-01-10,2026-01-12,Closed,5,2.44,false,Portal,Medium,Summit Capital Partners 20,Corporate Pension,Standard,Mountain West,Wei Thomas,Ethan Roberts,true
AM-SR-002736,AM-CL-0015,E-0287,Reconciliation,2026-01-09,2026-01-10,Closed,3,1.85,false,Portal,Low,Northfield Teachers Retirement 15,Foundation,Key,Mountain West,Hannah Young,Emma Allen,true
AM-SR-002737,AM-CL-0056,E-0288,Performance Report,2026-05-08,2026-05-18,Closed,5,10.44,true,Email,High,Harbor Mutual Insurance 56,Endowment,Strategic,APAC,Grace Bailey,Mateo Collins,false
AM-SR-002738,AM-CL-0051,E-0272,Onboarding Document,2026-01-18,2026-01-23,Closed,7,5.06,false,Email,Low,Silverline Teachers Retirement 51,Insurance GA,Standard,EMEA,Nina Scott,Aisha Green,false
AM-SR-002739,AM-CL-0045,E-0269,Performance Report,2025-12-09,2025-12-12,Closed,5,3.99,false,Phone,Medium,Blue Ridge Teachers Retirement 45,Family Office,Strategic,Southeast,Maya Ashford,Noah Hall,false
AM-SR-002740,AM-CL-0104,E-0279,Performance Report,2025-11-15,2025-11-18,Closed,5,3.0,false,Email,Medium,Blue Ridge University Endowment 104,Sub-Advisory,Standard,Pacific,Owen Okafor,Ravi Campbell,false
AM-SR-002741,AM-CL-0013,E-0277,Compliance Attestation,2026-02-16,2026-03-04,Closed,10,16.81,true,Portal,Low,Meridian Teachers Retirement 13,Sovereign,Standard,Northeast,Leo King,Kenji White,false
AM-SR-002742,AM-CL-0053,E-0271,Fee Invoice Question,2026-01-23,2026-01-27,Closed,5,4.2,false,Email,Low,Granite Sovereign Fund 53,Family Office,Standard,Northeast,Iris Clark,Isabella Collins,false
AM-SR-002743,AM-CL-0032,E-0279,Data Feed Issue,2025-03-02,2025-03-04,Closed,2,2.8,true,Email,Low,Meridian Sovereign Fund 32,Corporate Pension,Standard,Mountain West,Priya Martinez,Ravi Campbell,false
AM-SR-002744,AM-CL-0072,E-0286,Cash Movement,2025-10-07,2025-10-07,Closed,1,0.94,false,Email,Medium,Blue Ridge Mutual Insurance 72,Foundation,Standard,Mountain West,Fatima Okafor,Daniel Nguyen,true
AM-SR-002745,AM-CL-0019,E-0283,Performance Report,2026-01-24,2026-01-27,Closed,5,3.69,false,Email,Low,Northfield Employees Pension 19,Family Office,Key,Southeast,Iris Kim,Victor Chen,false
AM-SR-002746,AM-CL-0130,E-0273,Data Feed Issue,2025-11-12,2025-11-13,Closed,2,1.27,false,Portal,Low,Lakeshore University Endowment 130,Public Pension,Key,Northeast,Owen Okafor,Samuel Wright,false
AM-SR-002747,AM-CL-0093,E-0275,Performance Report,2026-08-15,2026-08-21,Closed,5,6.75,true,Email,High,Harbor Community Foundation 93,Corporate Pension,Strategic,Southeast,Maya Ashford,Daniel Allen,false
AM-SR-002748,AM-CL-0048,E-0284,Reconciliation,2024-12-09,2024-12-10,Closed,3,1.2,false,Email,High,Lakeshore Community Foundation 48,Family Office,Strategic,Mountain West,Grace Martinez,Iris Thomas,false
AM-SR-002749,AM-CL-0082,E-0275,Performance Report,2026-08-29,2026-08-31,Closed,5,2.46,false,Email,Low,Harbor Sovereign Fund 82,Foundation,Key,APAC,Iris Allen,Daniel Allen,false
AM-SR-002750,AM-CL-0135,E-0287,Data Feed Issue,2025-07-02,2025-07-05,Closed,2,3.5,true,Portal,High,Meridian Capital Partners 135,Public Pension,Standard,Southeast,Tom Silva,Emma Allen,true
AM-SR-002751,AM-CL-0126,E-0270,Performance Report,2025-02-18,2025-02-22,Closed,5,4.23,false,Portal,Medium,Northfield Employees Pension 126,Family Office,Strategic,Pacific,Noah Carter,Sara Kim,false
AM-SR-002752,AM-CL-0001,E-0279,Onboarding Document,2024-09-06,2024-09-08,Closed,7,2.66,false,Email,Medium,Lakeshore Employees Pension 1,Sub-Advisory,Strategic,Pacific,Wei Thomas,Ravi Campbell,false
AM-SR-002753,AM-CL-0055,E-0268,Performance Report,2026-06-14,2026-06-16,Closed,5,2.47,false,Email,Medium,Granite Teachers Retirement 55,Sub-Advisory,Key,Northeast,Fatima Patel,Rosa Nguyen,false
AM-SR-002754,AM-CL-0014,E-0288,Reconciliation,2025-09-22,2025-09-24,Closed,3,2.88,false,Email,Medium,Granite Mutual Insurance 14,Corporate Pension,Standard,APAC,Fatima Okafor,Mateo Collins,false
AM-SR-002755,AM-CL-0043,E-0267,Fee Invoice Question,2025-03-04,2025-03-14,Closed,5,10.61,true,Email,Low,Lakeshore Community Foundation 43,Family Office,Key,Pacific,Rosa Miller,Felix Stewart,false
AM-SR-002756,AM-CL-0008,E-0279,Fee Invoice Question,2026-06-28,2026-06-29,Closed,5,1.96,false,Portal,Medium,Granite Community Foundation 8,Insurance GA,Standard,Mountain West,Luis Silva,Ravi Campbell,false
AM-SR-002757,AM-CL-0093,E-0275,Fee Invoice Question,2025-07-12,2025-07-16,Closed,5,4.01,false,Portal,High,Harbor Community Foundation 93,Corporate Pension,Strategic,Southeast,Maya Ashford,Daniel Allen,true
AM-SR-002758,AM-CL-0004,E-0272,Data Feed Issue,2026-07-30,2026-07-31,Closed,2,1.06,false,Email,Medium,Lakeshore Teachers Retirement 4,Sub-Advisory,Key,EMEA,Julian Collins,Aisha Green,false
AM-SR-002759,AM-CL-0094,E-0271,Reconciliation,2025-01-29,2025-01-30,Closed,3,1.7,false,Portal,Medium,Granite Capital Partners 94,Family Office,Standard,Pacific,Luis Ashford,Isabella Collins,false
AM-SR-002760,AM-CL-0067,E-0275,Performance Report,2024-12-29,2025-01-12,Closed,5,14.74,true,Email,Medium,Silverline Employees Pension 67,Public Pension,Key,Midwest,Leo King,Daniel Allen,false
AM-SR-002761,AM-CL-0101,E-0289,Performance Report,2026-03-26,2026-04-04,Closed,5,9.95,true,Portal,Low,Harbor University Endowment 101,Family Office,Key,Northeast,Luis Ashford,Victor Nguyen,false
AM-SR-002762,AM-CL-0032,E-0279,Reconciliation,2026-03-09,2026-03-11,Closed,3,2.18,false,Email,High,Meridian Sovereign Fund 32,Corporate Pension,Standard,Mountain West,Priya Martinez,Ravi Campbell,false
AM-SR-002763,AM-CL-0020,E-0266,Data Feed Issue,2026-03-03,2026-03-03,Closed,2,0.66,false,Portal,Low,Summit Capital Partners 20,Corporate Pension,Standard,Mountain West,Wei Thomas,Ethan Roberts,false
AM-SR-002764,AM-CL-0104,E-0279,Performance Report,2026-06-27,2026-06-29,Closed,5,2.49,false,Email,Medium,Blue Ridge University Endowment 104,Sub-Advisory,Standard,Pacific,Owen Okafor,Ravi Campbell,false
AM-SR-002765,AM-CL-0024,E-0282,Performance Report,2026-03-25,2026-03-28,Closed,5,3.94,false,Portal,High,Granite University Endowment 24,Foundation,Standard,Mountain West,Grace Bailey,Julian Adams,false
AM-SR-002766,AM-CL-0097,E-0289,Performance Report,2024-12-07,2024-12-11,Closed,5,4.57,false,Email,Medium,Summit Capital Partners 97,Corporate Pension,Standard,Northeast,Fatima Okafor,Victor Nguyen,false
AM-SR-002767,AM-CL-0037,E-0282,Fee Invoice Question,2026-01-19,2026-01-24,Closed,5,5.34,true,Portal,Low,Harbor Capital Partners 37,Foundation,Standard,APAC,Nina Scott,Julian Adams,false
AM-SR-002768,AM-CL-0112,E-0289,Compliance Attestation,2025-09-15,2025-09-24,Closed,10,9.87,false,Portal,Low,Northfield University Endowment 112,Endowment,Standard,APAC,Fatima Okafor,Victor Nguyen,false
AM-SR-002769,AM-CL-0072,E-0286,Cash Movement,2026-02-13,2026-02-14,Closed,1,1.43,true,Portal,Medium,Blue Ridge Mutual Insurance 72,Foundation,Standard,Mountain West,Fatima Okafor,Daniel Nguyen,false
AM-SR-002770,AM-CL-0073,E-0269,Fee Invoice Question,2025-04-12,2025-04-17,Closed,5,5.27,true,Portal,Medium,Ironwood Employees Pension 73,Sub-Advisory,Strategic,Southeast,Hannah Roberts,Noah Hall,true
AM-SR-002771,AM-CL-0106,E-0272,Performance Report,2025-02-27,2025-03-04,Closed,5,5.28,true,Portal,Medium,Silverline Sovereign Fund 106,Endowment,Strategic,Pacific,Mei Hall,Aisha Green,false
AM-SR-002772,AM-CL-0114,E-0278,Fee Invoice Question,2024-10-26,2024-10-27,Closed,5,1.82,false,Email,Low,Meridian Mutual Insurance 114,Family Office,Strategic,Midwest,Rosa Miller,Lauren Lopez,false
AM-SR-002773,AM-CL-0079,E-0270,Cash Movement,2026-03-08,2026-03-08,Closed,1,0.61,false,Email,Medium,Northfield Teachers Retirement 79,Foundation,Strategic,APAC,Luis Ashford,Sara Kim,false
AM-SR-002774,AM-CL-0082,E-0275,Data Feed Issue,2026-01-28,2026-01-30,Closed,2,2.25,true,Email,Low,Harbor Sovereign Fund 82,Foundation,Key,APAC,Iris Allen,Daniel Allen,false
AM-SR-002775,AM-CL-0038,E-0288,Onboarding Document,2026-07-18,2026-07-26,Closed,7,8.99,true,Portal,Low,Summit Capital Partners 38,Endowment,Standard,Mountain West,Sofia Bailey,Mateo Collins,false
AM-SR-002776,AM-CL-0105,E-0284,Fee Invoice Question,2026-01-09,2026-01-16,Closed,5,7.87,true,Email,Low,Northfield Community Foundation 105,Corporate Pension,Key,Midwest,Nina Scott,Iris Thomas,true
AM-SR-002777,AM-CL-0116,E-0272,Onboarding Document,2026-08-24,2026-08-28,Closed,7,4.91,false,Email,Medium,Silverline Sovereign Fund 116,Sub-Advisory,Key,Pacific,Iris Allen,Aisha Green,false
AM-SR-002778,AM-CL-0094,E-0271,Reconciliation,2025-03-29,2025-03-30,Closed,3,1.37,false,Portal,Low,Granite Capital Partners 94,Family Office,Standard,Pacific,Luis Ashford,Isabella Collins,false
AM-SR-002779,AM-CL-0055,E-0268,Onboarding Document,2026-05-02,2026-05-07,Closed,7,5.04,false,Portal,Medium,Granite Teachers Retirement 55,Sub-Advisory,Key,Northeast,Fatima Patel,Rosa Nguyen,false
AM-SR-002780,AM-CL-0045,E-0269,Performance Report,2025-05-17,2025-05-19,Closed,5,2.41,false,Email,Low,Blue Ridge Teachers Retirement 45,Family Office,Strategic,Southeast,Maya Ashford,Noah Hall,false
AM-SR-002781,AM-CL-0135,E-0287,Fee Invoice Question,2025-02-08,2025-02-09,Closed,5,1.99,false,Email,Low,Meridian Capital Partners 135,Public Pension,Standard,Southeast,Tom Silva,Emma Allen,false
AM-SR-002782,AM-CL-0101,E-0289,Reconciliation,2024-11-26,2024-11-28,Closed,3,2.38,false,Email,High,Harbor University Endowment 101,Family Office,Key,Northeast,Luis Ashford,Victor Nguyen,false
AM-SR-002783,AM-CL-0018,E-0266,Onboarding Document,2025-01-30,2025-02-03,Closed,7,4.24,false,Portal,Low,Meridian Mutual Insurance 18,Public Pension,Key,Pacific,Noah Carter,Ethan Roberts,false
AM-SR-002784,AM-CL-0137,E-0284,Performance Report,2025-08-04,2025-08-07,Closed,5,3.38,false,Email,Low,Northfield Sovereign Fund 137,Endowment,Strategic,Mountain West,Grace Bailey,Iris Thomas,false
AM-SR-002785,AM-CL-0096,E-0272,Cash Movement,2025-03-18,2025-03-18,Closed,1,0.83,false,Email,Low,Cascade Teachers Retirement 96,Endowment,Strategic,APAC,Grace Bailey,Aisha Green,false
AM-SR-002786,AM-CL-0029,E-0266,Cash Movement,2026-06-09,2026-06-10,Closed,1,1.2,true,Portal,Low,Granite Capital Partners 29,Sovereign,Key,Midwest,Iris Allen,Ethan Roberts,false
AM-SR-002787,AM-CL-0036,E-0267,Reconciliation,2025-04-13,2025-04-17,Closed,3,4.17,true,Email,Low,Harbor Teachers Retirement 36,Corporate Pension,Standard,APAC,Luis Silva,Felix Stewart,false
AM-SR-002788,AM-CL-0070,E-0282,Cash Movement,2025-02-12,2025-02-12,Closed,1,0.72,false,Email,High,Cascade Capital Partners 70,Public Pension,Strategic,EMEA,Noah Nelson,Julian Adams,false
AM-SR-002789,AM-CL-0045,E-0269,Onboarding Document,2025-02-26,2025-03-03,Closed,7,5.08,false,Email,High,Blue Ridge Teachers Retirement 45,Family Office,Strategic,Southeast,Maya Ashford,Noah Hall,false
AM-SR-002790,AM-CL-0061,E-0290,Fee Invoice Question,2025-01-05,2025-01-12,Closed,5,7.13,true,Portal,Low,Summit Sovereign Fund 61,Insurance GA,Key,Midwest,Iris Allen,Luis Ashford,true
AM-SR-002791,AM-CL-0008,E-0279,Data Feed Issue,2025-07-16,2025-07-17,Closed,2,1.95,false,Email,Medium,Granite Community Foundation 8,Insurance GA,Standard,Mountain West,Luis Silva,Ravi Campbell,false
AM-SR-002792,AM-CL-0090,E-0267,Performance Report,2025-08-03,2025-08-05,Closed,5,2.42,false,Portal,Low,Meridian University Endowment 90,Sovereign,Strategic,Midwest,Maya Ashford,Felix Stewart,false
AM-SR-002793,AM-CL-0061,E-0290,Reconciliation,2025-01-26,2025-01-27,Closed,3,1.59,false,Email,Medium,Summit Sovereign Fund 61,Insurance GA,Key,Midwest,Iris Allen,Luis Ashford,false
AM-SR-002794,AM-CL-0052,E-0285,Performance Report,2025-03-21,2025-03-23,Closed,5,2.42,false,Email,Medium,Lakeshore Mutual Insurance 52,Family Office,Key,Mountain West,Tom Silva,Aisha Ashford,false
AM-SR-002795,AM-CL-0016,E-0269,Performance Report,2024-09-14,2024-09-16,Closed,5,2.43,false,Email,Medium,Ironwood Sovereign Fund 16,Sovereign,Key,Pacific,Maya Ashford,Noah Hall,false
AM-SR-002796,AM-CL-0132,E-0273,Performance Report,2025-12-24,2025-12-29,Closed,5,5.83,true,Email,Low,Blue Ridge Teachers Retirement 132,Sovereign,Standard,APAC,Fatima Patel,Samuel Wright,false
AM-SR-002797,AM-CL-0045,E-0269,Fee Invoice Question,2026-06-12,2026-06-15,Closed,5,3.83,false,Portal,Medium,Blue Ridge Teachers Retirement 45,Family Office,Strategic,Southeast,Maya Ashford,Noah Hall,false
AM-SR-002798,AM-CL-0038,E-0288,Cash Movement,2025-07-20,2025-07-20,Closed,1,0.39,false,Email,Medium,Summit Capital Partners 38,Endowment,Standard,Mountain West,Sofia Bailey,Mateo Collins,false
AM-SR-002799,AM-CL-0056,E-0288,Reconciliation,2025-05-14,2025-05-15,Closed,3,1.97,false,Email,Low,Harbor Mutual Insurance 56,Endowment,Strategic,APAC,Grace Bailey,Mateo Collins,false
AM-SR-002800,AM-CL-0043,E-0267,Reconciliation,2026-02-04,2026-02-08,Closed,3,4.3,true,Email,Low,Lakeshore Community Foundation 43,Family Office,Key,Pacific,Rosa Miller,Felix Stewart,false
AM-SR-002801,AM-CL-0064,E-0274,Reconciliation,2025-02-26,2025-02-28,Closed,3,2.61,false,Portal,Low,Granite Mutual Insurance 64,Sub-Advisory,Standard,Midwest,Layla Carter,Hannah Young,false
AM-SR-002802,AM-CL-0100,E-0284,Performance Report,2024-12-12,2024-12-14,Closed,5,2.55,false,Email,Medium,Harbor Mutual Insurance 100,Sub-Advisory,Key,EMEA,Luis Ashford,Iris Thomas,false
AM-SR-002803,AM-CL-0063,E-0284,Compliance Attestation,2025-06-07,2025-06-16,Closed,10,9.62,false,Email,Medium,Cascade Employees Pension 63,Sovereign,Key,Mountain West,Fatima Patel,Iris Thomas,false
AM-SR-002804,AM-CL-0111,E-0270,Performance Report,2025-03-24,2025-03-28,Closed,5,4.51,false,Portal,Low,Blue Ridge University Endowment 111,Sovereign,Strategic,Pacific,Iris Allen,Sara Kim,false
AM-SR-002805,AM-CL-0085,E-0267,Reconciliation,2026-03-07,2026-03-14,Closed,3,7.46,true,Email,Medium,Summit Community Foundation 85,Sub-Advisory,Standard,Pacific,Luis Ashford,Felix Stewart,false
AM-SR-002806,AM-CL-0105,E-0284,Performance Report,2026-01-17,2026-01-19,Closed,5,2.83,false,Email,High,Northfield Community Foundation 105,Corporate Pension,Key,Midwest,Nina Scott,Iris Thomas,false
AM-SR-002807,AM-CL-0004,E-0272,Data Feed Issue,2026-07-16,2026-07-18,Closed,2,2.08,true,Portal,Low,Lakeshore Teachers Retirement 4,Sub-Advisory,Key,EMEA,Julian Collins,Aisha Green,false
AM-SR-002808,AM-CL-0032,E-0279,Reconciliation,2025-01-09,2025-01-15,Closed,3,6.2,true,Phone,Low,Meridian Sovereign Fund 32,Corporate Pension,Standard,Mountain West,Priya Martinez,Ravi Campbell,true
AM-SR-002809,AM-CL-0011,E-0271,Performance Report,2025-05-14,2025-05-18,Closed,5,4.13,false,Email,Low,Lakeshore Community Foundation 11,Corporate Pension,Key,Midwest,Julian Collins,Isabella Collins,false
AM-SR-002810,AM-CL-0090,E-0267,Reconciliation,2026-07-17,2026-07-17,Closed,3,0.66,false,Portal,Low,Meridian University Endowment 90,Sovereign,Strategic,Midwest,Maya Ashford,Felix Stewart,false
AM-SR-002811,AM-CL-0062,E-0278,Onboarding Document,2025-10-04,2025-10-14,Closed,7,10.82,true,Email,High,Northfield Teachers Retirement 62,Corporate Pension,Standard,Midwest,Owen Okafor,Lauren Lopez,true
AM-SR-002812,AM-CL-0097,E-0289,Onboarding Document,2026-07-30,2026-08-05,Closed,7,6.13,false,Email,Medium,Summit Capital Partners 97,Corporate Pension,Standard,Northeast,Fatima Okafor,Victor Nguyen,false
AM-SR-002813,AM-CL-0121,E-0285,Fee Invoice Question,2025-01-23,2025-01-26,Closed,5,3.26,false,Portal,Low,Meridian Capital Partners 121,Corporate Pension,Standard,Northeast,Iris Allen,Aisha Ashford,false
AM-SR-002814,AM-CL-0105,E-0284,Reconciliation,2026-04-17,2026-04-19,Closed,3,2.41,false,Portal,Medium,Northfield Community Foundation 105,Corporate Pension,Key,Midwest,Nina Scott,Iris Thomas,false
AM-SR-002815,AM-CL-0092,E-0284,Fee Invoice Question,2026-07-06,2026-07-19,Closed,5,13.36,true,Portal,Medium,Meridian Capital Partners 92,Public Pension,Key,Northeast,Noah Carter,Iris Thomas,true
AM-SR-002816,AM-CL-0136,E-0287,Fee Invoice Question,2024-10-31,2024-11-05,Closed,5,5.94,true,Portal,Medium,Summit University Endowment 136,Insurance GA,Key,APAC,Owen Okafor,Emma Allen,false
AM-SR-002817,AM-CL-0110,E-0286,Reconciliation,2026-03-27,2026-03-28,Closed,3,1.63,false,Email,Low,Summit Community Foundation 110,Public Pension,Standard,Northeast,Grace Martinez,Daniel Nguyen,false
AM-SR-002818,AM-CL-0042,E-0286,Cash Movement,2026-08-05,2026-08-05,Closed,1,0.82,false,Email,Low,Blue Ridge Teachers Retirement 42,Public Pension,Standard,Mountain West,Layla Carter,Daniel Nguyen,false
AM-SR-002819,AM-CL-0089,E-0280,Onboarding Document,2024-12-16,2024-12-21,Closed,7,5.2,false,Portal,Medium,Blue Ridge Community Foundation 89,Endowment,Standard,Midwest,Tom Silva,Mateo Harris,false
AM-SR-002820,AM-CL-0005,E-0277,Fee Invoice Question,2024-11-07,2024-11-11,Closed,5,4.94,false,Email,Low,Blue Ridge Capital Partners 5,Sub-Advisory,Key,APAC,Rosa Miller,Kenji White,false
AM-SR-002821,AM-CL-0023,E-0285,Reconciliation,2025-06-18,2025-06-23,Closed,3,5.04,true,Portal,Medium,Harbor Community Foundation 23,Public Pension,Key,Midwest,Sofia Bailey,Aisha Ashford,false
AM-SR-002822,AM-CL-0088,E-0271,Cash Movement,2025-02-21,2025-02-22,Closed,1,1.71,true,Email,Low,Northfield Mutual Insurance 88,Sub-Advisory,Key,Midwest,Fatima Okafor,Isabella Collins,false
AM-SR-002823,AM-CL-0029,E-0266,Performance Report,2025-02-04,2025-02-09,Closed,5,5.75,true,Portal,Medium,Granite Capital Partners 29,Sovereign,Key,Midwest,Iris Allen,Ethan Roberts,false
AM-SR-002824,AM-CL-0103,E-0289,Cash Movement,2025-04-15,2025-04-16,Closed,1,1.37,true,Email,Medium,Blue Ridge University Endowment 103,Foundation,Standard,Midwest,Julian Collins,Victor Nguyen,false
AM-SR-002825,AM-CL-0034,E-0271,Data Feed Issue,2025-05-08,2025-05-10,Closed,2,2.51,true,Phone,Low,Cascade Employees Pension 34,Insurance GA,Standard,Mountain West,Mei Hall,Isabella Collins,false
AM-SR-002826,AM-CL-0133,E-0275,Fee Invoice Question,2025-04-01,2025-04-03,Closed,5,2.46,false,Email,Medium,Granite University Endowment 133,Insurance GA,Standard,Northeast,Luis Silva,Daniel Allen,true
AM-SR-002827,AM-CL-0030,E-0275,Data Feed Issue,2025-08-08,2025-08-08,Closed,2,0.84,false,Portal,Medium,Meridian Capital Partners 30,Family Office,Standard,Southeast,Sofia Bailey,Daniel Allen,false
AM-SR-002828,AM-CL-0036,E-0267,Data Feed Issue,2025-06-20,2025-06-20,Closed,2,0.98,false,Portal,Medium,Harbor Teachers Retirement 36,Corporate Pension,Standard,APAC,Luis Silva,Felix Stewart,false
AM-SR-002829,AM-CL-0003,E-0280,Reconciliation,2024-09-01,2024-09-02,Closed,3,1.52,false,Email,Low,Blue Ridge Mutual Insurance 3,Foundation,Strategic,EMEA,Grace Martinez,Mateo Harris,false
AM-SR-002830,AM-CL-0079,E-0270,Performance Report,2026-02-12,2026-02-16,Closed,5,4.08,false,Portal,High,Northfield Teachers Retirement 79,Foundation,Strategic,APAC,Luis Ashford,Sara Kim,false
AM-SR-002831,AM-CL-0057,E-0281,Onboarding Document,2025-04-30,2025-05-10,Closed,7,10.21,true,Email,Medium,Lakeshore University Endowment 57,Sovereign,Standard,Mountain West,Luis Silva,Sofia Campbell,false
AM-SR-002832,AM-CL-0100,E-0284,Onboarding Document,2024-12-05,2024-12-11,Closed,7,6.05,false,Portal,Low,Harbor Mutual Insurance 100,Sub-Advisory,Key,EMEA,Luis Ashford,Iris Thomas,false
AM-SR-002833,AM-CL-0079,E-0270,Cash Movement,2026-05-24,2026-05-24,Closed,1,0.8,false,Email,Medium,Northfield Teachers Retirement 79,Foundation,Strategic,APAC,Luis Ashford,Sara Kim,false
AM-SR-002834,AM-CL-0035,E-0267,Cash Movement,2024-11-07,2024-11-07,Closed,1,0.95,false,Email,High,Harbor Capital Partners 35,Endowment,Strategic,Southeast,Iris Kim,Felix Stewart,false
AM-SR-002835,AM-CL-0030,E-0275,Reconciliation,2026-03-21,2026-03-22,Closed,3,1.57,false,Email,High,Meridian Capital Partners 30,Family Office,Standard,Southeast,Sofia Bailey,Daniel Allen,false
AM-SR-002836,AM-CL-0089,E-0280,Onboarding Document,2025-07-11,2025-07-14,Closed,7,3.81,false,Email,Low,Blue Ridge Community Foundation 89,Endowment,Standard,Midwest,Tom Silva,Mateo Harris,true
AM-SR-002837,AM-CL-0083,E-0287,Performance Report,2026-04-03,2026-04-08,Closed,5,5.42,true,Portal,Medium,Northfield Sovereign Fund 83,Public Pension,Strategic,APAC,Iris Allen,Emma Allen,true
AM-SR-002838,AM-CL-0039,E-0275,Cash Movement,2025-05-06,2025-05-07,Closed,1,1.42,true,Email,Medium,Blue Ridge Mutual Insurance 39,Foundation,Key,APAC,Iris Clark,Daniel Allen,false
AM-SR-002839,AM-CL-0026,E-0266,Performance Report,2025-12-25,2025-12-27,Closed,5,2.53,false,Email,Low,Summit Teachers Retirement 26,Foundation,Standard,Northeast,Layla Carter,Ethan Roberts,false
AM-SR-002840,AM-CL-0063,E-0284,Performance Report,2025-09-04,2025-09-07,Closed,5,3.1,false,Phone,High,Cascade Employees Pension 63,Sovereign,Key,Mountain West,Fatima Patel,Iris Thomas,false
AM-SR-002841,AM-CL-0049,E-0289,Performance Report,2025-02-10,2025-02-12,Closed,5,2.24,false,Portal,Medium,Lakeshore Sovereign Fund 49,Sub-Advisory,Key,Mountain West,Priya Martinez,Victor Nguyen,false
AM-SR-002842,AM-CL-0034,E-0271,Performance Report,2026-07-25,2026-07-29,Closed,5,4.36,false,Portal,Low,Cascade Employees Pension 34,Insurance GA,Standard,Mountain West,Mei Hall,Isabella Collins,false
AM-SR-002843,AM-CL-0047,E-0266,Compliance Attestation,2025-04-05,2025-04-19,Closed,10,14.68,true,Portal,Medium,Granite Sovereign Fund 47,Endowment,Standard,Mountain West,Noah Nelson,Ethan Roberts,true
AM-SR-002844,AM-CL-0082,E-0275,Reconciliation,2025-01-19,2025-01-21,Closed,3,2.16,false,Portal,Medium,Harbor Sovereign Fund 82,Foundation,Key,APAC,Iris Allen,Daniel Allen,false
AM-SR-002845,AM-CL-0110,E-0286,Fee Invoice Question,2025-03-26,2025-03-28,Closed,5,2.86,false,Email,Medium,Summit Community Foundation 110,Public Pension,Standard,Northeast,Grace Martinez,Daniel Nguyen,false
AM-SR-002846,AM-CL-0047,E-0266,Cash Movement,2025-04-30,2025-04-30,Closed,1,0.52,false,Portal,High,Granite Sovereign Fund 47,Endowment,Standard,Mountain West,Noah Nelson,Ethan Roberts,false
AM-SR-002847,AM-CL-0035,E-0267,Reconciliation,2024-12-18,2024-12-20,Closed,3,2.16,false,Email,Medium,Harbor Capital Partners 35,Endowment,Strategic,Southeast,Iris Kim,Felix Stewart,false
AM-SR-002848,AM-CL-0094,E-0271,Performance Report,2025-06-01,2025-06-03,Closed,5,2.09,false,Portal,Medium,Granite Capital Partners 94,Family Office,Standard,Pacific,Luis Ashford,Isabella Collins,false
AM-SR-002849,AM-CL-0095,E-0280,Reconciliation,2025-01-18,2025-01-21,Closed,3,3.38,true,Portal,Low,Ironwood Sovereign Fund 95,Sub-Advisory,Standard,Southeast,Wei Thomas,Mateo Harris,false
AM-SR-002850,AM-CL-0138,E-0271,Reconciliation,2026-05-24,2026-05-28,Closed,3,4.39,true,Portal,High,Cascade Employees Pension 138,Endowment,Strategic,APAC,Tom Silva,Isabella Collins,false
AM-SR-002851,AM-CL-0097,E-0289,Compliance Attestation,2025-11-22,2025-12-03,Closed,10,11.21,true,Email,Medium,Summit Capital Partners 97,Corporate Pension,Standard,Northeast,Fatima Okafor,Victor Nguyen,false
AM-SR-002852,AM-CL-0083,E-0287,Performance Report,2026-07-06,2026-07-08,Closed,5,2.24,false,Email,Low,Northfield Sovereign Fund 83,Public Pension,Strategic,APAC,Iris Allen,Emma Allen,true
AM-SR-002853,AM-CL-0068,E-0283,Reconciliation,2025-03-07,2025-03-09,Closed,3,2.75,false,Portal,Low,Northfield Employees Pension 68,Foundation,Strategic,Midwest,Noah Carter,Victor Chen,false
AM-SR-002854,AM-CL-0066,E-0278,Reconciliation,2025-07-18,2025-07-18,Closed,3,0.84,false,Email,Low,Cascade Mutual Insurance 66,Family Office,Strategic,Midwest,Luis Silva,Lauren Lopez,false
AM-SR-002855,AM-CL-0022,E-0273,Reconciliation,2025-07-24,2025-07-26,Closed,3,2.01,false,Portal,Medium,Northfield Mutual Insurance 22,Foundation,Key,EMEA,Iris Allen,Samuel Wright,false
AM-SR-002856,AM-CL-0080,E-0275,Performance Report,2025-04-21,2025-04-23,Closed,5,2.69,false,Email,High,Harbor Teachers Retirement 80,Insurance GA,Standard,Pacific,Layla Carter,Daniel Allen,false
AM-SR-002857,AM-CL-0030,E-0275,Performance Report,2025-01-14,2025-01-17,Closed,5,3.75,false,Email,Low,Meridian Capital Partners 30,Family Office,Standard,Southeast,Sofia Bailey,Daniel Allen,false
AM-SR-002858,AM-CL-0073,E-0269,Data Feed Issue,2026-04-22,2026-04-23,Closed,2,1.65,false,Portal,Low,Ironwood Employees Pension 73,Sub-Advisory,Strategic,Southeast,Hannah Roberts,Noah Hall,false
AM-SR-002859,AM-CL-0038,E-0288,Cash Movement,2026-03-26,2026-03-26,Closed,1,0.23,false,Phone,Medium,Summit Capital Partners 38,Endowment,Standard,Mountain West,Sofia Bailey,Mateo Collins,false
AM-SR-002860,AM-CL-0091,E-0285,Performance Report,2024-10-30,2024-11-03,Closed,5,4.97,false,Portal,Medium,Northfield University Endowment 91,Insurance GA,Standard,Mountain West,Owen Okafor,Aisha Ashford,false
AM-SR-002861,AM-CL-0001,E-0279,Onboarding Document,2026-06-01,2026-06-06,Closed,7,5.18,false,Portal,Medium,Lakeshore Employees Pension 1,Sub-Advisory,Strategic,Pacific,Wei Thomas,Ravi Campbell,false
AM-SR-002862,AM-CL-0026,E-0266,Reconciliation,2025-08-29,2025-08-31,Closed,3,2.03,false,Portal,High,Summit Teachers Retirement 26,Foundation,Standard,Northeast,Layla Carter,Ethan Roberts,false
AM-SR-002863,AM-CL-0073,E-0269,Cash Movement,2025-03-26,2025-03-28,Closed,1,2.55,true,Email,Low,Ironwood Employees Pension 73,Sub-Advisory,Strategic,Southeast,Hannah Roberts,Noah Hall,false
AM-SR-002864,AM-CL-0062,E-0278,Performance Report,2025-12-10,2025-12-11,Closed,5,1.76,false,Email,Low,Northfield Teachers Retirement 62,Corporate Pension,Standard,Midwest,Owen Okafor,Lauren Lopez,false
AM-SR-002865,AM-CL-0090,E-0267,Onboarding Document,2026-04-15,2026-04-24,Closed,7,9.38,true,Email,Medium,Meridian University Endowment 90,Sovereign,Strategic,Midwest,Maya Ashford,Felix Stewart,false
AM-SR-002866,AM-CL-0005,E-0277,Reconciliation,2025-03-17,2025-03-18,Closed,3,1.89,false,Email,High,Blue Ridge Capital Partners 5,Sub-Advisory,Key,APAC,Rosa Miller,Kenji White,false
AM-SR-002867,AM-CL-0069,E-0274,Cash Movement,2024-09-19,2024-09-21,Closed,1,2.34,true,Portal,Low,Northfield Community Foundation 69,Family Office,Standard,Southeast,Hannah Roberts,Hannah Young,false
AM-SR-002868,AM-CL-0135,E-0287,Reconciliation,2025-01-16,2025-01-17,Closed,3,1.58,false,Email,Low,Meridian Capital Partners 135,Public Pension,Standard,Southeast,Tom Silva,Emma Allen,false
AM-SR-002869,AM-CL-0140,E-0272,Reconciliation,2025-03-25,2025-03-28,Closed,3,3.88,true,Phone,Low,Lakeshore Teachers Retirement 140,Foundation,Key,Midwest,Wei Thomas,Aisha Green,false
AM-SR-002870,AM-CL-0085,E-0267,Fee Invoice Question,2026-07-21,2026-07-23,Closed,5,2.2,false,Portal,Medium,Summit Community Foundation 85,Sub-Advisory,Standard,Pacific,Luis Ashford,Felix Stewart,false
AM-SR-002871,AM-CL-0050,E-0276,Cash Movement,2024-12-18,2024-12-18,Closed,1,0.42,false,Email,Medium,Harbor Community Foundation 50,Endowment,Standard,Pacific,Hannah Roberts,Felix Edwards,false
AM-SR-002872,AM-CL-0027,E-0271,Performance Report,2026-02-12,2026-02-17,Closed,5,5.77,true,Portal,Medium,Northfield Teachers Retirement 27,Sovereign,Key,Mountain West,Hannah Roberts,Isabella Collins,false
AM-SR-002873,AM-CL-0055,E-0268,Performance Report,2024-09-10,2024-09-12,Closed,5,2.85,false,Email,High,Granite Teachers Retirement 55,Sub-Advisory,Key,Northeast,Fatima Patel,Rosa Nguyen,false
AM-SR-002874,AM-CL-0103,E-0289,Performance Report,2025-08-12,2025-08-16,Closed,5,4.3,false,Email,High,Blue Ridge University Endowment 103,Foundation,Standard,Midwest,Julian Collins,Victor Nguyen,false
AM-SR-002875,AM-CL-0101,E-0289,Reconciliation,2025-03-19,2025-03-20,Closed,3,1.88,false,Portal,Low,Harbor University Endowment 101,Family Office,Key,Northeast,Luis Ashford,Victor Nguyen,false
AM-SR-002876,AM-CL-0103,E-0289,Reconciliation,2026-06-02,2026-06-03,Closed,3,1.78,false,Portal,Medium,Blue Ridge University Endowment 103,Foundation,Standard,Midwest,Julian Collins,Victor Nguyen,false
AM-SR-002877,AM-CL-0088,E-0271,Compliance Attestation,2025-03-30,2025-04-09,Closed,10,10.99,true,Email,Medium,Northfield Mutual Insurance 88,Sub-Advisory,Key,Midwest,Fatima Okafor,Isabella Collins,false
AM-SR-002878,AM-CL-0132,E-0273,Compliance Attestation,2026-02-17,2026-02-19,Closed,10,2.35,false,Portal,Low,Blue Ridge Teachers Retirement 132,Sovereign,Standard,APAC,Fatima Patel,Samuel Wright,false
AM-SR-002879,AM-CL-0138,E-0271,Reconciliation,2026-01-17,2026-01-17,Closed,3,0.63,false,Phone,Low,Cascade Employees Pension 138,Endowment,Strategic,APAC,Tom Silva,Isabella Collins,false
AM-SR-002880,AM-CL-0090,E-0267,Compliance Attestation,2025-11-07,2025-11-12,Closed,10,5.68,false,Email,Low,Meridian University Endowment 90,Sovereign,Strategic,Midwest,Maya Ashford,Felix Stewart,false
AM-SR-002881,AM-CL-0103,E-0289,Reconciliation,2025-07-25,2025-07-27,Closed,3,2.23,false,Email,Medium,Blue Ridge University Endowment 103,Foundation,Standard,Midwest,Julian Collins,Victor Nguyen,false
AM-SR-002882,AM-CL-0064,E-0274,Performance Report,2025-06-07,2025-06-09,Closed,5,2.82,false,Email,Medium,Granite Mutual Insurance 64,Sub-Advisory,Standard,Midwest,Layla Carter,Hannah Young,false
AM-SR-002883,AM-CL-0039,E-0275,Onboarding Document,2025-12-05,2025-12-09,Closed,7,4.28,false,Portal,Medium,Blue Ridge Mutual Insurance 39,Foundation,Key,APAC,Iris Clark,Daniel Allen,false
AM-SR-002884,AM-CL-0031,E-0276,Cash Movement,2025-02-17,2025-02-17,Closed,1,0.55,false,Phone,Medium,Blue Ridge Employees Pension 31,Sub-Advisory,Standard,Southeast,Owen Okafor,Felix Edwards,false
AM-SR-002885,AM-CL-0120,E-0279,Reconciliation,2024-11-07,2024-11-08,Closed,3,1.73,false,Portal,Medium,Ironwood Capital Partners 120,Foundation,Standard,Pacific,Owen Okafor,Ravi Campbell,false
AM-SR-002886,AM-CL-0059,E-0273,Reconciliation,2026-04-09,2026-04-20,Closed,3,11.27,true,Email,Medium,Lakeshore Teachers Retirement 59,Endowment,Strategic,Midwest,Nina Scott,Samuel Wright,true
AM-SR-002887,AM-CL-0043,E-0267,Onboarding Document,2026-08-18,2026-08-22,Closed,7,4.55,false,Portal,Low,Lakeshore Community Foundation 43,Family Office,Key,Pacific,Rosa Miller,Felix Stewart,false
AM-SR-002888,AM-CL-0053,E-0271,Fee Invoice Question,2025-11-01,2025-11-07,Closed,5,6.14,true,Email,Medium,Granite Sovereign Fund 53,Family Office,Standard,Northeast,Iris Clark,Isabella Collins,false
AM-SR-002889,AM-CL-0001,E-0279,Performance Report,2025-11-21,2025-11-23,Closed,5,2.05,false,Email,Medium,Lakeshore Employees Pension 1,Sub-Advisory,Strategic,Pacific,Wei Thomas,Ravi Campbell,false
AM-SR-002890,AM-CL-0126,E-0270,Cash Movement,2025-01-24,2025-01-24,Closed,1,0.42,false,Portal,High,Northfield Employees Pension 126,Family Office,Strategic,Pacific,Noah Carter,Sara Kim,false
AM-SR-002891,AM-CL-0053,E-0271,Performance Report,2026-01-14,2026-01-17,Closed,5,3.58,false,Portal,Medium,Granite Sovereign Fund 53,Family Office,Standard,Northeast,Iris Clark,Isabella Collins,false
AM-SR-002892,AM-CL-0043,E-0267,Performance Report,2025-06-16,2025-06-19,Closed,5,3.78,false,Email,Low,Lakeshore Community Foundation 43,Family Office,Key,Pacific,Rosa Miller,Felix Stewart,false
AM-SR-002893,AM-CL-0007,E-0280,Data Feed Issue,2026-01-31,2026-01-31,Closed,2,0.61,false,Email,Medium,Ironwood Teachers Retirement 7,Insurance GA,Standard,Midwest,Fatima Okafor,Mateo Harris,false
AM-SR-002894,AM-CL-0026,E-0266,Reconciliation,2026-05-02,2026-05-03,Closed,3,1.71,false,Email,Medium,Summit Teachers Retirement 26,Foundation,Standard,Northeast,Layla Carter,Ethan Roberts,false
AM-SR-002895,AM-CL-0085,E-0267,Compliance Attestation,2026-04-17,2026-05-06,Closed,10,19.63,true,Email,Medium,Summit Community Foundation 85,Sub-Advisory,Standard,Pacific,Luis Ashford,Felix Stewart,false
AM-SR-002896,AM-CL-0063,E-0284,Performance Report,2025-04-22,2025-04-25,Closed,5,3.33,false,Email,High,Cascade Employees Pension 63,Sovereign,Key,Mountain West,Fatima Patel,Iris Thomas,false
AM-SR-002897,AM-CL-0055,E-0268,Performance Report,2025-06-16,2025-06-26,Closed,5,10.21,true,Portal,Medium,Granite Teachers Retirement 55,Sub-Advisory,Key,Northeast,Fatima Patel,Rosa Nguyen,false
AM-SR-002898,AM-CL-0126,E-0270,Fee Invoice Question,2025-05-01,2025-05-05,Closed,5,4.24,false,Portal,Low,Northfield Employees Pension 126,Family Office,Strategic,Pacific,Noah Carter,Sara Kim,false
AM-SR-002899,AM-CL-0102,E-0277,Fee Invoice Question,2025-02-06,2025-02-07,Closed,5,1.75,false,Email,Medium,Granite Community Foundation 102,Endowment,Strategic,APAC,Noah Nelson,Kenji White,false
AM-SR-002900,AM-CL-0014,E-0288,Reconciliation,2025-04-24,2025-04-24,Closed,3,1.0,false,Portal,Low,Granite Mutual Insurance 14,Corporate Pension,Standard,APAC,Fatima Okafor,Mateo Collins,false
AM-SR-002901,AM-CL-0014,E-0288,Performance Report,2024-09-11,2024-09-11,Closed,5,0.77,false,Email,High,Granite Mutual Insurance 14,Corporate Pension,Standard,APAC,Fatima Okafor,Mateo Collins,false
AM-SR-002902,AM-CL-0040,E-0268,Fee Invoice Question,2025-03-15,2025-03-24,Closed,5,9.35,true,Portal,Medium,Cascade Capital Partners 40,Corporate Pension,Key,EMEA,Luis Silva,Rosa Nguyen,false
AM-SR-002903,AM-CL-0068,E-0283,Performance Report,2024-11-22,2024-11-23,Closed,5,1.94,false,Email,Medium,Northfield Employees Pension 68,Foundation,Strategic,Midwest,Noah Carter,Victor Chen,false
AM-SR-002904,AM-CL-0107,E-0281,Reconciliation,2024-11-09,2024-11-09,Closed,3,0.91,false,Email,Medium,Harbor Teachers Retirement 107,Sub-Advisory,Key,Pacific,Priya Martinez,Sofia Campbell,false
AM-SR-002905,AM-CL-0140,E-0272,Reconciliation,2026-05-18,2026-05-21,Closed,3,3.36,true,Portal,Low,Lakeshore Teachers Retirement 140,Foundation,Key,Midwest,Wei Thomas,Aisha Green,false
AM-SR-002906,AM-CL-0097,E-0289,Onboarding Document,2026-06-27,2026-07-01,Closed,7,4.98,false,Portal,Low,Summit Capital Partners 97,Corporate Pension,Standard,Northeast,Fatima Okafor,Victor Nguyen,false
AM-SR-002907,AM-CL-0096,E-0272,Performance Report,2026-03-22,2026-03-24,Closed,5,2.83,false,Phone,Low,Cascade Teachers Retirement 96,Endowment,Strategic,APAC,Grace Bailey,Aisha Green,false
AM-SR-002908,AM-CL-0035,E-0267,Performance Report,2025-01-20,2025-01-24,Closed,5,4.13,false,Email,Low,Harbor Capital Partners 35,Endowment,Strategic,Southeast,Iris Kim,Felix Stewart,false
AM-SR-002909,AM-CL-0046,E-0270,Performance Report,2025-12-25,2025-12-28,Closed,5,3.56,false,Email,High,Summit University Endowment 46,Foundation,Standard,Pacific,Fatima Patel,Sara Kim,false
AM-SR-002910,AM-CL-0119,E-0285,Performance Report,2026-05-15,2026-05-17,Closed,5,2.62,false,Email,Medium,Harbor Sovereign Fund 119,Endowment,Key,Pacific,Hannah Roberts,Aisha Ashford,false
AM-SR-002911,AM-CL-0036,E-0267,Compliance Attestation,2024-11-09,2024-11-12,Closed,10,3.34,false,Email,Low,Harbor Teachers Retirement 36,Corporate Pension,Standard,APAC,Luis Silva,Felix Stewart,false
AM-SR-002912,AM-CL-0120,E-0279,Onboarding Document,2025-04-27,2025-04-30,Closed,7,3.52,false,Email,Medium,Ironwood Capital Partners 120,Foundation,Standard,Pacific,Owen Okafor,Ravi Campbell,false
AM-SR-002913,AM-CL-0014,E-0288,Reconciliation,2025-08-03,2025-08-04,Closed,3,1.02,false,Email,Medium,Granite Mutual Insurance 14,Corporate Pension,Standard,APAC,Fatima Okafor,Mateo Collins,false
AM-SR-002914,AM-CL-0137,E-0284,Reconciliation,2026-02-19,2026-02-21,Closed,3,2.93,false,Email,Low,Northfield Sovereign Fund 137,Endowment,Strategic,Mountain West,Grace Bailey,Iris Thomas,false
AM-SR-002915,AM-CL-0058,E-0280,Fee Invoice Question,2026-02-01,2026-02-04,Closed,5,3.71,false,Portal,Medium,Harbor Teachers Retirement 58,Sub-Advisory,Standard,APAC,Fatima Patel,Mateo Harris,false
AM-SR-002916,AM-CL-0117,E-0289,Reconciliation,2025-05-04,2025-05-08,Closed,3,4.52,true,Email,Medium,Lakeshore Teachers Retirement 117,Endowment,Standard,EMEA,Wei Thomas,Victor Nguyen,false
AM-SR-002917,AM-CL-0139,E-0266,Reconciliation,2026-02-26,2026-02-26,Closed,3,0.39,false,Portal,Low,Lakeshore Teachers Retirement 139,Foundation,Strategic,Mountain West,Fatima Okafor,Ethan Roberts,false
AM-SR-002918,AM-CL-0099,E-0279,Reconciliation,2025-05-11,2025-05-11,Closed,3,0.95,false,Email,Medium,Cascade Teachers Retirement 99,Foundation,Key,APAC,Hannah Young,Ravi Campbell,false
AM-SR-002919,AM-CL-0129,E-0273,Reconciliation,2025-06-24,2025-06-26,Closed,3,2.32,false,Portal,Low,Blue Ridge Mutual Insurance 129,Foundation,Key,Pacific,Luis Silva,Samuel Wright,false
AM-SR-002920,AM-CL-0012,E-0289,Fee Invoice Question,2026-08-08,2026-08-13,Closed,5,5.37,true,Portal,Low,Blue Ridge Community Foundation 12,Foundation,Strategic,Mountain West,Luis Silva,Victor Nguyen,false
AM-SR-002921,AM-CL-0102,E-0277,Performance Report,2024-11-18,2024-11-24,Closed,5,6.17,true,Portal,Medium,Granite Community Foundation 102,Endowment,Strategic,APAC,Noah Nelson,Kenji White,false
AM-SR-002922,AM-CL-0059,E-0273,Data Feed Issue,2024-11-30,2024-11-30,Closed,2,0.86,false,Email,Low,Lakeshore Teachers Retirement 59,Endowment,Strategic,Midwest,Nina Scott,Samuel Wright,false
AM-SR-002923,AM-CL-0107,E-0281,Onboarding Document,2024-12-15,2024-12-20,Closed,7,5.4,false,Email,Medium,Harbor Teachers Retirement 107,Sub-Advisory,Key,Pacific,Priya Martinez,Sofia Campbell,false
AM-SR-002924,AM-CL-0091,E-0285,Performance Report,2026-05-24,2026-06-21,Closed,5,28.25,true,Email,Low,Northfield University Endowment 91,Insurance GA,Standard,Mountain West,Owen Okafor,Aisha Ashford,false
AM-SR-002925,AM-CL-0126,E-0270,Performance Report,2026-03-03,2026-03-04,Closed,5,1.12,false,Email,Low,Northfield Employees Pension 126,Family Office,Strategic,Pacific,Noah Carter,Sara Kim,false
AM-SR-002926,AM-CL-0095,E-0280,Performance Report,2026-02-01,2026-02-05,Closed,5,4.68,false,Email,Medium,Ironwood Sovereign Fund 95,Sub-Advisory,Standard,Southeast,Wei Thomas,Mateo Harris,false
AM-SR-002927,AM-CL-0137,E-0284,Cash Movement,2025-02-21,2025-02-21,Closed,1,0.87,false,Phone,Medium,Northfield Sovereign Fund 137,Endowment,Strategic,Mountain West,Grace Bailey,Iris Thomas,false
AM-SR-002928,AM-CL-0029,E-0266,Reconciliation,2024-12-05,2024-12-05,Closed,3,0.76,false,Phone,Low,Granite Capital Partners 29,Sovereign,Key,Midwest,Iris Allen,Ethan Roberts,false
AM-SR-002929,AM-CL-0061,E-0290,Onboarding Document,2025-05-09,2025-05-10,Closed,7,1.9,false,Portal,High,Summit Sovereign Fund 61,Insurance GA,Key,Midwest,Iris Allen,Luis Ashford,false
AM-SR-002930,AM-CL-0078,E-0278,Performance Report,2025-04-27,2025-04-30,Closed,5,3.67,false,Phone,Low,Lakeshore Employees Pension 78,Insurance GA,Standard,EMEA,Julian Collins,Lauren Lopez,false
AM-SR-002931,AM-CL-0100,E-0284,Reconciliation,2025-08-09,2025-08-10,Closed,3,1.28,false,Phone,Low,Harbor Mutual Insurance 100,Sub-Advisory,Key,EMEA,Luis Ashford,Iris Thomas,false
AM-SR-002932,AM-CL-0013,E-0277,Performance Report,2025-12-16,2025-12-19,Closed,5,3.78,false,Portal,Low,Meridian Teachers Retirement 13,Sovereign,Standard,Northeast,Leo King,Kenji White,false
AM-SR-002933,AM-CL-0129,E-0273,Onboarding Document,2025-02-28,2025-03-04,Closed,7,4.17,false,Portal,Medium,Blue Ridge Mutual Insurance 129,Foundation,Key,Pacific,Luis Silva,Samuel Wright,false
AM-SR-002934,AM-CL-0052,E-0285,Data Feed Issue,2024-09-20,2024-09-20,Closed,2,0.64,false,Portal,Medium,Lakeshore Mutual Insurance 52,Family Office,Key,Mountain West,Tom Silva,Aisha Ashford,false
AM-SR-002935,AM-CL-0063,E-0284,Performance Report,2025-11-02,2025-11-05,Closed,5,3.65,false,Portal,Low,Cascade Employees Pension 63,Sovereign,Key,Mountain West,Fatima Patel,Iris Thomas,false
AM-SR-002936,AM-CL-0016,E-0269,Compliance Attestation,2026-07-11,2026-07-15,Closed,10,4.73,false,Email,Medium,Ironwood Sovereign Fund 16,Sovereign,Key,Pacific,Maya Ashford,Noah Hall,true
AM-SR-002937,AM-CL-0117,E-0289,Fee Invoice Question,2025-09-24,2025-09-25,Closed,5,1.87,false,Email,Medium,Lakeshore Teachers Retirement 117,Endowment,Standard,EMEA,Wei Thomas,Victor Nguyen,false
AM-SR-002938,AM-CL-0018,E-0266,Cash Movement,2026-08-10,2026-08-10,Closed,1,0.81,false,Portal,Low,Meridian Mutual Insurance 18,Public Pension,Key,Pacific,Noah Carter,Ethan Roberts,false
AM-SR-002939,AM-CL-0093,E-0275,Compliance Attestation,2025-09-12,2025-09-15,Closed,10,3.49,false,Email,Medium,Harbor Community Foundation 93,Corporate Pension,Strategic,Southeast,Maya Ashford,Daniel Allen,false
AM-SR-002940,AM-CL-0029,E-0266,Cash Movement,2025-09-17,2025-09-17,Closed,1,0.35,false,Portal,Low,Granite Capital Partners 29,Sovereign,Key,Midwest,Iris Allen,Ethan Roberts,false
AM-SR-002941,AM-CL-0082,E-0275,Data Feed Issue,2025-10-25,2025-10-27,Closed,2,2.96,true,Email,High,Harbor Sovereign Fund 82,Foundation,Key,APAC,Iris Allen,Daniel Allen,false
AM-SR-002942,AM-CL-0045,E-0269,Fee Invoice Question,2025-11-26,2025-11-28,Closed,5,2.4,false,Phone,High,Blue Ridge Teachers Retirement 45,Family Office,Strategic,Southeast,Maya Ashford,Noah Hall,false
AM-SR-002943,AM-CL-0090,E-0267,Cash Movement,2026-03-03,2026-03-04,Closed,1,1.65,true,Email,Medium,Meridian University Endowment 90,Sovereign,Strategic,Midwest,Maya Ashford,Felix Stewart,false
AM-SR-002944,AM-CL-0040,E-0268,Reconciliation,2025-05-01,2025-05-02,Closed,3,1.22,false,Phone,Low,Cascade Capital Partners 40,Corporate Pension,Key,EMEA,Luis Silva,Rosa Nguyen,false
AM-SR-002945,AM-CL-0034,E-0271,Reconciliation,2025-12-06,2025-12-06,Closed,3,0.93,false,Email,Low,Cascade Employees Pension 34,Insurance GA,Standard,Mountain West,Mei Hall,Isabella Collins,false
AM-SR-002946,AM-CL-0071,E-0279,Cash Movement,2025-01-17,2025-01-17,Closed,1,0.67,false,Portal,Medium,Ironwood Capital Partners 71,Insurance GA,Standard,Mountain West,Iris Allen,Ravi Campbell,false
AM-SR-002947,AM-CL-0137,E-0284,Onboarding Document,2025-05-17,2025-05-19,Closed,7,2.27,false,Email,High,Northfield Sovereign Fund 137,Endowment,Strategic,Mountain West,Grace Bailey,Iris Thomas,false
AM-SR-002948,AM-CL-0064,E-0274,Compliance Attestation,2025-12-10,2025-12-19,Closed,10,9.38,false,Portal,Low,Granite Mutual Insurance 64,Sub-Advisory,Standard,Midwest,Layla Carter,Hannah Young,false
AM-SR-002949,AM-CL-0001,E-0279,Data Feed Issue,2025-09-10,2025-09-12,Closed,2,2.14,true,Email,Medium,Lakeshore Employees Pension 1,Sub-Advisory,Strategic,Pacific,Wei Thomas,Ravi Campbell,false
AM-SR-002950,AM-CL-0036,E-0267,Cash Movement,2024-10-04,2024-10-04,Closed,1,0.7,false,Email,Medium,Harbor Teachers Retirement 36,Corporate Pension,Standard,APAC,Luis Silva,Felix Stewart,true
AM-SR-002951,AM-CL-0116,E-0272,Fee Invoice Question,2025-04-03,2025-04-07,Closed,5,4.85,false,Phone,High,Silverline Sovereign Fund 116,Sub-Advisory,Key,Pacific,Iris Allen,Aisha Green,true
AM-SR-002952,AM-CL-0139,E-0266,Data Feed Issue,2026-02-16,2026-02-19,Closed,2,3.32,true,Portal,Low,Lakeshore Teachers Retirement 139,Foundation,Strategic,Mountain West,Fatima Okafor,Ethan Roberts,false
AM-SR-002953,AM-CL-0055,E-0268,Reconciliation,2025-12-13,2025-12-14,Closed,3,1.81,false,Portal,Low,Granite Teachers Retirement 55,Sub-Advisory,Key,Northeast,Fatima Patel,Rosa Nguyen,false
AM-SR-002954,AM-CL-0007,E-0280,Performance Report,2025-03-28,2025-04-01,Closed,5,4.09,false,Email,Medium,Ironwood Teachers Retirement 7,Insurance GA,Standard,Midwest,Fatima Okafor,Mateo Harris,false
AM-SR-002955,AM-CL-0062,E-0278,Compliance Attestation,2026-07-18,2026-07-22,Closed,10,4.62,false,Email,Medium,Northfield Teachers Retirement 62,Corporate Pension,Standard,Midwest,Owen Okafor,Lauren Lopez,false
AM-SR-002956,AM-CL-0120,E-0279,Performance Report,2026-05-14,2026-05-17,Closed,5,3.55,false,Portal,High,Ironwood Capital Partners 120,Foundation,Standard,Pacific,Owen Okafor,Ravi Campbell,false
AM-SR-002957,AM-CL-0025,E-0287,Cash Movement,2024-09-09,2024-09-09,Closed,1,0.41,false,Portal,Medium,Summit Teachers Retirement 25,Insurance GA,Standard,Midwest,Rosa Miller,Emma Allen,false
AM-SR-002958,AM-CL-0068,E-0283,Onboarding Document,2026-02-27,2026-03-19,Closed,7,20.68,true,Portal,Medium,Northfield Employees Pension 68,Foundation,Strategic,Midwest,Noah Carter,Victor Chen,false
AM-SR-002959,AM-CL-0093,E-0275,Cash Movement,2024-10-04,2024-10-05,Closed,1,1.2,true,Email,Medium,Harbor Community Foundation 93,Corporate Pension,Strategic,Southeast,Maya Ashford,Daniel Allen,true
AM-SR-002960,AM-CL-0030,E-0275,Onboarding Document,2024-11-23,2024-11-27,Closed,7,4.78,false,Portal,High,Meridian Capital Partners 30,Family Office,Standard,Southeast,Sofia Bailey,Daniel Allen,false
AM-SR-002961,AM-CL-0066,E-0278,Performance Report,2025-10-02,2025-10-07,Closed,5,5.44,true,Email,Medium,Cascade Mutual Insurance 66,Family Office,Strategic,Midwest,Luis Silva,Lauren Lopez,true
AM-SR-002962,AM-CL-0080,E-0275,Performance Report,2025-05-23,2025-05-25,Closed,5,2.43,false,Phone,Low,Harbor Teachers Retirement 80,Insurance GA,Standard,Pacific,Layla Carter,Daniel Allen,false
AM-SR-002963,AM-CL-0091,E-0285,Compliance Attestation,2025-04-20,2025-04-29,Closed,10,9.59,false,Portal,Low,Northfield University Endowment 91,Insurance GA,Standard,Mountain West,Owen Okafor,Aisha Ashford,false
AM-SR-002964,AM-CL-0053,E-0271,Reconciliation,2026-08-08,2026-08-12,Closed,3,4.07,true,Phone,Low,Granite Sovereign Fund 53,Family Office,Standard,Northeast,Iris Clark,Isabella Collins,false
AM-SR-002965,AM-CL-0071,E-0279,Fee Invoice Question,2026-03-18,2026-03-22,Closed,5,4.22,false,Portal,Medium,Ironwood Capital Partners 71,Insurance GA,Standard,Mountain West,Iris Allen,Ravi Campbell,false
AM-SR-002966,AM-CL-0016,E-0269,Performance Report,2026-06-25,2026-07-02,Closed,5,7.4,true,Portal,Medium,Ironwood Sovereign Fund 16,Sovereign,Key,Pacific,Maya Ashford,Noah Hall,false
AM-SR-002967,AM-CL-0072,E-0286,Performance Report,2025-10-24,2025-10-26,Closed,5,2.95,false,Portal,Low,Blue Ridge Mutual Insurance 72,Foundation,Standard,Mountain West,Fatima Okafor,Daniel Nguyen,false
AM-SR-002968,AM-CL-0077,E-0282,Performance Report,2026-01-09,2026-01-12,Closed,5,3.3,false,Phone,Medium,Granite Teachers Retirement 77,Sovereign,Key,Midwest,Mei Hall,Julian Adams,true
AM-SR-002969,AM-CL-0072,E-0286,Performance Report,2025-11-03,2025-11-06,Closed,5,3.37,false,Phone,Medium,Blue Ridge Mutual Insurance 72,Foundation,Standard,Mountain West,Fatima Okafor,Daniel Nguyen,false
AM-SR-002970,AM-CL-0097,E-0289,Performance Report,2025-11-16,2025-11-27,Closed,5,11.93,true,Portal,Low,Summit Capital Partners 97,Corporate Pension,Standard,Northeast,Fatima Okafor,Victor Nguyen,false
AM-SR-002971,AM-CL-0016,E-0269,Performance Report,2025-11-29,2025-12-03,Closed,5,4.54,false,Phone,High,Ironwood Sovereign Fund 16,Sovereign,Key,Pacific,Maya Ashford,Noah Hall,false
AM-SR-002972,AM-CL-0093,E-0275,Compliance Attestation,2026-01-01,2026-01-11,Closed,10,10.63,true,Portal,Low,Harbor Community Foundation 93,Corporate Pension,Strategic,Southeast,Maya Ashford,Daniel Allen,true
AM-SR-002973,AM-CL-0052,E-0285,Reconciliation,2025-07-25,2025-07-28,Closed,3,3.07,true,Email,Low,Lakeshore Mutual Insurance 52,Family Office,Key,Mountain West,Tom Silva,Aisha Ashford,false
AM-SR-002974,AM-CL-0035,E-0267,Cash Movement,2025-08-24,2025-08-24,Closed,1,0.17,false,Email,Low,Harbor Capital Partners 35,Endowment,Strategic,Southeast,Iris Kim,Felix Stewart,false
AM-SR-002975,AM-CL-0026,E-0266,Onboarding Document,2025-05-26,2025-05-29,Closed,7,3.18,false,Phone,Low,Summit Teachers Retirement 26,Foundation,Standard,Northeast,Layla Carter,Ethan Roberts,false
AM-SR-002976,AM-CL-0068,E-0283,Compliance Attestation,2024-10-06,2024-10-11,Closed,10,5.27,false,Portal,Medium,Northfield Employees Pension 68,Foundation,Strategic,Midwest,Noah Carter,Victor Chen,true
AM-SR-002977,AM-CL-0137,E-0284,Cash Movement,2024-11-07,2024-11-07,Closed,1,0.63,false,Phone,Medium,Northfield Sovereign Fund 137,Endowment,Strategic,Mountain West,Grace Bailey,Iris Thomas,false
AM-SR-002978,AM-CL-0133,E-0275,Data Feed Issue,2026-05-15,2026-05-16,Closed,2,1.3,false,Phone,Medium,Granite University Endowment 133,Insurance GA,Standard,Northeast,Luis Silva,Daniel Allen,false
AM-SR-002979,AM-CL-0102,E-0277,Reconciliation,2024-09-25,2024-09-27,Closed,3,2.2,false,Email,Low,Granite Community Foundation 102,Endowment,Strategic,APAC,Noah Nelson,Kenji White,false
AM-SR-002980,AM-CL-0125,E-0286,Fee Invoice Question,2026-05-22,2026-05-24,Closed,5,2.16,false,Portal,Medium,Northfield Mutual Insurance 125,Insurance GA,Key,Mountain West,Luis Silva,Daniel Nguyen,false
AM-SR-002981,AM-CL-0093,E-0275,Fee Invoice Question,2026-02-03,2026-02-08,Closed,5,5.23,true,Email,Medium,Harbor Community Foundation 93,Corporate Pension,Strategic,Southeast,Maya Ashford,Daniel Allen,false
AM-SR-002982,AM-CL-0055,E-0268,Onboarding Document,2025-02-06,2025-02-08,Closed,7,2.49,false,Email,Low,Granite Teachers Retirement 55,Sub-Advisory,Key,Northeast,Fatima Patel,Rosa Nguyen,false
AM-SR-002983,AM-CL-0031,E-0276,Performance Report,2026-04-04,2026-04-06,Closed,5,2.98,false,Email,Low,Blue Ridge Employees Pension 31,Sub-Advisory,Standard,Southeast,Owen Okafor,Felix Edwards,true
AM-SR-002984,AM-CL-0124,E-0270,Reconciliation,2026-04-16,2026-04-16,Closed,3,0.83,false,Email,Medium,Blue Ridge Community Foundation 124,Endowment,Strategic,Northeast,Iris Kim,Sara Kim,false
AM-SR-002985,AM-CL-0138,E-0271,Reconciliation,2025-02-23,2025-02-24,Closed,3,1.23,false,Email,Medium,Cascade Employees Pension 138,Endowment,Strategic,APAC,Tom Silva,Isabella Collins,false
AM-SR-002986,AM-CL-0056,E-0288,Data Feed Issue,2025-04-12,2025-04-13,Closed,2,1.28,false,Email,Medium,Harbor Mutual Insurance 56,Endowment,Strategic,APAC,Grace Bailey,Mateo Collins,true
AM-SR-002987,AM-CL-0041,E-0279,Data Feed Issue,2026-01-08,2026-01-09,Closed,2,1.23,false,Email,Low,Granite Mutual Insurance 41,Corporate Pension,Standard,APAC,Fatima Patel,Ravi Campbell,true
AM-SR-002988,AM-CL-0070,E-0282,Data Feed Issue,2026-02-27,2026-02-28,Closed,2,1.34,false,Email,Medium,Cascade Capital Partners 70,Public Pension,Strategic,EMEA,Noah Nelson,Julian Adams,false
AM-SR-002989,AM-CL-0139,E-0266,Compliance Attestation,2025-06-10,2025-06-22,Closed,10,12.29,true,Portal,Medium,Lakeshore Teachers Retirement 139,Foundation,Strategic,Mountain West,Fatima Okafor,Ethan Roberts,false
AM-SR-002990,AM-CL-0065,E-0286,Reconciliation,2026-07-16,2026-07-18,Closed,3,2.92,false,Email,Low,Harbor Capital Partners 65,Foundation,Standard,Northeast,Iris Clark,Daniel Nguyen,false
AM-SR-002991,AM-CL-0118,E-0274,Performance Report,2026-03-20,2026-03-28,Closed,5,8.63,true,Portal,Low,Silverline Community Foundation 118,Family Office,Key,Midwest,Maya Ashford,Hannah Young,false
AM-SR-002992,AM-CL-0040,E-0268,Performance Report,2025-08-09,2025-08-13,Closed,5,4.5,false,Portal,Medium,Cascade Capital Partners 40,Corporate Pension,Key,EMEA,Luis Silva,Rosa Nguyen,false
AM-SR-002993,AM-CL-0090,E-0267,Performance Report,2025-01-04,2025-01-08,Closed,5,4.12,false,Portal,Low,Meridian University Endowment 90,Sovereign,Strategic,Midwest,Maya Ashford,Felix Stewart,true
AM-SR-002994,AM-CL-0074,E-0280,Performance Report,2025-05-25,2025-05-31,Closed,5,6.05,true,Portal,Medium,Harbor Capital Partners 74,Sub-Advisory,Standard,Mountain West,Noah Carter,Mateo Harris,false
AM-SR-002995,AM-CL-0122,E-0276,Onboarding Document,2026-08-01,2026-08-06,Closed,7,5.14,false,Email,Medium,Granite Teachers Retirement 122,Insurance GA,Standard,EMEA,Luis Ashford,Felix Edwards,false
AM-SR-002996,AM-CL-0066,E-0278,Fee Invoice Question,2026-02-05,2026-02-09,Closed,5,4.86,false,Portal,Medium,Cascade Mutual Insurance 66,Family Office,Strategic,Midwest,Luis Silva,Lauren Lopez,false
AM-SR-002997,AM-CL-0120,E-0279,Performance Report,2025-09-01,2025-09-04,Closed,5,3.2,false,Phone,Medium,Ironwood Capital Partners 120,Foundation,Standard,Pacific,Owen Okafor,Ravi Campbell,false
AM-SR-002998,AM-CL-0009,E-0279,Data Feed Issue,2025-12-10,2025-12-11,Closed,2,1.13,false,Phone,High,Cascade Sovereign Fund 9,Corporate Pension,Strategic,Midwest,Fatima Patel,Ravi Campbell,false
AM-SR-002999,AM-CL-0060,E-0284,Fee Invoice Question,2024-09-18,2024-09-19,Closed,5,1.79,false,Email,High,Granite Teachers Retirement 60,Sovereign,Standard,Northeast,Hannah Young,Iris Thomas,false
AM-SR-003000,AM-CL-0064,E-0274,Fee Invoice Question,2026-01-15,2026-01-18,Closed,5,3.22,false,Portal,Medium,Granite Mutual Insurance 64,Sub-Advisory,Standard,Midwest,Layla Carter,Hannah Young,false
AM-SR-003001,AM-CL-0097,E-0289,Performance Report,2026-02-21,2026-02-22,Closed,5,1.74,false,Portal,Low,Summit Capital Partners 97,Corporate Pension,Standard,Northeast,Fatima Okafor,Victor Nguyen,false
AM-SR-003002,AM-CL-0064,E-0274,Performance Report,2025-06-08,2025-06-12,Closed,5,4.12,false,Email,Low,Granite Mutual Insurance 64,Sub-Advisory,Standard,Midwest,Layla Carter,Hannah Young,false
AM-SR-003003,AM-CL-0080,E-0275,Cash Movement,2024-11-15,2024-11-15,Closed,1,0.34,false,Email,Low,Harbor Teachers Retirement 80,Insurance GA,Standard,Pacific,Layla Carter,Daniel Allen,false
AM-SR-003004,AM-CL-0120,E-0279,Performance Report,2026-04-24,2026-05-05,Closed,5,11.53,true,Email,Medium,Ironwood Capital Partners 120,Foundation,Standard,Pacific,Owen Okafor,Ravi Campbell,false
AM-SR-003005,AM-CL-0092,E-0284,Reconciliation,2026-04-01,2026-04-02,Closed,3,1.33,false,Email,Low,Meridian Capital Partners 92,Public Pension,Key,Northeast,Noah Carter,Iris Thomas,true
AM-SR-003006,AM-CL-0017,E-0281,Reconciliation,2025-09-23,2025-09-26,Closed,3,3.75,true,Portal,Low,Lakeshore Teachers Retirement 17,Family Office,Standard,EMEA,Tom Silva,Sofia Campbell,false
AM-SR-003007,AM-CL-0024,E-0282,Cash Movement,2026-04-16,2026-04-16,Closed,1,0.73,false,Email,Low,Granite University Endowment 24,Foundation,Standard,Mountain West,Grace Bailey,Julian Adams,false
AM-SR-003008,AM-CL-0087,E-0290,Performance Report,2025-01-02,2025-01-02,Closed,5,0.71,false,Email,Low,Summit Capital Partners 87,Family Office,Strategic,APAC,Julian Collins,Luis Ashford,true
AM-SR-003009,AM-CL-0082,E-0275,Reconciliation,2026-08-15,2026-08-18,Closed,3,3.87,true,Portal,Medium,Harbor Sovereign Fund 82,Foundation,Key,APAC,Iris Allen,Daniel Allen,false
AM-SR-003010,AM-CL-0128,E-0286,Reconciliation,2025-04-18,2025-04-19,Closed,3,1.83,false,Email,Medium,Cascade Mutual Insurance 128,Sub-Advisory,Key,Northeast,Noah Carter,Daniel Nguyen,false
AM-SR-003011,AM-CL-0004,E-0272,Reconciliation,2025-05-18,2025-05-19,Closed,3,1.88,false,Portal,Medium,Lakeshore Teachers Retirement 4,Sub-Advisory,Key,EMEA,Julian Collins,Aisha Green,false
AM-SR-003012,AM-CL-0030,E-0275,Reconciliation,2026-01-30,2026-01-31,Closed,3,1.26,false,Email,Low,Meridian Capital Partners 30,Family Office,Standard,Southeast,Sofia Bailey,Daniel Allen,false
AM-SR-003013,AM-CL-0016,E-0269,Performance Report,2026-05-28,2026-05-31,Closed,5,3.4,false,Email,Medium,Ironwood Sovereign Fund 16,Sovereign,Key,Pacific,Maya Ashford,Noah Hall,false
AM-SR-003014,AM-CL-0002,E-0268,Performance Report,2025-10-17,2025-10-18,Closed,5,1.21,false,Email,High,Blue Ridge Sovereign Fund 2,Family Office,Key,EMEA,Noah Carter,Rosa Nguyen,false
AM-SR-003015,AM-CL-0093,E-0275,Reconciliation,2025-07-29,2025-07-30,Closed,3,1.17,false,Email,Low,Harbor Community Foundation 93,Corporate Pension,Strategic,Southeast,Maya Ashford,Daniel Allen,false
AM-SR-003016,AM-CL-0129,E-0273,Performance Report,2025-04-18,2025-04-20,Closed,5,2.71,false,Email,Medium,Blue Ridge Mutual Insurance 129,Foundation,Key,Pacific,Luis Silva,Samuel Wright,false
AM-SR-003017,AM-CL-0083,E-0287,Performance Report,2026-03-10,2026-03-13,Closed,5,3.6,false,Email,Low,Northfield Sovereign Fund 83,Public Pension,Strategic,APAC,Iris Allen,Emma Allen,false
AM-SR-003018,AM-CL-0046,E-0270,Data Feed Issue,2026-06-17,2026-06-17,Closed,2,0.41,false,Portal,Medium,Summit University Endowment 46,Foundation,Standard,Pacific,Fatima Patel,Sara Kim,false
AM-SR-003019,AM-CL-0063,E-0284,Performance Report,2026-03-27,2026-03-31,Closed,5,4.11,false,Portal,Medium,Cascade Employees Pension 63,Sovereign,Key,Mountain West,Fatima Patel,Iris Thomas,false
AM-SR-003020,AM-CL-0092,E-0284,Onboarding Document,2025-12-02,2025-12-05,Closed,7,3.69,false,Email,Low,Meridian Capital Partners 92,Public Pension,Key,Northeast,Noah Carter,Iris Thomas,false
AM-SR-003021,AM-CL-0068,E-0283,Performance Report,2026-01-31,2026-02-02,Closed,5,2.08,false,Email,Low,Northfield Employees Pension 68,Foundation,Strategic,Midwest,Noah Carter,Victor Chen,false
AM-SR-003022,AM-CL-0043,E-0267,Performance Report,2025-09-02,2025-09-05,Closed,5,3.08,false,Email,Medium,Lakeshore Community Foundation 43,Family Office,Key,Pacific,Rosa Miller,Felix Stewart,false
AM-SR-003023,AM-CL-0092,E-0284,Fee Invoice Question,2026-05-24,2026-05-28,Closed,5,4.78,false,Email,Medium,Meridian Capital Partners 92,Public Pension,Key,Northeast,Noah Carter,Iris Thomas,false
AM-SR-003024,AM-CL-0073,E-0269,Performance Report,2025-12-23,2025-12-24,Closed,5,1.81,false,Email,Low,Ironwood Employees Pension 73,Sub-Advisory,Strategic,Southeast,Hannah Roberts,Noah Hall,false
AM-SR-003025,AM-CL-0015,E-0287,Data Feed Issue,2024-09-07,2024-09-08,Closed,2,1.53,false,Portal,Medium,Northfield Teachers Retirement 15,Foundation,Key,Mountain West,Hannah Young,Emma Allen,false
AM-SR-003026,AM-CL-0047,E-0266,Performance Report,2026-03-28,2026-04-04,Closed,5,7.75,true,Email,Medium,Granite Sovereign Fund 47,Endowment,Standard,Mountain West,Noah Nelson,Ethan Roberts,false
AM-SR-003027,AM-CL-0033,E-0266,Cash Movement,2025-03-20,2025-03-20,Closed,1,0.79,false,Email,Low,Summit Employees Pension 33,Family Office,Standard,EMEA,Hannah Young,Ethan Roberts,false
AM-SR-003028,AM-CL-0134,E-0281,Performance Report,2025-10-23,2025-10-30,Closed,5,7.09,true,Phone,Medium,Granite Sovereign Fund 134,Family Office,Standard,Midwest,Maya Ashford,Sofia Campbell,false
AM-SR-003029,AM-CL-0012,E-0289,Performance Report,2025-12-22,2025-12-23,Closed,5,1.89,false,Email,Low,Blue Ridge Community Foundation 12,Foundation,Strategic,Mountain West,Luis Silva,Victor Nguyen,false
AM-SR-003030,AM-CL-0050,E-0276,Reconciliation,2025-05-12,2025-05-15,Closed,3,3.48,true,Portal,Low,Harbor Community Foundation 50,Endowment,Standard,Pacific,Hannah Roberts,Felix Edwards,false
AM-SR-003031,AM-CL-0027,E-0271,Data Feed Issue,2024-09-12,2024-09-13,Closed,2,1.34,false,Email,Medium,Northfield Teachers Retirement 27,Sovereign,Key,Mountain West,Hannah Roberts,Isabella Collins,false
AM-SR-003032,AM-CL-0022,E-0273,Reconciliation,2025-06-03,2025-06-06,Closed,3,3.73,true,Portal,Medium,Northfield Mutual Insurance 22,Foundation,Key,EMEA,Iris Allen,Samuel Wright,false
AM-SR-003033,AM-CL-0125,E-0286,Data Feed Issue,2025-07-07,2025-07-09,Closed,2,2.04,true,Portal,Low,Northfield Mutual Insurance 125,Insurance GA,Key,Mountain West,Luis Silva,Daniel Nguyen,true
AM-SR-003034,AM-CL-0117,E-0289,Compliance Attestation,2026-03-23,2026-04-09,Closed,10,17.96,true,Email,High,Lakeshore Teachers Retirement 117,Endowment,Standard,EMEA,Wei Thomas,Victor Nguyen,false
AM-SR-003035,AM-CL-0071,E-0279,Performance Report,2026-05-30,2026-05-31,Closed,5,1.53,false,Portal,Low,Ironwood Capital Partners 71,Insurance GA,Standard,Mountain West,Iris Allen,Ravi Campbell,false
AM-SR-003036,AM-CL-0011,E-0271,Performance Report,2025-09-18,2025-09-21,Closed,5,3.09,false,Portal,Low,Lakeshore Community Foundation 11,Corporate Pension,Key,Midwest,Julian Collins,Isabella Collins,false
AM-SR-003037,AM-CL-0008,E-0279,Onboarding Document,2025-03-20,2025-03-22,Closed,7,2.65,false,Email,High,Granite Community Foundation 8,Insurance GA,Standard,Mountain West,Luis Silva,Ravi Campbell,false
AM-SR-003038,AM-CL-0006,E-0284,Reconciliation,2024-11-06,2024-11-07,Closed,3,1.15,false,Email,Medium,Cascade Employees Pension 6,Family Office,Standard,APAC,Sofia Bailey,Iris Thomas,false
AM-SR-003039,AM-CL-0084,E-0287,Performance Report,2025-10-18,2025-10-19,Closed,5,1.23,false,Portal,Low,Ironwood Community Foundation 84,Sovereign,Standard,Southeast,Noah Nelson,Emma Allen,false
AM-SR-003040,AM-CL-0020,E-0266,Reconciliation,2025-07-26,2025-07-27,Closed,3,1.52,false,Portal,Low,Summit Capital Partners 20,Corporate Pension,Standard,Mountain West,Wei Thomas,Ethan Roberts,false
AM-SR-003041,AM-CL-0074,E-0280,Performance Report,2024-09-13,2024-09-23,Closed,5,10.63,true,Phone,Medium,Harbor Capital Partners 74,Sub-Advisory,Standard,Mountain West,Noah Carter,Mateo Harris,false
AM-SR-003042,AM-CL-0113,E-0270,Cash Movement,2024-09-25,2024-09-25,Closed,1,0.38,false,Email,Medium,Harbor Teachers Retirement 113,Insurance GA,Standard,APAC,Leo King,Sara Kim,false
AM-SR-003043,AM-CL-0037,E-0282,Compliance Attestation,2025-05-20,2025-05-25,Closed,10,5.34,false,Phone,Medium,Harbor Capital Partners 37,Foundation,Standard,APAC,Nina Scott,Julian Adams,false
AM-SR-003044,AM-CL-0074,E-0280,Fee Invoice Question,2026-01-21,2026-01-24,Closed,5,3.55,false,Phone,Medium,Harbor Capital Partners 74,Sub-Advisory,Standard,Mountain West,Noah Carter,Mateo Harris,false
AM-SR-003045,AM-CL-0113,E-0270,Data Feed Issue,2024-10-28,2024-10-29,Closed,2,1.2,false,Portal,Medium,Harbor Teachers Retirement 113,Insurance GA,Standard,APAC,Leo King,Sara Kim,false
AM-SR-003046,AM-CL-0122,E-0276,Onboarding Document,2025-02-11,2025-02-19,Closed,7,8.54,true,Portal,High,Granite Teachers Retirement 122,Insurance GA,Standard,EMEA,Luis Ashford,Felix Edwards,false
AM-SR-003047,AM-CL-0050,E-0276,Reconciliation,2025-05-11,2025-05-13,Closed,3,2.21,false,Email,Low,Harbor Community Foundation 50,Endowment,Standard,Pacific,Hannah Roberts,Felix Edwards,false
AM-SR-003048,AM-CL-0016,E-0269,Performance Report,2026-06-26,2026-07-01,Closed,5,5.74,true,Phone,Medium,Ironwood Sovereign Fund 16,Sovereign,Key,Pacific,Maya Ashford,Noah Hall,false
AM-SR-003049,AM-CL-0121,E-0285,Fee Invoice Question,2026-08-19,2026-08-22,Closed,5,3.1,false,Email,Low,Meridian Capital Partners 121,Corporate Pension,Standard,Northeast,Iris Allen,Aisha Ashford,false
AM-SR-003050,AM-CL-0110,E-0286,Performance Report,2025-01-03,2025-01-07,Closed,5,4.49,false,Portal,Low,Summit Community Foundation 110,Public Pension,Standard,Northeast,Grace Martinez,Daniel Nguyen,true
AM-SR-003051,AM-CL-0102,E-0277,Reconciliation,2026-08-06,2026-08-09,Closed,3,3.06,true,Email,Medium,Granite Community Foundation 102,Endowment,Strategic,APAC,Noah Nelson,Kenji White,false
AM-SR-003052,AM-CL-0117,E-0289,Performance Report,2026-04-05,2026-04-07,Closed,5,2.72,false,Email,High,Lakeshore Teachers Retirement 117,Endowment,Standard,EMEA,Wei Thomas,Victor Nguyen,true
AM-SR-003053,AM-CL-0016,E-0269,Reconciliation,2026-01-14,2026-01-16,Closed,3,2.44,false,Phone,Medium,Ironwood Sovereign Fund 16,Sovereign,Key,Pacific,Maya Ashford,Noah Hall,false
AM-SR-003054,AM-CL-0137,E-0284,Reconciliation,2025-11-24,2025-11-30,Closed,3,6.28,true,Portal,Medium,Northfield Sovereign Fund 137,Endowment,Strategic,Mountain West,Grace Bailey,Iris Thomas,false
AM-SR-003055,AM-CL-0097,E-0289,Data Feed Issue,2026-04-23,2026-04-25,Closed,2,2.1,true,Email,Medium,Summit Capital Partners 97,Corporate Pension,Standard,Northeast,Fatima Okafor,Victor Nguyen,false
AM-SR-003056,AM-CL-0118,E-0274,Reconciliation,2025-01-23,2025-01-26,Closed,3,3.21,true,Portal,Low,Silverline Community Foundation 118,Family Office,Key,Midwest,Maya Ashford,Hannah Young,false
AM-SR-003057,AM-CL-0055,E-0268,Compliance Attestation,2025-05-27,2025-05-31,Closed,10,4.66,false,Email,High,Granite Teachers Retirement 55,Sub-Advisory,Key,Northeast,Fatima Patel,Rosa Nguyen,false
AM-SR-003058,AM-CL-0124,E-0270,Cash Movement,2026-05-07,2026-05-07,Closed,1,0.43,false,Email,Medium,Blue Ridge Community Foundation 124,Endowment,Strategic,Northeast,Iris Kim,Sara Kim,false
AM-SR-003059,AM-CL-0043,E-0267,Onboarding Document,2024-10-26,2024-11-04,Closed,7,9.94,true,Portal,Medium,Lakeshore Community Foundation 43,Family Office,Key,Pacific,Rosa Miller,Felix Stewart,false
AM-SR-003060,AM-CL-0025,E-0287,Onboarding Document,2024-10-22,2024-10-27,Closed,7,5.79,false,Email,Low,Summit Teachers Retirement 25,Insurance GA,Standard,Midwest,Rosa Miller,Emma Allen,false
AM-SR-003061,AM-CL-0121,E-0285,Reconciliation,2025-08-22,2025-08-25,Closed,3,3.92,true,Phone,Low,Meridian Capital Partners 121,Corporate Pension,Standard,Northeast,Iris Allen,Aisha Ashford,false
AM-SR-003062,AM-CL-0027,E-0271,Fee Invoice Question,2025-11-13,2025-11-15,Closed,5,2.46,false,Portal,Low,Northfield Teachers Retirement 27,Sovereign,Key,Mountain West,Hannah Roberts,Isabella Collins,false
AM-SR-003063,AM-CL-0025,E-0287,Compliance Attestation,2026-01-17,2026-01-21,Closed,10,4.97,false,Email,Medium,Summit Teachers Retirement 25,Insurance GA,Standard,Midwest,Rosa Miller,Emma Allen,false
AM-SR-003064,AM-CL-0029,E-0266,Onboarding Document,2025-01-23,2025-01-26,Closed,7,3.65,false,Email,Low,Granite Capital Partners 29,Sovereign,Key,Midwest,Iris Allen,Ethan Roberts,false
AM-SR-003065,AM-CL-0007,E-0280,Fee Invoice Question,2024-10-01,2024-10-04,Closed,5,3.72,false,Phone,Medium,Ironwood Teachers Retirement 7,Insurance GA,Standard,Midwest,Fatima Okafor,Mateo Harris,true
AM-SR-003066,AM-CL-0048,E-0284,Compliance Attestation,2025-05-02,2025-05-07,Closed,10,5.27,false,Email,Medium,Lakeshore Community Foundation 48,Family Office,Strategic,Mountain West,Grace Martinez,Iris Thomas,false
AM-SR-003067,AM-CL-0092,E-0284,Performance Report,2025-02-25,2025-03-04,Closed,5,7.05,true,Email,Low,Meridian Capital Partners 92,Public Pension,Key,Northeast,Noah Carter,Iris Thomas,false
AM-SR-003068,AM-CL-0008,E-0279,Onboarding Document,2025-12-03,2025-12-07,Closed,7,4.84,false,Phone,High,Granite Community Foundation 8,Insurance GA,Standard,Mountain West,Luis Silva,Ravi Campbell,false
AM-SR-003069,AM-CL-0125,E-0286,Performance Report,2025-08-25,2025-08-27,Closed,5,2.94,false,Portal,Medium,Northfield Mutual Insurance 125,Insurance GA,Key,Mountain West,Luis Silva,Daniel Nguyen,false
AM-SR-003070,AM-CL-0011,E-0271,Performance Report,2025-11-05,2025-11-08,Closed,5,3.5,false,Phone,Medium,Lakeshore Community Foundation 11,Corporate Pension,Key,Midwest,Julian Collins,Isabella Collins,false
AM-SR-003071,AM-CL-0098,E-0268,Performance Report,2025-03-20,2025-03-31,Closed,5,11.52,true,Email,Medium,Summit Capital Partners 98,Corporate Pension,Key,EMEA,Luis Silva,Rosa Nguyen,false
AM-SR-003072,AM-CL-0034,E-0271,Performance Report,2025-05-21,2025-05-26,Closed,5,5.37,true,Portal,Medium,Cascade Employees Pension 34,Insurance GA,Standard,Mountain West,Mei Hall,Isabella Collins,false
AM-SR-003073,AM-CL-0139,E-0266,Performance Report,2026-06-30,2026-07-06,Closed,5,6.76,true,Portal,High,Lakeshore Teachers Retirement 139,Foundation,Strategic,Mountain West,Fatima Okafor,Ethan Roberts,false
AM-SR-003074,AM-CL-0130,E-0273,Performance Report,2025-10-30,2025-11-01,Closed,5,2.83,false,Email,High,Lakeshore University Endowment 130,Public Pension,Key,Northeast,Owen Okafor,Samuel Wright,false
AM-SR-003075,AM-CL-0127,E-0266,Reconciliation,2026-08-31,,In Progress,3,,true,Portal,Medium,Granite Community Foundation 127,Sovereign,Standard,APAC,Layla Carter,Ethan Roberts,false
AM-SR-003076,AM-CL-0076,E-0282,Compliance Attestation,2025-08-16,2025-08-25,Closed,10,9.01,false,Email,Medium,Ironwood Capital Partners 76,Foundation,Key,Midwest,Nina Scott,Julian Adams,false
AM-SR-003077,AM-CL-0075,E-0270,Performance Report,2025-03-16,2025-03-18,Closed,5,2.26,false,Phone,Medium,Harbor Teachers Retirement 75,Endowment,Standard,Mountain West,Fatima Patel,Sara Kim,false
AM-SR-003078,AM-CL-0110,E-0286,Data Feed Issue,2025-03-01,2025-03-02,Closed,2,1.46,false,Email,Medium,Summit Community Foundation 110,Public Pension,Standard,Northeast,Grace Martinez,Daniel Nguyen,false
AM-SR-003079,AM-CL-0043,E-0267,Cash Movement,2024-12-23,2024-12-23,Closed,1,0.43,false,Portal,Medium,Lakeshore Community Foundation 43,Family Office,Key,Pacific,Rosa Miller,Felix Stewart,false
AM-SR-003080,AM-CL-0108,E-0272,Data Feed Issue,2025-07-22,2025-07-23,Closed,2,1.47,false,Portal,Medium,Ironwood Employees Pension 108,Family Office,Strategic,APAC,Grace Bailey,Aisha Green,false
AM-SR-003081,AM-CL-0071,E-0279,Performance Report,2025-09-02,2025-09-04,Closed,5,2.89,false,Email,Medium,Ironwood Capital Partners 71,Insurance GA,Standard,Mountain West,Iris Allen,Ravi Campbell,false
AM-SR-003082,AM-CL-0029,E-0266,Performance Report,2026-08-26,2026-08-27,Closed,5,1.27,false,Email,Medium,Granite Capital Partners 29,Sovereign,Key,Midwest,Iris Allen,Ethan Roberts,false
AM-SR-003083,AM-CL-0103,E-0289,Reconciliation,2024-09-15,2024-09-17,Closed,3,2.25,false,Email,Low,Blue Ridge University Endowment 103,Foundation,Standard,Midwest,Julian Collins,Victor Nguyen,false
AM-SR-003084,AM-CL-0112,E-0289,Onboarding Document,2026-08-16,2026-08-19,Closed,7,3.44,false,Email,Low,Northfield University Endowment 112,Endowment,Standard,APAC,Fatima Okafor,Victor Nguyen,false
AM-SR-003085,AM-CL-0010,E-0275,Reconciliation,2026-05-25,2026-05-27,Closed,3,2.79,false,Email,Low,Northfield Capital Partners 10,Insurance GA,Standard,Midwest,Wei Thomas,Daniel Allen,false
AM-SR-003086,AM-CL-0083,E-0287,Cash Movement,2025-06-10,2025-06-11,Closed,1,1.25,true,Email,Medium,Northfield Sovereign Fund 83,Public Pension,Strategic,APAC,Iris Allen,Emma Allen,false
AM-SR-003087,AM-CL-0083,E-0287,Performance Report,2025-01-26,2025-01-31,Closed,5,5.48,true,Email,Low,Northfield Sovereign Fund 83,Public Pension,Strategic,APAC,Iris Allen,Emma Allen,false
AM-SR-003088,AM-CL-0083,E-0287,Performance Report,2026-07-14,2026-07-15,Closed,5,1.87,false,Email,Medium,Northfield Sovereign Fund 83,Public Pension,Strategic,APAC,Iris Allen,Emma Allen,false
AM-SR-003089,AM-CL-0048,E-0284,Reconciliation,2025-05-30,2025-05-31,Closed,3,1.97,false,Email,Low,Lakeshore Community Foundation 48,Family Office,Strategic,Mountain West,Grace Martinez,Iris Thomas,false
AM-SR-003090,AM-CL-0060,E-0284,Performance Report,2024-12-21,2024-12-25,Closed,5,4.54,false,Portal,Medium,Granite Teachers Retirement 60,Sovereign,Standard,Northeast,Hannah Young,Iris Thomas,false
AM-SR-003091,AM-CL-0062,E-0278,Performance Report,2024-10-05,2024-10-08,Closed,5,3.86,false,Phone,Medium,Northfield Teachers Retirement 62,Corporate Pension,Standard,Midwest,Owen Okafor,Lauren Lopez,true
AM-SR-003092,AM-CL-0122,E-0276,Fee Invoice Question,2025-05-19,2025-05-24,Closed,5,5.21,true,Email,High,Granite Teachers Retirement 122,Insurance GA,Standard,EMEA,Luis Ashford,Felix Edwards,false
AM-SR-003093,AM-CL-0059,E-0273,Performance Report,2025-10-02,2025-10-06,Closed,5,4.84,false,Portal,Low,Lakeshore Teachers Retirement 59,Endowment,Strategic,Midwest,Nina Scott,Samuel Wright,true
AM-SR-003094,AM-CL-0113,E-0270,Fee Invoice Question,2026-02-18,2026-02-22,Closed,5,4.22,false,Email,Medium,Harbor Teachers Retirement 113,Insurance GA,Standard,APAC,Leo King,Sara Kim,false
AM-SR-003095,AM-CL-0023,E-0285,Onboarding Document,2026-07-29,2026-08-09,Closed,7,11.69,true,Email,High,Harbor Community Foundation 23,Public Pension,Key,Midwest,Sofia Bailey,Aisha Ashford,false
AM-SR-003096,AM-CL-0079,E-0270,Fee Invoice Question,2026-07-28,2026-08-03,Closed,5,6.72,true,Portal,Low,Northfield Teachers Retirement 79,Foundation,Strategic,APAC,Luis Ashford,Sara Kim,false
AM-SR-003097,AM-CL-0072,E-0286,Compliance Attestation,2025-07-10,2025-07-20,Closed,10,10.98,true,Email,Medium,Blue Ridge Mutual Insurance 72,Foundation,Standard,Mountain West,Fatima Okafor,Daniel Nguyen,true
AM-SR-003098,AM-CL-0098,E-0268,Performance Report,2025-05-18,2025-05-19,Closed,5,1.11,false,Portal,Medium,Summit Capital Partners 98,Corporate Pension,Key,EMEA,Luis Silva,Rosa Nguyen,false
AM-SR-003099,AM-CL-0115,E-0274,Compliance Attestation,2026-01-25,2026-01-31,Closed,10,6.18,false,Phone,Medium,Ironwood Capital Partners 115,Public Pension,Key,EMEA,Maya Ashford,Hannah Young,false
AM-SR-003100,AM-CL-0042,E-0286,Compliance Attestation,2025-10-25,2025-11-01,Closed,10,7.67,false,Email,Low,Blue Ridge Teachers Retirement 42,Public Pension,Standard,Mountain West,Layla Carter,Daniel Nguyen,false
AM-SR-003101,AM-CL-0108,E-0272,Performance Report,2026-04-16,2026-04-18,Closed,5,2.78,false,Portal,Medium,Ironwood Employees Pension 108,Family Office,Strategic,APAC,Grace Bailey,Aisha Green,false
AM-SR-003102,AM-CL-0036,E-0267,Reconciliation,2024-12-24,2024-12-27,Closed,3,3.6,true,Portal,Medium,Harbor Teachers Retirement 36,Corporate Pension,Standard,APAC,Luis Silva,Felix Stewart,false
AM-SR-003103,AM-CL-0108,E-0272,Fee Invoice Question,2026-01-04,2026-01-07,Closed,5,3.06,false,Portal,Low,Ironwood Employees Pension 108,Family Office,Strategic,APAC,Grace Bailey,Aisha Green,true
AM-SR-003104,AM-CL-0015,E-0287,Reconciliation,2026-04-22,2026-04-23,Closed,3,1.45,false,Email,Medium,Northfield Teachers Retirement 15,Foundation,Key,Mountain West,Hannah Young,Emma Allen,false
AM-SR-003105,AM-CL-0027,E-0271,Performance Report,2025-05-17,2025-05-18,Closed,5,1.76,false,Phone,High,Northfield Teachers Retirement 27,Sovereign,Key,Mountain West,Hannah Roberts,Isabella Collins,false
AM-SR-003106,AM-CL-0050,E-0276,Cash Movement,2025-03-19,2025-03-19,Closed,1,0.43,false,Portal,Low,Harbor Community Foundation 50,Endowment,Standard,Pacific,Hannah Roberts,Felix Edwards,false
AM-SR-003107,AM-CL-0108,E-0272,Data Feed Issue,2026-07-25,2026-07-25,Closed,2,0.86,false,Portal,Low,Ironwood Employees Pension 108,Family Office,Strategic,APAC,Grace Bailey,Aisha Green,false
AM-SR-003108,AM-CL-0129,E-0273,Compliance Attestation,2025-06-07,2025-06-14,Closed,10,7.3,false,Email,Medium,Blue Ridge Mutual Insurance 129,Foundation,Key,Pacific,Luis Silva,Samuel Wright,false
AM-SR-003109,AM-CL-0061,E-0290,Reconciliation,2024-10-14,2024-10-15,Closed,3,1.81,false,Portal,Low,Summit Sovereign Fund 61,Insurance GA,Key,Midwest,Iris Allen,Luis Ashford,false
AM-SR-003110,AM-CL-0059,E-0273,Performance Report,2026-03-01,2026-03-12,Closed,5,11.62,true,Portal,High,Lakeshore Teachers Retirement 59,Endowment,Strategic,Midwest,Nina Scott,Samuel Wright,false
AM-SR-003111,AM-CL-0027,E-0271,Fee Invoice Question,2025-05-10,2025-05-25,Closed,5,15.26,true,Portal,Low,Northfield Teachers Retirement 27,Sovereign,Key,Mountain West,Hannah Roberts,Isabella Collins,false
AM-SR-003112,AM-CL-0121,E-0285,Performance Report,2026-03-01,2026-03-04,Closed,5,3.44,false,Phone,Medium,Meridian Capital Partners 121,Corporate Pension,Standard,Northeast,Iris Allen,Aisha Ashford,false
AM-SR-003113,AM-CL-0103,E-0289,Performance Report,2024-09-20,2024-09-20,Closed,5,0.91,false,Phone,Low,Blue Ridge University Endowment 103,Foundation,Standard,Midwest,Julian Collins,Victor Nguyen,false
AM-SR-003114,AM-CL-0122,E-0276,Compliance Attestation,2025-11-07,2025-11-14,Closed,10,7.16,false,Email,Medium,Granite Teachers Retirement 122,Insurance GA,Standard,EMEA,Luis Ashford,Felix Edwards,false
AM-SR-003115,AM-CL-0013,E-0277,Performance Report,2026-03-27,2026-03-28,Closed,5,1.57,false,Email,Medium,Meridian Teachers Retirement 13,Sovereign,Standard,Northeast,Leo King,Kenji White,false
AM-SR-003116,AM-CL-0137,E-0284,Cash Movement,2026-04-03,2026-04-03,Closed,1,0.41,false,Email,Low,Northfield Sovereign Fund 137,Endowment,Strategic,Mountain West,Grace Bailey,Iris Thomas,true
AM-SR-003117,AM-CL-0027,E-0271,Onboarding Document,2026-05-29,2026-06-02,Closed,7,4.8,false,Portal,Medium,Northfield Teachers Retirement 27,Sovereign,Key,Mountain West,Hannah Roberts,Isabella Collins,false
AM-SR-003118,AM-CL-0016,E-0269,Onboarding Document,2025-07-03,2025-07-10,Closed,7,7.06,true,Phone,Low,Ironwood Sovereign Fund 16,Sovereign,Key,Pacific,Maya Ashford,Noah Hall,true
AM-SR-003119,AM-CL-0029,E-0266,Fee Invoice Question,2024-10-18,2024-10-21,Closed,5,3.91,false,Portal,Medium,Granite Capital Partners 29,Sovereign,Key,Midwest,Iris Allen,Ethan Roberts,false
AM-SR-003120,AM-CL-0112,E-0289,Compliance Attestation,2026-01-19,2026-02-01,Closed,10,13.88,true,Portal,High,Northfield University Endowment 112,Endowment,Standard,APAC,Fatima Okafor,Victor Nguyen,false
AM-SR-003121,AM-CL-0127,E-0266,Fee Invoice Question,2026-01-19,2026-01-21,Closed,5,2.5,false,Portal,Low,Granite Community Foundation 127,Sovereign,Standard,APAC,Layla Carter,Ethan Roberts,false
AM-SR-003122,AM-CL-0118,E-0274,Cash Movement,2025-01-23,2025-01-23,Closed,1,0.78,false,Email,Low,Silverline Community Foundation 118,Family Office,Key,Midwest,Maya Ashford,Hannah Young,false
AM-SR-003123,AM-CL-0084,E-0287,Onboarding Document,2025-07-06,2025-07-11,Closed,7,5.57,false,Portal,Medium,Ironwood Community Foundation 84,Sovereign,Standard,Southeast,Noah Nelson,Emma Allen,true
AM-SR-003124,AM-CL-0113,E-0270,Performance Report,2026-04-22,2026-04-24,Closed,5,2.98,false,Email,Low,Harbor Teachers Retirement 113,Insurance GA,Standard,APAC,Leo King,Sara Kim,false
AM-SR-003125,AM-CL-0070,E-0282,Onboarding Document,2026-04-10,2026-04-16,Closed,7,6.55,false,Email,Medium,Cascade Capital Partners 70,Public Pension,Strategic,EMEA,Noah Nelson,Julian Adams,true
AM-SR-003126,AM-CL-0028,E-0279,Data Feed Issue,2024-10-16,2024-10-16,Closed,2,0.47,false,Phone,Medium,Silverline Teachers Retirement 28,Public Pension,Key,Pacific,Layla Carter,Ravi Campbell,false
AM-SR-003127,AM-CL-0021,E-0286,Compliance Attestation,2025-12-06,2025-12-10,Closed,10,4.87,false,Email,Low,Lakeshore Sovereign Fund 21,Sub-Advisory,Strategic,Pacific,Tom Silva,Daniel Nguyen,false
AM-SR-003128,AM-CL-0080,E-0275,Reconciliation,2024-11-29,2024-12-02,Closed,3,3.15,true,Email,Low,Harbor Teachers Retirement 80,Insurance GA,Standard,Pacific,Layla Carter,Daniel Allen,false
AM-SR-003129,AM-CL-0066,E-0278,Fee Invoice Question,2025-07-04,2025-07-10,Closed,5,6.17,true,Portal,Medium,Cascade Mutual Insurance 66,Family Office,Strategic,Midwest,Luis Silva,Lauren Lopez,true
AM-SR-003130,AM-CL-0112,E-0289,Data Feed Issue,2025-03-01,2025-03-03,Closed,2,2.03,true,Email,Medium,Northfield University Endowment 112,Endowment,Standard,APAC,Fatima Okafor,Victor Nguyen,false
AM-SR-003131,AM-CL-0107,E-0281,Performance Report,2025-02-08,2025-02-10,Closed,5,2.89,false,Email,Low,Harbor Teachers Retirement 107,Sub-Advisory,Key,Pacific,Priya Martinez,Sofia Campbell,false
AM-SR-003132,AM-CL-0078,E-0278,Cash Movement,2026-08-14,2026-08-15,Closed,1,1.0,true,Email,Low,Lakeshore Employees Pension 78,Insurance GA,Standard,EMEA,Julian Collins,Lauren Lopez,false
AM-SR-003133,AM-CL-0120,E-0279,Fee Invoice Question,2024-09-05,2024-09-11,Closed,5,6.32,true,Email,Low,Ironwood Capital Partners 120,Foundation,Standard,Pacific,Owen Okafor,Ravi Campbell,false
AM-SR-003134,AM-CL-0120,E-0279,Performance Report,2026-02-25,2026-03-06,Closed,5,9.34,true,Email,Medium,Ironwood Capital Partners 120,Foundation,Standard,Pacific,Owen Okafor,Ravi Campbell,false
AM-SR-003135,AM-CL-0070,E-0282,Performance Report,2026-01-28,2026-02-05,Closed,5,8.6,true,Email,Medium,Cascade Capital Partners 70,Public Pension,Strategic,EMEA,Noah Nelson,Julian Adams,false
AM-SR-003136,AM-CL-0071,E-0279,Performance Report,2024-11-10,2024-11-16,Closed,5,6.87,true,Email,Medium,Ironwood Capital Partners 71,Insurance GA,Standard,Mountain West,Iris Allen,Ravi Campbell,false
AM-SR-003137,AM-CL-0020,E-0266,Reconciliation,2024-12-17,2024-12-18,Closed,3,1.3,false,Email,Low,Summit Capital Partners 20,Corporate Pension,Standard,Mountain West,Wei Thomas,Ethan Roberts,false
AM-SR-003138,AM-CL-0011,E-0271,Data Feed Issue,2026-06-20,2026-06-23,Closed,2,3.96,true,Email,Low,Lakeshore Community Foundation 11,Corporate Pension,Key,Midwest,Julian Collins,Isabella Collins,false
AM-SR-003139,AM-CL-0135,E-0287,Reconciliation,2024-11-11,2024-11-14,Closed,3,3.01,true,Email,Medium,Meridian Capital Partners 135,Public Pension,Standard,Southeast,Tom Silva,Emma Allen,false
AM-SR-003140,AM-CL-0013,E-0277,Reconciliation,2025-09-12,2025-09-13,Closed,3,1.42,false,Email,Low,Meridian Teachers Retirement 13,Sovereign,Standard,Northeast,Leo King,Kenji White,false
AM-SR-003141,AM-CL-0004,E-0272,Performance Report,2025-06-03,2025-06-05,Closed,5,2.06,false,Email,Low,Lakeshore Teachers Retirement 4,Sub-Advisory,Key,EMEA,Julian Collins,Aisha Green,false
AM-SR-003142,AM-CL-0035,E-0267,Onboarding Document,2025-09-23,2025-09-27,Closed,7,4.72,false,Portal,Low,Harbor Capital Partners 35,Endowment,Strategic,Southeast,Iris Kim,Felix Stewart,false
AM-SR-003143,AM-CL-0130,E-0273,Cash Movement,2026-02-02,2026-02-02,Closed,1,0.32,false,Email,Low,Lakeshore University Endowment 130,Public Pension,Key,Northeast,Owen Okafor,Samuel Wright,false
AM-SR-003144,AM-CL-0020,E-0266,Performance Report,2026-01-18,2026-01-20,Closed,5,2.22,false,Email,Low,Summit Capital Partners 20,Corporate Pension,Standard,Mountain West,Wei Thomas,Ethan Roberts,false
AM-SR-003145,AM-CL-0127,E-0266,Cash Movement,2025-03-07,2025-03-07,Closed,1,0.53,false,Email,Low,Granite Community Foundation 127,Sovereign,Standard,APAC,Layla Carter,Ethan Roberts,false
AM-SR-003146,AM-CL-0043,E-0267,Performance Report,2025-05-11,2025-05-16,Closed,5,5.25,true,Email,Medium,Lakeshore Community Foundation 43,Family Office,Key,Pacific,Rosa Miller,Felix Stewart,false
AM-SR-003147,AM-CL-0091,E-0285,Onboarding Document,2025-11-11,2025-11-14,Closed,7,3.65,false,Phone,Medium,Northfield University Endowment 91,Insurance GA,Standard,Mountain West,Owen Okafor,Aisha Ashford,false
AM-SR-003148,AM-CL-0008,E-0279,Performance Report,2025-10-28,2025-11-03,Closed,5,6.23,true,Email,Medium,Granite Community Foundation 8,Insurance GA,Standard,Mountain West,Luis Silva,Ravi Campbell,false
AM-SR-003149,AM-CL-0120,E-0279,Performance Report,2026-03-29,2026-04-02,Closed,5,4.28,false,Phone,Low,Ironwood Capital Partners 120,Foundation,Standard,Pacific,Owen Okafor,Ravi Campbell,false
AM-SR-003150,AM-CL-0115,E-0274,Fee Invoice Question,2024-09-27,2024-10-01,Closed,5,4.16,false,Portal,Low,Ironwood Capital Partners 115,Public Pension,Key,EMEA,Maya Ashford,Hannah Young,false
AM-SR-003151,AM-CL-0045,E-0269,Compliance Attestation,2026-03-25,2026-04-02,Closed,10,8.78,false,Email,Medium,Blue Ridge Teachers Retirement 45,Family Office,Strategic,Southeast,Maya Ashford,Noah Hall,false
AM-SR-003152,AM-CL-0107,E-0281,Reconciliation,2025-07-19,2025-07-20,Closed,3,1.71,false,Portal,High,Harbor Teachers Retirement 107,Sub-Advisory,Key,Pacific,Priya Martinez,Sofia Campbell,false
AM-SR-003153,AM-CL-0137,E-0284,Performance Report,2026-06-19,2026-06-22,Closed,5,3.74,false,Portal,Low,Northfield Sovereign Fund 137,Endowment,Strategic,Mountain West,Grace Bailey,Iris Thomas,false
AM-SR-003154,AM-CL-0135,E-0287,Fee Invoice Question,2024-10-14,2024-10-22,Closed,5,8.6,true,Phone,Low,Meridian Capital Partners 135,Public Pension,Standard,Southeast,Tom Silva,Emma Allen,false
AM-SR-003155,AM-CL-0097,E-0289,Performance Report,2024-09-26,2024-09-27,Closed,5,1.05,false,Email,Low,Summit Capital Partners 97,Corporate Pension,Standard,Northeast,Fatima Okafor,Victor Nguyen,false
AM-SR-003156,AM-CL-0130,E-0273,Reconciliation,2025-07-30,2025-07-30,Closed,3,0.73,false,Email,Low,Lakeshore University Endowment 130,Public Pension,Key,Northeast,Owen Okafor,Samuel Wright,false
AM-SR-003157,AM-CL-0032,E-0279,Fee Invoice Question,2026-06-04,2026-06-08,Closed,5,4.79,false,Email,Low,Meridian Sovereign Fund 32,Corporate Pension,Standard,Mountain West,Priya Martinez,Ravi Campbell,false
AM-SR-003158,AM-CL-0028,E-0279,Onboarding Document,2025-06-22,2025-07-06,Closed,7,14.06,true,Email,Medium,Silverline Teachers Retirement 28,Public Pension,Key,Pacific,Layla Carter,Ravi Campbell,false
AM-SR-003159,AM-CL-0104,E-0279,Performance Report,2025-05-16,2025-05-17,Closed,5,1.41,false,Email,Medium,Blue Ridge University Endowment 104,Sub-Advisory,Standard,Pacific,Owen Okafor,Ravi Campbell,false
AM-SR-003160,AM-CL-0018,E-0266,Compliance Attestation,2025-03-28,2025-04-07,Closed,10,10.27,true,Email,Medium,Meridian Mutual Insurance 18,Public Pension,Key,Pacific,Noah Carter,Ethan Roberts,false
AM-SR-003161,AM-CL-0137,E-0284,Reconciliation,2026-02-18,2026-02-19,Closed,3,1.83,false,Email,Medium,Northfield Sovereign Fund 137,Endowment,Strategic,Mountain West,Grace Bailey,Iris Thomas,false
AM-SR-003162,AM-CL-0088,E-0271,Performance Report,2024-12-06,2024-12-09,Closed,5,3.53,false,Email,Medium,Northfield Mutual Insurance 88,Sub-Advisory,Key,Midwest,Fatima Okafor,Isabella Collins,false
AM-SR-003163,AM-CL-0073,E-0269,Reconciliation,2025-05-01,2025-05-02,Closed,3,1.72,false,Email,Medium,Ironwood Employees Pension 73,Sub-Advisory,Strategic,Southeast,Hannah Roberts,Noah Hall,false
AM-SR-003164,AM-CL-0097,E-0289,Performance Report,2025-07-23,2025-07-27,Closed,5,4.32,false,Email,Medium,Summit Capital Partners 97,Corporate Pension,Standard,Northeast,Fatima Okafor,Victor Nguyen,false
AM-SR-003165,AM-CL-0001,E-0279,Performance Report,2025-02-19,2025-02-22,Closed,5,3.54,false,Email,Medium,Lakeshore Employees Pension 1,Sub-Advisory,Strategic,Pacific,Wei Thomas,Ravi Campbell,false
AM-SR-003166,AM-CL-0043,E-0267,Performance Report,2025-01-15,2025-01-20,Closed,5,5.99,true,Email,Medium,Lakeshore Community Foundation 43,Family Office,Key,Pacific,Rosa Miller,Felix Stewart,false
AM-SR-003167,AM-CL-0078,E-0278,Performance Report,2024-11-20,2024-11-24,Closed,5,4.8,false,Email,Low,Lakeshore Employees Pension 78,Insurance GA,Standard,EMEA,Julian Collins,Lauren Lopez,false
AM-SR-003168,AM-CL-0018,E-0266,Fee Invoice Question,2026-06-15,2026-06-21,Closed,5,6.55,true,Email,Low,Meridian Mutual Insurance 18,Public Pension,Key,Pacific,Noah Carter,Ethan Roberts,false
AM-SR-003169,AM-CL-0048,E-0284,Fee Invoice Question,2025-10-05,2025-10-09,Closed,5,4.99,false,Email,Low,Lakeshore Community Foundation 48,Family Office,Strategic,Mountain West,Grace Martinez,Iris Thomas,true
AM-SR-003170,AM-CL-0110,E-0286,Performance Report,2025-03-11,2025-03-12,Closed,5,1.57,false,Portal,Medium,Summit Community Foundation 110,Public Pension,Standard,Northeast,Grace Martinez,Daniel Nguyen,false
AM-SR-003171,AM-CL-0033,E-0266,Performance Report,2025-09-20,2025-09-26,Closed,5,6.7,true,Phone,Medium,Summit Employees Pension 33,Family Office,Standard,EMEA,Hannah Young,Ethan Roberts,false
AM-SR-003172,AM-CL-0113,E-0270,Reconciliation,2025-07-05,2025-07-19,Closed,3,14.33,true,Email,Medium,Harbor Teachers Retirement 113,Insurance GA,Standard,APAC,Leo King,Sara Kim,true
AM-SR-003173,AM-CL-0042,E-0286,Performance Report,2025-06-11,2025-06-15,Closed,5,4.07,false,Email,Medium,Blue Ridge Teachers Retirement 42,Public Pension,Standard,Mountain West,Layla Carter,Daniel Nguyen,false
AM-SR-003174,AM-CL-0016,E-0269,Cash Movement,2025-06-16,2025-06-17,Closed,1,1.3,true,Portal,Low,Ironwood Sovereign Fund 16,Sovereign,Key,Pacific,Maya Ashford,Noah Hall,false
AM-SR-003175,AM-CL-0018,E-0266,Cash Movement,2025-07-16,2025-07-16,Closed,1,0.76,false,Portal,High,Meridian Mutual Insurance 18,Public Pension,Key,Pacific,Noah Carter,Ethan Roberts,false
AM-SR-003176,AM-CL-0128,E-0286,Performance Report,2026-02-07,2026-02-08,Closed,5,1.89,false,Email,Low,Cascade Mutual Insurance 128,Sub-Advisory,Key,Northeast,Noah Carter,Daniel Nguyen,false
AM-SR-003177,AM-CL-0125,E-0286,Performance Report,2025-03-26,2025-03-29,Closed,5,3.73,false,Email,Low,Northfield Mutual Insurance 125,Insurance GA,Key,Mountain West,Luis Silva,Daniel Nguyen,false
AM-SR-003178,AM-CL-0069,E-0274,Reconciliation,2025-04-13,2025-04-14,Closed,3,1.09,false,Email,Low,Northfield Community Foundation 69,Family Office,Standard,Southeast,Hannah Roberts,Hannah Young,false
AM-SR-003179,AM-CL-0101,E-0289,Fee Invoice Question,2026-08-18,2026-08-21,Closed,5,3.15,false,Portal,Medium,Harbor University Endowment 101,Family Office,Key,Northeast,Luis Ashford,Victor Nguyen,false
AM-SR-003180,AM-CL-0072,E-0286,Reconciliation,2025-02-28,2025-03-02,Closed,3,2.78,false,Portal,High,Blue Ridge Mutual Insurance 72,Foundation,Standard,Mountain West,Fatima Okafor,Daniel Nguyen,false
AM-SR-003181,AM-CL-0070,E-0282,Reconciliation,2024-12-04,2024-12-05,Closed,3,1.49,false,Email,Low,Cascade Capital Partners 70,Public Pension,Strategic,EMEA,Noah Nelson,Julian Adams,false
AM-SR-003182,AM-CL-0058,E-0280,Cash Movement,2025-11-12,2025-11-12,Closed,1,0.42,false,Email,Medium,Harbor Teachers Retirement 58,Sub-Advisory,Standard,APAC,Fatima Patel,Mateo Harris,false
AM-SR-003183,AM-CL-0111,E-0270,Cash Movement,2026-04-04,2026-04-05,Closed,1,1.46,true,Email,Low,Blue Ridge University Endowment 111,Sovereign,Strategic,Pacific,Iris Allen,Sara Kim,true
AM-SR-003184,AM-CL-0013,E-0277,Cash Movement,2026-03-05,2026-03-06,Closed,1,1.1,true,Portal,Low,Meridian Teachers Retirement 13,Sovereign,Standard,Northeast,Leo King,Kenji White,false
AM-SR-003185,AM-CL-0082,E-0275,Data Feed Issue,2026-05-27,2026-05-29,Closed,2,2.36,true,Portal,Low,Harbor Sovereign Fund 82,Foundation,Key,APAC,Iris Allen,Daniel Allen,false
AM-SR-003186,AM-CL-0102,E-0277,Cash Movement,2025-12-29,2025-12-30,Closed,1,1.15,true,Email,High,Granite Community Foundation 102,Endowment,Strategic,APAC,Noah Nelson,Kenji White,false
AM-SR-003187,AM-CL-0045,E-0269,Cash Movement,2024-09-20,2024-09-21,Closed,1,1.12,true,Email,Medium,Blue Ridge Teachers Retirement 45,Family Office,Strategic,Southeast,Maya Ashford,Noah Hall,false
AM-SR-003188,AM-CL-0132,E-0273,Data Feed Issue,2025-04-23,2025-04-24,Closed,2,1.25,false,Email,Low,Blue Ridge Teachers Retirement 132,Sovereign,Standard,APAC,Fatima Patel,Samuel Wright,false
AM-SR-003189,AM-CL-0099,E-0279,Fee Invoice Question,2026-07-03,2026-07-09,Closed,5,6.44,true,Portal,High,Cascade Teachers Retirement 99,Foundation,Key,APAC,Hannah Young,Ravi Campbell,true
AM-SR-003190,AM-CL-0123,E-0272,Reconciliation,2025-04-22,2025-04-22,Closed,3,0.69,false,Email,Medium,Cascade Mutual Insurance 123,Sub-Advisory,Standard,Southeast,Layla Carter,Aisha Green,false
AM-SR-003191,AM-CL-0002,E-0268,Data Feed Issue,2026-04-12,2026-04-14,Closed,2,2.08,true,Email,Medium,Blue Ridge Sovereign Fund 2,Family Office,Key,EMEA,Noah Carter,Rosa Nguyen,true
AM-SR-003192,AM-CL-0091,E-0285,Onboarding Document,2026-02-04,2026-02-09,Closed,7,5.93,false,Portal,Medium,Northfield University Endowment 91,Insurance GA,Standard,Mountain West,Owen Okafor,Aisha Ashford,false
AM-SR-003193,AM-CL-0136,E-0287,Reconciliation,2025-07-19,2025-07-22,Closed,3,3.34,true,Portal,Medium,Summit University Endowment 136,Insurance GA,Key,APAC,Owen Okafor,Emma Allen,false
AM-SR-003194,AM-CL-0023,E-0285,Cash Movement,2026-04-10,2026-04-10,Closed,1,0.61,false,Email,Low,Harbor Community Foundation 23,Public Pension,Key,Midwest,Sofia Bailey,Aisha Ashford,true
AM-SR-003195,AM-CL-0073,E-0269,Performance Report,2026-07-10,2026-07-14,Closed,5,4.47,false,Phone,Medium,Ironwood Employees Pension 73,Sub-Advisory,Strategic,Southeast,Hannah Roberts,Noah Hall,true
AM-SR-003196,AM-CL-0117,E-0289,Performance Report,2025-01-07,2025-01-08,Closed,5,1.05,false,Portal,Medium,Lakeshore Teachers Retirement 117,Endowment,Standard,EMEA,Wei Thomas,Victor Nguyen,true
AM-SR-003197,AM-CL-0075,E-0270,Onboarding Document,2026-02-21,2026-02-25,Closed,7,4.09,false,Email,Low,Harbor Teachers Retirement 75,Endowment,Standard,Mountain West,Fatima Patel,Sara Kim,false
AM-SR-003198,AM-CL-0017,E-0281,Performance Report,2025-05-31,2025-06-07,Closed,5,7.2,true,Email,Low,Lakeshore Teachers Retirement 17,Family Office,Standard,EMEA,Tom Silva,Sofia Campbell,false
AM-SR-003199,AM-CL-0112,E-0289,Fee Invoice Question,2026-05-16,2026-05-18,Closed,5,2.65,false,Email,Medium,Northfield University Endowment 112,Endowment,Standard,APAC,Fatima Okafor,Victor Nguyen,false
AM-SR-003200,AM-CL-0027,E-0271,Performance Report,2025-07-22,2025-07-24,Closed,5,2.94,false,Portal,Medium,Northfield Teachers Retirement 27,Sovereign,Key,Mountain West,Hannah Roberts,Isabella Collins,false
