ClientHouseholdId,HouseholdName,PrimaryContactName,AdvisorId,BranchId,AUM,RiskProfile,LifeStage,ClientSince,LastReviewDate,ProductsHeld
FA-HH-00001,Walker Household,Ravi Walker,E-0162,BR-019,207141.78,Moderate,Accumulation,2023-12-02,2026-03-09,2
FA-HH-00002,Young Household,Zara Young,E-0162,BR-019,484390.47,Conservative,Retirement,2026-03-07,2025-07-16,2
FA-HH-00003,Kim Household,Ava Kim,E-0180,BR-010,775776.11,Conservative,Retirement,2016-06-29,2025-12-24,1
FA-HH-00004,Parker Household,Jamal Parker,E-0168,BR-017,231331.1,Moderate,Pre-Retirement,2014-12-02,2025-10-16,6
FA-HH-00005,Parker Household,Tom Parker,E-0151,BR-020,122994.61,Moderate,Accumulation,2016-12-21,2026-01-24,6
FA-HH-00006,Parker Household,Naomi Parker,E-0165,BR-016,268694.93,Aggressive,Retirement,2014-04-25,2026-02-10,6
FA-HH-00007,White Household,Isabella White,E-0153,BR-022,315159.31,Conservative,Accumulation,2023-04-30,2026-04-20,1
FA-HH-00008,Campbell Household,Ines Campbell,E-0164,BR-015,64478.79,Moderate,Accumulation,2012-09-26,2026-03-19,1
FA-HH-00009,King Household,Layla King,E-0170,BR-008,222653.17,Moderate,Accumulation,2023-05-24,2025-12-24,5
FA-HH-00010,Adams Household,Henry Adams,E-0153,BR-022,219132.89,Moderate,Pre-Retirement,2017-04-06,2026-03-18,6
FA-HH-00011,Miller Household,Ines Miller,E-0147,BR-008,219047.2,Moderate,Accumulation,2017-02-19,2025-06-11,6
FA-HH-00012,Davis Household,Tom Davis,E-0160,BR-014,263230.22,Growth,Accumulation,2012-04-12,2026-03-09,2
FA-HH-00013,Roberts Household,Fatima Roberts,E-0144,BR-027,345387.79,Moderate,Retirement,2020-01-14,2026-07-30,3
FA-HH-00014,Turner Household,Naomi Turner,E-0160,BR-014,56808.14,Moderate,Accumulation,2024-11-21,2026-04-02,2
FA-HH-00015,Johnson Household,Luis Johnson,E-0143,BR-011,240187.64,Aggressive,Accumulation,2014-08-25,2026-01-02,6
FA-HH-00016,Brown Household,Henry Brown,E-0168,BR-017,384396.46,Moderate,Pre-Retirement,2021-07-14,2026-05-01,5
FA-HH-00017,Allen Household,Isabella Allen,E-0147,BR-008,175849.75,Conservative,Pre-Retirement,2014-09-29,2026-01-08,4
FA-HH-00018,Collins Household,Mei Collins,E-0159,BR-021,174208.32,Conservative,Legacy,2019-12-19,2025-10-16,5
FA-HH-00019,Thomas Household,Leo Thomas,E-0171,BR-016,114335.09,Growth,Accumulation,2017-07-10,2026-02-18,6
FA-HH-00020,Harris Household,Layla Harris,E-0159,BR-021,164273.0,Moderate,Retirement,2013-12-08,2026-04-14,4
FA-HH-00021,Martinez Household,Ethan Martinez,E-0152,BR-010,201779.68,Aggressive,Accumulation,2011-02-08,2026-03-25,4
FA-HH-00022,Ashford Household,Ines Ashford,E-0168,BR-017,771405.29,Aggressive,Pre-Retirement,2012-05-03,2025-10-22,3
FA-HH-00023,Adams Household,Isabella Adams,E-0176,BR-004,163857.46,Growth,Pre-Retirement,2011-08-24,2025-09-29,2
FA-HH-00024,Young Household,Elena Young,E-0173,BR-019,222589.26,Moderate,Accumulation,2015-04-15,2025-07-28,4
FA-HH-00025,Scott Household,Maya Scott,E-0172,BR-008,1484325.37,Conservative,Pre-Retirement,2024-09-10,2025-09-23,3
FA-HH-00026,Nelson Household,Diego Nelson,E-0146,BR-021,412694.23,Growth,Accumulation,2010-10-11,2025-07-08,5
FA-HH-00027,Thomas Household,Tom Thomas,E-0161,BR-025,786501.61,Growth,Accumulation,2026-03-30,2025-09-19,1
FA-HH-00028,Wilson Household,Naomi Wilson,E-0165,BR-016,169738.24,Growth,Retirement,2016-02-12,2026-06-21,5
FA-HH-00029,Green Household,Leo Green,E-0167,BR-029,725771.52,Moderate,Accumulation,2023-12-25,2026-06-02,1
FA-HH-00030,Martinez Household,Marcus Martinez,E-0159,BR-021,37949.54,Moderate,Accumulation,2013-05-04,2025-12-11,4
FA-HH-00031,Taylor Household,Leo Taylor,E-0180,BR-010,913602.05,Moderate,Retirement,2018-09-16,2026-06-24,4
FA-HH-00032,Moore Household,Olivia Moore,E-0166,BR-007,141418.65,Moderate,Legacy,2021-03-22,2025-09-14,2
FA-HH-00033,Parker Household,Lauren Parker,E-0176,BR-004,461952.23,Growth,Pre-Retirement,2021-10-12,2026-06-02,2
FA-HH-00034,Green Household,Kenji Green,E-0156,BR-012,323067.53,Growth,Retirement,2014-11-12,2025-09-12,3
FA-HH-00035,Hall Household,Jonathan Hall,E-0150,BR-009,167865.73,Conservative,Accumulation,2010-09-20,2026-07-07,6
FA-HH-00036,Mitchell Household,Ravi Mitchell,E-0173,BR-019,433456.08,Conservative,Pre-Retirement,2026-06-17,2026-02-09,5
FA-HH-00037,Wilson Household,Grace Wilson,E-0179,BR-025,1332334.59,Growth,Retirement,2016-08-17,2025-07-28,4
FA-HH-00038,Allen Household,Luis Allen,E-0141,BR-005,1350642.84,Moderate,Retirement,2023-03-27,2025-06-09,4
FA-HH-00039,Thomas Household,Aisha Thomas,E-0167,BR-029,216407.29,Moderate,Legacy,2026-03-26,2025-12-07,4
FA-HH-00040,Harris Household,Rosa Harris,E-0142,BR-009,1294237.32,Conservative,Retirement,2015-01-05,2026-04-24,1
FA-HH-00041,Bailey Household,Grace Bailey,E-0144,BR-027,216863.2,Growth,Pre-Retirement,2024-06-24,2025-10-02,4
FA-HH-00042,Edwards Household,Mei Edwards,E-0148,BR-008,20000,Conservative,Retirement,2025-11-10,2025-10-20,3
FA-HH-00043,Lopez Household,Hannah Lopez,E-0171,BR-016,225167.77,Moderate,Accumulation,2012-08-03,2025-12-04,2
FA-HH-00044,Mitchell Household,Elena Mitchell,E-0179,BR-025,75027.18,Aggressive,Pre-Retirement,2017-07-17,2026-07-12,2
FA-HH-00045,Miller Household,Samuel Miller,E-0174,BR-012,89601.08,Moderate,Pre-Retirement,2014-03-28,2026-07-28,1
FA-HH-00046,Johnson Household,Mateo Johnson,E-0166,BR-007,44310.31,Growth,Legacy,2012-12-21,2026-07-23,3
FA-HH-00047,Green Household,Grace Green,E-0169,BR-024,348164.84,Moderate,Accumulation,2010-03-09,2026-03-11,2
FA-HH-00048,Bailey Household,Zara Bailey,E-0178,BR-024,672131.98,Growth,Pre-Retirement,2020-02-28,2025-09-24,5
FA-HH-00049,Campbell Household,Isabella Campbell,E-0156,BR-012,279096.43,Aggressive,Pre-Retirement,2010-02-07,2025-07-09,1
FA-HH-00050,Collins Household,Mei Collins,E-0153,BR-022,479716.96,Moderate,Retirement,2016-11-04,2025-09-21,3
FA-HH-00051,Lopez Household,Marcus Lopez,E-0148,BR-008,646122.1,Aggressive,Accumulation,2019-02-27,2026-01-23,4
FA-HH-00052,Roberts Household,Maya Roberts,E-0172,BR-008,90715.43,Growth,Accumulation,2016-12-04,2026-06-05,1
FA-HH-00053,Adams Household,Yuki Adams,E-0173,BR-019,976989.01,Moderate,Legacy,2010-03-17,2025-07-10,3
FA-HH-00054,Ruiz Household,Derek Ruiz,E-0149,BR-019,54703.62,Conservative,Accumulation,2012-05-28,2026-06-13,2
FA-HH-00055,Carter Household,Felix Carter,E-0167,BR-029,160315.74,Conservative,Pre-Retirement,2020-01-07,2026-01-12,4
FA-HH-00056,Wright Household,Layla Wright,E-0168,BR-017,188308.31,Moderate,Pre-Retirement,2021-02-24,2025-07-24,3
FA-HH-00057,Wright Household,Isabella Wright,E-0179,BR-025,963705.92,Growth,Accumulation,2024-06-02,2025-06-23,5
FA-HH-00058,Vaughn Household,Andre Vaughn,E-0161,BR-025,358886.17,Conservative,Accumulation,2024-02-23,2025-12-04,4
FA-HH-00059,Evans Household,Jamal Evans,E-0180,BR-010,183166.78,Conservative,Retirement,2015-08-30,2026-02-15,4
FA-HH-00060,Nguyen Household,Olivia Nguyen,E-0170,BR-008,299232.99,Conservative,Pre-Retirement,2011-02-05,2025-09-06,5
FA-HH-00061,Okafor Household,Chloe Okafor,E-0158,BR-027,574190.22,Growth,Retirement,2019-02-20,2025-11-19,2
FA-HH-00062,Clark Household,Emma Clark,E-0178,BR-024,126935.96,Growth,Accumulation,2018-06-19,2026-06-30,6
FA-HH-00063,Morris Household,Owen Morris,E-0152,BR-010,85193.47,Conservative,Accumulation,2018-04-26,2025-07-08,1
FA-HH-00064,Collins Household,Marcus Collins,E-0143,BR-011,1114192.27,Growth,Pre-Retirement,2024-09-14,2025-12-31,1
FA-HH-00065,Campbell Household,Sofia Campbell,E-0149,BR-019,103230.54,Moderate,Retirement,2022-06-12,2025-10-07,5
FA-HH-00066,Martinez Household,Carlos Martinez,E-0142,BR-009,161996.81,Moderate,Pre-Retirement,2023-10-23,2025-10-11,5
FA-HH-00067,Jackson Household,Aisha Jackson,E-0170,BR-008,80354.67,Moderate,Retirement,2011-04-02,2025-11-25,1
FA-HH-00068,Edwards Household,Aisha Edwards,E-0159,BR-021,375819.27,Moderate,Accumulation,2013-02-14,2025-10-17,5
FA-HH-00069,Silva Household,Samuel Silva,E-0173,BR-019,126559.41,Aggressive,Retirement,2017-09-12,2026-08-25,4
FA-HH-00070,Baker Household,Noah Baker,E-0147,BR-008,222218.93,Growth,Accumulation,2012-09-24,2026-01-08,2
FA-HH-00071,Vaughn Household,Daniel Vaughn,E-0148,BR-008,106839.46,Moderate,Accumulation,2015-02-21,2025-09-22,2
FA-HH-00072,Phillips Household,Marcus Phillips,E-0157,BR-003,1859686.79,Conservative,Accumulation,2016-06-01,2025-06-01,5
FA-HH-00073,Scott Household,Tom Scott,E-0151,BR-020,149208.98,Moderate,Retirement,2023-01-21,2026-05-12,2
FA-HH-00074,Nelson Household,Fatima Nelson,E-0170,BR-008,498236.04,Conservative,Accumulation,2015-04-23,2026-04-03,6
FA-HH-00075,Wilson Household,Ava Wilson,E-0160,BR-014,801594.82,Conservative,Retirement,2025-02-13,2026-01-31,3
FA-HH-00076,Wright Household,Naomi Wright,E-0162,BR-019,150317.6,Conservative,Accumulation,2020-05-12,2026-05-11,4
FA-HH-00077,Ruiz Household,Samuel Ruiz,E-0180,BR-010,108037.56,Growth,Accumulation,2022-01-31,2026-07-20,2
FA-HH-00078,Okafor Household,Iris Okafor,E-0162,BR-019,487413.03,Conservative,Retirement,2016-03-03,2025-12-04,1
FA-HH-00079,Collins Household,Hannah Collins,E-0149,BR-019,771796.84,Conservative,Retirement,2015-07-16,2026-03-25,4
FA-HH-00080,Bailey Household,Grace Bailey,E-0153,BR-022,168532.86,Moderate,Accumulation,2024-09-15,2025-11-01,5
FA-HH-00081,Vaughn Household,Wei Vaughn,E-0180,BR-010,71159.24,Moderate,Accumulation,2012-01-16,2026-02-15,6
FA-HH-00082,Patel Household,Leo Patel,E-0169,BR-024,208954.87,Moderate,Accumulation,2013-08-02,2025-09-19,6
FA-HH-00083,Green Household,Ethan Green,E-0152,BR-010,52117.7,Growth,Retirement,2016-12-02,2026-07-09,5
FA-HH-00084,Mitchell Household,Ines Mitchell,E-0152,BR-010,1651988.28,Moderate,Accumulation,2022-03-10,2025-07-06,4
FA-HH-00085,Davis Household,Henry Davis,E-0170,BR-008,375741.73,Aggressive,Retirement,2021-12-08,2026-07-28,3
FA-HH-00086,Ashford Household,Iris Ashford,E-0143,BR-011,160737.52,Moderate,Accumulation,2016-08-01,2026-02-07,3
FA-HH-00087,Carter Household,Victor Carter,E-0162,BR-019,93408.71,Moderate,Retirement,2019-08-25,2025-09-02,3
FA-HH-00088,Edwards Household,Grace Edwards,E-0151,BR-020,417173.65,Growth,Pre-Retirement,2012-07-29,2025-09-06,6
FA-HH-00089,Parker Household,Priya Parker,E-0144,BR-027,1457700.3,Moderate,Legacy,2012-11-12,2025-07-28,1
FA-HH-00090,Thomas Household,Noah Thomas,E-0155,BR-025,225545.01,Moderate,Accumulation,2023-10-30,2026-07-15,4
FA-HH-00091,Thomas Household,Diego Thomas,E-0158,BR-027,106686.29,Moderate,Pre-Retirement,2023-12-20,2026-02-05,5
FA-HH-00092,Jackson Household,Ava Jackson,E-0164,BR-015,262343.34,Growth,Pre-Retirement,2026-05-01,2025-11-13,5
FA-HH-00093,Chen Household,Felix Chen,E-0154,BR-007,764841.85,Growth,Pre-Retirement,2018-07-07,2026-01-10,3
FA-HH-00094,Young Household,Diego Young,E-0168,BR-017,494731.46,Growth,Retirement,2024-04-29,2025-09-26,3
FA-HH-00095,Thomas Household,Chloe Thomas,E-0150,BR-009,154649.84,Aggressive,Pre-Retirement,2021-03-20,2025-09-16,3
FA-HH-00096,Kim Household,Victor Kim,E-0145,BR-001,121485.85,Moderate,Accumulation,2020-08-31,2025-08-10,3
FA-HH-00097,Brown Household,Ethan Brown,E-0168,BR-017,542804.09,Conservative,Accumulation,2017-02-18,2026-06-25,1
FA-HH-00098,Davis Household,Maya Davis,E-0146,BR-021,1451292.03,Growth,Retirement,2023-04-03,2025-10-14,2
FA-HH-00099,Allen Household,Zara Allen,E-0150,BR-009,32205.29,Moderate,Pre-Retirement,2018-01-25,2026-07-06,6
FA-HH-00100,Nguyen Household,Maya Nguyen,E-0151,BR-020,160600.72,Moderate,Accumulation,2014-08-23,2025-12-06,1
FA-HH-00101,Johnson Household,Samuel Johnson,E-0170,BR-008,275942.93,Moderate,Pre-Retirement,2017-05-06,2026-07-31,3
FA-HH-00102,Ruiz Household,Wei Ruiz,E-0157,BR-003,30064.73,Moderate,Pre-Retirement,2018-10-08,2026-02-09,5
FA-HH-00103,Mitchell Household,Priya Mitchell,E-0141,BR-005,219839.45,Moderate,Accumulation,2023-01-16,2026-03-16,1
FA-HH-00104,Davis Household,Andre Davis,E-0149,BR-019,224725.37,Moderate,Accumulation,2024-04-19,2026-05-22,5
FA-HH-00105,Jackson Household,Fatima Jackson,E-0146,BR-021,425916.84,Moderate,Legacy,2022-06-09,2026-08-06,4
FA-HH-00106,Johnson Household,Ava Johnson,E-0173,BR-019,734505.19,Conservative,Pre-Retirement,2022-11-05,2025-08-22,5
FA-HH-00107,Roberts Household,Sara Roberts,E-0152,BR-010,321085.39,Conservative,Accumulation,2015-04-27,2026-08-15,6
FA-HH-00108,Evans Household,Chloe Evans,E-0172,BR-008,311554.75,Moderate,Accumulation,2020-01-19,2026-08-29,4
FA-HH-00109,Bailey Household,Emma Bailey,E-0154,BR-007,459236.23,Conservative,Accumulation,2016-03-02,2026-05-10,6
FA-HH-00110,Jackson Household,Derek Jackson,E-0174,BR-012,138242.05,Aggressive,Legacy,2015-07-06,2025-06-16,1
FA-HH-00111,Phillips Household,Jamal Phillips,E-0174,BR-012,228533.81,Conservative,Pre-Retirement,2013-02-12,2025-09-11,3
FA-HH-00112,Patel Household,Victor Patel,E-0170,BR-008,277250.38,Moderate,Accumulation,2016-10-22,2025-12-16,5
FA-HH-00113,Chen Household,Amara Chen,E-0171,BR-016,392888.1,Conservative,Pre-Retirement,2016-04-21,2025-06-20,6
FA-HH-00114,Miller Household,Maya Miller,E-0178,BR-024,221873.24,Moderate,Pre-Retirement,2019-05-06,2026-05-29,4
FA-HH-00115,Adams Household,Iris Adams,E-0142,BR-009,433504.83,Moderate,Accumulation,2015-02-16,2026-02-08,3
FA-HH-00116,Kim Household,Ravi Kim,E-0141,BR-005,446197.81,Growth,Accumulation,2019-04-15,2026-01-04,5
FA-HH-00117,Okafor Household,Wei Okafor,E-0165,BR-016,267492.92,Conservative,Legacy,2014-04-14,2026-05-23,5
FA-HH-00118,Roberts Household,Victor Roberts,E-0171,BR-016,559364.01,Conservative,Retirement,2013-03-05,2025-06-08,6
FA-HH-00119,Chen Household,Ethan Chen,E-0155,BR-025,154594.2,Conservative,Accumulation,2026-06-14,2025-08-09,1
FA-HH-00120,Chen Household,Kenji Chen,E-0164,BR-015,611916.93,Conservative,Pre-Retirement,2015-02-21,2025-12-02,3
FA-HH-00121,Turner Household,Zara Turner,E-0169,BR-024,311209.9,Aggressive,Accumulation,2022-07-03,2026-06-03,1
FA-HH-00122,Okafor Household,Ravi Okafor,E-0169,BR-024,416063.75,Growth,Retirement,2017-12-16,2025-09-22,1
FA-HH-00123,Ruiz Household,Diego Ruiz,E-0174,BR-012,299854.05,Conservative,Accumulation,2017-03-03,2025-08-25,6
FA-HH-00124,Baker Household,Grace Baker,E-0156,BR-012,349531.25,Aggressive,Legacy,2011-08-22,2026-02-20,1
FA-HH-00125,Mitchell Household,Olivia Mitchell,E-0159,BR-021,246294.84,Growth,Pre-Retirement,2013-02-16,2025-07-24,4
FA-HH-00126,Walker Household,Nora Walker,E-0159,BR-021,630009.23,Growth,Pre-Retirement,2024-11-28,2026-01-18,2
FA-HH-00127,Garcia Household,Elena Garcia,E-0174,BR-012,354494.49,Growth,Retirement,2021-09-29,2025-06-16,6
FA-HH-00128,Ruiz Household,Henry Ruiz,E-0168,BR-017,275443.39,Aggressive,Accumulation,2011-08-17,2026-06-25,5
FA-HH-00129,Campbell Household,Owen Campbell,E-0174,BR-012,81689.35,Moderate,Pre-Retirement,2012-03-20,2025-07-01,5
FA-HH-00130,Adams Household,Wei Adams,E-0152,BR-010,81758.41,Aggressive,Retirement,2020-06-07,2026-02-20,2
FA-HH-00131,Brown Household,Ethan Brown,E-0150,BR-009,1622801.9,Growth,Pre-Retirement,2014-11-29,2026-06-11,4
FA-HH-00132,Evans Household,Ravi Evans,E-0165,BR-016,63926.57,Growth,Retirement,2012-10-01,2025-07-02,3
FA-HH-00133,Turner Household,Yuki Turner,E-0166,BR-007,54409.67,Growth,Accumulation,2012-02-27,2025-08-06,4
FA-HH-00134,Collins Household,Derek Collins,E-0162,BR-019,1074189.06,Aggressive,Accumulation,2026-01-16,2025-07-07,1
FA-HH-00135,Roberts Household,Yuki Roberts,E-0177,BR-024,306930.65,Growth,Retirement,2013-03-27,2025-09-12,6
FA-HH-00136,Roberts Household,Ava Roberts,E-0141,BR-005,68763.92,Moderate,Retirement,2024-08-20,2026-05-11,3
FA-HH-00137,Lewis Household,Fatima Lewis,E-0161,BR-025,507394.19,Moderate,Pre-Retirement,2015-05-25,2026-04-05,3
FA-HH-00138,Carter Household,Andre Carter,E-0153,BR-022,211606.15,Moderate,Accumulation,2020-12-21,2026-06-08,6
FA-HH-00139,Patel Household,Ines Patel,E-0177,BR-024,403917.83,Growth,Retirement,2017-05-28,2025-12-02,3
FA-HH-00140,Parker Household,Owen Parker,E-0146,BR-021,415434.34,Growth,Pre-Retirement,2020-04-10,2026-03-27,6
FA-HH-00141,Wright Household,Aisha Wright,E-0175,BR-015,412339.02,Conservative,Retirement,2016-01-05,2026-06-17,5
FA-HH-00142,Wright Household,Emma Wright,E-0159,BR-021,184017.96,Moderate,Pre-Retirement,2017-12-16,2026-04-05,6
FA-HH-00143,Johnson Household,Fatima Johnson,E-0179,BR-025,109478.04,Moderate,Accumulation,2010-01-21,2025-12-17,3
FA-HH-00144,Ruiz Household,Chloe Ruiz,E-0142,BR-009,47192.41,Moderate,Accumulation,2020-02-12,2026-08-21,4
FA-HH-00145,Allen Household,Iris Allen,E-0166,BR-007,181212.6,Moderate,Accumulation,2013-12-20,2026-08-24,6
FA-HH-00146,Walker Household,Wei Walker,E-0165,BR-016,286306.0,Moderate,Accumulation,2023-05-16,2026-04-27,2
FA-HH-00147,Edwards Household,Andre Edwards,E-0150,BR-009,163871.35,Growth,Pre-Retirement,2019-03-15,2025-06-29,4
FA-HH-00148,Jackson Household,Derek Jackson,E-0169,BR-024,64161.48,Moderate,Accumulation,2015-08-28,2025-10-03,5
FA-HH-00149,Parker Household,Jonathan Parker,E-0174,BR-012,161672.36,Moderate,Accumulation,2020-11-26,2025-12-23,3
FA-HH-00150,Davis Household,Jamal Davis,E-0170,BR-008,509387.26,Moderate,Retirement,2021-01-24,2025-09-06,2
FA-HH-00151,Vaughn Household,Layla Vaughn,E-0175,BR-015,542691.15,Growth,Accumulation,2021-03-30,2026-01-25,6
FA-HH-00152,Phillips Household,Derek Phillips,E-0167,BR-029,1715888.26,Growth,Retirement,2014-11-09,2025-10-16,1
FA-HH-00153,Thomas Household,Andre Thomas,E-0156,BR-012,414656.88,Moderate,Accumulation,2021-02-12,2025-12-31,5
FA-HH-00154,Ashford Household,Maya Ashford,E-0176,BR-004,309938.83,Moderate,Accumulation,2014-01-02,2025-12-13,3
FA-HH-00155,Phillips Household,Yuki Phillips,E-0166,BR-007,589619.47,Aggressive,Accumulation,2018-03-25,2025-08-06,3
FA-HH-00156,Walker Household,Layla Walker,E-0153,BR-022,247990.38,Aggressive,Pre-Retirement,2014-05-11,2026-01-30,2
FA-HH-00157,Silva Household,Julian Silva,E-0147,BR-008,204128.79,Growth,Pre-Retirement,2024-05-24,2025-08-23,3
FA-HH-00158,Adams Household,Isabella Adams,E-0158,BR-027,285704.68,Moderate,Pre-Retirement,2022-07-05,2025-11-19,4
FA-HH-00159,White Household,Jonathan White,E-0153,BR-022,69979.34,Conservative,Retirement,2012-12-28,2026-02-14,3
FA-HH-00160,Vaughn Household,Lauren Vaughn,E-0175,BR-015,86745.46,Conservative,Accumulation,2015-12-15,2025-11-20,6
FA-HH-00161,Turner Household,Amara Turner,E-0161,BR-025,113534.2,Growth,Accumulation,2016-11-21,2025-09-17,5
FA-HH-00162,Lopez Household,Julian Lopez,E-0172,BR-008,416578.01,Moderate,Pre-Retirement,2024-10-27,2026-08-31,5
FA-HH-00163,Mitchell Household,Leo Mitchell,E-0163,BR-009,805189.72,Moderate,Retirement,2017-07-06,2025-06-12,4
FA-HH-00164,Wilson Household,Ethan Wilson,E-0154,BR-007,272775.75,Conservative,Accumulation,2014-04-27,2026-03-07,5
FA-HH-00165,Harris Household,Henry Harris,E-0166,BR-007,328691.03,Moderate,Retirement,2025-07-30,2026-03-19,6
FA-HH-00166,Garcia Household,Daniel Garcia,E-0164,BR-015,1217952.58,Moderate,Accumulation,2026-02-15,2025-07-05,1
FA-HH-00167,Campbell Household,Ben Campbell,E-0176,BR-004,110719.83,Growth,Retirement,2022-11-10,2025-09-07,5
FA-HH-00168,Garcia Household,Ava Garcia,E-0156,BR-012,881709.68,Conservative,Pre-Retirement,2021-02-10,2026-08-13,5
FA-HH-00169,Edwards Household,Noah Edwards,E-0149,BR-019,195757.96,Moderate,Retirement,2011-03-27,2025-12-09,3
FA-HH-00170,Walker Household,Wei Walker,E-0179,BR-025,442802.61,Moderate,Accumulation,2018-05-22,2026-05-22,2
FA-HH-00171,Young Household,Grace Young,E-0147,BR-008,477298.24,Moderate,Accumulation,2010-07-29,2025-11-07,1
FA-HH-00172,Garcia Household,Hannah Garcia,E-0176,BR-004,122045.57,Growth,Legacy,2019-12-08,2025-12-03,6
FA-HH-00173,Wilson Household,Ben Wilson,E-0148,BR-008,427669.63,Moderate,Pre-Retirement,2012-07-10,2025-07-20,2
FA-HH-00174,Martinez Household,Diego Martinez,E-0159,BR-021,836411.55,Growth,Pre-Retirement,2016-05-31,2026-04-04,1
FA-HH-00175,Davis Household,Mateo Davis,E-0143,BR-011,443933.0,Conservative,Accumulation,2018-02-18,2026-06-15,3
FA-HH-00176,Chen Household,Tom Chen,E-0170,BR-008,86875.13,Moderate,Pre-Retirement,2020-06-11,2026-06-09,5
FA-HH-00177,Clark Household,Elena Clark,E-0165,BR-016,190209.26,Conservative,Accumulation,2018-01-03,2025-11-21,6
FA-HH-00178,Young Household,Jonathan Young,E-0177,BR-024,146165.74,Conservative,Accumulation,2015-05-11,2026-05-20,6
FA-HH-00179,Chen Household,Ravi Chen,E-0171,BR-016,235863.37,Moderate,Accumulation,2019-10-17,2026-05-31,2
FA-HH-00180,Phillips Household,Ben Phillips,E-0153,BR-022,196838.66,Moderate,Accumulation,2012-01-21,2025-10-04,4
FA-HH-00181,Vaughn Household,Wei Vaughn,E-0147,BR-008,284169.96,Conservative,Legacy,2021-01-09,2025-09-01,2
FA-HH-00182,Martinez Household,Ethan Martinez,E-0180,BR-010,218941.63,Moderate,Retirement,2014-09-27,2026-04-22,5
FA-HH-00183,Scott Household,Chloe Scott,E-0167,BR-029,516835.68,Moderate,Accumulation,2014-09-30,2026-04-25,2
FA-HH-00184,Mitchell Household,Carlos Mitchell,E-0174,BR-012,33454.46,Moderate,Accumulation,2021-10-01,2026-02-22,6
FA-HH-00185,White Household,Derek White,E-0148,BR-008,139492.44,Conservative,Accumulation,2025-09-07,2025-06-20,4
FA-HH-00186,Nelson Household,Kenji Nelson,E-0167,BR-029,290537.34,Conservative,Accumulation,2022-02-24,2025-06-19,3
FA-HH-00187,Clark Household,Marcus Clark,E-0152,BR-010,356842.16,Conservative,Accumulation,2021-03-19,2026-08-14,6
FA-HH-00188,Wright Household,Andre Wright,E-0157,BR-003,159483.87,Growth,Legacy,2018-01-21,2026-01-28,5
FA-HH-00189,Wright Household,Wei Wright,E-0166,BR-007,68395.49,Moderate,Accumulation,2021-01-16,2026-03-21,5
FA-HH-00190,Morris Household,Ines Morris,E-0154,BR-007,173599.05,Moderate,Legacy,2014-10-08,2026-05-01,5
FA-HH-00191,Roberts Household,Henry Roberts,E-0158,BR-027,554907.84,Moderate,Accumulation,2016-06-24,2026-03-14,1
FA-HH-00192,Vaughn Household,Kenji Vaughn,E-0144,BR-027,629243.65,Conservative,Accumulation,2012-05-30,2026-02-20,2
FA-HH-00193,Kim Household,Isabella Kim,E-0169,BR-024,164663.43,Moderate,Accumulation,2025-12-10,2025-06-08,6
FA-HH-00194,Moore Household,Henry Moore,E-0175,BR-015,265160.97,Growth,Accumulation,2012-01-06,2025-07-03,2
FA-HH-00195,King Household,Daniel King,E-0142,BR-009,71193.41,Growth,Accumulation,2020-04-20,2025-09-13,2
FA-HH-00196,Campbell Household,Kenji Campbell,E-0143,BR-011,1338422.59,Growth,Accumulation,2012-11-08,2025-06-04,5
FA-HH-00197,Parker Household,Aisha Parker,E-0172,BR-008,301695.22,Conservative,Accumulation,2014-07-31,2026-01-07,4
FA-HH-00198,Harris Household,Andre Harris,E-0165,BR-016,397609.37,Moderate,Accumulation,2019-11-22,2025-12-07,3
FA-HH-00199,White Household,Rosa White,E-0180,BR-010,483550.63,Moderate,Legacy,2021-03-22,2026-08-22,2
FA-HH-00200,Lewis Household,Ravi Lewis,E-0177,BR-024,167124.96,Conservative,Pre-Retirement,2013-10-18,2026-01-15,6
FA-HH-00201,Patel Household,Rosa Patel,E-0171,BR-016,1238824.7,Moderate,Legacy,2021-01-26,2025-09-17,5
FA-HH-00202,Allen Household,Layla Allen,E-0166,BR-007,1207403.61,Moderate,Accumulation,2022-05-14,2025-07-01,2
FA-HH-00203,Vaughn Household,Diego Vaughn,E-0160,BR-014,828771.06,Growth,Accumulation,2025-03-15,2025-12-12,2
FA-HH-00204,Hall Household,Rosa Hall,E-0175,BR-015,393523.18,Moderate,Accumulation,2024-04-13,2025-07-15,2
FA-HH-00205,Silva Household,Felix Silva,E-0154,BR-007,268190.57,Moderate,Accumulation,2015-03-18,2026-03-28,4
FA-HH-00206,Hall Household,Andre Hall,E-0166,BR-007,150631.87,Growth,Accumulation,2014-04-02,2026-07-22,3
FA-HH-00207,Allen Household,Yuki Allen,E-0173,BR-019,254284.11,Moderate,Pre-Retirement,2022-05-27,2026-02-15,3
FA-HH-00208,King Household,Jonathan King,E-0144,BR-027,296059.98,Conservative,Accumulation,2019-10-22,2026-04-03,3
FA-HH-00209,Lewis Household,Grace Lewis,E-0175,BR-015,1132887.68,Moderate,Accumulation,2016-04-20,2026-04-18,4
FA-HH-00210,Edwards Household,Ben Edwards,E-0175,BR-015,248975.64,Conservative,Accumulation,2013-12-08,2025-11-26,4
FA-HH-00211,Martinez Household,Andre Martinez,E-0173,BR-019,93068.6,Moderate,Accumulation,2017-10-15,2026-07-21,1
FA-HH-00212,Chen Household,Derek Chen,E-0171,BR-016,968563.18,Conservative,Accumulation,2010-04-09,2026-02-15,4
FA-HH-00213,Anderson Household,Tom Anderson,E-0155,BR-025,308817.44,Conservative,Pre-Retirement,2010-07-22,2026-06-13,1
FA-HH-00214,Stewart Household,Isabella Stewart,E-0169,BR-024,189941.35,Growth,Retirement,2019-12-01,2026-03-14,1
FA-HH-00215,Roberts Household,Fatima Roberts,E-0158,BR-027,74329.58,Conservative,Retirement,2021-10-05,2026-08-08,3
FA-HH-00216,Garcia Household,Ben Garcia,E-0179,BR-025,169091.57,Growth,Pre-Retirement,2021-04-26,2026-01-12,3
FA-HH-00217,Nguyen Household,Kenji Nguyen,E-0142,BR-009,242460.28,Growth,Pre-Retirement,2021-06-12,2025-12-20,4
FA-HH-00218,Chen Household,Jonathan Chen,E-0142,BR-009,100771.58,Moderate,Pre-Retirement,2026-06-17,2026-08-13,3
FA-HH-00219,Brown Household,Diego Brown,E-0158,BR-027,298572.18,Moderate,Legacy,2010-02-08,2026-07-22,5
FA-HH-00220,Thomas Household,Zara Thomas,E-0169,BR-024,105279.77,Conservative,Legacy,2014-07-24,2025-11-20,4
FA-HH-00221,Lopez Household,Fatima Lopez,E-0174,BR-012,513288.94,Aggressive,Legacy,2017-08-07,2026-01-06,2
FA-HH-00222,Thomas Household,Julian Thomas,E-0168,BR-017,233772.87,Moderate,Pre-Retirement,2010-04-17,2025-06-18,1
FA-HH-00223,Wright Household,Mateo Wright,E-0167,BR-029,244030.29,Moderate,Accumulation,2024-12-26,2025-08-09,1
FA-HH-00224,Okafor Household,Sara Okafor,E-0175,BR-015,1139299.6,Aggressive,Pre-Retirement,2020-10-24,2026-01-03,5
FA-HH-00225,Green Household,Derek Green,E-0142,BR-009,441771.37,Growth,Pre-Retirement,2019-01-30,2026-05-10,6
FA-HH-00226,Jackson Household,Amara Jackson,E-0159,BR-021,564763.7,Conservative,Accumulation,2026-04-09,2026-02-01,3
FA-HH-00227,Wright Household,Julian Wright,E-0148,BR-008,211817.1,Conservative,Accumulation,2022-08-26,2025-09-16,1
FA-HH-00228,White Household,Chloe White,E-0177,BR-024,314091.79,Moderate,Pre-Retirement,2010-06-03,2026-07-07,1
FA-HH-00229,White Household,Lauren White,E-0174,BR-012,179409.22,Moderate,Pre-Retirement,2020-10-21,2025-10-02,2
FA-HH-00230,Thomas Household,Tom Thomas,E-0173,BR-019,136256.6,Moderate,Accumulation,2010-01-29,2025-12-30,4
FA-HH-00231,Bailey Household,Layla Bailey,E-0155,BR-025,234557.7,Moderate,Pre-Retirement,2023-03-26,2026-06-18,2
FA-HH-00232,Clark Household,Jamal Clark,E-0165,BR-016,134867.89,Conservative,Accumulation,2021-12-11,2026-02-16,6
FA-HH-00233,Turner Household,Carlos Turner,E-0169,BR-024,235462.22,Growth,Accumulation,2017-10-10,2026-05-28,4
FA-HH-00234,Edwards Household,Nora Edwards,E-0142,BR-009,88100.92,Moderate,Accumulation,2014-10-25,2025-11-04,5
FA-HH-00235,Nguyen Household,Tom Nguyen,E-0155,BR-025,339990.67,Conservative,Pre-Retirement,2023-11-14,2026-07-22,2
FA-HH-00236,Edwards Household,Sara Edwards,E-0161,BR-025,2874918.07,Moderate,Accumulation,2018-03-29,2026-06-05,5
FA-HH-00237,Nguyen Household,Layla Nguyen,E-0170,BR-008,261470.97,Moderate,Legacy,2015-07-30,2025-12-01,5
FA-HH-00238,Kim Household,Rosa Kim,E-0144,BR-027,223992.8,Moderate,Pre-Retirement,2022-10-06,2026-03-08,1
FA-HH-00239,Wilson Household,Mei Wilson,E-0163,BR-009,573529.51,Moderate,Accumulation,2021-08-10,2026-08-20,5
FA-HH-00240,Ruiz Household,Naomi Ruiz,E-0151,BR-020,505543.86,Growth,Accumulation,2023-02-09,2025-07-06,2
FA-HH-00241,Stewart Household,Leo Stewart,E-0180,BR-010,134530.74,Moderate,Legacy,2022-07-02,2025-11-26,1
FA-HH-00242,Baker Household,Zara Baker,E-0150,BR-009,431504.05,Moderate,Retirement,2021-08-04,2026-02-26,6
FA-HH-00243,Morris Household,Leo Morris,E-0174,BR-012,115257.24,Growth,Accumulation,2019-04-22,2025-07-27,6
FA-HH-00244,Evans Household,Rosa Evans,E-0174,BR-012,104546.34,Moderate,Pre-Retirement,2014-03-21,2026-07-04,6
FA-HH-00245,Green Household,Lauren Green,E-0167,BR-029,22770.11,Conservative,Pre-Retirement,2025-10-13,2026-04-27,3
FA-HH-00246,Clark Household,Grace Clark,E-0157,BR-003,198760.94,Growth,Accumulation,2017-08-20,2025-10-30,3
FA-HH-00247,Green Household,Chloe Green,E-0170,BR-008,430319.59,Growth,Legacy,2014-04-17,2025-10-31,3
FA-HH-00248,Nelson Household,Sofia Nelson,E-0160,BR-014,188240.19,Conservative,Legacy,2014-01-25,2025-09-05,3
FA-HH-00249,Kim Household,Derek Kim,E-0147,BR-008,650207.84,Moderate,Accumulation,2023-10-19,2026-08-16,6
FA-HH-00250,Edwards Household,Jamal Edwards,E-0150,BR-009,379682.37,Conservative,Accumulation,2026-02-13,2025-06-23,3
FA-HH-00251,Bailey Household,Nora Bailey,E-0147,BR-008,139921.77,Moderate,Pre-Retirement,2018-06-03,2026-03-19,5
FA-HH-00252,Taylor Household,Henry Taylor,E-0151,BR-020,1051231.33,Moderate,Accumulation,2024-12-28,2025-11-03,2
FA-HH-00253,Stewart Household,Henry Stewart,E-0154,BR-007,224659.66,Growth,Legacy,2013-03-31,2025-08-25,6
FA-HH-00254,Scott Household,Felix Scott,E-0150,BR-009,250616.51,Conservative,Retirement,2014-07-16,2026-06-09,4
FA-HH-00255,Walker Household,Jamal Walker,E-0179,BR-025,294046.52,Growth,Accumulation,2023-03-06,2026-04-25,5
FA-HH-00256,Ruiz Household,Owen Ruiz,E-0168,BR-017,548799.44,Growth,Pre-Retirement,2023-01-03,2026-06-16,3
FA-HH-00257,Lewis Household,Sara Lewis,E-0151,BR-020,201614.41,Growth,Retirement,2015-02-09,2025-12-09,3
FA-HH-00258,Vaughn Household,Daniel Vaughn,E-0170,BR-008,208968.95,Growth,Retirement,2015-12-14,2026-07-27,1
FA-HH-00259,Brown Household,Chloe Brown,E-0173,BR-019,503485.78,Moderate,Pre-Retirement,2023-12-05,2026-03-13,6
FA-HH-00260,Green Household,Rosa Green,E-0143,BR-011,226009.14,Moderate,Accumulation,2018-06-27,2026-07-08,5
FA-HH-00261,Lopez Household,Marcus Lopez,E-0154,BR-007,272320.49,Growth,Pre-Retirement,2012-09-27,2026-04-27,1
FA-HH-00262,Scott Household,Nina Scott,E-0179,BR-025,272240.36,Conservative,Accumulation,2015-07-18,2026-05-12,4
FA-HH-00263,Ashford Household,Marcus Ashford,E-0175,BR-015,98686.03,Conservative,Legacy,2012-05-05,2026-05-15,2
FA-HH-00264,Mitchell Household,Chloe Mitchell,E-0155,BR-025,145647.98,Moderate,Accumulation,2020-04-05,2026-05-07,2
FA-HH-00265,Lewis Household,Julian Lewis,E-0178,BR-024,598803.91,Growth,Retirement,2018-04-06,2026-04-14,6
FA-HH-00266,Lewis Household,Ethan Lewis,E-0167,BR-029,115568.11,Conservative,Pre-Retirement,2011-10-18,2025-10-04,5
FA-HH-00267,Patel Household,Iris Patel,E-0166,BR-007,79847.05,Moderate,Accumulation,2013-03-26,2025-06-27,6
FA-HH-00268,Stewart Household,Grace Stewart,E-0157,BR-003,329494.57,Moderate,Retirement,2017-12-04,2026-04-17,6
FA-HH-00269,Moore Household,Tom Moore,E-0168,BR-017,203467.65,Aggressive,Pre-Retirement,2015-04-17,2025-12-11,2
FA-HH-00270,Okafor Household,Zara Okafor,E-0166,BR-007,280470.32,Conservative,Accumulation,2020-10-07,2025-09-22,5
FA-HH-00271,Martinez Household,Aisha Martinez,E-0154,BR-007,1044860.22,Conservative,Pre-Retirement,2010-06-13,2026-01-07,6
FA-HH-00272,Wright Household,Owen Wright,E-0179,BR-025,733639.91,Growth,Accumulation,2016-10-23,2026-04-04,3
FA-HH-00273,Turner Household,Olivia Turner,E-0145,BR-001,320393.13,Moderate,Retirement,2015-02-07,2025-12-14,3
FA-HH-00274,Jackson Household,Elena Jackson,E-0156,BR-012,257805.01,Moderate,Retirement,2023-01-09,2025-08-04,4
FA-HH-00275,Young Household,Fatima Young,E-0172,BR-008,213638.93,Conservative,Accumulation,2025-06-15,2025-11-02,3
FA-HH-00276,Carter Household,Tom Carter,E-0146,BR-021,90586.13,Growth,Retirement,2012-11-26,2026-02-23,6
FA-HH-00277,Harris Household,Mateo Harris,E-0152,BR-010,1061449.93,Aggressive,Accumulation,2024-01-16,2026-08-11,6
FA-HH-00278,Nelson Household,Maya Nelson,E-0163,BR-009,158854.24,Conservative,Retirement,2011-12-02,2025-08-18,3
FA-HH-00279,Chen Household,Rosa Chen,E-0148,BR-008,160992.29,Moderate,Accumulation,2020-01-09,2026-02-10,2
FA-HH-00280,Patel Household,Iris Patel,E-0149,BR-019,91589.88,Conservative,Legacy,2016-10-23,2025-08-09,2
FA-HH-00281,Thomas Household,Olivia Thomas,E-0160,BR-014,132421.98,Growth,Retirement,2020-02-05,2026-04-01,5
FA-HH-00282,Hall Household,Aisha Hall,E-0170,BR-008,120021.41,Moderate,Pre-Retirement,2015-02-09,2026-02-17,2
FA-HH-00283,Harris Household,Sara Harris,E-0158,BR-027,429132.83,Aggressive,Retirement,2010-03-02,2026-05-31,3
FA-HH-00284,Brown Household,Hannah Brown,E-0173,BR-019,504618.96,Conservative,Accumulation,2018-11-20,2026-03-22,2
FA-HH-00285,Parker Household,Ines Parker,E-0147,BR-008,135228.21,Moderate,Legacy,2015-07-16,2026-06-02,3
FA-HH-00286,Carter Household,Maya Carter,E-0164,BR-015,319148.26,Conservative,Retirement,2017-02-04,2025-06-20,2
FA-HH-00287,Parker Household,Iris Parker,E-0170,BR-008,195398.65,Conservative,Accumulation,2011-11-28,2026-04-21,4
FA-HH-00288,Moore Household,Felix Moore,E-0169,BR-024,215641.54,Moderate,Retirement,2026-06-12,2025-12-28,4
FA-HH-00289,Phillips Household,Isabella Phillips,E-0162,BR-019,259243.64,Growth,Accumulation,2018-10-18,2026-03-18,1
FA-HH-00290,Clark Household,Derek Clark,E-0154,BR-007,1094829.6,Aggressive,Pre-Retirement,2020-08-17,2026-07-17,2
FA-HH-00291,Stewart Household,Ravi Stewart,E-0163,BR-009,39902.38,Moderate,Accumulation,2016-09-01,2025-11-18,2
FA-HH-00292,Chen Household,Ravi Chen,E-0170,BR-008,179252.75,Growth,Accumulation,2019-03-09,2026-03-22,3
FA-HH-00293,Martinez Household,Noah Martinez,E-0147,BR-008,270708.95,Growth,Accumulation,2024-09-14,2026-04-09,6
FA-HH-00294,Edwards Household,Fatima Edwards,E-0157,BR-003,590652.52,Conservative,Legacy,2024-12-31,2026-05-12,3
FA-HH-00295,Morris Household,Maya Morris,E-0156,BR-012,416055.81,Growth,Accumulation,2011-06-21,2026-07-18,2
FA-HH-00296,Okafor Household,Daniel Okafor,E-0155,BR-025,286055.44,Moderate,Accumulation,2014-09-11,2025-11-19,6
FA-HH-00297,Taylor Household,Nora Taylor,E-0149,BR-019,406491.35,Aggressive,Accumulation,2025-09-23,2025-12-17,5
FA-HH-00298,Edwards Household,Julian Edwards,E-0179,BR-025,82260.03,Moderate,Accumulation,2024-07-05,2025-10-03,2
FA-HH-00299,Collins Household,Fatima Collins,E-0174,BR-012,411417.61,Conservative,Pre-Retirement,2021-11-01,2026-08-26,6
FA-HH-00300,Okafor Household,Daniel Okafor,E-0141,BR-005,529804.22,Conservative,Accumulation,2023-07-03,2026-06-11,3
FA-HH-00301,Garcia Household,Nina Garcia,E-0161,BR-025,1103687.91,Conservative,Legacy,2015-02-15,2025-12-18,3
FA-HH-00302,Bailey Household,Maya Bailey,E-0141,BR-005,288383.51,Growth,Retirement,2010-02-02,2025-07-05,4
FA-HH-00303,Adams Household,Ines Adams,E-0154,BR-007,333212.73,Conservative,Accumulation,2018-09-03,2025-09-21,3
FA-HH-00304,Clark Household,Andre Clark,E-0175,BR-015,644458.82,Moderate,Accumulation,2015-08-25,2025-12-24,6
FA-HH-00305,Anderson Household,Marcus Anderson,E-0163,BR-009,4138815.31,Growth,Retirement,2023-08-03,2026-04-15,5
FA-HH-00306,Stewart Household,Marcus Stewart,E-0147,BR-008,341249.62,Conservative,Pre-Retirement,2022-08-15,2026-04-03,6
FA-HH-00307,Mitchell Household,Layla Mitchell,E-0174,BR-012,389801.31,Moderate,Retirement,2021-09-21,2025-10-19,4
FA-HH-00308,Wright Household,Isabella Wright,E-0169,BR-024,140501.93,Moderate,Retirement,2012-07-20,2025-10-31,2
FA-HH-00309,Okafor Household,Victor Okafor,E-0174,BR-012,235606.55,Growth,Retirement,2016-01-05,2026-06-08,4
FA-HH-00310,Jackson Household,Elena Jackson,E-0151,BR-020,434047.66,Growth,Accumulation,2025-10-04,2026-02-04,6
FA-HH-00311,Turner Household,Ravi Turner,E-0141,BR-005,516197.95,Moderate,Legacy,2018-12-06,2026-01-18,2
FA-HH-00312,Bailey Household,Aisha Bailey,E-0150,BR-009,386727.98,Moderate,Pre-Retirement,2015-04-25,2025-07-08,1
FA-HH-00313,King Household,Sara King,E-0162,BR-019,246328.68,Growth,Pre-Retirement,2014-02-01,2026-05-19,2
FA-HH-00314,Patel Household,Kenji Patel,E-0141,BR-005,854096.92,Moderate,Retirement,2026-03-14,2025-09-18,2
FA-HH-00315,Patel Household,Diego Patel,E-0161,BR-025,649354.86,Moderate,Legacy,2014-09-02,2026-06-17,4
FA-HH-00316,Collins Household,Lauren Collins,E-0180,BR-010,121934.88,Growth,Pre-Retirement,2024-03-16,2025-08-01,6
FA-HH-00317,Okafor Household,Amara Okafor,E-0174,BR-012,67412.49,Conservative,Accumulation,2021-03-26,2025-11-20,5
FA-HH-00318,Harris Household,Victor Harris,E-0143,BR-011,166607.01,Moderate,Retirement,2024-04-08,2025-07-26,6
FA-HH-00319,Wright Household,Diego Wright,E-0178,BR-024,454380.89,Growth,Pre-Retirement,2012-04-01,2025-11-19,2
FA-HH-00320,Green Household,Yuki Green,E-0160,BR-014,479962.5,Moderate,Pre-Retirement,2015-03-22,2026-08-05,5
FA-HH-00321,Moore Household,Zara Moore,E-0155,BR-025,415856.92,Moderate,Accumulation,2026-06-06,2025-12-17,5
FA-HH-00322,Mitchell Household,Ben Mitchell,E-0180,BR-010,310989.29,Moderate,Accumulation,2010-10-03,2025-08-07,2
FA-HH-00323,Green Household,Jonathan Green,E-0142,BR-009,848953.26,Moderate,Retirement,2022-02-25,2025-08-14,4
FA-HH-00324,Lewis Household,Wei Lewis,E-0163,BR-009,259347.67,Growth,Retirement,2026-07-03,2026-08-22,5
FA-HH-00325,Scott Household,Priya Scott,E-0171,BR-016,102387.49,Moderate,Pre-Retirement,2024-07-01,2025-06-29,5
FA-HH-00326,Okafor Household,Grace Okafor,E-0141,BR-005,531500.43,Conservative,Retirement,2013-06-25,2026-05-01,3
FA-HH-00327,Harris Household,Nora Harris,E-0161,BR-025,262396.34,Moderate,Accumulation,2012-03-19,2026-07-03,3
FA-HH-00328,Evans Household,Ben Evans,E-0176,BR-004,335105.44,Aggressive,Pre-Retirement,2015-04-23,2026-01-21,4
FA-HH-00329,Phillips Household,Ava Phillips,E-0174,BR-012,1119935.27,Growth,Retirement,2012-10-21,2026-08-26,3
FA-HH-00330,Parker Household,Zara Parker,E-0158,BR-027,209711.63,Growth,Accumulation,2010-10-19,2026-08-25,2
FA-HH-00331,Ashford Household,Amara Ashford,E-0170,BR-008,182418.78,Conservative,Pre-Retirement,2016-05-17,2025-06-06,5
FA-HH-00332,White Household,Samuel White,E-0149,BR-019,422935.32,Growth,Accumulation,2017-02-08,2026-07-29,6
FA-HH-00333,Bailey Household,Ravi Bailey,E-0149,BR-019,145931.48,Conservative,Pre-Retirement,2023-04-08,2026-01-25,3
FA-HH-00334,Adams Household,Daniel Adams,E-0159,BR-021,114689.03,Growth,Legacy,2018-08-13,2026-03-20,2
FA-HH-00335,White Household,Ravi White,E-0168,BR-017,165005.73,Growth,Legacy,2015-10-16,2026-03-05,1
FA-HH-00336,Kim Household,Leo Kim,E-0148,BR-008,455953.83,Growth,Accumulation,2021-08-06,2026-07-16,3
FA-HH-00337,Nguyen Household,Yuki Nguyen,E-0166,BR-007,629375.25,Conservative,Accumulation,2010-05-10,2026-02-14,2
FA-HH-00338,Nguyen Household,Fatima Nguyen,E-0143,BR-011,177237.34,Conservative,Accumulation,2017-12-21,2025-09-06,6
FA-HH-00339,King Household,Leo King,E-0153,BR-022,766903.17,Conservative,Accumulation,2021-06-27,2026-01-27,6
FA-HH-00340,Turner Household,Sofia Turner,E-0176,BR-004,552057.14,Conservative,Retirement,2017-02-02,2026-02-06,5
FA-HH-00341,Evans Household,Yuki Evans,E-0142,BR-009,225355.67,Moderate,Retirement,2023-09-02,2025-07-06,5
FA-HH-00342,Anderson Household,Sofia Anderson,E-0172,BR-008,308816.66,Growth,Accumulation,2017-08-27,2025-09-25,4
FA-HH-00343,Johnson Household,Sofia Johnson,E-0175,BR-015,3412619.52,Moderate,Accumulation,2024-02-15,2026-03-19,3
FA-HH-00344,Taylor Household,Naomi Taylor,E-0176,BR-004,125953.42,Moderate,Pre-Retirement,2021-09-25,2026-02-09,3
FA-HH-00345,King Household,Emma King,E-0176,BR-004,498411.06,Growth,Retirement,2021-05-23,2026-01-22,4
FA-HH-00346,Okafor Household,Chloe Okafor,E-0156,BR-012,871205.5,Moderate,Accumulation,2018-12-03,2026-08-16,4
FA-HH-00347,Clark Household,Ravi Clark,E-0148,BR-008,587862.58,Conservative,Pre-Retirement,2012-04-01,2026-08-12,1
FA-HH-00348,Chen Household,Sara Chen,E-0146,BR-021,287812.18,Aggressive,Accumulation,2016-03-31,2026-03-25,1
FA-HH-00349,Ruiz Household,Daniel Ruiz,E-0174,BR-012,373238.36,Moderate,Retirement,2018-04-15,2026-07-07,2
FA-HH-00350,Parker Household,Kenji Parker,E-0161,BR-025,545782.53,Conservative,Accumulation,2011-08-05,2026-08-05,2
FA-HH-00351,Scott Household,Daniel Scott,E-0180,BR-010,104420.76,Conservative,Retirement,2018-10-03,2025-08-27,4
FA-HH-00352,Harris Household,Zara Harris,E-0179,BR-025,725402.3,Conservative,Accumulation,2014-08-21,2025-06-22,2
FA-HH-00353,Mitchell Household,Rosa Mitchell,E-0171,BR-016,307934.01,Moderate,Accumulation,2026-05-21,2025-08-27,4
FA-HH-00354,Green Household,Marcus Green,E-0167,BR-029,744414.15,Growth,Pre-Retirement,2010-09-23,2026-04-04,5
FA-HH-00355,Scott Household,Yuki Scott,E-0174,BR-012,406282.65,Conservative,Retirement,2024-05-20,2026-04-13,4
FA-HH-00356,Jackson Household,Carlos Jackson,E-0159,BR-021,2117852.49,Growth,Legacy,2014-03-29,2026-06-17,1
FA-HH-00357,Walker Household,Andre Walker,E-0178,BR-024,222637.58,Conservative,Pre-Retirement,2019-08-11,2025-10-18,3
FA-HH-00358,Brown Household,Emma Brown,E-0164,BR-015,52709.41,Moderate,Pre-Retirement,2022-12-17,2026-04-07,4
FA-HH-00359,Morris Household,Mei Morris,E-0141,BR-005,77730.26,Aggressive,Accumulation,2012-12-06,2025-07-30,2
FA-HH-00360,Walker Household,Ravi Walker,E-0145,BR-001,423053.24,Growth,Accumulation,2026-04-21,2026-02-26,4
FA-HH-00361,Collins Household,Felix Collins,E-0170,BR-008,288838.5,Conservative,Retirement,2010-12-06,2026-06-10,3
FA-HH-00362,Taylor Household,Mateo Taylor,E-0167,BR-029,194836.19,Moderate,Retirement,2014-06-02,2026-05-16,2
FA-HH-00363,Clark Household,Ben Clark,E-0156,BR-012,178952.4,Moderate,Accumulation,2021-10-16,2026-02-24,2
FA-HH-00364,Nguyen Household,Jamal Nguyen,E-0153,BR-022,409034.53,Conservative,Retirement,2022-04-02,2026-04-05,6
FA-HH-00365,Edwards Household,Yuki Edwards,E-0163,BR-009,163429.32,Growth,Accumulation,2015-10-04,2026-05-04,1
FA-HH-00366,Johnson Household,Tom Johnson,E-0144,BR-027,605287.01,Growth,Accumulation,2019-09-07,2025-08-11,1
FA-HH-00367,Johnson Household,Noah Johnson,E-0169,BR-024,371164.25,Growth,Legacy,2013-11-02,2025-11-13,3
FA-HH-00368,Collins Household,Ravi Collins,E-0164,BR-015,177126.4,Moderate,Accumulation,2012-12-14,2025-11-14,3
FA-HH-00369,Edwards Household,Maya Edwards,E-0157,BR-003,120315.42,Growth,Accumulation,2018-09-06,2025-09-02,3
FA-HH-00370,Stewart Household,Kenji Stewart,E-0168,BR-017,126701.63,Moderate,Accumulation,2016-08-16,2026-06-15,4
FA-HH-00371,Stewart Household,Ben Stewart,E-0180,BR-010,1213417.53,Moderate,Pre-Retirement,2014-07-16,2025-10-17,2
FA-HH-00372,Walker Household,Priya Walker,E-0152,BR-010,298367.75,Moderate,Retirement,2018-04-07,2025-09-01,1
FA-HH-00373,Carter Household,Noah Carter,E-0160,BR-014,1341461.28,Moderate,Pre-Retirement,2013-02-20,2025-12-28,4
FA-HH-00374,Lopez Household,Ines Lopez,E-0169,BR-024,74043.08,Conservative,Retirement,2014-04-15,2026-05-13,6
FA-HH-00375,White Household,Diego White,E-0164,BR-015,85075.81,Moderate,Retirement,2025-10-19,2025-12-18,5
FA-HH-00376,Campbell Household,Naomi Campbell,E-0164,BR-015,69510.08,Growth,Accumulation,2026-07-26,2025-10-06,6
FA-HH-00377,Baker Household,Nora Baker,E-0157,BR-003,690750.89,Moderate,Accumulation,2026-06-09,2025-11-19,6
FA-HH-00378,White Household,Elena White,E-0146,BR-021,190987.4,Conservative,Accumulation,2017-11-19,2025-09-07,3
FA-HH-00379,Kim Household,Iris Kim,E-0155,BR-025,449739.83,Moderate,Accumulation,2020-03-27,2026-02-02,2
FA-HH-00380,Evans Household,Amara Evans,E-0154,BR-007,1862414.8,Growth,Pre-Retirement,2011-10-03,2025-12-18,4
FA-HH-00381,Miller Household,Olivia Miller,E-0155,BR-025,259333.26,Growth,Accumulation,2024-01-01,2026-01-17,6
FA-HH-00382,Thomas Household,Maya Thomas,E-0146,BR-021,33442.15,Growth,Retirement,2019-04-23,2026-05-24,5
FA-HH-00383,Ruiz Household,Nora Ruiz,E-0179,BR-025,418689.08,Moderate,Accumulation,2011-07-04,2026-03-05,4
FA-HH-00384,Silva Household,Leo Silva,E-0163,BR-009,1860832.69,Growth,Accumulation,2010-07-16,2026-01-25,6
FA-HH-00385,Collins Household,Layla Collins,E-0166,BR-007,1684484.47,Conservative,Accumulation,2011-06-09,2025-12-08,6
FA-HH-00386,Collins Household,Fatima Collins,E-0155,BR-025,351317.79,Moderate,Pre-Retirement,2023-09-04,2026-01-10,6
FA-HH-00387,Bailey Household,Nina Bailey,E-0180,BR-010,308348.26,Growth,Pre-Retirement,2026-05-25,2026-03-15,1
FA-HH-00388,Ruiz Household,Ravi Ruiz,E-0168,BR-017,649004.42,Aggressive,Retirement,2024-08-29,2026-04-16,2
FA-HH-00389,Phillips Household,Jonathan Phillips,E-0173,BR-019,63634.71,Growth,Retirement,2021-03-14,2026-01-06,6
FA-HH-00390,Young Household,Isabella Young,E-0149,BR-019,276083.46,Moderate,Accumulation,2019-08-16,2026-06-07,2
FA-HH-00391,Anderson Household,Felix Anderson,E-0168,BR-017,698152.29,Conservative,Retirement,2022-07-30,2026-06-28,4
FA-HH-00392,Moore Household,Andre Moore,E-0174,BR-012,61671.82,Moderate,Retirement,2012-10-02,2026-08-31,2
FA-HH-00393,Edwards Household,Mateo Edwards,E-0164,BR-015,425210.42,Moderate,Accumulation,2021-01-27,2026-08-20,5
FA-HH-00394,Kim Household,Henry Kim,E-0142,BR-009,993353.48,Aggressive,Pre-Retirement,2012-02-21,2026-02-19,5
FA-HH-00395,Brown Household,Felix Brown,E-0167,BR-029,161977.05,Moderate,Accumulation,2015-03-11,2026-05-18,1
FA-HH-00396,Baker Household,Layla Baker,E-0177,BR-024,714812.02,Aggressive,Accumulation,2022-03-17,2026-03-19,4
FA-HH-00397,White Household,Tom White,E-0167,BR-029,148313.01,Growth,Legacy,2014-04-23,2025-07-08,6
FA-HH-00398,Wright Household,Ava Wright,E-0173,BR-019,43413.59,Growth,Retirement,2012-12-02,2025-07-23,2
FA-HH-00399,Garcia Household,Ethan Garcia,E-0171,BR-016,1332192.22,Moderate,Accumulation,2010-12-30,2025-11-30,6
FA-HH-00400,Thomas Household,Rosa Thomas,E-0169,BR-024,766909.97,Conservative,Retirement,2023-06-09,2025-06-08,3
FA-HH-00401,Johnson Household,Zara Johnson,E-0177,BR-024,183746.49,Moderate,Pre-Retirement,2024-07-10,2025-06-20,5
FA-HH-00402,Harris Household,Andre Harris,E-0145,BR-001,100254.4,Growth,Accumulation,2013-01-13,2026-04-21,3
FA-HH-00403,Kim Household,Aisha Kim,E-0142,BR-009,125477.54,Conservative,Retirement,2014-04-02,2026-07-22,5
FA-HH-00404,Davis Household,Yuki Davis,E-0160,BR-014,252971.84,Conservative,Accumulation,2015-04-14,2026-07-26,2
FA-HH-00405,Johnson Household,Ben Johnson,E-0145,BR-001,90000.47,Moderate,Accumulation,2010-11-25,2026-06-19,2
FA-HH-00406,Nguyen Household,Tom Nguyen,E-0142,BR-009,276744.15,Moderate,Accumulation,2015-10-30,2025-06-02,4
FA-HH-00407,Mitchell Household,Yuki Mitchell,E-0146,BR-021,167648.56,Growth,Accumulation,2020-12-27,2025-07-30,6
FA-HH-00408,Phillips Household,Elena Phillips,E-0151,BR-020,165928.03,Moderate,Legacy,2016-03-18,2025-08-25,4
FA-HH-00409,Carter Household,Tom Carter,E-0153,BR-022,389147.9,Moderate,Accumulation,2010-04-24,2026-04-22,2
FA-HH-00410,Stewart Household,Ethan Stewart,E-0169,BR-024,290917.33,Moderate,Accumulation,2012-06-07,2025-07-08,2
FA-HH-00411,Campbell Household,Naomi Campbell,E-0148,BR-008,55020.8,Growth,Retirement,2016-07-11,2026-06-21,1
FA-HH-00412,Bailey Household,Jonathan Bailey,E-0172,BR-008,82093.97,Moderate,Accumulation,2020-06-23,2025-11-19,3
FA-HH-00413,Jackson Household,Tom Jackson,E-0167,BR-029,542804.13,Moderate,Accumulation,2015-08-04,2026-01-31,1
FA-HH-00414,Jackson Household,Hannah Jackson,E-0160,BR-014,261410.36,Conservative,Accumulation,2025-11-03,2026-02-19,4
FA-HH-00415,Nelson Household,Mei Nelson,E-0166,BR-007,106652.79,Moderate,Retirement,2012-11-01,2025-12-26,3
FA-HH-00416,Campbell Household,Zara Campbell,E-0156,BR-012,231093.17,Moderate,Retirement,2013-04-08,2026-06-26,4
FA-HH-00417,Nelson Household,Diego Nelson,E-0173,BR-019,57684.93,Moderate,Legacy,2014-10-16,2026-05-06,4
FA-HH-00418,Allen Household,Wei Allen,E-0160,BR-014,964133.02,Moderate,Retirement,2020-01-22,2026-05-31,2
FA-HH-00419,Allen Household,Hannah Allen,E-0171,BR-016,339901.06,Growth,Accumulation,2014-10-09,2025-07-04,5
FA-HH-00420,Wright Household,Isabella Wright,E-0180,BR-010,374607.43,Moderate,Pre-Retirement,2015-08-12,2025-07-25,1
FA-HH-00421,Scott Household,Kenji Scott,E-0161,BR-025,848667.0,Conservative,Pre-Retirement,2012-09-29,2026-07-02,6
FA-HH-00422,Morris Household,Derek Morris,E-0147,BR-008,60890.69,Moderate,Legacy,2023-06-21,2026-08-25,1
FA-HH-00423,Patel Household,Nora Patel,E-0175,BR-015,389217.85,Moderate,Accumulation,2010-04-17,2026-07-25,3
FA-HH-00424,Ruiz Household,Mateo Ruiz,E-0148,BR-008,188286.28,Moderate,Accumulation,2010-01-18,2026-01-29,3
FA-HH-00425,Patel Household,Derek Patel,E-0180,BR-010,336314.4,Moderate,Legacy,2017-02-18,2025-07-31,2
FA-HH-00426,Ruiz Household,Derek Ruiz,E-0152,BR-010,313480.73,Conservative,Accumulation,2023-11-11,2025-06-08,1
FA-HH-00427,Anderson Household,Leo Anderson,E-0143,BR-011,193757.5,Moderate,Legacy,2020-08-20,2026-08-11,6
FA-HH-00428,Roberts Household,Victor Roberts,E-0171,BR-016,298834.94,Growth,Accumulation,2020-02-21,2026-01-24,3
FA-HH-00429,Nguyen Household,Rosa Nguyen,E-0161,BR-025,218528.01,Moderate,Retirement,2010-02-28,2025-10-21,1
FA-HH-00430,Walker Household,Mei Walker,E-0177,BR-024,141094.51,Moderate,Pre-Retirement,2012-08-07,2026-04-08,1
FA-HH-00431,Parker Household,Yuki Parker,E-0151,BR-020,303466.12,Moderate,Accumulation,2019-10-09,2026-08-13,2
FA-HH-00432,Vaughn Household,Sara Vaughn,E-0160,BR-014,773136.55,Aggressive,Accumulation,2012-04-10,2025-11-06,1
FA-HH-00433,Ashford Household,Isabella Ashford,E-0165,BR-016,37279.95,Moderate,Accumulation,2012-11-23,2026-07-30,1
FA-HH-00434,Patel Household,Diego Patel,E-0149,BR-019,109305.12,Moderate,Retirement,2011-02-13,2026-03-28,3
FA-HH-00435,Ruiz Household,Zara Ruiz,E-0163,BR-009,239199.63,Moderate,Accumulation,2011-08-20,2025-08-08,3
FA-HH-00436,Edwards Household,Sofia Edwards,E-0165,BR-016,435098.94,Conservative,Accumulation,2013-03-05,2025-12-25,5
FA-HH-00437,Campbell Household,Diego Campbell,E-0178,BR-024,428118.36,Conservative,Legacy,2023-05-26,2026-01-15,3
FA-HH-00438,Green Household,Grace Green,E-0148,BR-008,373011.56,Growth,Legacy,2021-11-05,2026-05-09,6
FA-HH-00439,Hall Household,Maya Hall,E-0143,BR-011,34785.28,Moderate,Pre-Retirement,2021-05-05,2025-12-21,4
FA-HH-00440,Lopez Household,Ava Lopez,E-0158,BR-027,274871.79,Moderate,Retirement,2012-03-19,2026-04-22,5
FA-HH-00441,Stewart Household,Andre Stewart,E-0175,BR-015,139126.9,Moderate,Accumulation,2016-01-21,2025-12-21,6
FA-HH-00442,Phillips Household,Sofia Phillips,E-0171,BR-016,255819.08,Conservative,Retirement,2010-09-17,2026-01-30,2
FA-HH-00443,White Household,Carlos White,E-0144,BR-027,255862.5,Moderate,Pre-Retirement,2018-07-09,2025-11-12,5
FA-HH-00444,Martinez Household,Iris Martinez,E-0161,BR-025,144632.43,Moderate,Pre-Retirement,2023-07-26,2026-03-30,3
FA-HH-00445,Young Household,Maya Young,E-0159,BR-021,885608.97,Moderate,Retirement,2016-03-28,2025-07-18,4
FA-HH-00446,Clark Household,Jonathan Clark,E-0159,BR-021,639764.66,Growth,Accumulation,2011-09-11,2025-11-09,1
FA-HH-00447,Vaughn Household,Isabella Vaughn,E-0141,BR-005,437286.9,Moderate,Retirement,2013-06-15,2026-01-21,6
FA-HH-00448,Edwards Household,Kenji Edwards,E-0146,BR-021,20000,Moderate,Accumulation,2019-11-15,2025-10-13,6
FA-HH-00449,Kim Household,Jonathan Kim,E-0159,BR-021,836074.15,Moderate,Accumulation,2019-03-04,2026-03-31,3
FA-HH-00450,Evans Household,Luis Evans,E-0174,BR-012,216663.79,Growth,Retirement,2019-11-12,2026-06-19,3
FA-HH-00451,Jackson Household,Maya Jackson,E-0149,BR-019,67586.57,Moderate,Legacy,2016-02-28,2026-07-22,2
FA-HH-00452,Mitchell Household,Felix Mitchell,E-0166,BR-007,88394.87,Conservative,Retirement,2022-04-02,2026-03-23,4
FA-HH-00453,Moore Household,Sara Moore,E-0168,BR-017,133599.05,Conservative,Accumulation,2017-07-16,2026-04-04,4
FA-HH-00454,Wright Household,Priya Wright,E-0178,BR-024,256920.57,Moderate,Accumulation,2023-05-04,2026-08-30,1
FA-HH-00455,Young Household,Layla Young,E-0167,BR-029,110984.61,Conservative,Legacy,2024-06-08,2025-06-21,1
FA-HH-00456,Bailey Household,Ravi Bailey,E-0141,BR-005,88349.78,Conservative,Retirement,2017-01-17,2025-06-21,5
FA-HH-00457,Ashford Household,Jamal Ashford,E-0174,BR-012,507654.32,Moderate,Accumulation,2018-11-08,2025-08-12,6
FA-HH-00458,Campbell Household,Leo Campbell,E-0179,BR-025,282206.89,Growth,Accumulation,2017-01-08,2025-08-31,2
FA-HH-00459,Johnson Household,Noah Johnson,E-0144,BR-027,809088.62,Conservative,Retirement,2014-03-31,2026-01-21,2
FA-HH-00460,Chen Household,Samuel Chen,E-0170,BR-008,56244.67,Moderate,Retirement,2025-10-29,2026-06-14,4
FA-HH-00461,Mitchell Household,Tom Mitchell,E-0152,BR-010,1076613.44,Aggressive,Accumulation,2017-07-28,2026-08-15,5
FA-HH-00462,Scott Household,Jonathan Scott,E-0167,BR-029,146242.39,Moderate,Legacy,2022-01-03,2025-10-29,1
FA-HH-00463,Adams Household,Kenji Adams,E-0167,BR-029,61939.24,Aggressive,Pre-Retirement,2014-04-21,2025-09-09,6
FA-HH-00464,Evans Household,Grace Evans,E-0156,BR-012,199979.87,Growth,Accumulation,2023-07-04,2025-08-10,1
FA-HH-00465,Green Household,Julian Green,E-0162,BR-019,224028.45,Aggressive,Accumulation,2016-07-21,2025-06-07,3
FA-HH-00466,Carter Household,Layla Carter,E-0149,BR-019,47249.1,Growth,Legacy,2024-03-09,2026-01-14,5
FA-HH-00467,Phillips Household,Hannah Phillips,E-0170,BR-008,68244.35,Growth,Accumulation,2013-11-07,2026-07-31,3
FA-HH-00468,Turner Household,Sara Turner,E-0165,BR-016,406933.76,Growth,Accumulation,2016-08-23,2026-07-31,1
FA-HH-00469,White Household,Mateo White,E-0159,BR-021,234833.08,Aggressive,Retirement,2020-03-21,2025-06-11,4
FA-HH-00470,Scott Household,Henry Scott,E-0175,BR-015,119448.59,Aggressive,Pre-Retirement,2024-03-08,2026-02-19,2
FA-HH-00471,Lopez Household,Aisha Lopez,E-0145,BR-001,326909.97,Moderate,Pre-Retirement,2013-05-02,2026-07-04,6
FA-HH-00472,Nguyen Household,Luis Nguyen,E-0180,BR-010,273868.45,Moderate,Retirement,2012-03-20,2025-11-15,6
FA-HH-00473,Parker Household,Ben Parker,E-0176,BR-004,331195.03,Moderate,Pre-Retirement,2020-02-01,2025-08-25,5
FA-HH-00474,Morris Household,Lauren Morris,E-0152,BR-010,99947.94,Conservative,Accumulation,2016-09-13,2026-06-10,2
FA-HH-00475,Lopez Household,Olivia Lopez,E-0162,BR-019,558872.84,Growth,Accumulation,2011-08-25,2025-09-14,6
FA-HH-00476,Davis Household,Ben Davis,E-0167,BR-029,62509.98,Moderate,Legacy,2012-07-25,2026-06-22,6
FA-HH-00477,Anderson Household,Sofia Anderson,E-0165,BR-016,385285.21,Growth,Pre-Retirement,2025-08-15,2025-11-07,5
FA-HH-00478,Johnson Household,Owen Johnson,E-0175,BR-015,275719.48,Conservative,Legacy,2024-02-13,2025-06-04,3
FA-HH-00479,Campbell Household,Naomi Campbell,E-0177,BR-024,104664.66,Moderate,Retirement,2016-07-12,2026-03-05,4
FA-HH-00480,Bailey Household,Zara Bailey,E-0168,BR-017,440785.58,Moderate,Retirement,2013-06-13,2025-09-09,5
FA-HH-00481,Johnson Household,Ben Johnson,E-0166,BR-007,308550.42,Conservative,Accumulation,2010-11-09,2026-07-29,2
FA-HH-00482,Ruiz Household,Jamal Ruiz,E-0156,BR-012,270519.62,Growth,Retirement,2026-02-26,2026-03-22,1
FA-HH-00483,Wright Household,Henry Wright,E-0141,BR-005,170479.53,Moderate,Retirement,2012-12-24,2026-08-10,2
FA-HH-00484,Edwards Household,Andre Edwards,E-0167,BR-029,189910.75,Growth,Legacy,2023-02-12,2026-04-15,6
FA-HH-00485,Anderson Household,Zara Anderson,E-0148,BR-008,685883.5,Growth,Accumulation,2022-03-31,2025-06-24,6
FA-HH-00486,Campbell Household,Mateo Campbell,E-0151,BR-020,521004.86,Conservative,Accumulation,2013-02-14,2026-06-17,1
FA-HH-00487,Wright Household,Noah Wright,E-0146,BR-021,949301.71,Moderate,Retirement,2020-06-15,2026-06-25,3
FA-HH-00488,Baker Household,Carlos Baker,E-0175,BR-015,37378.32,Conservative,Accumulation,2015-11-24,2025-07-09,3
FA-HH-00489,Miller Household,Nina Miller,E-0158,BR-027,267168.37,Aggressive,Pre-Retirement,2024-05-17,2026-07-29,2
FA-HH-00490,Baker Household,Ethan Baker,E-0152,BR-010,663442.25,Growth,Accumulation,2024-09-28,2025-12-13,1
FA-HH-00491,Roberts Household,Nora Roberts,E-0173,BR-019,109452.06,Growth,Accumulation,2010-09-08,2026-06-15,2
FA-HH-00492,Lewis Household,Noah Lewis,E-0173,BR-019,511735.21,Conservative,Retirement,2014-11-06,2025-07-01,1
FA-HH-00493,Lopez Household,Iris Lopez,E-0144,BR-027,213985.98,Conservative,Accumulation,2011-01-19,2025-12-31,3
FA-HH-00494,Clark Household,Noah Clark,E-0165,BR-016,465551.16,Aggressive,Accumulation,2014-06-05,2026-01-20,3
FA-HH-00495,Young Household,Tom Young,E-0156,BR-012,99864.22,Aggressive,Retirement,2015-04-29,2025-07-14,1
FA-HH-00496,Scott Household,Henry Scott,E-0155,BR-025,743029.91,Moderate,Pre-Retirement,2011-08-17,2026-06-16,6
FA-HH-00497,Garcia Household,Amara Garcia,E-0171,BR-016,122193.38,Growth,Legacy,2020-06-28,2026-07-28,2
FA-HH-00498,Brown Household,Hannah Brown,E-0173,BR-019,658299.69,Growth,Retirement,2015-06-12,2026-06-24,2
FA-HH-00499,Okafor Household,Ethan Okafor,E-0163,BR-009,1638097.12,Moderate,Pre-Retirement,2025-09-17,2025-12-29,5
FA-HH-00500,Nelson Household,Samuel Nelson,E-0142,BR-009,395280.01,Growth,Retirement,2022-07-17,2025-08-15,5
FA-HH-00501,Allen Household,Fatima Allen,E-0154,BR-007,390505.7,Conservative,Pre-Retirement,2026-01-08,2025-12-24,1
FA-HH-00502,Turner Household,Sofia Turner,E-0160,BR-014,1394392.03,Aggressive,Retirement,2023-08-09,2026-01-30,6
FA-HH-00503,Miller Household,Mei Miller,E-0174,BR-012,99399.82,Moderate,Retirement,2018-08-20,2026-03-12,2
FA-HH-00504,Lopez Household,Marcus Lopez,E-0150,BR-009,304900.46,Conservative,Legacy,2017-02-08,2026-08-17,5
FA-HH-00505,Okafor Household,Iris Okafor,E-0168,BR-017,1258503.61,Conservative,Pre-Retirement,2020-07-30,2026-01-18,1
FA-HH-00506,Nguyen Household,Diego Nguyen,E-0175,BR-015,123975.83,Conservative,Pre-Retirement,2020-08-18,2025-12-20,2
FA-HH-00507,Taylor Household,Ethan Taylor,E-0163,BR-009,82563.21,Conservative,Retirement,2019-01-25,2025-09-17,1
FA-HH-00508,Young Household,Iris Young,E-0169,BR-024,1652212.53,Growth,Legacy,2022-10-12,2025-06-19,5
FA-HH-00509,Young Household,Jonathan Young,E-0154,BR-007,1186547.4,Moderate,Retirement,2020-03-18,2026-04-27,2
FA-HH-00510,Johnson Household,Isabella Johnson,E-0180,BR-010,1206458.44,Growth,Pre-Retirement,2021-08-01,2026-06-21,2
FA-HH-00511,Moore Household,Ben Moore,E-0180,BR-010,236811.07,Conservative,Pre-Retirement,2011-04-11,2025-10-12,5
FA-HH-00512,Silva Household,Derek Silva,E-0166,BR-007,232280.05,Growth,Retirement,2013-01-07,2026-08-02,1
FA-HH-00513,Bailey Household,Carlos Bailey,E-0164,BR-015,136075.88,Conservative,Retirement,2025-01-21,2025-10-03,1
FA-HH-00514,Thomas Household,Elena Thomas,E-0180,BR-010,644948.05,Conservative,Retirement,2015-11-08,2026-01-07,6
FA-HH-00515,Moore Household,Zara Moore,E-0159,BR-021,348170.46,Moderate,Retirement,2016-04-02,2025-06-24,3
FA-HH-00516,Kim Household,Emma Kim,E-0176,BR-004,1108339.41,Moderate,Pre-Retirement,2011-11-13,2025-09-15,6
FA-HH-00517,Walker Household,Elena Walker,E-0156,BR-012,286384.53,Conservative,Pre-Retirement,2010-11-08,2025-09-12,3
FA-HH-00518,Ashford Household,Leo Ashford,E-0175,BR-015,102277.11,Moderate,Accumulation,2012-04-01,2026-06-10,1
FA-HH-00519,Stewart Household,Ravi Stewart,E-0177,BR-024,158844.15,Conservative,Pre-Retirement,2018-09-09,2026-08-28,3
FA-HH-00520,Hall Household,Grace Hall,E-0165,BR-016,547505.96,Conservative,Accumulation,2014-08-01,2025-11-30,1
FA-HH-00521,Kim Household,Ines Kim,E-0177,BR-024,386843.03,Aggressive,Accumulation,2024-02-05,2025-08-16,3
FA-HH-00522,Collins Household,Fatima Collins,E-0179,BR-025,239902.3,Moderate,Pre-Retirement,2011-06-01,2026-06-07,2
FA-HH-00523,Turner Household,Sara Turner,E-0165,BR-016,182505.52,Moderate,Retirement,2011-05-27,2025-11-07,6
FA-HH-00524,Turner Household,Nora Turner,E-0162,BR-019,122953.52,Moderate,Pre-Retirement,2011-02-19,2026-06-24,1
FA-HH-00525,Stewart Household,Lauren Stewart,E-0167,BR-029,606141.97,Aggressive,Legacy,2013-07-07,2025-08-16,4
FA-HH-00526,Brown Household,Layla Brown,E-0160,BR-014,579956.94,Growth,Retirement,2010-05-05,2026-02-25,3
FA-HH-00527,Lewis Household,Kenji Lewis,E-0144,BR-027,159952.75,Moderate,Accumulation,2013-10-19,2026-04-26,1
FA-HH-00528,Edwards Household,Leo Edwards,E-0141,BR-005,314139.91,Conservative,Retirement,2017-08-28,2026-01-03,3
FA-HH-00529,Wright Household,Nora Wright,E-0154,BR-007,501645.76,Conservative,Retirement,2014-09-02,2025-10-31,3
FA-HH-00530,Roberts Household,Samuel Roberts,E-0164,BR-015,393732.6,Conservative,Accumulation,2010-01-29,2026-04-28,2
FA-HH-00531,Miller Household,Tom Miller,E-0175,BR-015,80547.32,Moderate,Accumulation,2011-04-08,2026-08-03,1
FA-HH-00532,Jackson Household,Marcus Jackson,E-0180,BR-010,897639.5,Moderate,Accumulation,2024-05-23,2025-07-29,4
FA-HH-00533,Morris Household,Naomi Morris,E-0168,BR-017,1718726.93,Moderate,Accumulation,2025-03-03,2025-10-24,6
FA-HH-00534,Johnson Household,Layla Johnson,E-0165,BR-016,175021.2,Moderate,Pre-Retirement,2010-08-06,2026-07-27,1
FA-HH-00535,Hall Household,Sofia Hall,E-0174,BR-012,831658.17,Aggressive,Accumulation,2011-10-03,2025-11-10,1
FA-HH-00536,Morris Household,Owen Morris,E-0171,BR-016,386493.8,Growth,Retirement,2019-09-06,2025-06-29,6
FA-HH-00537,Morris Household,Aisha Morris,E-0167,BR-029,1448339.93,Conservative,Accumulation,2025-03-24,2026-03-02,5
FA-HH-00538,Lewis Household,Grace Lewis,E-0176,BR-004,303844.74,Growth,Retirement,2015-07-01,2025-07-18,6
FA-HH-00539,Young Household,Ethan Young,E-0180,BR-010,943367.45,Moderate,Accumulation,2017-11-25,2026-03-18,3
FA-HH-00540,Phillips Household,Mateo Phillips,E-0145,BR-001,106256.57,Growth,Accumulation,2017-12-30,2026-02-11,4
FA-HH-00541,Evans Household,Noah Evans,E-0141,BR-005,375462.34,Growth,Retirement,2020-04-01,2025-10-09,2
FA-HH-00542,Silva Household,Fatima Silva,E-0180,BR-010,2318362.62,Aggressive,Legacy,2023-11-14,2026-01-01,2
FA-HH-00543,Allen Household,Carlos Allen,E-0164,BR-015,1244661.54,Conservative,Legacy,2017-12-11,2026-06-09,6
FA-HH-00544,King Household,Fatima King,E-0172,BR-008,780664.65,Moderate,Retirement,2010-01-13,2026-07-08,6
FA-HH-00545,Campbell Household,Diego Campbell,E-0153,BR-022,52568.88,Moderate,Retirement,2010-08-04,2025-10-12,5
FA-HH-00546,Martinez Household,Emma Martinez,E-0177,BR-024,252061.46,Moderate,Retirement,2024-03-12,2025-09-14,2
FA-HH-00547,Ruiz Household,Zara Ruiz,E-0142,BR-009,1190220.16,Conservative,Pre-Retirement,2011-04-16,2025-07-17,4
FA-HH-00548,Green Household,Iris Green,E-0141,BR-005,230793.98,Growth,Pre-Retirement,2013-03-03,2025-06-03,4
FA-HH-00549,Collins Household,Chloe Collins,E-0172,BR-008,732502.51,Conservative,Accumulation,2023-06-24,2026-02-13,4
FA-HH-00550,Thomas Household,Nina Thomas,E-0166,BR-007,477044.37,Aggressive,Pre-Retirement,2021-03-08,2026-01-29,4
FA-HH-00551,Johnson Household,Aisha Johnson,E-0143,BR-011,345099.6,Growth,Legacy,2014-12-09,2026-06-25,4
FA-HH-00552,Wilson Household,Kenji Wilson,E-0178,BR-024,473865.48,Growth,Pre-Retirement,2011-02-18,2026-03-18,5
FA-HH-00553,Chen Household,Marcus Chen,E-0180,BR-010,657276.51,Conservative,Accumulation,2016-04-26,2026-04-21,1
FA-HH-00554,Allen Household,Derek Allen,E-0158,BR-027,182194.22,Moderate,Pre-Retirement,2017-07-28,2025-06-28,3
FA-HH-00555,Mitchell Household,Victor Mitchell,E-0169,BR-024,720684.36,Moderate,Accumulation,2014-08-02,2025-12-28,2
FA-HH-00556,Parker Household,Naomi Parker,E-0141,BR-005,837333.64,Conservative,Accumulation,2010-07-12,2026-04-17,1
FA-HH-00557,Green Household,Sara Green,E-0148,BR-008,41666.84,Growth,Accumulation,2013-01-19,2025-06-13,4
FA-HH-00558,King Household,Isabella King,E-0177,BR-024,143486.7,Conservative,Legacy,2023-12-12,2026-06-29,5
FA-HH-00559,Adams Household,Sofia Adams,E-0164,BR-015,52000.66,Conservative,Accumulation,2025-10-22,2026-03-17,5
FA-HH-00560,Nelson Household,Elena Nelson,E-0171,BR-016,697796.99,Aggressive,Accumulation,2019-07-19,2025-06-11,6
FA-HH-00561,Vaughn Household,Ben Vaughn,E-0177,BR-024,203801.3,Moderate,Accumulation,2014-01-27,2025-08-02,4
FA-HH-00562,Ruiz Household,Derek Ruiz,E-0170,BR-008,436940.92,Moderate,Pre-Retirement,2019-01-11,2025-10-20,6
FA-HH-00563,Moore Household,Ethan Moore,E-0146,BR-021,86617.39,Aggressive,Pre-Retirement,2022-02-19,2026-05-10,3
FA-HH-00564,Patel Household,Derek Patel,E-0143,BR-011,204909.34,Growth,Retirement,2025-06-17,2026-07-01,5
FA-HH-00565,Taylor Household,Naomi Taylor,E-0148,BR-008,585174.53,Moderate,Retirement,2025-02-17,2026-01-13,2
FA-HH-00566,Nelson Household,Diego Nelson,E-0147,BR-008,1150261.34,Growth,Accumulation,2013-08-27,2026-04-23,2
FA-HH-00567,Wilson Household,Daniel Wilson,E-0144,BR-027,131056.77,Moderate,Accumulation,2016-09-09,2025-09-18,4
FA-HH-00568,Stewart Household,Jamal Stewart,E-0145,BR-001,600530.67,Growth,Retirement,2021-11-16,2025-08-22,4
FA-HH-00569,Scott Household,Ines Scott,E-0168,BR-017,114610.49,Conservative,Accumulation,2019-02-19,2026-08-03,5
FA-HH-00570,Silva Household,Daniel Silva,E-0159,BR-021,686231.5,Aggressive,Pre-Retirement,2014-09-26,2025-09-06,5
FA-HH-00571,Phillips Household,Olivia Phillips,E-0160,BR-014,196115.1,Conservative,Legacy,2016-03-02,2025-11-22,2
FA-HH-00572,Wilson Household,Andre Wilson,E-0156,BR-012,386011.18,Aggressive,Accumulation,2025-10-31,2026-03-17,5
FA-HH-00573,Stewart Household,Olivia Stewart,E-0178,BR-024,942293.24,Growth,Pre-Retirement,2013-01-29,2025-11-19,3
FA-HH-00574,Patel Household,Tom Patel,E-0151,BR-020,222241.94,Moderate,Retirement,2013-03-15,2026-04-12,3
FA-HH-00575,Patel Household,Jamal Patel,E-0171,BR-016,145928.68,Moderate,Retirement,2016-01-24,2026-02-04,4
FA-HH-00576,White Household,Felix White,E-0152,BR-010,363537.9,Aggressive,Pre-Retirement,2021-07-09,2025-12-23,2
FA-HH-00577,Ashford Household,Iris Ashford,E-0168,BR-017,477852.52,Moderate,Accumulation,2018-05-10,2025-10-15,2
FA-HH-00578,Martinez Household,Samuel Martinez,E-0160,BR-014,252817.94,Aggressive,Accumulation,2013-06-30,2026-03-11,5
FA-HH-00579,Moore Household,Iris Moore,E-0142,BR-009,288795.13,Growth,Legacy,2021-03-11,2026-06-22,5
FA-HH-00580,Okafor Household,Marcus Okafor,E-0147,BR-008,210843.06,Growth,Pre-Retirement,2023-05-30,2026-05-20,4
FA-HH-00581,Davis Household,Marcus Davis,E-0167,BR-029,196361.77,Growth,Pre-Retirement,2010-06-21,2026-08-12,2
FA-HH-00582,Anderson Household,Iris Anderson,E-0178,BR-024,329334.68,Growth,Legacy,2020-07-17,2025-10-09,4
FA-HH-00583,White Household,Wei White,E-0159,BR-021,1090082.27,Aggressive,Retirement,2025-03-03,2025-06-19,4
FA-HH-00584,Harris Household,Rosa Harris,E-0147,BR-008,255527.07,Moderate,Accumulation,2023-05-29,2025-09-27,5
FA-HH-00585,Baker Household,Chloe Baker,E-0155,BR-025,529372.96,Moderate,Pre-Retirement,2020-04-07,2025-09-15,6
FA-HH-00586,Moore Household,Tom Moore,E-0155,BR-025,389173.93,Growth,Accumulation,2022-04-12,2025-10-23,1
FA-HH-00587,Scott Household,Ben Scott,E-0175,BR-015,315275.23,Moderate,Accumulation,2016-04-07,2026-03-09,3
FA-HH-00588,Mitchell Household,Iris Mitchell,E-0159,BR-021,234217.05,Conservative,Retirement,2012-08-13,2025-08-13,1
FA-HH-00589,Hall Household,Nina Hall,E-0167,BR-029,105310.99,Moderate,Retirement,2018-08-23,2025-07-09,2
FA-HH-00590,Adams Household,Andre Adams,E-0175,BR-015,436670.78,Moderate,Pre-Retirement,2019-08-14,2025-06-03,3
FA-HH-00591,Okafor Household,Olivia Okafor,E-0144,BR-027,976698.44,Growth,Accumulation,2019-07-29,2026-05-04,2
FA-HH-00592,Walker Household,Ethan Walker,E-0172,BR-008,317483.59,Moderate,Legacy,2010-11-28,2026-03-07,1
FA-HH-00593,Okafor Household,Ines Okafor,E-0176,BR-004,587798.11,Moderate,Accumulation,2011-02-07,2026-04-13,2
FA-HH-00594,Phillips Household,Victor Phillips,E-0158,BR-027,244459.37,Moderate,Retirement,2013-03-26,2026-04-27,1
FA-HH-00595,Nguyen Household,Emma Nguyen,E-0152,BR-010,1908213.36,Moderate,Legacy,2021-05-23,2025-11-29,5
FA-HH-00596,Roberts Household,Luis Roberts,E-0143,BR-011,215028.0,Growth,Legacy,2013-04-18,2026-05-02,5
FA-HH-00597,Ashford Household,Jamal Ashford,E-0173,BR-019,34138.48,Moderate,Pre-Retirement,2024-06-08,2026-01-04,2
FA-HH-00598,Baker Household,Ravi Baker,E-0172,BR-008,139654.99,Conservative,Accumulation,2025-04-21,2025-09-25,3
FA-HH-00599,Walker Household,Marcus Walker,E-0152,BR-010,793042.38,Growth,Accumulation,2015-01-12,2025-08-09,2
FA-HH-00600,Green Household,Hannah Green,E-0175,BR-015,908767.23,Aggressive,Accumulation,2021-04-01,2026-03-07,4
FA-HH-00601,Davis Household,Fatima Davis,E-0150,BR-009,1038743.55,Moderate,Pre-Retirement,2018-01-15,2025-09-12,1
FA-HH-00602,Anderson Household,Sofia Anderson,E-0146,BR-021,304022.98,Conservative,Accumulation,2011-01-02,2026-01-13,5
FA-HH-00603,Ruiz Household,Sara Ruiz,E-0144,BR-027,402998.16,Growth,Retirement,2014-03-14,2025-11-13,1
FA-HH-00604,Okafor Household,Nina Okafor,E-0143,BR-011,614513.75,Moderate,Retirement,2020-01-03,2026-05-22,1
FA-HH-00605,Hall Household,Sofia Hall,E-0178,BR-024,555070.78,Moderate,Accumulation,2018-04-14,2025-10-19,5
FA-HH-00606,Nelson Household,Luis Nelson,E-0159,BR-021,126958.29,Growth,Legacy,2025-01-02,2025-11-18,5
FA-HH-00607,Hall Household,Lauren Hall,E-0148,BR-008,746463.24,Conservative,Pre-Retirement,2025-02-28,2026-08-30,5
FA-HH-00608,Anderson Household,Sofia Anderson,E-0159,BR-021,264947.97,Conservative,Retirement,2018-05-04,2026-01-23,5
FA-HH-00609,Miller Household,Henry Miller,E-0171,BR-016,910029.67,Moderate,Pre-Retirement,2010-07-06,2026-08-16,3
FA-HH-00610,Wilson Household,Derek Wilson,E-0169,BR-024,301154.28,Moderate,Accumulation,2018-03-19,2026-01-19,3
FA-HH-00611,Green Household,Mei Green,E-0176,BR-004,770006.63,Conservative,Retirement,2024-02-21,2025-06-06,5
FA-HH-00612,Nguyen Household,Sara Nguyen,E-0171,BR-016,237247.84,Moderate,Accumulation,2022-12-30,2026-05-26,6
FA-HH-00613,Ruiz Household,Carlos Ruiz,E-0169,BR-024,321515.01,Moderate,Retirement,2026-02-17,2025-09-25,4
FA-HH-00614,Bailey Household,Mateo Bailey,E-0176,BR-004,2389909.32,Aggressive,Pre-Retirement,2022-06-02,2026-07-20,5
FA-HH-00615,Garcia Household,Noah Garcia,E-0178,BR-024,476425.41,Growth,Accumulation,2012-02-01,2025-10-23,1
FA-HH-00616,Garcia Household,Naomi Garcia,E-0158,BR-027,95226.28,Conservative,Pre-Retirement,2017-11-30,2025-06-17,1
FA-HH-00617,Taylor Household,Layla Taylor,E-0159,BR-021,660019.87,Conservative,Retirement,2026-02-13,2026-01-13,3
FA-HH-00618,Chen Household,Diego Chen,E-0170,BR-008,497921.6,Growth,Accumulation,2015-10-15,2025-12-13,2
FA-HH-00619,Collins Household,Jamal Collins,E-0177,BR-024,151536.95,Conservative,Legacy,2017-05-08,2026-07-23,3
FA-HH-00620,King Household,Zara King,E-0167,BR-029,139520.96,Moderate,Pre-Retirement,2016-06-09,2026-01-29,4
FA-HH-00621,Stewart Household,Samuel Stewart,E-0151,BR-020,193660.08,Moderate,Legacy,2020-02-17,2026-02-08,6
FA-HH-00622,Kim Household,Ravi Kim,E-0162,BR-019,522318.87,Moderate,Retirement,2014-09-29,2025-09-17,3
FA-HH-00623,Lopez Household,Victor Lopez,E-0144,BR-027,480091.92,Growth,Accumulation,2023-10-24,2026-04-03,5
FA-HH-00624,Allen Household,Lauren Allen,E-0154,BR-007,291859.72,Growth,Legacy,2019-02-18,2025-10-13,6
FA-HH-00625,Adams Household,Jamal Adams,E-0153,BR-022,340811.67,Moderate,Accumulation,2013-12-14,2025-08-22,4
FA-HH-00626,Silva Household,Lauren Silva,E-0177,BR-024,410541.28,Growth,Accumulation,2018-11-21,2026-08-08,2
FA-HH-00627,Scott Household,Aisha Scott,E-0174,BR-012,503289.54,Moderate,Pre-Retirement,2020-07-20,2025-11-24,5
FA-HH-00628,Ashford Household,Wei Ashford,E-0179,BR-025,255258.12,Conservative,Accumulation,2010-08-13,2026-04-02,5
FA-HH-00629,Clark Household,Victor Clark,E-0153,BR-022,411027.76,Conservative,Accumulation,2021-08-18,2026-06-09,2
FA-HH-00630,Wilson Household,Maya Wilson,E-0142,BR-009,333333.2,Growth,Pre-Retirement,2015-12-27,2025-06-01,6
FA-HH-00631,Thomas Household,Samuel Thomas,E-0175,BR-015,240999.05,Conservative,Retirement,2020-06-03,2026-05-19,5
FA-HH-00632,Campbell Household,Yuki Campbell,E-0143,BR-011,379704.98,Moderate,Accumulation,2026-02-13,2026-08-18,4
FA-HH-00633,Jackson Household,Derek Jackson,E-0147,BR-008,118372.43,Growth,Accumulation,2017-07-26,2026-01-21,3
FA-HH-00634,Anderson Household,Jamal Anderson,E-0167,BR-029,1382641.04,Moderate,Pre-Retirement,2016-03-24,2026-03-23,6
FA-HH-00635,Roberts Household,Priya Roberts,E-0159,BR-021,64463.01,Conservative,Retirement,2026-05-01,2025-12-29,1
FA-HH-00636,Silva Household,Zara Silva,E-0150,BR-009,76867.35,Growth,Legacy,2013-10-25,2026-07-13,1
FA-HH-00637,Roberts Household,Julian Roberts,E-0161,BR-025,570033.76,Growth,Accumulation,2010-06-24,2025-09-16,3
FA-HH-00638,Ashford Household,Kenji Ashford,E-0153,BR-022,301710.95,Moderate,Accumulation,2021-12-04,2026-02-24,2
FA-HH-00639,Thomas Household,Derek Thomas,E-0156,BR-012,256659.7,Conservative,Accumulation,2022-08-07,2026-08-18,2
FA-HH-00640,Phillips Household,Ines Phillips,E-0175,BR-015,2435768.62,Moderate,Pre-Retirement,2017-09-19,2026-08-15,3
FA-HH-00641,Lewis Household,Wei Lewis,E-0178,BR-024,1962275.59,Moderate,Accumulation,2011-08-29,2026-01-27,5
FA-HH-00642,Lopez Household,Elena Lopez,E-0142,BR-009,92236.06,Conservative,Legacy,2026-05-14,2026-02-01,6
FA-HH-00643,Scott Household,Henry Scott,E-0179,BR-025,145613.5,Growth,Accumulation,2023-02-17,2025-07-10,5
FA-HH-00644,Taylor Household,Amara Taylor,E-0142,BR-009,202878.27,Moderate,Pre-Retirement,2022-09-13,2026-03-11,1
FA-HH-00645,Carter Household,Iris Carter,E-0170,BR-008,1540642.86,Conservative,Accumulation,2010-09-17,2025-12-31,2
FA-HH-00646,Collins Household,Leo Collins,E-0156,BR-012,163795.6,Moderate,Pre-Retirement,2016-09-28,2026-02-19,1
FA-HH-00647,Anderson Household,Mateo Anderson,E-0161,BR-025,208701.31,Conservative,Accumulation,2015-01-08,2025-09-29,6
FA-HH-00648,Johnson Household,Wei Johnson,E-0175,BR-015,461458.02,Conservative,Accumulation,2012-02-18,2026-05-04,1
FA-HH-00649,Lopez Household,Isabella Lopez,E-0157,BR-003,152055.23,Aggressive,Retirement,2019-12-07,2025-09-03,3
FA-HH-00650,Edwards Household,Zara Edwards,E-0147,BR-008,224530.87,Moderate,Legacy,2016-08-24,2026-04-28,1
FA-HH-00651,Miller Household,Felix Miller,E-0159,BR-021,407247.45,Moderate,Pre-Retirement,2011-07-05,2026-08-01,2
FA-HH-00652,Jackson Household,Nina Jackson,E-0170,BR-008,177244.14,Moderate,Retirement,2015-12-19,2026-03-03,4
FA-HH-00653,Roberts Household,Aisha Roberts,E-0178,BR-024,81694.27,Aggressive,Pre-Retirement,2024-02-19,2025-07-19,2
FA-HH-00654,Nguyen Household,Mei Nguyen,E-0175,BR-015,44724.13,Moderate,Accumulation,2011-07-30,2025-12-08,6
FA-HH-00655,Green Household,Iris Green,E-0160,BR-014,484508.9,Moderate,Retirement,2016-07-21,2026-08-05,1
FA-HH-00656,Mitchell Household,Ines Mitchell,E-0162,BR-019,577802.64,Growth,Legacy,2022-01-16,2025-10-14,1
FA-HH-00657,King Household,Hannah King,E-0157,BR-003,184750.62,Growth,Retirement,2019-11-20,2025-07-04,1
FA-HH-00658,Miller Household,Zara Miller,E-0163,BR-009,303778.35,Conservative,Accumulation,2019-10-05,2026-05-20,2
FA-HH-00659,Baker Household,Elena Baker,E-0168,BR-017,195320.28,Moderate,Pre-Retirement,2016-05-09,2025-11-27,6
FA-HH-00660,Lewis Household,Rosa Lewis,E-0149,BR-019,184301.62,Growth,Accumulation,2013-03-16,2025-11-28,6
FA-HH-00661,Vaughn Household,Mateo Vaughn,E-0155,BR-025,131716.98,Moderate,Retirement,2018-05-10,2025-11-21,3
FA-HH-00662,Davis Household,Maya Davis,E-0144,BR-027,723920.1,Moderate,Accumulation,2020-04-30,2025-12-29,5
FA-HH-00663,Bailey Household,Diego Bailey,E-0146,BR-021,126146.09,Moderate,Accumulation,2012-01-25,2025-12-23,1
FA-HH-00664,Lewis Household,Nora Lewis,E-0171,BR-016,622618.65,Conservative,Legacy,2018-07-11,2026-04-06,5
FA-HH-00665,Scott Household,Wei Scott,E-0180,BR-010,261179.06,Moderate,Pre-Retirement,2012-04-24,2025-11-18,1
FA-HH-00666,Anderson Household,Kenji Anderson,E-0168,BR-017,539790.33,Moderate,Retirement,2011-04-03,2025-07-10,4
FA-HH-00667,Thomas Household,Owen Thomas,E-0146,BR-021,1578165.69,Moderate,Retirement,2025-04-16,2026-01-04,1
FA-HH-00668,Hall Household,Naomi Hall,E-0159,BR-021,286383.09,Aggressive,Pre-Retirement,2023-03-23,2026-05-01,4
FA-HH-00669,Scott Household,Mateo Scott,E-0167,BR-029,427610.21,Conservative,Accumulation,2013-09-19,2026-08-29,5
FA-HH-00670,Adams Household,Ben Adams,E-0156,BR-012,503118.46,Moderate,Retirement,2021-10-16,2025-07-03,3
FA-HH-00671,Lopez Household,Sara Lopez,E-0148,BR-008,110569.89,Growth,Pre-Retirement,2022-07-01,2026-01-13,4
FA-HH-00672,King Household,Iris King,E-0152,BR-010,184758.41,Moderate,Retirement,2014-04-17,2025-10-19,2
FA-HH-00673,Moore Household,Marcus Moore,E-0144,BR-027,543613.43,Moderate,Accumulation,2022-09-24,2025-10-09,3
FA-HH-00674,Chen Household,Mateo Chen,E-0174,BR-012,468350.49,Moderate,Accumulation,2011-03-08,2025-07-13,1
FA-HH-00675,Roberts Household,Samuel Roberts,E-0179,BR-025,1459823.73,Growth,Pre-Retirement,2011-11-05,2025-10-23,5
FA-HH-00676,Kim Household,Samuel Kim,E-0176,BR-004,384117.62,Conservative,Pre-Retirement,2016-12-10,2025-08-15,4
FA-HH-00677,Kim Household,Victor Kim,E-0159,BR-021,403616.5,Moderate,Accumulation,2021-03-03,2025-06-17,5
FA-HH-00678,Thomas Household,Marcus Thomas,E-0177,BR-024,448318.78,Growth,Pre-Retirement,2022-07-30,2025-06-29,3
FA-HH-00679,Vaughn Household,Derek Vaughn,E-0167,BR-029,714092.2,Growth,Accumulation,2017-04-27,2025-10-20,1
FA-HH-00680,Walker Household,Grace Walker,E-0170,BR-008,105725.84,Conservative,Pre-Retirement,2012-03-18,2026-01-23,6
FA-HH-00681,Carter Household,Grace Carter,E-0142,BR-009,141366.07,Moderate,Accumulation,2026-04-14,2025-07-06,1
FA-HH-00682,Nelson Household,Priya Nelson,E-0163,BR-009,247053.51,Growth,Accumulation,2025-12-11,2026-08-21,2
FA-HH-00683,Kim Household,Fatima Kim,E-0179,BR-025,227026.6,Aggressive,Accumulation,2015-01-23,2025-11-15,4
FA-HH-00684,Young Household,Marcus Young,E-0179,BR-025,479616.98,Growth,Pre-Retirement,2017-04-20,2026-06-24,4
FA-HH-00685,Ruiz Household,Diego Ruiz,E-0180,BR-010,320324.07,Growth,Retirement,2012-03-22,2026-04-09,6
FA-HH-00686,Davis Household,Ava Davis,E-0155,BR-025,573618.9,Growth,Pre-Retirement,2011-05-01,2025-06-11,4
FA-HH-00687,Green Household,Ben Green,E-0160,BR-014,124445.07,Moderate,Accumulation,2021-12-03,2025-07-20,6
FA-HH-00688,Davis Household,Olivia Davis,E-0176,BR-004,590690.21,Moderate,Legacy,2012-06-19,2025-11-29,1
FA-HH-00689,Carter Household,Henry Carter,E-0171,BR-016,492804.56,Conservative,Legacy,2012-09-09,2026-01-14,2
FA-HH-00690,Chen Household,Zara Chen,E-0168,BR-017,236559.87,Moderate,Accumulation,2024-03-19,2025-10-10,3
FA-HH-00691,Morris Household,Fatima Morris,E-0150,BR-009,121322.39,Conservative,Retirement,2018-06-27,2026-02-03,6
FA-HH-00692,Adams Household,Priya Adams,E-0170,BR-008,825598.77,Growth,Pre-Retirement,2017-05-11,2025-11-14,4
FA-HH-00693,Green Household,Ben Green,E-0171,BR-016,159439.53,Moderate,Retirement,2021-02-15,2026-06-24,2
FA-HH-00694,Scott Household,Emma Scott,E-0155,BR-025,266677.1,Moderate,Retirement,2024-09-29,2026-02-03,6
FA-HH-00695,Ashford Household,Layla Ashford,E-0144,BR-027,191791.88,Conservative,Pre-Retirement,2025-10-03,2025-11-03,5
FA-HH-00696,Mitchell Household,Ava Mitchell,E-0151,BR-020,543506.84,Moderate,Pre-Retirement,2022-10-24,2025-09-30,6
FA-HH-00697,Mitchell Household,Noah Mitchell,E-0154,BR-007,639999.4,Growth,Accumulation,2026-02-22,2026-02-14,6
FA-HH-00698,Davis Household,Hannah Davis,E-0180,BR-010,102078.43,Conservative,Pre-Retirement,2013-03-28,2026-07-20,6
FA-HH-00699,Harris Household,Julian Harris,E-0142,BR-009,149546.34,Aggressive,Pre-Retirement,2018-09-22,2026-01-02,6
FA-HH-00700,Nelson Household,Priya Nelson,E-0155,BR-025,129688.19,Growth,Accumulation,2011-04-05,2026-08-14,2
FA-HH-00701,Edwards Household,Samuel Edwards,E-0164,BR-015,517785.51,Moderate,Legacy,2012-03-02,2026-02-09,4
FA-HH-00702,Evans Household,Mei Evans,E-0153,BR-022,350100.36,Conservative,Retirement,2023-02-11,2026-03-08,3
FA-HH-00703,Collins Household,Julian Collins,E-0146,BR-021,678342.19,Moderate,Retirement,2017-08-22,2026-08-11,2
FA-HH-00704,Davis Household,Leo Davis,E-0160,BR-014,41827.74,Moderate,Accumulation,2017-11-26,2025-08-31,2
FA-HH-00705,Martinez Household,Yuki Martinez,E-0169,BR-024,54863.8,Moderate,Retirement,2010-08-20,2026-07-19,2
FA-HH-00706,Miller Household,Victor Miller,E-0165,BR-016,183334.09,Growth,Legacy,2022-06-15,2025-09-13,2
FA-HH-00707,Johnson Household,Felix Johnson,E-0152,BR-010,45855.04,Conservative,Accumulation,2023-12-04,2025-12-13,4
FA-HH-00708,Moore Household,Samuel Moore,E-0163,BR-009,508691.71,Conservative,Retirement,2018-02-16,2026-04-25,6
FA-HH-00709,Taylor Household,Aisha Taylor,E-0151,BR-020,622526.35,Moderate,Pre-Retirement,2024-01-16,2026-01-06,5
FA-HH-00710,Parker Household,Felix Parker,E-0176,BR-004,163022.34,Growth,Accumulation,2026-06-16,2025-06-07,1
FA-HH-00711,Miller Household,Mateo Miller,E-0144,BR-027,35713.75,Moderate,Pre-Retirement,2017-12-02,2026-04-11,6
FA-HH-00712,Stewart Household,Iris Stewart,E-0156,BR-012,61834.92,Growth,Retirement,2018-05-16,2025-09-16,6
FA-HH-00713,Silva Household,Yuki Silva,E-0150,BR-009,89201.24,Conservative,Accumulation,2023-01-27,2026-08-21,3
FA-HH-00714,Moore Household,Sara Moore,E-0179,BR-025,327879.98,Moderate,Accumulation,2014-05-25,2026-07-11,1
FA-HH-00715,Anderson Household,Priya Anderson,E-0152,BR-010,417331.85,Growth,Accumulation,2016-11-09,2026-03-03,4
FA-HH-00716,Chen Household,Olivia Chen,E-0159,BR-021,334272.07,Moderate,Accumulation,2012-05-07,2026-06-08,2
FA-HH-00717,Allen Household,Ben Allen,E-0152,BR-010,43201.31,Aggressive,Retirement,2015-09-14,2025-07-11,4
FA-HH-00718,Lopez Household,Isabella Lopez,E-0143,BR-011,186680.96,Moderate,Accumulation,2011-01-06,2026-08-20,5
FA-HH-00719,Young Household,Tom Young,E-0154,BR-007,111198.34,Growth,Legacy,2012-08-17,2026-02-10,2
FA-HH-00720,White Household,Tom White,E-0173,BR-019,85810.86,Growth,Legacy,2026-04-14,2025-07-29,1
FA-HH-00721,Davis Household,Fatima Davis,E-0153,BR-022,252553.54,Conservative,Retirement,2013-10-29,2025-12-29,2
FA-HH-00722,Carter Household,Leo Carter,E-0169,BR-024,791085.07,Growth,Pre-Retirement,2021-05-02,2025-10-16,5
FA-HH-00723,Martinez Household,Tom Martinez,E-0151,BR-020,50256.49,Growth,Accumulation,2020-01-22,2026-02-25,1
FA-HH-00724,Scott Household,Carlos Scott,E-0165,BR-016,33886.86,Moderate,Accumulation,2014-07-16,2025-07-02,2
FA-HH-00725,Scott Household,Zara Scott,E-0164,BR-015,278729.62,Growth,Retirement,2016-11-10,2026-07-20,3
FA-HH-00726,Miller Household,Carlos Miller,E-0175,BR-015,812550.28,Growth,Accumulation,2017-05-22,2025-06-09,3
FA-HH-00727,King Household,Isabella King,E-0154,BR-007,176646.31,Moderate,Accumulation,2020-02-22,2026-01-22,1
FA-HH-00728,Walker Household,Fatima Walker,E-0162,BR-019,795226.64,Moderate,Retirement,2024-10-16,2025-06-17,6
FA-HH-00729,Turner Household,Naomi Turner,E-0153,BR-022,428800.67,Growth,Accumulation,2021-06-15,2025-07-16,2
FA-HH-00730,Thomas Household,Ava Thomas,E-0157,BR-003,1381430.79,Moderate,Retirement,2024-01-24,2025-06-01,2
FA-HH-00731,Chen Household,Noah Chen,E-0172,BR-008,166005.76,Moderate,Retirement,2024-06-21,2025-11-16,2
FA-HH-00732,Harris Household,Jonathan Harris,E-0169,BR-024,150316.07,Aggressive,Legacy,2025-07-29,2026-08-05,1
FA-HH-00733,Nguyen Household,Lauren Nguyen,E-0167,BR-029,368954.39,Moderate,Accumulation,2012-01-27,2025-09-08,1
FA-HH-00734,Okafor Household,Ines Okafor,E-0144,BR-027,181803.52,Moderate,Pre-Retirement,2023-02-15,2026-01-31,6
FA-HH-00735,Mitchell Household,Iris Mitchell,E-0157,BR-003,236779.16,Moderate,Retirement,2010-02-04,2026-04-24,2
FA-HH-00736,Garcia Household,Layla Garcia,E-0174,BR-012,139684.35,Conservative,Pre-Retirement,2013-12-07,2025-10-02,5
FA-HH-00737,Anderson Household,Olivia Anderson,E-0146,BR-021,1395181.89,Conservative,Accumulation,2025-12-18,2025-12-06,6
FA-HH-00738,Taylor Household,Olivia Taylor,E-0171,BR-016,405121.42,Aggressive,Accumulation,2020-08-12,2026-04-06,3
FA-HH-00739,Edwards Household,Diego Edwards,E-0173,BR-019,2246069.05,Conservative,Legacy,2018-06-19,2025-06-12,3
FA-HH-00740,Green Household,Ravi Green,E-0150,BR-009,599032.24,Conservative,Accumulation,2014-11-30,2025-10-11,6
FA-HH-00741,Vaughn Household,Ethan Vaughn,E-0170,BR-008,466799.44,Moderate,Pre-Retirement,2020-06-09,2026-01-30,1
FA-HH-00742,Young Household,Tom Young,E-0174,BR-012,246531.39,Conservative,Accumulation,2014-01-05,2026-06-04,3
FA-HH-00743,Walker Household,Aisha Walker,E-0165,BR-016,271053.18,Moderate,Legacy,2023-09-26,2025-06-15,6
FA-HH-00744,Silva Household,Wei Silva,E-0144,BR-027,297341.06,Growth,Pre-Retirement,2017-10-28,2025-07-22,2
FA-HH-00745,Collins Household,Victor Collins,E-0175,BR-015,66530.09,Conservative,Legacy,2014-03-22,2026-01-31,6
FA-HH-00746,Allen Household,Owen Allen,E-0174,BR-012,447002.38,Aggressive,Accumulation,2011-04-08,2026-01-08,5
FA-HH-00747,Allen Household,Carlos Allen,E-0148,BR-008,173167.85,Growth,Pre-Retirement,2025-09-20,2026-05-19,4
FA-HH-00748,Allen Household,Hannah Allen,E-0176,BR-004,295154.51,Growth,Retirement,2025-10-24,2026-02-27,3
FA-HH-00749,Clark Household,Tom Clark,E-0143,BR-011,465750.12,Moderate,Legacy,2016-12-19,2025-06-23,4
FA-HH-00750,Wright Household,Henry Wright,E-0158,BR-027,2183859.16,Aggressive,Retirement,2022-03-30,2026-06-22,1
FA-HH-00751,Lewis Household,Emma Lewis,E-0174,BR-012,429585.44,Moderate,Pre-Retirement,2011-10-20,2025-11-11,4
FA-HH-00752,Young Household,Ravi Young,E-0172,BR-008,279585.23,Conservative,Retirement,2019-04-10,2025-09-05,5
FA-HH-00753,Silva Household,Ben Silva,E-0166,BR-007,864751.69,Conservative,Pre-Retirement,2017-06-14,2025-11-17,4
FA-HH-00754,Nguyen Household,Sofia Nguyen,E-0169,BR-024,313582.55,Conservative,Accumulation,2018-08-30,2025-08-30,2
FA-HH-00755,Johnson Household,Noah Johnson,E-0175,BR-015,197958.22,Moderate,Pre-Retirement,2020-06-26,2026-05-30,5
FA-HH-00756,Silva Household,Emma Silva,E-0163,BR-009,1370917.26,Moderate,Legacy,2020-08-11,2026-08-02,3
FA-HH-00757,Edwards Household,Hannah Edwards,E-0178,BR-024,1253851.7,Moderate,Pre-Retirement,2014-01-03,2026-04-27,3
FA-HH-00758,Evans Household,Ben Evans,E-0156,BR-012,135626.42,Growth,Accumulation,2011-11-20,2026-06-05,5
FA-HH-00759,Garcia Household,Ava Garcia,E-0164,BR-015,407243.05,Moderate,Accumulation,2011-08-01,2026-07-07,3
FA-HH-00760,Nelson Household,Wei Nelson,E-0166,BR-007,278344.14,Moderate,Pre-Retirement,2017-12-11,2025-12-23,6
FA-HH-00761,Okafor Household,Sara Okafor,E-0174,BR-012,102310.8,Moderate,Accumulation,2022-03-10,2026-04-07,3
FA-HH-00762,Lopez Household,Carlos Lopez,E-0156,BR-012,1160628.86,Conservative,Pre-Retirement,2025-07-16,2026-06-07,4
FA-HH-00763,Clark Household,Daniel Clark,E-0169,BR-024,272210.14,Aggressive,Pre-Retirement,2021-01-18,2026-06-20,5
FA-HH-00764,Moore Household,Ben Moore,E-0141,BR-005,147499.11,Conservative,Legacy,2012-04-22,2025-07-18,5
FA-HH-00765,Davis Household,Sara Davis,E-0163,BR-009,260564.49,Growth,Retirement,2014-09-08,2026-06-14,5
FA-HH-00766,Vaughn Household,Iris Vaughn,E-0149,BR-019,740840.26,Aggressive,Retirement,2011-11-26,2026-01-05,4
FA-HH-00767,Green Household,Jamal Green,E-0159,BR-021,787861.0,Conservative,Pre-Retirement,2019-06-26,2026-07-29,2
FA-HH-00768,Scott Household,Tom Scott,E-0174,BR-012,148426.89,Conservative,Accumulation,2017-05-25,2025-08-30,2
FA-HH-00769,Parker Household,Wei Parker,E-0144,BR-027,64974.25,Conservative,Retirement,2025-12-07,2026-01-19,6
FA-HH-00770,White Household,Andre White,E-0146,BR-021,530896.22,Moderate,Pre-Retirement,2013-10-18,2025-06-23,3
FA-HH-00771,Collins Household,Julian Collins,E-0164,BR-015,105756.95,Moderate,Accumulation,2014-05-25,2026-01-18,2
FA-HH-00772,Nguyen Household,Jamal Nguyen,E-0160,BR-014,141256.87,Growth,Retirement,2011-07-29,2026-03-22,4
FA-HH-00773,Okafor Household,Kenji Okafor,E-0161,BR-025,205382.15,Moderate,Retirement,2023-06-01,2025-06-10,6
FA-HH-00774,Wilson Household,Ravi Wilson,E-0175,BR-015,421699.81,Moderate,Legacy,2023-06-05,2026-01-19,5
FA-HH-00775,Young Household,Owen Young,E-0168,BR-017,177832.48,Moderate,Accumulation,2023-01-15,2026-01-13,5
FA-HH-00776,Jackson Household,Samuel Jackson,E-0172,BR-008,72934.91,Conservative,Pre-Retirement,2014-05-20,2026-01-23,4
FA-HH-00777,Martinez Household,Hannah Martinez,E-0167,BR-029,524971.41,Conservative,Pre-Retirement,2023-08-11,2025-08-12,5
FA-HH-00778,Bailey Household,Ravi Bailey,E-0178,BR-024,1067102.72,Moderate,Accumulation,2018-01-12,2026-01-14,5
FA-HH-00779,White Household,Emma White,E-0171,BR-016,110922.14,Growth,Accumulation,2023-04-08,2026-01-25,5
FA-HH-00780,Adams Household,Naomi Adams,E-0169,BR-024,206219.67,Growth,Retirement,2021-07-09,2026-04-07,6
FA-HH-00781,Scott Household,Rosa Scott,E-0163,BR-009,188709.47,Growth,Pre-Retirement,2010-07-21,2025-11-20,1
FA-HH-00782,Moore Household,Maya Moore,E-0173,BR-019,991407.37,Moderate,Accumulation,2012-01-03,2026-04-13,4
FA-HH-00783,Walker Household,Sofia Walker,E-0154,BR-007,609662.6,Moderate,Pre-Retirement,2021-10-28,2026-05-20,5
FA-HH-00784,Lopez Household,Andre Lopez,E-0152,BR-010,693097.87,Growth,Accumulation,2025-12-10,2025-08-06,5
FA-HH-00785,Nguyen Household,Rosa Nguyen,E-0157,BR-003,137063.56,Conservative,Accumulation,2015-04-20,2026-01-06,1
FA-HH-00786,Morris Household,Carlos Morris,E-0154,BR-007,209178.01,Moderate,Accumulation,2018-01-29,2026-04-06,6
FA-HH-00787,Evans Household,Ravi Evans,E-0153,BR-022,75248.61,Moderate,Accumulation,2019-08-29,2026-04-04,2
FA-HH-00788,Walker Household,Olivia Walker,E-0161,BR-025,97285.2,Moderate,Retirement,2020-11-29,2025-09-12,4
FA-HH-00789,Ruiz Household,Lauren Ruiz,E-0145,BR-001,470399.37,Growth,Retirement,2021-09-24,2025-06-04,5
FA-HH-00790,Edwards Household,Ravi Edwards,E-0169,BR-024,136127.04,Growth,Retirement,2018-08-24,2025-07-24,6
FA-HH-00791,Okafor Household,Olivia Okafor,E-0145,BR-001,303962.05,Aggressive,Retirement,2010-08-30,2025-11-25,4
FA-HH-00792,Young Household,Iris Young,E-0153,BR-022,249941.87,Moderate,Legacy,2011-12-01,2025-06-16,1
FA-HH-00793,Walker Household,Maya Walker,E-0162,BR-019,121982.05,Conservative,Accumulation,2016-07-07,2026-08-31,5
FA-HH-00794,Johnson Household,Layla Johnson,E-0147,BR-008,220872.78,Growth,Accumulation,2021-06-15,2025-07-16,3
FA-HH-00795,Wilson Household,Elena Wilson,E-0169,BR-024,250975.81,Conservative,Accumulation,2019-01-21,2026-03-04,3
FA-HH-00796,Kim Household,Maya Kim,E-0156,BR-012,259321.72,Conservative,Retirement,2012-09-08,2026-03-12,3
FA-HH-00797,Garcia Household,Rosa Garcia,E-0171,BR-016,304542.01,Moderate,Pre-Retirement,2011-02-10,2026-03-13,5
FA-HH-00798,Hall Household,Sofia Hall,E-0173,BR-019,113014.06,Moderate,Accumulation,2014-01-31,2026-01-02,1
FA-HH-00799,Lopez Household,Sara Lopez,E-0150,BR-009,865099.03,Growth,Pre-Retirement,2015-01-31,2025-08-28,6
FA-HH-00800,Thomas Household,Wei Thomas,E-0161,BR-025,427525.24,Conservative,Accumulation,2018-05-18,2025-11-18,3
FA-HH-00801,Jackson Household,Ines Jackson,E-0157,BR-003,512265.54,Moderate,Pre-Retirement,2010-09-17,2025-07-18,4
FA-HH-00802,Nguyen Household,Marcus Nguyen,E-0158,BR-027,98304.95,Moderate,Accumulation,2019-08-30,2025-06-19,5
FA-HH-00803,Nguyen Household,Emma Nguyen,E-0169,BR-024,450442.21,Moderate,Accumulation,2013-10-24,2026-02-10,6
FA-HH-00804,Wright Household,Victor Wright,E-0157,BR-003,341171.49,Conservative,Retirement,2013-06-08,2026-05-02,6
FA-HH-00805,Green Household,Aisha Green,E-0169,BR-024,136622.2,Aggressive,Retirement,2014-11-05,2026-01-17,2
FA-HH-00806,Miller Household,Sofia Miller,E-0166,BR-007,141121.8,Growth,Pre-Retirement,2015-07-10,2025-06-23,2
FA-HH-00807,Walker Household,Hannah Walker,E-0165,BR-016,1096294.78,Moderate,Accumulation,2023-04-10,2025-07-08,1
FA-HH-00808,Thomas Household,Priya Thomas,E-0169,BR-024,236851.28,Conservative,Accumulation,2011-05-06,2025-12-23,1
FA-HH-00809,Turner Household,Yuki Turner,E-0152,BR-010,1310908.53,Growth,Retirement,2021-09-01,2025-12-10,1
FA-HH-00810,Kim Household,Aisha Kim,E-0154,BR-007,242738.62,Aggressive,Accumulation,2017-05-22,2026-08-17,4
FA-HH-00811,Evans Household,Iris Evans,E-0141,BR-005,307715.43,Conservative,Accumulation,2025-11-24,2025-08-09,5
FA-HH-00812,Carter Household,Priya Carter,E-0156,BR-012,391096.59,Conservative,Pre-Retirement,2018-10-19,2025-06-13,4
FA-HH-00813,Walker Household,Wei Walker,E-0168,BR-017,583470.47,Moderate,Legacy,2022-01-12,2025-07-15,5
FA-HH-00814,Parker Household,Wei Parker,E-0146,BR-021,110236.17,Growth,Retirement,2016-04-12,2025-09-01,1
FA-HH-00815,Hall Household,Victor Hall,E-0145,BR-001,1144828.6,Aggressive,Accumulation,2014-12-30,2025-08-31,2
FA-HH-00816,White Household,Layla White,E-0166,BR-007,401938.33,Moderate,Accumulation,2024-02-15,2025-09-28,2
FA-HH-00817,Lewis Household,Luis Lewis,E-0148,BR-008,706910.81,Moderate,Legacy,2016-03-04,2026-08-18,6
FA-HH-00818,Ashford Household,Ines Ashford,E-0149,BR-019,215573.47,Growth,Pre-Retirement,2015-02-28,2026-01-11,3
FA-HH-00819,Young Household,Fatima Young,E-0146,BR-021,28163.11,Growth,Accumulation,2025-05-27,2026-06-26,6
FA-HH-00820,Ashford Household,Mei Ashford,E-0160,BR-014,74711.83,Aggressive,Retirement,2025-07-02,2026-03-13,5
FA-HH-00821,Edwards Household,Layla Edwards,E-0161,BR-025,381160.05,Conservative,Pre-Retirement,2020-12-04,2025-07-21,5
FA-HH-00822,Nelson Household,Mei Nelson,E-0153,BR-022,110685.78,Conservative,Retirement,2020-03-24,2025-09-28,6
FA-HH-00823,Garcia Household,Kenji Garcia,E-0172,BR-008,711831.88,Growth,Accumulation,2011-08-29,2026-02-08,6
FA-HH-00824,Nelson Household,Nora Nelson,E-0167,BR-029,120863.8,Moderate,Legacy,2014-05-30,2025-09-26,1
FA-HH-00825,Green Household,Aisha Green,E-0158,BR-027,3326354.93,Growth,Accumulation,2018-12-08,2025-08-25,3
FA-HH-00826,Parker Household,Owen Parker,E-0164,BR-015,801640.34,Conservative,Pre-Retirement,2019-08-11,2026-07-19,6
FA-HH-00827,Ruiz Household,Olivia Ruiz,E-0168,BR-017,244471.34,Aggressive,Retirement,2013-08-18,2026-01-05,3
FA-HH-00828,Baker Household,Owen Baker,E-0165,BR-016,384204.52,Conservative,Retirement,2022-08-13,2026-08-29,5
FA-HH-00829,Edwards Household,Isabella Edwards,E-0142,BR-009,156076.59,Moderate,Accumulation,2022-05-29,2026-08-21,5
FA-HH-00830,Green Household,Elena Green,E-0163,BR-009,252726.66,Moderate,Accumulation,2019-04-12,2026-05-29,4
FA-HH-00831,Martinez Household,Julian Martinez,E-0174,BR-012,240462.75,Conservative,Accumulation,2026-03-10,2025-07-20,1
FA-HH-00832,Roberts Household,Layla Roberts,E-0167,BR-029,466006.08,Growth,Legacy,2014-06-09,2026-08-30,1
FA-HH-00833,Young Household,Nora Young,E-0171,BR-016,100148.27,Aggressive,Pre-Retirement,2021-03-25,2025-09-13,5
FA-HH-00834,Hall Household,Aisha Hall,E-0157,BR-003,1198794.25,Moderate,Retirement,2025-12-21,2025-08-14,4
FA-HH-00835,Jackson Household,Noah Jackson,E-0174,BR-012,182169.83,Conservative,Retirement,2015-05-14,2025-11-18,2
FA-HH-00836,Mitchell Household,Lauren Mitchell,E-0166,BR-007,67669.99,Moderate,Accumulation,2022-07-23,2026-04-01,1
FA-HH-00837,Clark Household,Chloe Clark,E-0161,BR-025,162197.8,Moderate,Retirement,2023-01-07,2025-09-26,2
FA-HH-00838,Vaughn Household,Hannah Vaughn,E-0173,BR-019,378976.84,Moderate,Accumulation,2016-03-28,2025-12-25,3
FA-HH-00839,Silva Household,Jonathan Silva,E-0142,BR-009,1272449.54,Moderate,Accumulation,2021-07-17,2026-03-05,5
FA-HH-00840,Allen Household,Naomi Allen,E-0180,BR-010,1113490.47,Growth,Accumulation,2015-10-22,2025-09-23,3
FA-HH-00841,Martinez Household,Priya Martinez,E-0147,BR-008,234374.12,Moderate,Retirement,2022-02-16,2026-08-29,1
FA-HH-00842,Bailey Household,Iris Bailey,E-0147,BR-008,1493260.34,Conservative,Accumulation,2023-09-01,2025-06-08,5
FA-HH-00843,Young Household,Hannah Young,E-0169,BR-024,297464.26,Conservative,Accumulation,2011-12-17,2026-02-17,2
FA-HH-00844,Okafor Household,Jonathan Okafor,E-0146,BR-021,626157.43,Aggressive,Retirement,2026-04-25,2026-04-22,4
FA-HH-00845,Garcia Household,Maya Garcia,E-0170,BR-008,797907.41,Growth,Retirement,2014-01-11,2025-10-15,4
FA-HH-00846,Anderson Household,Isabella Anderson,E-0164,BR-015,1458229.74,Conservative,Accumulation,2018-12-26,2025-12-03,6
FA-HH-00847,Garcia Household,Ines Garcia,E-0159,BR-021,311759.2,Growth,Accumulation,2013-09-25,2026-02-16,4
FA-HH-00848,Johnson Household,Aisha Johnson,E-0150,BR-009,349281.7,Conservative,Pre-Retirement,2013-12-18,2025-11-22,5
FA-HH-00849,Bailey Household,Derek Bailey,E-0166,BR-007,256972.74,Moderate,Accumulation,2025-01-18,2026-08-04,6
FA-HH-00850,Scott Household,Samuel Scott,E-0177,BR-024,125556.8,Moderate,Accumulation,2024-01-04,2026-03-19,2
FA-HH-00851,Ashford Household,Mei Ashford,E-0146,BR-021,736895.89,Moderate,Accumulation,2022-09-25,2026-02-17,1
FA-HH-00852,Carter Household,Ines Carter,E-0169,BR-024,630326.59,Moderate,Accumulation,2016-04-08,2026-01-24,6
FA-HH-00853,King Household,Wei King,E-0163,BR-009,454357.59,Conservative,Legacy,2024-02-07,2026-07-14,1
FA-HH-00854,Harris Household,Jonathan Harris,E-0143,BR-011,108651.49,Moderate,Pre-Retirement,2026-02-11,2026-03-16,3
FA-HH-00855,Evans Household,Amara Evans,E-0161,BR-025,92680.83,Conservative,Pre-Retirement,2011-06-18,2026-01-31,1
FA-HH-00856,Collins Household,Amara Collins,E-0163,BR-009,758577.38,Conservative,Legacy,2011-06-09,2026-01-09,4
FA-HH-00857,Stewart Household,Carlos Stewart,E-0176,BR-004,135548.32,Growth,Legacy,2026-05-18,2026-06-07,2
FA-HH-00858,Turner Household,Fatima Turner,E-0168,BR-017,123332.43,Moderate,Accumulation,2026-06-15,2025-12-18,5
FA-HH-00859,Johnson Household,Jonathan Johnson,E-0141,BR-005,216879.85,Moderate,Accumulation,2023-10-04,2026-02-24,4
FA-HH-00860,Kim Household,Jamal Kim,E-0174,BR-012,167181.59,Growth,Accumulation,2016-07-31,2026-01-08,6
FA-HH-00861,Ashford Household,Lauren Ashford,E-0176,BR-004,20000,Conservative,Accumulation,2015-03-11,2025-09-14,6
FA-HH-00862,Stewart Household,Grace Stewart,E-0172,BR-008,87642.05,Moderate,Retirement,2016-09-21,2026-08-16,4
FA-HH-00863,Moore Household,Leo Moore,E-0180,BR-010,575563.13,Growth,Accumulation,2014-03-18,2026-07-25,4
FA-HH-00864,Chen Household,Rosa Chen,E-0165,BR-016,887235.34,Moderate,Pre-Retirement,2016-09-30,2025-12-28,1
FA-HH-00865,Turner Household,Tom Turner,E-0172,BR-008,180158.82,Moderate,Accumulation,2013-10-26,2025-07-26,6
FA-HH-00866,Taylor Household,Ines Taylor,E-0149,BR-019,478341.51,Growth,Accumulation,2016-11-16,2025-11-16,6
FA-HH-00867,Wright Household,Ravi Wright,E-0174,BR-012,311644.92,Moderate,Pre-Retirement,2018-01-14,2026-08-06,6
FA-HH-00868,Hall Household,Ethan Hall,E-0176,BR-004,257891.91,Growth,Pre-Retirement,2025-03-22,2026-07-29,5
FA-HH-00869,Silva Household,Layla Silva,E-0148,BR-008,1369366.02,Moderate,Accumulation,2010-06-20,2026-07-19,5
FA-HH-00870,Anderson Household,Ines Anderson,E-0157,BR-003,399398.81,Moderate,Accumulation,2026-03-01,2025-08-14,2
FA-HH-00871,Adams Household,Ravi Adams,E-0159,BR-021,133974.46,Moderate,Pre-Retirement,2016-05-07,2026-02-18,4
FA-HH-00872,Lewis Household,Andre Lewis,E-0177,BR-024,600278.31,Conservative,Legacy,2020-10-30,2025-06-15,1
FA-HH-00873,Patel Household,Wei Patel,E-0179,BR-025,316213.92,Moderate,Accumulation,2019-08-23,2025-09-08,1
FA-HH-00874,Miller Household,Ines Miller,E-0150,BR-009,174283.91,Moderate,Accumulation,2021-01-21,2026-06-23,3
FA-HH-00875,Taylor Household,Aisha Taylor,E-0180,BR-010,486118.84,Moderate,Accumulation,2013-02-06,2025-07-27,6
FA-HH-00876,Phillips Household,Ravi Phillips,E-0159,BR-021,174184.58,Moderate,Accumulation,2011-03-21,2025-08-30,2
FA-HH-00877,Johnson Household,Sofia Johnson,E-0147,BR-008,56093.9,Moderate,Retirement,2014-09-18,2026-01-27,3
FA-HH-00878,Anderson Household,Isabella Anderson,E-0150,BR-009,119751.15,Growth,Accumulation,2016-05-10,2026-07-29,6
FA-HH-00879,Nguyen Household,Ava Nguyen,E-0169,BR-024,169499.88,Moderate,Retirement,2025-02-21,2026-07-19,3
FA-HH-00880,Martinez Household,Leo Martinez,E-0144,BR-027,576614.83,Conservative,Pre-Retirement,2019-10-07,2025-10-28,5
FA-HH-00881,Scott Household,Sara Scott,E-0175,BR-015,21824.96,Growth,Retirement,2022-11-09,2026-07-01,2
FA-HH-00882,Carter Household,Jamal Carter,E-0174,BR-012,241242.53,Growth,Accumulation,2017-05-18,2026-05-31,5
FA-HH-00883,White Household,Noah White,E-0144,BR-027,89955.36,Growth,Accumulation,2024-04-01,2026-02-14,1
FA-HH-00884,Moore Household,Amara Moore,E-0180,BR-010,1028206.24,Growth,Pre-Retirement,2024-06-19,2026-02-10,2
FA-HH-00885,Okafor Household,Olivia Okafor,E-0176,BR-004,326212.56,Conservative,Retirement,2015-01-12,2026-05-23,4
FA-HH-00886,Lewis Household,Chloe Lewis,E-0148,BR-008,105317.91,Moderate,Accumulation,2020-09-15,2026-07-10,2
FA-HH-00887,Vaughn Household,Henry Vaughn,E-0170,BR-008,611596.49,Moderate,Retirement,2025-11-21,2025-07-17,3
FA-HH-00888,Campbell Household,Isabella Campbell,E-0175,BR-015,178890.72,Moderate,Accumulation,2026-07-05,2026-07-27,4
FA-HH-00889,Collins Household,Diego Collins,E-0154,BR-007,209467.24,Growth,Legacy,2020-02-09,2026-05-02,4
FA-HH-00890,Allen Household,Olivia Allen,E-0159,BR-021,365512.54,Moderate,Accumulation,2023-05-13,2026-05-03,3
FA-HH-00891,Evans Household,Owen Evans,E-0143,BR-011,270155.31,Moderate,Retirement,2023-05-08,2025-10-19,2
FA-HH-00892,Okafor Household,Felix Okafor,E-0157,BR-003,420678.72,Moderate,Accumulation,2017-04-26,2025-12-24,2
FA-HH-00893,Baker Household,Kenji Baker,E-0162,BR-019,283611.34,Growth,Accumulation,2024-07-26,2025-12-30,6
FA-HH-00894,Green Household,Chloe Green,E-0147,BR-008,218448.05,Moderate,Retirement,2024-05-03,2026-08-05,1
FA-HH-00895,Clark Household,Emma Clark,E-0156,BR-012,270239.27,Moderate,Legacy,2011-04-07,2025-06-27,2
FA-HH-00896,Ashford Household,Kenji Ashford,E-0158,BR-027,273272.01,Moderate,Accumulation,2010-02-17,2026-08-30,5
FA-HH-00897,Kim Household,Owen Kim,E-0162,BR-019,121809.4,Growth,Retirement,2010-05-02,2025-10-25,3
FA-HH-00898,Young Household,Maya Young,E-0159,BR-021,576984.82,Growth,Accumulation,2012-08-30,2026-05-07,6
FA-HH-00899,Scott Household,Nina Scott,E-0155,BR-025,810226.19,Moderate,Pre-Retirement,2021-10-09,2026-07-08,4
FA-HH-00900,Phillips Household,Layla Phillips,E-0170,BR-008,196937.26,Growth,Pre-Retirement,2023-01-22,2025-09-14,2
FA-HH-00901,Ruiz Household,Felix Ruiz,E-0155,BR-025,210329.89,Aggressive,Retirement,2025-10-04,2026-02-08,4
FA-HH-00902,Phillips Household,Amara Phillips,E-0163,BR-009,687065.45,Aggressive,Retirement,2010-07-13,2026-03-18,1
FA-HH-00903,Thomas Household,Nora Thomas,E-0173,BR-019,301151.06,Moderate,Pre-Retirement,2013-09-22,2025-08-10,3
FA-HH-00904,Nguyen Household,Emma Nguyen,E-0159,BR-021,131107.04,Conservative,Accumulation,2024-11-02,2025-10-22,2
FA-HH-00905,Lewis Household,Wei Lewis,E-0143,BR-011,1527409.44,Moderate,Pre-Retirement,2025-08-22,2025-12-18,3
FA-HH-00906,Carter Household,Owen Carter,E-0152,BR-010,38411.47,Moderate,Pre-Retirement,2018-08-24,2025-07-17,2
FA-HH-00907,Morris Household,Daniel Morris,E-0157,BR-003,882921.61,Moderate,Retirement,2020-06-26,2025-12-03,4
FA-HH-00908,Kim Household,Luis Kim,E-0172,BR-008,322975.4,Conservative,Accumulation,2021-07-02,2025-10-01,2
FA-HH-00909,Ruiz Household,Olivia Ruiz,E-0164,BR-015,320380.64,Aggressive,Pre-Retirement,2017-03-18,2025-08-24,3
FA-HH-00910,Silva Household,Carlos Silva,E-0144,BR-027,126202.88,Growth,Accumulation,2025-08-16,2025-11-24,1
FA-HH-00911,Parker Household,Lauren Parker,E-0156,BR-012,890614.01,Aggressive,Accumulation,2012-12-12,2026-07-17,1
FA-HH-00912,Baker Household,Kenji Baker,E-0154,BR-007,293759.28,Moderate,Accumulation,2024-10-16,2026-08-09,4
FA-HH-00913,Moore Household,Isabella Moore,E-0159,BR-021,385937.11,Moderate,Pre-Retirement,2025-08-12,2026-06-20,3
FA-HH-00914,Okafor Household,Daniel Okafor,E-0154,BR-007,107236.44,Moderate,Retirement,2010-11-23,2025-07-04,1
FA-HH-00915,Ashford Household,Isabella Ashford,E-0155,BR-025,70751.01,Conservative,Pre-Retirement,2013-11-27,2026-07-20,5
FA-HH-00916,Harris Household,Mateo Harris,E-0143,BR-011,403039.93,Aggressive,Retirement,2026-06-26,2025-06-22,1
FA-HH-00917,Mitchell Household,Olivia Mitchell,E-0175,BR-015,303742.23,Growth,Pre-Retirement,2020-12-01,2026-03-25,6
FA-HH-00918,Allen Household,Naomi Allen,E-0143,BR-011,1402026.99,Growth,Pre-Retirement,2025-04-18,2026-04-03,6
FA-HH-00919,Edwards Household,Rosa Edwards,E-0172,BR-008,279404.4,Growth,Accumulation,2017-12-30,2026-07-22,5
FA-HH-00920,Kim Household,Yuki Kim,E-0179,BR-025,247393.97,Conservative,Accumulation,2014-02-14,2025-06-12,6
FA-HH-00921,Okafor Household,Chloe Okafor,E-0148,BR-008,1152147.21,Conservative,Accumulation,2011-09-20,2025-08-17,4
FA-HH-00922,Thomas Household,Nina Thomas,E-0173,BR-019,328108.25,Conservative,Retirement,2012-02-15,2026-08-21,3
FA-HH-00923,Bailey Household,Nina Bailey,E-0157,BR-003,82011.13,Moderate,Accumulation,2020-03-11,2025-08-10,5
FA-HH-00924,Wright Household,Naomi Wright,E-0178,BR-024,108198.49,Moderate,Pre-Retirement,2019-01-07,2025-06-20,2
FA-HH-00925,White Household,Priya White,E-0161,BR-025,254739.18,Moderate,Pre-Retirement,2019-03-01,2026-02-14,2
FA-HH-00926,Morris Household,Jonathan Morris,E-0150,BR-009,236764.17,Conservative,Accumulation,2025-12-14,2025-08-26,1
FA-HH-00927,Kim Household,Aisha Kim,E-0157,BR-003,1074718.78,Moderate,Accumulation,2012-03-10,2025-06-03,4
FA-HH-00928,Wilson Household,Diego Wilson,E-0148,BR-008,982106.14,Moderate,Pre-Retirement,2023-07-01,2026-06-21,6
FA-HH-00929,Vaughn Household,Daniel Vaughn,E-0142,BR-009,497351.01,Growth,Pre-Retirement,2023-10-07,2025-06-04,6
FA-HH-00930,Miller Household,Owen Miller,E-0141,BR-005,169218.78,Aggressive,Legacy,2010-08-11,2025-07-27,5
FA-HH-00931,Garcia Household,Daniel Garcia,E-0166,BR-007,427052.18,Conservative,Accumulation,2018-12-11,2025-09-24,2
FA-HH-00932,Clark Household,Nora Clark,E-0167,BR-029,443088.49,Growth,Accumulation,2026-03-06,2026-01-07,5
FA-HH-00933,Stewart Household,Amara Stewart,E-0172,BR-008,193566.19,Aggressive,Retirement,2015-03-04,2025-08-23,2
FA-HH-00934,Carter Household,Nina Carter,E-0162,BR-019,110016.27,Conservative,Retirement,2018-02-28,2025-06-07,1
FA-HH-00935,Lopez Household,Carlos Lopez,E-0171,BR-016,395351.09,Moderate,Pre-Retirement,2020-08-21,2025-06-07,1
FA-HH-00936,Wilson Household,Diego Wilson,E-0154,BR-007,108311.27,Growth,Legacy,2016-12-20,2026-03-02,2
FA-HH-00937,Scott Household,Diego Scott,E-0142,BR-009,995526.23,Conservative,Accumulation,2019-06-19,2025-06-03,6
FA-HH-00938,Anderson Household,Lauren Anderson,E-0146,BR-021,199733.24,Moderate,Pre-Retirement,2026-05-08,2026-07-03,3
FA-HH-00939,Okafor Household,Elena Okafor,E-0142,BR-009,198964.32,Conservative,Accumulation,2026-04-06,2026-01-07,2
FA-HH-00940,Edwards Household,Tom Edwards,E-0164,BR-015,2436586.43,Growth,Retirement,2018-03-27,2025-07-30,2
FA-HH-00941,Kim Household,Henry Kim,E-0165,BR-016,424726.48,Growth,Accumulation,2011-05-11,2025-07-04,1
FA-HH-00942,Morris Household,Luis Morris,E-0155,BR-025,272868.06,Conservative,Pre-Retirement,2025-01-06,2025-10-30,4
FA-HH-00943,Campbell Household,Zara Campbell,E-0151,BR-020,351909.98,Moderate,Accumulation,2018-09-11,2026-02-15,4
FA-HH-00944,Stewart Household,Priya Stewart,E-0176,BR-004,804708.02,Moderate,Pre-Retirement,2023-06-18,2025-07-01,1
FA-HH-00945,Edwards Household,Priya Edwards,E-0143,BR-011,483621.71,Moderate,Retirement,2023-11-17,2026-06-29,1
FA-HH-00946,King Household,Felix King,E-0162,BR-019,59359.99,Growth,Retirement,2022-02-04,2026-02-05,1
FA-HH-00947,Jackson Household,Tom Jackson,E-0155,BR-025,1281195.22,Growth,Pre-Retirement,2014-02-08,2025-08-04,3
FA-HH-00948,Parker Household,Carlos Parker,E-0157,BR-003,417274.53,Aggressive,Legacy,2020-07-24,2026-01-15,6
FA-HH-00949,Kim Household,Aisha Kim,E-0175,BR-015,368637.14,Moderate,Retirement,2025-01-23,2025-12-25,4
FA-HH-00950,Johnson Household,Kenji Johnson,E-0166,BR-007,633157.87,Growth,Retirement,2024-03-28,2026-05-31,6
FA-HH-00951,Moore Household,Samuel Moore,E-0162,BR-019,517537.6,Growth,Retirement,2012-06-26,2026-02-09,6
FA-HH-00952,Wright Household,Felix Wright,E-0148,BR-008,74321.25,Moderate,Pre-Retirement,2011-11-30,2025-07-18,5
FA-HH-00953,Vaughn Household,Chloe Vaughn,E-0145,BR-001,55168.56,Moderate,Accumulation,2014-12-10,2025-07-31,1
FA-HH-00954,Taylor Household,Derek Taylor,E-0153,BR-022,158875.68,Moderate,Retirement,2012-11-27,2026-05-17,3
FA-HH-00955,Lewis Household,Sofia Lewis,E-0172,BR-008,148473.54,Conservative,Accumulation,2014-05-16,2025-07-06,3
FA-HH-00956,Jackson Household,Luis Jackson,E-0154,BR-007,741993.72,Moderate,Pre-Retirement,2022-01-05,2026-05-13,6
FA-HH-00957,Parker Household,Daniel Parker,E-0172,BR-008,540086.42,Conservative,Retirement,2022-02-10,2025-12-28,3
FA-HH-00958,Baker Household,Jamal Baker,E-0179,BR-025,154739.08,Moderate,Accumulation,2016-07-23,2026-07-26,6
FA-HH-00959,Bailey Household,Leo Bailey,E-0154,BR-007,70603.03,Moderate,Retirement,2015-07-03,2026-07-17,2
FA-HH-00960,Morris Household,Wei Morris,E-0164,BR-015,290822.81,Aggressive,Legacy,2020-12-01,2025-12-29,1
FA-HH-00961,Anderson Household,Kenji Anderson,E-0158,BR-027,27512.68,Aggressive,Pre-Retirement,2022-11-25,2026-04-29,3
FA-HH-00962,Mitchell Household,Iris Mitchell,E-0157,BR-003,474498.72,Growth,Accumulation,2024-01-20,2026-06-26,1
FA-HH-00963,Harris Household,Henry Harris,E-0179,BR-025,41073.57,Aggressive,Retirement,2013-11-21,2026-07-16,5
FA-HH-00964,Moore Household,Felix Moore,E-0149,BR-019,514684.78,Conservative,Pre-Retirement,2019-06-18,2025-07-10,4
FA-HH-00965,Garcia Household,Sofia Garcia,E-0145,BR-001,569924.26,Growth,Pre-Retirement,2022-11-25,2025-08-09,2
FA-HH-00966,Nguyen Household,Owen Nguyen,E-0146,BR-021,559219.73,Moderate,Retirement,2022-06-30,2025-06-05,6
FA-HH-00967,Silva Household,Andre Silva,E-0141,BR-005,1170736.28,Growth,Legacy,2015-06-07,2026-07-21,5
FA-HH-00968,Silva Household,Leo Silva,E-0178,BR-024,246502.66,Conservative,Pre-Retirement,2022-10-31,2026-02-13,6
FA-HH-00969,Mitchell Household,Priya Mitchell,E-0168,BR-017,107940.09,Moderate,Accumulation,2012-08-26,2026-06-28,5
FA-HH-00970,Taylor Household,Henry Taylor,E-0148,BR-008,562497.51,Growth,Legacy,2016-04-04,2025-07-15,3
FA-HH-00971,Campbell Household,Rosa Campbell,E-0161,BR-025,398172.82,Moderate,Retirement,2021-04-27,2026-05-23,6
FA-HH-00972,Moore Household,Rosa Moore,E-0148,BR-008,839418.32,Conservative,Retirement,2023-09-21,2026-01-30,4
FA-HH-00973,Parker Household,Mateo Parker,E-0154,BR-007,217378.25,Growth,Retirement,2021-04-25,2026-06-24,3
FA-HH-00974,Phillips Household,Mateo Phillips,E-0156,BR-012,257791.18,Moderate,Pre-Retirement,2012-01-13,2026-03-18,6
FA-HH-00975,Nelson Household,Kenji Nelson,E-0164,BR-015,96972.26,Moderate,Accumulation,2019-11-20,2025-07-02,6
FA-HH-00976,Chen Household,Tom Chen,E-0158,BR-027,214609.99,Moderate,Accumulation,2011-10-09,2025-12-18,4
FA-HH-00977,Nguyen Household,Rosa Nguyen,E-0177,BR-024,162269.48,Growth,Accumulation,2020-04-15,2025-11-21,6
FA-HH-00978,Collins Household,Nora Collins,E-0176,BR-004,161262.01,Growth,Accumulation,2022-03-09,2025-11-29,2
FA-HH-00979,Mitchell Household,Ben Mitchell,E-0160,BR-014,87473.55,Moderate,Retirement,2010-11-17,2025-07-30,1
FA-HH-00980,Roberts Household,Emma Roberts,E-0168,BR-017,185928.31,Moderate,Accumulation,2014-10-27,2025-12-03,2
FA-HH-00981,Edwards Household,Carlos Edwards,E-0174,BR-012,1017234.88,Growth,Accumulation,2014-01-12,2025-09-04,4
FA-HH-00982,Chen Household,Aisha Chen,E-0159,BR-021,78801.79,Growth,Legacy,2018-05-12,2026-04-21,6
FA-HH-00983,Moore Household,Julian Moore,E-0176,BR-004,305673.73,Growth,Accumulation,2016-08-28,2026-01-13,6
FA-HH-00984,Baker Household,Owen Baker,E-0163,BR-009,286769.47,Growth,Pre-Retirement,2015-11-02,2026-06-18,4
FA-HH-00985,Wilson Household,Nina Wilson,E-0166,BR-007,348757.52,Moderate,Pre-Retirement,2021-05-23,2026-04-09,1
FA-HH-00986,Silva Household,Marcus Silva,E-0174,BR-012,78302.21,Moderate,Accumulation,2017-12-13,2025-06-23,1
FA-HH-00987,Stewart Household,Tom Stewart,E-0171,BR-016,165904.39,Moderate,Pre-Retirement,2011-07-18,2025-07-21,1
FA-HH-00988,Nguyen Household,Priya Nguyen,E-0175,BR-015,1295217.96,Growth,Accumulation,2020-12-02,2026-02-28,3
FA-HH-00989,Silva Household,Julian Silva,E-0171,BR-016,25310.77,Conservative,Accumulation,2020-06-01,2025-12-13,5
FA-HH-00990,Walker Household,Tom Walker,E-0173,BR-019,239202.27,Growth,Legacy,2025-11-01,2026-07-26,2
FA-HH-00991,Walker Household,Ben Walker,E-0167,BR-029,233780.83,Conservative,Pre-Retirement,2016-11-14,2026-01-08,5
FA-HH-00992,Baker Household,Lauren Baker,E-0145,BR-001,1470354.09,Moderate,Accumulation,2025-09-29,2026-06-16,3
FA-HH-00993,Hall Household,Sofia Hall,E-0165,BR-016,54333.37,Growth,Retirement,2018-10-23,2025-11-02,2
FA-HH-00994,Collins Household,Sara Collins,E-0164,BR-015,2516610.08,Conservative,Pre-Retirement,2020-12-09,2026-01-16,2
FA-HH-00995,Jackson Household,Wei Jackson,E-0153,BR-022,49368.94,Growth,Retirement,2026-07-25,2026-08-26,3
FA-HH-00996,Patel Household,Hannah Patel,E-0155,BR-025,87324.53,Moderate,Accumulation,2023-03-29,2025-08-06,1
FA-HH-00997,Parker Household,Olivia Parker,E-0142,BR-009,802583.15,Moderate,Pre-Retirement,2019-04-28,2025-11-03,1
FA-HH-00998,White Household,Nora White,E-0163,BR-009,261940.99,Conservative,Retirement,2015-09-03,2025-06-12,2
FA-HH-00999,Parker Household,Julian Parker,E-0142,BR-009,133181.55,Aggressive,Accumulation,2022-03-21,2026-05-19,1
FA-HH-01000,Baker Household,Naomi Baker,E-0142,BR-009,295301.84,Moderate,Accumulation,2014-08-08,2026-05-17,4
FA-HH-01001,Scott Household,Ava Scott,E-0173,BR-019,721889.05,Conservative,Pre-Retirement,2015-11-17,2026-08-24,3
FA-HH-01002,Okafor Household,Mei Okafor,E-0162,BR-019,64030.57,Moderate,Retirement,2021-04-07,2025-12-19,5
FA-HH-01003,Jackson Household,Hannah Jackson,E-0152,BR-010,297627.69,Moderate,Retirement,2020-06-01,2026-07-04,5
FA-HH-01004,Wilson Household,Priya Wilson,E-0179,BR-025,321461.58,Growth,Retirement,2010-12-09,2026-05-10,1
FA-HH-01005,Nguyen Household,Jonathan Nguyen,E-0141,BR-005,103302.96,Moderate,Legacy,2019-10-26,2025-07-01,5
FA-HH-01006,Jackson Household,Derek Jackson,E-0142,BR-009,31802.56,Conservative,Accumulation,2019-04-02,2026-05-14,2
FA-HH-01007,Ashford Household,Jamal Ashford,E-0161,BR-025,591509.31,Aggressive,Accumulation,2025-09-07,2025-08-30,5
FA-HH-01008,Harris Household,Derek Harris,E-0164,BR-015,161111.39,Growth,Accumulation,2025-03-25,2026-03-15,3
FA-HH-01009,Jackson Household,Leo Jackson,E-0179,BR-025,293223.28,Growth,Pre-Retirement,2023-01-09,2026-01-28,4
FA-HH-01010,Martinez Household,Luis Martinez,E-0174,BR-012,135155.36,Moderate,Pre-Retirement,2010-06-05,2026-08-27,5
FA-HH-01011,Clark Household,Elena Clark,E-0152,BR-010,230534.1,Growth,Accumulation,2018-05-28,2026-06-14,6
FA-HH-01012,King Household,Julian King,E-0157,BR-003,103838.73,Moderate,Retirement,2020-11-30,2026-05-23,4
FA-HH-01013,Wilson Household,Sara Wilson,E-0149,BR-019,697481.96,Moderate,Accumulation,2016-11-20,2026-06-24,5
FA-HH-01014,Roberts Household,Julian Roberts,E-0174,BR-012,296121.22,Aggressive,Accumulation,2010-06-05,2026-07-20,6
FA-HH-01015,Phillips Household,Noah Phillips,E-0166,BR-007,435750.56,Growth,Accumulation,2025-11-14,2025-11-21,1
FA-HH-01016,Kim Household,Sara Kim,E-0159,BR-021,63326.68,Moderate,Retirement,2025-03-28,2026-07-05,3
FA-HH-01017,Carter Household,Luis Carter,E-0168,BR-017,130631.36,Conservative,Accumulation,2011-04-06,2026-04-20,2
FA-HH-01018,Martinez Household,Mateo Martinez,E-0159,BR-021,178959.32,Growth,Legacy,2014-05-20,2026-07-14,6
FA-HH-01019,Martinez Household,Sara Martinez,E-0154,BR-007,676238.83,Growth,Accumulation,2020-11-30,2026-04-22,2
FA-HH-01020,Taylor Household,Emma Taylor,E-0142,BR-009,304834.29,Aggressive,Retirement,2012-05-21,2026-07-13,4
FA-HH-01021,Baker Household,Emma Baker,E-0156,BR-012,1025834.44,Growth,Accumulation,2025-03-17,2026-01-08,3
FA-HH-01022,Stewart Household,Isabella Stewart,E-0151,BR-020,606681.38,Growth,Legacy,2014-12-23,2026-01-17,6
FA-HH-01023,Okafor Household,Wei Okafor,E-0174,BR-012,981664.5,Growth,Legacy,2010-07-03,2026-02-19,2
FA-HH-01024,Martinez Household,Noah Martinez,E-0154,BR-007,169248.73,Conservative,Accumulation,2011-01-02,2025-07-24,1
FA-HH-01025,Thomas Household,Sara Thomas,E-0175,BR-015,556184.99,Aggressive,Legacy,2019-11-09,2025-12-24,4
FA-HH-01026,Edwards Household,Andre Edwards,E-0141,BR-005,433214.55,Moderate,Pre-Retirement,2011-12-23,2025-12-13,1
FA-HH-01027,Baker Household,Wei Baker,E-0159,BR-021,126629.84,Moderate,Pre-Retirement,2020-09-13,2025-11-21,4
FA-HH-01028,Campbell Household,Marcus Campbell,E-0172,BR-008,102938.03,Growth,Pre-Retirement,2020-01-06,2026-08-08,4
FA-HH-01029,Davis Household,Ben Davis,E-0159,BR-021,630141.42,Moderate,Pre-Retirement,2010-09-22,2026-01-17,6
FA-HH-01030,Harris Household,Noah Harris,E-0152,BR-010,137023.93,Aggressive,Accumulation,2018-10-28,2025-10-04,6
FA-HH-01031,Turner Household,Hannah Turner,E-0172,BR-008,364248.53,Conservative,Accumulation,2013-10-30,2026-06-02,1
FA-HH-01032,Baker Household,Nora Baker,E-0166,BR-007,582815.53,Aggressive,Accumulation,2024-02-09,2026-08-13,1
FA-HH-01033,Collins Household,Diego Collins,E-0157,BR-003,487513.88,Moderate,Retirement,2011-04-15,2026-03-24,5
FA-HH-01034,Wilson Household,Ravi Wilson,E-0145,BR-001,374195.12,Growth,Pre-Retirement,2026-07-16,2026-03-06,1
FA-HH-01035,Carter Household,Daniel Carter,E-0172,BR-008,389615.98,Moderate,Accumulation,2023-03-06,2025-09-07,3
FA-HH-01036,Chen Household,Grace Chen,E-0164,BR-015,173477.38,Aggressive,Pre-Retirement,2018-11-10,2025-11-03,1
FA-HH-01037,Scott Household,Isabella Scott,E-0145,BR-001,1196263.17,Moderate,Accumulation,2021-01-26,2026-02-07,3
FA-HH-01038,White Household,Chloe White,E-0163,BR-009,186897.41,Growth,Retirement,2010-01-04,2025-06-08,5
FA-HH-01039,Walker Household,Isabella Walker,E-0178,BR-024,199258.98,Moderate,Pre-Retirement,2024-07-04,2025-10-26,6
FA-HH-01040,Collins Household,Ines Collins,E-0166,BR-007,152717.01,Growth,Accumulation,2016-03-14,2025-08-02,2
FA-HH-01041,Davis Household,Olivia Davis,E-0155,BR-025,1263148.17,Moderate,Pre-Retirement,2018-06-26,2025-11-24,5
FA-HH-01042,Ashford Household,Mateo Ashford,E-0169,BR-024,157246.12,Growth,Retirement,2017-07-05,2025-11-09,3
FA-HH-01043,Brown Household,Zara Brown,E-0146,BR-021,520721.19,Moderate,Accumulation,2010-01-28,2026-02-24,3
FA-HH-01044,Collins Household,Kenji Collins,E-0173,BR-019,4056313.64,Moderate,Retirement,2025-03-08,2025-10-13,1
FA-HH-01045,Wilson Household,Maya Wilson,E-0150,BR-009,184471.84,Moderate,Accumulation,2024-12-06,2026-03-27,2
FA-HH-01046,Johnson Household,Tom Johnson,E-0168,BR-017,1569184.12,Moderate,Accumulation,2025-04-26,2025-10-21,6
FA-HH-01047,Martinez Household,Henry Martinez,E-0162,BR-019,257200.94,Growth,Pre-Retirement,2024-07-16,2025-12-24,6
FA-HH-01048,King Household,Julian King,E-0180,BR-010,274907.41,Growth,Pre-Retirement,2025-01-30,2026-01-23,5
FA-HH-01049,Walker Household,Rosa Walker,E-0154,BR-007,101743.92,Moderate,Pre-Retirement,2020-11-19,2025-12-29,3
FA-HH-01050,Vaughn Household,Sofia Vaughn,E-0177,BR-024,911473.15,Moderate,Accumulation,2014-12-06,2025-11-22,3
FA-HH-01051,Wright Household,Andre Wright,E-0169,BR-024,39581.02,Moderate,Accumulation,2013-01-28,2025-11-27,6
FA-HH-01052,Patel Household,Leo Patel,E-0179,BR-025,129489.08,Moderate,Accumulation,2014-02-22,2026-08-21,6
FA-HH-01053,Nelson Household,Marcus Nelson,E-0142,BR-009,178333.88,Moderate,Accumulation,2022-11-14,2025-11-26,4
FA-HH-01054,Brown Household,Tom Brown,E-0174,BR-012,358413.37,Conservative,Pre-Retirement,2016-07-07,2025-10-24,6
FA-HH-01055,Turner Household,Owen Turner,E-0151,BR-020,119302.62,Conservative,Pre-Retirement,2022-06-27,2026-02-20,3
FA-HH-01056,Phillips Household,Layla Phillips,E-0142,BR-009,609094.09,Conservative,Legacy,2018-06-25,2025-11-04,1
FA-HH-01057,Taylor Household,Rosa Taylor,E-0177,BR-024,683178.65,Moderate,Legacy,2012-10-07,2026-01-17,3
FA-HH-01058,Baker Household,Wei Baker,E-0155,BR-025,454587.53,Conservative,Pre-Retirement,2014-07-24,2026-03-09,3
FA-HH-01059,Bailey Household,Felix Bailey,E-0157,BR-003,312746.63,Moderate,Accumulation,2022-07-02,2026-01-07,5
FA-HH-01060,Scott Household,Mateo Scott,E-0167,BR-029,96654.33,Moderate,Retirement,2013-07-21,2025-09-30,2
FA-HH-01061,Morris Household,Hannah Morris,E-0153,BR-022,773407.18,Moderate,Pre-Retirement,2014-11-14,2025-12-14,5
FA-HH-01062,Okafor Household,Isabella Okafor,E-0162,BR-019,130958.46,Moderate,Accumulation,2013-03-28,2025-11-28,4
FA-HH-01063,Patel Household,Julian Patel,E-0147,BR-008,828341.88,Conservative,Pre-Retirement,2017-09-08,2026-01-20,2
FA-HH-01064,Davis Household,Daniel Davis,E-0155,BR-025,422020.19,Moderate,Pre-Retirement,2010-08-08,2025-06-07,6
FA-HH-01065,Silva Household,Grace Silva,E-0168,BR-017,366177.53,Conservative,Accumulation,2026-05-06,2025-07-10,6
FA-HH-01066,Silva Household,Ravi Silva,E-0169,BR-024,390092.74,Moderate,Pre-Retirement,2024-07-18,2025-08-08,6
FA-HH-01067,Roberts Household,Aisha Roberts,E-0162,BR-019,305116.23,Growth,Accumulation,2026-02-27,2025-09-19,3
FA-HH-01068,Adams Household,Jonathan Adams,E-0148,BR-008,218832.79,Conservative,Pre-Retirement,2013-04-20,2026-05-07,2
FA-HH-01069,Harris Household,Nina Harris,E-0143,BR-011,355100.43,Growth,Pre-Retirement,2014-01-19,2026-02-22,3
FA-HH-01070,Garcia Household,Sofia Garcia,E-0142,BR-009,365884.39,Moderate,Accumulation,2013-04-30,2025-12-23,5
FA-HH-01071,Walker Household,Wei Walker,E-0171,BR-016,224706.0,Growth,Accumulation,2023-05-11,2026-02-23,3
FA-HH-01072,Phillips Household,Rosa Phillips,E-0158,BR-027,225628.83,Moderate,Pre-Retirement,2025-05-14,2025-08-06,4
FA-HH-01073,Walker Household,Isabella Walker,E-0169,BR-024,67181.91,Growth,Pre-Retirement,2010-01-30,2026-08-02,4
FA-HH-01074,Adams Household,Derek Adams,E-0152,BR-010,239541.37,Aggressive,Accumulation,2015-08-07,2026-06-26,4
FA-HH-01075,Clark Household,Jonathan Clark,E-0175,BR-015,96446.08,Growth,Pre-Retirement,2025-03-02,2026-03-25,6
FA-HH-01076,Chen Household,Felix Chen,E-0166,BR-007,358717.31,Moderate,Legacy,2026-05-06,2026-05-06,2
FA-HH-01077,Scott Household,Noah Scott,E-0155,BR-025,120179.18,Aggressive,Pre-Retirement,2026-07-24,2025-07-18,3
FA-HH-01078,Nguyen Household,Marcus Nguyen,E-0158,BR-027,277430.71,Conservative,Retirement,2012-04-02,2026-05-26,6
FA-HH-01079,Moore Household,Grace Moore,E-0148,BR-008,206230.05,Conservative,Pre-Retirement,2011-10-07,2026-01-23,5
FA-HH-01080,Vaughn Household,Ben Vaughn,E-0174,BR-012,62871.13,Moderate,Retirement,2011-01-01,2026-04-11,1
FA-HH-01081,Parker Household,Wei Parker,E-0167,BR-029,71259.35,Aggressive,Retirement,2013-04-24,2026-01-24,4
FA-HH-01082,Moore Household,Luis Moore,E-0177,BR-024,489206.42,Moderate,Accumulation,2017-06-08,2025-07-08,5
FA-HH-01083,Kim Household,Nora Kim,E-0146,BR-021,760946.76,Growth,Pre-Retirement,2025-12-07,2025-06-03,1
FA-HH-01084,Stewart Household,Derek Stewart,E-0142,BR-009,64799.0,Growth,Pre-Retirement,2019-12-02,2025-10-04,1
FA-HH-01085,White Household,Iris White,E-0148,BR-008,236770.94,Conservative,Legacy,2023-03-09,2026-07-11,5
FA-HH-01086,Patel Household,Iris Patel,E-0178,BR-024,359066.5,Conservative,Legacy,2022-01-13,2025-10-29,5
FA-HH-01087,Johnson Household,Nora Johnson,E-0161,BR-025,534060.39,Moderate,Accumulation,2025-11-13,2025-08-03,2
FA-HH-01088,Davis Household,Grace Davis,E-0150,BR-009,181197.17,Moderate,Retirement,2025-11-02,2026-06-09,6
FA-HH-01089,Anderson Household,Tom Anderson,E-0178,BR-024,193435.46,Growth,Legacy,2026-06-28,2026-05-09,2
FA-HH-01090,Stewart Household,Ava Stewart,E-0152,BR-010,84851.58,Growth,Pre-Retirement,2013-08-14,2025-06-15,1
FA-HH-01091,Allen Household,Chloe Allen,E-0174,BR-012,483720.15,Moderate,Retirement,2014-01-10,2026-01-30,6
FA-HH-01092,Young Household,Yuki Young,E-0142,BR-009,458934.83,Aggressive,Retirement,2011-09-22,2026-06-16,2
FA-HH-01093,Moore Household,Ava Moore,E-0145,BR-001,236729.49,Aggressive,Accumulation,2018-09-01,2025-06-08,6
FA-HH-01094,Morris Household,Kenji Morris,E-0142,BR-009,255559.55,Conservative,Pre-Retirement,2018-08-31,2026-01-12,5
FA-HH-01095,Moore Household,Layla Moore,E-0165,BR-016,1035089.52,Conservative,Accumulation,2017-06-12,2025-06-07,6
FA-HH-01096,Campbell Household,Olivia Campbell,E-0153,BR-022,43622.0,Conservative,Retirement,2012-07-09,2025-09-03,3
FA-HH-01097,Phillips Household,Yuki Phillips,E-0166,BR-007,627515.46,Aggressive,Accumulation,2016-08-30,2026-05-13,2
FA-HH-01098,Evans Household,Sara Evans,E-0174,BR-012,71985.18,Conservative,Legacy,2018-01-24,2026-06-28,2
FA-HH-01099,Garcia Household,Maya Garcia,E-0143,BR-011,750429.57,Moderate,Accumulation,2014-06-06,2025-06-27,2
FA-HH-01100,Brown Household,Noah Brown,E-0151,BR-020,1393457.6,Moderate,Accumulation,2026-06-15,2025-08-01,3
FA-HH-01101,Morris Household,Nora Morris,E-0159,BR-021,20000,Growth,Retirement,2015-11-14,2026-06-13,2
FA-HH-01102,Brown Household,Amara Brown,E-0155,BR-025,238779.27,Moderate,Pre-Retirement,2018-11-14,2026-04-12,4
FA-HH-01103,Wilson Household,Ravi Wilson,E-0167,BR-029,41895.86,Growth,Accumulation,2013-03-05,2025-12-07,5
FA-HH-01104,Nguyen Household,Grace Nguyen,E-0161,BR-025,130276.96,Growth,Retirement,2015-06-17,2025-09-06,1
FA-HH-01105,Baker Household,Ethan Baker,E-0156,BR-012,383748.39,Aggressive,Accumulation,2018-04-28,2026-06-08,1
FA-HH-01106,King Household,Ava King,E-0142,BR-009,1412488.09,Moderate,Accumulation,2012-09-27,2026-08-29,4
FA-HH-01107,Collins Household,Aisha Collins,E-0147,BR-008,550999.19,Moderate,Pre-Retirement,2016-09-05,2026-07-20,2
FA-HH-01108,Harris Household,Layla Harris,E-0163,BR-009,157866.05,Moderate,Accumulation,2017-08-31,2026-05-08,2
FA-HH-01109,Lewis Household,Victor Lewis,E-0171,BR-016,759819.56,Growth,Legacy,2015-12-27,2026-01-02,1
FA-HH-01110,Jackson Household,Jonathan Jackson,E-0179,BR-025,1349924.46,Growth,Legacy,2018-11-17,2026-03-15,1
FA-HH-01111,Turner Household,Naomi Turner,E-0163,BR-009,83541.66,Moderate,Accumulation,2021-12-28,2025-11-24,2
FA-HH-01112,Allen Household,Owen Allen,E-0146,BR-021,502136.59,Conservative,Accumulation,2015-12-28,2026-07-12,2
FA-HH-01113,Harris Household,Yuki Harris,E-0174,BR-012,472739.78,Growth,Pre-Retirement,2023-07-09,2026-05-03,4
FA-HH-01114,Clark Household,Iris Clark,E-0153,BR-022,728630.05,Conservative,Retirement,2012-04-18,2026-07-04,6
FA-HH-01115,Wilson Household,Tom Wilson,E-0170,BR-008,111990.41,Aggressive,Accumulation,2016-02-10,2026-07-07,3
FA-HH-01116,Wilson Household,Julian Wilson,E-0151,BR-020,666317.4,Conservative,Accumulation,2024-04-05,2025-12-30,5
FA-HH-01117,Chen Household,Diego Chen,E-0176,BR-004,134153.15,Growth,Legacy,2022-09-12,2025-07-23,3
FA-HH-01118,Stewart Household,Aisha Stewart,E-0142,BR-009,30351.16,Conservative,Accumulation,2023-12-22,2025-10-17,2
FA-HH-01119,Martinez Household,Wei Martinez,E-0141,BR-005,223292.56,Growth,Accumulation,2015-11-25,2025-08-17,5
FA-HH-01120,Anderson Household,Ben Anderson,E-0169,BR-024,65603.85,Moderate,Accumulation,2015-10-29,2025-08-04,4
FA-HH-01121,Bailey Household,Chloe Bailey,E-0154,BR-007,794087.39,Conservative,Accumulation,2022-08-08,2025-07-26,2
FA-HH-01122,Scott Household,Ravi Scott,E-0167,BR-029,134608.97,Moderate,Accumulation,2015-06-08,2025-10-30,3
FA-HH-01123,Brown Household,Henry Brown,E-0155,BR-025,229108.84,Aggressive,Retirement,2017-06-25,2026-02-03,3
FA-HH-01124,Lewis Household,Lauren Lewis,E-0176,BR-004,590621.16,Aggressive,Retirement,2023-04-04,2026-04-25,1
FA-HH-01125,Wilson Household,Kenji Wilson,E-0166,BR-007,314286.51,Moderate,Accumulation,2024-08-27,2025-12-11,4
FA-HH-01126,Collins Household,Hannah Collins,E-0143,BR-011,240735.18,Moderate,Legacy,2010-04-27,2025-11-08,5
FA-HH-01127,Garcia Household,Emma Garcia,E-0162,BR-019,136208.23,Growth,Legacy,2010-07-31,2025-11-08,4
FA-HH-01128,Miller Household,Rosa Miller,E-0170,BR-008,404062.94,Growth,Retirement,2024-09-10,2026-04-03,5
FA-HH-01129,Roberts Household,Noah Roberts,E-0176,BR-004,439629.07,Aggressive,Accumulation,2025-11-17,2026-02-11,3
FA-HH-01130,Garcia Household,Isabella Garcia,E-0166,BR-007,554636.47,Moderate,Accumulation,2016-07-05,2026-08-13,1
FA-HH-01131,Chen Household,Hannah Chen,E-0151,BR-020,297581.86,Growth,Accumulation,2017-10-12,2025-11-02,3
FA-HH-01132,Kim Household,Mateo Kim,E-0180,BR-010,182584.28,Moderate,Accumulation,2013-03-28,2026-05-05,4
FA-HH-01133,Okafor Household,Hannah Okafor,E-0147,BR-008,398484.42,Growth,Pre-Retirement,2023-08-28,2025-10-26,3
FA-HH-01134,King Household,Amara King,E-0159,BR-021,563775.67,Growth,Accumulation,2017-07-17,2025-08-24,6
FA-HH-01135,Garcia Household,Yuki Garcia,E-0154,BR-007,284682.89,Growth,Accumulation,2012-09-24,2026-07-21,1
FA-HH-01136,Evans Household,Ravi Evans,E-0175,BR-015,636344.97,Moderate,Accumulation,2011-02-11,2025-07-09,6
FA-HH-01137,Morris Household,Kenji Morris,E-0150,BR-009,42416.49,Aggressive,Accumulation,2012-12-27,2025-06-28,3
FA-HH-01138,Ashford Household,Grace Ashford,E-0142,BR-009,174636.47,Growth,Accumulation,2018-09-05,2026-08-24,5
FA-HH-01139,Adams Household,Noah Adams,E-0157,BR-003,538097.14,Growth,Retirement,2012-03-06,2026-03-04,4
FA-HH-01140,Lewis Household,Priya Lewis,E-0155,BR-025,91747.53,Growth,Legacy,2022-06-08,2025-09-22,1
FA-HH-01141,Adams Household,Chloe Adams,E-0156,BR-012,221710.08,Conservative,Accumulation,2016-12-27,2025-06-01,3
FA-HH-01142,Garcia Household,Emma Garcia,E-0179,BR-025,1486366.96,Moderate,Pre-Retirement,2016-04-07,2026-01-04,3
FA-HH-01143,Martinez Household,Felix Martinez,E-0156,BR-012,289311.15,Conservative,Accumulation,2014-07-18,2025-09-16,4
FA-HH-01144,Phillips Household,Aisha Phillips,E-0142,BR-009,638583.94,Conservative,Retirement,2012-06-08,2026-03-13,5
FA-HH-01145,Johnson Household,Diego Johnson,E-0158,BR-027,159056.22,Conservative,Accumulation,2010-04-24,2026-05-16,6
FA-HH-01146,Lewis Household,Ines Lewis,E-0166,BR-007,189744.21,Conservative,Accumulation,2019-08-02,2025-09-10,6
FA-HH-01147,Adams Household,Henry Adams,E-0170,BR-008,324635.17,Aggressive,Pre-Retirement,2014-12-22,2026-07-29,3
FA-HH-01148,Nguyen Household,Tom Nguyen,E-0176,BR-004,44672.83,Conservative,Pre-Retirement,2022-10-22,2026-04-25,1
FA-HH-01149,Adams Household,Felix Adams,E-0175,BR-015,647535.37,Moderate,Pre-Retirement,2023-06-04,2025-10-31,6
FA-HH-01150,Martinez Household,Elena Martinez,E-0174,BR-012,178182.89,Growth,Accumulation,2019-08-18,2026-04-22,2
FA-HH-01151,Stewart Household,Isabella Stewart,E-0165,BR-016,394823.83,Aggressive,Accumulation,2011-07-28,2025-07-25,2
FA-HH-01152,Davis Household,Felix Davis,E-0172,BR-008,329730.43,Moderate,Retirement,2024-07-24,2025-09-25,4
FA-HH-01153,Anderson Household,Carlos Anderson,E-0172,BR-008,49921.84,Moderate,Legacy,2024-06-28,2026-03-14,3
FA-HH-01154,Bailey Household,Mateo Bailey,E-0150,BR-009,205624.21,Growth,Accumulation,2018-02-09,2026-07-31,5
FA-HH-01155,Phillips Household,Owen Phillips,E-0178,BR-024,253989.25,Aggressive,Accumulation,2022-01-18,2026-04-12,6
FA-HH-01156,Miller Household,Iris Miller,E-0146,BR-021,703117.9,Growth,Retirement,2024-08-08,2026-03-30,6
FA-HH-01157,Garcia Household,Zara Garcia,E-0168,BR-017,36083.57,Growth,Retirement,2014-05-27,2025-11-08,2
FA-HH-01158,Miller Household,Marcus Miller,E-0178,BR-024,232434.79,Growth,Legacy,2021-09-27,2025-08-26,3
FA-HH-01159,Walker Household,Rosa Walker,E-0161,BR-025,128594.75,Moderate,Accumulation,2011-08-29,2026-06-11,2
FA-HH-01160,Okafor Household,Ines Okafor,E-0149,BR-019,172270.18,Aggressive,Accumulation,2022-04-04,2026-07-17,4
FA-HH-01161,Hall Household,Amara Hall,E-0168,BR-017,484927.9,Moderate,Retirement,2024-04-14,2026-05-07,1
FA-HH-01162,Patel Household,Ravi Patel,E-0143,BR-011,450537.27,Moderate,Legacy,2022-09-23,2026-07-15,4
FA-HH-01163,Harris Household,Iris Harris,E-0165,BR-016,83640.93,Moderate,Retirement,2022-11-24,2025-12-19,3
FA-HH-01164,Lewis Household,Samuel Lewis,E-0169,BR-024,1144976.27,Moderate,Accumulation,2020-06-04,2026-08-29,5
FA-HH-01165,Allen Household,Nora Allen,E-0161,BR-025,401354.76,Moderate,Accumulation,2010-11-08,2026-03-25,6
FA-HH-01166,Mitchell Household,Elena Mitchell,E-0165,BR-016,417635.12,Moderate,Legacy,2012-05-18,2026-02-25,2
FA-HH-01167,Adams Household,Amara Adams,E-0169,BR-024,252392.62,Moderate,Accumulation,2011-04-08,2026-06-17,4
FA-HH-01168,Baker Household,Daniel Baker,E-0142,BR-009,259487.88,Moderate,Retirement,2019-06-22,2025-07-08,4
FA-HH-01169,Garcia Household,Luis Garcia,E-0142,BR-009,274223.17,Conservative,Accumulation,2018-03-13,2025-12-31,6
FA-HH-01170,Campbell Household,Ava Campbell,E-0170,BR-008,294110.95,Moderate,Accumulation,2026-07-22,2026-06-21,2
FA-HH-01171,Walker Household,Mei Walker,E-0158,BR-027,322893.25,Growth,Pre-Retirement,2023-10-27,2025-09-26,2
FA-HH-01172,Silva Household,Ines Silva,E-0156,BR-012,251414.91,Growth,Accumulation,2023-05-26,2026-04-12,1
FA-HH-01173,Kim Household,Henry Kim,E-0143,BR-011,338860.57,Conservative,Pre-Retirement,2013-10-07,2026-05-10,1
FA-HH-01174,Vaughn Household,Naomi Vaughn,E-0167,BR-029,718280.31,Growth,Retirement,2023-09-20,2025-11-07,1
FA-HH-01175,Nguyen Household,Amara Nguyen,E-0150,BR-009,213403.54,Growth,Retirement,2015-10-12,2026-06-20,4
FA-HH-01176,Ashford Household,Nora Ashford,E-0141,BR-005,786962.93,Moderate,Accumulation,2025-10-18,2026-07-13,2
FA-HH-01177,Nelson Household,Elena Nelson,E-0152,BR-010,154944.34,Moderate,Accumulation,2022-04-30,2025-06-09,5
FA-HH-01178,Parker Household,Nina Parker,E-0179,BR-025,78293.65,Moderate,Accumulation,2025-12-06,2025-07-24,2
FA-HH-01179,Vaughn Household,Isabella Vaughn,E-0176,BR-004,40426.19,Growth,Accumulation,2020-09-22,2025-09-01,5
FA-HH-01180,Okafor Household,Sofia Okafor,E-0168,BR-017,332075.29,Growth,Accumulation,2025-12-06,2026-03-19,2
FA-HH-01181,Evans Household,Elena Evans,E-0177,BR-024,68523.67,Growth,Retirement,2013-07-09,2026-03-12,5
FA-HH-01182,Evans Household,Fatima Evans,E-0180,BR-010,216609.59,Moderate,Retirement,2017-03-18,2026-03-17,1
FA-HH-01183,Baker Household,Isabella Baker,E-0180,BR-010,630348.16,Conservative,Legacy,2017-03-02,2026-08-25,6
FA-HH-01184,Parker Household,Mei Parker,E-0172,BR-008,177260.63,Conservative,Accumulation,2016-04-23,2026-04-15,6
FA-HH-01185,Thomas Household,Kenji Thomas,E-0178,BR-024,86102.73,Moderate,Accumulation,2022-09-03,2026-02-22,1
FA-HH-01186,Walker Household,Carlos Walker,E-0180,BR-010,87960.57,Growth,Retirement,2025-02-07,2025-08-15,6
FA-HH-01187,Anderson Household,Marcus Anderson,E-0153,BR-022,58051.54,Moderate,Pre-Retirement,2025-05-24,2026-03-04,3
FA-HH-01188,Adams Household,Rosa Adams,E-0145,BR-001,663224.37,Conservative,Pre-Retirement,2012-10-17,2025-07-29,1
FA-HH-01189,Taylor Household,Chloe Taylor,E-0173,BR-019,589733.56,Conservative,Pre-Retirement,2011-08-14,2026-03-07,5
FA-HH-01190,King Household,Iris King,E-0150,BR-009,586877.32,Aggressive,Accumulation,2021-07-26,2025-07-02,2
FA-HH-01191,Green Household,Mateo Green,E-0178,BR-024,337541.35,Conservative,Accumulation,2013-07-04,2026-05-06,6
FA-HH-01192,Bailey Household,Layla Bailey,E-0164,BR-015,639033.69,Moderate,Accumulation,2012-08-10,2026-03-12,1
FA-HH-01193,Johnson Household,Julian Johnson,E-0177,BR-024,767467.05,Growth,Retirement,2019-06-19,2026-06-11,4
FA-HH-01194,Jackson Household,Grace Jackson,E-0147,BR-008,243708.08,Aggressive,Accumulation,2019-10-27,2025-09-15,2
FA-HH-01195,Phillips Household,Luis Phillips,E-0155,BR-025,343271.46,Conservative,Accumulation,2016-12-06,2025-10-08,2
FA-HH-01196,Nguyen Household,Ben Nguyen,E-0163,BR-009,939168.47,Moderate,Retirement,2021-09-13,2026-04-23,4
FA-HH-01197,Johnson Household,Yuki Johnson,E-0179,BR-025,270157.03,Conservative,Retirement,2023-02-20,2026-06-22,2
FA-HH-01198,Thomas Household,Diego Thomas,E-0180,BR-010,28544.13,Aggressive,Pre-Retirement,2016-10-23,2025-08-16,4
FA-HH-01199,Allen Household,Marcus Allen,E-0165,BR-016,110986.4,Conservative,Accumulation,2012-04-04,2025-07-06,1
FA-HH-01200,Young Household,Owen Young,E-0147,BR-008,121574.73,Conservative,Retirement,2019-04-25,2025-10-29,4
FA-HH-01201,Scott Household,Layla Scott,E-0169,BR-024,145273.18,Growth,Pre-Retirement,2012-02-28,2026-01-06,1
FA-HH-01202,Carter Household,Kenji Carter,E-0150,BR-009,82315.65,Conservative,Pre-Retirement,2014-12-29,2026-05-26,4
FA-HH-01203,Clark Household,Hannah Clark,E-0169,BR-024,154975.2,Moderate,Accumulation,2012-06-22,2026-08-31,1
FA-HH-01204,Morris Household,Yuki Morris,E-0171,BR-016,69322.11,Moderate,Retirement,2019-02-26,2026-01-09,5
FA-HH-01205,Vaughn Household,Noah Vaughn,E-0155,BR-025,242428.83,Moderate,Accumulation,2025-11-23,2026-06-20,5
FA-HH-01206,Jackson Household,Layla Jackson,E-0161,BR-025,835604.26,Growth,Retirement,2021-01-15,2025-11-15,4
FA-HH-01207,Lewis Household,Isabella Lewis,E-0165,BR-016,93341.9,Growth,Accumulation,2024-11-04,2025-12-07,4
FA-HH-01208,Bailey Household,Priya Bailey,E-0154,BR-007,653776.34,Moderate,Accumulation,2021-10-30,2026-03-30,6
FA-HH-01209,Okafor Household,Chloe Okafor,E-0141,BR-005,794507.66,Aggressive,Pre-Retirement,2017-08-17,2026-04-05,1
FA-HH-01210,Vaughn Household,Ines Vaughn,E-0151,BR-020,217594.5,Moderate,Pre-Retirement,2012-05-13,2025-11-23,1
FA-HH-01211,Taylor Household,Maya Taylor,E-0180,BR-010,260486.35,Moderate,Pre-Retirement,2024-08-20,2025-12-27,2
FA-HH-01212,Roberts Household,Marcus Roberts,E-0155,BR-025,475405.86,Aggressive,Accumulation,2011-12-04,2025-12-16,2
FA-HH-01213,Campbell Household,Zara Campbell,E-0162,BR-019,438653.59,Moderate,Pre-Retirement,2013-01-27,2026-04-26,3
FA-HH-01214,Chen Household,Sara Chen,E-0170,BR-008,327141.42,Moderate,Retirement,2017-04-09,2025-11-18,6
FA-HH-01215,Martinez Household,Nina Martinez,E-0145,BR-001,1428344.41,Moderate,Accumulation,2021-05-13,2026-04-06,6
FA-HH-01216,Ruiz Household,Samuel Ruiz,E-0147,BR-008,417020.27,Growth,Retirement,2022-03-13,2026-08-26,6
FA-HH-01217,Mitchell Household,Ethan Mitchell,E-0174,BR-012,77716.13,Moderate,Pre-Retirement,2014-03-28,2025-12-08,6
FA-HH-01218,Campbell Household,Sara Campbell,E-0169,BR-024,616100.22,Aggressive,Accumulation,2011-01-04,2025-07-28,6
FA-HH-01219,Brown Household,Mateo Brown,E-0178,BR-024,273142.15,Moderate,Accumulation,2012-03-04,2026-06-09,3
FA-HH-01220,Chen Household,Carlos Chen,E-0166,BR-007,1106878.67,Moderate,Pre-Retirement,2017-11-16,2026-07-24,6
FA-HH-01221,Lopez Household,Sofia Lopez,E-0148,BR-008,461088.26,Moderate,Retirement,2015-01-18,2026-01-02,1
FA-HH-01222,Evans Household,Nina Evans,E-0144,BR-027,620742.66,Conservative,Accumulation,2014-01-01,2026-01-05,5
FA-HH-01223,Baker Household,Grace Baker,E-0170,BR-008,141435.29,Moderate,Pre-Retirement,2018-02-21,2025-12-09,1
FA-HH-01224,Nelson Household,Derek Nelson,E-0172,BR-008,99093.47,Moderate,Retirement,2017-07-25,2025-12-14,4
FA-HH-01225,Thomas Household,Daniel Thomas,E-0177,BR-024,300475.91,Conservative,Retirement,2010-08-18,2026-06-15,6
FA-HH-01226,Thomas Household,Yuki Thomas,E-0143,BR-011,125452.67,Conservative,Retirement,2023-12-19,2026-03-10,3
FA-HH-01227,King Household,Amara King,E-0151,BR-020,1074452.2,Moderate,Accumulation,2026-06-04,2025-07-04,5
FA-HH-01228,Bailey Household,Olivia Bailey,E-0161,BR-025,155529.22,Moderate,Retirement,2024-01-20,2026-04-13,2
FA-HH-01229,Bailey Household,Sara Bailey,E-0151,BR-020,258072.85,Growth,Accumulation,2023-02-12,2025-10-16,3
FA-HH-01230,Hall Household,Priya Hall,E-0171,BR-016,392005.48,Moderate,Pre-Retirement,2025-05-02,2025-10-04,3
FA-HH-01231,Scott Household,Mei Scott,E-0172,BR-008,425757.99,Growth,Pre-Retirement,2023-05-10,2025-09-27,4
FA-HH-01232,Davis Household,Naomi Davis,E-0169,BR-024,1892048.65,Conservative,Pre-Retirement,2023-01-06,2025-10-03,6
FA-HH-01233,Chen Household,Daniel Chen,E-0169,BR-024,427929.4,Aggressive,Retirement,2017-03-28,2026-05-05,6
FA-HH-01234,King Household,Tom King,E-0179,BR-025,548165.04,Conservative,Accumulation,2025-09-24,2025-09-10,4
FA-HH-01235,Silva Household,Victor Silva,E-0167,BR-029,467111.42,Conservative,Retirement,2014-09-09,2026-04-11,6
FA-HH-01236,Lewis Household,Ravi Lewis,E-0173,BR-019,192647.92,Moderate,Retirement,2024-01-31,2025-07-13,6
FA-HH-01237,Campbell Household,Maya Campbell,E-0154,BR-007,261459.58,Moderate,Pre-Retirement,2024-08-03,2025-12-16,4
FA-HH-01238,Davis Household,Olivia Davis,E-0149,BR-019,148851.09,Moderate,Retirement,2023-10-27,2026-04-25,1
FA-HH-01239,Parker Household,Sofia Parker,E-0178,BR-024,152914.81,Growth,Accumulation,2015-09-19,2026-03-17,3
FA-HH-01240,Mitchell Household,Mei Mitchell,E-0143,BR-011,355272.51,Moderate,Accumulation,2012-04-19,2025-07-26,6
FA-HH-01241,Thomas Household,Hannah Thomas,E-0161,BR-025,302424.46,Moderate,Retirement,2024-09-25,2025-08-04,5
FA-HH-01242,Collins Household,Layla Collins,E-0178,BR-024,1016991.66,Conservative,Legacy,2022-05-10,2025-09-05,1
FA-HH-01243,Thomas Household,Mateo Thomas,E-0151,BR-020,2961702.84,Conservative,Pre-Retirement,2013-12-14,2025-11-09,1
FA-HH-01244,Parker Household,Noah Parker,E-0164,BR-015,535231.15,Moderate,Accumulation,2012-01-09,2026-05-11,1
FA-HH-01245,Brown Household,Carlos Brown,E-0151,BR-020,505576.09,Moderate,Pre-Retirement,2025-07-30,2025-06-13,4
FA-HH-01246,Walker Household,Ravi Walker,E-0152,BR-010,479395.92,Moderate,Legacy,2011-01-07,2025-08-31,4
FA-HH-01247,Phillips Household,Fatima Phillips,E-0178,BR-024,229773.15,Growth,Retirement,2022-03-13,2025-07-17,3
FA-HH-01248,Phillips Household,Jonathan Phillips,E-0148,BR-008,167799.97,Moderate,Accumulation,2019-09-05,2025-08-27,1
FA-HH-01249,Davis Household,Isabella Davis,E-0143,BR-011,400491.33,Moderate,Pre-Retirement,2014-10-25,2025-07-15,2
FA-HH-01250,Adams Household,Andre Adams,E-0150,BR-009,248802.95,Growth,Pre-Retirement,2026-03-01,2026-08-18,6
FA-HH-01251,Young Household,Chloe Young,E-0171,BR-016,351849.9,Conservative,Retirement,2012-07-09,2025-09-09,1
FA-HH-01252,Young Household,Naomi Young,E-0170,BR-008,188836.55,Conservative,Accumulation,2018-10-29,2025-06-22,1
FA-HH-01253,Young Household,Isabella Young,E-0150,BR-009,162532.66,Conservative,Pre-Retirement,2025-10-05,2026-04-11,2
FA-HH-01254,Ashford Household,Felix Ashford,E-0155,BR-025,374026.5,Moderate,Accumulation,2025-09-21,2026-03-04,3
FA-HH-01255,Davis Household,Zara Davis,E-0162,BR-019,96417.75,Growth,Accumulation,2016-05-03,2025-09-08,2
FA-HH-01256,Jackson Household,Marcus Jackson,E-0165,BR-016,215257.15,Moderate,Retirement,2016-05-10,2025-12-10,3
FA-HH-01257,Kim Household,Felix Kim,E-0159,BR-021,776722.49,Conservative,Accumulation,2013-06-25,2025-11-10,2
FA-HH-01258,Kim Household,Kenji Kim,E-0176,BR-004,218049.99,Conservative,Accumulation,2011-09-26,2026-03-05,2
FA-HH-01259,Anderson Household,Lauren Anderson,E-0159,BR-021,206875.98,Conservative,Pre-Retirement,2012-12-19,2025-07-31,5
FA-HH-01260,Evans Household,Fatima Evans,E-0144,BR-027,951999.34,Conservative,Accumulation,2013-11-05,2026-02-08,5
FA-HH-01261,Lopez Household,Ines Lopez,E-0180,BR-010,363600.21,Moderate,Accumulation,2014-02-02,2026-06-25,3
FA-HH-01262,Miller Household,Zara Miller,E-0153,BR-022,195851.14,Growth,Accumulation,2012-10-20,2026-02-10,6
FA-HH-01263,Lopez Household,Jonathan Lopez,E-0176,BR-004,560912.4,Moderate,Retirement,2022-12-23,2025-09-09,3
FA-HH-01264,White Household,Yuki White,E-0169,BR-024,192724.82,Moderate,Accumulation,2026-04-12,2025-08-04,6
FA-HH-01265,White Household,Felix White,E-0167,BR-029,160405.14,Moderate,Retirement,2020-07-08,2025-07-30,1
FA-HH-01266,Taylor Household,Naomi Taylor,E-0153,BR-022,43871.55,Moderate,Legacy,2020-06-23,2025-10-17,4
FA-HH-01267,Garcia Household,Derek Garcia,E-0142,BR-009,191317.45,Growth,Accumulation,2017-10-07,2025-06-11,1
FA-HH-01268,Stewart Household,Ines Stewart,E-0173,BR-019,89197.87,Aggressive,Accumulation,2015-01-23,2025-07-13,6
FA-HH-01269,Bailey Household,Zara Bailey,E-0170,BR-008,173314.85,Moderate,Retirement,2021-07-22,2026-07-22,3
FA-HH-01270,Miller Household,Mei Miller,E-0178,BR-024,196286.55,Conservative,Retirement,2019-01-07,2026-03-04,5
FA-HH-01271,Kim Household,Ben Kim,E-0172,BR-008,96071.18,Aggressive,Legacy,2018-12-31,2026-02-10,2
FA-HH-01272,Green Household,Elena Green,E-0169,BR-024,909439.95,Conservative,Retirement,2014-11-16,2026-05-09,1
FA-HH-01273,Baker Household,Ben Baker,E-0161,BR-025,297005.63,Conservative,Pre-Retirement,2015-10-13,2026-01-10,1
FA-HH-01274,Turner Household,Tom Turner,E-0164,BR-015,336971.32,Moderate,Accumulation,2012-04-20,2026-03-23,1
FA-HH-01275,Adams Household,Henry Adams,E-0141,BR-005,214926.89,Moderate,Accumulation,2010-07-13,2025-12-13,3
FA-HH-01276,Carter Household,Victor Carter,E-0146,BR-021,71773.42,Conservative,Retirement,2010-10-14,2026-06-28,6
FA-HH-01277,Anderson Household,Victor Anderson,E-0149,BR-019,461126.67,Conservative,Accumulation,2019-01-27,2026-06-27,5
FA-HH-01278,Stewart Household,Wei Stewart,E-0146,BR-021,94912.63,Moderate,Accumulation,2026-05-06,2026-05-31,4
FA-HH-01279,Walker Household,Sofia Walker,E-0157,BR-003,184014.9,Moderate,Pre-Retirement,2015-10-23,2026-01-12,3
FA-HH-01280,Martinez Household,Elena Martinez,E-0159,BR-021,219720.89,Growth,Retirement,2025-11-14,2026-07-12,1
FA-HH-01281,Stewart Household,Ava Stewart,E-0148,BR-008,171101.23,Conservative,Retirement,2025-05-20,2025-07-27,2
FA-HH-01282,Wright Household,Elena Wright,E-0156,BR-012,332556.79,Growth,Accumulation,2016-01-25,2026-06-14,1
FA-HH-01283,Baker Household,Daniel Baker,E-0171,BR-016,216510.6,Growth,Retirement,2024-05-07,2025-10-20,6
FA-HH-01284,Turner Household,Amara Turner,E-0158,BR-027,279392.9,Moderate,Accumulation,2020-05-27,2025-08-31,4
FA-HH-01285,Johnson Household,Sara Johnson,E-0177,BR-024,790057.05,Aggressive,Pre-Retirement,2013-11-24,2026-07-26,4
FA-HH-01286,Miller Household,Nora Miller,E-0175,BR-015,38823.16,Growth,Retirement,2020-02-02,2026-04-12,6
FA-HH-01287,Nguyen Household,Amara Nguyen,E-0162,BR-019,369586.53,Growth,Accumulation,2022-06-04,2026-05-24,6
FA-HH-01288,Clark Household,Derek Clark,E-0170,BR-008,746656.73,Moderate,Accumulation,2016-07-07,2026-07-27,2
FA-HH-01289,Campbell Household,Priya Campbell,E-0175,BR-015,119981.16,Conservative,Accumulation,2019-09-09,2025-07-07,1
FA-HH-01290,Harris Household,Mei Harris,E-0143,BR-011,96094.77,Moderate,Retirement,2024-12-06,2026-05-10,4
FA-HH-01291,Young Household,Noah Young,E-0174,BR-012,426661.88,Growth,Accumulation,2026-05-18,2025-09-19,1
FA-HH-01292,Chen Household,Nina Chen,E-0141,BR-005,235578.45,Moderate,Retirement,2025-02-20,2025-08-10,5
FA-HH-01293,Davis Household,Amara Davis,E-0145,BR-001,227171.18,Aggressive,Retirement,2010-11-02,2025-10-25,3
FA-HH-01294,Vaughn Household,Wei Vaughn,E-0151,BR-020,623880.18,Conservative,Pre-Retirement,2018-03-06,2026-04-08,6
FA-HH-01295,Brown Household,Kenji Brown,E-0158,BR-027,1135259.97,Aggressive,Accumulation,2011-12-26,2025-11-20,2
FA-HH-01296,Jackson Household,Wei Jackson,E-0164,BR-015,42327.87,Moderate,Accumulation,2017-04-08,2025-12-10,2
FA-HH-01297,Ruiz Household,Yuki Ruiz,E-0166,BR-007,207861.77,Conservative,Pre-Retirement,2021-10-01,2026-01-30,3
FA-HH-01298,Davis Household,Yuki Davis,E-0163,BR-009,212114.31,Moderate,Accumulation,2012-08-05,2026-01-17,1
FA-HH-01299,Okafor Household,Lauren Okafor,E-0148,BR-008,421593.66,Growth,Legacy,2022-08-27,2025-08-31,4
FA-HH-01300,Harris Household,Wei Harris,E-0172,BR-008,243368.74,Aggressive,Accumulation,2019-02-28,2025-10-28,2
FA-HH-01301,Wilson Household,Elena Wilson,E-0142,BR-009,27195.97,Moderate,Accumulation,2020-08-28,2025-12-11,5
FA-HH-01302,Edwards Household,Ava Edwards,E-0151,BR-020,622630.71,Growth,Retirement,2013-11-27,2025-07-28,2
FA-HH-01303,Scott Household,Naomi Scott,E-0157,BR-003,1177122.69,Growth,Retirement,2015-12-23,2026-07-22,2
FA-HH-01304,Kim Household,Yuki Kim,E-0168,BR-017,180696.69,Growth,Retirement,2021-08-16,2026-02-22,6
FA-HH-01305,Kim Household,Hannah Kim,E-0165,BR-016,296675.07,Conservative,Accumulation,2012-04-12,2025-10-08,1
FA-HH-01306,Baker Household,Rosa Baker,E-0142,BR-009,66493.83,Moderate,Pre-Retirement,2014-02-15,2025-11-14,6
FA-HH-01307,Thomas Household,Elena Thomas,E-0149,BR-019,516809.36,Moderate,Retirement,2013-03-28,2026-03-01,1
FA-HH-01308,Green Household,Mei Green,E-0149,BR-019,142809.24,Growth,Accumulation,2011-08-11,2026-07-10,3
FA-HH-01309,Allen Household,Tom Allen,E-0159,BR-021,72549.72,Moderate,Accumulation,2020-07-18,2026-02-05,5
FA-HH-01310,Campbell Household,Mei Campbell,E-0161,BR-025,108363.71,Growth,Legacy,2018-05-26,2026-01-28,1
FA-HH-01311,Mitchell Household,Maya Mitchell,E-0158,BR-027,111341.13,Moderate,Accumulation,2023-05-05,2025-12-19,2
FA-HH-01312,Chen Household,Victor Chen,E-0166,BR-007,159380.57,Moderate,Accumulation,2026-07-24,2025-09-06,4
FA-HH-01313,Nguyen Household,Diego Nguyen,E-0171,BR-016,86861.35,Moderate,Retirement,2025-01-06,2026-03-10,1
FA-HH-01314,Thomas Household,Jonathan Thomas,E-0173,BR-019,413938.37,Conservative,Legacy,2026-03-03,2025-08-16,1
FA-HH-01315,Green Household,Diego Green,E-0156,BR-012,1383859.04,Moderate,Retirement,2013-11-03,2025-07-24,3
FA-HH-01316,Thomas Household,Leo Thomas,E-0179,BR-025,245743.55,Moderate,Pre-Retirement,2022-07-23,2025-06-06,1
FA-HH-01317,Silva Household,Kenji Silva,E-0151,BR-020,294004.14,Moderate,Accumulation,2013-05-30,2026-07-17,6
FA-HH-01318,Martinez Household,Zara Martinez,E-0164,BR-015,522153.09,Moderate,Accumulation,2015-03-19,2026-03-04,2
FA-HH-01319,Turner Household,Victor Turner,E-0165,BR-016,238004.95,Aggressive,Retirement,2025-07-19,2026-06-22,2
FA-HH-01320,Harris Household,Owen Harris,E-0169,BR-024,204723.71,Conservative,Pre-Retirement,2023-03-28,2026-03-24,2
FA-HH-01321,Morris Household,Sofia Morris,E-0151,BR-020,167482.14,Growth,Legacy,2023-09-13,2025-10-04,1
FA-HH-01322,Roberts Household,Iris Roberts,E-0178,BR-024,513984.02,Growth,Pre-Retirement,2017-03-07,2026-08-21,3
FA-HH-01323,Moore Household,Layla Moore,E-0141,BR-005,441375.19,Growth,Accumulation,2010-09-03,2025-10-16,3
FA-HH-01324,Garcia Household,Victor Garcia,E-0151,BR-020,100294.31,Growth,Accumulation,2010-12-23,2026-03-16,3
FA-HH-01325,Davis Household,Chloe Davis,E-0142,BR-009,108787.8,Aggressive,Pre-Retirement,2014-09-13,2026-01-12,4
FA-HH-01326,Anderson Household,Carlos Anderson,E-0177,BR-024,569978.11,Moderate,Pre-Retirement,2017-02-27,2026-03-23,4
FA-HH-01327,Roberts Household,Ava Roberts,E-0153,BR-022,43809.08,Growth,Retirement,2011-12-11,2025-11-22,5
FA-HH-01328,Baker Household,Hannah Baker,E-0174,BR-012,212413.87,Conservative,Accumulation,2017-05-23,2026-03-28,4
FA-HH-01329,Morris Household,Jonathan Morris,E-0172,BR-008,1003163.74,Conservative,Accumulation,2022-09-06,2025-07-15,5
FA-HH-01330,Walker Household,Felix Walker,E-0166,BR-007,241291.93,Moderate,Accumulation,2020-11-29,2026-05-26,5
FA-HH-01331,Clark Household,Zara Clark,E-0150,BR-009,795795.26,Growth,Accumulation,2015-08-22,2026-08-22,4
FA-HH-01332,Wright Household,Ava Wright,E-0144,BR-027,282202.71,Aggressive,Accumulation,2021-03-18,2025-07-19,4
FA-HH-01333,Phillips Household,Nina Phillips,E-0158,BR-027,109089.07,Moderate,Retirement,2015-10-16,2026-05-15,4
FA-HH-01334,Ruiz Household,Luis Ruiz,E-0173,BR-019,326744.96,Aggressive,Accumulation,2010-09-26,2025-08-23,5
FA-HH-01335,Chen Household,Isabella Chen,E-0152,BR-010,1009037.26,Conservative,Retirement,2011-10-18,2025-10-11,2
FA-HH-01336,Vaughn Household,Olivia Vaughn,E-0170,BR-008,138819.58,Moderate,Retirement,2013-12-17,2026-06-26,1
FA-HH-01337,Lewis Household,Nora Lewis,E-0163,BR-009,596546.41,Growth,Pre-Retirement,2024-05-04,2025-10-10,2
FA-HH-01338,Adams Household,Marcus Adams,E-0157,BR-003,139374.95,Growth,Retirement,2013-03-16,2025-06-14,6
FA-HH-01339,Bailey Household,Ava Bailey,E-0169,BR-024,90303.53,Moderate,Accumulation,2021-09-12,2025-08-20,4
FA-HH-01340,Parker Household,Sofia Parker,E-0175,BR-015,205527.54,Aggressive,Accumulation,2016-07-14,2026-02-14,4
FA-HH-01341,Green Household,Fatima Green,E-0150,BR-009,1147268.83,Growth,Accumulation,2018-01-22,2026-03-06,1
FA-HH-01342,Thomas Household,Ines Thomas,E-0164,BR-015,48158.33,Conservative,Accumulation,2014-10-09,2026-04-26,6
FA-HH-01343,Green Household,Lauren Green,E-0170,BR-008,437942.82,Aggressive,Pre-Retirement,2022-03-12,2026-04-29,4
FA-HH-01344,Collins Household,Carlos Collins,E-0158,BR-027,322288.61,Conservative,Accumulation,2014-01-24,2026-07-17,6
FA-HH-01345,Campbell Household,Olivia Campbell,E-0169,BR-024,87530.09,Growth,Accumulation,2015-11-05,2025-11-01,1
FA-HH-01346,Stewart Household,Aisha Stewart,E-0150,BR-009,53448.74,Moderate,Legacy,2023-11-15,2025-12-10,3
FA-HH-01347,King Household,Layla King,E-0167,BR-029,697519.4,Conservative,Legacy,2012-02-15,2026-07-13,5
FA-HH-01348,Evans Household,Luis Evans,E-0157,BR-003,199868.84,Growth,Pre-Retirement,2010-08-04,2025-10-29,1
FA-HH-01349,Vaughn Household,Ines Vaughn,E-0163,BR-009,154374.12,Growth,Accumulation,2022-09-22,2025-07-20,4
FA-HH-01350,Moore Household,Wei Moore,E-0145,BR-001,878193.57,Moderate,Pre-Retirement,2016-09-17,2025-07-22,6
FA-HH-01351,Ashford Household,Leo Ashford,E-0180,BR-010,4225317.2,Moderate,Retirement,2016-06-30,2025-07-26,1
FA-HH-01352,Wilson Household,Lauren Wilson,E-0156,BR-012,280321.73,Growth,Accumulation,2021-04-14,2025-10-20,3
FA-HH-01353,Walker Household,Jamal Walker,E-0152,BR-010,719235.07,Moderate,Pre-Retirement,2025-04-25,2025-09-30,1
FA-HH-01354,Garcia Household,Yuki Garcia,E-0160,BR-014,361279.44,Conservative,Accumulation,2011-03-20,2025-08-30,2
FA-HH-01355,Walker Household,Grace Walker,E-0158,BR-027,204184.73,Moderate,Accumulation,2013-12-21,2025-12-08,4
FA-HH-01356,Walker Household,Elena Walker,E-0144,BR-027,176549.31,Conservative,Pre-Retirement,2023-05-10,2026-07-01,1
FA-HH-01357,Okafor Household,Leo Okafor,E-0148,BR-008,358833.16,Conservative,Pre-Retirement,2022-12-06,2026-07-29,1
FA-HH-01358,Thomas Household,Diego Thomas,E-0163,BR-009,233398.99,Moderate,Retirement,2020-02-21,2025-12-22,3
FA-HH-01359,Ashford Household,Kenji Ashford,E-0150,BR-009,274440.89,Moderate,Accumulation,2025-04-26,2025-10-31,1
FA-HH-01360,Mitchell Household,Fatima Mitchell,E-0147,BR-008,445192.87,Conservative,Accumulation,2016-02-14,2026-02-07,1
FA-HH-01361,Evans Household,Aisha Evans,E-0165,BR-016,154730.49,Moderate,Retirement,2021-01-07,2025-06-17,3
FA-HH-01362,Campbell Household,Ethan Campbell,E-0141,BR-005,256626.81,Growth,Pre-Retirement,2021-03-23,2025-12-29,6
FA-HH-01363,Anderson Household,Maya Anderson,E-0146,BR-021,287122.64,Growth,Pre-Retirement,2020-11-08,2026-02-23,3
FA-HH-01364,Green Household,Sara Green,E-0149,BR-019,222278.5,Moderate,Accumulation,2020-09-19,2025-12-22,3
FA-HH-01365,Chen Household,Carlos Chen,E-0161,BR-025,236099.2,Conservative,Pre-Retirement,2011-06-20,2025-10-26,5
FA-HH-01366,Thomas Household,Iris Thomas,E-0167,BR-029,817559.41,Conservative,Retirement,2026-06-28,2026-08-10,1
FA-HH-01367,Young Household,Jamal Young,E-0168,BR-017,24335.41,Growth,Accumulation,2020-11-30,2026-05-19,2
FA-HH-01368,Morris Household,Leo Morris,E-0144,BR-027,273888.4,Aggressive,Pre-Retirement,2023-10-26,2025-09-11,6
FA-HH-01369,Wright Household,Yuki Wright,E-0147,BR-008,519597.33,Moderate,Accumulation,2013-01-10,2025-11-17,2
FA-HH-01370,Scott Household,Chloe Scott,E-0158,BR-027,213319.3,Conservative,Pre-Retirement,2024-06-23,2025-07-08,6
FA-HH-01371,Adams Household,Nina Adams,E-0163,BR-009,181087.09,Conservative,Accumulation,2019-12-04,2026-02-02,5
FA-HH-01372,Stewart Household,Jamal Stewart,E-0142,BR-009,851613.03,Moderate,Accumulation,2021-02-07,2025-06-17,2
FA-HH-01373,Scott Household,Jonathan Scott,E-0179,BR-025,220239.34,Growth,Accumulation,2015-05-10,2026-08-18,3
FA-HH-01374,Adams Household,Ethan Adams,E-0165,BR-016,1725782.67,Conservative,Retirement,2010-11-04,2025-07-26,1
FA-HH-01375,King Household,Diego King,E-0144,BR-027,862729.0,Conservative,Retirement,2011-03-18,2026-02-12,4
FA-HH-01376,Brown Household,Tom Brown,E-0159,BR-021,43029.69,Growth,Accumulation,2017-10-07,2025-06-11,4
FA-HH-01377,Nguyen Household,Elena Nguyen,E-0148,BR-008,103945.66,Growth,Accumulation,2014-02-08,2026-08-04,2
FA-HH-01378,Young Household,Marcus Young,E-0159,BR-021,761267.29,Conservative,Accumulation,2019-08-11,2026-04-18,2
FA-HH-01379,Young Household,Fatima Young,E-0177,BR-024,1175305.19,Aggressive,Pre-Retirement,2015-11-03,2025-12-19,2
FA-HH-01380,Ashford Household,Samuel Ashford,E-0155,BR-025,291365.72,Aggressive,Accumulation,2024-08-15,2025-10-01,6
FA-HH-01381,Nguyen Household,Julian Nguyen,E-0152,BR-010,650576.79,Moderate,Pre-Retirement,2014-03-29,2025-11-09,4
FA-HH-01382,Anderson Household,Henry Anderson,E-0180,BR-010,219702.05,Conservative,Accumulation,2010-12-14,2025-12-28,5
FA-HH-01383,Ruiz Household,Henry Ruiz,E-0153,BR-022,723052.13,Growth,Pre-Retirement,2022-05-11,2026-07-24,4
FA-HH-01384,Bailey Household,Mateo Bailey,E-0155,BR-025,1116562.89,Moderate,Accumulation,2020-05-01,2026-08-20,3
FA-HH-01385,Johnson Household,Fatima Johnson,E-0162,BR-019,410374.91,Moderate,Pre-Retirement,2019-12-26,2025-08-21,5
FA-HH-01386,Miller Household,Diego Miller,E-0171,BR-016,88560.95,Aggressive,Accumulation,2023-03-11,2025-12-18,1
FA-HH-01387,Silva Household,Elena Silva,E-0149,BR-019,60090.53,Growth,Pre-Retirement,2024-05-08,2025-11-12,1
FA-HH-01388,Johnson Household,Maya Johnson,E-0168,BR-017,710796.77,Moderate,Pre-Retirement,2015-03-10,2026-06-06,3
FA-HH-01389,Davis Household,Daniel Davis,E-0152,BR-010,194947.06,Growth,Retirement,2013-09-02,2025-10-26,3
FA-HH-01390,Roberts Household,Tom Roberts,E-0162,BR-019,69947.27,Moderate,Legacy,2016-11-24,2026-03-10,4
FA-HH-01391,Campbell Household,Grace Campbell,E-0168,BR-017,141862.98,Moderate,Pre-Retirement,2021-08-07,2026-01-10,4
FA-HH-01392,Brown Household,Nina Brown,E-0155,BR-025,836690.46,Conservative,Retirement,2022-09-25,2026-05-12,2
FA-HH-01393,Okafor Household,Elena Okafor,E-0156,BR-012,34614.22,Growth,Legacy,2013-08-03,2026-03-01,2
FA-HH-01394,Miller Household,Victor Miller,E-0162,BR-019,435071.48,Aggressive,Legacy,2015-10-06,2026-04-24,1
FA-HH-01395,Vaughn Household,Owen Vaughn,E-0170,BR-008,200999.93,Growth,Pre-Retirement,2020-09-26,2026-05-18,1
FA-HH-01396,Baker Household,Derek Baker,E-0158,BR-027,824738.01,Growth,Accumulation,2012-12-27,2026-01-14,3
FA-HH-01397,Ruiz Household,Ravi Ruiz,E-0162,BR-019,80236.16,Moderate,Accumulation,2012-06-05,2026-08-31,2
FA-HH-01398,Carter Household,Owen Carter,E-0163,BR-009,156334.07,Growth,Retirement,2024-03-17,2026-07-23,6
FA-HH-01399,Kim Household,Luis Kim,E-0171,BR-016,242134.96,Conservative,Accumulation,2020-01-18,2025-08-21,1
FA-HH-01400,Phillips Household,Diego Phillips,E-0160,BR-014,1260383.81,Moderate,Pre-Retirement,2014-03-12,2026-03-12,6
