ClaimId,ClaimNumber,PolicyId,ClaimType,LossDate,ReportDate,FinalizedDate,Status,ReserveAmount,PaidAmount,CycleTimeDays,AdjusterId,CatastropheCode,FNOLChannel,IsLitigated,LineOfBusiness,PolicyType,State,Carrier,AnnualPremium,NamedInsured,ProducerName,AdjusterName,IsCatastrophe,LossMonth
INS-CL-000001,CLM-985252,INS-PL-000002,Collision,2026-03-06,2026-03-11,2026-03-28,Closed,4274.32,3968.13,17.5,E-0236,,Phone,false,Homeowners (HO-3),Personal,UT,Cumulus Mutual,1484.38,Aisha Anderson,Ravi Hall,Jonathan Taylor,false,2026-03-01
INS-CL-000002,CLM-511135,INS-PL-000015,Water Damage,2025-10-05,2025-10-11,2025-11-04,Closed,10531.8,10864.63,24.3,E-0246,,Phone,false,Personal Auto,Personal,AZ,Cumulus Mutual,3011.89,Lauren Miller,Yuki Wright,Rosa Campbell,false,2025-10-01
INS-CL-000003,CLM-431078,INS-PL-000023,Liability,2026-05-04,2026-05-05,2026-05-28,Closed,12975.43,9569.26,23.0,E-0265,,Mobile App,false,Homeowners (HO-3),Personal,CT,Northwind Assurance,1411.24,Mei Johnson,Layla Anderson,Nina Davis,false,2026-05-01
INS-CL-000004,CLM-627785,INS-PL-000027,Theft,2026-05-05,2026-05-05,2026-05-22,Closed,12900.16,7154.59,17.8,E-0258,,Mobile App,false,Personal Auto,Personal,IL,Cumulus Mutual,1787.77,Jonathan Vaughn,Sara Morris,Fatima Jackson,false,2026-05-01
INS-CL-000005,CLM-315820,INS-PL-000034,Hail Damage,2026-06-15,2026-06-20,2026-07-24,Closed,13755.24,8769.74,34.3,E-0236,CAT-2026-HAIL-MW,Web,false,Homeowners (HO-3),Personal,UT,Cumulus Mutual,3274.33,Maya Vaughn,Ethan Harris,Jonathan Taylor,true,2026-06-01
INS-CL-000006,CLM-852536,INS-PL-000036,Fire,2025-01-10,2025-01-16,2025-02-06,Closed,7517.86,6510.33,21.5,E-0264,,Agent,false,Personal Auto,Personal,NY,Cumulus Mutual,1443.84,Iris Chen,Marcus Phillips,Layla Collins,false,2025-01-01
INS-CL-000007,CLM-789746,INS-PL-000038,Water Damage,2026-01-22,2026-01-26,2026-05-01,Closed,7084.64,4876.86,95.1,E-0263,,Phone,false,Personal Auto,Personal,FL,Northwind Assurance,1204.77,Henry Vaughn,Victor Roberts,Luis Bailey,false,2026-01-01
INS-CL-000008,CLM-218040,INS-PL-000060,Glass,2026-02-15,2026-02-15,2026-03-24,Closed,19586.13,9972.12,37.1,E-0252,,Phone,false,Personal Auto,Personal,FL,Beacon National,1659.09,Ravi Jackson,Owen Davis,Samuel Lewis,false,2026-02-01
INS-CL-000009,CLM-557428,INS-PL-000061,Hail Damage,2026-06-15,2026-06-20,2026-07-11,Closed,13537.29,10704.3,21.6,E-0246,CAT-2026-HAIL-MW,Mobile App,false,Homeowners (HO-3),Personal,CO,Beacon National,3598.28,Maya King,Andre Davis,Rosa Campbell,true,2026-06-01
INS-CL-000010,CLM-187614,INS-PL-000062,Collision,2024-09-22,2024-09-27,2024-10-22,Closed,1422.96,1491.73,25.3,E-0264,,Mobile App,false,Personal Auto,Personal,IL,Northwind Assurance,2131.33,Amara Thomas,Felix Nguyen,Layla Collins,false,2024-09-01
INS-CL-000011,CLM-865207,INS-PL-000063,Liability,2026-07-10,2026-07-16,2026-07-26,Closed,48209.08,34751.28,11.0,E-0243,,Mobile App,false,Personal Auto,Personal,AZ,Northwind Assurance,1887.13,Tom Moore,Chloe Collins,Jamal Campbell,false,2026-07-01
INS-CL-000012,CLM-657888,INS-PL-000064,Theft,2025-10-29,2025-10-30,2025-11-11,Closed,1477.81,877.52,12.3,E-0259,,Web,false,Homeowners (HO-3),Personal,FL,Cumulus Mutual,1009.69,Ravi Lopez,Felix Brown,Iris Lopez,false,2025-10-01
INS-CL-000013,CLM-156418,INS-PL-000068,Hail Damage,2026-06-17,2026-06-23,,Under Review,10862.01,0,,E-0241,CAT-2026-HAIL-MW,Phone,false,Personal Auto,Personal,CO,Cumulus Mutual,2112.48,Jonathan King,Noah Martinez,Marcus Young,true,2026-06-01
INS-CL-000014,CLM-123062,INS-PL-000076,Hail Damage,2026-06-18,2026-06-21,2026-07-25,Closed,3783.62,3225.89,34.9,E-0251,CAT-2026-HAIL-MW,Mobile App,false,Homeowners (HO-3),Personal,CO,Atlas P&C,1287.49,Sofia Kim,Layla Bailey,Chloe White,true,2026-06-01
INS-CL-000015,CLM-705137,INS-PL-000090,Theft,2026-04-13,2026-04-14,2026-04-25,Closed,2107.97,1631.96,11.4,E-0260,,Mobile App,false,Personal Auto,Personal,UT,Cumulus Mutual,1360.19,Julian Allen,Victor Young,Carlos Harris,false,2026-04-01
INS-CL-000016,CLM-361807,INS-PL-000105,Theft,2026-01-07,2026-01-09,2026-01-19,Closed,249.26,137.37,10.0,E-0259,,Agent,false,Renters,Personal,MN,Northwind Assurance,191.02,Maya Harris,Sara Morris,Iris Lopez,false,2026-01-01
INS-CL-000017,CLM-239627,INS-PL-000116,Fire,2026-06-29,2026-07-03,2026-07-13,Closed,7088.73,6505.69,10.6,E-0265,,Phone,false,Personal Auto,Personal,GA,Beacon National,979.74,Emma Brown,Ethan Harris,Nina Davis,false,2026-06-01
INS-CL-000018,CLM-800895,INS-PL-000128,Theft,2026-07-19,2026-07-22,2026-08-09,Closed,631.34,607.23,18.4,E-0251,,Phone,false,Umbrella,Personal,MA,Northwind Assurance,366.57,Layla Scott,Olivia White,Chloe White,false,2026-07-01
INS-CL-000019,CLM-308107,INS-PL-000135,Theft,2025-07-19,2025-07-19,2025-08-04,Closed,1068.83,922.91,16.3,E-0263,,Agent,false,Homeowners (HO-3),Personal,MA,Cumulus Mutual,1484.54,Carlos Morris,Layla Phillips,Luis Bailey,false,2025-07-01
INS-CL-000020,CLM-600556,INS-PL-000138,Hail Damage,2026-06-14,2026-06-20,2026-06-30,Closed,10916.84,8262.11,10.5,E-0241,CAT-2026-HAIL-MW,Mobile App,false,Homeowners (HO-3),Personal,CO,Cumulus Mutual,1646.88,Rosa Carter,Victor Young,Marcus Young,true,2026-06-01
INS-CL-000021,CLM-387519,INS-PL-000140,Wind,2026-03-16,2026-03-19,2026-04-01,Closed,2731.36,1691.43,13.4,E-0255,,Mobile App,false,Personal Auto,Personal,CA,Cumulus Mutual,878.21,Elena Stewart,Mateo Anderson,Ethan Allen,false,2026-03-01
INS-CL-000022,CLM-370570,INS-PL-000142,Glass,2025-11-24,2025-11-30,2025-12-30,Closed,3904.42,3366.18,30.8,E-0241,,Phone,false,Homeowners (HO-3),Personal,CA,Beacon National,2158.83,Emma Stewart,Sofia Baker,Marcus Young,false,2025-11-01
INS-CL-000023,CLM-599326,INS-PL-000155,Glass,2026-04-25,2026-04-30,2026-05-28,Closed,200,124.55,28.8,E-0251,,Agent,false,Renters,Personal,WA,Beacon National,323.45,Sara Miller,Sofia Baker,Chloe White,false,2026-04-01
INS-CL-000024,CLM-337757,INS-PL-000175,Wind,2026-02-18,2026-02-20,2026-03-24,Closed,917.71,557.49,32.5,E-0261,,Phone,false,Personal Auto,Personal,MN,Cumulus Mutual,1374.36,Hannah Ashford,Marcus Phillips,Olivia Harris,false,2026-02-01
INS-CL-000025,CLM-779808,INS-PL-000183,Liability,2026-01-18,2026-01-19,2026-02-25,Closed,6309.62,4114.14,37.6,E-0245,,Mobile App,false,Personal Auto,Personal,NY,Northwind Assurance,654.07,Victor Allen,Leo King,Ines Ashford,false,2026-01-01
INS-CL-000026,CLM-816829,INS-PL-000226,Wind,2026-08-10,2026-08-13,2026-08-28,Closed,9287.34,5599.69,15.4,E-0253,,Phone,false,Personal Auto,Personal,FL,Cumulus Mutual,1113.7,Ines Nelson,Noah Martinez,Grace Garcia,false,2026-08-01
INS-CL-000027,CLM-879405,INS-PL-000240,Glass,2025-05-25,2025-05-28,2025-06-15,Closed,8022.36,5909.05,18.3,E-0243,,Phone,false,Homeowners (HO-3),Personal,IL,Cumulus Mutual,1558.95,Priya Lopez,Zara Moore,Jamal Campbell,false,2025-05-01
INS-CL-000028,CLM-628676,INS-PL-000242,Fire,2024-09-03,2024-09-06,2024-09-23,Closed,22047.15,20506.29,17.7,E-0249,,Phone,false,Homeowners (HO-3),Personal,CO,Beacon National,1058.94,Mei Parker,Ethan Harris,Fatima Brown,false,2024-09-01
INS-CL-000029,CLM-880063,INS-PL-000252,Hail Damage,2026-06-17,2026-06-22,2026-07-08,Closed,2204.95,1976.59,16.7,E-0263,CAT-2026-HAIL-MW,Phone,false,Homeowners (HO-3),Personal,CO,Northwind Assurance,1474.19,Hannah Mitchell,Sara Morris,Luis Bailey,true,2026-06-01
INS-CL-000030,CLM-934908,INS-PL-000256,Fire,2024-09-01,2024-09-01,2024-10-13,Closed,1022.45,977.73,42.0,E-0261,,Phone,false,Renters,Personal,IL,Beacon National,389.5,Isabella Patel,Ravi Green,Olivia Harris,false,2024-09-01
INS-CL-000031,CLM-346645,INS-PL-000279,Collision,2025-10-17,2025-10-17,2025-10-24,Closed,356.77,209.51,7.5,E-0258,,Mobile App,false,Homeowners (HO-3),Personal,NY,Cumulus Mutual,1114.15,Jonathan Patel,Zara Moore,Fatima Jackson,false,2025-10-01
INS-CL-000032,CLM-755916,INS-PL-000281,Wind,2026-08-26,2026-09-01,,Open,3242.95,0,,E-0238,,Mobile App,false,Personal Auto,Personal,CO,Beacon National,1229.36,Leo Kim,Layla Silva,Andre Ashford,false,2026-08-01
INS-CL-000033,CLM-719921,INS-PL-000297,Hail Damage,2026-06-17,2026-06-17,2026-06-26,Closed,4599.74,3743.94,9.1,E-0248,CAT-2026-HAIL-MW,Phone,false,Homeowners (HO-3),Personal,UT,Cumulus Mutual,1259.73,Chloe Johnson,Zara Moore,Yuki Roberts,true,2026-06-01
INS-CL-000034,CLM-894623,INS-PL-000304,Wind,2025-02-18,2025-02-20,2025-03-10,Closed,3105.21,2494.26,18.0,E-0250,,Phone,false,Personal Auto,Personal,CO,Atlas P&C,859.37,Noah Johnson,Maya Okafor,Jonathan Taylor,false,2025-02-01
INS-CL-000035,CLM-609147,INS-PL-000308,Theft,2026-08-20,2026-08-21,,Open,25292.41,0,,E-0256,,Mobile App,false,Homeowners (HO-3),Personal,MA,Beacon National,1354.57,Diego Hall,Mateo Anderson,Hannah Phillips,false,2026-08-01
INS-CL-000036,CLM-738515,INS-PL-000313,Collision,2025-12-27,2025-12-29,2026-01-14,Closed,13164.5,13647.3,16.5,E-0256,,Mobile App,false,Commercial Auto,Commercial,NC,Atlas P&C,3043.34,Jamal Mitchell,Ravi Green,Hannah Phillips,false,2025-12-01
INS-CL-000037,CLM-704497,INS-PL-000331,Wind,2024-11-06,2024-11-09,2024-11-15,Closed,11305.09,10148.75,6.5,E-0259,,Web,false,Personal Auto,Personal,NC,Cumulus Mutual,2101.16,Felix Scott,Chloe Collins,Iris Lopez,false,2024-11-01
INS-CL-000038,CLM-479776,INS-PL-000344,Fire,2026-08-29,2026-09-04,,Under Review,28846.22,0,,E-0260,,Phone,false,Commercial Auto,Commercial,CO,Beacon National,3797.78,Chloe Martinez,Layla Phillips,Carlos Harris,false,2026-08-01
INS-CL-000039,CLM-376437,INS-PL-000348,Water Damage,2024-11-13,2024-11-19,2024-12-04,Closed,11709.63,9612.66,15.6,E-0250,,Agent,false,Homeowners (HO-3),Personal,MA,Northwind Assurance,2284.72,Aisha Roberts,Owen Davis,Jonathan Taylor,false,2024-11-01
INS-CL-000040,CLM-673203,INS-PL-000350,Liability,2024-10-06,2024-10-09,2024-10-21,Closed,4959.73,5057.59,13.0,E-0244,,Phone,false,Personal Auto,Personal,NY,Cumulus Mutual,2218.4,Julian Carter,Victor Young,Isabella Roberts,false,2024-10-01
INS-CL-000041,CLM-878222,INS-PL-000354,Water Damage,2024-10-22,2024-10-25,2024-11-13,Closed,2263.31,1462.93,19.3,E-0252,,Phone,false,Personal Auto,Personal,NY,Northwind Assurance,1271.4,Mei Green,Maya Okafor,Samuel Lewis,false,2024-10-01
INS-CL-000042,CLM-974579,INS-PL-000356,Hail Damage,2026-06-16,2026-06-22,2026-07-14,Closed,10411.91,7036.38,22.5,E-0245,CAT-2026-HAIL-MW,Mobile App,false,Homeowners (HO-3),Personal,AZ,Cumulus Mutual,2637.0,Daniel Bailey,Elena Davis,Ines Ashford,true,2026-06-01
INS-CL-000043,CLM-708574,INS-PL-000381,Glass,2026-05-01,2026-05-05,2026-05-19,Closed,2856.17,2245.18,14.6,E-0259,,Mobile App,false,Homeowners (HO-3),Personal,MN,Northwind Assurance,922.72,Wei Evans,Ethan Lewis,Iris Lopez,false,2026-05-01
INS-CL-000044,CLM-949075,INS-PL-000387,Wind,2026-08-31,2026-09-02,,Open,30922.86,0,,E-0256,,Agent,false,Small Commercial Package,Commercial,AZ,Cumulus Mutual,14155.91,Lauren Patel,Priya Brown,Hannah Phillips,false,2026-08-01
INS-CL-000045,CLM-302567,INS-PL-000399,Water Damage,2025-04-12,2025-04-13,2025-04-24,Closed,200,160.4,11.1,E-0263,,Mobile App,false,Renters,Personal,GA,Atlas P&C,213.27,Nora Garcia,Tom Ruiz,Luis Bailey,false,2025-04-01
INS-CL-000046,CLM-800618,INS-PL-000401,Fire,2026-08-01,2026-08-01,2026-08-12,Closed,4854.21,4735.17,11.1,E-0236,,Phone,false,Personal Auto,Personal,OR,Beacon National,790.21,Samuel Lewis,Nina Chen,Jonathan Taylor,false,2026-08-01
INS-CL-000047,CLM-295936,INS-PL-000409,Fire,2025-05-06,2025-05-08,2025-05-27,Closed,16986.94,10053.86,19.3,E-0251,,Agent,false,Personal Auto,Personal,CT,Beacon National,1105.93,Diego Miller,Ravi Green,Chloe White,false,2025-05-01
INS-CL-000048,CLM-642125,INS-PL-000410,Theft,2024-09-20,2024-09-20,2024-10-27,Closed,4094.87,2935.88,37.5,E-0262,,Mobile App,false,Personal Auto,Personal,MN,Beacon National,1152.72,Aisha Roberts,Hannah Walker,Iris Anderson,false,2024-09-01
INS-CL-000049,CLM-888271,INS-PL-000434,Glass,2025-12-17,2025-12-22,2026-01-12,Closed,5222.96,2647.55,21.3,E-0243,,Agent,false,Personal Auto,Personal,AZ,Northwind Assurance,1719.47,Priya Nguyen,Jonathan Nelson,Jamal Campbell,false,2025-12-01
INS-CL-000050,CLM-516370,INS-PL-000438,Liability,2025-08-25,2025-08-30,2025-09-26,Closed,21757.93,17353.56,27.2,E-0252,,Web,false,Small Commercial Package,Commercial,MN,Beacon National,8761.54,Lauren Taylor,Ethan Harris,Samuel Lewis,false,2025-08-01
INS-CL-000051,CLM-480858,INS-PL-000439,Hail Damage,2026-06-18,2026-06-22,2026-07-07,Closed,2243.7,1123.79,15.4,E-0263,CAT-2026-HAIL-MW,Web,false,Homeowners (HO-3),Personal,CO,Northwind Assurance,1720.55,Felix Adams,Noah Martinez,Luis Bailey,true,2026-06-01
INS-CL-000052,CLM-539521,INS-PL-000440,Water Damage,2024-10-02,2024-10-02,2024-11-20,Closed,4948.38,4946.26,49.1,E-0249,,Phone,false,Personal Auto,Personal,WA,Beacon National,1486.16,Ines Ruiz,Sofia Baker,Fatima Brown,false,2024-10-01
INS-CL-000053,CLM-194826,INS-PL-000445,Glass,2026-06-24,2026-06-27,2026-07-15,Closed,4859.85,3047.32,18.9,E-0251,,Agent,false,Personal Auto,Personal,NY,Northwind Assurance,1137.21,Ines Jackson,Julian Green,Chloe White,false,2026-06-01
INS-CL-000054,CLM-199019,INS-PL-000459,Wind,2025-02-05,2025-02-05,2025-03-04,Closed,1575.32,1492.34,27.8,E-0249,,Phone,false,Homeowners (HO-3),Personal,GA,Northwind Assurance,1035.62,Daniel Harris,Felix Brown,Fatima Brown,false,2025-02-01
INS-CL-000055,CLM-572523,INS-PL-000466,Fire,2026-03-20,2026-03-24,2026-04-17,Closed,2933.55,1885.88,24.8,E-0255,,Mobile App,false,Personal Auto,Personal,CO,Cumulus Mutual,1314.36,Grace Walker,Layla Anderson,Ethan Allen,false,2026-03-01
INS-CL-000056,CLM-564098,INS-PL-000479,Hail Damage,2026-06-17,2026-06-20,2026-08-24,Closed,4875.93,4796.3,65.9,E-0248,CAT-2026-HAIL-MW,Phone,false,Personal Auto,Personal,AZ,Beacon National,1778.87,Ines Baker,Ravi Hall,Yuki Roberts,true,2026-06-01
INS-CL-000057,CLM-663220,INS-PL-000485,Glass,2026-07-20,2026-07-22,2026-08-29,Closed,4079.59,3086.1,38.9,E-0253,,Web,false,Personal Auto,Personal,IL,Northwind Assurance,954.66,Naomi Jackson,Owen King,Grace Garcia,false,2026-07-01
INS-CL-000058,CLM-814501,INS-PL-000503,Theft,2025-01-19,2025-01-19,2025-02-11,Closed,3822.96,3121.91,23.6,E-0239,,Agent,false,Commercial Auto,Commercial,FL,Cumulus Mutual,4027.11,Yuki Young,Priya Brown,Sofia Hall,false,2025-01-01
INS-CL-000059,CLM-943046,INS-PL-000507,Wind,2026-08-24,2026-08-24,,Under Review,2338.5,0,,E-0243,,Phone,false,Personal Auto,Personal,OH,Beacon National,1054.74,Maya Roberts,Sara Morris,Jamal Campbell,false,2026-08-01
INS-CL-000060,CLM-436876,INS-PL-000511,Theft,2026-08-29,2026-09-02,,Under Review,24181.55,0,,E-0244,,Agent,false,Commercial Auto,Commercial,OR,Atlas P&C,2939.68,Aisha Morris,Owen Davis,Isabella Roberts,false,2026-08-01
INS-CL-000061,CLM-759053,INS-PL-000517,Fire,2024-09-13,2024-09-18,2024-10-25,Closed,4720.12,3759.23,37.4,E-0245,,Agent,false,Homeowners (HO-3),Personal,GA,Northwind Assurance,2445.03,Kenji Chen,Owen King,Ines Ashford,false,2024-09-01
INS-CL-000062,CLM-554818,INS-PL-000522,Theft,2026-08-15,2026-08-19,,Under Review,3383.3,0,,E-0243,,Agent,false,Renters,Personal,CA,Beacon National,401.97,Andre Morris,Diego Anderson,Jamal Campbell,false,2026-08-01
INS-CL-000063,CLM-350109,INS-PL-000541,Fire,2026-07-04,2026-07-08,,Awaiting Documents,3621.24,0,,E-0247,,Mobile App,false,Personal Auto,Personal,UT,Atlas P&C,1801.38,Ines Anderson,Owen King,Ben Patel,false,2026-07-01
INS-CL-000064,CLM-612776,INS-PL-000554,Theft,2025-04-17,2025-04-20,2025-05-12,Closed,4486.55,3935.78,22.9,E-0247,,Mobile App,false,Personal Auto,Personal,NC,Atlas P&C,2205.82,Emma Scott,Julian Green,Ben Patel,false,2025-04-01
INS-CL-000065,CLM-900421,INS-PL-000567,Glass,2026-05-27,2026-06-02,2026-06-15,Closed,1999.43,2016.04,13.8,E-0249,,Agent,false,Personal Auto,Personal,GA,Atlas P&C,935.76,Derek Jackson,Jamal Allen,Fatima Brown,false,2026-05-01
INS-CL-000066,CLM-947698,INS-PL-000582,Water Damage,2025-03-13,2025-03-14,2025-04-02,Closed,16623.15,15524.16,19.3,E-0254,,Web,false,Personal Auto,Personal,OH,Cumulus Mutual,2167.68,Kenji Walker,Rosa Thomas,Julian Campbell,false,2025-03-01
INS-CL-000067,CLM-243373,INS-PL-000603,Liability,2026-08-21,2026-08-24,,Under Review,3112.72,0,,E-0241,,Phone,false,Personal Auto,Personal,AZ,Cumulus Mutual,889.94,Aisha Clark,Lauren Nguyen,Marcus Young,false,2026-08-01
INS-CL-000068,CLM-584031,INS-PL-000630,Fire,2026-08-14,2026-08-19,2026-08-30,Closed,21783.23,18975.25,11.6,E-0258,,Web,false,Homeowners (HO-3),Personal,WA,Beacon National,2120.01,Ines Collins,Leo Kim,Fatima Jackson,false,2026-08-01
INS-CL-000069,CLM-709122,INS-PL-000633,Glass,2025-12-16,2025-12-16,2026-01-01,Closed,1662.66,1504.95,16.9,E-0246,,Mobile App,false,Umbrella,Personal,FL,Beacon National,373.73,Fatima Collins,Grace Bailey,Rosa Campbell,false,2025-12-01
INS-CL-000070,CLM-880096,INS-PL-000652,Glass,2025-07-28,2025-07-29,2025-08-08,Closed,11206.32,7923.41,10.9,E-0254,,Agent,false,Homeowners (HO-3),Personal,CT,Cumulus Mutual,2586.61,Jamal Evans,Owen King,Julian Campbell,false,2025-07-01
INS-CL-000071,CLM-303623,INS-PL-000655,Hail Damage,2026-06-14,2026-06-14,2026-07-02,Closed,8505.73,7079.45,18.1,E-0244,CAT-2026-HAIL-MW,Web,false,Personal Auto,Personal,CO,Cumulus Mutual,1846.12,Diego Clark,Felix Allen,Isabella Roberts,true,2026-06-01
INS-CL-000072,CLM-664007,INS-PL-000659,Glass,2025-06-03,2025-06-08,2025-07-31,Closed,1418.05,730.26,53.9,E-0249,,Mobile App,false,Homeowners (HO-3),Personal,OH,Beacon National,1438.87,Owen Morris,Tom Ruiz,Fatima Brown,false,2025-06-01
INS-CL-000073,CLM-509882,INS-PL-000667,Theft,2026-08-05,2026-08-07,,Awaiting Documents,11745.88,0,,E-0264,,Phone,false,Commercial Auto,Commercial,IL,Cumulus Mutual,4317.25,Henry Vaughn,Mei Young,Layla Collins,false,2026-08-01
INS-CL-000074,CLM-106660,INS-PL-000670,Collision,2024-11-23,2024-11-28,2024-12-09,Closed,2160.25,1704.84,11.1,E-0247,,Mobile App,false,Homeowners (HO-3),Personal,FL,Atlas P&C,1191.41,Samuel Vaughn,Daniel Miller,Ben Patel,false,2024-11-01
INS-CL-000075,CLM-807522,INS-PL-000673,Liability,2025-03-02,2025-03-03,2025-04-08,Closed,4277.46,3467.84,36.5,E-0244,,Web,false,Personal Auto,Personal,MA,Cumulus Mutual,1183.15,Ravi Evans,Mateo White,Isabella Roberts,false,2025-03-01
INS-CL-000076,CLM-104045,INS-PL-000679,Glass,2025-06-02,2025-06-05,2025-06-19,Closed,4582.93,4063.88,14.4,E-0242,,Web,false,Personal Auto,Personal,CA,Cumulus Mutual,1127.98,Henry Nguyen,Mateo Anderson,Jamal Mitchell,false,2025-06-01
INS-CL-000077,CLM-505070,INS-PL-000687,Liability,2025-01-22,2025-01-27,2025-02-08,Closed,1084.62,803.12,12.4,E-0240,,Web,false,Homeowners (HO-3),Personal,MA,Cumulus Mutual,720.0,Owen Hall,Maya Parker,Lauren Edwards,false,2025-01-01
INS-CL-000078,CLM-704991,INS-PL-000705,Collision,2026-04-25,2026-04-29,2026-05-18,Closed,16593.4,16636.51,19.3,E-0237,,Mobile App,false,Homeowners (HO-3),Personal,NY,Northwind Assurance,2097.18,Amara Martinez,Hannah Phillips,Emma Phillips,false,2026-04-01
INS-CL-000079,CLM-412079,INS-PL-000711,Glass,2025-07-14,2025-07-16,2025-08-02,Closed,5318.42,3543.66,17.7,E-0245,,Mobile App,false,Commercial Auto,Commercial,NY,Beacon National,3133.9,Lauren Wright,Lauren Nguyen,Ines Ashford,false,2025-07-01
INS-CL-000080,CLM-883805,INS-PL-000716,Fire,2025-08-15,2025-08-17,2025-09-08,Closed,16659.4,14480.99,22.7,E-0238,,Mobile App,false,Small Commercial Package,Commercial,CT,Cumulus Mutual,4112.11,Daniel Lopez,Maya Okafor,Andre Ashford,false,2025-08-01
INS-CL-000081,CLM-635822,INS-PL-000717,Collision,2024-09-15,2024-09-18,2024-10-04,Closed,5548.24,3315.47,16.9,E-0255,,Mobile App,false,Personal Auto,Personal,WA,Beacon National,708.17,Samuel Lewis,Victor Walker,Ethan Allen,false,2024-09-01
INS-CL-000082,CLM-504078,INS-PL-000729,Wind,2025-02-16,2025-02-16,2025-03-21,Closed,74318.18,70839.49,33.1,E-0248,,Phone,false,Personal Auto,Personal,IL,Northwind Assurance,1434.03,Victor Chen,Noah Martinez,Yuki Roberts,false,2025-02-01
INS-CL-000083,CLM-412233,INS-PL-000743,Fire,2025-09-10,2025-09-13,2025-09-24,Closed,622.7,457.62,11.2,E-0256,,Mobile App,false,Personal Auto,Personal,NY,Atlas P&C,731.52,Kenji Mitchell,Iris Nelson,Hannah Phillips,false,2025-09-01
INS-CL-000084,CLM-820764,INS-PL-000749,Fire,2026-01-06,2026-01-10,2026-01-18,Closed,643.18,513.93,8.6,E-0237,,Mobile App,false,Personal Auto,Personal,CO,Northwind Assurance,1413.68,Andre Silva,Owen Davis,Emma Phillips,false,2026-01-01
INS-CL-000085,CLM-312700,INS-PL-000755,Theft,2024-09-01,2024-09-06,2024-10-01,Closed,6163.14,3865.36,25.3,E-0240,,Mobile App,false,Personal Auto,Personal,CA,Cumulus Mutual,1397.92,Fatima Thomas,Carlos Scott,Lauren Edwards,false,2024-09-01
INS-CL-000086,CLM-922821,INS-PL-000757,Collision,2026-08-09,2026-08-12,,Open,5744.82,0,,E-0249,,Phone,false,Personal Auto,Personal,OR,Atlas P&C,1172.56,Olivia Ruiz,Owen King,Fatima Brown,false,2026-08-01
INS-CL-000087,CLM-929966,INS-PL-000775,Liability,2026-06-02,2026-06-05,2026-06-14,Closed,6221.37,3444.42,9.1,E-0238,,Phone,false,Personal Auto,Personal,UT,Cumulus Mutual,2481.27,Grace Brown,Nina Chen,Andre Ashford,false,2026-06-01
INS-CL-000088,CLM-977792,INS-PL-000788,Glass,2026-02-22,2026-02-22,2026-03-11,Closed,6272.71,5824.34,17.3,E-0257,,Agent,false,Homeowners (HO-3),Personal,MA,Northwind Assurance,2275.99,Carlos Chen,Layla Phillips,Maya Campbell,false,2026-02-01
INS-CL-000089,CLM-338154,INS-PL-000796,Liability,2025-12-07,2025-12-08,2025-12-27,Closed,1383.01,852.19,19.8,E-0236,,Mobile App,false,Renters,Personal,MA,Cumulus Mutual,262.17,Sofia Nguyen,Layla Bailey,Jonathan Taylor,false,2025-12-01
INS-CL-000090,CLM-586899,INS-PL-000798,Fire,2026-07-09,2026-07-09,2026-08-23,Closed,10851.06,7671.1,46.0,E-0260,,Mobile App,true,Homeowners (HO-3),Personal,MA,Northwind Assurance,1698.58,Leo Phillips,Marcus Phillips,Carlos Harris,false,2026-07-01
INS-CL-000091,CLM-628969,INS-PL-000802,Fire,2026-04-08,2026-04-13,2026-04-30,Closed,1351.3,754.72,17.4,E-0257,,Mobile App,false,Personal Auto,Personal,WA,Cumulus Mutual,1204.56,Layla Scott,Diego Anderson,Maya Campbell,false,2026-04-01
INS-CL-000092,CLM-499713,INS-PL-000808,Water Damage,2025-08-15,2025-08-21,2025-09-04,Closed,4615.97,4511.48,14.4,E-0242,,Mobile App,false,Homeowners (HO-3),Personal,AZ,Cumulus Mutual,1856.46,Grace White,Grace Bailey,Jamal Mitchell,false,2025-08-01
INS-CL-000093,CLM-260469,INS-PL-000811,Water Damage,2025-11-11,2025-11-15,2025-11-28,Closed,2055.25,1208.73,13.5,E-0238,,Phone,false,Personal Auto,Personal,CA,Beacon National,875.99,Olivia Green,Sara Morris,Andre Ashford,false,2025-11-01
INS-CL-000094,CLM-931158,INS-PL-000818,Glass,2026-08-24,2026-08-30,,Open,7638.58,0,,E-0240,,Phone,false,Personal Auto,Personal,FL,Atlas P&C,1425.55,Samuel Scott,Layla Phillips,Lauren Edwards,false,2026-08-01
INS-CL-000095,CLM-183936,INS-PL-000824,Liability,2025-03-25,2025-03-29,2025-04-10,Closed,3480.95,2993.58,12.8,E-0263,,Mobile App,false,Small Commercial Package,Commercial,WA,Cumulus Mutual,7317.82,Owen Patel,Victor Walker,Luis Bailey,false,2025-03-01
INS-CL-000096,CLM-534980,INS-PL-000838,Liability,2025-12-02,2025-12-06,2025-12-19,Closed,5062.89,4376.44,13.9,E-0258,,Mobile App,false,Personal Auto,Personal,CO,Cumulus Mutual,1569.95,Samuel Hall,Elena Davis,Fatima Jackson,false,2025-12-01
INS-CL-000097,CLM-710697,INS-PL-000843,Collision,2026-04-25,2026-05-01,2026-05-12,Closed,8792.53,5790.39,11.3,E-0251,,Agent,false,Homeowners (HO-3),Personal,MA,Northwind Assurance,2023.36,Sofia Wilson,Hannah Garcia,Chloe White,false,2026-04-01
INS-CL-000098,CLM-510246,INS-PL-000845,Fire,2026-03-11,2026-03-17,2026-03-27,Closed,1777.72,1737.97,10.1,E-0245,,Web,false,Homeowners (HO-3),Personal,NY,Northwind Assurance,4259.46,Luis Mitchell,Mateo Garcia,Ines Ashford,false,2026-03-01
INS-CL-000099,CLM-955435,INS-PL-000865,Liability,2025-10-11,2025-10-11,2025-10-20,Closed,24045.85,23459.95,9.3,E-0261,,Mobile App,false,Personal Auto,Personal,OR,Beacon National,3117.17,Isabella Morris,Mateo White,Olivia Harris,false,2025-10-01
INS-CL-000100,CLM-518857,INS-PL-000877,Water Damage,2026-07-03,2026-07-03,2026-07-15,Closed,5909.65,5387.27,12.9,E-0247,,Web,false,Personal Auto,Personal,NY,Atlas P&C,2313.51,Leo Wilson,Ravi Hall,Ben Patel,false,2026-07-01
INS-CL-000101,CLM-270486,INS-PL-000891,Fire,2025-11-05,2025-11-11,2025-12-24,Closed,7832.52,4225.94,43.6,E-0240,,Phone,false,Personal Auto,Personal,CO,Beacon National,1012.47,Ines Roberts,Sofia Baker,Lauren Edwards,false,2025-11-01
INS-CL-000102,CLM-435517,INS-PL-000896,Wind,2025-01-02,2025-01-02,2025-01-11,Closed,1533.4,1382.56,9.7,E-0246,,Mobile App,false,Renters,Personal,CA,Cumulus Mutual,270.1,Layla Miller,Elena Davis,Rosa Campbell,false,2025-01-01
INS-CL-000103,CLM-462139,INS-PL-000900,Fire,2024-10-03,2024-10-05,2024-11-18,Closed,11259.34,7189.62,44.5,E-0241,,Phone,false,Homeowners (HO-3),Personal,MN,Cumulus Mutual,2020.7,Sofia Nelson,Chloe Collins,Marcus Young,false,2024-10-01
INS-CL-000104,CLM-336417,INS-PL-000918,Hail Damage,2026-06-16,2026-06-21,2026-08-17,Closed,357.9,272.62,57.2,E-0236,CAT-2026-HAIL-MW,Mobile App,false,Homeowners (HO-3),Personal,UT,Cumulus Mutual,1034.27,Luis Edwards,Ethan Nelson,Jonathan Taylor,true,2026-06-01
INS-CL-000105,CLM-155809,INS-PL-000937,Theft,2025-06-28,2025-07-04,2025-07-23,Closed,200,203.99,19.2,E-0242,,Mobile App,false,Renters,Personal,CO,Beacon National,253.12,Diego Adams,Owen Davis,Jamal Mitchell,false,2025-06-01
INS-CL-000106,CLM-916091,INS-PL-000938,Wind,2026-01-28,2026-02-03,2026-03-16,Closed,2084.89,1383.43,41.6,E-0236,,Web,false,Personal Auto,Personal,CA,Northwind Assurance,1348.34,Jamal Nguyen,Ravi Green,Jonathan Taylor,false,2026-01-01
INS-CL-000107,CLM-252427,INS-PL-000946,Glass,2026-01-04,2026-01-04,2026-01-21,Closed,909.72,703.33,17.6,E-0236,,Phone,false,Personal Auto,Personal,IL,Cumulus Mutual,1329.19,Mateo Young,Carlos Scott,Jonathan Taylor,false,2026-01-01
INS-CL-000108,CLM-242418,INS-PL-000954,Theft,2026-01-17,2026-01-22,2026-02-16,Closed,19899.12,15876.14,25.8,E-0241,,Agent,false,Commercial Auto,Commercial,CA,Beacon National,4448.53,Sofia Baker,Priya Brown,Marcus Young,false,2026-01-01
INS-CL-000109,CLM-450206,INS-PL-000960,Liability,2024-12-03,2024-12-06,2025-01-12,Closed,5577.92,5414.46,37.0,E-0263,,Mobile App,false,Small Commercial Package,Commercial,OH,Cumulus Mutual,4584.14,Kenji Harris,Ethan Nelson,Luis Bailey,false,2024-12-01
INS-CL-000110,CLM-481286,INS-PL-000970,Theft,2025-01-31,2025-02-04,2025-03-02,Closed,3866.52,2436.64,26.2,E-0252,,Phone,false,Renters,Personal,OH,Northwind Assurance,514.83,Ines Stewart,Ethan Lewis,Samuel Lewis,false,2025-01-01
INS-CL-000111,CLM-369483,INS-PL-000971,Wind,2026-04-16,2026-04-21,2026-05-03,Closed,1766.82,1580.13,12.2,E-0259,,Phone,false,Homeowners (HO-3),Personal,AZ,Atlas P&C,1475.15,Lauren Chen,Julian Green,Iris Lopez,false,2026-04-01
INS-CL-000112,CLM-535482,INS-PL-000987,Theft,2026-07-12,2026-07-12,2026-07-21,Closed,1292.57,797.61,9.8,E-0265,,Mobile App,false,Renters,Personal,UT,Cumulus Mutual,355.41,Maya Davis,Layla Silva,Nina Davis,false,2026-07-01
INS-CL-000113,CLM-816962,INS-PL-000990,Water Damage,2025-07-21,2025-07-21,2025-07-30,Closed,401.52,383.56,9.0,E-0240,,Mobile App,false,Renters,Personal,MN,Atlas P&C,194.19,Ethan Bailey,Hannah Carter,Lauren Edwards,false,2025-07-01
INS-CL-000114,CLM-934284,INS-PL-000992,Collision,2025-06-11,2025-06-14,2025-06-26,Closed,1125.98,1074.31,12.2,E-0261,,Mobile App,false,Renters,Personal,CT,Beacon National,470.48,Samuel Miller,Jamal Allen,Olivia Harris,false,2025-06-01
INS-CL-000115,CLM-966955,INS-PL-000995,Collision,2026-08-16,2026-08-22,,Awaiting Documents,1356.78,0,,E-0240,,Mobile App,false,Homeowners (HO-3),Personal,IL,Northwind Assurance,1843.76,Fatima Chen,Jamal Allen,Lauren Edwards,false,2026-08-01
INS-CL-000116,CLM-366930,INS-PL-001001,Water Damage,2025-10-08,2025-10-08,2025-11-02,Closed,5312.82,4076.92,25.2,E-0247,,Agent,false,Personal Auto,Personal,IL,Cumulus Mutual,887.07,Felix Campbell,Hannah Walker,Ben Patel,false,2025-10-01
INS-CL-000117,CLM-297441,INS-PL-001014,Fire,2024-12-15,2024-12-21,2025-01-09,Closed,7010.52,6906.33,19.7,E-0242,,Web,false,Personal Auto,Personal,OR,Cumulus Mutual,1060.16,Naomi White,Noah Martinez,Jamal Mitchell,false,2024-12-01
INS-CL-000118,CLM-465450,INS-PL-001037,Wind,2025-03-31,2025-04-06,2025-04-25,Closed,13535.6,13274.1,19.9,E-0265,,Agent,false,Personal Auto,Personal,NC,Northwind Assurance,1220.88,Noah Davis,Layla Bailey,Nina Davis,false,2025-03-01
INS-CL-000119,CLM-820290,INS-PL-001039,Fire,2026-08-23,2026-08-27,,Open,1769.73,0,,E-0256,,Phone,false,Personal Auto,Personal,MN,Northwind Assurance,1752.43,Derek Chen,Nina Chen,Hannah Phillips,false,2026-08-01
INS-CL-000120,CLM-291475,INS-PL-001043,Hail Damage,2026-06-15,2026-06-15,2026-07-12,Closed,2759.5,1520.91,27.4,E-0250,CAT-2026-HAIL-MW,Mobile App,true,Homeowners (HO-3),Personal,AZ,Cumulus Mutual,2138.08,Rosa Campbell,Derek Ruiz,Jonathan Taylor,true,2026-06-01
INS-CL-000121,CLM-318351,INS-PL-001045,Liability,2024-11-06,2024-11-07,2024-11-25,Closed,9691.25,8679.7,18.1,E-0251,,Phone,false,Personal Auto,Personal,CO,Atlas P&C,2174.05,Tom Ruiz,Layla Phillips,Chloe White,false,2024-11-01
INS-CL-000122,CLM-773065,INS-PL-001055,Wind,2024-09-10,2024-09-12,2024-09-23,Closed,9155.12,5256.36,11.9,E-0236,,Mobile App,false,Small Commercial Package,Commercial,NY,Cumulus Mutual,4879.17,Ravi Baker,Elena Stewart,Jonathan Taylor,false,2024-09-01
INS-CL-000123,CLM-215584,INS-PL-001084,Water Damage,2026-07-14,2026-07-15,2026-08-16,Closed,5230.68,4009.11,32.2,E-0255,,Mobile App,false,Personal Auto,Personal,OR,Beacon National,1553.59,Maya Adams,Owen Davis,Ethan Allen,false,2026-07-01
INS-CL-000124,CLM-387796,INS-PL-001096,Hail Damage,2026-06-15,2026-06-21,2026-07-10,Closed,26446.24,26045.05,19.1,E-0247,CAT-2026-HAIL-MW,Mobile App,false,Homeowners (HO-3),Personal,CO,Northwind Assurance,1780.39,Kenji Stewart,Noah Martinez,Ben Patel,true,2026-06-01
INS-CL-000125,CLM-488374,INS-PL-001099,Hail Damage,2026-06-14,2026-06-16,2026-07-08,Closed,7521.55,5082.93,22.8,E-0251,CAT-2026-HAIL-MW,Agent,false,Homeowners (HO-3),Personal,UT,Cumulus Mutual,891.6,Olivia Carter,Hannah Carter,Chloe White,true,2026-06-01
INS-CL-000126,CLM-113551,INS-PL-001100,Water Damage,2025-12-28,2026-01-01,2026-01-14,Closed,6408.53,4509.46,13.7,E-0243,,Phone,true,Personal Auto,Personal,FL,Cumulus Mutual,1330.0,Samuel Johnson,Olivia White,Jamal Campbell,false,2025-12-01
INS-CL-000127,CLM-552212,INS-PL-001103,Theft,2025-03-23,2025-03-27,2025-04-10,Closed,28080.19,16943.95,14.1,E-0257,,Web,false,Personal Auto,Personal,UT,Cumulus Mutual,1265.7,Andre Patel,Layla Silva,Maya Campbell,false,2025-03-01
INS-CL-000128,CLM-229478,INS-PL-001109,Glass,2025-01-20,2025-01-23,2025-02-11,Closed,9445.02,8418.93,19.9,E-0253,,Mobile App,false,Homeowners (HO-3),Personal,MN,Beacon National,1315.82,Sara Brown,Hannah Garcia,Grace Garcia,false,2025-01-01
INS-CL-000129,CLM-973830,INS-PL-001167,Hail Damage,2026-06-17,2026-06-22,2026-07-11,Closed,8107.45,6887.29,19.5,E-0245,CAT-2026-HAIL-MW,Phone,false,Homeowners (HO-3),Personal,CO,Cumulus Mutual,2051.74,Fatima Wright,Ethan Lewis,Ines Ashford,true,2026-06-01
INS-CL-000130,CLM-428370,INS-PL-001178,Collision,2025-05-10,2025-05-14,2025-05-21,Closed,43153.88,42959.05,7.1,E-0265,,Mobile App,false,Personal Auto,Personal,UT,Northwind Assurance,1711.69,Rosa Ruiz,Derek Ruiz,Nina Davis,false,2025-05-01
INS-CL-000131,CLM-290561,INS-PL-001186,Theft,2026-02-07,2026-02-07,2026-02-22,Closed,36646.08,19372.18,15.3,E-0258,,Agent,false,Personal Auto,Personal,OH,Atlas P&C,1208.08,Samuel Turner,Priya Brown,Fatima Jackson,false,2026-02-01
INS-CL-000132,CLM-203396,INS-PL-001216,Collision,2025-06-05,2025-06-08,2025-06-24,Closed,3037.33,2293.73,16.7,E-0243,,Phone,false,Homeowners (HO-3),Personal,FL,Cumulus Mutual,2230.21,Emma Thomas,Layla Anderson,Jamal Campbell,false,2025-06-01
INS-CL-000133,CLM-770348,INS-PL-001230,Glass,2026-07-26,2026-07-27,2026-08-12,Closed,1064.26,916.75,16.6,E-0260,,Agent,false,Renters,Personal,GA,Northwind Assurance,211.99,Carlos Thomas,Owen King,Carlos Harris,false,2026-07-01
INS-CL-000134,CLM-154947,INS-PL-001232,Fire,2026-07-18,2026-07-24,2026-08-15,Closed,4717.66,3750.63,22.6,E-0256,,Phone,false,Small Commercial Package,Commercial,CO,Northwind Assurance,4142.8,Elena Nelson,Mei Young,Hannah Phillips,false,2026-07-01
INS-CL-000135,CLM-649636,INS-PL-001249,Hail Damage,2026-06-17,2026-06-17,2026-07-06,Closed,3692.35,3269.16,19.3,E-0262,CAT-2026-HAIL-MW,Agent,false,Personal Auto,Personal,AZ,Northwind Assurance,1952.06,Nora King,Owen Davis,Iris Anderson,true,2026-06-01
INS-CL-000136,CLM-315265,INS-PL-001250,Wind,2026-03-11,2026-03-17,2026-04-23,Closed,7223.71,4057.07,37.3,E-0257,,Phone,false,Homeowners (HO-3),Personal,AZ,Cumulus Mutual,1371.21,Naomi Thomas,Mateo White,Maya Campbell,false,2026-03-01
INS-CL-000137,CLM-356144,INS-PL-001252,Fire,2025-09-10,2025-09-15,2025-10-09,Closed,5674.75,5134.45,24.4,E-0242,,Mobile App,false,Commercial Auto,Commercial,GA,Atlas P&C,1560.0,Sara Davis,Victor Roberts,Jamal Mitchell,false,2025-09-01
INS-CL-000138,CLM-968009,INS-PL-001289,Theft,2024-12-19,2024-12-21,2025-01-08,Closed,17980.26,15730.44,18.5,E-0260,,Phone,false,Small Commercial Package,Commercial,CT,Cumulus Mutual,9072.6,Fatima Phillips,Rosa Thomas,Carlos Harris,false,2024-12-01
INS-CL-000139,CLM-311888,INS-PL-001303,Glass,2026-05-22,2026-05-27,2026-06-19,Closed,1154.83,803.37,23.6,E-0261,,Mobile App,false,Homeowners (HO-3),Personal,WA,Beacon National,1204.01,Amara Adams,Maya Parker,Olivia Harris,false,2026-05-01
INS-CL-000140,CLM-252403,INS-PL-001331,Hail Damage,2026-06-17,2026-06-20,2026-07-02,Closed,3992.69,3595.69,12.9,E-0256,CAT-2026-HAIL-MW,Mobile App,false,Personal Auto,Personal,CO,Cumulus Mutual,1101.01,Yuki Taylor,Maya Okafor,Hannah Phillips,true,2026-06-01
INS-CL-000141,CLM-110150,INS-PL-001337,Wind,2025-07-27,2025-07-29,2025-08-14,Closed,7901.19,7569.33,16.0,E-0254,,Agent,false,Personal Auto,Personal,FL,Northwind Assurance,1395.3,Nora Ruiz,Maya Okafor,Julian Campbell,false,2025-07-01
INS-CL-000142,CLM-284820,INS-PL-001347,Collision,2024-09-10,2024-09-14,2024-10-06,Closed,1220.65,1151.39,22.3,E-0245,,Phone,false,Umbrella,Personal,OH,Beacon National,555.03,Aisha Ruiz,Elena Stewart,Ines Ashford,false,2024-09-01
INS-CL-000143,CLM-921911,INS-PL-001358,Theft,2026-08-15,2026-08-18,,Open,1602.15,0,,E-0263,,Agent,false,Personal Auto,Personal,FL,Northwind Assurance,1043.73,Mei Nguyen,Ines Jackson,Luis Bailey,false,2026-08-01
INS-CL-000144,CLM-497847,INS-PL-001362,Theft,2025-11-17,2025-11-17,2025-12-26,Closed,200,115.16,39.1,E-0238,,Web,false,Renters,Personal,FL,Atlas P&C,242.8,Andre Nelson,Ravi Hall,Andre Ashford,false,2025-11-01
INS-CL-000145,CLM-359289,INS-PL-001367,Water Damage,2025-02-28,2025-03-06,2025-03-16,Closed,14186.26,12192.35,10.4,E-0265,,Mobile App,false,Homeowners (HO-3),Personal,OH,Beacon National,2056.33,Wei Lopez,Owen King,Nina Davis,false,2025-02-01
INS-CL-000146,CLM-421588,INS-PL-001395,Fire,2024-09-02,2024-09-05,2024-10-01,Closed,4418.18,2422.09,26.3,E-0241,,Mobile App,false,Personal Auto,Personal,OR,Atlas P&C,1094.1,Felix Mitchell,Layla Phillips,Marcus Young,false,2024-09-01
INS-CL-000147,CLM-588597,INS-PL-001408,Glass,2024-10-04,2024-10-08,2024-10-25,Closed,26492.71,17022.06,17.7,E-0257,,Mobile App,false,Personal Auto,Personal,FL,Beacon National,3806.59,Mei Stewart,Nina Chen,Maya Campbell,false,2024-10-01
INS-CL-000148,CLM-120070,INS-PL-001417,Wind,2025-05-17,2025-05-22,2025-06-04,Closed,2801.07,2449.06,13.4,E-0256,,Phone,false,Homeowners (HO-3),Personal,MA,Cumulus Mutual,1885.77,Nina Lewis,Carlos Scott,Hannah Phillips,false,2025-05-01
INS-CL-000149,CLM-947591,INS-PL-001429,Hail Damage,2026-06-16,2026-06-16,2026-06-30,Closed,2671.13,1381.17,14.4,E-0251,CAT-2026-HAIL-MW,Mobile App,false,Homeowners (HO-3),Personal,UT,Cumulus Mutual,1648.62,Tom Thomas,Hannah Walker,Chloe White,true,2026-06-01
INS-CL-000150,CLM-500610,INS-PL-001432,Hail Damage,2026-06-15,2026-06-17,2026-06-27,Closed,77057.41,49125.71,10.9,E-0251,CAT-2026-HAIL-MW,Agent,false,Homeowners (HO-3),Personal,CO,Northwind Assurance,2603.86,Andre Nguyen,Daniel Miller,Chloe White,true,2026-06-01
INS-CL-000151,CLM-713169,INS-PL-001438,Wind,2026-02-25,2026-02-26,2026-03-10,Closed,10440.05,9366.41,12.0,E-0245,,Phone,false,Small Commercial Package,Commercial,OH,Cumulus Mutual,7590.52,Diego Taylor,Carlos Scott,Ines Ashford,false,2026-02-01
INS-CL-000152,CLM-547232,INS-PL-001440,Collision,2025-05-09,2025-05-10,2025-05-13,Closed,4908.37,4060.58,3.5,E-0237,,Mobile App,false,Commercial Auto,Commercial,OH,Cumulus Mutual,2454.54,Grace White,Derek Brown,Emma Phillips,false,2025-05-01
INS-CL-000153,CLM-504200,INS-PL-001464,Glass,2026-08-05,2026-08-08,,Open,7598.55,0,,E-0262,,Agent,false,Commercial Auto,Commercial,GA,Cumulus Mutual,4924.35,Leo Jackson,Hannah Phillips,Iris Anderson,false,2026-08-01
INS-CL-000154,CLM-511021,INS-PL-001480,Collision,2025-11-20,2025-11-22,2025-11-29,Closed,39828.19,21770.05,7.3,E-0263,,Mobile App,false,Commercial Auto,Commercial,NY,Beacon National,3902.18,Nora Roberts,Lauren Nguyen,Luis Bailey,false,2025-11-01
INS-CL-000155,CLM-266886,INS-PL-001489,Theft,2026-01-05,2026-01-09,2026-02-23,Closed,9139.13,7821.54,45.7,E-0258,,Mobile App,false,Homeowners (HO-3),Personal,MA,Beacon National,1601.6,Samuel Miller,Grace Bailey,Fatima Jackson,false,2026-01-01
INS-CL-000156,CLM-272735,INS-PL-001502,Liability,2025-03-25,2025-03-27,2025-04-14,Closed,61047.34,54286.83,18.5,E-0258,,Mobile App,false,Homeowners (HO-3),Personal,WA,Northwind Assurance,1318.92,Ben Nelson,Marcus Jackson,Fatima Jackson,false,2025-03-01
INS-CL-000157,CLM-634094,INS-PL-001505,Water Damage,2024-10-13,2024-10-16,2024-11-20,Closed,8345.9,5490.84,35.9,E-0238,,Phone,false,Personal Auto,Personal,AZ,Cumulus Mutual,1575.57,Sofia Green,Victor Walker,Andre Ashford,false,2024-10-01
INS-CL-000158,CLM-868524,INS-PL-001508,Liability,2026-07-31,2026-08-06,2026-08-27,Closed,8062.15,8012.94,21.7,E-0240,,Phone,false,Personal Auto,Personal,NY,Cumulus Mutual,1412.22,Hannah King,Jamal Allen,Lauren Edwards,false,2026-07-01
INS-CL-000159,CLM-419920,INS-PL-001519,Wind,2026-05-05,2026-05-08,2026-05-27,Closed,6807.81,4968.48,19.1,E-0254,,Agent,false,Homeowners (HO-3),Personal,CA,Northwind Assurance,1695.49,Lauren Clark,Mateo Anderson,Julian Campbell,false,2026-05-01
INS-CL-000160,CLM-802578,INS-PL-001520,Fire,2025-10-11,2025-10-11,2025-11-09,Closed,6011.84,4746.39,29.4,E-0249,,Phone,false,Personal Auto,Personal,GA,Beacon National,1390.45,Luis Campbell,Kenji Lewis,Fatima Brown,false,2025-10-01
INS-CL-000161,CLM-628948,INS-PL-001525,Collision,2026-08-18,2026-08-24,,Under Review,17570.68,0,,E-0242,,Agent,false,Small Commercial Package,Commercial,FL,Cumulus Mutual,4972.44,Daniel Kim,Chloe Collins,Jamal Mitchell,false,2026-08-01
INS-CL-000162,CLM-867316,INS-PL-001530,Collision,2026-05-31,2026-06-06,2026-06-23,Closed,427.06,337.02,17.9,E-0248,,Mobile App,false,Renters,Personal,GA,Northwind Assurance,251.63,Tom Turner,Sofia Baker,Yuki Roberts,false,2026-05-01
INS-CL-000163,CLM-924202,INS-PL-001544,Water Damage,2024-09-03,2024-09-07,2024-09-17,Closed,2238.16,1835.71,10.3,E-0264,,Phone,false,Umbrella,Personal,OH,Northwind Assurance,698.23,Lauren Turner,Carlos Scott,Layla Collins,false,2024-09-01
INS-CL-000164,CLM-554307,INS-PL-001552,Liability,2026-08-29,2026-09-02,,Open,10903.35,0,,E-0257,,Phone,true,Commercial Auto,Commercial,CA,Beacon National,3015.39,Iris Martinez,Grace Bailey,Maya Campbell,false,2026-08-01
INS-CL-000165,CLM-127900,INS-PL-001553,Water Damage,2026-08-16,2026-08-20,,Awaiting Documents,36854.96,0,,E-0251,,Mobile App,true,Personal Auto,Personal,IL,Cumulus Mutual,2168.88,Ines Silva,Ethan Harris,Chloe White,false,2026-08-01
INS-CL-000166,CLM-184510,INS-PL-001561,Fire,2025-01-30,2025-02-04,2025-02-23,Closed,3398.99,2273.7,19.6,E-0247,,Web,false,Personal Auto,Personal,UT,Beacon National,1422.46,Fatima Lopez,Lauren Nguyen,Ben Patel,false,2025-01-01
INS-CL-000167,CLM-173606,INS-PL-001604,Wind,2024-10-15,2024-10-16,2024-11-02,Closed,13516.07,10234.98,17.4,E-0254,,Mobile App,false,Personal Auto,Personal,GA,Beacon National,1565.76,Henry Morris,Hannah Phillips,Julian Campbell,false,2024-10-01
INS-CL-000168,CLM-569473,INS-PL-001607,Hail Damage,2026-06-15,2026-06-15,2026-06-28,Closed,14330.28,13296.59,13.8,E-0253,CAT-2026-HAIL-MW,Phone,true,Personal Auto,Personal,AZ,Cumulus Mutual,1653.56,Henry Lewis,Layla Phillips,Grace Garcia,true,2026-06-01
INS-CL-000169,CLM-627962,INS-PL-001614,Hail Damage,2026-06-16,2026-06-21,2026-07-27,Closed,9742.94,9267.26,36.6,E-0253,CAT-2026-HAIL-MW,Phone,false,Homeowners (HO-3),Personal,UT,Northwind Assurance,4254.59,Ethan Baker,Hannah Phillips,Grace Garcia,true,2026-06-01
INS-CL-000170,CLM-418443,INS-PL-001624,Hail Damage,2026-06-14,2026-06-15,2026-06-28,Closed,3668.08,2903.14,13.1,E-0244,CAT-2026-HAIL-MW,Phone,false,Homeowners (HO-3),Personal,AZ,Cumulus Mutual,1491.29,Ava Thomas,Ethan Lewis,Isabella Roberts,true,2026-06-01
INS-CL-000171,CLM-810373,INS-PL-001635,Glass,2025-07-08,2025-07-13,2025-08-01,Closed,4106.61,2998.32,19.7,E-0245,,Mobile App,false,Personal Auto,Personal,CT,Beacon National,2981.03,Ravi Campbell,Layla Phillips,Ines Ashford,false,2025-07-01
INS-CL-000172,CLM-297710,INS-PL-001639,Liability,2026-02-10,2026-02-13,2026-03-11,Closed,6446.55,4703.28,26.8,E-0243,,Agent,false,Homeowners (HO-3),Personal,NY,Northwind Assurance,1541.64,Derek Miller,Ethan Nelson,Jamal Campbell,false,2026-02-01
INS-CL-000173,CLM-607685,INS-PL-001645,Hail Damage,2026-06-16,2026-06-17,2026-06-24,Closed,789.59,499.14,7.8,E-0261,CAT-2026-HAIL-MW,Mobile App,false,Personal Auto,Personal,CO,Cumulus Mutual,1007.88,Wei Silva,Elena Stewart,Olivia Harris,true,2026-06-01
INS-CL-000174,CLM-899241,INS-PL-001675,Theft,2024-10-13,2024-10-18,2024-11-12,Closed,12609.15,7933.2,25.3,E-0251,,Mobile App,false,Personal Auto,Personal,OH,Atlas P&C,1797.17,Ines Nguyen,Nina Chen,Chloe White,false,2024-10-01
INS-CL-000175,CLM-625999,INS-PL-001679,Hail Damage,2026-06-18,2026-06-18,2026-07-08,Closed,4990.0,2961.71,20.4,E-0254,CAT-2026-HAIL-MW,Agent,false,Homeowners (HO-3),Personal,AZ,Northwind Assurance,1124.39,Ben Okafor,Marcus Jackson,Julian Campbell,true,2026-06-01
INS-CL-000176,CLM-275073,INS-PL-001683,Collision,2025-12-17,2025-12-19,2026-01-05,Closed,3961.34,3906.55,17.7,E-0247,,Phone,false,Homeowners (HO-3),Personal,GA,Cumulus Mutual,1074.85,Maya Anderson,Victor Roberts,Ben Patel,false,2025-12-01
INS-CL-000177,CLM-335650,INS-PL-001689,Fire,2026-05-03,2026-05-06,2026-05-23,Closed,9037.58,7885.91,17.4,E-0255,,Phone,false,Personal Auto,Personal,CA,Beacon National,1345.76,Wei Patel,Victor Roberts,Ethan Allen,false,2026-05-01
INS-CL-000178,CLM-472146,INS-PL-001734,Theft,2026-08-26,2026-09-01,,Under Review,3059.38,0,,E-0258,,Phone,false,Personal Auto,Personal,NC,Atlas P&C,788.88,Jamal Clark,Rosa Thomas,Fatima Jackson,false,2026-08-01
INS-CL-000179,CLM-239558,INS-PL-001738,Water Damage,2026-06-19,2026-06-23,2026-06-26,Closed,3592.36,2289.99,3.7,E-0253,,Agent,false,Personal Auto,Personal,OH,Cumulus Mutual,1072.51,Kenji Young,Maya Parker,Grace Garcia,false,2026-06-01
INS-CL-000180,CLM-795531,INS-PL-001745,Fire,2026-06-22,2026-06-28,2026-07-20,Closed,3378.7,2717.43,22.0,E-0258,,Mobile App,false,Personal Auto,Personal,CA,Northwind Assurance,2348.42,Maya Adams,Layla Anderson,Fatima Jackson,false,2026-06-01
INS-CL-000181,CLM-620574,INS-PL-001747,Liability,2024-10-09,2024-10-14,2024-11-14,Closed,805.45,617.37,31.2,E-0260,,Mobile App,false,Renters,Personal,UT,Cumulus Mutual,248.1,Layla Nguyen,Marcus Jackson,Carlos Harris,false,2024-10-01
INS-CL-000182,CLM-166596,INS-PL-001748,Wind,2026-05-05,2026-05-11,2026-05-20,Closed,13911.72,11916.59,9.2,E-0263,,Phone,false,Homeowners (HO-3),Personal,GA,Atlas P&C,2248.73,Lauren Morris,Elena Stewart,Luis Bailey,false,2026-05-01
INS-CL-000183,CLM-535402,INS-PL-001756,Glass,2024-11-25,2024-11-29,2024-12-16,Closed,4354.7,3578.64,17.6,E-0257,,Phone,false,Homeowners (HO-3),Personal,GA,Northwind Assurance,3512.79,Mei Phillips,Ravi Hall,Maya Campbell,false,2024-11-01
INS-CL-000184,CLM-263832,INS-PL-001785,Hail Damage,2026-06-16,2026-06-21,2026-07-20,Closed,1095.48,905.37,30.0,E-0248,CAT-2026-HAIL-MW,Mobile App,false,Homeowners (HO-3),Personal,UT,Cumulus Mutual,1547.45,Ben Evans,Lauren Nguyen,Yuki Roberts,true,2026-06-01
INS-CL-000185,CLM-756233,INS-PL-001801,Wind,2026-05-07,2026-05-09,2026-06-17,Closed,9280.36,6664.94,39.4,E-0265,,Phone,false,Personal Auto,Personal,CA,Beacon National,1455.67,Julian Wright,Leo Kim,Nina Davis,false,2026-05-01
INS-CL-000186,CLM-698790,INS-PL-001805,Fire,2024-10-07,2024-10-07,2024-10-29,Closed,89982.23,84770.68,22.5,E-0253,,Mobile App,false,Small Commercial Package,Commercial,OH,Cumulus Mutual,9197.26,Noah Taylor,Kenji Lewis,Grace Garcia,false,2024-10-01
INS-CL-000187,CLM-844238,INS-PL-001814,Water Damage,2026-04-28,2026-04-29,2026-05-29,Closed,21279.68,20272.4,30.7,E-0260,,Phone,false,Personal Auto,Personal,CT,Beacon National,3752.82,Noah Evans,Marcus Phillips,Carlos Harris,false,2026-04-01
INS-CL-000188,CLM-594257,INS-PL-001820,Water Damage,2026-08-01,2026-08-06,2026-08-29,Closed,3494.39,2422.39,23.6,E-0260,,Agent,true,Personal Auto,Personal,GA,Northwind Assurance,1699.95,Victor Nguyen,Tom Ruiz,Carlos Harris,false,2026-08-01
INS-CL-000189,CLM-974711,INS-PL-001834,Water Damage,2026-07-16,2026-07-18,2026-08-11,Closed,993.58,994.37,24.6,E-0240,,Mobile App,false,Personal Auto,Personal,OR,Beacon National,1313.85,Carlos Harris,Iris Nelson,Lauren Edwards,false,2026-07-01
INS-CL-000190,CLM-571395,INS-PL-001843,Theft,2025-11-28,2025-12-03,2025-12-15,Closed,1039.4,665.1,12.4,E-0253,,Phone,false,Personal Auto,Personal,NY,Beacon National,1045.36,Nora Vaughn,Layla Bailey,Grace Garcia,false,2025-11-01
INS-CL-000191,CLM-192386,INS-PL-001845,Water Damage,2025-03-17,2025-03-19,2025-03-30,Closed,879.44,609.85,12.0,E-0254,,Phone,false,Personal Auto,Personal,CT,Atlas P&C,902.51,Nina Harris,Iris Nelson,Julian Campbell,false,2025-03-01
INS-CL-000192,CLM-888924,INS-PL-001851,Liability,2026-07-29,2026-08-03,2026-08-26,Closed,11562.37,8270.73,23.1,E-0252,,Phone,false,Homeowners (HO-3),Personal,IL,Atlas P&C,1662.46,Olivia Bailey,Sara Morris,Samuel Lewis,false,2026-07-01
INS-CL-000193,CLM-793805,INS-PL-001854,Collision,2026-01-31,2026-02-05,2026-02-22,Closed,12578.45,11757.66,17.0,E-0264,,Mobile App,false,Homeowners (HO-3),Personal,OH,Northwind Assurance,2526.22,Felix Davis,Victor Walker,Layla Collins,false,2026-01-01
INS-CL-000194,CLM-592871,INS-PL-001867,Theft,2025-06-13,2025-06-13,2025-07-25,Closed,4713.5,2387.61,42.1,E-0239,,Agent,false,Homeowners (HO-3),Personal,FL,Cumulus Mutual,1009.13,Isabella Jackson,Mateo Anderson,Sofia Hall,false,2025-06-01
INS-CL-000195,CLM-326215,INS-PL-001873,Hail Damage,2026-06-17,2026-06-21,2026-07-05,Closed,9703.77,9472.13,14.8,E-0244,CAT-2026-HAIL-MW,Mobile App,false,Personal Auto,Personal,UT,Cumulus Mutual,2134.74,Naomi Nelson,Ines Jackson,Isabella Roberts,true,2026-06-01
INS-CL-000196,CLM-248300,INS-PL-001885,Hail Damage,2026-06-14,2026-06-18,2026-07-08,Closed,5727.41,4197.05,20.8,E-0249,CAT-2026-HAIL-MW,Web,false,Homeowners (HO-3),Personal,UT,Northwind Assurance,1840.32,Felix Taylor,Felix Allen,Fatima Brown,true,2026-06-01
INS-CL-000197,CLM-350871,INS-PL-001889,Theft,2026-03-02,2026-03-06,2026-03-29,Closed,1084.98,996.47,23.4,E-0240,,Phone,false,Renters,Personal,IL,Cumulus Mutual,311.33,Yuki Clark,Andre Davis,Lauren Edwards,false,2026-03-01
INS-CL-000198,CLM-431435,INS-PL-001895,Water Damage,2026-02-27,2026-03-01,2026-03-12,Closed,2658.5,2620.57,11.5,E-0240,,Phone,false,Personal Auto,Personal,CT,Cumulus Mutual,918.82,Olivia Miller,Hannah Phillips,Lauren Edwards,false,2026-02-01
INS-CL-000199,CLM-119766,INS-PL-001905,Glass,2026-07-21,2026-07-21,2026-07-29,Closed,53607.26,37855.25,8.2,E-0236,,Mobile App,false,Personal Auto,Personal,NY,Beacon National,1938.59,Luis Allen,Victor Young,Jonathan Taylor,false,2026-07-01
INS-CL-000200,CLM-550414,INS-PL-001907,Hail Damage,2026-06-18,2026-06-20,2026-07-30,Closed,27693.64,18636.54,40.6,E-0236,CAT-2026-HAIL-MW,Mobile App,false,Homeowners (HO-3),Personal,CO,Beacon National,2460.35,Grace Green,Rosa Thomas,Jonathan Taylor,true,2026-06-01
INS-CL-000201,CLM-451322,INS-PL-001909,Water Damage,2025-09-28,2025-10-04,2025-10-20,Closed,13128.58,9198.17,17.0,E-0258,,Mobile App,false,Homeowners (HO-3),Personal,MN,Beacon National,1226.69,Grace Harris,Maya Okafor,Fatima Jackson,false,2025-09-01
INS-CL-000202,CLM-513987,INS-PL-001919,Collision,2026-05-05,2026-05-08,2026-05-16,Closed,19596.97,17562.1,8.1,E-0252,,Mobile App,false,Personal Auto,Personal,UT,Atlas P&C,1123.44,Priya Taylor,Elena Stewart,Samuel Lewis,false,2026-05-01
INS-CL-000203,CLM-926790,INS-PL-001933,Fire,2024-12-30,2025-01-04,2025-01-14,Closed,3776.85,2036.59,10.7,E-0237,,Phone,false,Personal Auto,Personal,MA,Northwind Assurance,2119.58,Lauren Davis,Hannah Walker,Emma Phillips,false,2024-12-01
INS-CL-000204,CLM-176695,INS-PL-001941,Collision,2024-09-06,2024-09-08,2024-10-08,Closed,8285.64,6787.6,30.3,E-0256,,Phone,false,Homeowners (HO-3),Personal,OR,Northwind Assurance,1701.2,Ines Stewart,Julian Green,Hannah Phillips,false,2024-09-01
INS-CL-000205,CLM-970033,INS-PL-001947,Collision,2026-06-14,2026-06-14,2026-06-30,Closed,3513.81,2582.69,16.7,E-0239,,Agent,false,Personal Auto,Personal,CA,Atlas P&C,2319.24,Ben Silva,Julian Green,Sofia Hall,false,2026-06-01
INS-CL-000206,CLM-971301,INS-PL-001948,Water Damage,2024-11-05,2024-11-11,2025-01-04,Closed,3394.04,3147.16,54.9,E-0240,,Web,false,Personal Auto,Personal,CO,Cumulus Mutual,1030.48,Diego Taylor,Owen King,Lauren Edwards,false,2024-11-01
INS-CL-000207,CLM-430425,INS-PL-001955,Glass,2026-01-22,2026-01-24,2026-02-04,Closed,10757.09,9757.59,11.4,E-0240,,Mobile App,false,Personal Auto,Personal,OH,Northwind Assurance,1666.87,Layla Allen,Ethan Lewis,Lauren Edwards,false,2026-01-01
INS-CL-000208,CLM-588150,INS-PL-001976,Fire,2025-07-15,2025-07-20,2025-08-10,Closed,1976.32,1918.42,21.8,E-0263,,Mobile App,false,Personal Auto,Personal,NC,Beacon National,1239.01,Marcus Parker,Ravi Green,Luis Bailey,false,2025-07-01
INS-CL-000209,CLM-816625,INS-PL-002000,Wind,2026-08-13,2026-08-14,2026-08-27,Closed,8474.71,8107.23,13.2,E-0240,,Web,false,Commercial Auto,Commercial,MA,Beacon National,3207.98,Fatima Young,Ethan Nelson,Lauren Edwards,false,2026-08-01
INS-CL-000210,CLM-280482,INS-PL-002005,Theft,2026-03-03,2026-03-03,2026-03-23,Closed,5744.35,3313.64,21.0,E-0264,,Agent,false,Homeowners (HO-3),Personal,GA,Beacon National,1558.93,Yuki Hall,Maya Okafor,Layla Collins,false,2026-03-01
INS-CL-000211,CLM-926758,INS-PL-002020,Hail Damage,2026-06-18,2026-06-19,2026-07-22,Closed,3474.59,2210.96,33.9,E-0265,CAT-2026-HAIL-MW,Phone,false,Personal Auto,Personal,CO,Atlas P&C,862.02,Sara Nguyen,Olivia White,Nina Davis,true,2026-06-01
INS-CL-000212,CLM-998223,INS-PL-002026,Liability,2026-07-14,2026-07-15,,Under Review,13691.7,0,,E-0248,,Mobile App,false,Small Commercial Package,Commercial,NY,Northwind Assurance,8685.0,Diego Scott,Ravi Green,Yuki Roberts,false,2026-07-01
INS-CL-000213,CLM-535383,INS-PL-002032,Liability,2024-10-11,2024-10-14,2024-11-05,Closed,12777.72,11924.24,22.1,E-0258,,Phone,false,Personal Auto,Personal,NC,Cumulus Mutual,991.86,Emma Patel,Grace Bailey,Fatima Jackson,false,2024-10-01
INS-CL-000214,CLM-477573,INS-PL-002040,Water Damage,2025-02-15,2025-02-17,2025-02-28,Closed,4615.24,2711.6,11.5,E-0244,,Agent,false,Homeowners (HO-3),Personal,CO,Northwind Assurance,820.47,Isabella Mitchell,Chloe Collins,Isabella Roberts,false,2025-02-01
INS-CL-000215,CLM-702866,INS-PL-002047,Theft,2025-04-13,2025-04-15,2025-04-24,Closed,8764.78,7797.2,9.2,E-0242,,Mobile App,false,Commercial Auto,Commercial,OH,Atlas P&C,3977.88,Wei Parker,Derek Brown,Jamal Mitchell,false,2025-04-01
INS-CL-000216,CLM-298623,INS-PL-002058,Collision,2025-04-28,2025-05-03,2025-06-08,Closed,1532.46,1461.37,36.1,E-0236,,Agent,false,Personal Auto,Personal,NY,Atlas P&C,823.58,Ben Walker,Sara Morris,Jonathan Taylor,false,2025-04-01
INS-CL-000217,CLM-685731,INS-PL-002061,Water Damage,2025-01-12,2025-01-17,2025-02-16,Closed,1358.46,1412.24,30.0,E-0256,,Phone,false,Homeowners (HO-3),Personal,OH,Atlas P&C,1090.59,Victor Evans,Sara Morris,Hannah Phillips,false,2025-01-01
INS-CL-000218,CLM-669645,INS-PL-002072,Hail Damage,2026-06-14,2026-06-18,2026-07-04,Closed,6238.71,4267.91,16.4,E-0263,CAT-2026-HAIL-MW,Mobile App,false,Personal Auto,Personal,CO,Cumulus Mutual,923.53,Nora Campbell,Layla Silva,Luis Bailey,true,2026-06-01
INS-CL-000219,CLM-683220,INS-PL-002074,Hail Damage,2026-06-18,2026-06-24,2026-07-03,Closed,5135.85,3403.73,9.3,E-0241,CAT-2026-HAIL-MW,Agent,false,Personal Auto,Personal,AZ,Atlas P&C,1570.29,Henry Hall,Victor Walker,Marcus Young,true,2026-06-01
INS-CL-000220,CLM-842849,INS-PL-002080,Theft,2024-09-22,2024-09-28,2024-10-29,Closed,14742.95,8254.55,31.1,E-0256,,Phone,false,Homeowners (HO-3),Personal,WA,Beacon National,4451.19,Elena Wright,Elena Stewart,Hannah Phillips,false,2024-09-01
INS-CL-000221,CLM-311931,INS-PL-002087,Hail Damage,2026-06-14,2026-06-15,2026-06-27,Closed,3297.97,1767.0,12.7,E-0250,CAT-2026-HAIL-MW,Phone,false,Personal Auto,Personal,UT,Cumulus Mutual,1474.66,Derek Kim,Marcus Phillips,Jonathan Taylor,true,2026-06-01
INS-CL-000222,CLM-419697,INS-PL-002094,Glass,2026-08-30,2026-08-30,,Open,13236.71,0,,E-0239,,Phone,false,Personal Auto,Personal,OH,Atlas P&C,2469.69,Maya Anderson,Fatima Campbell,Sofia Hall,false,2026-08-01
INS-CL-000223,CLM-278986,INS-PL-002102,Water Damage,2024-09-30,2024-10-03,2024-10-22,Closed,1172.4,612.74,19.6,E-0250,,Web,false,Personal Auto,Personal,UT,Cumulus Mutual,733.89,Luis Johnson,Nina Chen,Jonathan Taylor,false,2024-09-01
INS-CL-000224,CLM-607078,INS-PL-002105,Theft,2025-12-09,2025-12-12,2026-01-06,Closed,1524.87,883.31,25.2,E-0247,,Mobile App,false,Personal Auto,Personal,AZ,Northwind Assurance,1564.75,Victor Allen,Elena Stewart,Ben Patel,false,2025-12-01
INS-CL-000225,CLM-384977,INS-PL-002107,Glass,2024-11-21,2024-11-26,2024-12-03,Closed,14355.14,9233.21,7.1,E-0241,,Phone,false,Personal Auto,Personal,NY,Northwind Assurance,1156.44,Andre Chen,Derek Brown,Marcus Young,false,2024-11-01
INS-CL-000226,CLM-649908,INS-PL-002111,Theft,2026-07-20,2026-07-24,,Open,7743.71,0,,E-0255,,Agent,false,Homeowners (HO-3),Personal,MA,Cumulus Mutual,1725.03,Tom Brown,Mateo Anderson,Ethan Allen,false,2026-07-01
INS-CL-000227,CLM-168191,INS-PL-002127,Theft,2026-02-19,2026-02-20,2026-03-03,Closed,10619.75,9101.29,11.2,E-0252,,Agent,false,Commercial Auto,Commercial,MA,Northwind Assurance,2993.44,Amara Taylor,Mateo Garcia,Samuel Lewis,false,2026-02-01
INS-CL-000228,CLM-502465,INS-PL-002146,Glass,2024-10-01,2024-10-05,2024-10-27,Closed,200,177.48,22.6,E-0248,,Mobile App,false,Renters,Personal,CO,Cumulus Mutual,221.34,Derek Edwards,Ethan Harris,Yuki Roberts,false,2024-10-01
INS-CL-000229,CLM-825280,INS-PL-002153,Wind,2025-02-20,2025-02-23,2025-03-14,Closed,13232.92,11649.3,19.8,E-0240,,Agent,false,Homeowners (HO-3),Personal,CT,Beacon National,2760.35,Olivia Stewart,Diego Anderson,Lauren Edwards,false,2025-02-01
INS-CL-000230,CLM-364653,INS-PL-002155,Theft,2025-10-04,2025-10-09,2025-10-18,Closed,7023.05,4222.92,9.3,E-0254,,Mobile App,false,Personal Auto,Personal,CA,Cumulus Mutual,873.37,Mei Moore,Hannah Garcia,Julian Campbell,false,2025-10-01
INS-CL-000231,CLM-853886,INS-PL-002158,Collision,2024-10-09,2024-10-12,2024-10-27,Closed,10071.22,5195.36,15.6,E-0253,,Web,false,Personal Auto,Personal,AZ,Atlas P&C,2864.3,Mei Carter,Iris Nelson,Grace Garcia,false,2024-10-01
INS-CL-000232,CLM-966004,INS-PL-002165,Theft,2025-03-15,2025-03-17,2025-04-03,Closed,649.52,522.2,17.1,E-0240,,Web,false,Renters,Personal,OR,Cumulus Mutual,405.11,Jonathan Lopez,Victor Walker,Lauren Edwards,false,2025-03-01
INS-CL-000233,CLM-257608,INS-PL-002173,Hail Damage,2026-06-14,2026-06-17,2026-07-03,Closed,2818.33,1947.1,16.9,E-0247,CAT-2026-HAIL-MW,Web,false,Personal Auto,Personal,AZ,Beacon National,779.74,Carlos Nelson,Carlos Scott,Ben Patel,true,2026-06-01
INS-CL-000234,CLM-968702,INS-PL-002206,Hail Damage,2026-06-15,2026-06-17,,Open,3669.55,0,,E-0242,CAT-2026-HAIL-MW,Agent,false,Personal Auto,Personal,UT,Northwind Assurance,1633.6,Wei Hall,Ethan Harris,Jamal Mitchell,true,2026-06-01
INS-CL-000235,CLM-480062,INS-PL-002210,Wind,2025-05-14,2025-05-17,2025-05-31,Closed,17584.45,10794.07,14.7,E-0254,,Agent,false,Homeowners (HO-3),Personal,IL,Cumulus Mutual,2074.49,Jonathan Miller,Jamal Allen,Julian Campbell,false,2025-05-01
INS-CL-000236,CLM-487898,INS-PL-002213,Collision,2025-05-18,2025-05-19,2025-06-08,Closed,44106.77,29757.8,20.8,E-0257,,Phone,false,Small Commercial Package,Commercial,MN,Cumulus Mutual,5543.89,Layla Johnson,Hannah Garcia,Maya Campbell,false,2025-05-01
INS-CL-000237,CLM-377320,INS-PL-002219,Hail Damage,2026-06-16,2026-06-20,2026-07-30,Closed,1542.84,782.27,40.0,E-0238,CAT-2026-HAIL-MW,Mobile App,true,Personal Auto,Personal,UT,Beacon National,1251.69,Owen King,Sara Morris,Andre Ashford,true,2026-06-01
INS-CL-000238,CLM-692867,INS-PL-002226,Water Damage,2025-02-27,2025-03-05,2025-03-12,Closed,13687.53,7347.39,7.4,E-0252,,Phone,false,Personal Auto,Personal,IL,Northwind Assurance,1825.99,Mateo Morris,Mateo Anderson,Samuel Lewis,false,2025-02-01
INS-CL-000239,CLM-586949,INS-PL-002231,Hail Damage,2026-06-18,2026-06-22,2026-07-28,Closed,14816.46,13050.0,37.0,E-0254,CAT-2026-HAIL-MW,Mobile App,false,Personal Auto,Personal,AZ,Cumulus Mutual,1985.34,Aisha Bailey,Layla Bailey,Julian Campbell,true,2026-06-01
INS-CL-000240,CLM-609028,INS-PL-002241,Liability,2025-12-30,2026-01-02,2026-01-14,Closed,2820.79,2687.68,12.5,E-0262,,Web,false,Renters,Personal,UT,Cumulus Mutual,394.22,Diego Silva,Ethan Harris,Iris Anderson,false,2025-12-01
INS-CL-000241,CLM-858142,INS-PL-002243,Theft,2025-10-20,2025-10-26,2025-11-20,Closed,12789.48,12491.94,25.8,E-0260,,Phone,false,Personal Auto,Personal,NY,Cumulus Mutual,1862.71,Layla Clark,Ines Jackson,Carlos Harris,false,2025-10-01
INS-CL-000242,CLM-234353,INS-PL-002254,Theft,2025-01-08,2025-01-14,2025-01-22,Closed,7863.73,7487.94,8.8,E-0256,,Agent,false,Personal Auto,Personal,CO,Cumulus Mutual,1047.59,Zara Carter,Victor Walker,Hannah Phillips,false,2025-01-01
INS-CL-000243,CLM-425823,INS-PL-002262,Wind,2026-01-19,2026-01-24,2026-02-18,Closed,15874.57,15297.66,25.7,E-0250,,Phone,false,Personal Auto,Personal,CT,Cumulus Mutual,1467.44,Lauren Martinez,Hannah Walker,Jonathan Taylor,false,2026-01-01
INS-CL-000244,CLM-935588,INS-PL-002275,Glass,2024-11-18,2024-11-22,2024-12-28,Closed,584.3,521.44,36.1,E-0236,,Mobile App,false,Renters,Personal,NC,Northwind Assurance,462.65,Iris Stewart,Hannah Carter,Jonathan Taylor,false,2024-11-01
INS-CL-000245,CLM-597076,INS-PL-002276,Collision,2026-05-28,2026-05-29,2026-06-17,Closed,2177.65,1824.89,19.5,E-0264,,Agent,false,Small Commercial Package,Commercial,OR,Cumulus Mutual,6449.22,Owen Edwards,Hannah Carter,Layla Collins,false,2026-05-01
INS-CL-000246,CLM-834041,INS-PL-002324,Fire,2025-02-13,2025-02-18,2025-03-05,Closed,2966.72,1582.8,15.3,E-0248,,Web,false,Personal Auto,Personal,NC,Atlas P&C,1595.97,Kenji Nelson,Lauren Nguyen,Yuki Roberts,false,2025-02-01
INS-CL-000247,CLM-462814,INS-PL-002327,Collision,2026-05-22,2026-05-26,2026-06-19,Closed,2187.01,1789.28,24.4,E-0250,,Phone,false,Personal Auto,Personal,NC,Northwind Assurance,1116.56,Daniel Baker,Derek Brown,Jonathan Taylor,false,2026-05-01
INS-CL-000248,CLM-554682,INS-PL-002341,Liability,2025-04-21,2025-04-21,2025-05-08,Closed,6105.05,6285.32,18.0,E-0259,,Agent,false,Personal Auto,Personal,OR,Cumulus Mutual,1164.28,Amara Lopez,Hannah Garcia,Iris Lopez,false,2025-04-01
INS-CL-000249,CLM-735928,INS-PL-002365,Fire,2025-11-11,2025-11-12,2025-12-18,Closed,18789.72,17792.06,36.9,E-0257,,Agent,false,Homeowners (HO-3),Personal,OH,Cumulus Mutual,2504.92,Leo White,Maya Okafor,Maya Campbell,false,2025-11-01
INS-CL-000250,CLM-706787,INS-PL-002371,Fire,2025-03-18,2025-03-18,2025-03-27,Closed,1164.08,1041.22,9.8,E-0240,,Phone,false,Personal Auto,Personal,OH,Cumulus Mutual,1494.58,Felix Patel,Mei Young,Lauren Edwards,false,2025-03-01
INS-CL-000251,CLM-606496,INS-PL-002376,Water Damage,2026-08-24,2026-08-29,,Awaiting Documents,27503.88,0,,E-0247,,Phone,false,Commercial Auto,Commercial,MN,Cumulus Mutual,4298.18,Ava Anderson,Nina Chen,Ben Patel,false,2026-08-01
INS-CL-000252,CLM-143184,INS-PL-002383,Liability,2025-07-02,2025-07-06,2025-07-17,Closed,15101.67,14732.99,11.1,E-0265,,Mobile App,false,Personal Auto,Personal,NY,Cumulus Mutual,1868.18,Tom Harris,Kenji Lewis,Nina Davis,false,2025-07-01
INS-CL-000253,CLM-850108,INS-PL-002384,Liability,2026-06-05,2026-06-10,2026-06-21,Closed,4246.57,2995.31,12.0,E-0236,,Mobile App,false,Personal Auto,Personal,GA,Cumulus Mutual,1217.01,Andre Hall,Mateo Garcia,Jonathan Taylor,false,2026-06-01
INS-CL-000254,CLM-236875,INS-PL-002387,Liability,2024-09-10,2024-09-12,2024-09-28,Closed,3880.91,2204.5,16.4,E-0255,,Phone,false,Commercial Auto,Commercial,CA,Cumulus Mutual,2435.11,Grace Silva,Carlos Scott,Ethan Allen,false,2024-09-01
INS-CL-000255,CLM-526276,INS-PL-002397,Collision,2025-05-19,2025-05-24,2025-06-03,Closed,1464.08,947.93,11.0,E-0265,,Mobile App,false,Personal Auto,Personal,WA,Northwind Assurance,2040.25,Diego Evans,Mateo White,Nina Davis,false,2025-05-01
INS-CL-000256,CLM-127755,INS-PL-002403,Hail Damage,2026-06-16,2026-06-18,2026-07-04,Closed,2145.88,1783.78,16.9,E-0244,CAT-2026-HAIL-MW,Mobile App,false,Personal Auto,Personal,AZ,Cumulus Mutual,2148.64,Chloe Bailey,Andre Davis,Isabella Roberts,true,2026-06-01
INS-CL-000257,CLM-597501,INS-PL-002412,Hail Damage,2026-06-15,2026-06-20,2026-07-18,Closed,665.05,389.86,28.6,E-0254,CAT-2026-HAIL-MW,Agent,false,Personal Auto,Personal,UT,Atlas P&C,1223.17,Naomi Harris,Derek Ruiz,Julian Campbell,true,2026-06-01
INS-CL-000258,CLM-138404,INS-PL-002425,Theft,2025-10-08,2025-10-09,2025-10-22,Closed,3979.16,3605.86,13.1,E-0246,,Phone,true,Personal Auto,Personal,MN,Northwind Assurance,719.81,Elena Clark,Andre Allen,Rosa Campbell,false,2025-10-01
INS-CL-000259,CLM-666605,INS-PL-002426,Water Damage,2025-05-03,2025-05-07,2025-05-21,Closed,4632.1,3742.7,14.9,E-0254,,Phone,false,Personal Auto,Personal,MN,Beacon National,1288.42,Grace Parker,Andre Allen,Julian Campbell,false,2025-05-01
INS-CL-000260,CLM-200489,INS-PL-002432,Liability,2024-11-01,2024-11-03,2024-11-24,Closed,3056.06,1860.94,21.9,E-0244,,Phone,false,Homeowners (HO-3),Personal,UT,Cumulus Mutual,1712.87,Ben Miller,Layla Silva,Isabella Roberts,false,2024-11-01
INS-CL-000261,CLM-950600,INS-PL-002439,Hail Damage,2026-06-15,2026-06-18,2026-07-07,Closed,1972.98,1117.87,19.5,E-0252,CAT-2026-HAIL-MW,Mobile App,false,Personal Auto,Personal,CO,Beacon National,1678.42,Nora Vaughn,Elena Davis,Samuel Lewis,true,2026-06-01
INS-CL-000262,CLM-967026,INS-PL-002440,Water Damage,2025-05-08,2025-05-08,2025-05-25,Closed,1854.19,1524.22,17.3,E-0244,,Phone,false,Personal Auto,Personal,IL,Cumulus Mutual,1108.34,Ava Brown,Ethan Nelson,Isabella Roberts,false,2025-05-01
INS-CL-000263,CLM-339920,INS-PL-002450,Water Damage,2026-03-18,2026-03-20,2026-04-16,Closed,3150.27,2387.01,27.8,E-0239,,Agent,false,Personal Auto,Personal,UT,Beacon National,1357.77,Samuel Green,Owen Davis,Sofia Hall,false,2026-03-01
INS-CL-000264,CLM-214165,INS-PL-002456,Wind,2026-01-27,2026-02-02,2026-02-15,Closed,1406.83,771.91,13.2,E-0241,,Mobile App,false,Homeowners (HO-3),Personal,UT,Cumulus Mutual,2288.57,Layla Clark,Kenji Lewis,Marcus Young,false,2026-01-01
INS-CL-000265,CLM-294599,INS-PL-002483,Glass,2025-07-12,2025-07-12,2025-07-17,Closed,493.3,464.11,5.6,E-0243,,Phone,false,Personal Auto,Personal,FL,Cumulus Mutual,946.04,Sara Harris,Priya Brown,Jamal Campbell,false,2025-07-01
INS-CL-000266,CLM-735620,INS-PL-002496,Collision,2024-09-01,2024-09-06,2024-10-17,Closed,74470.84,67917.63,41.0,E-0259,,Mobile App,false,Small Commercial Package,Commercial,CA,Northwind Assurance,9894.1,Lauren Ashford,Jamal Allen,Iris Lopez,false,2024-09-01
INS-CL-000267,CLM-354329,INS-PL-002499,Theft,2025-11-09,2025-11-09,2025-11-24,Closed,677.6,711.27,15.7,E-0250,,Agent,false,Personal Auto,Personal,IL,Northwind Assurance,1774.82,Isabella Silva,Diego Anderson,Jonathan Taylor,false,2025-11-01
INS-CL-000268,CLM-153069,INS-PL-002519,Water Damage,2024-09-01,2024-09-03,2024-09-10,Closed,32511.46,27550.22,8.0,E-0242,,Phone,false,Small Commercial Package,Commercial,GA,Cumulus Mutual,6586.53,Jonathan Turner,Felix Allen,Jamal Mitchell,false,2024-09-01
INS-CL-000269,CLM-597421,INS-PL-002533,Collision,2026-05-28,2026-05-29,2026-07-04,Closed,21477.89,17363.49,36.1,E-0244,,Phone,false,Personal Auto,Personal,AZ,Cumulus Mutual,2120.18,Luis Ruiz,Ethan Lewis,Isabella Roberts,false,2026-05-01
INS-CL-000270,CLM-508705,INS-PL-002536,Fire,2026-06-22,2026-06-25,2026-06-29,Closed,4577.29,3684.45,5.0,E-0243,,Phone,false,Commercial Auto,Commercial,CA,Atlas P&C,3521.11,Rosa Brown,Victor Young,Jamal Campbell,false,2026-06-01
INS-CL-000271,CLM-830464,INS-PL-002539,Wind,2026-04-20,2026-04-25,2026-04-30,Closed,18027.51,18495.08,5.2,E-0252,,Mobile App,false,Small Commercial Package,Commercial,WA,Cumulus Mutual,6770.1,Henry Hall,Felix Nguyen,Samuel Lewis,false,2026-04-01
INS-CL-000272,CLM-922230,INS-PL-002545,Glass,2026-05-18,2026-05-21,2026-06-05,Closed,10978.72,11120.37,15.3,E-0252,,Web,false,Personal Auto,Personal,WA,Atlas P&C,1918.31,Fatima Bailey,Jamal Allen,Samuel Lewis,false,2026-05-01
INS-CL-000273,CLM-198940,INS-PL-002562,Hail Damage,2026-06-15,2026-06-20,2026-07-13,Closed,1077.87,1075.12,23.2,E-0238,CAT-2026-HAIL-MW,Phone,false,Homeowners (HO-3),Personal,CO,Cumulus Mutual,720.0,Jamal Moore,Rosa Thomas,Andre Ashford,true,2026-06-01
INS-CL-000274,CLM-106838,INS-PL-002565,Wind,2026-07-30,2026-08-02,2026-08-18,Closed,470.94,406.35,17.0,E-0237,,Mobile App,false,Renters,Personal,GA,Northwind Assurance,278.79,Sofia Thomas,Maya Okafor,Emma Phillips,false,2026-07-01
INS-CL-000275,CLM-248596,INS-PL-002577,Hail Damage,2026-06-17,2026-06-18,2026-07-02,Closed,11742.43,11374.58,14.3,E-0239,CAT-2026-HAIL-MW,Phone,false,Personal Auto,Personal,AZ,Beacon National,1684.29,Rosa Moore,Derek Ruiz,Sofia Hall,true,2026-06-01
INS-CL-000276,CLM-731124,INS-PL-002588,Liability,2026-06-10,2026-06-10,2026-07-01,Closed,13438.83,8552.21,21.4,E-0259,,Mobile App,false,Personal Auto,Personal,NC,Cumulus Mutual,1368.03,Zara Morris,Marcus Jackson,Iris Lopez,false,2026-06-01
INS-CL-000277,CLM-513678,INS-PL-002592,Hail Damage,2026-06-16,2026-06-19,2026-07-28,Closed,3862.08,3950.95,39.8,E-0255,CAT-2026-HAIL-MW,Phone,false,Personal Auto,Personal,CO,Cumulus Mutual,1041.56,Lauren Walker,Andre Davis,Ethan Allen,true,2026-06-01
INS-CL-000278,CLM-535370,INS-PL-002600,Theft,2026-02-23,2026-03-01,2026-04-11,Closed,414.5,354.09,41.3,E-0260,,Mobile App,true,Renters,Personal,OH,Cumulus Mutual,363.24,Hannah Turner,Andre Davis,Carlos Harris,false,2026-02-01
INS-CL-000279,CLM-231326,INS-PL-002611,Water Damage,2025-05-31,2025-06-05,2025-06-12,Closed,6514.08,6698.65,7.9,E-0261,,Web,false,Personal Auto,Personal,NC,Cumulus Mutual,1452.42,Yuki Nguyen,Sofia Baker,Olivia Harris,false,2025-05-01
INS-CL-000280,CLM-490901,INS-PL-002614,Hail Damage,2026-06-15,2026-06-16,2026-07-13,Closed,1978.23,1679.32,27.6,E-0238,CAT-2026-HAIL-MW,Phone,false,Homeowners (HO-3),Personal,AZ,Cumulus Mutual,2604.18,Grace Phillips,Jonathan Nelson,Andre Ashford,true,2026-06-01
INS-CL-000281,CLM-453097,INS-PL-002623,Liability,2025-01-27,2025-01-30,2025-02-17,Closed,3763.27,3039.19,19.0,E-0250,,Phone,false,Small Commercial Package,Commercial,CA,Cumulus Mutual,7222.33,Yuki Silva,Mei Young,Jonathan Taylor,false,2025-01-01
INS-CL-000282,CLM-109778,INS-PL-002653,Liability,2024-11-10,2024-11-14,2024-12-13,Closed,248.12,223.16,29.4,E-0241,,Phone,false,Renters,Personal,GA,Cumulus Mutual,290.69,Daniel Thomas,Jonathan Nelson,Marcus Young,false,2024-11-01
INS-CL-000283,CLM-649584,INS-PL-002654,Fire,2024-11-16,2024-11-18,2024-11-30,Closed,17951.47,16001.42,12.9,E-0239,,Phone,false,Commercial Auto,Commercial,MN,Atlas P&C,4826.33,Felix Moore,Sara Morris,Sofia Hall,false,2024-11-01
INS-CL-000284,CLM-902902,INS-PL-002657,Collision,2025-11-11,2025-11-16,2026-01-12,Closed,8550.88,5056.94,58.0,E-0251,,Web,false,Personal Auto,Personal,IL,Cumulus Mutual,1835.01,Jonathan Anderson,Fatima Campbell,Chloe White,false,2025-11-01
INS-CL-000285,CLM-408680,INS-PL-002665,Liability,2026-06-30,2026-07-05,2026-07-17,Closed,13860.56,11353.2,12.6,E-0260,,Phone,false,Homeowners (HO-3),Personal,CA,Cumulus Mutual,1676.02,Jamal Allen,Layla Bailey,Carlos Harris,false,2026-06-01
INS-CL-000286,CLM-387404,INS-PL-002685,Fire,2025-07-08,2025-07-14,2025-08-07,Closed,9532.2,6068.57,25.0,E-0265,,Mobile App,false,Homeowners (HO-3),Personal,GA,Atlas P&C,1796.31,Zara Patel,Mateo White,Nina Davis,false,2025-07-01
INS-CL-000287,CLM-152544,INS-PL-002739,Fire,2026-06-23,2026-06-26,2026-07-04,Closed,15572.66,13922.35,8.9,E-0237,,Phone,false,Homeowners (HO-3),Personal,AZ,Cumulus Mutual,1716.74,Luis Johnson,Chloe Collins,Emma Phillips,false,2026-06-01
INS-CL-000288,CLM-694026,INS-PL-002742,Theft,2024-09-01,2024-09-02,2024-10-10,Closed,5995.45,5693.0,38.5,E-0238,,Mobile App,false,Personal Auto,Personal,WA,Cumulus Mutual,1023.72,Luis Vaughn,Priya Brown,Andre Ashford,false,2024-09-01
INS-CL-000289,CLM-551933,INS-PL-002746,Liability,2024-09-09,2024-09-09,2024-10-01,Closed,1095.23,884.95,22.5,E-0257,,Phone,false,Umbrella,Personal,AZ,Northwind Assurance,313.0,Priya Mitchell,Iris Nelson,Maya Campbell,false,2024-09-01
INS-CL-000290,CLM-109186,INS-PL-002755,Glass,2025-10-18,2025-10-19,2025-10-28,Closed,8811.84,8138.51,9.9,E-0256,,Mobile App,false,Homeowners (HO-3),Personal,IL,Beacon National,2748.35,Daniel Silva,Hannah Phillips,Hannah Phillips,false,2025-10-01
INS-CL-000291,CLM-178700,INS-PL-002774,Liability,2026-03-29,2026-03-29,2026-04-12,Closed,3447.07,2390.49,14.5,E-0240,,Agent,false,Personal Auto,Personal,FL,Northwind Assurance,867.18,Sara Wright,Marcus Phillips,Lauren Edwards,false,2026-03-01
INS-CL-000292,CLM-259552,INS-PL-002806,Water Damage,2025-12-04,2025-12-08,2026-01-02,Closed,18114.86,11809.43,25.4,E-0239,,Mobile App,false,Personal Auto,Personal,IL,Northwind Assurance,2764.82,Diego Davis,Nina Chen,Sofia Hall,false,2025-12-01
INS-CL-000293,CLM-802058,INS-PL-002809,Fire,2026-01-17,2026-01-18,2026-03-07,Closed,7219.69,7010.11,48.8,E-0258,,Phone,false,Homeowners (HO-3),Personal,UT,Cumulus Mutual,2729.53,Emma Phillips,Hannah Walker,Fatima Jackson,false,2026-01-01
INS-CL-000294,CLM-553492,INS-PL-002843,Glass,2024-10-17,2024-10-20,2024-11-01,Closed,1748.67,1392.65,12.0,E-0246,,Mobile App,false,Personal Auto,Personal,GA,Northwind Assurance,1376.13,Henry Moore,Layla Phillips,Rosa Campbell,false,2024-10-01
INS-CL-000295,CLM-777198,INS-PL-002856,Glass,2026-05-26,2026-05-26,2026-06-06,Closed,5167.42,5076.6,11.7,E-0242,,Phone,false,Homeowners (HO-3),Personal,OR,Beacon National,1184.15,Yuki Roberts,Layla Silva,Jamal Mitchell,false,2026-05-01
INS-CL-000296,CLM-964350,INS-PL-002862,Collision,2024-09-12,2024-09-16,2024-10-11,Closed,426.46,234.23,25.9,E-0258,,Agent,false,Renters,Personal,MA,Cumulus Mutual,325.61,Daniel Brown,Jamal Allen,Fatima Jackson,false,2024-09-01
INS-CL-000297,CLM-353322,INS-PL-002885,Fire,2025-02-21,2025-02-23,2025-04-11,Closed,13805.75,13261.68,47.9,E-0256,,Phone,false,Commercial Auto,Commercial,GA,Northwind Assurance,6391.73,Noah Bailey,Mateo Garcia,Hannah Phillips,false,2025-02-01
INS-CL-000298,CLM-311427,INS-PL-002891,Theft,2026-06-21,2026-06-24,2026-07-11,Closed,890.56,546.7,17.5,E-0262,,Phone,false,Personal Auto,Personal,FL,Beacon National,629.03,Felix Anderson,Owen Davis,Iris Anderson,false,2026-06-01
INS-CL-000299,CLM-426995,INS-PL-002896,Glass,2026-01-13,2026-01-15,2026-02-02,Closed,4229.12,4290.45,18.9,E-0258,,Agent,false,Homeowners (HO-3),Personal,NC,Cumulus Mutual,1283.38,Julian Young,Rosa Thomas,Fatima Jackson,false,2026-01-01
INS-CL-000300,CLM-342988,INS-PL-002910,Hail Damage,2026-06-16,2026-06-19,2026-07-07,Closed,3325.79,2116.08,18.5,E-0243,CAT-2026-HAIL-MW,Mobile App,false,Homeowners (HO-3),Personal,AZ,Cumulus Mutual,2349.58,Jamal Vaughn,Leo Kim,Jamal Campbell,true,2026-06-01
INS-CL-000301,CLM-270759,INS-PL-002913,Liability,2025-03-26,2025-03-27,2025-04-15,Closed,37353.87,33630.72,19.1,E-0246,,Web,false,Small Commercial Package,Commercial,NC,Northwind Assurance,9710.08,Noah Adams,Layla Silva,Rosa Campbell,false,2025-03-01
INS-CL-000302,CLM-161725,INS-PL-002914,Water Damage,2026-03-07,2026-03-07,2026-03-14,Closed,5141.34,4199.08,8.0,E-0256,,Agent,false,Homeowners (HO-3),Personal,FL,Cumulus Mutual,1737.04,Owen Taylor,Hannah Phillips,Hannah Phillips,false,2026-03-01
INS-CL-000303,CLM-210117,INS-PL-002918,Theft,2025-01-17,2025-01-21,2025-02-12,Closed,200,128.26,22.6,E-0256,,Mobile App,false,Renters,Personal,OH,Beacon National,225.24,Marcus Brown,Iris Nelson,Hannah Phillips,false,2025-01-01
INS-CL-000304,CLM-826282,INS-PL-002920,Liability,2026-06-03,2026-06-09,2026-06-27,Closed,1175.45,991.98,18.6,E-0241,,Phone,false,Personal Auto,Personal,MA,Cumulus Mutual,904.6,Layla Thomas,Ravi Hall,Marcus Young,false,2026-06-01
INS-CL-000305,CLM-321644,INS-PL-002922,Collision,2025-04-25,2025-04-26,2025-05-12,Closed,13984.92,9828.6,16.8,E-0239,,Mobile App,false,Personal Auto,Personal,CT,Beacon National,2071.92,Layla Evans,Felix Allen,Sofia Hall,false,2025-04-01
INS-CL-000306,CLM-935791,INS-PL-002944,Glass,2025-05-20,2025-05-26,2025-06-06,Closed,95079.25,93059.45,11.6,E-0237,,Mobile App,false,Commercial Auto,Commercial,GA,Cumulus Mutual,4534.73,Ravi Roberts,Yuki Wright,Emma Phillips,false,2025-05-01
INS-CL-000307,CLM-877535,INS-PL-002949,Liability,2025-09-26,2025-09-26,2025-10-03,Closed,4309.15,2454.14,7.6,E-0241,,Mobile App,false,Umbrella,Personal,NC,Cumulus Mutual,602.83,Tom King,Marcus Phillips,Marcus Young,false,2025-09-01
INS-CL-000308,CLM-650033,INS-PL-002960,Hail Damage,2026-06-14,2026-06-17,2026-07-08,Closed,5230.3,2740.53,21.8,E-0237,CAT-2026-HAIL-MW,Phone,false,Personal Auto,Personal,UT,Atlas P&C,1225.4,Iris Vaughn,Hannah Phillips,Emma Phillips,true,2026-06-01
INS-CL-000309,CLM-898884,INS-PL-002964,Water Damage,2025-05-31,2025-06-05,2025-06-22,Closed,6983.27,6965.59,17.0,E-0237,,Agent,false,Small Commercial Package,Commercial,CA,Beacon National,7487.63,Luis Ruiz,Sofia Baker,Emma Phillips,false,2025-05-01
INS-CL-000310,CLM-419047,INS-PL-002985,Theft,2024-11-13,2024-11-15,2024-12-04,Closed,1182.68,1087.28,19.3,E-0252,,Web,false,Renters,Personal,OH,Cumulus Mutual,490.95,Chloe Turner,Nina Chen,Samuel Lewis,false,2024-11-01
INS-CL-000311,CLM-644456,INS-PL-002991,Collision,2026-05-26,2026-06-01,2026-06-21,Closed,23954.23,20287.53,20.6,E-0255,,Web,false,Small Commercial Package,Commercial,OH,Cumulus Mutual,7621.51,Amara Taylor,Layla Bailey,Ethan Allen,false,2026-05-01
INS-CL-000312,CLM-396164,INS-PL-003005,Hail Damage,2026-06-16,2026-06-17,2026-07-25,Closed,1216.51,1029.8,38.7,E-0242,CAT-2026-HAIL-MW,Mobile App,false,Personal Auto,Personal,UT,Northwind Assurance,899.22,Ethan Roberts,Andre Davis,Jamal Mitchell,true,2026-06-01
INS-CL-000313,CLM-433758,INS-PL-003012,Liability,2025-09-06,2025-09-08,2025-09-20,Closed,4121.05,3441.93,12.6,E-0252,,Web,false,Personal Auto,Personal,CA,Cumulus Mutual,2067.2,Priya White,Felix Allen,Samuel Lewis,false,2025-09-01
INS-CL-000314,CLM-976695,INS-PL-003027,Hail Damage,2026-06-14,2026-06-19,2026-08-11,Closed,9309.3,9455.89,53.1,E-0263,CAT-2026-HAIL-MW,Mobile App,false,Personal Auto,Personal,UT,Atlas P&C,1105.12,Leo Silva,Leo King,Luis Bailey,true,2026-06-01
INS-CL-000315,CLM-879835,INS-PL-003038,Fire,2026-04-09,2026-04-11,2026-04-22,Closed,19189.31,15958.33,11.3,E-0254,,Mobile App,false,Personal Auto,Personal,CT,Cumulus Mutual,2316.17,Tom Carter,Owen Davis,Julian Campbell,false,2026-04-01
INS-CL-000316,CLM-328243,INS-PL-003041,Hail Damage,2026-06-14,2026-06-17,2026-08-02,Closed,26648.71,18166.21,46.7,E-0250,CAT-2026-HAIL-MW,Phone,false,Personal Auto,Personal,CO,Northwind Assurance,1693.52,Ravi Taylor,Layla Bailey,Jonathan Taylor,true,2026-06-01
INS-CL-000317,CLM-708494,INS-PL-003078,Glass,2026-08-31,2026-09-03,,Under Review,30034.17,0,,E-0257,,Phone,false,Commercial Auto,Commercial,AZ,Beacon National,3338.03,Isabella Brown,Mateo Anderson,Maya Campbell,false,2026-08-01
INS-CL-000318,CLM-892326,INS-PL-003082,Collision,2026-06-07,2026-06-08,2026-06-16,Closed,25304.98,16851.19,8.5,E-0248,,Mobile App,false,Homeowners (HO-3),Personal,UT,Beacon National,2961.12,Naomi Adams,Noah Martinez,Yuki Roberts,false,2026-06-01
INS-CL-000319,CLM-998067,INS-PL-003087,Liability,2024-12-23,2024-12-28,2025-01-14,Closed,4125.69,3781.93,17.5,E-0265,,Mobile App,false,Homeowners (HO-3),Personal,OH,Cumulus Mutual,2562.19,Olivia King,Ethan Nelson,Nina Davis,false,2024-12-01
INS-CL-000320,CLM-343671,INS-PL-003094,Hail Damage,2026-06-15,2026-06-16,2026-07-18,Closed,17090.4,12657.9,32.4,E-0240,CAT-2026-HAIL-MW,Phone,false,Personal Auto,Personal,CO,Cumulus Mutual,1766.48,Priya Ruiz,Sara Morris,Lauren Edwards,true,2026-06-01
INS-CL-000321,CLM-523593,INS-PL-003098,Theft,2026-07-17,2026-07-20,2026-08-11,Closed,10454.51,8677.01,22.1,E-0250,,Phone,false,Personal Auto,Personal,WA,Cumulus Mutual,1476.37,Hannah Ashford,Marcus Jackson,Jonathan Taylor,false,2026-07-01
INS-CL-000322,CLM-199306,INS-PL-003106,Glass,2024-10-01,2024-10-05,2024-10-12,Closed,8396.72,8115.18,7.4,E-0258,,Mobile App,false,Personal Auto,Personal,FL,Northwind Assurance,1161.87,Nina Evans,Priya Brown,Fatima Jackson,false,2024-10-01
INS-CL-000323,CLM-684932,INS-PL-003110,Fire,2025-02-21,2025-02-23,2025-03-12,Closed,6993.54,6023.12,17.3,E-0256,,Mobile App,false,Personal Auto,Personal,UT,Cumulus Mutual,2379.96,Isabella Anderson,Hannah Walker,Hannah Phillips,false,2025-02-01
INS-CL-000324,CLM-468893,INS-PL-003126,Fire,2026-08-21,2026-08-26,,Open,3047.74,0,,E-0249,,Phone,false,Homeowners (HO-3),Personal,NC,Cumulus Mutual,2008.19,Henry Turner,Daniel Miller,Fatima Brown,false,2026-08-01
INS-CL-000325,CLM-697100,INS-PL-003134,Collision,2025-05-19,2025-05-23,2025-06-23,Closed,21525.71,11017.25,31.5,E-0249,,Phone,false,Homeowners (HO-3),Personal,UT,Beacon National,2751.85,Hannah Johnson,Layla Anderson,Fatima Brown,false,2025-05-01
INS-CL-000326,CLM-506710,INS-PL-003138,Fire,2024-10-20,2024-10-25,2024-11-18,Closed,40887.85,36200.74,24.4,E-0265,,Mobile App,false,Homeowners (HO-3),Personal,FL,Cumulus Mutual,2458.34,Iris Martinez,Felix Brown,Nina Davis,false,2024-10-01
INS-CL-000327,CLM-108168,INS-PL-003147,Hail Damage,2026-06-16,2026-06-22,2026-07-19,Closed,3215.26,1704.95,27.1,E-0237,CAT-2026-HAIL-MW,Web,false,Homeowners (HO-3),Personal,AZ,Cumulus Mutual,2377.69,Yuki Harris,Diego Anderson,Emma Phillips,true,2026-06-01
INS-CL-000328,CLM-675428,INS-PL-003154,Collision,2025-01-27,2025-01-28,2025-02-16,Closed,13264.1,12120.36,19.8,E-0237,,Mobile App,false,Personal Auto,Personal,NC,Beacon National,1164.82,Elena Green,Chloe Collins,Emma Phillips,false,2025-01-01
INS-CL-000329,CLM-915114,INS-PL-003157,Hail Damage,2026-06-17,2026-06-23,2026-08-11,Closed,4526.02,3768.51,49.3,E-0261,CAT-2026-HAIL-MW,Mobile App,false,Homeowners (HO-3),Personal,UT,Northwind Assurance,1653.92,Jonathan Lewis,Sofia Baker,Olivia Harris,true,2026-06-01
INS-CL-000330,CLM-594033,INS-PL-003163,Collision,2026-01-02,2026-01-07,2026-02-19,Closed,24029.79,22446.55,43.9,E-0249,,Web,false,Commercial Auto,Commercial,GA,Cumulus Mutual,6699.32,Jamal Taylor,Priya Brown,Fatima Brown,false,2026-01-01
INS-CL-000331,CLM-860068,INS-PL-003164,Water Damage,2025-01-31,2025-01-31,2025-02-24,Closed,27699.66,27344.98,24.5,E-0239,,Mobile App,false,Personal Auto,Personal,OH,Atlas P&C,1301.28,Chloe King,Marcus Phillips,Sofia Hall,false,2025-01-01
INS-CL-000332,CLM-702654,INS-PL-003171,Glass,2026-06-08,2026-06-08,2026-06-19,Closed,6211.75,3203.36,11.9,E-0253,,Mobile App,false,Personal Auto,Personal,CO,Cumulus Mutual,1441.65,Owen Nguyen,Mei Young,Grace Garcia,false,2026-06-01
INS-CL-000333,CLM-850616,INS-PL-003175,Wind,2026-08-13,2026-08-16,,Under Review,214.5,0,,E-0244,,Mobile App,false,Renters,Personal,WA,Cumulus Mutual,296.99,Luis Baker,Layla Bailey,Isabella Roberts,false,2026-08-01
INS-CL-000334,CLM-881443,INS-PL-003178,Collision,2025-12-05,2025-12-09,2026-01-03,Closed,13786.5,10867.58,25.3,E-0249,,Phone,false,Personal Auto,Personal,NY,Atlas P&C,1543.89,Wei Parker,Hannah Carter,Fatima Brown,false,2025-12-01
INS-CL-000335,CLM-282134,INS-PL-003184,Water Damage,2025-01-14,2025-01-15,2025-01-31,Closed,6967.55,4031.9,16.0,E-0236,,Phone,false,Personal Auto,Personal,CO,Atlas P&C,1705.99,Tom Phillips,Layla Silva,Jonathan Taylor,false,2025-01-01
INS-CL-000336,CLM-978040,INS-PL-003186,Liability,2025-09-04,2025-09-04,2025-10-09,Closed,9643.9,6286.59,35.4,E-0242,,Agent,true,Personal Auto,Personal,OR,Northwind Assurance,1433.96,Luis Phillips,Noah Martinez,Jamal Mitchell,false,2025-09-01
INS-CL-000337,CLM-327153,INS-PL-003214,Water Damage,2024-12-22,2024-12-28,2025-01-18,Closed,2749.21,2200.58,21.8,E-0236,,Phone,false,Renters,Personal,OH,Cumulus Mutual,163.05,Tom Okafor,Ethan Lewis,Jonathan Taylor,false,2024-12-01
INS-CL-000338,CLM-808184,INS-PL-003217,Collision,2025-11-28,2025-12-01,2025-12-13,Closed,772.82,404.58,12.2,E-0264,,Mobile App,false,Personal Auto,Personal,CA,Beacon National,613.94,Chloe Anderson,Iris Nelson,Layla Collins,false,2025-11-01
INS-CL-000339,CLM-253157,INS-PL-003227,Water Damage,2026-08-31,2026-09-06,,Awaiting Documents,4076.79,0,,E-0265,,Agent,false,Personal Auto,Personal,OR,Atlas P&C,1507.5,Felix Harris,Derek Brown,Nina Davis,false,2026-08-01
INS-CL-000340,CLM-856089,INS-PL-003253,Hail Damage,2026-06-16,2026-06-16,2026-07-11,Closed,10061.82,5846.48,25.4,E-0240,CAT-2026-HAIL-MW,Agent,false,Personal Auto,Personal,CO,Northwind Assurance,1049.74,Diego Scott,Mateo Garcia,Lauren Edwards,true,2026-06-01
INS-CL-000341,CLM-619372,INS-PL-003255,Liability,2024-12-13,2024-12-15,2025-01-11,Closed,1382.91,1304.45,27.6,E-0236,,Phone,false,Personal Auto,Personal,MN,Cumulus Mutual,1353.98,Lauren Carter,Sara Morris,Jonathan Taylor,false,2024-12-01
INS-CL-000342,CLM-333688,INS-PL-003263,Theft,2024-12-22,2024-12-24,2025-01-15,Closed,14136.0,14002.54,22.9,E-0257,,Agent,false,Personal Auto,Personal,OH,Cumulus Mutual,1709.98,Diego Ashford,Layla Phillips,Maya Campbell,false,2024-12-01
INS-CL-000343,CLM-648484,INS-PL-003272,Glass,2024-10-21,2024-10-27,2024-11-05,Closed,3040.71,2029.45,9.4,E-0241,,Mobile App,false,Commercial Auto,Commercial,NC,Beacon National,4037.12,Aisha Chen,Noah Martinez,Marcus Young,false,2024-10-01
INS-CL-000344,CLM-944030,INS-PL-003275,Fire,2026-07-17,2026-07-20,2026-08-24,Closed,18331.57,18216.81,35.8,E-0265,,Mobile App,false,Personal Auto,Personal,MN,Cumulus Mutual,1629.09,Noah Nelson,Ethan Nelson,Nina Davis,false,2026-07-01
INS-CL-000345,CLM-454309,INS-PL-003283,Glass,2025-11-11,2025-11-13,2025-11-25,Closed,4809.83,4552.02,13.0,E-0238,,Agent,false,Small Commercial Package,Commercial,OH,Atlas P&C,4821.28,Maya Vaughn,Hannah Carter,Andre Ashford,false,2025-11-01
INS-CL-000346,CLM-643055,INS-PL-003286,Wind,2025-10-19,2025-10-25,2025-11-30,Closed,2360.31,2387.66,36.5,E-0244,,Agent,false,Homeowners (HO-3),Personal,UT,Atlas P&C,1272.96,Grace Carter,Hannah Walker,Isabella Roberts,false,2025-10-01
INS-CL-000347,CLM-105837,INS-PL-003317,Glass,2024-10-20,2024-10-21,2024-11-09,Closed,12696.82,10472.14,19.9,E-0262,,Mobile App,false,Small Commercial Package,Commercial,GA,Atlas P&C,8384.65,Owen Ashford,Lauren Nguyen,Iris Anderson,false,2024-10-01
INS-CL-000348,CLM-472575,INS-PL-003329,Liability,2025-09-01,2025-09-03,2025-09-19,Closed,4140.26,2784.2,16.1,E-0248,,Phone,false,Personal Auto,Personal,MA,Beacon National,2987.33,Henry Nguyen,Fatima Campbell,Yuki Roberts,false,2025-09-01
INS-CL-000349,CLM-835528,INS-PL-003352,Hail Damage,2026-06-17,2026-06-22,2026-07-12,Closed,21072.68,18062.12,20.0,E-0253,CAT-2026-HAIL-MW,Mobile App,false,Personal Auto,Personal,AZ,Cumulus Mutual,1582.35,Marcus Ruiz,Jamal Allen,Grace Garcia,true,2026-06-01
INS-CL-000350,CLM-846346,INS-PL-003357,Fire,2024-09-22,2024-09-23,2024-10-23,Closed,4997.28,4471.73,30.7,E-0264,,Mobile App,false,Personal Auto,Personal,UT,Cumulus Mutual,2134.61,Leo Lopez,Carlos Scott,Layla Collins,false,2024-09-01
INS-CL-000351,CLM-226414,INS-PL-003367,Collision,2026-08-27,2026-09-01,,Under Review,1444.82,0,,E-0240,,Phone,false,Homeowners (HO-3),Personal,WA,Cumulus Mutual,720.0,Marcus Mitchell,Hannah Carter,Lauren Edwards,false,2026-08-01
INS-CL-000352,CLM-401702,INS-PL-003370,Fire,2026-04-17,2026-04-20,2026-05-03,Closed,1322.1,945.07,13.1,E-0240,,Mobile App,false,Renters,Personal,OH,Cumulus Mutual,340.91,Leo Phillips,Ravi Green,Lauren Edwards,false,2026-04-01
INS-CL-000353,CLM-686335,INS-PL-003375,Wind,2026-03-09,2026-03-13,2026-04-01,Closed,2278.79,1329.51,19.5,E-0248,,Agent,false,Personal Auto,Personal,AZ,Northwind Assurance,1147.41,Leo Silva,Ravi Green,Yuki Roberts,false,2026-03-01
INS-CL-000354,CLM-993771,INS-PL-003384,Liability,2025-12-16,2025-12-19,2026-01-01,Closed,5865.18,3893.85,13.5,E-0260,,Mobile App,false,Personal Auto,Personal,OH,Beacon National,871.27,Sara Green,Layla Silva,Carlos Harris,false,2025-12-01
INS-CL-000355,CLM-149199,INS-PL-003386,Liability,2025-10-30,2025-10-31,2025-11-22,Closed,11174.36,11423.82,22.8,E-0243,,Mobile App,false,Homeowners (HO-3),Personal,CO,Beacon National,2721.29,Wei Okafor,Owen Davis,Jamal Campbell,false,2025-10-01
INS-CL-000356,CLM-590384,INS-PL-003397,Water Damage,2024-09-05,2024-09-11,2024-09-26,Closed,71079.93,51694.15,15.4,E-0241,,Phone,false,Small Commercial Package,Commercial,AZ,Cumulus Mutual,6275.17,Daniel Vaughn,Rosa Thomas,Marcus Young,false,2024-09-01
INS-CL-000357,CLM-452622,INS-PL-003402,Wind,2025-09-08,2025-09-13,2025-10-06,Closed,6064.59,4125.44,23.5,E-0237,,Mobile App,false,Personal Auto,Personal,OH,Atlas P&C,1540.85,Ravi Anderson,Hannah Phillips,Emma Phillips,false,2025-09-01
INS-CL-000358,CLM-137733,INS-PL-003434,Glass,2025-07-15,2025-07-18,2025-08-07,Closed,14499.95,13232.79,20.9,E-0236,,Agent,false,Personal Auto,Personal,CO,Northwind Assurance,1364.36,Jonathan Vaughn,Derek Brown,Jonathan Taylor,false,2025-07-01
INS-CL-000359,CLM-289462,INS-PL-003451,Theft,2026-03-18,2026-03-19,2026-03-31,Closed,861.67,474.52,12.6,E-0260,,Agent,false,Umbrella,Personal,OR,Cumulus Mutual,447.8,Kenji Kim,Julian Green,Carlos Harris,false,2026-03-01
INS-CL-000360,CLM-755907,INS-PL-003470,Theft,2025-09-03,2025-09-09,2025-10-09,Closed,15026.68,10522.45,30.1,E-0254,,Mobile App,false,Small Commercial Package,Commercial,CA,Cumulus Mutual,7981.94,Emma Turner,Ethan Lewis,Julian Campbell,false,2025-09-01
INS-CL-000361,CLM-752445,INS-PL-003519,Wind,2024-09-07,2024-09-10,2024-09-21,Closed,1771.41,1068.24,11.5,E-0257,,Mobile App,false,Personal Auto,Personal,UT,Atlas P&C,908.14,Victor Baker,Carlos Scott,Maya Campbell,false,2024-09-01
INS-CL-000362,CLM-507737,INS-PL-003527,Liability,2026-01-19,2026-01-22,2026-02-12,Closed,27062.69,17268.13,21.7,E-0256,,Phone,false,Homeowners (HO-3),Personal,UT,Cumulus Mutual,2791.84,Maya Carter,Victor Young,Hannah Phillips,false,2026-01-01
INS-CL-000363,CLM-563996,INS-PL-003547,Liability,2025-07-18,2025-07-20,2025-09-08,Closed,4865.25,3619.5,50.7,E-0264,,Mobile App,false,Personal Auto,Personal,FL,Cumulus Mutual,2311.04,Andre Chen,Marcus Jackson,Layla Collins,false,2025-07-01
INS-CL-000364,CLM-742610,INS-PL-003557,Water Damage,2025-02-15,2025-02-21,2025-03-16,Closed,2792.61,2880.83,23.2,E-0251,,Phone,false,Homeowners (HO-3),Personal,CT,Cumulus Mutual,1257.79,Sara Moore,Felix Brown,Chloe White,false,2025-02-01
INS-CL-000365,CLM-138518,INS-PL-003558,Liability,2025-05-24,2025-05-28,2025-06-19,Closed,72537.36,48806.96,23.0,E-0243,,Mobile App,false,Homeowners (HO-3),Personal,CO,Cumulus Mutual,2344.25,Aisha Silva,Marcus Jackson,Jamal Campbell,false,2025-05-01
INS-CL-000366,CLM-467149,INS-PL-003605,Fire,2024-09-03,2024-09-04,2024-11-05,Closed,3936.26,3353.48,62.5,E-0260,,Web,false,Homeowners (HO-3),Personal,IL,Beacon National,1994.24,Henry Campbell,Andre Allen,Carlos Harris,false,2024-09-01
INS-CL-000367,CLM-167724,INS-PL-003609,Fire,2025-02-14,2025-02-14,2025-03-15,Closed,3992.42,3893.5,29.9,E-0236,,Agent,false,Personal Auto,Personal,MN,Cumulus Mutual,970.96,Fatima Campbell,Chloe Collins,Jonathan Taylor,false,2025-02-01
INS-CL-000368,CLM-223051,INS-PL-003624,Fire,2026-03-17,2026-03-21,2026-04-05,Closed,4444.45,2402.69,15.5,E-0244,,Web,false,Personal Auto,Personal,CO,Beacon National,1492.88,Grace Lewis,Mateo Anderson,Isabella Roberts,false,2026-03-01
INS-CL-000369,CLM-666806,INS-PL-003630,Collision,2026-03-09,2026-03-15,2026-04-12,Closed,29853.99,19460.6,28.2,E-0240,,Agent,true,Homeowners (HO-3),Personal,MA,Atlas P&C,1549.79,Sofia Harris,Rosa Thomas,Lauren Edwards,false,2026-03-01
INS-CL-000370,CLM-304465,INS-PL-003662,Glass,2025-04-15,2025-04-15,2025-05-12,Closed,1096.69,1017.61,27.5,E-0261,,Mobile App,false,Renters,Personal,GA,Cumulus Mutual,357.08,Sofia Parker,Rosa Thomas,Olivia Harris,false,2025-04-01
INS-CL-000371,CLM-340320,INS-PL-003686,Glass,2025-04-15,2025-04-21,2025-05-13,Closed,17193.07,16379.27,22.7,E-0245,,Phone,false,Commercial Auto,Commercial,IL,Cumulus Mutual,2505.85,Ines Phillips,Hannah Garcia,Ines Ashford,false,2025-04-01
INS-CL-000372,CLM-741297,INS-PL-003689,Liability,2026-07-14,2026-07-16,2026-08-11,Closed,3430.45,3459.63,26.1,E-0257,,Mobile App,false,Personal Auto,Personal,NY,Atlas P&C,1306.8,Julian Miller,Hannah Phillips,Maya Campbell,false,2026-07-01
INS-CL-000373,CLM-803254,INS-PL-003704,Water Damage,2026-01-11,2026-01-12,2026-02-08,Closed,6536.21,5893.7,27.1,E-0253,,Agent,true,Personal Auto,Personal,NC,Cumulus Mutual,1033.07,Noah Chen,Mei Young,Grace Garcia,false,2026-01-01
INS-CL-000374,CLM-887337,INS-PL-003709,Hail Damage,2026-06-16,2026-06-16,2026-06-27,Closed,1530.04,972.03,11.8,E-0265,CAT-2026-HAIL-MW,Mobile App,false,Homeowners (HO-3),Personal,AZ,Cumulus Mutual,1617.0,Aisha Turner,Layla Bailey,Nina Davis,true,2026-06-01
INS-CL-000375,CLM-246993,INS-PL-003724,Collision,2024-09-08,2024-09-08,2024-10-04,Closed,3982.15,2430.28,26.5,E-0242,,Agent,false,Homeowners (HO-3),Personal,CT,Atlas P&C,1714.14,Lauren Anderson,Derek Brown,Jamal Mitchell,false,2024-09-01
INS-CL-000376,CLM-695289,INS-PL-003725,Hail Damage,2026-06-18,2026-06-18,2026-07-11,Closed,6620.74,3967.87,23.9,E-0251,CAT-2026-HAIL-MW,Mobile App,false,Personal Auto,Personal,UT,Northwind Assurance,1420.6,Emma Clark,Andre Davis,Chloe White,true,2026-06-01
INS-CL-000377,CLM-629767,INS-PL-003726,Wind,2026-03-14,2026-03-16,2026-03-30,Closed,60369.3,45475.64,14.9,E-0262,,Mobile App,false,Small Commercial Package,Commercial,CT,Atlas P&C,6144.78,Luis Morris,Diego Anderson,Iris Anderson,false,2026-03-01
INS-CL-000378,CLM-712946,INS-PL-003736,Collision,2024-11-09,2024-11-09,2024-11-26,Closed,9793.48,8206.66,17.7,E-0241,,Phone,false,Homeowners (HO-3),Personal,OR,Atlas P&C,2163.52,Marcus Scott,Grace Bailey,Marcus Young,false,2024-11-01
INS-CL-000379,CLM-478903,INS-PL-003737,Collision,2025-10-14,2025-10-17,2025-10-31,Closed,86861.79,46017.2,14.9,E-0244,,Mobile App,false,Homeowners (HO-3),Personal,GA,Beacon National,3420.18,Lauren Vaughn,Victor Young,Isabella Roberts,false,2025-10-01
INS-CL-000380,CLM-180095,INS-PL-003739,Theft,2026-05-11,2026-05-17,2026-05-27,Closed,14426.19,15050.07,10.7,E-0263,,Mobile App,false,Homeowners (HO-3),Personal,GA,Cumulus Mutual,2593.16,Ravi Johnson,Victor Walker,Luis Bailey,false,2026-05-01
INS-CL-000381,CLM-632392,INS-PL-003748,Theft,2024-09-17,2024-09-21,2024-10-09,Closed,3404.77,3254.14,18.1,E-0259,,Agent,false,Personal Auto,Personal,NY,Atlas P&C,953.01,Felix Thomas,Mateo Garcia,Iris Lopez,false,2024-09-01
INS-CL-000382,CLM-408031,INS-PL-003756,Theft,2025-11-20,2025-11-25,2025-12-16,Closed,13466.4,9333.54,21.5,E-0254,,Web,false,Personal Auto,Personal,GA,Cumulus Mutual,2219.99,Carlos Clark,Marcus Phillips,Julian Campbell,false,2025-11-01
INS-CL-000383,CLM-692672,INS-PL-003761,Collision,2026-06-05,2026-06-08,2026-07-02,Closed,7373.59,4769.23,24.6,E-0262,,Mobile App,false,Personal Auto,Personal,OR,Atlas P&C,1549.53,Sofia Harris,Mei Young,Iris Anderson,false,2026-06-01
INS-CL-000384,CLM-144973,INS-PL-003768,Liability,2025-03-22,2025-03-22,2025-04-09,Closed,8442.22,5719.58,18.6,E-0252,,Phone,false,Personal Auto,Personal,CT,Atlas P&C,2372.94,Owen Anderson,Owen Davis,Samuel Lewis,false,2025-03-01
INS-CL-000385,CLM-518140,INS-PL-003781,Hail Damage,2026-06-15,2026-06-19,2026-07-10,Closed,4369.15,4058.05,21.6,E-0263,CAT-2026-HAIL-MW,Agent,false,Personal Auto,Personal,UT,Atlas P&C,1350.45,Ravi Green,Marcus Phillips,Luis Bailey,true,2026-06-01
INS-CL-000386,CLM-247472,INS-PL-003792,Water Damage,2025-01-20,2025-01-22,2025-02-19,Closed,2310.85,2098.8,28.8,E-0253,,Mobile App,false,Commercial Auto,Commercial,MA,Cumulus Mutual,4293.51,Elena Miller,Ines Jackson,Grace Garcia,false,2025-01-01
INS-CL-000387,CLM-953167,INS-PL-003797,Glass,2026-05-25,2026-05-28,2026-06-19,Closed,200,170.16,22.9,E-0255,,Agent,false,Renters,Personal,AZ,Cumulus Mutual,221.17,Ava Vaughn,Lauren Nguyen,Ethan Allen,false,2026-05-01
INS-CL-000388,CLM-689532,INS-PL-003809,Collision,2024-09-13,2024-09-14,2024-09-28,Closed,2993.52,2877.89,14.2,E-0260,,Mobile App,false,Renters,Personal,FL,Northwind Assurance,450.21,Henry Walker,Priya Brown,Carlos Harris,false,2024-09-01
INS-CL-000389,CLM-647527,INS-PL-003828,Hail Damage,2026-06-16,2026-06-18,2026-07-24,Closed,18607.19,17171.13,36.7,E-0256,CAT-2026-HAIL-MW,Phone,false,Homeowners (HO-3),Personal,AZ,Northwind Assurance,2221.41,Rosa Wright,Owen Davis,Hannah Phillips,true,2026-06-01
INS-CL-000390,CLM-740366,INS-PL-003843,Theft,2025-03-01,2025-03-07,2025-04-10,Closed,8022.57,7553.01,34.9,E-0261,,Phone,false,Commercial Auto,Commercial,MN,Cumulus Mutual,2881.78,Rosa Stewart,Leo Kim,Olivia Harris,false,2025-03-01
INS-CL-000391,CLM-932484,INS-PL-003859,Theft,2025-05-26,2025-05-29,2025-06-21,Closed,13938.86,8307.3,23.4,E-0237,,Phone,false,Commercial Auto,Commercial,WA,Beacon National,3117.98,Tom Thomas,Derek Brown,Emma Phillips,false,2025-05-01
INS-CL-000392,CLM-985369,INS-PL-003879,Collision,2025-04-02,2025-04-02,2025-04-18,Closed,24349.97,22925.43,16.6,E-0238,,Mobile App,false,Small Commercial Package,Commercial,AZ,Atlas P&C,7453.69,Owen Anderson,Victor Young,Andre Ashford,false,2025-04-01
INS-CL-000393,CLM-876722,INS-PL-003885,Hail Damage,2026-06-15,2026-06-15,2026-07-26,Closed,9503.07,5557.78,41.5,E-0260,CAT-2026-HAIL-MW,Mobile App,false,Personal Auto,Personal,UT,Beacon National,1170.15,Priya Stewart,Nina Chen,Carlos Harris,true,2026-06-01
INS-CL-000394,CLM-321894,INS-PL-003888,Liability,2025-10-17,2025-10-23,2025-11-22,Closed,9290.59,4760.49,30.3,E-0241,,Phone,false,Personal Auto,Personal,NC,Beacon National,792.28,Derek Johnson,Iris Nelson,Marcus Young,false,2025-10-01
INS-CL-000395,CLM-646286,INS-PL-003891,Glass,2024-09-19,2024-09-24,2024-10-06,Closed,48179.81,39056.6,12.3,E-0262,,Agent,false,Personal Auto,Personal,OR,Cumulus Mutual,1789.59,Olivia Thomas,Yuki Wright,Iris Anderson,false,2024-09-01
INS-CL-000396,CLM-360619,INS-PL-003904,Hail Damage,2026-06-14,2026-06-20,2026-07-13,Closed,3630.95,2662.49,23.2,E-0245,CAT-2026-HAIL-MW,Agent,false,Personal Auto,Personal,AZ,Cumulus Mutual,1677.87,Lauren Patel,Owen Davis,Ines Ashford,true,2026-06-01
INS-CL-000397,CLM-995793,INS-PL-003914,Liability,2026-05-14,2026-05-16,2026-06-20,Closed,14962.3,11057.28,36.0,E-0253,,Mobile App,false,Personal Auto,Personal,NC,Beacon National,1057.22,Yuki Roberts,Mateo White,Grace Garcia,false,2026-05-01
INS-CL-000398,CLM-978627,INS-PL-003923,Glass,2026-07-26,2026-07-30,2026-08-14,Closed,445.88,280.86,15.5,E-0244,,Phone,false,Renters,Personal,FL,Northwind Assurance,239.68,Samuel Stewart,Hannah Walker,Isabella Roberts,false,2026-07-01
INS-CL-000399,CLM-967585,INS-PL-003928,Theft,2024-09-07,2024-09-07,2024-09-20,Closed,813.45,443.52,13.0,E-0263,,Agent,false,Umbrella,Personal,OH,Beacon National,444.92,Grace Scott,Layla Phillips,Luis Bailey,false,2024-09-01
INS-CL-000400,CLM-151688,INS-PL-003952,Hail Damage,2026-06-14,2026-06-16,2026-06-26,Closed,2645.34,1476.13,10.1,E-0256,CAT-2026-HAIL-MW,Agent,false,Homeowners (HO-3),Personal,CO,Northwind Assurance,1613.31,Ben Baker,Zara Moore,Hannah Phillips,true,2026-06-01
INS-CL-000401,CLM-810467,INS-PL-003953,Glass,2026-03-26,2026-03-27,2026-04-05,Closed,200,163.77,9.1,E-0254,,Phone,false,Renters,Personal,CO,Northwind Assurance,211.74,Daniel Green,Diego Anderson,Julian Campbell,false,2026-03-01
INS-CL-000402,CLM-358153,INS-PL-003961,Liability,2024-10-04,2024-10-10,2024-11-06,Closed,15222.14,8389.97,27.4,E-0251,,Agent,false,Homeowners (HO-3),Personal,FL,Beacon National,1634.62,Tom Lewis,Sara Morris,Chloe White,false,2024-10-01
INS-CL-000403,CLM-860205,INS-PL-003966,Fire,2025-03-26,2025-03-28,2025-04-23,Closed,572.8,516.26,26.9,E-0254,,Mobile App,false,Personal Auto,Personal,MA,Cumulus Mutual,947.39,Owen White,Tom Ruiz,Julian Campbell,false,2025-03-01
INS-CL-000404,CLM-182133,INS-PL-003977,Theft,2024-09-07,2024-09-11,2024-09-25,Closed,7265.83,5991.15,15.0,E-0250,,Phone,false,Homeowners (HO-3),Personal,GA,Northwind Assurance,2188.01,Tom Kim,Maya Parker,Jonathan Taylor,false,2024-09-01
INS-CL-000405,CLM-783248,INS-PL-003983,Liability,2024-11-18,2024-11-24,2024-12-10,Closed,5869.33,6098.2,16.0,E-0239,,Mobile App,false,Homeowners (HO-3),Personal,NY,Northwind Assurance,1855.27,Elena Stewart,Leo King,Sofia Hall,false,2024-11-01
INS-CL-000406,CLM-670290,INS-PL-003994,Wind,2025-06-12,2025-06-13,2025-07-11,Closed,22763.34,14815.4,28.9,E-0237,,Phone,false,Commercial Auto,Commercial,AZ,Northwind Assurance,8469.92,Kenji Lewis,Jamal Allen,Emma Phillips,false,2025-06-01
INS-CL-000407,CLM-683550,INS-PL-003995,Fire,2026-02-10,2026-02-13,2026-03-09,Closed,6233.0,5251.96,24.6,E-0265,,Phone,false,Homeowners (HO-3),Personal,WA,Beacon National,1662.97,Sara White,Iris Nelson,Nina Davis,false,2026-02-01
INS-CL-000408,CLM-582613,INS-PL-004012,Water Damage,2024-10-20,2024-10-22,2024-11-22,Closed,20019.43,15456.32,31.7,E-0248,,Phone,false,Small Commercial Package,Commercial,GA,Cumulus Mutual,5794.31,Emma Hall,Rosa Thomas,Yuki Roberts,false,2024-10-01
INS-CL-000409,CLM-299498,INS-PL-004018,Glass,2024-12-26,2024-12-26,2025-01-11,Closed,1601.18,1248.11,16.2,E-0263,,Phone,false,Personal Auto,Personal,AZ,Cumulus Mutual,941.25,Grace Phillips,Mateo Garcia,Luis Bailey,false,2024-12-01
INS-CL-000410,CLM-865485,INS-PL-004039,Collision,2024-10-12,2024-10-17,2024-11-04,Closed,15824.58,15674.27,18.9,E-0236,,Web,false,Personal Auto,Personal,GA,Cumulus Mutual,2100.2,Noah Green,Mei Young,Jonathan Taylor,false,2024-10-01
INS-CL-000411,CLM-602471,INS-PL-004045,Theft,2026-08-25,2026-08-26,,Open,6653.15,0,,E-0254,,Phone,false,Personal Auto,Personal,CO,Northwind Assurance,3117.25,Diego Davis,Layla Phillips,Julian Campbell,false,2026-08-01
INS-CL-000412,CLM-755261,INS-PL-004069,Theft,2025-03-08,2025-03-12,2025-04-12,Closed,22147.43,14910.03,31.4,E-0252,,Mobile App,false,Commercial Auto,Commercial,CO,Northwind Assurance,6037.09,Zara Parker,Victor Roberts,Samuel Lewis,false,2025-03-01
INS-CL-000413,CLM-663011,INS-PL-004082,Wind,2025-01-23,2025-01-28,2025-02-10,Closed,200,178.71,13.6,E-0244,,Phone,false,Renters,Personal,IL,Beacon National,206.31,Ethan Bailey,Tom Ruiz,Isabella Roberts,false,2025-01-01
INS-CL-000414,CLM-834526,INS-PL-004089,Collision,2024-10-24,2024-10-25,2024-11-10,Closed,3289.16,2832.14,16.4,E-0264,,Agent,false,Personal Auto,Personal,FL,Cumulus Mutual,1166.41,Wei Roberts,Mateo Garcia,Layla Collins,false,2024-10-01
INS-CL-000415,CLM-598384,INS-PL-004092,Hail Damage,2026-06-14,2026-06-18,2026-07-03,Closed,5099.59,2796.18,15.2,E-0265,CAT-2026-HAIL-MW,Mobile App,false,Personal Auto,Personal,UT,Northwind Assurance,2395.59,Elena Bailey,Hannah Garcia,Nina Davis,true,2026-06-01
INS-CL-000416,CLM-459967,INS-PL-004115,Wind,2025-01-20,2025-01-23,2025-02-11,Closed,9081.84,8199.09,19.8,E-0239,,Web,false,Umbrella,Personal,UT,Beacon National,839.95,Maya Ashford,Elena Davis,Sofia Hall,false,2025-01-01
INS-CL-000417,CLM-933980,INS-PL-004146,Glass,2026-07-04,2026-07-08,2026-08-02,Closed,9114.52,7977.45,25.8,E-0251,,Agent,false,Personal Auto,Personal,CO,Atlas P&C,2079.83,Tom Lopez,Maya Okafor,Chloe White,false,2026-07-01
INS-CL-000418,CLM-379719,INS-PL-004158,Fire,2026-01-03,2026-01-07,2026-01-13,Closed,22135.21,12884.84,6.8,E-0264,,Mobile App,false,Homeowners (HO-3),Personal,OH,Beacon National,2532.89,Lauren Hall,Hannah Garcia,Layla Collins,false,2026-01-01
INS-CL-000419,CLM-259072,INS-PL-004159,Fire,2025-05-04,2025-05-05,2025-06-02,Closed,5148.46,3370.75,28.3,E-0239,,Phone,false,Personal Auto,Personal,CO,Cumulus Mutual,1722.99,Ethan Phillips,Derek Ruiz,Sofia Hall,false,2025-05-01
INS-CL-000420,CLM-719499,INS-PL-004161,Wind,2024-09-05,2024-09-11,2024-10-04,Closed,10813.54,8331.24,23.5,E-0253,,Mobile App,false,Commercial Auto,Commercial,NY,Atlas P&C,3092.38,Leo Johnson,Sofia Baker,Grace Garcia,false,2024-09-01
INS-CL-000421,CLM-753314,INS-PL-004165,Theft,2025-03-01,2025-03-05,2025-03-14,Closed,1818.53,1473.52,9.5,E-0241,,Agent,false,Personal Auto,Personal,FL,Northwind Assurance,1058.05,Olivia Ruiz,Sofia Baker,Marcus Young,false,2025-03-01
INS-CL-000422,CLM-468317,INS-PL-004166,Fire,2024-12-08,2024-12-11,2024-12-20,Closed,2348.39,1892.96,9.5,E-0248,,Phone,false,Personal Auto,Personal,OH,Beacon National,1591.85,Lauren Walker,Priya Brown,Yuki Roberts,false,2024-12-01
INS-CL-000423,CLM-828934,INS-PL-004189,Collision,2026-07-26,2026-08-01,,Awaiting Documents,7271.85,0,,E-0258,,Phone,false,Personal Auto,Personal,MN,Beacon National,955.61,Nora Kim,Maya Okafor,Fatima Jackson,false,2026-07-01
INS-CL-000424,CLM-959949,INS-PL-004190,Liability,2025-08-26,2025-08-29,2025-09-16,Closed,11812.4,6289.13,18.5,E-0253,,Mobile App,false,Personal Auto,Personal,CO,Cumulus Mutual,2106.53,Isabella Lewis,Owen King,Grace Garcia,false,2025-08-01
INS-CL-000425,CLM-245395,INS-PL-004197,Water Damage,2026-06-17,2026-06-19,2026-07-06,Closed,11691.05,10127.71,17.8,E-0263,,Phone,false,Personal Auto,Personal,GA,Beacon National,1781.87,Noah Silva,Nina Chen,Luis Bailey,false,2026-06-01
INS-CL-000426,CLM-889988,INS-PL-004200,Liability,2024-09-25,2024-09-27,2024-10-07,Closed,3898.03,2255.35,10.2,E-0241,,Web,false,Personal Auto,Personal,CA,Cumulus Mutual,827.45,Ravi Lewis,Andre Allen,Marcus Young,false,2024-09-01
INS-CL-000427,CLM-551954,INS-PL-004217,Liability,2024-09-27,2024-10-02,2024-11-03,Closed,7230.06,7572.4,33.0,E-0251,,Agent,false,Small Commercial Package,Commercial,MN,Cumulus Mutual,7012.21,Zara Green,Rosa Thomas,Chloe White,false,2024-09-01
INS-CL-000428,CLM-448497,INS-PL-004221,Liability,2025-12-21,2025-12-21,2026-01-05,Closed,5462.23,5411.63,15.2,E-0237,,Mobile App,false,Homeowners (HO-3),Personal,IL,Cumulus Mutual,1646.91,Julian Allen,Olivia White,Emma Phillips,false,2025-12-01
INS-CL-000429,CLM-134027,INS-PL-004229,Theft,2025-03-11,2025-03-11,2025-03-29,Closed,56642.66,54158.8,18.5,E-0250,,Mobile App,false,Small Commercial Package,Commercial,FL,Atlas P&C,6293.14,Jonathan Wright,Elena Davis,Jonathan Taylor,false,2025-03-01
INS-CL-000430,CLM-540823,INS-PL-004239,Fire,2026-07-15,2026-07-18,2026-08-06,Closed,9842.87,6522.02,19.2,E-0240,,Web,false,Personal Auto,Personal,AZ,Cumulus Mutual,933.35,Sara Moore,Ines Jackson,Lauren Edwards,false,2026-07-01
INS-CL-000431,CLM-511660,INS-PL-004244,Water Damage,2025-03-11,2025-03-12,2025-04-07,Closed,13239.47,11623.29,26.6,E-0257,,Phone,false,Commercial Auto,Commercial,MA,Cumulus Mutual,4146.19,Amara Collins,Kenji Lewis,Maya Campbell,false,2025-03-01
INS-CL-000432,CLM-117556,INS-PL-004256,Collision,2026-07-17,2026-07-19,2026-07-29,Closed,5395.48,5169.37,10.1,E-0240,,Mobile App,false,Personal Auto,Personal,NY,Atlas P&C,1121.62,Henry Davis,Diego Anderson,Lauren Edwards,false,2026-07-01
INS-CL-000433,CLM-684937,INS-PL-004261,Hail Damage,2026-06-14,2026-06-17,2026-07-01,Closed,35185.57,22458.47,14.8,E-0259,CAT-2026-HAIL-MW,Phone,false,Personal Auto,Personal,AZ,Beacon National,2870.93,Amara Anderson,Zara Moore,Iris Lopez,true,2026-06-01
INS-CL-000434,CLM-817946,INS-PL-004271,Collision,2025-08-10,2025-08-13,2025-09-02,Closed,3683.98,2602.88,21.0,E-0243,,Phone,false,Homeowners (HO-3),Personal,NY,Cumulus Mutual,1269.25,Sofia Ruiz,Carlos Scott,Jamal Campbell,false,2025-08-01
INS-CL-000435,CLM-966834,INS-PL-004294,Water Damage,2025-02-03,2025-02-08,2025-02-26,Closed,4860.37,3455.35,19.0,E-0258,,Mobile App,false,Homeowners (HO-3),Personal,WA,Cumulus Mutual,1254.37,Wei Walker,Victor Young,Fatima Jackson,false,2025-02-01
INS-CL-000436,CLM-593443,INS-PL-004301,Glass,2026-02-15,2026-02-19,2026-03-10,Closed,247.18,133.68,19.8,E-0258,,Agent,false,Umbrella,Personal,CA,Cumulus Mutual,438.99,Ethan Jackson,Yuki Wright,Fatima Jackson,false,2026-02-01
INS-CL-000437,CLM-814402,INS-PL-004309,Hail Damage,2026-06-16,2026-06-17,2026-07-30,Closed,2629.42,1571.49,43.4,E-0253,CAT-2026-HAIL-MW,Phone,false,Personal Auto,Personal,CO,Cumulus Mutual,1576.04,Elena Thomas,Marcus Jackson,Grace Garcia,true,2026-06-01
INS-CL-000438,CLM-897760,INS-PL-004310,Theft,2026-02-12,2026-02-18,2026-02-27,Closed,12316.48,11132.03,9.4,E-0248,,Mobile App,false,Commercial Auto,Commercial,AZ,Atlas P&C,4332.34,Daniel Vaughn,Priya Brown,Yuki Roberts,false,2026-02-01
INS-CL-000439,CLM-499302,INS-PL-004311,Fire,2026-03-21,2026-03-26,2026-04-15,Closed,7424.93,4103.51,20.2,E-0249,,Phone,false,Homeowners (HO-3),Personal,OR,Northwind Assurance,2331.15,Noah Roberts,Leo Kim,Fatima Brown,false,2026-03-01
INS-CL-000440,CLM-705392,INS-PL-004322,Fire,2026-08-25,2026-08-29,,Under Review,5613.1,0,,E-0239,,Phone,true,Small Commercial Package,Commercial,NC,Cumulus Mutual,4175.35,Maya Martinez,Victor Roberts,Sofia Hall,false,2026-08-01
INS-CL-000441,CLM-743956,INS-PL-004324,Glass,2025-04-07,2025-04-07,2025-06-13,Closed,2996.53,1628.62,67.3,E-0246,,Phone,false,Personal Auto,Personal,MA,Atlas P&C,1319.45,Ethan Scott,Layla Anderson,Rosa Campbell,false,2025-04-01
INS-CL-000442,CLM-916705,INS-PL-004332,Glass,2024-11-12,2024-11-17,2024-12-20,Closed,11224.35,10066.71,33.4,E-0245,,Phone,false,Personal Auto,Personal,UT,Northwind Assurance,1349.1,Kenji Turner,Ethan Nelson,Ines Ashford,false,2024-11-01
INS-CL-000443,CLM-379390,INS-PL-004345,Glass,2024-09-21,2024-09-24,2024-10-24,Closed,4944.82,2610.48,30.1,E-0264,,Phone,false,Personal Auto,Personal,WA,Cumulus Mutual,1580.92,Maya King,Ethan Harris,Layla Collins,false,2024-09-01
INS-CL-000444,CLM-944214,INS-PL-004349,Theft,2026-08-03,2026-08-03,,Awaiting Documents,541.16,0,,E-0250,,Mobile App,false,Umbrella,Personal,CO,Cumulus Mutual,300.79,Nora Chen,Layla Bailey,Jonathan Taylor,false,2026-08-01
INS-CL-000445,CLM-826455,INS-PL-004357,Collision,2025-03-09,2025-03-14,2025-03-25,Closed,434.7,308.29,11.9,E-0240,,Agent,false,Renters,Personal,OR,Beacon National,323.05,Diego Davis,Marcus Phillips,Lauren Edwards,false,2025-03-01
INS-CL-000446,CLM-509557,INS-PL-004370,Liability,2024-11-22,2024-11-26,2025-01-17,Closed,5848.41,3954.94,52.3,E-0263,,Mobile App,false,Homeowners (HO-3),Personal,CO,Beacon National,1604.49,Iris Collins,Mateo Garcia,Luis Bailey,false,2024-11-01
INS-CL-000447,CLM-941169,INS-PL-004409,Fire,2025-08-07,2025-08-10,2025-08-26,Closed,19884.53,12083.82,16.4,E-0253,,Phone,false,Personal Auto,Personal,OR,Cumulus Mutual,2396.59,Kenji Anderson,Chloe Collins,Grace Garcia,false,2025-08-01
INS-CL-000448,CLM-388604,INS-PL-004428,Liability,2024-09-25,2024-09-30,2024-10-30,Closed,4012.98,2658.35,30.4,E-0263,,Mobile App,false,Personal Auto,Personal,NC,Cumulus Mutual,1055.81,Felix Davis,Victor Roberts,Luis Bailey,false,2024-09-01
INS-CL-000449,CLM-964170,INS-PL-004432,Hail Damage,2026-06-18,2026-06-18,2026-07-03,Closed,13345.37,13233.61,15.7,E-0238,CAT-2026-HAIL-MW,Mobile App,false,Personal Auto,Personal,UT,Atlas P&C,876.14,Ravi Hall,Leo Kim,Andre Ashford,true,2026-06-01
INS-CL-000450,CLM-102275,INS-PL-004436,Hail Damage,2026-06-17,2026-06-19,2026-07-15,Closed,10527.06,7730.33,26.3,E-0240,CAT-2026-HAIL-MW,Phone,false,Homeowners (HO-3),Personal,CO,Cumulus Mutual,1806.92,Leo Chen,Layla Bailey,Lauren Edwards,true,2026-06-01
INS-CL-000451,CLM-555435,INS-PL-004447,Glass,2024-10-10,2024-10-13,2024-11-21,Closed,3308.21,2679.37,39.1,E-0254,,Phone,false,Personal Auto,Personal,CO,Northwind Assurance,1424.96,Hannah Jackson,Kenji Lewis,Julian Campbell,false,2024-10-01
INS-CL-000452,CLM-644061,INS-PL-004456,Liability,2026-08-17,2026-08-20,2026-08-27,Closed,586.98,411.44,7.8,E-0243,,Mobile App,false,Renters,Personal,NY,Cumulus Mutual,246.69,Victor Stewart,Nina Chen,Jamal Campbell,false,2026-08-01
INS-CL-000453,CLM-384529,INS-PL-004458,Glass,2026-03-03,2026-03-09,2026-03-25,Closed,20043.68,18017.42,16.4,E-0258,,Agent,false,Commercial Auto,Commercial,OR,Cumulus Mutual,3744.83,Mateo Wilson,Nina Chen,Fatima Jackson,false,2026-03-01
INS-CL-000454,CLM-444856,INS-PL-004479,Collision,2024-09-06,2024-09-10,2024-09-20,Closed,19249.13,14442.82,10.9,E-0262,,Mobile App,false,Personal Auto,Personal,UT,Atlas P&C,1408.46,Hannah Mitchell,Daniel Miller,Iris Anderson,false,2024-09-01
INS-CL-000455,CLM-196743,INS-PL-004488,Theft,2025-04-29,2025-05-05,2025-05-23,Closed,49510.1,30723.83,18.7,E-0239,,Agent,false,Commercial Auto,Commercial,OH,Beacon National,6583.66,Derek Wilson,Sofia Baker,Sofia Hall,false,2025-04-01
INS-CL-000456,CLM-896729,INS-PL-004514,Fire,2024-11-21,2024-11-24,2024-12-11,Closed,10493.06,6582.1,17.7,E-0242,,Mobile App,false,Commercial Auto,Commercial,CT,Northwind Assurance,6522.95,Fatima Jackson,Ethan Harris,Jamal Mitchell,false,2024-11-01
INS-CL-000457,CLM-136738,INS-PL-004518,Wind,2024-09-26,2024-09-28,2024-10-05,Closed,4363.5,3935.64,7.9,E-0253,,Phone,false,Personal Auto,Personal,NY,Northwind Assurance,1357.36,Layla Roberts,Ethan Harris,Grace Garcia,false,2024-09-01
INS-CL-000458,CLM-553530,INS-PL-004524,Theft,2025-09-26,2025-09-27,2025-10-09,Closed,1244.86,1218.59,12.6,E-0260,,Mobile App,false,Umbrella,Personal,CO,Atlas P&C,260.93,Chloe Stewart,Ethan Lewis,Carlos Harris,false,2025-09-01
INS-CL-000459,CLM-762207,INS-PL-004527,Water Damage,2024-10-03,2024-10-06,2024-10-22,Closed,1276.2,981.44,16.4,E-0258,,Mobile App,false,Small Commercial Package,Commercial,GA,Northwind Assurance,3657.48,Olivia Vaughn,Leo King,Fatima Jackson,false,2024-10-01
INS-CL-000460,CLM-406625,INS-PL-004541,Collision,2025-01-01,2025-01-06,2025-01-24,Closed,3757.77,2999.86,18.2,E-0261,,Mobile App,false,Personal Auto,Personal,OR,Northwind Assurance,1818.81,Tom Garcia,Kenji Lewis,Olivia Harris,false,2025-01-01
INS-CL-000461,CLM-167432,INS-PL-004543,Collision,2026-02-03,2026-02-03,2026-03-07,Closed,1992.01,1325.27,32.1,E-0262,,Mobile App,false,Personal Auto,Personal,WA,Atlas P&C,827.5,Owen Clark,Maya Okafor,Iris Anderson,false,2026-02-01
INS-CL-000462,CLM-921761,INS-PL-004544,Water Damage,2025-04-01,2025-04-04,2025-06-01,Closed,6318.08,6518.44,58.0,E-0264,,Phone,false,Personal Auto,Personal,CT,Cumulus Mutual,1265.84,Wei Miller,Sara Morris,Layla Collins,false,2025-04-01
INS-CL-000463,CLM-810811,INS-PL-004550,Hail Damage,2026-06-15,2026-06-20,2026-08-28,Closed,10123.09,6674.54,69.5,E-0244,CAT-2026-HAIL-MW,Mobile App,false,Personal Auto,Personal,UT,Atlas P&C,1618.12,Aisha Young,Maya Parker,Isabella Roberts,true,2026-06-01
INS-CL-000464,CLM-607403,INS-PL-004551,Collision,2024-10-24,2024-10-27,2024-11-24,Closed,15345.83,11181.52,28.7,E-0247,,Web,false,Personal Auto,Personal,UT,Beacon National,1565.58,Andre Vaughn,Mateo Garcia,Ben Patel,false,2024-10-01
INS-CL-000465,CLM-643522,INS-PL-004574,Fire,2025-02-10,2025-02-14,2025-03-06,Closed,5823.63,5864.56,20.1,E-0253,,Mobile App,false,Personal Auto,Personal,FL,Cumulus Mutual,2182.04,Diego Scott,Lauren Nguyen,Grace Garcia,false,2025-02-01
INS-CL-000466,CLM-823859,INS-PL-004586,Water Damage,2026-07-18,2026-07-18,2026-08-01,Closed,9866.31,5196.24,14.5,E-0244,,Phone,false,Homeowners (HO-3),Personal,MA,Northwind Assurance,1269.35,Ben Turner,Maya Okafor,Isabella Roberts,false,2026-07-01
INS-CL-000467,CLM-934641,INS-PL-004621,Wind,2026-02-08,2026-02-13,2026-03-10,Closed,4615.48,4807.01,25.4,E-0248,,Agent,false,Homeowners (HO-3),Personal,CO,Northwind Assurance,1134.02,Rosa Wilson,Owen Davis,Yuki Roberts,false,2026-02-01
INS-CL-000468,CLM-180275,INS-PL-004625,Collision,2026-05-31,2026-06-06,2026-06-20,Closed,200,136.17,14.1,E-0264,,Agent,false,Renters,Personal,FL,Cumulus Mutual,290.59,Naomi King,Mei Young,Layla Collins,false,2026-05-01
INS-CL-000469,CLM-169008,INS-PL-004628,Water Damage,2026-07-27,2026-07-29,2026-08-19,Closed,6738.96,4789.17,21.9,E-0256,,Mobile App,false,Homeowners (HO-3),Personal,FL,Northwind Assurance,1134.2,Marcus Ashford,Diego Anderson,Hannah Phillips,false,2026-07-01
INS-CL-000470,CLM-762657,INS-PL-004632,Collision,2024-09-17,2024-09-20,2024-11-16,Closed,3795.25,3175.92,57.9,E-0247,,Mobile App,false,Personal Auto,Personal,CT,Beacon National,1795.16,Henry Nguyen,Layla Silva,Ben Patel,false,2024-09-01
INS-CL-000471,CLM-371703,INS-PL-004639,Hail Damage,2026-06-15,2026-06-21,2026-08-09,Closed,3865.21,3593.0,49.1,E-0246,CAT-2026-HAIL-MW,Mobile App,false,Personal Auto,Personal,UT,Atlas P&C,968.53,Emma Young,Leo Kim,Rosa Campbell,true,2026-06-01
INS-CL-000472,CLM-498759,INS-PL-004652,Collision,2026-08-24,2026-08-30,,Under Review,6551.25,0,,E-0252,,Phone,false,Homeowners (HO-3),Personal,CO,Atlas P&C,1782.42,Carlos Brown,Mei Young,Samuel Lewis,false,2026-08-01
INS-CL-000473,CLM-482162,INS-PL-004662,Wind,2024-09-12,2024-09-18,2024-10-06,Closed,1848.47,1885.1,18.0,E-0243,,Mobile App,false,Personal Auto,Personal,CA,Cumulus Mutual,997.89,Victor Carter,Hannah Phillips,Jamal Campbell,false,2024-09-01
INS-CL-000474,CLM-566670,INS-PL-004673,Collision,2025-10-27,2025-11-02,2025-11-24,Closed,14445.7,10205.08,22.9,E-0239,,Agent,false,Small Commercial Package,Commercial,WA,Cumulus Mutual,12070.58,Jonathan Ruiz,Mateo Anderson,Sofia Hall,false,2025-10-01
INS-CL-000475,CLM-475060,INS-PL-004681,Wind,2026-07-25,2026-07-30,2026-08-18,Closed,3058.16,1608.58,19.4,E-0237,,Phone,false,Personal Auto,Personal,OH,Atlas P&C,755.33,Tom Hall,Maya Okafor,Emma Phillips,false,2026-07-01
INS-CL-000476,CLM-944558,INS-PL-004688,Collision,2024-12-09,2024-12-10,2025-01-04,Closed,11546.12,6508.5,26.0,E-0263,,Mobile App,false,Small Commercial Package,Commercial,OH,Atlas P&C,4464.22,Victor Young,Layla Silva,Luis Bailey,false,2024-12-01
INS-CL-000477,CLM-295904,INS-PL-004694,Liability,2025-03-05,2025-03-05,2025-04-06,Closed,10387.79,6629.68,32.3,E-0240,,Mobile App,false,Personal Auto,Personal,CT,Atlas P&C,1397.62,Diego Chen,Lauren Nguyen,Lauren Edwards,false,2025-03-01
INS-CL-000478,CLM-309597,INS-PL-004703,Glass,2024-12-18,2024-12-19,2024-12-26,Closed,4869.94,4119.63,8.0,E-0245,,Phone,false,Personal Auto,Personal,AZ,Cumulus Mutual,841.53,Felix Collins,Owen King,Ines Ashford,false,2024-12-01
INS-CL-000479,CLM-723490,INS-PL-004708,Hail Damage,2026-06-15,2026-06-17,2026-07-14,Closed,2922.23,2007.32,27.4,E-0264,CAT-2026-HAIL-MW,Phone,false,Personal Auto,Personal,AZ,Atlas P&C,1146.84,Maya Roberts,Ravi Hall,Layla Collins,true,2026-06-01
INS-CL-000480,CLM-957753,INS-PL-004710,Collision,2024-11-17,2024-11-18,2024-12-08,Closed,921.36,915.2,21.0,E-0263,,Phone,false,Personal Auto,Personal,UT,Cumulus Mutual,1398.23,Naomi Harris,Noah Martinez,Luis Bailey,false,2024-11-01
INS-CL-000481,CLM-219256,INS-PL-004729,Theft,2025-01-25,2025-01-26,2025-03-15,Closed,1551.26,1332.47,48.0,E-0240,,Mobile App,false,Personal Auto,Personal,CO,Beacon National,1687.53,Ben Green,Hannah Phillips,Lauren Edwards,false,2025-01-01
INS-CL-000482,CLM-441743,INS-PL-004735,Collision,2026-02-04,2026-02-04,2026-02-17,Closed,200,186.15,13.8,E-0263,,Phone,false,Renters,Personal,CA,Atlas P&C,258.96,Julian Evans,Andre Davis,Luis Bailey,false,2026-02-01
INS-CL-000483,CLM-662216,INS-PL-004742,Hail Damage,2026-06-14,2026-06-16,2026-07-12,Closed,7643.09,6886.37,27.0,E-0250,CAT-2026-HAIL-MW,Agent,false,Personal Auto,Personal,CO,Cumulus Mutual,1052.46,Nora Mitchell,Mateo Anderson,Jonathan Taylor,true,2026-06-01
INS-CL-000484,CLM-254070,INS-PL-004744,Glass,2025-06-27,2025-06-29,2025-07-20,Closed,4946.49,2734.8,21.2,E-0265,,Mobile App,false,Personal Auto,Personal,FL,Atlas P&C,2036.74,Isabella Nelson,Victor Walker,Nina Davis,false,2025-06-01
INS-CL-000485,CLM-439615,INS-PL-004749,Water Damage,2026-08-25,2026-08-31,,Under Review,4676.12,0,,E-0251,,Phone,false,Personal Auto,Personal,NC,Atlas P&C,1997.93,Zara Carter,Owen King,Chloe White,false,2026-08-01
INS-CL-000486,CLM-283870,INS-PL-004757,Hail Damage,2026-06-16,2026-06-22,2026-07-22,Closed,1766.24,1249.13,30.2,E-0242,CAT-2026-HAIL-MW,Mobile App,false,Personal Auto,Personal,CO,Northwind Assurance,1802.66,Henry Campbell,Ravi Green,Jamal Mitchell,true,2026-06-01
INS-CL-000487,CLM-925438,INS-PL-004768,Water Damage,2025-12-01,2025-12-02,2025-12-27,Closed,10225.8,10684.73,25.5,E-0245,,Mobile App,false,Personal Auto,Personal,FL,Beacon National,1311.57,Maya Baker,Julian Green,Ines Ashford,false,2025-12-01
INS-CL-000488,CLM-834835,INS-PL-004770,Fire,2025-02-16,2025-02-19,2025-03-04,Closed,1777.38,1312.31,14.0,E-0250,,Mobile App,false,Personal Auto,Personal,NC,Cumulus Mutual,1073.88,Diego Miller,Sofia Baker,Jonathan Taylor,false,2025-02-01
INS-CL-000489,CLM-510711,INS-PL-004777,Theft,2026-06-09,2026-06-12,2026-07-15,Closed,6276.93,5635.13,33.9,E-0253,,Agent,false,Personal Auto,Personal,MN,Northwind Assurance,1313.86,Sofia Ruiz,Rosa Thomas,Grace Garcia,false,2026-06-01
INS-CL-000490,CLM-167888,INS-PL-004788,Glass,2025-01-26,2025-01-27,2025-03-09,Closed,4413.04,3591.32,41.7,E-0252,,Phone,false,Personal Auto,Personal,MN,Cumulus Mutual,1467.11,Nina Ashford,Noah Martinez,Samuel Lewis,false,2025-01-01
INS-CL-000491,CLM-311897,INS-PL-004793,Glass,2024-12-29,2024-12-31,2025-01-24,Closed,2261.26,1908.16,24.2,E-0259,,Mobile App,false,Homeowners (HO-3),Personal,GA,Northwind Assurance,1187.45,Grace Martinez,Felix Nguyen,Iris Lopez,false,2024-12-01
INS-CL-000492,CLM-651491,INS-PL-004800,Fire,2026-08-09,2026-08-09,2026-08-27,Closed,4861.54,4005.03,18.8,E-0252,,Agent,false,Personal Auto,Personal,CA,Beacon National,1127.89,Iris Okafor,Jamal Allen,Samuel Lewis,false,2026-08-01
INS-CL-000493,CLM-280761,INS-PL-004801,Theft,2024-09-19,2024-09-24,2024-10-05,Closed,600.61,627.29,11.4,E-0237,,Phone,false,Personal Auto,Personal,AZ,Cumulus Mutual,1085.87,Andre Patel,Marcus Jackson,Emma Phillips,false,2024-09-01
INS-CL-000494,CLM-491079,INS-PL-004804,Wind,2025-07-11,2025-07-16,2025-09-10,Closed,415.83,238.96,56.7,E-0254,,Mobile App,false,Umbrella,Personal,AZ,Cumulus Mutual,463.67,Felix King,Kenji Lewis,Julian Campbell,false,2025-07-01
INS-CL-000495,CLM-100512,INS-PL-004811,Theft,2026-03-13,2026-03-13,2026-04-09,Closed,38288.55,23680.34,27.4,E-0259,,Phone,false,Commercial Auto,Commercial,OH,Beacon National,5140.65,Mateo Scott,Carlos Scott,Iris Lopez,false,2026-03-01
INS-CL-000496,CLM-226692,INS-PL-004812,Fire,2026-08-21,2026-08-27,,Awaiting Documents,5269.14,0,,E-0265,,Phone,false,Homeowners (HO-3),Personal,CO,Northwind Assurance,1705.62,Victor Lewis,Owen King,Nina Davis,false,2026-08-01
INS-CL-000497,CLM-405367,INS-PL-004824,Collision,2024-09-22,2024-09-23,2024-10-05,Closed,6808.34,5751.95,12.6,E-0257,,Agent,false,Personal Auto,Personal,CO,Beacon National,992.01,Derek Brown,Hannah Phillips,Maya Campbell,false,2024-09-01
INS-CL-000498,CLM-852661,INS-PL-004862,Theft,2026-04-18,2026-04-22,2026-05-04,Closed,200,196.35,12.0,E-0236,,Phone,false,Renters,Personal,MA,Atlas P&C,216.78,Elena Chen,Chloe Collins,Jonathan Taylor,false,2026-04-01
INS-CL-000499,CLM-912763,INS-PL-004863,Water Damage,2025-10-31,2025-10-31,2025-11-20,Closed,3894.92,3022.09,20.0,E-0243,,Agent,false,Personal Auto,Personal,NC,Beacon National,1466.28,Victor Lewis,Hannah Carter,Jamal Campbell,false,2025-10-01
INS-CL-000500,CLM-533795,INS-PL-004864,Glass,2024-09-04,2024-09-07,2024-09-26,Closed,5072.93,5315.17,19.6,E-0247,,Mobile App,false,Personal Auto,Personal,MA,Cumulus Mutual,2903.89,Diego Harris,Grace Bailey,Ben Patel,false,2024-09-01
INS-CL-000501,CLM-674069,INS-PL-004870,Water Damage,2025-09-07,2025-09-09,2025-10-11,Closed,3469.26,2226.68,32.4,E-0242,,Mobile App,false,Personal Auto,Personal,MA,Cumulus Mutual,1611.1,Mateo Morris,Mateo Garcia,Jamal Mitchell,false,2025-09-01
INS-CL-000502,CLM-846036,INS-PL-004874,Liability,2025-11-03,2025-11-07,2025-11-17,Closed,13371.39,7344.57,10.9,E-0236,,Phone,false,Small Commercial Package,Commercial,AZ,Beacon National,5049.11,Ravi Baker,Hannah Garcia,Jonathan Taylor,false,2025-11-01
INS-CL-000503,CLM-524462,INS-PL-004876,Hail Damage,2026-06-18,2026-06-20,2026-07-24,Closed,4067.65,2926.44,34.4,E-0254,CAT-2026-HAIL-MW,Phone,false,Personal Auto,Personal,UT,Beacon National,1509.92,Iris Anderson,Felix Brown,Julian Campbell,true,2026-06-01
INS-CL-000504,CLM-225274,INS-PL-004880,Water Damage,2026-03-19,2026-03-19,2026-04-07,Closed,9046.72,9215.11,19.5,E-0261,,Phone,false,Personal Auto,Personal,CA,Northwind Assurance,1163.37,Diego Moore,Andre Davis,Olivia Harris,false,2026-03-01
INS-CL-000505,CLM-186931,INS-PL-004883,Collision,2026-01-17,2026-01-22,2026-02-05,Closed,4291.19,2614.23,14.4,E-0257,,Phone,false,Personal Auto,Personal,CO,Beacon National,1804.88,Ines Wilson,Elena Stewart,Maya Campbell,false,2026-01-01
INS-CL-000506,CLM-336869,INS-PL-004892,Glass,2024-09-21,2024-09-27,2024-10-26,Closed,2720.76,2125.81,29.9,E-0256,,Mobile App,false,Umbrella,Personal,GA,Cumulus Mutual,377.13,Layla Johnson,Mei Young,Hannah Phillips,false,2024-09-01
INS-CL-000507,CLM-548160,INS-PL-004895,Wind,2025-02-28,2025-03-04,2025-03-24,Closed,29238.35,21753.4,20.8,E-0260,,Mobile App,false,Personal Auto,Personal,MN,Cumulus Mutual,2046.46,Owen Johnson,Layla Phillips,Carlos Harris,false,2025-02-01
INS-CL-000508,CLM-428197,INS-PL-004898,Fire,2024-10-18,2024-10-21,2024-11-05,Closed,1162.71,775.36,15.9,E-0258,,Web,false,Homeowners (HO-3),Personal,IL,Atlas P&C,1837.6,Zara Garcia,Elena Davis,Fatima Jackson,false,2024-10-01
INS-CL-000509,CLM-918512,INS-PL-004912,Glass,2026-08-22,2026-08-23,,Under Review,5459.77,0,,E-0243,,Web,false,Homeowners (HO-3),Personal,CO,Cumulus Mutual,4033.44,Owen Baker,Sofia Baker,Jamal Campbell,false,2026-08-01
INS-CL-000510,CLM-406659,INS-PL-004917,Theft,2025-03-04,2025-03-08,2025-03-18,Closed,18811.11,15929.12,10.7,E-0254,,Mobile App,false,Personal Auto,Personal,GA,Cumulus Mutual,1839.29,Mateo Stewart,Mateo White,Julian Campbell,false,2025-03-01
INS-CL-000511,CLM-772107,INS-PL-004942,Theft,2025-05-20,2025-05-25,2025-06-15,Closed,14242.23,14338.16,21.9,E-0256,,Mobile App,false,Homeowners (HO-3),Personal,NY,Cumulus Mutual,2310.98,Chloe Thomas,Zara Moore,Hannah Phillips,false,2025-05-01
INS-CL-000512,CLM-831209,INS-PL-004944,Hail Damage,2026-06-16,2026-06-17,2026-07-02,Closed,18267.89,18742.03,15.1,E-0261,CAT-2026-HAIL-MW,Mobile App,false,Homeowners (HO-3),Personal,UT,Northwind Assurance,1616.9,Ben Davis,Daniel Miller,Olivia Harris,true,2026-06-01
INS-CL-000513,CLM-875241,INS-PL-004948,Water Damage,2024-10-07,2024-10-09,2024-10-22,Closed,25682.44,23332.88,13.1,E-0246,,Agent,false,Homeowners (HO-3),Personal,FL,Beacon National,2429.51,Derek Silva,Diego Anderson,Rosa Campbell,false,2024-10-01
INS-CL-000514,CLM-615880,INS-PL-004956,Collision,2025-06-06,2025-06-10,2025-06-30,Closed,20014.95,12774.23,20.4,E-0254,,Phone,false,Commercial Auto,Commercial,WA,Cumulus Mutual,6402.79,Carlos Baker,Tom Ruiz,Julian Campbell,false,2025-06-01
INS-CL-000515,CLM-776221,INS-PL-004958,Hail Damage,2026-06-16,2026-06-17,2026-07-12,Closed,9083.61,5314.3,25.4,E-0247,CAT-2026-HAIL-MW,Mobile App,false,Personal Auto,Personal,CO,Atlas P&C,1744.24,Ben Vaughn,Zara Moore,Ben Patel,true,2026-06-01
INS-CL-000516,CLM-188923,INS-PL-004962,Hail Damage,2026-06-16,2026-06-18,2026-07-11,Closed,19373.84,14810.63,23.6,E-0237,CAT-2026-HAIL-MW,Phone,false,Homeowners (HO-3),Personal,AZ,Atlas P&C,1924.95,Carlos Hall,Victor Roberts,Emma Phillips,true,2026-06-01
INS-CL-000517,CLM-929182,INS-PL-004976,Wind,2025-10-26,2025-10-29,2025-12-05,Closed,22782.91,14134.89,37.9,E-0258,,Agent,false,Homeowners (HO-3),Personal,CA,Cumulus Mutual,2443.17,Victor Mitchell,Fatima Campbell,Fatima Jackson,false,2025-10-01
INS-CL-000518,CLM-324461,INS-PL-004989,Water Damage,2024-09-03,2024-09-03,2024-09-26,Closed,10620.54,10668.62,23.7,E-0241,,Agent,false,Small Commercial Package,Commercial,MA,Beacon National,4468.92,Marcus Allen,Zara Moore,Marcus Young,false,2024-09-01
INS-CL-000519,CLM-748945,INS-PL-005005,Water Damage,2026-08-01,2026-08-06,2026-08-23,Closed,360.63,275.13,18.0,E-0243,,Mobile App,false,Personal Auto,Personal,UT,Cumulus Mutual,1062.04,Grace Scott,Julian Green,Jamal Campbell,false,2026-08-01
INS-CL-000520,CLM-807812,INS-PL-005008,Collision,2026-04-16,2026-04-21,2026-05-04,Closed,5532.09,4454.51,13.6,E-0240,,Web,false,Personal Auto,Personal,MN,Atlas P&C,1478.19,Emma Adams,Lauren Nguyen,Lauren Edwards,false,2026-04-01
INS-CL-000521,CLM-665225,INS-PL-005015,Hail Damage,2026-06-18,2026-06-19,2026-07-25,Closed,4528.28,2685.01,36.6,E-0263,CAT-2026-HAIL-MW,Mobile App,false,Homeowners (HO-3),Personal,CO,Beacon National,2155.2,Sara Lewis,Victor Roberts,Luis Bailey,true,2026-06-01
INS-CL-000522,CLM-556476,INS-PL-005021,Theft,2024-09-30,2024-10-04,2024-10-30,Closed,200,108.5,27.0,E-0243,,Mobile App,false,Renters,Personal,UT,Beacon National,171.82,Hannah Ruiz,Fatima Campbell,Jamal Campbell,false,2024-09-01
INS-CL-000523,CLM-350332,INS-PL-005027,Hail Damage,2026-06-18,2026-06-21,2026-07-25,Closed,28992.45,28385.92,34.7,E-0237,CAT-2026-HAIL-MW,Phone,false,Homeowners (HO-3),Personal,AZ,Beacon National,2869.45,Henry Brown,Rosa Thomas,Emma Phillips,true,2026-06-01
INS-CL-000524,CLM-695647,INS-PL-005037,Theft,2026-01-30,2026-02-03,2026-02-12,Closed,1088.3,773.85,9.2,E-0254,,Web,false,Personal Auto,Personal,OR,Northwind Assurance,1904.33,Julian Johnson,Kenji Lewis,Julian Campbell,false,2026-01-01
INS-CL-000525,CLM-460658,INS-PL-005047,Wind,2024-11-26,2024-11-29,2024-12-08,Closed,16736.16,14000.9,9.2,E-0253,,Mobile App,false,Homeowners (HO-3),Personal,UT,Beacon National,1553.42,Ava Garcia,Victor Roberts,Grace Garcia,false,2024-11-01
INS-CL-000526,CLM-821685,INS-PL-005067,Water Damage,2026-08-31,2026-09-06,,Under Review,1055.73,0,,E-0264,,Mobile App,false,Personal Auto,Personal,OH,Atlas P&C,975.89,Elena Miller,Grace Bailey,Layla Collins,false,2026-08-01
INS-CL-000527,CLM-449606,INS-PL-005071,Collision,2024-09-11,2024-09-17,2024-09-29,Closed,10890.01,5767.19,12.4,E-0240,,Mobile App,false,Small Commercial Package,Commercial,NY,Beacon National,7660.54,Victor Silva,Marcus Phillips,Lauren Edwards,false,2024-09-01
INS-CL-000528,CLM-970226,INS-PL-005093,Collision,2025-12-06,2025-12-07,2026-01-02,Closed,5392.88,3969.31,26.5,E-0238,,Phone,true,Small Commercial Package,Commercial,MA,Northwind Assurance,5468.5,Owen Nguyen,Jonathan Nelson,Andre Ashford,false,2025-12-01
INS-CL-000529,CLM-912592,INS-PL-005098,Wind,2025-07-06,2025-07-06,2025-07-25,Closed,4278.19,3693.25,19.3,E-0241,,Agent,false,Personal Auto,Personal,OH,Beacon National,1026.4,Naomi Scott,Ethan Harris,Marcus Young,false,2025-07-01
INS-CL-000530,CLM-208157,INS-PL-005103,Wind,2026-03-12,2026-03-17,2026-05-16,Closed,1230.01,965.43,60.4,E-0255,,Phone,false,Renters,Personal,CO,Beacon National,323.02,Ava Chen,Felix Allen,Ethan Allen,false,2026-03-01
INS-CL-000531,CLM-545120,INS-PL-005110,Liability,2025-12-01,2025-12-03,2025-12-30,Closed,925.87,933.19,27.3,E-0241,,Agent,false,Umbrella,Personal,IL,Atlas P&C,375.27,Leo Wright,Andre Allen,Marcus Young,false,2025-12-01
INS-CL-000532,CLM-227787,INS-PL-005114,Theft,2026-08-25,2026-08-27,,Under Review,6947.74,0,,E-0239,,Mobile App,false,Personal Auto,Personal,CO,Cumulus Mutual,1724.65,Jonathan Stewart,Leo King,Sofia Hall,false,2026-08-01
INS-CL-000533,CLM-363121,INS-PL-005128,Glass,2024-12-28,2024-12-29,2025-01-09,Closed,1795.29,1717.0,11.2,E-0245,,Phone,false,Renters,Personal,CO,Atlas P&C,482.58,Noah Edwards,Owen King,Ines Ashford,false,2024-12-01
INS-CL-000534,CLM-825633,INS-PL-005137,Glass,2025-05-10,2025-05-13,2025-05-25,Closed,17992.01,10493.06,13.0,E-0264,,Phone,false,Personal Auto,Personal,IL,Northwind Assurance,2462.74,Isabella Okafor,Layla Silva,Layla Collins,false,2025-05-01
INS-CL-000535,CLM-964832,INS-PL-005144,Water Damage,2026-03-05,2026-03-08,2026-04-10,Closed,7036.65,4658.38,33.0,E-0259,,Mobile App,false,Personal Auto,Personal,UT,Northwind Assurance,1351.2,Felix Johnson,Daniel Miller,Iris Lopez,false,2026-03-01
INS-CL-000536,CLM-487982,INS-PL-005149,Theft,2025-08-08,2025-08-12,2025-09-01,Closed,2325.13,2192.59,20.9,E-0258,,Web,false,Homeowners (HO-3),Personal,FL,Cumulus Mutual,813.75,Leo Johnson,Iris Nelson,Fatima Jackson,false,2025-08-01
INS-CL-000537,CLM-529126,INS-PL-005157,Water Damage,2024-12-22,2024-12-23,2025-01-09,Closed,7623.88,4966.21,17.5,E-0253,,Phone,false,Personal Auto,Personal,NY,Northwind Assurance,868.49,Isabella Okafor,Leo Kim,Grace Garcia,false,2024-12-01
INS-CL-000538,CLM-163946,INS-PL-005168,Collision,2024-09-21,2024-09-22,2024-10-04,Closed,9619.66,10046.46,12.8,E-0250,,Phone,false,Homeowners (HO-3),Personal,OR,Beacon National,2125.58,Rosa Nelson,Noah Martinez,Jonathan Taylor,false,2024-09-01
INS-CL-000539,CLM-782631,INS-PL-005176,Water Damage,2024-09-04,2024-09-06,2024-09-15,Closed,8836.4,5162.57,9.9,E-0249,,Mobile App,false,Personal Auto,Personal,FL,Beacon National,1551.49,Emma Lewis,Iris Nelson,Fatima Brown,false,2024-09-01
INS-CL-000540,CLM-784917,INS-PL-005183,Fire,2024-09-03,2024-09-09,2024-09-26,Closed,2508.34,1694.47,17.8,E-0239,,Mobile App,false,Personal Auto,Personal,GA,Atlas P&C,1003.72,Chloe Phillips,Noah Martinez,Sofia Hall,false,2024-09-01
INS-CL-000541,CLM-163490,INS-PL-005193,Water Damage,2025-06-28,2025-06-28,2025-07-11,Closed,12713.82,8905.99,13.2,E-0258,,Phone,false,Homeowners (HO-3),Personal,CA,Cumulus Mutual,3349.79,Nina Vaughn,Nina Chen,Fatima Jackson,false,2025-06-01
INS-CL-000542,CLM-380108,INS-PL-005207,Water Damage,2026-08-11,2026-08-11,2026-08-18,Closed,1942.59,1905.06,7.6,E-0258,,Phone,false,Homeowners (HO-3),Personal,NY,Cumulus Mutual,1476.64,Diego Kim,Ines Jackson,Fatima Jackson,false,2026-08-01
INS-CL-000543,CLM-148081,INS-PL-005208,Collision,2024-09-07,2024-09-10,2024-10-06,Closed,63568.0,66253.18,26.5,E-0247,,Phone,false,Commercial Auto,Commercial,NY,Atlas P&C,3467.73,Leo Phillips,Owen King,Ben Patel,false,2024-09-01
INS-CL-000544,CLM-410588,INS-PL-005210,Theft,2026-06-10,2026-06-15,2026-07-19,Closed,2433.23,1602.5,34.3,E-0255,,Agent,false,Homeowners (HO-3),Personal,WA,Cumulus Mutual,1900.09,Nora Lewis,Sara Morris,Ethan Allen,false,2026-06-01
INS-CL-000545,CLM-116310,INS-PL-005211,Glass,2024-11-03,2024-11-05,2024-11-11,Closed,11096.28,7195.6,6.7,E-0253,,Agent,false,Personal Auto,Personal,CT,Cumulus Mutual,759.68,Maya Baker,Derek Ruiz,Grace Garcia,false,2024-11-01
INS-CL-000546,CLM-861578,INS-PL-005234,Collision,2025-03-26,2025-03-28,2025-04-03,Closed,986.52,502.53,6.5,E-0246,,Web,false,Homeowners (HO-3),Personal,OH,Atlas P&C,1326.58,Kenji Evans,Hannah Garcia,Rosa Campbell,false,2025-03-01
INS-CL-000547,CLM-650491,INS-PL-005251,Theft,2026-03-15,2026-03-15,2026-04-22,Closed,33565.0,26727.16,38.7,E-0263,,Agent,false,Homeowners (HO-3),Personal,AZ,Cumulus Mutual,3170.54,Samuel Campbell,Priya Brown,Luis Bailey,false,2026-03-01
INS-CL-000548,CLM-934998,INS-PL-005254,Glass,2026-04-28,2026-05-03,2026-05-14,Closed,4741.98,2414.36,11.1,E-0251,,Agent,false,Personal Auto,Personal,WA,Northwind Assurance,2001.19,Olivia Harris,Tom Ruiz,Chloe White,false,2026-04-01
INS-CL-000549,CLM-143226,INS-PL-005256,Glass,2026-08-11,2026-08-15,2026-08-23,Closed,46735.82,30602.67,8.6,E-0262,,Web,false,Homeowners (HO-3),Personal,UT,Cumulus Mutual,1688.73,Kenji Chen,Felix Brown,Iris Anderson,false,2026-08-01
INS-CL-000550,CLM-376022,INS-PL-005269,Fire,2024-12-09,2024-12-15,2025-01-05,Closed,5180.16,3190.43,21.3,E-0252,,Mobile App,false,Homeowners (HO-3),Personal,MN,Beacon National,2846.05,Ben Garcia,Yuki Wright,Samuel Lewis,false,2024-12-01
INS-CL-000551,CLM-821779,INS-PL-005274,Collision,2026-08-26,2026-09-01,,Open,1861.31,0,,E-0244,,Phone,false,Personal Auto,Personal,CT,Cumulus Mutual,710.57,Hannah Morris,Ravi Hall,Isabella Roberts,false,2026-08-01
INS-CL-000552,CLM-995513,INS-PL-005288,Fire,2024-11-17,2024-11-20,2024-12-02,Closed,2797.12,2556.23,12.7,E-0255,,Web,false,Personal Auto,Personal,FL,Cumulus Mutual,1177.77,Victor Roberts,Derek Brown,Ethan Allen,false,2024-11-01
INS-CL-000553,CLM-211059,INS-PL-005290,Wind,2024-09-30,2024-09-30,2024-10-13,Closed,2086.25,1502.85,13.8,E-0242,,Mobile App,false,Personal Auto,Personal,MA,Beacon National,1793.73,Maya King,Tom Ruiz,Jamal Mitchell,false,2024-09-01
INS-CL-000554,CLM-439007,INS-PL-005299,Collision,2026-02-06,2026-02-10,2026-02-18,Closed,5382.49,3386.66,8.7,E-0263,,Web,false,Homeowners (HO-3),Personal,MA,Northwind Assurance,2787.66,Ines Vaughn,Mateo Garcia,Luis Bailey,false,2026-02-01
INS-CL-000555,CLM-419237,INS-PL-005311,Wind,2025-05-12,2025-05-17,2025-07-02,Closed,322.59,334.92,46.3,E-0239,,Web,false,Renters,Personal,GA,Beacon National,164.36,Marcus White,Olivia White,Sofia Hall,false,2025-05-01
INS-CL-000556,CLM-986701,INS-PL-005319,Liability,2025-09-14,2025-09-18,2025-10-09,Closed,23677.71,18794.33,21.0,E-0259,,Phone,false,Small Commercial Package,Commercial,OR,Cumulus Mutual,4769.22,Iris Wilson,Hannah Phillips,Iris Lopez,false,2025-09-01
INS-CL-000557,CLM-683242,INS-PL-005321,Theft,2024-10-03,2024-10-06,2024-10-17,Closed,2287.23,2399.33,11.6,E-0249,,Phone,false,Personal Auto,Personal,CO,Northwind Assurance,1166.95,Elena Taylor,Victor Young,Fatima Brown,false,2024-10-01
INS-CL-000558,CLM-883666,INS-PL-005324,Fire,2025-03-13,2025-03-19,2025-04-09,Closed,7280.4,3764.21,21.9,E-0255,,Phone,false,Personal Auto,Personal,FL,Cumulus Mutual,2389.81,Jonathan Thomas,Sara Morris,Ethan Allen,false,2025-03-01
INS-CL-000559,CLM-289097,INS-PL-005340,Glass,2025-07-23,2025-07-29,2025-08-05,Closed,8652.3,6587.05,7.5,E-0236,,Phone,false,Personal Auto,Personal,NC,Beacon National,1138.71,Ethan Lewis,Owen King,Jonathan Taylor,false,2025-07-01
INS-CL-000560,CLM-816728,INS-PL-005345,Fire,2026-08-02,2026-08-06,2026-08-21,Closed,3232.84,2738.84,15.5,E-0251,,Web,false,Personal Auto,Personal,CA,Cumulus Mutual,1420.1,Jonathan Anderson,Rosa Thomas,Chloe White,false,2026-08-01
INS-CL-000561,CLM-604285,INS-PL-005359,Hail Damage,2026-06-16,2026-06-16,2026-07-03,Closed,7257.23,5866.17,17.7,E-0244,CAT-2026-HAIL-MW,Mobile App,false,Homeowners (HO-3),Personal,AZ,Northwind Assurance,1700.17,Tom Chen,Maya Okafor,Isabella Roberts,true,2026-06-01
INS-CL-000562,CLM-367583,INS-PL-005362,Liability,2024-09-20,2024-09-23,2024-10-14,Closed,14396.84,11546.3,21.3,E-0253,,Mobile App,false,Personal Auto,Personal,UT,Northwind Assurance,1390.78,Victor Harris,Jamal Allen,Grace Garcia,false,2024-09-01
INS-CL-000563,CLM-211514,INS-PL-005381,Water Damage,2025-12-31,2026-01-04,2026-01-17,Closed,58152.04,31563.22,13.8,E-0242,,Agent,false,Small Commercial Package,Commercial,OH,Cumulus Mutual,9905.41,Ethan Roberts,Mateo Garcia,Jamal Mitchell,false,2025-12-01
INS-CL-000564,CLM-985858,INS-PL-005392,Glass,2026-08-14,2026-08-15,,Under Review,1554.83,0,,E-0250,,Mobile App,false,Homeowners (HO-3),Personal,CA,Cumulus Mutual,1081.84,Owen Young,Ethan Nelson,Jonathan Taylor,false,2026-08-01
INS-CL-000565,CLM-774814,INS-PL-005401,Water Damage,2025-03-12,2025-03-17,2025-04-05,Closed,1337.95,1337.2,19.9,E-0252,,Phone,false,Small Commercial Package,Commercial,AZ,Cumulus Mutual,3455.13,Amara Garcia,Felix Brown,Samuel Lewis,false,2025-03-01
INS-CL-000566,CLM-906624,INS-PL-005418,Liability,2026-06-15,2026-06-18,2026-07-08,Closed,36844.79,21933.96,21.0,E-0250,,Mobile App,false,Small Commercial Package,Commercial,GA,Beacon National,10839.95,Rosa Nelson,Victor Walker,Jonathan Taylor,false,2026-06-01
INS-CL-000567,CLM-492323,INS-PL-005425,Water Damage,2025-04-30,2025-05-02,2025-05-26,Closed,6628.23,6214.07,24.5,E-0259,,Mobile App,false,Small Commercial Package,Commercial,FL,Northwind Assurance,13055.56,Samuel Morris,Grace Bailey,Iris Lopez,false,2025-04-01
INS-CL-000568,CLM-479196,INS-PL-005436,Hail Damage,2026-06-18,2026-06-20,2026-07-14,Closed,11023.3,6102.95,24.5,E-0247,CAT-2026-HAIL-MW,Agent,false,Personal Auto,Personal,CO,Atlas P&C,1507.08,Julian Evans,Elena Stewart,Ben Patel,true,2026-06-01
INS-CL-000569,CLM-638948,INS-PL-005438,Glass,2026-07-08,2026-07-10,2026-07-28,Closed,1518.84,815.56,18.8,E-0251,,Phone,false,Personal Auto,Personal,WA,Cumulus Mutual,2119.06,Chloe Wilson,Hannah Walker,Chloe White,false,2026-07-01
INS-CL-000570,CLM-825801,INS-PL-005445,Water Damage,2024-09-05,2024-09-07,2024-09-28,Closed,3807.0,2318.73,22.0,E-0261,,Mobile App,false,Personal Auto,Personal,IL,Cumulus Mutual,1765.01,Rosa Stewart,Diego Anderson,Olivia Harris,false,2024-09-01
INS-CL-000571,CLM-429108,INS-PL-005452,Liability,2025-02-02,2025-02-07,2025-02-21,Closed,5759.76,5528.78,14.3,E-0247,,Mobile App,false,Personal Auto,Personal,GA,Cumulus Mutual,1100.01,Amara King,Iris Nelson,Ben Patel,false,2025-02-01
INS-CL-000572,CLM-555092,INS-PL-005458,Hail Damage,2026-06-17,2026-06-20,2026-07-09,Closed,2232.83,1510.54,19.9,E-0265,CAT-2026-HAIL-MW,Mobile App,false,Personal Auto,Personal,UT,Cumulus Mutual,1445.64,Sara Lopez,Noah Martinez,Nina Davis,true,2026-06-01
INS-CL-000573,CLM-910453,INS-PL-005462,Water Damage,2026-05-13,2026-05-15,2026-06-03,Closed,29900.44,25294.99,19.2,E-0240,,Phone,false,Homeowners (HO-3),Personal,UT,Northwind Assurance,1866.27,Derek Allen,Layla Anderson,Lauren Edwards,false,2026-05-01
INS-CL-000574,CLM-648320,INS-PL-005488,Liability,2026-02-10,2026-02-13,2026-02-26,Closed,1201.8,705.06,13.4,E-0242,,Mobile App,false,Personal Auto,Personal,FL,Cumulus Mutual,1519.71,Victor Thomas,Fatima Campbell,Jamal Mitchell,false,2026-02-01
INS-CL-000575,CLM-630755,INS-PL-005500,Wind,2026-07-24,2026-07-29,2026-08-24,Closed,30054.96,16398.15,26.2,E-0251,,Agent,false,Commercial Auto,Commercial,OR,Northwind Assurance,6040.88,Diego Baker,Mateo Anderson,Chloe White,false,2026-07-01
INS-CL-000576,CLM-293559,INS-PL-005501,Theft,2025-01-09,2025-01-11,2025-02-07,Closed,1540.11,882.9,27.1,E-0238,,Web,false,Homeowners (HO-3),Personal,OR,Cumulus Mutual,1230.21,Kenji Morris,Owen King,Andre Ashford,false,2025-01-01
INS-CL-000577,CLM-504647,INS-PL-005507,Glass,2026-03-27,2026-04-02,2026-04-11,Closed,15441.57,12811.27,9.1,E-0247,,Phone,false,Homeowners (HO-3),Personal,OR,Cumulus Mutual,3339.77,Aisha Roberts,Ethan Nelson,Ben Patel,false,2026-03-01
INS-CL-000578,CLM-954638,INS-PL-005513,Fire,2026-07-24,2026-07-28,2026-08-09,Closed,4258.04,4178.89,12.3,E-0238,,Phone,false,Homeowners (HO-3),Personal,AZ,Beacon National,1439.51,Tom Lewis,Ethan Lewis,Andre Ashford,false,2026-07-01
INS-CL-000579,CLM-763201,INS-PL-005526,Liability,2026-08-09,2026-08-11,2026-08-20,Closed,4850.78,3928.19,9.4,E-0248,,Phone,false,Personal Auto,Personal,OH,Cumulus Mutual,1237.0,Chloe Green,Layla Bailey,Yuki Roberts,false,2026-08-01
INS-CL-000580,CLM-972269,INS-PL-005551,Glass,2024-10-05,2024-10-07,2024-10-29,Closed,3881.38,4041.92,23.0,E-0263,,Phone,false,Personal Auto,Personal,FL,Cumulus Mutual,1186.52,Grace Turner,Fatima Campbell,Luis Bailey,false,2024-10-01
INS-CL-000581,CLM-338009,INS-PL-005552,Water Damage,2024-10-23,2024-10-27,2024-11-15,Closed,6584.17,3786.32,19.2,E-0259,,Mobile App,false,Personal Auto,Personal,UT,Northwind Assurance,1400.37,Jamal Adams,Lauren Nguyen,Iris Lopez,false,2024-10-01
INS-CL-000582,CLM-550002,INS-PL-005556,Water Damage,2026-08-19,2026-08-24,,Under Review,1353.3,0,,E-0240,,Mobile App,false,Renters,Personal,NC,Northwind Assurance,326.61,Ethan Baker,Grace Bailey,Lauren Edwards,false,2026-08-01
INS-CL-000583,CLM-520988,INS-PL-005574,Water Damage,2026-07-02,2026-07-08,2026-08-14,Closed,751.78,679.69,37.6,E-0252,,Mobile App,false,Renters,Personal,MN,Cumulus Mutual,226.69,Henry Vaughn,Rosa Thomas,Samuel Lewis,false,2026-07-01
INS-CL-000584,CLM-755332,INS-PL-005609,Glass,2024-11-17,2024-11-18,2025-01-07,Closed,13238.94,9183.44,50.1,E-0256,,Phone,false,Small Commercial Package,Commercial,UT,Cumulus Mutual,10521.63,Chloe Collins,Chloe Collins,Hannah Phillips,false,2024-11-01
INS-CL-000585,CLM-225075,INS-PL-005614,Fire,2025-06-27,2025-07-01,2025-07-18,Closed,1354.39,1117.9,17.3,E-0246,,Mobile App,false,Personal Auto,Personal,WA,Atlas P&C,1676.63,Wei Hall,Julian Green,Rosa Campbell,false,2025-06-01
INS-CL-000586,CLM-506614,INS-PL-005618,Water Damage,2026-01-30,2026-02-02,2026-02-28,Closed,14934.09,12255.55,26.1,E-0265,,Mobile App,false,Homeowners (HO-3),Personal,MN,Beacon National,1621.4,Noah White,Jamal Allen,Nina Davis,false,2026-01-01
INS-CL-000587,CLM-936428,INS-PL-005627,Glass,2025-11-18,2025-11-18,2025-12-10,Closed,8252.11,4888.96,22.4,E-0255,,Web,false,Homeowners (HO-3),Personal,AZ,Atlas P&C,3332.79,Sara Roberts,Layla Bailey,Ethan Allen,false,2025-11-01
INS-CL-000588,CLM-439433,INS-PL-005630,Glass,2026-01-27,2026-01-29,2026-02-06,Closed,2724.99,2541.27,8.7,E-0246,,Phone,false,Homeowners (HO-3),Personal,UT,Beacon National,1879.34,Victor Parker,Andre Davis,Rosa Campbell,false,2026-01-01
INS-CL-000589,CLM-465405,INS-PL-005640,Glass,2025-02-19,2025-02-20,2025-03-10,Closed,1019.24,881.61,18.5,E-0263,,Agent,false,Personal Auto,Personal,NC,Cumulus Mutual,1392.66,Jamal Adams,Hannah Carter,Luis Bailey,false,2025-02-01
INS-CL-000590,CLM-714394,INS-PL-005651,Water Damage,2025-02-19,2025-02-24,2025-03-27,Closed,4488.29,4448.26,31.7,E-0257,,Phone,false,Homeowners (HO-3),Personal,AZ,Cumulus Mutual,2725.88,Lauren Lopez,Elena Stewart,Maya Campbell,false,2025-02-01
INS-CL-000591,CLM-428794,INS-PL-005674,Collision,2024-09-16,2024-09-16,2024-09-24,Closed,1993.95,1686.01,8.6,E-0245,,Mobile App,false,Renters,Personal,CT,Cumulus Mutual,337.18,Luis Davis,Felix Allen,Ines Ashford,false,2024-09-01
INS-CL-000592,CLM-837572,INS-PL-005680,Liability,2025-05-07,2025-05-13,2025-06-07,Closed,1406.78,931.03,25.1,E-0253,,Phone,false,Umbrella,Personal,FL,Beacon National,392.36,Leo Silva,Iris Nelson,Grace Garcia,false,2025-05-01
INS-CL-000593,CLM-790800,INS-PL-005690,Theft,2026-08-19,2026-08-22,,Awaiting Documents,9095.66,0,,E-0261,,Mobile App,false,Personal Auto,Personal,FL,Beacon National,1634.09,Henry Parker,Fatima Campbell,Olivia Harris,false,2026-08-01
INS-CL-000594,CLM-932608,INS-PL-005697,Hail Damage,2026-06-14,2026-06-19,2026-07-11,Closed,4394.45,3272.99,22.4,E-0242,CAT-2026-HAIL-MW,Phone,false,Personal Auto,Personal,UT,Cumulus Mutual,2743.53,Luis Brown,Lauren Nguyen,Jamal Mitchell,true,2026-06-01
INS-CL-000595,CLM-385589,INS-PL-005704,Glass,2024-12-26,2024-12-31,2025-01-12,Closed,4089.79,2097.72,12.9,E-0242,,Mobile App,false,Homeowners (HO-3),Personal,NY,Cumulus Mutual,1273.24,Jonathan Thomas,Kenji Lewis,Jamal Mitchell,false,2024-12-01
INS-CL-000596,CLM-736680,INS-PL-005708,Fire,2026-04-25,2026-04-28,2026-05-13,Closed,2969.39,1576.7,15.6,E-0238,,Phone,false,Homeowners (HO-3),Personal,CO,Atlas P&C,1066.0,Mateo Hall,Ines Jackson,Andre Ashford,false,2026-04-01
INS-CL-000597,CLM-122080,INS-PL-005721,Water Damage,2026-07-07,2026-07-11,2026-07-22,Closed,22600.12,14040.39,12.0,E-0254,,Web,false,Commercial Auto,Commercial,AZ,Cumulus Mutual,6844.48,Julian Jackson,Hannah Garcia,Julian Campbell,false,2026-07-01
INS-CL-000598,CLM-939670,INS-PL-005757,Liability,2026-07-25,2026-07-25,2026-08-14,Closed,5364.94,3250.45,20.3,E-0251,,Web,false,Personal Auto,Personal,FL,Cumulus Mutual,1378.66,Noah Moore,Daniel Miller,Chloe White,false,2026-07-01
INS-CL-000599,CLM-503275,INS-PL-005771,Water Damage,2026-07-02,2026-07-08,2026-07-31,Closed,592.66,378.59,23.6,E-0250,,Phone,false,Personal Auto,Personal,GA,Beacon National,1100.63,Ines Anderson,Andre Davis,Jonathan Taylor,false,2026-07-01
INS-CL-000600,CLM-185277,INS-PL-005779,Collision,2026-01-28,2026-02-03,2026-02-13,Closed,9858.73,7972.13,10.6,E-0240,,Agent,false,Homeowners (HO-3),Personal,UT,Northwind Assurance,1585.14,Emma Baker,Elena Stewart,Lauren Edwards,false,2026-01-01
INS-CL-000601,CLM-540711,INS-PL-005788,Collision,2026-03-07,2026-03-09,2026-04-05,Closed,34102.16,32188.59,27.9,E-0259,,Mobile App,false,Personal Auto,Personal,CT,Atlas P&C,2644.45,Isabella Ruiz,Derek Ruiz,Iris Lopez,false,2026-03-01
INS-CL-000602,CLM-262529,INS-PL-005792,Theft,2025-01-18,2025-01-24,2025-02-08,Closed,34028.03,21191.87,15.1,E-0258,,Agent,false,Personal Auto,Personal,WA,Atlas P&C,2431.92,Carlos Moore,Victor Roberts,Fatima Jackson,false,2025-01-01
INS-CL-000603,CLM-193236,INS-PL-005806,Liability,2024-12-29,2025-01-04,2025-01-31,Closed,19372.37,19686.5,27.2,E-0261,,Mobile App,false,Homeowners (HO-3),Personal,CA,Cumulus Mutual,2038.16,Luis Baker,Elena Davis,Olivia Harris,false,2024-12-01
INS-CL-000604,CLM-260568,INS-PL-005830,Wind,2025-02-12,2025-02-16,2025-03-04,Closed,4999.94,4411.88,16.2,E-0242,,Mobile App,false,Personal Auto,Personal,CA,Northwind Assurance,732.8,Amara Jackson,Ethan Nelson,Jamal Mitchell,false,2025-02-01
INS-CL-000605,CLM-673414,INS-PL-005832,Theft,2025-06-19,2025-06-24,2025-07-20,Closed,1612.94,945.8,26.2,E-0261,,Agent,false,Personal Auto,Personal,GA,Atlas P&C,949.38,Ben Garcia,Ethan Lewis,Olivia Harris,false,2025-06-01
INS-CL-000606,CLM-712701,INS-PL-005834,Fire,2024-10-30,2024-11-04,2024-11-28,Closed,1127.44,822.28,24.7,E-0243,,Mobile App,false,Homeowners (HO-3),Personal,MA,Northwind Assurance,1126.24,Ava Roberts,Chloe Collins,Jamal Campbell,false,2024-10-01
INS-CL-000607,CLM-455645,INS-PL-005870,Water Damage,2026-08-13,2026-08-13,2026-08-28,Closed,1206.4,1243.88,15.6,E-0250,,Web,false,Personal Auto,Personal,GA,Atlas P&C,705.91,Julian Baker,Owen Davis,Jonathan Taylor,false,2026-08-01
INS-CL-000608,CLM-465103,INS-PL-005876,Hail Damage,2026-06-15,2026-06-20,2026-07-18,Closed,22927.35,21612.27,28.1,E-0247,CAT-2026-HAIL-MW,Mobile App,false,Personal Auto,Personal,CO,Cumulus Mutual,2263.46,Diego Mitchell,Andre Allen,Ben Patel,true,2026-06-01
INS-CL-000609,CLM-524967,INS-PL-005886,Theft,2026-03-23,2026-03-27,2026-04-10,Closed,10556.53,8556.51,15.0,E-0263,,Web,false,Personal Auto,Personal,UT,Cumulus Mutual,1905.12,Kenji Young,Ethan Harris,Luis Bailey,false,2026-03-01
INS-CL-000610,CLM-224438,INS-PL-005920,Wind,2024-12-16,2024-12-19,2024-12-31,Closed,957.38,479.15,12.7,E-0255,,Mobile App,false,Renters,Personal,CA,Beacon National,244.51,Grace Thomas,Noah Martinez,Ethan Allen,false,2024-12-01
INS-CL-000611,CLM-847442,INS-PL-005931,Wind,2025-01-27,2025-01-31,2025-03-02,Closed,1019.3,728.6,30.2,E-0251,,Phone,false,Umbrella,Personal,AZ,Cumulus Mutual,397.5,Felix Bailey,Layla Anderson,Chloe White,false,2025-01-01
INS-CL-000612,CLM-216322,INS-PL-005934,Fire,2024-10-03,2024-10-09,2024-11-09,Closed,21665.97,20937.23,31.9,E-0249,,Mobile App,false,Homeowners (HO-3),Personal,MA,Beacon National,3039.91,Carlos Harris,Tom Ruiz,Fatima Brown,false,2024-10-01
INS-CL-000613,CLM-129017,INS-PL-005938,Collision,2026-05-07,2026-05-08,2026-06-07,Closed,6148.96,4685.25,30.6,E-0252,,Phone,false,Homeowners (HO-3),Personal,AZ,Cumulus Mutual,2930.54,Mei Phillips,Leo King,Samuel Lewis,false,2026-05-01
INS-CL-000614,CLM-950181,INS-PL-005940,Wind,2026-03-16,2026-03-18,2026-04-01,Closed,24716.73,13024.36,14.5,E-0253,,Phone,false,Homeowners (HO-3),Personal,NC,Cumulus Mutual,1910.42,Isabella Mitchell,Lauren Nguyen,Grace Garcia,false,2026-03-01
INS-CL-000615,CLM-676508,INS-PL-005941,Wind,2026-08-22,2026-08-22,,Under Review,12069.18,0,,E-0243,,Mobile App,false,Personal Auto,Personal,IL,Cumulus Mutual,1096.46,Aisha Walker,Layla Silva,Jamal Campbell,false,2026-08-01
INS-CL-000616,CLM-123456,INS-PL-005955,Wind,2026-05-22,2026-05-28,2026-06-16,Closed,11568.49,8297.47,19.9,E-0256,,Agent,false,Small Commercial Package,Commercial,GA,Atlas P&C,8878.91,Nora Anderson,Daniel Miller,Hannah Phillips,false,2026-05-01
INS-CL-000617,CLM-453366,INS-PL-005956,Hail Damage,2026-06-17,2026-06-21,2026-07-15,Closed,18743.34,11222.32,24.4,E-0247,CAT-2026-HAIL-MW,Mobile App,false,Personal Auto,Personal,UT,Northwind Assurance,1731.74,Andre Taylor,Olivia White,Ben Patel,true,2026-06-01
INS-CL-000618,CLM-127424,INS-PL-005961,Glass,2024-09-05,2024-09-10,2024-10-19,Closed,3119.81,3127.62,39.3,E-0265,,Phone,false,Homeowners (HO-3),Personal,UT,Cumulus Mutual,1604.02,Leo Stewart,Chloe Collins,Nina Davis,false,2024-09-01
INS-CL-000619,CLM-358948,INS-PL-005966,Theft,2026-06-29,2026-07-02,2026-07-15,Closed,74649.08,76206.44,13.8,E-0236,,Agent,false,Commercial Auto,Commercial,NC,Beacon National,5543.29,Olivia Adams,Hannah Garcia,Jonathan Taylor,false,2026-06-01
INS-CL-000620,CLM-549138,INS-PL-005968,Glass,2026-02-13,2026-02-19,2026-03-08,Closed,56086.9,55082.82,17.8,E-0262,,Mobile App,false,Commercial Auto,Commercial,OH,Cumulus Mutual,3308.57,Rosa Phillips,Victor Roberts,Iris Anderson,false,2026-02-01
INS-CL-000621,CLM-697798,INS-PL-005975,Fire,2025-08-04,2025-08-10,2025-08-19,Closed,1738.08,1017.13,9.9,E-0262,,Web,false,Homeowners (HO-3),Personal,NY,Cumulus Mutual,2064.77,Ava Collins,Owen Davis,Iris Anderson,false,2025-08-01
INS-CL-000622,CLM-628174,INS-PL-005993,Water Damage,2024-10-13,2024-10-17,2024-10-25,Closed,2766.71,2433.98,8.4,E-0240,,Mobile App,false,Personal Auto,Personal,CA,Cumulus Mutual,1157.72,Priya Kim,Sofia Baker,Lauren Edwards,false,2024-10-01
INS-CL-000623,CLM-438353,INS-PL-006020,Collision,2024-12-20,2024-12-21,2025-01-03,Closed,1210.43,853.69,13.1,E-0258,,Mobile App,false,Renters,Personal,UT,Northwind Assurance,614.54,Sara Anderson,Priya Brown,Fatima Jackson,false,2024-12-01
INS-CL-000624,CLM-743997,INS-PL-006033,Theft,2025-08-14,2025-08-18,2025-08-23,Closed,1145.42,579.15,5.8,E-0246,,Mobile App,false,Homeowners (HO-3),Personal,CA,Cumulus Mutual,1459.07,Emma Nguyen,Carlos Scott,Rosa Campbell,false,2025-08-01
INS-CL-000625,CLM-894227,INS-PL-006038,Theft,2025-09-12,2025-09-15,2025-10-06,Closed,2724.72,2332.34,21.1,E-0245,,Agent,false,Personal Auto,Personal,OR,Cumulus Mutual,1825.42,Luis Davis,Sara Morris,Ines Ashford,false,2025-09-01
INS-CL-000626,CLM-321138,INS-PL-006049,Theft,2025-08-14,2025-08-15,2025-08-29,Closed,8071.46,5136.1,14.1,E-0257,,Web,false,Homeowners (HO-3),Personal,MN,Atlas P&C,1765.79,Mateo Phillips,Layla Silva,Maya Campbell,false,2025-08-01
INS-CL-000627,CLM-562194,INS-PL-006057,Hail Damage,2026-06-17,2026-06-23,2026-07-01,Closed,3870.91,3798.66,8.8,E-0253,CAT-2026-HAIL-MW,Phone,false,Personal Auto,Personal,UT,Beacon National,1224.34,Isabella Nguyen,Priya Brown,Grace Garcia,true,2026-06-01
INS-CL-000628,CLM-202442,INS-PL-006096,Hail Damage,2026-06-15,2026-06-15,2026-08-05,Closed,5707.74,5113.02,51.7,E-0255,CAT-2026-HAIL-MW,Phone,false,Personal Auto,Personal,CO,Northwind Assurance,1429.55,Diego Clark,Hannah Walker,Ethan Allen,true,2026-06-01
INS-CL-000629,CLM-223369,INS-PL-006112,Theft,2026-07-20,2026-07-26,,Under Review,40726.05,0,,E-0253,,Agent,false,Commercial Auto,Commercial,WA,Atlas P&C,5103.59,Mateo Anderson,Ethan Harris,Grace Garcia,false,2026-07-01
INS-CL-000630,CLM-891030,INS-PL-006125,Wind,2024-12-10,2024-12-12,2024-12-29,Closed,8062.46,6955.15,17.4,E-0264,,Mobile App,false,Personal Auto,Personal,AZ,Cumulus Mutual,1175.53,Tom Lopez,Olivia White,Layla Collins,false,2024-12-01
INS-CL-000631,CLM-888180,INS-PL-006133,Theft,2024-09-13,2024-09-19,2024-10-03,Closed,65965.35,55800.17,14.8,E-0245,,Phone,false,Small Commercial Package,Commercial,CA,Cumulus Mutual,7749.68,Owen Stewart,Derek Brown,Ines Ashford,false,2024-09-01
INS-CL-000632,CLM-757645,INS-PL-006138,Theft,2024-10-26,2024-10-30,2024-11-17,Closed,16860.93,17235.27,18.8,E-0254,,Mobile App,false,Homeowners (HO-3),Personal,AZ,Cumulus Mutual,1816.53,Andre Moore,Mateo Anderson,Julian Campbell,false,2024-10-01
INS-CL-000633,CLM-943060,INS-PL-006157,Water Damage,2025-09-29,2025-10-01,2025-10-10,Closed,16737.63,9313.37,9.2,E-0259,,Agent,false,Personal Auto,Personal,GA,Atlas P&C,1447.52,Jamal Vaughn,Mateo Garcia,Iris Lopez,false,2025-09-01
INS-CL-000634,CLM-511393,INS-PL-006162,Collision,2025-07-02,2025-07-07,2025-07-22,Closed,5188.64,2817.04,15.8,E-0243,,Web,false,Homeowners (HO-3),Personal,MA,Cumulus Mutual,1468.41,Ethan Johnson,Owen Davis,Jamal Campbell,false,2025-07-01
INS-CL-000635,CLM-875900,INS-PL-006184,Fire,2025-06-29,2025-07-03,2025-07-13,Closed,13577.73,8081.95,10.5,E-0263,,Mobile App,false,Homeowners (HO-3),Personal,WA,Cumulus Mutual,1788.25,Mateo Clark,Hannah Garcia,Luis Bailey,false,2025-06-01
INS-CL-000636,CLM-747769,INS-PL-006190,Water Damage,2025-03-28,2025-04-02,2025-04-18,Closed,13463.07,10330.99,16.1,E-0257,,Agent,false,Commercial Auto,Commercial,OH,Northwind Assurance,6649.76,Wei Parker,Ethan Lewis,Maya Campbell,false,2025-03-01
INS-CL-000637,CLM-725034,INS-PL-006208,Fire,2025-02-04,2025-02-05,2025-04-08,Closed,7119.38,3641.43,62.5,E-0244,,Mobile App,true,Personal Auto,Personal,OH,Beacon National,1135.61,Layla Adams,Ines Jackson,Isabella Roberts,false,2025-02-01
INS-CL-000638,CLM-360242,INS-PL-006213,Water Damage,2026-01-06,2026-01-08,2026-01-24,Closed,5268.32,3204.7,16.0,E-0256,,Web,false,Personal Auto,Personal,NC,Beacon National,1926.72,Mateo Harris,Hannah Garcia,Hannah Phillips,false,2026-01-01
INS-CL-000639,CLM-823513,INS-PL-006231,Glass,2026-07-26,2026-07-31,,Awaiting Documents,23108.55,0,,E-0248,,Phone,false,Personal Auto,Personal,UT,Cumulus Mutual,1352.63,Daniel Garcia,Tom Ruiz,Yuki Roberts,false,2026-07-01
INS-CL-000640,CLM-116615,INS-PL-006237,Water Damage,2025-02-24,2025-03-02,2025-03-12,Closed,17915.62,15828.98,10.5,E-0236,,Mobile App,false,Homeowners (HO-3),Personal,IL,Beacon National,904.2,Carlos Morris,Layla Anderson,Jonathan Taylor,false,2025-02-01
INS-CL-000641,CLM-360580,INS-PL-006246,Liability,2026-04-11,2026-04-17,2026-04-26,Closed,9163.2,5384.38,9.5,E-0257,,Phone,false,Homeowners (HO-3),Personal,CA,Cumulus Mutual,1125.87,Carlos Clark,Felix Nguyen,Maya Campbell,false,2026-04-01
INS-CL-000642,CLM-689453,INS-PL-006253,Glass,2025-01-08,2025-01-08,2025-01-28,Closed,5455.25,5624.26,20.2,E-0257,,Phone,false,Personal Auto,Personal,GA,Cumulus Mutual,2535.22,Ben Mitchell,Iris Nelson,Maya Campbell,false,2025-01-01
INS-CL-000643,CLM-182152,INS-PL-006261,Glass,2026-08-03,2026-08-04,,Under Review,4255.83,0,,E-0253,,Mobile App,false,Commercial Auto,Commercial,AZ,Northwind Assurance,2038.62,Isabella Wilson,Layla Silva,Grace Garcia,false,2026-08-01
INS-CL-000644,CLM-641143,INS-PL-006270,Fire,2026-02-17,2026-02-19,2026-02-26,Closed,8457.92,6667.65,7.1,E-0264,,Agent,false,Homeowners (HO-3),Personal,UT,Northwind Assurance,1868.69,Priya Garcia,Hannah Carter,Layla Collins,false,2026-02-01
INS-CL-000645,CLM-547777,INS-PL-006271,Fire,2026-02-26,2026-03-01,2026-03-08,Closed,11066.56,6803.59,7.1,E-0254,,Mobile App,false,Homeowners (HO-3),Personal,CT,Atlas P&C,1483.18,Aisha Okafor,Ethan Nelson,Julian Campbell,false,2026-02-01
INS-CL-000646,CLM-450588,INS-PL-006274,Glass,2026-08-04,2026-08-07,2026-08-27,Closed,50511.44,36863.77,20.0,E-0251,,Phone,false,Homeowners (HO-3),Personal,CO,Northwind Assurance,2909.78,Mei Collins,Sofia Baker,Chloe White,false,2026-08-01
INS-CL-000647,CLM-961341,INS-PL-006275,Water Damage,2026-06-16,2026-06-17,2026-07-14,Closed,8601.92,5297.16,27.4,E-0236,,Phone,false,Homeowners (HO-3),Personal,MN,Cumulus Mutual,1933.92,Yuki Nelson,Andre Davis,Jonathan Taylor,false,2026-06-01
INS-CL-000648,CLM-593634,INS-PL-006279,Wind,2025-05-17,2025-05-22,2025-06-15,Closed,6091.04,6302.46,24.5,E-0254,,Agent,false,Personal Auto,Personal,OH,Beacon National,2693.78,Ava Phillips,Owen Davis,Julian Campbell,false,2025-05-01
INS-CL-000649,CLM-254840,INS-PL-006296,Wind,2025-06-25,2025-06-29,2025-08-03,Closed,41456.25,27471.49,35.8,E-0244,,Agent,false,Personal Auto,Personal,OR,Cumulus Mutual,1177.0,Diego Carter,Marcus Jackson,Isabella Roberts,false,2025-06-01
INS-CL-000650,CLM-837189,INS-PL-006297,Hail Damage,2026-06-18,2026-06-19,2026-07-18,Closed,3801.31,2965.83,29.2,E-0262,CAT-2026-HAIL-MW,Phone,false,Personal Auto,Personal,CO,Beacon National,942.77,Noah Chen,Hannah Walker,Iris Anderson,true,2026-06-01
INS-CL-000651,CLM-918546,INS-PL-006304,Theft,2024-11-15,2024-11-21,2024-12-19,Closed,4223.43,3347.49,28.9,E-0256,,Mobile App,false,Personal Auto,Personal,FL,Atlas P&C,1547.49,Mateo Patel,Sofia Baker,Hannah Phillips,false,2024-11-01
INS-CL-000652,CLM-751363,INS-PL-006306,Hail Damage,2026-06-15,2026-06-16,2026-07-01,Closed,2556.39,2669.8,15.8,E-0263,CAT-2026-HAIL-MW,Mobile App,false,Personal Auto,Personal,UT,Northwind Assurance,1447.25,Emma Baker,Elena Davis,Luis Bailey,true,2026-06-01
INS-CL-000653,CLM-584132,INS-PL-006309,Theft,2026-02-25,2026-02-28,2026-03-19,Closed,19598.99,17051.5,19.3,E-0263,,Web,false,Homeowners (HO-3),Personal,UT,Beacon National,3055.42,Derek Wilson,Jamal Allen,Luis Bailey,false,2026-02-01
INS-CL-000654,CLM-386698,INS-PL-006314,Collision,2025-03-26,2025-03-30,2025-04-22,Closed,28060.84,25283.12,23.1,E-0263,,Mobile App,false,Homeowners (HO-3),Personal,GA,Cumulus Mutual,3077.49,Andre Lopez,Layla Silva,Luis Bailey,false,2025-03-01
INS-CL-000655,CLM-631016,INS-PL-006319,Fire,2026-08-01,2026-08-05,2026-08-16,Closed,1416.23,725.63,11.4,E-0246,,Phone,false,Personal Auto,Personal,UT,Beacon National,899.87,Emma Phillips,Zara Moore,Rosa Campbell,false,2026-08-01
INS-CL-000656,CLM-385223,INS-PL-006330,Wind,2026-07-20,2026-07-22,2026-08-11,Closed,1600.69,1148.02,20.8,E-0264,,Mobile App,false,Personal Auto,Personal,NC,Cumulus Mutual,1083.31,Mateo Wright,Owen Davis,Layla Collins,false,2026-07-01
INS-CL-000657,CLM-489996,INS-PL-006347,Liability,2025-02-13,2025-02-17,2025-02-27,Closed,4511.38,4053.31,10.8,E-0249,,Mobile App,false,Personal Auto,Personal,AZ,Cumulus Mutual,1395.44,Ava Morris,Layla Silva,Fatima Brown,false,2025-02-01
INS-CL-000658,CLM-643385,INS-PL-006350,Liability,2025-04-19,2025-04-23,2025-06-14,Closed,16468.18,17178.83,52.5,E-0241,,Agent,false,Homeowners (HO-3),Personal,UT,Cumulus Mutual,2185.16,Ines Ashford,Lauren Nguyen,Marcus Young,false,2025-04-01
INS-CL-000659,CLM-237705,INS-PL-006366,Collision,2025-12-30,2026-01-04,2026-01-15,Closed,9547.58,7057.79,12.0,E-0240,,Phone,false,Personal Auto,Personal,NC,Beacon National,1386.75,Sara Jackson,Layla Silva,Lauren Edwards,false,2025-12-01
INS-CL-000660,CLM-509483,INS-PL-006370,Theft,2026-08-12,2026-08-16,2026-08-30,Closed,969.81,771.97,14.6,E-0259,,Phone,false,Renters,Personal,CO,Cumulus Mutual,507.22,Jonathan White,Ethan Nelson,Iris Lopez,false,2026-08-01
INS-CL-000661,CLM-684737,INS-PL-006378,Fire,2025-05-25,2025-05-30,2025-06-27,Closed,4973.61,2800.56,28.6,E-0241,,Phone,false,Personal Auto,Personal,NC,Beacon National,2082.93,Priya Young,Layla Silva,Marcus Young,false,2025-05-01
INS-CL-000662,CLM-420926,INS-PL-006389,Wind,2024-11-30,2024-12-02,2024-12-17,Closed,3521.12,3262.66,15.5,E-0238,,Agent,false,Personal Auto,Personal,MA,Cumulus Mutual,969.54,Leo Jackson,Zara Moore,Andre Ashford,false,2024-11-01
INS-CL-000663,CLM-470709,INS-PL-006426,Fire,2026-05-14,2026-05-15,2026-06-04,Closed,6878.58,3928.95,20.5,E-0239,,Phone,false,Homeowners (HO-3),Personal,WA,Beacon National,1226.37,Rosa Lewis,Victor Walker,Sofia Hall,false,2026-05-01
INS-CL-000664,CLM-131423,INS-PL-006427,Hail Damage,2026-06-18,2026-06-23,2026-07-19,Closed,1208.14,957.06,26.4,E-0242,CAT-2026-HAIL-MW,Phone,false,Personal Auto,Personal,UT,Northwind Assurance,1135.44,Carlos Parker,Marcus Phillips,Jamal Mitchell,true,2026-06-01
INS-CL-000665,CLM-252258,INS-PL-006435,Glass,2025-04-16,2025-04-20,2025-05-13,Closed,834.56,541.75,23.3,E-0250,,Mobile App,false,Renters,Personal,NY,Beacon National,322.36,Ethan Roberts,Layla Bailey,Jonathan Taylor,false,2025-04-01
INS-CL-000666,CLM-576275,INS-PL-006437,Hail Damage,2026-06-15,2026-06-15,2026-06-30,Closed,11413.2,10453.72,15.7,E-0241,CAT-2026-HAIL-MW,Mobile App,false,Personal Auto,Personal,UT,Cumulus Mutual,2319.7,Sara Silva,Marcus Phillips,Marcus Young,true,2026-06-01
INS-CL-000667,CLM-816291,INS-PL-006439,Fire,2025-03-29,2025-03-31,2025-04-11,Closed,29086.28,17695.99,11.7,E-0239,,Phone,false,Personal Auto,Personal,MN,Cumulus Mutual,1535.09,Ava Carter,Hannah Phillips,Sofia Hall,false,2025-03-01
INS-CL-000668,CLM-772601,INS-PL-006461,Glass,2024-10-03,2024-10-08,2024-10-27,Closed,1490.57,1134.49,19.8,E-0248,,Mobile App,false,Renters,Personal,MN,Cumulus Mutual,509.69,Aisha Davis,Lauren Nguyen,Yuki Roberts,false,2024-10-01
INS-CL-000669,CLM-190144,INS-PL-006463,Wind,2025-08-08,2025-08-10,2025-08-25,Closed,8034.74,5770.75,15.4,E-0254,,Phone,false,Personal Auto,Personal,OH,Atlas P&C,1423.69,Leo Adams,Andre Davis,Julian Campbell,false,2025-08-01
INS-CL-000670,CLM-764312,INS-PL-006470,Water Damage,2026-06-13,2026-06-16,2026-06-21,Closed,14564.37,12637.12,5.6,E-0244,,Phone,false,Commercial Auto,Commercial,OR,Northwind Assurance,3594.56,Priya Anderson,Jamal Allen,Isabella Roberts,false,2026-06-01
INS-CL-000671,CLM-464298,INS-PL-006494,Water Damage,2024-10-10,2024-10-12,2024-10-21,Closed,828.04,704.19,9.5,E-0240,,Agent,false,Renters,Personal,OH,Cumulus Mutual,289.61,Diego Edwards,Andre Allen,Lauren Edwards,false,2024-10-01
INS-CL-000672,CLM-555073,INS-PL-006498,Collision,2026-03-11,2026-03-16,2026-04-11,Closed,63875.14,66430.86,26.3,E-0250,,Web,false,Commercial Auto,Commercial,FL,Atlas P&C,5107.72,Olivia Ruiz,Andre Davis,Jonathan Taylor,false,2026-03-01
INS-CL-000673,CLM-832950,INS-PL-006518,Collision,2024-10-31,2024-11-01,2024-11-21,Closed,3467.76,2541.32,20.6,E-0260,,Phone,false,Personal Auto,Personal,NY,Cumulus Mutual,1761.93,Samuel Nguyen,Derek Brown,Carlos Harris,false,2024-10-01
INS-CL-000674,CLM-150692,INS-PL-006520,Hail Damage,2026-06-16,2026-06-20,2026-08-16,Closed,1335.46,1393.35,58.0,E-0243,CAT-2026-HAIL-MW,Mobile App,false,Personal Auto,Personal,UT,Cumulus Mutual,1059.3,Marcus Stewart,Felix Allen,Jamal Campbell,true,2026-06-01
INS-CL-000675,CLM-287450,INS-PL-006544,Hail Damage,2026-06-17,2026-06-23,2026-07-08,Closed,1844.73,1868.06,15.6,E-0259,CAT-2026-HAIL-MW,Agent,false,Homeowners (HO-3),Personal,CO,Atlas P&C,1462.26,Aisha Turner,Maya Okafor,Iris Lopez,true,2026-06-01
INS-CL-000676,CLM-104175,INS-PL-006550,Theft,2026-04-15,2026-04-18,2026-04-30,Closed,6427.62,5555.46,13.0,E-0258,,Mobile App,false,Personal Auto,Personal,MA,Atlas P&C,2327.96,Daniel Davis,Jamal Allen,Fatima Jackson,false,2026-04-01
INS-CL-000677,CLM-279661,INS-PL-006552,Wind,2026-07-31,2026-08-05,2026-08-21,Closed,217.79,121.24,16.7,E-0256,,Mobile App,false,Renters,Personal,CO,Cumulus Mutual,236.61,Aisha Clark,Layla Phillips,Hannah Phillips,false,2026-07-01
INS-CL-000678,CLM-849666,INS-PL-006566,Fire,2026-04-15,2026-04-20,2026-06-18,Closed,338.87,189.18,60.0,E-0256,,Mobile App,false,Renters,Personal,NY,Northwind Assurance,562.27,Zara Phillips,Felix Brown,Hannah Phillips,false,2026-04-01
INS-CL-000679,CLM-937618,INS-PL-006568,Collision,2025-06-11,2025-06-12,2025-06-23,Closed,52994.53,50253.4,11.8,E-0262,,Mobile App,false,Personal Auto,Personal,CT,Northwind Assurance,1681.6,Jamal Silva,Nina Chen,Iris Anderson,false,2025-06-01
INS-CL-000680,CLM-901785,INS-PL-006594,Fire,2026-04-29,2026-04-30,2026-05-24,Closed,11706.1,7008.11,24.0,E-0260,,Mobile App,false,Commercial Auto,Commercial,AZ,Beacon National,4093.27,Isabella King,Mateo Garcia,Carlos Harris,false,2026-04-01
INS-CL-000681,CLM-964607,INS-PL-006603,Water Damage,2025-04-30,2025-05-04,2025-07-14,Closed,13698.88,7293.39,71.8,E-0253,,Mobile App,false,Personal Auto,Personal,NY,Atlas P&C,2381.7,Elena Kim,Priya Brown,Grace Garcia,false,2025-04-01
INS-CL-000682,CLM-309866,INS-PL-006607,Water Damage,2026-05-13,2026-05-13,2026-05-21,Closed,304.55,187.25,8.4,E-0251,,Agent,false,Renters,Personal,OR,Atlas P&C,227.79,Chloe Johnson,Sofia Baker,Chloe White,false,2026-05-01
INS-CL-000683,CLM-334166,INS-PL-006613,Fire,2024-11-30,2024-12-02,2024-12-23,Closed,2790.3,2228.71,21.3,E-0243,,Mobile App,false,Personal Auto,Personal,CA,Atlas P&C,1202.04,Henry Martinez,Owen King,Jamal Campbell,false,2024-11-01
INS-CL-000684,CLM-284749,INS-PL-006628,Collision,2025-06-20,2025-06-22,2025-08-01,Closed,3099.18,1872.05,40.6,E-0239,,Mobile App,false,Homeowners (HO-3),Personal,NY,Northwind Assurance,1066.63,Ines Phillips,Ethan Lewis,Sofia Hall,false,2025-06-01
INS-CL-000685,CLM-185393,INS-PL-006642,Liability,2026-05-02,2026-05-06,2026-05-19,Closed,8566.07,5802.51,13.5,E-0246,,Agent,false,Personal Auto,Personal,FL,Cumulus Mutual,1483.15,Diego Collins,Marcus Jackson,Rosa Campbell,false,2026-05-01
INS-CL-000686,CLM-592252,INS-PL-006644,Liability,2025-02-15,2025-02-19,2025-03-12,Closed,8042.43,4838.28,21.3,E-0254,,Agent,false,Small Commercial Package,Commercial,CT,Cumulus Mutual,7742.04,Kenji Morris,Owen King,Julian Campbell,false,2025-02-01
INS-CL-000687,CLM-121953,INS-PL-006650,Fire,2026-07-27,2026-07-29,2026-08-10,Closed,14213.44,9817.77,12.0,E-0242,,Phone,false,Personal Auto,Personal,GA,Cumulus Mutual,816.66,Layla Chen,Olivia White,Jamal Mitchell,false,2026-07-01
INS-CL-000688,CLM-891901,INS-PL-006693,Glass,2025-07-01,2025-07-06,2025-08-02,Closed,905.64,774.87,27.3,E-0260,,Web,false,Renters,Personal,OH,Beacon National,467.43,Victor Bailey,Mateo White,Carlos Harris,false,2025-07-01
INS-CL-000689,CLM-383865,INS-PL-006708,Theft,2026-04-05,2026-04-08,2026-04-18,Closed,8304.63,8454.8,10.0,E-0252,,Web,false,Personal Auto,Personal,WA,Cumulus Mutual,2572.29,Priya Roberts,Iris Nelson,Samuel Lewis,false,2026-04-01
INS-CL-000690,CLM-175713,INS-PL-006713,Fire,2026-04-12,2026-04-18,2026-04-25,Closed,18569.7,17077.57,7.8,E-0245,,Phone,false,Homeowners (HO-3),Personal,UT,Cumulus Mutual,2848.31,Carlos Adams,Marcus Phillips,Ines Ashford,false,2026-04-01
INS-CL-000691,CLM-282096,INS-PL-006715,Hail Damage,2026-06-14,2026-06-16,2026-07-08,Closed,10765.24,10127.52,22.4,E-0262,CAT-2026-HAIL-MW,Web,false,Personal Auto,Personal,CO,Beacon National,1410.05,Sofia Green,Sara Morris,Iris Anderson,true,2026-06-01
INS-CL-000692,CLM-330083,INS-PL-006716,Liability,2025-05-13,2025-05-15,2025-05-29,Closed,22403.0,11851.45,14.7,E-0243,,Phone,true,Commercial Auto,Commercial,OH,Northwind Assurance,2762.4,Jonathan Evans,Jonathan Nelson,Jamal Campbell,false,2025-05-01
INS-CL-000693,CLM-957794,INS-PL-006747,Water Damage,2024-11-04,2024-11-08,2024-12-02,Closed,5280.4,5387.3,24.4,E-0245,,Mobile App,false,Personal Auto,Personal,MN,Cumulus Mutual,1633.47,Emma Ashford,Leo King,Ines Ashford,false,2024-11-01
INS-CL-000694,CLM-853612,INS-PL-006750,Water Damage,2026-08-10,2026-08-14,2026-08-24,Closed,10602.31,7662.3,10.9,E-0250,,Phone,false,Small Commercial Package,Commercial,OH,Cumulus Mutual,4656.24,Mateo Carter,Hannah Carter,Jonathan Taylor,false,2026-08-01
INS-CL-000695,CLM-543851,INS-PL-006755,Liability,2025-07-19,2025-07-19,2025-08-08,Closed,17854.13,11375.48,20.9,E-0263,,Phone,false,Personal Auto,Personal,MA,Atlas P&C,1346.44,Naomi Brown,Andre Davis,Luis Bailey,false,2025-07-01
INS-CL-000696,CLM-299699,INS-PL-006756,Water Damage,2026-08-25,2026-08-29,,Open,4283.22,0,,E-0257,,Mobile App,false,Personal Auto,Personal,OH,Cumulus Mutual,2170.3,Daniel Davis,Hannah Walker,Maya Campbell,false,2026-08-01
INS-CL-000697,CLM-116108,INS-PL-006761,Collision,2025-08-12,2025-08-13,2025-08-31,Closed,9687.13,5261.17,18.3,E-0245,,Phone,false,Personal Auto,Personal,OR,Cumulus Mutual,1054.63,Nina Wright,Mateo Anderson,Ines Ashford,false,2025-08-01
INS-CL-000698,CLM-329202,INS-PL-006763,Hail Damage,2026-06-17,2026-06-17,2026-07-10,Closed,32265.72,20856.7,23.1,E-0238,CAT-2026-HAIL-MW,Phone,false,Personal Auto,Personal,AZ,Cumulus Mutual,1880.69,Luis Chen,Felix Allen,Andre Ashford,true,2026-06-01
INS-CL-000699,CLM-805000,INS-PL-006764,Fire,2026-03-16,2026-03-19,2026-04-01,Closed,6984.77,5929.12,13.7,E-0240,,Phone,false,Personal Auto,Personal,OH,Cumulus Mutual,1808.08,Sofia White,Hannah Garcia,Lauren Edwards,false,2026-03-01
INS-CL-000700,CLM-423791,INS-PL-006768,Glass,2024-10-02,2024-10-02,2024-11-16,Closed,11638.2,5867.89,45.1,E-0241,,Agent,false,Personal Auto,Personal,MA,Cumulus Mutual,1800.37,Carlos Walker,Mei Young,Marcus Young,false,2024-10-01
INS-CL-000701,CLM-959065,INS-PL-006793,Hail Damage,2026-06-16,2026-06-19,2026-07-28,Closed,9461.45,5058.38,39.5,E-0255,CAT-2026-HAIL-MW,Agent,false,Homeowners (HO-3),Personal,AZ,Northwind Assurance,2941.71,Olivia Green,Layla Silva,Ethan Allen,true,2026-06-01
INS-CL-000702,CLM-137884,INS-PL-006794,Liability,2026-07-02,2026-07-06,2026-08-09,Closed,10739.86,10229.36,34.8,E-0262,,Web,false,Homeowners (HO-3),Personal,IL,Cumulus Mutual,1357.56,Chloe Anderson,Yuki Wright,Iris Anderson,false,2026-07-01
INS-CL-000703,CLM-289703,INS-PL-006822,Fire,2024-09-02,2024-09-06,2024-09-30,Closed,2583.48,2374.09,24.3,E-0253,,Agent,false,Homeowners (HO-3),Personal,CO,Atlas P&C,1427.4,Derek Patel,Kenji Lewis,Grace Garcia,false,2024-09-01
INS-CL-000704,CLM-890509,INS-PL-006829,Collision,2025-02-02,2025-02-05,2025-03-02,Closed,14733.21,10800.41,25.0,E-0254,,Phone,false,Commercial Auto,Commercial,OH,Cumulus Mutual,4476.41,Henry Vaughn,Zara Moore,Julian Campbell,false,2025-02-01
INS-CL-000705,CLM-575534,INS-PL-006845,Wind,2024-09-24,2024-09-25,2024-10-16,Closed,3200.84,3031.39,21.2,E-0248,,Mobile App,false,Small Commercial Package,Commercial,NC,Northwind Assurance,3453.16,Daniel Evans,Tom Ruiz,Yuki Roberts,false,2024-09-01
INS-CL-000706,CLM-180353,INS-PL-006848,Glass,2025-03-13,2025-03-13,2025-04-15,Closed,2340.56,1693.36,33.8,E-0245,,Mobile App,false,Personal Auto,Personal,OH,Atlas P&C,1000.26,Maya Thomas,Tom Ruiz,Ines Ashford,false,2025-03-01
INS-CL-000707,CLM-312934,INS-PL-006871,Theft,2025-12-07,2025-12-10,2025-12-27,Closed,2985.54,2356.14,17.8,E-0252,,Agent,false,Homeowners (HO-3),Personal,IL,Atlas P&C,2723.94,Julian Hall,Fatima Campbell,Samuel Lewis,false,2025-12-01
INS-CL-000708,CLM-349034,INS-PL-006873,Hail Damage,2026-06-14,2026-06-17,2026-07-17,Closed,40626.71,38780.6,30.3,E-0250,CAT-2026-HAIL-MW,Web,false,Personal Auto,Personal,AZ,Cumulus Mutual,1912.95,Samuel Edwards,Iris Nelson,Jonathan Taylor,true,2026-06-01
INS-CL-000709,CLM-174302,INS-PL-006879,Liability,2026-08-29,2026-09-01,,Awaiting Documents,16409.96,0,,E-0240,,Phone,false,Homeowners (HO-3),Personal,GA,Beacon National,1589.06,Iris Jackson,Olivia White,Lauren Edwards,false,2026-08-01
INS-CL-000710,CLM-398590,INS-PL-006885,Water Damage,2025-05-13,2025-05-19,2025-06-15,Closed,3252.63,2426.37,27.2,E-0241,,Mobile App,false,Personal Auto,Personal,FL,Cumulus Mutual,1494.36,Derek Clark,Ethan Lewis,Marcus Young,false,2025-05-01
INS-CL-000711,CLM-344699,INS-PL-006903,Theft,2024-09-24,2024-09-27,2024-10-16,Closed,1753.17,1687.09,19.9,E-0261,,Mobile App,false,Umbrella,Personal,IL,Cumulus Mutual,433.68,Owen Hall,Rosa Thomas,Olivia Harris,false,2024-09-01
INS-CL-000712,CLM-844235,INS-PL-006927,Fire,2024-09-26,2024-09-28,2024-10-27,Closed,13373.11,7119.83,30.0,E-0251,,Phone,false,Commercial Auto,Commercial,WA,Atlas P&C,2946.12,Andre Thomas,Lauren Nguyen,Chloe White,false,2024-09-01
INS-CL-000713,CLM-831862,INS-PL-006932,Theft,2025-11-05,2025-11-09,2025-11-17,Closed,4403.11,4252.47,8.0,E-0261,,Mobile App,false,Personal Auto,Personal,CA,Beacon National,1691.57,Diego Roberts,Layla Phillips,Olivia Harris,false,2025-11-01
INS-CL-000714,CLM-545534,INS-PL-006934,Wind,2026-08-26,2026-08-28,,Awaiting Documents,3310.01,0,,E-0241,,Phone,false,Personal Auto,Personal,CT,Cumulus Mutual,1515.51,Hannah Green,Mateo White,Marcus Young,false,2026-08-01
INS-CL-000715,CLM-180596,INS-PL-006936,Wind,2026-08-31,2026-08-31,,Under Review,3841.18,0,,E-0255,,Phone,false,Personal Auto,Personal,NC,Cumulus Mutual,1445.39,Amara Morris,Rosa Thomas,Ethan Allen,false,2026-08-01
INS-CL-000716,CLM-431191,INS-PL-006950,Fire,2026-08-27,2026-09-02,,Awaiting Documents,34930.16,0,,E-0242,,Mobile App,false,Homeowners (HO-3),Personal,MN,Beacon National,2184.19,Sofia Baker,Tom Ruiz,Jamal Mitchell,false,2026-08-01
INS-CL-000717,CLM-941206,INS-PL-006955,Wind,2026-01-07,2026-01-08,2026-02-10,Closed,3064.74,2733.08,33.8,E-0240,,Mobile App,false,Homeowners (HO-3),Personal,CA,Beacon National,2228.93,Sara Moore,Hannah Walker,Lauren Edwards,false,2026-01-01
INS-CL-000718,CLM-411041,INS-PL-006956,Hail Damage,2026-06-18,2026-06-19,2026-07-28,Closed,2980.39,1819.57,39.9,E-0237,CAT-2026-HAIL-MW,Web,false,Homeowners (HO-3),Personal,AZ,Beacon National,1584.75,Sofia Clark,Carlos Scott,Emma Phillips,true,2026-06-01
INS-CL-000719,CLM-758143,INS-PL-006957,Theft,2025-03-18,2025-03-24,2025-04-15,Closed,448.53,342.58,22.2,E-0236,,Phone,false,Umbrella,Personal,FL,Cumulus Mutual,366.67,Zara Phillips,Layla Silva,Jonathan Taylor,false,2025-03-01
INS-CL-000720,CLM-579439,INS-PL-006968,Hail Damage,2026-06-14,2026-06-16,2026-08-13,Closed,1021.75,945.85,58.2,E-0263,CAT-2026-HAIL-MW,Agent,false,Personal Auto,Personal,AZ,Atlas P&C,899.99,Leo Wright,Rosa Thomas,Luis Bailey,true,2026-06-01
INS-CL-000721,CLM-305296,INS-PL-006969,Water Damage,2026-07-22,2026-07-26,2026-08-15,Closed,22264.0,12397.53,20.9,E-0256,,Phone,false,Homeowners (HO-3),Personal,FL,Atlas P&C,1903.22,Luis Silva,Iris Nelson,Hannah Phillips,false,2026-07-01
INS-CL-000722,CLM-876544,INS-PL-006994,Theft,2024-12-10,2024-12-13,2024-12-24,Closed,38000.61,38610.71,11.6,E-0240,,Web,false,Personal Auto,Personal,UT,Atlas P&C,2547.43,Sofia Nguyen,Marcus Jackson,Lauren Edwards,false,2024-12-01
INS-CL-000723,CLM-839659,INS-PL-007009,Collision,2025-01-21,2025-01-24,2025-01-30,Closed,26330.47,14572.37,6.5,E-0258,,Mobile App,false,Homeowners (HO-3),Personal,NC,Beacon National,2433.33,Yuki Ashford,Hannah Walker,Fatima Jackson,false,2025-01-01
INS-CL-000724,CLM-430263,INS-PL-007023,Hail Damage,2026-06-18,2026-06-18,2026-07-11,Closed,3422.78,2129.4,23.9,E-0255,CAT-2026-HAIL-MW,Mobile App,false,Homeowners (HO-3),Personal,UT,Northwind Assurance,2272.46,Mateo Moore,Marcus Jackson,Ethan Allen,true,2026-06-01
INS-CL-000725,CLM-708544,INS-PL-007038,Theft,2026-03-26,2026-03-29,2026-04-10,Closed,7157.49,5914.69,12.2,E-0248,,Mobile App,false,Homeowners (HO-3),Personal,CA,Atlas P&C,1634.45,Maya Bailey,Noah Martinez,Yuki Roberts,false,2026-03-01
INS-CL-000726,CLM-655160,INS-PL-007041,Collision,2025-02-01,2025-02-02,2025-02-16,Closed,2020.92,1771.26,14.7,E-0258,,Mobile App,false,Homeowners (HO-3),Personal,NC,Cumulus Mutual,2990.25,Mei Young,Ethan Nelson,Fatima Jackson,false,2025-02-01
INS-CL-000727,CLM-795339,INS-PL-007049,Water Damage,2025-10-31,2025-11-04,2025-11-21,Closed,8629.14,7567.47,17.4,E-0257,,Mobile App,false,Homeowners (HO-3),Personal,OH,Northwind Assurance,1775.57,Ben Okafor,Rosa Thomas,Maya Campbell,false,2025-10-01
INS-CL-000728,CLM-936631,INS-PL-007051,Glass,2025-07-19,2025-07-22,2025-08-05,Closed,1937.06,1898.34,14.9,E-0261,,Phone,false,Personal Auto,Personal,NY,Beacon National,1044.6,Ben White,Layla Silva,Olivia Harris,false,2025-07-01
INS-CL-000729,CLM-814842,INS-PL-007065,Water Damage,2025-10-16,2025-10-16,2025-11-17,Closed,7431.85,7185.68,33.0,E-0261,,Mobile App,false,Commercial Auto,Commercial,MA,Northwind Assurance,3798.6,Ravi Ruiz,Leo King,Olivia Harris,false,2025-10-01
INS-CL-000730,CLM-807840,INS-PL-007067,Theft,2024-09-04,2024-09-09,2024-10-27,Closed,3715.23,3093.89,48.7,E-0261,,Mobile App,false,Personal Auto,Personal,UT,Cumulus Mutual,2022.66,Wei Garcia,Fatima Campbell,Olivia Harris,false,2024-09-01
INS-CL-000731,CLM-460714,INS-PL-007084,Glass,2024-09-02,2024-09-04,2024-09-25,Closed,3107.42,2230.07,21.5,E-0247,,Mobile App,false,Personal Auto,Personal,GA,Cumulus Mutual,1584.18,Mateo Taylor,Andre Allen,Ben Patel,false,2024-09-01
INS-CL-000732,CLM-754748,INS-PL-007085,Fire,2026-03-28,2026-04-03,2026-04-15,Closed,15375.9,13679.47,12.9,E-0236,,Agent,false,Homeowners (HO-3),Personal,AZ,Beacon National,1492.57,Jamal Walker,Yuki Wright,Jonathan Taylor,false,2026-03-01
INS-CL-000733,CLM-757764,INS-PL-007118,Liability,2025-10-21,2025-10-22,2025-11-10,Closed,23194.04,20204.23,19.7,E-0254,,Mobile App,false,Personal Auto,Personal,NC,Beacon National,1765.7,Julian Phillips,Yuki Wright,Julian Campbell,false,2025-10-01
INS-CL-000734,CLM-325062,INS-PL-007124,Wind,2025-03-27,2025-03-29,2025-04-12,Closed,7044.16,5418.23,14.5,E-0261,,Phone,false,Personal Auto,Personal,IL,Beacon National,1507.04,Ines Patel,Chloe Collins,Olivia Harris,false,2025-03-01
INS-CL-000735,CLM-796914,INS-PL-007125,Wind,2026-08-17,2026-08-19,,Awaiting Documents,58405.19,0,,E-0260,,Mobile App,false,Personal Auto,Personal,MA,Beacon National,1661.43,Amara Morris,Diego Anderson,Carlos Harris,false,2026-08-01
INS-CL-000736,CLM-280624,INS-PL-007129,Collision,2024-11-01,2024-11-04,2024-11-14,Closed,1343.62,699.36,11.0,E-0238,,Mobile App,false,Personal Auto,Personal,WA,Northwind Assurance,1861.17,Wei Green,Felix Nguyen,Andre Ashford,false,2024-11-01
INS-CL-000737,CLM-773447,INS-PL-007135,Wind,2026-07-19,2026-07-22,2026-08-03,Closed,20409.71,12090.39,12.0,E-0252,,Mobile App,false,Commercial Auto,Commercial,UT,Cumulus Mutual,2879.1,Iris Green,Ethan Nelson,Samuel Lewis,false,2026-07-01
INS-CL-000738,CLM-619615,INS-PL-007155,Collision,2025-04-15,2025-04-16,2025-04-29,Closed,1180.95,1077.52,13.3,E-0253,,Mobile App,false,Renters,Personal,CT,Beacon National,367.67,Luis Patel,Jonathan Nelson,Grace Garcia,false,2025-04-01
INS-CL-000739,CLM-669129,INS-PL-007169,Wind,2025-01-21,2025-01-24,2025-02-14,Closed,18435.08,16663.9,22.0,E-0260,,Phone,false,Personal Auto,Personal,CO,Atlas P&C,2126.69,Andre Collins,Leo Kim,Carlos Harris,false,2025-01-01
INS-CL-000740,CLM-984645,INS-PL-007178,Water Damage,2025-06-13,2025-06-18,2025-07-11,Closed,43209.08,33759.52,23.3,E-0251,,Phone,false,Homeowners (HO-3),Personal,WA,Beacon National,2222.83,Wei Harris,Tom Ruiz,Chloe White,false,2025-06-01
INS-CL-000741,CLM-370613,INS-PL-007188,Theft,2025-05-02,2025-05-08,2025-05-20,Closed,3653.9,1937.22,12.9,E-0255,,Phone,false,Personal Auto,Personal,CT,Atlas P&C,1744.82,Julian Phillips,Marcus Jackson,Ethan Allen,false,2025-05-01
INS-CL-000742,CLM-303859,INS-PL-007191,Glass,2024-09-02,2024-09-02,2024-09-24,Closed,10607.37,8455.89,22.1,E-0245,,Agent,false,Small Commercial Package,Commercial,NC,Atlas P&C,4500.81,Diego Young,Felix Nguyen,Ines Ashford,false,2024-09-01
INS-CL-000743,CLM-414024,INS-PL-007198,Liability,2025-08-09,2025-08-14,2025-09-22,Closed,2879.11,2317.66,39.2,E-0259,,Mobile App,false,Personal Auto,Personal,OR,Northwind Assurance,1626.32,Emma Kim,Victor Roberts,Iris Lopez,false,2025-08-01
INS-CL-000744,CLM-835245,INS-PL-007201,Theft,2024-09-23,2024-09-24,2024-11-06,Closed,6275.83,4966.67,43.2,E-0238,,Mobile App,false,Personal Auto,Personal,MA,Beacon National,946.86,Mei Moore,Maya Parker,Andre Ashford,false,2024-09-01
INS-CL-000745,CLM-747977,INS-PL-007203,Hail Damage,2026-06-15,2026-06-21,2026-07-08,Closed,5038.07,2522.39,17.1,E-0248,CAT-2026-HAIL-MW,Agent,false,Personal Auto,Personal,CO,Cumulus Mutual,980.25,Naomi Wilson,Maya Okafor,Yuki Roberts,true,2026-06-01
INS-CL-000746,CLM-196860,INS-PL-007204,Water Damage,2026-04-07,2026-04-11,2026-04-26,Closed,25109.19,23009.77,15.3,E-0240,,Phone,false,Small Commercial Package,Commercial,CT,Atlas P&C,5260.3,Olivia Allen,Maya Parker,Lauren Edwards,false,2026-04-01
INS-CL-000747,CLM-583031,INS-PL-007222,Glass,2026-08-29,2026-09-03,,Open,8394.02,0,,E-0236,,Phone,false,Homeowners (HO-3),Personal,CO,Northwind Assurance,2079.13,Nora Moore,Fatima Campbell,Jonathan Taylor,false,2026-08-01
INS-CL-000748,CLM-431860,INS-PL-007231,Glass,2026-05-20,2026-05-24,2026-06-24,Closed,1310.63,816.14,32.0,E-0259,,Mobile App,false,Renters,Personal,MN,Atlas P&C,411.46,Lauren Clark,Andre Davis,Iris Lopez,false,2026-05-01
INS-CL-000749,CLM-801425,INS-PL-007237,Hail Damage,2026-06-18,2026-06-22,2026-07-21,Closed,5135.69,2966.92,29.3,E-0246,CAT-2026-HAIL-MW,Phone,false,Personal Auto,Personal,CO,Cumulus Mutual,1467.74,Ben Green,Nina Chen,Rosa Campbell,true,2026-06-01
INS-CL-000750,CLM-639616,INS-PL-007245,Water Damage,2026-05-11,2026-05-11,2026-06-21,Closed,76723.23,45439.17,41.6,E-0263,,Phone,false,Commercial Auto,Commercial,NC,Beacon National,5487.06,Nina Campbell,Kenji Lewis,Luis Bailey,false,2026-05-01
INS-CL-000751,CLM-979644,INS-PL-007246,Water Damage,2025-01-22,2025-01-23,2025-03-13,Closed,1710.02,1410.19,49.0,E-0253,,Phone,false,Renters,Personal,CA,Atlas P&C,225.63,Ravi Lewis,Lauren Nguyen,Grace Garcia,false,2025-01-01
INS-CL-000752,CLM-783680,INS-PL-007255,Liability,2025-09-16,2025-09-21,2025-10-02,Closed,3442.01,3606.52,11.5,E-0254,,Mobile App,false,Personal Auto,Personal,MN,Atlas P&C,1321.46,Chloe Johnson,Ethan Lewis,Julian Campbell,false,2025-09-01
INS-CL-000753,CLM-134123,INS-PL-007257,Water Damage,2024-09-15,2024-09-18,2024-10-06,Closed,11725.52,8411.76,18.3,E-0258,,Web,false,Personal Auto,Personal,MN,Beacon National,756.41,Ines Stewart,Hannah Phillips,Fatima Jackson,false,2024-09-01
INS-CL-000754,CLM-932598,INS-PL-007263,Water Damage,2024-11-05,2024-11-08,2024-12-01,Closed,1004.96,759.23,23.0,E-0242,,Mobile App,false,Homeowners (HO-3),Personal,FL,Cumulus Mutual,1700.79,Naomi Lopez,Layla Silva,Jamal Mitchell,false,2024-11-01
INS-CL-000755,CLM-589705,INS-PL-007278,Liability,2024-10-09,2024-10-11,2024-10-30,Closed,6389.67,4017.34,19.1,E-0239,,Agent,false,Personal Auto,Personal,NY,Cumulus Mutual,994.27,Sofia Taylor,Rosa Thomas,Sofia Hall,false,2024-10-01
INS-CL-000756,CLM-157131,INS-PL-007279,Hail Damage,2026-06-14,2026-06-20,2026-07-06,Closed,2317.36,2097.45,16.9,E-0243,CAT-2026-HAIL-MW,Phone,false,Personal Auto,Personal,AZ,Northwind Assurance,1679.05,Victor Morris,Maya Parker,Jamal Campbell,true,2026-06-01
INS-CL-000757,CLM-147491,INS-PL-007288,Water Damage,2025-03-06,2025-03-09,2025-03-25,Closed,3786.67,2982.08,16.0,E-0241,,Mobile App,false,Personal Auto,Personal,UT,Atlas P&C,1922.94,Nina Ashford,Hannah Carter,Marcus Young,false,2025-03-01
INS-CL-000758,CLM-441184,INS-PL-007313,Theft,2025-12-28,2026-01-01,2026-01-17,Closed,9375.63,6126.27,16.3,E-0254,,Phone,false,Personal Auto,Personal,OR,Cumulus Mutual,1025.67,Jonathan Moore,Leo King,Julian Campbell,false,2025-12-01
INS-CL-000759,CLM-189291,INS-PL-007327,Glass,2026-08-14,2026-08-20,2026-08-27,Closed,940.77,736.47,8.0,E-0256,,Phone,false,Umbrella,Personal,GA,Northwind Assurance,344.47,Owen Roberts,Andre Davis,Hannah Phillips,false,2026-08-01
INS-CL-000760,CLM-317960,INS-PL-007332,Collision,2025-01-09,2025-01-15,2025-01-31,Closed,5037.85,2846.87,16.3,E-0239,,Mobile App,false,Personal Auto,Personal,GA,Beacon National,1678.7,Aisha Turner,Felix Brown,Sofia Hall,false,2025-01-01
INS-CL-000761,CLM-306874,INS-PL-007354,Theft,2025-05-29,2025-06-03,2025-06-16,Closed,25241.38,16987.65,13.1,E-0249,,Agent,false,Homeowners (HO-3),Personal,AZ,Beacon National,2308.44,Kenji Morris,Sofia Baker,Fatima Brown,false,2025-05-01
INS-CL-000762,CLM-386275,INS-PL-007360,Glass,2024-11-15,2024-11-19,2024-12-02,Closed,99023.72,78866.36,13.2,E-0261,,Mobile App,false,Commercial Auto,Commercial,OR,Beacon National,6085.39,Maya Johnson,Layla Anderson,Olivia Harris,false,2024-11-01
INS-CL-000763,CLM-174549,INS-PL-007378,Water Damage,2024-12-12,2024-12-12,2024-12-28,Closed,2243.9,1954.86,16.4,E-0254,,Phone,false,Umbrella,Personal,CA,Beacon National,623.32,Jonathan Green,Ravi Green,Julian Campbell,false,2024-12-01
INS-CL-000764,CLM-997809,INS-PL-007394,Hail Damage,2026-06-16,2026-06-19,2026-06-28,Closed,44751.99,39918.05,9.9,E-0262,CAT-2026-HAIL-MW,Phone,false,Homeowners (HO-3),Personal,UT,Atlas P&C,1459.35,Ava Morris,Marcus Jackson,Iris Anderson,true,2026-06-01
INS-CL-000765,CLM-257077,INS-PL-007421,Liability,2024-11-14,2024-11-15,2024-11-29,Closed,1383.67,927.24,14.8,E-0246,,Mobile App,false,Personal Auto,Personal,OH,Northwind Assurance,1395.52,Owen Mitchell,Hannah Phillips,Rosa Campbell,false,2024-11-01
INS-CL-000766,CLM-622079,INS-PL-007453,Hail Damage,2026-06-14,2026-06-19,2026-07-02,Closed,16226.61,10729.3,13.1,E-0261,CAT-2026-HAIL-MW,Phone,false,Homeowners (HO-3),Personal,AZ,Cumulus Mutual,2219.73,Luis Garcia,Maya Okafor,Olivia Harris,true,2026-06-01
INS-CL-000767,CLM-587168,INS-PL-007457,Collision,2024-09-03,2024-09-08,2024-09-26,Closed,31297.03,30394.83,18.5,E-0252,,Mobile App,false,Homeowners (HO-3),Personal,OH,Cumulus Mutual,1011.49,Isabella White,Hannah Garcia,Samuel Lewis,false,2024-09-01
INS-CL-000768,CLM-793957,INS-PL-007459,Fire,2025-09-21,2025-09-21,2025-10-09,Closed,1213.58,1011.19,18.3,E-0236,,Web,false,Personal Auto,Personal,MA,Cumulus Mutual,1185.89,Grace King,Ethan Nelson,Jonathan Taylor,false,2025-09-01
INS-CL-000769,CLM-804126,INS-PL-007462,Glass,2025-08-06,2025-08-12,2025-09-10,Closed,18470.08,18314.44,29.7,E-0254,,Phone,false,Homeowners (HO-3),Personal,UT,Atlas P&C,1836.3,Lauren Kim,Carlos Scott,Julian Campbell,false,2025-08-01
INS-CL-000770,CLM-432104,INS-PL-007488,Glass,2025-01-29,2025-01-29,2025-02-09,Closed,5816.96,5568.52,11.4,E-0236,,Phone,false,Homeowners (HO-3),Personal,OH,Cumulus Mutual,1278.2,Ben King,Maya Parker,Jonathan Taylor,false,2025-01-01
INS-CL-000771,CLM-619745,INS-PL-007489,Hail Damage,2026-06-18,2026-06-19,2026-07-30,Closed,6888.2,6810.65,41.1,E-0265,CAT-2026-HAIL-MW,Mobile App,false,Homeowners (HO-3),Personal,AZ,Cumulus Mutual,1920.43,Chloe Patel,Felix Nguyen,Nina Davis,true,2026-06-01
INS-CL-000772,CLM-128454,INS-PL-007494,Hail Damage,2026-06-18,2026-06-18,2026-06-30,Closed,3718.25,1945.63,12.2,E-0261,CAT-2026-HAIL-MW,Phone,false,Homeowners (HO-3),Personal,AZ,Cumulus Mutual,791.86,Tom Adams,Marcus Phillips,Olivia Harris,true,2026-06-01
INS-CL-000773,CLM-931765,INS-PL-007502,Fire,2024-09-10,2024-09-13,2024-09-27,Closed,907.46,732.96,14.4,E-0250,,Phone,false,Umbrella,Personal,MA,Cumulus Mutual,505.23,Sara Moore,Felix Brown,Jonathan Taylor,false,2024-09-01
INS-CL-000774,CLM-790549,INS-PL-007508,Collision,2024-11-06,2024-11-08,2024-11-20,Closed,1214.2,717.55,12.1,E-0238,,Mobile App,false,Personal Auto,Personal,CO,Northwind Assurance,649.32,Iris Scott,Ethan Nelson,Andre Ashford,false,2024-11-01
INS-CL-000775,CLM-557954,INS-PL-007523,Fire,2024-12-22,2024-12-27,2025-02-19,Closed,1950.07,1813.76,54.6,E-0248,,Mobile App,false,Personal Auto,Personal,NC,Cumulus Mutual,916.34,Lauren Chen,Mateo Garcia,Yuki Roberts,false,2024-12-01
INS-CL-000776,CLM-334536,INS-PL-007537,Theft,2026-08-05,2026-08-06,2026-08-20,Closed,2933.74,2574.63,14.9,E-0248,,Phone,false,Personal Auto,Personal,NY,Beacon National,1592.25,Noah Davis,Andre Allen,Yuki Roberts,false,2026-08-01
INS-CL-000777,CLM-215790,INS-PL-007560,Wind,2024-12-24,2024-12-28,2025-01-12,Closed,8501.32,6371.65,15.5,E-0236,,Phone,true,Commercial Auto,Commercial,AZ,Atlas P&C,3299.28,Owen Miller,Andre Allen,Jonathan Taylor,false,2024-12-01
INS-CL-000778,CLM-167261,INS-PL-007567,Collision,2024-11-29,2024-12-01,2024-12-24,Closed,4740.52,4576.31,23.0,E-0243,,Phone,false,Personal Auto,Personal,OR,Atlas P&C,1363.48,Jamal Baker,Felix Allen,Jamal Campbell,false,2024-11-01
INS-CL-000779,CLM-275159,INS-PL-007572,Water Damage,2025-04-16,2025-04-18,2025-04-22,Closed,202.62,120.36,4.9,E-0243,,Mobile App,false,Renters,Personal,OR,Atlas P&C,190.65,Maya Garcia,Zara Moore,Jamal Campbell,false,2025-04-01
INS-CL-000780,CLM-466530,INS-PL-007573,Theft,2025-06-19,2025-06-19,2025-07-04,Closed,3215.7,3018.86,15.6,E-0239,,Phone,false,Personal Auto,Personal,FL,Beacon National,2298.01,Aisha Bailey,Diego Anderson,Sofia Hall,false,2025-06-01
INS-CL-000781,CLM-118869,INS-PL-007601,Fire,2024-09-21,2024-09-25,2024-10-15,Closed,968.44,542.56,20.1,E-0236,,Agent,false,Renters,Personal,WA,Cumulus Mutual,424.23,Elena Clark,Elena Stewart,Jonathan Taylor,false,2024-09-01
INS-CL-000782,CLM-261240,INS-PL-007609,Fire,2025-06-05,2025-06-10,2025-06-20,Closed,1304.85,1201.53,10.5,E-0261,,Mobile App,false,Homeowners (HO-3),Personal,OH,Cumulus Mutual,1164.08,Carlos Silva,Grace Bailey,Olivia Harris,false,2025-06-01
INS-CL-000783,CLM-851235,INS-PL-007617,Glass,2025-07-06,2025-07-07,2025-07-22,Closed,494.2,427.34,15.6,E-0240,,Phone,false,Renters,Personal,UT,Beacon National,267.68,Tom Jackson,Grace Bailey,Lauren Edwards,false,2025-07-01
INS-CL-000784,CLM-198241,INS-PL-007628,Theft,2026-07-13,2026-07-17,2026-08-01,Closed,8997.36,6287.26,15.5,E-0241,,Phone,false,Personal Auto,Personal,CT,Atlas P&C,1085.15,Sofia Chen,Felix Allen,Marcus Young,false,2026-07-01
INS-CL-000785,CLM-317904,INS-PL-007632,Theft,2026-07-03,2026-07-08,2026-07-15,Closed,14441.14,13500.47,7.4,E-0240,,Phone,false,Personal Auto,Personal,AZ,Cumulus Mutual,2404.63,Leo Taylor,Maya Parker,Lauren Edwards,false,2026-07-01
INS-CL-000786,CLM-484326,INS-PL-007636,Water Damage,2026-08-01,2026-08-07,2026-08-25,Closed,7003.86,5991.25,18.4,E-0240,,Mobile App,false,Personal Auto,Personal,WA,Atlas P&C,1409.84,Ava Thomas,Leo King,Lauren Edwards,false,2026-08-01
INS-CL-000787,CLM-486159,INS-PL-007639,Fire,2024-11-07,2024-11-09,2024-12-03,Closed,16949.5,11890.01,24.4,E-0238,,Phone,false,Small Commercial Package,Commercial,IL,Cumulus Mutual,3253.79,Ben King,Olivia White,Andre Ashford,false,2024-11-01
INS-CL-000788,CLM-670667,INS-PL-007658,Water Damage,2026-07-20,2026-07-23,2026-08-07,Closed,8157.68,7709.81,15.6,E-0262,,Agent,false,Homeowners (HO-3),Personal,WA,Cumulus Mutual,3692.45,Noah Okafor,Andre Allen,Iris Anderson,false,2026-07-01
INS-CL-000789,CLM-701766,INS-PL-007661,Glass,2024-12-20,2024-12-23,2025-01-08,Closed,19718.74,12616.48,17.0,E-0238,,Phone,false,Commercial Auto,Commercial,MA,Atlas P&C,3295.22,Julian Phillips,Nina Chen,Andre Ashford,false,2024-12-01
INS-CL-000790,CLM-242121,INS-PL-007668,Liability,2024-09-29,2024-10-05,2024-11-13,Closed,10924.67,10655.75,39.5,E-0240,,Agent,false,Personal Auto,Personal,OH,Beacon National,1343.28,Owen Lopez,Mateo Garcia,Lauren Edwards,false,2024-09-01
INS-CL-000791,CLM-155991,INS-PL-007683,Water Damage,2024-11-04,2024-11-10,2024-11-30,Closed,2105.35,1950.8,20.3,E-0240,,Agent,false,Personal Auto,Personal,CO,Beacon National,1149.96,Ines Nelson,Hannah Garcia,Lauren Edwards,false,2024-11-01
INS-CL-000792,CLM-415066,INS-PL-007695,Theft,2025-08-22,2025-08-23,2025-09-01,Closed,18389.51,13600.14,9.4,E-0244,,Phone,false,Homeowners (HO-3),Personal,WA,Cumulus Mutual,1709.11,Ines Scott,Ethan Lewis,Isabella Roberts,false,2025-08-01
INS-CL-000793,CLM-959285,INS-PL-007707,Wind,2025-05-21,2025-05-25,2025-06-10,Closed,911.95,577.98,16.4,E-0240,,Phone,true,Umbrella,Personal,FL,Cumulus Mutual,430.66,Isabella Campbell,Tom Ruiz,Lauren Edwards,false,2025-05-01
INS-CL-000794,CLM-144053,INS-PL-007712,Hail Damage,2026-06-16,2026-06-20,2026-07-15,Closed,46292.76,31255.28,25.2,E-0241,CAT-2026-HAIL-MW,Mobile App,false,Homeowners (HO-3),Personal,CO,Atlas P&C,2604.21,Julian Allen,Ethan Harris,Marcus Young,true,2026-06-01
INS-CL-000795,CLM-838611,INS-PL-007714,Theft,2025-09-14,2025-09-15,2025-10-02,Closed,17602.44,14242.25,17.5,E-0263,,Mobile App,false,Homeowners (HO-3),Personal,CT,Cumulus Mutual,2233.49,Ines Wright,Hannah Phillips,Luis Bailey,false,2025-09-01
INS-CL-000796,CLM-683584,INS-PL-007737,Liability,2026-08-08,2026-08-14,2026-08-29,Closed,15636.03,14020.35,15.2,E-0238,,Mobile App,false,Personal Auto,Personal,GA,Cumulus Mutual,1442.03,Nora Davis,Layla Phillips,Andre Ashford,false,2026-08-01
INS-CL-000797,CLM-326904,INS-PL-007775,Fire,2025-02-10,2025-02-11,2025-02-24,Closed,33005.17,29152.04,13.1,E-0253,,Phone,false,Small Commercial Package,Commercial,OR,Cumulus Mutual,7239.86,Ravi Martinez,Victor Young,Grace Garcia,false,2025-02-01
INS-CL-000798,CLM-895261,INS-PL-007778,Glass,2026-07-05,2026-07-10,2026-08-05,Closed,6829.96,3692.14,26.8,E-0238,,Phone,false,Personal Auto,Personal,CO,Atlas P&C,943.6,Naomi Baker,Felix Allen,Andre Ashford,false,2026-07-01
INS-CL-000799,CLM-106310,INS-PL-007779,Water Damage,2025-10-06,2025-10-09,2025-11-06,Closed,5434.38,2818.53,28.4,E-0256,,Mobile App,false,Homeowners (HO-3),Personal,OH,Atlas P&C,1991.49,Ben Anderson,Ethan Harris,Hannah Phillips,false,2025-10-01
INS-CL-000800,CLM-204771,INS-PL-007790,Glass,2024-09-27,2024-09-29,2024-10-14,Closed,9502.22,9267.01,15.9,E-0265,,Phone,false,Homeowners (HO-3),Personal,MA,Cumulus Mutual,1790.74,Ben Hall,Mei Young,Nina Davis,false,2024-09-01
INS-CL-000801,CLM-514054,INS-PL-007791,Fire,2026-04-02,2026-04-03,2026-04-16,Closed,10684.24,8087.71,13.0,E-0242,,Web,false,Personal Auto,Personal,GA,Cumulus Mutual,1870.32,Owen Parker,Victor Young,Jamal Mitchell,false,2026-04-01
INS-CL-000802,CLM-215064,INS-PL-007807,Hail Damage,2026-06-17,2026-06-23,,Awaiting Documents,1034.6,0,,E-0240,CAT-2026-HAIL-MW,Mobile App,false,Personal Auto,Personal,UT,Cumulus Mutual,1045.38,Nina Scott,Felix Brown,Lauren Edwards,true,2026-06-01
INS-CL-000803,CLM-612483,INS-PL-007814,Fire,2025-07-22,2025-07-25,2025-08-05,Closed,387.28,286.33,11.3,E-0257,,Mobile App,false,Renters,Personal,GA,Beacon National,288.15,Ava Morris,Layla Silva,Maya Campbell,false,2025-07-01
INS-CL-000804,CLM-850699,INS-PL-007826,Water Damage,2026-03-18,2026-03-24,2026-04-05,Closed,16394.15,13720.56,12.3,E-0255,,Mobile App,false,Commercial Auto,Commercial,MN,Cumulus Mutual,3315.79,Isabella Mitchell,Grace Bailey,Ethan Allen,false,2026-03-01
INS-CL-000805,CLM-466194,INS-PL-007832,Glass,2025-01-10,2025-01-13,2025-01-24,Closed,1748.19,1332.87,11.1,E-0250,,Phone,false,Homeowners (HO-3),Personal,IL,Cumulus Mutual,1409.9,Fatima Thomas,Nina Chen,Jonathan Taylor,false,2025-01-01
INS-CL-000806,CLM-662914,INS-PL-007856,Wind,2024-10-22,2024-10-26,2024-11-13,Closed,19965.05,15258.46,18.2,E-0250,,Phone,false,Commercial Auto,Commercial,WA,Beacon National,4225.37,Fatima Morris,Maya Okafor,Jonathan Taylor,false,2024-10-01
INS-CL-000807,CLM-255744,INS-PL-007857,Glass,2026-07-08,2026-07-14,2026-08-12,Closed,1308.66,965.05,29.5,E-0252,,Agent,false,Homeowners (HO-3),Personal,OR,Cumulus Mutual,1632.76,Zara Moore,Leo Kim,Samuel Lewis,false,2026-07-01
INS-CL-000808,CLM-463548,INS-PL-007862,Theft,2026-05-06,2026-05-08,2026-05-28,Closed,1593.29,1004.62,20.1,E-0236,,Agent,false,Personal Auto,Personal,NY,Cumulus Mutual,1278.34,Henry Patel,Victor Young,Jonathan Taylor,false,2026-05-01
INS-CL-000809,CLM-830615,INS-PL-007874,Liability,2024-09-26,2024-09-27,2024-10-07,Closed,2058.19,2063.32,10.1,E-0237,,Mobile App,false,Umbrella,Personal,CO,Atlas P&C,627.0,Ines Carter,Tom Ruiz,Emma Phillips,false,2024-09-01
INS-CL-000810,CLM-407611,INS-PL-007902,Wind,2025-11-05,2025-11-08,2025-11-26,Closed,6839.91,4759.45,18.6,E-0258,,Mobile App,false,Personal Auto,Personal,CA,Cumulus Mutual,738.33,Diego Morris,Derek Brown,Fatima Jackson,false,2025-11-01
INS-CL-000811,CLM-266472,INS-PL-007918,Water Damage,2025-12-09,2025-12-13,2025-12-31,Closed,3182.64,2557.87,18.5,E-0257,,Mobile App,false,Homeowners (HO-3),Personal,OR,Cumulus Mutual,833.84,Ethan Stewart,Derek Ruiz,Maya Campbell,false,2025-12-01
INS-CL-000812,CLM-383749,INS-PL-007919,Liability,2026-01-10,2026-01-11,2026-01-21,Closed,7835.55,7754.06,10.5,E-0256,,Agent,false,Homeowners (HO-3),Personal,MN,Cumulus Mutual,1577.75,Yuki Edwards,Victor Roberts,Hannah Phillips,false,2026-01-01
INS-CL-000813,CLM-603080,INS-PL-007944,Water Damage,2026-08-08,2026-08-13,,Under Review,236.2,0,,E-0240,,Mobile App,false,Renters,Personal,NY,Beacon National,290.76,Ethan White,Kenji Lewis,Lauren Edwards,false,2026-08-01
INS-CL-000814,CLM-796255,INS-PL-007946,Theft,2025-06-06,2025-06-06,2025-06-14,Closed,9161.78,5416.0,8.7,E-0238,,Phone,false,Personal Auto,Personal,MA,Cumulus Mutual,2898.48,Iris King,Grace Bailey,Andre Ashford,false,2025-06-01
INS-CL-000815,CLM-732634,INS-PL-007958,Water Damage,2026-06-08,2026-06-14,2026-06-23,Closed,2801.65,1995.89,9.1,E-0259,,Web,false,Homeowners (HO-3),Personal,IL,Beacon National,1223.81,Owen Adams,Ethan Nelson,Iris Lopez,false,2026-06-01
INS-CL-000816,CLM-691252,INS-PL-007972,Glass,2026-02-18,2026-02-19,2026-03-02,Closed,2862.28,2482.6,11.1,E-0244,,Agent,false,Homeowners (HO-3),Personal,MA,Northwind Assurance,1169.49,Nora Chen,Maya Parker,Isabella Roberts,false,2026-02-01
INS-CL-000817,CLM-812122,INS-PL-007983,Glass,2026-05-11,2026-05-12,2026-05-23,Closed,37749.95,29998.54,11.4,E-0259,,Mobile App,false,Personal Auto,Personal,CA,Cumulus Mutual,2569.6,Leo Okafor,Ethan Nelson,Iris Lopez,false,2026-05-01
INS-CL-000818,CLM-438008,INS-PL-008004,Liability,2025-12-20,2025-12-22,2026-01-24,Closed,2648.11,1894.63,33.7,E-0254,,Mobile App,false,Personal Auto,Personal,NY,Atlas P&C,1081.2,Carlos Miller,Marcus Phillips,Julian Campbell,false,2025-12-01
INS-CL-000819,CLM-704385,INS-PL-008029,Wind,2025-08-05,2025-08-08,2025-08-23,Closed,15342.36,10996.49,15.7,E-0263,,Agent,false,Homeowners (HO-3),Personal,CA,Cumulus Mutual,2404.49,Priya Silva,Ravi Hall,Luis Bailey,false,2025-08-01
INS-CL-000820,CLM-917639,INS-PL-008045,Glass,2024-11-16,2024-11-22,2024-12-21,Closed,891.27,801.94,29.1,E-0262,,Mobile App,false,Renters,Personal,CA,Northwind Assurance,363.75,Isabella Garcia,Sara Morris,Iris Anderson,false,2024-11-01
INS-CL-000821,CLM-205568,INS-PL-008051,Liability,2025-01-14,2025-01-19,2025-02-24,Closed,1029.19,535.32,36.6,E-0254,,Phone,false,Homeowners (HO-3),Personal,OH,Northwind Assurance,1477.09,Yuki Turner,Ines Jackson,Julian Campbell,false,2025-01-01
INS-CL-000822,CLM-909161,INS-PL-008078,Hail Damage,2026-06-18,2026-06-24,2026-07-15,Closed,3220.9,2560.33,21.8,E-0238,CAT-2026-HAIL-MW,Phone,true,Homeowners (HO-3),Personal,AZ,Cumulus Mutual,2799.72,Grace Chen,Felix Allen,Andre Ashford,true,2026-06-01
INS-CL-000823,CLM-206668,INS-PL-008080,Water Damage,2026-08-19,2026-08-20,,Under Review,4708.74,0,,E-0243,,Mobile App,false,Personal Auto,Personal,NC,Northwind Assurance,1268.67,Ravi Patel,Layla Silva,Jamal Campbell,false,2026-08-01
INS-CL-000824,CLM-568513,INS-PL-008087,Glass,2025-10-16,2025-10-21,2025-11-21,Closed,3232.38,2373.24,31.1,E-0243,,Mobile App,false,Personal Auto,Personal,WA,Beacon National,560.0,Chloe Clark,Ethan Lewis,Jamal Campbell,false,2025-10-01
INS-CL-000825,CLM-154457,INS-PL-008089,Collision,2026-07-15,2026-07-15,2026-07-22,Closed,708.97,581.17,7.3,E-0251,,Phone,false,Personal Auto,Personal,NY,Beacon National,1392.5,Leo Jackson,Victor Roberts,Chloe White,false,2026-07-01
INS-CL-000826,CLM-393164,INS-PL-008095,Fire,2025-10-07,2025-10-13,2025-10-26,Closed,1727.05,1131.22,13.9,E-0238,,Mobile App,false,Personal Auto,Personal,CO,Cumulus Mutual,1200.31,Wei Turner,Elena Davis,Andre Ashford,false,2025-10-01
INS-CL-000827,CLM-236945,INS-PL-008106,Collision,2026-08-20,2026-08-21,,Under Review,12280.36,0,,E-0249,,Mobile App,false,Homeowners (HO-3),Personal,OR,Northwind Assurance,2775.17,Ben Patel,Ethan Lewis,Fatima Brown,false,2026-08-01
INS-CL-000828,CLM-780774,INS-PL-008116,Collision,2025-02-14,2025-02-17,2025-03-11,Closed,24027.57,21015.1,22.4,E-0257,,Mobile App,false,Homeowners (HO-3),Personal,MA,Beacon National,1858.62,Elena Lopez,Hannah Carter,Maya Campbell,false,2025-02-01
INS-CL-000829,CLM-546302,INS-PL-008136,Collision,2025-07-20,2025-07-21,2025-08-03,Closed,16810.21,10266.87,13.9,E-0261,,Agent,false,Personal Auto,Personal,MN,Cumulus Mutual,3848.07,Kenji Allen,Owen King,Olivia Harris,false,2025-07-01
INS-CL-000830,CLM-930673,INS-PL-008142,Water Damage,2026-05-03,2026-05-07,2026-05-24,Closed,9533.66,6030.55,17.9,E-0240,,Web,false,Homeowners (HO-3),Personal,IL,Northwind Assurance,2539.51,Sofia Edwards,Ravi Green,Lauren Edwards,false,2026-05-01
INS-CL-000831,CLM-666484,INS-PL-008152,Collision,2024-11-02,2024-11-08,2024-11-22,Closed,5916.85,5546.07,14.0,E-0249,,Mobile App,false,Homeowners (HO-3),Personal,GA,Northwind Assurance,1562.58,Iris Collins,Jamal Allen,Fatima Brown,false,2024-11-01
INS-CL-000832,CLM-126869,INS-PL-008155,Water Damage,2024-09-01,2024-09-07,2024-09-27,Closed,1249.02,1120.93,20.7,E-0245,,Phone,false,Homeowners (HO-3),Personal,FL,Atlas P&C,1654.32,Zara Carter,Marcus Jackson,Ines Ashford,false,2024-09-01
INS-CL-000833,CLM-775908,INS-PL-008158,Wind,2025-02-06,2025-02-10,2025-02-22,Closed,27813.64,16062.48,12.3,E-0257,,Phone,false,Small Commercial Package,Commercial,GA,Cumulus Mutual,5206.17,Jamal Evans,Julian Green,Maya Campbell,false,2025-02-01
INS-CL-000834,CLM-428357,INS-PL-008172,Wind,2025-02-08,2025-02-13,2025-02-23,Closed,1543.88,952.11,10.8,E-0253,,Phone,false,Small Commercial Package,Commercial,MN,Beacon National,4925.91,Samuel Harris,Ines Jackson,Grace Garcia,false,2025-02-01
INS-CL-000835,CLM-796032,INS-PL-008184,Collision,2025-04-25,2025-04-27,2025-05-04,Closed,8825.44,5106.03,7.7,E-0247,,Mobile App,false,Personal Auto,Personal,MA,Northwind Assurance,2317.76,Isabella King,Diego Anderson,Ben Patel,false,2025-04-01
INS-CL-000836,CLM-836761,INS-PL-008189,Water Damage,2025-11-06,2025-11-06,2025-11-28,Closed,7386.67,6090.11,22.6,E-0241,,Mobile App,false,Homeowners (HO-3),Personal,CO,Cumulus Mutual,1471.09,Ethan Wright,Julian Green,Marcus Young,false,2025-11-01
INS-CL-000837,CLM-404471,INS-PL-008198,Glass,2024-11-18,2024-11-22,2024-12-19,Closed,29081.44,26647.45,27.0,E-0249,,Phone,false,Personal Auto,Personal,AZ,Cumulus Mutual,2273.75,Victor Lewis,Marcus Phillips,Fatima Brown,false,2024-11-01
INS-CL-000838,CLM-213421,INS-PL-008199,Fire,2024-10-29,2024-10-30,2024-11-10,Closed,1665.29,991.56,11.9,E-0236,,Mobile App,false,Personal Auto,Personal,NC,Cumulus Mutual,687.73,Isabella Garcia,Ravi Green,Jonathan Taylor,false,2024-10-01
INS-CL-000839,CLM-524326,INS-PL-008202,Theft,2026-03-09,2026-03-09,2026-03-19,Closed,20804.57,17948.2,10.3,E-0239,,Phone,false,Personal Auto,Personal,GA,Beacon National,1834.15,Wei Lewis,Marcus Jackson,Sofia Hall,false,2026-03-01
INS-CL-000840,CLM-226105,INS-PL-008215,Collision,2026-01-19,2026-01-20,2026-03-10,Closed,801.14,518.9,49.6,E-0236,,Phone,false,Homeowners (HO-3),Personal,GA,Cumulus Mutual,1370.95,Rosa Thomas,Hannah Phillips,Jonathan Taylor,false,2026-01-01
INS-CL-000841,CLM-688782,INS-PL-008217,Theft,2026-08-05,2026-08-10,,Under Review,32871.79,0,,E-0252,,Agent,false,Personal Auto,Personal,AZ,Cumulus Mutual,1591.32,Lauren Carter,Mateo Garcia,Samuel Lewis,false,2026-08-01
INS-CL-000842,CLM-277953,INS-PL-008222,Glass,2026-03-03,2026-03-06,2026-03-12,Closed,5572.93,3377.42,6.7,E-0240,,Mobile App,false,Homeowners (HO-3),Personal,NY,Cumulus Mutual,1716.18,Olivia Young,Sara Morris,Lauren Edwards,false,2026-03-01
INS-CL-000843,CLM-819704,INS-PL-008242,Water Damage,2026-08-03,2026-08-07,2026-08-14,Closed,6042.88,5744.13,7.1,E-0236,,Web,false,Homeowners (HO-3),Personal,CO,Atlas P&C,1852.93,Daniel Nguyen,Marcus Phillips,Jonathan Taylor,false,2026-08-01
INS-CL-000844,CLM-606285,INS-PL-008279,Fire,2026-02-06,2026-02-07,2026-02-26,Closed,4606.9,3418.01,19.1,E-0251,,Phone,false,Personal Auto,Personal,OR,Cumulus Mutual,2395.27,Owen Garcia,Mateo Anderson,Chloe White,false,2026-02-01
INS-CL-000845,CLM-813572,INS-PL-008300,Wind,2024-11-05,2024-11-07,2024-11-17,Closed,1402.76,881.19,10.6,E-0256,,Phone,false,Renters,Personal,GA,Cumulus Mutual,191.71,Emma Stewart,Victor Young,Hannah Phillips,false,2024-11-01
INS-CL-000846,CLM-316772,INS-PL-008311,Glass,2026-08-27,2026-08-30,,Awaiting Documents,12590.99,0,,E-0245,,Mobile App,false,Personal Auto,Personal,AZ,Cumulus Mutual,1756.44,Ethan Walker,Hannah Garcia,Ines Ashford,false,2026-08-01
INS-CL-000847,CLM-506009,INS-PL-008313,Theft,2024-09-09,2024-09-10,2024-09-26,Closed,1784.9,1815.69,16.8,E-0238,,Mobile App,false,Renters,Personal,CT,Cumulus Mutual,252.17,Andre Ashford,Layla Bailey,Andre Ashford,false,2024-09-01
INS-CL-000848,CLM-159471,INS-PL-008323,Wind,2025-11-22,2025-11-27,2025-12-19,Closed,20530.37,11987.04,22.9,E-0257,,Phone,false,Personal Auto,Personal,CO,Beacon National,2040.25,Yuki Vaughn,Mateo Garcia,Maya Campbell,false,2025-11-01
INS-CL-000849,CLM-905768,INS-PL-008330,Theft,2025-05-06,2025-05-09,2025-06-09,Closed,4792.93,2414.2,31.4,E-0251,,Mobile App,false,Homeowners (HO-3),Personal,GA,Cumulus Mutual,2845.2,Grace Moore,Victor Young,Chloe White,false,2025-05-01
INS-CL-000850,CLM-275176,INS-PL-008337,Glass,2026-08-27,2026-09-02,,Awaiting Documents,613.21,0,,E-0246,,Phone,false,Personal Auto,Personal,NC,Cumulus Mutual,1017.32,Iris Chen,Andre Allen,Rosa Campbell,false,2026-08-01
INS-CL-000851,CLM-789890,INS-PL-008341,Fire,2026-03-11,2026-03-15,2026-04-02,Closed,3848.57,3754.56,18.3,E-0256,,Phone,false,Personal Auto,Personal,CT,Cumulus Mutual,2102.02,Amara Adams,Ines Jackson,Hannah Phillips,false,2026-03-01
INS-CL-000852,CLM-589465,INS-PL-008349,Collision,2025-01-18,2025-01-18,2025-02-13,Closed,9490.85,8988.69,26.4,E-0242,,Phone,false,Personal Auto,Personal,CO,Cumulus Mutual,1356.89,Noah Edwards,Hannah Walker,Jamal Mitchell,false,2025-01-01
INS-CL-000853,CLM-167798,INS-PL-008350,Liability,2025-12-29,2025-12-31,2026-01-18,Closed,2542.02,1525.37,18.4,E-0237,,Phone,false,Personal Auto,Personal,NC,Cumulus Mutual,1454.87,Chloe Thomas,Noah Martinez,Emma Phillips,false,2025-12-01
INS-CL-000854,CLM-117705,INS-PL-008355,Water Damage,2026-08-16,2026-08-17,2026-08-25,Closed,7128.14,3879.7,8.5,E-0245,,Mobile App,false,Personal Auto,Personal,FL,Cumulus Mutual,1242.68,Sofia Carter,Mei Young,Ines Ashford,false,2026-08-01
INS-CL-000855,CLM-799434,INS-PL-008365,Hail Damage,2026-06-16,2026-06-17,2026-07-05,Closed,25030.48,17970.75,18.2,E-0250,CAT-2026-HAIL-MW,Mobile App,false,Personal Auto,Personal,AZ,Northwind Assurance,2226.68,Mateo Edwards,Maya Parker,Jonathan Taylor,true,2026-06-01
INS-CL-000856,CLM-138744,INS-PL-008402,Fire,2025-10-12,2025-10-12,2025-10-19,Closed,260.78,213.03,7.2,E-0237,,Mobile App,false,Renters,Personal,MN,Cumulus Mutual,470.34,Luis Jackson,Andre Allen,Emma Phillips,false,2025-10-01
INS-CL-000857,CLM-307969,INS-PL-008406,Wind,2026-08-08,2026-08-11,2026-08-26,Closed,38006.1,35559.44,15.3,E-0243,,Mobile App,false,Commercial Auto,Commercial,CO,Northwind Assurance,4175.69,Julian Stewart,Victor Walker,Jamal Campbell,false,2026-08-01
INS-CL-000858,CLM-459398,INS-PL-008417,Water Damage,2026-07-02,2026-07-06,2026-08-02,Closed,5348.02,3326.68,27.0,E-0262,,Phone,false,Homeowners (HO-3),Personal,NC,Northwind Assurance,2024.87,Daniel Young,Felix Nguyen,Iris Anderson,false,2026-07-01
INS-CL-000859,CLM-209999,INS-PL-008424,Collision,2024-09-14,2024-09-16,2024-10-03,Closed,3243.82,2071.18,17.7,E-0256,,Agent,false,Personal Auto,Personal,WA,Northwind Assurance,987.75,Emma Thomas,Tom Ruiz,Hannah Phillips,false,2024-09-01
INS-CL-000860,CLM-794554,INS-PL-008439,Glass,2026-03-06,2026-03-10,2026-04-09,Closed,1026.79,707.05,30.2,E-0238,,Mobile App,false,Personal Auto,Personal,OR,Cumulus Mutual,1124.38,Diego Adams,Felix Nguyen,Andre Ashford,false,2026-03-01
INS-CL-000861,CLM-357110,INS-PL-008449,Fire,2024-09-03,2024-09-05,2024-09-12,Closed,1763.19,1841.6,7.7,E-0249,,Phone,false,Homeowners (HO-3),Personal,FL,Northwind Assurance,2843.68,Zara Martinez,Chloe Collins,Fatima Brown,false,2024-09-01
INS-CL-000862,CLM-470383,INS-PL-008494,Glass,2026-02-10,2026-02-15,2026-02-28,Closed,5191.94,3991.94,13.8,E-0238,,Phone,false,Homeowners (HO-3),Personal,FL,Northwind Assurance,2514.52,Samuel Ruiz,Rosa Thomas,Andre Ashford,false,2026-02-01
INS-CL-000863,CLM-489793,INS-PL-008497,Glass,2026-01-18,2026-01-21,2026-02-07,Closed,14627.78,11631.92,17.5,E-0237,,Agent,false,Personal Auto,Personal,OH,Atlas P&C,2244.28,Luis Vaughn,Zara Moore,Emma Phillips,false,2026-01-01
INS-CL-000864,CLM-401623,INS-PL-008501,Water Damage,2024-11-09,2024-11-14,2024-11-30,Closed,5319.46,4489.26,16.3,E-0263,,Phone,false,Homeowners (HO-3),Personal,NC,Northwind Assurance,897.68,Zara White,Ravi Green,Luis Bailey,false,2024-11-01
INS-CL-000865,CLM-394588,INS-PL-008515,Liability,2025-11-19,2025-11-20,2025-12-28,Closed,80574.57,67399.28,38.5,E-0263,,Mobile App,false,Homeowners (HO-3),Personal,FL,Cumulus Mutual,1052.29,Layla Nelson,Maya Parker,Luis Bailey,false,2025-11-01
INS-CL-000866,CLM-626960,INS-PL-008542,Hail Damage,2026-06-14,2026-06-16,2026-06-26,Closed,3024.65,1882.19,10.3,E-0247,CAT-2026-HAIL-MW,Agent,false,Homeowners (HO-3),Personal,CO,Northwind Assurance,2344.03,Ben Wilson,Hannah Walker,Ben Patel,true,2026-06-01
INS-CL-000867,CLM-555356,INS-PL-008544,Wind,2025-02-15,2025-02-18,2025-03-07,Closed,972.24,674.89,17.3,E-0251,,Mobile App,false,Personal Auto,Personal,NY,Cumulus Mutual,1594.9,Wei Phillips,Leo King,Chloe White,false,2025-02-01
INS-CL-000868,CLM-695408,INS-PL-008554,Theft,2025-02-26,2025-02-26,2025-03-19,Closed,23969.08,18277.86,21.2,E-0264,,Agent,false,Personal Auto,Personal,MA,Cumulus Mutual,1897.13,Mei Davis,Noah Martinez,Layla Collins,false,2025-02-01
INS-CL-000869,CLM-936676,INS-PL-008556,Wind,2026-08-12,2026-08-18,,Open,4862.93,0,,E-0242,,Mobile App,true,Personal Auto,Personal,MA,Cumulus Mutual,634.36,Nina Ashford,Zara Moore,Jamal Mitchell,false,2026-08-01
INS-CL-000870,CLM-198358,INS-PL-008570,Wind,2026-06-06,2026-06-06,2026-06-15,Closed,585.22,362.84,9.4,E-0259,,Agent,false,Personal Auto,Personal,CT,Beacon National,740.77,Sara Hall,Iris Nelson,Iris Lopez,false,2026-06-01
INS-CL-000871,CLM-447859,INS-PL-008573,Water Damage,2025-04-20,2025-04-26,2025-05-05,Closed,20669.46,13055.12,9.4,E-0262,,Web,false,Homeowners (HO-3),Personal,CO,Atlas P&C,1783.27,Layla Young,Mateo White,Iris Anderson,false,2025-04-01
INS-CL-000872,CLM-897132,INS-PL-008574,Glass,2025-02-06,2025-02-12,2025-02-24,Closed,2809.92,1773.2,12.0,E-0257,,Phone,false,Homeowners (HO-3),Personal,UT,Atlas P&C,1307.16,Sofia Allen,Victor Young,Maya Campbell,false,2025-02-01
INS-CL-000873,CLM-698452,INS-PL-008577,Liability,2025-12-28,2026-01-01,2026-01-29,Closed,15844.64,12259.98,28.8,E-0243,,Phone,false,Personal Auto,Personal,NY,Beacon National,2061.24,Fatima Morris,Ravi Green,Jamal Campbell,false,2025-12-01
INS-CL-000874,CLM-429982,INS-PL-008589,Glass,2024-12-07,2024-12-13,2025-01-08,Closed,1926.01,1888.42,26.6,E-0244,,Agent,false,Personal Auto,Personal,NC,Cumulus Mutual,994.37,Ava Moore,Iris Nelson,Isabella Roberts,false,2024-12-01
INS-CL-000875,CLM-626061,INS-PL-008600,Glass,2024-09-05,2024-09-06,2024-09-19,Closed,7312.56,6135.9,13.8,E-0264,,Agent,false,Homeowners (HO-3),Personal,FL,Cumulus Mutual,1380.59,Sofia Young,Rosa Thomas,Layla Collins,false,2024-09-01
INS-CL-000876,CLM-477730,INS-PL-008603,Hail Damage,2026-06-15,2026-06-17,2026-07-02,Closed,8264.17,4943.54,15.0,E-0249,CAT-2026-HAIL-MW,Mobile App,false,Personal Auto,Personal,CO,Beacon National,1105.47,Isabella Edwards,Felix Brown,Fatima Brown,true,2026-06-01
INS-CL-000877,CLM-127661,INS-PL-008608,Hail Damage,2026-06-14,2026-06-19,2026-07-29,Closed,541.79,385.27,40.5,E-0257,CAT-2026-HAIL-MW,Agent,false,Personal Auto,Personal,CO,Northwind Assurance,1154.48,Wei Carter,Lauren Nguyen,Maya Campbell,true,2026-06-01
INS-CL-000878,CLM-470646,INS-PL-008625,Hail Damage,2026-06-18,2026-06-24,2026-07-31,Closed,592.83,532.54,37.9,E-0241,CAT-2026-HAIL-MW,Agent,false,Personal Auto,Personal,UT,Cumulus Mutual,895.68,Olivia Hall,Maya Okafor,Marcus Young,true,2026-06-01
INS-CL-000879,CLM-611417,INS-PL-008628,Fire,2026-07-12,2026-07-13,2026-08-02,Closed,1074.86,599.72,20.2,E-0241,,Mobile App,false,Homeowners (HO-3),Personal,AZ,Atlas P&C,1239.76,Derek Morris,Mei Young,Marcus Young,false,2026-07-01
INS-CL-000880,CLM-576539,INS-PL-008629,Theft,2024-11-24,2024-11-27,2025-01-04,Closed,625.03,338.61,38.5,E-0254,,Phone,false,Personal Auto,Personal,IL,Cumulus Mutual,1805.65,Priya Edwards,Victor Walker,Julian Campbell,false,2024-11-01
INS-CL-000881,CLM-570494,INS-PL-008640,Hail Damage,2026-06-15,2026-06-20,2026-07-01,Closed,5224.38,3670.35,11.4,E-0240,CAT-2026-HAIL-MW,Mobile App,false,Personal Auto,Personal,AZ,Cumulus Mutual,2620.8,Diego Roberts,Hannah Phillips,Lauren Edwards,true,2026-06-01
INS-CL-000882,CLM-881621,INS-PL-008704,Liability,2024-11-11,2024-11-14,2024-12-01,Closed,26818.7,26856.77,17.3,E-0250,,Phone,false,Homeowners (HO-3),Personal,NY,Cumulus Mutual,1547.85,Nina Nelson,Noah Martinez,Jonathan Taylor,false,2024-11-01
INS-CL-000883,CLM-744338,INS-PL-008705,Theft,2026-06-15,2026-06-18,2026-06-28,Closed,10479.68,8640.81,10.1,E-0261,,Mobile App,false,Personal Auto,Personal,CO,Beacon National,1616.48,Samuel Stewart,Ines Jackson,Olivia Harris,false,2026-06-01
INS-CL-000884,CLM-266731,INS-PL-008714,Glass,2026-06-22,2026-06-23,2026-07-08,Closed,338.68,171.94,15.1,E-0253,,Phone,false,Renters,Personal,WA,Cumulus Mutual,528.21,Yuki Evans,Victor Roberts,Grace Garcia,false,2026-06-01
INS-CL-000885,CLM-537643,INS-PL-008724,Liability,2025-05-02,2025-05-03,2025-05-13,Closed,4293.33,4332.48,10.5,E-0256,,Web,false,Personal Auto,Personal,NY,Cumulus Mutual,1273.8,Mei Harris,Julian Green,Hannah Phillips,false,2025-05-01
INS-CL-000886,CLM-451545,INS-PL-008727,Hail Damage,2026-06-15,2026-06-17,2026-07-07,Closed,3982.63,4153.35,20.9,E-0260,CAT-2026-HAIL-MW,Mobile App,false,Homeowners (HO-3),Personal,UT,Beacon National,953.96,Fatima Lopez,Victor Young,Carlos Harris,true,2026-06-01
INS-CL-000887,CLM-941565,INS-PL-008731,Collision,2025-12-10,2025-12-16,2026-01-09,Closed,12599.89,8774.16,24.7,E-0253,,Mobile App,false,Personal Auto,Personal,GA,Northwind Assurance,1942.82,Mateo Okafor,Victor Walker,Grace Garcia,false,2025-12-01
INS-CL-000888,CLM-999227,INS-PL-008737,Fire,2026-04-30,2026-05-03,2026-05-22,Closed,4506.03,2715.73,19.7,E-0257,,Mobile App,false,Homeowners (HO-3),Personal,CO,Northwind Assurance,1381.32,Zara Roberts,Ravi Hall,Maya Campbell,false,2026-04-01
INS-CL-000889,CLM-908792,INS-PL-008759,Theft,2024-09-13,2024-09-14,2024-09-30,Closed,836.59,564.08,16.6,E-0265,,Phone,false,Umbrella,Personal,WA,Atlas P&C,506.35,Rosa Thomas,Hannah Carter,Nina Davis,false,2024-09-01
INS-CL-000890,CLM-483797,INS-PL-008775,Theft,2026-08-22,2026-08-26,,Awaiting Documents,13701.83,0,,E-0265,,Mobile App,false,Personal Auto,Personal,WA,Cumulus Mutual,1526.29,Ava Phillips,Hannah Phillips,Nina Davis,false,2026-08-01
INS-CL-000891,CLM-463629,INS-PL-008783,Water Damage,2024-11-20,2024-11-26,2024-12-12,Closed,19122.07,14962.6,16.7,E-0256,,Agent,false,Small Commercial Package,Commercial,OH,Cumulus Mutual,3775.16,Layla Turner,Hannah Garcia,Hannah Phillips,false,2024-11-01
INS-CL-000892,CLM-706839,INS-PL-008804,Theft,2024-11-24,2024-11-27,2024-12-12,Closed,48067.5,32883.91,15.6,E-0249,,Phone,false,Homeowners (HO-3),Personal,MN,Cumulus Mutual,2430.22,Kenji Patel,Hannah Garcia,Fatima Brown,false,2024-11-01
INS-CL-000893,CLM-565157,INS-PL-008805,Wind,2026-08-27,2026-09-02,,Under Review,23554.28,0,,E-0262,,Phone,false,Small Commercial Package,Commercial,IL,Cumulus Mutual,5647.11,Wei Martinez,Mateo Garcia,Iris Anderson,false,2026-08-01
INS-CL-000894,CLM-276398,INS-PL-008817,Collision,2026-07-16,2026-07-17,2026-07-23,Closed,13368.7,13893.96,6.9,E-0259,,Phone,false,Personal Auto,Personal,AZ,Beacon National,1521.4,Carlos Moore,Rosa Thomas,Iris Lopez,false,2026-07-01
INS-CL-000895,CLM-880969,INS-PL-008822,Fire,2024-09-01,2024-09-01,2024-09-23,Closed,10090.99,5422.55,22.6,E-0241,,Mobile App,false,Homeowners (HO-3),Personal,WA,Cumulus Mutual,1878.49,Iris Harris,Ethan Nelson,Marcus Young,false,2024-09-01
INS-CL-000896,CLM-392378,INS-PL-008825,Water Damage,2025-12-17,2025-12-23,2026-01-04,Closed,657.51,652.85,12.4,E-0261,,Phone,false,Umbrella,Personal,MN,Northwind Assurance,185.83,Ravi Ashford,Fatima Campbell,Olivia Harris,false,2025-12-01
INS-CL-000897,CLM-607721,INS-PL-008840,Theft,2025-01-25,2025-01-25,2025-02-06,Closed,654.17,614.47,12.9,E-0264,,Web,false,Renters,Personal,MN,Beacon National,237.02,Mateo Baker,Lauren Nguyen,Layla Collins,false,2025-01-01
INS-CL-000898,CLM-880731,INS-PL-008846,Theft,2025-08-21,2025-08-27,2025-09-28,Closed,18430.11,11357.1,32.7,E-0241,,Mobile App,false,Homeowners (HO-3),Personal,FL,Beacon National,1777.92,Samuel Harris,Sara Morris,Marcus Young,false,2025-08-01
INS-CL-000899,CLM-133755,INS-PL-008860,Hail Damage,2026-06-17,2026-06-19,2026-07-12,Closed,52770.91,32707.45,23.8,E-0238,CAT-2026-HAIL-MW,Phone,false,Homeowners (HO-3),Personal,CO,Cumulus Mutual,1621.91,Nora King,Derek Brown,Andre Ashford,true,2026-06-01
INS-CL-000900,CLM-174706,INS-PL-008868,Hail Damage,2026-06-17,2026-06-23,2026-06-30,Closed,1184.21,1058.38,7.7,E-0247,CAT-2026-HAIL-MW,Mobile App,false,Personal Auto,Personal,AZ,Cumulus Mutual,1371.99,Tom Lopez,Zara Moore,Ben Patel,true,2026-06-01
INS-CL-000901,CLM-389753,INS-PL-008870,Theft,2024-12-20,2024-12-23,2025-01-25,Closed,20673.67,10977.33,34.0,E-0237,,Mobile App,false,Homeowners (HO-3),Personal,AZ,Atlas P&C,1449.29,Mei Johnson,Mateo Anderson,Emma Phillips,false,2024-12-01
INS-CL-000902,CLM-302954,INS-PL-008901,Glass,2025-09-08,2025-09-12,2025-09-26,Closed,6930.1,6028.56,14.2,E-0248,,Web,false,Personal Auto,Personal,OR,Northwind Assurance,1042.15,Layla Carter,Elena Stewart,Yuki Roberts,false,2025-09-01
INS-CL-000903,CLM-150557,INS-PL-008909,Theft,2026-07-18,2026-07-21,2026-08-03,Closed,4110.09,2055.51,13.5,E-0253,,Web,false,Personal Auto,Personal,MA,Northwind Assurance,1413.43,Luis Campbell,Leo King,Grace Garcia,false,2026-07-01
INS-CL-000904,CLM-972282,INS-PL-008956,Fire,2024-10-11,2024-10-13,2024-10-27,Closed,7859.41,7069.18,14.9,E-0257,,Agent,false,Small Commercial Package,Commercial,FL,Beacon National,8842.75,Tom Phillips,Victor Walker,Maya Campbell,false,2024-10-01
INS-CL-000905,CLM-172873,INS-PL-008959,Water Damage,2025-07-06,2025-07-12,2025-07-25,Closed,11212.1,6801.02,13.6,E-0242,,Mobile App,false,Personal Auto,Personal,GA,Beacon National,1748.77,Naomi Patel,Grace Bailey,Jamal Mitchell,false,2025-07-01
INS-CL-000906,CLM-377817,INS-PL-008961,Water Damage,2026-03-23,2026-03-26,2026-04-03,Closed,13842.08,14371.15,8.3,E-0243,,Phone,false,Homeowners (HO-3),Personal,FL,Cumulus Mutual,3026.54,Elena Baker,Victor Roberts,Jamal Campbell,false,2026-03-01
INS-CL-000907,CLM-729164,INS-PL-008966,Hail Damage,2026-06-15,2026-06-18,2026-07-04,Closed,4639.48,4772.35,16.0,E-0242,CAT-2026-HAIL-MW,Mobile App,false,Homeowners (HO-3),Personal,UT,Cumulus Mutual,1913.31,Ines Moore,Ethan Nelson,Jamal Mitchell,true,2026-06-01
INS-CL-000908,CLM-206361,INS-PL-008980,Water Damage,2025-07-21,2025-07-23,2025-08-10,Closed,1308.13,1128.44,18.7,E-0251,,Web,false,Umbrella,Personal,MA,Atlas P&C,401.7,Ines Martinez,Rosa Thomas,Chloe White,false,2025-07-01
INS-CL-000909,CLM-997785,INS-PL-008989,Hail Damage,2026-06-17,2026-06-22,2026-07-23,Closed,3533.41,3181.57,31.7,E-0250,CAT-2026-HAIL-MW,Mobile App,false,Homeowners (HO-3),Personal,CO,Cumulus Mutual,1381.5,Jonathan Nguyen,Ethan Lewis,Jonathan Taylor,true,2026-06-01
INS-CL-000910,CLM-334265,INS-PL-008991,Fire,2026-07-24,2026-07-29,,Awaiting Documents,5184.64,0,,E-0251,,Mobile App,false,Personal Auto,Personal,NY,Atlas P&C,1471.21,Amara Taylor,Victor Young,Chloe White,false,2026-07-01
INS-CL-000911,CLM-628023,INS-PL-008992,Collision,2025-09-12,2025-09-18,2025-10-06,Closed,12252.13,8894.6,18.7,E-0240,,Phone,false,Homeowners (HO-3),Personal,UT,Cumulus Mutual,1695.38,Julian Phillips,Derek Ruiz,Lauren Edwards,false,2025-09-01
