RequestId,ClientId,AssociateId,RequestType,CreatedDate,ClosedDate,Status,SLADays,CycleTimeDays,SLABreached,Channel,Priority
AM-SR-000001,AM-CL-0024,E-0282,Data Feed Issue,2026-06-28T14:29:27.000Z,2026-06-29T09:49:10.000Z,Closed,2,1.26,false,Email,Medium
AM-SR-000002,AM-CL-0105,E-0284,Data Feed Issue,2025-07-28T16:09:54.000Z,2025-08-01T18:46:10.000Z,Closed,2,4.93,true,Email,Medium
AM-SR-000003,AM-CL-0001,E-0279,Onboarding Document,2025-06-06T17:31:02.000Z,2025-06-08T13:32:26.000Z,Closed,7,2.36,false,Email,High
AM-SR-000004,AM-CL-0092,E-0284,Compliance Attestation,2026-04-21T10:31:13.000Z,2026-05-03T07:27:56.000Z,Closed,10,12.55,true,Email,Low
AM-SR-000005,AM-CL-0104,E-0279,Fee Invoice Question,2025-04-05T16:13:55.000Z,2025-04-06T08:34:55.000Z,Closed,5,1.82,false,Email,Medium
AM-SR-000006,AM-CL-0006,E-0284,Performance Report,2024-12-16T14:56:22.000Z,2024-12-18T16:19:43.000Z,Closed,5,2.47,false,Email,Medium
AM-SR-000007,AM-CL-0057,E-0281,Performance Report,2025-09-10T17:32:26.000Z,2025-09-12T09:18:01.000Z,Closed,5,2.97,false,Email,Medium
AM-SR-000008,AM-CL-0057,E-0281,Reconciliation,2025-05-17T13:49:00.000Z,2025-05-18T16:53:50.000Z,Closed,3,1.54,false,Email,Low
AM-SR-000009,AM-CL-0067,E-0275,Cash Movement,2026-08-15T16:40:56.000Z,2026-08-15T10:26:45.000Z,Closed,1,0.56,false,Portal,Low
AM-SR-000010,AM-CL-0136,E-0287,Onboarding Document,2025-07-10T15:32:36.000Z,2025-07-13T11:57:10.000Z,Closed,7,3.56,false,Email,Low
AM-SR-000011,AM-CL-0022,E-0273,Cash Movement,2026-03-07T10:21:22.000Z,2026-03-08T11:31:04.000Z,Closed,1,1.35,true,Email,Low
AM-SR-000012,AM-CL-0082,E-0275,Reconciliation,2025-11-03T12:51:46.000Z,2025-11-09T10:53:44.000Z,Closed,3,6.59,true,Email,Medium
AM-SR-000013,AM-CL-0061,E-0290,Fee Invoice Question,2025-11-27T13:14:10.000Z,2025-12-04T09:56:33.000Z,Closed,5,7.18,true,Phone,High
AM-SR-000014,AM-CL-0065,E-0286,Reconciliation,2025-06-30T09:07:58.000Z,2025-07-05T07:31:36.000Z,Closed,3,5.39,true,Email,Low
AM-SR-000015,AM-CL-0004,E-0272,Reconciliation,2026-06-19T15:23:43.000Z,2026-06-22T18:27:59.000Z,Closed,3,3.97,true,Email,Low
AM-SR-000016,AM-CL-0132,E-0273,Fee Invoice Question,2025-11-09T08:50:12.000Z,2025-11-11T08:42:52.000Z,Closed,5,2.14,false,Email,Medium
AM-SR-000017,AM-CL-0127,E-0266,Reconciliation,2025-01-18T18:15:43.000Z,2025-01-22T12:52:40.000Z,Closed,3,4.14,true,Portal,Medium
AM-SR-000018,AM-CL-0023,E-0285,Performance Report,2025-01-05T17:02:00.000Z,2025-01-15T15:49:17.000Z,Closed,5,10.99,true,Phone,Medium
AM-SR-000019,AM-CL-0119,E-0285,Performance Report,2025-04-24T10:58:42.000Z,2025-04-26T09:53:23.000Z,Closed,5,2.42,false,Email,Low
AM-SR-000020,AM-CL-0074,E-0280,Data Feed Issue,2025-12-09T16:00:24.000Z,2025-12-12T12:21:45.000Z,Closed,2,3.47,true,Portal,Medium
AM-SR-000021,AM-CL-0128,E-0286,Reconciliation,2025-03-30T12:56:50.000Z,2025-04-02T09:54:59.000Z,Closed,3,3.3,true,Email,Medium
AM-SR-000022,AM-CL-0041,E-0279,Fee Invoice Question,2025-12-01T10:40:34.000Z,2025-12-07T14:13:38.000Z,Closed,5,6.71,true,Email,Low
AM-SR-000023,AM-CL-0076,E-0282,Onboarding Document,2024-11-12T14:52:21.000Z,2024-11-14T14:14:00.000Z,Closed,7,2.0,false,Portal,Low
AM-SR-000024,AM-CL-0010,E-0275,Performance Report,2026-02-15T14:34:52.000Z,2026-02-19T11:38:53.000Z,Closed,5,4.71,false,Email,Medium
AM-SR-000025,AM-CL-0089,E-0280,Fee Invoice Question,2026-04-07T12:06:15.000Z,2026-04-09T11:22:24.000Z,Closed,5,2.44,false,Portal,Low
AM-SR-000026,AM-CL-0036,E-0267,Onboarding Document,2024-11-19T16:43:21.000Z,2024-12-14T10:16:30.000Z,Closed,7,25.15,true,Email,Low
AM-SR-000027,AM-CL-0018,E-0266,Performance Report,2025-07-02T18:25:33.000Z,2025-07-08T10:54:00.000Z,Closed,5,6.42,true,Portal,Low
AM-SR-000028,AM-CL-0077,E-0282,Performance Report,2026-05-29T12:58:32.000Z,2026-05-30T16:13:03.000Z,Closed,5,1.62,false,Email,Low
AM-SR-000029,AM-CL-0021,E-0286,Reconciliation,2026-08-12T17:59:32.000Z,2026-08-13T19:52:18.000Z,Closed,3,1.56,false,Email,High
AM-SR-000030,AM-CL-0040,E-0268,Reconciliation,2025-07-21T07:16:59.000Z,2025-07-25T09:52:02.000Z,Closed,3,4.01,true,Portal,Low
AM-SR-000031,AM-CL-0077,E-0282,Performance Report,2025-05-08T11:14:10.000Z,2025-05-11T08:34:46.000Z,Closed,5,3.5,false,Email,Medium
AM-SR-000032,AM-CL-0042,E-0286,Compliance Attestation,2024-09-19T08:16:58.000Z,2024-09-28T16:34:37.000Z,Closed,10,9.97,false,Email,Medium
AM-SR-000033,AM-CL-0027,E-0271,Cash Movement,2025-06-11T08:09:03.000Z,2025-06-11T16:18:08.000Z,Closed,1,0.48,false,Portal,Medium
AM-SR-000034,AM-CL-0139,E-0266,Reconciliation,2025-07-13T19:36:10.000Z,2025-07-13T16:33:24.000Z,Closed,3,0.72,false,Portal,Medium
AM-SR-000035,AM-CL-0035,E-0267,Cash Movement,2025-08-17T10:09:57.000Z,2025-08-17T12:37:31.000Z,Closed,1,0.75,false,Email,High
AM-SR-000036,AM-CL-0072,E-0286,Data Feed Issue,2025-06-22T11:42:45.000Z,2025-06-23T13:01:45.000Z,Closed,2,1.24,false,Email,Low
AM-SR-000037,AM-CL-0058,E-0280,Fee Invoice Question,2025-05-08T08:17:28.000Z,2025-05-12T19:11:28.000Z,Closed,5,4.55,false,Email,Low
AM-SR-000038,AM-CL-0060,E-0284,Cash Movement,2025-03-24T07:49:06.000Z,2025-03-24T07:11:46.000Z,Closed,1,0.72,false,Phone,Medium
AM-SR-000039,AM-CL-0133,E-0275,Performance Report,2025-05-22T19:31:45.000Z,2025-05-26T15:10:56.000Z,Closed,5,4.72,false,Email,Low
AM-SR-000040,AM-CL-0059,E-0273,Onboarding Document,2025-12-20T07:18:51.000Z,2025-12-23T14:22:31.000Z,Closed,7,3.31,false,Portal,Low
AM-SR-000041,AM-CL-0098,E-0268,Data Feed Issue,2024-09-29T07:39:04.000Z,2024-09-29T19:38:40.000Z,Closed,2,0.74,false,Email,Medium
AM-SR-000042,AM-CL-0002,E-0268,Performance Report,2025-05-10T07:26:32.000Z,2025-05-12T13:16:25.000Z,Closed,5,2.89,false,Email,Medium
AM-SR-000043,AM-CL-0068,E-0283,Reconciliation,2026-01-15T12:26:28.000Z,2026-01-16T08:55:09.000Z,Closed,3,1.76,false,Email,Medium
AM-SR-000044,AM-CL-0090,E-0267,Performance Report,2026-07-11T17:29:41.000Z,2026-07-18T09:24:20.000Z,Closed,5,7.07,true,Portal,Low
AM-SR-000045,AM-CL-0124,E-0270,Reconciliation,2025-09-02T07:56:49.000Z,2025-09-06T12:42:20.000Z,Closed,3,4.08,true,Email,Medium
AM-SR-000046,AM-CL-0113,E-0270,Fee Invoice Question,2025-12-15T15:23:44.000Z,2025-12-21T07:11:41.000Z,Closed,5,6.81,true,Email,Medium
AM-SR-000047,AM-CL-0087,E-0290,Reconciliation,2025-11-19T19:37:04.000Z,2025-11-29T08:59:00.000Z,Closed,3,10.25,true,Email,Medium
AM-SR-000048,AM-CL-0083,E-0287,Data Feed Issue,2025-08-28T07:51:02.000Z,2025-08-28T12:49:02.000Z,Closed,2,0.85,false,Email,Medium
AM-SR-000049,AM-CL-0031,E-0276,Fee Invoice Question,2026-07-03T11:18:36.000Z,2026-07-06T19:36:47.000Z,Closed,5,3.36,false,Portal,Medium
AM-SR-000050,AM-CL-0125,E-0286,Reconciliation,2025-07-17T19:00:01.000Z,2025-07-19T16:10:38.000Z,Closed,3,2.16,false,Email,Medium
AM-SR-000051,AM-CL-0099,E-0279,Data Feed Issue,2025-07-28T18:23:35.000Z,2025-07-28T09:28:51.000Z,Closed,2,0.56,false,Email,Medium
AM-SR-000052,AM-CL-0046,E-0270,Fee Invoice Question,2025-01-02T18:24:49.000Z,2025-01-06T18:18:35.000Z,Closed,5,4.66,false,Email,Medium
AM-SR-000053,AM-CL-0114,E-0278,Cash Movement,2024-11-19T14:23:57.000Z,2024-11-19T10:15:25.000Z,Closed,1,0.58,false,Email,Medium
AM-SR-000054,AM-CL-0116,E-0272,Reconciliation,2025-09-20T12:50:10.000Z,2025-09-20T18:28:54.000Z,Closed,3,0.86,false,Email,Medium
AM-SR-000055,AM-CL-0075,E-0270,Fee Invoice Question,2024-09-20T09:34:35.000Z,2024-09-24T15:57:30.000Z,Closed,5,4.71,false,Email,Low
AM-SR-000056,AM-CL-0045,E-0269,Data Feed Issue,2026-01-06T10:11:28.000Z,2026-01-07T07:41:30.000Z,Closed,2,1.55,false,Portal,High
AM-SR-000057,AM-CL-0075,E-0270,Compliance Attestation,2025-11-06T10:59:30.000Z,2025-11-08T14:14:43.000Z,Closed,10,2.42,false,Email,Medium
AM-SR-000058,AM-CL-0101,E-0289,Compliance Attestation,2025-05-01T15:14:20.000Z,2025-05-07T18:19:22.000Z,Closed,10,6.05,false,Portal,Medium
AM-SR-000059,AM-CL-0013,E-0277,Performance Report,2025-12-30T09:44:22.000Z,2026-01-01T17:53:14.000Z,Closed,5,2.68,false,Email,Low
AM-SR-000060,AM-CL-0026,E-0266,Reconciliation,2025-09-08T17:05:18.000Z,2025-09-11T17:00:15.000Z,Closed,3,3.55,true,Phone,Low
AM-SR-000061,AM-CL-0068,E-0283,Performance Report,2026-03-23T19:23:06.000Z,2026-03-25T11:26:26.000Z,Closed,5,2.58,false,Portal,Low
AM-SR-000062,AM-CL-0106,E-0272,Compliance Attestation,2026-01-09T11:32:07.000Z,2026-01-24T10:36:55.000Z,Closed,10,15.09,true,Email,Low
AM-SR-000063,AM-CL-0131,E-0285,Fee Invoice Question,2025-02-27T08:03:26.000Z,2025-03-02T15:04:50.000Z,Closed,5,3.24,false,Email,Medium
AM-SR-000064,AM-CL-0068,E-0283,Reconciliation,2025-01-13T09:18:40.000Z,2025-01-14T11:41:41.000Z,Closed,3,1.04,false,Email,High
AM-SR-000065,AM-CL-0139,E-0266,Onboarding Document,2024-12-07T13:02:53.000Z,2024-12-24T08:14:11.000Z,Closed,7,17.16,true,Portal,Low
AM-SR-000066,AM-CL-0064,E-0274,Reconciliation,2026-06-12T10:44:31.000Z,2026-06-16T08:17:04.000Z,Closed,3,4.38,true,Portal,Medium
AM-SR-000067,AM-CL-0126,E-0270,Fee Invoice Question,2024-09-11T11:26:49.000Z,2024-09-16T13:16:29.000Z,Closed,5,5.28,true,Portal,Medium
AM-SR-000068,AM-CL-0091,E-0285,Cash Movement,2025-05-26T08:17:53.000Z,2025-05-26T10:49:17.000Z,Closed,1,0.49,false,Email,Low
AM-SR-000069,AM-CL-0060,E-0284,Performance Report,2025-02-10T14:43:21.000Z,2025-02-10T18:46:45.000Z,Closed,5,0.78,false,Portal,Low
AM-SR-000070,AM-CL-0095,E-0280,Reconciliation,2025-04-28T14:56:39.000Z,2025-05-02T14:56:28.000Z,Closed,3,4.29,true,Email,Low
AM-SR-000071,AM-CL-0064,E-0274,Compliance Attestation,2025-12-29T11:00:04.000Z,2026-01-04T12:44:47.000Z,Closed,10,6.23,false,Portal,Low
AM-SR-000072,AM-CL-0101,E-0289,Compliance Attestation,2025-01-26T19:21:25.000Z,2025-02-01T19:44:35.000Z,Closed,10,6.83,false,Email,Low
AM-SR-000073,AM-CL-0063,E-0284,Performance Report,2025-03-06T17:18:55.000Z,2025-03-08T18:38:46.000Z,Closed,5,2.51,false,Portal,Medium
AM-SR-000074,AM-CL-0044,E-0282,Reconciliation,2025-01-01T10:27:12.000Z,2025-01-03T08:14:06.000Z,Closed,3,2.15,false,Email,High
AM-SR-000075,AM-CL-0026,E-0266,Cash Movement,2025-06-27T07:32:26.000Z,2025-06-27T16:37:16.000Z,Closed,1,0.73,false,Portal,Medium
AM-SR-000076,AM-CL-0105,E-0284,Cash Movement,2024-10-07T19:07:12.000Z,2024-10-07T08:57:56.000Z,Closed,1,0.44,false,Portal,Low
AM-SR-000077,AM-CL-0058,E-0280,Fee Invoice Question,2025-02-22T16:13:29.000Z,2025-02-26T18:39:53.000Z,Closed,5,4.4,false,Phone,Low
AM-SR-000078,AM-CL-0053,E-0271,Performance Report,2026-01-25T09:09:41.000Z,2026-01-29T10:26:01.000Z,Closed,5,4.78,false,Portal,Medium
AM-SR-000079,AM-CL-0085,E-0267,Reconciliation,2026-01-21T12:39:28.000Z,2026-01-22T10:03:22.000Z,Closed,3,1.1,false,Portal,Medium
AM-SR-000080,AM-CL-0111,E-0270,Cash Movement,2024-12-11T09:42:16.000Z,2024-12-11T19:57:47.000Z,Closed,1,0.45,false,Portal,Medium
AM-SR-000081,AM-CL-0083,E-0287,Fee Invoice Question,2026-01-29T13:48:47.000Z,2026-02-04T12:57:57.000Z,Closed,5,6.76,true,Email,Low
AM-SR-000082,AM-CL-0065,E-0286,Performance Report,2024-09-20T19:02:11.000Z,2024-09-21T14:33:59.000Z,Closed,5,1.86,false,Phone,High
AM-SR-000083,AM-CL-0094,E-0271,Performance Report,2024-10-09T13:34:17.000Z,2024-10-14T10:43:38.000Z,Closed,5,5.93,true,Email,Medium
AM-SR-000084,AM-CL-0015,E-0287,Fee Invoice Question,2026-05-20T08:15:35.000Z,2026-05-21T13:13:09.000Z,Closed,5,1.62,false,Portal,Medium
AM-SR-000085,AM-CL-0131,E-0285,Reconciliation,2025-06-15T13:26:39.000Z,2025-06-17T14:01:48.000Z,Closed,3,2.68,false,Email,High
AM-SR-000086,AM-CL-0065,E-0286,Cash Movement,2025-02-08T09:47:28.000Z,2025-02-08T07:00:47.000Z,Closed,1,0.68,false,Phone,Medium
AM-SR-000087,AM-CL-0016,E-0269,Reconciliation,2025-05-24T12:45:23.000Z,2025-05-26T18:11:04.000Z,Closed,3,2.84,false,Email,Medium
AM-SR-000088,AM-CL-0136,E-0287,Performance Report,2025-12-20T19:38:06.000Z,2025-12-21T17:26:18.000Z,Closed,5,1.76,false,Email,Medium
AM-SR-000089,AM-CL-0073,E-0269,Reconciliation,2025-01-07T11:58:10.000Z,2025-01-10T18:24:53.000Z,Closed,3,3.92,true,Portal,Low
AM-SR-000090,AM-CL-0044,E-0282,Onboarding Document,2025-03-31T09:00:30.000Z,2025-04-09T07:49:33.000Z,Closed,7,9.78,true,Portal,High
AM-SR-000091,AM-CL-0078,E-0278,Fee Invoice Question,2026-01-14T09:15:39.000Z,2026-01-18T14:03:58.000Z,Closed,5,4.18,false,Portal,Medium
AM-SR-000092,AM-CL-0035,E-0267,Performance Report,2025-03-17T18:10:18.000Z,2025-03-20T14:01:37.000Z,Closed,5,3.74,false,Portal,Medium
AM-SR-000093,AM-CL-0107,E-0281,Reconciliation,2026-05-06T07:04:50.000Z,2026-05-07T10:01:25.000Z,Closed,3,1.33,false,Portal,Medium
AM-SR-000094,AM-CL-0042,E-0286,Performance Report,2024-12-19T16:17:02.000Z,2024-12-27T12:13:49.000Z,Closed,5,8.06,true,Email,Medium
AM-SR-000095,AM-CL-0044,E-0282,Data Feed Issue,2024-09-01T19:38:11.000Z,2024-09-01T07:31:42.000Z,Closed,2,0.97,false,Portal,Low
AM-SR-000096,AM-CL-0086,E-0268,Performance Report,2025-07-19T12:35:53.000Z,2025-07-20T12:49:46.000Z,Closed,5,1.42,false,Portal,High
AM-SR-000097,AM-CL-0074,E-0280,Onboarding Document,2026-08-01T19:48:38.000Z,2026-08-05T12:20:55.000Z,Closed,7,4.27,false,Portal,Low
AM-SR-000098,AM-CL-0021,E-0286,Reconciliation,2025-08-08T18:43:06.000Z,2025-08-09T12:29:20.000Z,Closed,3,1.01,false,Portal,Medium
AM-SR-000099,AM-CL-0047,E-0266,Fee Invoice Question,2025-12-06T18:16:14.000Z,2025-12-09T08:44:35.000Z,Closed,5,3.38,false,Portal,Low
AM-SR-000100,AM-CL-0042,E-0286,Onboarding Document,2026-01-01T17:12:36.000Z,2026-01-02T13:17:49.000Z,Closed,7,1.51,false,Portal,Medium
AM-SR-000101,AM-CL-0045,E-0269,Performance Report,2024-10-10T19:13:55.000Z,2024-10-14T17:11:19.000Z,Closed,5,4.09,false,Email,Low
AM-SR-000102,AM-CL-0047,E-0266,Reconciliation,2026-02-27T17:12:54.000Z,2026-02-28T17:14:09.000Z,Closed,3,1.0,false,Portal,Medium
AM-SR-000103,AM-CL-0035,E-0267,Reconciliation,2025-08-06T11:30:47.000Z,2025-08-08T12:39:33.000Z,Closed,3,2.93,false,Email,Medium
AM-SR-000104,AM-CL-0089,E-0280,Cash Movement,2025-05-28T12:35:33.000Z,2025-05-29T14:36:54.000Z,Closed,1,1.09,true,Email,Medium
AM-SR-000105,AM-CL-0112,E-0289,Fee Invoice Question,2025-05-07T17:47:53.000Z,2025-05-14T16:28:34.000Z,Closed,5,7.77,true,Email,Low
AM-SR-000106,AM-CL-0059,E-0273,Reconciliation,2026-04-22T18:18:28.000Z,2026-04-24T13:39:38.000Z,Closed,3,2.1,false,Email,Low
AM-SR-000107,AM-CL-0037,E-0282,Performance Report,2025-03-27T13:04:30.000Z,2025-04-05T12:04:28.000Z,Closed,5,9.34,true,Email,High
AM-SR-000108,AM-CL-0031,E-0276,Cash Movement,2024-10-29T08:09:14.000Z,2024-10-29T13:47:30.000Z,Closed,1,0.45,false,Email,Low
AM-SR-000109,AM-CL-0044,E-0282,Data Feed Issue,2026-03-09T11:44:17.000Z,2026-03-10T11:56:14.000Z,Closed,2,1.62,false,Portal,Low
AM-SR-000110,AM-CL-0117,E-0289,Performance Report,2025-07-12T08:33:57.000Z,2025-07-14T07:38:48.000Z,Closed,5,2.75,false,Email,Low
AM-SR-000111,AM-CL-0017,E-0281,Performance Report,2025-05-26T17:17:42.000Z,2025-05-27T16:00:03.000Z,Closed,5,1.3,false,Email,Medium
AM-SR-000112,AM-CL-0013,E-0277,Performance Report,2025-05-04T14:25:26.000Z,2025-05-07T18:05:51.000Z,Closed,5,3.48,false,Email,Medium
AM-SR-000113,AM-CL-0134,E-0281,Fee Invoice Question,2026-08-09T14:28:14.000Z,2026-08-11T16:55:39.000Z,Closed,5,2.92,false,Portal,Medium
AM-SR-000114,AM-CL-0139,E-0266,Cash Movement,2025-11-30T16:33:45.000Z,2025-11-30T10:34:38.000Z,Closed,1,0.41,false,Email,Medium
AM-SR-000115,AM-CL-0134,E-0281,Cash Movement,2025-05-11T10:01:15.000Z,2025-05-14T14:49:44.000Z,Closed,1,3.13,true,Portal,Medium
AM-SR-000116,AM-CL-0127,E-0266,Cash Movement,2024-11-14T11:24:40.000Z,2024-11-14T10:18:44.000Z,Closed,1,0.48,false,Portal,Medium
AM-SR-000117,AM-CL-0114,E-0278,Onboarding Document,2025-01-25T19:12:03.000Z,2025-01-28T14:47:21.000Z,Closed,7,3.75,false,Email,Low
AM-SR-000118,AM-CL-0050,E-0276,Compliance Attestation,2026-04-16T19:38:04.000Z,2026-04-24T14:53:25.000Z,Closed,10,8.44,false,Portal,Low
AM-SR-000119,AM-CL-0089,E-0280,Data Feed Issue,2026-02-24T14:28:40.000Z,2026-02-24T12:16:56.000Z,Closed,2,0.92,false,Email,Low
AM-SR-000120,AM-CL-0040,E-0268,Reconciliation,2024-11-23T08:54:40.000Z,2024-11-23T08:43:42.000Z,Closed,3,0.77,false,Portal,Low
AM-SR-000121,AM-CL-0132,E-0273,Performance Report,2026-04-02T13:44:51.000Z,2026-04-06T07:45:45.000Z,Closed,5,4.79,false,Email,Medium
AM-SR-000122,AM-CL-0102,E-0277,Onboarding Document,2025-06-24T07:08:21.000Z,2025-06-27T17:53:04.000Z,Closed,7,3.67,false,Email,High
AM-SR-000123,AM-CL-0022,E-0273,Reconciliation,2026-05-24T11:45:46.000Z,2026-05-26T14:29:02.000Z,Closed,3,2.03,false,Email,Low
AM-SR-000124,AM-CL-0054,E-0290,Data Feed Issue,2026-08-09T08:31:45.000Z,2026-08-09T09:10:31.000Z,Closed,2,0.9,false,Phone,Medium
AM-SR-000125,AM-CL-0084,E-0287,Compliance Attestation,2026-06-04T14:45:14.000Z,2026-06-10T07:54:45.000Z,Closed,10,6.36,false,Phone,Medium
AM-SR-000126,AM-CL-0106,E-0272,Reconciliation,2024-10-02T16:33:46.000Z,2024-10-20T09:53:51.000Z,Closed,3,18.49,true,Email,Low
AM-SR-000127,AM-CL-0060,E-0284,Fee Invoice Question,2026-02-12T16:32:14.000Z,2026-02-17T08:42:14.000Z,Closed,5,5.52,true,Portal,Low
AM-SR-000128,AM-CL-0002,E-0268,Data Feed Issue,2025-01-13T12:57:11.000Z,2025-01-14T18:51:14.000Z,Closed,2,1.14,false,Email,High
AM-SR-000129,AM-CL-0057,E-0281,Onboarding Document,2026-08-08T13:37:12.000Z,2026-08-10T16:06:32.000Z,Closed,7,2.48,false,Portal,High
AM-SR-000130,AM-CL-0036,E-0267,Performance Report,2025-06-30T16:10:53.000Z,2025-07-06T15:52:36.000Z,Closed,5,6.1,true,Portal,Low
AM-SR-000131,AM-CL-0034,E-0271,Fee Invoice Question,2025-09-26T12:35:28.000Z,2025-10-02T14:29:23.000Z,Closed,5,6.86,true,Email,High
AM-SR-000132,AM-CL-0095,E-0280,Fee Invoice Question,2026-02-04T11:38:52.000Z,2026-02-06T17:18:35.000Z,Closed,5,2.31,false,Email,High
AM-SR-000133,AM-CL-0086,E-0268,Fee Invoice Question,2025-04-02T14:59:26.000Z,2025-04-04T11:59:48.000Z,Closed,5,2.53,false,Email,Low
AM-SR-000134,AM-CL-0067,E-0275,Performance Report,2024-10-11T17:41:46.000Z,2024-10-20T12:06:56.000Z,Closed,5,9.72,true,Email,High
AM-SR-000135,AM-CL-0073,E-0269,Performance Report,2026-05-17T09:25:43.000Z,2026-05-18T17:31:24.000Z,Closed,5,1.62,false,Phone,Low
AM-SR-000136,AM-CL-0045,E-0269,Reconciliation,2025-06-02T10:22:14.000Z,2025-06-06T07:03:33.000Z,Closed,3,4.38,true,Email,Medium
AM-SR-000137,AM-CL-0026,E-0266,Reconciliation,2026-07-13T08:22:34.000Z,2026-07-20T19:23:22.000Z,Closed,3,7.79,true,Portal,Medium
AM-SR-000138,AM-CL-0053,E-0271,Onboarding Document,2026-04-24T19:05:54.000Z,2026-04-30T16:19:46.000Z,Closed,7,6.28,false,Email,Medium
AM-SR-000139,AM-CL-0022,E-0273,Fee Invoice Question,2024-10-31T07:24:18.000Z,2024-11-06T15:08:06.000Z,Closed,5,6.08,true,Email,Low
AM-SR-000140,AM-CL-0055,E-0268,Performance Report,2025-02-19T13:03:22.000Z,2025-02-22T08:29:17.000Z,Closed,5,3.75,false,Email,Medium
AM-SR-000141,AM-CL-0074,E-0280,Performance Report,2025-11-14T18:09:20.000Z,2025-11-17T11:20:13.000Z,Closed,5,3.8,false,Email,Medium
AM-SR-000142,AM-CL-0104,E-0279,Reconciliation,2026-02-26T11:26:34.000Z,2026-02-26T18:13:38.000Z,Closed,3,0.45,false,Email,High
AM-SR-000143,AM-CL-0113,E-0270,Fee Invoice Question,2025-05-11T15:45:14.000Z,2025-05-16T09:34:13.000Z,Closed,5,5.38,true,Email,Medium
AM-SR-000144,AM-CL-0031,E-0276,Reconciliation,2025-07-22T11:28:45.000Z,2025-07-25T15:56:40.000Z,Closed,3,3.27,true,Portal,Low
AM-SR-000145,AM-CL-0140,E-0272,Performance Report,2025-10-27T17:15:15.000Z,2025-10-31T16:51:36.000Z,Closed,5,4.17,false,Email,Low
AM-SR-000146,AM-CL-0001,E-0279,Fee Invoice Question,2025-07-28T07:37:13.000Z,2025-07-30T18:53:13.000Z,Closed,5,2.86,false,Email,Low
AM-SR-000147,AM-CL-0097,E-0289,Fee Invoice Question,2024-11-20T08:08:27.000Z,2024-11-28T07:58:56.000Z,Closed,5,8.04,true,Email,Low
AM-SR-000148,AM-CL-0049,E-0289,Onboarding Document,2025-02-04T10:21:21.000Z,2025-02-14T09:13:22.000Z,Closed,7,10.45,true,Email,High
AM-SR-000149,AM-CL-0093,E-0275,Performance Report,2025-06-04T14:19:59.000Z,2025-06-07T16:06:52.000Z,Closed,5,4.0,false,Portal,Medium
AM-SR-000150,AM-CL-0011,E-0271,Performance Report,2025-06-18T15:52:15.000Z,2025-06-22T12:36:21.000Z,Closed,5,4.74,false,Portal,Low
AM-SR-000151,AM-CL-0013,E-0277,Performance Report,2025-05-12T08:45:03.000Z,2025-05-23T10:24:32.000Z,Closed,5,12.0,true,Email,High
AM-SR-000152,AM-CL-0135,E-0287,Cash Movement,2026-05-23T18:52:01.000Z,2026-05-24T17:28:19.000Z,Closed,1,1.08,true,Email,Medium
AM-SR-000153,AM-CL-0007,E-0280,Performance Report,2025-10-18T09:31:28.000Z,2025-10-28T18:46:33.000Z,Closed,5,10.01,true,Phone,Medium
AM-SR-000154,AM-CL-0120,E-0279,Data Feed Issue,2024-09-01T15:56:28.000Z,2024-09-04T16:50:15.000Z,Closed,2,3.92,true,Portal,Low
AM-SR-000155,AM-CL-0051,E-0272,Onboarding Document,2026-02-28T12:25:23.000Z,2026-03-09T13:27:07.000Z,Closed,7,9.08,true,Portal,High
AM-SR-000156,AM-CL-0051,E-0272,Performance Report,2025-04-16T14:40:55.000Z,2025-04-20T13:42:41.000Z,Closed,5,4.51,false,Phone,Medium
AM-SR-000157,AM-CL-0070,E-0282,Fee Invoice Question,2026-03-14T19:45:49.000Z,2026-03-19T15:52:42.000Z,Closed,5,5.83,true,Email,Medium
AM-SR-000158,AM-CL-0008,E-0279,Performance Report,2026-01-02T13:57:07.000Z,2026-01-06T16:03:32.000Z,Closed,5,4.37,false,Email,Low
AM-SR-000159,AM-CL-0053,E-0271,Performance Report,2026-01-08T15:55:29.000Z,2026-01-11T14:54:40.000Z,Closed,5,3.72,false,Portal,Low
AM-SR-000160,AM-CL-0108,E-0272,Data Feed Issue,2024-12-25T18:03:11.000Z,2024-12-26T17:22:11.000Z,Closed,2,1.32,false,Portal,Low
AM-SR-000161,AM-CL-0104,E-0279,Data Feed Issue,2024-11-26T12:20:47.000Z,2024-11-27T16:30:45.000Z,Closed,2,1.05,false,Portal,Medium
AM-SR-000162,AM-CL-0082,E-0275,Onboarding Document,2026-05-21T13:22:46.000Z,2026-05-30T07:07:53.000Z,Closed,7,9.44,true,Email,High
AM-SR-000163,AM-CL-0079,E-0270,Reconciliation,2026-07-17T15:10:08.000Z,2026-07-19T13:48:07.000Z,Closed,3,2.3,false,Email,High
AM-SR-000164,AM-CL-0029,E-0266,Reconciliation,2025-08-24T11:48:35.000Z,2025-08-27T11:20:32.000Z,Closed,3,3.05,true,Portal,Medium
AM-SR-000165,AM-CL-0003,E-0280,Performance Report,2025-05-09T08:44:46.000Z,2025-05-13T09:11:09.000Z,Closed,5,4.32,false,Portal,High
AM-SR-000166,AM-CL-0052,E-0285,Performance Report,2025-12-22T12:43:45.000Z,2025-12-25T10:42:56.000Z,Closed,5,3.9,false,Email,Medium
AM-SR-000167,AM-CL-0080,E-0275,Performance Report,2025-06-16T07:31:19.000Z,2025-06-19T18:56:35.000Z,Closed,5,3.92,false,Email,Low
AM-SR-000168,AM-CL-0001,E-0279,Performance Report,2024-11-20T08:25:36.000Z,2024-11-22T12:54:50.000Z,Closed,5,2.06,false,Email,Low
AM-SR-000169,AM-CL-0102,E-0277,Performance Report,2026-05-07T08:19:36.000Z,2026-05-10T19:37:52.000Z,Closed,5,3.79,false,Email,High
AM-SR-000170,AM-CL-0061,E-0290,Fee Invoice Question,2025-11-18T15:57:15.000Z,2025-11-19T08:33:14.000Z,Closed,5,1.85,false,Phone,Low
AM-SR-000171,AM-CL-0109,E-0288,Cash Movement,2025-02-15T10:08:37.000Z,2025-02-15T12:20:02.000Z,Closed,1,0.41,false,Email,High
AM-SR-000172,AM-CL-0006,E-0284,Performance Report,2025-09-14T07:55:03.000Z,2025-09-16T12:29:35.000Z,Closed,5,2.53,false,Email,Medium
AM-SR-000173,AM-CL-0108,E-0272,Onboarding Document,2026-08-20T12:09:56.000Z,2026-08-26T15:08:45.000Z,Closed,7,6.3,false,Email,Medium
AM-SR-000174,AM-CL-0040,E-0268,Cash Movement,2026-05-18T15:00:39.000Z,2026-05-18T12:22:01.000Z,Closed,1,0.77,false,Email,Medium
AM-SR-000175,AM-CL-0102,E-0277,Compliance Attestation,2025-02-21T11:14:54.000Z,2025-03-28T15:36:47.000Z,Closed,10,35.71,true,Email,High
AM-SR-000176,AM-CL-0105,E-0284,Fee Invoice Question,2025-05-02T10:23:57.000Z,2025-05-09T10:26:11.000Z,Closed,5,7.56,true,Portal,High
AM-SR-000177,AM-CL-0040,E-0268,Compliance Attestation,2025-04-19T14:32:06.000Z,2025-04-26T13:10:09.000Z,Closed,10,7.88,false,Email,High
AM-SR-000178,AM-CL-0039,E-0275,Reconciliation,2024-11-07T19:06:39.000Z,2024-11-09T08:58:26.000Z,Closed,3,2.11,false,Email,Medium
AM-SR-000179,AM-CL-0127,E-0266,Performance Report,2025-11-19T13:10:51.000Z,2025-11-23T14:44:55.000Z,Closed,5,4.46,false,Portal,Medium
AM-SR-000180,AM-CL-0059,E-0273,Reconciliation,2025-07-11T07:06:23.000Z,2025-07-18T12:28:36.000Z,Closed,3,7.82,true,Email,Medium
AM-SR-000181,AM-CL-0038,E-0288,Cash Movement,2026-04-17T09:06:08.000Z,2026-04-17T13:36:16.000Z,Closed,1,1.0,false,Portal,Medium
AM-SR-000182,AM-CL-0051,E-0272,Reconciliation,2025-05-16T15:27:08.000Z,2025-05-17T16:29:40.000Z,Closed,3,1.31,false,Portal,Low
AM-SR-000183,AM-CL-0070,E-0282,Reconciliation,2026-06-15T14:01:35.000Z,2026-06-19T18:00:46.000Z,Closed,3,4.16,true,Email,Medium
AM-SR-000184,AM-CL-0071,E-0279,Cash Movement,2025-05-18T15:59:13.000Z,2025-05-18T12:46:03.000Z,Closed,1,0.58,false,Email,Medium
AM-SR-000185,AM-CL-0055,E-0268,Fee Invoice Question,2024-12-29T15:42:44.000Z,2024-12-30T14:03:38.000Z,Closed,5,1.71,false,Phone,Low
AM-SR-000186,AM-CL-0048,E-0284,Fee Invoice Question,2026-06-17T19:12:16.000Z,2026-06-21T13:39:30.000Z,Closed,5,4.41,false,Email,Medium
AM-SR-000187,AM-CL-0065,E-0286,Data Feed Issue,2025-12-10T09:30:12.000Z,2025-12-10T08:42:55.000Z,Closed,2,0.85,false,Email,Medium
AM-SR-000188,AM-CL-0115,E-0274,Performance Report,2026-07-25T14:03:47.000Z,2026-07-26T12:00:53.000Z,Closed,5,1.89,false,Portal,Low
AM-SR-000189,AM-CL-0092,E-0284,Performance Report,2026-08-11T08:54:48.000Z,2026-08-12T08:11:15.000Z,Closed,5,1.96,false,Portal,High
AM-SR-000190,AM-CL-0089,E-0280,Reconciliation,2026-01-07T17:02:49.000Z,2026-02-02T13:14:11.000Z,Closed,3,26.4,true,Email,Medium
AM-SR-000191,AM-CL-0003,E-0280,Performance Report,2025-04-14T13:39:23.000Z,2025-04-19T11:53:58.000Z,Closed,5,5.28,true,Email,Medium
AM-SR-000192,AM-CL-0122,E-0276,Fee Invoice Question,2025-10-19T08:24:51.000Z,2025-10-20T19:47:42.000Z,Closed,5,1.78,false,Email,Low
AM-SR-000193,AM-CL-0104,E-0279,Onboarding Document,2026-08-18T15:40:54.000Z,2026-08-23T09:43:50.000Z,Closed,7,5.51,false,Portal,Medium
AM-SR-000194,AM-CL-0100,E-0284,Performance Report,2026-05-30T10:26:56.000Z,2026-06-07T17:38:27.000Z,Closed,5,8.43,true,Portal,Low
AM-SR-000195,AM-CL-0034,E-0271,Performance Report,2026-02-09T10:59:26.000Z,2026-02-16T08:06:51.000Z,Closed,5,7.91,true,Email,Low
AM-SR-000196,AM-CL-0069,E-0274,Performance Report,2026-03-25T12:50:30.000Z,2026-04-11T08:04:59.000Z,Closed,5,17.66,true,Email,Low
AM-SR-000197,AM-CL-0007,E-0280,Compliance Attestation,2025-08-06T13:12:28.000Z,2025-08-15T12:11:43.000Z,Closed,10,9.87,false,Email,Medium
AM-SR-000198,AM-CL-0086,E-0268,Performance Report,2024-12-05T07:08:14.000Z,2024-12-08T19:03:22.000Z,Closed,5,3.47,false,Portal,Low
AM-SR-000199,AM-CL-0114,E-0278,Compliance Attestation,2026-05-22T09:56:17.000Z,2026-05-27T12:42:58.000Z,Closed,10,5.24,false,Portal,Medium
AM-SR-000200,AM-CL-0084,E-0287,Compliance Attestation,2025-02-08T09:32:11.000Z,2025-02-13T15:19:49.000Z,Closed,10,5.72,false,Email,Medium
AM-SR-000201,AM-CL-0049,E-0289,Performance Report,2026-06-16T13:15:52.000Z,2026-06-17T09:08:30.000Z,Closed,5,1.75,false,Email,Medium
AM-SR-000202,AM-CL-0073,E-0269,Onboarding Document,2025-03-03T08:21:22.000Z,2025-03-06T19:04:11.000Z,Closed,7,3.26,false,Email,Medium
AM-SR-000203,AM-CL-0026,E-0266,Onboarding Document,2026-06-15T10:20:01.000Z,2026-06-17T11:21:25.000Z,Closed,7,2.94,false,Portal,Low
AM-SR-000204,AM-CL-0060,E-0284,Reconciliation,2026-08-14T17:49:44.000Z,2026-08-14T16:50:39.000Z,Closed,3,0.88,false,Email,Low
AM-SR-000205,AM-CL-0133,E-0275,Fee Invoice Question,2026-05-19T12:44:57.000Z,2026-05-23T17:03:23.000Z,Closed,5,4.38,false,Email,Medium
AM-SR-000206,AM-CL-0077,E-0282,Data Feed Issue,2026-06-17T10:18:46.000Z,2026-06-19T11:22:30.000Z,Closed,2,2.96,true,Email,Low
AM-SR-000207,AM-CL-0080,E-0275,Reconciliation,2025-03-23T15:10:41.000Z,2025-03-25T13:29:25.000Z,Closed,3,2.69,false,Email,Low
AM-SR-000208,AM-CL-0121,E-0285,Compliance Attestation,2025-10-28T18:26:41.000Z,2025-11-05T16:05:34.000Z,Closed,10,8.92,false,Email,Low
AM-SR-000209,AM-CL-0023,E-0285,Performance Report,2025-09-14T15:22:44.000Z,2025-10-06T17:56:16.000Z,Closed,5,22.73,true,Email,High
AM-SR-000210,AM-CL-0068,E-0283,Performance Report,2026-01-15T15:44:00.000Z,2026-01-22T16:59:30.000Z,Closed,5,7.02,true,Phone,Medium
AM-SR-000211,AM-CL-0085,E-0267,Compliance Attestation,2026-08-25T15:48:54.000Z,,Open,10,,false,Email,Medium
AM-SR-000212,AM-CL-0084,E-0287,Fee Invoice Question,2025-09-05T15:38:59.000Z,2025-09-08T11:35:24.000Z,Closed,5,3.68,false,Portal,Medium
AM-SR-000213,AM-CL-0004,E-0272,Fee Invoice Question,2025-03-02T12:27:32.000Z,2025-03-04T14:26:18.000Z,Closed,5,2.57,false,Portal,Medium
AM-SR-000214,AM-CL-0031,E-0276,Reconciliation,2025-11-29T11:21:09.000Z,2025-11-30T12:04:23.000Z,Closed,3,1.27,false,Email,Medium
AM-SR-000215,AM-CL-0094,E-0271,Onboarding Document,2024-10-07T15:52:24.000Z,2024-10-09T09:16:58.000Z,Closed,7,2.45,false,Portal,Medium
AM-SR-000216,AM-CL-0001,E-0279,Fee Invoice Question,2026-08-31T16:48:43.000Z,,Open,5,,false,Portal,High
AM-SR-000217,AM-CL-0090,E-0267,Data Feed Issue,2025-04-08T14:04:39.000Z,2025-04-09T12:37:54.000Z,Closed,2,1.46,false,Portal,High
AM-SR-000218,AM-CL-0132,E-0273,Performance Report,2024-10-08T14:33:07.000Z,2024-10-09T10:38:37.000Z,Closed,5,1.67,false,Phone,High
AM-SR-000219,AM-CL-0098,E-0268,Reconciliation,2026-03-20T19:16:18.000Z,2026-03-21T08:50:01.000Z,Closed,3,1.6,false,Email,Medium
AM-SR-000220,AM-CL-0009,E-0279,Reconciliation,2025-11-05T19:57:21.000Z,2025-11-06T08:15:00.000Z,Closed,3,1.58,false,Phone,Low
AM-SR-000221,AM-CL-0138,E-0271,Reconciliation,2026-07-23T17:14:26.000Z,2026-07-28T08:00:31.000Z,Closed,3,5.69,true,Email,Low
AM-SR-000222,AM-CL-0097,E-0289,Data Feed Issue,2026-01-22T08:39:29.000Z,2026-01-22T19:50:06.000Z,Closed,2,0.41,false,Email,Low
AM-SR-000223,AM-CL-0046,E-0270,Onboarding Document,2024-10-24T09:10:08.000Z,2024-10-29T13:59:09.000Z,Closed,7,5.55,false,Phone,Medium
AM-SR-000224,AM-CL-0136,E-0287,Compliance Attestation,2024-10-30T16:47:41.000Z,2024-11-02T09:05:40.000Z,Closed,10,3.82,false,Phone,Low
AM-SR-000225,AM-CL-0053,E-0271,Reconciliation,2025-10-14T11:10:46.000Z,2025-10-15T08:45:21.000Z,Closed,3,1.41,false,Email,Low
AM-SR-000226,AM-CL-0080,E-0275,Compliance Attestation,2024-09-18T13:06:45.000Z,2024-09-27T13:37:50.000Z,Closed,10,9.38,false,Email,Medium
AM-SR-000227,AM-CL-0007,E-0280,Data Feed Issue,2026-03-13T18:09:37.000Z,2026-03-15T16:00:17.000Z,Closed,2,2.01,true,Email,Medium
AM-SR-000228,AM-CL-0046,E-0270,Fee Invoice Question,2025-11-15T15:57:59.000Z,2025-11-23T16:26:17.000Z,Closed,5,8.08,true,Email,Medium
AM-SR-000229,AM-CL-0138,E-0271,Cash Movement,2025-11-29T18:40:41.000Z,2025-11-30T17:23:33.000Z,Closed,1,1.4,true,Email,High
AM-SR-000230,AM-CL-0024,E-0282,Onboarding Document,2024-11-16T19:50:14.000Z,2024-12-03T16:27:23.000Z,Closed,7,17.5,true,Portal,Low
AM-SR-000231,AM-CL-0112,E-0289,Performance Report,2026-07-27T19:07:30.000Z,2026-08-02T08:54:54.000Z,Closed,5,6.96,true,Portal,Low
AM-SR-000232,AM-CL-0004,E-0272,Fee Invoice Question,2025-04-11T08:10:47.000Z,2025-04-12T16:27:34.000Z,Closed,5,1.36,false,Email,High
AM-SR-000233,AM-CL-0106,E-0272,Fee Invoice Question,2026-01-26T09:34:54.000Z,2026-01-27T12:20:11.000Z,Closed,5,1.94,false,Email,Medium
AM-SR-000234,AM-CL-0062,E-0278,Onboarding Document,2024-12-09T15:47:19.000Z,2024-12-13T14:07:54.000Z,Closed,7,4.19,false,Portal,Medium
AM-SR-000235,AM-CL-0056,E-0288,Performance Report,2024-09-27T18:43:59.000Z,2024-10-02T12:49:58.000Z,Closed,5,5.21,true,Portal,High
AM-SR-000236,AM-CL-0080,E-0275,Performance Report,2026-04-09T14:24:37.000Z,2026-04-13T18:03:10.000Z,Closed,5,4.19,false,Email,Medium
AM-SR-000237,AM-CL-0005,E-0277,Cash Movement,2025-12-06T09:57:07.000Z,2025-12-06T13:35:17.000Z,Closed,1,0.37,false,Email,Medium
AM-SR-000238,AM-CL-0024,E-0282,Performance Report,2025-08-25T16:08:00.000Z,2025-08-27T16:15:42.000Z,Closed,5,2.93,false,Portal,Low
AM-SR-000239,AM-CL-0025,E-0287,Performance Report,2025-08-03T10:47:11.000Z,2025-08-08T14:24:25.000Z,Closed,5,5.01,true,Email,Low
AM-SR-000240,AM-CL-0128,E-0286,Cash Movement,2024-12-07T19:43:33.000Z,2024-12-08T09:57:29.000Z,Closed,1,1.35,true,Portal,High
AM-SR-000241,AM-CL-0040,E-0268,Cash Movement,2026-05-18T18:04:52.000Z,2026-05-18T13:41:32.000Z,Closed,1,0.78,false,Email,High
AM-SR-000242,AM-CL-0136,E-0287,Onboarding Document,2024-10-21T09:13:04.000Z,2024-10-23T18:44:42.000Z,Closed,7,2.25,false,Portal,Medium
AM-SR-000243,AM-CL-0064,E-0274,Cash Movement,2025-03-13T09:52:35.000Z,2025-03-13T16:46:11.000Z,Closed,1,0.71,false,Email,Low
AM-SR-000244,AM-CL-0117,E-0289,Onboarding Document,2026-02-05T14:03:23.000Z,2026-02-13T18:49:55.000Z,Closed,7,8.63,true,Email,Low
AM-SR-000245,AM-CL-0041,E-0279,Fee Invoice Question,2024-11-01T13:50:13.000Z,2024-11-04T12:01:18.000Z,Closed,5,3.18,false,Email,High
AM-SR-000246,AM-CL-0058,E-0280,Compliance Attestation,2025-05-23T10:14:02.000Z,2025-05-25T12:39:53.000Z,Closed,10,2.93,false,Email,Medium
AM-SR-000247,AM-CL-0117,E-0289,Compliance Attestation,2025-06-14T18:01:25.000Z,2025-06-25T10:17:16.000Z,Closed,10,11.49,true,Portal,High
AM-SR-000248,AM-CL-0139,E-0266,Performance Report,2026-04-25T18:25:51.000Z,2026-05-06T09:19:00.000Z,Closed,5,11.98,true,Email,Low
AM-SR-000249,AM-CL-0040,E-0268,Reconciliation,2024-12-10T15:18:25.000Z,2024-12-11T17:20:56.000Z,Closed,3,1.57,false,Portal,High
AM-SR-000250,AM-CL-0046,E-0270,Cash Movement,2024-09-24T07:54:46.000Z,2024-09-25T09:11:25.000Z,Closed,1,1.26,true,Portal,Medium
AM-SR-000251,AM-CL-0052,E-0285,Performance Report,2025-06-07T14:38:17.000Z,2025-06-12T19:41:23.000Z,Closed,5,5.28,true,Portal,Low
AM-SR-000252,AM-CL-0054,E-0290,Data Feed Issue,2025-05-26T14:41:06.000Z,2025-05-29T07:01:33.000Z,Closed,2,3.89,true,Email,Low
AM-SR-000253,AM-CL-0057,E-0281,Reconciliation,2026-03-14T18:10:57.000Z,2026-03-16T14:03:21.000Z,Closed,3,2.05,false,Email,Low
AM-SR-000254,AM-CL-0062,E-0278,Reconciliation,2026-07-18T19:44:46.000Z,2026-07-19T15:08:43.000Z,Closed,3,1.04,false,Email,Low
AM-SR-000255,AM-CL-0027,E-0271,Performance Report,2025-08-01T17:16:55.000Z,2025-08-05T15:35:23.000Z,Closed,5,4.06,false,Portal,Low
AM-SR-000256,AM-CL-0030,E-0275,Cash Movement,2026-05-13T09:34:21.000Z,2026-05-13T08:35:24.000Z,Closed,1,0.46,false,Email,Medium
AM-SR-000257,AM-CL-0015,E-0287,Performance Report,2024-11-07T17:44:09.000Z,2024-11-08T15:28:56.000Z,Closed,5,1.61,false,Email,High
AM-SR-000258,AM-CL-0059,E-0273,Performance Report,2025-02-18T12:37:20.000Z,2025-02-20T11:59:17.000Z,Closed,5,2.59,false,Email,High
AM-SR-000259,AM-CL-0087,E-0290,Reconciliation,2024-10-01T08:17:39.000Z,2024-10-15T13:21:39.000Z,Closed,3,14.89,true,Portal,Medium
AM-SR-000260,AM-CL-0108,E-0272,Performance Report,2024-09-18T14:58:26.000Z,2024-09-23T14:43:42.000Z,Closed,5,5.37,true,Email,Low
AM-SR-000261,AM-CL-0056,E-0288,Performance Report,2025-05-16T19:06:21.000Z,2025-05-22T10:52:44.000Z,Closed,5,6.15,true,Email,Low
AM-SR-000262,AM-CL-0020,E-0266,Onboarding Document,2025-06-22T10:44:16.000Z,2025-06-26T18:02:57.000Z,Closed,7,4.64,false,Portal,Medium
AM-SR-000263,AM-CL-0127,E-0266,Performance Report,2024-10-27T17:17:36.000Z,2024-10-30T08:10:30.000Z,Closed,5,3.03,false,Email,Low
AM-SR-000264,AM-CL-0093,E-0275,Onboarding Document,2025-04-04T17:49:00.000Z,2025-04-09T11:44:43.000Z,Closed,7,5.63,false,Email,Medium
AM-SR-000265,AM-CL-0028,E-0279,Reconciliation,2026-03-12T10:51:09.000Z,2026-03-14T14:26:45.000Z,Closed,3,2.3,false,Portal,Medium
AM-SR-000266,AM-CL-0041,E-0279,Cash Movement,2025-12-30T12:02:54.000Z,2025-12-31T12:04:20.000Z,Closed,1,1.6,true,Email,Medium
AM-SR-000267,AM-CL-0025,E-0287,Performance Report,2024-12-29T14:19:28.000Z,2024-12-30T13:01:49.000Z,Closed,5,1.77,false,Email,Low
AM-SR-000268,AM-CL-0088,E-0271,Performance Report,2026-03-19T12:19:11.000Z,2026-03-24T11:43:20.000Z,Closed,5,5.62,true,Portal,Medium
AM-SR-000269,AM-CL-0139,E-0266,Reconciliation,2024-12-31T16:35:33.000Z,2025-01-08T16:02:43.000Z,Closed,3,8.81,true,Email,Low
AM-SR-000270,AM-CL-0139,E-0266,Performance Report,2026-02-19T11:52:00.000Z,2026-02-22T11:26:28.000Z,Closed,5,3.39,false,Portal,Medium
AM-SR-000271,AM-CL-0045,E-0269,Reconciliation,2025-03-31T08:20:13.000Z,2025-04-02T11:31:32.000Z,Closed,3,2.76,false,Portal,Medium
AM-SR-000272,AM-CL-0113,E-0270,Onboarding Document,2025-11-21T10:39:17.000Z,2025-11-27T17:05:16.000Z,Closed,7,6.23,false,Email,Low
AM-SR-000273,AM-CL-0009,E-0279,Cash Movement,2026-05-23T07:10:46.000Z,2026-05-23T07:38:35.000Z,Closed,1,0.27,false,Email,Medium
AM-SR-000274,AM-CL-0063,E-0284,Performance Report,2026-01-14T16:02:38.000Z,2026-01-15T19:42:20.000Z,Closed,5,1.46,false,Portal,Low
AM-SR-000275,AM-CL-0028,E-0279,Cash Movement,2024-11-27T17:19:27.000Z,2024-11-27T08:32:36.000Z,Closed,1,0.52,false,Email,Medium
AM-SR-000276,AM-CL-0099,E-0279,Fee Invoice Question,2025-11-19T13:09:01.000Z,2025-11-20T10:18:25.000Z,Closed,5,1.69,false,Email,Low
AM-SR-000277,AM-CL-0025,E-0287,Data Feed Issue,2025-09-03T10:01:41.000Z,2025-09-04T08:31:06.000Z,Closed,2,1.89,false,Email,Medium
AM-SR-000278,AM-CL-0130,E-0273,Reconciliation,2025-01-28T17:14:36.000Z,2025-01-30T15:38:56.000Z,Closed,3,2.45,false,Portal,Medium
AM-SR-000279,AM-CL-0038,E-0288,Performance Report,2025-11-15T13:51:40.000Z,2025-11-17T11:30:26.000Z,Closed,5,2.1,false,Phone,Low
AM-SR-000280,AM-CL-0049,E-0289,Reconciliation,2025-03-06T07:00:25.000Z,2025-03-07T11:14:11.000Z,Closed,3,1.6,false,Email,Medium
AM-SR-000281,AM-CL-0118,E-0274,Reconciliation,2025-02-26T15:03:43.000Z,2025-02-27T07:20:25.000Z,Closed,3,1.55,false,Portal,Low
AM-SR-000282,AM-CL-0012,E-0289,Reconciliation,2025-10-14T17:32:06.000Z,2025-10-14T17:25:01.000Z,Closed,3,0.61,false,Email,High
AM-SR-000283,AM-CL-0032,E-0279,Reconciliation,2025-10-10T16:50:20.000Z,2025-10-20T13:15:31.000Z,Closed,3,10.12,true,Portal,Medium
AM-SR-000284,AM-CL-0124,E-0270,Performance Report,2025-03-05T10:03:19.000Z,2025-03-07T13:12:28.000Z,Closed,5,2.29,false,Portal,Low
AM-SR-000285,AM-CL-0119,E-0285,Cash Movement,2025-01-07T17:03:07.000Z,2025-01-07T18:25:16.000Z,Closed,1,0.48,false,Portal,Low
AM-SR-000286,AM-CL-0078,E-0278,Data Feed Issue,2026-01-21T14:05:21.000Z,2026-01-21T19:57:39.000Z,Closed,2,0.71,false,Email,High
AM-SR-000287,AM-CL-0031,E-0276,Performance Report,2026-06-11T10:31:23.000Z,2026-06-16T12:20:12.000Z,Closed,5,5.89,true,Portal,Medium
AM-SR-000288,AM-CL-0120,E-0279,Performance Report,2025-12-05T11:06:28.000Z,2025-12-12T15:52:47.000Z,Closed,5,7.47,true,Portal,Medium
AM-SR-000289,AM-CL-0136,E-0287,Performance Report,2026-08-12T11:47:09.000Z,2026-08-14T16:46:03.000Z,Closed,5,2.52,false,Email,Medium
AM-SR-000290,AM-CL-0053,E-0271,Performance Report,2025-09-27T16:09:43.000Z,2025-09-30T12:18:02.000Z,Closed,5,3.46,false,Email,Medium
AM-SR-000291,AM-CL-0104,E-0279,Performance Report,2026-07-05T16:00:47.000Z,2026-07-08T16:15:38.000Z,Closed,5,3.78,false,Email,Medium
AM-SR-000292,AM-CL-0055,E-0268,Cash Movement,2024-11-30T18:45:09.000Z,2024-12-02T18:54:07.000Z,Closed,1,2.73,true,Email,Medium
AM-SR-000293,AM-CL-0092,E-0284,Reconciliation,2026-08-06T17:39:45.000Z,2026-08-07T15:56:44.000Z,Closed,3,1.77,false,Portal,Medium
AM-SR-000294,AM-CL-0059,E-0273,Reconciliation,2026-06-22T15:16:03.000Z,2026-06-24T19:31:39.000Z,Closed,3,2.22,false,Phone,Medium
AM-SR-000295,AM-CL-0129,E-0273,Fee Invoice Question,2025-06-23T09:23:14.000Z,2025-06-25T15:44:19.000Z,Closed,5,2.28,false,Email,Low
AM-SR-000296,AM-CL-0016,E-0269,Reconciliation,2026-04-21T18:55:00.000Z,2026-04-25T09:33:56.000Z,Closed,3,4.04,true,Portal,High
AM-SR-000297,AM-CL-0140,E-0272,Reconciliation,2025-05-07T09:09:24.000Z,2025-05-07T11:29:51.000Z,Closed,3,0.99,false,Email,Medium
AM-SR-000298,AM-CL-0115,E-0274,Data Feed Issue,2025-02-10T08:55:34.000Z,2025-02-10T13:53:11.000Z,Closed,2,0.99,false,Phone,Medium
AM-SR-000299,AM-CL-0128,E-0286,Performance Report,2025-03-15T16:29:13.000Z,2025-03-22T13:23:41.000Z,Closed,5,7.15,true,Phone,Medium
AM-SR-000300,AM-CL-0118,E-0274,Data Feed Issue,2025-05-18T10:27:40.000Z,2025-05-19T17:40:16.000Z,Closed,2,1.43,false,Email,Medium
AM-SR-000301,AM-CL-0096,E-0272,Performance Report,2024-10-08T18:06:38.000Z,2024-10-14T14:12:59.000Z,Closed,5,6.15,true,Email,Low
AM-SR-000302,AM-CL-0053,E-0271,Cash Movement,2026-01-27T17:13:59.000Z,2026-01-27T10:45:26.000Z,Closed,1,0.54,false,Email,Low
AM-SR-000303,AM-CL-0008,E-0279,Reconciliation,2026-02-07T17:55:07.000Z,2026-02-09T19:46:55.000Z,Closed,3,2.07,false,Email,Low
AM-SR-000304,AM-CL-0087,E-0290,Data Feed Issue,2025-12-20T11:09:30.000Z,2025-12-23T09:48:08.000Z,Closed,2,3.06,true,Email,Low
AM-SR-000305,AM-CL-0043,E-0267,Performance Report,2025-05-04T17:35:01.000Z,2025-05-07T09:42:13.000Z,Closed,5,3.51,false,Portal,Low
AM-SR-000306,AM-CL-0066,E-0278,Performance Report,2026-03-03T13:50:56.000Z,2026-03-06T11:29:21.000Z,Closed,5,3.32,false,Email,Low
AM-SR-000307,AM-CL-0053,E-0271,Fee Invoice Question,2026-05-14T09:51:05.000Z,2026-05-21T18:58:31.000Z,Closed,5,7.27,true,Portal,Low
AM-SR-000308,AM-CL-0028,E-0279,Onboarding Document,2025-03-26T15:30:37.000Z,2025-03-29T11:47:43.000Z,Closed,7,3.59,false,Email,Low
AM-SR-000309,AM-CL-0088,E-0271,Reconciliation,2025-02-28T09:56:15.000Z,2025-03-02T12:23:45.000Z,Closed,3,2.92,false,Portal,High
AM-SR-000310,AM-CL-0018,E-0266,Reconciliation,2025-07-20T09:29:04.000Z,2025-07-25T07:31:27.000Z,Closed,3,5.58,true,Email,Medium
AM-SR-000311,AM-CL-0095,E-0280,Performance Report,2026-02-22T12:02:51.000Z,2026-03-02T12:36:15.000Z,Closed,5,8.66,true,Portal,Medium
AM-SR-000312,AM-CL-0020,E-0266,Onboarding Document,2025-12-31T18:33:50.000Z,2026-01-01T07:03:22.000Z,Closed,7,1.93,false,Portal,Medium
AM-SR-000313,AM-CL-0108,E-0272,Fee Invoice Question,2026-08-24T09:13:18.000Z,2026-08-28T18:48:00.000Z,Closed,5,4.85,false,Portal,Medium
AM-SR-000314,AM-CL-0121,E-0285,Cash Movement,2026-08-30T18:23:20.000Z,2026-08-30T09:53:27.000Z,Closed,1,0.74,false,Email,Low
AM-SR-000315,AM-CL-0110,E-0286,Fee Invoice Question,2025-01-30T13:26:42.000Z,2025-02-09T15:03:02.000Z,Closed,5,10.76,true,Portal,Medium
AM-SR-000316,AM-CL-0087,E-0290,Performance Report,2025-09-07T08:32:25.000Z,2025-09-13T08:02:48.000Z,Closed,5,6.96,true,Portal,Low
AM-SR-000317,AM-CL-0117,E-0289,Fee Invoice Question,2026-04-19T16:18:06.000Z,2026-04-21T14:16:49.000Z,Closed,5,2.33,false,Email,Low
AM-SR-000318,AM-CL-0105,E-0284,Reconciliation,2025-12-02T13:51:09.000Z,2025-12-03T12:35:29.000Z,Closed,3,1.9,false,Email,Low
AM-SR-000319,AM-CL-0017,E-0281,Fee Invoice Question,2026-02-07T07:53:05.000Z,2026-02-12T13:56:22.000Z,Closed,5,5.21,true,Portal,Low
AM-SR-000320,AM-CL-0044,E-0282,Compliance Attestation,2025-02-25T11:33:51.000Z,2025-03-13T13:36:09.000Z,Closed,10,16.86,true,Phone,High
AM-SR-000321,AM-CL-0056,E-0288,Performance Report,2025-03-11T09:30:09.000Z,2025-03-12T15:05:38.000Z,Closed,5,1.23,false,Email,Low
AM-SR-000322,AM-CL-0046,E-0270,Fee Invoice Question,2026-03-19T15:55:53.000Z,2026-03-23T17:33:08.000Z,Closed,5,4.21,false,Portal,Low
AM-SR-000323,AM-CL-0046,E-0270,Performance Report,2024-11-27T19:39:20.000Z,2024-12-01T13:22:16.000Z,Closed,5,4.36,false,Email,High
AM-SR-000324,AM-CL-0064,E-0274,Reconciliation,2025-01-28T16:53:42.000Z,2025-01-29T15:51:04.000Z,Closed,3,1.99,false,Phone,Medium
AM-SR-000325,AM-CL-0077,E-0282,Reconciliation,2025-08-14T17:28:30.000Z,2025-08-18T11:22:08.000Z,Closed,3,4.76,true,Email,Low
AM-SR-000326,AM-CL-0063,E-0284,Fee Invoice Question,2024-11-03T10:35:39.000Z,2024-11-04T07:49:24.000Z,Closed,5,1.58,false,Portal,Low
AM-SR-000327,AM-CL-0004,E-0272,Cash Movement,2025-12-27T12:31:11.000Z,2025-12-29T18:03:17.000Z,Closed,1,2.47,true,Portal,Low
AM-SR-000328,AM-CL-0123,E-0272,Compliance Attestation,2024-11-12T19:41:57.000Z,2024-11-13T10:18:47.000Z,Closed,10,1.78,false,Email,High
AM-SR-000329,AM-CL-0070,E-0282,Performance Report,2025-08-02T16:59:28.000Z,2025-08-04T10:56:10.000Z,Closed,5,2.4,false,Email,Low
AM-SR-000330,AM-CL-0028,E-0279,Performance Report,2025-05-18T17:20:45.000Z,2025-05-24T07:10:42.000Z,Closed,5,6.62,true,Phone,Low
AM-SR-000331,AM-CL-0040,E-0268,Reconciliation,2026-04-01T12:46:38.000Z,2026-04-07T15:01:39.000Z,Closed,3,6.21,true,Email,Medium
AM-SR-000332,AM-CL-0136,E-0287,Reconciliation,2026-07-07T14:18:53.000Z,2026-07-08T10:56:27.000Z,Closed,3,1.44,false,Email,High
AM-SR-000333,AM-CL-0022,E-0273,Cash Movement,2025-10-24T12:39:27.000Z,2025-10-24T14:08:41.000Z,Closed,1,0.35,false,Email,Low
AM-SR-000334,AM-CL-0115,E-0274,Performance Report,2024-10-02T08:05:52.000Z,2024-10-03T12:56:08.000Z,Closed,5,1.46,false,Email,Medium
AM-SR-000335,AM-CL-0037,E-0282,Performance Report,2025-04-27T07:30:54.000Z,2025-04-30T07:09:39.000Z,Closed,5,3.24,false,Portal,Low
AM-SR-000336,AM-CL-0020,E-0266,Performance Report,2026-07-09T18:00:24.000Z,2026-07-16T15:45:06.000Z,Closed,5,7.42,true,Phone,Low
AM-SR-000337,AM-CL-0034,E-0271,Fee Invoice Question,2025-07-23T07:00:39.000Z,2025-07-28T10:11:51.000Z,Closed,5,5.14,true,Email,Medium
AM-SR-000338,AM-CL-0060,E-0284,Reconciliation,2024-09-16T14:05:06.000Z,2024-09-19T10:36:15.000Z,Closed,3,3.88,true,Portal,Medium
AM-SR-000339,AM-CL-0057,E-0281,Reconciliation,2025-07-13T10:20:09.000Z,2025-07-14T17:07:59.000Z,Closed,3,1.16,false,Portal,Low
AM-SR-000340,AM-CL-0093,E-0275,Cash Movement,2025-01-30T11:56:39.000Z,2025-01-31T13:15:10.000Z,Closed,1,1.02,true,Email,Medium
AM-SR-000341,AM-CL-0058,E-0280,Reconciliation,2025-12-27T16:10:48.000Z,2025-12-29T08:22:58.000Z,Closed,3,2.02,false,Portal,Medium
AM-SR-000342,AM-CL-0121,E-0285,Reconciliation,2025-08-13T19:02:34.000Z,2025-08-14T14:09:12.000Z,Closed,3,1.28,false,Email,Medium
AM-SR-000343,AM-CL-0098,E-0268,Performance Report,2024-11-24T10:06:53.000Z,2024-11-28T14:56:27.000Z,Closed,5,4.55,false,Portal,Low
AM-SR-000344,AM-CL-0068,E-0283,Performance Report,2025-10-02T18:25:01.000Z,2025-10-04T09:46:46.000Z,Closed,5,2.9,false,Email,Low
AM-SR-000345,AM-CL-0140,E-0272,Reconciliation,2025-12-28T10:24:02.000Z,2025-12-31T12:18:56.000Z,Closed,3,3.82,true,Email,Low
AM-SR-000346,AM-CL-0087,E-0290,Fee Invoice Question,2026-05-11T13:32:16.000Z,2026-05-20T13:37:01.000Z,Closed,5,9.17,true,Email,Medium
AM-SR-000347,AM-CL-0056,E-0288,Reconciliation,2025-07-07T12:58:24.000Z,2025-07-14T18:35:06.000Z,Closed,3,7.33,true,Email,Low
AM-SR-000348,AM-CL-0076,E-0282,Reconciliation,2026-02-05T08:32:41.000Z,2026-02-07T07:54:42.000Z,Closed,3,2.97,false,Phone,Low
AM-SR-000349,AM-CL-0010,E-0275,Performance Report,2025-01-26T17:01:46.000Z,2025-02-03T08:12:11.000Z,Closed,5,8.46,true,Portal,High
AM-SR-000350,AM-CL-0095,E-0280,Performance Report,2025-10-31T14:29:21.000Z,2025-11-06T09:24:50.000Z,Closed,5,6.82,true,Portal,Low
AM-SR-000351,AM-CL-0137,E-0284,Reconciliation,2024-12-03T13:31:09.000Z,2024-12-04T16:58:40.000Z,Closed,3,1.14,false,Portal,Low
AM-SR-000352,AM-CL-0110,E-0286,Performance Report,2026-08-28T12:15:54.000Z,2026-08-31T15:54:48.000Z,Closed,5,3.17,false,Email,Medium
AM-SR-000353,AM-CL-0034,E-0271,Data Feed Issue,2026-05-29T13:46:54.000Z,2026-06-02T18:13:19.000Z,Closed,2,4.83,true,Portal,Low
AM-SR-000354,AM-CL-0093,E-0275,Reconciliation,2025-05-16T08:37:31.000Z,2025-05-17T16:48:41.000Z,Closed,3,1.43,false,Portal,Low
AM-SR-000355,AM-CL-0064,E-0274,Fee Invoice Question,2025-07-25T08:38:15.000Z,2025-07-28T19:50:10.000Z,Closed,5,3.03,false,Email,Low
AM-SR-000356,AM-CL-0090,E-0267,Fee Invoice Question,2025-06-07T19:30:19.000Z,2025-06-10T09:18:51.000Z,Closed,5,3.78,false,Email,Medium
AM-SR-000357,AM-CL-0037,E-0282,Compliance Attestation,2025-03-20T07:29:06.000Z,2025-04-03T16:48:50.000Z,Closed,10,14.76,true,Email,High
AM-SR-000358,AM-CL-0103,E-0289,Performance Report,2025-02-05T08:50:01.000Z,2025-02-07T10:34:05.000Z,Closed,5,2.92,false,Phone,Low
AM-SR-000359,AM-CL-0020,E-0266,Compliance Attestation,2025-04-28T11:24:30.000Z,2025-05-17T10:22:39.000Z,Closed,10,19.58,true,Email,Medium
AM-SR-000360,AM-CL-0029,E-0266,Performance Report,2026-01-10T13:14:01.000Z,2026-01-11T15:59:04.000Z,Closed,5,1.56,false,Portal,High
AM-SR-000361,AM-CL-0062,E-0278,Performance Report,2025-07-08T10:56:34.000Z,2025-07-12T14:06:52.000Z,Closed,5,4.77,false,Email,Medium
AM-SR-000362,AM-CL-0068,E-0283,Compliance Attestation,2025-11-29T11:36:57.000Z,2025-12-06T09:17:44.000Z,Closed,10,7.92,false,Portal,Medium
AM-SR-000363,AM-CL-0095,E-0280,Performance Report,2025-03-30T14:58:42.000Z,2025-04-05T18:21:05.000Z,Closed,5,6.79,true,Portal,High
AM-SR-000364,AM-CL-0126,E-0270,Performance Report,2025-11-07T10:09:35.000Z,2025-11-11T15:32:02.000Z,Closed,5,4.78,false,Email,High
AM-SR-000365,AM-CL-0096,E-0272,Performance Report,2025-01-14T17:09:38.000Z,2025-01-18T14:33:26.000Z,Closed,5,4.96,false,Email,High
AM-SR-000366,AM-CL-0018,E-0266,Reconciliation,2025-12-04T12:41:37.000Z,2025-12-05T11:30:06.000Z,Closed,3,1.85,false,Email,Medium
AM-SR-000367,AM-CL-0075,E-0270,Data Feed Issue,2025-11-15T10:51:15.000Z,2025-11-16T12:36:28.000Z,Closed,2,1.53,false,Portal,Medium
AM-SR-000368,AM-CL-0046,E-0270,Fee Invoice Question,2025-08-22T15:24:42.000Z,2025-08-30T11:26:01.000Z,Closed,5,8.03,true,Email,Medium
AM-SR-000369,AM-CL-0004,E-0272,Performance Report,2026-03-28T08:58:45.000Z,2026-04-01T13:47:25.000Z,Closed,5,4.8,false,Email,Medium
AM-SR-000370,AM-CL-0104,E-0279,Performance Report,2026-03-13T07:32:39.000Z,2026-03-28T14:24:28.000Z,Closed,5,15.23,true,Email,Medium
AM-SR-000371,AM-CL-0115,E-0274,Cash Movement,2024-09-17T08:16:33.000Z,2024-09-17T09:17:46.000Z,Closed,1,0.34,false,Portal,High
AM-SR-000372,AM-CL-0066,E-0278,Reconciliation,2026-05-24T14:46:36.000Z,2026-05-27T10:46:58.000Z,Closed,3,3.81,true,Email,Medium
AM-SR-000373,AM-CL-0118,E-0274,Onboarding Document,2026-02-24T09:40:36.000Z,2026-03-04T09:26:25.000Z,Closed,7,8.59,true,Email,Medium
AM-SR-000374,AM-CL-0087,E-0290,Compliance Attestation,2025-06-27T09:44:16.000Z,2025-07-05T16:03:49.000Z,Closed,10,8.94,false,Email,Low
AM-SR-000375,AM-CL-0048,E-0284,Performance Report,2026-07-01T17:00:32.000Z,2026-07-06T15:31:14.000Z,Closed,5,5.85,true,Portal,Medium
AM-SR-000376,AM-CL-0102,E-0277,Cash Movement,2024-12-22T07:30:09.000Z,2024-12-22T07:28:15.000Z,Closed,1,0.7,false,Email,Low
AM-SR-000377,AM-CL-0083,E-0287,Fee Invoice Question,2025-10-31T18:54:15.000Z,2025-11-02T17:12:14.000Z,Closed,5,2.67,false,Email,Medium
AM-SR-000378,AM-CL-0140,E-0272,Reconciliation,2024-12-29T18:10:51.000Z,2024-12-31T12:22:54.000Z,Closed,3,2.42,false,Email,Low
AM-SR-000379,AM-CL-0062,E-0278,Fee Invoice Question,2026-04-25T10:56:47.000Z,2026-04-26T15:54:06.000Z,Closed,5,1.94,false,Email,Low
AM-SR-000380,AM-CL-0011,E-0271,Cash Movement,2025-01-23T15:42:08.000Z,2025-01-23T09:52:47.000Z,Closed,1,0.87,false,Phone,Medium
AM-SR-000381,AM-CL-0060,E-0284,Reconciliation,2025-08-15T12:49:13.000Z,2025-08-15T15:48:32.000Z,Closed,3,0.8,false,Portal,Low
AM-SR-000382,AM-CL-0017,E-0281,Performance Report,2026-04-12T10:24:21.000Z,2026-04-16T09:00:26.000Z,Closed,5,4.48,false,Email,High
AM-SR-000383,AM-CL-0013,E-0277,Compliance Attestation,2025-03-14T13:02:23.000Z,2025-03-17T17:37:50.000Z,Closed,10,3.06,false,Portal,Low
AM-SR-000384,AM-CL-0038,E-0288,Fee Invoice Question,2025-01-28T16:30:57.000Z,2025-01-31T13:55:22.000Z,Closed,5,3.05,false,Email,High
AM-SR-000385,AM-CL-0065,E-0286,Performance Report,2025-07-04T11:56:47.000Z,2025-07-07T12:59:46.000Z,Closed,5,3.61,false,Email,Low
AM-SR-000386,AM-CL-0092,E-0284,Performance Report,2025-08-23T15:28:23.000Z,2025-08-23T19:04:35.000Z,Closed,5,0.91,false,Email,High
AM-SR-000387,AM-CL-0028,E-0279,Reconciliation,2025-09-11T18:18:29.000Z,2025-09-12T08:42:53.000Z,Closed,3,1.2,false,Email,Medium
AM-SR-000388,AM-CL-0025,E-0287,Reconciliation,2025-10-02T17:08:48.000Z,2025-10-11T16:43:29.000Z,Closed,3,9.32,true,Portal,Medium
AM-SR-000389,AM-CL-0048,E-0284,Onboarding Document,2026-08-04T10:06:59.000Z,2026-08-10T18:02:30.000Z,Closed,7,6.93,false,Phone,Medium
AM-SR-000390,AM-CL-0033,E-0266,Fee Invoice Question,2025-06-11T11:50:10.000Z,2025-06-15T11:21:52.000Z,Closed,5,4.36,false,Email,Low
AM-SR-000391,AM-CL-0086,E-0268,Data Feed Issue,2025-09-13T08:54:01.000Z,2025-09-16T11:52:26.000Z,Closed,2,3.68,true,Email,Low
AM-SR-000392,AM-CL-0116,E-0272,Performance Report,2025-08-15T15:40:14.000Z,2025-08-17T16:44:33.000Z,Closed,5,2.43,false,Portal,High
AM-SR-000393,AM-CL-0069,E-0274,Compliance Attestation,2025-10-28T19:10:25.000Z,2025-11-13T14:44:39.000Z,Closed,10,16.26,true,Email,Medium
AM-SR-000394,AM-CL-0004,E-0272,Onboarding Document,2025-08-22T11:40:36.000Z,2025-08-25T13:38:37.000Z,Closed,7,3.77,false,Phone,Medium
AM-SR-000395,AM-CL-0042,E-0286,Compliance Attestation,2025-11-28T07:05:13.000Z,2025-12-12T12:56:48.000Z,Closed,10,14.39,true,Portal,Medium
AM-SR-000396,AM-CL-0017,E-0281,Onboarding Document,2026-07-04T08:49:16.000Z,2026-07-14T13:49:22.000Z,Closed,7,10.0,true,Phone,Medium
AM-SR-000397,AM-CL-0011,E-0271,Cash Movement,2025-01-23T19:03:54.000Z,2025-01-23T19:04:21.000Z,Closed,1,0.79,false,Email,Medium
AM-SR-000398,AM-CL-0122,E-0276,Performance Report,2024-11-20T13:38:10.000Z,2024-11-22T11:54:12.000Z,Closed,5,2.73,false,Phone,Medium
AM-SR-000399,AM-CL-0134,E-0281,Cash Movement,2024-12-07T11:19:01.000Z,2024-12-08T17:14:10.000Z,Closed,1,1.12,true,Email,Medium
AM-SR-000400,AM-CL-0055,E-0268,Compliance Attestation,2026-03-15T19:07:17.000Z,2026-03-19T15:50:10.000Z,Closed,10,4.29,false,Portal,Medium
AM-SR-000401,AM-CL-0114,E-0278,Data Feed Issue,2025-09-02T17:15:22.000Z,2025-09-02T07:31:23.000Z,Closed,2,0.82,false,Portal,Medium
AM-SR-000402,AM-CL-0123,E-0272,Reconciliation,2025-12-01T13:33:32.000Z,2025-12-05T14:10:24.000Z,Closed,3,4.62,true,Email,Low
AM-SR-000403,AM-CL-0010,E-0275,Fee Invoice Question,2026-05-21T09:17:32.000Z,2026-05-25T13:15:46.000Z,Closed,5,4.9,false,Portal,Medium
AM-SR-000404,AM-CL-0077,E-0282,Fee Invoice Question,2026-08-26T13:01:25.000Z,2026-08-26T11:26:53.000Z,Closed,5,0.76,false,Email,Medium
AM-SR-000405,AM-CL-0134,E-0281,Reconciliation,2026-06-20T14:47:38.000Z,2026-06-27T19:56:26.000Z,Closed,3,7.78,true,Email,Medium
AM-SR-000406,AM-CL-0090,E-0267,Cash Movement,2026-06-18T14:16:19.000Z,2026-06-18T12:27:00.000Z,Closed,1,0.4,false,Email,Low
AM-SR-000407,AM-CL-0038,E-0288,Compliance Attestation,2024-11-22T07:19:41.000Z,2024-11-29T07:28:41.000Z,Closed,10,7.94,false,Email,Medium
AM-SR-000408,AM-CL-0058,E-0280,Performance Report,2026-05-19T07:05:47.000Z,2026-05-20T08:45:52.000Z,Closed,5,1.77,false,Email,Low
AM-SR-000409,AM-CL-0106,E-0272,Performance Report,2025-06-02T13:28:17.000Z,2025-06-05T16:53:37.000Z,Closed,5,3.1,false,Portal,Medium
AM-SR-000410,AM-CL-0070,E-0282,Performance Report,2025-03-25T10:22:35.000Z,2025-03-25T13:35:13.000Z,Closed,5,0.51,false,Email,High
AM-SR-000411,AM-CL-0103,E-0289,Cash Movement,2025-12-26T10:02:28.000Z,2025-12-26T09:55:29.000Z,Closed,1,0.77,false,Portal,High
AM-SR-000412,AM-CL-0100,E-0284,Fee Invoice Question,2024-11-27T13:44:12.000Z,2024-12-01T09:20:37.000Z,Closed,5,4.89,false,Portal,Medium
AM-SR-000413,AM-CL-0119,E-0285,Cash Movement,2026-02-15T14:00:54.000Z,2026-02-16T16:09:18.000Z,Closed,1,1.18,true,Email,High
AM-SR-000414,AM-CL-0018,E-0266,Cash Movement,2025-11-10T08:12:17.000Z,2025-11-10T07:20:21.000Z,Closed,1,0.46,false,Phone,Medium
AM-SR-000415,AM-CL-0115,E-0274,Performance Report,2026-03-26T18:31:04.000Z,2026-03-28T15:28:07.000Z,Closed,5,2.92,false,Portal,Low
AM-SR-000416,AM-CL-0077,E-0282,Onboarding Document,2025-05-27T09:40:07.000Z,2025-05-31T08:18:10.000Z,Closed,7,4.53,false,Email,Low
AM-SR-000417,AM-CL-0017,E-0281,Performance Report,2026-08-21T19:27:34.000Z,2026-08-25T18:21:22.000Z,Closed,5,4.82,false,Email,Medium
AM-SR-000418,AM-CL-0033,E-0266,Reconciliation,2024-10-16T07:22:33.000Z,2024-10-17T17:55:24.000Z,Closed,3,1.52,false,Portal,Low
AM-SR-000419,AM-CL-0099,E-0279,Cash Movement,2026-04-29T19:55:59.000Z,2026-04-29T10:40:52.000Z,Closed,1,1.0,false,Email,Medium
AM-SR-000420,AM-CL-0135,E-0287,Performance Report,2025-04-26T07:25:22.000Z,2025-04-28T07:14:52.000Z,Closed,5,2.28,false,Phone,Medium
AM-SR-000421,AM-CL-0045,E-0269,Performance Report,2026-08-21T07:41:30.000Z,2026-08-23T07:22:40.000Z,Closed,5,2.23,false,Portal,Low
AM-SR-000422,AM-CL-0036,E-0267,Cash Movement,2025-10-13T12:13:24.000Z,2025-10-14T14:52:44.000Z,Closed,1,1.09,true,Email,Low
AM-SR-000423,AM-CL-0017,E-0281,Reconciliation,2026-03-25T10:48:17.000Z,2026-03-27T18:23:11.000Z,Closed,3,2.4,false,Email,Low
AM-SR-000424,AM-CL-0036,E-0267,Data Feed Issue,2025-06-25T13:46:15.000Z,2025-06-26T12:02:05.000Z,Closed,2,1.66,false,Email,Low
AM-SR-000425,AM-CL-0033,E-0266,Performance Report,2025-10-15T17:49:24.000Z,2025-10-22T13:26:04.000Z,Closed,5,7.07,true,Email,Low
AM-SR-000426,AM-CL-0058,E-0280,Reconciliation,2024-10-09T07:42:22.000Z,2024-10-14T10:34:09.000Z,Closed,3,5.81,true,Email,Medium
AM-SR-000427,AM-CL-0137,E-0284,Cash Movement,2025-07-28T07:38:59.000Z,2025-07-28T10:39:37.000Z,Closed,1,0.96,false,Email,Medium
AM-SR-000428,AM-CL-0005,E-0277,Fee Invoice Question,2025-09-13T09:06:22.000Z,2025-09-16T14:02:51.000Z,Closed,5,3.42,false,Portal,Medium
AM-SR-000429,AM-CL-0136,E-0287,Performance Report,2026-04-17T17:05:18.000Z,2026-04-19T10:46:36.000Z,Closed,5,2.77,false,Email,Low
AM-SR-000430,AM-CL-0044,E-0282,Performance Report,2026-07-28T08:19:39.000Z,2026-07-31T17:29:05.000Z,Closed,5,3.72,false,Email,High
AM-SR-000431,AM-CL-0129,E-0273,Performance Report,2026-08-31T14:18:25.000Z,,In Progress,5,,false,Email,Low
AM-SR-000432,AM-CL-0084,E-0287,Cash Movement,2025-10-11T15:33:03.000Z,2025-10-11T15:18:32.000Z,Closed,1,0.96,false,Email,Medium
AM-SR-000433,AM-CL-0117,E-0289,Reconciliation,2026-03-03T17:27:25.000Z,2026-03-05T10:34:15.000Z,Closed,3,2.67,false,Portal,Medium
AM-SR-000434,AM-CL-0072,E-0286,Performance Report,2026-04-02T19:57:39.000Z,2026-04-08T13:24:44.000Z,Closed,5,6.7,true,Portal,Medium
AM-SR-000435,AM-CL-0011,E-0271,Compliance Attestation,2025-02-22T09:34:27.000Z,2025-02-28T18:05:31.000Z,Closed,10,6.37,false,Portal,Medium
AM-SR-000436,AM-CL-0046,E-0270,Performance Report,2025-04-03T19:00:58.000Z,2025-04-05T09:26:28.000Z,Closed,5,2.51,false,Email,Low
AM-SR-000437,AM-CL-0072,E-0286,Cash Movement,2024-12-25T16:10:24.000Z,2024-12-26T07:46:30.000Z,Closed,1,1.11,true,Email,Low
AM-SR-000438,AM-CL-0044,E-0282,Onboarding Document,2025-03-27T18:33:27.000Z,2025-03-30T14:58:43.000Z,Closed,7,3.51,false,Portal,Medium
AM-SR-000439,AM-CL-0070,E-0282,Compliance Attestation,2026-02-19T19:23:36.000Z,2026-02-27T11:29:29.000Z,Closed,10,8.85,false,Email,Medium
AM-SR-000440,AM-CL-0047,E-0266,Reconciliation,2025-08-22T14:05:39.000Z,2025-08-23T10:58:07.000Z,Closed,3,1.82,false,Email,Medium
AM-SR-000441,AM-CL-0010,E-0275,Performance Report,2025-03-30T12:05:01.000Z,2025-04-04T08:13:45.000Z,Closed,5,5.14,true,Portal,Low
AM-SR-000442,AM-CL-0072,E-0286,Cash Movement,2026-08-06T19:12:48.000Z,2026-08-06T15:06:46.000Z,Closed,1,0.59,false,Email,Low
AM-SR-000443,AM-CL-0090,E-0267,Performance Report,2025-06-26T12:45:54.000Z,2025-06-30T19:53:22.000Z,Closed,5,4.44,false,Email,Medium
AM-SR-000444,AM-CL-0038,E-0288,Performance Report,2026-05-14T12:07:45.000Z,2026-05-16T16:44:46.000Z,Closed,5,2.58,false,Portal,Medium
AM-SR-000445,AM-CL-0013,E-0277,Compliance Attestation,2025-10-20T12:55:17.000Z,2025-11-04T10:06:11.000Z,Closed,10,15.18,true,Email,Low
AM-SR-000446,AM-CL-0119,E-0285,Performance Report,2026-04-16T10:08:29.000Z,2026-04-27T13:08:00.000Z,Closed,5,11.39,true,Phone,Low
AM-SR-000447,AM-CL-0051,E-0272,Reconciliation,2024-09-17T13:14:17.000Z,2024-09-20T11:59:48.000Z,Closed,3,3.2,true,Portal,Medium
AM-SR-000448,AM-CL-0140,E-0272,Onboarding Document,2026-08-01T18:10:12.000Z,2026-08-05T16:40:47.000Z,Closed,7,4.05,false,Email,Low
AM-SR-000449,AM-CL-0010,E-0275,Performance Report,2025-08-06T09:53:18.000Z,2025-08-10T12:32:47.000Z,Closed,5,4.84,false,Email,Low
AM-SR-000450,AM-CL-0092,E-0284,Performance Report,2025-06-13T18:51:53.000Z,2025-06-17T18:09:20.000Z,Closed,5,4.9,false,Portal,Medium
AM-SR-000451,AM-CL-0136,E-0287,Fee Invoice Question,2025-04-20T15:29:54.000Z,2025-04-21T08:02:13.000Z,Closed,5,1.44,false,Email,Medium
AM-SR-000452,AM-CL-0107,E-0281,Fee Invoice Question,2026-06-08T18:37:55.000Z,2026-06-09T10:02:48.000Z,Closed,5,1.71,false,Portal,Low
AM-SR-000453,AM-CL-0137,E-0284,Performance Report,2025-05-29T10:54:36.000Z,2025-06-07T11:44:27.000Z,Closed,5,9.31,true,Email,Low
AM-SR-000454,AM-CL-0100,E-0284,Reconciliation,2025-06-09T19:07:07.000Z,2025-06-11T19:56:56.000Z,Closed,3,2.35,false,Portal,Medium
AM-SR-000455,AM-CL-0066,E-0278,Performance Report,2025-04-24T13:08:37.000Z,2025-04-29T19:34:49.000Z,Closed,5,5.97,true,Email,Low
AM-SR-000456,AM-CL-0019,E-0283,Data Feed Issue,2026-06-09T12:57:22.000Z,2026-06-09T09:40:03.000Z,Closed,2,0.75,false,Email,Medium
AM-SR-000457,AM-CL-0089,E-0280,Performance Report,2025-03-03T07:55:38.000Z,2025-03-08T16:44:53.000Z,Closed,5,5.93,true,Portal,Medium
AM-SR-000458,AM-CL-0088,E-0271,Fee Invoice Question,2025-12-27T18:29:21.000Z,2025-12-30T15:00:46.000Z,Closed,5,3.43,false,Email,Low
AM-SR-000459,AM-CL-0003,E-0280,Reconciliation,2026-05-12T18:54:56.000Z,2026-05-14T17:45:44.000Z,Closed,3,2.34,false,Portal,Medium
AM-SR-000460,AM-CL-0008,E-0279,Performance Report,2026-05-06T18:50:12.000Z,2026-05-09T17:44:21.000Z,Closed,5,3.33,false,Portal,High
AM-SR-000461,AM-CL-0056,E-0288,Fee Invoice Question,2026-04-08T07:43:20.000Z,2026-04-09T13:35:28.000Z,Closed,5,1.16,false,Email,Low
AM-SR-000462,AM-CL-0135,E-0287,Cash Movement,2025-09-27T19:31:20.000Z,2025-09-28T16:21:03.000Z,Closed,1,1.6,true,Portal,Medium
AM-SR-000463,AM-CL-0122,E-0276,Data Feed Issue,2026-03-17T16:54:46.000Z,2026-03-18T07:21:20.000Z,Closed,2,1.86,false,Phone,Medium
AM-SR-000464,AM-CL-0097,E-0289,Performance Report,2026-01-18T11:19:42.000Z,2026-01-23T16:54:30.000Z,Closed,5,5.03,true,Email,High
AM-SR-000465,AM-CL-0001,E-0279,Compliance Attestation,2025-11-06T13:21:22.000Z,2025-11-13T18:16:21.000Z,Closed,10,7.16,false,Email,Low
AM-SR-000466,AM-CL-0043,E-0267,Performance Report,2024-09-05T17:43:32.000Z,2024-09-08T17:18:01.000Z,Closed,5,3.44,false,Portal,Low
AM-SR-000467,AM-CL-0104,E-0279,Performance Report,2026-02-09T15:09:09.000Z,2026-02-10T09:02:48.000Z,Closed,5,1.43,false,Portal,Low
AM-SR-000468,AM-CL-0070,E-0282,Fee Invoice Question,2026-08-20T19:05:35.000Z,2026-08-26T07:36:17.000Z,Closed,5,6.65,true,Email,Low
AM-SR-000469,AM-CL-0014,E-0288,Reconciliation,2025-05-13T08:05:19.000Z,2025-05-14T11:35:44.000Z,Closed,3,1.58,false,Email,Medium
AM-SR-000470,AM-CL-0051,E-0272,Performance Report,2024-09-14T13:39:46.000Z,2024-09-14T15:51:14.000Z,Closed,5,0.6,false,Phone,High
AM-SR-000471,AM-CL-0069,E-0274,Fee Invoice Question,2024-09-20T07:39:21.000Z,2024-09-24T11:07:43.000Z,Closed,5,4.81,false,Email,Medium
AM-SR-000472,AM-CL-0077,E-0282,Fee Invoice Question,2026-01-02T15:35:03.000Z,2026-01-06T08:06:11.000Z,Closed,5,4.45,false,Email,Low
AM-SR-000473,AM-CL-0096,E-0272,Onboarding Document,2025-04-04T17:57:24.000Z,2025-04-10T10:21:01.000Z,Closed,7,6.04,false,Portal,Medium
AM-SR-000474,AM-CL-0052,E-0285,Reconciliation,2025-02-05T17:50:28.000Z,2025-02-09T07:16:13.000Z,Closed,3,4.63,true,Portal,Medium
AM-SR-000475,AM-CL-0107,E-0281,Performance Report,2025-01-27T18:53:29.000Z,2025-01-31T15:10:23.000Z,Closed,5,4.26,false,Portal,Medium
AM-SR-000476,AM-CL-0040,E-0268,Fee Invoice Question,2025-11-08T19:44:08.000Z,2025-11-17T19:05:45.000Z,Closed,5,9.23,true,Email,Medium
AM-SR-000477,AM-CL-0137,E-0284,Reconciliation,2025-09-05T07:11:53.000Z,2025-09-08T12:06:53.000Z,Closed,3,3.4,true,Email,Medium
AM-SR-000478,AM-CL-0018,E-0266,Data Feed Issue,2025-06-26T14:08:33.000Z,2025-06-27T09:42:36.000Z,Closed,2,1.56,false,Phone,Medium
AM-SR-000479,AM-CL-0126,E-0270,Performance Report,2025-03-18T16:33:07.000Z,2025-03-20T18:49:23.000Z,Closed,5,2.45,false,Email,High
AM-SR-000480,AM-CL-0121,E-0285,Cash Movement,2026-04-09T11:48:06.000Z,2026-04-10T19:54:10.000Z,Closed,1,1.74,true,Email,Low
AM-SR-000481,AM-CL-0126,E-0270,Cash Movement,2025-07-12T15:02:54.000Z,2025-07-12T11:43:51.000Z,Closed,1,0.37,false,Email,Medium
AM-SR-000482,AM-CL-0045,E-0269,Performance Report,2025-04-11T12:49:09.000Z,2025-04-12T07:30:58.000Z,Closed,5,1.63,false,Portal,Medium
AM-SR-000483,AM-CL-0113,E-0270,Reconciliation,2024-12-03T17:58:07.000Z,2024-12-04T07:11:33.000Z,Closed,3,1.99,false,Email,Low
AM-SR-000484,AM-CL-0022,E-0273,Performance Report,2025-02-14T14:58:27.000Z,2025-02-14T11:30:11.000Z,Closed,5,0.85,false,Portal,High
AM-SR-000485,AM-CL-0103,E-0289,Compliance Attestation,2025-06-22T08:28:13.000Z,2025-07-02T14:01:40.000Z,Closed,10,10.9,true,Phone,Low
AM-SR-000486,AM-CL-0006,E-0284,Reconciliation,2026-01-02T09:55:23.000Z,2026-01-09T15:30:50.000Z,Closed,3,7.96,true,Portal,Medium
AM-SR-000487,AM-CL-0008,E-0279,Reconciliation,2025-03-04T19:27:28.000Z,2025-03-06T08:39:17.000Z,Closed,3,2.4,false,Portal,Low
AM-SR-000488,AM-CL-0104,E-0279,Performance Report,2025-10-06T18:36:18.000Z,2025-10-10T08:48:46.000Z,Closed,5,4.39,false,Portal,Low
AM-SR-000489,AM-CL-0001,E-0279,Fee Invoice Question,2025-03-08T17:12:58.000Z,2025-03-10T18:36:51.000Z,Closed,5,2.81,false,Portal,High
AM-SR-000490,AM-CL-0108,E-0272,Performance Report,2026-04-05T16:33:16.000Z,2026-04-08T17:43:27.000Z,Closed,5,3.12,false,Portal,Low
AM-SR-000491,AM-CL-0082,E-0275,Cash Movement,2026-06-16T14:42:43.000Z,2026-06-16T19:11:42.000Z,Closed,1,0.3,false,Portal,High
AM-SR-000492,AM-CL-0100,E-0284,Reconciliation,2025-07-22T16:31:10.000Z,2025-07-23T12:53:48.000Z,Closed,3,1.48,false,Portal,Medium
AM-SR-000493,AM-CL-0075,E-0270,Cash Movement,2025-09-05T13:31:40.000Z,2025-09-05T15:51:34.000Z,Closed,1,0.39,false,Phone,Low
AM-SR-000494,AM-CL-0078,E-0278,Data Feed Issue,2026-05-24T10:14:46.000Z,2026-05-25T11:52:34.000Z,Closed,2,1.55,false,Phone,Low
AM-SR-000495,AM-CL-0002,E-0268,Data Feed Issue,2025-10-26T13:57:59.000Z,2025-10-26T15:10:10.000Z,Closed,2,0.48,false,Phone,Low
AM-SR-000496,AM-CL-0081,E-0267,Reconciliation,2026-06-11T15:35:02.000Z,2026-06-16T07:36:04.000Z,Closed,3,5.87,true,Portal,Medium
AM-SR-000497,AM-CL-0091,E-0285,Onboarding Document,2026-06-06T15:08:01.000Z,2026-06-11T15:12:40.000Z,Closed,7,5.11,false,Email,Low
AM-SR-000498,AM-CL-0055,E-0268,Onboarding Document,2024-10-23T16:33:43.000Z,2024-10-26T11:55:12.000Z,Closed,7,3.18,false,Email,Medium
AM-SR-000499,AM-CL-0078,E-0278,Data Feed Issue,2025-02-08T15:23:35.000Z,2025-02-09T18:45:06.000Z,Closed,2,1.98,false,Phone,High
AM-SR-000500,AM-CL-0139,E-0266,Performance Report,2025-06-12T13:32:55.000Z,2025-06-14T07:12:29.000Z,Closed,5,2.25,false,Email,Medium
AM-SR-000501,AM-CL-0051,E-0272,Performance Report,2025-06-05T17:24:26.000Z,2025-06-11T14:43:32.000Z,Closed,5,6.29,true,Portal,Low
AM-SR-000502,AM-CL-0015,E-0287,Performance Report,2024-10-17T11:29:59.000Z,2024-10-23T12:36:47.000Z,Closed,5,6.9,true,Email,Low
AM-SR-000503,AM-CL-0076,E-0282,Performance Report,2024-11-26T16:03:40.000Z,2024-11-27T19:40:17.000Z,Closed,5,1.34,false,Email,Low
AM-SR-000504,AM-CL-0020,E-0266,Performance Report,2026-07-16T07:11:23.000Z,2026-07-18T12:06:50.000Z,Closed,5,2.9,false,Portal,Low
AM-SR-000505,AM-CL-0136,E-0287,Cash Movement,2025-06-19T13:31:26.000Z,2025-06-19T11:46:27.000Z,Closed,1,0.63,false,Email,Medium
AM-SR-000506,AM-CL-0096,E-0272,Performance Report,2026-01-08T10:40:41.000Z,2026-01-09T13:05:32.000Z,Closed,5,1.64,false,Email,Medium
AM-SR-000507,AM-CL-0040,E-0268,Reconciliation,2025-11-08T12:55:46.000Z,2025-11-10T14:51:35.000Z,Closed,3,2.36,false,Email,Medium
AM-SR-000508,AM-CL-0006,E-0284,Performance Report,2024-09-24T10:29:09.000Z,2024-09-25T15:59:34.000Z,Closed,5,1.87,false,Portal,Low
AM-SR-000509,AM-CL-0116,E-0272,Reconciliation,2024-11-13T10:29:42.000Z,2024-11-14T11:33:22.000Z,Closed,3,1.27,false,Email,Medium
AM-SR-000510,AM-CL-0072,E-0286,Fee Invoice Question,2025-07-13T19:12:15.000Z,2025-07-18T11:06:40.000Z,Closed,5,5.31,true,Email,Medium
AM-SR-000511,AM-CL-0029,E-0266,Onboarding Document,2025-12-27T09:45:24.000Z,2026-01-03T13:55:15.000Z,Closed,7,7.62,true,Portal,Medium
AM-SR-000512,AM-CL-0041,E-0279,Performance Report,2025-10-01T12:34:07.000Z,2025-10-03T14:49:33.000Z,Closed,5,2.02,false,Email,Medium
AM-SR-000513,AM-CL-0106,E-0272,Compliance Attestation,2026-06-29T18:00:00.000Z,2026-07-03T13:39:15.000Z,Closed,10,4.89,false,Email,Low
AM-SR-000514,AM-CL-0054,E-0290,Data Feed Issue,2025-02-12T18:04:48.000Z,2025-02-16T15:45:56.000Z,Closed,2,4.09,true,Email,Medium
AM-SR-000515,AM-CL-0094,E-0271,Onboarding Document,2026-01-31T18:29:28.000Z,2026-02-01T11:47:56.000Z,Closed,7,1.15,false,Email,High
AM-SR-000516,AM-CL-0034,E-0271,Cash Movement,2025-09-27T09:46:46.000Z,2025-09-27T09:49:34.000Z,Closed,1,0.8,false,Portal,Low
AM-SR-000517,AM-CL-0123,E-0272,Onboarding Document,2026-05-07T14:39:38.000Z,2026-05-13T19:49:20.000Z,Closed,7,6.63,false,Email,Low
AM-SR-000518,AM-CL-0059,E-0273,Performance Report,2025-09-03T17:29:24.000Z,2025-09-06T13:15:39.000Z,Closed,5,3.72,false,Email,Low
AM-SR-000519,AM-CL-0091,E-0285,Fee Invoice Question,2025-01-02T16:12:58.000Z,2025-01-13T18:32:58.000Z,Closed,5,11.22,true,Portal,Low
AM-SR-000520,AM-CL-0080,E-0275,Reconciliation,2025-07-08T18:49:36.000Z,2025-07-19T07:44:27.000Z,Closed,3,11.36,true,Portal,Medium
AM-SR-000521,AM-CL-0084,E-0287,Performance Report,2025-07-09T11:51:40.000Z,2025-07-18T07:35:41.000Z,Closed,5,9.4,true,Email,High
AM-SR-000522,AM-CL-0077,E-0282,Performance Report,2025-09-13T08:29:30.000Z,2025-09-17T13:16:12.000Z,Closed,5,4.09,false,Portal,Medium
AM-SR-000523,AM-CL-0050,E-0276,Fee Invoice Question,2026-04-26T12:40:33.000Z,2026-04-28T09:56:31.000Z,Closed,5,2.86,false,Portal,Low
AM-SR-000524,AM-CL-0140,E-0272,Compliance Attestation,2025-08-17T14:13:11.000Z,2025-08-19T17:06:17.000Z,Closed,10,2.87,false,Email,High
AM-SR-000525,AM-CL-0118,E-0274,Cash Movement,2026-02-25T08:09:48.000Z,2026-02-26T17:55:25.000Z,Closed,1,1.01,true,Email,Medium
AM-SR-000526,AM-CL-0061,E-0290,Cash Movement,2024-11-18T15:41:14.000Z,2024-11-19T10:18:13.000Z,Closed,1,1.97,true,Email,Low
AM-SR-000527,AM-CL-0132,E-0273,Performance Report,2024-10-16T14:47:02.000Z,2024-10-17T19:01:19.000Z,Closed,5,1.67,false,Phone,Medium
AM-SR-000528,AM-CL-0130,E-0273,Compliance Attestation,2025-06-24T13:12:08.000Z,2025-07-01T17:32:37.000Z,Closed,10,7.81,false,Email,Low
AM-SR-000529,AM-CL-0134,E-0281,Performance Report,2024-12-09T10:15:26.000Z,2024-12-14T07:12:14.000Z,Closed,5,5.59,true,Email,Low
AM-SR-000530,AM-CL-0120,E-0279,Fee Invoice Question,2025-10-06T17:12:05.000Z,2025-10-07T12:11:34.000Z,Closed,5,1.84,false,Email,Medium
AM-SR-000531,AM-CL-0038,E-0288,Reconciliation,2024-11-08T19:22:13.000Z,2024-11-09T10:21:43.000Z,Closed,3,1.23,false,Portal,Medium
AM-SR-000532,AM-CL-0010,E-0275,Reconciliation,2025-03-29T10:39:49.000Z,2025-04-01T10:00:07.000Z,Closed,3,3.04,true,Portal,Medium
AM-SR-000533,AM-CL-0022,E-0273,Reconciliation,2026-07-28T11:41:31.000Z,2026-07-30T11:22:29.000Z,Closed,3,2.18,false,Email,High
AM-SR-000534,AM-CL-0009,E-0279,Cash Movement,2025-07-14T10:47:10.000Z,2025-07-14T16:35:34.000Z,Closed,1,0.65,false,Phone,Low
AM-SR-000535,AM-CL-0024,E-0282,Cash Movement,2026-04-16T12:45:18.000Z,2026-04-16T13:51:37.000Z,Closed,1,0.37,false,Portal,High
AM-SR-000536,AM-CL-0020,E-0266,Fee Invoice Question,2025-01-23T15:48:39.000Z,2025-01-24T11:50:24.000Z,Closed,5,1.89,false,Email,Low
AM-SR-000537,AM-CL-0115,E-0274,Cash Movement,2024-11-17T11:52:14.000Z,2024-11-17T15:18:27.000Z,Closed,1,0.36,false,Portal,High
AM-SR-000538,AM-CL-0032,E-0279,Reconciliation,2026-01-31T13:52:54.000Z,2026-01-31T12:49:37.000Z,Closed,3,0.96,false,Email,High
AM-SR-000539,AM-CL-0086,E-0268,Onboarding Document,2024-12-30T12:59:47.000Z,2024-12-31T14:50:02.000Z,Closed,7,1.53,false,Email,Low
AM-SR-000540,AM-CL-0071,E-0279,Onboarding Document,2026-03-21T11:21:23.000Z,2026-03-22T09:32:31.000Z,Closed,7,1.55,false,Email,Medium
AM-SR-000541,AM-CL-0072,E-0286,Performance Report,2025-04-14T16:36:15.000Z,2025-04-24T12:41:19.000Z,Closed,5,10.14,true,Portal,Medium
AM-SR-000542,AM-CL-0073,E-0269,Performance Report,2024-10-29T18:39:02.000Z,2024-10-31T13:10:49.000Z,Closed,5,2.05,false,Email,Medium
AM-SR-000543,AM-CL-0065,E-0286,Performance Report,2026-05-14T18:59:50.000Z,2026-05-22T10:27:33.000Z,Closed,5,8.23,true,Email,High
AM-SR-000544,AM-CL-0098,E-0268,Reconciliation,2025-05-25T18:22:01.000Z,2025-05-26T12:23:08.000Z,Closed,3,1.82,false,Phone,Medium
AM-SR-000545,AM-CL-0131,E-0285,Fee Invoice Question,2026-05-28T11:25:06.000Z,2026-05-29T08:37:27.000Z,Closed,5,1.85,false,Email,Medium
AM-SR-000546,AM-CL-0105,E-0284,Cash Movement,2025-08-14T16:54:57.000Z,2025-08-14T11:28:07.000Z,Closed,1,0.4,false,Portal,Medium
AM-SR-000547,AM-CL-0133,E-0275,Compliance Attestation,2025-08-23T07:46:02.000Z,2025-09-11T08:33:26.000Z,Closed,10,19.96,true,Email,Low
AM-SR-000548,AM-CL-0039,E-0275,Reconciliation,2026-05-05T14:39:05.000Z,2026-05-05T09:58:58.000Z,Closed,3,0.84,false,Email,Low
AM-SR-000549,AM-CL-0139,E-0266,Fee Invoice Question,2026-01-16T13:40:08.000Z,2026-01-18T11:41:57.000Z,Closed,5,2.96,false,Portal,Medium
AM-SR-000550,AM-CL-0131,E-0285,Performance Report,2024-09-14T10:18:30.000Z,2024-09-19T15:40:26.000Z,Closed,5,5.62,true,Portal,Low
AM-SR-000551,AM-CL-0005,E-0277,Performance Report,2025-01-17T09:56:27.000Z,2025-01-19T18:18:38.000Z,Closed,5,2.4,false,Phone,High
AM-SR-000552,AM-CL-0132,E-0273,Performance Report,2025-10-14T10:54:33.000Z,2025-10-19T09:57:13.000Z,Closed,5,5.32,true,Portal,Medium
AM-SR-000553,AM-CL-0132,E-0273,Performance Report,2024-09-03T14:41:38.000Z,2024-09-08T09:16:55.000Z,Closed,5,5.96,true,Portal,Low
AM-SR-000554,AM-CL-0087,E-0290,Data Feed Issue,2025-10-29T08:30:14.000Z,2025-11-02T08:33:27.000Z,Closed,2,4.47,true,Email,High
AM-SR-000555,AM-CL-0099,E-0279,Performance Report,2025-12-06T17:56:47.000Z,2025-12-08T13:41:53.000Z,Closed,5,2.97,false,Email,Low
AM-SR-000556,AM-CL-0119,E-0285,Performance Report,2024-11-09T18:45:02.000Z,2024-11-11T10:45:16.000Z,Closed,5,2.98,false,Portal,Low
AM-SR-000557,AM-CL-0133,E-0275,Cash Movement,2025-03-29T11:39:21.000Z,2025-03-29T11:52:25.000Z,Closed,1,0.49,false,Email,Medium
AM-SR-000558,AM-CL-0126,E-0270,Onboarding Document,2026-03-30T18:53:40.000Z,2026-04-06T12:50:53.000Z,Closed,7,7.38,true,Portal,Medium
AM-SR-000559,AM-CL-0061,E-0290,Onboarding Document,2026-01-12T09:17:12.000Z,2026-01-21T19:31:35.000Z,Closed,7,9.05,true,Portal,Low
AM-SR-000560,AM-CL-0134,E-0281,Cash Movement,2026-06-04T08:26:37.000Z,2026-06-04T13:31:46.000Z,Closed,1,0.63,false,Portal,Medium
AM-SR-000561,AM-CL-0125,E-0286,Reconciliation,2025-11-02T08:58:42.000Z,2025-11-03T16:25:46.000Z,Closed,3,1.66,false,Email,Low
AM-SR-000562,AM-CL-0003,E-0280,Cash Movement,2024-10-20T10:16:16.000Z,2024-10-20T10:55:24.000Z,Closed,1,0.58,false,Portal,Low
AM-SR-000563,AM-CL-0090,E-0267,Performance Report,2025-08-14T12:12:45.000Z,2025-08-16T19:23:00.000Z,Closed,5,2.52,false,Portal,Medium
AM-SR-000564,AM-CL-0050,E-0276,Performance Report,2025-07-07T07:09:48.000Z,2025-07-10T17:58:48.000Z,Closed,5,3.43,false,Portal,Medium
AM-SR-000565,AM-CL-0053,E-0271,Reconciliation,2026-06-04T15:02:33.000Z,2026-06-05T15:22:22.000Z,Closed,3,1.38,false,Portal,Medium
AM-SR-000566,AM-CL-0102,E-0277,Cash Movement,2026-06-18T16:08:31.000Z,2026-06-18T15:24:09.000Z,Closed,1,0.62,false,Email,High
AM-SR-000567,AM-CL-0051,E-0272,Cash Movement,2026-02-26T17:21:17.000Z,2026-02-26T19:07:48.000Z,Closed,1,0.88,false,Email,Medium
AM-SR-000568,AM-CL-0049,E-0289,Reconciliation,2024-10-30T17:13:08.000Z,2024-10-31T09:16:35.000Z,Closed,3,1.16,false,Portal,Medium
AM-SR-000569,AM-CL-0111,E-0270,Performance Report,2025-05-23T16:10:55.000Z,2025-05-27T19:45:54.000Z,Closed,5,4.51,false,Portal,Medium
AM-SR-000570,AM-CL-0116,E-0272,Reconciliation,2026-07-20T17:17:10.000Z,2026-07-21T18:53:02.000Z,Closed,3,1.92,false,Email,Low
AM-SR-000571,AM-CL-0135,E-0287,Performance Report,2025-10-14T19:16:05.000Z,2025-10-20T12:03:04.000Z,Closed,5,6.05,true,Phone,Medium
AM-SR-000572,AM-CL-0025,E-0287,Data Feed Issue,2025-07-02T09:51:51.000Z,2025-07-02T11:23:12.000Z,Closed,2,0.64,false,Portal,Low
AM-SR-000573,AM-CL-0003,E-0280,Reconciliation,2024-11-02T17:33:52.000Z,2024-11-04T09:17:54.000Z,Closed,3,2.13,false,Portal,Medium
AM-SR-000574,AM-CL-0117,E-0289,Performance Report,2026-08-03T16:54:25.000Z,2026-08-07T08:40:08.000Z,Closed,5,4.74,false,Email,Low
AM-SR-000575,AM-CL-0011,E-0271,Fee Invoice Question,2025-04-29T18:45:07.000Z,2025-04-30T15:29:36.000Z,Closed,5,1.52,false,Email,Medium
AM-SR-000576,AM-CL-0073,E-0269,Cash Movement,2025-12-09T19:07:55.000Z,2025-12-09T09:09:49.000Z,Closed,1,0.35,false,Email,Medium
AM-SR-000577,AM-CL-0136,E-0287,Performance Report,2025-06-21T18:57:22.000Z,2025-06-25T12:40:58.000Z,Closed,5,4.98,false,Email,Medium
AM-SR-000578,AM-CL-0080,E-0275,Reconciliation,2026-06-21T19:20:58.000Z,2026-06-24T16:00:59.000Z,Closed,3,3.46,true,Email,Medium
AM-SR-000579,AM-CL-0017,E-0281,Performance Report,2025-05-01T12:47:21.000Z,2025-05-03T17:04:16.000Z,Closed,5,2.94,false,Portal,High
AM-SR-000580,AM-CL-0045,E-0269,Onboarding Document,2026-08-01T13:00:02.000Z,2026-08-03T11:19:54.000Z,Closed,7,2.7,false,Portal,High
AM-SR-000581,AM-CL-0134,E-0281,Reconciliation,2025-12-17T15:58:22.000Z,2025-12-21T10:56:35.000Z,Closed,3,4.71,true,Phone,Low
AM-SR-000582,AM-CL-0042,E-0286,Performance Report,2026-08-24T07:28:39.000Z,2026-08-27T07:15:06.000Z,Closed,5,3.13,false,Phone,High
AM-SR-000583,AM-CL-0082,E-0275,Onboarding Document,2026-02-17T18:02:38.000Z,2026-02-20T13:52:08.000Z,Closed,7,3.83,false,Portal,Low
AM-SR-000584,AM-CL-0002,E-0268,Performance Report,2024-11-08T12:22:39.000Z,2024-11-09T10:00:22.000Z,Closed,5,1.11,false,Email,Low
AM-SR-000585,AM-CL-0002,E-0268,Reconciliation,2024-12-13T11:36:43.000Z,2024-12-13T19:49:56.000Z,Closed,3,0.97,false,Portal,Low
AM-SR-000586,AM-CL-0075,E-0270,Performance Report,2025-01-25T11:12:57.000Z,2025-01-30T17:41:01.000Z,Closed,5,5.02,true,Portal,Medium
AM-SR-000587,AM-CL-0007,E-0280,Performance Report,2026-04-26T18:13:59.000Z,2026-04-27T11:43:00.000Z,Closed,5,1.2,false,Email,Medium
AM-SR-000588,AM-CL-0031,E-0276,Performance Report,2025-07-09T11:28:45.000Z,2025-07-11T14:43:47.000Z,Closed,5,2.99,false,Portal,Medium
AM-SR-000589,AM-CL-0061,E-0290,Fee Invoice Question,2026-06-22T14:45:02.000Z,2026-06-24T09:58:19.000Z,Closed,5,2.68,false,Portal,Medium
AM-SR-000590,AM-CL-0079,E-0270,Performance Report,2025-12-24T14:10:48.000Z,2026-01-02T18:10:37.000Z,Closed,5,9.53,true,Portal,Low
AM-SR-000591,AM-CL-0018,E-0266,Compliance Attestation,2025-04-20T16:46:12.000Z,2025-04-25T15:36:09.000Z,Closed,10,5.66,false,Email,Medium
AM-SR-000592,AM-CL-0070,E-0282,Onboarding Document,2026-05-20T19:20:32.000Z,2026-05-22T17:33:42.000Z,Closed,7,2.14,false,Portal,Medium
AM-SR-000593,AM-CL-0011,E-0271,Onboarding Document,2025-12-05T07:59:17.000Z,2025-12-11T19:56:00.000Z,Closed,7,6.14,false,Phone,Low
AM-SR-000594,AM-CL-0029,E-0266,Fee Invoice Question,2025-11-08T15:24:51.000Z,2025-11-17T19:10:23.000Z,Closed,5,9.53,true,Email,Medium
AM-SR-000595,AM-CL-0127,E-0266,Fee Invoice Question,2026-05-15T13:03:46.000Z,2026-05-19T12:14:14.000Z,Closed,5,4.74,false,Email,High
AM-SR-000596,AM-CL-0056,E-0288,Performance Report,2025-08-17T09:03:00.000Z,2025-08-18T13:11:24.000Z,Closed,5,1.72,false,Portal,Low
AM-SR-000597,AM-CL-0092,E-0284,Compliance Attestation,2025-12-06T17:40:35.000Z,2025-12-11T14:46:02.000Z,Closed,10,5.25,false,Email,Medium
AM-SR-000598,AM-CL-0031,E-0276,Reconciliation,2026-03-03T12:36:21.000Z,2026-03-05T13:47:17.000Z,Closed,3,2.88,false,Portal,Medium
AM-SR-000599,AM-CL-0094,E-0271,Performance Report,2025-09-03T16:39:06.000Z,2025-09-04T15:21:57.000Z,Closed,5,1.83,false,Portal,Low
AM-SR-000600,AM-CL-0008,E-0279,Reconciliation,2025-01-16T18:44:03.000Z,2025-01-22T15:45:28.000Z,Closed,3,6.81,true,Email,High
AM-SR-000601,AM-CL-0029,E-0266,Compliance Attestation,2026-07-12T08:46:44.000Z,2026-07-16T19:22:15.000Z,Closed,10,4.0,false,Portal,High
AM-SR-000602,AM-CL-0064,E-0274,Performance Report,2025-10-02T17:48:01.000Z,2025-10-04T12:48:41.000Z,Closed,5,2.82,false,Portal,Medium
AM-SR-000603,AM-CL-0031,E-0276,Reconciliation,2025-07-14T07:45:16.000Z,2025-07-17T09:36:36.000Z,Closed,3,3.33,true,Portal,Medium
AM-SR-000604,AM-CL-0078,E-0278,Data Feed Issue,2026-05-11T09:49:18.000Z,2026-05-13T15:58:44.000Z,Closed,2,2.76,true,Email,High
AM-SR-000605,AM-CL-0113,E-0270,Performance Report,2025-08-13T08:17:23.000Z,2025-08-20T13:00:21.000Z,Closed,5,7.64,true,Portal,Medium
AM-SR-000606,AM-CL-0114,E-0278,Onboarding Document,2025-02-10T16:00:04.000Z,2025-02-16T07:34:20.000Z,Closed,7,6.08,false,Email,Low
AM-SR-000607,AM-CL-0120,E-0279,Reconciliation,2026-08-30T07:16:16.000Z,,Open,3,,false,Email,Medium
AM-SR-000608,AM-CL-0062,E-0278,Cash Movement,2026-04-29T17:49:20.000Z,2026-04-29T07:59:24.000Z,Closed,1,0.29,false,Email,High
AM-SR-000609,AM-CL-0082,E-0275,Onboarding Document,2024-09-05T15:16:34.000Z,2024-09-10T13:37:41.000Z,Closed,7,5.93,false,Portal,Medium
AM-SR-000610,AM-CL-0091,E-0285,Cash Movement,2026-05-27T10:19:30.000Z,2026-05-28T19:26:47.000Z,Closed,1,1.01,true,Portal,High
AM-SR-000611,AM-CL-0099,E-0279,Reconciliation,2024-12-25T07:19:19.000Z,2024-12-26T17:43:23.000Z,Closed,3,1.11,false,Email,High
AM-SR-000612,AM-CL-0095,E-0280,Performance Report,2025-07-16T09:45:24.000Z,2025-07-21T11:20:54.000Z,Closed,5,5.28,true,Phone,Medium
AM-SR-000613,AM-CL-0096,E-0272,Performance Report,2025-02-02T19:11:09.000Z,2025-02-03T10:14:49.000Z,Closed,5,1.09,false,Email,High
AM-SR-000614,AM-CL-0095,E-0280,Performance Report,2024-12-25T13:54:55.000Z,2024-12-28T18:16:58.000Z,Closed,5,3.7,false,Portal,Low
AM-SR-000615,AM-CL-0135,E-0287,Onboarding Document,2025-02-23T08:08:27.000Z,2025-02-26T16:16:32.000Z,Closed,7,3.27,false,Portal,Medium
AM-SR-000616,AM-CL-0070,E-0282,Performance Report,2026-06-20T13:49:52.000Z,2026-06-25T16:20:07.000Z,Closed,5,5.45,true,Email,Medium
AM-SR-000617,AM-CL-0105,E-0284,Performance Report,2026-01-22T08:31:07.000Z,2026-01-25T11:55:13.000Z,Closed,5,3.46,false,Portal,Low
AM-SR-000618,AM-CL-0078,E-0278,Compliance Attestation,2026-02-04T07:52:27.000Z,2026-03-09T13:00:40.000Z,Closed,10,33.15,true,Email,Low
AM-SR-000619,AM-CL-0128,E-0286,Data Feed Issue,2025-04-19T14:47:36.000Z,2025-04-20T11:34:02.000Z,Closed,2,1.02,false,Email,Medium
AM-SR-000620,AM-CL-0028,E-0279,Performance Report,2026-06-12T17:28:08.000Z,2026-06-13T16:25:19.000Z,Closed,5,1.61,false,Email,Low
AM-SR-000621,AM-CL-0076,E-0282,Performance Report,2025-07-17T17:45:09.000Z,2025-07-21T07:16:23.000Z,Closed,5,4.61,false,Email,Low
AM-SR-000622,AM-CL-0095,E-0280,Compliance Attestation,2026-04-04T16:47:59.000Z,2026-04-08T10:51:00.000Z,Closed,10,4.35,false,Portal,Medium
AM-SR-000623,AM-CL-0018,E-0266,Cash Movement,2026-02-14T07:12:06.000Z,2026-02-14T10:40:56.000Z,Closed,1,0.54,false,Email,Medium
AM-SR-000624,AM-CL-0015,E-0287,Fee Invoice Question,2026-02-20T10:35:48.000Z,2026-02-25T11:10:16.000Z,Closed,5,5.32,true,Email,Medium
AM-SR-000625,AM-CL-0019,E-0283,Fee Invoice Question,2025-02-07T14:15:23.000Z,2025-02-16T11:54:54.000Z,Closed,5,9.27,true,Portal,Medium
AM-SR-000626,AM-CL-0081,E-0267,Performance Report,2025-07-10T13:13:26.000Z,2025-07-15T16:59:19.000Z,Closed,5,5.23,true,Email,High
AM-SR-000627,AM-CL-0060,E-0284,Data Feed Issue,2026-02-13T15:12:27.000Z,2026-02-14T09:30:20.000Z,Closed,2,1.52,false,Phone,Medium
AM-SR-000628,AM-CL-0116,E-0272,Performance Report,2026-08-04T13:37:35.000Z,2026-08-07T15:17:59.000Z,Closed,5,3.64,false,Email,Low
AM-SR-000629,AM-CL-0036,E-0267,Reconciliation,2026-07-05T10:42:00.000Z,2026-07-07T10:15:39.000Z,Closed,3,2.64,false,Email,Medium
AM-SR-000630,AM-CL-0008,E-0279,Performance Report,2024-11-03T18:04:33.000Z,2024-11-08T08:39:42.000Z,Closed,5,5.08,true,Phone,Medium
AM-SR-000631,AM-CL-0098,E-0268,Cash Movement,2026-02-22T18:27:32.000Z,2026-02-22T17:07:21.000Z,Closed,1,0.49,false,Portal,Low
AM-SR-000632,AM-CL-0092,E-0284,Fee Invoice Question,2025-08-03T13:12:23.000Z,2025-08-11T09:53:52.000Z,Closed,5,8.39,true,Email,Low
AM-SR-000633,AM-CL-0119,E-0285,Reconciliation,2025-12-29T18:25:34.000Z,2026-01-01T18:27:48.000Z,Closed,3,3.97,true,Email,High
AM-SR-000634,AM-CL-0138,E-0271,Fee Invoice Question,2025-01-11T14:23:13.000Z,2025-01-12T17:32:25.000Z,Closed,5,1.75,false,Portal,High
AM-SR-000635,AM-CL-0072,E-0286,Cash Movement,2026-03-11T16:07:36.000Z,2026-03-12T16:25:15.000Z,Closed,1,1.07,true,Portal,High
AM-SR-000636,AM-CL-0011,E-0271,Fee Invoice Question,2026-03-24T07:10:49.000Z,2026-03-29T19:35:01.000Z,Closed,5,5.72,true,Email,Medium
AM-SR-000637,AM-CL-0100,E-0284,Reconciliation,2024-12-27T08:05:41.000Z,2024-12-31T15:56:38.000Z,Closed,3,4.34,true,Portal,Medium
AM-SR-000638,AM-CL-0003,E-0280,Fee Invoice Question,2026-07-22T15:39:07.000Z,2026-07-28T13:44:56.000Z,Closed,5,6.55,true,Portal,Medium
AM-SR-000639,AM-CL-0108,E-0272,Reconciliation,2025-08-01T19:35:35.000Z,2025-08-02T17:50:26.000Z,Closed,3,1.8,false,Portal,Medium
AM-SR-000640,AM-CL-0027,E-0271,Fee Invoice Question,2025-03-03T09:47:57.000Z,2025-03-08T10:07:03.000Z,Closed,5,5.47,true,Portal,Low
AM-SR-000641,AM-CL-0065,E-0286,Data Feed Issue,2025-12-13T15:06:19.000Z,2025-12-16T08:06:43.000Z,Closed,2,3.43,true,Email,Low
AM-SR-000642,AM-CL-0070,E-0282,Performance Report,2026-04-18T17:32:31.000Z,2026-04-28T10:03:16.000Z,Closed,5,10.67,true,Portal,High
AM-SR-000643,AM-CL-0063,E-0284,Performance Report,2024-10-02T10:51:35.000Z,2024-10-05T15:50:28.000Z,Closed,5,3.96,false,Phone,Medium
AM-SR-000644,AM-CL-0132,E-0273,Performance Report,2024-09-04T12:49:13.000Z,2024-09-15T19:19:41.000Z,Closed,5,11.02,true,Email,Low
AM-SR-000645,AM-CL-0049,E-0289,Performance Report,2025-11-08T17:23:48.000Z,2025-11-11T07:54:20.000Z,Closed,5,3.52,false,Portal,High
AM-SR-000646,AM-CL-0128,E-0286,Fee Invoice Question,2025-06-11T08:31:21.000Z,2025-06-20T11:00:55.000Z,Closed,5,9.54,true,Portal,Medium
AM-SR-000647,AM-CL-0084,E-0287,Cash Movement,2026-06-04T18:40:30.000Z,2026-06-05T13:41:28.000Z,Closed,1,1.8,true,Email,Medium
AM-SR-000648,AM-CL-0075,E-0270,Onboarding Document,2025-01-13T08:25:14.000Z,2025-01-19T12:06:59.000Z,Closed,7,6.22,false,Email,Low
AM-SR-000649,AM-CL-0051,E-0272,Fee Invoice Question,2025-05-07T19:27:32.000Z,2025-05-09T12:40:25.000Z,Closed,5,2.89,false,Email,Low
AM-SR-000650,AM-CL-0008,E-0279,Onboarding Document,2025-07-17T11:44:21.000Z,2025-07-21T08:07:06.000Z,Closed,7,4.84,false,Phone,Medium
AM-SR-000651,AM-CL-0032,E-0279,Compliance Attestation,2025-07-23T10:26:06.000Z,2025-07-27T08:39:04.000Z,Closed,10,4.06,false,Portal,Low
AM-SR-000652,AM-CL-0127,E-0266,Reconciliation,2024-11-19T16:49:16.000Z,2024-11-19T12:12:58.000Z,Closed,3,0.89,false,Portal,Medium
AM-SR-000653,AM-CL-0013,E-0277,Data Feed Issue,2025-09-29T08:13:57.000Z,2025-10-03T11:08:04.000Z,Closed,2,4.37,true,Phone,High
AM-SR-000654,AM-CL-0070,E-0282,Performance Report,2025-05-11T15:55:35.000Z,2025-05-17T18:02:29.000Z,Closed,5,6.56,true,Email,Low
AM-SR-000655,AM-CL-0016,E-0269,Fee Invoice Question,2026-02-10T10:33:37.000Z,2026-02-15T10:58:59.000Z,Closed,5,5.2,true,Email,Low
AM-SR-000656,AM-CL-0115,E-0274,Performance Report,2026-06-02T07:45:43.000Z,2026-06-04T08:27:41.000Z,Closed,5,2.93,false,Email,Low
AM-SR-000657,AM-CL-0083,E-0287,Performance Report,2024-09-05T14:25:03.000Z,2024-09-08T07:13:09.000Z,Closed,5,3.61,false,Portal,Low
AM-SR-000658,AM-CL-0091,E-0285,Performance Report,2025-03-17T11:04:16.000Z,2025-03-19T17:54:32.000Z,Closed,5,2.97,false,Portal,Low
AM-SR-000659,AM-CL-0012,E-0289,Performance Report,2025-02-26T13:18:31.000Z,2025-03-01T18:24:59.000Z,Closed,5,3.55,false,Email,High
AM-SR-000660,AM-CL-0106,E-0272,Data Feed Issue,2026-07-30T18:39:19.000Z,2026-07-30T07:50:49.000Z,Closed,2,0.9,false,Portal,Low
AM-SR-000661,AM-CL-0101,E-0289,Compliance Attestation,2026-01-25T10:09:00.000Z,2026-01-28T18:44:29.000Z,Closed,10,3.32,false,Email,Medium
AM-SR-000662,AM-CL-0123,E-0272,Cash Movement,2025-01-05T15:10:29.000Z,2025-01-06T15:57:13.000Z,Closed,1,1.03,true,Portal,Medium
AM-SR-000663,AM-CL-0001,E-0279,Onboarding Document,2026-07-11T10:58:34.000Z,2026-07-18T08:05:00.000Z,Closed,7,7.24,true,Portal,Medium
AM-SR-000664,AM-CL-0085,E-0267,Compliance Attestation,2025-08-19T14:07:15.000Z,2025-09-05T08:25:54.000Z,Closed,10,17.74,true,Portal,Medium
AM-SR-000665,AM-CL-0104,E-0279,Reconciliation,2024-12-20T10:08:39.000Z,2024-12-22T19:22:58.000Z,Closed,3,2.6,false,Email,High
AM-SR-000666,AM-CL-0085,E-0267,Performance Report,2025-11-21T15:50:54.000Z,2025-11-24T12:55:27.000Z,Closed,5,3.21,false,Email,Low
AM-SR-000667,AM-CL-0052,E-0285,Compliance Attestation,2026-03-14T08:53:57.000Z,2026-03-26T14:26:13.000Z,Closed,10,12.14,true,Portal,Low
AM-SR-000668,AM-CL-0122,E-0276,Performance Report,2024-09-12T10:41:06.000Z,2024-09-16T14:21:44.000Z,Closed,5,4.87,false,Email,Low
AM-SR-000669,AM-CL-0106,E-0272,Reconciliation,2025-09-12T15:27:36.000Z,2025-09-15T07:55:04.000Z,Closed,3,3.43,true,Portal,Low
AM-SR-000670,AM-CL-0082,E-0275,Onboarding Document,2024-11-04T18:03:05.000Z,2024-11-11T19:49:53.000Z,Closed,7,7.85,true,Portal,Low
AM-SR-000671,AM-CL-0056,E-0288,Cash Movement,2026-01-31T19:44:06.000Z,2026-01-31T14:38:37.000Z,Closed,1,0.57,false,Email,Medium
AM-SR-000672,AM-CL-0039,E-0275,Performance Report,2026-07-12T15:36:24.000Z,2026-07-13T19:16:18.000Z,Closed,5,1.81,false,Email,Medium
AM-SR-000673,AM-CL-0004,E-0272,Cash Movement,2025-06-27T13:14:59.000Z,2025-06-28T14:02:37.000Z,Closed,1,1.04,true,Email,High
AM-SR-000674,AM-CL-0052,E-0285,Reconciliation,2024-12-31T11:06:34.000Z,2025-01-03T18:52:28.000Z,Closed,3,3.03,true,Email,Low
AM-SR-000675,AM-CL-0096,E-0272,Performance Report,2025-05-21T11:06:49.000Z,2025-05-25T15:41:30.000Z,Closed,5,4.54,false,Portal,Low
AM-SR-000676,AM-CL-0085,E-0267,Fee Invoice Question,2025-12-08T10:58:06.000Z,2025-12-11T15:54:17.000Z,Closed,5,3.28,false,Phone,Medium
AM-SR-000677,AM-CL-0052,E-0285,Reconciliation,2026-04-14T07:21:59.000Z,2026-04-18T18:10:16.000Z,Closed,3,4.85,true,Phone,Medium
AM-SR-000678,AM-CL-0110,E-0286,Performance Report,2025-12-25T11:41:22.000Z,2025-12-26T15:32:24.000Z,Closed,5,1.5,false,Portal,Low
AM-SR-000679,AM-CL-0002,E-0268,Fee Invoice Question,2026-04-27T16:11:24.000Z,2026-04-28T18:29:19.000Z,Closed,5,1.7,false,Email,Medium
AM-SR-000680,AM-CL-0098,E-0268,Performance Report,2026-05-07T15:10:48.000Z,2026-05-10T17:33:25.000Z,Closed,5,3.55,false,Email,Medium
AM-SR-000681,AM-CL-0084,E-0287,Reconciliation,2025-09-07T15:02:52.000Z,2025-09-07T19:57:44.000Z,Closed,3,0.49,false,Phone,Medium
AM-SR-000682,AM-CL-0053,E-0271,Cash Movement,2025-05-03T10:17:26.000Z,2025-05-03T08:04:29.000Z,Closed,1,0.81,false,Email,Medium
AM-SR-000683,AM-CL-0095,E-0280,Reconciliation,2025-11-29T09:28:11.000Z,2025-11-30T12:04:51.000Z,Closed,3,1.01,false,Email,Medium
AM-SR-000684,AM-CL-0104,E-0279,Data Feed Issue,2025-08-30T13:43:58.000Z,2025-08-31T09:14:42.000Z,Closed,2,1.39,false,Portal,Medium
AM-SR-000685,AM-CL-0028,E-0279,Performance Report,2025-06-18T17:11:20.000Z,2025-06-19T18:01:23.000Z,Closed,5,1.23,false,Portal,Medium
AM-SR-000686,AM-CL-0100,E-0284,Performance Report,2025-01-09T18:45:26.000Z,2025-01-12T19:35:05.000Z,Closed,5,3.64,false,Email,Medium
AM-SR-000687,AM-CL-0036,E-0267,Performance Report,2025-08-23T11:08:26.000Z,2025-08-24T13:49:45.000Z,Closed,5,1.76,false,Portal,Medium
AM-SR-000688,AM-CL-0046,E-0270,Fee Invoice Question,2025-04-23T15:54:44.000Z,2025-04-25T07:55:35.000Z,Closed,5,2.23,false,Portal,High
AM-SR-000689,AM-CL-0080,E-0275,Fee Invoice Question,2025-04-27T17:05:57.000Z,2025-04-28T09:16:03.000Z,Closed,5,1.88,false,Email,Medium
AM-SR-000690,AM-CL-0096,E-0272,Reconciliation,2025-04-27T15:58:52.000Z,2025-04-28T19:04:07.000Z,Closed,3,1.33,false,Email,Medium
AM-SR-000691,AM-CL-0130,E-0273,Performance Report,2025-09-08T07:15:23.000Z,2025-09-15T15:41:47.000Z,Closed,5,7.4,true,Portal,Low
AM-SR-000692,AM-CL-0123,E-0272,Onboarding Document,2025-02-24T08:20:04.000Z,2025-02-26T13:20:01.000Z,Closed,7,2.88,false,Email,Medium
AM-SR-000693,AM-CL-0036,E-0267,Compliance Attestation,2026-07-29T11:02:28.000Z,2026-08-03T14:31:06.000Z,Closed,10,5.9,false,Phone,Low
AM-SR-000694,AM-CL-0077,E-0282,Onboarding Document,2026-05-12T14:03:29.000Z,2026-05-14T15:53:20.000Z,Closed,7,2.37,false,Portal,Medium
AM-SR-000695,AM-CL-0027,E-0271,Fee Invoice Question,2025-01-24T12:58:02.000Z,2025-01-27T09:32:03.000Z,Closed,5,3.1,false,Email,Medium
AM-SR-000696,AM-CL-0114,E-0278,Onboarding Document,2025-01-12T17:34:17.000Z,2025-01-15T09:42:52.000Z,Closed,7,3.98,false,Portal,Low
AM-SR-000697,AM-CL-0102,E-0277,Reconciliation,2025-11-26T07:59:00.000Z,2025-11-28T08:17:48.000Z,Closed,3,2.31,false,Email,Medium
AM-SR-000698,AM-CL-0018,E-0266,Cash Movement,2024-09-10T13:17:00.000Z,2024-09-10T18:34:30.000Z,Closed,1,0.53,false,Portal,Low
AM-SR-000699,AM-CL-0028,E-0279,Reconciliation,2026-07-26T18:02:34.000Z,2026-07-27T11:25:48.000Z,Closed,3,1.79,false,Portal,High
AM-SR-000700,AM-CL-0115,E-0274,Fee Invoice Question,2025-10-18T12:48:19.000Z,2025-10-21T08:13:25.000Z,Closed,5,3.58,false,Email,Medium
AM-SR-000701,AM-CL-0125,E-0286,Reconciliation,2025-03-30T09:34:01.000Z,2025-04-01T12:02:30.000Z,Closed,3,2.16,false,Email,High
AM-SR-000702,AM-CL-0011,E-0271,Performance Report,2024-12-19T12:49:52.000Z,2024-12-23T19:21:07.000Z,Closed,5,4.63,false,Email,Medium
AM-SR-000703,AM-CL-0102,E-0277,Cash Movement,2026-05-03T13:12:01.000Z,2026-05-03T10:32:37.000Z,Closed,1,0.24,false,Portal,Medium
AM-SR-000704,AM-CL-0043,E-0267,Reconciliation,2025-07-10T12:10:53.000Z,2025-07-16T08:00:57.000Z,Closed,3,6.5,true,Email,Medium
AM-SR-000705,AM-CL-0030,E-0275,Reconciliation,2026-08-25T19:27:13.000Z,2026-08-27T19:06:17.000Z,Closed,3,2.8,false,Phone,Medium
AM-SR-000706,AM-CL-0096,E-0272,Reconciliation,2025-10-20T07:27:49.000Z,2025-10-25T18:40:04.000Z,Closed,3,5.43,true,Portal,Medium
AM-SR-000707,AM-CL-0032,E-0279,Reconciliation,2026-02-01T12:59:00.000Z,2026-02-01T18:24:17.000Z,Closed,3,0.64,false,Portal,Low
AM-SR-000708,AM-CL-0066,E-0278,Performance Report,2025-12-06T15:20:04.000Z,2025-12-11T17:16:23.000Z,Closed,5,5.52,true,Email,Medium
AM-SR-000709,AM-CL-0044,E-0282,Reconciliation,2025-02-07T07:21:15.000Z,2025-02-08T15:11:19.000Z,Closed,3,1.45,false,Portal,Medium
AM-SR-000710,AM-CL-0054,E-0290,Performance Report,2025-04-14T13:07:49.000Z,2025-04-16T17:23:55.000Z,Closed,5,2.68,false,Email,Low
AM-SR-000711,AM-CL-0030,E-0275,Performance Report,2025-05-25T19:31:09.000Z,2025-06-14T08:59:21.000Z,Closed,5,20.18,true,Portal,Low
AM-SR-000712,AM-CL-0034,E-0271,Reconciliation,2024-11-27T11:31:38.000Z,2024-11-30T14:40:43.000Z,Closed,3,3.41,true,Email,Medium
AM-SR-000713,AM-CL-0104,E-0279,Fee Invoice Question,2025-04-16T12:58:02.000Z,2025-04-21T18:11:04.000Z,Closed,5,5.68,true,Portal,Medium
AM-SR-000714,AM-CL-0132,E-0273,Compliance Attestation,2026-02-16T11:44:52.000Z,2026-02-25T10:29:56.000Z,Closed,10,9.91,false,Email,Low
AM-SR-000715,AM-CL-0010,E-0275,Reconciliation,2026-05-02T12:38:53.000Z,2026-05-06T12:08:26.000Z,Closed,3,4.54,true,Email,Medium
AM-SR-000716,AM-CL-0012,E-0289,Reconciliation,2025-12-03T17:33:17.000Z,2025-12-05T12:34:20.000Z,Closed,3,2.94,false,Portal,Low
AM-SR-000717,AM-CL-0014,E-0288,Onboarding Document,2024-09-25T16:48:23.000Z,2024-10-09T09:37:55.000Z,Closed,7,14.8,true,Email,Medium
AM-SR-000718,AM-CL-0074,E-0280,Cash Movement,2025-10-13T15:34:05.000Z,2025-10-14T18:42:05.000Z,Closed,1,1.32,true,Email,Low
AM-SR-000719,AM-CL-0131,E-0285,Cash Movement,2025-03-04T16:24:38.000Z,2025-03-04T10:38:24.000Z,Closed,1,0.98,false,Portal,Medium
AM-SR-000720,AM-CL-0127,E-0266,Fee Invoice Question,2025-02-01T19:44:07.000Z,2025-02-07T17:19:48.000Z,Closed,5,6.06,true,Portal,Medium
AM-SR-000721,AM-CL-0056,E-0288,Data Feed Issue,2025-11-26T18:55:49.000Z,2025-11-28T11:00:27.000Z,Closed,2,2.46,true,Phone,Medium
AM-SR-000722,AM-CL-0011,E-0271,Performance Report,2024-10-30T13:28:52.000Z,2024-10-31T16:36:13.000Z,Closed,5,1.96,false,Email,Medium
AM-SR-000723,AM-CL-0074,E-0280,Fee Invoice Question,2025-12-24T15:21:27.000Z,2025-12-29T16:44:18.000Z,Closed,5,5.82,true,Email,Low
AM-SR-000724,AM-CL-0049,E-0289,Fee Invoice Question,2026-02-23T18:17:54.000Z,2026-03-03T17:10:23.000Z,Closed,5,8.34,true,Email,High
AM-SR-000725,AM-CL-0079,E-0270,Performance Report,2026-01-18T08:24:21.000Z,2026-01-25T09:28:49.000Z,Closed,5,7.8,true,Email,High
AM-SR-000726,AM-CL-0096,E-0272,Onboarding Document,2025-03-19T11:21:29.000Z,2025-03-21T17:14:33.000Z,Closed,7,2.97,false,Email,Medium
AM-SR-000727,AM-CL-0082,E-0275,Cash Movement,2025-09-05T16:52:46.000Z,2025-09-05T18:20:54.000Z,Closed,1,0.91,false,Phone,Low
AM-SR-000728,AM-CL-0011,E-0271,Fee Invoice Question,2024-09-08T09:14:45.000Z,2024-09-11T11:46:08.000Z,Closed,5,3.23,false,Email,Low
AM-SR-000729,AM-CL-0037,E-0282,Performance Report,2026-01-11T07:24:02.000Z,2026-01-15T08:18:25.000Z,Closed,5,4.44,false,Phone,Medium
AM-SR-000730,AM-CL-0050,E-0276,Fee Invoice Question,2024-12-07T09:28:22.000Z,2024-12-10T16:50:15.000Z,Closed,5,3.87,false,Portal,Low
AM-SR-000731,AM-CL-0074,E-0280,Compliance Attestation,2025-12-21T10:42:37.000Z,2025-12-30T10:05:31.000Z,Closed,10,9.33,false,Email,Medium
AM-SR-000732,AM-CL-0129,E-0273,Cash Movement,2024-11-19T13:41:44.000Z,2024-11-19T11:46:52.000Z,Closed,1,0.79,false,Email,Low
AM-SR-000733,AM-CL-0089,E-0280,Performance Report,2024-10-27T07:16:35.000Z,2024-10-30T18:33:10.000Z,Closed,5,3.13,false,Phone,Medium
AM-SR-000734,AM-CL-0091,E-0285,Reconciliation,2025-12-15T17:56:06.000Z,2025-12-15T15:02:30.000Z,Closed,3,0.51,false,Portal,Low
AM-SR-000735,AM-CL-0062,E-0278,Reconciliation,2026-04-12T14:36:50.000Z,2026-04-15T19:46:42.000Z,Closed,3,3.28,true,Phone,High
AM-SR-000736,AM-CL-0100,E-0284,Reconciliation,2025-05-13T19:03:40.000Z,2025-05-14T08:12:26.000Z,Closed,3,1.06,false,Portal,High
AM-SR-000737,AM-CL-0038,E-0288,Reconciliation,2025-02-01T14:12:56.000Z,2025-02-02T11:03:01.000Z,Closed,3,1.55,false,Email,Medium
AM-SR-000738,AM-CL-0010,E-0275,Performance Report,2025-11-11T16:14:45.000Z,2025-11-18T10:58:09.000Z,Closed,5,7.2,true,Email,Low
AM-SR-000739,AM-CL-0060,E-0284,Reconciliation,2026-04-13T15:25:30.000Z,2026-04-14T15:41:39.000Z,Closed,3,1.56,false,Email,Medium
AM-SR-000740,AM-CL-0023,E-0285,Onboarding Document,2025-03-06T16:11:18.000Z,2025-03-07T09:01:12.000Z,Closed,7,1.93,false,Portal,Medium
AM-SR-000741,AM-CL-0049,E-0289,Performance Report,2026-08-10T19:17:12.000Z,2026-08-15T09:43:07.000Z,Closed,5,5.7,true,Portal,Medium
AM-SR-000742,AM-CL-0081,E-0267,Cash Movement,2025-01-18T12:54:31.000Z,2025-01-18T17:15:20.000Z,Closed,1,0.55,false,Email,Medium
AM-SR-000743,AM-CL-0069,E-0274,Reconciliation,2025-12-09T15:57:55.000Z,2025-12-11T13:11:25.000Z,Closed,3,2.94,false,Portal,Medium
AM-SR-000744,AM-CL-0009,E-0279,Cash Movement,2024-10-01T13:32:50.000Z,2024-10-01T15:38:30.000Z,Closed,1,0.5,false,Portal,High
AM-SR-000745,AM-CL-0133,E-0275,Fee Invoice Question,2024-10-31T11:29:35.000Z,2024-11-04T10:39:26.000Z,Closed,5,4.16,false,Portal,Medium
AM-SR-000746,AM-CL-0007,E-0280,Fee Invoice Question,2024-09-30T14:01:32.000Z,2024-10-01T13:44:11.000Z,Closed,5,1.99,false,Email,Medium
AM-SR-000747,AM-CL-0070,E-0282,Fee Invoice Question,2024-12-07T19:29:23.000Z,2024-12-09T08:48:06.000Z,Closed,5,2.04,false,Email,Medium
AM-SR-000748,AM-CL-0139,E-0266,Cash Movement,2026-05-25T09:05:32.000Z,2026-05-28T16:58:15.000Z,Closed,1,3.2,true,Portal,Medium
AM-SR-000749,AM-CL-0091,E-0285,Reconciliation,2026-01-12T17:35:09.000Z,2026-01-26T07:11:16.000Z,Closed,3,14.22,true,Email,High
AM-SR-000750,AM-CL-0127,E-0266,Reconciliation,2025-06-16T11:56:34.000Z,2025-06-16T09:08:41.000Z,Closed,3,0.45,false,Portal,High
AM-SR-000751,AM-CL-0134,E-0281,Performance Report,2025-11-22T18:02:05.000Z,2025-11-24T19:07:49.000Z,Closed,5,2.45,false,Portal,Low
AM-SR-000752,AM-CL-0047,E-0266,Reconciliation,2025-12-05T16:55:28.000Z,2025-12-06T08:37:13.000Z,Closed,3,1.92,false,Phone,Medium
AM-SR-000753,AM-CL-0086,E-0268,Reconciliation,2025-05-12T10:46:55.000Z,2025-05-13T14:27:50.000Z,Closed,3,1.1,false,Email,Medium
AM-SR-000754,AM-CL-0093,E-0275,Performance Report,2025-06-27T13:42:23.000Z,2025-06-28T07:03:26.000Z,Closed,5,1.47,false,Portal,Low
AM-SR-000755,AM-CL-0081,E-0267,Data Feed Issue,2025-10-25T12:38:02.000Z,2025-10-25T15:42:10.000Z,Closed,2,0.89,false,Email,High
AM-SR-000756,AM-CL-0084,E-0287,Fee Invoice Question,2025-12-12T09:25:36.000Z,2025-12-18T16:15:50.000Z,Closed,5,6.83,true,Phone,Medium
AM-SR-000757,AM-CL-0002,E-0268,Performance Report,2026-07-07T08:23:00.000Z,2026-07-09T15:53:57.000Z,Closed,5,2.07,false,Portal,Low
AM-SR-000758,AM-CL-0012,E-0289,Reconciliation,2025-10-15T12:44:02.000Z,2025-10-16T14:01:42.000Z,Closed,3,1.97,false,Phone,Medium
AM-SR-000759,AM-CL-0038,E-0288,Performance Report,2026-06-10T10:51:12.000Z,2026-06-13T15:24:54.000Z,Closed,5,3.13,false,Phone,Medium
AM-SR-000760,AM-CL-0036,E-0267,Reconciliation,2025-01-23T16:26:19.000Z,2025-01-24T15:55:45.000Z,Closed,3,1.06,false,Email,Medium
AM-SR-000761,AM-CL-0047,E-0266,Compliance Attestation,2026-04-26T12:40:04.000Z,2026-04-28T17:19:41.000Z,Closed,10,2.57,false,Portal,Medium
AM-SR-000762,AM-CL-0028,E-0279,Reconciliation,2024-12-21T09:22:41.000Z,2024-12-22T07:15:26.000Z,Closed,3,1.77,false,Phone,Medium
AM-SR-000763,AM-CL-0067,E-0275,Fee Invoice Question,2025-08-19T08:18:51.000Z,2025-08-23T15:45:38.000Z,Closed,5,4.92,false,Portal,Low
AM-SR-000764,AM-CL-0093,E-0275,Performance Report,2026-08-22T19:38:31.000Z,2026-08-25T08:16:06.000Z,Closed,5,3.23,false,Phone,Medium
AM-SR-000765,AM-CL-0084,E-0287,Reconciliation,2025-11-21T08:17:01.000Z,2025-11-22T13:09:21.000Z,Closed,3,1.49,false,Email,Low
AM-SR-000766,AM-CL-0095,E-0280,Compliance Attestation,2024-10-07T10:29:29.000Z,2024-10-11T19:25:40.000Z,Closed,10,4.65,false,Email,Medium
AM-SR-000767,AM-CL-0116,E-0272,Cash Movement,2026-03-10T13:49:31.000Z,2026-03-10T16:30:49.000Z,Closed,1,0.66,false,Portal,Medium
AM-SR-000768,AM-CL-0024,E-0282,Onboarding Document,2026-06-06T11:05:43.000Z,2026-06-18T11:52:11.000Z,Closed,7,12.68,true,Email,Low
AM-SR-000769,AM-CL-0081,E-0267,Performance Report,2025-07-09T19:38:36.000Z,2025-07-15T10:57:01.000Z,Closed,5,6.55,true,Email,High
AM-SR-000770,AM-CL-0030,E-0275,Performance Report,2026-04-10T09:36:31.000Z,2026-04-12T09:26:01.000Z,Closed,5,2.68,false,Portal,Medium
AM-SR-000771,AM-CL-0104,E-0279,Onboarding Document,2026-07-05T09:21:14.000Z,2026-07-10T13:20:03.000Z,Closed,7,5.31,false,Portal,Medium
AM-SR-000772,AM-CL-0079,E-0270,Performance Report,2026-01-15T15:37:33.000Z,2026-01-17T17:01:37.000Z,Closed,5,2.07,false,Phone,Low
AM-SR-000773,AM-CL-0058,E-0280,Fee Invoice Question,2025-10-24T15:16:48.000Z,2025-10-29T19:52:15.000Z,Closed,5,5.12,true,Portal,High
AM-SR-000774,AM-CL-0066,E-0278,Fee Invoice Question,2024-10-05T07:07:47.000Z,2024-10-06T18:50:55.000Z,Closed,5,1.35,false,Portal,Medium
AM-SR-000775,AM-CL-0011,E-0271,Reconciliation,2026-05-24T13:15:57.000Z,2026-05-24T09:58:03.000Z,Closed,3,0.9,false,Email,Low
AM-SR-000776,AM-CL-0127,E-0266,Performance Report,2026-03-27T14:58:41.000Z,2026-03-29T13:22:21.000Z,Closed,5,2.47,false,Portal,Low
AM-SR-000777,AM-CL-0017,E-0281,Performance Report,2025-03-07T09:42:46.000Z,2025-03-11T15:11:38.000Z,Closed,5,4.98,false,Portal,Medium
AM-SR-000778,AM-CL-0137,E-0284,Cash Movement,2026-08-22T08:02:39.000Z,2026-08-22T15:49:09.000Z,Closed,1,0.86,false,Email,Low
AM-SR-000779,AM-CL-0010,E-0275,Fee Invoice Question,2025-03-04T14:55:51.000Z,2025-03-09T17:19:34.000Z,Closed,5,5.61,true,Email,High
AM-SR-000780,AM-CL-0064,E-0274,Onboarding Document,2025-02-13T15:57:44.000Z,2025-02-14T18:20:10.000Z,Closed,7,1.35,false,Email,Medium
AM-SR-000781,AM-CL-0047,E-0266,Performance Report,2026-01-14T19:47:12.000Z,2026-01-20T17:43:16.000Z,Closed,5,6.72,true,Portal,Low
AM-SR-000782,AM-CL-0064,E-0274,Reconciliation,2025-06-20T15:56:45.000Z,2025-06-23T18:24:46.000Z,Closed,3,3.06,true,Email,Low
AM-SR-000783,AM-CL-0112,E-0289,Cash Movement,2026-07-23T10:41:52.000Z,2026-07-23T09:13:30.000Z,Closed,1,0.36,false,Portal,Low
AM-SR-000784,AM-CL-0086,E-0268,Reconciliation,2026-06-04T18:12:16.000Z,2026-06-05T08:59:08.000Z,Closed,3,1.47,false,Phone,High
AM-SR-000785,AM-CL-0108,E-0272,Compliance Attestation,2026-01-31T12:51:30.000Z,2026-02-05T17:59:41.000Z,Closed,10,5.56,false,Email,Low
AM-SR-000786,AM-CL-0113,E-0270,Reconciliation,2025-03-22T10:01:46.000Z,2025-03-28T13:47:16.000Z,Closed,3,6.39,true,Email,High
AM-SR-000787,AM-CL-0009,E-0279,Performance Report,2026-05-26T16:02:01.000Z,2026-05-31T17:06:50.000Z,Closed,5,5.89,true,Email,Medium
AM-SR-000788,AM-CL-0039,E-0275,Performance Report,2024-09-20T15:39:24.000Z,2024-09-21T09:46:54.000Z,Closed,5,1.45,false,Email,Medium
AM-SR-000789,AM-CL-0043,E-0267,Performance Report,2025-07-08T16:22:30.000Z,2025-07-10T19:39:04.000Z,Closed,5,2.41,false,Email,Medium
AM-SR-000790,AM-CL-0102,E-0277,Onboarding Document,2024-12-24T08:51:53.000Z,2025-01-05T15:16:38.000Z,Closed,7,12.54,true,Email,Low
AM-SR-000791,AM-CL-0046,E-0270,Reconciliation,2025-08-17T18:29:41.000Z,2025-08-20T09:10:25.000Z,Closed,3,3.23,true,Email,Medium
AM-SR-000792,AM-CL-0016,E-0269,Reconciliation,2026-02-08T10:50:30.000Z,2026-02-08T16:46:14.000Z,Closed,3,0.69,false,Email,High
AM-SR-000793,AM-CL-0028,E-0279,Reconciliation,2025-09-10T14:14:11.000Z,2025-09-12T09:59:02.000Z,Closed,3,2.33,false,Email,Low
AM-SR-000794,AM-CL-0004,E-0272,Cash Movement,2025-06-23T16:57:25.000Z,2025-06-24T17:06:32.000Z,Closed,1,1.92,true,Phone,Medium
AM-SR-000795,AM-CL-0055,E-0268,Performance Report,2024-10-27T16:30:43.000Z,2024-10-29T10:28:33.000Z,Closed,5,2.99,false,Email,Medium
AM-SR-000796,AM-CL-0115,E-0274,Reconciliation,2026-01-24T12:17:33.000Z,2026-01-25T16:59:42.000Z,Closed,3,1.87,false,Email,Medium
AM-SR-000797,AM-CL-0031,E-0276,Fee Invoice Question,2025-07-23T16:59:47.000Z,2025-07-25T17:52:29.000Z,Closed,5,2.23,false,Email,Medium
AM-SR-000798,AM-CL-0018,E-0266,Performance Report,2025-01-12T16:15:02.000Z,2025-01-14T09:34:43.000Z,Closed,5,2.59,false,Email,Low
AM-SR-000799,AM-CL-0005,E-0277,Performance Report,2024-12-03T10:49:10.000Z,2024-12-06T18:51:04.000Z,Closed,5,3.52,false,Email,Low
AM-SR-000800,AM-CL-0062,E-0278,Cash Movement,2024-12-21T12:06:19.000Z,2024-12-21T15:39:15.000Z,Closed,1,0.73,false,Phone,Medium
AM-SR-000801,AM-CL-0051,E-0272,Performance Report,2025-01-24T15:03:34.000Z,2025-01-26T10:10:59.000Z,Closed,5,2.74,false,Email,Medium
AM-SR-000802,AM-CL-0134,E-0281,Performance Report,2025-01-29T13:22:02.000Z,2025-02-03T14:36:36.000Z,Closed,5,5.91,true,Email,Medium
AM-SR-000803,AM-CL-0125,E-0286,Cash Movement,2024-12-18T14:28:54.000Z,2024-12-19T08:06:54.000Z,Closed,1,1.89,true,Email,Medium
AM-SR-000804,AM-CL-0012,E-0289,Performance Report,2025-11-09T11:10:22.000Z,2025-11-10T19:49:01.000Z,Closed,5,1.44,false,Portal,High
AM-SR-000805,AM-CL-0017,E-0281,Reconciliation,2025-06-09T19:25:11.000Z,2025-06-11T10:35:07.000Z,Closed,3,2.21,false,Portal,Medium
AM-SR-000806,AM-CL-0062,E-0278,Reconciliation,2026-04-06T19:49:41.000Z,2026-04-10T18:05:53.000Z,Closed,3,4.08,true,Email,Low
AM-SR-000807,AM-CL-0006,E-0284,Performance Report,2024-10-21T12:27:30.000Z,2024-10-26T18:20:22.000Z,Closed,5,5.17,true,Email,Medium
AM-SR-000808,AM-CL-0120,E-0279,Compliance Attestation,2025-07-02T13:33:37.000Z,2025-07-09T12:47:18.000Z,Closed,10,7.1,false,Portal,Medium
AM-SR-000809,AM-CL-0068,E-0283,Reconciliation,2025-07-16T11:06:22.000Z,2025-07-17T18:19:39.000Z,Closed,3,1.05,false,Email,Medium
AM-SR-000810,AM-CL-0043,E-0267,Cash Movement,2025-02-18T11:44:14.000Z,2025-02-19T09:00:26.000Z,Closed,1,1.14,true,Portal,Low
AM-SR-000811,AM-CL-0017,E-0281,Reconciliation,2026-06-23T09:09:18.000Z,2026-06-24T11:42:12.000Z,Closed,3,1.85,false,Email,Medium
AM-SR-000812,AM-CL-0102,E-0277,Reconciliation,2025-03-17T12:05:28.000Z,2025-03-18T13:10:37.000Z,Closed,3,1.58,false,Email,Low
AM-SR-000813,AM-CL-0123,E-0272,Performance Report,2026-02-22T11:47:48.000Z,2026-03-04T15:17:40.000Z,Closed,5,10.1,true,Portal,Low
AM-SR-000814,AM-CL-0021,E-0286,Performance Report,2024-09-25T12:36:02.000Z,2024-09-27T07:19:30.000Z,Closed,5,2.66,false,Portal,High
AM-SR-000815,AM-CL-0108,E-0272,Performance Report,2026-02-18T14:28:34.000Z,2026-02-25T10:30:05.000Z,Closed,5,7.65,true,Email,High
AM-SR-000816,AM-CL-0051,E-0272,Performance Report,2024-09-22T07:05:06.000Z,2024-09-25T13:21:01.000Z,Closed,5,3.08,false,Email,Medium
AM-SR-000817,AM-CL-0104,E-0279,Cash Movement,2024-10-21T10:48:33.000Z,2024-10-21T11:06:28.000Z,Closed,1,0.93,false,Email,Low
AM-SR-000818,AM-CL-0034,E-0271,Reconciliation,2025-01-30T11:27:45.000Z,2025-02-02T13:57:06.000Z,Closed,3,3.94,true,Email,Low
AM-SR-000819,AM-CL-0039,E-0275,Fee Invoice Question,2026-07-17T19:51:03.000Z,2026-07-18T11:25:53.000Z,Closed,5,1.01,false,Portal,High
AM-SR-000820,AM-CL-0001,E-0279,Performance Report,2026-05-02T08:53:46.000Z,2026-05-18T11:36:29.000Z,Closed,5,16.6,true,Email,Low
AM-SR-000821,AM-CL-0082,E-0275,Compliance Attestation,2024-10-14T14:54:12.000Z,2024-10-28T12:55:11.000Z,Closed,10,14.13,true,Portal,Medium
AM-SR-000822,AM-CL-0113,E-0270,Performance Report,2025-04-17T12:40:09.000Z,2025-04-20T07:32:40.000Z,Closed,5,3.99,false,Email,High
AM-SR-000823,AM-CL-0113,E-0270,Performance Report,2025-09-10T14:02:44.000Z,2025-09-14T09:55:58.000Z,Closed,5,4.02,false,Portal,Medium
AM-SR-000824,AM-CL-0136,E-0287,Performance Report,2025-04-20T19:43:08.000Z,2025-04-26T09:31:22.000Z,Closed,5,6.89,true,Portal,High
AM-SR-000825,AM-CL-0038,E-0288,Cash Movement,2025-07-30T08:32:40.000Z,2025-07-31T18:59:27.000Z,Closed,1,1.21,true,Email,Medium
AM-SR-000826,AM-CL-0126,E-0270,Performance Report,2026-06-04T08:11:07.000Z,2026-06-06T08:48:41.000Z,Closed,5,2.96,false,Email,Medium
AM-SR-000827,AM-CL-0005,E-0277,Performance Report,2026-07-29T15:52:18.000Z,2026-07-30T12:04:18.000Z,Closed,5,1.73,false,Portal,Low
AM-SR-000828,AM-CL-0052,E-0285,Performance Report,2026-08-03T09:03:56.000Z,2026-08-09T09:42:37.000Z,Closed,5,6.32,true,Email,Low
AM-SR-000829,AM-CL-0043,E-0267,Compliance Attestation,2025-09-18T08:51:41.000Z,2025-09-27T07:58:51.000Z,Closed,10,9.04,false,Portal,Medium
AM-SR-000830,AM-CL-0035,E-0267,Data Feed Issue,2024-11-20T13:32:09.000Z,2024-11-21T16:21:36.000Z,Closed,2,1.72,false,Email,Medium
AM-SR-000831,AM-CL-0018,E-0266,Reconciliation,2025-03-15T13:27:28.000Z,2025-03-18T13:49:08.000Z,Closed,3,3.09,true,Email,Medium
AM-SR-000832,AM-CL-0064,E-0274,Data Feed Issue,2024-11-01T12:42:44.000Z,2024-11-01T12:12:58.000Z,Closed,2,0.47,false,Phone,Medium
AM-SR-000833,AM-CL-0061,E-0290,Performance Report,2024-09-25T15:36:05.000Z,2024-09-26T08:51:29.000Z,Closed,5,1.93,false,Email,High
AM-SR-000834,AM-CL-0051,E-0272,Performance Report,2026-01-22T07:10:52.000Z,2026-01-23T19:41:55.000Z,Closed,5,1.83,false,Email,High
AM-SR-000835,AM-CL-0079,E-0270,Performance Report,2024-10-14T18:49:57.000Z,2024-10-17T17:33:03.000Z,Closed,5,3.32,false,Email,Medium
AM-SR-000836,AM-CL-0109,E-0288,Compliance Attestation,2025-04-05T10:53:46.000Z,2025-04-09T12:30:46.000Z,Closed,10,4.68,false,Portal,Low
AM-SR-000837,AM-CL-0099,E-0279,Compliance Attestation,2026-03-11T12:32:14.000Z,2026-03-14T19:05:25.000Z,Closed,10,3.2,false,Email,Low
AM-SR-000838,AM-CL-0119,E-0285,Fee Invoice Question,2026-03-25T11:34:26.000Z,2026-03-31T12:33:10.000Z,Closed,5,6.1,true,Email,High
AM-SR-000839,AM-CL-0044,E-0282,Cash Movement,2025-03-13T07:47:23.000Z,2025-03-13T13:42:33.000Z,Closed,1,0.94,false,Email,Low
AM-SR-000840,AM-CL-0025,E-0287,Onboarding Document,2024-10-11T10:08:41.000Z,2024-10-20T09:01:23.000Z,Closed,7,9.74,true,Portal,Low
AM-SR-000841,AM-CL-0119,E-0285,Performance Report,2025-12-16T08:31:15.000Z,2025-12-19T08:02:43.000Z,Closed,5,3.27,false,Email,High
AM-SR-000842,AM-CL-0055,E-0268,Performance Report,2024-10-29T14:03:29.000Z,2024-11-04T11:34:49.000Z,Closed,5,6.13,true,Phone,Low
AM-SR-000843,AM-CL-0113,E-0270,Reconciliation,2026-01-07T15:17:46.000Z,2026-01-16T12:47:51.000Z,Closed,3,9.97,true,Email,Medium
AM-SR-000844,AM-CL-0070,E-0282,Data Feed Issue,2025-12-20T15:45:59.000Z,2025-12-22T11:12:06.000Z,Closed,2,2.08,true,Phone,Low
AM-SR-000845,AM-CL-0015,E-0287,Performance Report,2026-02-21T19:11:55.000Z,2026-02-25T14:40:15.000Z,Closed,5,4.39,false,Portal,Low
AM-SR-000846,AM-CL-0002,E-0268,Performance Report,2025-12-22T14:05:16.000Z,2025-12-23T07:18:19.000Z,Closed,5,1.37,false,Email,High
AM-SR-000847,AM-CL-0057,E-0281,Fee Invoice Question,2025-08-27T12:16:09.000Z,2025-08-30T18:54:22.000Z,Closed,5,3.55,false,Portal,Medium
AM-SR-000848,AM-CL-0119,E-0285,Onboarding Document,2025-09-03T13:09:58.000Z,2025-09-06T12:22:34.000Z,Closed,7,3.84,false,Email,High
AM-SR-000849,AM-CL-0108,E-0272,Performance Report,2026-02-15T17:50:02.000Z,2026-02-16T17:19:22.000Z,Closed,5,1.69,false,Portal,Medium
AM-SR-000850,AM-CL-0097,E-0289,Cash Movement,2025-02-23T19:23:54.000Z,2025-02-23T19:59:04.000Z,Closed,1,0.5,false,Email,Medium
AM-SR-000851,AM-CL-0021,E-0286,Data Feed Issue,2026-05-06T15:48:14.000Z,2026-05-07T14:00:30.000Z,Closed,2,1.45,false,Email,Low
AM-SR-000852,AM-CL-0127,E-0266,Compliance Attestation,2025-07-03T16:06:41.000Z,2025-07-07T14:17:20.000Z,Closed,10,4.26,false,Email,Medium
AM-SR-000853,AM-CL-0138,E-0271,Reconciliation,2025-03-29T10:16:48.000Z,2025-04-05T19:17:54.000Z,Closed,3,7.17,true,Email,Low
AM-SR-000854,AM-CL-0082,E-0275,Performance Report,2026-07-07T13:07:40.000Z,2026-07-11T16:26:29.000Z,Closed,5,4.67,false,Email,High
AM-SR-000855,AM-CL-0025,E-0287,Performance Report,2025-06-04T08:24:13.000Z,2025-06-11T09:56:39.000Z,Closed,5,7.14,true,Email,Low
AM-SR-000856,AM-CL-0128,E-0286,Cash Movement,2025-04-01T11:55:18.000Z,2025-04-01T15:49:49.000Z,Closed,1,0.22,false,Email,Low
AM-SR-000857,AM-CL-0127,E-0266,Reconciliation,2025-07-19T18:10:06.000Z,2025-07-20T12:33:21.000Z,Closed,3,1.65,false,Portal,Low
AM-SR-000858,AM-CL-0106,E-0272,Reconciliation,2025-08-30T07:47:08.000Z,2025-08-31T14:07:39.000Z,Closed,3,1.44,false,Email,High
AM-SR-000859,AM-CL-0014,E-0288,Cash Movement,2025-10-18T18:44:15.000Z,2025-10-18T17:05:31.000Z,Closed,1,0.5,false,Phone,High
AM-SR-000860,AM-CL-0082,E-0275,Reconciliation,2024-10-26T09:54:15.000Z,2024-10-29T16:01:42.000Z,Closed,3,3.51,true,Email,Medium
AM-SR-000861,AM-CL-0001,E-0279,Performance Report,2026-04-24T16:58:00.000Z,2026-04-27T09:50:53.000Z,Closed,5,3.56,false,Email,Medium
AM-SR-000862,AM-CL-0082,E-0275,Data Feed Issue,2026-06-17T10:53:17.000Z,2026-06-20T10:33:36.000Z,Closed,2,3.05,true,Email,High
AM-SR-000863,AM-CL-0048,E-0284,Fee Invoice Question,2024-11-06T17:14:43.000Z,2024-11-10T10:37:44.000Z,Closed,5,4.92,false,Phone,Medium
AM-SR-000864,AM-CL-0026,E-0266,Reconciliation,2026-06-16T19:07:02.000Z,2026-06-17T09:20:43.000Z,Closed,3,1.47,false,Email,Medium
AM-SR-000865,AM-CL-0118,E-0274,Performance Report,2026-02-20T18:31:02.000Z,2026-02-22T18:27:03.000Z,Closed,5,2.92,false,Portal,High
AM-SR-000866,AM-CL-0091,E-0285,Reconciliation,2026-05-14T19:54:54.000Z,2026-05-15T15:41:26.000Z,Closed,3,1.53,false,Email,Medium
AM-SR-000867,AM-CL-0084,E-0287,Data Feed Issue,2026-06-11T07:28:30.000Z,2026-06-14T13:22:01.000Z,Closed,2,3.42,true,Email,Low
AM-SR-000868,AM-CL-0059,E-0273,Performance Report,2024-12-17T17:00:25.000Z,2024-12-23T11:28:45.000Z,Closed,5,6.26,true,Portal,Medium
AM-SR-000869,AM-CL-0049,E-0289,Compliance Attestation,2025-09-15T19:55:51.000Z,2025-09-21T15:13:34.000Z,Closed,10,6.32,false,Portal,Medium
AM-SR-000870,AM-CL-0050,E-0276,Compliance Attestation,2025-04-21T14:33:40.000Z,2025-05-04T10:21:30.000Z,Closed,10,13.01,true,Portal,High
AM-SR-000871,AM-CL-0041,E-0279,Performance Report,2024-11-03T19:29:07.000Z,2024-11-06T10:35:44.000Z,Closed,5,3.08,false,Email,High
AM-SR-000872,AM-CL-0109,E-0288,Fee Invoice Question,2025-05-10T13:15:42.000Z,2025-05-12T15:13:45.000Z,Closed,5,2.26,false,Email,Medium
AM-SR-000873,AM-CL-0062,E-0278,Compliance Attestation,2025-03-30T09:28:41.000Z,2025-04-02T18:34:14.000Z,Closed,10,3.23,false,Portal,Medium
AM-SR-000874,AM-CL-0126,E-0270,Performance Report,2025-11-26T07:31:09.000Z,2025-12-05T13:34:11.000Z,Closed,5,9.52,true,Email,Low
AM-SR-000875,AM-CL-0062,E-0278,Reconciliation,2025-05-11T18:09:42.000Z,2025-05-14T15:51:47.000Z,Closed,3,3.22,true,Email,Low
AM-SR-000876,AM-CL-0080,E-0275,Performance Report,2026-04-15T18:45:28.000Z,2026-04-19T12:03:55.000Z,Closed,5,4.89,false,Email,Low
AM-SR-000877,AM-CL-0037,E-0282,Performance Report,2025-09-06T10:15:00.000Z,2025-09-10T08:00:46.000Z,Closed,5,4.21,false,Portal,High
AM-SR-000878,AM-CL-0051,E-0272,Cash Movement,2026-04-05T19:57:51.000Z,2026-04-05T16:46:42.000Z,Closed,1,0.69,false,Email,Low
AM-SR-000879,AM-CL-0110,E-0286,Reconciliation,2025-01-18T08:24:06.000Z,2025-01-24T19:19:44.000Z,Closed,3,6.08,true,Portal,Low
AM-SR-000880,AM-CL-0128,E-0286,Performance Report,2025-07-13T07:21:38.000Z,2025-07-20T09:55:23.000Z,Closed,5,8.0,true,Email,Medium
AM-SR-000881,AM-CL-0039,E-0275,Fee Invoice Question,2024-10-11T14:51:51.000Z,2024-10-12T13:41:00.000Z,Closed,5,1.63,false,Portal,Low
AM-SR-000882,AM-CL-0069,E-0274,Onboarding Document,2025-10-20T14:42:12.000Z,2025-10-25T09:54:59.000Z,Closed,7,5.81,false,Portal,Medium
AM-SR-000883,AM-CL-0029,E-0266,Onboarding Document,2026-06-16T14:55:52.000Z,2026-06-20T14:56:19.000Z,Closed,7,4.2,false,Portal,Low
AM-SR-000884,AM-CL-0017,E-0281,Performance Report,2025-12-21T16:54:03.000Z,2025-12-23T19:14:18.000Z,Closed,5,2.15,false,Email,Low
AM-SR-000885,AM-CL-0093,E-0275,Fee Invoice Question,2025-11-02T10:54:49.000Z,2025-11-04T10:51:46.000Z,Closed,5,2.76,false,Email,Low
AM-SR-000886,AM-CL-0022,E-0273,Performance Report,2025-04-04T18:38:09.000Z,2025-04-05T08:35:57.000Z,Closed,5,1.66,false,Email,Low
AM-SR-000887,AM-CL-0014,E-0288,Cash Movement,2025-06-08T11:08:49.000Z,2025-06-08T07:52:07.000Z,Closed,1,0.33,false,Email,High
AM-SR-000888,AM-CL-0108,E-0272,Data Feed Issue,2026-05-16T19:19:50.000Z,2026-05-19T18:48:05.000Z,Closed,2,3.6,true,Portal,Medium
AM-SR-000889,AM-CL-0100,E-0284,Reconciliation,2025-06-18T15:26:21.000Z,2025-06-19T17:20:53.000Z,Closed,3,1.11,false,Email,Medium
AM-SR-000890,AM-CL-0002,E-0268,Performance Report,2025-07-09T14:29:29.000Z,2025-07-10T14:51:10.000Z,Closed,5,1.61,false,Phone,Low
AM-SR-000891,AM-CL-0040,E-0268,Performance Report,2024-09-08T08:08:09.000Z,2024-09-14T19:30:04.000Z,Closed,5,6.05,true,Email,Medium
AM-SR-000892,AM-CL-0027,E-0271,Performance Report,2026-08-12T15:58:08.000Z,2026-08-14T16:34:58.000Z,Closed,5,2.07,false,Email,Medium
AM-SR-000893,AM-CL-0068,E-0283,Cash Movement,2026-03-17T10:41:43.000Z,2026-03-18T12:10:37.000Z,Closed,1,1.11,true,Email,Low
AM-SR-000894,AM-CL-0053,E-0271,Performance Report,2025-08-21T16:16:29.000Z,2025-09-06T13:17:12.000Z,Closed,5,16.37,true,Email,Medium
AM-SR-000895,AM-CL-0069,E-0274,Performance Report,2024-10-01T18:20:22.000Z,2024-10-04T14:08:50.000Z,Closed,5,3.34,false,Email,Medium
AM-SR-000896,AM-CL-0085,E-0267,Onboarding Document,2026-08-23T07:42:00.000Z,2026-08-29T07:55:12.000Z,Closed,7,6.49,false,Phone,Low
AM-SR-000897,AM-CL-0006,E-0284,Reconciliation,2025-03-04T13:01:08.000Z,2025-03-05T11:46:32.000Z,Closed,3,1.56,false,Phone,Medium
AM-SR-000898,AM-CL-0081,E-0267,Compliance Attestation,2025-04-10T08:27:50.000Z,2025-04-29T18:31:32.000Z,Closed,10,19.1,true,Email,High
AM-SR-000899,AM-CL-0008,E-0279,Cash Movement,2025-05-24T19:33:17.000Z,2025-05-24T16:06:36.000Z,Closed,1,0.69,false,Email,Medium
AM-SR-000900,AM-CL-0071,E-0279,Onboarding Document,2026-06-02T18:19:59.000Z,2026-06-06T16:24:54.000Z,Closed,7,4.47,false,Portal,Low
AM-SR-000901,AM-CL-0102,E-0277,Performance Report,2025-07-13T18:17:50.000Z,2025-07-16T16:13:01.000Z,Closed,5,3.82,false,Email,Low
AM-SR-000902,AM-CL-0058,E-0280,Reconciliation,2025-06-04T10:38:53.000Z,2025-06-07T16:45:41.000Z,Closed,3,3.29,true,Email,Medium
AM-SR-000903,AM-CL-0025,E-0287,Cash Movement,2026-04-27T14:40:41.000Z,2026-04-27T11:33:16.000Z,Closed,1,0.32,false,Email,Low
AM-SR-000904,AM-CL-0104,E-0279,Cash Movement,2025-05-18T12:34:26.000Z,2025-05-18T16:14:57.000Z,Closed,1,0.1,false,Portal,Medium
AM-SR-000905,AM-CL-0084,E-0287,Compliance Attestation,2025-01-28T13:22:25.000Z,2025-02-10T18:17:56.000Z,Closed,10,13.87,true,Phone,Low
AM-SR-000906,AM-CL-0069,E-0274,Data Feed Issue,2024-10-10T19:48:16.000Z,2024-10-11T09:38:34.000Z,Closed,2,1.51,false,Email,Medium
AM-SR-000907,AM-CL-0139,E-0266,Fee Invoice Question,2025-10-05T15:40:40.000Z,2025-10-09T08:42:33.000Z,Closed,5,4.3,false,Email,Low
AM-SR-000908,AM-CL-0025,E-0287,Reconciliation,2025-09-09T17:19:49.000Z,2025-09-11T09:58:29.000Z,Closed,3,2.72,false,Email,Low
AM-SR-000909,AM-CL-0012,E-0289,Performance Report,2026-08-02T12:38:12.000Z,2026-08-05T11:34:44.000Z,Closed,5,3.23,false,Email,Low
AM-SR-000910,AM-CL-0084,E-0287,Performance Report,2026-08-28T15:54:38.000Z,,In Progress,5,,true,Email,Low
AM-SR-000911,AM-CL-0098,E-0268,Cash Movement,2025-12-16T08:03:54.000Z,2025-12-16T12:16:19.000Z,Closed,1,0.63,false,Phone,Medium
AM-SR-000912,AM-CL-0044,E-0282,Performance Report,2025-12-15T10:04:59.000Z,2025-12-19T10:31:42.000Z,Closed,5,4.31,false,Email,Low
AM-SR-000913,AM-CL-0096,E-0272,Performance Report,2026-01-20T10:57:36.000Z,2026-01-26T19:42:14.000Z,Closed,5,6.3,true,Portal,Low
AM-SR-000914,AM-CL-0033,E-0266,Cash Movement,2025-11-05T11:46:11.000Z,2025-11-05T14:09:11.000Z,Closed,1,0.26,false,Phone,Low
AM-SR-000915,AM-CL-0074,E-0280,Compliance Attestation,2025-08-14T19:33:28.000Z,2025-08-31T15:38:12.000Z,Closed,10,17.42,true,Email,Low
AM-SR-000916,AM-CL-0110,E-0286,Performance Report,2025-03-09T11:28:02.000Z,2025-03-13T14:19:16.000Z,Closed,5,4.23,false,Email,Low
AM-SR-000917,AM-CL-0111,E-0270,Cash Movement,2026-01-07T08:09:59.000Z,2026-01-08T12:32:51.000Z,Closed,1,1.15,true,Portal,Low
AM-SR-000918,AM-CL-0085,E-0267,Compliance Attestation,2025-08-10T07:49:24.000Z,2025-08-24T16:26:10.000Z,Closed,10,14.98,true,Email,Medium
AM-SR-000919,AM-CL-0006,E-0284,Reconciliation,2026-07-27T07:46:38.000Z,2026-07-29T10:45:04.000Z,Closed,3,2.93,false,Email,Low
AM-SR-000920,AM-CL-0086,E-0268,Onboarding Document,2026-02-23T13:43:33.000Z,2026-02-24T19:05:11.000Z,Closed,7,1.77,false,Email,Medium
AM-SR-000921,AM-CL-0008,E-0279,Cash Movement,2024-12-06T15:40:21.000Z,2024-12-06T15:16:04.000Z,Closed,1,0.68,false,Email,Low
AM-SR-000922,AM-CL-0086,E-0268,Performance Report,2025-03-20T11:14:47.000Z,2025-03-26T07:00:04.000Z,Closed,5,6.64,true,Phone,Medium
AM-SR-000923,AM-CL-0096,E-0272,Compliance Attestation,2026-08-31T13:11:08.000Z,,Open,10,,false,Email,Low
AM-SR-000924,AM-CL-0124,E-0270,Reconciliation,2024-10-10T18:50:06.000Z,2024-10-13T13:27:24.000Z,Closed,3,3.56,true,Email,High
AM-SR-000925,AM-CL-0053,E-0271,Fee Invoice Question,2024-11-09T15:50:56.000Z,2024-11-15T19:18:54.000Z,Closed,5,6.84,true,Email,Low
AM-SR-000926,AM-CL-0114,E-0278,Onboarding Document,2025-08-23T17:43:14.000Z,2025-08-31T12:15:33.000Z,Closed,7,8.49,true,Phone,Medium
AM-SR-000927,AM-CL-0124,E-0270,Performance Report,2026-03-04T18:15:35.000Z,2026-03-07T11:46:32.000Z,Closed,5,3.36,false,Email,Medium
AM-SR-000928,AM-CL-0113,E-0270,Onboarding Document,2025-08-25T19:33:48.000Z,2025-09-05T15:19:59.000Z,Closed,7,11.32,true,Email,Medium
AM-SR-000929,AM-CL-0114,E-0278,Performance Report,2026-07-08T19:15:33.000Z,2026-07-12T10:01:22.000Z,Closed,5,4.14,false,Email,High
AM-SR-000930,AM-CL-0071,E-0279,Reconciliation,2024-12-07T18:01:38.000Z,2024-12-10T15:44:03.000Z,Closed,3,3.5,true,Email,Medium
AM-SR-000931,AM-CL-0080,E-0275,Cash Movement,2025-11-07T18:17:57.000Z,2025-11-07T09:53:53.000Z,Closed,1,0.98,false,Email,Medium
AM-SR-000932,AM-CL-0115,E-0274,Data Feed Issue,2025-05-10T08:36:41.000Z,2025-05-10T11:12:53.000Z,Closed,2,0.33,false,Email,High
AM-SR-000933,AM-CL-0083,E-0287,Performance Report,2025-10-16T12:35:24.000Z,2025-10-25T10:48:24.000Z,Closed,5,9.31,true,Phone,Low
AM-SR-000934,AM-CL-0103,E-0289,Reconciliation,2025-07-23T07:59:28.000Z,2025-07-24T07:28:56.000Z,Closed,3,1.38,false,Email,Low
AM-SR-000935,AM-CL-0053,E-0271,Reconciliation,2026-06-28T09:01:45.000Z,2026-06-29T10:05:42.000Z,Closed,3,1.59,false,Portal,Low
AM-SR-000936,AM-CL-0100,E-0284,Performance Report,2026-01-08T12:35:58.000Z,2026-01-11T09:49:50.000Z,Closed,5,3.41,false,Email,Low
AM-SR-000937,AM-CL-0005,E-0277,Reconciliation,2025-02-28T14:24:11.000Z,2025-03-02T11:55:42.000Z,Closed,3,2.23,false,Portal,Low
AM-SR-000938,AM-CL-0062,E-0278,Performance Report,2025-11-15T16:27:56.000Z,2025-11-17T19:15:03.000Z,Closed,5,2.6,false,Portal,High
AM-SR-000939,AM-CL-0028,E-0279,Performance Report,2025-03-30T16:24:34.000Z,2025-03-31T10:11:41.000Z,Closed,5,1.43,false,Portal,Low
AM-SR-000940,AM-CL-0127,E-0266,Fee Invoice Question,2025-07-07T14:53:10.000Z,2025-07-09T07:40:39.000Z,Closed,5,2.04,false,Phone,Low
AM-SR-000941,AM-CL-0001,E-0279,Fee Invoice Question,2025-02-28T15:44:23.000Z,2025-03-04T10:23:51.000Z,Closed,5,4.06,false,Email,Low
AM-SR-000942,AM-CL-0104,E-0279,Onboarding Document,2025-04-24T14:18:36.000Z,2025-04-25T12:21:15.000Z,Closed,7,1.98,false,Email,Low
AM-SR-000943,AM-CL-0013,E-0277,Performance Report,2025-03-10T16:07:32.000Z,2025-03-10T17:44:38.000Z,Closed,5,0.95,false,Email,Low
AM-SR-000944,AM-CL-0140,E-0272,Data Feed Issue,2025-02-10T09:21:53.000Z,2025-02-10T11:28:22.000Z,Closed,2,0.91,false,Portal,Medium
AM-SR-000945,AM-CL-0117,E-0289,Data Feed Issue,2026-01-16T18:25:39.000Z,2026-01-17T07:45:58.000Z,Closed,2,1.47,false,Email,Medium
AM-SR-000946,AM-CL-0105,E-0284,Performance Report,2025-09-24T18:24:11.000Z,2025-09-29T14:50:58.000Z,Closed,5,5.91,true,Email,High
AM-SR-000947,AM-CL-0100,E-0284,Performance Report,2025-02-14T11:13:40.000Z,2025-02-15T18:56:38.000Z,Closed,5,1.73,false,Email,Low
AM-SR-000948,AM-CL-0096,E-0272,Performance Report,2026-03-02T17:13:58.000Z,2026-03-05T14:17:01.000Z,Closed,5,3.64,false,Email,Low
AM-SR-000949,AM-CL-0123,E-0272,Data Feed Issue,2024-10-02T19:16:47.000Z,2024-10-05T14:07:24.000Z,Closed,2,3.58,true,Portal,Medium
AM-SR-000950,AM-CL-0133,E-0275,Reconciliation,2026-06-01T10:22:19.000Z,2026-06-03T08:48:59.000Z,Closed,3,2.26,false,Portal,Low
AM-SR-000951,AM-CL-0086,E-0268,Reconciliation,2025-06-02T12:03:07.000Z,2025-06-04T09:38:32.000Z,Closed,3,2.49,false,Email,Medium
AM-SR-000952,AM-CL-0055,E-0268,Cash Movement,2025-12-28T19:22:55.000Z,2025-12-28T14:35:51.000Z,Closed,1,0.82,false,Email,Medium
AM-SR-000953,AM-CL-0044,E-0282,Data Feed Issue,2026-03-30T07:58:43.000Z,2026-03-31T18:11:06.000Z,Closed,2,1.54,false,Email,Low
AM-SR-000954,AM-CL-0028,E-0279,Cash Movement,2026-06-06T09:29:25.000Z,2026-06-06T10:28:11.000Z,Closed,1,0.69,false,Portal,Medium
AM-SR-000955,AM-CL-0057,E-0281,Compliance Attestation,2025-03-05T09:58:55.000Z,2025-03-18T18:26:54.000Z,Closed,10,13.44,true,Portal,Low
AM-SR-000956,AM-CL-0007,E-0280,Performance Report,2025-07-24T08:44:41.000Z,2025-07-27T14:57:28.000Z,Closed,5,3.32,false,Email,Low
AM-SR-000957,AM-CL-0081,E-0267,Compliance Attestation,2025-09-02T18:35:04.000Z,2025-09-15T09:23:22.000Z,Closed,10,13.17,true,Portal,Low
AM-SR-000958,AM-CL-0068,E-0283,Reconciliation,2025-12-22T18:01:59.000Z,2025-12-26T11:17:04.000Z,Closed,3,4.26,true,Email,Medium
AM-SR-000959,AM-CL-0070,E-0282,Reconciliation,2025-06-25T11:01:08.000Z,2025-06-26T09:06:56.000Z,Closed,3,1.12,false,Portal,Medium
AM-SR-000960,AM-CL-0056,E-0288,Fee Invoice Question,2024-12-09T16:03:07.000Z,2024-12-14T11:49:26.000Z,Closed,5,5.4,true,Email,Low
AM-SR-000961,AM-CL-0091,E-0285,Performance Report,2025-04-25T16:53:40.000Z,2025-04-27T11:20:48.000Z,Closed,5,2.24,false,Email,Medium
AM-SR-000962,AM-CL-0038,E-0288,Fee Invoice Question,2026-06-06T13:08:11.000Z,2026-06-12T10:03:01.000Z,Closed,5,6.37,true,Email,Medium
AM-SR-000963,AM-CL-0135,E-0287,Reconciliation,2026-02-19T18:43:20.000Z,2026-02-21T11:06:54.000Z,Closed,3,2.73,false,Portal,Medium
AM-SR-000964,AM-CL-0008,E-0279,Performance Report,2025-12-11T07:35:32.000Z,2025-12-13T16:05:15.000Z,Closed,5,2.29,false,Email,Medium
AM-SR-000965,AM-CL-0071,E-0279,Data Feed Issue,2025-09-22T14:43:03.000Z,2025-09-23T08:06:32.000Z,Closed,2,1.54,false,Email,Low
AM-SR-000966,AM-CL-0126,E-0270,Reconciliation,2026-08-07T10:46:06.000Z,2026-08-10T10:56:55.000Z,Closed,3,3.95,true,Phone,High
AM-SR-000967,AM-CL-0028,E-0279,Performance Report,2025-05-27T08:33:30.000Z,2025-06-03T19:50:54.000Z,Closed,5,7.06,true,Email,Medium
AM-SR-000968,AM-CL-0104,E-0279,Compliance Attestation,2026-02-11T07:52:06.000Z,2026-02-26T18:43:57.000Z,Closed,10,15.82,true,Portal,Low
AM-SR-000969,AM-CL-0043,E-0267,Fee Invoice Question,2024-09-19T11:47:03.000Z,2024-09-23T16:54:13.000Z,Closed,5,4.76,false,Email,Medium
AM-SR-000970,AM-CL-0119,E-0285,Data Feed Issue,2025-05-16T17:15:23.000Z,2025-05-17T18:50:05.000Z,Closed,2,1.37,false,Email,Medium
AM-SR-000971,AM-CL-0115,E-0274,Reconciliation,2026-01-07T14:17:13.000Z,2026-01-11T15:58:45.000Z,Closed,3,4.17,true,Email,Low
AM-SR-000972,AM-CL-0100,E-0284,Fee Invoice Question,2026-02-16T10:08:28.000Z,2026-02-20T11:40:24.000Z,Closed,5,4.52,false,Phone,Low
AM-SR-000973,AM-CL-0102,E-0277,Compliance Attestation,2025-11-18T18:00:37.000Z,2025-11-23T10:20:50.000Z,Closed,10,5.75,false,Portal,Medium
AM-SR-000974,AM-CL-0107,E-0281,Reconciliation,2025-03-21T15:32:47.000Z,2025-03-21T14:55:05.000Z,Closed,3,0.5,false,Portal,High
AM-SR-000975,AM-CL-0114,E-0278,Data Feed Issue,2026-01-04T19:41:45.000Z,2026-01-04T07:50:09.000Z,Closed,2,0.39,false,Phone,High
AM-SR-000976,AM-CL-0127,E-0266,Performance Report,2025-11-23T08:50:35.000Z,2025-11-30T07:06:22.000Z,Closed,5,7.91,true,Phone,High
AM-SR-000977,AM-CL-0020,E-0266,Reconciliation,2026-07-27T09:49:38.000Z,2026-07-29T09:51:08.000Z,Closed,3,2.48,false,Portal,Low
AM-SR-000978,AM-CL-0137,E-0284,Fee Invoice Question,2024-12-28T16:34:37.000Z,2024-12-29T18:59:52.000Z,Closed,5,1.47,false,Email,Low
AM-SR-000979,AM-CL-0115,E-0274,Reconciliation,2026-08-15T15:32:12.000Z,2026-08-17T19:38:33.000Z,Closed,3,2.95,false,Email,High
AM-SR-000980,AM-CL-0001,E-0279,Fee Invoice Question,2025-08-09T09:12:50.000Z,2025-08-11T15:17:13.000Z,Closed,5,2.86,false,Email,Low
AM-SR-000981,AM-CL-0069,E-0274,Performance Report,2025-10-23T10:07:29.000Z,2025-11-01T07:21:20.000Z,Closed,5,9.9,true,Email,Low
AM-SR-000982,AM-CL-0137,E-0284,Reconciliation,2025-12-16T19:30:41.000Z,2025-12-17T16:15:56.000Z,Closed,3,1.93,false,Email,Low
AM-SR-000983,AM-CL-0098,E-0268,Cash Movement,2025-05-01T11:09:19.000Z,2025-05-01T18:34:50.000Z,Closed,1,0.2,false,Email,Low
AM-SR-000984,AM-CL-0020,E-0266,Cash Movement,2025-07-11T09:27:28.000Z,2025-07-11T12:16:55.000Z,Closed,1,0.55,false,Phone,High
AM-SR-000985,AM-CL-0034,E-0271,Reconciliation,2025-06-04T18:53:22.000Z,2025-06-04T13:36:43.000Z,Closed,3,0.5,false,Email,Medium
AM-SR-000986,AM-CL-0056,E-0288,Performance Report,2024-10-01T17:39:29.000Z,2024-10-06T11:12:11.000Z,Closed,5,5.14,true,Email,Low
AM-SR-000987,AM-CL-0078,E-0278,Reconciliation,2026-03-29T17:48:22.000Z,2026-03-30T15:15:56.000Z,Closed,3,1.82,false,Portal,High
AM-SR-000988,AM-CL-0058,E-0280,Onboarding Document,2024-09-19T13:31:38.000Z,2024-09-24T09:19:47.000Z,Closed,7,5.95,false,Email,High
AM-SR-000989,AM-CL-0032,E-0279,Data Feed Issue,2025-12-21T13:50:44.000Z,2025-12-22T08:55:19.000Z,Closed,2,1.6,false,Email,Medium
AM-SR-000990,AM-CL-0096,E-0272,Performance Report,2026-02-24T07:57:58.000Z,2026-02-25T10:29:03.000Z,Closed,5,1.14,false,Portal,Medium
AM-SR-000991,AM-CL-0009,E-0279,Compliance Attestation,2025-08-19T16:44:48.000Z,2025-09-08T10:07:44.000Z,Closed,10,20.14,true,Email,Low
AM-SR-000992,AM-CL-0078,E-0278,Cash Movement,2025-03-05T18:27:11.000Z,2025-03-05T07:58:36.000Z,Closed,1,0.92,false,Email,High
AM-SR-000993,AM-CL-0079,E-0270,Compliance Attestation,2024-10-11T14:29:05.000Z,2024-10-23T08:13:13.000Z,Closed,10,12.65,true,Portal,Medium
AM-SR-000994,AM-CL-0080,E-0275,Performance Report,2025-03-08T12:29:04.000Z,2025-03-12T07:34:37.000Z,Closed,5,4.5,false,Email,Low
AM-SR-000995,AM-CL-0040,E-0268,Compliance Attestation,2024-10-01T10:31:49.000Z,2024-10-04T08:31:47.000Z,Closed,10,3.81,false,Email,High
AM-SR-000996,AM-CL-0063,E-0284,Reconciliation,2025-10-27T11:24:40.000Z,2025-10-28T13:36:23.000Z,Closed,3,1.73,false,Email,Medium
AM-SR-000997,AM-CL-0039,E-0275,Reconciliation,2025-01-09T12:13:43.000Z,2025-01-10T10:28:30.000Z,Closed,3,1.13,false,Email,Low
AM-SR-000998,AM-CL-0119,E-0285,Performance Report,2025-03-20T17:16:54.000Z,2025-03-27T12:15:33.000Z,Closed,5,7.79,true,Phone,Medium
AM-SR-000999,AM-CL-0025,E-0287,Performance Report,2025-10-02T09:05:32.000Z,2025-10-04T09:02:18.000Z,Closed,5,2.27,false,Email,Low
AM-SR-001000,AM-CL-0109,E-0288,Performance Report,2026-01-11T11:59:53.000Z,2026-01-13T16:44:22.000Z,Closed,5,2.69,false,Email,Medium
AM-SR-001001,AM-CL-0099,E-0279,Performance Report,2024-09-16T07:21:36.000Z,2024-09-20T19:57:20.000Z,Closed,5,4.15,false,Portal,Low
AM-SR-001002,AM-CL-0109,E-0288,Performance Report,2026-05-06T11:02:26.000Z,2026-05-10T12:19:07.000Z,Closed,5,4.04,false,Portal,Low
AM-SR-001003,AM-CL-0051,E-0272,Reconciliation,2024-12-04T14:45:27.000Z,2024-12-05T07:03:06.000Z,Closed,3,1.78,false,Email,Medium
AM-SR-001004,AM-CL-0032,E-0279,Reconciliation,2024-09-18T14:17:01.000Z,2024-09-26T16:19:38.000Z,Closed,3,8.5,true,Email,Medium
AM-SR-001005,AM-CL-0029,E-0266,Reconciliation,2025-01-29T18:12:31.000Z,2025-01-29T10:23:33.000Z,Closed,3,0.87,false,Portal,Medium
AM-SR-001006,AM-CL-0030,E-0275,Performance Report,2025-06-09T15:38:01.000Z,2025-06-13T14:03:57.000Z,Closed,5,4.05,false,Email,High
AM-SR-001007,AM-CL-0104,E-0279,Reconciliation,2026-01-24T09:38:09.000Z,2026-01-26T10:29:04.000Z,Closed,3,2.53,false,Portal,Medium
AM-SR-001008,AM-CL-0061,E-0290,Performance Report,2025-10-08T14:36:52.000Z,2025-10-11T08:55:14.000Z,Closed,5,3.72,false,Phone,Low
AM-SR-001009,AM-CL-0093,E-0275,Cash Movement,2025-07-01T09:09:03.000Z,2025-07-01T11:46:44.000Z,Closed,1,0.52,false,Email,Medium
AM-SR-001010,AM-CL-0096,E-0272,Compliance Attestation,2025-12-22T12:31:37.000Z,2025-12-28T15:08:23.000Z,Closed,10,6.25,false,Email,Medium
AM-SR-001011,AM-CL-0064,E-0274,Fee Invoice Question,2025-05-06T12:17:07.000Z,2025-05-10T14:34:26.000Z,Closed,5,4.21,false,Email,Low
AM-SR-001012,AM-CL-0068,E-0283,Performance Report,2026-03-24T12:50:21.000Z,2026-03-28T11:57:33.000Z,Closed,5,4.35,false,Portal,Low
AM-SR-001013,AM-CL-0006,E-0284,Cash Movement,2025-03-30T08:21:25.000Z,2025-03-30T17:14:32.000Z,Closed,1,0.81,false,Email,Medium
AM-SR-001014,AM-CL-0117,E-0289,Performance Report,2024-10-30T07:48:34.000Z,2024-11-06T09:02:15.000Z,Closed,5,7.4,true,Portal,Medium
AM-SR-001015,AM-CL-0116,E-0272,Cash Movement,2025-03-11T14:39:04.000Z,2025-03-12T14:17:38.000Z,Closed,1,1.01,true,Email,Low
AM-SR-001016,AM-CL-0067,E-0275,Cash Movement,2024-11-04T15:41:34.000Z,2024-11-06T18:30:20.000Z,Closed,1,2.12,true,Email,Medium
AM-SR-001017,AM-CL-0132,E-0273,Cash Movement,2025-06-03T15:50:42.000Z,2025-06-05T17:58:46.000Z,Closed,1,2.39,true,Portal,Low
AM-SR-001018,AM-CL-0032,E-0279,Reconciliation,2026-08-08T10:50:39.000Z,2026-08-09T08:42:39.000Z,Closed,3,1.15,false,Email,Medium
AM-SR-001019,AM-CL-0042,E-0286,Compliance Attestation,2026-08-17T17:30:59.000Z,2026-08-30T18:53:14.000Z,Closed,10,13.74,true,Email,Low
AM-SR-001020,AM-CL-0098,E-0268,Data Feed Issue,2025-04-18T11:11:55.000Z,2025-04-19T14:18:57.000Z,Closed,2,1.34,false,Portal,Medium
AM-SR-001021,AM-CL-0107,E-0281,Data Feed Issue,2026-03-02T08:26:08.000Z,2026-03-02T16:34:05.000Z,Closed,2,0.66,false,Email,Medium
AM-SR-001022,AM-CL-0134,E-0281,Fee Invoice Question,2024-09-16T12:46:51.000Z,2024-09-17T09:22:23.000Z,Closed,5,1.61,false,Email,Medium
AM-SR-001023,AM-CL-0055,E-0268,Fee Invoice Question,2026-08-07T08:41:43.000Z,2026-08-14T16:19:43.000Z,Closed,5,7.11,true,Email,Medium
AM-SR-001024,AM-CL-0077,E-0282,Reconciliation,2026-02-09T10:17:30.000Z,2026-02-09T13:13:45.000Z,Closed,3,0.74,false,Phone,Low
AM-SR-001025,AM-CL-0118,E-0274,Onboarding Document,2024-11-14T16:19:36.000Z,2024-11-19T16:56:32.000Z,Closed,7,5.33,false,Email,Medium
AM-SR-001026,AM-CL-0053,E-0271,Reconciliation,2026-01-29T13:09:15.000Z,2026-01-30T17:04:03.000Z,Closed,3,1.72,false,Phone,Medium
AM-SR-001027,AM-CL-0124,E-0270,Reconciliation,2025-07-12T08:51:52.000Z,2025-07-15T18:23:14.000Z,Closed,3,3.19,true,Portal,Medium
AM-SR-001028,AM-CL-0099,E-0279,Reconciliation,2026-06-11T17:36:14.000Z,2026-06-13T09:33:30.000Z,Closed,3,2.15,false,Portal,Medium
AM-SR-001029,AM-CL-0107,E-0281,Reconciliation,2026-06-25T19:54:06.000Z,2026-06-26T10:43:15.000Z,Closed,3,1.91,false,Portal,Medium
AM-SR-001030,AM-CL-0072,E-0286,Compliance Attestation,2026-05-18T11:04:33.000Z,2026-05-21T19:03:34.000Z,Closed,10,3.77,false,Email,Medium
AM-SR-001031,AM-CL-0026,E-0266,Data Feed Issue,2026-01-20T12:49:31.000Z,2026-01-20T11:38:48.000Z,Closed,2,0.83,false,Email,Medium
AM-SR-001032,AM-CL-0122,E-0276,Performance Report,2026-01-06T14:59:08.000Z,2026-01-08T14:03:28.000Z,Closed,5,2.88,false,Email,Low
AM-SR-001033,AM-CL-0079,E-0270,Onboarding Document,2025-02-02T18:38:57.000Z,2025-02-04T14:09:44.000Z,Closed,7,2.76,false,Email,Low
AM-SR-001034,AM-CL-0096,E-0272,Performance Report,2026-04-21T18:27:10.000Z,2026-04-23T08:58:33.000Z,Closed,5,2.97,false,Email,Low
AM-SR-001035,AM-CL-0006,E-0284,Performance Report,2025-07-21T08:26:07.000Z,2025-07-24T14:49:18.000Z,Closed,5,3.15,false,Email,Medium
AM-SR-001036,AM-CL-0122,E-0276,Performance Report,2026-08-11T19:20:57.000Z,2026-08-22T19:15:43.000Z,Closed,5,11.72,true,Portal,Medium
AM-SR-001037,AM-CL-0099,E-0279,Cash Movement,2025-06-10T18:22:24.000Z,2025-06-11T11:18:41.000Z,Closed,1,1.77,true,Phone,High
AM-SR-001038,AM-CL-0128,E-0286,Cash Movement,2025-04-19T09:00:16.000Z,2025-04-20T07:41:18.000Z,Closed,1,1.41,true,Email,Medium
AM-SR-001039,AM-CL-0018,E-0266,Performance Report,2025-02-21T11:15:22.000Z,2025-02-25T07:37:48.000Z,Closed,5,4.12,false,Email,Low
AM-SR-001040,AM-CL-0081,E-0267,Fee Invoice Question,2025-08-28T18:45:38.000Z,2025-09-03T10:03:59.000Z,Closed,5,6.26,true,Phone,Medium
AM-SR-001041,AM-CL-0138,E-0271,Performance Report,2025-09-10T17:09:37.000Z,2025-09-14T14:35:09.000Z,Closed,5,4.37,false,Phone,Medium
AM-SR-001042,AM-CL-0131,E-0285,Performance Report,2024-11-09T16:27:59.000Z,2024-11-12T10:38:15.000Z,Closed,5,3.98,false,Phone,Medium
AM-SR-001043,AM-CL-0065,E-0286,Reconciliation,2025-10-31T08:41:51.000Z,2025-11-03T11:17:51.000Z,Closed,3,3.9,true,Email,Medium
AM-SR-001044,AM-CL-0049,E-0289,Performance Report,2025-12-15T08:54:26.000Z,2025-12-16T15:16:36.000Z,Closed,5,1.63,false,Email,High
AM-SR-001045,AM-CL-0085,E-0267,Performance Report,2026-06-30T08:02:47.000Z,2026-07-02T08:35:27.000Z,Closed,5,2.63,false,Email,Medium
AM-SR-001046,AM-CL-0062,E-0278,Performance Report,2026-02-15T18:35:36.000Z,2026-02-21T18:04:13.000Z,Closed,5,6.9,true,Portal,Low
AM-SR-001047,AM-CL-0088,E-0271,Performance Report,2025-05-10T15:06:30.000Z,2025-05-16T07:32:26.000Z,Closed,5,6.29,true,Email,Low
AM-SR-001048,AM-CL-0114,E-0278,Reconciliation,2025-06-12T13:44:58.000Z,2025-06-13T16:14:57.000Z,Closed,3,1.29,false,Email,Medium
AM-SR-001049,AM-CL-0020,E-0266,Data Feed Issue,2026-01-14T19:55:00.000Z,2026-01-16T14:09:39.000Z,Closed,2,2.1,true,Email,Medium
AM-SR-001050,AM-CL-0053,E-0271,Fee Invoice Question,2025-12-25T12:54:38.000Z,2025-12-27T17:48:16.000Z,Closed,5,2.82,false,Phone,High
AM-SR-001051,AM-CL-0058,E-0280,Compliance Attestation,2025-02-04T08:08:14.000Z,2025-02-09T07:23:34.000Z,Closed,10,5.91,false,Email,Medium
AM-SR-001052,AM-CL-0004,E-0272,Compliance Attestation,2025-05-21T18:42:32.000Z,2025-05-27T14:13:51.000Z,Closed,10,6.66,false,Phone,Low
AM-SR-001053,AM-CL-0013,E-0277,Onboarding Document,2025-12-24T12:47:01.000Z,2025-12-27T16:54:45.000Z,Closed,7,3.83,false,Portal,Medium
AM-SR-001054,AM-CL-0072,E-0286,Reconciliation,2026-08-25T09:32:42.000Z,2026-08-25T08:16:37.000Z,Closed,3,0.89,false,Email,Medium
AM-SR-001055,AM-CL-0097,E-0289,Cash Movement,2025-03-25T10:08:16.000Z,2025-03-26T08:03:18.000Z,Closed,1,1.54,true,Email,Medium
AM-SR-001056,AM-CL-0071,E-0279,Reconciliation,2025-07-18T17:25:17.000Z,2025-07-19T09:27:05.000Z,Closed,3,1.09,false,Portal,Medium
AM-SR-001057,AM-CL-0093,E-0275,Reconciliation,2025-09-07T11:10:40.000Z,2025-09-07T09:32:21.000Z,Closed,3,0.75,false,Email,Medium
AM-SR-001058,AM-CL-0030,E-0275,Performance Report,2025-02-16T18:36:51.000Z,2025-02-19T15:25:20.000Z,Closed,5,3.56,false,Portal,Low
AM-SR-001059,AM-CL-0042,E-0286,Performance Report,2026-08-12T15:11:40.000Z,2026-08-15T19:00:41.000Z,Closed,5,3.35,false,Portal,Medium
AM-SR-001060,AM-CL-0086,E-0268,Performance Report,2024-11-09T12:55:44.000Z,2024-11-10T15:37:14.000Z,Closed,5,1.9,false,Email,Low
AM-SR-001061,AM-CL-0112,E-0289,Cash Movement,2025-07-29T09:20:20.000Z,2025-07-29T09:36:39.000Z,Closed,1,0.29,false,Email,Low
AM-SR-001062,AM-CL-0080,E-0275,Fee Invoice Question,2025-04-14T10:46:38.000Z,2025-04-17T09:46:28.000Z,Closed,5,3.51,false,Phone,Low
AM-SR-001063,AM-CL-0062,E-0278,Fee Invoice Question,2025-04-28T09:44:21.000Z,2025-05-14T07:52:34.000Z,Closed,5,16.26,true,Email,High
AM-SR-001064,AM-CL-0040,E-0268,Cash Movement,2025-01-28T18:49:54.000Z,2025-01-29T12:07:35.000Z,Closed,1,1.09,true,Phone,Low
AM-SR-001065,AM-CL-0076,E-0282,Reconciliation,2026-05-01T13:19:56.000Z,2026-05-05T16:19:24.000Z,Closed,3,4.7,true,Email,Low
AM-SR-001066,AM-CL-0072,E-0286,Reconciliation,2026-08-21T13:50:21.000Z,2026-08-22T11:25:32.000Z,Closed,3,1.55,false,Email,High
AM-SR-001067,AM-CL-0044,E-0282,Performance Report,2024-11-16T14:55:41.000Z,2024-11-18T10:54:06.000Z,Closed,5,2.61,false,Email,Medium
AM-SR-001068,AM-CL-0031,E-0276,Onboarding Document,2024-10-03T10:35:08.000Z,2024-10-08T10:19:27.000Z,Closed,7,5.31,false,Email,Low
AM-SR-001069,AM-CL-0064,E-0274,Fee Invoice Question,2026-04-14T12:37:55.000Z,2026-04-17T16:28:42.000Z,Closed,5,3.67,false,Email,Medium
AM-SR-001070,AM-CL-0053,E-0271,Reconciliation,2025-12-30T13:33:40.000Z,2025-12-31T19:52:16.000Z,Closed,3,1.2,false,Portal,Low
AM-SR-001071,AM-CL-0077,E-0282,Reconciliation,2024-12-27T18:28:56.000Z,2024-12-28T14:26:55.000Z,Closed,3,1.37,false,Email,Medium
AM-SR-001072,AM-CL-0068,E-0283,Performance Report,2025-05-16T19:25:26.000Z,2025-05-22T16:45:42.000Z,Closed,5,6.49,true,Portal,Medium
AM-SR-001073,AM-CL-0069,E-0274,Performance Report,2026-06-28T11:21:19.000Z,2026-06-29T11:11:39.000Z,Closed,5,1.09,false,Email,Low
AM-SR-001074,AM-CL-0057,E-0281,Reconciliation,2024-12-22T19:16:40.000Z,2024-12-24T16:06:19.000Z,Closed,3,2.77,false,Portal,High
AM-SR-001075,AM-CL-0111,E-0270,Performance Report,2026-03-10T18:58:38.000Z,2026-03-15T14:37:24.000Z,Closed,5,5.43,true,Portal,Low
AM-SR-001076,AM-CL-0012,E-0289,Reconciliation,2025-07-13T18:44:10.000Z,2025-07-20T18:40:13.000Z,Closed,3,7.61,true,Email,High
AM-SR-001077,AM-CL-0072,E-0286,Reconciliation,2026-08-28T11:33:51.000Z,2026-08-30T11:05:17.000Z,Closed,3,2.14,false,Phone,Medium
AM-SR-001078,AM-CL-0082,E-0275,Cash Movement,2025-10-24T14:11:03.000Z,2025-10-25T10:03:02.000Z,Closed,1,1.42,true,Email,Medium
AM-SR-001079,AM-CL-0133,E-0275,Performance Report,2024-11-27T11:41:51.000Z,2024-12-02T12:23:53.000Z,Closed,5,5.33,true,Portal,Medium
AM-SR-001080,AM-CL-0116,E-0272,Reconciliation,2025-08-21T08:32:37.000Z,2025-08-23T08:30:46.000Z,Closed,3,2.11,false,Portal,High
AM-SR-001081,AM-CL-0013,E-0277,Reconciliation,2025-07-10T19:58:39.000Z,2025-07-14T14:39:44.000Z,Closed,3,4.28,true,Portal,Low
AM-SR-001082,AM-CL-0140,E-0272,Performance Report,2026-02-19T14:36:26.000Z,2026-02-23T13:17:50.000Z,Closed,5,4.16,false,Email,Medium
AM-SR-001083,AM-CL-0036,E-0267,Performance Report,2026-04-01T07:46:01.000Z,2026-04-02T07:17:06.000Z,Closed,5,1.14,false,Email,High
AM-SR-001084,AM-CL-0031,E-0276,Performance Report,2026-02-03T10:23:20.000Z,2026-02-06T10:07:03.000Z,Closed,5,3.05,false,Portal,Low
AM-SR-001085,AM-CL-0010,E-0275,Fee Invoice Question,2025-05-13T18:52:39.000Z,2025-05-19T07:54:01.000Z,Closed,5,6.05,true,Email,Medium
AM-SR-001086,AM-CL-0126,E-0270,Performance Report,2026-02-28T07:03:38.000Z,2026-03-10T13:47:12.000Z,Closed,5,10.28,true,Phone,Low
AM-SR-001087,AM-CL-0058,E-0280,Performance Report,2025-04-03T17:23:52.000Z,2025-04-06T07:50:38.000Z,Closed,5,3.04,false,Email,Low
AM-SR-001088,AM-CL-0107,E-0281,Reconciliation,2025-07-29T07:59:36.000Z,2025-07-30T19:30:37.000Z,Closed,3,1.13,false,Email,Low
AM-SR-001089,AM-CL-0062,E-0278,Performance Report,2024-12-02T16:56:41.000Z,2024-12-06T08:37:06.000Z,Closed,5,4.07,false,Portal,High
AM-SR-001090,AM-CL-0103,E-0289,Performance Report,2026-03-05T11:58:30.000Z,2026-03-10T11:50:45.000Z,Closed,5,5.2,true,Email,Low
AM-SR-001091,AM-CL-0088,E-0271,Reconciliation,2024-11-08T09:52:35.000Z,2024-11-12T11:54:49.000Z,Closed,3,4.45,true,Email,Medium
AM-SR-001092,AM-CL-0080,E-0275,Cash Movement,2025-09-09T17:14:34.000Z,2025-09-09T10:20:18.000Z,Closed,1,0.8,false,Email,Medium
AM-SR-001093,AM-CL-0033,E-0266,Onboarding Document,2025-09-09T08:36:59.000Z,2025-09-17T19:24:24.000Z,Closed,7,8.53,true,Email,High
AM-SR-001094,AM-CL-0114,E-0278,Performance Report,2025-03-30T19:11:24.000Z,2025-04-02T11:21:22.000Z,Closed,5,3.34,false,Email,Low
AM-SR-001095,AM-CL-0010,E-0275,Cash Movement,2026-04-30T08:16:43.000Z,2026-04-30T19:06:41.000Z,Closed,1,0.36,false,Email,Medium
AM-SR-001096,AM-CL-0114,E-0278,Reconciliation,2025-11-01T19:05:35.000Z,2025-11-04T13:14:09.000Z,Closed,3,3.59,true,Email,Low
AM-SR-001097,AM-CL-0005,E-0277,Performance Report,2026-08-27T17:27:10.000Z,2026-08-30T07:08:55.000Z,Closed,5,3.43,false,Email,Medium
AM-SR-001098,AM-CL-0026,E-0266,Onboarding Document,2026-03-12T19:57:41.000Z,2026-03-19T11:39:15.000Z,Closed,7,7.63,true,Email,Medium
AM-SR-001099,AM-CL-0007,E-0280,Onboarding Document,2025-10-08T12:08:05.000Z,2025-10-15T10:48:17.000Z,Closed,7,7.12,true,Email,High
AM-SR-001100,AM-CL-0050,E-0276,Performance Report,2025-09-03T18:53:26.000Z,2025-09-05T13:43:36.000Z,Closed,5,2.21,false,Email,Medium
AM-SR-001101,AM-CL-0071,E-0279,Performance Report,2025-05-13T10:28:00.000Z,2025-05-15T19:41:46.000Z,Closed,5,2.46,false,Portal,Low
AM-SR-001102,AM-CL-0106,E-0272,Reconciliation,2026-05-14T08:18:15.000Z,2026-05-15T12:09:55.000Z,Closed,3,1.25,false,Email,Low
AM-SR-001103,AM-CL-0045,E-0269,Cash Movement,2025-05-25T16:11:15.000Z,2025-05-25T09:15:11.000Z,Closed,1,0.39,false,Email,Low
AM-SR-001104,AM-CL-0062,E-0278,Reconciliation,2025-04-15T10:31:54.000Z,2025-04-17T15:01:08.000Z,Closed,3,2.53,false,Phone,Medium
AM-SR-001105,AM-CL-0080,E-0275,Reconciliation,2024-12-15T17:00:08.000Z,2024-12-16T18:58:20.000Z,Closed,3,1.98,false,Email,High
AM-SR-001106,AM-CL-0118,E-0274,Performance Report,2026-05-27T15:59:18.000Z,2026-05-31T11:42:13.000Z,Closed,5,4.38,false,Email,Medium
AM-SR-001107,AM-CL-0112,E-0289,Performance Report,2026-07-21T17:27:41.000Z,2026-07-26T13:36:59.000Z,Closed,5,5.34,true,Email,Low
AM-SR-001108,AM-CL-0130,E-0273,Compliance Attestation,2025-04-07T08:12:22.000Z,2025-04-08T10:38:24.000Z,Closed,10,1.79,false,Portal,Low
AM-SR-001109,AM-CL-0037,E-0282,Onboarding Document,2026-07-25T16:35:23.000Z,2026-07-27T07:40:01.000Z,Closed,7,2.61,false,Email,Medium
AM-SR-001110,AM-CL-0050,E-0276,Onboarding Document,2024-12-08T16:09:57.000Z,2024-12-18T16:53:00.000Z,Closed,7,10.91,true,Portal,High
AM-SR-001111,AM-CL-0075,E-0270,Fee Invoice Question,2025-10-13T07:15:45.000Z,2025-10-18T14:38:13.000Z,Closed,5,5.73,true,Portal,Low
AM-SR-001112,AM-CL-0139,E-0266,Onboarding Document,2025-03-17T07:51:38.000Z,2025-03-19T11:01:03.000Z,Closed,7,2.94,false,Email,Medium
AM-SR-001113,AM-CL-0027,E-0271,Onboarding Document,2026-07-01T12:22:53.000Z,2026-07-03T12:57:16.000Z,Closed,7,2.36,false,Portal,High
AM-SR-001114,AM-CL-0067,E-0275,Compliance Attestation,2025-09-06T09:09:05.000Z,2025-09-15T07:14:46.000Z,Closed,10,9.26,false,Email,Medium
AM-SR-001115,AM-CL-0052,E-0285,Performance Report,2025-09-28T14:13:24.000Z,2025-10-02T12:21:46.000Z,Closed,5,4.1,false,Portal,Low
AM-SR-001116,AM-CL-0097,E-0289,Performance Report,2026-07-12T08:23:52.000Z,2026-07-27T09:13:06.000Z,Closed,5,15.57,true,Portal,Medium
AM-SR-001117,AM-CL-0087,E-0290,Performance Report,2026-03-22T07:45:02.000Z,2026-03-26T08:59:27.000Z,Closed,5,4.04,false,Portal,High
AM-SR-001118,AM-CL-0026,E-0266,Compliance Attestation,2026-06-04T07:38:14.000Z,2026-06-10T12:38:08.000Z,Closed,10,6.31,false,Email,Medium
AM-SR-001119,AM-CL-0043,E-0267,Reconciliation,2025-09-10T17:15:36.000Z,2025-09-11T13:28:22.000Z,Closed,3,1.64,false,Phone,High
AM-SR-001120,AM-CL-0031,E-0276,Reconciliation,2025-01-08T17:44:22.000Z,2025-01-20T14:22:58.000Z,Closed,3,12.42,true,Portal,Low
AM-SR-001121,AM-CL-0095,E-0280,Performance Report,2025-09-10T08:45:04.000Z,2025-09-11T10:18:32.000Z,Closed,5,1.24,false,Email,High
AM-SR-001122,AM-CL-0123,E-0272,Performance Report,2026-04-11T10:26:19.000Z,2026-04-17T13:51:57.000Z,Closed,5,6.95,true,Portal,High
AM-SR-001123,AM-CL-0034,E-0271,Performance Report,2024-10-30T10:27:55.000Z,2024-10-31T13:06:36.000Z,Closed,5,1.42,false,Email,Medium
AM-SR-001124,AM-CL-0085,E-0267,Reconciliation,2026-07-03T16:30:17.000Z,2026-07-11T18:04:58.000Z,Closed,3,8.17,true,Email,Medium
AM-SR-001125,AM-CL-0135,E-0287,Data Feed Issue,2026-07-30T08:48:19.000Z,2026-07-31T08:31:48.000Z,Closed,2,1.35,false,Email,Medium
AM-SR-001126,AM-CL-0097,E-0289,Compliance Attestation,2024-11-12T15:47:05.000Z,2024-11-28T14:13:05.000Z,Closed,10,16.01,true,Email,Low
AM-SR-001127,AM-CL-0035,E-0267,Compliance Attestation,2026-07-20T12:09:30.000Z,2026-08-08T17:03:33.000Z,Closed,10,19.65,true,Email,Medium
AM-SR-001128,AM-CL-0006,E-0284,Compliance Attestation,2024-10-01T07:04:59.000Z,2024-10-05T13:17:40.000Z,Closed,10,4.04,false,Portal,High
AM-SR-001129,AM-CL-0103,E-0289,Reconciliation,2025-10-19T18:47:59.000Z,2025-10-19T19:26:08.000Z,Closed,3,0.5,false,Email,Medium
AM-SR-001130,AM-CL-0061,E-0290,Performance Report,2025-07-06T09:20:49.000Z,2025-07-09T18:40:06.000Z,Closed,5,3.82,false,Portal,Medium
AM-SR-001131,AM-CL-0014,E-0288,Cash Movement,2025-05-25T16:55:32.000Z,2025-05-25T13:07:11.000Z,Closed,1,0.41,false,Email,Medium
AM-SR-001132,AM-CL-0089,E-0280,Compliance Attestation,2025-05-06T15:56:18.000Z,2025-06-01T16:42:26.000Z,Closed,10,26.3,true,Email,Medium
AM-SR-001133,AM-CL-0096,E-0272,Fee Invoice Question,2024-10-22T17:48:23.000Z,2024-10-25T08:34:05.000Z,Closed,5,3.31,false,Email,High
AM-SR-001134,AM-CL-0111,E-0270,Onboarding Document,2024-09-05T12:02:07.000Z,2024-09-11T15:20:02.000Z,Closed,7,6.0,false,Email,Low
AM-SR-001135,AM-CL-0139,E-0266,Data Feed Issue,2026-04-24T17:43:38.000Z,2026-04-27T14:50:06.000Z,Closed,2,3.05,true,Email,Low
AM-SR-001136,AM-CL-0082,E-0275,Cash Movement,2025-11-19T18:49:50.000Z,2025-11-19T16:46:10.000Z,Closed,1,0.51,false,Portal,Low
AM-SR-001137,AM-CL-0028,E-0279,Performance Report,2026-05-29T13:44:05.000Z,2026-05-31T19:38:53.000Z,Closed,5,2.59,false,Phone,Low
AM-SR-001138,AM-CL-0101,E-0289,Reconciliation,2026-03-12T07:56:55.000Z,2026-03-16T17:32:14.000Z,Closed,3,4.2,true,Portal,High
AM-SR-001139,AM-CL-0054,E-0290,Fee Invoice Question,2026-05-23T12:38:55.000Z,2026-05-26T13:09:19.000Z,Closed,5,3.97,false,Phone,Medium
AM-SR-001140,AM-CL-0041,E-0279,Reconciliation,2024-12-08T17:48:34.000Z,2024-12-19T12:33:36.000Z,Closed,3,11.29,true,Email,High
AM-SR-001141,AM-CL-0113,E-0270,Performance Report,2025-01-10T08:06:12.000Z,2025-01-11T11:09:01.000Z,Closed,5,1.44,false,Email,High
AM-SR-001142,AM-CL-0046,E-0270,Reconciliation,2026-05-25T13:41:10.000Z,2026-05-26T13:48:06.000Z,Closed,3,1.52,false,Portal,Low
AM-SR-001143,AM-CL-0002,E-0268,Data Feed Issue,2026-05-23T13:47:29.000Z,2026-05-24T16:56:57.000Z,Closed,2,1.29,false,Email,Medium
AM-SR-001144,AM-CL-0087,E-0290,Performance Report,2025-05-01T09:24:33.000Z,2025-05-04T10:20:53.000Z,Closed,5,3.78,false,Email,Medium
AM-SR-001145,AM-CL-0103,E-0289,Data Feed Issue,2024-09-23T12:14:50.000Z,2024-09-24T12:37:01.000Z,Closed,2,1.84,false,Email,High
AM-SR-001146,AM-CL-0090,E-0267,Onboarding Document,2026-05-29T08:42:42.000Z,2026-06-02T07:51:04.000Z,Closed,7,4.77,false,Email,Medium
AM-SR-001147,AM-CL-0133,E-0275,Cash Movement,2025-11-30T07:48:52.000Z,2025-11-30T14:14:52.000Z,Closed,1,0.83,false,Email,High
AM-SR-001148,AM-CL-0101,E-0289,Cash Movement,2024-11-09T16:27:55.000Z,2024-11-10T15:56:14.000Z,Closed,1,1.06,true,Email,Medium
AM-SR-001149,AM-CL-0038,E-0288,Performance Report,2025-03-06T12:46:28.000Z,2025-03-11T18:33:58.000Z,Closed,5,5.32,true,Portal,Medium
AM-SR-001150,AM-CL-0128,E-0286,Compliance Attestation,2025-11-20T08:49:03.000Z,2025-11-24T19:13:23.000Z,Closed,10,4.77,false,Email,Medium
AM-SR-001151,AM-CL-0007,E-0280,Data Feed Issue,2026-07-27T10:40:45.000Z,2026-07-30T08:50:56.000Z,Closed,2,3.18,true,Email,Low
AM-SR-001152,AM-CL-0095,E-0280,Performance Report,2025-01-11T12:22:04.000Z,2025-01-16T14:18:36.000Z,Closed,5,5.67,true,Portal,Low
AM-SR-001153,AM-CL-0095,E-0280,Fee Invoice Question,2025-02-21T16:32:49.000Z,2025-02-24T17:08:33.000Z,Closed,5,3.07,false,Email,Low
AM-SR-001154,AM-CL-0127,E-0266,Onboarding Document,2025-07-07T07:19:14.000Z,2025-07-09T16:53:51.000Z,Closed,7,2.0,false,Email,Medium
AM-SR-001155,AM-CL-0014,E-0288,Reconciliation,2026-02-15T08:48:00.000Z,2026-02-16T18:48:36.000Z,Closed,3,1.69,false,Phone,High
AM-SR-001156,AM-CL-0117,E-0289,Performance Report,2025-09-08T15:44:38.000Z,2025-09-11T13:20:42.000Z,Closed,5,3.06,false,Email,Medium
AM-SR-001157,AM-CL-0004,E-0272,Performance Report,2025-03-19T15:45:05.000Z,2025-03-22T18:24:05.000Z,Closed,5,3.79,false,Email,Low
AM-SR-001158,AM-CL-0076,E-0282,Data Feed Issue,2025-09-18T18:13:12.000Z,2025-09-19T08:14:32.000Z,Closed,2,1.19,false,Phone,Low
AM-SR-001159,AM-CL-0075,E-0270,Reconciliation,2024-09-17T14:36:10.000Z,2024-09-21T16:38:02.000Z,Closed,3,4.25,true,Email,Medium
AM-SR-001160,AM-CL-0011,E-0271,Onboarding Document,2026-05-07T07:46:13.000Z,2026-05-16T19:15:58.000Z,Closed,7,9.28,true,Portal,Low
AM-SR-001161,AM-CL-0075,E-0270,Cash Movement,2025-09-11T17:13:31.000Z,2025-09-11T10:13:12.000Z,Closed,1,0.29,false,Phone,Low
AM-SR-001162,AM-CL-0081,E-0267,Performance Report,2024-10-06T17:11:02.000Z,2024-10-08T08:24:31.000Z,Closed,5,2.58,false,Email,Low
AM-SR-001163,AM-CL-0070,E-0282,Fee Invoice Question,2026-08-06T08:20:39.000Z,2026-08-08T13:35:57.000Z,Closed,5,2.28,false,Phone,Medium
AM-SR-001164,AM-CL-0056,E-0288,Reconciliation,2025-01-01T12:16:56.000Z,2025-01-05T18:36:59.000Z,Closed,3,4.84,true,Email,Low
AM-SR-001165,AM-CL-0100,E-0284,Reconciliation,2025-11-04T18:42:35.000Z,2025-11-05T13:03:44.000Z,Closed,3,1.85,false,Portal,Low
AM-SR-001166,AM-CL-0135,E-0287,Fee Invoice Question,2024-12-23T07:26:16.000Z,2024-12-27T11:29:45.000Z,Closed,5,4.29,false,Email,Medium
AM-SR-001167,AM-CL-0086,E-0268,Performance Report,2026-01-18T10:39:30.000Z,2026-01-21T14:36:48.000Z,Closed,5,3.38,false,Email,Medium
AM-SR-001168,AM-CL-0114,E-0278,Data Feed Issue,2024-12-28T18:21:06.000Z,2024-12-28T11:18:45.000Z,Closed,2,0.76,false,Email,Medium
AM-SR-001169,AM-CL-0008,E-0279,Fee Invoice Question,2025-07-13T08:53:10.000Z,2025-07-15T13:56:35.000Z,Closed,5,2.95,false,Portal,Medium
AM-SR-001170,AM-CL-0030,E-0275,Performance Report,2025-12-07T12:20:31.000Z,2025-12-11T11:28:05.000Z,Closed,5,4.72,false,Portal,Medium
AM-SR-001171,AM-CL-0081,E-0267,Fee Invoice Question,2024-10-06T07:47:56.000Z,2024-10-10T18:13:46.000Z,Closed,5,4.77,false,Portal,Medium
AM-SR-001172,AM-CL-0094,E-0271,Reconciliation,2025-01-31T08:07:42.000Z,2025-02-02T13:01:08.000Z,Closed,3,2.93,false,Phone,High
AM-SR-001173,AM-CL-0130,E-0273,Performance Report,2025-04-08T16:16:20.000Z,2025-04-13T07:09:52.000Z,Closed,5,5.93,true,Portal,Low
AM-SR-001174,AM-CL-0134,E-0281,Performance Report,2026-08-15T08:34:53.000Z,2026-08-18T15:57:41.000Z,Closed,5,3.43,false,Portal,Medium
AM-SR-001175,AM-CL-0005,E-0277,Performance Report,2025-01-01T11:06:11.000Z,2025-01-03T18:48:35.000Z,Closed,5,2.35,false,Portal,Medium
AM-SR-001176,AM-CL-0020,E-0266,Reconciliation,2025-06-04T07:40:38.000Z,2025-06-10T11:57:51.000Z,Closed,3,6.18,true,Portal,Low
AM-SR-001177,AM-CL-0035,E-0267,Onboarding Document,2026-08-26T09:07:27.000Z,,Open,7,,true,Portal,Medium
AM-SR-001178,AM-CL-0137,E-0284,Performance Report,2024-10-01T14:30:46.000Z,2024-10-08T11:39:18.000Z,Closed,5,7.95,true,Email,Low
AM-SR-001179,AM-CL-0106,E-0272,Cash Movement,2025-08-10T16:56:35.000Z,2025-08-10T11:01:06.000Z,Closed,1,0.42,false,Email,Low
AM-SR-001180,AM-CL-0012,E-0289,Performance Report,2025-12-26T19:21:07.000Z,2025-12-27T08:50:25.000Z,Closed,5,1.36,false,Email,Low
AM-SR-001181,AM-CL-0017,E-0281,Performance Report,2026-08-08T07:18:42.000Z,2026-08-10T08:48:31.000Z,Closed,5,2.62,false,Portal,Low
AM-SR-001182,AM-CL-0004,E-0272,Onboarding Document,2025-04-05T18:48:31.000Z,2025-04-07T07:09:55.000Z,Closed,7,2.33,false,Portal,Low
AM-SR-001183,AM-CL-0132,E-0273,Performance Report,2025-04-13T08:44:08.000Z,2025-04-16T12:51:34.000Z,Closed,5,3.02,false,Email,Medium
AM-SR-001184,AM-CL-0138,E-0271,Performance Report,2024-12-12T18:53:37.000Z,2024-12-17T17:05:50.000Z,Closed,5,5.98,true,Email,Medium
AM-SR-001185,AM-CL-0101,E-0289,Reconciliation,2026-06-27T09:36:20.000Z,2026-06-28T15:52:42.000Z,Closed,3,1.67,false,Email,Low
AM-SR-001186,AM-CL-0066,E-0278,Fee Invoice Question,2026-08-25T10:04:20.000Z,2026-08-27T10:28:23.000Z,Closed,5,2.86,false,Portal,High
AM-SR-001187,AM-CL-0072,E-0286,Compliance Attestation,2024-09-28T08:00:15.000Z,2024-09-30T16:51:07.000Z,Closed,10,2.23,false,Email,Low
AM-SR-001188,AM-CL-0012,E-0289,Reconciliation,2025-11-06T11:45:01.000Z,2025-11-10T13:34:05.000Z,Closed,3,4.27,true,Email,High
AM-SR-001189,AM-CL-0078,E-0278,Performance Report,2025-08-30T13:29:09.000Z,2025-09-01T16:57:49.000Z,Closed,5,2.5,false,Portal,Low
AM-SR-001190,AM-CL-0084,E-0287,Performance Report,2025-11-05T12:43:20.000Z,2025-11-08T07:13:32.000Z,Closed,5,3.73,false,Email,High
AM-SR-001191,AM-CL-0030,E-0275,Onboarding Document,2025-02-07T09:02:35.000Z,2025-02-10T16:02:49.000Z,Closed,7,3.56,false,Portal,High
AM-SR-001192,AM-CL-0132,E-0273,Cash Movement,2026-04-04T16:10:57.000Z,2026-04-04T07:04:22.000Z,Closed,1,0.41,false,Portal,Low
AM-SR-001193,AM-CL-0135,E-0287,Performance Report,2026-02-28T12:22:12.000Z,2026-03-05T18:08:41.000Z,Closed,5,5.56,true,Email,Low
AM-SR-001194,AM-CL-0082,E-0275,Onboarding Document,2024-10-27T17:48:18.000Z,2024-10-31T10:18:35.000Z,Closed,7,4.99,false,Portal,Medium
AM-SR-001195,AM-CL-0138,E-0271,Data Feed Issue,2026-02-27T17:46:50.000Z,2026-02-27T13:10:35.000Z,Closed,2,0.59,false,Email,High
AM-SR-001196,AM-CL-0079,E-0270,Onboarding Document,2025-09-03T14:29:11.000Z,2025-09-05T19:31:54.000Z,Closed,7,2.59,false,Email,Low
AM-SR-001197,AM-CL-0037,E-0282,Compliance Attestation,2025-01-01T12:53:07.000Z,2025-01-02T13:04:13.000Z,Closed,10,1.77,false,Phone,Low
AM-SR-001198,AM-CL-0033,E-0266,Onboarding Document,2025-11-19T18:42:42.000Z,2025-11-26T07:49:14.000Z,Closed,7,7.55,true,Email,Low
AM-SR-001199,AM-CL-0085,E-0267,Onboarding Document,2026-08-28T12:12:55.000Z,,Open,7,,false,Phone,High
AM-SR-001200,AM-CL-0139,E-0266,Fee Invoice Question,2025-08-02T14:47:38.000Z,2025-08-05T11:39:25.000Z,Closed,5,3.19,false,Email,Medium
AM-SR-001201,AM-CL-0061,E-0290,Reconciliation,2026-06-16T18:01:36.000Z,2026-06-18T08:19:38.000Z,Closed,3,2.78,false,Portal,Medium
AM-SR-001202,AM-CL-0123,E-0272,Fee Invoice Question,2025-04-15T14:09:43.000Z,2025-04-17T07:34:31.000Z,Closed,5,2.87,false,Phone,Medium
AM-SR-001203,AM-CL-0083,E-0287,Fee Invoice Question,2025-05-01T10:42:15.000Z,2025-05-03T10:25:52.000Z,Closed,5,2.5,false,Email,Medium
AM-SR-001204,AM-CL-0125,E-0286,Cash Movement,2026-04-04T10:34:20.000Z,2026-04-05T12:33:07.000Z,Closed,1,1.24,true,Email,Low
AM-SR-001205,AM-CL-0138,E-0271,Onboarding Document,2025-11-01T15:01:34.000Z,2025-11-05T10:57:58.000Z,Closed,7,4.15,false,Email,Medium
AM-SR-001206,AM-CL-0007,E-0280,Performance Report,2025-11-05T08:48:41.000Z,2025-11-09T08:55:03.000Z,Closed,5,4.05,false,Email,Low
AM-SR-001207,AM-CL-0123,E-0272,Cash Movement,2025-07-14T11:04:35.000Z,2025-07-14T10:19:30.000Z,Closed,1,0.55,false,Email,Medium
AM-SR-001208,AM-CL-0022,E-0273,Reconciliation,2026-01-10T08:44:19.000Z,2026-01-18T16:16:10.000Z,Closed,3,8.65,true,Portal,High
AM-SR-001209,AM-CL-0031,E-0276,Data Feed Issue,2026-07-07T19:59:50.000Z,2026-07-07T11:57:18.000Z,Closed,2,0.63,false,Portal,Medium
AM-SR-001210,AM-CL-0100,E-0284,Reconciliation,2024-12-26T18:40:37.000Z,2024-12-26T15:22:57.000Z,Closed,3,0.43,false,Email,Medium
AM-SR-001211,AM-CL-0133,E-0275,Compliance Attestation,2025-05-31T17:24:34.000Z,2025-06-17T12:37:34.000Z,Closed,10,17.92,true,Email,Low
AM-SR-001212,AM-CL-0080,E-0275,Cash Movement,2024-12-22T16:36:35.000Z,2024-12-22T18:50:40.000Z,Closed,1,0.41,false,Portal,High
AM-SR-001213,AM-CL-0008,E-0279,Data Feed Issue,2025-12-10T11:27:33.000Z,2025-12-10T17:01:24.000Z,Closed,2,0.99,false,Portal,Low
AM-SR-001214,AM-CL-0034,E-0271,Cash Movement,2025-05-17T09:40:05.000Z,2025-05-17T15:33:29.000Z,Closed,1,0.5,false,Portal,Medium
AM-SR-001215,AM-CL-0044,E-0282,Data Feed Issue,2026-08-09T08:54:07.000Z,2026-08-11T19:07:28.000Z,Closed,2,2.47,true,Portal,Medium
AM-SR-001216,AM-CL-0020,E-0266,Data Feed Issue,2025-01-22T17:28:24.000Z,2025-01-23T16:14:16.000Z,Closed,2,1.7,false,Portal,Low
AM-SR-001217,AM-CL-0058,E-0280,Reconciliation,2026-04-20T19:11:30.000Z,2026-04-22T13:49:19.000Z,Closed,3,2.14,false,Email,Medium
AM-SR-001218,AM-CL-0116,E-0272,Performance Report,2026-01-21T19:49:53.000Z,2026-02-02T07:28:36.000Z,Closed,5,12.02,true,Portal,Medium
AM-SR-001219,AM-CL-0061,E-0290,Cash Movement,2026-05-04T19:44:32.000Z,2026-05-05T11:24:21.000Z,Closed,1,1.17,true,Email,Medium
AM-SR-001220,AM-CL-0081,E-0267,Reconciliation,2025-12-26T16:04:55.000Z,2025-12-28T15:55:28.000Z,Closed,3,2.5,false,Portal,Low
AM-SR-001221,AM-CL-0133,E-0275,Onboarding Document,2025-07-10T17:25:38.000Z,2025-07-13T15:41:30.000Z,Closed,7,3.11,false,Email,Medium
AM-SR-001222,AM-CL-0020,E-0266,Fee Invoice Question,2024-10-28T19:24:45.000Z,2024-10-30T13:33:02.000Z,Closed,5,2.38,false,Portal,Medium
AM-SR-001223,AM-CL-0043,E-0267,Reconciliation,2026-02-10T19:07:08.000Z,2026-02-13T07:55:59.000Z,Closed,3,3.03,true,Email,Low
AM-SR-001224,AM-CL-0026,E-0266,Performance Report,2026-05-05T15:18:26.000Z,2026-05-14T14:26:02.000Z,Closed,5,9.97,true,Email,Low
AM-SR-001225,AM-CL-0098,E-0268,Fee Invoice Question,2026-04-10T11:29:52.000Z,2026-04-16T09:49:30.000Z,Closed,5,6.67,true,Email,High
AM-SR-001226,AM-CL-0015,E-0287,Performance Report,2026-03-22T17:01:05.000Z,2026-03-25T19:33:51.000Z,Closed,5,3.1,false,Phone,Low
AM-SR-001227,AM-CL-0102,E-0277,Performance Report,2024-10-20T16:13:50.000Z,2024-10-26T14:29:01.000Z,Closed,5,6.72,true,Email,Low
AM-SR-001228,AM-CL-0093,E-0275,Performance Report,2026-06-21T16:49:35.000Z,2026-06-24T08:37:23.000Z,Closed,5,3.49,false,Portal,Medium
AM-SR-001229,AM-CL-0124,E-0270,Performance Report,2024-09-20T13:49:56.000Z,2024-09-22T10:02:29.000Z,Closed,5,2.49,false,Phone,Medium
AM-SR-001230,AM-CL-0054,E-0290,Performance Report,2025-08-07T12:41:31.000Z,2025-08-10T18:33:07.000Z,Closed,5,3.32,false,Portal,Medium
AM-SR-001231,AM-CL-0129,E-0273,Reconciliation,2025-09-08T07:44:07.000Z,2025-09-10T13:06:11.000Z,Closed,3,2.07,false,Email,Low
AM-SR-001232,AM-CL-0035,E-0267,Performance Report,2025-01-08T08:57:38.000Z,2025-01-10T18:36:54.000Z,Closed,5,2.56,false,Portal,Low
AM-SR-001233,AM-CL-0043,E-0267,Cash Movement,2026-03-14T13:23:31.000Z,2026-03-15T09:22:37.000Z,Closed,1,1.06,true,Phone,Low
AM-SR-001234,AM-CL-0121,E-0285,Performance Report,2024-12-15T18:33:22.000Z,2024-12-19T16:02:01.000Z,Closed,5,4.06,false,Phone,High
AM-SR-001235,AM-CL-0082,E-0275,Fee Invoice Question,2025-06-24T12:38:16.000Z,2025-06-30T08:19:11.000Z,Closed,5,6.15,true,Email,Medium
AM-SR-001236,AM-CL-0073,E-0269,Performance Report,2025-04-12T10:50:02.000Z,2025-04-14T15:52:01.000Z,Closed,5,2.37,false,Email,High
AM-SR-001237,AM-CL-0100,E-0284,Performance Report,2024-09-30T09:22:13.000Z,2024-10-05T11:29:35.000Z,Closed,5,5.51,true,Phone,Low
AM-SR-001238,AM-CL-0093,E-0275,Performance Report,2025-12-13T19:15:41.000Z,2025-12-17T07:06:08.000Z,Closed,5,4.35,false,Phone,Low
AM-SR-001239,AM-CL-0018,E-0266,Reconciliation,2025-10-09T14:32:52.000Z,2025-10-10T16:33:03.000Z,Closed,3,1.37,false,Email,Low
AM-SR-001240,AM-CL-0139,E-0266,Onboarding Document,2026-03-06T14:21:35.000Z,2026-03-11T15:49:52.000Z,Closed,7,5.72,false,Email,Medium
AM-SR-001241,AM-CL-0075,E-0270,Reconciliation,2025-03-17T17:37:43.000Z,2025-03-18T08:24:52.000Z,Closed,3,1.69,false,Email,Low
AM-SR-001242,AM-CL-0138,E-0271,Performance Report,2025-10-17T13:02:58.000Z,2025-10-20T07:43:36.000Z,Closed,5,3.55,false,Email,Medium
AM-SR-001243,AM-CL-0034,E-0271,Performance Report,2026-02-20T09:24:47.000Z,2026-02-23T12:20:25.000Z,Closed,5,3.36,false,Email,Medium
AM-SR-001244,AM-CL-0129,E-0273,Data Feed Issue,2024-11-18T12:21:02.000Z,2024-11-19T08:25:25.000Z,Closed,2,1.05,false,Portal,Medium
AM-SR-001245,AM-CL-0018,E-0266,Data Feed Issue,2025-05-04T18:30:37.000Z,2025-05-05T07:48:09.000Z,Closed,2,1.87,false,Email,Low
AM-SR-001246,AM-CL-0067,E-0275,Compliance Attestation,2025-12-12T07:16:36.000Z,2025-12-18T15:29:46.000Z,Closed,10,6.91,false,Email,Low
AM-SR-001247,AM-CL-0113,E-0270,Performance Report,2025-01-30T16:37:22.000Z,2025-02-04T14:37:20.000Z,Closed,5,5.1,true,Phone,Medium
AM-SR-001248,AM-CL-0034,E-0271,Fee Invoice Question,2025-03-21T18:35:14.000Z,2025-03-25T11:30:33.000Z,Closed,5,4.31,false,Email,High
AM-SR-001249,AM-CL-0106,E-0272,Performance Report,2024-10-20T14:34:39.000Z,2024-10-22T11:59:34.000Z,Closed,5,2.36,false,Portal,Low
AM-SR-001250,AM-CL-0060,E-0284,Performance Report,2026-04-30T08:28:51.000Z,2026-05-04T17:16:59.000Z,Closed,5,4.52,false,Email,Medium
AM-SR-001251,AM-CL-0002,E-0268,Fee Invoice Question,2024-11-15T08:31:51.000Z,2024-11-26T07:54:08.000Z,Closed,5,11.51,true,Email,Low
AM-SR-001252,AM-CL-0052,E-0285,Performance Report,2024-10-08T09:22:23.000Z,2024-10-10T17:37:33.000Z,Closed,5,2.64,false,Email,High
AM-SR-001253,AM-CL-0116,E-0272,Performance Report,2025-07-18T16:08:19.000Z,2025-07-21T07:58:37.000Z,Closed,5,3.91,false,Email,Medium
AM-SR-001254,AM-CL-0032,E-0279,Performance Report,2025-04-25T13:48:01.000Z,2025-04-29T19:31:35.000Z,Closed,5,4.83,false,Portal,Medium
AM-SR-001255,AM-CL-0019,E-0283,Fee Invoice Question,2025-09-02T07:11:10.000Z,2025-09-05T11:51:46.000Z,Closed,5,3.38,false,Portal,Medium
AM-SR-001256,AM-CL-0036,E-0267,Onboarding Document,2024-10-13T12:01:45.000Z,2024-10-20T17:24:13.000Z,Closed,7,7.2,true,Email,Medium
AM-SR-001257,AM-CL-0130,E-0273,Cash Movement,2026-04-30T12:20:22.000Z,2026-05-01T18:40:45.000Z,Closed,1,1.26,true,Portal,Medium
AM-SR-001258,AM-CL-0073,E-0269,Cash Movement,2024-12-09T09:03:49.000Z,2024-12-10T08:44:55.000Z,Closed,1,1.07,true,Email,Medium
AM-SR-001259,AM-CL-0084,E-0287,Fee Invoice Question,2024-11-03T18:23:31.000Z,2024-11-05T08:08:53.000Z,Closed,5,2.14,false,Email,Low
AM-SR-001260,AM-CL-0068,E-0283,Data Feed Issue,2024-10-26T15:07:17.000Z,2024-10-26T13:05:37.000Z,Closed,2,0.82,false,Portal,Medium
AM-SR-001261,AM-CL-0129,E-0273,Performance Report,2024-10-13T11:35:40.000Z,2024-10-21T11:19:30.000Z,Closed,5,8.09,true,Email,Medium
AM-SR-001262,AM-CL-0073,E-0269,Performance Report,2025-07-12T07:17:09.000Z,2025-07-13T16:17:03.000Z,Closed,5,1.46,false,Email,Medium
AM-SR-001263,AM-CL-0054,E-0290,Reconciliation,2026-08-23T19:45:25.000Z,2026-08-26T17:34:46.000Z,Closed,3,3.35,true,Email,Low
AM-SR-001264,AM-CL-0059,E-0273,Performance Report,2025-10-04T15:04:37.000Z,2025-10-08T13:06:32.000Z,Closed,5,4.5,false,Email,High
AM-SR-001265,AM-CL-0092,E-0284,Reconciliation,2026-08-13T10:42:17.000Z,2026-08-14T16:56:42.000Z,Closed,3,1.09,false,Portal,Medium
AM-SR-001266,AM-CL-0043,E-0267,Data Feed Issue,2025-08-04T10:59:52.000Z,2025-08-06T11:03:39.000Z,Closed,2,2.79,true,Email,Medium
AM-SR-001267,AM-CL-0028,E-0279,Reconciliation,2026-02-20T19:31:15.000Z,2026-02-20T18:37:34.000Z,Closed,3,0.82,false,Email,Low
AM-SR-001268,AM-CL-0005,E-0277,Onboarding Document,2026-02-28T17:47:45.000Z,2026-03-11T19:33:29.000Z,Closed,7,11.07,true,Email,High
AM-SR-001269,AM-CL-0031,E-0276,Reconciliation,2026-03-19T19:34:28.000Z,2026-03-20T15:03:39.000Z,Closed,3,1.24,false,Portal,High
AM-SR-001270,AM-CL-0126,E-0270,Performance Report,2026-07-13T16:08:28.000Z,2026-07-15T18:30:26.000Z,Closed,5,2.46,false,Portal,Medium
AM-SR-001271,AM-CL-0116,E-0272,Cash Movement,2025-12-13T12:53:03.000Z,2025-12-14T13:55:22.000Z,Closed,1,1.03,true,Email,Medium
AM-SR-001272,AM-CL-0071,E-0279,Performance Report,2025-08-30T15:47:53.000Z,2025-09-01T09:13:26.000Z,Closed,5,2.29,false,Portal,Medium
AM-SR-001273,AM-CL-0129,E-0273,Fee Invoice Question,2025-12-23T07:30:53.000Z,2025-12-25T13:22:46.000Z,Closed,5,2.61,false,Email,Medium
AM-SR-001274,AM-CL-0140,E-0272,Performance Report,2025-04-04T12:29:08.000Z,2025-04-05T09:35:00.000Z,Closed,5,1.74,false,Portal,Medium
AM-SR-001275,AM-CL-0066,E-0278,Performance Report,2026-01-10T19:09:12.000Z,2026-01-15T18:17:24.000Z,Closed,5,5.21,true,Email,Medium
AM-SR-001276,AM-CL-0073,E-0269,Fee Invoice Question,2026-06-18T07:32:16.000Z,2026-06-22T14:53:26.000Z,Closed,5,4.49,false,Email,Low
AM-SR-001277,AM-CL-0125,E-0286,Performance Report,2024-10-30T09:03:03.000Z,2024-11-02T11:31:54.000Z,Closed,5,3.11,false,Email,Medium
AM-SR-001278,AM-CL-0047,E-0266,Reconciliation,2026-03-28T15:33:43.000Z,2026-03-29T10:02:33.000Z,Closed,3,1.8,false,Email,Low
AM-SR-001279,AM-CL-0068,E-0283,Cash Movement,2025-03-23T17:47:30.000Z,2025-03-23T16:10:30.000Z,Closed,1,0.65,false,Email,Medium
AM-SR-001280,AM-CL-0079,E-0270,Performance Report,2025-04-28T19:30:00.000Z,2025-05-03T17:13:29.000Z,Closed,5,5.31,true,Email,High
AM-SR-001281,AM-CL-0079,E-0270,Onboarding Document,2025-08-11T17:12:13.000Z,2025-08-15T08:33:00.000Z,Closed,7,4.14,false,Email,Medium
AM-SR-001282,AM-CL-0089,E-0280,Compliance Attestation,2026-06-07T07:58:53.000Z,2026-06-14T15:23:16.000Z,Closed,10,7.93,false,Email,Medium
AM-SR-001283,AM-CL-0046,E-0270,Reconciliation,2026-03-18T11:46:22.000Z,2026-03-19T15:36:27.000Z,Closed,3,1.8,false,Portal,Medium
AM-SR-001284,AM-CL-0043,E-0267,Performance Report,2025-05-06T13:12:09.000Z,2025-05-08T11:17:43.000Z,Closed,5,2.65,false,Email,Low
AM-SR-001285,AM-CL-0076,E-0282,Data Feed Issue,2025-06-01T18:08:07.000Z,2025-06-02T18:01:57.000Z,Closed,2,1.78,false,Email,Medium
AM-SR-001286,AM-CL-0038,E-0288,Performance Report,2024-11-27T16:37:29.000Z,2024-11-30T15:09:11.000Z,Closed,5,3.51,false,Portal,Medium
AM-SR-001287,AM-CL-0009,E-0279,Onboarding Document,2025-05-04T19:15:50.000Z,2025-05-14T07:00:07.000Z,Closed,7,10.44,true,Email,Medium
AM-SR-001288,AM-CL-0018,E-0266,Cash Movement,2025-02-28T19:23:36.000Z,2025-03-01T16:11:37.000Z,Closed,1,1.05,true,Portal,Medium
AM-SR-001289,AM-CL-0103,E-0289,Onboarding Document,2025-12-10T14:20:24.000Z,2025-12-21T07:19:52.000Z,Closed,7,11.62,true,Email,Medium
AM-SR-001290,AM-CL-0078,E-0278,Performance Report,2025-08-01T18:28:13.000Z,2025-08-06T09:18:23.000Z,Closed,5,5.29,true,Phone,Medium
AM-SR-001291,AM-CL-0111,E-0270,Fee Invoice Question,2025-07-13T11:19:25.000Z,2025-07-20T10:08:53.000Z,Closed,5,7.49,true,Email,Low
AM-SR-001292,AM-CL-0098,E-0268,Fee Invoice Question,2024-10-02T12:56:19.000Z,2024-10-03T15:09:55.000Z,Closed,5,1.73,false,Portal,Low
AM-SR-001293,AM-CL-0010,E-0275,Reconciliation,2025-12-22T19:31:40.000Z,2025-12-22T07:51:09.000Z,Closed,3,0.98,false,Email,Medium
AM-SR-001294,AM-CL-0047,E-0266,Reconciliation,2025-11-28T15:54:04.000Z,2025-11-29T15:59:32.000Z,Closed,3,1.51,false,Portal,High
AM-SR-001295,AM-CL-0137,E-0284,Performance Report,2026-05-15T08:48:31.000Z,2026-05-17T07:48:33.000Z,Closed,5,2.47,false,Email,High
AM-SR-001296,AM-CL-0006,E-0284,Reconciliation,2025-07-10T18:18:44.000Z,2025-07-17T07:35:40.000Z,Closed,3,7.83,true,Email,Low
AM-SR-001297,AM-CL-0123,E-0272,Cash Movement,2026-01-15T10:20:17.000Z,2026-01-15T08:59:08.000Z,Closed,1,0.99,false,Portal,Low
AM-SR-001298,AM-CL-0131,E-0285,Data Feed Issue,2025-12-31T13:40:36.000Z,2025-12-31T18:39:58.000Z,Closed,2,0.34,false,Email,Medium
AM-SR-001299,AM-CL-0101,E-0289,Compliance Attestation,2026-03-18T15:18:29.000Z,2026-03-28T13:55:09.000Z,Closed,10,10.63,true,Phone,Medium
AM-SR-001300,AM-CL-0106,E-0272,Reconciliation,2024-12-07T15:14:24.000Z,2024-12-12T10:15:33.000Z,Closed,3,5.43,true,Email,Medium
AM-SR-001301,AM-CL-0003,E-0280,Performance Report,2025-10-15T15:12:14.000Z,2025-10-18T19:07:13.000Z,Closed,5,3.6,false,Email,Low
AM-SR-001302,AM-CL-0048,E-0284,Onboarding Document,2026-05-25T13:53:44.000Z,2026-05-28T19:13:56.000Z,Closed,7,3.84,false,Email,High
AM-SR-001303,AM-CL-0011,E-0271,Reconciliation,2025-04-06T15:54:16.000Z,2025-04-09T09:35:22.000Z,Closed,3,3.53,true,Email,Medium
AM-SR-001304,AM-CL-0095,E-0280,Performance Report,2026-05-13T14:10:25.000Z,2026-05-16T08:15:10.000Z,Closed,5,3.41,false,Email,High
AM-SR-001305,AM-CL-0062,E-0278,Reconciliation,2026-01-09T18:01:51.000Z,2026-01-10T19:09:30.000Z,Closed,3,1.74,false,Portal,Low
AM-SR-001306,AM-CL-0106,E-0272,Performance Report,2026-08-25T07:47:15.000Z,2026-08-28T19:17:19.000Z,Closed,5,3.73,false,Email,High
AM-SR-001307,AM-CL-0108,E-0272,Performance Report,2026-06-08T17:16:25.000Z,2026-06-09T16:28:29.000Z,Closed,5,1.59,false,Portal,Low
AM-SR-001308,AM-CL-0127,E-0266,Performance Report,2026-05-20T10:41:50.000Z,2026-05-22T09:04:45.000Z,Closed,5,2.17,false,Email,Medium
AM-SR-001309,AM-CL-0035,E-0267,Fee Invoice Question,2025-07-27T07:35:53.000Z,2025-07-28T08:25:43.000Z,Closed,5,1.86,false,Portal,Low
AM-SR-001310,AM-CL-0021,E-0286,Reconciliation,2026-04-30T09:38:02.000Z,2026-05-02T08:22:29.000Z,Closed,3,2.13,false,Email,Low
AM-SR-001311,AM-CL-0012,E-0289,Onboarding Document,2025-06-24T13:02:44.000Z,2025-06-26T17:59:49.000Z,Closed,7,2.41,false,Phone,Medium
AM-SR-001312,AM-CL-0101,E-0289,Data Feed Issue,2025-11-04T18:00:01.000Z,2025-11-04T15:27:56.000Z,Closed,2,0.81,false,Email,High
AM-SR-001313,AM-CL-0044,E-0282,Performance Report,2026-01-19T09:32:22.000Z,2026-01-22T19:23:00.000Z,Closed,5,3.96,false,Portal,Low
AM-SR-001314,AM-CL-0062,E-0278,Cash Movement,2024-12-17T19:33:39.000Z,2024-12-17T15:15:04.000Z,Closed,1,0.46,false,Email,Low
AM-SR-001315,AM-CL-0007,E-0280,Fee Invoice Question,2024-11-03T15:44:34.000Z,2024-11-04T15:03:09.000Z,Closed,5,1.71,false,Email,Low
AM-SR-001316,AM-CL-0086,E-0268,Performance Report,2024-10-15T18:37:31.000Z,2024-10-18T18:39:22.000Z,Closed,5,3.04,false,Portal,Medium
AM-SR-001317,AM-CL-0011,E-0271,Performance Report,2024-12-23T11:32:00.000Z,2024-12-31T19:35:36.000Z,Closed,5,8.19,true,Email,Medium
AM-SR-001318,AM-CL-0058,E-0280,Fee Invoice Question,2026-07-13T15:06:32.000Z,2026-07-16T15:43:36.000Z,Closed,5,3.08,false,Portal,Medium
AM-SR-001319,AM-CL-0085,E-0267,Performance Report,2026-02-16T08:44:03.000Z,2026-02-21T13:11:27.000Z,Closed,5,5.44,true,Portal,Medium
AM-SR-001320,AM-CL-0028,E-0279,Cash Movement,2026-06-15T16:19:22.000Z,2026-06-15T18:09:51.000Z,Closed,1,0.88,false,Email,Low
AM-SR-001321,AM-CL-0014,E-0288,Performance Report,2025-02-22T17:07:28.000Z,2025-03-06T09:06:00.000Z,Closed,5,12.93,true,Portal,Medium
AM-SR-001322,AM-CL-0072,E-0286,Data Feed Issue,2026-05-25T16:51:32.000Z,2026-05-26T16:19:46.000Z,Closed,2,1.85,false,Email,Low
AM-SR-001323,AM-CL-0109,E-0288,Fee Invoice Question,2026-02-12T12:03:17.000Z,2026-02-17T15:44:05.000Z,Closed,5,5.19,true,Portal,Medium
AM-SR-001324,AM-CL-0065,E-0286,Reconciliation,2025-02-04T19:30:47.000Z,2025-02-05T11:57:50.000Z,Closed,3,1.39,false,Portal,Low
AM-SR-001325,AM-CL-0124,E-0270,Cash Movement,2025-01-22T07:31:47.000Z,2025-01-22T10:35:20.000Z,Closed,1,0.35,false,Phone,Low
AM-SR-001326,AM-CL-0108,E-0272,Performance Report,2026-04-09T13:01:29.000Z,2026-04-14T15:48:08.000Z,Closed,5,5.51,true,Email,High
AM-SR-001327,AM-CL-0130,E-0273,Fee Invoice Question,2026-06-17T17:36:16.000Z,2026-06-20T17:40:18.000Z,Closed,5,3.73,false,Email,Low
AM-SR-001328,AM-CL-0040,E-0268,Reconciliation,2025-10-02T09:59:27.000Z,2025-10-07T10:42:03.000Z,Closed,3,5.98,true,Phone,Medium
AM-SR-001329,AM-CL-0016,E-0269,Onboarding Document,2025-08-17T07:20:30.000Z,2025-08-25T13:16:01.000Z,Closed,7,8.66,true,Email,Low
AM-SR-001330,AM-CL-0040,E-0268,Performance Report,2026-05-18T12:45:05.000Z,2026-05-30T18:45:41.000Z,Closed,5,12.12,true,Email,Low
AM-SR-001331,AM-CL-0138,E-0271,Fee Invoice Question,2026-05-11T17:20:40.000Z,2026-05-17T19:14:22.000Z,Closed,5,6.19,true,Email,Medium
AM-SR-001332,AM-CL-0033,E-0266,Reconciliation,2026-08-07T19:38:29.000Z,2026-08-11T09:33:41.000Z,Closed,3,4.61,true,Email,Low
AM-SR-001333,AM-CL-0067,E-0275,Fee Invoice Question,2025-06-08T19:52:37.000Z,2025-06-15T17:01:48.000Z,Closed,5,7.3,true,Portal,Low
AM-SR-001334,AM-CL-0060,E-0284,Performance Report,2025-11-14T13:02:22.000Z,2025-11-16T17:13:26.000Z,Closed,5,2.74,false,Portal,Low
AM-SR-001335,AM-CL-0077,E-0282,Reconciliation,2025-06-15T09:35:57.000Z,2025-06-16T14:45:55.000Z,Closed,3,1.69,false,Portal,Medium
AM-SR-001336,AM-CL-0002,E-0268,Performance Report,2025-12-03T08:07:00.000Z,2025-12-05T12:26:39.000Z,Closed,5,2.91,false,Portal,Medium
AM-SR-001337,AM-CL-0139,E-0266,Performance Report,2025-07-20T17:03:53.000Z,2025-07-24T14:05:23.000Z,Closed,5,4.66,false,Email,Medium
AM-SR-001338,AM-CL-0001,E-0279,Reconciliation,2025-09-24T10:18:36.000Z,2025-09-26T10:35:47.000Z,Closed,3,2.62,false,Email,Low
AM-SR-001339,AM-CL-0050,E-0276,Fee Invoice Question,2026-02-01T11:05:44.000Z,2026-02-04T09:37:28.000Z,Closed,5,3.82,false,Email,Medium
AM-SR-001340,AM-CL-0084,E-0287,Compliance Attestation,2025-01-28T19:28:48.000Z,2025-02-01T14:52:26.000Z,Closed,10,4.13,false,Email,High
AM-SR-001341,AM-CL-0119,E-0285,Performance Report,2025-02-21T08:56:38.000Z,2025-02-27T19:44:38.000Z,Closed,5,6.06,true,Portal,Medium
AM-SR-001342,AM-CL-0009,E-0279,Data Feed Issue,2025-10-16T08:09:02.000Z,2025-10-17T16:05:08.000Z,Closed,2,1.71,false,Portal,Low
AM-SR-001343,AM-CL-0003,E-0280,Fee Invoice Question,2025-05-21T17:25:15.000Z,2025-05-25T08:24:45.000Z,Closed,5,4.43,false,Email,Medium
AM-SR-001344,AM-CL-0117,E-0289,Onboarding Document,2025-01-20T13:51:09.000Z,2025-01-22T16:12:48.000Z,Closed,7,2.73,false,Portal,Low
AM-SR-001345,AM-CL-0097,E-0289,Fee Invoice Question,2025-10-21T19:39:19.000Z,2025-10-23T16:06:54.000Z,Closed,5,2.02,false,Email,Medium
AM-SR-001346,AM-CL-0130,E-0273,Reconciliation,2024-10-13T10:02:25.000Z,2024-10-13T17:52:26.000Z,Closed,3,0.62,false,Email,Low
AM-SR-001347,AM-CL-0048,E-0284,Compliance Attestation,2026-05-25T09:39:32.000Z,2026-05-29T11:45:59.000Z,Closed,10,4.49,false,Portal,Medium
AM-SR-001348,AM-CL-0082,E-0275,Data Feed Issue,2026-05-17T14:37:21.000Z,2026-05-18T13:18:19.000Z,Closed,2,1.11,false,Phone,High
AM-SR-001349,AM-CL-0028,E-0279,Reconciliation,2025-04-07T07:59:54.000Z,2025-04-09T12:35:17.000Z,Closed,3,2.77,false,Portal,Medium
AM-SR-001350,AM-CL-0082,E-0275,Data Feed Issue,2024-10-10T11:19:20.000Z,2024-10-11T07:24:28.000Z,Closed,2,1.42,false,Email,Low
AM-SR-001351,AM-CL-0123,E-0272,Fee Invoice Question,2026-03-31T08:59:48.000Z,2026-04-01T18:03:56.000Z,Closed,5,1.8,false,Email,Medium
AM-SR-001352,AM-CL-0070,E-0282,Performance Report,2026-02-07T08:18:09.000Z,2026-02-10T11:15:29.000Z,Closed,5,3.24,false,Email,High
AM-SR-001353,AM-CL-0132,E-0273,Onboarding Document,2026-08-26T19:18:14.000Z,,Open,7,,true,Email,Medium
AM-SR-001354,AM-CL-0039,E-0275,Performance Report,2025-03-28T19:01:10.000Z,2025-03-29T15:13:05.000Z,Closed,5,1.18,false,Phone,Low
AM-SR-001355,AM-CL-0125,E-0286,Data Feed Issue,2026-05-13T11:07:52.000Z,2026-05-15T18:35:53.000Z,Closed,2,2.8,true,Email,Medium
AM-SR-001356,AM-CL-0081,E-0267,Performance Report,2025-01-14T14:16:16.000Z,2025-01-20T08:13:25.000Z,Closed,5,6.34,true,Email,Low
AM-SR-001357,AM-CL-0100,E-0284,Onboarding Document,2025-02-17T11:43:17.000Z,2025-02-20T07:47:30.000Z,Closed,7,3.99,false,Portal,Medium
AM-SR-001358,AM-CL-0004,E-0272,Performance Report,2026-05-26T17:29:07.000Z,2026-06-02T16:03:04.000Z,Closed,5,7.79,true,Email,Medium
AM-SR-001359,AM-CL-0118,E-0274,Cash Movement,2026-02-06T18:18:14.000Z,2026-02-07T18:41:51.000Z,Closed,1,1.52,true,Portal,Low
AM-SR-001360,AM-CL-0119,E-0285,Reconciliation,2026-07-11T14:12:37.000Z,2026-07-20T08:52:16.000Z,Closed,3,9.28,true,Portal,Low
AM-SR-001361,AM-CL-0050,E-0276,Cash Movement,2024-12-24T10:41:22.000Z,2024-12-25T10:52:10.000Z,Closed,1,1.31,true,Email,Low
AM-SR-001362,AM-CL-0080,E-0275,Onboarding Document,2025-12-11T09:19:19.000Z,2025-12-14T08:24:09.000Z,Closed,7,3.96,false,Email,Medium
AM-SR-001363,AM-CL-0013,E-0277,Fee Invoice Question,2025-11-23T15:38:06.000Z,2025-11-25T16:45:07.000Z,Closed,5,2.04,false,Email,High
AM-SR-001364,AM-CL-0008,E-0279,Performance Report,2024-09-23T19:01:48.000Z,2024-09-25T17:23:21.000Z,Closed,5,2.41,false,Email,Low
AM-SR-001365,AM-CL-0062,E-0278,Fee Invoice Question,2026-05-21T13:35:29.000Z,2026-05-23T18:44:58.000Z,Closed,5,2.41,false,Email,Medium
AM-SR-001366,AM-CL-0008,E-0279,Cash Movement,2025-06-08T11:57:37.000Z,2025-06-08T08:55:34.000Z,Closed,1,0.73,false,Portal,High
AM-SR-001367,AM-CL-0110,E-0286,Reconciliation,2026-02-15T16:18:14.000Z,2026-02-16T19:18:27.000Z,Closed,3,1.6,false,Portal,Medium
AM-SR-001368,AM-CL-0085,E-0267,Reconciliation,2026-07-05T11:13:33.000Z,2026-07-09T12:17:58.000Z,Closed,3,4.13,true,Email,High
AM-SR-001369,AM-CL-0096,E-0272,Data Feed Issue,2024-10-07T09:42:22.000Z,2024-10-08T18:10:34.000Z,Closed,2,1.69,false,Email,Medium
AM-SR-001370,AM-CL-0115,E-0274,Reconciliation,2025-02-15T10:36:50.000Z,2025-02-20T08:42:34.000Z,Closed,3,5.67,true,Portal,Low
AM-SR-001371,AM-CL-0030,E-0275,Performance Report,2024-10-28T12:15:21.000Z,2024-11-03T07:38:30.000Z,Closed,5,6.54,true,Email,Medium
AM-SR-001372,AM-CL-0127,E-0266,Reconciliation,2024-09-13T19:15:26.000Z,2024-09-14T18:31:58.000Z,Closed,3,1.24,false,Phone,High
AM-SR-001373,AM-CL-0110,E-0286,Onboarding Document,2025-09-28T18:41:50.000Z,2025-10-06T14:00:27.000Z,Closed,7,8.49,true,Portal,Medium
AM-SR-001374,AM-CL-0095,E-0280,Fee Invoice Question,2025-05-21T12:36:13.000Z,2025-05-25T08:21:33.000Z,Closed,5,4.56,false,Email,High
AM-SR-001375,AM-CL-0111,E-0270,Reconciliation,2026-04-21T12:58:41.000Z,2026-04-22T07:19:54.000Z,Closed,3,1.91,false,Portal,High
AM-SR-001376,AM-CL-0122,E-0276,Fee Invoice Question,2025-09-27T15:01:29.000Z,2025-09-30T18:30:52.000Z,Closed,5,3.84,false,Portal,Medium
AM-SR-001377,AM-CL-0057,E-0281,Fee Invoice Question,2024-11-06T11:56:11.000Z,2024-11-09T12:32:30.000Z,Closed,5,3.26,false,Email,Medium
AM-SR-001378,AM-CL-0095,E-0280,Cash Movement,2025-03-22T15:14:08.000Z,2025-03-23T13:35:41.000Z,Closed,1,1.31,true,Email,Medium
AM-SR-001379,AM-CL-0105,E-0284,Reconciliation,2025-07-19T09:51:14.000Z,2025-07-20T12:17:09.000Z,Closed,3,1.73,false,Email,Medium
AM-SR-001380,AM-CL-0048,E-0284,Compliance Attestation,2026-07-20T09:49:40.000Z,2026-07-27T16:58:35.000Z,Closed,10,7.3,false,Email,High
AM-SR-001381,AM-CL-0127,E-0266,Data Feed Issue,2026-03-01T10:45:00.000Z,2026-03-01T15:04:06.000Z,Closed,2,0.97,false,Email,Medium
AM-SR-001382,AM-CL-0010,E-0275,Reconciliation,2024-12-03T10:46:57.000Z,2024-12-04T19:41:35.000Z,Closed,3,1.51,false,Email,Low
AM-SR-001383,AM-CL-0050,E-0276,Reconciliation,2024-10-01T07:44:00.000Z,2024-10-09T08:07:59.000Z,Closed,3,8.97,true,Portal,Medium
AM-SR-001384,AM-CL-0034,E-0271,Performance Report,2025-10-19T13:14:11.000Z,2025-10-22T08:43:11.000Z,Closed,5,3.49,false,Phone,Medium
AM-SR-001385,AM-CL-0026,E-0266,Performance Report,2025-05-29T18:31:27.000Z,2025-06-01T18:57:20.000Z,Closed,5,3.96,false,Email,Low
AM-SR-001386,AM-CL-0060,E-0284,Performance Report,2025-10-20T18:16:41.000Z,2025-10-22T11:41:25.000Z,Closed,5,2.67,false,Email,Medium
AM-SR-001387,AM-CL-0035,E-0267,Performance Report,2026-08-15T15:52:32.000Z,2026-08-17T14:59:38.000Z,Closed,5,2.24,false,Email,Medium
AM-SR-001388,AM-CL-0047,E-0266,Reconciliation,2024-12-31T08:32:33.000Z,2025-01-02T10:13:16.000Z,Closed,3,2.14,false,Portal,Medium
AM-SR-001389,AM-CL-0030,E-0275,Cash Movement,2026-06-03T15:14:30.000Z,2026-06-03T15:58:02.000Z,Closed,1,0.51,false,Portal,Low
AM-SR-001390,AM-CL-0102,E-0277,Reconciliation,2025-08-16T10:40:58.000Z,2025-08-16T12:25:28.000Z,Closed,3,0.72,false,Email,Low
AM-SR-001391,AM-CL-0116,E-0272,Reconciliation,2024-11-17T18:30:25.000Z,2024-11-17T19:21:27.000Z,Closed,3,0.68,false,Email,Medium
AM-SR-001392,AM-CL-0074,E-0280,Performance Report,2025-11-09T09:13:20.000Z,2025-11-13T19:48:42.000Z,Closed,5,4.27,false,Portal,Medium
AM-SR-001393,AM-CL-0090,E-0267,Compliance Attestation,2024-11-20T15:59:54.000Z,2024-11-27T19:10:15.000Z,Closed,10,7.81,false,Portal,High
AM-SR-001394,AM-CL-0009,E-0279,Onboarding Document,2025-07-03T12:56:47.000Z,2025-07-05T07:41:00.000Z,Closed,7,2.58,false,Phone,Medium
AM-SR-001395,AM-CL-0140,E-0272,Performance Report,2026-02-14T18:16:28.000Z,2026-02-17T14:04:55.000Z,Closed,5,3.0,false,Portal,Medium
AM-SR-001396,AM-CL-0092,E-0284,Data Feed Issue,2025-09-03T09:08:58.000Z,2025-09-07T15:22:52.000Z,Closed,2,4.11,true,Portal,Medium
AM-SR-001397,AM-CL-0079,E-0270,Reconciliation,2024-12-18T16:05:21.000Z,2024-12-20T09:30:24.000Z,Closed,3,2.26,false,Portal,Medium
AM-SR-001398,AM-CL-0086,E-0268,Performance Report,2025-05-27T16:22:42.000Z,2025-06-02T07:35:53.000Z,Closed,5,6.64,true,Email,Low
AM-SR-001399,AM-CL-0043,E-0267,Data Feed Issue,2024-11-27T18:57:42.000Z,2024-11-27T17:02:05.000Z,Closed,2,0.51,false,Portal,Medium
AM-SR-001400,AM-CL-0133,E-0275,Reconciliation,2025-03-29T07:34:12.000Z,2025-03-30T11:41:04.000Z,Closed,3,1.63,false,Email,Medium
AM-SR-001401,AM-CL-0051,E-0272,Cash Movement,2026-07-28T11:01:09.000Z,2026-07-28T17:08:19.000Z,Closed,1,0.34,false,Phone,Low
AM-SR-001402,AM-CL-0064,E-0274,Reconciliation,2026-05-27T11:26:26.000Z,2026-05-30T08:33:01.000Z,Closed,3,3.91,true,Email,Medium
AM-SR-001403,AM-CL-0016,E-0269,Cash Movement,2026-03-27T15:43:43.000Z,2026-03-28T18:32:12.000Z,Closed,1,1.43,true,Portal,Low
AM-SR-001404,AM-CL-0051,E-0272,Reconciliation,2026-08-26T14:04:56.000Z,2026-08-27T12:32:00.000Z,Closed,3,1.54,false,Portal,Low
AM-SR-001405,AM-CL-0011,E-0271,Fee Invoice Question,2025-09-16T10:03:07.000Z,2025-09-21T07:09:25.000Z,Closed,5,5.3,true,Email,High
AM-SR-001406,AM-CL-0020,E-0266,Fee Invoice Question,2025-06-06T15:30:26.000Z,2025-06-09T12:20:29.000Z,Closed,5,3.59,false,Email,Medium
AM-SR-001407,AM-CL-0037,E-0282,Reconciliation,2026-05-12T07:00:36.000Z,2026-05-16T11:27:06.000Z,Closed,3,4.56,true,Portal,Low
AM-SR-001408,AM-CL-0032,E-0279,Compliance Attestation,2025-09-21T11:35:23.000Z,2025-09-30T13:18:18.000Z,Closed,10,9.49,false,Portal,Low
AM-SR-001409,AM-CL-0140,E-0272,Performance Report,2025-02-13T11:49:35.000Z,2025-02-26T11:46:31.000Z,Closed,5,13.57,true,Email,High
AM-SR-001410,AM-CL-0104,E-0279,Reconciliation,2025-03-24T10:58:27.000Z,2025-03-26T16:57:04.000Z,Closed,3,2.13,false,Email,Medium
AM-SR-001411,AM-CL-0042,E-0286,Cash Movement,2026-05-25T17:22:19.000Z,2026-05-25T13:19:06.000Z,Closed,1,0.57,false,Portal,Low
AM-SR-001412,AM-CL-0055,E-0268,Compliance Attestation,2025-12-17T09:55:04.000Z,2025-12-28T14:01:33.000Z,Closed,10,11.77,true,Email,Low
AM-SR-001413,AM-CL-0092,E-0284,Performance Report,2024-11-29T14:56:44.000Z,2024-11-30T18:02:33.000Z,Closed,5,1.2,false,Email,Low
AM-SR-001414,AM-CL-0071,E-0279,Onboarding Document,2025-07-30T10:27:33.000Z,2025-08-02T07:14:15.000Z,Closed,7,3.61,false,Portal,Low
AM-SR-001415,AM-CL-0013,E-0277,Fee Invoice Question,2025-06-22T07:55:59.000Z,2025-06-23T07:51:26.000Z,Closed,5,1.91,false,Email,Low
AM-SR-001416,AM-CL-0066,E-0278,Compliance Attestation,2025-05-09T18:25:40.000Z,2025-05-16T15:27:05.000Z,Closed,10,7.11,false,Portal,Medium
AM-SR-001417,AM-CL-0110,E-0286,Compliance Attestation,2026-04-03T19:49:49.000Z,2026-04-11T12:21:13.000Z,Closed,10,8.85,false,Portal,Medium
AM-SR-001418,AM-CL-0102,E-0277,Fee Invoice Question,2025-06-18T18:23:44.000Z,2025-06-20T16:45:03.000Z,Closed,5,2.07,false,Email,Medium
AM-SR-001419,AM-CL-0004,E-0272,Performance Report,2025-12-31T07:39:39.000Z,2026-01-05T15:52:32.000Z,Closed,5,5.92,true,Portal,Medium
AM-SR-001420,AM-CL-0024,E-0282,Reconciliation,2026-07-11T16:13:37.000Z,2026-07-17T15:13:48.000Z,Closed,3,6.52,true,Email,Low
AM-SR-001421,AM-CL-0067,E-0275,Performance Report,2026-06-20T15:15:49.000Z,2026-06-25T09:29:40.000Z,Closed,5,5.47,true,Portal,High
AM-SR-001422,AM-CL-0062,E-0278,Performance Report,2025-01-03T19:07:04.000Z,2025-01-10T19:36:25.000Z,Closed,5,7.67,true,Email,Low
AM-SR-001423,AM-CL-0043,E-0267,Data Feed Issue,2026-08-06T13:39:00.000Z,2026-08-06T19:03:06.000Z,Closed,2,0.94,false,Portal,Medium
AM-SR-001424,AM-CL-0017,E-0281,Performance Report,2025-06-08T19:45:09.000Z,2025-06-11T07:20:17.000Z,Closed,5,3.13,false,Email,High
AM-SR-001425,AM-CL-0136,E-0287,Data Feed Issue,2025-11-28T18:01:03.000Z,2025-11-29T14:46:41.000Z,Closed,2,1.28,false,Email,Medium
AM-SR-001426,AM-CL-0098,E-0268,Performance Report,2025-12-11T16:22:20.000Z,2025-12-12T18:53:01.000Z,Closed,5,1.57,false,Email,High
AM-SR-001427,AM-CL-0133,E-0275,Data Feed Issue,2026-03-11T14:52:52.000Z,2026-03-13T07:54:42.000Z,Closed,2,2.22,true,Email,High
AM-SR-001428,AM-CL-0127,E-0266,Onboarding Document,2026-08-24T12:50:57.000Z,2026-08-29T08:49:03.000Z,Closed,7,5.62,false,Email,High
AM-SR-001429,AM-CL-0010,E-0275,Onboarding Document,2026-03-23T07:32:35.000Z,2026-04-03T07:51:37.000Z,Closed,7,11.15,true,Phone,Medium
AM-SR-001430,AM-CL-0103,E-0289,Fee Invoice Question,2025-11-08T17:30:20.000Z,2025-11-15T18:40:21.000Z,Closed,5,7.37,true,Portal,Medium
AM-SR-001431,AM-CL-0070,E-0282,Reconciliation,2025-10-22T11:28:48.000Z,2025-10-26T18:36:57.000Z,Closed,3,4.16,true,Portal,Medium
AM-SR-001432,AM-CL-0128,E-0286,Fee Invoice Question,2025-12-26T15:48:51.000Z,2025-12-30T15:01:44.000Z,Closed,5,4.97,false,Phone,Medium
AM-SR-001433,AM-CL-0006,E-0284,Compliance Attestation,2024-12-26T18:12:33.000Z,2024-12-31T08:39:15.000Z,Closed,10,5.73,false,Portal,Low
AM-SR-001434,AM-CL-0001,E-0279,Onboarding Document,2026-04-30T15:37:08.000Z,2026-05-03T08:16:16.000Z,Closed,7,3.71,false,Email,Low
AM-SR-001435,AM-CL-0048,E-0284,Reconciliation,2025-07-14T14:34:43.000Z,2025-07-16T17:59:18.000Z,Closed,3,2.61,false,Email,Medium
AM-SR-001436,AM-CL-0086,E-0268,Performance Report,2025-12-12T19:35:10.000Z,2025-12-17T17:51:27.000Z,Closed,5,5.37,true,Email,Low
AM-SR-001437,AM-CL-0028,E-0279,Reconciliation,2026-07-03T19:33:20.000Z,2026-07-07T07:35:42.000Z,Closed,3,4.08,true,Email,Medium
AM-SR-001438,AM-CL-0019,E-0283,Reconciliation,2024-10-10T11:47:33.000Z,2024-10-15T12:32:07.000Z,Closed,3,5.15,true,Portal,Medium
AM-SR-001439,AM-CL-0110,E-0286,Reconciliation,2025-02-10T13:58:31.000Z,2025-02-11T19:46:13.000Z,Closed,3,1.41,false,Phone,Medium
AM-SR-001440,AM-CL-0112,E-0289,Reconciliation,2025-11-18T14:23:18.000Z,2025-11-19T11:04:20.000Z,Closed,3,1.83,false,Email,Low
AM-SR-001441,AM-CL-0034,E-0271,Reconciliation,2024-09-12T14:28:59.000Z,2024-09-16T08:38:12.000Z,Closed,3,4.05,true,Portal,High
AM-SR-001442,AM-CL-0130,E-0273,Performance Report,2024-10-07T07:35:11.000Z,2024-10-11T08:29:04.000Z,Closed,5,4.97,false,Email,Low
AM-SR-001443,AM-CL-0120,E-0279,Fee Invoice Question,2025-11-09T12:45:22.000Z,2025-11-13T16:19:37.000Z,Closed,5,4.87,false,Phone,Medium
AM-SR-001444,AM-CL-0132,E-0273,Data Feed Issue,2025-03-17T07:51:31.000Z,2025-03-18T07:24:35.000Z,Closed,2,1.13,false,Portal,Low
AM-SR-001445,AM-CL-0017,E-0281,Reconciliation,2025-03-02T09:07:10.000Z,2025-03-03T16:38:31.000Z,Closed,3,1.46,false,Portal,Medium
AM-SR-001446,AM-CL-0013,E-0277,Reconciliation,2024-12-10T12:47:31.000Z,2024-12-12T09:39:05.000Z,Closed,3,2.04,false,Email,Medium
AM-SR-001447,AM-CL-0017,E-0281,Fee Invoice Question,2024-09-27T14:59:19.000Z,2024-09-30T07:57:24.000Z,Closed,5,3.17,false,Phone,Medium
AM-SR-001448,AM-CL-0135,E-0287,Performance Report,2026-06-15T15:57:19.000Z,2026-06-17T19:01:48.000Z,Closed,5,2.47,false,Email,Medium
AM-SR-001449,AM-CL-0024,E-0282,Reconciliation,2026-08-24T12:57:47.000Z,2026-08-26T14:15:26.000Z,Closed,3,2.75,false,Email,Medium
AM-SR-001450,AM-CL-0139,E-0266,Performance Report,2026-04-09T08:11:24.000Z,2026-04-11T12:27:19.000Z,Closed,5,2.69,false,Email,High
AM-SR-001451,AM-CL-0078,E-0278,Onboarding Document,2024-10-19T18:45:59.000Z,2024-10-29T17:43:06.000Z,Closed,7,10.01,true,Email,High
AM-SR-001452,AM-CL-0092,E-0284,Data Feed Issue,2026-07-24T18:39:21.000Z,2026-07-27T11:59:44.000Z,Closed,2,3.23,true,Phone,Low
AM-SR-001453,AM-CL-0138,E-0271,Performance Report,2025-10-20T13:19:03.000Z,2025-10-25T09:52:09.000Z,Closed,5,5.39,true,Email,Medium
AM-SR-001454,AM-CL-0073,E-0269,Fee Invoice Question,2026-07-03T07:29:45.000Z,2026-07-10T17:29:10.000Z,Closed,5,7.9,true,Email,Low
AM-SR-001455,AM-CL-0105,E-0284,Reconciliation,2026-06-29T16:04:36.000Z,2026-07-04T09:58:19.000Z,Closed,3,5.73,true,Email,Low
AM-SR-001456,AM-CL-0061,E-0290,Performance Report,2024-10-12T11:51:56.000Z,2024-10-14T16:11:16.000Z,Closed,5,2.5,false,Email,Low
AM-SR-001457,AM-CL-0038,E-0288,Compliance Attestation,2025-05-14T07:52:52.000Z,2025-05-27T13:17:14.000Z,Closed,10,13.48,true,Email,Medium
AM-SR-001458,AM-CL-0074,E-0280,Performance Report,2025-05-23T15:22:10.000Z,2025-05-30T18:58:12.000Z,Closed,5,7.35,true,Email,Low
AM-SR-001459,AM-CL-0091,E-0285,Reconciliation,2025-02-01T13:01:18.000Z,2025-02-01T09:20:10.000Z,Closed,3,0.83,false,Email,Low
AM-SR-001460,AM-CL-0134,E-0281,Reconciliation,2026-02-22T17:10:31.000Z,2026-02-23T13:31:12.000Z,Closed,3,1.66,false,Portal,Medium
AM-SR-001461,AM-CL-0044,E-0282,Fee Invoice Question,2025-11-27T08:06:10.000Z,2025-11-28T17:22:15.000Z,Closed,5,1.63,false,Email,Medium
AM-SR-001462,AM-CL-0061,E-0290,Onboarding Document,2025-04-01T18:23:03.000Z,2025-04-05T08:38:44.000Z,Closed,7,4.94,false,Email,Medium
AM-SR-001463,AM-CL-0129,E-0273,Reconciliation,2024-10-04T11:46:53.000Z,2024-10-06T12:00:45.000Z,Closed,3,2.83,false,Email,Medium
AM-SR-001464,AM-CL-0093,E-0275,Onboarding Document,2026-07-07T18:46:53.000Z,2026-07-14T15:52:02.000Z,Closed,7,7.72,true,Email,Low
AM-SR-001465,AM-CL-0057,E-0281,Performance Report,2025-05-08T17:39:52.000Z,2025-05-14T12:51:00.000Z,Closed,5,6.73,true,Email,Medium
AM-SR-001466,AM-CL-0077,E-0282,Cash Movement,2026-07-18T09:16:38.000Z,2026-07-18T10:06:24.000Z,Closed,1,0.53,false,Phone,Medium
AM-SR-001467,AM-CL-0044,E-0282,Reconciliation,2025-09-19T13:23:18.000Z,2025-09-20T18:42:45.000Z,Closed,3,1.63,false,Email,Low
AM-SR-001468,AM-CL-0060,E-0284,Onboarding Document,2026-08-07T17:28:33.000Z,2026-08-13T09:45:25.000Z,Closed,7,6.34,false,Portal,Low
AM-SR-001469,AM-CL-0074,E-0280,Reconciliation,2025-01-29T18:46:30.000Z,2025-02-01T15:00:23.000Z,Closed,3,3.37,true,Email,High
AM-SR-001470,AM-CL-0126,E-0270,Reconciliation,2026-08-05T18:57:58.000Z,2026-08-08T16:14:27.000Z,Closed,3,3.21,true,Email,High
AM-SR-001471,AM-CL-0079,E-0270,Compliance Attestation,2025-12-28T11:42:51.000Z,2026-01-07T10:02:18.000Z,Closed,10,10.14,true,Email,High
AM-SR-001472,AM-CL-0053,E-0271,Reconciliation,2024-10-27T11:36:12.000Z,2024-10-28T19:51:57.000Z,Closed,3,1.8,false,Email,Medium
AM-SR-001473,AM-CL-0081,E-0267,Performance Report,2025-10-25T07:18:09.000Z,2025-10-26T11:05:56.000Z,Closed,5,1.99,false,Email,Low
AM-SR-001474,AM-CL-0019,E-0283,Reconciliation,2024-10-11T13:21:03.000Z,2024-10-15T15:58:37.000Z,Closed,3,4.4,true,Portal,Low
AM-SR-001475,AM-CL-0034,E-0271,Reconciliation,2026-03-22T15:34:55.000Z,2026-03-23T07:04:58.000Z,Closed,3,1.33,false,Portal,Low
AM-SR-001476,AM-CL-0040,E-0268,Data Feed Issue,2025-04-04T17:19:42.000Z,2025-04-06T08:48:45.000Z,Closed,2,2.15,true,Phone,Low
AM-SR-001477,AM-CL-0053,E-0271,Reconciliation,2025-09-16T10:57:01.000Z,2025-09-18T11:39:11.000Z,Closed,3,2.46,false,Phone,Low
AM-SR-001478,AM-CL-0074,E-0280,Onboarding Document,2026-08-11T07:07:19.000Z,2026-08-12T08:06:14.000Z,Closed,7,1.87,false,Phone,Low
AM-SR-001479,AM-CL-0036,E-0267,Compliance Attestation,2024-12-15T10:38:27.000Z,2024-12-18T18:52:10.000Z,Closed,10,3.59,false,Email,Low
AM-SR-001480,AM-CL-0121,E-0285,Data Feed Issue,2026-02-25T17:55:33.000Z,2026-02-26T07:43:25.000Z,Closed,2,1.59,false,Phone,Low
AM-SR-001481,AM-CL-0019,E-0283,Performance Report,2025-11-11T16:28:21.000Z,2025-11-14T13:26:25.000Z,Closed,5,3.26,false,Portal,Medium
AM-SR-001482,AM-CL-0135,E-0287,Performance Report,2024-12-14T12:14:51.000Z,2024-12-20T12:43:38.000Z,Closed,5,6.24,true,Email,Low
AM-SR-001483,AM-CL-0099,E-0279,Performance Report,2026-03-16T17:41:33.000Z,2026-03-18T07:38:37.000Z,Closed,5,2.82,false,Email,Medium
AM-SR-001484,AM-CL-0044,E-0282,Fee Invoice Question,2025-05-01T19:47:42.000Z,2025-05-02T18:45:22.000Z,Closed,5,1.73,false,Portal,Medium
AM-SR-001485,AM-CL-0001,E-0279,Cash Movement,2026-04-26T19:36:57.000Z,2026-04-26T07:27:59.000Z,Closed,1,0.39,false,Email,Medium
AM-SR-001486,AM-CL-0050,E-0276,Performance Report,2026-07-03T09:24:05.000Z,2026-07-13T18:10:07.000Z,Closed,5,10.19,true,Portal,High
AM-SR-001487,AM-CL-0047,E-0266,Onboarding Document,2025-11-03T08:14:59.000Z,2025-11-07T15:12:03.000Z,Closed,7,4.95,false,Email,Low
AM-SR-001488,AM-CL-0046,E-0270,Compliance Attestation,2025-12-20T10:38:31.000Z,2025-12-25T14:52:56.000Z,Closed,10,5.12,false,Email,Low
AM-SR-001489,AM-CL-0102,E-0277,Reconciliation,2025-12-29T13:48:14.000Z,2026-01-02T08:38:01.000Z,Closed,3,4.38,true,Phone,Low
AM-SR-001490,AM-CL-0049,E-0289,Performance Report,2026-04-30T19:22:10.000Z,2026-05-04T13:53:43.000Z,Closed,5,4.3,false,Portal,Medium
AM-SR-001491,AM-CL-0020,E-0266,Onboarding Document,2025-02-10T08:59:40.000Z,2025-02-17T12:30:19.000Z,Closed,7,7.33,true,Phone,Medium
AM-SR-001492,AM-CL-0015,E-0287,Data Feed Issue,2026-07-07T08:12:20.000Z,2026-07-08T15:01:50.000Z,Closed,2,1.0,false,Email,Medium
AM-SR-001493,AM-CL-0076,E-0282,Performance Report,2026-08-28T13:34:15.000Z,2026-08-28T19:43:51.000Z,Closed,5,0.58,false,Phone,Medium
AM-SR-001494,AM-CL-0042,E-0286,Compliance Attestation,2025-03-23T14:42:55.000Z,2025-03-28T09:44:26.000Z,Closed,10,5.93,false,Email,Low
AM-SR-001495,AM-CL-0140,E-0272,Data Feed Issue,2025-11-10T10:43:01.000Z,2025-11-10T15:49:30.000Z,Closed,2,0.53,false,Email,Medium
AM-SR-001496,AM-CL-0086,E-0268,Performance Report,2025-08-16T14:55:09.000Z,2025-08-20T09:30:14.000Z,Closed,5,4.54,false,Email,High
AM-SR-001497,AM-CL-0015,E-0287,Fee Invoice Question,2025-05-29T18:55:23.000Z,2025-06-02T18:43:14.000Z,Closed,5,4.86,false,Portal,Low
AM-SR-001498,AM-CL-0075,E-0270,Performance Report,2024-09-19T10:16:04.000Z,2024-09-24T17:26:56.000Z,Closed,5,5.77,true,Portal,Low
AM-SR-001499,AM-CL-0105,E-0284,Performance Report,2025-11-22T18:51:08.000Z,2025-11-28T16:04:57.000Z,Closed,5,6.96,true,Portal,Medium
AM-SR-001500,AM-CL-0070,E-0282,Cash Movement,2025-12-12T07:06:42.000Z,2025-12-12T07:25:21.000Z,Closed,1,0.96,false,Portal,High
AM-SR-001501,AM-CL-0028,E-0279,Fee Invoice Question,2025-01-22T18:33:37.000Z,2025-01-27T07:54:23.000Z,Closed,5,5.29,true,Portal,Low
AM-SR-001502,AM-CL-0124,E-0270,Performance Report,2026-06-07T14:43:40.000Z,2026-06-09T12:49:08.000Z,Closed,5,2.38,false,Email,Low
AM-SR-001503,AM-CL-0072,E-0286,Cash Movement,2026-02-12T18:41:26.000Z,2026-02-13T08:16:21.000Z,Closed,1,1.04,true,Email,Medium
AM-SR-001504,AM-CL-0025,E-0287,Performance Report,2026-06-05T16:25:05.000Z,2026-06-06T12:12:57.000Z,Closed,5,1.38,false,Portal,Medium
AM-SR-001505,AM-CL-0049,E-0289,Cash Movement,2025-11-27T10:06:52.000Z,2025-11-27T07:25:12.000Z,Closed,1,0.91,false,Portal,Medium
AM-SR-001506,AM-CL-0033,E-0266,Cash Movement,2025-11-05T07:04:04.000Z,2025-11-05T18:48:50.000Z,Closed,1,0.37,false,Phone,Medium
AM-SR-001507,AM-CL-0100,E-0284,Reconciliation,2026-03-13T19:00:49.000Z,2026-03-14T18:47:40.000Z,Closed,3,1.61,false,Email,Low
AM-SR-001508,AM-CL-0122,E-0276,Reconciliation,2024-10-17T16:39:01.000Z,2024-10-20T15:26:40.000Z,Closed,3,3.1,true,Portal,Low
AM-SR-001509,AM-CL-0084,E-0287,Reconciliation,2024-12-01T07:09:39.000Z,2024-12-01T10:22:01.000Z,Closed,3,0.98,false,Email,Low
AM-SR-001510,AM-CL-0089,E-0280,Cash Movement,2024-11-20T11:30:30.000Z,2024-11-20T17:14:50.000Z,Closed,1,0.35,false,Portal,Medium
AM-SR-001511,AM-CL-0136,E-0287,Performance Report,2025-11-13T11:03:48.000Z,2025-11-19T14:32:49.000Z,Closed,5,6.43,true,Email,Medium
AM-SR-001512,AM-CL-0138,E-0271,Performance Report,2024-12-05T09:59:51.000Z,2024-12-09T15:12:56.000Z,Closed,5,4.67,false,Portal,High
AM-SR-001513,AM-CL-0001,E-0279,Data Feed Issue,2025-04-28T17:54:09.000Z,2025-04-28T11:55:26.000Z,Closed,2,0.34,false,Email,Medium
AM-SR-001514,AM-CL-0021,E-0286,Compliance Attestation,2025-03-29T12:56:02.000Z,2025-04-03T16:48:19.000Z,Closed,10,5.3,false,Email,Medium
AM-SR-001515,AM-CL-0103,E-0289,Performance Report,2025-06-27T12:14:05.000Z,2025-07-03T11:01:43.000Z,Closed,5,6.53,true,Phone,Low
AM-SR-001516,AM-CL-0046,E-0270,Reconciliation,2026-02-08T10:31:33.000Z,2026-02-10T11:13:20.000Z,Closed,3,2.35,false,Email,Medium
AM-SR-001517,AM-CL-0140,E-0272,Reconciliation,2025-05-22T12:18:46.000Z,2025-05-25T12:41:39.000Z,Closed,3,3.09,true,Phone,Medium
AM-SR-001518,AM-CL-0069,E-0274,Reconciliation,2024-11-24T07:16:13.000Z,2024-11-30T10:48:38.000Z,Closed,3,6.28,true,Email,Low
AM-SR-001519,AM-CL-0040,E-0268,Reconciliation,2026-08-10T18:27:13.000Z,2026-08-11T18:08:51.000Z,Closed,3,1.96,false,Email,Low
AM-SR-001520,AM-CL-0041,E-0279,Reconciliation,2025-01-11T16:52:33.000Z,2025-01-14T18:41:15.000Z,Closed,3,3.23,true,Portal,High
AM-SR-001521,AM-CL-0114,E-0278,Performance Report,2026-02-21T11:23:28.000Z,2026-02-27T11:18:01.000Z,Closed,5,6.04,true,Email,Medium
AM-SR-001522,AM-CL-0113,E-0270,Performance Report,2026-07-25T18:35:49.000Z,2026-07-29T11:48:48.000Z,Closed,5,4.94,false,Email,Medium
AM-SR-001523,AM-CL-0021,E-0286,Data Feed Issue,2025-02-24T08:13:06.000Z,2025-02-24T10:03:35.000Z,Closed,2,0.96,false,Portal,Low
AM-SR-001524,AM-CL-0054,E-0290,Data Feed Issue,2026-01-14T15:42:00.000Z,2026-01-14T17:14:15.000Z,Closed,2,0.84,false,Email,Medium
AM-SR-001525,AM-CL-0130,E-0273,Reconciliation,2026-07-15T14:37:45.000Z,2026-07-18T18:57:40.000Z,Closed,3,3.08,true,Email,Low
AM-SR-001526,AM-CL-0070,E-0282,Performance Report,2026-03-03T15:46:17.000Z,2026-03-10T08:58:56.000Z,Closed,5,7.14,true,Email,Medium
AM-SR-001527,AM-CL-0086,E-0268,Performance Report,2025-07-25T15:48:02.000Z,2025-07-27T07:38:24.000Z,Closed,5,2.7,false,Email,Low
AM-SR-001528,AM-CL-0014,E-0288,Onboarding Document,2026-02-24T07:39:49.000Z,2026-02-27T10:07:35.000Z,Closed,7,3.44,false,Email,Medium
AM-SR-001529,AM-CL-0112,E-0289,Onboarding Document,2025-03-20T08:06:22.000Z,2025-03-30T19:50:29.000Z,Closed,7,10.91,true,Portal,Low
AM-SR-001530,AM-CL-0021,E-0286,Performance Report,2024-11-23T10:21:22.000Z,2024-11-24T19:31:04.000Z,Closed,5,1.69,false,Email,Low
AM-SR-001531,AM-CL-0108,E-0272,Compliance Attestation,2025-06-19T17:29:18.000Z,2025-06-24T15:45:38.000Z,Closed,10,5.85,false,Email,Medium
AM-SR-001532,AM-CL-0134,E-0281,Fee Invoice Question,2024-12-27T10:07:18.000Z,2024-12-31T11:45:44.000Z,Closed,5,4.64,false,Portal,Medium
AM-SR-001533,AM-CL-0109,E-0288,Cash Movement,2025-05-10T09:37:38.000Z,2025-05-10T15:43:28.000Z,Closed,1,0.93,false,Email,High
AM-SR-001534,AM-CL-0096,E-0272,Performance Report,2025-05-09T09:50:58.000Z,2025-05-12T10:26:16.000Z,Closed,5,3.51,false,Portal,Medium
AM-SR-001535,AM-CL-0117,E-0289,Performance Report,2025-05-23T14:58:54.000Z,2025-05-25T10:22:33.000Z,Closed,5,2.11,false,Portal,Medium
AM-SR-001536,AM-CL-0008,E-0279,Cash Movement,2024-11-24T16:35:20.000Z,2024-11-24T12:35:51.000Z,Closed,1,0.39,false,Email,Low
AM-SR-001537,AM-CL-0008,E-0279,Onboarding Document,2024-10-30T14:04:13.000Z,2024-11-03T08:34:35.000Z,Closed,7,4.95,false,Email,Medium
AM-SR-001538,AM-CL-0044,E-0282,Cash Movement,2025-02-20T13:45:33.000Z,2025-02-21T16:21:22.000Z,Closed,1,1.6,true,Email,Low
AM-SR-001539,AM-CL-0130,E-0273,Performance Report,2025-02-25T17:53:37.000Z,2025-02-25T13:26:52.000Z,Closed,5,0.95,false,Portal,Medium
AM-SR-001540,AM-CL-0129,E-0273,Reconciliation,2025-08-06T17:01:05.000Z,2025-08-08T16:36:27.000Z,Closed,3,2.07,false,Portal,Low
AM-SR-001541,AM-CL-0093,E-0275,Fee Invoice Question,2025-10-10T12:10:31.000Z,2025-10-17T16:00:33.000Z,Closed,5,7.48,true,Email,High
AM-SR-001542,AM-CL-0066,E-0278,Cash Movement,2025-12-15T10:10:06.000Z,2025-12-15T10:33:36.000Z,Closed,1,0.76,false,Email,Low
AM-SR-001543,AM-CL-0100,E-0284,Reconciliation,2026-06-22T08:04:19.000Z,2026-06-27T17:19:17.000Z,Closed,3,5.46,true,Portal,Medium
AM-SR-001544,AM-CL-0124,E-0270,Performance Report,2025-03-01T15:08:55.000Z,2025-03-05T11:50:50.000Z,Closed,5,4.32,false,Email,High
AM-SR-001545,AM-CL-0024,E-0282,Reconciliation,2025-08-16T12:20:23.000Z,2025-08-20T14:44:08.000Z,Closed,3,4.53,true,Portal,Low
AM-SR-001546,AM-CL-0077,E-0282,Performance Report,2026-05-15T15:08:52.000Z,2026-05-17T11:14:32.000Z,Closed,5,2.89,false,Email,High
AM-SR-001547,AM-CL-0070,E-0282,Reconciliation,2026-08-04T14:42:44.000Z,2026-08-11T11:14:02.000Z,Closed,3,7.55,true,Portal,Medium
AM-SR-001548,AM-CL-0139,E-0266,Cash Movement,2025-10-07T07:30:54.000Z,2025-10-07T07:40:05.000Z,Closed,1,0.64,false,Portal,Low
AM-SR-001549,AM-CL-0138,E-0271,Onboarding Document,2025-05-16T10:17:52.000Z,2025-05-24T12:56:40.000Z,Closed,7,8.55,true,Email,Low
AM-SR-001550,AM-CL-0002,E-0268,Compliance Attestation,2026-07-22T12:04:42.000Z,2026-07-26T16:22:10.000Z,Closed,10,4.19,false,Portal,High
AM-SR-001551,AM-CL-0027,E-0271,Onboarding Document,2025-03-15T16:49:18.000Z,2025-03-16T10:08:20.000Z,Closed,7,1.97,false,Email,Low
AM-SR-001552,AM-CL-0097,E-0289,Performance Report,2026-04-10T18:03:18.000Z,2026-04-12T18:10:14.000Z,Closed,5,2.62,false,Email,High
AM-SR-001553,AM-CL-0118,E-0274,Compliance Attestation,2025-03-18T10:46:30.000Z,2025-03-30T16:12:09.000Z,Closed,10,12.22,true,Portal,Low
AM-SR-001554,AM-CL-0021,E-0286,Performance Report,2025-06-13T14:50:42.000Z,2025-07-01T19:47:24.000Z,Closed,5,18.47,true,Portal,Medium
AM-SR-001555,AM-CL-0128,E-0286,Performance Report,2025-01-25T15:41:20.000Z,2025-01-30T18:03:56.000Z,Closed,5,5.92,true,Email,High
AM-SR-001556,AM-CL-0097,E-0289,Compliance Attestation,2026-01-14T16:01:13.000Z,2026-01-22T10:29:45.000Z,Closed,10,8.25,false,Portal,Medium
AM-SR-001557,AM-CL-0091,E-0285,Performance Report,2025-05-10T10:36:53.000Z,2025-05-11T10:33:43.000Z,Closed,5,1.09,false,Email,Medium
AM-SR-001558,AM-CL-0092,E-0284,Cash Movement,2026-08-09T18:57:23.000Z,2026-08-09T10:14:02.000Z,Closed,1,0.11,false,Phone,Medium
AM-SR-001559,AM-CL-0053,E-0271,Onboarding Document,2025-09-12T07:35:49.000Z,2025-09-14T09:56:07.000Z,Closed,7,2.89,false,Email,High
AM-SR-001560,AM-CL-0008,E-0279,Performance Report,2026-07-19T12:16:25.000Z,2026-07-24T12:07:33.000Z,Closed,5,5.33,true,Phone,Low
AM-SR-001561,AM-CL-0089,E-0280,Data Feed Issue,2024-09-23T08:39:55.000Z,2024-09-25T08:59:09.000Z,Closed,2,2.04,true,Portal,Medium
AM-SR-001562,AM-CL-0106,E-0272,Reconciliation,2024-12-22T14:18:49.000Z,2024-12-24T18:09:44.000Z,Closed,3,2.59,false,Portal,Low
AM-SR-001563,AM-CL-0129,E-0273,Performance Report,2024-10-27T18:18:22.000Z,2024-10-29T19:02:21.000Z,Closed,5,2.93,false,Phone,Medium
AM-SR-001564,AM-CL-0024,E-0282,Reconciliation,2025-02-12T13:33:39.000Z,2025-02-15T11:01:04.000Z,Closed,3,3.39,true,Email,High
AM-SR-001565,AM-CL-0119,E-0285,Performance Report,2025-11-24T12:29:12.000Z,2025-12-04T11:06:23.000Z,Closed,5,10.01,true,Email,Medium
AM-SR-001566,AM-CL-0054,E-0290,Reconciliation,2025-05-10T11:26:08.000Z,2025-05-11T13:16:29.000Z,Closed,3,1.75,false,Portal,Medium
AM-SR-001567,AM-CL-0054,E-0290,Performance Report,2025-04-18T08:49:49.000Z,2025-04-21T16:48:01.000Z,Closed,5,3.64,false,Email,High
AM-SR-001568,AM-CL-0029,E-0266,Data Feed Issue,2025-01-14T16:00:06.000Z,2025-01-15T07:32:27.000Z,Closed,2,1.59,false,Phone,Medium
AM-SR-001569,AM-CL-0128,E-0286,Performance Report,2025-05-27T08:11:42.000Z,2025-05-31T08:29:25.000Z,Closed,5,4.94,false,Email,Medium
AM-SR-001570,AM-CL-0140,E-0272,Reconciliation,2025-07-25T18:07:38.000Z,2025-07-27T12:58:47.000Z,Closed,3,2.06,false,Email,High
AM-SR-001571,AM-CL-0039,E-0275,Performance Report,2025-06-17T09:25:04.000Z,2025-06-25T15:21:08.000Z,Closed,5,8.61,true,Email,Medium
AM-SR-001572,AM-CL-0033,E-0266,Cash Movement,2026-03-19T17:47:02.000Z,2026-03-20T10:11:58.000Z,Closed,1,1.22,true,Email,Medium
AM-SR-001573,AM-CL-0050,E-0276,Performance Report,2025-01-23T13:04:00.000Z,2025-01-26T17:32:39.000Z,Closed,5,3.24,false,Portal,Low
AM-SR-001574,AM-CL-0090,E-0267,Cash Movement,2025-01-03T14:33:44.000Z,2025-01-03T19:55:33.000Z,Closed,1,0.84,false,Portal,Low
AM-SR-001575,AM-CL-0138,E-0271,Performance Report,2025-05-14T15:48:27.000Z,2025-05-18T08:49:41.000Z,Closed,5,4.65,false,Portal,Medium
AM-SR-001576,AM-CL-0035,E-0267,Performance Report,2024-10-27T09:44:43.000Z,2024-10-29T08:19:50.000Z,Closed,5,2.12,false,Email,Medium
AM-SR-001577,AM-CL-0075,E-0270,Performance Report,2025-01-16T16:09:04.000Z,2025-01-21T15:27:20.000Z,Closed,5,5.68,true,Email,Medium
AM-SR-001578,AM-CL-0039,E-0275,Reconciliation,2026-07-23T11:26:10.000Z,2026-07-24T19:01:30.000Z,Closed,3,1.97,false,Email,Low
AM-SR-001579,AM-CL-0098,E-0268,Performance Report,2026-05-18T19:03:34.000Z,2026-05-21T17:55:58.000Z,Closed,5,3.82,false,Phone,Medium
AM-SR-001580,AM-CL-0101,E-0289,Reconciliation,2025-10-13T07:38:17.000Z,2025-10-14T18:56:46.000Z,Closed,3,1.48,false,Phone,Medium
AM-SR-001581,AM-CL-0076,E-0282,Reconciliation,2026-03-13T15:00:10.000Z,2026-03-16T19:40:29.000Z,Closed,3,3.43,true,Email,Low
AM-SR-001582,AM-CL-0095,E-0280,Performance Report,2025-06-22T11:46:37.000Z,2025-06-25T13:53:23.000Z,Closed,5,3.6,false,Phone,Medium
AM-SR-001583,AM-CL-0118,E-0274,Reconciliation,2026-02-13T16:43:51.000Z,2026-02-14T17:50:34.000Z,Closed,3,1.15,false,Email,Low
AM-SR-001584,AM-CL-0087,E-0290,Compliance Attestation,2025-01-08T18:23:58.000Z,2025-01-10T13:00:24.000Z,Closed,10,2.05,false,Portal,Low
AM-SR-001585,AM-CL-0054,E-0290,Performance Report,2025-01-17T07:42:57.000Z,2025-01-22T12:46:01.000Z,Closed,5,5.13,true,Email,Medium
AM-SR-001586,AM-CL-0105,E-0284,Reconciliation,2025-11-06T15:17:09.000Z,2025-11-09T12:42:00.000Z,Closed,3,3.56,true,Email,Low
AM-SR-001587,AM-CL-0050,E-0276,Performance Report,2026-04-08T08:22:39.000Z,2026-04-11T08:31:40.000Z,Closed,5,3.45,false,Email,High
AM-SR-001588,AM-CL-0084,E-0287,Performance Report,2026-03-24T14:44:04.000Z,2026-04-19T14:54:19.000Z,Closed,5,26.16,true,Email,Medium
AM-SR-001589,AM-CL-0021,E-0286,Onboarding Document,2026-03-04T10:01:42.000Z,2026-03-06T10:38:25.000Z,Closed,7,2.43,false,Email,Low
AM-SR-001590,AM-CL-0062,E-0278,Cash Movement,2025-07-14T09:28:04.000Z,2025-07-15T12:31:49.000Z,Closed,1,1.2,true,Email,Low
AM-SR-001591,AM-CL-0085,E-0267,Performance Report,2025-02-17T07:05:15.000Z,2025-02-21T16:53:52.000Z,Closed,5,4.93,false,Phone,Medium
AM-SR-001592,AM-CL-0117,E-0289,Data Feed Issue,2026-06-20T15:23:35.000Z,2026-06-20T18:38:57.000Z,Closed,2,0.18,false,Email,Low
AM-SR-001593,AM-CL-0096,E-0272,Performance Report,2025-03-26T17:59:22.000Z,2025-03-28T18:38:03.000Z,Closed,5,2.4,false,Email,Medium
AM-SR-001594,AM-CL-0027,E-0271,Onboarding Document,2025-03-23T17:39:17.000Z,2025-03-25T07:05:08.000Z,Closed,7,2.15,false,Email,Medium
AM-SR-001595,AM-CL-0137,E-0284,Performance Report,2025-05-26T08:26:19.000Z,2025-05-30T15:33:26.000Z,Closed,5,4.16,false,Portal,Medium
AM-SR-001596,AM-CL-0105,E-0284,Fee Invoice Question,2026-04-16T12:35:22.000Z,2026-04-19T09:08:27.000Z,Closed,5,3.54,false,Email,Medium
AM-SR-001597,AM-CL-0011,E-0271,Performance Report,2026-01-07T12:33:10.000Z,2026-01-10T10:19:09.000Z,Closed,5,3.74,false,Portal,Medium
AM-SR-001598,AM-CL-0012,E-0289,Data Feed Issue,2026-02-20T17:29:04.000Z,2026-02-22T08:01:01.000Z,Closed,2,2.58,true,Portal,Medium
AM-SR-001599,AM-CL-0086,E-0268,Reconciliation,2025-08-12T12:55:39.000Z,2025-08-13T17:01:13.000Z,Closed,3,1.04,false,Portal,Medium
AM-SR-001600,AM-CL-0015,E-0287,Performance Report,2026-03-27T09:35:35.000Z,2026-04-01T07:31:55.000Z,Closed,5,5.53,true,Email,High
AM-SR-001601,AM-CL-0058,E-0280,Onboarding Document,2026-06-10T07:45:42.000Z,2026-06-13T12:55:47.000Z,Closed,7,3.35,false,Email,Medium
AM-SR-001602,AM-CL-0055,E-0268,Performance Report,2026-06-18T18:31:29.000Z,2026-06-20T19:24:02.000Z,Closed,5,2.63,false,Email,Low
AM-SR-001603,AM-CL-0050,E-0276,Performance Report,2024-11-09T09:00:15.000Z,2024-11-10T12:20:03.000Z,Closed,5,1.31,false,Email,High
AM-SR-001604,AM-CL-0005,E-0277,Reconciliation,2026-01-20T14:53:26.000Z,2026-01-20T08:40:11.000Z,Closed,3,0.99,false,Email,Medium
AM-SR-001605,AM-CL-0051,E-0272,Reconciliation,2025-03-03T17:41:11.000Z,2025-03-08T11:50:43.000Z,Closed,3,5.36,true,Email,Medium
AM-SR-001606,AM-CL-0065,E-0286,Performance Report,2025-03-23T15:10:04.000Z,2025-03-27T13:07:58.000Z,Closed,5,4.98,false,Portal,High
AM-SR-001607,AM-CL-0139,E-0266,Cash Movement,2025-09-08T19:00:35.000Z,2025-09-08T08:17:26.000Z,Closed,1,0.29,false,Portal,Low
AM-SR-001608,AM-CL-0053,E-0271,Cash Movement,2024-09-26T15:14:02.000Z,2024-09-26T09:57:32.000Z,Closed,1,0.85,false,Email,Low
AM-SR-001609,AM-CL-0069,E-0274,Fee Invoice Question,2024-10-31T07:56:27.000Z,2024-11-01T18:05:58.000Z,Closed,5,1.38,false,Email,Low
AM-SR-001610,AM-CL-0033,E-0266,Performance Report,2025-01-04T17:21:16.000Z,2025-01-08T16:33:01.000Z,Closed,5,4.8,false,Phone,Medium
AM-SR-001611,AM-CL-0071,E-0279,Reconciliation,2026-05-12T13:22:18.000Z,2026-05-16T09:39:39.000Z,Closed,3,4.86,true,Portal,Medium
AM-SR-001612,AM-CL-0041,E-0279,Cash Movement,2024-10-25T16:27:10.000Z,2024-10-25T11:17:41.000Z,Closed,1,0.43,false,Email,Medium
AM-SR-001613,AM-CL-0063,E-0284,Onboarding Document,2025-04-23T17:49:39.000Z,2025-04-29T13:33:44.000Z,Closed,7,6.52,false,Email,Medium
AM-SR-001614,AM-CL-0081,E-0267,Reconciliation,2026-08-06T14:50:13.000Z,2026-08-06T12:16:28.000Z,Closed,3,0.8,false,Portal,Low
AM-SR-001615,AM-CL-0030,E-0275,Onboarding Document,2026-01-10T19:09:12.000Z,2026-01-12T13:59:04.000Z,Closed,7,2.77,false,Portal,Low
AM-SR-001616,AM-CL-0126,E-0270,Onboarding Document,2025-07-29T18:04:26.000Z,2025-07-31T19:46:47.000Z,Closed,7,2.5,false,Phone,Low
AM-SR-001617,AM-CL-0032,E-0279,Performance Report,2025-08-31T10:31:37.000Z,2025-09-10T11:14:04.000Z,Closed,5,10.13,true,Email,Medium
AM-SR-001618,AM-CL-0134,E-0281,Performance Report,2025-09-04T12:54:56.000Z,2025-09-07T14:02:56.000Z,Closed,5,3.18,false,Email,High
AM-SR-001619,AM-CL-0056,E-0288,Compliance Attestation,2026-05-18T17:22:34.000Z,2026-05-25T10:26:53.000Z,Closed,10,7.03,false,Portal,High
AM-SR-001620,AM-CL-0052,E-0285,Performance Report,2026-07-01T17:11:13.000Z,2026-07-04T07:25:06.000Z,Closed,5,3.98,false,Email,High
AM-SR-001621,AM-CL-0007,E-0280,Onboarding Document,2026-08-12T19:37:38.000Z,2026-08-22T14:47:13.000Z,Closed,7,10.31,true,Portal,Medium
AM-SR-001622,AM-CL-0009,E-0279,Onboarding Document,2026-08-31T15:07:51.000Z,,In Progress,7,,false,Email,High
AM-SR-001623,AM-CL-0090,E-0267,Reconciliation,2026-01-31T09:02:09.000Z,2026-02-02T08:44:33.000Z,Closed,3,2.82,false,Email,Low
AM-SR-001624,AM-CL-0090,E-0267,Performance Report,2025-11-30T15:36:32.000Z,2025-12-03T17:54:21.000Z,Closed,5,3.97,false,Portal,Medium
AM-SR-001625,AM-CL-0140,E-0272,Reconciliation,2024-09-29T14:53:43.000Z,2024-10-06T08:35:41.000Z,Closed,3,7.15,true,Email,Low
AM-SR-001626,AM-CL-0046,E-0270,Reconciliation,2026-03-07T09:09:54.000Z,2026-03-09T09:43:33.000Z,Closed,3,2.22,false,Email,Low
AM-SR-001627,AM-CL-0081,E-0267,Reconciliation,2024-10-21T12:56:01.000Z,2024-10-22T15:41:54.000Z,Closed,3,1.35,false,Email,Low
AM-SR-001628,AM-CL-0136,E-0287,Performance Report,2025-09-25T13:49:07.000Z,2025-09-30T11:01:53.000Z,Closed,5,5.71,true,Email,Medium
AM-SR-001629,AM-CL-0135,E-0287,Performance Report,2025-05-15T09:39:23.000Z,2025-05-16T07:55:52.000Z,Closed,5,1.58,false,Portal,Medium
AM-SR-001630,AM-CL-0074,E-0280,Compliance Attestation,2025-04-19T13:47:44.000Z,2025-04-25T19:37:50.000Z,Closed,10,6.23,false,Email,Medium
AM-SR-001631,AM-CL-0103,E-0289,Performance Report,2025-05-23T10:10:13.000Z,2025-05-25T08:30:15.000Z,Closed,5,3.0,false,Email,Low
AM-SR-001632,AM-CL-0032,E-0279,Reconciliation,2025-10-11T14:18:11.000Z,2025-10-19T16:41:04.000Z,Closed,3,8.37,true,Email,Low
AM-SR-001633,AM-CL-0130,E-0273,Fee Invoice Question,2026-07-14T15:49:06.000Z,2026-07-22T10:14:49.000Z,Closed,5,8.4,true,Portal,Low
AM-SR-001634,AM-CL-0007,E-0280,Reconciliation,2025-05-13T15:18:56.000Z,2025-05-17T12:19:20.000Z,Closed,3,4.67,true,Email,Medium
AM-SR-001635,AM-CL-0036,E-0267,Reconciliation,2025-12-04T18:52:10.000Z,2025-12-06T11:01:14.000Z,Closed,3,2.4,false,Email,Medium
AM-SR-001636,AM-CL-0040,E-0268,Onboarding Document,2025-05-10T16:38:57.000Z,2025-05-21T19:28:03.000Z,Closed,7,11.53,true,Email,Medium
AM-SR-001637,AM-CL-0065,E-0286,Onboarding Document,2026-05-12T08:53:13.000Z,2026-05-14T16:41:47.000Z,Closed,7,2.47,false,Portal,High
AM-SR-001638,AM-CL-0083,E-0287,Compliance Attestation,2025-08-11T11:34:13.000Z,2025-08-18T18:50:27.000Z,Closed,10,7.83,false,Portal,Medium
AM-SR-001639,AM-CL-0037,E-0282,Fee Invoice Question,2025-07-20T08:01:28.000Z,2025-07-21T19:49:20.000Z,Closed,5,1.36,false,Email,Low
AM-SR-001640,AM-CL-0095,E-0280,Fee Invoice Question,2026-08-08T17:57:37.000Z,2026-08-13T19:24:35.000Z,Closed,5,5.93,true,Email,Low
AM-SR-001641,AM-CL-0052,E-0285,Data Feed Issue,2025-02-21T10:22:09.000Z,2025-02-23T09:34:55.000Z,Closed,2,2.9,true,Email,Low
AM-SR-001642,AM-CL-0005,E-0277,Cash Movement,2025-09-19T19:49:39.000Z,2025-09-19T08:14:56.000Z,Closed,1,0.45,false,Phone,Medium
AM-SR-001643,AM-CL-0138,E-0271,Fee Invoice Question,2025-08-28T08:45:59.000Z,2025-09-02T12:27:53.000Z,Closed,5,5.99,true,Phone,Medium
AM-SR-001644,AM-CL-0118,E-0274,Performance Report,2025-08-31T16:27:42.000Z,2025-09-01T15:02:46.000Z,Closed,5,1.43,false,Portal,Low
AM-SR-001645,AM-CL-0055,E-0268,Performance Report,2025-12-26T12:54:43.000Z,2025-12-30T09:29:14.000Z,Closed,5,4.6,false,Email,Medium
AM-SR-001646,AM-CL-0135,E-0287,Performance Report,2026-08-12T11:10:04.000Z,2026-08-16T07:12:02.000Z,Closed,5,4.62,false,Portal,Low
AM-SR-001647,AM-CL-0072,E-0286,Performance Report,2025-11-09T13:26:25.000Z,2025-11-14T09:33:25.000Z,Closed,5,5.31,true,Portal,Medium
AM-SR-001648,AM-CL-0094,E-0271,Performance Report,2025-11-01T17:28:11.000Z,2025-11-09T12:18:00.000Z,Closed,5,8.8,true,Phone,Low
AM-SR-001649,AM-CL-0076,E-0282,Performance Report,2026-06-22T16:38:39.000Z,2026-06-26T11:33:42.000Z,Closed,5,4.33,false,Email,Low
AM-SR-001650,AM-CL-0022,E-0273,Reconciliation,2024-11-20T08:47:45.000Z,2024-11-21T08:58:14.000Z,Closed,3,2.0,false,Email,Medium
AM-SR-001651,AM-CL-0003,E-0280,Reconciliation,2025-10-05T15:00:26.000Z,2025-10-12T16:50:11.000Z,Closed,3,7.18,true,Portal,Medium
AM-SR-001652,AM-CL-0115,E-0274,Performance Report,2026-07-21T10:47:38.000Z,2026-07-23T16:47:04.000Z,Closed,5,2.44,false,Portal,Low
AM-SR-001653,AM-CL-0074,E-0280,Reconciliation,2025-05-29T08:05:56.000Z,2025-05-31T14:54:27.000Z,Closed,3,2.05,false,Portal,Low
AM-SR-001654,AM-CL-0001,E-0279,Performance Report,2026-05-21T07:09:50.000Z,2026-05-22T15:52:56.000Z,Closed,5,1.71,false,Email,Medium
AM-SR-001655,AM-CL-0084,E-0287,Cash Movement,2026-01-10T07:45:16.000Z,2026-01-10T14:58:18.000Z,Closed,1,0.41,false,Portal,Low
AM-SR-001656,AM-CL-0111,E-0270,Fee Invoice Question,2025-03-23T10:36:13.000Z,2025-03-28T08:44:23.000Z,Closed,5,5.31,true,Portal,Medium
AM-SR-001657,AM-CL-0019,E-0283,Fee Invoice Question,2025-05-15T18:18:56.000Z,2025-05-21T10:40:37.000Z,Closed,5,6.69,true,Portal,Medium
AM-SR-001658,AM-CL-0017,E-0281,Cash Movement,2025-08-25T15:59:07.000Z,2025-08-26T10:48:15.000Z,Closed,1,1.11,true,Portal,Low
AM-SR-001659,AM-CL-0090,E-0267,Reconciliation,2025-11-26T10:01:02.000Z,2025-11-30T10:54:04.000Z,Closed,3,4.34,true,Portal,Low
AM-SR-001660,AM-CL-0074,E-0280,Cash Movement,2024-11-19T19:59:29.000Z,2024-11-19T17:34:23.000Z,Closed,1,0.72,false,Email,Low
AM-SR-001661,AM-CL-0038,E-0288,Performance Report,2025-12-17T14:50:18.000Z,2025-12-17T07:05:57.000Z,Closed,5,0.93,false,Phone,Medium
AM-SR-001662,AM-CL-0026,E-0266,Reconciliation,2025-01-14T15:04:21.000Z,2025-01-14T09:13:28.000Z,Closed,3,0.82,false,Portal,Medium
AM-SR-001663,AM-CL-0042,E-0286,Performance Report,2025-06-28T17:03:36.000Z,2025-06-29T12:52:47.000Z,Closed,5,1.15,false,Phone,Low
AM-SR-001664,AM-CL-0137,E-0284,Cash Movement,2025-11-12T13:49:22.000Z,2025-11-13T14:29:00.000Z,Closed,1,1.13,true,Phone,Medium
AM-SR-001665,AM-CL-0050,E-0276,Fee Invoice Question,2026-05-05T17:17:01.000Z,2026-05-08T14:18:35.000Z,Closed,5,3.28,false,Email,Medium
AM-SR-001666,AM-CL-0126,E-0270,Performance Report,2024-11-20T14:03:39.000Z,2024-12-03T07:48:26.000Z,Closed,5,13.74,true,Portal,High
AM-SR-001667,AM-CL-0138,E-0271,Compliance Attestation,2024-12-01T15:22:32.000Z,2024-12-14T07:56:26.000Z,Closed,10,13.82,true,Portal,Medium
AM-SR-001668,AM-CL-0111,E-0270,Data Feed Issue,2025-03-17T19:50:21.000Z,2025-03-17T19:00:39.000Z,Closed,2,0.8,false,Email,Medium
AM-SR-001669,AM-CL-0052,E-0285,Performance Report,2024-09-10T17:30:42.000Z,2024-09-12T07:24:03.000Z,Closed,5,2.37,false,Email,Medium
AM-SR-001670,AM-CL-0081,E-0267,Reconciliation,2025-07-30T16:26:31.000Z,2025-08-01T12:36:30.000Z,Closed,3,2.3,false,Email,Low
AM-SR-001671,AM-CL-0128,E-0286,Fee Invoice Question,2025-07-26T15:13:57.000Z,2025-07-29T09:03:07.000Z,Closed,5,3.81,false,Phone,Medium
AM-SR-001672,AM-CL-0108,E-0272,Performance Report,2024-12-21T07:15:47.000Z,2024-12-23T07:04:00.000Z,Closed,5,2.84,false,Portal,Medium
AM-SR-001673,AM-CL-0034,E-0271,Reconciliation,2024-11-20T08:00:32.000Z,2024-11-21T18:47:52.000Z,Closed,3,2.0,false,Portal,Medium
AM-SR-001674,AM-CL-0062,E-0278,Data Feed Issue,2024-11-03T09:20:53.000Z,2024-11-06T15:31:14.000Z,Closed,2,3.86,true,Email,Medium
AM-SR-001675,AM-CL-0014,E-0288,Performance Report,2024-12-04T19:49:00.000Z,2024-12-10T09:06:28.000Z,Closed,5,6.71,true,Portal,Low
AM-SR-001676,AM-CL-0076,E-0282,Cash Movement,2024-10-28T14:35:32.000Z,2024-10-28T14:22:53.000Z,Closed,1,0.5,false,Email,Medium
AM-SR-001677,AM-CL-0060,E-0284,Performance Report,2024-10-15T17:59:52.000Z,2024-10-24T15:34:02.000Z,Closed,5,9.83,true,Portal,Low
AM-SR-001678,AM-CL-0076,E-0282,Onboarding Document,2026-02-18T10:06:53.000Z,2026-02-27T07:21:36.000Z,Closed,7,9.85,true,Email,Low
AM-SR-001679,AM-CL-0059,E-0273,Cash Movement,2026-08-06T14:27:53.000Z,2026-08-06T08:36:29.000Z,Closed,1,0.3,false,Phone,Medium
AM-SR-001680,AM-CL-0132,E-0273,Cash Movement,2024-12-29T19:06:37.000Z,2024-12-29T09:58:58.000Z,Closed,1,0.71,false,Portal,Medium
AM-SR-001681,AM-CL-0122,E-0276,Cash Movement,2025-01-28T10:30:01.000Z,2025-01-28T15:28:53.000Z,Closed,1,0.74,false,Email,Low
AM-SR-001682,AM-CL-0026,E-0266,Cash Movement,2025-02-04T16:12:22.000Z,2025-02-04T14:37:28.000Z,Closed,1,0.87,false,Email,Medium
AM-SR-001683,AM-CL-0030,E-0275,Cash Movement,2026-02-02T09:04:46.000Z,2026-02-02T17:39:42.000Z,Closed,1,0.84,false,Portal,Medium
AM-SR-001684,AM-CL-0026,E-0266,Reconciliation,2025-11-14T16:08:43.000Z,2025-11-16T13:50:23.000Z,Closed,3,2.89,false,Email,High
AM-SR-001685,AM-CL-0041,E-0279,Performance Report,2026-01-06T07:21:20.000Z,2026-01-13T15:18:56.000Z,Closed,5,7.03,true,Portal,Medium
AM-SR-001686,AM-CL-0025,E-0287,Performance Report,2025-09-24T07:55:53.000Z,2025-09-28T07:16:17.000Z,Closed,5,4.24,false,Portal,Low
AM-SR-001687,AM-CL-0081,E-0267,Cash Movement,2025-09-17T15:18:17.000Z,2025-09-17T14:00:10.000Z,Closed,1,0.76,false,Email,Medium
AM-SR-001688,AM-CL-0119,E-0285,Cash Movement,2024-12-29T14:46:10.000Z,2024-12-29T19:23:58.000Z,Closed,1,0.89,false,Phone,Low
AM-SR-001689,AM-CL-0075,E-0270,Compliance Attestation,2025-12-13T09:35:54.000Z,2025-12-26T14:52:05.000Z,Closed,10,13.22,true,Portal,High
AM-SR-001690,AM-CL-0101,E-0289,Performance Report,2025-09-02T15:26:51.000Z,2025-09-17T12:43:05.000Z,Closed,5,15.98,true,Email,Low
AM-SR-001691,AM-CL-0120,E-0279,Performance Report,2026-07-27T19:27:55.000Z,2026-07-29T14:05:34.000Z,Closed,5,2.95,false,Email,Medium
AM-SR-001692,AM-CL-0055,E-0268,Onboarding Document,2024-11-07T08:12:54.000Z,2024-11-12T19:13:52.000Z,Closed,7,5.18,false,Email,Medium
AM-SR-001693,AM-CL-0122,E-0276,Compliance Attestation,2025-12-14T08:49:12.000Z,2025-12-17T14:25:07.000Z,Closed,10,3.38,false,Email,Medium
AM-SR-001694,AM-CL-0092,E-0284,Reconciliation,2025-11-10T18:08:57.000Z,2025-11-11T17:23:19.000Z,Closed,3,1.08,false,Portal,Low
AM-SR-001695,AM-CL-0078,E-0278,Compliance Attestation,2025-11-18T16:24:44.000Z,2025-11-29T12:03:06.000Z,Closed,10,11.52,true,Portal,Medium
AM-SR-001696,AM-CL-0121,E-0285,Performance Report,2024-09-23T07:04:58.000Z,2024-10-01T09:14:29.000Z,Closed,5,8.42,true,Email,Low
AM-SR-001697,AM-CL-0103,E-0289,Compliance Attestation,2025-01-10T12:37:26.000Z,2025-01-18T17:15:08.000Z,Closed,10,8.87,false,Email,High
AM-SR-001698,AM-CL-0053,E-0271,Performance Report,2025-06-06T09:03:41.000Z,2025-06-09T10:23:17.000Z,Closed,5,3.08,false,Email,Medium
AM-SR-001699,AM-CL-0132,E-0273,Fee Invoice Question,2025-11-11T13:21:03.000Z,2025-11-13T13:52:19.000Z,Closed,5,2.42,false,Phone,Low
AM-SR-001700,AM-CL-0014,E-0288,Performance Report,2025-01-06T10:02:20.000Z,2025-01-08T07:10:58.000Z,Closed,5,2.1,false,Portal,Medium
AM-SR-001701,AM-CL-0123,E-0272,Fee Invoice Question,2026-06-12T07:40:47.000Z,2026-06-13T07:58:32.000Z,Closed,5,1.17,false,Portal,Medium
AM-SR-001702,AM-CL-0111,E-0270,Performance Report,2026-07-08T11:04:28.000Z,2026-07-12T12:07:04.000Z,Closed,5,4.2,false,Portal,Medium
AM-SR-001703,AM-CL-0071,E-0279,Reconciliation,2026-08-31T07:00:33.000Z,,Open,3,,true,Email,Medium
AM-SR-001704,AM-CL-0086,E-0268,Compliance Attestation,2026-08-28T13:22:38.000Z,2026-08-31T07:31:24.000Z,Closed,10,3.33,false,Portal,Medium
AM-SR-001705,AM-CL-0037,E-0282,Reconciliation,2025-01-16T14:04:50.000Z,2025-01-17T09:26:29.000Z,Closed,3,1.98,false,Email,Medium
AM-SR-001706,AM-CL-0044,E-0282,Fee Invoice Question,2025-06-28T19:00:56.000Z,2025-06-30T15:35:53.000Z,Closed,5,2.86,false,Email,Low
AM-SR-001707,AM-CL-0118,E-0274,Cash Movement,2024-12-14T10:39:25.000Z,2024-12-14T09:53:19.000Z,Closed,1,0.78,false,Email,Low
AM-SR-001708,AM-CL-0114,E-0278,Performance Report,2025-10-01T13:23:09.000Z,2025-10-03T17:41:12.000Z,Closed,5,2.32,false,Email,Low
AM-SR-001709,AM-CL-0034,E-0271,Performance Report,2025-11-07T08:26:40.000Z,2025-11-09T15:59:29.000Z,Closed,5,2.47,false,Portal,Low
AM-SR-001710,AM-CL-0015,E-0287,Cash Movement,2025-01-05T16:05:42.000Z,2025-01-06T18:05:38.000Z,Closed,1,1.3,true,Email,Medium
AM-SR-001711,AM-CL-0125,E-0286,Reconciliation,2026-08-22T13:58:06.000Z,2026-08-23T18:26:24.000Z,Closed,3,1.26,false,Portal,Medium
AM-SR-001712,AM-CL-0129,E-0273,Reconciliation,2025-11-24T11:16:19.000Z,2025-11-25T15:55:16.000Z,Closed,3,1.55,false,Portal,Medium
AM-SR-001713,AM-CL-0123,E-0272,Fee Invoice Question,2025-06-08T17:05:49.000Z,2025-06-17T11:18:59.000Z,Closed,5,9.77,true,Email,High
AM-SR-001714,AM-CL-0030,E-0275,Reconciliation,2026-05-22T13:28:49.000Z,2026-05-22T18:28:05.000Z,Closed,3,0.85,false,Email,Low
AM-SR-001715,AM-CL-0100,E-0284,Reconciliation,2025-07-30T15:09:56.000Z,2025-07-31T19:08:50.000Z,Closed,3,1.21,false,Portal,Medium
AM-SR-001716,AM-CL-0115,E-0274,Performance Report,2025-11-05T09:57:10.000Z,2025-11-07T08:15:00.000Z,Closed,5,2.14,false,Portal,Medium
AM-SR-001717,AM-CL-0017,E-0281,Performance Report,2025-09-08T18:17:34.000Z,2025-09-11T17:25:23.000Z,Closed,5,3.33,false,Portal,High
AM-SR-001718,AM-CL-0138,E-0271,Cash Movement,2025-06-01T18:07:08.000Z,2025-06-01T08:59:15.000Z,Closed,1,0.58,false,Email,Medium
AM-SR-001719,AM-CL-0020,E-0266,Performance Report,2026-04-15T16:49:40.000Z,2026-04-16T14:03:23.000Z,Closed,5,1.94,false,Email,Low
AM-SR-001720,AM-CL-0018,E-0266,Cash Movement,2025-03-22T13:42:08.000Z,2025-03-22T19:06:23.000Z,Closed,1,0.37,false,Portal,Low
AM-SR-001721,AM-CL-0008,E-0279,Reconciliation,2026-05-29T18:38:49.000Z,2026-05-30T09:49:28.000Z,Closed,3,1.22,false,Portal,Low
AM-SR-001722,AM-CL-0100,E-0284,Reconciliation,2024-11-14T17:20:29.000Z,2024-11-18T17:54:34.000Z,Closed,3,4.36,true,Email,High
AM-SR-001723,AM-CL-0133,E-0275,Fee Invoice Question,2024-09-10T15:50:22.000Z,2024-09-13T10:29:36.000Z,Closed,5,3.3,false,Email,Low
AM-SR-001724,AM-CL-0120,E-0279,Reconciliation,2025-08-20T17:18:06.000Z,2025-08-21T14:33:22.000Z,Closed,3,1.42,false,Portal,Medium
AM-SR-001725,AM-CL-0112,E-0289,Compliance Attestation,2024-09-05T13:57:22.000Z,2024-09-13T08:02:05.000Z,Closed,10,8.89,false,Portal,Medium
AM-SR-001726,AM-CL-0087,E-0290,Performance Report,2025-03-19T08:39:19.000Z,2025-03-24T12:47:50.000Z,Closed,5,5.54,true,Email,High
AM-SR-001727,AM-CL-0085,E-0267,Reconciliation,2025-06-06T11:45:37.000Z,2025-06-08T13:48:05.000Z,Closed,3,2.11,false,Email,Low
AM-SR-001728,AM-CL-0008,E-0279,Reconciliation,2026-03-30T08:27:37.000Z,2026-03-31T16:10:34.000Z,Closed,3,1.05,false,Email,High
AM-SR-001729,AM-CL-0104,E-0279,Cash Movement,2025-01-24T09:14:04.000Z,2025-01-24T17:32:08.000Z,Closed,1,0.77,false,Portal,Medium
AM-SR-001730,AM-CL-0039,E-0275,Performance Report,2026-05-09T18:56:39.000Z,2026-05-10T18:38:26.000Z,Closed,5,1.53,false,Portal,Medium
AM-SR-001731,AM-CL-0127,E-0266,Fee Invoice Question,2025-08-01T08:16:28.000Z,2025-08-02T14:41:19.000Z,Closed,5,1.58,false,Email,Low
AM-SR-001732,AM-CL-0044,E-0282,Data Feed Issue,2025-01-31T07:44:57.000Z,2025-02-02T15:22:21.000Z,Closed,2,2.4,true,Phone,Low
AM-SR-001733,AM-CL-0009,E-0279,Reconciliation,2026-05-19T08:41:58.000Z,2026-05-20T18:09:20.000Z,Closed,3,1.85,false,Portal,Medium
AM-SR-001734,AM-CL-0129,E-0273,Reconciliation,2024-09-21T11:38:59.000Z,2024-09-22T11:20:20.000Z,Closed,3,1.27,false,Portal,Low
AM-SR-001735,AM-CL-0087,E-0290,Compliance Attestation,2025-06-03T08:35:40.000Z,2025-06-07T14:01:11.000Z,Closed,10,4.46,false,Portal,High
AM-SR-001736,AM-CL-0121,E-0285,Performance Report,2025-03-20T10:16:15.000Z,2025-03-24T13:25:40.000Z,Closed,5,4.83,false,Phone,Medium
AM-SR-001737,AM-CL-0093,E-0275,Compliance Attestation,2026-05-24T18:00:06.000Z,2026-05-26T14:42:23.000Z,Closed,10,2.7,false,Portal,Medium
AM-SR-001738,AM-CL-0070,E-0282,Fee Invoice Question,2026-06-04T10:19:50.000Z,2026-06-07T12:33:12.000Z,Closed,5,3.84,false,Portal,Medium
AM-SR-001739,AM-CL-0139,E-0266,Performance Report,2026-03-24T16:51:41.000Z,2026-03-25T13:21:30.000Z,Closed,5,1.51,false,Email,Medium
AM-SR-001740,AM-CL-0054,E-0290,Reconciliation,2026-02-22T08:20:22.000Z,2026-02-24T19:59:57.000Z,Closed,3,2.39,false,Portal,High
AM-SR-001741,AM-CL-0086,E-0268,Cash Movement,2026-05-11T07:56:55.000Z,2026-05-11T15:22:50.000Z,Closed,1,0.77,false,Email,High
AM-SR-001742,AM-CL-0061,E-0290,Data Feed Issue,2025-11-04T07:25:44.000Z,2025-11-05T15:01:36.000Z,Closed,2,1.22,false,Email,Medium
AM-SR-001743,AM-CL-0112,E-0289,Performance Report,2024-11-12T17:02:18.000Z,2024-11-13T12:48:34.000Z,Closed,5,1.16,false,Email,Medium
AM-SR-001744,AM-CL-0121,E-0285,Reconciliation,2025-05-12T08:14:09.000Z,2025-05-16T15:01:05.000Z,Closed,3,4.75,true,Portal,Low
AM-SR-001745,AM-CL-0098,E-0268,Performance Report,2025-04-25T18:43:55.000Z,2025-04-29T11:13:40.000Z,Closed,5,4.17,false,Email,Medium
AM-SR-001746,AM-CL-0037,E-0282,Performance Report,2025-05-30T16:44:53.000Z,2025-05-31T15:09:57.000Z,Closed,5,1.9,false,Email,High
AM-SR-001747,AM-CL-0001,E-0279,Data Feed Issue,2025-08-13T12:45:19.000Z,2025-08-14T11:41:22.000Z,Closed,2,1.31,false,Email,Low
AM-SR-001748,AM-CL-0139,E-0266,Data Feed Issue,2025-08-23T11:37:37.000Z,2025-08-25T18:57:56.000Z,Closed,2,2.02,true,Email,Low
AM-SR-001749,AM-CL-0063,E-0284,Onboarding Document,2025-08-08T11:31:28.000Z,2025-08-17T14:48:01.000Z,Closed,7,9.24,true,Email,High
AM-SR-001750,AM-CL-0067,E-0275,Compliance Attestation,2025-06-22T15:40:13.000Z,2025-06-24T19:05:42.000Z,Closed,10,2.29,false,Portal,Medium
AM-SR-001751,AM-CL-0002,E-0268,Cash Movement,2025-08-06T10:52:08.000Z,2025-08-06T11:26:46.000Z,Closed,1,0.85,false,Portal,Medium
AM-SR-001752,AM-CL-0055,E-0268,Data Feed Issue,2026-05-27T11:40:51.000Z,2026-05-28T09:57:02.000Z,Closed,2,1.74,false,Portal,Medium
AM-SR-001753,AM-CL-0075,E-0270,Compliance Attestation,2025-10-13T13:53:23.000Z,2025-10-18T14:52:01.000Z,Closed,10,5.62,false,Portal,High
AM-SR-001754,AM-CL-0042,E-0286,Compliance Attestation,2025-07-06T18:58:46.000Z,2025-07-14T07:11:38.000Z,Closed,10,8.46,false,Portal,Medium
AM-SR-001755,AM-CL-0092,E-0284,Onboarding Document,2026-04-03T18:01:51.000Z,2026-04-12T19:22:06.000Z,Closed,7,9.46,true,Email,Medium
AM-SR-001756,AM-CL-0069,E-0274,Performance Report,2025-10-08T10:34:33.000Z,2025-10-10T13:49:49.000Z,Closed,5,2.98,false,Portal,Medium
AM-SR-001757,AM-CL-0128,E-0286,Compliance Attestation,2025-03-06T14:50:33.000Z,2025-03-08T08:17:41.000Z,Closed,10,2.01,false,Email,High
AM-SR-001758,AM-CL-0114,E-0278,Compliance Attestation,2025-01-18T14:25:37.000Z,2025-01-30T17:11:57.000Z,Closed,10,12.73,true,Portal,Medium
AM-SR-001759,AM-CL-0064,E-0274,Onboarding Document,2025-11-10T09:54:36.000Z,2025-11-13T10:20:52.000Z,Closed,7,3.13,false,Email,Medium
AM-SR-001760,AM-CL-0011,E-0271,Performance Report,2025-08-09T12:04:01.000Z,2025-08-14T07:18:46.000Z,Closed,5,5.23,true,Email,Medium
AM-SR-001761,AM-CL-0054,E-0290,Performance Report,2025-12-19T15:40:08.000Z,2025-12-22T13:22:19.000Z,Closed,5,3.61,false,Portal,Low
AM-SR-001762,AM-CL-0057,E-0281,Reconciliation,2026-04-13T14:35:06.000Z,2026-04-16T10:04:48.000Z,Closed,3,3.37,true,Email,Medium
AM-SR-001763,AM-CL-0039,E-0275,Reconciliation,2025-05-20T09:01:08.000Z,2025-05-22T10:44:16.000Z,Closed,3,2.07,false,Email,Low
AM-SR-001764,AM-CL-0080,E-0275,Reconciliation,2024-09-24T10:25:19.000Z,2024-09-27T14:41:32.000Z,Closed,3,3.82,true,Email,Low
AM-SR-001765,AM-CL-0001,E-0279,Reconciliation,2024-12-02T12:16:08.000Z,2024-12-04T18:55:48.000Z,Closed,3,2.22,false,Email,Low
AM-SR-001766,AM-CL-0135,E-0287,Reconciliation,2024-11-01T08:23:12.000Z,2024-11-02T12:20:55.000Z,Closed,3,1.11,false,Portal,Medium
AM-SR-001767,AM-CL-0081,E-0267,Fee Invoice Question,2026-03-04T15:21:02.000Z,2026-03-13T18:34:28.000Z,Closed,5,9.33,true,Email,Medium
AM-SR-001768,AM-CL-0008,E-0279,Performance Report,2025-04-16T13:25:06.000Z,2025-04-22T16:08:30.000Z,Closed,5,6.03,true,Phone,Low
AM-SR-001769,AM-CL-0038,E-0288,Onboarding Document,2025-10-25T13:47:53.000Z,2025-10-29T12:18:09.000Z,Closed,7,4.26,false,Portal,Medium
AM-SR-001770,AM-CL-0016,E-0269,Fee Invoice Question,2025-01-20T07:28:50.000Z,2025-01-26T12:35:52.000Z,Closed,5,6.99,true,Email,Medium
AM-SR-001771,AM-CL-0133,E-0275,Compliance Attestation,2024-11-05T16:24:01.000Z,2024-11-09T18:33:32.000Z,Closed,10,4.43,false,Portal,High
AM-SR-001772,AM-CL-0089,E-0280,Reconciliation,2026-07-15T19:38:59.000Z,2026-07-16T11:34:47.000Z,Closed,3,1.48,false,Email,Medium
AM-SR-001773,AM-CL-0099,E-0279,Performance Report,2025-02-19T07:39:36.000Z,2025-02-22T07:36:38.000Z,Closed,5,3.71,false,Portal,High
AM-SR-001774,AM-CL-0071,E-0279,Cash Movement,2026-02-02T10:45:26.000Z,2026-02-02T15:36:46.000Z,Closed,1,0.53,false,Email,Low
AM-SR-001775,AM-CL-0006,E-0284,Fee Invoice Question,2024-10-10T07:09:25.000Z,2024-10-15T13:26:51.000Z,Closed,5,5.75,true,Portal,Low
AM-SR-001776,AM-CL-0021,E-0286,Performance Report,2025-02-09T14:56:52.000Z,2025-02-14T17:59:57.000Z,Closed,5,5.12,true,Email,Low
AM-SR-001777,AM-CL-0133,E-0275,Reconciliation,2025-11-02T15:16:23.000Z,2025-11-05T13:53:20.000Z,Closed,3,3.17,true,Email,Low
AM-SR-001778,AM-CL-0126,E-0270,Performance Report,2025-02-08T07:21:53.000Z,2025-02-12T15:59:24.000Z,Closed,5,4.41,false,Portal,High
AM-SR-001779,AM-CL-0109,E-0288,Reconciliation,2026-07-26T09:56:41.000Z,2026-07-27T19:43:06.000Z,Closed,3,1.43,false,Portal,Low
AM-SR-001780,AM-CL-0119,E-0285,Cash Movement,2024-12-31T15:09:18.000Z,2024-12-31T17:36:43.000Z,Closed,1,0.66,false,Portal,Low
AM-SR-001781,AM-CL-0038,E-0288,Onboarding Document,2025-07-10T08:53:38.000Z,2025-07-11T12:50:17.000Z,Closed,7,1.71,false,Portal,Medium
AM-SR-001782,AM-CL-0095,E-0280,Compliance Attestation,2024-10-25T15:25:05.000Z,2024-11-02T08:33:23.000Z,Closed,10,8.83,false,Email,Medium
AM-SR-001783,AM-CL-0115,E-0274,Onboarding Document,2024-10-10T09:55:08.000Z,2024-10-17T18:02:02.000Z,Closed,7,7.49,true,Phone,Low
AM-SR-001784,AM-CL-0017,E-0281,Data Feed Issue,2025-04-20T11:16:58.000Z,2025-04-22T07:31:04.000Z,Closed,2,2.35,true,Email,Medium
AM-SR-001785,AM-CL-0011,E-0271,Reconciliation,2025-02-16T11:12:55.000Z,2025-02-18T19:33:08.000Z,Closed,3,2.36,false,Email,High
AM-SR-001786,AM-CL-0089,E-0280,Fee Invoice Question,2025-05-14T15:08:53.000Z,2025-05-16T10:30:15.000Z,Closed,5,2.37,false,Email,Low
AM-SR-001787,AM-CL-0012,E-0289,Performance Report,2026-05-15T08:54:57.000Z,2026-05-17T11:04:05.000Z,Closed,5,2.22,false,Email,Medium
AM-SR-001788,AM-CL-0109,E-0288,Cash Movement,2026-05-01T08:22:13.000Z,2026-05-01T11:59:20.000Z,Closed,1,0.77,false,Email,Medium
AM-SR-001789,AM-CL-0091,E-0285,Data Feed Issue,2025-04-14T19:56:38.000Z,2025-04-14T16:37:31.000Z,Closed,2,0.72,false,Portal,Medium
AM-SR-001790,AM-CL-0016,E-0269,Reconciliation,2026-02-20T14:41:01.000Z,2026-02-25T13:56:21.000Z,Closed,3,5.54,true,Portal,Medium
AM-SR-001791,AM-CL-0059,E-0273,Reconciliation,2025-11-02T19:23:13.000Z,2025-11-03T15:30:30.000Z,Closed,3,1.59,false,Phone,Medium
AM-SR-001792,AM-CL-0077,E-0282,Cash Movement,2025-01-15T09:58:45.000Z,2025-01-16T17:49:43.000Z,Closed,1,1.03,true,Phone,Low
AM-SR-001793,AM-CL-0083,E-0287,Performance Report,2025-05-20T14:19:12.000Z,2025-05-23T08:46:35.000Z,Closed,5,3.96,false,Email,Low
AM-SR-001794,AM-CL-0054,E-0290,Onboarding Document,2025-12-17T11:18:38.000Z,2025-12-23T12:50:41.000Z,Closed,7,6.93,false,Email,High
AM-SR-001795,AM-CL-0099,E-0279,Fee Invoice Question,2024-12-29T19:13:41.000Z,2024-12-30T15:56:33.000Z,Closed,5,1.07,false,Email,Low
AM-SR-001796,AM-CL-0067,E-0275,Compliance Attestation,2025-05-03T17:27:49.000Z,2025-05-25T15:37:10.000Z,Closed,10,22.48,true,Portal,Low
AM-SR-001797,AM-CL-0020,E-0266,Reconciliation,2026-07-04T18:07:55.000Z,2026-07-12T14:46:51.000Z,Closed,3,8.24,true,Portal,High
AM-SR-001798,AM-CL-0069,E-0274,Performance Report,2025-08-05T09:44:31.000Z,2025-08-19T09:56:27.000Z,Closed,5,14.24,true,Portal,High
AM-SR-001799,AM-CL-0136,E-0287,Reconciliation,2025-02-21T07:26:03.000Z,2025-02-26T16:14:04.000Z,Closed,3,5.59,true,Portal,High
AM-SR-001800,AM-CL-0034,E-0271,Performance Report,2025-04-07T08:20:43.000Z,2025-04-11T19:22:15.000Z,Closed,5,4.84,false,Email,Low
AM-SR-001801,AM-CL-0079,E-0270,Data Feed Issue,2025-09-27T15:14:51.000Z,2025-09-27T11:37:35.000Z,Closed,2,0.52,false,Email,Medium
AM-SR-001802,AM-CL-0004,E-0272,Cash Movement,2026-03-22T08:48:07.000Z,2026-03-22T18:09:04.000Z,Closed,1,0.86,false,Email,Medium
AM-SR-001803,AM-CL-0077,E-0282,Fee Invoice Question,2025-03-07T10:58:14.000Z,2025-03-09T15:04:04.000Z,Closed,5,2.64,false,Portal,Low
AM-SR-001804,AM-CL-0066,E-0278,Performance Report,2026-01-02T14:48:26.000Z,2026-01-04T09:21:22.000Z,Closed,5,2.73,false,Portal,Medium
AM-SR-001805,AM-CL-0094,E-0271,Performance Report,2025-07-13T10:49:10.000Z,2025-07-17T08:03:44.000Z,Closed,5,4.7,false,Portal,Medium
AM-SR-001806,AM-CL-0023,E-0285,Cash Movement,2025-07-05T13:04:32.000Z,2025-07-05T14:23:13.000Z,Closed,1,0.35,false,Portal,Medium
AM-SR-001807,AM-CL-0133,E-0275,Data Feed Issue,2025-10-19T16:29:11.000Z,2025-10-21T15:17:50.000Z,Closed,2,2.29,true,Email,Medium
AM-SR-001808,AM-CL-0003,E-0280,Performance Report,2025-05-14T07:57:52.000Z,2025-05-17T09:46:34.000Z,Closed,5,3.25,false,Phone,Low
AM-SR-001809,AM-CL-0059,E-0273,Performance Report,2026-01-24T09:30:07.000Z,2026-01-28T16:15:08.000Z,Closed,5,4.81,false,Portal,High
AM-SR-001810,AM-CL-0111,E-0270,Performance Report,2025-03-17T13:10:31.000Z,2025-03-20T17:00:26.000Z,Closed,5,3.21,false,Email,Medium
AM-SR-001811,AM-CL-0131,E-0285,Reconciliation,2026-03-01T13:07:20.000Z,2026-03-02T18:36:38.000Z,Closed,3,1.98,false,Email,Medium
AM-SR-001812,AM-CL-0034,E-0271,Reconciliation,2024-11-20T17:17:28.000Z,2024-11-21T07:11:11.000Z,Closed,3,1.54,false,Email,Medium
AM-SR-001813,AM-CL-0014,E-0288,Performance Report,2024-12-04T08:45:15.000Z,2024-12-09T10:56:40.000Z,Closed,5,5.38,true,Portal,Medium
AM-SR-001814,AM-CL-0015,E-0287,Performance Report,2026-05-30T12:09:41.000Z,2026-06-01T14:08:38.000Z,Closed,5,2.27,false,Email,Medium
AM-SR-001815,AM-CL-0017,E-0281,Performance Report,2026-03-31T13:34:39.000Z,2026-04-07T16:41:08.000Z,Closed,5,7.47,true,Portal,Low
AM-SR-001816,AM-CL-0108,E-0272,Onboarding Document,2025-04-15T09:02:54.000Z,2025-04-18T18:09:07.000Z,Closed,7,3.04,false,Portal,Medium
AM-SR-001817,AM-CL-0079,E-0270,Cash Movement,2026-07-04T09:40:15.000Z,2026-07-04T18:48:38.000Z,Closed,1,0.34,false,Email,High
AM-SR-001818,AM-CL-0109,E-0288,Data Feed Issue,2024-09-10T11:55:02.000Z,2024-09-10T11:40:00.000Z,Closed,2,0.75,false,Portal,High
AM-SR-001819,AM-CL-0079,E-0270,Fee Invoice Question,2025-10-19T10:17:19.000Z,2025-10-21T15:43:02.000Z,Closed,5,2.11,false,Email,High
AM-SR-001820,AM-CL-0008,E-0279,Performance Report,2026-07-22T16:17:15.000Z,2026-07-25T13:10:33.000Z,Closed,5,3.16,false,Email,Medium
AM-SR-001821,AM-CL-0031,E-0276,Performance Report,2025-08-26T16:12:35.000Z,2025-09-01T17:51:40.000Z,Closed,5,6.04,true,Portal,Medium
AM-SR-001822,AM-CL-0002,E-0268,Onboarding Document,2025-01-01T15:22:50.000Z,2025-01-19T10:04:24.000Z,Closed,7,18.83,true,Email,High
AM-SR-001823,AM-CL-0090,E-0267,Reconciliation,2025-10-03T11:46:08.000Z,2025-10-06T08:16:01.000Z,Closed,3,3.8,true,Email,Low
AM-SR-001824,AM-CL-0075,E-0270,Fee Invoice Question,2026-05-22T12:14:27.000Z,2026-05-31T15:25:10.000Z,Closed,5,9.58,true,Email,Low
AM-SR-001825,AM-CL-0049,E-0289,Performance Report,2026-06-21T08:39:35.000Z,2026-06-23T08:46:51.000Z,Closed,5,2.27,false,Portal,Low
AM-SR-001826,AM-CL-0077,E-0282,Cash Movement,2024-12-15T07:03:35.000Z,2024-12-16T15:03:46.000Z,Closed,1,1.75,true,Email,Medium
AM-SR-001827,AM-CL-0032,E-0279,Performance Report,2026-02-04T07:42:42.000Z,2026-02-06T14:28:43.000Z,Closed,5,2.22,false,Email,Medium
AM-SR-001828,AM-CL-0087,E-0290,Reconciliation,2026-05-30T16:52:14.000Z,2026-06-03T12:57:03.000Z,Closed,3,4.56,true,Email,Low
AM-SR-001829,AM-CL-0068,E-0283,Fee Invoice Question,2024-09-27T15:44:17.000Z,2024-09-30T09:12:13.000Z,Closed,5,3.32,false,Email,Medium
AM-SR-001830,AM-CL-0020,E-0266,Fee Invoice Question,2025-05-28T19:20:42.000Z,2025-05-31T09:56:20.000Z,Closed,5,3.59,false,Phone,Low
AM-SR-001831,AM-CL-0016,E-0269,Onboarding Document,2025-08-02T07:39:12.000Z,2025-08-05T14:23:26.000Z,Closed,7,3.26,false,Email,Low
AM-SR-001832,AM-CL-0098,E-0268,Cash Movement,2025-06-18T10:46:31.000Z,2025-06-18T14:18:15.000Z,Closed,1,0.99,false,Portal,Low
AM-SR-001833,AM-CL-0042,E-0286,Performance Report,2026-02-23T14:25:44.000Z,2026-03-01T11:16:42.000Z,Closed,5,6.07,true,Portal,Low
AM-SR-001834,AM-CL-0027,E-0271,Fee Invoice Question,2025-05-12T15:44:58.000Z,2025-05-14T18:25:43.000Z,Closed,5,2.9,false,Portal,Medium
AM-SR-001835,AM-CL-0103,E-0289,Cash Movement,2024-09-20T19:45:46.000Z,2024-09-20T19:09:38.000Z,Closed,1,0.18,false,Email,Medium
AM-SR-001836,AM-CL-0002,E-0268,Onboarding Document,2025-08-29T11:40:04.000Z,2025-09-02T13:35:34.000Z,Closed,7,4.37,false,Email,Medium
AM-SR-001837,AM-CL-0128,E-0286,Compliance Attestation,2025-04-08T14:41:00.000Z,2025-04-12T07:46:49.000Z,Closed,10,4.73,false,Email,Medium
AM-SR-001838,AM-CL-0110,E-0286,Cash Movement,2026-01-05T09:19:27.000Z,2026-01-05T18:09:45.000Z,Closed,1,0.75,false,Portal,Low
AM-SR-001839,AM-CL-0044,E-0282,Compliance Attestation,2024-10-21T07:14:00.000Z,2024-11-04T08:18:15.000Z,Closed,10,14.38,true,Phone,Low
AM-SR-001840,AM-CL-0058,E-0280,Fee Invoice Question,2025-06-19T19:12:34.000Z,2025-06-20T16:09:00.000Z,Closed,5,1.05,false,Portal,Low
AM-SR-001841,AM-CL-0013,E-0277,Cash Movement,2026-02-08T09:46:17.000Z,2026-02-08T16:05:09.000Z,Closed,1,0.56,false,Email,Low
AM-SR-001842,AM-CL-0086,E-0268,Reconciliation,2025-02-10T11:34:43.000Z,2025-02-12T11:28:15.000Z,Closed,3,2.71,false,Email,Medium
AM-SR-001843,AM-CL-0067,E-0275,Onboarding Document,2026-06-11T15:03:29.000Z,2026-06-14T16:05:48.000Z,Closed,7,3.62,false,Portal,Medium
AM-SR-001844,AM-CL-0137,E-0284,Performance Report,2024-12-18T11:22:42.000Z,2024-12-21T13:55:41.000Z,Closed,5,3.95,false,Email,High
AM-SR-001845,AM-CL-0103,E-0289,Fee Invoice Question,2025-07-11T11:55:33.000Z,2025-07-12T13:58:56.000Z,Closed,5,1.17,false,Portal,Medium
AM-SR-001846,AM-CL-0104,E-0279,Cash Movement,2026-04-29T18:46:46.000Z,2026-04-29T07:49:02.000Z,Closed,1,0.61,false,Email,High
AM-SR-001847,AM-CL-0140,E-0272,Fee Invoice Question,2025-12-16T18:38:58.000Z,2025-12-18T17:30:58.000Z,Closed,5,2.67,false,Email,Medium
AM-SR-001848,AM-CL-0017,E-0281,Performance Report,2026-08-24T13:05:45.000Z,2026-08-26T17:48:49.000Z,Closed,5,2.31,false,Portal,High
AM-SR-001849,AM-CL-0103,E-0289,Compliance Attestation,2025-06-03T07:05:09.000Z,2025-06-17T08:33:25.000Z,Closed,10,14.43,true,Email,Medium
AM-SR-001850,AM-CL-0028,E-0279,Compliance Attestation,2024-11-24T13:22:57.000Z,2024-12-03T18:57:23.000Z,Closed,10,9.19,false,Email,Medium
AM-SR-001851,AM-CL-0115,E-0274,Fee Invoice Question,2025-03-17T17:38:51.000Z,2025-03-30T12:08:37.000Z,Closed,5,13.21,true,Portal,High
AM-SR-001852,AM-CL-0125,E-0286,Fee Invoice Question,2025-06-01T17:49:32.000Z,2025-06-02T07:58:17.000Z,Closed,5,1.83,false,Email,Low
AM-SR-001853,AM-CL-0076,E-0282,Reconciliation,2025-02-11T11:58:50.000Z,2025-02-12T11:41:37.000Z,Closed,3,1.72,false,Email,Medium
AM-SR-001854,AM-CL-0007,E-0280,Reconciliation,2024-09-23T18:06:43.000Z,2024-09-23T16:27:33.000Z,Closed,3,0.7,false,Portal,Low
AM-SR-001855,AM-CL-0072,E-0286,Reconciliation,2025-07-14T19:06:29.000Z,2025-07-18T14:30:59.000Z,Closed,3,4.25,true,Portal,Low
AM-SR-001856,AM-CL-0048,E-0284,Compliance Attestation,2025-09-26T18:24:10.000Z,2025-10-03T09:41:26.000Z,Closed,10,7.9,false,Email,High
AM-SR-001857,AM-CL-0056,E-0288,Data Feed Issue,2025-08-21T07:54:12.000Z,2025-08-25T12:57:16.000Z,Closed,2,4.82,true,Portal,High
AM-SR-001858,AM-CL-0093,E-0275,Reconciliation,2025-08-01T11:38:08.000Z,2025-08-02T12:01:04.000Z,Closed,3,1.67,false,Email,Low
AM-SR-001859,AM-CL-0140,E-0272,Data Feed Issue,2025-06-20T18:45:57.000Z,2025-06-20T07:33:18.000Z,Closed,2,0.75,false,Email,Low
AM-SR-001860,AM-CL-0101,E-0289,Performance Report,2025-06-08T10:47:26.000Z,2025-06-13T13:59:23.000Z,Closed,5,5.79,true,Portal,Medium
AM-SR-001861,AM-CL-0103,E-0289,Performance Report,2024-09-15T09:07:06.000Z,2024-09-17T18:10:29.000Z,Closed,5,2.35,false,Email,High
AM-SR-001862,AM-CL-0039,E-0275,Onboarding Document,2025-01-18T07:09:57.000Z,2025-01-22T19:29:48.000Z,Closed,7,4.53,false,Portal,Low
AM-SR-001863,AM-CL-0095,E-0280,Fee Invoice Question,2025-04-25T18:14:02.000Z,2025-05-03T16:40:59.000Z,Closed,5,8.94,true,Email,Medium
AM-SR-001864,AM-CL-0109,E-0288,Onboarding Document,2024-11-07T08:09:03.000Z,2024-11-10T12:47:56.000Z,Closed,7,3.65,false,Phone,Low
AM-SR-001865,AM-CL-0022,E-0273,Data Feed Issue,2026-04-12T07:10:48.000Z,2026-04-12T09:11:42.000Z,Closed,2,0.85,false,Email,Medium
AM-SR-001866,AM-CL-0022,E-0273,Cash Movement,2026-08-23T07:49:01.000Z,2026-08-23T17:37:08.000Z,Closed,1,0.43,false,Email,Low
AM-SR-001867,AM-CL-0018,E-0266,Reconciliation,2025-10-03T14:34:22.000Z,2025-10-13T15:49:37.000Z,Closed,3,10.6,true,Portal,Medium
AM-SR-001868,AM-CL-0004,E-0272,Performance Report,2026-07-14T07:48:07.000Z,2026-07-18T19:36:56.000Z,Closed,5,4.71,false,Email,Medium
AM-SR-001869,AM-CL-0100,E-0284,Reconciliation,2025-08-03T09:07:46.000Z,2025-08-11T13:23:05.000Z,Closed,3,8.69,true,Email,Medium
AM-SR-001870,AM-CL-0049,E-0289,Cash Movement,2025-07-22T14:24:25.000Z,2025-07-22T14:02:05.000Z,Closed,1,0.66,false,Portal,High
AM-SR-001871,AM-CL-0054,E-0290,Fee Invoice Question,2025-01-05T09:04:11.000Z,2025-01-09T16:02:22.000Z,Closed,5,4.71,false,Email,Low
AM-SR-001872,AM-CL-0125,E-0286,Onboarding Document,2026-06-06T10:16:30.000Z,2026-06-08T11:14:48.000Z,Closed,7,2.47,false,Phone,Medium
AM-SR-001873,AM-CL-0036,E-0267,Fee Invoice Question,2025-04-25T10:57:24.000Z,2025-04-27T18:01:33.000Z,Closed,5,2.95,false,Portal,Low
AM-SR-001874,AM-CL-0076,E-0282,Fee Invoice Question,2026-05-03T09:44:18.000Z,2026-05-06T15:57:17.000Z,Closed,5,3.56,false,Portal,Low
AM-SR-001875,AM-CL-0068,E-0283,Performance Report,2025-02-24T07:33:01.000Z,2025-02-26T16:10:32.000Z,Closed,5,2.21,false,Portal,Low
AM-SR-001876,AM-CL-0109,E-0288,Reconciliation,2024-10-22T13:51:27.000Z,2024-11-01T09:27:58.000Z,Closed,3,10.38,true,Portal,Low
AM-SR-001877,AM-CL-0125,E-0286,Compliance Attestation,2024-09-25T18:51:17.000Z,2024-09-30T10:50:35.000Z,Closed,10,5.72,false,Portal,Medium
AM-SR-001878,AM-CL-0014,E-0288,Data Feed Issue,2025-11-09T19:58:08.000Z,2025-11-09T18:36:18.000Z,Closed,2,0.66,false,Portal,Medium
AM-SR-001879,AM-CL-0094,E-0271,Fee Invoice Question,2026-02-14T09:34:29.000Z,2026-02-20T08:26:58.000Z,Closed,5,6.16,true,Email,Low
AM-SR-001880,AM-CL-0077,E-0282,Performance Report,2025-04-19T18:17:03.000Z,2025-04-23T10:14:44.000Z,Closed,5,4.41,false,Email,Medium
AM-SR-001881,AM-CL-0081,E-0267,Compliance Attestation,2025-08-03T11:17:51.000Z,2025-08-08T19:40:46.000Z,Closed,10,5.44,false,Email,Medium
AM-SR-001882,AM-CL-0055,E-0268,Performance Report,2025-08-20T12:49:27.000Z,2025-08-24T14:43:59.000Z,Closed,5,4.25,false,Email,Medium
AM-SR-001883,AM-CL-0027,E-0271,Cash Movement,2025-07-10T13:21:40.000Z,2025-07-10T11:31:18.000Z,Closed,1,0.95,false,Portal,Medium
AM-SR-001884,AM-CL-0053,E-0271,Cash Movement,2024-09-05T14:21:41.000Z,2024-09-05T18:44:11.000Z,Closed,1,0.68,false,Email,Medium
AM-SR-001885,AM-CL-0033,E-0266,Performance Report,2025-06-17T11:31:30.000Z,2025-06-19T18:39:39.000Z,Closed,5,2.74,false,Portal,Low
AM-SR-001886,AM-CL-0027,E-0271,Onboarding Document,2025-04-02T10:49:28.000Z,2025-04-03T15:55:29.000Z,Closed,7,1.93,false,Portal,Medium
AM-SR-001887,AM-CL-0125,E-0286,Cash Movement,2026-06-20T11:29:57.000Z,2026-06-21T13:49:55.000Z,Closed,1,1.45,true,Email,Low
AM-SR-001888,AM-CL-0055,E-0268,Performance Report,2025-12-20T19:40:44.000Z,2025-12-28T07:14:06.000Z,Closed,5,8.24,true,Email,Low
AM-SR-001889,AM-CL-0079,E-0270,Performance Report,2025-09-06T15:55:51.000Z,2025-09-09T16:30:25.000Z,Closed,5,3.13,false,Email,Medium
AM-SR-001890,AM-CL-0017,E-0281,Fee Invoice Question,2025-11-22T19:36:05.000Z,2025-11-25T15:28:43.000Z,Closed,5,3.69,false,Email,Low
AM-SR-001891,AM-CL-0078,E-0278,Cash Movement,2024-09-25T19:56:20.000Z,2024-09-25T10:16:17.000Z,Closed,1,0.3,false,Portal,Medium
AM-SR-001892,AM-CL-0132,E-0273,Cash Movement,2025-06-06T09:24:10.000Z,2025-06-06T15:39:55.000Z,Closed,1,0.29,false,Phone,High
AM-SR-001893,AM-CL-0063,E-0284,Data Feed Issue,2024-09-06T10:05:48.000Z,2024-09-07T10:32:57.000Z,Closed,2,1.1,false,Portal,Low
AM-SR-001894,AM-CL-0125,E-0286,Compliance Attestation,2026-03-31T18:39:36.000Z,2026-04-11T16:06:34.000Z,Closed,10,11.21,true,Portal,Low
AM-SR-001895,AM-CL-0017,E-0281,Performance Report,2025-06-19T14:00:27.000Z,2025-06-22T08:04:18.000Z,Closed,5,3.41,false,Email,Medium
AM-SR-001896,AM-CL-0013,E-0277,Onboarding Document,2026-06-21T07:39:35.000Z,2026-06-23T16:20:30.000Z,Closed,7,2.32,false,Email,Low
AM-SR-001897,AM-CL-0089,E-0280,Performance Report,2025-06-02T09:21:04.000Z,2025-06-08T12:07:41.000Z,Closed,5,6.45,true,Email,Medium
AM-SR-001898,AM-CL-0131,E-0285,Performance Report,2025-11-05T11:46:36.000Z,2025-11-11T12:14:43.000Z,Closed,5,6.13,true,Email,Medium
AM-SR-001899,AM-CL-0115,E-0274,Fee Invoice Question,2025-08-23T10:14:22.000Z,2025-08-27T12:45:53.000Z,Closed,5,4.41,false,Portal,Medium
AM-SR-001900,AM-CL-0060,E-0284,Performance Report,2025-08-18T18:34:01.000Z,2025-08-21T13:22:12.000Z,Closed,5,3.67,false,Phone,Low
AM-SR-001901,AM-CL-0101,E-0289,Performance Report,2026-01-22T07:33:53.000Z,2026-01-24T12:55:41.000Z,Closed,5,2.18,false,Portal,Low
AM-SR-001902,AM-CL-0094,E-0271,Performance Report,2026-03-18T13:00:30.000Z,2026-03-27T14:21:48.000Z,Closed,5,9.41,true,Portal,Medium
AM-SR-001903,AM-CL-0038,E-0288,Performance Report,2025-08-16T10:43:13.000Z,2025-08-19T14:49:53.000Z,Closed,5,3.77,false,Portal,High
AM-SR-001904,AM-CL-0044,E-0282,Compliance Attestation,2025-05-29T17:43:10.000Z,2025-06-03T13:05:06.000Z,Closed,10,5.4,false,Phone,Low
AM-SR-001905,AM-CL-0075,E-0270,Performance Report,2025-06-06T12:24:08.000Z,2025-06-09T08:12:30.000Z,Closed,5,3.85,false,Email,High
AM-SR-001906,AM-CL-0072,E-0286,Performance Report,2024-11-17T10:25:19.000Z,2024-11-21T16:16:04.000Z,Closed,5,4.75,false,Email,Medium
AM-SR-001907,AM-CL-0126,E-0270,Reconciliation,2026-07-18T11:02:20.000Z,2026-07-19T17:57:39.000Z,Closed,3,1.11,false,Email,Low
AM-SR-001908,AM-CL-0131,E-0285,Reconciliation,2025-02-18T15:07:17.000Z,2025-02-21T18:16:51.000Z,Closed,3,3.12,true,Phone,Low
AM-SR-001909,AM-CL-0081,E-0267,Compliance Attestation,2026-07-18T18:01:57.000Z,2026-08-08T08:35:02.000Z,Closed,10,21.02,true,Phone,Medium
AM-SR-001910,AM-CL-0061,E-0290,Cash Movement,2026-05-29T10:47:53.000Z,2026-05-29T19:10:40.000Z,Closed,1,0.67,false,Portal,Low
AM-SR-001911,AM-CL-0073,E-0269,Compliance Attestation,2025-05-15T11:19:49.000Z,2025-05-20T11:29:04.000Z,Closed,10,5.19,false,Email,Low
AM-SR-001912,AM-CL-0102,E-0277,Cash Movement,2025-02-09T07:52:51.000Z,2025-02-09T12:32:24.000Z,Closed,1,0.35,false,Portal,Medium
AM-SR-001913,AM-CL-0053,E-0271,Onboarding Document,2025-12-03T11:17:23.000Z,2025-12-08T07:26:30.000Z,Closed,7,5.12,false,Portal,Medium
AM-SR-001914,AM-CL-0136,E-0287,Performance Report,2025-02-07T07:39:38.000Z,2025-02-12T16:27:13.000Z,Closed,5,5.37,true,Email,Medium
AM-SR-001915,AM-CL-0090,E-0267,Compliance Attestation,2025-04-29T15:20:49.000Z,2025-05-01T15:32:49.000Z,Closed,10,2.69,false,Phone,Low
AM-SR-001916,AM-CL-0071,E-0279,Cash Movement,2026-07-19T12:42:30.000Z,2026-07-20T15:06:39.000Z,Closed,1,1.76,true,Email,Medium
AM-SR-001917,AM-CL-0119,E-0285,Performance Report,2025-11-21T17:59:40.000Z,2025-11-24T12:52:28.000Z,Closed,5,3.66,false,Email,Medium
AM-SR-001918,AM-CL-0055,E-0268,Performance Report,2025-06-29T08:11:24.000Z,2025-06-30T15:08:24.000Z,Closed,5,1.75,false,Portal,High
AM-SR-001919,AM-CL-0001,E-0279,Performance Report,2026-02-03T12:52:53.000Z,2026-02-09T17:14:09.000Z,Closed,5,6.54,true,Email,Low
AM-SR-001920,AM-CL-0100,E-0284,Onboarding Document,2024-09-15T18:45:45.000Z,2024-09-19T10:30:56.000Z,Closed,7,4.22,false,Email,Medium
AM-SR-001921,AM-CL-0012,E-0289,Performance Report,2024-09-30T11:10:45.000Z,2024-10-03T14:48:00.000Z,Closed,5,3.29,false,Portal,Medium
AM-SR-001922,AM-CL-0116,E-0272,Onboarding Document,2024-12-02T13:03:26.000Z,2024-12-11T18:31:33.000Z,Closed,7,9.96,true,Portal,Low
AM-SR-001923,AM-CL-0009,E-0279,Cash Movement,2025-02-10T13:57:13.000Z,2025-02-11T08:21:42.000Z,Closed,1,1.19,true,Portal,Medium
AM-SR-001924,AM-CL-0020,E-0266,Compliance Attestation,2025-03-12T14:10:49.000Z,2025-03-18T13:46:26.000Z,Closed,10,6.17,false,Email,Medium
AM-SR-001925,AM-CL-0112,E-0289,Data Feed Issue,2025-06-28T08:15:44.000Z,2025-06-28T07:39:27.000Z,Closed,2,0.8,false,Email,High
AM-SR-001926,AM-CL-0035,E-0267,Fee Invoice Question,2025-10-05T15:26:27.000Z,2025-10-11T15:43:57.000Z,Closed,5,6.66,true,Email,Medium
AM-SR-001927,AM-CL-0050,E-0276,Fee Invoice Question,2025-07-03T15:40:55.000Z,2025-07-06T18:12:26.000Z,Closed,5,3.0,false,Portal,Medium
AM-SR-001928,AM-CL-0076,E-0282,Cash Movement,2026-07-12T17:07:12.000Z,2026-07-13T17:00:07.000Z,Closed,1,1.44,true,Portal,Low
AM-SR-001929,AM-CL-0111,E-0270,Performance Report,2025-08-27T10:20:00.000Z,2025-09-02T18:38:50.000Z,Closed,5,6.97,true,Email,Medium
AM-SR-001930,AM-CL-0070,E-0282,Compliance Attestation,2026-02-22T10:17:32.000Z,2026-03-01T15:21:16.000Z,Closed,10,7.33,false,Portal,Medium
AM-SR-001931,AM-CL-0044,E-0282,Reconciliation,2025-06-01T08:39:56.000Z,2025-06-03T09:18:40.000Z,Closed,3,2.49,false,Phone,Low
AM-SR-001932,AM-CL-0088,E-0271,Performance Report,2024-10-08T18:10:42.000Z,2024-10-18T10:21:46.000Z,Closed,5,10.0,true,Phone,Medium
AM-SR-001933,AM-CL-0138,E-0271,Reconciliation,2024-11-01T14:28:58.000Z,2024-11-02T18:29:58.000Z,Closed,3,1.41,false,Portal,High
AM-SR-001934,AM-CL-0029,E-0266,Compliance Attestation,2025-07-14T18:39:37.000Z,2025-08-02T19:21:11.000Z,Closed,10,19.06,true,Email,Medium
AM-SR-001935,AM-CL-0018,E-0266,Performance Report,2024-11-06T11:38:32.000Z,2024-11-06T13:09:10.000Z,Closed,5,0.76,false,Email,Medium
AM-SR-001936,AM-CL-0068,E-0283,Cash Movement,2025-07-24T11:21:41.000Z,2025-07-24T08:06:24.000Z,Closed,1,0.25,false,Email,Medium
AM-SR-001937,AM-CL-0101,E-0289,Compliance Attestation,2026-03-21T16:56:29.000Z,2026-03-24T07:10:02.000Z,Closed,10,3.13,false,Portal,High
AM-SR-001938,AM-CL-0104,E-0279,Data Feed Issue,2025-09-10T07:20:47.000Z,2025-09-10T18:04:59.000Z,Closed,2,0.73,false,Portal,Medium
AM-SR-001939,AM-CL-0014,E-0288,Cash Movement,2025-03-18T14:57:57.000Z,2025-03-18T19:52:00.000Z,Closed,1,0.35,false,Email,Medium
AM-SR-001940,AM-CL-0015,E-0287,Cash Movement,2025-08-30T19:53:18.000Z,2025-08-30T16:06:00.000Z,Closed,1,0.32,false,Email,Medium
AM-SR-001941,AM-CL-0129,E-0273,Performance Report,2026-02-16T12:19:03.000Z,2026-02-23T07:03:52.000Z,Closed,5,7.7,true,Email,High
AM-SR-001942,AM-CL-0023,E-0285,Reconciliation,2026-02-23T16:34:35.000Z,2026-02-25T14:12:53.000Z,Closed,3,2.78,false,Email,Medium
AM-SR-001943,AM-CL-0011,E-0271,Performance Report,2024-12-19T18:29:13.000Z,2024-12-23T18:11:41.000Z,Closed,5,4.82,false,Portal,Medium
AM-SR-001944,AM-CL-0083,E-0287,Cash Movement,2025-02-14T18:24:06.000Z,2025-02-18T09:28:49.000Z,Closed,1,4.62,true,Email,High
AM-SR-001945,AM-CL-0126,E-0270,Cash Movement,2026-08-13T14:32:44.000Z,2026-08-15T09:37:45.000Z,Closed,1,2.01,true,Phone,High
AM-SR-001946,AM-CL-0035,E-0267,Fee Invoice Question,2026-01-26T08:51:00.000Z,2026-01-28T15:54:23.000Z,Closed,5,2.95,false,Email,Medium
AM-SR-001947,AM-CL-0138,E-0271,Cash Movement,2024-10-01T18:00:24.000Z,2024-10-02T13:13:53.000Z,Closed,1,1.36,true,Portal,High
AM-SR-001948,AM-CL-0043,E-0267,Reconciliation,2026-05-23T18:46:16.000Z,2026-05-23T19:50:15.000Z,Closed,3,0.74,false,Email,Medium
AM-SR-001949,AM-CL-0105,E-0284,Performance Report,2026-03-18T10:25:42.000Z,2026-03-25T12:06:24.000Z,Closed,5,7.43,true,Email,Low
AM-SR-001950,AM-CL-0012,E-0289,Compliance Attestation,2025-08-01T12:02:27.000Z,2025-08-12T17:10:35.000Z,Closed,10,11.6,true,Email,Low
AM-SR-001951,AM-CL-0086,E-0268,Reconciliation,2025-03-11T14:39:56.000Z,2025-03-12T11:39:18.000Z,Closed,3,1.86,false,Email,Low
AM-SR-001952,AM-CL-0120,E-0279,Compliance Attestation,2025-11-13T18:05:24.000Z,2025-11-15T07:36:31.000Z,Closed,10,2.96,false,Email,Medium
AM-SR-001953,AM-CL-0095,E-0280,Cash Movement,2024-11-12T14:17:16.000Z,2024-11-13T18:16:33.000Z,Closed,1,1.68,true,Email,Low
AM-SR-001954,AM-CL-0123,E-0272,Reconciliation,2025-01-21T12:34:46.000Z,2025-01-24T18:14:04.000Z,Closed,3,3.03,true,Email,High
AM-SR-001955,AM-CL-0046,E-0270,Onboarding Document,2025-11-27T08:33:15.000Z,2025-12-09T08:52:39.000Z,Closed,7,12.11,true,Email,Low
AM-SR-001956,AM-CL-0023,E-0285,Performance Report,2025-09-07T17:02:22.000Z,2025-09-09T18:22:04.000Z,Closed,5,2.86,false,Email,Medium
AM-SR-001957,AM-CL-0098,E-0268,Reconciliation,2026-08-21T11:22:58.000Z,2026-08-23T08:22:50.000Z,Closed,3,2.95,false,Phone,Medium
AM-SR-001958,AM-CL-0094,E-0271,Cash Movement,2025-05-27T07:45:48.000Z,2025-05-27T16:02:30.000Z,Closed,1,0.62,false,Email,Medium
AM-SR-001959,AM-CL-0118,E-0274,Fee Invoice Question,2026-06-10T19:30:43.000Z,2026-06-14T16:24:35.000Z,Closed,5,4.39,false,Email,Low
AM-SR-001960,AM-CL-0082,E-0275,Fee Invoice Question,2025-01-02T11:53:26.000Z,2025-01-04T19:11:28.000Z,Closed,5,2.03,false,Phone,Low
AM-SR-001961,AM-CL-0065,E-0286,Data Feed Issue,2026-07-13T16:39:44.000Z,2026-07-14T17:53:38.000Z,Closed,2,1.93,false,Email,Low
AM-SR-001962,AM-CL-0117,E-0289,Performance Report,2026-03-23T08:39:48.000Z,2026-03-27T13:27:44.000Z,Closed,5,4.39,false,Email,Medium
AM-SR-001963,AM-CL-0108,E-0272,Reconciliation,2025-01-24T17:52:08.000Z,2025-01-26T09:01:29.000Z,Closed,3,2.52,false,Portal,Medium
AM-SR-001964,AM-CL-0090,E-0267,Performance Report,2026-08-04T18:08:00.000Z,2026-08-07T17:25:51.000Z,Closed,5,3.67,false,Email,High
AM-SR-001965,AM-CL-0071,E-0279,Performance Report,2026-03-22T18:34:36.000Z,2026-04-03T17:53:23.000Z,Closed,5,12.14,true,Email,Medium
AM-SR-001966,AM-CL-0044,E-0282,Performance Report,2026-03-10T10:40:21.000Z,2026-03-12T19:10:45.000Z,Closed,5,2.78,false,Email,Low
AM-SR-001967,AM-CL-0066,E-0278,Performance Report,2025-07-18T13:59:26.000Z,2025-07-22T12:36:09.000Z,Closed,5,4.91,false,Email,Low
AM-SR-001968,AM-CL-0004,E-0272,Onboarding Document,2026-04-07T16:13:41.000Z,2026-04-08T09:19:27.000Z,Closed,7,1.95,false,Portal,Medium
AM-SR-001969,AM-CL-0004,E-0272,Compliance Attestation,2025-01-17T14:10:32.000Z,2025-01-25T14:39:14.000Z,Closed,10,8.35,false,Portal,Low
AM-SR-001970,AM-CL-0033,E-0266,Onboarding Document,2025-09-17T17:02:17.000Z,2025-09-24T15:13:37.000Z,Closed,7,7.16,true,Phone,Medium
AM-SR-001971,AM-CL-0045,E-0269,Reconciliation,2025-11-25T07:55:46.000Z,2025-12-01T19:03:28.000Z,Closed,3,6.7,true,Email,Low
AM-SR-001972,AM-CL-0080,E-0275,Cash Movement,2025-09-02T15:31:12.000Z,2025-09-02T14:29:33.000Z,Closed,1,0.49,false,Email,Medium
AM-SR-001973,AM-CL-0085,E-0267,Performance Report,2025-12-13T14:18:23.000Z,2025-12-19T11:32:46.000Z,Closed,5,6.91,true,Email,Medium
AM-SR-001974,AM-CL-0084,E-0287,Data Feed Issue,2025-07-12T16:25:12.000Z,2025-07-13T16:57:50.000Z,Closed,2,1.13,false,Portal,Medium
AM-SR-001975,AM-CL-0088,E-0271,Reconciliation,2025-06-27T07:36:26.000Z,2025-06-29T12:55:31.000Z,Closed,3,2.83,false,Email,Low
AM-SR-001976,AM-CL-0035,E-0267,Compliance Attestation,2024-11-26T18:44:56.000Z,2024-12-01T09:23:59.000Z,Closed,10,5.74,false,Portal,Low
AM-SR-001977,AM-CL-0107,E-0281,Performance Report,2026-01-08T12:22:50.000Z,2026-01-14T08:26:10.000Z,Closed,5,6.73,true,Email,Low
AM-SR-001978,AM-CL-0065,E-0286,Performance Report,2024-12-24T17:53:59.000Z,2024-12-27T13:14:03.000Z,Closed,5,3.28,false,Email,High
AM-SR-001979,AM-CL-0051,E-0272,Performance Report,2026-01-25T18:28:21.000Z,2026-01-29T19:14:24.000Z,Closed,5,4.36,false,Portal,Medium
AM-SR-001980,AM-CL-0023,E-0285,Performance Report,2024-10-02T11:19:12.000Z,2024-10-03T17:17:10.000Z,Closed,5,1.9,false,Portal,Low
AM-SR-001981,AM-CL-0032,E-0279,Cash Movement,2025-02-04T08:26:21.000Z,2025-02-05T07:30:26.000Z,Closed,1,1.21,true,Email,Low
AM-SR-001982,AM-CL-0065,E-0286,Reconciliation,2024-10-07T11:00:50.000Z,2024-10-12T12:40:56.000Z,Closed,3,5.75,true,Portal,Low
AM-SR-001983,AM-CL-0008,E-0279,Compliance Attestation,2024-09-18T08:37:19.000Z,2024-09-23T10:05:23.000Z,Closed,10,5.12,false,Portal,Low
AM-SR-001984,AM-CL-0117,E-0289,Performance Report,2026-08-30T17:04:46.000Z,,In Progress,5,,false,Phone,Medium
AM-SR-001985,AM-CL-0073,E-0269,Onboarding Document,2026-05-08T08:18:27.000Z,2026-05-10T11:42:52.000Z,Closed,7,2.95,false,Portal,Low
AM-SR-001986,AM-CL-0031,E-0276,Performance Report,2025-08-19T17:29:24.000Z,2025-08-26T13:30:58.000Z,Closed,5,7.14,true,Email,Low
AM-SR-001987,AM-CL-0106,E-0272,Reconciliation,2026-07-22T07:51:03.000Z,2026-07-24T15:07:24.000Z,Closed,3,2.33,false,Email,Low
AM-SR-001988,AM-CL-0063,E-0284,Reconciliation,2025-09-11T12:46:59.000Z,2025-09-12T13:04:08.000Z,Closed,3,1.88,false,Email,High
AM-SR-001989,AM-CL-0093,E-0275,Performance Report,2024-10-27T08:32:46.000Z,2024-10-29T10:35:37.000Z,Closed,5,2.22,false,Portal,Medium
AM-SR-001990,AM-CL-0136,E-0287,Reconciliation,2026-06-15T12:25:39.000Z,2026-06-16T11:29:25.000Z,Closed,3,1.28,false,Portal,Low
AM-SR-001991,AM-CL-0031,E-0276,Reconciliation,2026-06-08T16:40:36.000Z,2026-06-12T08:46:13.000Z,Closed,3,4.32,true,Phone,High
AM-SR-001992,AM-CL-0048,E-0284,Compliance Attestation,2024-12-10T09:08:46.000Z,2024-12-13T18:21:12.000Z,Closed,10,3.88,false,Email,Low
AM-SR-001993,AM-CL-0006,E-0284,Cash Movement,2025-11-17T11:13:25.000Z,2025-11-17T10:04:06.000Z,Closed,1,0.63,false,Portal,Medium
AM-SR-001994,AM-CL-0129,E-0273,Reconciliation,2026-04-21T16:36:17.000Z,2026-04-24T16:38:57.000Z,Closed,3,3.08,true,Portal,Low
AM-SR-001995,AM-CL-0011,E-0271,Fee Invoice Question,2024-12-03T11:32:38.000Z,2024-12-05T15:09:39.000Z,Closed,5,2.49,false,Email,Low
AM-SR-001996,AM-CL-0137,E-0284,Fee Invoice Question,2024-10-29T10:53:21.000Z,2024-10-31T17:12:19.000Z,Closed,5,2.24,false,Email,Medium
AM-SR-001997,AM-CL-0046,E-0270,Reconciliation,2025-06-26T16:24:33.000Z,2025-06-27T13:23:36.000Z,Closed,3,1.16,false,Portal,Low
AM-SR-001998,AM-CL-0082,E-0275,Compliance Attestation,2026-04-16T13:14:12.000Z,2026-04-21T19:40:45.000Z,Closed,10,5.1,false,Portal,Medium
AM-SR-001999,AM-CL-0043,E-0267,Performance Report,2025-12-13T19:53:43.000Z,2025-12-23T19:49:28.000Z,Closed,5,10.63,true,Portal,Low
AM-SR-002000,AM-CL-0058,E-0280,Cash Movement,2025-01-23T16:20:53.000Z,2025-01-24T11:06:01.000Z,Closed,1,1.41,true,Email,Low
AM-SR-002001,AM-CL-0039,E-0275,Reconciliation,2026-01-22T13:09:33.000Z,2026-01-24T07:44:03.000Z,Closed,3,2.93,false,Portal,Medium
AM-SR-002002,AM-CL-0139,E-0266,Compliance Attestation,2024-09-22T19:21:35.000Z,2024-10-03T17:32:09.000Z,Closed,10,11.11,true,Email,Low
AM-SR-002003,AM-CL-0073,E-0269,Fee Invoice Question,2026-07-18T14:11:05.000Z,2026-07-23T10:58:41.000Z,Closed,5,5.54,true,Portal,High
AM-SR-002004,AM-CL-0084,E-0287,Fee Invoice Question,2025-01-15T10:52:16.000Z,2025-01-17T13:56:41.000Z,Closed,5,2.3,false,Portal,Low
AM-SR-002005,AM-CL-0005,E-0277,Data Feed Issue,2025-03-27T11:01:04.000Z,2025-03-29T10:16:36.000Z,Closed,2,2.44,true,Email,Medium
AM-SR-002006,AM-CL-0127,E-0266,Fee Invoice Question,2026-08-05T16:16:55.000Z,2026-08-07T09:50:31.000Z,Closed,5,2.89,false,Email,Medium
AM-SR-002007,AM-CL-0101,E-0289,Cash Movement,2026-08-30T13:08:47.000Z,2026-08-31T13:52:40.000Z,Closed,1,1.45,true,Phone,Low
AM-SR-002008,AM-CL-0076,E-0282,Compliance Attestation,2026-08-09T18:52:34.000Z,2026-08-20T18:35:03.000Z,Closed,10,11.6,true,Email,Medium
AM-SR-002009,AM-CL-0128,E-0286,Cash Movement,2024-11-02T09:49:39.000Z,2024-11-03T11:19:51.000Z,Closed,1,1.95,true,Portal,Medium
AM-SR-002010,AM-CL-0020,E-0266,Fee Invoice Question,2025-02-08T08:23:25.000Z,2025-02-12T15:09:52.000Z,Closed,5,4.24,false,Portal,Low
AM-SR-002011,AM-CL-0125,E-0286,Onboarding Document,2025-03-11T13:30:44.000Z,2025-03-22T11:05:52.000Z,Closed,7,11.38,true,Email,Medium
AM-SR-002012,AM-CL-0135,E-0287,Performance Report,2026-02-22T10:03:28.000Z,2026-03-14T19:47:30.000Z,Closed,5,20.63,true,Email,Low
AM-SR-002013,AM-CL-0100,E-0284,Performance Report,2025-08-26T19:44:47.000Z,2025-08-29T10:21:38.000Z,Closed,5,3.54,false,Email,Medium
AM-SR-002014,AM-CL-0078,E-0278,Cash Movement,2025-03-10T16:28:47.000Z,2025-03-12T15:18:15.000Z,Closed,1,2.05,true,Portal,High
AM-SR-002015,AM-CL-0024,E-0282,Compliance Attestation,2026-02-05T10:51:50.000Z,2026-02-17T12:49:20.000Z,Closed,10,12.92,true,Email,Low
AM-SR-002016,AM-CL-0077,E-0282,Reconciliation,2025-08-29T15:06:42.000Z,2025-08-31T16:40:04.000Z,Closed,3,2.58,false,Portal,Medium
AM-SR-002017,AM-CL-0052,E-0285,Performance Report,2026-04-23T08:12:57.000Z,2026-04-25T09:37:54.000Z,Closed,5,2.12,false,Email,Medium
AM-SR-002018,AM-CL-0113,E-0270,Onboarding Document,2025-05-29T09:53:04.000Z,2025-05-30T15:16:20.000Z,Closed,7,1.84,false,Email,Medium
AM-SR-002019,AM-CL-0014,E-0288,Performance Report,2025-01-26T10:04:34.000Z,2025-02-03T17:09:07.000Z,Closed,5,8.41,true,Email,Medium
AM-SR-002020,AM-CL-0055,E-0268,Onboarding Document,2025-10-20T08:08:16.000Z,2025-10-25T07:51:48.000Z,Closed,7,5.43,false,Email,Low
AM-SR-002021,AM-CL-0005,E-0277,Fee Invoice Question,2025-02-01T18:38:08.000Z,2025-02-04T09:00:43.000Z,Closed,5,3.61,false,Email,Medium
AM-SR-002022,AM-CL-0023,E-0285,Reconciliation,2025-04-20T08:59:00.000Z,2025-04-22T10:31:16.000Z,Closed,3,2.49,false,Email,Medium
AM-SR-002023,AM-CL-0118,E-0274,Reconciliation,2025-01-17T08:28:51.000Z,2025-01-19T12:01:16.000Z,Closed,3,2.44,false,Phone,Medium
AM-SR-002024,AM-CL-0079,E-0270,Reconciliation,2025-03-10T14:39:43.000Z,2025-03-12T15:40:24.000Z,Closed,3,2.57,false,Phone,Medium
AM-SR-002025,AM-CL-0124,E-0270,Performance Report,2025-01-20T10:30:44.000Z,2025-01-21T18:28:37.000Z,Closed,5,1.86,false,Portal,Medium
AM-SR-002026,AM-CL-0046,E-0270,Performance Report,2026-01-06T09:07:01.000Z,2026-01-12T09:20:09.000Z,Closed,5,6.74,true,Email,Medium
AM-SR-002027,AM-CL-0115,E-0274,Onboarding Document,2025-11-27T10:00:21.000Z,2025-12-06T11:16:06.000Z,Closed,7,9.21,true,Portal,Low
AM-SR-002028,AM-CL-0114,E-0278,Performance Report,2025-10-09T08:03:57.000Z,2025-10-14T17:36:52.000Z,Closed,5,5.27,true,Portal,Medium
AM-SR-002029,AM-CL-0090,E-0267,Cash Movement,2026-07-19T07:12:03.000Z,2026-07-20T08:50:47.000Z,Closed,1,1.33,true,Phone,Low
AM-SR-002030,AM-CL-0086,E-0268,Reconciliation,2025-07-08T12:17:05.000Z,2025-07-13T18:57:58.000Z,Closed,3,5.21,true,Portal,Low
AM-SR-002031,AM-CL-0102,E-0277,Data Feed Issue,2025-08-18T08:50:43.000Z,2025-08-19T14:20:57.000Z,Closed,2,1.79,false,Email,Medium
AM-SR-002032,AM-CL-0065,E-0286,Performance Report,2026-06-30T13:20:18.000Z,2026-07-10T11:13:15.000Z,Closed,5,10.87,true,Email,Medium
AM-SR-002033,AM-CL-0111,E-0270,Data Feed Issue,2025-07-23T19:40:13.000Z,2025-07-24T19:19:32.000Z,Closed,2,1.06,false,Portal,High
AM-SR-002034,AM-CL-0049,E-0289,Performance Report,2025-10-07T15:37:31.000Z,2025-10-09T19:10:32.000Z,Closed,5,2.16,false,Email,High
AM-SR-002035,AM-CL-0083,E-0287,Performance Report,2026-06-12T10:13:52.000Z,2026-06-13T19:46:27.000Z,Closed,5,1.61,false,Portal,Medium
AM-SR-002036,AM-CL-0135,E-0287,Reconciliation,2025-06-01T14:32:27.000Z,2025-06-03T07:37:50.000Z,Closed,3,2.28,false,Portal,Low
AM-SR-002037,AM-CL-0038,E-0288,Fee Invoice Question,2026-05-12T11:33:02.000Z,2026-05-16T12:01:04.000Z,Closed,5,4.75,false,Email,Low
AM-SR-002038,AM-CL-0136,E-0287,Data Feed Issue,2025-12-04T15:28:02.000Z,2025-12-07T08:36:15.000Z,Closed,2,3.97,true,Email,Low
AM-SR-002039,AM-CL-0002,E-0268,Performance Report,2025-02-17T12:33:16.000Z,2025-02-21T19:07:23.000Z,Closed,5,4.06,false,Email,Low
AM-SR-002040,AM-CL-0100,E-0284,Reconciliation,2026-05-18T07:07:35.000Z,2026-05-19T14:55:36.000Z,Closed,3,1.83,false,Email,Low
AM-SR-002041,AM-CL-0061,E-0290,Compliance Attestation,2025-03-08T16:04:18.000Z,2025-03-16T08:52:15.000Z,Closed,10,8.76,false,Portal,Low
AM-SR-002042,AM-CL-0060,E-0284,Reconciliation,2025-12-20T07:03:35.000Z,2025-12-22T13:55:32.000Z,Closed,3,2.6,false,Email,Medium
AM-SR-002043,AM-CL-0002,E-0268,Performance Report,2025-02-10T15:55:38.000Z,2025-02-14T11:14:23.000Z,Closed,5,4.55,false,Email,Low
AM-SR-002044,AM-CL-0126,E-0270,Fee Invoice Question,2025-11-12T09:30:18.000Z,2025-11-14T18:00:32.000Z,Closed,5,2.62,false,Email,High
AM-SR-002045,AM-CL-0058,E-0280,Data Feed Issue,2026-01-05T16:19:06.000Z,2026-01-07T15:36:55.000Z,Closed,2,2.65,true,Email,Low
AM-SR-002046,AM-CL-0027,E-0271,Cash Movement,2026-03-21T16:13:38.000Z,2026-03-21T15:09:31.000Z,Closed,1,0.45,false,Portal,High
AM-SR-002047,AM-CL-0134,E-0281,Compliance Attestation,2026-08-19T16:59:47.000Z,,Open,10,,true,Portal,High
AM-SR-002048,AM-CL-0052,E-0285,Performance Report,2025-07-17T16:59:55.000Z,2025-07-19T12:51:11.000Z,Closed,5,2.09,false,Email,Low
AM-SR-002049,AM-CL-0036,E-0267,Performance Report,2025-03-26T10:27:14.000Z,2025-03-31T07:58:34.000Z,Closed,5,5.11,true,Email,Low
AM-SR-002050,AM-CL-0127,E-0266,Reconciliation,2024-10-27T14:38:27.000Z,2024-10-28T16:43:13.000Z,Closed,3,1.47,false,Email,Low
AM-SR-002051,AM-CL-0139,E-0266,Fee Invoice Question,2026-01-11T12:34:11.000Z,2026-01-12T15:18:58.000Z,Closed,5,1.58,false,Email,Low
AM-SR-002052,AM-CL-0088,E-0271,Cash Movement,2026-05-03T09:25:44.000Z,2026-05-03T15:40:58.000Z,Closed,1,0.7,false,Email,Low
AM-SR-002053,AM-CL-0102,E-0277,Data Feed Issue,2025-06-05T12:25:40.000Z,2025-06-05T15:25:39.000Z,Closed,2,0.85,false,Email,High
AM-SR-002054,AM-CL-0069,E-0274,Onboarding Document,2025-12-18T11:38:19.000Z,2025-12-22T09:10:46.000Z,Closed,7,4.58,false,Email,Low
AM-SR-002055,AM-CL-0128,E-0286,Data Feed Issue,2026-01-18T09:54:56.000Z,2026-01-20T13:21:08.000Z,Closed,2,2.93,true,Portal,Low
AM-SR-002056,AM-CL-0058,E-0280,Compliance Attestation,2026-04-30T18:00:31.000Z,2026-05-14T17:07:13.000Z,Closed,10,14.54,true,Email,Medium
AM-SR-002057,AM-CL-0004,E-0272,Performance Report,2026-04-27T13:48:42.000Z,2026-04-29T14:53:21.000Z,Closed,5,2.52,false,Email,Medium
AM-SR-002058,AM-CL-0059,E-0273,Compliance Attestation,2025-10-03T15:16:32.000Z,2025-10-06T17:19:10.000Z,Closed,10,3.11,false,Email,Medium
AM-SR-002059,AM-CL-0050,E-0276,Performance Report,2024-10-09T19:52:49.000Z,2024-10-12T16:43:48.000Z,Closed,5,3.86,false,Email,Medium
AM-SR-002060,AM-CL-0118,E-0274,Reconciliation,2024-09-30T08:21:59.000Z,2024-10-02T16:23:52.000Z,Closed,3,2.78,false,Portal,Low
AM-SR-002061,AM-CL-0059,E-0273,Data Feed Issue,2025-09-29T10:15:11.000Z,2025-09-30T07:04:57.000Z,Closed,2,1.54,false,Phone,Low
AM-SR-002062,AM-CL-0085,E-0267,Fee Invoice Question,2026-02-17T09:42:41.000Z,2026-02-18T10:21:41.000Z,Closed,5,1.55,false,Portal,Medium
AM-SR-002063,AM-CL-0032,E-0279,Onboarding Document,2025-01-19T10:55:42.000Z,2025-01-21T19:43:26.000Z,Closed,7,2.27,false,Email,Low
AM-SR-002064,AM-CL-0062,E-0278,Fee Invoice Question,2025-08-29T09:53:04.000Z,2025-09-01T18:09:36.000Z,Closed,5,3.85,false,Portal,Medium
AM-SR-002065,AM-CL-0053,E-0271,Performance Report,2026-01-09T15:28:46.000Z,2026-01-13T08:25:55.000Z,Closed,5,4.86,false,Portal,Low
AM-SR-002066,AM-CL-0062,E-0278,Performance Report,2025-12-30T17:06:04.000Z,2026-01-03T10:18:54.000Z,Closed,5,4.46,false,Portal,High
AM-SR-002067,AM-CL-0127,E-0266,Reconciliation,2024-12-02T16:42:48.000Z,2024-12-07T10:22:24.000Z,Closed,3,5.77,true,Phone,Low
AM-SR-002068,AM-CL-0121,E-0285,Compliance Attestation,2025-07-20T08:22:37.000Z,2025-08-01T08:00:59.000Z,Closed,10,12.73,true,Email,Low
AM-SR-002069,AM-CL-0088,E-0271,Performance Report,2025-07-09T09:37:21.000Z,2025-07-13T07:44:45.000Z,Closed,5,4.88,false,Phone,Medium
AM-SR-002070,AM-CL-0065,E-0286,Fee Invoice Question,2025-07-08T16:24:03.000Z,2025-07-09T12:25:24.000Z,Closed,5,1.09,false,Portal,Low
AM-SR-002071,AM-CL-0132,E-0273,Performance Report,2025-06-05T19:22:48.000Z,2025-06-09T11:30:09.000Z,Closed,5,4.58,false,Email,Medium
AM-SR-002072,AM-CL-0124,E-0270,Cash Movement,2024-10-25T15:47:40.000Z,2024-10-25T16:35:26.000Z,Closed,1,0.66,false,Email,High
AM-SR-002073,AM-CL-0097,E-0289,Reconciliation,2025-10-26T13:10:07.000Z,2025-10-28T07:10:08.000Z,Closed,3,2.68,false,Portal,Medium
AM-SR-002074,AM-CL-0104,E-0279,Performance Report,2024-12-20T15:08:36.000Z,2024-12-25T17:50:27.000Z,Closed,5,5.8,true,Portal,Low
AM-SR-002075,AM-CL-0028,E-0279,Compliance Attestation,2026-04-22T11:10:00.000Z,2026-04-23T15:07:45.000Z,Closed,10,1.94,false,Portal,Low
AM-SR-002076,AM-CL-0105,E-0284,Onboarding Document,2025-09-08T18:10:14.000Z,2025-09-12T07:40:34.000Z,Closed,7,4.31,false,Email,Low
AM-SR-002077,AM-CL-0070,E-0282,Compliance Attestation,2025-10-16T17:42:44.000Z,2025-10-21T12:25:47.000Z,Closed,10,5.14,false,Email,High
AM-SR-002078,AM-CL-0085,E-0267,Performance Report,2024-10-04T12:36:45.000Z,2024-10-06T16:48:24.000Z,Closed,5,2.87,false,Email,Medium
AM-SR-002079,AM-CL-0132,E-0273,Performance Report,2025-05-19T07:31:58.000Z,2025-05-21T17:43:30.000Z,Closed,5,2.84,false,Portal,Low
AM-SR-002080,AM-CL-0007,E-0280,Performance Report,2024-12-10T18:09:44.000Z,2024-12-12T19:34:04.000Z,Closed,5,2.63,false,Email,Medium
AM-SR-002081,AM-CL-0088,E-0271,Data Feed Issue,2025-10-12T19:46:21.000Z,2025-10-20T11:07:23.000Z,Closed,2,8.95,true,Portal,Medium
AM-SR-002082,AM-CL-0084,E-0287,Reconciliation,2025-05-17T07:19:59.000Z,2025-05-18T15:07:15.000Z,Closed,3,1.45,false,Email,Medium
AM-SR-002083,AM-CL-0136,E-0287,Performance Report,2026-06-29T14:24:11.000Z,2026-07-01T11:58:00.000Z,Closed,5,2.74,false,Email,Medium
AM-SR-002084,AM-CL-0010,E-0275,Fee Invoice Question,2025-03-09T08:49:17.000Z,2025-03-10T12:10:53.000Z,Closed,5,1.81,false,Portal,Low
AM-SR-002085,AM-CL-0012,E-0289,Performance Report,2026-07-30T13:40:45.000Z,2026-08-03T10:03:48.000Z,Closed,5,4.68,false,Portal,Medium
AM-SR-002086,AM-CL-0043,E-0267,Performance Report,2025-10-04T11:18:34.000Z,2025-10-08T12:03:51.000Z,Closed,5,4.82,false,Email,Medium
AM-SR-002087,AM-CL-0108,E-0272,Data Feed Issue,2026-02-23T14:09:40.000Z,2026-02-24T19:43:54.000Z,Closed,2,1.53,false,Portal,Medium
AM-SR-002088,AM-CL-0017,E-0281,Compliance Attestation,2025-06-23T08:06:59.000Z,2025-06-27T18:52:58.000Z,Closed,10,4.83,false,Email,Low
AM-SR-002089,AM-CL-0135,E-0287,Reconciliation,2026-08-29T17:30:02.000Z,2026-08-29T09:35:22.000Z,Closed,3,0.77,false,Email,Low
AM-SR-002090,AM-CL-0026,E-0266,Performance Report,2025-09-18T17:21:10.000Z,2025-09-21T12:48:07.000Z,Closed,5,3.06,false,Email,High
AM-SR-002091,AM-CL-0006,E-0284,Fee Invoice Question,2024-09-06T08:58:04.000Z,2024-09-07T07:22:34.000Z,Closed,5,1.57,false,Email,Low
AM-SR-002092,AM-CL-0014,E-0288,Cash Movement,2024-11-20T13:04:49.000Z,2024-11-21T10:47:00.000Z,Closed,1,1.55,true,Email,Medium
AM-SR-002093,AM-CL-0024,E-0282,Compliance Attestation,2026-04-12T08:08:47.000Z,2026-04-30T12:22:48.000Z,Closed,10,18.48,true,Phone,Medium
AM-SR-002094,AM-CL-0036,E-0267,Performance Report,2026-04-10T14:12:14.000Z,2026-04-15T14:13:36.000Z,Closed,5,5.15,true,Portal,Low
AM-SR-002095,AM-CL-0095,E-0280,Performance Report,2025-02-06T09:16:41.000Z,2025-02-17T13:41:38.000Z,Closed,5,11.4,true,Portal,Medium
AM-SR-002096,AM-CL-0087,E-0290,Performance Report,2024-09-06T15:26:35.000Z,2024-09-08T19:45:52.000Z,Closed,5,2.13,false,Portal,Low
AM-SR-002097,AM-CL-0125,E-0286,Onboarding Document,2026-03-25T09:02:46.000Z,2026-03-30T13:41:22.000Z,Closed,7,5.17,false,Phone,High
AM-SR-002098,AM-CL-0032,E-0279,Cash Movement,2026-06-17T07:57:39.000Z,2026-06-18T18:00:52.000Z,Closed,1,1.04,true,Portal,Medium
AM-SR-002099,AM-CL-0056,E-0288,Performance Report,2026-03-02T14:24:08.000Z,2026-03-04T13:15:39.000Z,Closed,5,2.4,false,Phone,High
AM-SR-002100,AM-CL-0066,E-0278,Fee Invoice Question,2025-12-05T08:05:09.000Z,2025-12-07T12:48:46.000Z,Closed,5,2.98,false,Email,Low
AM-SR-002101,AM-CL-0035,E-0267,Cash Movement,2025-01-15T07:53:25.000Z,2025-01-15T17:00:19.000Z,Closed,1,0.47,false,Email,Low
AM-SR-002102,AM-CL-0015,E-0287,Performance Report,2024-11-18T08:19:10.000Z,2024-11-22T08:58:16.000Z,Closed,5,4.48,false,Portal,Medium
AM-SR-002103,AM-CL-0040,E-0268,Reconciliation,2025-09-25T07:56:38.000Z,2025-09-28T15:50:07.000Z,Closed,3,3.24,true,Email,Medium
AM-SR-002104,AM-CL-0067,E-0275,Performance Report,2025-04-12T16:18:40.000Z,2025-04-15T07:00:33.000Z,Closed,5,3.99,false,Email,Medium
AM-SR-002105,AM-CL-0077,E-0282,Performance Report,2025-07-31T10:27:31.000Z,2025-08-05T11:44:08.000Z,Closed,5,5.24,true,Email,High
AM-SR-002106,AM-CL-0029,E-0266,Cash Movement,2026-01-28T12:33:01.000Z,2026-01-29T07:23:24.000Z,Closed,1,1.63,true,Portal,Medium
AM-SR-002107,AM-CL-0106,E-0272,Data Feed Issue,2024-11-28T10:16:22.000Z,2024-11-28T14:17:23.000Z,Closed,2,0.84,false,Email,Low
AM-SR-002108,AM-CL-0057,E-0281,Performance Report,2024-09-10T12:01:30.000Z,2024-09-12T07:35:19.000Z,Closed,5,2.99,false,Portal,Medium
AM-SR-002109,AM-CL-0050,E-0276,Reconciliation,2025-09-28T08:24:14.000Z,2025-09-28T13:41:56.000Z,Closed,3,0.69,false,Portal,Low
AM-SR-002110,AM-CL-0118,E-0274,Reconciliation,2025-09-01T13:58:38.000Z,2025-09-04T07:18:54.000Z,Closed,3,3.13,true,Email,Low
AM-SR-002111,AM-CL-0005,E-0277,Fee Invoice Question,2025-09-29T08:55:20.000Z,2025-10-03T12:02:39.000Z,Closed,5,4.9,false,Portal,Low
AM-SR-002112,AM-CL-0022,E-0273,Performance Report,2025-05-10T11:32:24.000Z,2025-05-12T08:37:51.000Z,Closed,5,2.1,false,Portal,Medium
AM-SR-002113,AM-CL-0019,E-0283,Onboarding Document,2025-10-12T17:34:50.000Z,2025-10-20T18:35:38.000Z,Closed,7,8.52,true,Email,High
AM-SR-002114,AM-CL-0059,E-0273,Performance Report,2024-11-05T16:00:59.000Z,2024-11-08T13:21:05.000Z,Closed,5,3.79,false,Email,Medium
AM-SR-002115,AM-CL-0030,E-0275,Performance Report,2025-11-09T12:40:03.000Z,2025-11-12T17:14:59.000Z,Closed,5,3.43,false,Email,Medium
AM-SR-002116,AM-CL-0131,E-0285,Compliance Attestation,2025-08-09T18:21:38.000Z,2025-08-16T14:39:40.000Z,Closed,10,7.19,false,Email,Medium
AM-SR-002117,AM-CL-0100,E-0284,Reconciliation,2025-05-06T13:48:40.000Z,2025-05-07T10:40:28.000Z,Closed,3,1.36,false,Email,High
AM-SR-002118,AM-CL-0091,E-0285,Performance Report,2026-07-12T18:05:47.000Z,2026-07-14T11:47:00.000Z,Closed,5,2.95,false,Portal,Low
AM-SR-002119,AM-CL-0015,E-0287,Performance Report,2024-09-07T17:37:18.000Z,2024-09-13T16:56:53.000Z,Closed,5,6.35,true,Phone,Medium
AM-SR-002120,AM-CL-0083,E-0287,Performance Report,2026-02-28T11:52:25.000Z,2026-03-02T14:29:53.000Z,Closed,5,2.72,false,Portal,Low
AM-SR-002121,AM-CL-0113,E-0270,Compliance Attestation,2025-08-19T07:47:26.000Z,2025-08-25T07:32:15.000Z,Closed,10,6.43,false,Portal,Medium
AM-SR-002122,AM-CL-0115,E-0274,Reconciliation,2025-03-12T18:49:51.000Z,2025-03-13T14:24:55.000Z,Closed,3,1.86,false,Portal,Low
AM-SR-002123,AM-CL-0125,E-0286,Reconciliation,2026-05-07T16:50:59.000Z,2026-05-08T12:38:30.000Z,Closed,3,1.75,false,Email,High
AM-SR-002124,AM-CL-0086,E-0268,Onboarding Document,2026-01-11T15:26:55.000Z,2026-01-14T07:12:15.000Z,Closed,7,3.67,false,Portal,Medium
AM-SR-002125,AM-CL-0134,E-0281,Fee Invoice Question,2024-09-14T15:42:37.000Z,2024-09-16T15:31:31.000Z,Closed,5,2.82,false,Portal,Low
AM-SR-002126,AM-CL-0138,E-0271,Performance Report,2026-05-16T09:26:21.000Z,2026-05-23T10:32:00.000Z,Closed,5,7.92,true,Email,Medium
AM-SR-002127,AM-CL-0089,E-0280,Performance Report,2025-11-04T12:09:36.000Z,2025-11-08T08:18:36.000Z,Closed,5,4.89,false,Portal,Medium
AM-SR-002128,AM-CL-0013,E-0277,Reconciliation,2025-02-20T14:10:00.000Z,2025-02-21T19:53:46.000Z,Closed,3,1.22,false,Email,Medium
AM-SR-002129,AM-CL-0025,E-0287,Performance Report,2024-12-16T08:24:52.000Z,2024-12-18T13:14:54.000Z,Closed,5,2.31,false,Portal,Medium
AM-SR-002130,AM-CL-0041,E-0279,Reconciliation,2026-01-17T17:42:33.000Z,2026-01-18T16:06:22.000Z,Closed,3,1.2,false,Email,Low
AM-SR-002131,AM-CL-0053,E-0271,Fee Invoice Question,2025-06-06T10:45:22.000Z,2025-06-10T08:57:25.000Z,Closed,5,4.71,false,Portal,Medium
AM-SR-002132,AM-CL-0060,E-0284,Onboarding Document,2026-08-25T18:56:39.000Z,2026-08-31T11:10:03.000Z,Closed,7,6.84,false,Portal,High
AM-SR-002133,AM-CL-0048,E-0284,Reconciliation,2025-05-15T19:30:55.000Z,2025-05-16T07:18:22.000Z,Closed,3,1.14,false,Email,Low
AM-SR-002134,AM-CL-0029,E-0266,Reconciliation,2025-09-21T07:00:29.000Z,2025-09-21T11:52:45.000Z,Closed,3,0.96,false,Portal,Medium
AM-SR-002135,AM-CL-0104,E-0279,Compliance Attestation,2025-01-20T18:39:43.000Z,2025-01-21T18:47:22.000Z,Closed,10,1.62,false,Portal,Low
AM-SR-002136,AM-CL-0121,E-0285,Performance Report,2025-12-12T15:50:23.000Z,2025-12-16T08:48:47.000Z,Closed,5,4.99,false,Email,Low
AM-SR-002137,AM-CL-0128,E-0286,Performance Report,2025-07-30T17:02:39.000Z,2025-08-02T11:41:28.000Z,Closed,5,3.48,false,Phone,High
AM-SR-002138,AM-CL-0054,E-0290,Reconciliation,2025-11-13T10:10:52.000Z,2025-11-13T11:34:19.000Z,Closed,3,0.52,false,Email,High
AM-SR-002139,AM-CL-0068,E-0283,Cash Movement,2024-10-06T13:03:34.000Z,2024-10-07T09:40:29.000Z,Closed,1,1.31,true,Phone,High
AM-SR-002140,AM-CL-0108,E-0272,Fee Invoice Question,2026-07-27T12:20:38.000Z,2026-07-31T12:35:38.000Z,Closed,5,4.79,false,Email,Medium
AM-SR-002141,AM-CL-0137,E-0284,Reconciliation,2026-04-12T11:39:42.000Z,2026-04-18T09:26:38.000Z,Closed,3,6.46,true,Portal,Medium
AM-SR-002142,AM-CL-0016,E-0269,Reconciliation,2025-11-25T09:07:07.000Z,2025-11-27T17:22:17.000Z,Closed,3,2.07,false,Portal,Medium
AM-SR-002143,AM-CL-0066,E-0278,Onboarding Document,2026-05-28T10:15:27.000Z,2026-06-07T15:28:51.000Z,Closed,7,10.07,true,Portal,Medium
AM-SR-002144,AM-CL-0038,E-0288,Performance Report,2025-09-25T10:46:39.000Z,2025-09-28T13:17:08.000Z,Closed,5,3.25,false,Email,Medium
AM-SR-002145,AM-CL-0040,E-0268,Performance Report,2025-03-12T12:59:23.000Z,2025-03-19T13:03:50.000Z,Closed,5,7.39,true,Email,Medium
AM-SR-002146,AM-CL-0084,E-0287,Performance Report,2025-04-22T13:59:31.000Z,2025-04-26T07:43:44.000Z,Closed,5,4.63,false,Email,Low
AM-SR-002147,AM-CL-0069,E-0274,Performance Report,2025-08-03T17:35:51.000Z,2025-08-04T10:31:21.000Z,Closed,5,1.97,false,Portal,Medium
AM-SR-002148,AM-CL-0115,E-0274,Compliance Attestation,2025-10-03T16:35:25.000Z,2025-10-09T10:39:01.000Z,Closed,10,6.12,false,Portal,High
AM-SR-002149,AM-CL-0082,E-0275,Performance Report,2025-12-17T07:33:05.000Z,2025-12-20T08:35:27.000Z,Closed,5,3.16,false,Email,Low
AM-SR-002150,AM-CL-0137,E-0284,Fee Invoice Question,2025-07-07T17:08:22.000Z,2025-07-09T13:07:14.000Z,Closed,5,2.41,false,Email,Medium
AM-SR-002151,AM-CL-0046,E-0270,Fee Invoice Question,2025-05-07T09:14:04.000Z,2025-05-13T10:41:24.000Z,Closed,5,6.86,true,Portal,Medium
AM-SR-002152,AM-CL-0063,E-0284,Performance Report,2025-11-11T08:26:44.000Z,2025-11-17T18:36:26.000Z,Closed,5,6.21,true,Email,High
AM-SR-002153,AM-CL-0104,E-0279,Reconciliation,2025-09-08T13:12:18.000Z,2025-09-09T14:16:12.000Z,Closed,3,1.38,false,Portal,Medium
AM-SR-002154,AM-CL-0008,E-0279,Compliance Attestation,2025-12-29T10:34:40.000Z,2026-01-01T14:03:00.000Z,Closed,10,3.91,false,Email,Low
AM-SR-002155,AM-CL-0053,E-0271,Performance Report,2025-07-09T16:58:39.000Z,2025-07-11T08:34:34.000Z,Closed,5,2.49,false,Portal,Medium
AM-SR-002156,AM-CL-0100,E-0284,Fee Invoice Question,2026-07-03T16:32:25.000Z,2026-07-11T18:24:51.000Z,Closed,5,8.69,true,Portal,Medium
AM-SR-002157,AM-CL-0086,E-0268,Compliance Attestation,2025-04-22T08:12:49.000Z,2025-05-30T13:12:47.000Z,Closed,10,38.42,true,Email,Medium
AM-SR-002158,AM-CL-0106,E-0272,Performance Report,2025-04-19T15:02:15.000Z,2025-04-29T13:40:22.000Z,Closed,5,10.29,true,Email,Low
AM-SR-002159,AM-CL-0105,E-0284,Performance Report,2025-01-04T17:04:45.000Z,2025-01-09T19:04:23.000Z,Closed,5,5.18,true,Email,Medium
AM-SR-002160,AM-CL-0125,E-0286,Cash Movement,2026-06-11T08:08:35.000Z,2026-06-11T07:57:12.000Z,Closed,1,0.55,false,Email,Medium
AM-SR-002161,AM-CL-0066,E-0278,Onboarding Document,2024-12-22T12:21:54.000Z,2024-12-25T18:31:26.000Z,Closed,7,3.89,false,Email,Low
AM-SR-002162,AM-CL-0120,E-0279,Performance Report,2025-04-17T08:48:22.000Z,2025-04-29T08:34:54.000Z,Closed,5,12.7,true,Portal,Medium
AM-SR-002163,AM-CL-0107,E-0281,Performance Report,2026-07-20T16:48:10.000Z,2026-07-24T16:33:25.000Z,Closed,5,4.61,false,Portal,Low
AM-SR-002164,AM-CL-0125,E-0286,Performance Report,2025-11-13T17:25:19.000Z,2025-11-19T09:12:34.000Z,Closed,5,6.13,true,Phone,Medium
AM-SR-002165,AM-CL-0031,E-0276,Reconciliation,2025-09-01T07:21:31.000Z,2025-09-02T17:51:40.000Z,Closed,3,1.98,false,Email,Low
AM-SR-002166,AM-CL-0058,E-0280,Reconciliation,2025-03-15T10:39:44.000Z,2025-03-18T10:13:11.000Z,Closed,3,3.66,true,Email,Low
AM-SR-002167,AM-CL-0038,E-0288,Cash Movement,2025-08-08T10:21:39.000Z,2025-08-08T08:44:48.000Z,Closed,1,0.45,false,Email,Medium
AM-SR-002168,AM-CL-0053,E-0271,Performance Report,2025-07-12T13:42:14.000Z,2025-07-16T17:55:35.000Z,Closed,5,4.92,false,Email,Low
AM-SR-002169,AM-CL-0003,E-0280,Performance Report,2026-05-07T08:43:48.000Z,2026-05-11T11:03:54.000Z,Closed,5,4.33,false,Email,Low
AM-SR-002170,AM-CL-0006,E-0284,Performance Report,2026-05-30T19:43:34.000Z,2026-06-03T14:30:00.000Z,Closed,5,4.8,false,Email,High
AM-SR-002171,AM-CL-0013,E-0277,Reconciliation,2026-06-21T14:03:05.000Z,2026-06-23T13:30:46.000Z,Closed,3,2.58,false,Portal,High
AM-SR-002172,AM-CL-0128,E-0286,Fee Invoice Question,2025-11-21T16:03:58.000Z,2025-11-22T11:54:32.000Z,Closed,5,1.5,false,Email,Low
AM-SR-002173,AM-CL-0053,E-0271,Reconciliation,2025-12-13T19:22:50.000Z,2025-12-23T11:08:18.000Z,Closed,3,10.6,true,Email,Low
AM-SR-002174,AM-CL-0110,E-0286,Performance Report,2026-03-22T09:47:24.000Z,2026-03-26T15:32:35.000Z,Closed,5,4.5,false,Email,Medium
AM-SR-002175,AM-CL-0128,E-0286,Performance Report,2025-01-09T07:09:04.000Z,2025-01-12T07:14:25.000Z,Closed,5,3.14,false,Email,Medium
AM-SR-002176,AM-CL-0088,E-0271,Cash Movement,2026-06-26T18:04:45.000Z,2026-06-26T13:14:41.000Z,Closed,1,0.48,false,Email,Medium
AM-SR-002177,AM-CL-0021,E-0286,Compliance Attestation,2024-12-11T08:06:36.000Z,2024-12-15T19:22:21.000Z,Closed,10,4.78,false,Email,Medium
AM-SR-002178,AM-CL-0091,E-0285,Cash Movement,2026-08-24T08:55:00.000Z,2026-08-24T08:26:38.000Z,Closed,1,0.31,false,Portal,Low
AM-SR-002179,AM-CL-0046,E-0270,Fee Invoice Question,2025-06-10T08:30:36.000Z,2025-06-14T13:28:45.000Z,Closed,5,4.59,false,Phone,Medium
AM-SR-002180,AM-CL-0068,E-0283,Data Feed Issue,2025-07-10T11:59:22.000Z,2025-07-11T13:36:07.000Z,Closed,2,1.62,false,Portal,High
AM-SR-002181,AM-CL-0070,E-0282,Reconciliation,2025-01-08T17:52:55.000Z,2025-01-13T07:03:16.000Z,Closed,3,5.45,true,Portal,Medium
AM-SR-002182,AM-CL-0029,E-0266,Compliance Attestation,2025-01-17T12:08:14.000Z,2025-01-22T13:27:35.000Z,Closed,10,5.32,false,Email,High
AM-SR-002183,AM-CL-0104,E-0279,Compliance Attestation,2024-12-09T17:04:06.000Z,2024-12-18T16:20:22.000Z,Closed,10,9.87,false,Portal,Medium
AM-SR-002184,AM-CL-0122,E-0276,Performance Report,2026-08-23T11:56:08.000Z,2026-08-24T19:52:06.000Z,Closed,5,1.64,false,Portal,Medium
AM-SR-002185,AM-CL-0097,E-0289,Reconciliation,2026-03-18T11:29:35.000Z,2026-03-21T18:58:00.000Z,Closed,3,3.78,true,Portal,Medium
AM-SR-002186,AM-CL-0048,E-0284,Performance Report,2024-09-25T19:45:35.000Z,2024-09-29T09:16:30.000Z,Closed,5,4.77,false,Portal,High
AM-SR-002187,AM-CL-0102,E-0277,Cash Movement,2024-09-26T10:29:41.000Z,2024-09-26T14:01:34.000Z,Closed,1,0.9,false,Email,Medium
AM-SR-002188,AM-CL-0070,E-0282,Fee Invoice Question,2025-12-31T19:33:44.000Z,2026-01-07T09:04:58.000Z,Closed,5,7.88,true,Email,Low
AM-SR-002189,AM-CL-0118,E-0274,Performance Report,2026-03-09T15:35:30.000Z,2026-03-18T10:23:09.000Z,Closed,5,9.22,true,Phone,High
AM-SR-002190,AM-CL-0033,E-0266,Onboarding Document,2024-10-05T09:14:10.000Z,2024-10-10T19:23:21.000Z,Closed,7,5.08,false,Email,Low
AM-SR-002191,AM-CL-0116,E-0272,Fee Invoice Question,2025-06-26T14:21:30.000Z,2025-06-29T11:37:01.000Z,Closed,5,3.62,false,Email,Low
AM-SR-002192,AM-CL-0009,E-0279,Data Feed Issue,2025-08-16T17:18:39.000Z,2025-08-17T09:06:43.000Z,Closed,2,1.23,false,Email,Medium
AM-SR-002193,AM-CL-0061,E-0290,Data Feed Issue,2024-11-24T13:02:20.000Z,2024-11-25T17:56:24.000Z,Closed,2,1.35,false,Email,Low
AM-SR-002194,AM-CL-0138,E-0271,Onboarding Document,2026-02-24T10:53:55.000Z,2026-02-26T12:38:57.000Z,Closed,7,2.94,false,Email,Medium
AM-SR-002195,AM-CL-0126,E-0270,Performance Report,2025-07-18T08:37:00.000Z,2025-07-21T17:00:47.000Z,Closed,5,3.06,false,Email,Medium
AM-SR-002196,AM-CL-0140,E-0272,Performance Report,2024-12-15T19:06:59.000Z,2024-12-17T15:34:48.000Z,Closed,5,2.77,false,Portal,High
AM-SR-002197,AM-CL-0012,E-0289,Performance Report,2025-08-01T18:54:34.000Z,2025-08-06T19:14:19.000Z,Closed,5,5.13,true,Portal,Medium
AM-SR-002198,AM-CL-0122,E-0276,Reconciliation,2026-06-17T16:43:42.000Z,2026-06-21T14:04:42.000Z,Closed,3,4.37,true,Email,Low
AM-SR-002199,AM-CL-0008,E-0279,Fee Invoice Question,2025-03-04T19:24:16.000Z,2025-03-05T14:09:26.000Z,Closed,5,1.62,false,Email,Low
AM-SR-002200,AM-CL-0099,E-0279,Reconciliation,2025-10-13T15:20:31.000Z,2025-10-15T08:30:18.000Z,Closed,3,2.09,false,Portal,Low
AM-SR-002201,AM-CL-0035,E-0267,Reconciliation,2025-03-10T14:06:05.000Z,2025-03-12T12:37:16.000Z,Closed,3,2.07,false,Phone,Low
AM-SR-002202,AM-CL-0009,E-0279,Performance Report,2025-05-02T09:30:12.000Z,2025-05-12T17:24:28.000Z,Closed,5,10.86,true,Email,Low
AM-SR-002203,AM-CL-0001,E-0279,Data Feed Issue,2025-03-08T16:19:59.000Z,2025-03-09T11:34:20.000Z,Closed,2,1.55,false,Portal,Medium
AM-SR-002204,AM-CL-0130,E-0273,Reconciliation,2025-06-05T07:56:24.000Z,2025-06-07T16:53:37.000Z,Closed,3,2.37,false,Portal,Low
AM-SR-002205,AM-CL-0037,E-0282,Reconciliation,2026-04-11T13:08:37.000Z,2026-04-14T09:40:58.000Z,Closed,3,3.53,true,Portal,Low
AM-SR-002206,AM-CL-0083,E-0287,Cash Movement,2024-10-13T14:36:30.000Z,2024-10-14T07:11:58.000Z,Closed,1,1.07,true,Email,High
AM-SR-002207,AM-CL-0084,E-0287,Reconciliation,2025-04-12T10:19:42.000Z,2025-04-13T15:26:00.000Z,Closed,3,1.52,false,Email,Medium
AM-SR-002208,AM-CL-0052,E-0285,Cash Movement,2026-06-09T16:34:00.000Z,2026-06-09T09:18:39.000Z,Closed,1,0.3,false,Portal,Medium
AM-SR-002209,AM-CL-0128,E-0286,Fee Invoice Question,2025-11-11T18:25:48.000Z,2025-11-23T18:37:22.000Z,Closed,5,12.62,true,Email,Low
AM-SR-002210,AM-CL-0047,E-0266,Cash Movement,2026-05-28T15:47:09.000Z,2026-05-28T11:06:54.000Z,Closed,1,0.29,false,Email,Low
AM-SR-002211,AM-CL-0132,E-0273,Onboarding Document,2024-10-20T15:08:08.000Z,2024-10-22T12:23:21.000Z,Closed,7,2.77,false,Portal,High
AM-SR-002212,AM-CL-0066,E-0278,Performance Report,2026-03-29T16:25:38.000Z,2026-04-02T18:32:52.000Z,Closed,5,4.21,false,Portal,High
AM-SR-002213,AM-CL-0018,E-0266,Performance Report,2026-05-18T12:21:52.000Z,2026-05-21T15:49:44.000Z,Closed,5,3.8,false,Email,Medium
AM-SR-002214,AM-CL-0030,E-0275,Reconciliation,2025-08-24T14:41:59.000Z,2025-08-25T18:05:27.000Z,Closed,3,1.58,false,Email,Medium
AM-SR-002215,AM-CL-0002,E-0268,Cash Movement,2025-05-31T17:38:12.000Z,2025-05-31T19:53:36.000Z,Closed,1,0.77,false,Email,Low
AM-SR-002216,AM-CL-0104,E-0279,Performance Report,2024-11-24T10:04:46.000Z,2024-11-29T10:37:24.000Z,Closed,5,5.09,true,Email,Medium
AM-SR-002217,AM-CL-0035,E-0267,Performance Report,2024-10-19T14:26:25.000Z,2024-10-21T17:51:44.000Z,Closed,5,2.15,false,Email,Low
AM-SR-002218,AM-CL-0009,E-0279,Fee Invoice Question,2024-11-11T11:08:21.000Z,2024-11-14T14:55:35.000Z,Closed,5,3.28,false,Portal,Low
AM-SR-002219,AM-CL-0095,E-0280,Reconciliation,2025-10-28T11:50:13.000Z,2025-10-31T15:12:21.000Z,Closed,3,3.41,true,Email,Low
AM-SR-002220,AM-CL-0109,E-0288,Reconciliation,2024-11-05T14:33:02.000Z,2024-11-06T17:48:54.000Z,Closed,3,1.16,false,Portal,Low
AM-SR-002221,AM-CL-0082,E-0275,Fee Invoice Question,2025-09-14T16:39:33.000Z,2025-09-15T13:18:41.000Z,Closed,5,1.03,false,Email,Low
AM-SR-002222,AM-CL-0046,E-0270,Cash Movement,2026-05-24T13:34:28.000Z,2026-05-24T10:43:01.000Z,Closed,1,0.74,false,Email,Medium
AM-SR-002223,AM-CL-0108,E-0272,Reconciliation,2026-02-21T14:55:11.000Z,2026-02-25T14:25:43.000Z,Closed,3,4.57,true,Email,Low
AM-SR-002224,AM-CL-0028,E-0279,Compliance Attestation,2024-09-23T17:36:09.000Z,2024-09-29T16:03:44.000Z,Closed,10,6.34,false,Email,Low
AM-SR-002225,AM-CL-0053,E-0271,Fee Invoice Question,2026-01-25T08:14:50.000Z,2026-01-28T18:47:38.000Z,Closed,5,3.55,false,Email,Medium
AM-SR-002226,AM-CL-0056,E-0288,Cash Movement,2025-08-27T08:38:12.000Z,2025-08-27T07:21:52.000Z,Closed,1,0.86,false,Email,Medium
AM-SR-002227,AM-CL-0056,E-0288,Cash Movement,2025-03-23T14:54:44.000Z,2025-03-24T10:48:45.000Z,Closed,1,1.98,true,Email,Low
AM-SR-002228,AM-CL-0072,E-0286,Data Feed Issue,2026-08-15T17:43:26.000Z,2026-08-16T18:46:50.000Z,Closed,2,1.02,false,Email,Medium
AM-SR-002229,AM-CL-0104,E-0279,Cash Movement,2026-05-02T07:30:39.000Z,2026-05-02T12:58:26.000Z,Closed,1,0.43,false,Portal,High
AM-SR-002230,AM-CL-0093,E-0275,Onboarding Document,2025-07-20T11:36:38.000Z,2025-07-23T11:34:34.000Z,Closed,7,3.23,false,Email,Medium
AM-SR-002231,AM-CL-0095,E-0280,Compliance Attestation,2025-04-18T15:21:57.000Z,2025-04-26T18:32:22.000Z,Closed,10,8.66,false,Portal,Medium
AM-SR-002232,AM-CL-0018,E-0266,Reconciliation,2026-04-10T14:27:46.000Z,2026-04-11T11:42:18.000Z,Closed,3,1.34,false,Portal,Medium
AM-SR-002233,AM-CL-0021,E-0286,Data Feed Issue,2025-07-27T14:14:40.000Z,2025-07-27T11:20:00.000Z,Closed,2,0.81,false,Email,Medium
AM-SR-002234,AM-CL-0075,E-0270,Cash Movement,2025-08-09T19:18:24.000Z,2025-08-10T10:22:21.000Z,Closed,1,1.06,true,Portal,Medium
AM-SR-002235,AM-CL-0093,E-0275,Fee Invoice Question,2026-01-24T07:59:35.000Z,2026-01-25T19:13:49.000Z,Closed,5,1.93,false,Portal,Medium
AM-SR-002236,AM-CL-0138,E-0271,Cash Movement,2026-01-26T09:14:19.000Z,2026-01-26T08:36:58.000Z,Closed,1,0.8,false,Email,Low
AM-SR-002237,AM-CL-0138,E-0271,Fee Invoice Question,2025-03-03T16:02:26.000Z,2025-03-06T17:04:51.000Z,Closed,5,3.96,false,Portal,Low
AM-SR-002238,AM-CL-0076,E-0282,Performance Report,2025-12-31T16:07:41.000Z,2026-01-06T13:13:39.000Z,Closed,5,6.31,true,Phone,Low
AM-SR-002239,AM-CL-0052,E-0285,Compliance Attestation,2025-08-17T12:51:50.000Z,2025-08-22T17:39:27.000Z,Closed,10,5.65,false,Email,High
AM-SR-002240,AM-CL-0128,E-0286,Fee Invoice Question,2026-02-25T19:34:09.000Z,2026-03-08T13:45:24.000Z,Closed,5,11.13,true,Portal,Low
AM-SR-002241,AM-CL-0067,E-0275,Fee Invoice Question,2025-04-21T14:26:40.000Z,2025-04-24T09:16:44.000Z,Closed,5,3.32,false,Email,Low
AM-SR-002242,AM-CL-0102,E-0277,Compliance Attestation,2024-12-31T09:59:03.000Z,2025-01-14T17:49:05.000Z,Closed,10,14.22,true,Email,Medium
AM-SR-002243,AM-CL-0076,E-0282,Fee Invoice Question,2025-02-20T17:38:50.000Z,2025-02-21T11:57:13.000Z,Closed,5,1.68,false,Portal,Low
AM-SR-002244,AM-CL-0103,E-0289,Performance Report,2025-04-14T09:53:53.000Z,2025-04-18T12:57:23.000Z,Closed,5,4.81,false,Portal,Medium
AM-SR-002245,AM-CL-0048,E-0284,Performance Report,2026-07-30T16:44:20.000Z,2026-08-02T10:02:20.000Z,Closed,5,3.53,false,Portal,Low
AM-SR-002246,AM-CL-0113,E-0270,Reconciliation,2025-11-20T18:53:43.000Z,2025-11-22T19:47:15.000Z,Closed,3,2.45,false,Portal,Low
AM-SR-002247,AM-CL-0116,E-0272,Reconciliation,2024-10-07T09:56:08.000Z,2024-10-25T11:34:33.000Z,Closed,3,18.94,true,Phone,Low
AM-SR-002248,AM-CL-0016,E-0269,Cash Movement,2025-03-21T08:52:07.000Z,2025-03-22T19:23:03.000Z,Closed,1,1.73,true,Portal,Medium
AM-SR-002249,AM-CL-0039,E-0275,Reconciliation,2026-07-24T17:25:54.000Z,2026-07-30T17:33:00.000Z,Closed,3,6.32,true,Phone,Medium
AM-SR-002250,AM-CL-0057,E-0281,Reconciliation,2025-12-05T16:14:20.000Z,2025-12-08T09:12:19.000Z,Closed,3,3.34,true,Email,Low
AM-SR-002251,AM-CL-0047,E-0266,Compliance Attestation,2025-07-03T18:50:30.000Z,2025-07-09T14:25:22.000Z,Closed,10,6.79,false,Email,Low
AM-SR-002252,AM-CL-0046,E-0270,Reconciliation,2025-10-26T17:35:10.000Z,2025-10-27T09:39:42.000Z,Closed,3,1.0,false,Phone,Medium
AM-SR-002253,AM-CL-0057,E-0281,Cash Movement,2025-11-28T18:56:24.000Z,2025-11-28T14:52:36.000Z,Closed,1,0.49,false,Email,Medium
AM-SR-002254,AM-CL-0110,E-0286,Fee Invoice Question,2025-02-12T08:24:54.000Z,2025-02-15T17:59:18.000Z,Closed,5,3.52,false,Email,Low
AM-SR-002255,AM-CL-0030,E-0275,Compliance Attestation,2025-04-14T11:34:58.000Z,2025-04-22T19:25:59.000Z,Closed,10,8.9,false,Email,Medium
AM-SR-002256,AM-CL-0073,E-0269,Reconciliation,2025-04-03T11:11:48.000Z,2025-04-07T09:36:00.000Z,Closed,3,4.85,true,Email,Medium
AM-SR-002257,AM-CL-0093,E-0275,Reconciliation,2025-05-29T15:32:15.000Z,2025-05-31T11:32:14.000Z,Closed,3,2.28,false,Phone,Medium
AM-SR-002258,AM-CL-0069,E-0274,Reconciliation,2026-03-21T11:04:15.000Z,2026-03-24T14:20:15.000Z,Closed,3,3.06,true,Email,Low
AM-SR-002259,AM-CL-0124,E-0270,Reconciliation,2025-02-05T07:04:01.000Z,2025-02-08T09:09:51.000Z,Closed,3,3.84,true,Email,Medium
AM-SR-002260,AM-CL-0031,E-0276,Performance Report,2025-06-28T16:13:48.000Z,2025-07-05T09:08:09.000Z,Closed,5,7.22,true,Email,Low
AM-SR-002261,AM-CL-0051,E-0272,Data Feed Issue,2025-04-21T07:09:02.000Z,2025-04-21T16:27:22.000Z,Closed,2,0.95,false,Email,High
AM-SR-002262,AM-CL-0084,E-0287,Fee Invoice Question,2026-05-03T14:32:15.000Z,2026-05-04T09:58:52.000Z,Closed,5,1.82,false,Portal,Medium
AM-SR-002263,AM-CL-0001,E-0279,Data Feed Issue,2026-03-17T08:50:54.000Z,2026-03-20T10:56:59.000Z,Closed,2,3.57,true,Email,Medium
AM-SR-002264,AM-CL-0051,E-0272,Fee Invoice Question,2026-01-16T15:23:23.000Z,2026-01-21T07:41:50.000Z,Closed,5,5.57,true,Email,Medium
AM-SR-002265,AM-CL-0062,E-0278,Performance Report,2025-03-26T17:21:24.000Z,2025-03-29T17:41:08.000Z,Closed,5,3.51,false,Email,Medium
AM-SR-002266,AM-CL-0049,E-0289,Cash Movement,2026-05-01T19:59:07.000Z,2026-05-01T10:23:51.000Z,Closed,1,0.57,false,Portal,Medium
AM-SR-002267,AM-CL-0137,E-0284,Cash Movement,2026-05-05T07:10:17.000Z,2026-05-05T12:34:08.000Z,Closed,1,0.7,false,Email,Medium
AM-SR-002268,AM-CL-0022,E-0273,Reconciliation,2024-12-06T08:27:03.000Z,2024-12-09T18:28:20.000Z,Closed,3,3.18,true,Email,Low
AM-SR-002269,AM-CL-0082,E-0275,Performance Report,2025-07-06T16:38:54.000Z,2025-07-08T13:49:26.000Z,Closed,5,2.76,false,Portal,Medium
AM-SR-002270,AM-CL-0131,E-0285,Performance Report,2024-09-08T16:19:04.000Z,2024-09-13T11:29:59.000Z,Closed,5,5.13,true,Email,Low
AM-SR-002271,AM-CL-0043,E-0267,Cash Movement,2024-10-28T15:29:48.000Z,2024-10-28T15:32:44.000Z,Closed,1,0.72,false,Portal,Low
AM-SR-002272,AM-CL-0013,E-0277,Fee Invoice Question,2026-06-17T17:35:50.000Z,2026-06-21T12:31:54.000Z,Closed,5,4.1,false,Portal,Low
AM-SR-002273,AM-CL-0024,E-0282,Reconciliation,2024-11-28T18:50:28.000Z,2024-12-01T07:26:20.000Z,Closed,3,3.68,true,Portal,Low
AM-SR-002274,AM-CL-0128,E-0286,Fee Invoice Question,2025-01-24T08:49:47.000Z,2025-01-28T15:35:31.000Z,Closed,5,4.05,false,Email,Low
AM-SR-002275,AM-CL-0051,E-0272,Reconciliation,2025-12-14T10:39:44.000Z,2025-12-18T16:41:49.000Z,Closed,3,4.07,true,Email,Low
AM-SR-002276,AM-CL-0053,E-0271,Performance Report,2025-08-05T14:32:10.000Z,2025-08-07T17:14:46.000Z,Closed,5,2.46,false,Portal,Low
AM-SR-002277,AM-CL-0105,E-0284,Fee Invoice Question,2025-07-28T07:41:35.000Z,2025-07-29T08:31:13.000Z,Closed,5,1.57,false,Email,Low
AM-SR-002278,AM-CL-0040,E-0268,Performance Report,2025-01-21T12:12:40.000Z,2025-01-25T14:42:22.000Z,Closed,5,4.78,false,Portal,Low
AM-SR-002279,AM-CL-0098,E-0268,Reconciliation,2025-10-22T10:33:38.000Z,2025-10-28T19:58:26.000Z,Closed,3,6.74,true,Email,Medium
AM-SR-002280,AM-CL-0137,E-0284,Cash Movement,2025-11-16T10:46:12.000Z,2025-11-16T08:43:38.000Z,Closed,1,0.18,false,Phone,Medium
AM-SR-002281,AM-CL-0023,E-0285,Reconciliation,2025-02-27T11:50:17.000Z,2025-02-28T12:49:46.000Z,Closed,3,1.02,false,Email,Low
AM-SR-002282,AM-CL-0050,E-0276,Cash Movement,2025-10-02T08:01:14.000Z,2025-10-03T19:33:28.000Z,Closed,1,1.34,true,Portal,Medium
AM-SR-002283,AM-CL-0076,E-0282,Compliance Attestation,2025-06-25T09:57:35.000Z,2025-06-26T16:13:32.000Z,Closed,10,1.81,false,Portal,Low
AM-SR-002284,AM-CL-0038,E-0288,Performance Report,2026-01-03T14:44:32.000Z,2026-01-04T07:16:43.000Z,Closed,5,1.75,false,Email,Low
AM-SR-002285,AM-CL-0029,E-0266,Onboarding Document,2025-03-29T10:29:55.000Z,2025-04-04T12:21:22.000Z,Closed,7,6.44,false,Portal,Low
AM-SR-002286,AM-CL-0048,E-0284,Performance Report,2025-08-23T16:43:58.000Z,2025-08-25T17:00:30.000Z,Closed,5,2.51,false,Email,Medium
AM-SR-002287,AM-CL-0131,E-0285,Cash Movement,2026-03-12T17:20:49.000Z,2026-03-12T10:36:46.000Z,Closed,1,0.68,false,Portal,Medium
AM-SR-002288,AM-CL-0017,E-0281,Performance Report,2024-10-17T19:47:53.000Z,2024-10-24T15:23:58.000Z,Closed,5,7.88,true,Email,Low
AM-SR-002289,AM-CL-0015,E-0287,Compliance Attestation,2026-02-21T17:21:23.000Z,2026-03-06T17:41:39.000Z,Closed,10,13.23,true,Email,Low
AM-SR-002290,AM-CL-0012,E-0289,Performance Report,2025-11-16T14:33:49.000Z,2025-11-18T13:47:25.000Z,Closed,5,2.42,false,Phone,Low
AM-SR-002291,AM-CL-0064,E-0274,Onboarding Document,2026-01-12T08:41:28.000Z,2026-01-26T15:57:24.000Z,Closed,7,14.32,true,Email,High
AM-SR-002292,AM-CL-0032,E-0279,Performance Report,2024-10-08T18:17:47.000Z,2024-10-12T17:15:55.000Z,Closed,5,4.42,false,Portal,Medium
AM-SR-002293,AM-CL-0029,E-0266,Cash Movement,2025-04-17T18:23:56.000Z,2025-04-17T16:46:54.000Z,Closed,1,0.66,false,Email,Medium
AM-SR-002294,AM-CL-0038,E-0288,Cash Movement,2025-03-09T17:38:20.000Z,2025-03-09T07:26:09.000Z,Closed,1,0.59,false,Email,Low
AM-SR-002295,AM-CL-0023,E-0285,Reconciliation,2026-06-19T14:27:05.000Z,2026-06-20T12:32:35.000Z,Closed,3,1.66,false,Portal,Medium
AM-SR-002296,AM-CL-0086,E-0268,Performance Report,2024-10-21T18:19:38.000Z,2024-10-27T17:41:43.000Z,Closed,5,6.56,true,Phone,Medium
AM-SR-002297,AM-CL-0067,E-0275,Performance Report,2026-06-05T14:52:19.000Z,2026-06-09T13:35:50.000Z,Closed,5,4.34,false,Email,Low
AM-SR-002298,AM-CL-0093,E-0275,Cash Movement,2024-10-03T18:35:28.000Z,2024-10-03T19:29:25.000Z,Closed,1,0.26,false,Portal,Low
AM-SR-002299,AM-CL-0032,E-0279,Cash Movement,2026-07-09T14:30:35.000Z,2026-07-10T10:19:09.000Z,Closed,1,1.95,true,Email,Medium
AM-SR-002300,AM-CL-0126,E-0270,Compliance Attestation,2026-08-09T17:35:31.000Z,2026-08-21T09:36:05.000Z,Closed,10,12.07,true,Email,Medium
AM-SR-002301,AM-CL-0004,E-0272,Performance Report,2026-08-06T09:13:01.000Z,2026-08-10T19:21:47.000Z,Closed,5,4.77,false,Email,High
AM-SR-002302,AM-CL-0051,E-0272,Reconciliation,2026-01-30T14:12:45.000Z,2026-01-31T13:08:46.000Z,Closed,3,1.05,false,Email,Medium
AM-SR-002303,AM-CL-0049,E-0289,Reconciliation,2025-09-06T07:18:47.000Z,2025-09-08T11:43:36.000Z,Closed,3,2.2,false,Email,Medium
AM-SR-002304,AM-CL-0037,E-0282,Fee Invoice Question,2025-09-20T10:57:37.000Z,2025-09-26T19:41:21.000Z,Closed,5,6.69,true,Email,Medium
AM-SR-002305,AM-CL-0052,E-0285,Performance Report,2025-02-16T19:13:43.000Z,2025-02-26T09:28:10.000Z,Closed,5,10.53,true,Phone,Medium
AM-SR-002306,AM-CL-0082,E-0275,Data Feed Issue,2025-05-05T07:49:54.000Z,2025-05-06T16:51:56.000Z,Closed,2,1.69,false,Email,Low
AM-SR-002307,AM-CL-0084,E-0287,Performance Report,2025-05-15T09:37:13.000Z,2025-05-17T17:49:19.000Z,Closed,5,2.89,false,Portal,High
AM-SR-002308,AM-CL-0091,E-0285,Performance Report,2025-10-31T18:35:51.000Z,2025-11-02T13:49:44.000Z,Closed,5,2.16,false,Email,Medium
AM-SR-002309,AM-CL-0070,E-0282,Reconciliation,2025-04-30T11:36:29.000Z,2025-05-01T17:27:52.000Z,Closed,3,1.33,false,Portal,Medium
AM-SR-002310,AM-CL-0094,E-0271,Performance Report,2025-04-26T09:18:45.000Z,2025-05-02T12:18:36.000Z,Closed,5,6.04,true,Portal,High
AM-SR-002311,AM-CL-0032,E-0279,Reconciliation,2026-05-11T10:36:31.000Z,2026-05-13T08:04:15.000Z,Closed,3,2.72,false,Portal,Medium
AM-SR-002312,AM-CL-0121,E-0285,Cash Movement,2026-07-12T07:53:17.000Z,2026-07-12T18:33:21.000Z,Closed,1,0.59,false,Portal,Low
AM-SR-002313,AM-CL-0102,E-0277,Compliance Attestation,2025-08-05T17:52:05.000Z,2025-08-08T14:29:57.000Z,Closed,10,3.06,false,Email,Medium
AM-SR-002314,AM-CL-0039,E-0275,Reconciliation,2026-02-24T16:37:05.000Z,2026-02-27T09:52:45.000Z,Closed,3,3.68,true,Portal,Low
AM-SR-002315,AM-CL-0041,E-0279,Fee Invoice Question,2026-02-03T18:09:25.000Z,2026-02-11T09:13:54.000Z,Closed,5,8.36,true,Email,Medium
AM-SR-002316,AM-CL-0081,E-0267,Performance Report,2024-11-11T10:01:45.000Z,2024-11-25T09:06:40.000Z,Closed,5,14.14,true,Portal,Low
AM-SR-002317,AM-CL-0086,E-0268,Reconciliation,2025-09-28T12:08:51.000Z,2025-10-01T09:44:59.000Z,Closed,3,3.53,true,Portal,Medium
AM-SR-002318,AM-CL-0038,E-0288,Fee Invoice Question,2026-07-15T07:13:11.000Z,2026-07-17T19:48:43.000Z,Closed,5,2.96,false,Email,High
AM-SR-002319,AM-CL-0097,E-0289,Cash Movement,2025-09-15T10:56:52.000Z,2025-09-16T17:48:22.000Z,Closed,1,1.12,true,Email,Medium
AM-SR-002320,AM-CL-0032,E-0279,Cash Movement,2026-08-11T19:53:18.000Z,2026-08-11T16:10:06.000Z,Closed,1,0.44,false,Email,Low
AM-SR-002321,AM-CL-0083,E-0287,Fee Invoice Question,2026-03-06T11:11:36.000Z,2026-03-07T11:02:22.000Z,Closed,5,1.39,false,Email,Medium
AM-SR-002322,AM-CL-0089,E-0280,Performance Report,2026-03-04T10:04:37.000Z,2026-03-06T17:44:59.000Z,Closed,5,2.16,false,Portal,Low
AM-SR-002323,AM-CL-0129,E-0273,Cash Movement,2026-02-20T14:38:51.000Z,2026-02-20T08:35:42.000Z,Closed,1,0.45,false,Email,Medium
AM-SR-002324,AM-CL-0103,E-0289,Reconciliation,2026-03-10T12:46:04.000Z,2026-03-13T08:04:19.000Z,Closed,3,3.14,true,Email,Low
AM-SR-002325,AM-CL-0128,E-0286,Performance Report,2025-08-03T16:12:41.000Z,2025-08-07T08:44:14.000Z,Closed,5,4.68,false,Email,High
AM-SR-002326,AM-CL-0007,E-0280,Cash Movement,2025-04-28T16:29:27.000Z,2025-04-29T12:16:57.000Z,Closed,1,1.32,true,Email,Medium
AM-SR-002327,AM-CL-0073,E-0269,Onboarding Document,2025-08-30T19:58:42.000Z,2025-09-01T14:12:23.000Z,Closed,7,2.97,false,Portal,Low
AM-SR-002328,AM-CL-0065,E-0286,Cash Movement,2024-10-21T18:21:36.000Z,2024-10-21T10:14:47.000Z,Closed,1,0.38,false,Portal,Medium
AM-SR-002329,AM-CL-0120,E-0279,Reconciliation,2024-10-28T12:47:34.000Z,2024-11-02T15:54:48.000Z,Closed,3,5.8,true,Portal,High
AM-SR-002330,AM-CL-0012,E-0289,Performance Report,2025-09-27T19:50:33.000Z,2025-10-01T08:00:42.000Z,Closed,5,4.07,false,Portal,High
AM-SR-002331,AM-CL-0026,E-0266,Reconciliation,2025-11-25T08:54:31.000Z,2025-11-28T17:55:39.000Z,Closed,3,3.04,true,Email,Low
AM-SR-002332,AM-CL-0003,E-0280,Compliance Attestation,2026-04-01T16:40:56.000Z,2026-04-16T19:52:07.000Z,Closed,10,15.2,true,Portal,Medium
AM-SR-002333,AM-CL-0127,E-0266,Performance Report,2025-12-16T13:41:37.000Z,2025-12-19T15:38:02.000Z,Closed,5,3.87,false,Phone,Low
AM-SR-002334,AM-CL-0139,E-0266,Fee Invoice Question,2025-01-03T19:21:48.000Z,2025-01-08T19:23:56.000Z,Closed,5,5.61,true,Email,Low
AM-SR-002335,AM-CL-0020,E-0266,Reconciliation,2025-05-05T13:05:05.000Z,2025-05-08T08:07:42.000Z,Closed,3,3.43,true,Portal,Low
AM-SR-002336,AM-CL-0091,E-0285,Fee Invoice Question,2025-08-23T14:58:59.000Z,2025-08-28T16:45:12.000Z,Closed,5,5.13,true,Portal,Medium
AM-SR-002337,AM-CL-0090,E-0267,Performance Report,2025-07-11T12:10:57.000Z,2025-07-14T18:40:02.000Z,Closed,5,3.29,false,Portal,Low
AM-SR-002338,AM-CL-0136,E-0287,Reconciliation,2025-07-24T09:14:22.000Z,2025-07-27T07:36:18.000Z,Closed,3,3.29,true,Email,Medium
AM-SR-002339,AM-CL-0100,E-0284,Data Feed Issue,2024-09-16T11:11:10.000Z,2024-09-17T18:52:27.000Z,Closed,2,1.01,false,Email,Medium
AM-SR-002340,AM-CL-0028,E-0279,Data Feed Issue,2026-01-02T18:19:42.000Z,2026-01-03T11:23:35.000Z,Closed,2,1.24,false,Portal,Low
AM-SR-002341,AM-CL-0074,E-0280,Performance Report,2026-01-03T09:36:13.000Z,2026-01-08T13:18:32.000Z,Closed,5,5.16,true,Email,Low
AM-SR-002342,AM-CL-0132,E-0273,Data Feed Issue,2026-05-02T09:12:43.000Z,2026-05-03T17:18:03.000Z,Closed,2,1.89,false,Phone,High
AM-SR-002343,AM-CL-0062,E-0278,Fee Invoice Question,2026-03-05T09:45:40.000Z,2026-03-09T14:36:36.000Z,Closed,5,4.08,false,Email,Low
AM-SR-002344,AM-CL-0011,E-0271,Fee Invoice Question,2024-12-14T11:38:57.000Z,2024-12-18T10:28:14.000Z,Closed,5,4.03,false,Email,Low
AM-SR-002345,AM-CL-0110,E-0286,Reconciliation,2025-09-28T16:41:13.000Z,2025-09-30T09:54:15.000Z,Closed,3,2.52,false,Phone,Low
AM-SR-002346,AM-CL-0140,E-0272,Fee Invoice Question,2024-09-11T12:46:19.000Z,2024-09-15T09:15:56.000Z,Closed,5,4.88,false,Portal,Medium
AM-SR-002347,AM-CL-0087,E-0290,Data Feed Issue,2025-03-02T14:21:25.000Z,2025-03-03T19:32:40.000Z,Closed,2,1.11,false,Portal,High
AM-SR-002348,AM-CL-0126,E-0270,Reconciliation,2025-10-26T07:32:51.000Z,2025-10-27T07:06:17.000Z,Closed,3,1.78,false,Email,Medium
AM-SR-002349,AM-CL-0131,E-0285,Reconciliation,2026-01-29T09:23:02.000Z,2026-02-01T12:20:30.000Z,Closed,3,3.12,true,Portal,Low
AM-SR-002350,AM-CL-0033,E-0266,Cash Movement,2025-08-13T18:53:51.000Z,2025-08-13T14:30:51.000Z,Closed,1,0.99,false,Phone,Medium
AM-SR-002351,AM-CL-0003,E-0280,Compliance Attestation,2025-11-08T17:01:33.000Z,2025-11-14T08:53:01.000Z,Closed,10,6.52,false,Email,Medium
AM-SR-002352,AM-CL-0127,E-0266,Onboarding Document,2026-08-18T13:13:09.000Z,2026-08-22T13:26:08.000Z,Closed,7,4.06,false,Portal,Medium
AM-SR-002353,AM-CL-0051,E-0272,Cash Movement,2025-04-23T08:40:33.000Z,2025-04-23T09:20:03.000Z,Closed,1,0.3,false,Phone,Low
AM-SR-002354,AM-CL-0012,E-0289,Onboarding Document,2024-09-10T08:15:26.000Z,2024-09-13T07:38:52.000Z,Closed,7,3.37,false,Email,Medium
AM-SR-002355,AM-CL-0013,E-0277,Compliance Attestation,2026-02-22T07:41:54.000Z,2026-03-04T09:30:46.000Z,Closed,10,10.03,true,Email,High
AM-SR-002356,AM-CL-0091,E-0285,Cash Movement,2026-04-06T15:21:33.000Z,2026-04-07T14:36:02.000Z,Closed,1,1.26,true,Phone,High
AM-SR-002357,AM-CL-0084,E-0287,Compliance Attestation,2024-09-13T18:25:19.000Z,2024-09-17T18:08:36.000Z,Closed,10,4.78,false,Portal,Low
AM-SR-002358,AM-CL-0031,E-0276,Reconciliation,2026-02-07T16:22:59.000Z,2026-02-13T14:11:24.000Z,Closed,3,6.66,true,Email,Medium
AM-SR-002359,AM-CL-0118,E-0274,Fee Invoice Question,2025-07-01T07:14:02.000Z,2025-07-04T11:11:24.000Z,Closed,5,3.57,false,Email,Medium
AM-SR-002360,AM-CL-0123,E-0272,Performance Report,2025-03-30T08:06:59.000Z,2025-03-31T09:43:30.000Z,Closed,5,1.66,false,Email,Low
AM-SR-002361,AM-CL-0112,E-0289,Compliance Attestation,2026-05-27T14:16:22.000Z,2026-06-02T17:04:07.000Z,Closed,10,6.07,false,Email,Low
AM-SR-002362,AM-CL-0109,E-0288,Data Feed Issue,2025-03-19T14:22:25.000Z,2025-03-19T11:07:04.000Z,Closed,2,0.95,false,Phone,High
AM-SR-002363,AM-CL-0091,E-0285,Cash Movement,2026-06-30T12:18:52.000Z,2026-06-30T17:08:01.000Z,Closed,1,0.62,false,Email,Medium
AM-SR-002364,AM-CL-0068,E-0283,Fee Invoice Question,2024-12-09T07:53:58.000Z,2024-12-11T10:54:37.000Z,Closed,5,2.18,false,Portal,Low
AM-SR-002365,AM-CL-0070,E-0282,Performance Report,2024-09-26T19:47:26.000Z,2024-09-27T16:26:09.000Z,Closed,5,1.08,false,Email,High
AM-SR-002366,AM-CL-0103,E-0289,Cash Movement,2025-09-12T16:53:55.000Z,2025-09-13T18:33:30.000Z,Closed,1,1.17,true,Portal,Medium
AM-SR-002367,AM-CL-0038,E-0288,Fee Invoice Question,2026-01-07T19:23:55.000Z,2026-01-10T16:13:54.000Z,Closed,5,3.17,false,Email,High
AM-SR-002368,AM-CL-0041,E-0279,Reconciliation,2026-07-12T09:56:10.000Z,2026-07-22T19:13:10.000Z,Closed,3,10.42,true,Portal,Medium
AM-SR-002369,AM-CL-0029,E-0266,Performance Report,2025-07-03T15:58:35.000Z,2025-07-06T12:46:27.000Z,Closed,5,3.18,false,Email,Medium
AM-SR-002370,AM-CL-0125,E-0286,Performance Report,2025-01-30T08:22:04.000Z,2025-02-03T18:19:53.000Z,Closed,5,4.01,false,Email,Medium
AM-SR-002371,AM-CL-0103,E-0289,Fee Invoice Question,2026-01-10T12:47:21.000Z,2026-01-14T18:54:09.000Z,Closed,5,4.73,false,Email,Medium
AM-SR-002372,AM-CL-0084,E-0287,Fee Invoice Question,2025-10-04T12:09:42.000Z,2025-10-09T19:25:35.000Z,Closed,5,5.71,true,Portal,High
AM-SR-002373,AM-CL-0029,E-0266,Fee Invoice Question,2026-04-16T19:02:45.000Z,2026-04-25T17:19:41.000Z,Closed,5,9.33,true,Portal,Low
AM-SR-002374,AM-CL-0094,E-0271,Performance Report,2025-01-02T18:03:37.000Z,2025-01-04T15:22:02.000Z,Closed,5,2.29,false,Portal,Low
AM-SR-002375,AM-CL-0084,E-0287,Performance Report,2026-02-06T19:41:02.000Z,2026-02-09T10:05:06.000Z,Closed,5,3.34,false,Email,Medium
AM-SR-002376,AM-CL-0098,E-0268,Performance Report,2024-12-26T12:06:05.000Z,2024-12-31T12:33:36.000Z,Closed,5,5.59,true,Portal,Low
AM-SR-002377,AM-CL-0017,E-0281,Performance Report,2025-11-17T11:17:09.000Z,2025-11-19T09:33:46.000Z,Closed,5,2.21,false,Email,Low
AM-SR-002378,AM-CL-0084,E-0287,Performance Report,2024-11-21T15:23:47.000Z,2024-11-24T09:02:57.000Z,Closed,5,3.36,false,Email,Medium
AM-SR-002379,AM-CL-0045,E-0269,Reconciliation,2025-01-19T16:19:28.000Z,2025-01-20T17:52:54.000Z,Closed,3,1.82,false,Email,Low
AM-SR-002380,AM-CL-0006,E-0284,Performance Report,2024-12-01T10:21:28.000Z,2024-12-02T10:39:21.000Z,Closed,5,1.37,false,Email,High
AM-SR-002381,AM-CL-0032,E-0279,Compliance Attestation,2024-11-21T12:29:15.000Z,2024-11-26T07:44:02.000Z,Closed,10,5.14,false,Portal,Medium
AM-SR-002382,AM-CL-0032,E-0279,Performance Report,2025-08-20T14:47:05.000Z,2025-08-21T18:24:01.000Z,Closed,5,1.78,false,Portal,Low
AM-SR-002383,AM-CL-0117,E-0289,Reconciliation,2024-11-28T16:15:09.000Z,2024-11-29T19:26:59.000Z,Closed,3,1.75,false,Portal,Low
AM-SR-002384,AM-CL-0140,E-0272,Reconciliation,2026-04-14T08:16:27.000Z,2026-04-16T07:21:13.000Z,Closed,3,2.08,false,Portal,Medium
AM-SR-002385,AM-CL-0116,E-0272,Reconciliation,2025-01-16T10:42:11.000Z,2025-01-17T13:24:02.000Z,Closed,3,1.74,false,Portal,Medium
AM-SR-002386,AM-CL-0096,E-0272,Fee Invoice Question,2025-04-26T14:51:28.000Z,2025-04-30T18:50:03.000Z,Closed,5,4.14,false,Email,Medium
AM-SR-002387,AM-CL-0136,E-0287,Reconciliation,2026-04-16T18:47:42.000Z,2026-04-20T15:00:37.000Z,Closed,3,4.3,true,Email,Medium
AM-SR-002388,AM-CL-0099,E-0279,Reconciliation,2025-02-01T18:32:43.000Z,2025-02-02T09:56:43.000Z,Closed,3,1.47,false,Email,Low
AM-SR-002389,AM-CL-0067,E-0275,Performance Report,2025-10-12T13:58:08.000Z,2025-10-22T16:29:13.000Z,Closed,5,10.08,true,Email,Medium
AM-SR-002390,AM-CL-0005,E-0277,Data Feed Issue,2024-09-13T11:12:44.000Z,2024-09-14T19:13:28.000Z,Closed,2,1.13,false,Phone,High
AM-SR-002391,AM-CL-0021,E-0286,Performance Report,2026-08-03T13:26:05.000Z,2026-08-06T11:23:21.000Z,Closed,5,3.3,false,Portal,Low
AM-SR-002392,AM-CL-0010,E-0275,Compliance Attestation,2025-04-23T09:48:58.000Z,2025-04-30T07:32:12.000Z,Closed,10,7.8,false,Phone,Medium
AM-SR-002393,AM-CL-0023,E-0285,Reconciliation,2025-08-12T10:35:46.000Z,2025-08-12T07:45:20.000Z,Closed,3,0.5,false,Email,Medium
AM-SR-002394,AM-CL-0086,E-0268,Compliance Attestation,2025-08-14T14:56:55.000Z,2025-08-29T18:58:18.000Z,Closed,10,15.25,true,Email,High
AM-SR-002395,AM-CL-0100,E-0284,Reconciliation,2025-10-01T12:02:44.000Z,2025-10-16T08:56:30.000Z,Closed,3,15.09,true,Email,Medium
AM-SR-002396,AM-CL-0086,E-0268,Fee Invoice Question,2026-01-29T07:30:15.000Z,2026-02-05T13:42:21.000Z,Closed,5,7.94,true,Email,High
AM-SR-002397,AM-CL-0026,E-0266,Performance Report,2025-12-26T19:54:07.000Z,2025-12-30T10:35:20.000Z,Closed,5,4.91,false,Email,Medium
AM-SR-002398,AM-CL-0124,E-0270,Performance Report,2024-10-02T18:18:20.000Z,2024-10-06T12:43:47.000Z,Closed,5,4.2,false,Email,High
AM-SR-002399,AM-CL-0100,E-0284,Fee Invoice Question,2026-07-31T09:10:47.000Z,2026-08-07T13:50:02.000Z,Closed,5,7.92,true,Email,Medium
AM-SR-002400,AM-CL-0125,E-0286,Performance Report,2026-06-07T12:47:07.000Z,2026-06-14T10:48:00.000Z,Closed,5,7.92,true,Portal,Medium
AM-SR-002401,AM-CL-0083,E-0287,Performance Report,2025-10-29T19:19:15.000Z,2025-11-03T17:38:41.000Z,Closed,5,5.04,true,Portal,Medium
AM-SR-002402,AM-CL-0066,E-0278,Performance Report,2025-03-01T09:41:59.000Z,2025-03-10T10:58:28.000Z,Closed,5,9.35,true,Phone,Medium
AM-SR-002403,AM-CL-0034,E-0271,Data Feed Issue,2026-07-16T16:33:57.000Z,2026-07-16T09:31:38.000Z,Closed,2,0.99,false,Email,Medium
AM-SR-002404,AM-CL-0104,E-0279,Data Feed Issue,2026-07-30T17:49:40.000Z,2026-07-30T09:18:47.000Z,Closed,2,0.5,false,Phone,Low
AM-SR-002405,AM-CL-0091,E-0285,Performance Report,2026-05-24T16:59:25.000Z,2026-05-27T10:29:34.000Z,Closed,5,3.31,false,Phone,Medium
AM-SR-002406,AM-CL-0003,E-0280,Data Feed Issue,2026-05-15T13:09:39.000Z,2026-05-17T16:07:36.000Z,Closed,2,2.88,true,Phone,High
AM-SR-002407,AM-CL-0033,E-0266,Cash Movement,2025-09-10T11:09:17.000Z,2025-09-10T15:33:29.000Z,Closed,1,0.5,false,Portal,High
AM-SR-002408,AM-CL-0102,E-0277,Performance Report,2024-09-16T10:50:54.000Z,2024-10-07T12:40:54.000Z,Closed,5,21.66,true,Email,Medium
AM-SR-002409,AM-CL-0080,E-0275,Cash Movement,2024-10-24T09:57:31.000Z,2024-10-26T10:05:35.000Z,Closed,1,2.16,true,Portal,High
AM-SR-002410,AM-CL-0072,E-0286,Performance Report,2025-11-15T16:20:07.000Z,2025-11-18T16:24:39.000Z,Closed,5,3.6,false,Portal,Medium
AM-SR-002411,AM-CL-0025,E-0287,Cash Movement,2025-05-06T13:59:27.000Z,2025-05-06T16:08:30.000Z,Closed,1,0.84,false,Portal,High
AM-SR-002412,AM-CL-0140,E-0272,Cash Movement,2025-04-11T17:44:59.000Z,2025-04-11T14:06:45.000Z,Closed,1,0.92,false,Phone,Medium
AM-SR-002413,AM-CL-0100,E-0284,Reconciliation,2025-05-26T11:24:22.000Z,2025-05-26T08:00:56.000Z,Closed,3,0.76,false,Portal,Medium
AM-SR-002414,AM-CL-0062,E-0278,Performance Report,2025-11-27T17:08:55.000Z,2025-11-30T09:22:53.000Z,Closed,5,3.08,false,Portal,Medium
AM-SR-002415,AM-CL-0013,E-0277,Performance Report,2025-07-21T08:42:27.000Z,2025-07-23T12:04:50.000Z,Closed,5,2.8,false,Portal,Medium
AM-SR-002416,AM-CL-0093,E-0275,Performance Report,2025-12-26T15:15:15.000Z,2025-12-31T17:52:36.000Z,Closed,5,5.32,true,Email,Low
AM-SR-002417,AM-CL-0030,E-0275,Onboarding Document,2026-06-02T15:35:03.000Z,2026-06-11T11:01:50.000Z,Closed,7,9.23,true,Portal,High
AM-SR-002418,AM-CL-0073,E-0269,Cash Movement,2025-01-30T08:22:16.000Z,2025-01-30T19:06:49.000Z,Closed,1,0.74,false,Email,Low
AM-SR-002419,AM-CL-0124,E-0270,Compliance Attestation,2025-11-15T09:50:49.000Z,2025-11-22T15:46:01.000Z,Closed,10,7.89,false,Portal,Medium
AM-SR-002420,AM-CL-0032,E-0279,Performance Report,2026-08-24T15:24:17.000Z,2026-08-28T08:46:21.000Z,Closed,5,4.88,false,Email,Low
AM-SR-002421,AM-CL-0055,E-0268,Cash Movement,2026-07-01T12:51:13.000Z,2026-07-01T16:32:29.000Z,Closed,1,0.88,false,Email,Low
AM-SR-002422,AM-CL-0016,E-0269,Reconciliation,2026-01-22T10:22:56.000Z,2026-01-23T10:46:14.000Z,Closed,3,1.37,false,Email,High
AM-SR-002423,AM-CL-0059,E-0273,Performance Report,2025-10-04T16:06:06.000Z,2025-10-09T19:39:31.000Z,Closed,5,5.39,true,Email,Low
AM-SR-002424,AM-CL-0030,E-0275,Performance Report,2024-09-08T15:28:11.000Z,2024-09-19T11:45:38.000Z,Closed,5,11.93,true,Phone,Low
AM-SR-002425,AM-CL-0124,E-0270,Performance Report,2025-08-22T11:04:38.000Z,2025-08-28T18:21:21.000Z,Closed,5,6.22,true,Email,Medium
AM-SR-002426,AM-CL-0116,E-0272,Compliance Attestation,2025-08-03T16:28:03.000Z,2025-08-09T13:32:39.000Z,Closed,10,6.36,false,Portal,Low
AM-SR-002427,AM-CL-0099,E-0279,Onboarding Document,2024-09-17T11:39:23.000Z,2024-09-18T10:55:27.000Z,Closed,7,1.48,false,Portal,Low
AM-SR-002428,AM-CL-0071,E-0279,Reconciliation,2025-06-17T12:58:48.000Z,2025-06-18T07:51:57.000Z,Closed,3,1.77,false,Email,Medium
AM-SR-002429,AM-CL-0004,E-0272,Reconciliation,2026-04-08T14:12:44.000Z,2026-04-10T18:56:54.000Z,Closed,3,2.69,false,Portal,High
AM-SR-002430,AM-CL-0041,E-0279,Onboarding Document,2025-08-05T13:04:17.000Z,2025-08-07T13:27:56.000Z,Closed,7,2.91,false,Email,Medium
AM-SR-002431,AM-CL-0065,E-0286,Data Feed Issue,2025-07-13T19:31:40.000Z,2025-07-16T08:50:44.000Z,Closed,2,3.35,true,Email,Medium
AM-SR-002432,AM-CL-0079,E-0270,Cash Movement,2026-05-22T11:18:45.000Z,2026-05-23T14:30:43.000Z,Closed,1,1.63,true,Portal,Medium
AM-SR-002433,AM-CL-0088,E-0271,Reconciliation,2026-08-10T09:06:42.000Z,2026-08-11T18:54:13.000Z,Closed,3,1.36,false,Portal,Low
AM-SR-002434,AM-CL-0103,E-0289,Reconciliation,2025-08-20T07:10:16.000Z,2025-08-25T14:19:43.000Z,Closed,3,5.38,true,Portal,Low
AM-SR-002435,AM-CL-0127,E-0266,Onboarding Document,2025-05-02T15:19:15.000Z,2025-05-08T13:42:32.000Z,Closed,7,6.04,false,Email,Medium
AM-SR-002436,AM-CL-0120,E-0279,Reconciliation,2026-01-21T14:45:58.000Z,2026-01-26T13:32:26.000Z,Closed,3,5.23,true,Email,Low
AM-SR-002437,AM-CL-0045,E-0269,Compliance Attestation,2025-04-01T13:17:08.000Z,2025-04-08T12:18:16.000Z,Closed,10,7.31,false,Portal,Medium
AM-SR-002438,AM-CL-0065,E-0286,Reconciliation,2025-11-12T12:12:29.000Z,2025-11-20T10:42:29.000Z,Closed,3,8.87,true,Email,Low
AM-SR-002439,AM-CL-0101,E-0289,Compliance Attestation,2025-10-09T10:21:29.000Z,2025-10-25T09:30:05.000Z,Closed,10,16.58,true,Email,Low
AM-SR-002440,AM-CL-0015,E-0287,Performance Report,2026-06-30T09:57:08.000Z,2026-07-02T09:39:35.000Z,Closed,5,2.37,false,Portal,Medium
AM-SR-002441,AM-CL-0083,E-0287,Data Feed Issue,2025-01-10T19:48:30.000Z,2025-01-11T14:47:24.000Z,Closed,2,1.78,false,Email,Low
AM-SR-002442,AM-CL-0126,E-0270,Data Feed Issue,2025-12-02T16:44:14.000Z,2025-12-03T16:29:00.000Z,Closed,2,1.33,false,Email,Medium
AM-SR-002443,AM-CL-0064,E-0274,Performance Report,2025-06-21T16:58:20.000Z,2025-06-24T14:46:04.000Z,Closed,5,3.93,false,Phone,Medium
AM-SR-002444,AM-CL-0076,E-0282,Performance Report,2024-10-08T19:57:50.000Z,2024-10-13T17:31:08.000Z,Closed,5,5.73,true,Phone,High
AM-SR-002445,AM-CL-0125,E-0286,Onboarding Document,2025-07-13T17:23:53.000Z,2025-07-26T10:48:29.000Z,Closed,7,13.15,true,Phone,Low
AM-SR-002446,AM-CL-0073,E-0269,Fee Invoice Question,2025-11-21T15:31:22.000Z,2025-11-24T14:41:42.000Z,Closed,5,3.22,false,Email,Medium
AM-SR-002447,AM-CL-0108,E-0272,Fee Invoice Question,2025-01-07T19:55:16.000Z,2025-01-14T08:56:15.000Z,Closed,5,7.78,true,Portal,High
AM-SR-002448,AM-CL-0012,E-0289,Compliance Attestation,2025-09-20T14:22:53.000Z,2025-09-28T14:54:58.000Z,Closed,10,8.27,false,Email,Medium
AM-SR-002449,AM-CL-0033,E-0266,Data Feed Issue,2026-06-22T07:05:12.000Z,2026-06-23T11:39:23.000Z,Closed,2,1.05,false,Email,Medium
AM-SR-002450,AM-CL-0057,E-0281,Fee Invoice Question,2025-02-05T10:21:04.000Z,2025-02-13T15:47:51.000Z,Closed,5,8.62,true,Email,Medium
AM-SR-002451,AM-CL-0008,E-0279,Performance Report,2024-11-11T13:48:20.000Z,2024-11-26T09:26:50.000Z,Closed,5,15.47,true,Portal,High
AM-SR-002452,AM-CL-0119,E-0285,Performance Report,2026-02-04T14:18:54.000Z,2026-02-05T16:35:17.000Z,Closed,5,1.92,false,Phone,Medium
AM-SR-002453,AM-CL-0067,E-0275,Performance Report,2025-01-03T09:55:31.000Z,2025-01-04T16:15:51.000Z,Closed,5,1.51,false,Portal,High
AM-SR-002454,AM-CL-0112,E-0289,Performance Report,2026-07-24T14:34:24.000Z,2026-07-26T13:05:15.000Z,Closed,5,2.31,false,Portal,Medium
AM-SR-002455,AM-CL-0100,E-0284,Performance Report,2024-10-18T09:17:37.000Z,2024-10-20T14:32:43.000Z,Closed,5,2.14,false,Portal,Low
AM-SR-002456,AM-CL-0049,E-0289,Fee Invoice Question,2024-09-17T13:14:49.000Z,2024-09-24T14:23:09.000Z,Closed,5,7.5,true,Email,Low
AM-SR-002457,AM-CL-0121,E-0285,Cash Movement,2024-10-29T09:36:20.000Z,2024-10-30T14:47:08.000Z,Closed,1,1.06,true,Portal,Low
AM-SR-002458,AM-CL-0074,E-0280,Data Feed Issue,2025-02-05T12:54:56.000Z,2025-02-05T15:31:49.000Z,Closed,2,0.57,false,Email,Medium
AM-SR-002459,AM-CL-0010,E-0275,Compliance Attestation,2026-02-12T17:32:25.000Z,2026-02-17T11:27:11.000Z,Closed,10,5.77,false,Phone,Medium
AM-SR-002460,AM-CL-0110,E-0286,Fee Invoice Question,2025-12-14T18:31:40.000Z,2025-12-21T08:48:01.000Z,Closed,5,7.14,true,Portal,Low
AM-SR-002461,AM-CL-0115,E-0274,Fee Invoice Question,2024-10-13T18:07:42.000Z,2024-10-17T12:20:00.000Z,Closed,5,4.21,false,Phone,Low
AM-SR-002462,AM-CL-0058,E-0280,Performance Report,2025-10-12T07:36:06.000Z,2025-10-17T18:23:50.000Z,Closed,5,5.73,true,Email,Medium
AM-SR-002463,AM-CL-0117,E-0289,Compliance Attestation,2026-06-19T17:58:49.000Z,2026-07-02T08:10:34.000Z,Closed,10,13.07,true,Phone,Low
AM-SR-002464,AM-CL-0039,E-0275,Performance Report,2025-07-16T10:03:04.000Z,2025-07-18T19:02:31.000Z,Closed,5,2.93,false,Email,Low
AM-SR-002465,AM-CL-0082,E-0275,Data Feed Issue,2025-08-17T13:51:54.000Z,2025-08-18T07:14:46.000Z,Closed,2,1.11,false,Portal,Medium
AM-SR-002466,AM-CL-0075,E-0270,Compliance Attestation,2024-09-12T07:31:31.000Z,2024-09-15T19:14:49.000Z,Closed,10,3.52,false,Email,Medium
AM-SR-002467,AM-CL-0050,E-0276,Cash Movement,2025-12-05T08:34:16.000Z,2025-12-05T18:21:37.000Z,Closed,1,0.35,false,Email,Medium
AM-SR-002468,AM-CL-0007,E-0280,Performance Report,2025-03-09T07:43:49.000Z,2025-03-15T08:04:13.000Z,Closed,5,6.83,true,Phone,Medium
AM-SR-002469,AM-CL-0087,E-0290,Compliance Attestation,2024-11-18T17:11:18.000Z,2024-11-21T19:42:53.000Z,Closed,10,3.64,false,Portal,Medium
AM-SR-002470,AM-CL-0010,E-0275,Performance Report,2025-03-05T12:06:57.000Z,2025-03-07T19:17:49.000Z,Closed,5,2.51,false,Email,Low
AM-SR-002471,AM-CL-0073,E-0269,Performance Report,2025-04-07T14:49:10.000Z,2025-04-08T08:48:37.000Z,Closed,5,1.99,false,Portal,Low
AM-SR-002472,AM-CL-0105,E-0284,Fee Invoice Question,2024-12-30T17:47:57.000Z,2025-01-02T07:02:24.000Z,Closed,5,3.73,false,Email,High
AM-SR-002473,AM-CL-0010,E-0275,Reconciliation,2026-01-15T14:19:45.000Z,2026-01-16T14:47:52.000Z,Closed,3,1.46,false,Email,Low
AM-SR-002474,AM-CL-0136,E-0287,Performance Report,2025-04-08T18:23:04.000Z,2025-04-11T09:17:00.000Z,Closed,5,3.44,false,Email,Medium
AM-SR-002475,AM-CL-0058,E-0280,Fee Invoice Question,2025-12-26T16:42:05.000Z,2025-12-29T09:50:48.000Z,Closed,5,3.4,false,Email,Low
AM-SR-002476,AM-CL-0007,E-0280,Performance Report,2026-05-27T15:39:40.000Z,2026-05-27T12:26:18.000Z,Closed,5,0.95,false,Email,Medium
AM-SR-002477,AM-CL-0012,E-0289,Reconciliation,2024-10-27T08:09:05.000Z,2024-10-28T08:44:56.000Z,Closed,3,1.49,false,Email,Low
AM-SR-002478,AM-CL-0112,E-0289,Fee Invoice Question,2026-02-08T12:20:47.000Z,2026-02-13T09:23:45.000Z,Closed,5,5.38,true,Email,Medium
AM-SR-002479,AM-CL-0007,E-0280,Fee Invoice Question,2026-07-15T10:03:26.000Z,2026-07-20T18:14:09.000Z,Closed,5,5.59,true,Portal,Low
AM-SR-002480,AM-CL-0082,E-0275,Fee Invoice Question,2026-04-26T11:00:52.000Z,2026-04-28T08:16:56.000Z,Closed,5,2.02,false,Email,Low
AM-SR-002481,AM-CL-0066,E-0278,Performance Report,2024-09-04T08:13:42.000Z,2024-09-07T09:54:58.000Z,Closed,5,3.2,false,Email,High
AM-SR-002482,AM-CL-0053,E-0271,Reconciliation,2025-12-18T19:11:06.000Z,2025-12-21T18:59:04.000Z,Closed,3,3.75,true,Portal,Medium
AM-SR-002483,AM-CL-0063,E-0284,Data Feed Issue,2024-10-11T14:07:49.000Z,2024-10-15T09:42:12.000Z,Closed,2,4.09,true,Portal,Low
AM-SR-002484,AM-CL-0094,E-0271,Compliance Attestation,2025-10-11T18:02:00.000Z,2025-10-17T17:27:03.000Z,Closed,10,6.38,false,Portal,Medium
AM-SR-002485,AM-CL-0109,E-0288,Performance Report,2024-12-12T09:22:29.000Z,2024-12-20T07:42:21.000Z,Closed,5,8.63,true,Email,Low
AM-SR-002486,AM-CL-0119,E-0285,Onboarding Document,2026-04-22T11:20:55.000Z,2026-04-28T08:13:29.000Z,Closed,7,6.66,false,Email,High
AM-SR-002487,AM-CL-0092,E-0284,Fee Invoice Question,2025-09-15T07:51:22.000Z,2025-09-20T17:59:12.000Z,Closed,5,5.69,true,Email,Medium
AM-SR-002488,AM-CL-0021,E-0286,Onboarding Document,2025-08-20T17:09:37.000Z,2025-09-02T16:40:54.000Z,Closed,7,13.91,true,Phone,Low
AM-SR-002489,AM-CL-0126,E-0270,Performance Report,2025-03-06T15:22:05.000Z,2025-03-09T12:05:14.000Z,Closed,5,3.76,false,Email,Low
AM-SR-002490,AM-CL-0001,E-0279,Fee Invoice Question,2025-06-26T18:36:46.000Z,2025-06-30T14:07:44.000Z,Closed,5,4.7,false,Email,Low
AM-SR-002491,AM-CL-0133,E-0275,Performance Report,2026-06-06T18:01:53.000Z,2026-06-10T10:16:26.000Z,Closed,5,4.73,false,Email,Medium
AM-SR-002492,AM-CL-0039,E-0275,Performance Report,2026-07-18T18:09:11.000Z,2026-07-21T08:26:21.000Z,Closed,5,3.23,false,Email,Low
AM-SR-002493,AM-CL-0083,E-0287,Fee Invoice Question,2026-06-25T14:37:07.000Z,2026-06-29T15:18:58.000Z,Closed,5,4.85,false,Email,Low
AM-SR-002494,AM-CL-0079,E-0270,Performance Report,2025-12-27T15:52:37.000Z,2026-01-01T15:47:40.000Z,Closed,5,5.69,true,Portal,Medium
AM-SR-002495,AM-CL-0055,E-0268,Performance Report,2026-07-06T18:33:58.000Z,2026-07-09T12:41:34.000Z,Closed,5,3.69,false,Email,Medium
AM-SR-002496,AM-CL-0109,E-0288,Performance Report,2025-07-11T10:54:26.000Z,2025-07-24T17:40:41.000Z,Closed,5,13.45,true,Portal,Medium
AM-SR-002497,AM-CL-0064,E-0274,Cash Movement,2024-09-15T09:08:48.000Z,2024-09-15T11:51:44.000Z,Closed,1,0.64,false,Phone,Medium
AM-SR-002498,AM-CL-0122,E-0276,Reconciliation,2025-06-21T09:49:58.000Z,2025-06-25T11:33:05.000Z,Closed,3,4.66,true,Email,Low
AM-SR-002499,AM-CL-0117,E-0289,Performance Report,2024-11-28T07:32:33.000Z,2024-12-02T17:43:56.000Z,Closed,5,4.02,false,Portal,Low
AM-SR-002500,AM-CL-0048,E-0284,Onboarding Document,2025-05-17T15:29:51.000Z,2025-05-22T12:14:39.000Z,Closed,7,5.4,false,Phone,Low
AM-SR-002501,AM-CL-0079,E-0270,Performance Report,2026-06-25T13:11:40.000Z,2026-06-27T17:04:18.000Z,Closed,5,2.06,false,Email,High
AM-SR-002502,AM-CL-0055,E-0268,Performance Report,2026-05-16T15:58:14.000Z,2026-05-19T09:54:26.000Z,Closed,5,3.36,false,Portal,High
AM-SR-002503,AM-CL-0009,E-0279,Reconciliation,2024-10-01T18:18:22.000Z,2024-10-05T19:45:06.000Z,Closed,3,4.6,true,Portal,High
AM-SR-002504,AM-CL-0073,E-0269,Fee Invoice Question,2026-08-31T10:36:25.000Z,,Open,5,,false,Email,Low
AM-SR-002505,AM-CL-0131,E-0285,Performance Report,2026-08-17T09:42:44.000Z,2026-08-21T13:03:15.000Z,Closed,5,4.75,false,Email,Medium
AM-SR-002506,AM-CL-0077,E-0282,Fee Invoice Question,2025-05-19T10:42:06.000Z,2025-05-23T08:59:35.000Z,Closed,5,4.43,false,Portal,Medium
AM-SR-002507,AM-CL-0006,E-0284,Reconciliation,2025-05-17T08:27:25.000Z,2025-05-23T11:26:19.000Z,Closed,3,6.27,true,Email,Medium
AM-SR-002508,AM-CL-0008,E-0279,Performance Report,2025-05-07T18:24:47.000Z,2025-05-13T17:35:17.000Z,Closed,5,6.31,true,Email,Low
AM-SR-002509,AM-CL-0041,E-0279,Reconciliation,2026-04-23T18:30:32.000Z,2026-04-24T18:09:14.000Z,Closed,3,1.72,false,Email,Low
AM-SR-002510,AM-CL-0115,E-0274,Data Feed Issue,2024-10-08T13:54:25.000Z,2024-10-10T11:57:35.000Z,Closed,2,2.31,true,Portal,High
AM-SR-002511,AM-CL-0070,E-0282,Performance Report,2024-12-21T08:12:45.000Z,2024-12-24T16:26:29.000Z,Closed,5,3.37,false,Email,High
AM-SR-002512,AM-CL-0019,E-0283,Compliance Attestation,2025-02-24T17:19:29.000Z,2025-03-01T08:22:02.000Z,Closed,10,5.89,false,Email,Low
AM-SR-002513,AM-CL-0106,E-0272,Performance Report,2026-07-09T19:39:19.000Z,2026-07-12T10:59:04.000Z,Closed,5,3.7,false,Email,Medium
AM-SR-002514,AM-CL-0092,E-0284,Cash Movement,2026-01-11T08:59:44.000Z,2026-01-11T14:49:15.000Z,Closed,1,0.74,false,Email,Medium
AM-SR-002515,AM-CL-0094,E-0271,Performance Report,2025-08-20T17:59:45.000Z,2025-08-21T15:14:32.000Z,Closed,5,1.65,false,Portal,Medium
AM-SR-002516,AM-CL-0045,E-0269,Reconciliation,2026-01-29T16:10:00.000Z,2026-02-07T08:50:42.000Z,Closed,3,9.75,true,Portal,Medium
AM-SR-002517,AM-CL-0018,E-0266,Fee Invoice Question,2024-12-26T08:11:51.000Z,2024-12-27T17:17:55.000Z,Closed,5,1.39,false,Portal,Low
AM-SR-002518,AM-CL-0119,E-0285,Reconciliation,2025-10-05T09:05:52.000Z,2025-10-06T09:42:58.000Z,Closed,3,1.58,false,Email,Low
AM-SR-002519,AM-CL-0136,E-0287,Performance Report,2026-08-29T10:50:12.000Z,,Open,5,,false,Email,Low
AM-SR-002520,AM-CL-0103,E-0289,Cash Movement,2026-03-22T18:38:08.000Z,2026-03-25T11:40:34.000Z,Closed,1,3.12,true,Portal,Medium
AM-SR-002521,AM-CL-0027,E-0271,Fee Invoice Question,2025-12-24T12:48:52.000Z,2025-12-29T18:41:27.000Z,Closed,5,5.87,true,Email,Low
AM-SR-002522,AM-CL-0015,E-0287,Performance Report,2025-09-17T19:42:29.000Z,2025-09-24T15:40:03.000Z,Closed,5,7.5,true,Email,High
AM-SR-002523,AM-CL-0090,E-0267,Cash Movement,2025-06-25T13:37:10.000Z,2025-06-25T14:03:14.000Z,Closed,1,0.87,false,Portal,Low
AM-SR-002524,AM-CL-0095,E-0280,Compliance Attestation,2026-03-26T10:08:50.000Z,2026-04-05T13:34:30.000Z,Closed,10,10.1,true,Portal,Low
AM-SR-002525,AM-CL-0101,E-0289,Fee Invoice Question,2025-05-28T19:42:07.000Z,2025-06-01T15:03:02.000Z,Closed,5,4.17,false,Email,Low
AM-SR-002526,AM-CL-0103,E-0289,Compliance Attestation,2024-11-04T08:56:35.000Z,2024-11-09T17:22:05.000Z,Closed,10,5.27,false,Email,Medium
AM-SR-002527,AM-CL-0097,E-0289,Fee Invoice Question,2025-06-28T19:00:01.000Z,2025-06-29T09:09:07.000Z,Closed,5,1.55,false,Email,Low
AM-SR-002528,AM-CL-0020,E-0266,Data Feed Issue,2025-08-26T11:39:24.000Z,2025-08-28T11:56:06.000Z,Closed,2,2.62,true,Email,Medium
AM-SR-002529,AM-CL-0032,E-0279,Data Feed Issue,2025-10-23T10:00:50.000Z,2025-10-23T13:17:17.000Z,Closed,2,0.61,false,Email,Medium
AM-SR-002530,AM-CL-0113,E-0270,Performance Report,2024-11-30T18:54:49.000Z,2024-12-02T08:53:57.000Z,Closed,5,2.56,false,Email,Low
AM-SR-002531,AM-CL-0090,E-0267,Performance Report,2024-09-12T17:18:24.000Z,2024-09-14T12:38:43.000Z,Closed,5,2.38,false,Phone,Medium
AM-SR-002532,AM-CL-0070,E-0282,Fee Invoice Question,2026-04-17T11:07:51.000Z,2026-04-19T14:00:21.000Z,Closed,5,2.78,false,Email,High
AM-SR-002533,AM-CL-0129,E-0273,Reconciliation,2025-03-16T17:33:13.000Z,2025-03-17T14:02:21.000Z,Closed,3,1.55,false,Phone,Medium
AM-SR-002534,AM-CL-0099,E-0279,Reconciliation,2024-12-10T16:28:55.000Z,2024-12-12T11:08:30.000Z,Closed,3,2.16,false,Email,High
AM-SR-002535,AM-CL-0042,E-0286,Reconciliation,2025-09-30T16:32:36.000Z,2025-10-03T18:50:16.000Z,Closed,3,3.7,true,Portal,Medium
AM-SR-002536,AM-CL-0079,E-0270,Reconciliation,2025-10-10T17:26:24.000Z,2025-10-13T08:13:30.000Z,Closed,3,3.96,true,Email,Medium
AM-SR-002537,AM-CL-0015,E-0287,Performance Report,2025-01-27T12:00:17.000Z,2025-01-31T19:46:37.000Z,Closed,5,4.75,false,Email,Medium
AM-SR-002538,AM-CL-0094,E-0271,Compliance Attestation,2025-11-05T16:59:05.000Z,2025-12-03T16:48:43.000Z,Closed,10,28.7,true,Phone,Medium
AM-SR-002539,AM-CL-0063,E-0284,Performance Report,2025-08-09T16:13:55.000Z,2025-08-11T11:13:47.000Z,Closed,5,2.27,false,Portal,Low
AM-SR-002540,AM-CL-0082,E-0275,Performance Report,2025-07-06T12:06:37.000Z,2025-07-15T07:48:42.000Z,Closed,5,9.33,true,Portal,High
AM-SR-002541,AM-CL-0032,E-0279,Performance Report,2025-02-05T13:53:30.000Z,2025-02-09T07:14:22.000Z,Closed,5,4.89,false,Email,Medium
AM-SR-002542,AM-CL-0135,E-0287,Reconciliation,2024-11-09T12:41:44.000Z,2024-11-11T10:24:51.000Z,Closed,3,2.29,false,Email,Medium
AM-SR-002543,AM-CL-0086,E-0268,Reconciliation,2025-12-09T11:05:03.000Z,2025-12-11T16:38:12.000Z,Closed,3,2.56,false,Portal,Low
AM-SR-002544,AM-CL-0013,E-0277,Cash Movement,2025-08-08T09:37:32.000Z,2025-08-08T17:15:59.000Z,Closed,1,0.73,false,Portal,Medium
AM-SR-002545,AM-CL-0082,E-0275,Performance Report,2026-07-19T17:41:51.000Z,2026-07-20T14:13:28.000Z,Closed,5,1.65,false,Portal,Low
AM-SR-002546,AM-CL-0074,E-0280,Performance Report,2025-06-04T08:27:06.000Z,2025-06-08T17:12:42.000Z,Closed,5,4.11,false,Email,Medium
AM-SR-002547,AM-CL-0006,E-0284,Performance Report,2026-03-13T07:56:19.000Z,2026-03-15T11:41:45.000Z,Closed,5,2.31,false,Email,Medium
AM-SR-002548,AM-CL-0041,E-0279,Reconciliation,2025-11-14T12:52:57.000Z,2025-11-14T12:20:44.000Z,Closed,3,0.95,false,Phone,Medium
AM-SR-002549,AM-CL-0131,E-0285,Cash Movement,2025-06-10T17:59:54.000Z,2025-06-10T17:08:28.000Z,Closed,1,0.44,false,Portal,High
AM-SR-002550,AM-CL-0058,E-0280,Performance Report,2025-05-28T16:32:41.000Z,2025-05-31T18:17:09.000Z,Closed,5,3.16,false,Phone,Medium
AM-SR-002551,AM-CL-0035,E-0267,Fee Invoice Question,2025-05-27T18:41:19.000Z,2025-05-30T16:45:33.000Z,Closed,5,3.02,false,Portal,Medium
AM-SR-002552,AM-CL-0022,E-0273,Reconciliation,2025-11-20T19:13:25.000Z,2025-11-24T19:01:33.000Z,Closed,3,4.76,true,Email,Medium
AM-SR-002553,AM-CL-0051,E-0272,Performance Report,2025-10-26T07:18:07.000Z,2025-11-02T13:04:14.000Z,Closed,5,7.15,true,Portal,Medium
AM-SR-002554,AM-CL-0113,E-0270,Performance Report,2026-08-02T09:49:03.000Z,2026-08-06T07:05:04.000Z,Closed,5,4.07,false,Phone,Medium
AM-SR-002555,AM-CL-0014,E-0288,Fee Invoice Question,2024-09-02T08:21:38.000Z,2024-09-05T07:51:43.000Z,Closed,5,3.19,false,Portal,Medium
AM-SR-002556,AM-CL-0062,E-0278,Compliance Attestation,2026-06-30T14:31:51.000Z,2026-07-03T14:42:26.000Z,Closed,10,3.63,false,Email,Medium
AM-SR-002557,AM-CL-0045,E-0269,Performance Report,2024-09-07T08:19:41.000Z,2024-09-08T18:07:22.000Z,Closed,5,1.35,false,Email,Low
AM-SR-002558,AM-CL-0017,E-0281,Compliance Attestation,2026-07-21T12:04:32.000Z,2026-08-02T08:57:57.000Z,Closed,10,12.5,true,Email,High
AM-SR-002559,AM-CL-0140,E-0272,Cash Movement,2024-11-07T18:29:21.000Z,2024-11-07T11:56:37.000Z,Closed,1,0.34,false,Email,Low
AM-SR-002560,AM-CL-0091,E-0285,Performance Report,2024-10-07T18:46:03.000Z,2024-10-10T17:04:14.000Z,Closed,5,3.91,false,Portal,Medium
AM-SR-002561,AM-CL-0015,E-0287,Performance Report,2025-08-15T15:53:15.000Z,2025-08-21T19:26:59.000Z,Closed,5,6.15,true,Email,Low
AM-SR-002562,AM-CL-0097,E-0289,Performance Report,2025-05-28T15:25:13.000Z,2025-06-02T13:45:36.000Z,Closed,5,5.56,true,Email,Medium
AM-SR-002563,AM-CL-0066,E-0278,Reconciliation,2024-11-28T14:51:43.000Z,2024-11-28T18:42:53.000Z,Closed,3,0.66,false,Email,Low
AM-SR-002564,AM-CL-0010,E-0275,Data Feed Issue,2026-03-13T19:50:47.000Z,2026-03-14T15:24:55.000Z,Closed,2,1.33,false,Email,Low
AM-SR-002565,AM-CL-0020,E-0266,Fee Invoice Question,2025-12-30T14:06:24.000Z,2026-01-01T11:38:15.000Z,Closed,5,2.5,false,Portal,Low
AM-SR-002566,AM-CL-0040,E-0268,Performance Report,2026-03-16T16:12:53.000Z,2026-03-20T08:31:29.000Z,Closed,5,4.83,false,Portal,Medium
AM-SR-002567,AM-CL-0069,E-0274,Performance Report,2025-07-18T14:17:16.000Z,2025-07-22T07:08:58.000Z,Closed,5,4.12,false,Email,Medium
AM-SR-002568,AM-CL-0061,E-0290,Cash Movement,2026-05-31T16:06:21.000Z,2026-06-01T12:22:04.000Z,Closed,1,1.43,true,Portal,Medium
AM-SR-002569,AM-CL-0129,E-0273,Performance Report,2025-04-17T14:15:18.000Z,2025-04-18T07:01:41.000Z,Closed,5,1.99,false,Email,Medium
AM-SR-002570,AM-CL-0129,E-0273,Performance Report,2025-11-03T13:08:59.000Z,2025-11-08T07:54:50.000Z,Closed,5,5.44,true,Email,Medium
AM-SR-002571,AM-CL-0063,E-0284,Cash Movement,2024-11-09T13:43:28.000Z,2024-11-10T19:13:20.000Z,Closed,1,1.77,true,Portal,Medium
AM-SR-002572,AM-CL-0077,E-0282,Fee Invoice Question,2025-06-28T18:35:47.000Z,2025-06-29T08:19:23.000Z,Closed,5,1.34,false,Portal,Low
AM-SR-002573,AM-CL-0029,E-0266,Reconciliation,2024-10-26T13:01:44.000Z,2024-10-27T09:41:51.000Z,Closed,3,1.58,false,Email,High
AM-SR-002574,AM-CL-0063,E-0284,Fee Invoice Question,2025-10-29T12:47:42.000Z,2025-11-02T11:04:29.000Z,Closed,5,4.34,false,Portal,Medium
AM-SR-002575,AM-CL-0052,E-0285,Performance Report,2024-09-15T13:38:57.000Z,2024-09-25T12:13:30.000Z,Closed,5,10.75,true,Phone,Low
AM-SR-002576,AM-CL-0104,E-0279,Performance Report,2025-07-01T15:30:00.000Z,2025-07-07T12:40:42.000Z,Closed,5,6.76,true,Email,Medium
AM-SR-002577,AM-CL-0066,E-0278,Cash Movement,2025-09-10T16:20:36.000Z,2025-09-10T10:36:15.000Z,Closed,1,0.66,false,Portal,Low
AM-SR-002578,AM-CL-0120,E-0279,Reconciliation,2026-07-02T08:55:27.000Z,2026-07-10T18:18:46.000Z,Closed,3,8.42,true,Phone,Medium
AM-SR-002579,AM-CL-0007,E-0280,Reconciliation,2026-01-08T16:12:15.000Z,2026-01-13T14:54:53.000Z,Closed,3,5.85,true,Email,Medium
AM-SR-002580,AM-CL-0094,E-0271,Cash Movement,2025-04-24T13:33:57.000Z,2025-04-24T18:00:38.000Z,Closed,1,0.73,false,Portal,Medium
AM-SR-002581,AM-CL-0108,E-0272,Reconciliation,2024-10-06T07:29:22.000Z,2024-10-08T13:54:14.000Z,Closed,3,2.7,false,Email,Medium
AM-SR-002582,AM-CL-0026,E-0266,Performance Report,2026-07-25T18:21:24.000Z,2026-07-26T13:02:09.000Z,Closed,5,1.46,false,Email,High
AM-SR-002583,AM-CL-0012,E-0289,Reconciliation,2024-09-16T11:51:35.000Z,2024-09-20T09:18:28.000Z,Closed,3,4.05,true,Email,Low
AM-SR-002584,AM-CL-0121,E-0285,Reconciliation,2026-06-07T10:44:41.000Z,2026-06-08T18:47:50.000Z,Closed,3,1.84,false,Email,Low
AM-SR-002585,AM-CL-0130,E-0273,Compliance Attestation,2025-02-13T07:39:17.000Z,2025-02-18T18:35:17.000Z,Closed,10,5.53,false,Email,Medium
AM-SR-002586,AM-CL-0016,E-0269,Reconciliation,2025-01-17T14:13:58.000Z,2025-01-19T15:27:53.000Z,Closed,3,2.54,false,Email,Low
AM-SR-002587,AM-CL-0091,E-0285,Data Feed Issue,2026-02-10T10:48:59.000Z,2026-02-10T18:49:45.000Z,Closed,2,0.4,false,Email,Low
AM-SR-002588,AM-CL-0078,E-0278,Fee Invoice Question,2025-06-18T12:31:47.000Z,2025-06-20T11:31:06.000Z,Closed,5,2.34,false,Email,Medium
AM-SR-002589,AM-CL-0055,E-0268,Onboarding Document,2025-04-25T16:30:09.000Z,2025-05-06T10:22:22.000Z,Closed,7,11.2,true,Email,Medium
AM-SR-002590,AM-CL-0055,E-0268,Performance Report,2025-03-24T11:03:04.000Z,2025-03-26T07:33:58.000Z,Closed,5,2.09,false,Phone,Low
AM-SR-002591,AM-CL-0025,E-0287,Fee Invoice Question,2024-11-01T11:03:17.000Z,2024-11-10T13:36:34.000Z,Closed,5,9.51,true,Email,High
AM-SR-002592,AM-CL-0042,E-0286,Performance Report,2026-06-04T18:27:34.000Z,2026-06-06T08:52:26.000Z,Closed,5,2.09,false,Email,Medium
AM-SR-002593,AM-CL-0006,E-0284,Performance Report,2025-03-12T08:53:31.000Z,2025-03-14T09:12:34.000Z,Closed,5,2.36,false,Email,Low
AM-SR-002594,AM-CL-0056,E-0288,Reconciliation,2025-11-01T17:39:19.000Z,2025-11-03T13:44:03.000Z,Closed,3,2.63,false,Portal,Medium
AM-SR-002595,AM-CL-0072,E-0286,Reconciliation,2025-09-10T07:13:29.000Z,2025-09-11T16:02:01.000Z,Closed,3,1.82,false,Portal,Low
AM-SR-002596,AM-CL-0054,E-0290,Performance Report,2026-06-20T07:41:47.000Z,2026-06-23T07:17:32.000Z,Closed,5,3.48,false,Email,High
AM-SR-002597,AM-CL-0117,E-0289,Reconciliation,2025-03-22T08:55:34.000Z,2025-03-23T13:29:49.000Z,Closed,3,1.27,false,Portal,High
AM-SR-002598,AM-CL-0067,E-0275,Cash Movement,2025-10-24T14:51:13.000Z,2025-10-25T19:24:42.000Z,Closed,1,1.35,true,Email,Medium
AM-SR-002599,AM-CL-0023,E-0285,Reconciliation,2026-02-11T10:19:16.000Z,2026-02-20T17:55:11.000Z,Closed,3,9.93,true,Portal,Medium
AM-SR-002600,AM-CL-0118,E-0274,Reconciliation,2024-11-30T12:45:12.000Z,2024-12-01T14:17:35.000Z,Closed,3,1.35,false,Portal,Medium
AM-SR-002601,AM-CL-0073,E-0269,Onboarding Document,2024-09-05T07:00:40.000Z,2024-09-19T13:29:08.000Z,Closed,7,14.42,true,Email,Low
AM-SR-002602,AM-CL-0127,E-0266,Performance Report,2025-11-01T16:09:17.000Z,2025-11-02T10:34:15.000Z,Closed,5,1.99,false,Phone,Medium
AM-SR-002603,AM-CL-0114,E-0278,Fee Invoice Question,2024-12-19T11:05:13.000Z,2024-12-21T19:31:58.000Z,Closed,5,2.24,false,Email,Low
AM-SR-002604,AM-CL-0108,E-0272,Data Feed Issue,2026-01-29T13:54:15.000Z,2026-01-30T13:01:47.000Z,Closed,2,1.05,false,Email,Medium
AM-SR-002605,AM-CL-0108,E-0272,Performance Report,2024-11-03T16:08:06.000Z,2024-11-03T14:12:14.000Z,Closed,5,0.82,false,Email,High
AM-SR-002606,AM-CL-0069,E-0274,Fee Invoice Question,2025-09-20T07:46:52.000Z,2025-09-25T19:10:35.000Z,Closed,5,5.33,true,Portal,Low
AM-SR-002607,AM-CL-0119,E-0285,Performance Report,2025-10-19T13:36:55.000Z,2025-10-20T09:07:05.000Z,Closed,5,1.16,false,Portal,Medium
AM-SR-002608,AM-CL-0089,E-0280,Cash Movement,2025-08-16T09:01:34.000Z,2025-08-16T19:45:22.000Z,Closed,1,0.81,false,Portal,High
AM-SR-002609,AM-CL-0090,E-0267,Data Feed Issue,2026-08-29T12:28:45.000Z,,In Progress,2,,true,Email,High
AM-SR-002610,AM-CL-0089,E-0280,Compliance Attestation,2026-03-19T13:51:09.000Z,2026-03-24T18:48:51.000Z,Closed,10,5.91,false,Portal,Medium
AM-SR-002611,AM-CL-0128,E-0286,Compliance Attestation,2025-02-17T17:51:15.000Z,2025-02-27T19:58:27.000Z,Closed,10,10.38,true,Portal,Medium
AM-SR-002612,AM-CL-0093,E-0275,Reconciliation,2024-12-29T14:19:33.000Z,2024-12-29T10:31:10.000Z,Closed,3,0.96,false,Email,Low
AM-SR-002613,AM-CL-0044,E-0282,Performance Report,2025-07-01T19:30:42.000Z,2025-07-04T17:52:45.000Z,Closed,5,3.81,false,Portal,High
AM-SR-002614,AM-CL-0015,E-0287,Performance Report,2026-02-26T11:08:01.000Z,2026-02-27T11:22:39.000Z,Closed,5,1.4,false,Phone,High
AM-SR-002615,AM-CL-0066,E-0278,Reconciliation,2025-11-07T14:22:35.000Z,2025-11-09T09:50:27.000Z,Closed,3,2.17,false,Portal,Low
AM-SR-002616,AM-CL-0066,E-0278,Fee Invoice Question,2025-11-15T12:22:50.000Z,2025-11-19T18:14:36.000Z,Closed,5,4.82,false,Portal,Medium
AM-SR-002617,AM-CL-0043,E-0267,Compliance Attestation,2024-11-03T16:29:53.000Z,2024-11-11T14:48:30.000Z,Closed,10,8.04,false,Portal,Medium
AM-SR-002618,AM-CL-0083,E-0287,Performance Report,2025-07-26T19:17:37.000Z,2025-07-28T11:22:04.000Z,Closed,5,2.99,false,Email,Low
AM-SR-002619,AM-CL-0071,E-0279,Performance Report,2025-02-02T17:37:26.000Z,2025-02-05T07:14:43.000Z,Closed,5,3.48,false,Email,Low
AM-SR-002620,AM-CL-0007,E-0280,Data Feed Issue,2025-01-01T13:40:12.000Z,2025-01-02T13:47:51.000Z,Closed,2,1.01,false,Portal,High
AM-SR-002621,AM-CL-0074,E-0280,Performance Report,2025-01-21T09:49:47.000Z,2025-01-23T15:50:18.000Z,Closed,5,2.63,false,Email,Medium
AM-SR-002622,AM-CL-0006,E-0284,Compliance Attestation,2024-11-12T18:06:41.000Z,2024-11-15T17:33:24.000Z,Closed,10,3.38,false,Email,Medium
AM-SR-002623,AM-CL-0068,E-0283,Onboarding Document,2025-03-11T16:16:04.000Z,2025-03-17T16:53:02.000Z,Closed,7,6.95,false,Email,Low
AM-SR-002624,AM-CL-0120,E-0279,Performance Report,2024-11-17T08:05:38.000Z,2024-11-20T14:19:58.000Z,Closed,5,3.23,false,Phone,Low
AM-SR-002625,AM-CL-0121,E-0285,Fee Invoice Question,2025-02-13T18:09:23.000Z,2025-02-14T19:45:26.000Z,Closed,5,1.8,false,Email,Medium
AM-SR-002626,AM-CL-0122,E-0276,Onboarding Document,2025-05-24T14:10:33.000Z,2025-05-26T18:32:59.000Z,Closed,7,2.47,false,Email,Medium
AM-SR-002627,AM-CL-0116,E-0272,Performance Report,2026-04-20T08:03:57.000Z,2026-04-22T08:54:41.000Z,Closed,5,2.47,false,Email,Medium
AM-SR-002628,AM-CL-0082,E-0275,Data Feed Issue,2024-10-25T12:37:37.000Z,2024-10-28T15:44:49.000Z,Closed,2,3.12,true,Portal,Medium
AM-SR-002629,AM-CL-0116,E-0272,Performance Report,2025-05-09T10:46:08.000Z,2025-05-16T15:53:43.000Z,Closed,5,7.33,true,Email,Medium
AM-SR-002630,AM-CL-0120,E-0279,Reconciliation,2025-02-01T15:10:33.000Z,2025-02-05T08:07:26.000Z,Closed,3,4.18,true,Email,Low
AM-SR-002631,AM-CL-0044,E-0282,Reconciliation,2024-09-21T08:01:45.000Z,2024-09-25T09:41:47.000Z,Closed,3,4.63,true,Portal,Medium
AM-SR-002632,AM-CL-0120,E-0279,Fee Invoice Question,2024-09-06T07:30:45.000Z,2024-09-08T17:08:53.000Z,Closed,5,2.74,false,Email,Medium
AM-SR-002633,AM-CL-0124,E-0270,Reconciliation,2025-05-22T14:32:33.000Z,2025-05-23T18:02:26.000Z,Closed,3,1.31,false,Email,Low
AM-SR-002634,AM-CL-0117,E-0289,Performance Report,2025-03-22T11:18:34.000Z,2025-03-24T18:08:21.000Z,Closed,5,2.69,false,Email,Low
AM-SR-002635,AM-CL-0024,E-0282,Performance Report,2025-11-30T11:17:56.000Z,2025-12-03T19:53:24.000Z,Closed,5,3.55,false,Email,Medium
AM-SR-002636,AM-CL-0083,E-0287,Performance Report,2026-07-09T18:23:02.000Z,2026-07-13T11:55:40.000Z,Closed,5,4.35,false,Portal,Low
AM-SR-002637,AM-CL-0042,E-0286,Performance Report,2024-12-31T19:41:46.000Z,2025-01-10T10:24:13.000Z,Closed,5,10.72,true,Portal,Medium
AM-SR-002638,AM-CL-0059,E-0273,Cash Movement,2026-06-10T07:22:11.000Z,2026-06-11T18:24:42.000Z,Closed,1,1.61,true,Portal,Low
AM-SR-002639,AM-CL-0108,E-0272,Onboarding Document,2026-02-25T18:56:26.000Z,2026-03-01T18:00:05.000Z,Closed,7,4.38,false,Email,Medium
AM-SR-002640,AM-CL-0034,E-0271,Reconciliation,2025-02-04T12:08:50.000Z,2025-02-04T09:48:09.000Z,Closed,3,0.91,false,Email,Medium
AM-SR-002641,AM-CL-0081,E-0267,Data Feed Issue,2026-01-07T18:59:04.000Z,2026-01-08T17:15:06.000Z,Closed,2,1.06,false,Phone,Medium
AM-SR-002642,AM-CL-0098,E-0268,Fee Invoice Question,2026-01-24T12:34:37.000Z,2026-01-28T15:47:05.000Z,Closed,5,4.27,false,Portal,Medium
AM-SR-002643,AM-CL-0095,E-0280,Data Feed Issue,2024-10-20T17:01:19.000Z,2024-10-22T08:47:29.000Z,Closed,2,2.83,true,Phone,Low
AM-SR-002644,AM-CL-0107,E-0281,Reconciliation,2025-02-01T15:31:22.000Z,2025-02-03T13:40:48.000Z,Closed,3,2.99,false,Email,Low
AM-SR-002645,AM-CL-0121,E-0285,Reconciliation,2025-05-12T12:26:03.000Z,2025-05-13T13:15:16.000Z,Closed,3,1.66,false,Email,Medium
AM-SR-002646,AM-CL-0090,E-0267,Reconciliation,2025-12-21T11:51:29.000Z,2025-12-23T07:52:50.000Z,Closed,3,2.88,false,Email,Low
AM-SR-002647,AM-CL-0056,E-0288,Cash Movement,2025-06-28T10:09:45.000Z,2025-06-29T12:33:51.000Z,Closed,1,2.0,true,Portal,Medium
AM-SR-002648,AM-CL-0040,E-0268,Reconciliation,2025-05-22T14:11:36.000Z,2025-05-23T15:57:02.000Z,Closed,3,1.76,false,Portal,Medium
AM-SR-002649,AM-CL-0072,E-0286,Data Feed Issue,2025-06-05T15:25:04.000Z,2025-06-06T08:19:29.000Z,Closed,2,1.06,false,Portal,Medium
AM-SR-002650,AM-CL-0046,E-0270,Fee Invoice Question,2026-05-17T18:00:23.000Z,2026-05-23T07:09:56.000Z,Closed,5,6.6,true,Email,Medium
AM-SR-002651,AM-CL-0091,E-0285,Data Feed Issue,2024-11-07T12:49:20.000Z,2024-11-07T10:30:34.000Z,Closed,2,0.77,false,Email,High
AM-SR-002652,AM-CL-0089,E-0280,Cash Movement,2025-07-19T14:46:18.000Z,2025-07-21T08:15:06.000Z,Closed,1,2.27,true,Phone,Medium
AM-SR-002653,AM-CL-0023,E-0285,Performance Report,2025-12-09T18:24:00.000Z,2025-12-10T11:56:39.000Z,Closed,5,1.93,false,Email,Medium
AM-SR-002654,AM-CL-0042,E-0286,Data Feed Issue,2025-10-05T16:42:42.000Z,2025-10-06T19:40:18.000Z,Closed,2,1.57,false,Portal,Medium
AM-SR-002655,AM-CL-0059,E-0273,Cash Movement,2025-06-19T11:57:02.000Z,2025-06-19T08:09:12.000Z,Closed,1,0.34,false,Email,Medium
AM-SR-002656,AM-CL-0079,E-0270,Performance Report,2024-11-19T19:36:40.000Z,2024-11-21T10:23:01.000Z,Closed,5,2.2,false,Phone,High
AM-SR-002657,AM-CL-0089,E-0280,Performance Report,2026-08-29T09:39:08.000Z,2026-08-31T09:48:30.000Z,Closed,5,2.26,false,Email,Low
AM-SR-002658,AM-CL-0130,E-0273,Reconciliation,2024-09-09T17:48:36.000Z,2024-09-11T14:09:44.000Z,Closed,3,2.37,false,Email,High
AM-SR-002659,AM-CL-0103,E-0289,Performance Report,2025-06-05T07:16:42.000Z,2025-06-07T18:39:25.000Z,Closed,5,2.27,false,Portal,Low
AM-SR-002660,AM-CL-0035,E-0267,Cash Movement,2024-12-02T15:17:51.000Z,2024-12-02T18:48:03.000Z,Closed,1,0.73,false,Portal,Low
AM-SR-002661,AM-CL-0081,E-0267,Performance Report,2025-09-30T09:59:30.000Z,2025-10-05T07:17:47.000Z,Closed,5,5.99,true,Email,High
AM-SR-002662,AM-CL-0129,E-0273,Compliance Attestation,2026-07-18T11:49:34.000Z,2026-07-26T07:32:10.000Z,Closed,10,8.8,false,Email,High
AM-SR-002663,AM-CL-0050,E-0276,Fee Invoice Question,2026-04-09T14:39:23.000Z,2026-04-13T11:10:19.000Z,Closed,5,4.33,false,Email,Medium
AM-SR-002664,AM-CL-0078,E-0278,Performance Report,2026-07-10T17:38:48.000Z,2026-07-12T19:05:44.000Z,Closed,5,2.42,false,Portal,Low
AM-SR-002665,AM-CL-0024,E-0282,Performance Report,2026-08-23T12:59:56.000Z,2026-08-25T18:12:56.000Z,Closed,5,2.15,false,Portal,Medium
AM-SR-002666,AM-CL-0056,E-0288,Fee Invoice Question,2025-09-29T11:40:52.000Z,2025-10-01T15:28:30.000Z,Closed,5,2.26,false,Email,Low
AM-SR-002667,AM-CL-0114,E-0278,Reconciliation,2025-10-26T18:53:36.000Z,2025-10-27T11:16:51.000Z,Closed,3,1.03,false,Phone,Low
AM-SR-002668,AM-CL-0050,E-0276,Data Feed Issue,2024-12-01T07:57:39.000Z,2024-12-01T18:26:59.000Z,Closed,2,0.73,false,Email,High
AM-SR-002669,AM-CL-0016,E-0269,Data Feed Issue,2026-08-16T12:22:21.000Z,2026-08-18T09:31:45.000Z,Closed,2,2.16,true,Phone,High
AM-SR-002670,AM-CL-0024,E-0282,Reconciliation,2026-02-05T10:59:01.000Z,2026-02-07T18:20:50.000Z,Closed,3,2.38,false,Portal,Low
AM-SR-002671,AM-CL-0020,E-0266,Data Feed Issue,2026-08-27T14:46:10.000Z,2026-08-29T08:38:11.000Z,Closed,2,2.27,true,Email,Medium
AM-SR-002672,AM-CL-0044,E-0282,Performance Report,2026-01-23T12:14:16.000Z,2026-01-26T13:02:58.000Z,Closed,5,3.83,false,Portal,Low
AM-SR-002673,AM-CL-0025,E-0287,Reconciliation,2026-01-30T13:50:40.000Z,2026-02-03T17:52:00.000Z,Closed,3,4.45,true,Phone,Medium
AM-SR-002674,AM-CL-0060,E-0284,Performance Report,2024-09-23T10:17:45.000Z,2024-09-30T17:06:08.000Z,Closed,5,7.07,true,Phone,Medium
AM-SR-002675,AM-CL-0056,E-0288,Performance Report,2025-11-03T14:46:31.000Z,2025-11-07T19:09:42.000Z,Closed,5,4.54,false,Portal,High
AM-SR-002676,AM-CL-0007,E-0280,Fee Invoice Question,2025-02-24T09:03:02.000Z,2025-02-25T10:54:24.000Z,Closed,5,1.82,false,Portal,Medium
AM-SR-002677,AM-CL-0059,E-0273,Reconciliation,2026-07-21T12:57:00.000Z,2026-07-21T09:34:24.000Z,Closed,3,0.73,false,Email,Medium
AM-SR-002678,AM-CL-0113,E-0270,Performance Report,2024-12-17T15:53:40.000Z,2024-12-21T14:59:01.000Z,Closed,5,4.02,false,Portal,Medium
AM-SR-002679,AM-CL-0061,E-0290,Performance Report,2025-10-01T14:31:02.000Z,2025-10-04T12:50:11.000Z,Closed,5,3.27,false,Email,Medium
AM-SR-002680,AM-CL-0039,E-0275,Onboarding Document,2024-10-11T08:14:03.000Z,2024-10-21T12:44:48.000Z,Closed,7,10.14,true,Portal,Low
AM-SR-002681,AM-CL-0002,E-0268,Reconciliation,2024-11-30T10:14:36.000Z,2024-12-01T16:09:29.000Z,Closed,3,1.93,false,Portal,High
AM-SR-002682,AM-CL-0004,E-0272,Performance Report,2026-01-24T11:24:08.000Z,2026-01-26T10:59:06.000Z,Closed,5,2.12,false,Email,Low
AM-SR-002683,AM-CL-0039,E-0275,Reconciliation,2025-10-15T18:49:23.000Z,2025-10-18T12:05:14.000Z,Closed,3,3.9,true,Portal,Medium
AM-SR-002684,AM-CL-0097,E-0289,Compliance Attestation,2025-09-14T12:02:03.000Z,2025-09-19T14:51:01.000Z,Closed,10,5.95,false,Email,Medium
AM-SR-002685,AM-CL-0108,E-0272,Compliance Attestation,2025-01-25T14:25:31.000Z,2025-02-04T19:45:14.000Z,Closed,10,10.58,true,Portal,Low
AM-SR-002686,AM-CL-0013,E-0277,Reconciliation,2025-11-26T09:58:40.000Z,2025-11-30T16:29:32.000Z,Closed,3,4.1,true,Email,Medium
AM-SR-002687,AM-CL-0096,E-0272,Fee Invoice Question,2024-12-26T18:24:03.000Z,2024-12-31T12:40:40.000Z,Closed,5,5.04,true,Email,Low
AM-SR-002688,AM-CL-0040,E-0268,Reconciliation,2025-01-02T10:01:59.000Z,2025-01-05T14:37:00.000Z,Closed,3,3.41,true,Portal,Low
AM-SR-002689,AM-CL-0121,E-0285,Onboarding Document,2026-08-29T08:23:20.000Z,,In Progress,7,,true,Email,Medium
AM-SR-002690,AM-CL-0040,E-0268,Reconciliation,2025-09-12T09:06:22.000Z,2025-09-24T14:04:25.000Z,Closed,3,12.19,true,Email,Medium
AM-SR-002691,AM-CL-0110,E-0286,Onboarding Document,2026-04-07T10:58:56.000Z,2026-04-09T11:34:21.000Z,Closed,7,2.05,false,Email,Medium
AM-SR-002692,AM-CL-0011,E-0271,Compliance Attestation,2025-10-31T11:07:50.000Z,2025-11-12T12:10:54.000Z,Closed,10,12.72,true,Email,Medium
AM-SR-002693,AM-CL-0039,E-0275,Performance Report,2024-09-22T12:35:47.000Z,2024-09-27T14:11:59.000Z,Closed,5,5.79,true,Portal,High
AM-SR-002694,AM-CL-0070,E-0282,Cash Movement,2024-09-27T09:00:45.000Z,2024-09-27T08:09:38.000Z,Closed,1,0.82,false,Portal,Medium
AM-SR-002695,AM-CL-0047,E-0266,Cash Movement,2025-03-31T11:57:30.000Z,2025-04-01T17:53:21.000Z,Closed,1,1.08,true,Phone,Low
AM-SR-002696,AM-CL-0094,E-0271,Compliance Attestation,2025-09-07T17:57:49.000Z,2025-09-16T11:05:44.000Z,Closed,10,9.4,false,Portal,Low
AM-SR-002697,AM-CL-0047,E-0266,Cash Movement,2025-05-19T13:02:36.000Z,2025-05-19T19:02:04.000Z,Closed,1,0.29,false,Email,Medium
AM-SR-002698,AM-CL-0123,E-0272,Cash Movement,2026-03-13T13:57:35.000Z,2026-03-13T07:42:20.000Z,Closed,1,0.57,false,Phone,Low
AM-SR-002699,AM-CL-0091,E-0285,Fee Invoice Question,2025-10-02T15:20:05.000Z,2025-10-06T16:39:31.000Z,Closed,5,4.56,false,Portal,Low
AM-SR-002700,AM-CL-0066,E-0278,Data Feed Issue,2025-08-24T14:02:28.000Z,2025-08-25T12:30:22.000Z,Closed,2,1.14,false,Email,High
AM-SR-002701,AM-CL-0140,E-0272,Onboarding Document,2025-08-13T07:18:43.000Z,2025-08-18T16:27:33.000Z,Closed,7,5.79,false,Email,Medium
AM-SR-002702,AM-CL-0021,E-0286,Data Feed Issue,2026-07-15T13:09:18.000Z,2026-07-16T17:16:12.000Z,Closed,2,1.25,false,Email,Medium
AM-SR-002703,AM-CL-0080,E-0275,Reconciliation,2024-10-23T12:54:28.000Z,2024-10-25T10:06:33.000Z,Closed,3,2.08,false,Email,Medium
AM-SR-002704,AM-CL-0138,E-0271,Performance Report,2024-09-03T13:04:34.000Z,2024-09-07T16:28:44.000Z,Closed,5,4.25,false,Portal,Medium
AM-SR-002705,AM-CL-0077,E-0282,Cash Movement,2025-07-19T18:16:35.000Z,2025-07-19T19:12:56.000Z,Closed,1,0.62,false,Portal,Low
AM-SR-002706,AM-CL-0063,E-0284,Performance Report,2024-11-12T12:32:44.000Z,2024-12-05T14:24:17.000Z,Closed,5,23.47,true,Email,Low
AM-SR-002707,AM-CL-0064,E-0274,Fee Invoice Question,2025-03-19T17:08:14.000Z,2025-03-29T13:50:50.000Z,Closed,5,10.95,true,Email,Medium
AM-SR-002708,AM-CL-0136,E-0287,Cash Movement,2026-07-12T09:29:15.000Z,2026-07-12T11:54:04.000Z,Closed,1,0.79,false,Email,High
AM-SR-002709,AM-CL-0077,E-0282,Onboarding Document,2025-02-05T10:20:57.000Z,2025-02-12T14:28:29.000Z,Closed,7,7.46,true,Portal,Low
AM-SR-002710,AM-CL-0025,E-0287,Fee Invoice Question,2024-11-21T08:43:28.000Z,2024-12-02T18:36:03.000Z,Closed,5,11.97,true,Portal,High
AM-SR-002711,AM-CL-0115,E-0274,Fee Invoice Question,2025-01-18T18:21:16.000Z,2025-01-19T16:10:39.000Z,Closed,5,1.91,false,Portal,Low
AM-SR-002712,AM-CL-0064,E-0274,Reconciliation,2025-07-24T09:14:44.000Z,2025-07-26T17:11:30.000Z,Closed,3,2.74,false,Email,Medium
AM-SR-002713,AM-CL-0043,E-0267,Reconciliation,2026-01-30T19:13:04.000Z,2026-01-31T18:05:00.000Z,Closed,3,1.47,false,Portal,High
AM-SR-002714,AM-CL-0021,E-0286,Cash Movement,2026-03-07T11:12:54.000Z,2026-03-07T16:56:20.000Z,Closed,1,0.8,false,Portal,Medium
AM-SR-002715,AM-CL-0057,E-0281,Reconciliation,2025-10-25T10:33:04.000Z,2025-10-29T09:42:52.000Z,Closed,3,4.31,true,Portal,Medium
AM-SR-002716,AM-CL-0051,E-0272,Cash Movement,2025-01-26T07:41:34.000Z,2025-01-27T19:12:33.000Z,Closed,1,1.26,true,Email,High
AM-SR-002717,AM-CL-0007,E-0280,Data Feed Issue,2024-11-07T10:08:39.000Z,2024-11-09T18:42:50.000Z,Closed,2,2.95,true,Email,High
AM-SR-002718,AM-CL-0008,E-0279,Cash Movement,2024-12-26T16:58:00.000Z,2024-12-26T08:21:06.000Z,Closed,1,0.58,false,Portal,High
AM-SR-002719,AM-CL-0044,E-0282,Performance Report,2025-08-15T07:06:55.000Z,2025-08-17T18:57:54.000Z,Closed,5,2.56,false,Email,Medium
AM-SR-002720,AM-CL-0058,E-0280,Performance Report,2025-08-30T08:24:47.000Z,2025-09-03T17:36:22.000Z,Closed,5,4.27,false,Phone,Medium
AM-SR-002721,AM-CL-0040,E-0268,Cash Movement,2025-06-02T17:04:32.000Z,2025-06-02T17:17:37.000Z,Closed,1,0.37,false,Portal,High
AM-SR-002722,AM-CL-0069,E-0274,Reconciliation,2025-01-15T15:57:20.000Z,2025-01-18T10:59:47.000Z,Closed,3,3.19,true,Portal,High
AM-SR-002723,AM-CL-0075,E-0270,Compliance Attestation,2025-06-28T08:35:17.000Z,2025-07-11T09:32:47.000Z,Closed,10,13.05,true,Email,Low
AM-SR-002724,AM-CL-0093,E-0275,Data Feed Issue,2025-06-12T14:08:46.000Z,2025-06-12T14:28:15.000Z,Closed,2,0.87,false,Email,Low
AM-SR-002725,AM-CL-0109,E-0288,Data Feed Issue,2026-03-01T07:53:20.000Z,2026-03-01T16:54:51.000Z,Closed,2,0.88,false,Portal,Medium
AM-SR-002726,AM-CL-0137,E-0284,Cash Movement,2026-03-01T10:01:50.000Z,2026-03-01T10:32:14.000Z,Closed,1,0.84,false,Portal,Medium
AM-SR-002727,AM-CL-0017,E-0281,Reconciliation,2025-06-11T18:07:07.000Z,2025-06-13T12:33:56.000Z,Closed,3,2.93,false,Email,Low
AM-SR-002728,AM-CL-0057,E-0281,Performance Report,2026-03-02T12:49:38.000Z,2026-03-03T14:23:40.000Z,Closed,5,1.26,false,Portal,Low
AM-SR-002729,AM-CL-0020,E-0266,Fee Invoice Question,2026-06-19T07:02:01.000Z,2026-06-22T17:22:05.000Z,Closed,5,3.13,false,Email,High
AM-SR-002730,AM-CL-0138,E-0271,Compliance Attestation,2024-09-16T17:57:52.000Z,2024-09-21T07:19:11.000Z,Closed,10,5.31,false,Portal,Low
AM-SR-002731,AM-CL-0032,E-0279,Performance Report,2025-04-27T11:19:42.000Z,2025-04-29T09:42:11.000Z,Closed,5,2.36,false,Portal,Low
AM-SR-002732,AM-CL-0056,E-0288,Performance Report,2025-10-12T12:31:49.000Z,2025-10-14T10:12:40.000Z,Closed,5,2.09,false,Email,Medium
AM-SR-002733,AM-CL-0043,E-0267,Compliance Attestation,2026-06-29T07:04:53.000Z,2026-07-02T14:41:30.000Z,Closed,10,3.27,false,Email,Medium
AM-SR-002734,AM-CL-0076,E-0282,Reconciliation,2025-09-19T10:19:59.000Z,2025-09-22T12:16:57.000Z,Closed,3,3.46,true,Portal,Medium
AM-SR-002735,AM-CL-0020,E-0266,Performance Report,2026-01-10T07:54:36.000Z,2026-01-12T11:51:08.000Z,Closed,5,2.44,false,Portal,Medium
AM-SR-002736,AM-CL-0015,E-0287,Reconciliation,2026-01-09T09:08:47.000Z,2026-01-10T08:24:47.000Z,Closed,3,1.85,false,Portal,Low
AM-SR-002737,AM-CL-0056,E-0288,Performance Report,2026-05-08T13:14:49.000Z,2026-05-18T17:34:11.000Z,Closed,5,10.44,true,Email,High
AM-SR-002738,AM-CL-0051,E-0272,Onboarding Document,2026-01-18T09:55:06.000Z,2026-01-23T07:57:14.000Z,Closed,7,5.06,false,Email,Low
AM-SR-002739,AM-CL-0045,E-0269,Performance Report,2025-12-09T17:59:12.000Z,2025-12-12T09:43:36.000Z,Closed,5,3.99,false,Phone,Medium
AM-SR-002740,AM-CL-0104,E-0279,Performance Report,2025-11-15T09:51:29.000Z,2025-11-18T17:31:19.000Z,Closed,5,3.0,false,Email,Medium
AM-SR-002741,AM-CL-0013,E-0277,Compliance Attestation,2026-02-16T12:56:47.000Z,2026-03-04T16:49:50.000Z,Closed,10,16.81,true,Portal,Low
AM-SR-002742,AM-CL-0053,E-0271,Fee Invoice Question,2026-01-23T10:04:40.000Z,2026-01-27T08:59:39.000Z,Closed,5,4.2,false,Email,Low
AM-SR-002743,AM-CL-0032,E-0279,Data Feed Issue,2025-03-02T15:09:11.000Z,2025-03-04T13:57:53.000Z,Closed,2,2.8,true,Email,Low
AM-SR-002744,AM-CL-0072,E-0286,Cash Movement,2025-10-07T14:00:52.000Z,2025-10-07T19:16:24.000Z,Closed,1,0.94,false,Email,Medium
AM-SR-002745,AM-CL-0019,E-0283,Performance Report,2026-01-24T18:41:08.000Z,2026-01-27T19:00:51.000Z,Closed,5,3.69,false,Email,Low
AM-SR-002746,AM-CL-0130,E-0273,Data Feed Issue,2025-11-12T10:53:24.000Z,2025-11-13T09:28:58.000Z,Closed,2,1.27,false,Portal,Low
AM-SR-002747,AM-CL-0093,E-0275,Performance Report,2026-08-15T07:46:59.000Z,2026-08-21T14:39:01.000Z,Closed,5,6.75,true,Email,High
AM-SR-002748,AM-CL-0048,E-0284,Reconciliation,2024-12-09T16:42:20.000Z,2024-12-10T07:36:35.000Z,Closed,3,1.2,false,Email,High
AM-SR-002749,AM-CL-0082,E-0275,Performance Report,2026-08-29T14:51:26.000Z,2026-08-31T16:35:00.000Z,Closed,5,2.46,false,Email,Low
AM-SR-002750,AM-CL-0135,E-0287,Data Feed Issue,2025-07-02T10:21:43.000Z,2025-07-05T17:30:57.000Z,Closed,2,3.5,true,Portal,High
AM-SR-002751,AM-CL-0126,E-0270,Performance Report,2025-02-18T09:18:00.000Z,2025-02-22T19:25:18.000Z,Closed,5,4.23,false,Portal,Medium
AM-SR-002752,AM-CL-0001,E-0279,Onboarding Document,2024-09-06T16:53:01.000Z,2024-09-08T08:41:40.000Z,Closed,7,2.66,false,Email,Medium
AM-SR-002753,AM-CL-0055,E-0268,Performance Report,2026-06-14T16:31:14.000Z,2026-06-16T13:35:52.000Z,Closed,5,2.47,false,Email,Medium
AM-SR-002754,AM-CL-0014,E-0288,Reconciliation,2025-09-22T08:13:44.000Z,2025-09-24T07:42:15.000Z,Closed,3,2.88,false,Email,Medium
AM-SR-002755,AM-CL-0043,E-0267,Fee Invoice Question,2025-03-04T13:49:25.000Z,2025-03-14T10:03:53.000Z,Closed,5,10.61,true,Email,Low
AM-SR-002756,AM-CL-0008,E-0279,Fee Invoice Question,2026-06-28T18:26:17.000Z,2026-06-29T16:26:21.000Z,Closed,5,1.96,false,Portal,Medium
AM-SR-002757,AM-CL-0093,E-0275,Fee Invoice Question,2025-07-12T18:24:53.000Z,2025-07-16T11:16:28.000Z,Closed,5,4.01,false,Portal,High
AM-SR-002758,AM-CL-0004,E-0272,Data Feed Issue,2026-07-30T10:56:45.000Z,2026-07-31T16:22:24.000Z,Closed,2,1.06,false,Email,Medium
AM-SR-002759,AM-CL-0094,E-0271,Reconciliation,2025-01-29T14:02:44.000Z,2025-01-30T18:15:58.000Z,Closed,3,1.7,false,Portal,Medium
AM-SR-002760,AM-CL-0067,E-0275,Performance Report,2024-12-29T16:09:45.000Z,2025-01-12T07:04:33.000Z,Closed,5,14.74,true,Email,Medium
AM-SR-002761,AM-CL-0101,E-0289,Performance Report,2026-03-26T15:08:25.000Z,2026-04-04T18:36:41.000Z,Closed,5,9.95,true,Portal,Low
AM-SR-002762,AM-CL-0032,E-0279,Reconciliation,2026-03-09T15:02:15.000Z,2026-03-11T16:31:51.000Z,Closed,3,2.18,false,Email,High
AM-SR-002763,AM-CL-0020,E-0266,Data Feed Issue,2026-03-03T17:38:47.000Z,2026-03-03T11:10:35.000Z,Closed,2,0.66,false,Portal,Low
AM-SR-002764,AM-CL-0104,E-0279,Performance Report,2026-06-27T08:45:48.000Z,2026-06-29T18:09:50.000Z,Closed,5,2.49,false,Email,Medium
AM-SR-002765,AM-CL-0024,E-0282,Performance Report,2026-03-25T16:16:12.000Z,2026-03-28T11:06:29.000Z,Closed,5,3.94,false,Portal,High
AM-SR-002766,AM-CL-0097,E-0289,Performance Report,2024-12-07T08:25:08.000Z,2024-12-11T18:03:28.000Z,Closed,5,4.57,false,Email,Medium
AM-SR-002767,AM-CL-0037,E-0282,Fee Invoice Question,2026-01-19T18:26:47.000Z,2026-01-24T14:43:15.000Z,Closed,5,5.34,true,Portal,Low
AM-SR-002768,AM-CL-0112,E-0289,Compliance Attestation,2025-09-15T08:16:14.000Z,2025-09-24T13:14:19.000Z,Closed,10,9.87,false,Portal,Low
AM-SR-002769,AM-CL-0072,E-0286,Cash Movement,2026-02-13T18:13:29.000Z,2026-02-14T12:43:28.000Z,Closed,1,1.43,true,Portal,Medium
AM-SR-002770,AM-CL-0073,E-0269,Fee Invoice Question,2025-04-12T11:54:31.000Z,2025-04-17T08:13:05.000Z,Closed,5,5.27,true,Portal,Medium
AM-SR-002771,AM-CL-0106,E-0272,Performance Report,2025-02-27T16:36:16.000Z,2025-03-04T16:38:38.000Z,Closed,5,5.28,true,Portal,Medium
AM-SR-002772,AM-CL-0114,E-0278,Fee Invoice Question,2024-10-26T07:32:46.000Z,2024-10-27T14:37:29.000Z,Closed,5,1.82,false,Email,Low
AM-SR-002773,AM-CL-0079,E-0270,Cash Movement,2026-03-08T08:36:47.000Z,2026-03-08T17:50:56.000Z,Closed,1,0.61,false,Email,Medium
AM-SR-002774,AM-CL-0082,E-0275,Data Feed Issue,2026-01-28T09:26:25.000Z,2026-01-30T07:09:01.000Z,Closed,2,2.25,true,Email,Low
AM-SR-002775,AM-CL-0038,E-0288,Onboarding Document,2026-07-18T18:10:40.000Z,2026-07-26T16:08:26.000Z,Closed,7,8.99,true,Portal,Low
AM-SR-002776,AM-CL-0105,E-0284,Fee Invoice Question,2026-01-09T08:01:48.000Z,2026-01-16T11:49:15.000Z,Closed,5,7.87,true,Email,Low
AM-SR-002777,AM-CL-0116,E-0272,Onboarding Document,2026-08-24T12:10:54.000Z,2026-08-28T15:43:36.000Z,Closed,7,4.91,false,Email,Medium
AM-SR-002778,AM-CL-0094,E-0271,Reconciliation,2025-03-29T08:35:13.000Z,2025-03-30T15:28:26.000Z,Closed,3,1.37,false,Portal,Low
AM-SR-002779,AM-CL-0055,E-0268,Onboarding Document,2026-05-02T07:11:28.000Z,2026-05-07T11:54:43.000Z,Closed,7,5.04,false,Portal,Medium
AM-SR-002780,AM-CL-0045,E-0269,Performance Report,2025-05-17T09:54:06.000Z,2025-05-19T15:23:56.000Z,Closed,5,2.41,false,Email,Low
AM-SR-002781,AM-CL-0135,E-0287,Fee Invoice Question,2025-02-08T17:02:46.000Z,2025-02-09T13:17:21.000Z,Closed,5,1.99,false,Email,Low
AM-SR-002782,AM-CL-0101,E-0289,Reconciliation,2024-11-26T17:12:26.000Z,2024-11-28T09:57:57.000Z,Closed,3,2.38,false,Email,High
AM-SR-002783,AM-CL-0018,E-0266,Onboarding Document,2025-01-30T12:27:09.000Z,2025-02-03T15:05:26.000Z,Closed,7,4.24,false,Portal,Low
AM-SR-002784,AM-CL-0137,E-0284,Performance Report,2025-08-04T19:43:10.000Z,2025-08-07T16:02:55.000Z,Closed,5,3.38,false,Email,Low
AM-SR-002785,AM-CL-0096,E-0272,Cash Movement,2025-03-18T08:08:17.000Z,2025-03-18T08:28:58.000Z,Closed,1,0.83,false,Email,Low
AM-SR-002786,AM-CL-0029,E-0266,Cash Movement,2026-06-09T07:51:48.000Z,2026-06-10T14:50:24.000Z,Closed,1,1.2,true,Portal,Low
AM-SR-002787,AM-CL-0036,E-0267,Reconciliation,2025-04-13T07:38:04.000Z,2025-04-17T08:56:38.000Z,Closed,3,4.17,true,Email,Low
AM-SR-002788,AM-CL-0070,E-0282,Cash Movement,2025-02-12T08:35:56.000Z,2025-02-12T12:03:00.000Z,Closed,1,0.72,false,Email,High
AM-SR-002789,AM-CL-0045,E-0269,Onboarding Document,2025-02-26T11:23:05.000Z,2025-03-03T18:50:41.000Z,Closed,7,5.08,false,Email,High
AM-SR-002790,AM-CL-0061,E-0290,Fee Invoice Question,2025-01-05T08:00:20.000Z,2025-01-12T15:22:02.000Z,Closed,5,7.13,true,Portal,Low
AM-SR-002791,AM-CL-0008,E-0279,Data Feed Issue,2025-07-16T08:28:03.000Z,2025-07-17T13:09:18.000Z,Closed,2,1.95,false,Email,Medium
AM-SR-002792,AM-CL-0090,E-0267,Performance Report,2025-08-03T19:50:21.000Z,2025-08-05T11:50:57.000Z,Closed,5,2.42,false,Portal,Low
AM-SR-002793,AM-CL-0061,E-0290,Reconciliation,2025-01-26T16:01:32.000Z,2025-01-27T09:35:34.000Z,Closed,3,1.59,false,Email,Medium
AM-SR-002794,AM-CL-0052,E-0285,Performance Report,2025-03-21T15:36:44.000Z,2025-03-23T13:42:11.000Z,Closed,5,2.42,false,Email,Medium
AM-SR-002795,AM-CL-0016,E-0269,Performance Report,2024-09-14T14:15:38.000Z,2024-09-16T09:56:01.000Z,Closed,5,2.43,false,Email,Medium
AM-SR-002796,AM-CL-0132,E-0273,Performance Report,2025-12-24T19:01:57.000Z,2025-12-29T07:28:21.000Z,Closed,5,5.83,true,Email,Low
AM-SR-002797,AM-CL-0045,E-0269,Fee Invoice Question,2026-06-12T19:53:17.000Z,2026-06-15T09:21:35.000Z,Closed,5,3.83,false,Portal,Medium
AM-SR-002798,AM-CL-0038,E-0288,Cash Movement,2025-07-20T15:07:01.000Z,2025-07-20T11:01:52.000Z,Closed,1,0.39,false,Email,Medium
AM-SR-002799,AM-CL-0056,E-0288,Reconciliation,2025-05-14T19:08:26.000Z,2025-05-15T09:22:05.000Z,Closed,3,1.97,false,Email,Low
AM-SR-002800,AM-CL-0043,E-0267,Reconciliation,2026-02-04T12:25:32.000Z,2026-02-08T15:53:15.000Z,Closed,3,4.3,true,Email,Low
AM-SR-002801,AM-CL-0064,E-0274,Reconciliation,2025-02-26T08:34:16.000Z,2025-02-28T15:07:39.000Z,Closed,3,2.61,false,Portal,Low
AM-SR-002802,AM-CL-0100,E-0284,Performance Report,2024-12-12T15:21:55.000Z,2024-12-14T09:42:27.000Z,Closed,5,2.55,false,Email,Medium
AM-SR-002803,AM-CL-0063,E-0284,Compliance Attestation,2025-06-07T09:08:50.000Z,2025-06-16T16:50:10.000Z,Closed,10,9.62,false,Email,Medium
AM-SR-002804,AM-CL-0111,E-0270,Performance Report,2025-03-24T13:32:11.000Z,2025-03-28T16:34:54.000Z,Closed,5,4.51,false,Portal,Low
AM-SR-002805,AM-CL-0085,E-0267,Reconciliation,2026-03-07T13:24:09.000Z,2026-03-14T14:10:00.000Z,Closed,3,7.46,true,Email,Medium
AM-SR-002806,AM-CL-0105,E-0284,Performance Report,2026-01-17T07:19:05.000Z,2026-01-19T16:21:33.000Z,Closed,5,2.83,false,Email,High
AM-SR-002807,AM-CL-0004,E-0272,Data Feed Issue,2026-07-16T13:27:04.000Z,2026-07-18T13:58:44.000Z,Closed,2,2.08,true,Portal,Low
AM-SR-002808,AM-CL-0032,E-0279,Reconciliation,2025-01-09T19:22:22.000Z,2025-01-15T17:31:34.000Z,Closed,3,6.2,true,Phone,Low
AM-SR-002809,AM-CL-0011,E-0271,Performance Report,2025-05-14T16:41:47.000Z,2025-05-18T11:40:25.000Z,Closed,5,4.13,false,Email,Low
AM-SR-002810,AM-CL-0090,E-0267,Reconciliation,2026-07-17T15:32:23.000Z,2026-07-17T12:43:26.000Z,Closed,3,0.66,false,Portal,Low
AM-SR-002811,AM-CL-0062,E-0278,Onboarding Document,2025-10-04T16:18:33.000Z,2025-10-14T10:11:18.000Z,Closed,7,10.82,true,Email,High
AM-SR-002812,AM-CL-0097,E-0289,Onboarding Document,2026-07-30T15:59:30.000Z,2026-08-05T09:40:00.000Z,Closed,7,6.13,false,Email,Medium
AM-SR-002813,AM-CL-0121,E-0285,Fee Invoice Question,2025-01-23T09:31:17.000Z,2025-01-26T15:57:07.000Z,Closed,5,3.26,false,Portal,Low
AM-SR-002814,AM-CL-0105,E-0284,Reconciliation,2026-04-17T08:02:05.000Z,2026-04-19T07:53:15.000Z,Closed,3,2.41,false,Portal,Medium
AM-SR-002815,AM-CL-0092,E-0284,Fee Invoice Question,2026-07-06T16:15:47.000Z,2026-07-19T10:06:36.000Z,Closed,5,13.36,true,Portal,Medium
AM-SR-002816,AM-CL-0136,E-0287,Fee Invoice Question,2024-10-31T19:22:16.000Z,2024-11-05T07:40:57.000Z,Closed,5,5.94,true,Portal,Medium
AM-SR-002817,AM-CL-0110,E-0286,Reconciliation,2026-03-27T19:24:24.000Z,2026-03-28T07:41:14.000Z,Closed,3,1.63,false,Email,Low
AM-SR-002818,AM-CL-0042,E-0286,Cash Movement,2026-08-05T16:36:38.000Z,2026-08-05T13:04:12.000Z,Closed,1,0.82,false,Email,Low
AM-SR-002819,AM-CL-0089,E-0280,Onboarding Document,2024-12-16T17:54:56.000Z,2024-12-21T13:24:24.000Z,Closed,7,5.2,false,Portal,Medium
AM-SR-002820,AM-CL-0005,E-0277,Fee Invoice Question,2024-11-07T16:23:44.000Z,2024-11-11T17:23:54.000Z,Closed,5,4.94,false,Email,Low
AM-SR-002821,AM-CL-0023,E-0285,Reconciliation,2025-06-18T15:25:41.000Z,2025-06-23T11:17:27.000Z,Closed,3,5.04,true,Portal,Medium
AM-SR-002822,AM-CL-0088,E-0271,Cash Movement,2025-02-21T18:11:49.000Z,2025-02-22T10:16:26.000Z,Closed,1,1.71,true,Email,Low
AM-SR-002823,AM-CL-0029,E-0266,Performance Report,2025-02-04T13:44:33.000Z,2025-02-09T19:50:36.000Z,Closed,5,5.75,true,Portal,Medium
AM-SR-002824,AM-CL-0103,E-0289,Cash Movement,2025-04-15T10:31:53.000Z,2025-04-16T18:16:44.000Z,Closed,1,1.37,true,Email,Medium
AM-SR-002825,AM-CL-0034,E-0271,Data Feed Issue,2025-05-08T12:15:46.000Z,2025-05-10T17:53:17.000Z,Closed,2,2.51,true,Phone,Low
AM-SR-002826,AM-CL-0133,E-0275,Fee Invoice Question,2025-04-01T10:31:02.000Z,2025-04-03T08:41:15.000Z,Closed,5,2.46,false,Email,Medium
AM-SR-002827,AM-CL-0030,E-0275,Data Feed Issue,2025-08-08T15:36:06.000Z,2025-08-08T18:18:56.000Z,Closed,2,0.84,false,Portal,Medium
AM-SR-002828,AM-CL-0036,E-0267,Data Feed Issue,2025-06-20T16:31:15.000Z,2025-06-20T16:10:10.000Z,Closed,2,0.98,false,Portal,Medium
AM-SR-002829,AM-CL-0003,E-0280,Reconciliation,2024-09-01T09:40:48.000Z,2024-09-02T17:24:06.000Z,Closed,3,1.52,false,Email,Low
AM-SR-002830,AM-CL-0079,E-0270,Performance Report,2026-02-12T18:08:45.000Z,2026-02-16T10:12:18.000Z,Closed,5,4.08,false,Portal,High
AM-SR-002831,AM-CL-0057,E-0281,Onboarding Document,2025-04-30T11:47:40.000Z,2025-05-10T19:58:07.000Z,Closed,7,10.21,true,Email,Medium
AM-SR-002832,AM-CL-0100,E-0284,Onboarding Document,2024-12-05T07:19:08.000Z,2024-12-11T10:19:06.000Z,Closed,7,6.05,false,Portal,Low
AM-SR-002833,AM-CL-0079,E-0270,Cash Movement,2026-05-24T19:57:04.000Z,2026-05-24T15:57:25.000Z,Closed,1,0.8,false,Email,Medium
AM-SR-002834,AM-CL-0035,E-0267,Cash Movement,2024-11-07T18:43:45.000Z,2024-11-07T11:43:36.000Z,Closed,1,0.95,false,Email,High
AM-SR-002835,AM-CL-0030,E-0275,Reconciliation,2026-03-21T09:52:29.000Z,2026-03-22T18:13:01.000Z,Closed,3,1.57,false,Email,High
AM-SR-002836,AM-CL-0089,E-0280,Onboarding Document,2025-07-11T08:19:53.000Z,2025-07-14T12:01:06.000Z,Closed,7,3.81,false,Email,Low
AM-SR-002837,AM-CL-0083,E-0287,Performance Report,2026-04-03T19:55:45.000Z,2026-04-08T09:00:36.000Z,Closed,5,5.42,true,Portal,Medium
AM-SR-002838,AM-CL-0039,E-0275,Cash Movement,2025-05-06T11:11:43.000Z,2025-05-07T13:10:46.000Z,Closed,1,1.42,true,Email,Medium
AM-SR-002839,AM-CL-0026,E-0266,Performance Report,2025-12-25T18:26:20.000Z,2025-12-27T16:28:10.000Z,Closed,5,2.53,false,Email,Low
AM-SR-002840,AM-CL-0063,E-0284,Performance Report,2025-09-04T19:32:09.000Z,2025-09-07T18:06:37.000Z,Closed,5,3.1,false,Phone,High
AM-SR-002841,AM-CL-0049,E-0289,Performance Report,2025-02-10T12:18:13.000Z,2025-02-12T18:53:11.000Z,Closed,5,2.24,false,Portal,Medium
AM-SR-002842,AM-CL-0034,E-0271,Performance Report,2026-07-25T17:41:17.000Z,2026-07-29T09:06:41.000Z,Closed,5,4.36,false,Portal,Low
AM-SR-002843,AM-CL-0047,E-0266,Compliance Attestation,2025-04-05T08:33:22.000Z,2025-04-19T15:56:53.000Z,Closed,10,14.68,true,Portal,Medium
AM-SR-002844,AM-CL-0082,E-0275,Reconciliation,2025-01-19T17:23:48.000Z,2025-01-21T13:39:06.000Z,Closed,3,2.16,false,Portal,Medium
AM-SR-002845,AM-CL-0110,E-0286,Fee Invoice Question,2025-03-26T14:49:39.000Z,2025-03-28T16:08:46.000Z,Closed,5,2.86,false,Email,Medium
AM-SR-002846,AM-CL-0047,E-0266,Cash Movement,2025-04-30T08:56:17.000Z,2025-04-30T13:54:03.000Z,Closed,1,0.52,false,Portal,High
AM-SR-002847,AM-CL-0035,E-0267,Reconciliation,2024-12-18T14:06:22.000Z,2024-12-20T15:42:22.000Z,Closed,3,2.16,false,Email,Medium
AM-SR-002848,AM-CL-0094,E-0271,Performance Report,2025-06-01T12:49:45.000Z,2025-06-03T13:34:43.000Z,Closed,5,2.09,false,Portal,Medium
AM-SR-002849,AM-CL-0095,E-0280,Reconciliation,2025-01-18T07:44:03.000Z,2025-01-21T10:11:19.000Z,Closed,3,3.38,true,Portal,Low
AM-SR-002850,AM-CL-0138,E-0271,Reconciliation,2026-05-24T07:23:44.000Z,2026-05-28T08:08:50.000Z,Closed,3,4.39,true,Portal,High
AM-SR-002851,AM-CL-0097,E-0289,Compliance Attestation,2025-11-22T07:56:20.000Z,2025-12-03T07:49:29.000Z,Closed,10,11.21,true,Email,Medium
AM-SR-002852,AM-CL-0083,E-0287,Performance Report,2026-07-06T11:35:54.000Z,2026-07-08T11:14:54.000Z,Closed,5,2.24,false,Email,Low
AM-SR-002853,AM-CL-0068,E-0283,Reconciliation,2025-03-07T12:26:26.000Z,2025-03-09T16:06:30.000Z,Closed,3,2.75,false,Portal,Low
AM-SR-002854,AM-CL-0066,E-0278,Reconciliation,2025-07-18T19:28:39.000Z,2025-07-18T10:35:32.000Z,Closed,3,0.84,false,Email,Low
AM-SR-002855,AM-CL-0022,E-0273,Reconciliation,2025-07-24T16:05:11.000Z,2025-07-26T16:32:41.000Z,Closed,3,2.01,false,Portal,Medium
AM-SR-002856,AM-CL-0080,E-0275,Performance Report,2025-04-21T09:12:59.000Z,2025-04-23T18:15:27.000Z,Closed,5,2.69,false,Email,High
AM-SR-002857,AM-CL-0030,E-0275,Performance Report,2025-01-14T11:33:25.000Z,2025-01-17T18:18:08.000Z,Closed,5,3.75,false,Email,Low
AM-SR-002858,AM-CL-0073,E-0269,Data Feed Issue,2026-04-22T19:51:45.000Z,2026-04-23T11:39:48.000Z,Closed,2,1.65,false,Portal,Low
AM-SR-002859,AM-CL-0038,E-0288,Cash Movement,2026-03-26T08:38:10.000Z,2026-03-26T08:09:59.000Z,Closed,1,0.23,false,Phone,Medium
AM-SR-002860,AM-CL-0091,E-0285,Performance Report,2024-10-30T08:43:14.000Z,2024-11-03T18:05:32.000Z,Closed,5,4.97,false,Portal,Medium
AM-SR-002861,AM-CL-0001,E-0279,Onboarding Document,2026-06-01T08:01:48.000Z,2026-06-06T08:01:53.000Z,Closed,7,5.18,false,Portal,Medium
AM-SR-002862,AM-CL-0026,E-0266,Reconciliation,2025-08-29T15:17:18.000Z,2025-08-31T12:39:27.000Z,Closed,3,2.03,false,Portal,High
AM-SR-002863,AM-CL-0073,E-0269,Cash Movement,2025-03-26T17:46:07.000Z,2025-03-28T11:57:27.000Z,Closed,1,2.55,true,Email,Low
AM-SR-002864,AM-CL-0062,E-0278,Performance Report,2025-12-10T12:30:53.000Z,2025-12-11T19:49:37.000Z,Closed,5,1.76,false,Email,Low
AM-SR-002865,AM-CL-0090,E-0267,Onboarding Document,2026-04-15T14:29:07.000Z,2026-04-24T18:07:51.000Z,Closed,7,9.38,true,Email,Medium
AM-SR-002866,AM-CL-0005,E-0277,Reconciliation,2025-03-17T08:46:55.000Z,2025-03-18T19:47:04.000Z,Closed,3,1.89,false,Email,High
AM-SR-002867,AM-CL-0069,E-0274,Cash Movement,2024-09-19T13:20:27.000Z,2024-09-21T12:46:09.000Z,Closed,1,2.34,true,Portal,Low
AM-SR-002868,AM-CL-0135,E-0287,Reconciliation,2025-01-16T15:19:05.000Z,2025-01-17T17:17:21.000Z,Closed,3,1.58,false,Email,Low
AM-SR-002869,AM-CL-0140,E-0272,Reconciliation,2025-03-25T15:53:50.000Z,2025-03-28T15:31:53.000Z,Closed,3,3.88,true,Phone,Low
AM-SR-002870,AM-CL-0085,E-0267,Fee Invoice Question,2026-07-21T15:09:12.000Z,2026-07-23T17:01:01.000Z,Closed,5,2.2,false,Portal,Medium
AM-SR-002871,AM-CL-0050,E-0276,Cash Movement,2024-12-18T09:47:37.000Z,2024-12-18T17:18:03.000Z,Closed,1,0.42,false,Email,Medium
AM-SR-002872,AM-CL-0027,E-0271,Performance Report,2026-02-12T12:17:54.000Z,2026-02-17T17:01:01.000Z,Closed,5,5.77,true,Portal,Medium
AM-SR-002873,AM-CL-0055,E-0268,Performance Report,2024-09-10T17:22:22.000Z,2024-09-12T18:43:34.000Z,Closed,5,2.85,false,Email,High
AM-SR-002874,AM-CL-0103,E-0289,Performance Report,2025-08-12T16:46:54.000Z,2025-08-16T16:46:53.000Z,Closed,5,4.3,false,Email,High
AM-SR-002875,AM-CL-0101,E-0289,Reconciliation,2025-03-19T17:31:33.000Z,2025-03-20T12:40:01.000Z,Closed,3,1.88,false,Portal,Low
AM-SR-002876,AM-CL-0103,E-0289,Reconciliation,2026-06-02T18:45:29.000Z,2026-06-03T07:56:56.000Z,Closed,3,1.78,false,Portal,Medium
AM-SR-002877,AM-CL-0088,E-0271,Compliance Attestation,2025-03-30T11:34:52.000Z,2025-04-09T12:33:42.000Z,Closed,10,10.99,true,Email,Medium
AM-SR-002878,AM-CL-0132,E-0273,Compliance Attestation,2026-02-17T07:05:27.000Z,2026-02-19T10:24:31.000Z,Closed,10,2.35,false,Portal,Low
AM-SR-002879,AM-CL-0138,E-0271,Reconciliation,2026-01-17T09:39:12.000Z,2026-01-17T17:27:25.000Z,Closed,3,0.63,false,Phone,Low
AM-SR-002880,AM-CL-0090,E-0267,Compliance Attestation,2025-11-07T18:25:45.000Z,2025-11-12T09:19:13.000Z,Closed,10,5.68,false,Email,Low
AM-SR-002881,AM-CL-0103,E-0289,Reconciliation,2025-07-25T14:09:22.000Z,2025-07-27T13:51:00.000Z,Closed,3,2.23,false,Email,Medium
AM-SR-002882,AM-CL-0064,E-0274,Performance Report,2025-06-07T18:50:42.000Z,2025-06-09T10:54:00.000Z,Closed,5,2.82,false,Email,Medium
AM-SR-002883,AM-CL-0039,E-0275,Onboarding Document,2025-12-05T08:58:22.000Z,2025-12-09T13:12:29.000Z,Closed,7,4.28,false,Portal,Medium
AM-SR-002884,AM-CL-0031,E-0276,Cash Movement,2025-02-17T17:03:01.000Z,2025-02-17T16:07:28.000Z,Closed,1,0.55,false,Phone,Medium
AM-SR-002885,AM-CL-0120,E-0279,Reconciliation,2024-11-07T17:06:12.000Z,2024-11-08T07:48:47.000Z,Closed,3,1.73,false,Portal,Medium
AM-SR-002886,AM-CL-0059,E-0273,Reconciliation,2026-04-09T11:54:18.000Z,2026-04-20T15:48:00.000Z,Closed,3,11.27,true,Email,Medium
AM-SR-002887,AM-CL-0043,E-0267,Onboarding Document,2026-08-18T10:32:55.000Z,2026-08-22T09:37:50.000Z,Closed,7,4.55,false,Portal,Low
AM-SR-002888,AM-CL-0053,E-0271,Fee Invoice Question,2025-11-01T16:28:34.000Z,2025-11-07T19:15:06.000Z,Closed,5,6.14,true,Email,Medium
AM-SR-002889,AM-CL-0001,E-0279,Performance Report,2025-11-21T11:44:34.000Z,2025-11-23T07:58:50.000Z,Closed,5,2.05,false,Email,Medium
AM-SR-002890,AM-CL-0126,E-0270,Cash Movement,2025-01-24T16:00:01.000Z,2025-01-24T15:47:25.000Z,Closed,1,0.42,false,Portal,High
AM-SR-002891,AM-CL-0053,E-0271,Performance Report,2026-01-14T17:41:13.000Z,2026-01-17T08:55:42.000Z,Closed,5,3.58,false,Portal,Medium
AM-SR-002892,AM-CL-0043,E-0267,Performance Report,2025-06-16T15:04:07.000Z,2025-06-19T16:17:15.000Z,Closed,5,3.78,false,Email,Low
AM-SR-002893,AM-CL-0007,E-0280,Data Feed Issue,2026-01-31T18:21:46.000Z,2026-01-31T10:20:12.000Z,Closed,2,0.61,false,Email,Medium
AM-SR-002894,AM-CL-0026,E-0266,Reconciliation,2026-05-02T09:14:14.000Z,2026-05-03T19:17:06.000Z,Closed,3,1.71,false,Email,Medium
AM-SR-002895,AM-CL-0085,E-0267,Compliance Attestation,2026-04-17T08:15:11.000Z,2026-05-06T11:44:29.000Z,Closed,10,19.63,true,Email,Medium
AM-SR-002896,AM-CL-0063,E-0284,Performance Report,2025-04-22T15:41:24.000Z,2025-04-25T08:17:26.000Z,Closed,5,3.33,false,Email,High
AM-SR-002897,AM-CL-0055,E-0268,Performance Report,2025-06-16T08:25:18.000Z,2025-06-26T11:43:38.000Z,Closed,5,10.21,true,Portal,Medium
AM-SR-002898,AM-CL-0126,E-0270,Fee Invoice Question,2025-05-01T12:28:06.000Z,2025-05-05T19:23:35.000Z,Closed,5,4.24,false,Portal,Low
AM-SR-002899,AM-CL-0102,E-0277,Fee Invoice Question,2025-02-06T12:48:10.000Z,2025-02-07T12:46:38.000Z,Closed,5,1.75,false,Email,Medium
AM-SR-002900,AM-CL-0014,E-0288,Reconciliation,2025-04-24T11:11:43.000Z,2025-04-24T12:19:45.000Z,Closed,3,1.0,false,Portal,Low
AM-SR-002901,AM-CL-0014,E-0288,Performance Report,2024-09-11T18:07:07.000Z,2024-09-11T09:16:46.000Z,Closed,5,0.77,false,Email,High
AM-SR-002902,AM-CL-0040,E-0268,Fee Invoice Question,2025-03-15T11:27:51.000Z,2025-03-24T19:32:47.000Z,Closed,5,9.35,true,Portal,Medium
AM-SR-002903,AM-CL-0068,E-0283,Performance Report,2024-11-22T09:44:29.000Z,2024-11-23T14:05:38.000Z,Closed,5,1.94,false,Email,Medium
AM-SR-002904,AM-CL-0107,E-0281,Reconciliation,2024-11-09T14:08:12.000Z,2024-11-09T11:40:07.000Z,Closed,3,0.91,false,Email,Medium
AM-SR-002905,AM-CL-0140,E-0272,Reconciliation,2026-05-18T07:11:59.000Z,2026-05-21T12:25:48.000Z,Closed,3,3.36,true,Portal,Low
AM-SR-002906,AM-CL-0097,E-0289,Onboarding Document,2026-06-27T09:42:49.000Z,2026-07-01T19:54:33.000Z,Closed,7,4.98,false,Portal,Low
AM-SR-002907,AM-CL-0096,E-0272,Performance Report,2026-03-22T10:06:42.000Z,2026-03-24T16:49:54.000Z,Closed,5,2.83,false,Phone,Low
AM-SR-002908,AM-CL-0035,E-0267,Performance Report,2025-01-20T15:14:13.000Z,2025-01-24T10:57:31.000Z,Closed,5,4.13,false,Email,Low
AM-SR-002909,AM-CL-0046,E-0270,Performance Report,2025-12-25T18:06:58.000Z,2025-12-28T09:53:36.000Z,Closed,5,3.56,false,Email,High
AM-SR-002910,AM-CL-0119,E-0285,Performance Report,2026-05-15T14:32:04.000Z,2026-05-17T18:33:57.000Z,Closed,5,2.62,false,Email,Medium
AM-SR-002911,AM-CL-0036,E-0267,Compliance Attestation,2024-11-09T19:32:03.000Z,2024-11-12T16:31:34.000Z,Closed,10,3.34,false,Email,Low
AM-SR-002912,AM-CL-0120,E-0279,Onboarding Document,2025-04-27T17:21:24.000Z,2025-04-30T16:42:38.000Z,Closed,7,3.52,false,Email,Medium
AM-SR-002913,AM-CL-0014,E-0288,Reconciliation,2025-08-03T12:14:44.000Z,2025-08-04T07:54:43.000Z,Closed,3,1.02,false,Email,Medium
AM-SR-002914,AM-CL-0137,E-0284,Reconciliation,2026-02-19T13:18:04.000Z,2026-02-21T17:03:48.000Z,Closed,3,2.93,false,Email,Low
AM-SR-002915,AM-CL-0058,E-0280,Fee Invoice Question,2026-02-01T09:44:06.000Z,2026-02-04T18:16:53.000Z,Closed,5,3.71,false,Portal,Medium
AM-SR-002916,AM-CL-0117,E-0289,Reconciliation,2025-05-04T13:16:23.000Z,2025-05-08T11:04:54.000Z,Closed,3,4.52,true,Email,Medium
AM-SR-002917,AM-CL-0139,E-0266,Reconciliation,2026-02-26T16:54:34.000Z,2026-02-26T11:09:21.000Z,Closed,3,0.39,false,Portal,Low
AM-SR-002918,AM-CL-0099,E-0279,Reconciliation,2025-05-11T15:28:48.000Z,2025-05-11T12:14:06.000Z,Closed,3,0.95,false,Email,Medium
AM-SR-002919,AM-CL-0129,E-0273,Reconciliation,2025-06-24T19:05:03.000Z,2025-06-26T18:35:08.000Z,Closed,3,2.32,false,Portal,Low
AM-SR-002920,AM-CL-0012,E-0289,Fee Invoice Question,2026-08-08T18:12:30.000Z,2026-08-13T19:38:03.000Z,Closed,5,5.37,true,Portal,Low
AM-SR-002921,AM-CL-0102,E-0277,Performance Report,2024-11-18T08:39:51.000Z,2024-11-24T13:49:31.000Z,Closed,5,6.17,true,Portal,Medium
AM-SR-002922,AM-CL-0059,E-0273,Data Feed Issue,2024-11-30T19:29:37.000Z,2024-11-30T14:36:36.000Z,Closed,2,0.86,false,Email,Low
AM-SR-002923,AM-CL-0107,E-0281,Onboarding Document,2024-12-15T10:41:23.000Z,2024-12-20T16:18:08.000Z,Closed,7,5.4,false,Email,Medium
AM-SR-002924,AM-CL-0091,E-0285,Performance Report,2026-05-24T19:27:51.000Z,2026-06-21T14:36:06.000Z,Closed,5,28.25,true,Email,Low
AM-SR-002925,AM-CL-0126,E-0270,Performance Report,2026-03-03T09:12:35.000Z,2026-03-04T11:10:19.000Z,Closed,5,1.12,false,Email,Low
AM-SR-002926,AM-CL-0095,E-0280,Performance Report,2026-02-01T17:44:12.000Z,2026-02-05T08:53:32.000Z,Closed,5,4.68,false,Email,Medium
AM-SR-002927,AM-CL-0137,E-0284,Cash Movement,2025-02-21T08:02:49.000Z,2025-02-21T16:34:08.000Z,Closed,1,0.87,false,Phone,Medium
AM-SR-002928,AM-CL-0029,E-0266,Reconciliation,2024-12-05T10:05:15.000Z,2024-12-05T07:50:08.000Z,Closed,3,0.76,false,Phone,Low
AM-SR-002929,AM-CL-0061,E-0290,Onboarding Document,2025-05-09T07:54:26.000Z,2025-05-10T10:39:08.000Z,Closed,7,1.9,false,Portal,High
AM-SR-002930,AM-CL-0078,E-0278,Performance Report,2025-04-27T11:01:21.000Z,2025-04-30T08:38:31.000Z,Closed,5,3.67,false,Phone,Low
AM-SR-002931,AM-CL-0100,E-0284,Reconciliation,2025-08-09T08:52:04.000Z,2025-08-10T19:31:25.000Z,Closed,3,1.28,false,Phone,Low
AM-SR-002932,AM-CL-0013,E-0277,Performance Report,2025-12-16T16:43:47.000Z,2025-12-19T14:51:59.000Z,Closed,5,3.78,false,Portal,Low
AM-SR-002933,AM-CL-0129,E-0273,Onboarding Document,2025-02-28T18:45:07.000Z,2025-03-04T17:44:35.000Z,Closed,7,4.17,false,Portal,Medium
AM-SR-002934,AM-CL-0052,E-0285,Data Feed Issue,2024-09-20T08:18:18.000Z,2024-09-20T18:31:53.000Z,Closed,2,0.64,false,Portal,Medium
AM-SR-002935,AM-CL-0063,E-0284,Performance Report,2025-11-02T19:17:47.000Z,2025-11-05T16:46:53.000Z,Closed,5,3.65,false,Portal,Low
AM-SR-002936,AM-CL-0016,E-0269,Compliance Attestation,2026-07-11T16:13:39.000Z,2026-07-15T12:34:49.000Z,Closed,10,4.73,false,Email,Medium
AM-SR-002937,AM-CL-0117,E-0289,Fee Invoice Question,2025-09-24T14:19:21.000Z,2025-09-25T12:02:57.000Z,Closed,5,1.87,false,Email,Medium
AM-SR-002938,AM-CL-0018,E-0266,Cash Movement,2026-08-10T13:00:01.000Z,2026-08-10T14:29:51.000Z,Closed,1,0.81,false,Portal,Low
AM-SR-002939,AM-CL-0093,E-0275,Compliance Attestation,2025-09-12T11:33:54.000Z,2025-09-15T16:58:12.000Z,Closed,10,3.49,false,Email,Medium
AM-SR-002940,AM-CL-0029,E-0266,Cash Movement,2025-09-17T10:33:23.000Z,2025-09-17T17:01:45.000Z,Closed,1,0.35,false,Portal,Low
AM-SR-002941,AM-CL-0082,E-0275,Data Feed Issue,2025-10-25T09:07:38.000Z,2025-10-27T09:10:59.000Z,Closed,2,2.96,true,Email,High
AM-SR-002942,AM-CL-0045,E-0269,Fee Invoice Question,2025-11-26T15:11:31.000Z,2025-11-28T12:51:43.000Z,Closed,5,2.4,false,Phone,High
AM-SR-002943,AM-CL-0090,E-0267,Cash Movement,2026-03-03T11:14:44.000Z,2026-03-04T15:01:22.000Z,Closed,1,1.65,true,Email,Medium
AM-SR-002944,AM-CL-0040,E-0268,Reconciliation,2025-05-01T15:31:18.000Z,2025-05-02T19:54:10.000Z,Closed,3,1.22,false,Phone,Low
AM-SR-002945,AM-CL-0034,E-0271,Reconciliation,2025-12-06T07:44:24.000Z,2025-12-06T18:31:50.000Z,Closed,3,0.93,false,Email,Low
AM-SR-002946,AM-CL-0071,E-0279,Cash Movement,2025-01-17T16:42:30.000Z,2025-01-17T16:10:54.000Z,Closed,1,0.67,false,Portal,Medium
AM-SR-002947,AM-CL-0137,E-0284,Onboarding Document,2025-05-17T11:47:19.000Z,2025-05-19T14:46:25.000Z,Closed,7,2.27,false,Email,High
AM-SR-002948,AM-CL-0064,E-0274,Compliance Attestation,2025-12-10T13:55:10.000Z,2025-12-19T11:27:10.000Z,Closed,10,9.38,false,Portal,Low
AM-SR-002949,AM-CL-0001,E-0279,Data Feed Issue,2025-09-10T11:26:48.000Z,2025-09-12T13:33:44.000Z,Closed,2,2.14,true,Email,Medium
AM-SR-002950,AM-CL-0036,E-0267,Cash Movement,2024-10-04T10:06:54.000Z,2024-10-04T15:33:11.000Z,Closed,1,0.7,false,Email,Medium
AM-SR-002951,AM-CL-0116,E-0272,Fee Invoice Question,2025-04-03T08:32:38.000Z,2025-04-07T16:12:54.000Z,Closed,5,4.85,false,Phone,High
AM-SR-002952,AM-CL-0139,E-0266,Data Feed Issue,2026-02-16T07:45:38.000Z,2026-02-19T19:30:04.000Z,Closed,2,3.32,true,Portal,Low
AM-SR-002953,AM-CL-0055,E-0268,Reconciliation,2025-12-13T07:21:20.000Z,2025-12-14T12:39:15.000Z,Closed,3,1.81,false,Portal,Low
AM-SR-002954,AM-CL-0007,E-0280,Performance Report,2025-03-28T19:48:21.000Z,2025-04-01T18:34:28.000Z,Closed,5,4.09,false,Email,Medium
AM-SR-002955,AM-CL-0062,E-0278,Compliance Attestation,2026-07-18T07:26:10.000Z,2026-07-22T07:47:43.000Z,Closed,10,4.62,false,Email,Medium
AM-SR-002956,AM-CL-0120,E-0279,Performance Report,2026-05-14T11:37:29.000Z,2026-05-17T09:52:19.000Z,Closed,5,3.55,false,Portal,High
AM-SR-002957,AM-CL-0025,E-0287,Cash Movement,2024-09-09T08:31:53.000Z,2024-09-09T15:07:22.000Z,Closed,1,0.41,false,Portal,Medium
AM-SR-002958,AM-CL-0068,E-0283,Onboarding Document,2026-02-27T12:49:13.000Z,2026-03-19T16:21:22.000Z,Closed,7,20.68,true,Portal,Medium
AM-SR-002959,AM-CL-0093,E-0275,Cash Movement,2024-10-04T16:30:33.000Z,2024-10-05T07:11:55.000Z,Closed,1,1.2,true,Email,Medium
AM-SR-002960,AM-CL-0030,E-0275,Onboarding Document,2024-11-23T13:29:09.000Z,2024-11-27T19:57:37.000Z,Closed,7,4.78,false,Portal,High
AM-SR-002961,AM-CL-0066,E-0278,Performance Report,2025-10-02T14:58:41.000Z,2025-10-07T19:04:09.000Z,Closed,5,5.44,true,Email,Medium
AM-SR-002962,AM-CL-0080,E-0275,Performance Report,2025-05-23T19:58:55.000Z,2025-05-25T16:06:20.000Z,Closed,5,2.43,false,Phone,Low
AM-SR-002963,AM-CL-0091,E-0285,Compliance Attestation,2025-04-20T14:16:38.000Z,2025-04-29T17:56:56.000Z,Closed,10,9.59,false,Portal,Low
AM-SR-002964,AM-CL-0053,E-0271,Reconciliation,2026-08-08T19:09:55.000Z,2026-08-12T07:12:08.000Z,Closed,3,4.07,true,Phone,Low
AM-SR-002965,AM-CL-0071,E-0279,Fee Invoice Question,2026-03-18T15:11:00.000Z,2026-03-22T10:24:20.000Z,Closed,5,4.22,false,Portal,Medium
AM-SR-002966,AM-CL-0016,E-0269,Performance Report,2026-06-25T09:45:29.000Z,2026-07-02T11:58:03.000Z,Closed,5,7.4,true,Portal,Medium
AM-SR-002967,AM-CL-0072,E-0286,Performance Report,2025-10-24T17:45:45.000Z,2025-10-26T15:19:30.000Z,Closed,5,2.95,false,Portal,Low
AM-SR-002968,AM-CL-0077,E-0282,Performance Report,2026-01-09T19:57:17.000Z,2026-01-12T12:38:30.000Z,Closed,5,3.3,false,Phone,Medium
AM-SR-002969,AM-CL-0072,E-0286,Performance Report,2025-11-03T18:24:57.000Z,2025-11-06T16:16:15.000Z,Closed,5,3.37,false,Phone,Medium
AM-SR-002970,AM-CL-0097,E-0289,Performance Report,2025-11-16T19:37:05.000Z,2025-11-27T17:39:34.000Z,Closed,5,11.93,true,Portal,Low
AM-SR-002971,AM-CL-0016,E-0269,Performance Report,2025-11-29T13:44:13.000Z,2025-12-03T12:32:39.000Z,Closed,5,4.54,false,Phone,High
AM-SR-002972,AM-CL-0093,E-0275,Compliance Attestation,2026-01-01T08:43:48.000Z,2026-01-11T09:37:21.000Z,Closed,10,10.63,true,Portal,Low
AM-SR-002973,AM-CL-0052,E-0285,Reconciliation,2025-07-25T16:55:52.000Z,2025-07-28T19:48:54.000Z,Closed,3,3.07,true,Email,Low
AM-SR-002974,AM-CL-0035,E-0267,Cash Movement,2025-08-24T10:40:07.000Z,2025-08-24T19:04:18.000Z,Closed,1,0.17,false,Email,Low
AM-SR-002975,AM-CL-0026,E-0266,Onboarding Document,2025-05-26T07:39:53.000Z,2025-05-29T18:10:33.000Z,Closed,7,3.18,false,Phone,Low
AM-SR-002976,AM-CL-0068,E-0283,Compliance Attestation,2024-10-06T10:54:11.000Z,2024-10-11T10:46:49.000Z,Closed,10,5.27,false,Portal,Medium
AM-SR-002977,AM-CL-0137,E-0284,Cash Movement,2024-11-07T08:27:57.000Z,2024-11-07T10:15:18.000Z,Closed,1,0.63,false,Phone,Medium
AM-SR-002978,AM-CL-0133,E-0275,Data Feed Issue,2026-05-15T11:33:21.000Z,2026-05-16T16:54:37.000Z,Closed,2,1.3,false,Phone,Medium
AM-SR-002979,AM-CL-0102,E-0277,Reconciliation,2024-09-25T16:47:59.000Z,2024-09-27T10:49:41.000Z,Closed,3,2.2,false,Email,Low
AM-SR-002980,AM-CL-0125,E-0286,Fee Invoice Question,2026-05-22T18:21:34.000Z,2026-05-24T10:44:35.000Z,Closed,5,2.16,false,Portal,Medium
AM-SR-002981,AM-CL-0093,E-0275,Fee Invoice Question,2026-02-03T09:47:55.000Z,2026-02-08T17:01:05.000Z,Closed,5,5.23,true,Email,Medium
AM-SR-002982,AM-CL-0055,E-0268,Onboarding Document,2025-02-06T17:58:21.000Z,2025-02-08T19:21:26.000Z,Closed,7,2.49,false,Email,Low
AM-SR-002983,AM-CL-0031,E-0276,Performance Report,2026-04-04T08:02:20.000Z,2026-04-06T08:02:19.000Z,Closed,5,2.98,false,Email,Low
AM-SR-002984,AM-CL-0124,E-0270,Reconciliation,2026-04-16T10:23:15.000Z,2026-04-16T19:32:24.000Z,Closed,3,0.83,false,Email,Medium
AM-SR-002985,AM-CL-0138,E-0271,Reconciliation,2025-02-23T16:43:13.000Z,2025-02-24T16:06:59.000Z,Closed,3,1.23,false,Email,Medium
AM-SR-002986,AM-CL-0056,E-0288,Data Feed Issue,2025-04-12T15:21:51.000Z,2025-04-13T09:54:34.000Z,Closed,2,1.28,false,Email,Medium
AM-SR-002987,AM-CL-0041,E-0279,Data Feed Issue,2026-01-08T12:28:08.000Z,2026-01-09T07:50:24.000Z,Closed,2,1.23,false,Email,Low
AM-SR-002988,AM-CL-0070,E-0282,Data Feed Issue,2026-02-27T11:58:35.000Z,2026-02-28T15:16:03.000Z,Closed,2,1.34,false,Email,Medium
AM-SR-002989,AM-CL-0139,E-0266,Compliance Attestation,2025-06-10T11:10:05.000Z,2025-06-22T19:20:07.000Z,Closed,10,12.29,true,Portal,Medium
AM-SR-002990,AM-CL-0065,E-0286,Reconciliation,2026-07-16T19:51:56.000Z,2026-07-18T10:58:26.000Z,Closed,3,2.92,false,Email,Low
AM-SR-002991,AM-CL-0118,E-0274,Performance Report,2026-03-20T17:29:33.000Z,2026-03-28T10:53:33.000Z,Closed,5,8.63,true,Portal,Low
AM-SR-002992,AM-CL-0040,E-0268,Performance Report,2025-08-09T12:40:47.000Z,2025-08-13T10:42:16.000Z,Closed,5,4.5,false,Portal,Medium
AM-SR-002993,AM-CL-0090,E-0267,Performance Report,2025-01-04T07:03:25.000Z,2025-01-08T09:40:42.000Z,Closed,5,4.12,false,Portal,Low
AM-SR-002994,AM-CL-0074,E-0280,Performance Report,2025-05-25T11:58:03.000Z,2025-05-31T11:49:48.000Z,Closed,5,6.05,true,Portal,Medium
AM-SR-002995,AM-CL-0122,E-0276,Onboarding Document,2026-08-01T07:32:11.000Z,2026-08-06T08:49:22.000Z,Closed,7,5.14,false,Email,Medium
AM-SR-002996,AM-CL-0066,E-0278,Fee Invoice Question,2026-02-05T13:58:23.000Z,2026-02-09T14:28:26.000Z,Closed,5,4.86,false,Portal,Medium
AM-SR-002997,AM-CL-0120,E-0279,Performance Report,2025-09-01T09:00:20.000Z,2025-09-04T19:27:54.000Z,Closed,5,3.2,false,Phone,Medium
AM-SR-002998,AM-CL-0009,E-0279,Data Feed Issue,2025-12-10T14:58:19.000Z,2025-12-11T09:06:39.000Z,Closed,2,1.13,false,Phone,High
AM-SR-002999,AM-CL-0060,E-0284,Fee Invoice Question,2024-09-18T11:12:47.000Z,2024-09-19T13:52:19.000Z,Closed,5,1.79,false,Email,High
AM-SR-003000,AM-CL-0064,E-0274,Fee Invoice Question,2026-01-15T10:44:17.000Z,2026-01-18T14:09:48.000Z,Closed,5,3.22,false,Portal,Medium
AM-SR-003001,AM-CL-0097,E-0289,Performance Report,2026-02-21T09:47:36.000Z,2026-02-22T15:39:07.000Z,Closed,5,1.74,false,Portal,Low
AM-SR-003002,AM-CL-0064,E-0274,Performance Report,2025-06-08T10:57:13.000Z,2025-06-12T14:59:26.000Z,Closed,5,4.12,false,Email,Low
AM-SR-003003,AM-CL-0080,E-0275,Cash Movement,2024-11-15T13:23:03.000Z,2024-11-15T15:08:38.000Z,Closed,1,0.34,false,Email,Low
AM-SR-003004,AM-CL-0120,E-0279,Performance Report,2026-04-24T12:54:45.000Z,2026-05-05T11:34:56.000Z,Closed,5,11.53,true,Email,Medium
AM-SR-003005,AM-CL-0092,E-0284,Reconciliation,2026-04-01T19:10:12.000Z,2026-04-02T07:03:48.000Z,Closed,3,1.33,false,Email,Low
AM-SR-003006,AM-CL-0017,E-0281,Reconciliation,2025-09-23T15:20:40.000Z,2025-09-26T09:44:29.000Z,Closed,3,3.75,true,Portal,Low
AM-SR-003007,AM-CL-0024,E-0282,Cash Movement,2026-04-16T12:47:35.000Z,2026-04-16T19:40:05.000Z,Closed,1,0.73,false,Email,Low
AM-SR-003008,AM-CL-0087,E-0290,Performance Report,2025-01-02T17:48:59.000Z,2025-01-02T14:08:01.000Z,Closed,5,0.71,false,Email,Low
AM-SR-003009,AM-CL-0082,E-0275,Reconciliation,2026-08-15T12:53:19.000Z,2026-08-18T18:47:35.000Z,Closed,3,3.87,true,Portal,Medium
AM-SR-003010,AM-CL-0128,E-0286,Reconciliation,2025-04-18T16:42:25.000Z,2025-04-19T16:18:13.000Z,Closed,3,1.83,false,Email,Medium
AM-SR-003011,AM-CL-0004,E-0272,Reconciliation,2025-05-18T13:51:32.000Z,2025-05-19T18:53:35.000Z,Closed,3,1.88,false,Portal,Medium
AM-SR-003012,AM-CL-0030,E-0275,Reconciliation,2026-01-30T12:43:12.000Z,2026-01-31T07:51:05.000Z,Closed,3,1.26,false,Email,Low
AM-SR-003013,AM-CL-0016,E-0269,Performance Report,2026-05-28T16:38:35.000Z,2026-05-31T15:46:43.000Z,Closed,5,3.4,false,Email,Medium
AM-SR-003014,AM-CL-0002,E-0268,Performance Report,2025-10-17T10:28:10.000Z,2025-10-18T07:02:53.000Z,Closed,5,1.21,false,Email,High
AM-SR-003015,AM-CL-0093,E-0275,Reconciliation,2025-07-29T13:43:18.000Z,2025-07-30T14:41:55.000Z,Closed,3,1.17,false,Email,Low
AM-SR-003016,AM-CL-0129,E-0273,Performance Report,2025-04-18T19:46:42.000Z,2025-04-20T14:15:35.000Z,Closed,5,2.71,false,Email,Medium
AM-SR-003017,AM-CL-0083,E-0287,Performance Report,2026-03-10T13:40:23.000Z,2026-03-13T12:28:37.000Z,Closed,5,3.6,false,Email,Low
AM-SR-003018,AM-CL-0046,E-0270,Data Feed Issue,2026-06-17T16:46:53.000Z,2026-06-17T07:07:26.000Z,Closed,2,0.41,false,Portal,Medium
AM-SR-003019,AM-CL-0063,E-0284,Performance Report,2026-03-27T07:42:46.000Z,2026-03-31T10:32:49.000Z,Closed,5,4.11,false,Portal,Medium
AM-SR-003020,AM-CL-0092,E-0284,Onboarding Document,2025-12-02T18:50:41.000Z,2025-12-05T09:52:54.000Z,Closed,7,3.69,false,Email,Low
AM-SR-003021,AM-CL-0068,E-0283,Performance Report,2026-01-31T15:39:05.000Z,2026-02-02T12:20:44.000Z,Closed,5,2.08,false,Email,Low
AM-SR-003022,AM-CL-0043,E-0267,Performance Report,2025-09-02T18:12:45.000Z,2025-09-05T11:19:16.000Z,Closed,5,3.08,false,Email,Medium
AM-SR-003023,AM-CL-0092,E-0284,Fee Invoice Question,2026-05-24T07:06:29.000Z,2026-05-28T07:41:26.000Z,Closed,5,4.78,false,Email,Medium
AM-SR-003024,AM-CL-0073,E-0269,Performance Report,2025-12-23T13:46:38.000Z,2025-12-24T16:29:00.000Z,Closed,5,1.81,false,Email,Low
AM-SR-003025,AM-CL-0015,E-0287,Data Feed Issue,2024-09-07T11:36:33.000Z,2024-09-08T10:33:26.000Z,Closed,2,1.53,false,Portal,Medium
AM-SR-003026,AM-CL-0047,E-0266,Performance Report,2026-03-28T12:29:44.000Z,2026-04-04T19:31:12.000Z,Closed,5,7.75,true,Email,Medium
AM-SR-003027,AM-CL-0033,E-0266,Cash Movement,2025-03-20T15:07:31.000Z,2025-03-20T14:50:13.000Z,Closed,1,0.79,false,Email,Low
AM-SR-003028,AM-CL-0134,E-0281,Performance Report,2025-10-23T17:54:52.000Z,2025-10-30T13:02:33.000Z,Closed,5,7.09,true,Phone,Medium
AM-SR-003029,AM-CL-0012,E-0289,Performance Report,2025-12-22T08:13:02.000Z,2025-12-23T09:29:17.000Z,Closed,5,1.89,false,Email,Low
AM-SR-003030,AM-CL-0050,E-0276,Reconciliation,2025-05-12T12:34:08.000Z,2025-05-15T13:50:42.000Z,Closed,3,3.48,true,Portal,Low
AM-SR-003031,AM-CL-0027,E-0271,Data Feed Issue,2024-09-12T11:55:57.000Z,2024-09-13T19:04:10.000Z,Closed,2,1.34,false,Email,Medium
AM-SR-003032,AM-CL-0022,E-0273,Reconciliation,2025-06-03T19:19:10.000Z,2025-06-06T12:47:15.000Z,Closed,3,3.73,true,Portal,Medium
AM-SR-003033,AM-CL-0125,E-0286,Data Feed Issue,2025-07-07T19:14:22.000Z,2025-07-09T09:43:00.000Z,Closed,2,2.04,true,Portal,Low
AM-SR-003034,AM-CL-0117,E-0289,Compliance Attestation,2026-03-23T16:54:30.000Z,2026-04-09T08:50:30.000Z,Closed,10,17.96,true,Email,High
AM-SR-003035,AM-CL-0071,E-0279,Performance Report,2026-05-30T10:27:36.000Z,2026-05-31T18:14:12.000Z,Closed,5,1.53,false,Portal,Low
AM-SR-003036,AM-CL-0011,E-0271,Performance Report,2025-09-18T07:02:15.000Z,2025-09-21T07:27:33.000Z,Closed,5,3.09,false,Portal,Low
AM-SR-003037,AM-CL-0008,E-0279,Onboarding Document,2025-03-20T12:40:49.000Z,2025-03-22T15:59:09.000Z,Closed,7,2.65,false,Email,High
AM-SR-003038,AM-CL-0006,E-0284,Reconciliation,2024-11-06T09:37:38.000Z,2024-11-07T07:43:12.000Z,Closed,3,1.15,false,Email,Medium
AM-SR-003039,AM-CL-0084,E-0287,Performance Report,2025-10-18T13:45:51.000Z,2025-10-19T11:45:42.000Z,Closed,5,1.23,false,Portal,Low
AM-SR-003040,AM-CL-0020,E-0266,Reconciliation,2025-07-26T18:10:30.000Z,2025-07-27T18:31:59.000Z,Closed,3,1.52,false,Portal,Low
AM-SR-003041,AM-CL-0074,E-0280,Performance Report,2024-09-13T13:42:55.000Z,2024-09-23T10:20:34.000Z,Closed,5,10.63,true,Phone,Medium
AM-SR-003042,AM-CL-0113,E-0270,Cash Movement,2024-09-25T15:07:13.000Z,2024-09-25T11:23:01.000Z,Closed,1,0.38,false,Email,Medium
AM-SR-003043,AM-CL-0037,E-0282,Compliance Attestation,2025-05-20T14:20:57.000Z,2025-05-25T11:33:50.000Z,Closed,10,5.34,false,Phone,Medium
AM-SR-003044,AM-CL-0074,E-0280,Fee Invoice Question,2026-01-21T07:36:04.000Z,2026-01-24T10:43:26.000Z,Closed,5,3.55,false,Phone,Medium
AM-SR-003045,AM-CL-0113,E-0270,Data Feed Issue,2024-10-28T18:05:29.000Z,2024-10-29T14:56:18.000Z,Closed,2,1.2,false,Portal,Medium
AM-SR-003046,AM-CL-0122,E-0276,Onboarding Document,2025-02-11T09:09:41.000Z,2025-02-19T07:03:11.000Z,Closed,7,8.54,true,Portal,High
AM-SR-003047,AM-CL-0050,E-0276,Reconciliation,2025-05-11T17:00:40.000Z,2025-05-13T12:12:55.000Z,Closed,3,2.21,false,Email,Low
AM-SR-003048,AM-CL-0016,E-0269,Performance Report,2026-06-26T10:40:00.000Z,2026-07-01T09:08:59.000Z,Closed,5,5.74,true,Phone,Medium
AM-SR-003049,AM-CL-0121,E-0285,Fee Invoice Question,2026-08-19T18:34:37.000Z,2026-08-22T15:23:51.000Z,Closed,5,3.1,false,Email,Low
AM-SR-003050,AM-CL-0110,E-0286,Performance Report,2025-01-03T17:14:00.000Z,2025-01-07T12:40:59.000Z,Closed,5,4.49,false,Portal,Low
AM-SR-003051,AM-CL-0102,E-0277,Reconciliation,2026-08-06T10:25:07.000Z,2026-08-09T11:49:00.000Z,Closed,3,3.06,true,Email,Medium
AM-SR-003052,AM-CL-0117,E-0289,Performance Report,2026-04-05T17:29:18.000Z,2026-04-07T18:39:56.000Z,Closed,5,2.72,false,Email,High
AM-SR-003053,AM-CL-0016,E-0269,Reconciliation,2026-01-14T16:48:43.000Z,2026-01-16T15:12:22.000Z,Closed,3,2.44,false,Phone,Medium
AM-SR-003054,AM-CL-0137,E-0284,Reconciliation,2025-11-24T08:44:33.000Z,2025-11-30T18:41:03.000Z,Closed,3,6.28,true,Portal,Medium
AM-SR-003055,AM-CL-0097,E-0289,Data Feed Issue,2026-04-23T11:57:53.000Z,2026-04-25T15:17:27.000Z,Closed,2,2.1,true,Email,Medium
AM-SR-003056,AM-CL-0118,E-0274,Reconciliation,2025-01-23T10:12:42.000Z,2025-01-26T19:09:08.000Z,Closed,3,3.21,true,Portal,Low
AM-SR-003057,AM-CL-0055,E-0268,Compliance Attestation,2025-05-27T19:04:01.000Z,2025-05-31T08:44:56.000Z,Closed,10,4.66,false,Email,High
AM-SR-003058,AM-CL-0124,E-0270,Cash Movement,2026-05-07T07:09:31.000Z,2026-05-07T14:39:18.000Z,Closed,1,0.43,false,Email,Medium
AM-SR-003059,AM-CL-0043,E-0267,Onboarding Document,2024-10-26T11:09:55.000Z,2024-11-04T16:27:08.000Z,Closed,7,9.94,true,Portal,Medium
AM-SR-003060,AM-CL-0025,E-0287,Onboarding Document,2024-10-22T12:37:11.000Z,2024-10-27T08:06:52.000Z,Closed,7,5.79,false,Email,Low
AM-SR-003061,AM-CL-0121,E-0285,Reconciliation,2025-08-22T08:18:57.000Z,2025-08-25T17:22:43.000Z,Closed,3,3.92,true,Phone,Low
AM-SR-003062,AM-CL-0027,E-0271,Fee Invoice Question,2025-11-13T07:39:20.000Z,2025-11-15T15:11:10.000Z,Closed,5,2.46,false,Portal,Low
AM-SR-003063,AM-CL-0025,E-0287,Compliance Attestation,2026-01-17T11:16:17.000Z,2026-01-21T19:57:06.000Z,Closed,10,4.97,false,Email,Medium
AM-SR-003064,AM-CL-0029,E-0266,Onboarding Document,2025-01-23T11:11:39.000Z,2025-01-26T14:24:39.000Z,Closed,7,3.65,false,Email,Low
AM-SR-003065,AM-CL-0007,E-0280,Fee Invoice Question,2024-10-01T15:34:38.000Z,2024-10-04T12:04:05.000Z,Closed,5,3.72,false,Phone,Medium
AM-SR-003066,AM-CL-0048,E-0284,Compliance Attestation,2025-05-02T16:46:14.000Z,2025-05-07T12:04:39.000Z,Closed,10,5.27,false,Email,Medium
AM-SR-003067,AM-CL-0092,E-0284,Performance Report,2025-02-25T18:05:34.000Z,2025-03-04T19:45:38.000Z,Closed,5,7.05,true,Email,Low
AM-SR-003068,AM-CL-0008,E-0279,Onboarding Document,2025-12-03T12:24:05.000Z,2025-12-07T13:02:30.000Z,Closed,7,4.84,false,Phone,High
AM-SR-003069,AM-CL-0125,E-0286,Performance Report,2025-08-25T17:33:24.000Z,2025-08-27T19:57:08.000Z,Closed,5,2.94,false,Portal,Medium
AM-SR-003070,AM-CL-0011,E-0271,Performance Report,2025-11-05T12:01:36.000Z,2025-11-08T12:19:54.000Z,Closed,5,3.5,false,Phone,Medium
AM-SR-003071,AM-CL-0098,E-0268,Performance Report,2025-03-20T16:04:16.000Z,2025-03-31T08:54:23.000Z,Closed,5,11.52,true,Email,Medium
AM-SR-003072,AM-CL-0034,E-0271,Performance Report,2025-05-21T19:12:03.000Z,2025-05-26T08:00:51.000Z,Closed,5,5.37,true,Portal,Medium
AM-SR-003073,AM-CL-0139,E-0266,Performance Report,2026-06-30T18:42:54.000Z,2026-07-06T07:04:53.000Z,Closed,5,6.76,true,Portal,High
AM-SR-003074,AM-CL-0130,E-0273,Performance Report,2025-10-30T15:09:55.000Z,2025-11-01T17:50:33.000Z,Closed,5,2.83,false,Email,High
AM-SR-003075,AM-CL-0127,E-0266,Reconciliation,2026-08-31T14:20:21.000Z,,In Progress,3,,true,Portal,Medium
AM-SR-003076,AM-CL-0076,E-0282,Compliance Attestation,2025-08-16T09:37:41.000Z,2025-08-25T16:20:47.000Z,Closed,10,9.01,false,Email,Medium
AM-SR-003077,AM-CL-0075,E-0270,Performance Report,2025-03-16T19:29:23.000Z,2025-03-18T11:15:25.000Z,Closed,5,2.26,false,Phone,Medium
AM-SR-003078,AM-CL-0110,E-0286,Data Feed Issue,2025-03-01T18:23:52.000Z,2025-03-02T08:04:35.000Z,Closed,2,1.46,false,Email,Medium
AM-SR-003079,AM-CL-0043,E-0267,Cash Movement,2024-12-23T14:12:43.000Z,2024-12-23T15:59:06.000Z,Closed,1,0.43,false,Portal,Medium
AM-SR-003080,AM-CL-0108,E-0272,Data Feed Issue,2025-07-22T18:29:36.000Z,2025-07-23T14:57:53.000Z,Closed,2,1.47,false,Portal,Medium
AM-SR-003081,AM-CL-0071,E-0279,Performance Report,2025-09-02T07:55:47.000Z,2025-09-04T07:20:49.000Z,Closed,5,2.89,false,Email,Medium
AM-SR-003082,AM-CL-0029,E-0266,Performance Report,2026-08-26T17:01:08.000Z,2026-08-27T19:18:49.000Z,Closed,5,1.27,false,Email,Medium
AM-SR-003083,AM-CL-0103,E-0289,Reconciliation,2024-09-15T09:01:36.000Z,2024-09-17T17:31:33.000Z,Closed,3,2.25,false,Email,Low
AM-SR-003084,AM-CL-0112,E-0289,Onboarding Document,2026-08-16T13:46:06.000Z,2026-08-19T19:35:46.000Z,Closed,7,3.44,false,Email,Low
AM-SR-003085,AM-CL-0010,E-0275,Reconciliation,2026-05-25T11:45:53.000Z,2026-05-27T12:31:34.000Z,Closed,3,2.79,false,Email,Low
AM-SR-003086,AM-CL-0083,E-0287,Cash Movement,2025-06-10T11:05:41.000Z,2025-06-11T12:03:40.000Z,Closed,1,1.25,true,Email,Medium
AM-SR-003087,AM-CL-0083,E-0287,Performance Report,2025-01-26T17:05:20.000Z,2025-01-31T08:37:12.000Z,Closed,5,5.48,true,Email,Low
AM-SR-003088,AM-CL-0083,E-0287,Performance Report,2026-07-14T07:33:22.000Z,2026-07-15T14:26:43.000Z,Closed,5,1.87,false,Email,Medium
AM-SR-003089,AM-CL-0048,E-0284,Reconciliation,2025-05-30T16:18:19.000Z,2025-05-31T14:47:29.000Z,Closed,3,1.97,false,Email,Low
AM-SR-003090,AM-CL-0060,E-0284,Performance Report,2024-12-21T11:20:26.000Z,2024-12-25T19:46:31.000Z,Closed,5,4.54,false,Portal,Medium
AM-SR-003091,AM-CL-0062,E-0278,Performance Report,2024-10-05T13:10:37.000Z,2024-10-08T13:32:20.000Z,Closed,5,3.86,false,Phone,Medium
AM-SR-003092,AM-CL-0122,E-0276,Fee Invoice Question,2025-05-19T11:20:55.000Z,2025-05-24T13:34:40.000Z,Closed,5,5.21,true,Email,High
AM-SR-003093,AM-CL-0059,E-0273,Performance Report,2025-10-02T11:13:54.000Z,2025-10-06T10:17:57.000Z,Closed,5,4.84,false,Portal,Low
AM-SR-003094,AM-CL-0113,E-0270,Fee Invoice Question,2026-02-18T11:59:31.000Z,2026-02-22T12:29:14.000Z,Closed,5,4.22,false,Email,Medium
AM-SR-003095,AM-CL-0023,E-0285,Onboarding Document,2026-07-29T08:20:17.000Z,2026-08-09T09:28:01.000Z,Closed,7,11.69,true,Email,High
AM-SR-003096,AM-CL-0079,E-0270,Fee Invoice Question,2026-07-28T17:28:17.000Z,2026-08-03T11:49:57.000Z,Closed,5,6.72,true,Portal,Low
AM-SR-003097,AM-CL-0072,E-0286,Compliance Attestation,2025-07-10T19:38:14.000Z,2025-07-20T15:33:51.000Z,Closed,10,10.98,true,Email,Medium
AM-SR-003098,AM-CL-0098,E-0268,Performance Report,2025-05-18T14:54:23.000Z,2025-05-19T11:55:54.000Z,Closed,5,1.11,false,Portal,Medium
AM-SR-003099,AM-CL-0115,E-0274,Compliance Attestation,2026-01-25T18:11:01.000Z,2026-01-31T17:56:44.000Z,Closed,10,6.18,false,Phone,Medium
AM-SR-003100,AM-CL-0042,E-0286,Compliance Attestation,2025-10-25T14:47:07.000Z,2025-11-01T15:04:13.000Z,Closed,10,7.67,false,Email,Low
AM-SR-003101,AM-CL-0108,E-0272,Performance Report,2026-04-16T15:21:13.000Z,2026-04-18T11:41:08.000Z,Closed,5,2.78,false,Portal,Medium
AM-SR-003102,AM-CL-0036,E-0267,Reconciliation,2024-12-24T09:42:01.000Z,2024-12-27T15:55:53.000Z,Closed,3,3.6,true,Portal,Medium
AM-SR-003103,AM-CL-0108,E-0272,Fee Invoice Question,2026-01-04T14:13:28.000Z,2026-01-07T19:09:42.000Z,Closed,5,3.06,false,Portal,Low
AM-SR-003104,AM-CL-0015,E-0287,Reconciliation,2026-04-22T16:29:07.000Z,2026-04-23T07:22:08.000Z,Closed,3,1.45,false,Email,Medium
AM-SR-003105,AM-CL-0027,E-0271,Performance Report,2025-05-17T07:42:41.000Z,2025-05-18T19:46:53.000Z,Closed,5,1.76,false,Phone,High
AM-SR-003106,AM-CL-0050,E-0276,Cash Movement,2025-03-19T08:30:46.000Z,2025-03-19T08:00:57.000Z,Closed,1,0.43,false,Portal,Low
AM-SR-003107,AM-CL-0108,E-0272,Data Feed Issue,2026-07-25T16:18:33.000Z,2026-07-25T08:57:36.000Z,Closed,2,0.86,false,Portal,Low
AM-SR-003108,AM-CL-0129,E-0273,Compliance Attestation,2025-06-07T18:20:04.000Z,2025-06-14T09:50:45.000Z,Closed,10,7.3,false,Email,Medium
AM-SR-003109,AM-CL-0061,E-0290,Reconciliation,2024-10-14T14:17:29.000Z,2024-10-15T12:32:56.000Z,Closed,3,1.81,false,Portal,Low
AM-SR-003110,AM-CL-0059,E-0273,Performance Report,2026-03-01T09:08:43.000Z,2026-03-12T07:02:52.000Z,Closed,5,11.62,true,Portal,High
AM-SR-003111,AM-CL-0027,E-0271,Fee Invoice Question,2025-05-10T14:00:27.000Z,2025-05-25T12:18:37.000Z,Closed,5,15.26,true,Portal,Low
AM-SR-003112,AM-CL-0121,E-0285,Performance Report,2026-03-01T09:58:22.000Z,2026-03-04T12:48:21.000Z,Closed,5,3.44,false,Phone,Medium
AM-SR-003113,AM-CL-0103,E-0289,Performance Report,2024-09-20T18:21:33.000Z,2024-09-20T09:17:04.000Z,Closed,5,0.91,false,Phone,Low
AM-SR-003114,AM-CL-0122,E-0276,Compliance Attestation,2025-11-07T15:51:22.000Z,2025-11-14T13:28:09.000Z,Closed,10,7.16,false,Email,Medium
AM-SR-003115,AM-CL-0013,E-0277,Performance Report,2026-03-27T13:56:56.000Z,2026-03-28T14:32:09.000Z,Closed,5,1.57,false,Email,Medium
AM-SR-003116,AM-CL-0137,E-0284,Cash Movement,2026-04-03T09:40:05.000Z,2026-04-03T11:09:42.000Z,Closed,1,0.41,false,Email,Low
AM-SR-003117,AM-CL-0027,E-0271,Onboarding Document,2026-05-29T18:47:21.000Z,2026-06-02T12:38:21.000Z,Closed,7,4.8,false,Portal,Medium
AM-SR-003118,AM-CL-0016,E-0269,Onboarding Document,2025-07-03T07:37:02.000Z,2025-07-10T18:38:45.000Z,Closed,7,7.06,true,Phone,Low
AM-SR-003119,AM-CL-0029,E-0266,Fee Invoice Question,2024-10-18T12:22:27.000Z,2024-10-21T09:15:16.000Z,Closed,5,3.91,false,Portal,Medium
AM-SR-003120,AM-CL-0112,E-0289,Compliance Attestation,2026-01-19T16:38:10.000Z,2026-02-01T10:05:05.000Z,Closed,10,13.88,true,Portal,High
AM-SR-003121,AM-CL-0127,E-0266,Fee Invoice Question,2026-01-19T09:02:43.000Z,2026-01-21T15:21:17.000Z,Closed,5,2.5,false,Portal,Low
AM-SR-003122,AM-CL-0118,E-0274,Cash Movement,2025-01-23T15:10:59.000Z,2025-01-23T19:45:44.000Z,Closed,1,0.78,false,Email,Low
AM-SR-003123,AM-CL-0084,E-0287,Onboarding Document,2025-07-06T19:53:52.000Z,2025-07-11T13:56:26.000Z,Closed,7,5.57,false,Portal,Medium
AM-SR-003124,AM-CL-0113,E-0270,Performance Report,2026-04-22T19:22:36.000Z,2026-04-24T09:39:36.000Z,Closed,5,2.98,false,Email,Low
AM-SR-003125,AM-CL-0070,E-0282,Onboarding Document,2026-04-10T10:58:00.000Z,2026-04-16T16:41:59.000Z,Closed,7,6.55,false,Email,Medium
AM-SR-003126,AM-CL-0028,E-0279,Data Feed Issue,2024-10-16T12:06:37.000Z,2024-10-16T19:00:52.000Z,Closed,2,0.47,false,Phone,Medium
AM-SR-003127,AM-CL-0021,E-0286,Compliance Attestation,2025-12-06T13:48:28.000Z,2025-12-10T09:33:27.000Z,Closed,10,4.87,false,Email,Low
AM-SR-003128,AM-CL-0080,E-0275,Reconciliation,2024-11-29T12:11:38.000Z,2024-12-02T12:34:13.000Z,Closed,3,3.15,true,Email,Low
AM-SR-003129,AM-CL-0066,E-0278,Fee Invoice Question,2025-07-04T13:30:14.000Z,2025-07-10T17:42:42.000Z,Closed,5,6.17,true,Portal,Medium
AM-SR-003130,AM-CL-0112,E-0289,Data Feed Issue,2025-03-01T12:08:40.000Z,2025-03-03T14:43:39.000Z,Closed,2,2.03,true,Email,Medium
AM-SR-003131,AM-CL-0107,E-0281,Performance Report,2025-02-08T08:15:30.000Z,2025-02-10T11:35:25.000Z,Closed,5,2.89,false,Email,Low
AM-SR-003132,AM-CL-0078,E-0278,Cash Movement,2026-08-14T19:07:29.000Z,2026-08-15T12:52:02.000Z,Closed,1,1.0,true,Email,Low
AM-SR-003133,AM-CL-0120,E-0279,Fee Invoice Question,2024-09-05T16:53:18.000Z,2024-09-11T09:21:05.000Z,Closed,5,6.32,true,Email,Low
AM-SR-003134,AM-CL-0120,E-0279,Performance Report,2026-02-25T18:23:37.000Z,2026-03-06T11:59:15.000Z,Closed,5,9.34,true,Email,Medium
AM-SR-003135,AM-CL-0070,E-0282,Performance Report,2026-01-28T17:35:10.000Z,2026-02-05T13:55:48.000Z,Closed,5,8.6,true,Email,Medium
AM-SR-003136,AM-CL-0071,E-0279,Performance Report,2024-11-10T14:14:00.000Z,2024-11-16T08:50:35.000Z,Closed,5,6.87,true,Email,Medium
AM-SR-003137,AM-CL-0020,E-0266,Reconciliation,2024-12-17T19:54:39.000Z,2024-12-18T10:40:23.000Z,Closed,3,1.3,false,Email,Low
AM-SR-003138,AM-CL-0011,E-0271,Data Feed Issue,2026-06-20T16:41:02.000Z,2026-06-23T18:43:55.000Z,Closed,2,3.96,true,Email,Low
AM-SR-003139,AM-CL-0135,E-0287,Reconciliation,2024-11-11T17:52:57.000Z,2024-11-14T11:26:21.000Z,Closed,3,3.01,true,Email,Medium
AM-SR-003140,AM-CL-0013,E-0277,Reconciliation,2025-09-12T16:26:54.000Z,2025-09-13T11:29:52.000Z,Closed,3,1.42,false,Email,Low
AM-SR-003141,AM-CL-0004,E-0272,Performance Report,2025-06-03T10:24:28.000Z,2025-06-05T19:36:54.000Z,Closed,5,2.06,false,Email,Low
AM-SR-003142,AM-CL-0035,E-0267,Onboarding Document,2025-09-23T14:46:24.000Z,2025-09-27T19:23:34.000Z,Closed,7,4.72,false,Portal,Low
AM-SR-003143,AM-CL-0130,E-0273,Cash Movement,2026-02-02T19:28:38.000Z,2026-02-02T07:30:32.000Z,Closed,1,0.32,false,Email,Low
AM-SR-003144,AM-CL-0020,E-0266,Performance Report,2026-01-18T07:22:20.000Z,2026-01-20T12:57:44.000Z,Closed,5,2.22,false,Email,Low
AM-SR-003145,AM-CL-0127,E-0266,Cash Movement,2025-03-07T14:01:01.000Z,2025-03-07T12:14:42.000Z,Closed,1,0.53,false,Email,Low
AM-SR-003146,AM-CL-0043,E-0267,Performance Report,2025-05-11T12:18:45.000Z,2025-05-16T19:24:03.000Z,Closed,5,5.25,true,Email,Medium
AM-SR-003147,AM-CL-0091,E-0285,Onboarding Document,2025-11-11T16:08:34.000Z,2025-11-14T14:22:10.000Z,Closed,7,3.65,false,Phone,Medium
AM-SR-003148,AM-CL-0008,E-0279,Performance Report,2025-10-28T12:05:10.000Z,2025-11-03T10:13:37.000Z,Closed,5,6.23,true,Email,Medium
AM-SR-003149,AM-CL-0120,E-0279,Performance Report,2026-03-29T14:21:29.000Z,2026-04-02T07:14:53.000Z,Closed,5,4.28,false,Phone,Low
AM-SR-003150,AM-CL-0115,E-0274,Fee Invoice Question,2024-09-27T11:03:33.000Z,2024-10-01T12:50:44.000Z,Closed,5,4.16,false,Portal,Low
AM-SR-003151,AM-CL-0045,E-0269,Compliance Attestation,2026-03-25T08:11:19.000Z,2026-04-02T08:26:39.000Z,Closed,10,8.78,false,Email,Medium
AM-SR-003152,AM-CL-0107,E-0281,Reconciliation,2025-07-19T09:11:39.000Z,2025-07-20T08:57:53.000Z,Closed,3,1.71,false,Portal,High
AM-SR-003153,AM-CL-0137,E-0284,Performance Report,2026-06-19T18:10:31.000Z,2026-06-22T14:13:21.000Z,Closed,5,3.74,false,Portal,Low
AM-SR-003154,AM-CL-0135,E-0287,Fee Invoice Question,2024-10-14T17:07:40.000Z,2024-10-22T16:18:28.000Z,Closed,5,8.6,true,Phone,Low
AM-SR-003155,AM-CL-0097,E-0289,Performance Report,2024-09-26T10:52:57.000Z,2024-09-27T16:44:51.000Z,Closed,5,1.05,false,Email,Low
AM-SR-003156,AM-CL-0130,E-0273,Reconciliation,2025-07-30T07:09:09.000Z,2025-07-30T07:13:27.000Z,Closed,3,0.73,false,Email,Low
AM-SR-003157,AM-CL-0032,E-0279,Fee Invoice Question,2026-06-04T10:25:47.000Z,2026-06-08T13:15:20.000Z,Closed,5,4.79,false,Email,Low
AM-SR-003158,AM-CL-0028,E-0279,Onboarding Document,2025-06-22T18:59:48.000Z,2025-07-06T07:03:19.000Z,Closed,7,14.06,true,Email,Medium
AM-SR-003159,AM-CL-0104,E-0279,Performance Report,2025-05-16T13:15:23.000Z,2025-05-17T09:56:51.000Z,Closed,5,1.41,false,Email,Medium
AM-SR-003160,AM-CL-0018,E-0266,Compliance Attestation,2025-03-28T08:00:57.000Z,2025-04-07T12:42:04.000Z,Closed,10,10.27,true,Email,Medium
AM-SR-003161,AM-CL-0137,E-0284,Reconciliation,2026-02-18T17:58:50.000Z,2026-02-19T16:48:16.000Z,Closed,3,1.83,false,Email,Medium
AM-SR-003162,AM-CL-0088,E-0271,Performance Report,2024-12-06T19:22:19.000Z,2024-12-09T10:23:06.000Z,Closed,5,3.53,false,Email,Medium
AM-SR-003163,AM-CL-0073,E-0269,Reconciliation,2025-05-01T10:58:28.000Z,2025-05-02T07:32:51.000Z,Closed,3,1.72,false,Email,Medium
AM-SR-003164,AM-CL-0097,E-0289,Performance Report,2025-07-23T10:32:09.000Z,2025-07-27T11:06:22.000Z,Closed,5,4.32,false,Email,Medium
AM-SR-003165,AM-CL-0001,E-0279,Performance Report,2025-02-19T11:37:43.000Z,2025-02-22T18:06:37.000Z,Closed,5,3.54,false,Email,Medium
AM-SR-003166,AM-CL-0043,E-0267,Performance Report,2025-01-15T09:03:20.000Z,2025-01-20T17:59:35.000Z,Closed,5,5.99,true,Email,Medium
AM-SR-003167,AM-CL-0078,E-0278,Performance Report,2024-11-20T15:32:08.000Z,2024-11-24T15:15:24.000Z,Closed,5,4.8,false,Email,Low
AM-SR-003168,AM-CL-0018,E-0266,Fee Invoice Question,2026-06-15T12:05:15.000Z,2026-06-21T09:11:28.000Z,Closed,5,6.55,true,Email,Low
AM-SR-003169,AM-CL-0048,E-0284,Fee Invoice Question,2025-10-05T16:54:45.000Z,2025-10-09T10:26:19.000Z,Closed,5,4.99,false,Email,Low
AM-SR-003170,AM-CL-0110,E-0286,Performance Report,2025-03-11T11:57:15.000Z,2025-03-12T17:45:27.000Z,Closed,5,1.57,false,Portal,Medium
AM-SR-003171,AM-CL-0033,E-0266,Performance Report,2025-09-20T11:08:00.000Z,2025-09-26T12:51:40.000Z,Closed,5,6.7,true,Phone,Medium
AM-SR-003172,AM-CL-0113,E-0270,Reconciliation,2025-07-05T11:49:44.000Z,2025-07-19T13:13:12.000Z,Closed,3,14.33,true,Email,Medium
AM-SR-003173,AM-CL-0042,E-0286,Performance Report,2025-06-11T19:20:43.000Z,2025-06-15T17:12:55.000Z,Closed,5,4.07,false,Email,Medium
AM-SR-003174,AM-CL-0016,E-0269,Cash Movement,2025-06-16T18:25:32.000Z,2025-06-17T09:08:04.000Z,Closed,1,1.3,true,Portal,Low
AM-SR-003175,AM-CL-0018,E-0266,Cash Movement,2025-07-16T07:08:14.000Z,2025-07-16T13:17:52.000Z,Closed,1,0.76,false,Portal,High
AM-SR-003176,AM-CL-0128,E-0286,Performance Report,2026-02-07T16:03:58.000Z,2026-02-08T13:48:24.000Z,Closed,5,1.89,false,Email,Low
AM-SR-003177,AM-CL-0125,E-0286,Performance Report,2025-03-26T11:17:09.000Z,2025-03-29T13:14:13.000Z,Closed,5,3.73,false,Email,Low
AM-SR-003178,AM-CL-0069,E-0274,Reconciliation,2025-04-13T12:43:14.000Z,2025-04-14T15:40:36.000Z,Closed,3,1.09,false,Email,Low
AM-SR-003179,AM-CL-0101,E-0289,Fee Invoice Question,2026-08-18T12:31:37.000Z,2026-08-21T16:48:06.000Z,Closed,5,3.15,false,Portal,Medium
AM-SR-003180,AM-CL-0072,E-0286,Reconciliation,2025-02-28T09:30:53.000Z,2025-03-02T15:53:05.000Z,Closed,3,2.78,false,Portal,High
AM-SR-003181,AM-CL-0070,E-0282,Reconciliation,2024-12-04T13:18:25.000Z,2024-12-05T08:19:54.000Z,Closed,3,1.49,false,Email,Low
AM-SR-003182,AM-CL-0058,E-0280,Cash Movement,2025-11-12T10:07:23.000Z,2025-11-12T08:05:37.000Z,Closed,1,0.42,false,Email,Medium
AM-SR-003183,AM-CL-0111,E-0270,Cash Movement,2026-04-04T12:03:06.000Z,2026-04-05T19:56:22.000Z,Closed,1,1.46,true,Email,Low
AM-SR-003184,AM-CL-0013,E-0277,Cash Movement,2026-03-05T07:40:19.000Z,2026-03-06T07:53:16.000Z,Closed,1,1.1,true,Portal,Low
AM-SR-003185,AM-CL-0082,E-0275,Data Feed Issue,2026-05-27T19:08:58.000Z,2026-05-29T13:33:45.000Z,Closed,2,2.36,true,Portal,Low
AM-SR-003186,AM-CL-0102,E-0277,Cash Movement,2025-12-29T12:14:45.000Z,2025-12-30T18:31:35.000Z,Closed,1,1.15,true,Email,High
AM-SR-003187,AM-CL-0045,E-0269,Cash Movement,2024-09-20T09:12:33.000Z,2024-09-21T10:57:59.000Z,Closed,1,1.12,true,Email,Medium
AM-SR-003188,AM-CL-0132,E-0273,Data Feed Issue,2025-04-23T13:32:49.000Z,2025-04-24T09:19:15.000Z,Closed,2,1.25,false,Email,Low
AM-SR-003189,AM-CL-0099,E-0279,Fee Invoice Question,2026-07-03T14:51:24.000Z,2026-07-09T11:46:33.000Z,Closed,5,6.44,true,Portal,High
AM-SR-003190,AM-CL-0123,E-0272,Reconciliation,2025-04-22T16:32:12.000Z,2025-04-22T18:58:57.000Z,Closed,3,0.69,false,Email,Medium
AM-SR-003191,AM-CL-0002,E-0268,Data Feed Issue,2026-04-12T12:01:37.000Z,2026-04-14T14:11:54.000Z,Closed,2,2.08,true,Email,Medium
AM-SR-003192,AM-CL-0091,E-0285,Onboarding Document,2026-02-04T15:38:16.000Z,2026-02-09T11:56:15.000Z,Closed,7,5.93,false,Portal,Medium
AM-SR-003193,AM-CL-0136,E-0287,Reconciliation,2025-07-19T07:14:01.000Z,2025-07-22T08:43:18.000Z,Closed,3,3.34,true,Portal,Medium
AM-SR-003194,AM-CL-0023,E-0285,Cash Movement,2026-04-10T14:17:52.000Z,2026-04-10T13:00:57.000Z,Closed,1,0.61,false,Email,Low
AM-SR-003195,AM-CL-0073,E-0269,Performance Report,2026-07-10T19:29:55.000Z,2026-07-14T17:14:31.000Z,Closed,5,4.47,false,Phone,Medium
AM-SR-003196,AM-CL-0117,E-0289,Performance Report,2025-01-07T13:44:38.000Z,2025-01-08T19:23:08.000Z,Closed,5,1.05,false,Portal,Medium
AM-SR-003197,AM-CL-0075,E-0270,Onboarding Document,2026-02-21T14:13:53.000Z,2026-02-25T13:51:05.000Z,Closed,7,4.09,false,Email,Low
AM-SR-003198,AM-CL-0017,E-0281,Performance Report,2025-05-31T18:26:35.000Z,2025-06-07T14:07:22.000Z,Closed,5,7.2,true,Email,Low
AM-SR-003199,AM-CL-0112,E-0289,Fee Invoice Question,2026-05-16T09:44:09.000Z,2026-05-18T17:01:52.000Z,Closed,5,2.65,false,Email,Medium
AM-SR-003200,AM-CL-0027,E-0271,Performance Report,2025-07-22T15:41:37.000Z,2025-07-24T14:55:17.000Z,Closed,5,2.94,false,Portal,Medium
